ISO-10303-21;
HEADER;
/* Generated by software containing ST-Developer
 * from STEP Tools, Inc. (www.steptools.com) 
 */

FILE_DESCRIPTION(
/* description */ (''),
/* implementation_level */ '2;1');

FILE_NAME(
/* name */ 'Chassis - 11.step',
/* time_stamp */ '2026-08-11T11:13:08-04:00',
/* author */ (''),
/* organization */ (''),
/* preprocessor_version */ 'ST-DEVELOPER v20.1',
/* originating_system */ 'Autodesk Translation Framework v15.8.0.0',
/* authorisation */ '');

FILE_SCHEMA (('AUTOMOTIVE_DESIGN { 1 0 10303 214 3 1 1 }'));
ENDSEC;

DATA;
#10=MECHANICAL_DESIGN_GEOMETRIC_PRESENTATION_REPRESENTATION('',(#15,#16),
#9266);
#11=SHAPE_REPRESENTATION_RELATIONSHIP('SRR','None',#9273,#12);
#12=ADVANCED_BREP_SHAPE_REPRESENTATION('',(#17,#18),#9265);
#13=CONICAL_SURFACE('',#5811,2.25,0.0996686524911618);
#14=CONICAL_SURFACE('',#5815,2.25,0.0996686524911618);
#15=STYLED_ITEM('',(#9282),#17);
#16=STYLED_ITEM('',(#9282),#18);
#17=MANIFOLD_SOLID_BREP('Chassis',#5388);
#18=MANIFOLD_SOLID_BREP('Roof',#5389);
#19=ELLIPSE('',#5666,0.707106781186548,0.5);
#20=ELLIPSE('',#5669,0.707106781186548,0.5);
#21=SPHERICAL_SURFACE('',#5560,2.5);
#22=SPHERICAL_SURFACE('',#5566,2.5);
#23=SPHERICAL_SURFACE('',#5836,2.5);
#24=SPHERICAL_SURFACE('',#5842,2.5);
#25=(
BOUNDED_CURVE()
B_SPLINE_CURVE(2,(#7776,#7777,#7778),.UNSPECIFIED.,.F.,.F.)
B_SPLINE_CURVE_WITH_KNOTS((3,3),(-1.5707963267949,-0.927428575437753),
 .UNSPECIFIED.)
CURVE()
GEOMETRIC_REPRESENTATION_ITEM()
RATIONAL_B_SPLINE_CURVE((1.,0.948088441479414,0.998746325407627))
REPRESENTATION_ITEM('')
);
#26=(
BOUNDED_SURFACE()
B_SPLINE_SURFACE(2,2,((#7747,#7748,#7749,#7750,#7751,#7752,#7753,#7754,
#7755),(#7756,#7757,#7758,#7759,#7760,#7761,#7762,#7763,#7764),(#7765,#7766,
#7767,#7768,#7769,#7770,#7771,#7772,#7773)),.UNSPECIFIED.,.F.,.T.,.F.)
B_SPLINE_SURFACE_WITH_KNOTS((3,3),(3,2,2,2,3),(0.919564890268252,1.5707963267949),
(-3.14159265358979,-1.5707963267949,0.,1.5707963267949,3.14159265358979),
 .UNSPECIFIED.)
GEOMETRIC_REPRESENTATION_ITEM()
RATIONAL_B_SPLINE_SURFACE(((1.,0.707106781186548,1.,0.707106781186548,1.,
0.707106781186548,1.,0.707106781186548,1.),(0.947453942544702,0.669951107635288,
0.947453942544702,0.669951107635288,0.947453942544702,0.669951107635288,
0.947453942544702,0.669951107635288,0.947453942544702),(1.,0.707106781186548,
1.,0.707106781186548,1.,0.707106781186548,1.,0.707106781186548,1.)))
REPRESENTATION_ITEM('')
SURFACE()
);
#27=(
BOUNDED_SURFACE()
B_SPLINE_SURFACE(2,2,((#7785,#7786,#7787,#7788,#7789,#7790,#7791,#7792,
#7793),(#7794,#7795,#7796,#7797,#7798,#7799,#7800,#7801,#7802),(#7803,#7804,
#7805,#7806,#7807,#7808,#7809,#7810,#7811)),.UNSPECIFIED.,.F.,.T.,.F.)
B_SPLINE_SURFACE_WITH_KNOTS((3,3),(3,2,2,2,3),(0.927295218001612,1.5707963267949),
(-3.14159265358979,-1.5707963267949,0.,1.5707963267949,3.14159265358979),
 .UNSPECIFIED.)
GEOMETRIC_REPRESENTATION_ITEM()
RATIONAL_B_SPLINE_SURFACE(((1.,0.707106781186548,1.,0.707106781186548,1.,
0.707106781186548,1.,0.707106781186548,1.),(0.948683298050514,0.670820393249937,
0.948683298050514,0.670820393249937,0.948683298050514,0.670820393249937,
0.948683298050514,0.670820393249937,0.948683298050514),(1.,0.707106781186548,
1.,0.707106781186548,1.,0.707106781186548,1.,0.707106781186548,1.)))
REPRESENTATION_ITEM('')
SURFACE()
);
#28=(
BOUNDED_SURFACE()
B_SPLINE_SURFACE(2,2,((#8373,#8374,#8375),(#8376,#8377,#8378),(#8379,#8380,
#8381)),.UNSPECIFIED.,.F.,.F.,.F.)
B_SPLINE_SURFACE_WITH_KNOTS((3,3),(3,3),(-1.5707963267949,0.),(-1.5707963267949,
0.),.UNSPECIFIED.)
GEOMETRIC_REPRESENTATION_ITEM()
RATIONAL_B_SPLINE_SURFACE(((1.,0.707106781186548,1.),(0.707106781186546,
0.499999999999999,0.707106781186546),(1.,0.707106781186548,1.)))
REPRESENTATION_ITEM('')
SURFACE()
);
#29=(
BOUNDED_SURFACE()
B_SPLINE_SURFACE(2,2,((#8389,#8390,#8391),(#8392,#8393,#8394),(#8395,#8396,
#8397)),.UNSPECIFIED.,.F.,.F.,.F.)
B_SPLINE_SURFACE_WITH_KNOTS((3,3),(3,3),(-1.5707963267949,0.),(-3.14159265358979,
-1.5707963267949),.UNSPECIFIED.)
GEOMETRIC_REPRESENTATION_ITEM()
RATIONAL_B_SPLINE_SURFACE(((1.,0.707106781186548,1.),(0.707106781186546,
0.499999999999999,0.707106781186546),(1.,0.707106781186548,1.)))
REPRESENTATION_ITEM('')
SURFACE()
);
#30=(
BOUNDED_SURFACE()
B_SPLINE_SURFACE(2,2,((#8985,#8986,#8987),(#8988,#8989,#8990),(#8991,#8992,
#8993)),.UNSPECIFIED.,.F.,.F.,.F.)
B_SPLINE_SURFACE_WITH_KNOTS((3,3),(3,3),(-3.22973970800046E-15,0.0996686524911617),
(1.5707963267949,3.14159265358979),.UNSPECIFIED.)
GEOMETRIC_REPRESENTATION_ITEM()
RATIONAL_B_SPLINE_SURFACE(((1.,0.707106781186548,1.),(0.998758526924834,
0.706228927156437,0.998758526924834),(1.,0.707106781186548,1.)))
REPRESENTATION_ITEM('')
SURFACE()
);
#31=(
BOUNDED_SURFACE()
B_SPLINE_SURFACE(2,2,((#9038,#9039,#9040),(#9041,#9042,#9043),(#9044,#9045,
#9046)),.UNSPECIFIED.,.F.,.F.,.F.)
B_SPLINE_SURFACE_WITH_KNOTS((3,3),(3,3),(-3.22973970800046E-15,0.0996686524911617),
(0.,1.5707963267949),.UNSPECIFIED.)
GEOMETRIC_REPRESENTATION_ITEM()
RATIONAL_B_SPLINE_SURFACE(((1.,0.707106781186548,1.),(0.998758526924834,
0.706228927156437,0.998758526924834),(1.,0.707106781186548,1.)))
REPRESENTATION_ITEM('')
SURFACE()
);
#32=FACE_BOUND('',#729,.T.);
#33=FACE_BOUND('',#730,.T.);
#34=FACE_BOUND('',#731,.T.);
#35=FACE_BOUND('',#739,.T.);
#36=FACE_BOUND('',#784,.T.);
#37=FACE_BOUND('',#785,.T.);
#38=FACE_BOUND('',#787,.T.);
#39=FACE_BOUND('',#788,.T.);
#40=FACE_BOUND('',#789,.T.);
#41=FACE_BOUND('',#791,.T.);
#42=FACE_BOUND('',#792,.T.);
#43=FACE_BOUND('',#793,.T.);
#44=FACE_BOUND('',#794,.T.);
#45=FACE_BOUND('',#801,.T.);
#46=FACE_BOUND('',#802,.T.);
#47=FACE_BOUND('',#805,.T.);
#48=FACE_BOUND('',#806,.T.);
#49=FACE_BOUND('',#807,.T.);
#50=FACE_BOUND('',#808,.T.);
#51=FACE_BOUND('',#811,.T.);
#52=FACE_BOUND('',#812,.T.);
#53=FACE_BOUND('',#813,.T.);
#54=FACE_BOUND('',#814,.T.);
#55=FACE_BOUND('',#816,.T.);
#56=FACE_BOUND('',#817,.T.);
#57=FACE_BOUND('',#821,.T.);
#58=FACE_BOUND('',#822,.T.);
#59=FACE_BOUND('',#823,.T.);
#60=FACE_BOUND('',#824,.T.);
#61=FACE_BOUND('',#835,.T.);
#62=FACE_BOUND('',#836,.T.);
#63=FACE_BOUND('',#837,.T.);
#64=FACE_BOUND('',#838,.T.);
#65=FACE_BOUND('',#893,.T.);
#66=FACE_BOUND('',#896,.T.);
#67=FACE_BOUND('',#899,.T.);
#68=FACE_BOUND('',#915,.T.);
#69=FACE_BOUND('',#918,.T.);
#70=FACE_BOUND('',#921,.T.);
#71=FACE_BOUND('',#928,.T.);
#72=FACE_BOUND('',#931,.T.);
#73=FACE_BOUND('',#934,.T.);
#74=FACE_BOUND('',#951,.T.);
#75=FACE_BOUND('',#953,.T.);
#76=FACE_BOUND('',#987,.T.);
#77=FACE_BOUND('',#997,.T.);
#78=FACE_BOUND('',#998,.T.);
#79=FACE_BOUND('',#999,.T.);
#80=TOROIDAL_SURFACE('',#5459,4.35424868893541,1.);
#81=TOROIDAL_SURFACE('',#5470,4.35424868893541,1.);
#82=TOROIDAL_SURFACE('',#5677,10.5,0.5);
#83=TOROIDAL_SURFACE('',#5704,9.5,5.);
#84=TOROIDAL_SURFACE('',#5707,9.5,5.);
#85=CIRCLE('',#5416,1.);
#86=CIRCLE('',#5417,1.);
#87=CIRCLE('',#5420,1.);
#88=CIRCLE('',#5421,1.);
#89=CIRCLE('',#5424,1.);
#90=CIRCLE('',#5425,1.);
#91=CIRCLE('',#5428,1.);
#92=CIRCLE('',#5429,1.);
#93=CIRCLE('',#5432,2.6);
#94=CIRCLE('',#5433,2.6);
#95=CIRCLE('',#5435,2.6);
#96=CIRCLE('',#5436,2.6);
#97=CIRCLE('',#5438,2.6);
#98=CIRCLE('',#5439,2.6);
#99=CIRCLE('',#5441,2.6);
#100=CIRCLE('',#5442,2.6);
#101=CIRCLE('',#5446,5.);
#102=CIRCLE('',#5447,5.);
#103=CIRCLE('',#5450,5.);
#104=CIRCLE('',#5451,5.);
#105=CIRCLE('',#5454,5.);
#106=CIRCLE('',#5455,5.);
#107=CIRCLE('',#5457,5.);
#108=CIRCLE('',#5458,5.);
#109=CIRCLE('',#5460,1.);
#110=CIRCLE('',#5461,3.75424868893541);
#111=CIRCLE('',#5462,3.75424868893541);
#112=CIRCLE('',#5463,1.);
#113=CIRCLE('',#5464,4.35424868893541);
#114=CIRCLE('',#5466,2.5);
#115=CIRCLE('',#5467,2.5);
#116=CIRCLE('',#5468,4.35424868893541);
#117=CIRCLE('',#5469,1.35424868893541);
#118=CIRCLE('',#5471,3.75424868893541);
#119=CIRCLE('',#5472,3.75424868893541);
#120=CIRCLE('',#5473,1.);
#121=CIRCLE('',#5474,1.35424868893541);
#122=CIRCLE('',#5475,4.);
#123=CIRCLE('',#5480,12.5);
#124=CIRCLE('',#5481,12.5);
#125=CIRCLE('',#5482,20.);
#126=CIRCLE('',#5483,20.);
#127=CIRCLE('',#5484,12.5);
#128=CIRCLE('',#5485,20.);
#129=CIRCLE('',#5486,20.);
#130=CIRCLE('',#5487,12.5);
#131=CIRCLE('',#5488,20.);
#132=CIRCLE('',#5489,20.);
#133=CIRCLE('',#5490,20.);
#134=CIRCLE('',#5491,20.);
#135=CIRCLE('',#5498,2.5);
#136=CIRCLE('',#5499,2.5);
#137=CIRCLE('',#5502,2.5);
#138=CIRCLE('',#5503,2.5);
#139=CIRCLE('',#5506,2.5);
#140=CIRCLE('',#5507,2.5);
#141=CIRCLE('',#5510,2.5);
#142=CIRCLE('',#5511,2.5);
#143=CIRCLE('',#5514,2.5);
#144=CIRCLE('',#5515,2.5);
#145=CIRCLE('',#5516,2.5);
#146=CIRCLE('',#5517,2.5);
#147=CIRCLE('',#5518,2.5);
#148=CIRCLE('',#5520,2.5);
#149=CIRCLE('',#5522,2.5);
#150=CIRCLE('',#5525,2.5);
#151=CIRCLE('',#5528,2.5);
#152=CIRCLE('',#5529,2.5);
#153=CIRCLE('',#5532,2.5);
#154=CIRCLE('',#5533,2.5);
#155=CIRCLE('',#5536,2.5);
#156=CIRCLE('',#5537,2.5);
#157=CIRCLE('',#5540,2.5);
#158=CIRCLE('',#5541,2.5);
#159=CIRCLE('',#5542,2.5);
#160=CIRCLE('',#5543,2.5);
#161=CIRCLE('',#5545,2.5);
#162=CIRCLE('',#5548,2.5);
#163=CIRCLE('',#5550,2.5);
#164=CIRCLE('',#5551,2.5);
#165=CIRCLE('',#5553,2.5);
#166=CIRCLE('',#5556,2.5);
#167=CIRCLE('',#5561,2.5);
#168=CIRCLE('',#5562,2.5);
#169=CIRCLE('',#5563,2.5);
#170=CIRCLE('',#5565,2.5);
#171=CIRCLE('',#5567,2.5);
#172=CIRCLE('',#5568,2.5);
#173=CIRCLE('',#5569,2.5);
#174=CIRCLE('',#5571,2.5);
#175=CIRCLE('',#5573,2.5);
#176=CIRCLE('',#5576,2.5);
#177=CIRCLE('',#5579,10.);
#178=CIRCLE('',#5580,10.);
#179=CIRCLE('',#5581,10.);
#180=CIRCLE('',#5582,10.);
#181=CIRCLE('',#5585,2.5);
#182=CIRCLE('',#5586,2.5);
#183=CIRCLE('',#5587,2.5);
#184=CIRCLE('',#5588,5.);
#185=CIRCLE('',#5590,2.5);
#186=CIRCLE('',#5591,2.5);
#187=CIRCLE('',#5592,5.);
#188=CIRCLE('',#5594,2.5);
#189=CIRCLE('',#5596,9.5);
#190=CIRCLE('',#5598,5.);
#191=CIRCLE('',#5601,5.);
#192=CIRCLE('',#5603,10.);
#193=CIRCLE('',#5604,10.);
#194=CIRCLE('',#5605,10.);
#195=CIRCLE('',#5606,10.);
#196=CIRCLE('',#5608,9.5);
#197=CIRCLE('',#5611,12.5);
#198=CIRCLE('',#5612,20.);
#199=CIRCLE('',#5616,12.5);
#200=CIRCLE('',#5617,20.);
#201=CIRCLE('',#5619,12.5);
#202=CIRCLE('',#5620,12.5);
#203=CIRCLE('',#5621,12.5);
#204=CIRCLE('',#5622,12.5);
#205=CIRCLE('',#5625,12.5);
#206=CIRCLE('',#5626,20.);
#207=CIRCLE('',#5629,12.5);
#208=CIRCLE('',#5630,20.);
#209=CIRCLE('',#5633,20.);
#210=CIRCLE('',#5634,12.5);
#211=CIRCLE('',#5638,12.5);
#212=CIRCLE('',#5639,20.);
#213=CIRCLE('',#5642,12.5);
#214=CIRCLE('',#5643,20.);
#215=CIRCLE('',#5646,12.5);
#216=CIRCLE('',#5647,20.);
#217=CIRCLE('',#5665,0.5);
#218=CIRCLE('',#5668,0.5);
#219=CIRCLE('',#5672,0.5);
#220=CIRCLE('',#5673,0.5);
#221=CIRCLE('',#5675,0.5);
#222=CIRCLE('',#5676,0.5);
#223=CIRCLE('',#5678,10.5);
#224=CIRCLE('',#5679,10.);
#225=CIRCLE('',#5681,10.);
#226=CIRCLE('',#5705,4.5);
#227=CIRCLE('',#5706,5.);
#228=CIRCLE('',#5708,4.5);
#229=CIRCLE('',#5709,5.);
#230=CIRCLE('',#5711,3.25);
#231=CIRCLE('',#5712,2.25);
#232=CIRCLE('',#5714,3.25);
#233=CIRCLE('',#5717,3.25);
#234=CIRCLE('',#5718,3.25);
#235=CIRCLE('',#5721,2.25);
#236=CIRCLE('',#5723,2.25);
#237=CIRCLE('',#5724,2.25);
#238=CIRCLE('',#5757,1.);
#239=CIRCLE('',#5758,1.);
#240=CIRCLE('',#5760,1.);
#241=CIRCLE('',#5763,1.);
#242=CIRCLE('',#5774,33.);
#243=CIRCLE('',#5775,33.);
#244=CIRCLE('',#5777,2.5);
#245=CIRCLE('',#5780,33.);
#246=CIRCLE('',#5781,33.);
#247=CIRCLE('',#5782,2.5);
#248=CIRCLE('',#5783,33.);
#249=CIRCLE('',#5784,2.33622727692964);
#250=CIRCLE('',#5786,33.);
#251=CIRCLE('',#5788,2.5);
#252=CIRCLE('',#5791,2.5);
#253=CIRCLE('',#5794,33.);
#254=CIRCLE('',#5795,33.);
#255=CIRCLE('',#5796,2.5);
#256=CIRCLE('',#5797,33.);
#257=CIRCLE('',#5798,2.33622727692964);
#258=CIRCLE('',#5800,33.);
#259=CIRCLE('',#5802,2.5);
#260=CIRCLE('',#5805,2.5);
#261=CIRCLE('',#5808,2.5);
#262=CIRCLE('',#5812,2.);
#263=CIRCLE('',#5816,2.);
#264=CIRCLE('',#5819,2.5);
#265=CIRCLE('',#5824,4.);
#266=CIRCLE('',#5825,4.);
#267=CIRCLE('',#5828,4.);
#268=CIRCLE('',#5829,4.);
#269=CIRCLE('',#5831,5.);
#270=CIRCLE('',#5832,5.);
#271=CIRCLE('',#5834,2.5);
#272=CIRCLE('',#5835,2.5);
#273=CIRCLE('',#5837,2.5);
#274=CIRCLE('',#5838,2.5);
#275=CIRCLE('',#5841,2.5);
#276=CIRCLE('',#5843,2.5);
#277=CIRCLE('',#5844,2.5);
#278=CIRCLE('',#5847,2.5);
#279=CIRCLE('',#5850,5.);
#280=CIRCLE('',#5851,5.);
#281=CIRCLE('',#5853,2.5);
#282=CYLINDRICAL_SURFACE('',#5415,1.);
#283=CYLINDRICAL_SURFACE('',#5419,1.);
#284=CYLINDRICAL_SURFACE('',#5423,1.);
#285=CYLINDRICAL_SURFACE('',#5427,1.);
#286=CYLINDRICAL_SURFACE('',#5431,2.6);
#287=CYLINDRICAL_SURFACE('',#5434,2.6);
#288=CYLINDRICAL_SURFACE('',#5437,2.6);
#289=CYLINDRICAL_SURFACE('',#5440,2.6);
#290=CYLINDRICAL_SURFACE('',#5445,5.);
#291=CYLINDRICAL_SURFACE('',#5449,5.);
#292=CYLINDRICAL_SURFACE('',#5453,5.);
#293=CYLINDRICAL_SURFACE('',#5456,5.);
#294=CYLINDRICAL_SURFACE('',#5478,2.5);
#295=CYLINDRICAL_SURFACE('',#5492,2.5);
#296=CYLINDRICAL_SURFACE('',#5493,2.5);
#297=CYLINDRICAL_SURFACE('',#5494,2.5);
#298=CYLINDRICAL_SURFACE('',#5495,2.5);
#299=CYLINDRICAL_SURFACE('',#5496,2.5);
#300=CYLINDRICAL_SURFACE('',#5497,2.5);
#301=CYLINDRICAL_SURFACE('',#5501,2.5);
#302=CYLINDRICAL_SURFACE('',#5505,2.5);
#303=CYLINDRICAL_SURFACE('',#5509,2.5);
#304=CYLINDRICAL_SURFACE('',#5519,2.5);
#305=CYLINDRICAL_SURFACE('',#5521,2.5);
#306=CYLINDRICAL_SURFACE('',#5524,2.5);
#307=CYLINDRICAL_SURFACE('',#5527,2.5);
#308=CYLINDRICAL_SURFACE('',#5531,2.5);
#309=CYLINDRICAL_SURFACE('',#5535,2.5);
#310=CYLINDRICAL_SURFACE('',#5544,2.5);
#311=CYLINDRICAL_SURFACE('',#5547,2.5);
#312=CYLINDRICAL_SURFACE('',#5552,2.5);
#313=CYLINDRICAL_SURFACE('',#5555,2.5);
#314=CYLINDRICAL_SURFACE('',#5557,2.5);
#315=CYLINDRICAL_SURFACE('',#5559,2.5);
#316=CYLINDRICAL_SURFACE('',#5564,2.5);
#317=CYLINDRICAL_SURFACE('',#5570,2.5);
#318=CYLINDRICAL_SURFACE('',#5572,2.5);
#319=CYLINDRICAL_SURFACE('',#5574,2.5);
#320=CYLINDRICAL_SURFACE('',#5575,2.5);
#321=CYLINDRICAL_SURFACE('',#5584,2.5);
#322=CYLINDRICAL_SURFACE('',#5589,2.5);
#323=CYLINDRICAL_SURFACE('',#5593,2.5);
#324=CYLINDRICAL_SURFACE('',#5597,5.);
#325=CYLINDRICAL_SURFACE('',#5600,5.);
#326=CYLINDRICAL_SURFACE('',#5649,20.);
#327=CYLINDRICAL_SURFACE('',#5650,12.5);
#328=CYLINDRICAL_SURFACE('',#5651,20.);
#329=CYLINDRICAL_SURFACE('',#5653,20.);
#330=CYLINDRICAL_SURFACE('',#5654,12.5);
#331=CYLINDRICAL_SURFACE('',#5655,20.);
#332=CYLINDRICAL_SURFACE('',#5657,20.);
#333=CYLINDRICAL_SURFACE('',#5658,12.5);
#334=CYLINDRICAL_SURFACE('',#5659,20.);
#335=CYLINDRICAL_SURFACE('',#5661,20.);
#336=CYLINDRICAL_SURFACE('',#5662,12.5);
#337=CYLINDRICAL_SURFACE('',#5663,20.);
#338=CYLINDRICAL_SURFACE('',#5664,0.5);
#339=CYLINDRICAL_SURFACE('',#5667,0.5);
#340=CYLINDRICAL_SURFACE('',#5670,0.5);
#341=CYLINDRICAL_SURFACE('',#5671,0.5);
#342=CYLINDRICAL_SURFACE('',#5674,0.5);
#343=CYLINDRICAL_SURFACE('',#5680,10.);
#344=CYLINDRICAL_SURFACE('',#5692,10.);
#345=CYLINDRICAL_SURFACE('',#5694,10.);
#346=CYLINDRICAL_SURFACE('',#5695,10.);
#347=CYLINDRICAL_SURFACE('',#5696,10.);
#348=CYLINDRICAL_SURFACE('',#5713,3.25);
#349=CYLINDRICAL_SURFACE('',#5716,3.25);
#350=CYLINDRICAL_SURFACE('',#5720,2.25);
#351=CYLINDRICAL_SURFACE('',#5722,2.25);
#352=CYLINDRICAL_SURFACE('',#5756,1.);
#353=CYLINDRICAL_SURFACE('',#5762,1.);
#354=CYLINDRICAL_SURFACE('',#5773,33.);
#355=CYLINDRICAL_SURFACE('',#5779,33.);
#356=CYLINDRICAL_SURFACE('',#5785,33.);
#357=CYLINDRICAL_SURFACE('',#5790,2.5);
#358=CYLINDRICAL_SURFACE('',#5793,33.);
#359=CYLINDRICAL_SURFACE('',#5799,33.);
#360=CYLINDRICAL_SURFACE('',#5804,2.5);
#361=CYLINDRICAL_SURFACE('',#5823,4.);
#362=CYLINDRICAL_SURFACE('',#5827,4.);
#363=CYLINDRICAL_SURFACE('',#5833,2.5);
#364=CYLINDRICAL_SURFACE('',#5840,2.5);
#365=CYLINDRICAL_SURFACE('',#5846,2.5);
#366=CYLINDRICAL_SURFACE('',#5848,2.5);
#367=CYLINDRICAL_SURFACE('',#5852,2.5);
#368=CYLINDRICAL_SURFACE('',#5854,2.5);
#369=CYLINDRICAL_SURFACE('',#5855,2.5);
#370=CYLINDRICAL_SURFACE('',#5864,5.);
#371=CYLINDRICAL_SURFACE('',#5868,5.);
#372=B_SPLINE_CURVE_WITH_KNOTS('',3,(#7374,#7375,#7376,#7377,#7378),
 .UNSPECIFIED.,.F.,.F.,(4,1,4),(0.,0.30055495828141,0.579788336696535),
 .UNSPECIFIED.);
#373=B_SPLINE_CURVE_WITH_KNOTS('',3,(#7381,#7382,#7383,#7384,#7385),
 .UNSPECIFIED.,.F.,.F.,(4,1,4),(0.,0.30055495828141,0.579788336696535),
 .UNSPECIFIED.);
#374=B_SPLINE_CURVE_WITH_KNOTS('',3,(#7397,#7398,#7399,#7400,#7401),
 .UNSPECIFIED.,.F.,.F.,(4,1,4),(0.,0.246160225745436,0.539501155520136),
 .UNSPECIFIED.);
#375=B_SPLINE_CURVE_WITH_KNOTS('',3,(#7404,#7405,#7406,#7407,#7408),
 .UNSPECIFIED.,.F.,.F.,(4,1,4),(0.,0.246160225745436,0.539501155520136),
 .UNSPECIFIED.);
#376=B_SPLINE_CURVE_WITH_KNOTS('',3,(#7426,#7427,#7428,#7429,#7430),
 .UNSPECIFIED.,.F.,.F.,(4,1,4),(0.,0.408887663357967,0.826977895594095),
 .UNSPECIFIED.);
#377=B_SPLINE_CURVE_WITH_KNOTS('',3,(#7433,#7434,#7435,#7436,#7437),
 .UNSPECIFIED.,.F.,.F.,(4,1,4),(0.,0.408887663357967,0.826977895594095),
 .UNSPECIFIED.);
#378=B_SPLINE_CURVE_WITH_KNOTS('',3,(#7474,#7475,#7476,#7477,#7478),
 .UNSPECIFIED.,.F.,.F.,(4,1,4),(0.,0.30055495828141,0.579788336696535),
 .UNSPECIFIED.);
#379=B_SPLINE_CURVE_WITH_KNOTS('',3,(#7481,#7482,#7483,#7484,#7485),
 .UNSPECIFIED.,.F.,.F.,(4,1,4),(0.,0.30055495828141,0.579788336696535),
 .UNSPECIFIED.);
#380=B_SPLINE_CURVE_WITH_KNOTS('',3,(#7497,#7498,#7499,#7500,#7501),
 .UNSPECIFIED.,.F.,.F.,(4,1,4),(0.,0.246160225745436,0.539501155520136),
 .UNSPECIFIED.);
#381=B_SPLINE_CURVE_WITH_KNOTS('',3,(#7504,#7505,#7506,#7507,#7508),
 .UNSPECIFIED.,.F.,.F.,(4,1,4),(0.,0.246160225745436,0.539501155520136),
 .UNSPECIFIED.);
#382=B_SPLINE_CURVE_WITH_KNOTS('',3,(#7526,#7527,#7528,#7529,#7530),
 .UNSPECIFIED.,.F.,.F.,(4,1,4),(0.,0.408887663357967,0.826977895594095),
 .UNSPECIFIED.);
#383=B_SPLINE_CURVE_WITH_KNOTS('',3,(#7533,#7534,#7535,#7536,#7537),
 .UNSPECIFIED.,.F.,.F.,(4,1,4),(0.,0.408887663357967,0.826977895594095),
 .UNSPECIFIED.);
#384=B_SPLINE_CURVE_WITH_KNOTS('',3,(#7705,#7706,#7707,#7708,#7709),
 .UNSPECIFIED.,.F.,.F.,(4,1,4),(-0.354935780803179,-0.152115334629934,-2.66729281423935E-16),
 .UNSPECIFIED.);
#385=B_SPLINE_CURVE_WITH_KNOTS('',3,(#7710,#7711,#7712,#7713,#7714),
 .UNSPECIFIED.,.F.,.F.,(4,1,4),(2.66729281423935E-16,0.152115334629934,
0.354935780803179),.UNSPECIFIED.);
#386=B_SPLINE_CURVE_WITH_KNOTS('',3,(#7820,#7821,#7822,#7823,#7824,#7825,
#7826,#7827,#7828,#7829),.UNSPECIFIED.,.F.,.F.,(4,2,2,2,4),(0.,0.0941969058675709,
0.188393811735142,0.283371228035031,0.378348644334921),.UNSPECIFIED.);
#387=B_SPLINE_CURVE_WITH_KNOTS('',3,(#7833,#7834,#7835,#7836,#7837,#7838,
#7839,#7840,#7841,#7842),.UNSPECIFIED.,.F.,.F.,(4,2,2,2,4),(-0.377327825348371,
-0.282845427934501,-0.188363030520632,-0.094181515260316,0.),
 .UNSPECIFIED.);
#388=B_SPLINE_CURVE_WITH_KNOTS('',3,(#7900,#7901,#7902,#7903,#7904,#7905,
#7906,#7907,#7908,#7909),.UNSPECIFIED.,.F.,.F.,(4,2,2,2,4),(0.,0.0941815152603159,
0.188363030520632,0.282845427934501,0.377327825348371),.UNSPECIFIED.);
#389=B_SPLINE_CURVE_WITH_KNOTS('',3,(#7911,#7912,#7913,#7914,#7915,#7916,
#7917,#7918,#7919,#7920),.UNSPECIFIED.,.F.,.F.,(4,2,2,2,4),(-0.378348644334921,
-0.283371228035031,-0.188393811735142,-0.0941969058675709,0.),
 .UNSPECIFIED.);
#390=B_SPLINE_CURVE_WITH_KNOTS('',3,(#7924,#7925,#7926,#7927,#7928,#7929,
#7930,#7931,#7932,#7933),.UNSPECIFIED.,.F.,.F.,(4,2,2,2,4),(0.,0.0941815152603159,
0.188363030520632,0.282845427934501,0.377327825348371),.UNSPECIFIED.);
#391=B_SPLINE_CURVE_WITH_KNOTS('',3,(#7935,#7936,#7937,#7938,#7939,#7940,
#7941,#7942,#7943,#7944),.UNSPECIFIED.,.F.,.F.,(4,2,2,2,4),(-0.378348644334921,
-0.283371228035031,-0.188393811735142,-0.0941969058675709,0.),
 .UNSPECIFIED.);
#392=B_SPLINE_CURVE_WITH_KNOTS('',3,(#7948,#7949,#7950,#7951,#7952,#7953,
#7954,#7955,#7956,#7957),.UNSPECIFIED.,.F.,.F.,(4,2,2,2,4),(0.,0.0941969058675708,
0.188393811735142,0.283371228035031,0.378348644334921),.UNSPECIFIED.);
#393=B_SPLINE_CURVE_WITH_KNOTS('',3,(#7959,#7960,#7961,#7962,#7963,#7964,
#7965,#7966,#7967,#7968),.UNSPECIFIED.,.F.,.F.,(4,2,2,2,4),(-0.37732782534837,
-0.282845427934501,-0.188363030520632,-0.0941815152603158,0.),
 .UNSPECIFIED.);
#394=B_SPLINE_CURVE_WITH_KNOTS('',3,(#7972,#7973,#7974,#7975,#7976,#7977,
#7978,#7979,#7980,#7981),.UNSPECIFIED.,.F.,.F.,(4,2,2,2,4),(0.,0.0941815152603159,
0.188363030520632,0.282845427934501,0.377327825348371),.UNSPECIFIED.);
#395=B_SPLINE_CURVE_WITH_KNOTS('',3,(#7983,#7984,#7985,#7986,#7987,#7988,
#7989,#7990,#7991,#7992),.UNSPECIFIED.,.F.,.F.,(4,2,2,2,4),(-0.378348644334921,
-0.283371228035031,-0.188393811735142,-0.0941969058675709,0.),
 .UNSPECIFIED.);
#396=B_SPLINE_CURVE_WITH_KNOTS('',3,(#7996,#7997,#7998,#7999,#8000,#8001,
#8002,#8003,#8004,#8005),.UNSPECIFIED.,.F.,.F.,(4,2,2,2,4),(0.,0.0941969058675709,
0.188393811735142,0.283371228035031,0.378348644334921),.UNSPECIFIED.);
#397=B_SPLINE_CURVE_WITH_KNOTS('',3,(#8007,#8008,#8009,#8010,#8011,#8012,
#8013,#8014,#8015,#8016),.UNSPECIFIED.,.F.,.F.,(4,2,2,2,4),(-0.377327825348371,
-0.282845427934501,-0.188363030520632,-0.094181515260316,0.),
 .UNSPECIFIED.);
#398=B_SPLINE_CURVE_WITH_KNOTS('',3,(#8621,#8622,#8623,#8624,#8625,#8626,
#8627,#8628,#8629,#8630,#8631,#8632,#8633,#8634),.UNSPECIFIED.,.F.,.F.,
(4,2,2,2,2,2,4),(-0.0945143703657128,-0.0803949180159113,-0.0643828823761424,
-0.0430035443571505,-0.0220240117925605,0.,0.000441330586580477),
 .UNSPECIFIED.);
#399=B_SPLINE_CURVE_WITH_KNOTS('',3,(#8644,#8645,#8646,#8647,#8648,#8649,
#8650,#8651,#8652,#8653,#8654,#8655,#8656,#8657),.UNSPECIFIED.,.F.,.F.,
(4,2,2,2,2,2,4),(-0.0941029102031058,-0.0936655431767384,-0.0718393275494339,
-0.051048210752559,-0.0298608791271175,-0.0139926465000468,0.),
 .UNSPECIFIED.);
#400=B_SPLINE_SURFACE_WITH_KNOTS('',3,1,((#7363,#7364),(#7365,#7366),(#7367,
#7368),(#7369,#7370),(#7371,#7372)),.UNSPECIFIED.,.F.,.F.,.F.,(4,1,4),(2,
2),(0.,0.30055495828141,0.579788336696535),(0.,0.0499999999999998),
 .UNSPECIFIED.);
#401=B_SPLINE_SURFACE_WITH_KNOTS('',3,1,((#7386,#7387),(#7388,#7389),(#7390,
#7391),(#7392,#7393),(#7394,#7395)),.UNSPECIFIED.,.F.,.F.,.F.,(4,1,4),(2,
2),(0.,0.246160225745436,0.539501155520136),(0.,0.0499999999999998),
 .UNSPECIFIED.);
#402=B_SPLINE_SURFACE_WITH_KNOTS('',3,1,((#7415,#7416),(#7417,#7418),(#7419,
#7420),(#7421,#7422),(#7423,#7424)),.UNSPECIFIED.,.F.,.F.,.F.,(4,1,4),(2,
2),(0.,0.408887663357967,0.826977895594095),(0.,0.0499999999999998),
 .UNSPECIFIED.);
#403=B_SPLINE_SURFACE_WITH_KNOTS('',3,1,((#7463,#7464),(#7465,#7466),(#7467,
#7468),(#7469,#7470),(#7471,#7472)),.UNSPECIFIED.,.F.,.F.,.F.,(4,1,4),(2,
2),(0.,0.30055495828141,0.579788336696535),(0.,0.0499999999999998),
 .UNSPECIFIED.);
#404=B_SPLINE_SURFACE_WITH_KNOTS('',3,1,((#7486,#7487),(#7488,#7489),(#7490,
#7491),(#7492,#7493),(#7494,#7495)),.UNSPECIFIED.,.F.,.F.,.F.,(4,1,4),(2,
2),(0.,0.246160225745436,0.539501155520136),(0.,0.0499999999999998),
 .UNSPECIFIED.);
#405=B_SPLINE_SURFACE_WITH_KNOTS('',3,1,((#7515,#7516),(#7517,#7518),(#7519,
#7520),(#7521,#7522),(#7523,#7524)),.UNSPECIFIED.,.F.,.F.,.F.,(4,1,4),(2,
2),(0.,0.408887663357967,0.826977895594095),(0.,0.0499999999999998),
 .UNSPECIFIED.);
#406=B_SPLINE_SURFACE_WITH_KNOTS('',3,3,((#7685,#7686,#7687,#7688,#7689),
(#7690,#7691,#7692,#7693,#7694),(#7695,#7696,#7697,#7698,#7699),(#7700,
#7701,#7702,#7703,#7704)),.UNSPECIFIED.,.F.,.F.,.F.,(4,4),(4,1,4),(0.,1.),
(2.66729281423935E-16,0.152115334629934,0.354935780803179),
 .UNSPECIFIED.);
#407=FACE_OUTER_BOUND('',#688,.T.);
#408=FACE_OUTER_BOUND('',#689,.T.);
#409=FACE_OUTER_BOUND('',#690,.T.);
#410=FACE_OUTER_BOUND('',#691,.T.);
#411=FACE_OUTER_BOUND('',#692,.T.);
#412=FACE_OUTER_BOUND('',#693,.T.);
#413=FACE_OUTER_BOUND('',#694,.T.);
#414=FACE_OUTER_BOUND('',#695,.T.);
#415=FACE_OUTER_BOUND('',#696,.T.);
#416=FACE_OUTER_BOUND('',#697,.T.);
#417=FACE_OUTER_BOUND('',#698,.T.);
#418=FACE_OUTER_BOUND('',#699,.T.);
#419=FACE_OUTER_BOUND('',#700,.T.);
#420=FACE_OUTER_BOUND('',#701,.T.);
#421=FACE_OUTER_BOUND('',#702,.T.);
#422=FACE_OUTER_BOUND('',#703,.T.);
#423=FACE_OUTER_BOUND('',#704,.T.);
#424=FACE_OUTER_BOUND('',#705,.T.);
#425=FACE_OUTER_BOUND('',#706,.T.);
#426=FACE_OUTER_BOUND('',#707,.T.);
#427=FACE_OUTER_BOUND('',#708,.T.);
#428=FACE_OUTER_BOUND('',#709,.T.);
#429=FACE_OUTER_BOUND('',#710,.T.);
#430=FACE_OUTER_BOUND('',#711,.T.);
#431=FACE_OUTER_BOUND('',#712,.T.);
#432=FACE_OUTER_BOUND('',#713,.T.);
#433=FACE_OUTER_BOUND('',#714,.T.);
#434=FACE_OUTER_BOUND('',#715,.T.);
#435=FACE_OUTER_BOUND('',#716,.T.);
#436=FACE_OUTER_BOUND('',#717,.T.);
#437=FACE_OUTER_BOUND('',#718,.T.);
#438=FACE_OUTER_BOUND('',#719,.T.);
#439=FACE_OUTER_BOUND('',#720,.T.);
#440=FACE_OUTER_BOUND('',#721,.T.);
#441=FACE_OUTER_BOUND('',#722,.T.);
#442=FACE_OUTER_BOUND('',#723,.T.);
#443=FACE_OUTER_BOUND('',#724,.T.);
#444=FACE_OUTER_BOUND('',#725,.T.);
#445=FACE_OUTER_BOUND('',#726,.T.);
#446=FACE_OUTER_BOUND('',#727,.T.);
#447=FACE_OUTER_BOUND('',#728,.T.);
#448=FACE_OUTER_BOUND('',#732,.T.);
#449=FACE_OUTER_BOUND('',#733,.T.);
#450=FACE_OUTER_BOUND('',#734,.T.);
#451=FACE_OUTER_BOUND('',#735,.T.);
#452=FACE_OUTER_BOUND('',#736,.T.);
#453=FACE_OUTER_BOUND('',#737,.T.);
#454=FACE_OUTER_BOUND('',#738,.T.);
#455=FACE_OUTER_BOUND('',#740,.T.);
#456=FACE_OUTER_BOUND('',#741,.T.);
#457=FACE_OUTER_BOUND('',#742,.T.);
#458=FACE_OUTER_BOUND('',#743,.T.);
#459=FACE_OUTER_BOUND('',#744,.T.);
#460=FACE_OUTER_BOUND('',#745,.T.);
#461=FACE_OUTER_BOUND('',#746,.T.);
#462=FACE_OUTER_BOUND('',#747,.T.);
#463=FACE_OUTER_BOUND('',#748,.T.);
#464=FACE_OUTER_BOUND('',#749,.T.);
#465=FACE_OUTER_BOUND('',#750,.T.);
#466=FACE_OUTER_BOUND('',#751,.T.);
#467=FACE_OUTER_BOUND('',#752,.T.);
#468=FACE_OUTER_BOUND('',#753,.T.);
#469=FACE_OUTER_BOUND('',#754,.T.);
#470=FACE_OUTER_BOUND('',#755,.T.);
#471=FACE_OUTER_BOUND('',#756,.T.);
#472=FACE_OUTER_BOUND('',#757,.T.);
#473=FACE_OUTER_BOUND('',#758,.T.);
#474=FACE_OUTER_BOUND('',#759,.T.);
#475=FACE_OUTER_BOUND('',#760,.T.);
#476=FACE_OUTER_BOUND('',#761,.T.);
#477=FACE_OUTER_BOUND('',#762,.T.);
#478=FACE_OUTER_BOUND('',#763,.T.);
#479=FACE_OUTER_BOUND('',#764,.T.);
#480=FACE_OUTER_BOUND('',#765,.T.);
#481=FACE_OUTER_BOUND('',#766,.T.);
#482=FACE_OUTER_BOUND('',#767,.T.);
#483=FACE_OUTER_BOUND('',#768,.T.);
#484=FACE_OUTER_BOUND('',#769,.T.);
#485=FACE_OUTER_BOUND('',#770,.T.);
#486=FACE_OUTER_BOUND('',#771,.T.);
#487=FACE_OUTER_BOUND('',#772,.T.);
#488=FACE_OUTER_BOUND('',#773,.T.);
#489=FACE_OUTER_BOUND('',#774,.T.);
#490=FACE_OUTER_BOUND('',#775,.T.);
#491=FACE_OUTER_BOUND('',#776,.T.);
#492=FACE_OUTER_BOUND('',#777,.T.);
#493=FACE_OUTER_BOUND('',#778,.T.);
#494=FACE_OUTER_BOUND('',#779,.T.);
#495=FACE_OUTER_BOUND('',#780,.T.);
#496=FACE_OUTER_BOUND('',#781,.T.);
#497=FACE_OUTER_BOUND('',#782,.T.);
#498=FACE_OUTER_BOUND('',#783,.T.);
#499=FACE_OUTER_BOUND('',#786,.T.);
#500=FACE_OUTER_BOUND('',#790,.T.);
#501=FACE_OUTER_BOUND('',#795,.T.);
#502=FACE_OUTER_BOUND('',#796,.T.);
#503=FACE_OUTER_BOUND('',#797,.T.);
#504=FACE_OUTER_BOUND('',#798,.T.);
#505=FACE_OUTER_BOUND('',#799,.T.);
#506=FACE_OUTER_BOUND('',#800,.T.);
#507=FACE_OUTER_BOUND('',#803,.T.);
#508=FACE_OUTER_BOUND('',#804,.T.);
#509=FACE_OUTER_BOUND('',#809,.T.);
#510=FACE_OUTER_BOUND('',#810,.T.);
#511=FACE_OUTER_BOUND('',#815,.T.);
#512=FACE_OUTER_BOUND('',#818,.T.);
#513=FACE_OUTER_BOUND('',#819,.T.);
#514=FACE_OUTER_BOUND('',#820,.T.);
#515=FACE_OUTER_BOUND('',#825,.T.);
#516=FACE_OUTER_BOUND('',#826,.T.);
#517=FACE_OUTER_BOUND('',#827,.T.);
#518=FACE_OUTER_BOUND('',#828,.T.);
#519=FACE_OUTER_BOUND('',#829,.T.);
#520=FACE_OUTER_BOUND('',#830,.T.);
#521=FACE_OUTER_BOUND('',#831,.T.);
#522=FACE_OUTER_BOUND('',#832,.T.);
#523=FACE_OUTER_BOUND('',#833,.T.);
#524=FACE_OUTER_BOUND('',#834,.T.);
#525=FACE_OUTER_BOUND('',#839,.T.);
#526=FACE_OUTER_BOUND('',#840,.T.);
#527=FACE_OUTER_BOUND('',#841,.T.);
#528=FACE_OUTER_BOUND('',#842,.T.);
#529=FACE_OUTER_BOUND('',#843,.T.);
#530=FACE_OUTER_BOUND('',#844,.T.);
#531=FACE_OUTER_BOUND('',#845,.T.);
#532=FACE_OUTER_BOUND('',#846,.T.);
#533=FACE_OUTER_BOUND('',#847,.T.);
#534=FACE_OUTER_BOUND('',#848,.T.);
#535=FACE_OUTER_BOUND('',#849,.T.);
#536=FACE_OUTER_BOUND('',#850,.T.);
#537=FACE_OUTER_BOUND('',#851,.T.);
#538=FACE_OUTER_BOUND('',#852,.T.);
#539=FACE_OUTER_BOUND('',#853,.T.);
#540=FACE_OUTER_BOUND('',#854,.T.);
#541=FACE_OUTER_BOUND('',#855,.T.);
#542=FACE_OUTER_BOUND('',#856,.T.);
#543=FACE_OUTER_BOUND('',#857,.T.);
#544=FACE_OUTER_BOUND('',#858,.T.);
#545=FACE_OUTER_BOUND('',#859,.T.);
#546=FACE_OUTER_BOUND('',#860,.T.);
#547=FACE_OUTER_BOUND('',#861,.T.);
#548=FACE_OUTER_BOUND('',#862,.T.);
#549=FACE_OUTER_BOUND('',#863,.T.);
#550=FACE_OUTER_BOUND('',#864,.T.);
#551=FACE_OUTER_BOUND('',#865,.T.);
#552=FACE_OUTER_BOUND('',#866,.T.);
#553=FACE_OUTER_BOUND('',#867,.T.);
#554=FACE_OUTER_BOUND('',#868,.T.);
#555=FACE_OUTER_BOUND('',#869,.T.);
#556=FACE_OUTER_BOUND('',#870,.T.);
#557=FACE_OUTER_BOUND('',#871,.T.);
#558=FACE_OUTER_BOUND('',#872,.T.);
#559=FACE_OUTER_BOUND('',#873,.T.);
#560=FACE_OUTER_BOUND('',#874,.T.);
#561=FACE_OUTER_BOUND('',#875,.T.);
#562=FACE_OUTER_BOUND('',#876,.T.);
#563=FACE_OUTER_BOUND('',#877,.T.);
#564=FACE_OUTER_BOUND('',#878,.T.);
#565=FACE_OUTER_BOUND('',#879,.T.);
#566=FACE_OUTER_BOUND('',#880,.T.);
#567=FACE_OUTER_BOUND('',#881,.T.);
#568=FACE_OUTER_BOUND('',#882,.T.);
#569=FACE_OUTER_BOUND('',#883,.T.);
#570=FACE_OUTER_BOUND('',#884,.T.);
#571=FACE_OUTER_BOUND('',#885,.T.);
#572=FACE_OUTER_BOUND('',#886,.T.);
#573=FACE_OUTER_BOUND('',#887,.T.);
#574=FACE_OUTER_BOUND('',#888,.T.);
#575=FACE_OUTER_BOUND('',#889,.T.);
#576=FACE_OUTER_BOUND('',#890,.T.);
#577=FACE_OUTER_BOUND('',#891,.T.);
#578=FACE_OUTER_BOUND('',#892,.T.);
#579=FACE_OUTER_BOUND('',#894,.T.);
#580=FACE_OUTER_BOUND('',#895,.T.);
#581=FACE_OUTER_BOUND('',#897,.T.);
#582=FACE_OUTER_BOUND('',#898,.T.);
#583=FACE_OUTER_BOUND('',#900,.T.);
#584=FACE_OUTER_BOUND('',#901,.T.);
#585=FACE_OUTER_BOUND('',#902,.T.);
#586=FACE_OUTER_BOUND('',#903,.T.);
#587=FACE_OUTER_BOUND('',#904,.T.);
#588=FACE_OUTER_BOUND('',#905,.T.);
#589=FACE_OUTER_BOUND('',#906,.T.);
#590=FACE_OUTER_BOUND('',#907,.T.);
#591=FACE_OUTER_BOUND('',#908,.T.);
#592=FACE_OUTER_BOUND('',#909,.T.);
#593=FACE_OUTER_BOUND('',#910,.T.);
#594=FACE_OUTER_BOUND('',#911,.T.);
#595=FACE_OUTER_BOUND('',#912,.T.);
#596=FACE_OUTER_BOUND('',#913,.T.);
#597=FACE_OUTER_BOUND('',#914,.T.);
#598=FACE_OUTER_BOUND('',#916,.T.);
#599=FACE_OUTER_BOUND('',#917,.T.);
#600=FACE_OUTER_BOUND('',#919,.T.);
#601=FACE_OUTER_BOUND('',#920,.T.);
#602=FACE_OUTER_BOUND('',#922,.T.);
#603=FACE_OUTER_BOUND('',#923,.T.);
#604=FACE_OUTER_BOUND('',#924,.T.);
#605=FACE_OUTER_BOUND('',#925,.T.);
#606=FACE_OUTER_BOUND('',#926,.T.);
#607=FACE_OUTER_BOUND('',#927,.T.);
#608=FACE_OUTER_BOUND('',#929,.T.);
#609=FACE_OUTER_BOUND('',#930,.T.);
#610=FACE_OUTER_BOUND('',#932,.T.);
#611=FACE_OUTER_BOUND('',#933,.T.);
#612=FACE_OUTER_BOUND('',#935,.T.);
#613=FACE_OUTER_BOUND('',#936,.T.);
#614=FACE_OUTER_BOUND('',#937,.T.);
#615=FACE_OUTER_BOUND('',#938,.T.);
#616=FACE_OUTER_BOUND('',#939,.T.);
#617=FACE_OUTER_BOUND('',#940,.T.);
#618=FACE_OUTER_BOUND('',#941,.T.);
#619=FACE_OUTER_BOUND('',#942,.T.);
#620=FACE_OUTER_BOUND('',#943,.T.);
#621=FACE_OUTER_BOUND('',#944,.T.);
#622=FACE_OUTER_BOUND('',#945,.T.);
#623=FACE_OUTER_BOUND('',#946,.T.);
#624=FACE_OUTER_BOUND('',#947,.T.);
#625=FACE_OUTER_BOUND('',#948,.T.);
#626=FACE_OUTER_BOUND('',#949,.T.);
#627=FACE_OUTER_BOUND('',#950,.T.);
#628=FACE_OUTER_BOUND('',#952,.T.);
#629=FACE_OUTER_BOUND('',#954,.T.);
#630=FACE_OUTER_BOUND('',#955,.T.);
#631=FACE_OUTER_BOUND('',#956,.T.);
#632=FACE_OUTER_BOUND('',#957,.T.);
#633=FACE_OUTER_BOUND('',#958,.T.);
#634=FACE_OUTER_BOUND('',#959,.T.);
#635=FACE_OUTER_BOUND('',#960,.T.);
#636=FACE_OUTER_BOUND('',#961,.T.);
#637=FACE_OUTER_BOUND('',#962,.T.);
#638=FACE_OUTER_BOUND('',#963,.T.);
#639=FACE_OUTER_BOUND('',#964,.T.);
#640=FACE_OUTER_BOUND('',#965,.T.);
#641=FACE_OUTER_BOUND('',#966,.T.);
#642=FACE_OUTER_BOUND('',#967,.T.);
#643=FACE_OUTER_BOUND('',#968,.T.);
#644=FACE_OUTER_BOUND('',#969,.T.);
#645=FACE_OUTER_BOUND('',#970,.T.);
#646=FACE_OUTER_BOUND('',#971,.T.);
#647=FACE_OUTER_BOUND('',#972,.T.);
#648=FACE_OUTER_BOUND('',#973,.T.);
#649=FACE_OUTER_BOUND('',#974,.T.);
#650=FACE_OUTER_BOUND('',#975,.T.);
#651=FACE_OUTER_BOUND('',#976,.T.);
#652=FACE_OUTER_BOUND('',#977,.T.);
#653=FACE_OUTER_BOUND('',#978,.T.);
#654=FACE_OUTER_BOUND('',#979,.T.);
#655=FACE_OUTER_BOUND('',#980,.T.);
#656=FACE_OUTER_BOUND('',#981,.T.);
#657=FACE_OUTER_BOUND('',#982,.T.);
#658=FACE_OUTER_BOUND('',#983,.T.);
#659=FACE_OUTER_BOUND('',#984,.T.);
#660=FACE_OUTER_BOUND('',#985,.T.);
#661=FACE_OUTER_BOUND('',#986,.T.);
#662=FACE_OUTER_BOUND('',#988,.T.);
#663=FACE_OUTER_BOUND('',#989,.T.);
#664=FACE_OUTER_BOUND('',#990,.T.);
#665=FACE_OUTER_BOUND('',#991,.T.);
#666=FACE_OUTER_BOUND('',#992,.T.);
#667=FACE_OUTER_BOUND('',#993,.T.);
#668=FACE_OUTER_BOUND('',#994,.T.);
#669=FACE_OUTER_BOUND('',#995,.T.);
#670=FACE_OUTER_BOUND('',#996,.T.);
#671=FACE_OUTER_BOUND('',#1000,.T.);
#672=FACE_OUTER_BOUND('',#1001,.T.);
#673=FACE_OUTER_BOUND('',#1002,.T.);
#674=FACE_OUTER_BOUND('',#1003,.T.);
#675=FACE_OUTER_BOUND('',#1004,.T.);
#676=FACE_OUTER_BOUND('',#1005,.T.);
#677=FACE_OUTER_BOUND('',#1006,.T.);
#678=FACE_OUTER_BOUND('',#1007,.T.);
#679=FACE_OUTER_BOUND('',#1008,.T.);
#680=FACE_OUTER_BOUND('',#1009,.T.);
#681=FACE_OUTER_BOUND('',#1010,.T.);
#682=FACE_OUTER_BOUND('',#1011,.T.);
#683=FACE_OUTER_BOUND('',#1012,.T.);
#684=FACE_OUTER_BOUND('',#1013,.T.);
#685=FACE_OUTER_BOUND('',#1014,.T.);
#686=FACE_OUTER_BOUND('',#1015,.T.);
#687=FACE_OUTER_BOUND('',#1016,.T.);
#688=EDGE_LOOP('',(#3390,#3391,#3392,#3393));
#689=EDGE_LOOP('',(#3394,#3395,#3396,#3397));
#690=EDGE_LOOP('',(#3398,#3399,#3400,#3401));
#691=EDGE_LOOP('',(#3402,#3403,#3404,#3405));
#692=EDGE_LOOP('',(#3406,#3407,#3408,#3409));
#693=EDGE_LOOP('',(#3410,#3411,#3412,#3413));
#694=EDGE_LOOP('',(#3414,#3415,#3416,#3417));
#695=EDGE_LOOP('',(#3418,#3419,#3420,#3421));
#696=EDGE_LOOP('',(#3422,#3423,#3424,#3425,#3426,#3427,#3428,#3429));
#697=EDGE_LOOP('',(#3430,#3431,#3432,#3433));
#698=EDGE_LOOP('',(#3434,#3435,#3436,#3437));
#699=EDGE_LOOP('',(#3438,#3439,#3440,#3441));
#700=EDGE_LOOP('',(#3442,#3443,#3444,#3445));
#701=EDGE_LOOP('',(#3446,#3447,#3448,#3449));
#702=EDGE_LOOP('',(#3450,#3451,#3452,#3453));
#703=EDGE_LOOP('',(#3454,#3455,#3456,#3457));
#704=EDGE_LOOP('',(#3458,#3459,#3460,#3461));
#705=EDGE_LOOP('',(#3462,#3463,#3464,#3465,#3466,#3467,#3468,#3469));
#706=EDGE_LOOP('',(#3470,#3471,#3472,#3473));
#707=EDGE_LOOP('',(#3474,#3475,#3476,#3477));
#708=EDGE_LOOP('',(#3478,#3479,#3480,#3481));
#709=EDGE_LOOP('',(#3482,#3483,#3484,#3485));
#710=EDGE_LOOP('',(#3486,#3487,#3488,#3489));
#711=EDGE_LOOP('',(#3490,#3491,#3492,#3493));
#712=EDGE_LOOP('',(#3494,#3495,#3496,#3497));
#713=EDGE_LOOP('',(#3498,#3499,#3500,#3501));
#714=EDGE_LOOP('',(#3502,#3503,#3504,#3505));
#715=EDGE_LOOP('',(#3506,#3507,#3508,#3509));
#716=EDGE_LOOP('',(#3510,#3511,#3512,#3513));
#717=EDGE_LOOP('',(#3514,#3515,#3516,#3517));
#718=EDGE_LOOP('',(#3518,#3519,#3520,#3521));
#719=EDGE_LOOP('',(#3522,#3523,#3524,#3525));
#720=EDGE_LOOP('',(#3526,#3527,#3528,#3529));
#721=EDGE_LOOP('',(#3530,#3531,#3532,#3533));
#722=EDGE_LOOP('',(#3534,#3535,#3536,#3537));
#723=EDGE_LOOP('',(#3538,#3539,#3540,#3541));
#724=EDGE_LOOP('',(#3542,#3543,#3544,#3545));
#725=EDGE_LOOP('',(#3546,#3547,#3548,#3549));
#726=EDGE_LOOP('',(#3550,#3551,#3552,#3553,#3554));
#727=EDGE_LOOP('',(#3555,#3556,#3557,#3558));
#728=EDGE_LOOP('',(#3559,#3560,#3561,#3562,#3563,#3564,#3565,#3566));
#729=EDGE_LOOP('',(#3567));
#730=EDGE_LOOP('',(#3568,#3569,#3570,#3571));
#731=EDGE_LOOP('',(#3572,#3573,#3574,#3575));
#732=EDGE_LOOP('',(#3576,#3577,#3578,#3579,#3580,#3581));
#733=EDGE_LOOP('',(#3582,#3583,#3584,#3585,#3586));
#734=EDGE_LOOP('',(#3587,#3588,#3589,#3590,#3591));
#735=EDGE_LOOP('',(#3592));
#736=EDGE_LOOP('',(#3593));
#737=EDGE_LOOP('',(#3594,#3595,#3596,#3597));
#738=EDGE_LOOP('',(#3598,#3599,#3600,#3601,#3602,#3603,#3604,#3605,#3606,
#3607,#3608,#3609,#3610,#3611,#3612,#3613,#3614,#3615,#3616,#3617,#3618,
#3619,#3620,#3621));
#739=EDGE_LOOP('',(#3622,#3623,#3624,#3625));
#740=EDGE_LOOP('',(#3626,#3627,#3628,#3629));
#741=EDGE_LOOP('',(#3630,#3631,#3632,#3633));
#742=EDGE_LOOP('',(#3634,#3635,#3636,#3637));
#743=EDGE_LOOP('',(#3638,#3639,#3640,#3641));
#744=EDGE_LOOP('',(#3642,#3643,#3644,#3645));
#745=EDGE_LOOP('',(#3646,#3647,#3648,#3649));
#746=EDGE_LOOP('',(#3650,#3651,#3652,#3653,#3654,#3655,#3656,#3657));
#747=EDGE_LOOP('',(#3658,#3659,#3660,#3661));
#748=EDGE_LOOP('',(#3662,#3663,#3664,#3665,#3666,#3667,#3668,#3669));
#749=EDGE_LOOP('',(#3670,#3671,#3672,#3673));
#750=EDGE_LOOP('',(#3674,#3675,#3676,#3677));
#751=EDGE_LOOP('',(#3678,#3679,#3680,#3681));
#752=EDGE_LOOP('',(#3682,#3683,#3684,#3685));
#753=EDGE_LOOP('',(#3686,#3687,#3688,#3689,#3690,#3691,#3692,#3693,#3694,
#3695,#3696,#3697,#3698,#3699,#3700,#3701,#3702,#3703,#3704));
#754=EDGE_LOOP('',(#3705,#3706,#3707,#3708));
#755=EDGE_LOOP('',(#3709,#3710,#3711,#3712));
#756=EDGE_LOOP('',(#3713,#3714,#3715,#3716));
#757=EDGE_LOOP('',(#3717,#3718,#3719,#3720));
#758=EDGE_LOOP('',(#3721,#3722,#3723,#3724));
#759=EDGE_LOOP('',(#3725,#3726,#3727,#3728));
#760=EDGE_LOOP('',(#3729,#3730,#3731,#3732));
#761=EDGE_LOOP('',(#3733,#3734,#3735,#3736));
#762=EDGE_LOOP('',(#3737,#3738,#3739,#3740));
#763=EDGE_LOOP('',(#3741,#3742,#3743,#3744));
#764=EDGE_LOOP('',(#3745,#3746,#3747,#3748));
#765=EDGE_LOOP('',(#3749,#3750,#3751,#3752,#3753,#3754,#3755,#3756,#3757,
#3758,#3759,#3760,#3761,#3762,#3763,#3764,#3765,#3766,#3767));
#766=EDGE_LOOP('',(#3768,#3769,#3770,#3771));
#767=EDGE_LOOP('',(#3772,#3773,#3774,#3775));
#768=EDGE_LOOP('',(#3776,#3777,#3778,#3779));
#769=EDGE_LOOP('',(#3780,#3781,#3782,#3783,#3784,#3785,#3786,#3787,#3788,
#3789,#3790,#3791,#3792,#3793,#3794,#3795,#3796,#3797,#3798));
#770=EDGE_LOOP('',(#3799,#3800,#3801,#3802));
#771=EDGE_LOOP('',(#3803,#3804,#3805,#3806));
#772=EDGE_LOOP('',(#3807,#3808,#3809,#3810));
#773=EDGE_LOOP('',(#3811,#3812,#3813,#3814));
#774=EDGE_LOOP('',(#3815,#3816,#3817,#3818));
#775=EDGE_LOOP('',(#3819,#3820,#3821,#3822));
#776=EDGE_LOOP('',(#3823,#3824,#3825));
#777=EDGE_LOOP('',(#3826,#3827,#3828,#3829));
#778=EDGE_LOOP('',(#3830,#3831,#3832));
#779=EDGE_LOOP('',(#3833,#3834,#3835,#3836));
#780=EDGE_LOOP('',(#3837,#3838,#3839,#3840));
#781=EDGE_LOOP('',(#3841,#3842,#3843,#3844));
#782=EDGE_LOOP('',(#3845,#3846,#3847,#3848));
#783=EDGE_LOOP('',(#3849,#3850,#3851,#3852,#3853,#3854,#3855,#3856));
#784=EDGE_LOOP('',(#3857,#3858,#3859,#3860));
#785=EDGE_LOOP('',(#3861,#3862,#3863,#3864,#3865,#3866,#3867,#3868,#3869,
#3870));
#786=EDGE_LOOP('',(#3871,#3872,#3873,#3874,#3875,#3876,#3877,#3878,#3879,
#3880,#3881,#3882,#3883,#3884,#3885,#3886,#3887,#3888,#3889,#3890,#3891,
#3892));
#787=EDGE_LOOP('',(#3893,#3894,#3895,#3896,#3897,#3898,#3899,#3900));
#788=EDGE_LOOP('',(#3901));
#789=EDGE_LOOP('',(#3902));
#790=EDGE_LOOP('',(#3903,#3904,#3905,#3906));
#791=EDGE_LOOP('',(#3907,#3908,#3909,#3910));
#792=EDGE_LOOP('',(#3911,#3912,#3913,#3914));
#793=EDGE_LOOP('',(#3915,#3916,#3917,#3918));
#794=EDGE_LOOP('',(#3919,#3920,#3921,#3922));
#795=EDGE_LOOP('',(#3923,#3924,#3925,#3926));
#796=EDGE_LOOP('',(#3927,#3928,#3929,#3930));
#797=EDGE_LOOP('',(#3931,#3932,#3933,#3934,#3935,#3936));
#798=EDGE_LOOP('',(#3937,#3938,#3939,#3940));
#799=EDGE_LOOP('',(#3941,#3942,#3943,#3944));
#800=EDGE_LOOP('',(#3945,#3946,#3947,#3948));
#801=EDGE_LOOP('',(#3949,#3950,#3951,#3952));
#802=EDGE_LOOP('',(#3953));
#803=EDGE_LOOP('',(#3954,#3955,#3956,#3957));
#804=EDGE_LOOP('',(#3958,#3959,#3960,#3961));
#805=EDGE_LOOP('',(#3962,#3963,#3964,#3965,#3966,#3967,#3968,#3969));
#806=EDGE_LOOP('',(#3970,#3971,#3972,#3973,#3974,#3975,#3976,#3977));
#807=EDGE_LOOP('',(#3978));
#808=EDGE_LOOP('',(#3979));
#809=EDGE_LOOP('',(#3980,#3981,#3982,#3983));
#810=EDGE_LOOP('',(#3984,#3985,#3986,#3987,#3988,#3989));
#811=EDGE_LOOP('',(#3990,#3991,#3992,#3993,#3994,#3995,#3996,#3997));
#812=EDGE_LOOP('',(#3998));
#813=EDGE_LOOP('',(#3999));
#814=EDGE_LOOP('',(#4000,#4001,#4002,#4003,#4004,#4005,#4006,#4007));
#815=EDGE_LOOP('',(#4008,#4009,#4010,#4011));
#816=EDGE_LOOP('',(#4012,#4013,#4014,#4015));
#817=EDGE_LOOP('',(#4016));
#818=EDGE_LOOP('',(#4017,#4018,#4019,#4020));
#819=EDGE_LOOP('',(#4021,#4022,#4023,#4024));
#820=EDGE_LOOP('',(#4025,#4026,#4027,#4028));
#821=EDGE_LOOP('',(#4029,#4030,#4031,#4032));
#822=EDGE_LOOP('',(#4033,#4034,#4035,#4036));
#823=EDGE_LOOP('',(#4037,#4038,#4039,#4040));
#824=EDGE_LOOP('',(#4041,#4042,#4043,#4044));
#825=EDGE_LOOP('',(#4045,#4046,#4047,#4048));
#826=EDGE_LOOP('',(#4049,#4050,#4051,#4052));
#827=EDGE_LOOP('',(#4053,#4054,#4055,#4056,#4057,#4058,#4059,#4060,#4061,
#4062,#4063,#4064,#4065,#4066,#4067,#4068));
#828=EDGE_LOOP('',(#4069,#4070,#4071,#4072));
#829=EDGE_LOOP('',(#4073,#4074,#4075,#4076));
#830=EDGE_LOOP('',(#4077,#4078,#4079,#4080));
#831=EDGE_LOOP('',(#4081,#4082,#4083,#4084));
#832=EDGE_LOOP('',(#4085,#4086,#4087,#4088));
#833=EDGE_LOOP('',(#4089,#4090,#4091,#4092));
#834=EDGE_LOOP('',(#4093,#4094,#4095,#4096));
#835=EDGE_LOOP('',(#4097));
#836=EDGE_LOOP('',(#4098));
#837=EDGE_LOOP('',(#4099,#4100,#4101,#4102));
#838=EDGE_LOOP('',(#4103,#4104,#4105,#4106));
#839=EDGE_LOOP('',(#4107,#4108,#4109,#4110));
#840=EDGE_LOOP('',(#4111,#4112,#4113,#4114));
#841=EDGE_LOOP('',(#4115,#4116,#4117,#4118));
#842=EDGE_LOOP('',(#4119,#4120,#4121,#4122));
#843=EDGE_LOOP('',(#4123,#4124,#4125,#4126));
#844=EDGE_LOOP('',(#4127,#4128,#4129,#4130));
#845=EDGE_LOOP('',(#4131,#4132,#4133,#4134));
#846=EDGE_LOOP('',(#4135,#4136,#4137,#4138,#4139,#4140));
#847=EDGE_LOOP('',(#4141,#4142,#4143,#4144,#4145,#4146,#4147,#4148,#4149));
#848=EDGE_LOOP('',(#4150,#4151,#4152,#4153,#4154));
#849=EDGE_LOOP('',(#4155,#4156,#4157,#4158));
#850=EDGE_LOOP('',(#4159,#4160,#4161,#4162,#4163));
#851=EDGE_LOOP('',(#4164,#4165,#4166,#4167,#4168,#4169,#4170,#4171,#4172));
#852=EDGE_LOOP('',(#4173,#4174,#4175,#4176,#4177,#4178));
#853=EDGE_LOOP('',(#4179,#4180,#4181,#4182));
#854=EDGE_LOOP('',(#4183,#4184,#4185,#4186,#4187,#4188));
#855=EDGE_LOOP('',(#4189,#4190,#4191,#4192,#4193,#4194,#4195,#4196,#4197,
#4198));
#856=EDGE_LOOP('',(#4199,#4200,#4201,#4202,#4203,#4204));
#857=EDGE_LOOP('',(#4205,#4206,#4207,#4208));
#858=EDGE_LOOP('',(#4209,#4210,#4211,#4212,#4213,#4214));
#859=EDGE_LOOP('',(#4215,#4216,#4217,#4218,#4219,#4220,#4221,#4222,#4223,
#4224));
#860=EDGE_LOOP('',(#4225,#4226,#4227,#4228,#4229,#4230));
#861=EDGE_LOOP('',(#4231,#4232,#4233,#4234));
#862=EDGE_LOOP('',(#4235,#4236,#4237,#4238));
#863=EDGE_LOOP('',(#4239,#4240,#4241,#4242));
#864=EDGE_LOOP('',(#4243,#4244,#4245,#4246,#4247));
#865=EDGE_LOOP('',(#4248,#4249,#4250,#4251,#4252));
#866=EDGE_LOOP('',(#4253,#4254,#4255,#4256));
#867=EDGE_LOOP('',(#4257,#4258,#4259,#4260));
#868=EDGE_LOOP('',(#4261,#4262,#4263,#4264,#4265,#4266,#4267));
#869=EDGE_LOOP('',(#4268,#4269,#4270,#4271,#4272,#4273));
#870=EDGE_LOOP('',(#4274,#4275,#4276,#4277,#4278,#4279));
#871=EDGE_LOOP('',(#4280,#4281,#4282,#4283));
#872=EDGE_LOOP('',(#4284,#4285,#4286,#4287));
#873=EDGE_LOOP('',(#4288,#4289,#4290,#4291,#4292));
#874=EDGE_LOOP('',(#4293,#4294,#4295,#4296,#4297,#4298,#4299));
#875=EDGE_LOOP('',(#4300,#4301,#4302,#4303));
#876=EDGE_LOOP('',(#4304,#4305,#4306,#4307));
#877=EDGE_LOOP('',(#4308,#4309,#4310,#4311,#4312));
#878=EDGE_LOOP('',(#4313,#4314,#4315,#4316));
#879=EDGE_LOOP('',(#4317,#4318,#4319,#4320));
#880=EDGE_LOOP('',(#4321,#4322,#4323,#4324));
#881=EDGE_LOOP('',(#4325,#4326,#4327,#4328));
#882=EDGE_LOOP('',(#4329,#4330,#4331,#4332));
#883=EDGE_LOOP('',(#4333,#4334,#4335,#4336));
#884=EDGE_LOOP('',(#4337,#4338,#4339,#4340));
#885=EDGE_LOOP('',(#4341,#4342,#4343,#4344));
#886=EDGE_LOOP('',(#4345,#4346,#4347,#4348));
#887=EDGE_LOOP('',(#4349,#4350,#4351,#4352));
#888=EDGE_LOOP('',(#4353,#4354,#4355,#4356));
#889=EDGE_LOOP('',(#4357,#4358,#4359,#4360));
#890=EDGE_LOOP('',(#4361,#4362,#4363,#4364));
#891=EDGE_LOOP('',(#4365,#4366,#4367,#4368));
#892=EDGE_LOOP('',(#4369));
#893=EDGE_LOOP('',(#4370));
#894=EDGE_LOOP('',(#4371,#4372,#4373,#4374));
#895=EDGE_LOOP('',(#4375));
#896=EDGE_LOOP('',(#4376));
#897=EDGE_LOOP('',(#4377,#4378,#4379,#4380));
#898=EDGE_LOOP('',(#4381));
#899=EDGE_LOOP('',(#4382));
#900=EDGE_LOOP('',(#4383,#4384,#4385,#4386));
#901=EDGE_LOOP('',(#4387,#4388,#4389,#4390));
#902=EDGE_LOOP('',(#4391,#4392,#4393,#4394));
#903=EDGE_LOOP('',(#4395,#4396,#4397,#4398));
#904=EDGE_LOOP('',(#4399,#4400,#4401,#4402));
#905=EDGE_LOOP('',(#4403,#4404,#4405,#4406));
#906=EDGE_LOOP('',(#4407,#4408,#4409,#4410));
#907=EDGE_LOOP('',(#4411,#4412,#4413,#4414));
#908=EDGE_LOOP('',(#4415,#4416,#4417,#4418));
#909=EDGE_LOOP('',(#4419,#4420,#4421,#4422));
#910=EDGE_LOOP('',(#4423,#4424,#4425,#4426));
#911=EDGE_LOOP('',(#4427,#4428,#4429,#4430));
#912=EDGE_LOOP('',(#4431,#4432,#4433,#4434));
#913=EDGE_LOOP('',(#4435,#4436,#4437,#4438));
#914=EDGE_LOOP('',(#4439,#4440,#4441,#4442));
#915=EDGE_LOOP('',(#4443,#4444,#4445,#4446));
#916=EDGE_LOOP('',(#4447,#4448,#4449,#4450));
#917=EDGE_LOOP('',(#4451,#4452,#4453,#4454));
#918=EDGE_LOOP('',(#4455,#4456,#4457,#4458));
#919=EDGE_LOOP('',(#4459,#4460,#4461,#4462));
#920=EDGE_LOOP('',(#4463,#4464,#4465,#4466));
#921=EDGE_LOOP('',(#4467));
#922=EDGE_LOOP('',(#4468,#4469,#4470,#4471));
#923=EDGE_LOOP('',(#4472,#4473,#4474,#4475));
#924=EDGE_LOOP('',(#4476,#4477,#4478,#4479));
#925=EDGE_LOOP('',(#4480,#4481,#4482,#4483));
#926=EDGE_LOOP('',(#4484,#4485,#4486,#4487));
#927=EDGE_LOOP('',(#4488,#4489,#4490,#4491));
#928=EDGE_LOOP('',(#4492,#4493,#4494,#4495));
#929=EDGE_LOOP('',(#4496,#4497,#4498,#4499));
#930=EDGE_LOOP('',(#4500,#4501,#4502,#4503));
#931=EDGE_LOOP('',(#4504,#4505,#4506,#4507));
#932=EDGE_LOOP('',(#4508,#4509,#4510,#4511));
#933=EDGE_LOOP('',(#4512,#4513,#4514,#4515));
#934=EDGE_LOOP('',(#4516));
#935=EDGE_LOOP('',(#4517,#4518,#4519,#4520));
#936=EDGE_LOOP('',(#4521,#4522,#4523,#4524,#4525,#4526,#4527,#4528));
#937=EDGE_LOOP('',(#4529,#4530,#4531,#4532,#4533,#4534,#4535,#4536));
#938=EDGE_LOOP('',(#4537,#4538,#4539,#4540,#4541,#4542,#4543,#4544,#4545,
#4546,#4547,#4548,#4549,#4550,#4551,#4552,#4553,#4554,#4555));
#939=EDGE_LOOP('',(#4556,#4557,#4558,#4559));
#940=EDGE_LOOP('',(#4560,#4561,#4562,#4563,#4564,#4565));
#941=EDGE_LOOP('',(#4566,#4567,#4568,#4569));
#942=EDGE_LOOP('',(#4570,#4571,#4572,#4573));
#943=EDGE_LOOP('',(#4574,#4575,#4576,#4577,#4578,#4579));
#944=EDGE_LOOP('',(#4580,#4581,#4582,#4583));
#945=EDGE_LOOP('',(#4584,#4585,#4586,#4587,#4588,#4589));
#946=EDGE_LOOP('',(#4590,#4591,#4592,#4593,#4594,#4595));
#947=EDGE_LOOP('',(#4596,#4597,#4598,#4599,#4600,#4601,#4602,#4603,#4604,
#4605));
#948=EDGE_LOOP('',(#4606,#4607,#4608,#4609,#4610,#4611));
#949=EDGE_LOOP('',(#4612,#4613,#4614,#4615,#4616,#4617,#4618,#4619,#4620,
#4621,#4622,#4623,#4624,#4625,#4626,#4627,#4628,#4629,#4630,#4631,#4632,
#4633,#4634,#4635));
#950=EDGE_LOOP('',(#4636,#4637,#4638,#4639,#4640,#4641));
#951=EDGE_LOOP('',(#4642,#4643,#4644,#4645,#4646,#4647));
#952=EDGE_LOOP('',(#4648));
#953=EDGE_LOOP('',(#4649));
#954=EDGE_LOOP('',(#4650,#4651,#4652,#4653));
#955=EDGE_LOOP('',(#4654,#4655,#4656,#4657,#4658,#4659,#4660));
#956=EDGE_LOOP('',(#4661,#4662,#4663,#4664));
#957=EDGE_LOOP('',(#4665,#4666,#4667,#4668));
#958=EDGE_LOOP('',(#4669,#4670,#4671,#4672));
#959=EDGE_LOOP('',(#4673,#4674,#4675,#4676));
#960=EDGE_LOOP('',(#4677,#4678,#4679,#4680,#4681,#4682,#4683));
#961=EDGE_LOOP('',(#4684,#4685,#4686,#4687));
#962=EDGE_LOOP('',(#4688,#4689,#4690,#4691));
#963=EDGE_LOOP('',(#4692,#4693,#4694,#4695));
#964=EDGE_LOOP('',(#4696,#4697,#4698,#4699));
#965=EDGE_LOOP('',(#4700,#4701,#4702,#4703));
#966=EDGE_LOOP('',(#4704,#4705,#4706,#4707));
#967=EDGE_LOOP('',(#4708,#4709,#4710,#4711,#4712,#4713,#4714));
#968=EDGE_LOOP('',(#4715,#4716,#4717,#4718));
#969=EDGE_LOOP('',(#4719,#4720,#4721,#4722));
#970=EDGE_LOOP('',(#4723,#4724,#4725,#4726));
#971=EDGE_LOOP('',(#4727,#4728,#4729,#4730,#4731,#4732,#4733));
#972=EDGE_LOOP('',(#4734,#4735,#4736,#4737));
#973=EDGE_LOOP('',(#4738,#4739,#4740,#4741));
#974=EDGE_LOOP('',(#4742,#4743,#4744,#4745));
#975=EDGE_LOOP('',(#4746,#4747,#4748,#4749));
#976=EDGE_LOOP('',(#4750,#4751,#4752,#4753));
#977=EDGE_LOOP('',(#4754,#4755,#4756,#4757));
#978=EDGE_LOOP('',(#4758,#4759,#4760,#4761));
#979=EDGE_LOOP('',(#4762,#4763,#4764,#4765,#4766,#4767,#4768,#4769));
#980=EDGE_LOOP('',(#4770,#4771,#4772,#4773));
#981=EDGE_LOOP('',(#4774,#4775,#4776,#4777));
#982=EDGE_LOOP('',(#4778,#4779,#4780,#4781));
#983=EDGE_LOOP('',(#4782,#4783,#4784,#4785));
#984=EDGE_LOOP('',(#4786,#4787,#4788,#4789));
#985=EDGE_LOOP('',(#4790,#4791,#4792,#4793));
#986=EDGE_LOOP('',(#4794,#4795,#4796,#4797,#4798,#4799));
#987=EDGE_LOOP('',(#4800,#4801,#4802,#4803,#4804,#4805));
#988=EDGE_LOOP('',(#4806,#4807,#4808,#4809));
#989=EDGE_LOOP('',(#4810,#4811,#4812));
#990=EDGE_LOOP('',(#4813,#4814,#4815,#4816));
#991=EDGE_LOOP('',(#4817,#4818,#4819,#4820));
#992=EDGE_LOOP('',(#4821,#4822,#4823));
#993=EDGE_LOOP('',(#4824,#4825,#4826,#4827));
#994=EDGE_LOOP('',(#4828,#4829,#4830,#4831));
#995=EDGE_LOOP('',(#4832,#4833,#4834,#4835));
#996=EDGE_LOOP('',(#4836,#4837,#4838,#4839,#4840,#4841));
#997=EDGE_LOOP('',(#4842,#4843,#4844,#4845));
#998=EDGE_LOOP('',(#4846,#4847,#4848,#4849,#4850,#4851,#4852));
#999=EDGE_LOOP('',(#4853,#4854,#4855,#4856,#4857,#4858,#4859));
#1000=EDGE_LOOP('',(#4860,#4861,#4862,#4863));
#1001=EDGE_LOOP('',(#4864,#4865,#4866,#4867));
#1002=EDGE_LOOP('',(#4868,#4869,#4870,#4871));
#1003=EDGE_LOOP('',(#4872,#4873,#4874,#4875));
#1004=EDGE_LOOP('',(#4876,#4877,#4878,#4879,#4880,#4881,#4882));
#1005=EDGE_LOOP('',(#4883,#4884,#4885,#4886));
#1006=EDGE_LOOP('',(#4887,#4888,#4889,#4890,#4891,#4892,#4893));
#1007=EDGE_LOOP('',(#4894,#4895,#4896,#4897));
#1008=EDGE_LOOP('',(#4898,#4899,#4900,#4901,#4902,#4903,#4904,#4905));
#1009=EDGE_LOOP('',(#4906,#4907,#4908,#4909));
#1010=EDGE_LOOP('',(#4910,#4911,#4912,#4913));
#1011=EDGE_LOOP('',(#4914,#4915,#4916,#4917));
#1012=EDGE_LOOP('',(#4918,#4919,#4920,#4921));
#1013=EDGE_LOOP('',(#4922,#4923,#4924,#4925));
#1014=EDGE_LOOP('',(#4926,#4927,#4928,#4929));
#1015=EDGE_LOOP('',(#4930,#4931,#4932,#4933));
#1016=EDGE_LOOP('',(#4934,#4935,#4936,#4937,#4938,#4939));
#1017=LINE('',#7357,#1564);
#1018=LINE('',#7359,#1565);
#1019=LINE('',#7361,#1566);
#1020=LINE('',#7362,#1567);
#1021=LINE('',#7380,#1568);
#1022=LINE('',#7403,#1569);
#1023=LINE('',#7411,#1570);
#1024=LINE('',#7413,#1571);
#1025=LINE('',#7414,#1572);
#1026=LINE('',#7432,#1573);
#1027=LINE('',#7440,#1574);
#1028=LINE('',#7442,#1575);
#1029=LINE('',#7443,#1576);
#1030=LINE('',#7446,#1577);
#1031=LINE('',#7448,#1578);
#1032=LINE('',#7449,#1579);
#1033=LINE('',#7451,#1580);
#1034=LINE('',#7452,#1581);
#1035=LINE('',#7457,#1582);
#1036=LINE('',#7459,#1583);
#1037=LINE('',#7461,#1584);
#1038=LINE('',#7462,#1585);
#1039=LINE('',#7480,#1586);
#1040=LINE('',#7503,#1587);
#1041=LINE('',#7511,#1588);
#1042=LINE('',#7513,#1589);
#1043=LINE('',#7514,#1590);
#1044=LINE('',#7532,#1591);
#1045=LINE('',#7540,#1592);
#1046=LINE('',#7542,#1593);
#1047=LINE('',#7543,#1594);
#1048=LINE('',#7546,#1595);
#1049=LINE('',#7548,#1596);
#1050=LINE('',#7549,#1597);
#1051=LINE('',#7551,#1598);
#1052=LINE('',#7552,#1599);
#1053=LINE('',#7559,#1600);
#1054=LINE('',#7562,#1601);
#1055=LINE('',#7565,#1602);
#1056=LINE('',#7567,#1603);
#1057=LINE('',#7568,#1604);
#1058=LINE('',#7574,#1605);
#1059=LINE('',#7577,#1606);
#1060=LINE('',#7579,#1607);
#1061=LINE('',#7580,#1608);
#1062=LINE('',#7585,#1609);
#1063=LINE('',#7589,#1610);
#1064=LINE('',#7591,#1611);
#1065=LINE('',#7592,#1612);
#1066=LINE('',#7597,#1613);
#1067=LINE('',#7600,#1614);
#1068=LINE('',#7601,#1615);
#1069=LINE('',#7606,#1616);
#1070=LINE('',#7612,#1617);
#1071=LINE('',#7618,#1618);
#1072=LINE('',#7624,#1619);
#1073=LINE('',#7629,#1620);
#1074=LINE('',#7631,#1621);
#1075=LINE('',#7633,#1622);
#1076=LINE('',#7634,#1623);
#1077=LINE('',#7638,#1624);
#1078=LINE('',#7640,#1625);
#1079=LINE('',#7642,#1626);
#1080=LINE('',#7643,#1627);
#1081=LINE('',#7648,#1628);
#1082=LINE('',#7652,#1629);
#1083=LINE('',#7654,#1630);
#1084=LINE('',#7655,#1631);
#1085=LINE('',#7660,#1632);
#1086=LINE('',#7664,#1633);
#1087=LINE('',#7666,#1634);
#1088=LINE('',#7667,#1635);
#1089=LINE('',#7717,#1636);
#1090=LINE('',#7721,#1637);
#1091=LINE('',#7723,#1638);
#1092=LINE('',#7725,#1639);
#1093=LINE('',#7728,#1640);
#1094=LINE('',#7733,#1641);
#1095=LINE('',#7735,#1642);
#1096=LINE('',#7737,#1643);
#1097=LINE('',#7738,#1644);
#1098=LINE('',#7741,#1645);
#1099=LINE('',#7743,#1646);
#1100=LINE('',#7745,#1647);
#1101=LINE('',#7746,#1648);
#1102=LINE('',#7831,#1649);
#1103=LINE('',#7843,#1650);
#1104=LINE('',#7848,#1651);
#1105=LINE('',#7850,#1652);
#1106=LINE('',#7852,#1653);
#1107=LINE('',#7854,#1654);
#1108=LINE('',#7856,#1655);
#1109=LINE('',#7860,#1656);
#1110=LINE('',#7864,#1657);
#1111=LINE('',#7868,#1658);
#1112=LINE('',#7872,#1659);
#1113=LINE('',#7876,#1660);
#1114=LINE('',#7880,#1661);
#1115=LINE('',#7884,#1662);
#1116=LINE('',#7888,#1663);
#1117=LINE('',#7892,#1664);
#1118=LINE('',#7896,#1665);
#1119=LINE('',#7921,#1666);
#1120=LINE('',#7945,#1667);
#1121=LINE('',#7969,#1668);
#1122=LINE('',#7993,#1669);
#1123=LINE('',#8017,#1670);
#1124=LINE('',#8023,#1671);
#1125=LINE('',#8026,#1672);
#1126=LINE('',#8029,#1673);
#1127=LINE('',#8031,#1674);
#1128=LINE('',#8033,#1675);
#1129=LINE('',#8035,#1676);
#1130=LINE('',#8037,#1677);
#1131=LINE('',#8039,#1678);
#1132=LINE('',#8040,#1679);
#1133=LINE('',#8046,#1680);
#1134=LINE('',#8049,#1681);
#1135=LINE('',#8052,#1682);
#1136=LINE('',#8054,#1683);
#1137=LINE('',#8056,#1684);
#1138=LINE('',#8058,#1685);
#1139=LINE('',#8060,#1686);
#1140=LINE('',#8062,#1687);
#1141=LINE('',#8063,#1688);
#1142=LINE('',#8069,#1689);
#1143=LINE('',#8072,#1690);
#1144=LINE('',#8075,#1691);
#1145=LINE('',#8077,#1692);
#1146=LINE('',#8078,#1693);
#1147=LINE('',#8084,#1694);
#1148=LINE('',#8087,#1695);
#1149=LINE('',#8090,#1696);
#1150=LINE('',#8092,#1697);
#1151=LINE('',#8093,#1698);
#1152=LINE('',#8095,#1699);
#1153=LINE('',#8097,#1700);
#1154=LINE('',#8101,#1701);
#1155=LINE('',#8103,#1702);
#1156=LINE('',#8107,#1703);
#1157=LINE('',#8110,#1704);
#1158=LINE('',#8112,#1705);
#1159=LINE('',#8114,#1706);
#1160=LINE('',#8118,#1707);
#1161=LINE('',#8123,#1708);
#1162=LINE('',#8128,#1709);
#1163=LINE('',#8129,#1710);
#1164=LINE('',#8132,#1711);
#1165=LINE('',#8133,#1712);
#1166=LINE('',#8136,#1713);
#1167=LINE('',#8139,#1714);
#1168=LINE('',#8142,#1715);
#1169=LINE('',#8143,#1716);
#1170=LINE('',#8149,#1717);
#1171=LINE('',#8152,#1718);
#1172=LINE('',#8155,#1719);
#1173=LINE('',#8157,#1720);
#1174=LINE('',#8158,#1721);
#1175=LINE('',#8163,#1722);
#1176=LINE('',#8167,#1723);
#1177=LINE('',#8169,#1724);
#1178=LINE('',#8170,#1725);
#1179=LINE('',#8176,#1726);
#1180=LINE('',#8179,#1727);
#1181=LINE('',#8182,#1728);
#1182=LINE('',#8184,#1729);
#1183=LINE('',#8185,#1730);
#1184=LINE('',#8187,#1731);
#1185=LINE('',#8189,#1732);
#1186=LINE('',#8191,#1733);
#1187=LINE('',#8195,#1734);
#1188=LINE('',#8198,#1735);
#1189=LINE('',#8200,#1736);
#1190=LINE('',#8202,#1737);
#1191=LINE('',#8206,#1738);
#1192=LINE('',#8210,#1739);
#1193=LINE('',#8213,#1740);
#1194=LINE('',#8216,#1741);
#1195=LINE('',#8217,#1742);
#1196=LINE('',#8221,#1743);
#1197=LINE('',#8223,#1744);
#1198=LINE('',#8225,#1745);
#1199=LINE('',#8226,#1746);
#1200=LINE('',#8230,#1747);
#1201=LINE('',#8234,#1748);
#1202=LINE('',#8235,#1749);
#1203=LINE('',#8236,#1750);
#1204=LINE('',#8239,#1751);
#1205=LINE('',#8243,#1752);
#1206=LINE('',#8244,#1753);
#1207=LINE('',#8248,#1754);
#1208=LINE('',#8250,#1755);
#1209=LINE('',#8252,#1756);
#1210=LINE('',#8254,#1757);
#1211=LINE('',#8266,#1758);
#1212=LINE('',#8267,#1759);
#1213=LINE('',#8279,#1760);
#1214=LINE('',#8280,#1761);
#1215=LINE('',#8285,#1762);
#1216=LINE('',#8286,#1763);
#1217=LINE('',#8288,#1764);
#1218=LINE('',#8289,#1765);
#1219=LINE('',#8294,#1766);
#1220=LINE('',#8295,#1767);
#1221=LINE('',#8298,#1768);
#1222=LINE('',#8300,#1769);
#1223=LINE('',#8302,#1770);
#1224=LINE('',#8304,#1771);
#1225=LINE('',#8305,#1772);
#1226=LINE('',#8306,#1773);
#1227=LINE('',#8307,#1774);
#1228=LINE('',#8310,#1775);
#1229=LINE('',#8312,#1776);
#1230=LINE('',#8314,#1777);
#1231=LINE('',#8316,#1778);
#1232=LINE('',#8318,#1779);
#1233=LINE('',#8320,#1780);
#1234=LINE('',#8322,#1781);
#1235=LINE('',#8324,#1782);
#1236=LINE('',#8326,#1783);
#1237=LINE('',#8327,#1784);
#1238=LINE('',#8332,#1785);
#1239=LINE('',#8335,#1786);
#1240=LINE('',#8337,#1787);
#1241=LINE('',#8338,#1788);
#1242=LINE('',#8340,#1789);
#1243=LINE('',#8342,#1790);
#1244=LINE('',#8343,#1791);
#1245=LINE('',#8347,#1792);
#1246=LINE('',#8350,#1793);
#1247=LINE('',#8352,#1794);
#1248=LINE('',#8353,#1795);
#1249=LINE('',#8355,#1796);
#1250=LINE('',#8357,#1797);
#1251=LINE('',#8359,#1798);
#1252=LINE('',#8360,#1799);
#1253=LINE('',#8362,#1800);
#1254=LINE('',#8364,#1801);
#1255=LINE('',#8365,#1802);
#1256=LINE('',#8366,#1803);
#1257=LINE('',#8371,#1804);
#1258=LINE('',#8387,#1805);
#1259=LINE('',#8404,#1806);
#1260=LINE('',#8407,#1807);
#1261=LINE('',#8409,#1808);
#1262=LINE('',#8410,#1809);
#1263=LINE('',#8415,#1810);
#1264=LINE('',#8419,#1811);
#1265=LINE('',#8420,#1812);
#1266=LINE('',#8423,#1813);
#1267=LINE('',#8427,#1814);
#1268=LINE('',#8428,#1815);
#1269=LINE('',#8432,#1816);
#1270=LINE('',#8437,#1817);
#1271=LINE('',#8440,#1818);
#1272=LINE('',#8446,#1819);
#1273=LINE('',#8448,#1820);
#1274=LINE('',#8450,#1821);
#1275=LINE('',#8451,#1822);
#1276=LINE('',#8457,#1823);
#1277=LINE('',#8459,#1824);
#1278=LINE('',#8461,#1825);
#1279=LINE('',#8463,#1826);
#1280=LINE('',#8464,#1827);
#1281=LINE('',#8465,#1828);
#1282=LINE('',#8466,#1829);
#1283=LINE('',#8467,#1830);
#1284=LINE('',#8471,#1831);
#1285=LINE('',#8473,#1832);
#1286=LINE('',#8475,#1833);
#1287=LINE('',#8476,#1834);
#1288=LINE('',#8484,#1835);
#1289=LINE('',#8486,#1836);
#1290=LINE('',#8488,#1837);
#1291=LINE('',#8492,#1838);
#1292=LINE('',#8494,#1839);
#1293=LINE('',#8496,#1840);
#1294=LINE('',#8500,#1841);
#1295=LINE('',#8502,#1842);
#1296=LINE('',#8504,#1843);
#1297=LINE('',#8506,#1844);
#1298=LINE('',#8510,#1845);
#1299=LINE('',#8511,#1846);
#1300=LINE('',#8512,#1847);
#1301=LINE('',#8519,#1848);
#1302=LINE('',#8520,#1849);
#1303=LINE('',#8521,#1850);
#1304=LINE('',#8528,#1851);
#1305=LINE('',#8529,#1852);
#1306=LINE('',#8530,#1853);
#1307=LINE('',#8534,#1854);
#1308=LINE('',#8538,#1855);
#1309=LINE('',#8539,#1856);
#1310=LINE('',#8540,#1857);
#1311=LINE('',#8542,#1858);
#1312=LINE('',#8544,#1859);
#1313=LINE('',#8545,#1860);
#1314=LINE('',#8549,#1861);
#1315=LINE('',#8550,#1862);
#1316=LINE('',#8551,#1863);
#1317=LINE('',#8558,#1864);
#1318=LINE('',#8559,#1865);
#1319=LINE('',#8560,#1866);
#1320=LINE('',#8567,#1867);
#1321=LINE('',#8568,#1868);
#1322=LINE('',#8569,#1869);
#1323=LINE('',#8574,#1870);
#1324=LINE('',#8575,#1871);
#1325=LINE('',#8579,#1872);
#1326=LINE('',#8581,#1873);
#1327=LINE('',#8585,#1874);
#1328=LINE('',#8587,#1875);
#1329=LINE('',#8591,#1876);
#1330=LINE('',#8593,#1877);
#1331=LINE('',#8601,#1878);
#1332=LINE('',#8606,#1879);
#1333=LINE('',#8610,#1880);
#1334=LINE('',#8614,#1881);
#1335=LINE('',#8618,#1882);
#1336=LINE('',#8638,#1883);
#1337=LINE('',#8642,#1884);
#1338=LINE('',#8665,#1885);
#1339=LINE('',#8666,#1886);
#1340=LINE('',#8667,#1887);
#1341=LINE('',#8668,#1888);
#1342=LINE('',#8670,#1889);
#1343=LINE('',#8672,#1890);
#1344=LINE('',#8674,#1891);
#1345=LINE('',#8675,#1892);
#1346=LINE('',#8679,#1893);
#1347=LINE('',#8680,#1894);
#1348=LINE('',#8682,#1895);
#1349=LINE('',#8684,#1896);
#1350=LINE('',#8687,#1897);
#1351=LINE('',#8689,#1898);
#1352=LINE('',#8691,#1899);
#1353=LINE('',#8694,#1900);
#1354=LINE('',#8698,#1901);
#1355=LINE('',#8700,#1902);
#1356=LINE('',#8702,#1903);
#1357=LINE('',#8721,#1904);
#1358=LINE('',#8727,#1905);
#1359=LINE('',#8732,#1906);
#1360=LINE('',#8738,#1907);
#1361=LINE('',#8743,#1908);
#1362=LINE('',#8745,#1909);
#1363=LINE('',#8747,#1910);
#1364=LINE('',#8748,#1911);
#1365=LINE('',#8752,#1912);
#1366=LINE('',#8754,#1913);
#1367=LINE('',#8756,#1914);
#1368=LINE('',#8757,#1915);
#1369=LINE('',#8761,#1916);
#1370=LINE('',#8763,#1917);
#1371=LINE('',#8765,#1918);
#1372=LINE('',#8766,#1919);
#1373=LINE('',#8770,#1920);
#1374=LINE('',#8772,#1921);
#1375=LINE('',#8774,#1922);
#1376=LINE('',#8775,#1923);
#1377=LINE('',#8779,#1924);
#1378=LINE('',#8781,#1925);
#1379=LINE('',#8783,#1926);
#1380=LINE('',#8784,#1927);
#1381=LINE('',#8788,#1928);
#1382=LINE('',#8790,#1929);
#1383=LINE('',#8792,#1930);
#1384=LINE('',#8793,#1931);
#1385=LINE('',#8797,#1932);
#1386=LINE('',#8799,#1933);
#1387=LINE('',#8801,#1934);
#1388=LINE('',#8802,#1935);
#1389=LINE('',#8806,#1936);
#1390=LINE('',#8808,#1937);
#1391=LINE('',#8810,#1938);
#1392=LINE('',#8811,#1939);
#1393=LINE('',#8815,#1940);
#1394=LINE('',#8817,#1941);
#1395=LINE('',#8819,#1942);
#1396=LINE('',#8820,#1943);
#1397=LINE('',#8824,#1944);
#1398=LINE('',#8826,#1945);
#1399=LINE('',#8828,#1946);
#1400=LINE('',#8829,#1947);
#1401=LINE('',#8832,#1948);
#1402=LINE('',#8834,#1949);
#1403=LINE('',#8835,#1950);
#1404=LINE('',#8838,#1951);
#1405=LINE('',#8840,#1952);
#1406=LINE('',#8841,#1953);
#1407=LINE('',#8843,#1954);
#1408=LINE('',#8844,#1955);
#1409=LINE('',#8845,#1956);
#1410=LINE('',#8847,#1957);
#1411=LINE('',#8849,#1958);
#1412=LINE('',#8850,#1959);
#1413=LINE('',#8851,#1960);
#1414=LINE('',#8853,#1961);
#1415=LINE('',#8855,#1962);
#1416=LINE('',#8859,#1963);
#1417=LINE('',#8860,#1964);
#1418=LINE('',#8863,#1965);
#1419=LINE('',#8865,#1966);
#1420=LINE('',#8866,#1967);
#1421=LINE('',#8869,#1968);
#1422=LINE('',#8871,#1969);
#1423=LINE('',#8872,#1970);
#1424=LINE('',#8874,#1971);
#1425=LINE('',#8875,#1972);
#1426=LINE('',#8877,#1973);
#1427=LINE('',#8879,#1974);
#1428=LINE('',#8880,#1975);
#1429=LINE('',#8882,#1976);
#1430=LINE('',#8884,#1977);
#1431=LINE('',#8888,#1978);
#1432=LINE('',#8889,#1979);
#1433=LINE('',#8890,#1980);
#1434=LINE('',#8892,#1981);
#1435=LINE('',#8893,#1982);
#1436=LINE('',#8895,#1983);
#1437=LINE('',#8901,#1984);
#1438=LINE('',#8904,#1985);
#1439=LINE('',#8907,#1986);
#1440=LINE('',#8911,#1987);
#1441=LINE('',#8913,#1988);
#1442=LINE('',#8914,#1989);
#1443=LINE('',#8917,#1990);
#1444=LINE('',#8918,#1991);
#1445=LINE('',#8922,#1992);
#1446=LINE('',#8925,#1993);
#1447=LINE('',#8927,#1994);
#1448=LINE('',#8928,#1995);
#1449=LINE('',#8931,#1996);
#1450=LINE('',#8933,#1997);
#1451=LINE('',#8934,#1998);
#1452=LINE('',#8937,#1999);
#1453=LINE('',#8938,#2000);
#1454=LINE('',#8941,#2001);
#1455=LINE('',#8942,#2002);
#1456=LINE('',#8944,#2003);
#1457=LINE('',#8945,#2004);
#1458=LINE('',#8947,#2005);
#1459=LINE('',#8956,#2006);
#1460=LINE('',#8959,#2007);
#1461=LINE('',#8962,#2008);
#1462=LINE('',#8964,#2009);
#1463=LINE('',#8966,#2010);
#1464=LINE('',#8970,#2011);
#1465=LINE('',#8971,#2012);
#1466=LINE('',#8974,#2013);
#1467=LINE('',#8975,#2014);
#1468=LINE('',#8981,#2015);
#1469=LINE('',#8984,#2016);
#1470=LINE('',#9003,#2017);
#1471=LINE('',#9004,#2018);
#1472=LINE('',#9007,#2019);
#1473=LINE('',#9009,#2020);
#1474=LINE('',#9013,#2021);
#1475=LINE('',#9015,#2022);
#1476=LINE('',#9016,#2023);
#1477=LINE('',#9019,#2024);
#1478=LINE('',#9020,#2025);
#1479=LINE('',#9023,#2026);
#1480=LINE('',#9027,#2027);
#1481=LINE('',#9028,#2028);
#1482=LINE('',#9034,#2029);
#1483=LINE('',#9037,#2030);
#1484=LINE('',#9056,#2031);
#1485=LINE('',#9057,#2032);
#1486=LINE('',#9060,#2033);
#1487=LINE('',#9062,#2034);
#1488=LINE('',#9066,#2035);
#1489=LINE('',#9068,#2036);
#1490=LINE('',#9069,#2037);
#1491=LINE('',#9072,#2038);
#1492=LINE('',#9073,#2039);
#1493=LINE('',#9076,#2040);
#1494=LINE('',#9080,#2041);
#1495=LINE('',#9081,#2042);
#1496=LINE('',#9084,#2043);
#1497=LINE('',#9086,#2044);
#1498=LINE('',#9090,#2045);
#1499=LINE('',#9091,#2046);
#1500=LINE('',#9093,#2047);
#1501=LINE('',#9096,#2048);
#1502=LINE('',#9098,#2049);
#1503=LINE('',#9099,#2050);
#1504=LINE('',#9102,#2051);
#1505=LINE('',#9105,#2052);
#1506=LINE('',#9108,#2053);
#1507=LINE('',#9109,#2054);
#1508=LINE('',#9113,#2055);
#1509=LINE('',#9116,#2056);
#1510=LINE('',#9117,#2057);
#1511=LINE('',#9120,#2058);
#1512=LINE('',#9124,#2059);
#1513=LINE('',#9125,#2060);
#1514=LINE('',#9129,#2061);
#1515=LINE('',#9131,#2062);
#1516=LINE('',#9133,#2063);
#1517=LINE('',#9134,#2064);
#1518=LINE('',#9137,#2065);
#1519=LINE('',#9139,#2066);
#1520=LINE('',#9140,#2067);
#1521=LINE('',#9143,#2068);
#1522=LINE('',#9145,#2069);
#1523=LINE('',#9146,#2070);
#1524=LINE('',#9152,#2071);
#1525=LINE('',#9155,#2072);
#1526=LINE('',#9157,#2073);
#1527=LINE('',#9158,#2074);
#1528=LINE('',#9165,#2075);
#1529=LINE('',#9167,#2076);
#1530=LINE('',#9171,#2077);
#1531=LINE('',#9174,#2078);
#1532=LINE('',#9180,#2079);
#1533=LINE('',#9183,#2080);
#1534=LINE('',#9189,#2081);
#1535=LINE('',#9190,#2082);
#1536=LINE('',#9195,#2083);
#1537=LINE('',#9196,#2084);
#1538=LINE('',#9202,#2085);
#1539=LINE('',#9205,#2086);
#1540=LINE('',#9208,#2087);
#1541=LINE('',#9210,#2088);
#1542=LINE('',#9216,#2089);
#1543=LINE('',#9220,#2090);
#1544=LINE('',#9222,#2091);
#1545=LINE('',#9223,#2092);
#1546=LINE('',#9224,#2093);
#1547=LINE('',#9225,#2094);
#1548=LINE('',#9227,#2095);
#1549=LINE('',#9228,#2096);
#1550=LINE('',#9229,#2097);
#1551=LINE('',#9233,#2098);
#1552=LINE('',#9236,#2099);
#1553=LINE('',#9238,#2100);
#1554=LINE('',#9240,#2101);
#1555=LINE('',#9244,#2102);
#1556=LINE('',#9245,#2103);
#1557=LINE('',#9247,#2104);
#1558=LINE('',#9251,#2105);
#1559=LINE('',#9252,#2106);
#1560=LINE('',#9254,#2107);
#1561=LINE('',#9256,#2108);
#1562=LINE('',#9258,#2109);
#1563=LINE('',#9260,#2110);
#1564=VECTOR('',#5874,10.);
#1565=VECTOR('',#5875,10.);
#1566=VECTOR('',#5876,10.);
#1567=VECTOR('',#5877,10.);
#1568=VECTOR('',#5878,10.);
#1569=VECTOR('',#5879,10.);
#1570=VECTOR('',#5882,10.);
#1571=VECTOR('',#5883,10.);
#1572=VECTOR('',#5884,10.);
#1573=VECTOR('',#5885,10.);
#1574=VECTOR('',#5888,10.);
#1575=VECTOR('',#5889,10.);
#1576=VECTOR('',#5890,10.);
#1577=VECTOR('',#5893,10.);
#1578=VECTOR('',#5894,10.);
#1579=VECTOR('',#5895,10.);
#1580=VECTOR('',#5898,10.);
#1581=VECTOR('',#5899,10.);
#1582=VECTOR('',#5904,10.);
#1583=VECTOR('',#5905,10.);
#1584=VECTOR('',#5906,10.);
#1585=VECTOR('',#5907,10.);
#1586=VECTOR('',#5908,10.);
#1587=VECTOR('',#5909,10.);
#1588=VECTOR('',#5912,10.);
#1589=VECTOR('',#5913,10.);
#1590=VECTOR('',#5914,10.);
#1591=VECTOR('',#5915,10.);
#1592=VECTOR('',#5918,10.);
#1593=VECTOR('',#5919,10.);
#1594=VECTOR('',#5920,10.);
#1595=VECTOR('',#5923,10.);
#1596=VECTOR('',#5924,10.);
#1597=VECTOR('',#5925,10.);
#1598=VECTOR('',#5928,10.);
#1599=VECTOR('',#5929,10.);
#1600=VECTOR('',#5936,10.);
#1601=VECTOR('',#5939,10.);
#1602=VECTOR('',#5942,10.);
#1603=VECTOR('',#5943,10.);
#1604=VECTOR('',#5944,10.);
#1605=VECTOR('',#5949,10.);
#1606=VECTOR('',#5952,10.);
#1607=VECTOR('',#5955,10.);
#1608=VECTOR('',#5956,10.);
#1609=VECTOR('',#5961,10.);
#1610=VECTOR('',#5966,10.);
#1611=VECTOR('',#5967,10.);
#1612=VECTOR('',#5968,10.);
#1613=VECTOR('',#5973,10.);
#1614=VECTOR('',#5978,10.);
#1615=VECTOR('',#5979,10.);
#1616=VECTOR('',#5984,2.6);
#1617=VECTOR('',#5991,2.6);
#1618=VECTOR('',#5998,2.6);
#1619=VECTOR('',#6005,2.6);
#1620=VECTOR('',#6010,10.);
#1621=VECTOR('',#6011,10.);
#1622=VECTOR('',#6012,10.);
#1623=VECTOR('',#6013,10.);
#1624=VECTOR('',#6016,10.);
#1625=VECTOR('',#6017,10.);
#1626=VECTOR('',#6018,10.);
#1627=VECTOR('',#6019,10.);
#1628=VECTOR('',#6024,10.);
#1629=VECTOR('',#6029,10.);
#1630=VECTOR('',#6030,10.);
#1631=VECTOR('',#6031,10.);
#1632=VECTOR('',#6036,10.);
#1633=VECTOR('',#6041,10.);
#1634=VECTOR('',#6042,10.);
#1635=VECTOR('',#6043,10.);
#1636=VECTOR('',#6070,10.);
#1637=VECTOR('',#6073,10.);
#1638=VECTOR('',#6074,10.);
#1639=VECTOR('',#6075,10.);
#1640=VECTOR('',#6078,10.);
#1641=VECTOR('',#6081,10.);
#1642=VECTOR('',#6082,10.);
#1643=VECTOR('',#6083,10.);
#1644=VECTOR('',#6084,10.);
#1645=VECTOR('',#6085,10.);
#1646=VECTOR('',#6086,10.);
#1647=VECTOR('',#6087,10.);
#1648=VECTOR('',#6088,10.);
#1649=VECTOR('',#6109,10.);
#1650=VECTOR('',#6110,10.);
#1651=VECTOR('',#6115,10.);
#1652=VECTOR('',#6116,10.);
#1653=VECTOR('',#6117,10.);
#1654=VECTOR('',#6118,10.);
#1655=VECTOR('',#6119,10.);
#1656=VECTOR('',#6122,10.);
#1657=VECTOR('',#6125,10.);
#1658=VECTOR('',#6128,10.);
#1659=VECTOR('',#6131,10.);
#1660=VECTOR('',#6134,10.);
#1661=VECTOR('',#6137,10.);
#1662=VECTOR('',#6140,10.);
#1663=VECTOR('',#6143,10.);
#1664=VECTOR('',#6146,10.);
#1665=VECTOR('',#6149,10.);
#1666=VECTOR('',#6154,10.);
#1667=VECTOR('',#6157,10.);
#1668=VECTOR('',#6160,10.);
#1669=VECTOR('',#6163,10.);
#1670=VECTOR('',#6166,10.);
#1671=VECTOR('',#6171,10.);
#1672=VECTOR('',#6174,10.);
#1673=VECTOR('',#6177,10.);
#1674=VECTOR('',#6178,10.);
#1675=VECTOR('',#6179,10.);
#1676=VECTOR('',#6180,10.);
#1677=VECTOR('',#6181,10.);
#1678=VECTOR('',#6182,10.);
#1679=VECTOR('',#6183,10.);
#1680=VECTOR('',#6188,10.);
#1681=VECTOR('',#6191,10.);
#1682=VECTOR('',#6194,10.);
#1683=VECTOR('',#6195,10.);
#1684=VECTOR('',#6196,10.);
#1685=VECTOR('',#6197,10.);
#1686=VECTOR('',#6198,10.);
#1687=VECTOR('',#6199,10.);
#1688=VECTOR('',#6200,10.);
#1689=VECTOR('',#6205,10.);
#1690=VECTOR('',#6208,10.);
#1691=VECTOR('',#6211,10.);
#1692=VECTOR('',#6212,10.);
#1693=VECTOR('',#6213,10.);
#1694=VECTOR('',#6218,10.);
#1695=VECTOR('',#6221,10.);
#1696=VECTOR('',#6224,10.);
#1697=VECTOR('',#6225,10.);
#1698=VECTOR('',#6226,10.);
#1699=VECTOR('',#6229,10.);
#1700=VECTOR('',#6230,10.);
#1701=VECTOR('',#6233,10.);
#1702=VECTOR('',#6234,10.);
#1703=VECTOR('',#6237,10.);
#1704=VECTOR('',#6240,10.);
#1705=VECTOR('',#6241,10.);
#1706=VECTOR('',#6242,10.);
#1707=VECTOR('',#6245,10.);
#1708=VECTOR('',#6252,10.);
#1709=VECTOR('',#6257,10.);
#1710=VECTOR('',#6258,10.);
#1711=VECTOR('',#6261,10.);
#1712=VECTOR('',#6262,10.);
#1713=VECTOR('',#6265,10.);
#1714=VECTOR('',#6268,10.);
#1715=VECTOR('',#6271,10.);
#1716=VECTOR('',#6272,10.);
#1717=VECTOR('',#6277,10.);
#1718=VECTOR('',#6280,10.);
#1719=VECTOR('',#6283,10.);
#1720=VECTOR('',#6284,10.);
#1721=VECTOR('',#6285,10.);
#1722=VECTOR('',#6290,10.);
#1723=VECTOR('',#6295,10.);
#1724=VECTOR('',#6296,10.);
#1725=VECTOR('',#6297,10.);
#1726=VECTOR('',#6302,10.);
#1727=VECTOR('',#6305,10.);
#1728=VECTOR('',#6308,10.);
#1729=VECTOR('',#6309,10.);
#1730=VECTOR('',#6310,10.);
#1731=VECTOR('',#6313,10.);
#1732=VECTOR('',#6314,10.);
#1733=VECTOR('',#6315,10.);
#1734=VECTOR('',#6318,10.);
#1735=VECTOR('',#6321,10.);
#1736=VECTOR('',#6322,10.);
#1737=VECTOR('',#6323,10.);
#1738=VECTOR('',#6326,10.);
#1739=VECTOR('',#6331,10.);
#1740=VECTOR('',#6334,10.);
#1741=VECTOR('',#6337,10.);
#1742=VECTOR('',#6338,10.);
#1743=VECTOR('',#6343,10.);
#1744=VECTOR('',#6346,10.);
#1745=VECTOR('',#6347,10.);
#1746=VECTOR('',#6348,10.);
#1747=VECTOR('',#6351,10.);
#1748=VECTOR('',#6354,10.);
#1749=VECTOR('',#6355,10.);
#1750=VECTOR('',#6356,10.);
#1751=VECTOR('',#6359,10.);
#1752=VECTOR('',#6364,10.);
#1753=VECTOR('',#6365,10.);
#1754=VECTOR('',#6370,10.);
#1755=VECTOR('',#6373,10.);
#1756=VECTOR('',#6376,10.);
#1757=VECTOR('',#6379,10.);
#1758=VECTOR('',#6392,10.);
#1759=VECTOR('',#6393,10.);
#1760=VECTOR('',#6406,10.);
#1761=VECTOR('',#6407,10.);
#1762=VECTOR('',#6412,10.);
#1763=VECTOR('',#6413,10.);
#1764=VECTOR('',#6416,10.);
#1765=VECTOR('',#6417,10.);
#1766=VECTOR('',#6422,10.);
#1767=VECTOR('',#6423,10.);
#1768=VECTOR('',#6426,10.);
#1769=VECTOR('',#6427,10.);
#1770=VECTOR('',#6428,10.);
#1771=VECTOR('',#6429,10.);
#1772=VECTOR('',#6430,10.);
#1773=VECTOR('',#6431,10.);
#1774=VECTOR('',#6432,10.);
#1775=VECTOR('',#6433,10.);
#1776=VECTOR('',#6434,10.);
#1777=VECTOR('',#6435,10.);
#1778=VECTOR('',#6436,10.);
#1779=VECTOR('',#6437,10.);
#1780=VECTOR('',#6438,10.);
#1781=VECTOR('',#6439,10.);
#1782=VECTOR('',#6440,10.);
#1783=VECTOR('',#6441,10.);
#1784=VECTOR('',#6442,10.);
#1785=VECTOR('',#6447,10.);
#1786=VECTOR('',#6450,10.);
#1787=VECTOR('',#6451,10.);
#1788=VECTOR('',#6452,10.);
#1789=VECTOR('',#6453,10.);
#1790=VECTOR('',#6454,10.);
#1791=VECTOR('',#6455,10.);
#1792=VECTOR('',#6458,10.);
#1793=VECTOR('',#6461,10.);
#1794=VECTOR('',#6462,10.);
#1795=VECTOR('',#6463,10.);
#1796=VECTOR('',#6466,10.);
#1797=VECTOR('',#6467,10.);
#1798=VECTOR('',#6468,10.);
#1799=VECTOR('',#6469,10.);
#1800=VECTOR('',#6470,10.);
#1801=VECTOR('',#6471,10.);
#1802=VECTOR('',#6472,10.);
#1803=VECTOR('',#6473,10.);
#1804=VECTOR('',#6478,10.);
#1805=VECTOR('',#6487,10.);
#1806=VECTOR('',#6498,10.);
#1807=VECTOR('',#6501,10.);
#1808=VECTOR('',#6502,10.);
#1809=VECTOR('',#6503,10.);
#1810=VECTOR('',#6508,10.);
#1811=VECTOR('',#6513,10.);
#1812=VECTOR('',#6514,10.);
#1813=VECTOR('',#6517,10.);
#1814=VECTOR('',#6522,10.);
#1815=VECTOR('',#6523,10.);
#1816=VECTOR('',#6526,10.);
#1817=VECTOR('',#6531,10.);
#1818=VECTOR('',#6536,10.);
#1819=VECTOR('',#6541,10.);
#1820=VECTOR('',#6542,10.);
#1821=VECTOR('',#6543,10.);
#1822=VECTOR('',#6544,10.);
#1823=VECTOR('',#6551,10.);
#1824=VECTOR('',#6554,10.);
#1825=VECTOR('',#6555,10.);
#1826=VECTOR('',#6556,10.);
#1827=VECTOR('',#6557,10.);
#1828=VECTOR('',#6558,10.);
#1829=VECTOR('',#6559,10.);
#1830=VECTOR('',#6560,10.);
#1831=VECTOR('',#6563,10.);
#1832=VECTOR('',#6564,10.);
#1833=VECTOR('',#6565,10.);
#1834=VECTOR('',#6566,10.);
#1835=VECTOR('',#6577,10.);
#1836=VECTOR('',#6578,10.);
#1837=VECTOR('',#6579,10.);
#1838=VECTOR('',#6582,10.);
#1839=VECTOR('',#6583,10.);
#1840=VECTOR('',#6584,10.);
#1841=VECTOR('',#6587,10.);
#1842=VECTOR('',#6588,10.);
#1843=VECTOR('',#6589,10.);
#1844=VECTOR('',#6592,10.);
#1845=VECTOR('',#6595,10.);
#1846=VECTOR('',#6596,10.);
#1847=VECTOR('',#6597,10.);
#1848=VECTOR('',#6606,10.);
#1849=VECTOR('',#6607,10.);
#1850=VECTOR('',#6608,10.);
#1851=VECTOR('',#6617,10.);
#1852=VECTOR('',#6618,10.);
#1853=VECTOR('',#6619,10.);
#1854=VECTOR('',#6622,10.);
#1855=VECTOR('',#6629,10.);
#1856=VECTOR('',#6630,10.);
#1857=VECTOR('',#6631,10.);
#1858=VECTOR('',#6632,10.);
#1859=VECTOR('',#6633,10.);
#1860=VECTOR('',#6634,10.);
#1861=VECTOR('',#6637,10.);
#1862=VECTOR('',#6638,10.);
#1863=VECTOR('',#6639,10.);
#1864=VECTOR('',#6648,10.);
#1865=VECTOR('',#6649,10.);
#1866=VECTOR('',#6650,10.);
#1867=VECTOR('',#6659,10.);
#1868=VECTOR('',#6660,10.);
#1869=VECTOR('',#6661,10.);
#1870=VECTOR('',#6670,10.);
#1871=VECTOR('',#6671,10.);
#1872=VECTOR('',#6678,10.);
#1873=VECTOR('',#6681,10.);
#1874=VECTOR('',#6688,10.);
#1875=VECTOR('',#6691,10.);
#1876=VECTOR('',#6698,10.);
#1877=VECTOR('',#6701,10.);
#1878=VECTOR('',#6712,10.);
#1879=VECTOR('',#6717,10.);
#1880=VECTOR('',#6724,10.);
#1881=VECTOR('',#6727,10.);
#1882=VECTOR('',#6730,10.);
#1883=VECTOR('',#6735,10.);
#1884=VECTOR('',#6738,10.);
#1885=VECTOR('',#6753,10.);
#1886=VECTOR('',#6754,10.);
#1887=VECTOR('',#6755,10.);
#1888=VECTOR('',#6756,10.);
#1889=VECTOR('',#6759,10.);
#1890=VECTOR('',#6762,10.);
#1891=VECTOR('',#6765,10.);
#1892=VECTOR('',#6766,10.);
#1893=VECTOR('',#6773,10.);
#1894=VECTOR('',#6774,10.);
#1895=VECTOR('',#6777,10.);
#1896=VECTOR('',#6780,10.);
#1897=VECTOR('',#6785,10.);
#1898=VECTOR('',#6788,10.);
#1899=VECTOR('',#6791,10.);
#1900=VECTOR('',#6796,10.);
#1901=VECTOR('',#6803,10.);
#1902=VECTOR('',#6806,10.);
#1903=VECTOR('',#6809,10.);
#1904=VECTOR('',#6836,3.25);
#1905=VECTOR('',#6843,3.25);
#1906=VECTOR('',#6850,2.25);
#1907=VECTOR('',#6857,2.25);
#1908=VECTOR('',#6862,10.);
#1909=VECTOR('',#6863,10.);
#1910=VECTOR('',#6864,10.);
#1911=VECTOR('',#6865,10.);
#1912=VECTOR('',#6868,10.);
#1913=VECTOR('',#6869,10.);
#1914=VECTOR('',#6870,10.);
#1915=VECTOR('',#6871,10.);
#1916=VECTOR('',#6874,10.);
#1917=VECTOR('',#6875,10.);
#1918=VECTOR('',#6876,10.);
#1919=VECTOR('',#6877,10.);
#1920=VECTOR('',#6880,10.);
#1921=VECTOR('',#6881,10.);
#1922=VECTOR('',#6882,10.);
#1923=VECTOR('',#6883,10.);
#1924=VECTOR('',#6886,10.);
#1925=VECTOR('',#6887,10.);
#1926=VECTOR('',#6888,10.);
#1927=VECTOR('',#6889,10.);
#1928=VECTOR('',#6892,10.);
#1929=VECTOR('',#6893,10.);
#1930=VECTOR('',#6894,10.);
#1931=VECTOR('',#6895,10.);
#1932=VECTOR('',#6898,10.);
#1933=VECTOR('',#6899,10.);
#1934=VECTOR('',#6900,10.);
#1935=VECTOR('',#6901,10.);
#1936=VECTOR('',#6904,10.);
#1937=VECTOR('',#6905,10.);
#1938=VECTOR('',#6906,10.);
#1939=VECTOR('',#6907,10.);
#1940=VECTOR('',#6910,10.);
#1941=VECTOR('',#6911,10.);
#1942=VECTOR('',#6912,10.);
#1943=VECTOR('',#6913,10.);
#1944=VECTOR('',#6916,10.);
#1945=VECTOR('',#6917,10.);
#1946=VECTOR('',#6918,10.);
#1947=VECTOR('',#6919,10.);
#1948=VECTOR('',#6922,10.);
#1949=VECTOR('',#6923,10.);
#1950=VECTOR('',#6924,10.);
#1951=VECTOR('',#6927,10.);
#1952=VECTOR('',#6928,10.);
#1953=VECTOR('',#6929,10.);
#1954=VECTOR('',#6932,10.);
#1955=VECTOR('',#6933,10.);
#1956=VECTOR('',#6934,10.);
#1957=VECTOR('',#6937,10.);
#1958=VECTOR('',#6940,10.);
#1959=VECTOR('',#6941,10.);
#1960=VECTOR('',#6942,10.);
#1961=VECTOR('',#6945,10.);
#1962=VECTOR('',#6948,10.);
#1963=VECTOR('',#6955,10.);
#1964=VECTOR('',#6956,10.);
#1965=VECTOR('',#6959,10.);
#1966=VECTOR('',#6960,10.);
#1967=VECTOR('',#6961,10.);
#1968=VECTOR('',#6964,10.);
#1969=VECTOR('',#6965,10.);
#1970=VECTOR('',#6966,10.);
#1971=VECTOR('',#6969,10.);
#1972=VECTOR('',#6970,10.);
#1973=VECTOR('',#6973,10.);
#1974=VECTOR('',#6976,10.);
#1975=VECTOR('',#6977,10.);
#1976=VECTOR('',#6980,10.);
#1977=VECTOR('',#6983,10.);
#1978=VECTOR('',#6988,10.);
#1979=VECTOR('',#6989,10.);
#1980=VECTOR('',#6990,10.);
#1981=VECTOR('',#6993,10.);
#1982=VECTOR('',#6994,10.);
#1983=VECTOR('',#6997,10.);
#1984=VECTOR('',#7002,10.);
#1985=VECTOR('',#7005,10.);
#1986=VECTOR('',#7008,10.);
#1987=VECTOR('',#7011,10.);
#1988=VECTOR('',#7012,10.);
#1989=VECTOR('',#7013,10.);
#1990=VECTOR('',#7016,10.);
#1991=VECTOR('',#7017,10.);
#1992=VECTOR('',#7022,10.);
#1993=VECTOR('',#7025,10.);
#1994=VECTOR('',#7026,10.);
#1995=VECTOR('',#7027,10.);
#1996=VECTOR('',#7030,10.);
#1997=VECTOR('',#7031,10.);
#1998=VECTOR('',#7032,10.);
#1999=VECTOR('',#7035,10.);
#2000=VECTOR('',#7036,10.);
#2001=VECTOR('',#7039,10.);
#2002=VECTOR('',#7040,10.);
#2003=VECTOR('',#7043,10.);
#2004=VECTOR('',#7044,10.);
#2005=VECTOR('',#7047,10.);
#2006=VECTOR('',#7058,10.);
#2007=VECTOR('',#7061,10.);
#2008=VECTOR('',#7064,10.);
#2009=VECTOR('',#7065,10.);
#2010=VECTOR('',#7066,10.);
#2011=VECTOR('',#7069,10.);
#2012=VECTOR('',#7070,10.);
#2013=VECTOR('',#7073,10.);
#2014=VECTOR('',#7074,10.);
#2015=VECTOR('',#7079,10.);
#2016=VECTOR('',#7082,10.);
#2017=VECTOR('',#7093,10.);
#2018=VECTOR('',#7094,10.);
#2019=VECTOR('',#7097,10.);
#2020=VECTOR('',#7098,10.);
#2021=VECTOR('',#7101,10.);
#2022=VECTOR('',#7102,10.);
#2023=VECTOR('',#7103,10.);
#2024=VECTOR('',#7106,10.);
#2025=VECTOR('',#7107,10.);
#2026=VECTOR('',#7110,10.);
#2027=VECTOR('',#7115,10.);
#2028=VECTOR('',#7116,10.);
#2029=VECTOR('',#7121,10.);
#2030=VECTOR('',#7124,10.);
#2031=VECTOR('',#7135,10.);
#2032=VECTOR('',#7136,10.);
#2033=VECTOR('',#7139,10.);
#2034=VECTOR('',#7140,10.);
#2035=VECTOR('',#7143,10.);
#2036=VECTOR('',#7144,10.);
#2037=VECTOR('',#7145,10.);
#2038=VECTOR('',#7148,10.);
#2039=VECTOR('',#7149,10.);
#2040=VECTOR('',#7152,10.);
#2041=VECTOR('',#7157,10.);
#2042=VECTOR('',#7158,10.);
#2043=VECTOR('',#7161,10.);
#2044=VECTOR('',#7162,10.);
#2045=VECTOR('',#7165,10.);
#2046=VECTOR('',#7166,10.);
#2047=VECTOR('',#7169,10.);
#2048=VECTOR('',#7172,10.);
#2049=VECTOR('',#7173,10.);
#2050=VECTOR('',#7174,10.);
#2051=VECTOR('',#7177,10.);
#2052=VECTOR('',#7182,10.);
#2053=VECTOR('',#7185,10.);
#2054=VECTOR('',#7186,10.);
#2055=VECTOR('',#7191,10.);
#2056=VECTOR('',#7194,10.);
#2057=VECTOR('',#7195,10.);
#2058=VECTOR('',#7198,10.);
#2059=VECTOR('',#7201,10.);
#2060=VECTOR('',#7202,10.);
#2061=VECTOR('',#7205,10.);
#2062=VECTOR('',#7206,10.);
#2063=VECTOR('',#7207,10.);
#2064=VECTOR('',#7208,10.);
#2065=VECTOR('',#7211,10.);
#2066=VECTOR('',#7212,10.);
#2067=VECTOR('',#7213,10.);
#2068=VECTOR('',#7216,10.);
#2069=VECTOR('',#7217,10.);
#2070=VECTOR('',#7218,10.);
#2071=VECTOR('',#7225,10.);
#2072=VECTOR('',#7228,10.);
#2073=VECTOR('',#7229,10.);
#2074=VECTOR('',#7230,10.);
#2075=VECTOR('',#7239,10.);
#2076=VECTOR('',#7240,10.);
#2077=VECTOR('',#7243,10.);
#2078=VECTOR('',#7246,10.);
#2079=VECTOR('',#7251,10.);
#2080=VECTOR('',#7254,10.);
#2081=VECTOR('',#7263,10.);
#2082=VECTOR('',#7264,10.);
#2083=VECTOR('',#7269,10.);
#2084=VECTOR('',#7270,10.);
#2085=VECTOR('',#7279,10.);
#2086=VECTOR('',#7282,10.);
#2087=VECTOR('',#7285,10.);
#2088=VECTOR('',#7288,10.);
#2089=VECTOR('',#7293,10.);
#2090=VECTOR('',#7296,10.);
#2091=VECTOR('',#7297,10.);
#2092=VECTOR('',#7298,10.);
#2093=VECTOR('',#7299,10.);
#2094=VECTOR('',#7300,10.);
#2095=VECTOR('',#7301,10.);
#2096=VECTOR('',#7302,10.);
#2097=VECTOR('',#7303,10.);
#2098=VECTOR('',#7308,10.);
#2099=VECTOR('',#7313,10.);
#2100=VECTOR('',#7316,10.);
#2101=VECTOR('',#7319,10.);
#2102=VECTOR('',#7324,10.);
#2103=VECTOR('',#7325,10.);
#2104=VECTOR('',#7328,10.);
#2105=VECTOR('',#7335,10.);
#2106=VECTOR('',#7336,10.);
#2107=VECTOR('',#7339,10.);
#2108=VECTOR('',#7342,10.);
#2109=VECTOR('',#7345,10.);
#2110=VECTOR('',#7348,10.);
#2111=VERTEX_POINT('',#7355);
#2112=VERTEX_POINT('',#7356);
#2113=VERTEX_POINT('',#7358);
#2114=VERTEX_POINT('',#7360);
#2115=VERTEX_POINT('',#7373);
#2116=VERTEX_POINT('',#7379);
#2117=VERTEX_POINT('',#7396);
#2118=VERTEX_POINT('',#7402);
#2119=VERTEX_POINT('',#7410);
#2120=VERTEX_POINT('',#7412);
#2121=VERTEX_POINT('',#7425);
#2122=VERTEX_POINT('',#7431);
#2123=VERTEX_POINT('',#7439);
#2124=VERTEX_POINT('',#7441);
#2125=VERTEX_POINT('',#7445);
#2126=VERTEX_POINT('',#7447);
#2127=VERTEX_POINT('',#7455);
#2128=VERTEX_POINT('',#7456);
#2129=VERTEX_POINT('',#7458);
#2130=VERTEX_POINT('',#7460);
#2131=VERTEX_POINT('',#7473);
#2132=VERTEX_POINT('',#7479);
#2133=VERTEX_POINT('',#7496);
#2134=VERTEX_POINT('',#7502);
#2135=VERTEX_POINT('',#7510);
#2136=VERTEX_POINT('',#7512);
#2137=VERTEX_POINT('',#7525);
#2138=VERTEX_POINT('',#7531);
#2139=VERTEX_POINT('',#7539);
#2140=VERTEX_POINT('',#7541);
#2141=VERTEX_POINT('',#7545);
#2142=VERTEX_POINT('',#7547);
#2143=VERTEX_POINT('',#7555);
#2144=VERTEX_POINT('',#7556);
#2145=VERTEX_POINT('',#7558);
#2146=VERTEX_POINT('',#7560);
#2147=VERTEX_POINT('',#7564);
#2148=VERTEX_POINT('',#7566);
#2149=VERTEX_POINT('',#7570);
#2150=VERTEX_POINT('',#7571);
#2151=VERTEX_POINT('',#7573);
#2152=VERTEX_POINT('',#7575);
#2153=VERTEX_POINT('',#7582);
#2154=VERTEX_POINT('',#7584);
#2155=VERTEX_POINT('',#7588);
#2156=VERTEX_POINT('',#7590);
#2157=VERTEX_POINT('',#7594);
#2158=VERTEX_POINT('',#7596);
#2159=VERTEX_POINT('',#7603);
#2160=VERTEX_POINT('',#7605);
#2161=VERTEX_POINT('',#7609);
#2162=VERTEX_POINT('',#7611);
#2163=VERTEX_POINT('',#7615);
#2164=VERTEX_POINT('',#7617);
#2165=VERTEX_POINT('',#7621);
#2166=VERTEX_POINT('',#7623);
#2167=VERTEX_POINT('',#7627);
#2168=VERTEX_POINT('',#7628);
#2169=VERTEX_POINT('',#7630);
#2170=VERTEX_POINT('',#7632);
#2171=VERTEX_POINT('',#7636);
#2172=VERTEX_POINT('',#7637);
#2173=VERTEX_POINT('',#7639);
#2174=VERTEX_POINT('',#7641);
#2175=VERTEX_POINT('',#7645);
#2176=VERTEX_POINT('',#7647);
#2177=VERTEX_POINT('',#7651);
#2178=VERTEX_POINT('',#7653);
#2179=VERTEX_POINT('',#7657);
#2180=VERTEX_POINT('',#7659);
#2181=VERTEX_POINT('',#7663);
#2182=VERTEX_POINT('',#7665);
#2183=VERTEX_POINT('',#7675);
#2184=VERTEX_POINT('',#7676);
#2185=VERTEX_POINT('',#7678);
#2186=VERTEX_POINT('',#7680);
#2187=VERTEX_POINT('',#7682);
#2188=VERTEX_POINT('',#7716);
#2189=VERTEX_POINT('',#7718);
#2190=VERTEX_POINT('',#7720);
#2191=VERTEX_POINT('',#7722);
#2192=VERTEX_POINT('',#7724);
#2193=VERTEX_POINT('',#7726);
#2194=VERTEX_POINT('',#7729);
#2195=VERTEX_POINT('',#7731);
#2196=VERTEX_POINT('',#7732);
#2197=VERTEX_POINT('',#7734);
#2198=VERTEX_POINT('',#7736);
#2199=VERTEX_POINT('',#7739);
#2200=VERTEX_POINT('',#7740);
#2201=VERTEX_POINT('',#7742);
#2202=VERTEX_POINT('',#7744);
#2203=VERTEX_POINT('',#7774);
#2204=VERTEX_POINT('',#7780);
#2205=VERTEX_POINT('',#7781);
#2206=VERTEX_POINT('',#7812);
#2207=VERTEX_POINT('',#7818);
#2208=VERTEX_POINT('',#7819);
#2209=VERTEX_POINT('',#7830);
#2210=VERTEX_POINT('',#7832);
#2211=VERTEX_POINT('',#7845);
#2212=VERTEX_POINT('',#7847);
#2213=VERTEX_POINT('',#7849);
#2214=VERTEX_POINT('',#7851);
#2215=VERTEX_POINT('',#7853);
#2216=VERTEX_POINT('',#7855);
#2217=VERTEX_POINT('',#7857);
#2218=VERTEX_POINT('',#7859);
#2219=VERTEX_POINT('',#7861);
#2220=VERTEX_POINT('',#7863);
#2221=VERTEX_POINT('',#7865);
#2222=VERTEX_POINT('',#7867);
#2223=VERTEX_POINT('',#7869);
#2224=VERTEX_POINT('',#7871);
#2225=VERTEX_POINT('',#7873);
#2226=VERTEX_POINT('',#7875);
#2227=VERTEX_POINT('',#7877);
#2228=VERTEX_POINT('',#7879);
#2229=VERTEX_POINT('',#7881);
#2230=VERTEX_POINT('',#7883);
#2231=VERTEX_POINT('',#7885);
#2232=VERTEX_POINT('',#7887);
#2233=VERTEX_POINT('',#7890);
#2234=VERTEX_POINT('',#7891);
#2235=VERTEX_POINT('',#7893);
#2236=VERTEX_POINT('',#7895);
#2237=VERTEX_POINT('',#7899);
#2238=VERTEX_POINT('',#7910);
#2239=VERTEX_POINT('',#7923);
#2240=VERTEX_POINT('',#7934);
#2241=VERTEX_POINT('',#7947);
#2242=VERTEX_POINT('',#7958);
#2243=VERTEX_POINT('',#7971);
#2244=VERTEX_POINT('',#7982);
#2245=VERTEX_POINT('',#7995);
#2246=VERTEX_POINT('',#8006);
#2247=VERTEX_POINT('',#8019);
#2248=VERTEX_POINT('',#8020);
#2249=VERTEX_POINT('',#8022);
#2250=VERTEX_POINT('',#8024);
#2251=VERTEX_POINT('',#8028);
#2252=VERTEX_POINT('',#8030);
#2253=VERTEX_POINT('',#8032);
#2254=VERTEX_POINT('',#8034);
#2255=VERTEX_POINT('',#8036);
#2256=VERTEX_POINT('',#8038);
#2257=VERTEX_POINT('',#8042);
#2258=VERTEX_POINT('',#8043);
#2259=VERTEX_POINT('',#8045);
#2260=VERTEX_POINT('',#8047);
#2261=VERTEX_POINT('',#8051);
#2262=VERTEX_POINT('',#8053);
#2263=VERTEX_POINT('',#8055);
#2264=VERTEX_POINT('',#8057);
#2265=VERTEX_POINT('',#8059);
#2266=VERTEX_POINT('',#8061);
#2267=VERTEX_POINT('',#8065);
#2268=VERTEX_POINT('',#8066);
#2269=VERTEX_POINT('',#8068);
#2270=VERTEX_POINT('',#8070);
#2271=VERTEX_POINT('',#8074);
#2272=VERTEX_POINT('',#8076);
#2273=VERTEX_POINT('',#8080);
#2274=VERTEX_POINT('',#8081);
#2275=VERTEX_POINT('',#8083);
#2276=VERTEX_POINT('',#8085);
#2277=VERTEX_POINT('',#8089);
#2278=VERTEX_POINT('',#8091);
#2279=VERTEX_POINT('',#8096);
#2280=VERTEX_POINT('',#8098);
#2281=VERTEX_POINT('',#8100);
#2282=VERTEX_POINT('',#8102);
#2283=VERTEX_POINT('',#8104);
#2284=VERTEX_POINT('',#8106);
#2285=VERTEX_POINT('',#8109);
#2286=VERTEX_POINT('',#8111);
#2287=VERTEX_POINT('',#8113);
#2288=VERTEX_POINT('',#8115);
#2289=VERTEX_POINT('',#8117);
#2290=VERTEX_POINT('',#8121);
#2291=VERTEX_POINT('',#8125);
#2292=VERTEX_POINT('',#8126);
#2293=VERTEX_POINT('',#8131);
#2294=VERTEX_POINT('',#8135);
#2295=VERTEX_POINT('',#8137);
#2296=VERTEX_POINT('',#8141);
#2297=VERTEX_POINT('',#8145);
#2298=VERTEX_POINT('',#8146);
#2299=VERTEX_POINT('',#8148);
#2300=VERTEX_POINT('',#8150);
#2301=VERTEX_POINT('',#8154);
#2302=VERTEX_POINT('',#8156);
#2303=VERTEX_POINT('',#8160);
#2304=VERTEX_POINT('',#8162);
#2305=VERTEX_POINT('',#8166);
#2306=VERTEX_POINT('',#8168);
#2307=VERTEX_POINT('',#8172);
#2308=VERTEX_POINT('',#8173);
#2309=VERTEX_POINT('',#8175);
#2310=VERTEX_POINT('',#8177);
#2311=VERTEX_POINT('',#8181);
#2312=VERTEX_POINT('',#8183);
#2313=VERTEX_POINT('',#8188);
#2314=VERTEX_POINT('',#8190);
#2315=VERTEX_POINT('',#8192);
#2316=VERTEX_POINT('',#8194);
#2317=VERTEX_POINT('',#8197);
#2318=VERTEX_POINT('',#8199);
#2319=VERTEX_POINT('',#8201);
#2320=VERTEX_POINT('',#8203);
#2321=VERTEX_POINT('',#8205);
#2322=VERTEX_POINT('',#8209);
#2323=VERTEX_POINT('',#8211);
#2324=VERTEX_POINT('',#8215);
#2325=VERTEX_POINT('',#8219);
#2326=VERTEX_POINT('',#8224);
#2327=VERTEX_POINT('',#8227);
#2328=VERTEX_POINT('',#8229);
#2329=VERTEX_POINT('',#8231);
#2330=VERTEX_POINT('',#8233);
#2331=VERTEX_POINT('',#8238);
#2332=VERTEX_POINT('',#8242);
#2333=VERTEX_POINT('',#8246);
#2334=VERTEX_POINT('',#8256);
#2335=VERTEX_POINT('',#8257);
#2336=VERTEX_POINT('',#8259);
#2337=VERTEX_POINT('',#8263);
#2338=VERTEX_POINT('',#8264);
#2339=VERTEX_POINT('',#8269);
#2340=VERTEX_POINT('',#8270);
#2341=VERTEX_POINT('',#8272);
#2342=VERTEX_POINT('',#8276);
#2343=VERTEX_POINT('',#8277);
#2344=VERTEX_POINT('',#8282);
#2345=VERTEX_POINT('',#8283);
#2346=VERTEX_POINT('',#8291);
#2347=VERTEX_POINT('',#8292);
#2348=VERTEX_POINT('',#8297);
#2349=VERTEX_POINT('',#8299);
#2350=VERTEX_POINT('',#8301);
#2351=VERTEX_POINT('',#8303);
#2352=VERTEX_POINT('',#8308);
#2353=VERTEX_POINT('',#8309);
#2354=VERTEX_POINT('',#8311);
#2355=VERTEX_POINT('',#8313);
#2356=VERTEX_POINT('',#8315);
#2357=VERTEX_POINT('',#8317);
#2358=VERTEX_POINT('',#8319);
#2359=VERTEX_POINT('',#8321);
#2360=VERTEX_POINT('',#8323);
#2361=VERTEX_POINT('',#8325);
#2362=VERTEX_POINT('',#8329);
#2363=VERTEX_POINT('',#8331);
#2364=VERTEX_POINT('',#8334);
#2365=VERTEX_POINT('',#8336);
#2366=VERTEX_POINT('',#8339);
#2367=VERTEX_POINT('',#8341);
#2368=VERTEX_POINT('',#8344);
#2369=VERTEX_POINT('',#8346);
#2370=VERTEX_POINT('',#8349);
#2371=VERTEX_POINT('',#8351);
#2372=VERTEX_POINT('',#8356);
#2373=VERTEX_POINT('',#8358);
#2374=VERTEX_POINT('',#8361);
#2375=VERTEX_POINT('',#8363);
#2376=VERTEX_POINT('',#8368);
#2377=VERTEX_POINT('',#8370);
#2378=VERTEX_POINT('',#8382);
#2379=VERTEX_POINT('',#8386);
#2380=VERTEX_POINT('',#8398);
#2381=VERTEX_POINT('',#8402);
#2382=VERTEX_POINT('',#8406);
#2383=VERTEX_POINT('',#8408);
#2384=VERTEX_POINT('',#8411);
#2385=VERTEX_POINT('',#8414);
#2386=VERTEX_POINT('',#8418);
#2387=VERTEX_POINT('',#8422);
#2388=VERTEX_POINT('',#8426);
#2389=VERTEX_POINT('',#8429);
#2390=VERTEX_POINT('',#8431);
#2391=VERTEX_POINT('',#8434);
#2392=VERTEX_POINT('',#8436);
#2393=VERTEX_POINT('',#8441);
#2394=VERTEX_POINT('',#8444);
#2395=VERTEX_POINT('',#8445);
#2396=VERTEX_POINT('',#8447);
#2397=VERTEX_POINT('',#8449);
#2398=VERTEX_POINT('',#8453);
#2399=VERTEX_POINT('',#8455);
#2400=VERTEX_POINT('',#8460);
#2401=VERTEX_POINT('',#8462);
#2402=VERTEX_POINT('',#8469);
#2403=VERTEX_POINT('',#8470);
#2404=VERTEX_POINT('',#8472);
#2405=VERTEX_POINT('',#8474);
#2406=VERTEX_POINT('',#8481);
#2407=VERTEX_POINT('',#8483);
#2408=VERTEX_POINT('',#8485);
#2409=VERTEX_POINT('',#8487);
#2410=VERTEX_POINT('',#8489);
#2411=VERTEX_POINT('',#8491);
#2412=VERTEX_POINT('',#8493);
#2413=VERTEX_POINT('',#8495);
#2414=VERTEX_POINT('',#8497);
#2415=VERTEX_POINT('',#8499);
#2416=VERTEX_POINT('',#8501);
#2417=VERTEX_POINT('',#8503);
#2418=VERTEX_POINT('',#8508);
#2419=VERTEX_POINT('',#8509);
#2420=VERTEX_POINT('',#8517);
#2421=VERTEX_POINT('',#8518);
#2422=VERTEX_POINT('',#8526);
#2423=VERTEX_POINT('',#8527);
#2424=VERTEX_POINT('',#8532);
#2425=VERTEX_POINT('',#8533);
#2426=VERTEX_POINT('',#8541);
#2427=VERTEX_POINT('',#8543);
#2428=VERTEX_POINT('',#8547);
#2429=VERTEX_POINT('',#8548);
#2430=VERTEX_POINT('',#8556);
#2431=VERTEX_POINT('',#8557);
#2432=VERTEX_POINT('',#8565);
#2433=VERTEX_POINT('',#8566);
#2434=VERTEX_POINT('',#8598);
#2435=VERTEX_POINT('',#8600);
#2436=VERTEX_POINT('',#8604);
#2437=VERTEX_POINT('',#8605);
#2438=VERTEX_POINT('',#8612);
#2439=VERTEX_POINT('',#8613);
#2440=VERTEX_POINT('',#8615);
#2441=VERTEX_POINT('',#8617);
#2442=VERTEX_POINT('',#8619);
#2443=VERTEX_POINT('',#8636);
#2444=VERTEX_POINT('',#8637);
#2445=VERTEX_POINT('',#8639);
#2446=VERTEX_POINT('',#8641);
#2447=VERTEX_POINT('',#8643);
#2448=VERTEX_POINT('',#8706);
#2449=VERTEX_POINT('',#8710);
#2450=VERTEX_POINT('',#8714);
#2451=VERTEX_POINT('',#8716);
#2452=VERTEX_POINT('',#8719);
#2453=VERTEX_POINT('',#8724);
#2454=VERTEX_POINT('',#8726);
#2455=VERTEX_POINT('',#8731);
#2456=VERTEX_POINT('',#8735);
#2457=VERTEX_POINT('',#8737);
#2458=VERTEX_POINT('',#8741);
#2459=VERTEX_POINT('',#8742);
#2460=VERTEX_POINT('',#8744);
#2461=VERTEX_POINT('',#8746);
#2462=VERTEX_POINT('',#8750);
#2463=VERTEX_POINT('',#8751);
#2464=VERTEX_POINT('',#8753);
#2465=VERTEX_POINT('',#8755);
#2466=VERTEX_POINT('',#8759);
#2467=VERTEX_POINT('',#8760);
#2468=VERTEX_POINT('',#8762);
#2469=VERTEX_POINT('',#8764);
#2470=VERTEX_POINT('',#8768);
#2471=VERTEX_POINT('',#8769);
#2472=VERTEX_POINT('',#8771);
#2473=VERTEX_POINT('',#8773);
#2474=VERTEX_POINT('',#8777);
#2475=VERTEX_POINT('',#8778);
#2476=VERTEX_POINT('',#8780);
#2477=VERTEX_POINT('',#8782);
#2478=VERTEX_POINT('',#8786);
#2479=VERTEX_POINT('',#8787);
#2480=VERTEX_POINT('',#8789);
#2481=VERTEX_POINT('',#8791);
#2482=VERTEX_POINT('',#8795);
#2483=VERTEX_POINT('',#8796);
#2484=VERTEX_POINT('',#8798);
#2485=VERTEX_POINT('',#8800);
#2486=VERTEX_POINT('',#8804);
#2487=VERTEX_POINT('',#8805);
#2488=VERTEX_POINT('',#8807);
#2489=VERTEX_POINT('',#8809);
#2490=VERTEX_POINT('',#8813);
#2491=VERTEX_POINT('',#8814);
#2492=VERTEX_POINT('',#8816);
#2493=VERTEX_POINT('',#8818);
#2494=VERTEX_POINT('',#8822);
#2495=VERTEX_POINT('',#8823);
#2496=VERTEX_POINT('',#8825);
#2497=VERTEX_POINT('',#8827);
#2498=VERTEX_POINT('',#8831);
#2499=VERTEX_POINT('',#8833);
#2500=VERTEX_POINT('',#8837);
#2501=VERTEX_POINT('',#8839);
#2502=VERTEX_POINT('',#8862);
#2503=VERTEX_POINT('',#8864);
#2504=VERTEX_POINT('',#8868);
#2505=VERTEX_POINT('',#8870);
#2506=VERTEX_POINT('',#8887);
#2507=VERTEX_POINT('',#8897);
#2508=VERTEX_POINT('',#8898);
#2509=VERTEX_POINT('',#8900);
#2510=VERTEX_POINT('',#8902);
#2511=VERTEX_POINT('',#8906);
#2512=VERTEX_POINT('',#8908);
#2513=VERTEX_POINT('',#8910);
#2514=VERTEX_POINT('',#8912);
#2515=VERTEX_POINT('',#8916);
#2516=VERTEX_POINT('',#8920);
#2517=VERTEX_POINT('',#8924);
#2518=VERTEX_POINT('',#8926);
#2519=VERTEX_POINT('',#8930);
#2520=VERTEX_POINT('',#8932);
#2521=VERTEX_POINT('',#8936);
#2522=VERTEX_POINT('',#8940);
#2523=VERTEX_POINT('',#8952);
#2524=VERTEX_POINT('',#8953);
#2525=VERTEX_POINT('',#8955);
#2526=VERTEX_POINT('',#8957);
#2527=VERTEX_POINT('',#8961);
#2528=VERTEX_POINT('',#8963);
#2529=VERTEX_POINT('',#8965);
#2530=VERTEX_POINT('',#8967);
#2531=VERTEX_POINT('',#8969);
#2532=VERTEX_POINT('',#8973);
#2533=VERTEX_POINT('',#8977);
#2534=VERTEX_POINT('',#8978);
#2535=VERTEX_POINT('',#8980);
#2536=VERTEX_POINT('',#8982);
#2537=VERTEX_POINT('',#8994);
#2538=VERTEX_POINT('',#8996);
#2539=VERTEX_POINT('',#9000);
#2540=VERTEX_POINT('',#9001);
#2541=VERTEX_POINT('',#9006);
#2542=VERTEX_POINT('',#9008);
#2543=VERTEX_POINT('',#9010);
#2544=VERTEX_POINT('',#9012);
#2545=VERTEX_POINT('',#9014);
#2546=VERTEX_POINT('',#9018);
#2547=VERTEX_POINT('',#9022);
#2548=VERTEX_POINT('',#9026);
#2549=VERTEX_POINT('',#9030);
#2550=VERTEX_POINT('',#9031);
#2551=VERTEX_POINT('',#9033);
#2552=VERTEX_POINT('',#9035);
#2553=VERTEX_POINT('',#9047);
#2554=VERTEX_POINT('',#9049);
#2555=VERTEX_POINT('',#9053);
#2556=VERTEX_POINT('',#9054);
#2557=VERTEX_POINT('',#9059);
#2558=VERTEX_POINT('',#9061);
#2559=VERTEX_POINT('',#9063);
#2560=VERTEX_POINT('',#9065);
#2561=VERTEX_POINT('',#9067);
#2562=VERTEX_POINT('',#9071);
#2563=VERTEX_POINT('',#9075);
#2564=VERTEX_POINT('',#9079);
#2565=VERTEX_POINT('',#9083);
#2566=VERTEX_POINT('',#9085);
#2567=VERTEX_POINT('',#9087);
#2568=VERTEX_POINT('',#9089);
#2569=VERTEX_POINT('',#9095);
#2570=VERTEX_POINT('',#9097);
#2571=VERTEX_POINT('',#9101);
#2572=VERTEX_POINT('',#9107);
#2573=VERTEX_POINT('',#9111);
#2574=VERTEX_POINT('',#9115);
#2575=VERTEX_POINT('',#9119);
#2576=VERTEX_POINT('',#9121);
#2577=VERTEX_POINT('',#9123);
#2578=VERTEX_POINT('',#9127);
#2579=VERTEX_POINT('',#9128);
#2580=VERTEX_POINT('',#9130);
#2581=VERTEX_POINT('',#9132);
#2582=VERTEX_POINT('',#9136);
#2583=VERTEX_POINT('',#9138);
#2584=VERTEX_POINT('',#9142);
#2585=VERTEX_POINT('',#9144);
#2586=VERTEX_POINT('',#9148);
#2587=VERTEX_POINT('',#9150);
#2588=VERTEX_POINT('',#9154);
#2589=VERTEX_POINT('',#9156);
#2590=VERTEX_POINT('',#9163);
#2591=VERTEX_POINT('',#9164);
#2592=VERTEX_POINT('',#9166);
#2593=VERTEX_POINT('',#9168);
#2594=VERTEX_POINT('',#9170);
#2595=VERTEX_POINT('',#9172);
#2596=VERTEX_POINT('',#9176);
#2597=VERTEX_POINT('',#9177);
#2598=VERTEX_POINT('',#9179);
#2599=VERTEX_POINT('',#9181);
#2600=VERTEX_POINT('',#9185);
#2601=VERTEX_POINT('',#9192);
#2602=VERTEX_POINT('',#9193);
#2603=VERTEX_POINT('',#9198);
#2604=VERTEX_POINT('',#9204);
#2605=VERTEX_POINT('',#9206);
#2606=VERTEX_POINT('',#9212);
#2607=VERTEX_POINT('',#9213);
#2608=VERTEX_POINT('',#9215);
#2609=VERTEX_POINT('',#9217);
#2610=VERTEX_POINT('',#9219);
#2611=VERTEX_POINT('',#9221);
#2612=VERTEX_POINT('',#9226);
#2613=VERTEX_POINT('',#9231);
#2614=VERTEX_POINT('',#9243);
#2615=EDGE_CURVE('',#2111,#2112,#1017,.T.);
#2616=EDGE_CURVE('',#2111,#2113,#1018,.T.);
#2617=EDGE_CURVE('',#2113,#2114,#1019,.T.);
#2618=EDGE_CURVE('',#2112,#2114,#1020,.T.);
#2619=EDGE_CURVE('',#2115,#2111,#372,.T.);
#2620=EDGE_CURVE('',#2115,#2116,#1021,.T.);
#2621=EDGE_CURVE('',#2116,#2113,#373,.T.);
#2622=EDGE_CURVE('',#2117,#2115,#374,.T.);
#2623=EDGE_CURVE('',#2117,#2118,#1022,.T.);
#2624=EDGE_CURVE('',#2118,#2116,#375,.T.);
#2625=EDGE_CURVE('',#2119,#2117,#1023,.T.);
#2626=EDGE_CURVE('',#2119,#2120,#1024,.T.);
#2627=EDGE_CURVE('',#2120,#2118,#1025,.T.);
#2628=EDGE_CURVE('',#2121,#2119,#376,.T.);
#2629=EDGE_CURVE('',#2121,#2122,#1026,.T.);
#2630=EDGE_CURVE('',#2122,#2120,#377,.T.);
#2631=EDGE_CURVE('',#2123,#2121,#1027,.T.);
#2632=EDGE_CURVE('',#2123,#2124,#1028,.T.);
#2633=EDGE_CURVE('',#2124,#2122,#1029,.T.);
#2634=EDGE_CURVE('',#2125,#2123,#1030,.T.);
#2635=EDGE_CURVE('',#2125,#2126,#1031,.T.);
#2636=EDGE_CURVE('',#2126,#2124,#1032,.T.);
#2637=EDGE_CURVE('',#2112,#2125,#1033,.T.);
#2638=EDGE_CURVE('',#2114,#2126,#1034,.T.);
#2639=EDGE_CURVE('',#2127,#2128,#1035,.T.);
#2640=EDGE_CURVE('',#2127,#2129,#1036,.T.);
#2641=EDGE_CURVE('',#2129,#2130,#1037,.T.);
#2642=EDGE_CURVE('',#2128,#2130,#1038,.T.);
#2643=EDGE_CURVE('',#2131,#2127,#378,.T.);
#2644=EDGE_CURVE('',#2131,#2132,#1039,.T.);
#2645=EDGE_CURVE('',#2132,#2129,#379,.T.);
#2646=EDGE_CURVE('',#2133,#2131,#380,.T.);
#2647=EDGE_CURVE('',#2133,#2134,#1040,.T.);
#2648=EDGE_CURVE('',#2134,#2132,#381,.T.);
#2649=EDGE_CURVE('',#2135,#2133,#1041,.T.);
#2650=EDGE_CURVE('',#2135,#2136,#1042,.T.);
#2651=EDGE_CURVE('',#2136,#2134,#1043,.T.);
#2652=EDGE_CURVE('',#2137,#2135,#382,.T.);
#2653=EDGE_CURVE('',#2137,#2138,#1044,.T.);
#2654=EDGE_CURVE('',#2138,#2136,#383,.T.);
#2655=EDGE_CURVE('',#2139,#2137,#1045,.T.);
#2656=EDGE_CURVE('',#2139,#2140,#1046,.T.);
#2657=EDGE_CURVE('',#2140,#2138,#1047,.T.);
#2658=EDGE_CURVE('',#2141,#2139,#1048,.T.);
#2659=EDGE_CURVE('',#2141,#2142,#1049,.T.);
#2660=EDGE_CURVE('',#2142,#2140,#1050,.T.);
#2661=EDGE_CURVE('',#2128,#2141,#1051,.T.);
#2662=EDGE_CURVE('',#2130,#2142,#1052,.T.);
#2663=EDGE_CURVE('',#2143,#2144,#85,.T.);
#2664=EDGE_CURVE('',#2144,#2145,#1053,.T.);
#2665=EDGE_CURVE('',#2145,#2146,#86,.T.);
#2666=EDGE_CURVE('',#2146,#2143,#1054,.T.);
#2667=EDGE_CURVE('',#2147,#2144,#1055,.T.);
#2668=EDGE_CURVE('',#2148,#2147,#1056,.T.);
#2669=EDGE_CURVE('',#2145,#2148,#1057,.T.);
#2670=EDGE_CURVE('',#2149,#2150,#87,.T.);
#2671=EDGE_CURVE('',#2150,#2151,#1058,.T.);
#2672=EDGE_CURVE('',#2151,#2152,#88,.T.);
#2673=EDGE_CURVE('',#2152,#2149,#1059,.T.);
#2674=EDGE_CURVE('',#2151,#2146,#1060,.T.);
#2675=EDGE_CURVE('',#2143,#2150,#1061,.T.);
#2676=EDGE_CURVE('',#2147,#2153,#89,.T.);
#2677=EDGE_CURVE('',#2153,#2154,#1062,.T.);
#2678=EDGE_CURVE('',#2154,#2148,#90,.T.);
#2679=EDGE_CURVE('',#2155,#2153,#1063,.T.);
#2680=EDGE_CURVE('',#2156,#2155,#1064,.T.);
#2681=EDGE_CURVE('',#2154,#2156,#1065,.T.);
#2682=EDGE_CURVE('',#2155,#2157,#91,.T.);
#2683=EDGE_CURVE('',#2157,#2158,#1066,.T.);
#2684=EDGE_CURVE('',#2158,#2156,#92,.T.);
#2685=EDGE_CURVE('',#2158,#2152,#1067,.T.);
#2686=EDGE_CURVE('',#2149,#2157,#1068,.T.);
#2687=EDGE_CURVE('',#2159,#2159,#93,.T.);
#2688=EDGE_CURVE('',#2159,#2160,#1069,.T.);
#2689=EDGE_CURVE('',#2160,#2160,#94,.T.);
#2690=EDGE_CURVE('',#2161,#2161,#95,.T.);
#2691=EDGE_CURVE('',#2161,#2162,#1070,.T.);
#2692=EDGE_CURVE('',#2162,#2162,#96,.T.);
#2693=EDGE_CURVE('',#2163,#2163,#97,.T.);
#2694=EDGE_CURVE('',#2163,#2164,#1071,.T.);
#2695=EDGE_CURVE('',#2164,#2164,#98,.T.);
#2696=EDGE_CURVE('',#2165,#2165,#99,.T.);
#2697=EDGE_CURVE('',#2165,#2166,#1072,.T.);
#2698=EDGE_CURVE('',#2166,#2166,#100,.T.);
#2699=EDGE_CURVE('',#2167,#2168,#1073,.T.);
#2700=EDGE_CURVE('',#2169,#2167,#1074,.T.);
#2701=EDGE_CURVE('',#2170,#2169,#1075,.T.);
#2702=EDGE_CURVE('',#2168,#2170,#1076,.T.);
#2703=EDGE_CURVE('',#2171,#2172,#1077,.T.);
#2704=EDGE_CURVE('',#2173,#2171,#1078,.T.);
#2705=EDGE_CURVE('',#2174,#2173,#1079,.T.);
#2706=EDGE_CURVE('',#2172,#2174,#1080,.T.);
#2707=EDGE_CURVE('',#2173,#2175,#101,.T.);
#2708=EDGE_CURVE('',#2175,#2176,#1081,.T.);
#2709=EDGE_CURVE('',#2176,#2174,#102,.T.);
#2710=EDGE_CURVE('',#2177,#2175,#1082,.T.);
#2711=EDGE_CURVE('',#2178,#2177,#1083,.T.);
#2712=EDGE_CURVE('',#2176,#2178,#1084,.T.);
#2713=EDGE_CURVE('',#2169,#2179,#103,.T.);
#2714=EDGE_CURVE('',#2179,#2180,#1085,.T.);
#2715=EDGE_CURVE('',#2180,#2170,#104,.T.);
#2716=EDGE_CURVE('',#2181,#2179,#1086,.T.);
#2717=EDGE_CURVE('',#2182,#2181,#1087,.T.);
#2718=EDGE_CURVE('',#2180,#2182,#1088,.T.);
#2719=EDGE_CURVE('',#2181,#2167,#105,.T.);
#2720=EDGE_CURVE('',#2168,#2182,#106,.T.);
#2721=EDGE_CURVE('',#2177,#2171,#107,.T.);
#2722=EDGE_CURVE('',#2172,#2178,#108,.T.);
#2723=EDGE_CURVE('',#2183,#2184,#109,.T.);
#2724=EDGE_CURVE('',#2184,#2185,#110,.T.);
#2725=EDGE_CURVE('',#2185,#2186,#111,.T.);
#2726=EDGE_CURVE('',#2186,#2187,#112,.T.);
#2727=EDGE_CURVE('',#2187,#2183,#113,.T.);
#2728=EDGE_CURVE('',#2183,#2187,#384,.T.);
#2729=EDGE_CURVE('',#2186,#2184,#385,.T.);
#2730=EDGE_CURVE('',#2188,#2187,#1089,.T.);
#2731=EDGE_CURVE('',#2189,#2188,#114,.T.);
#2732=EDGE_CURVE('',#2190,#2189,#1090,.T.);
#2733=EDGE_CURVE('',#2190,#2191,#1091,.T.);
#2734=EDGE_CURVE('',#2192,#2191,#1092,.T.);
#2735=EDGE_CURVE('',#2193,#2192,#115,.T.);
#2736=EDGE_CURVE('',#2183,#2193,#1093,.T.);
#2737=EDGE_CURVE('',#2194,#2194,#116,.T.);
#2738=EDGE_CURVE('',#2195,#2196,#1094,.T.);
#2739=EDGE_CURVE('',#2196,#2197,#1095,.T.);
#2740=EDGE_CURVE('',#2197,#2198,#1096,.T.);
#2741=EDGE_CURVE('',#2198,#2195,#1097,.T.);
#2742=EDGE_CURVE('',#2199,#2200,#1098,.T.);
#2743=EDGE_CURVE('',#2200,#2201,#1099,.T.);
#2744=EDGE_CURVE('',#2201,#2202,#1100,.T.);
#2745=EDGE_CURVE('',#2202,#2199,#1101,.T.);
#2746=EDGE_CURVE('',#2203,#2203,#117,.T.);
#2747=EDGE_CURVE('',#2203,#2185,#25,.T.);
#2748=EDGE_CURVE('',#2204,#2205,#118,.T.);
#2749=EDGE_CURVE('',#2205,#2204,#119,.T.);
#2750=EDGE_CURVE('',#2204,#2194,#120,.T.);
#2751=EDGE_CURVE('',#2206,#2206,#121,.T.);
#2752=EDGE_CURVE('',#2206,#2205,#122,.T.);
#2753=EDGE_CURVE('',#2207,#2208,#386,.T.);
#2754=EDGE_CURVE('',#2208,#2209,#1102,.T.);
#2755=EDGE_CURVE('',#2209,#2210,#387,.T.);
#2756=EDGE_CURVE('',#2210,#2207,#1103,.T.);
#2757=EDGE_CURVE('',#2208,#2211,#123,.T.);
#2758=EDGE_CURVE('',#2212,#2211,#1104,.T.);
#2759=EDGE_CURVE('',#2213,#2212,#1105,.T.);
#2760=EDGE_CURVE('',#2214,#2213,#1106,.T.);
#2761=EDGE_CURVE('',#2215,#2214,#1107,.T.);
#2762=EDGE_CURVE('',#2216,#2215,#1108,.T.);
#2763=EDGE_CURVE('',#2216,#2217,#124,.T.);
#2764=EDGE_CURVE('',#2218,#2217,#1109,.T.);
#2765=EDGE_CURVE('',#2218,#2219,#125,.T.);
#2766=EDGE_CURVE('',#2219,#2220,#1110,.T.);
#2767=EDGE_CURVE('',#2220,#2221,#126,.T.);
#2768=EDGE_CURVE('',#2222,#2221,#1111,.T.);
#2769=EDGE_CURVE('',#2222,#2223,#127,.T.);
#2770=EDGE_CURVE('',#2224,#2223,#1112,.T.);
#2771=EDGE_CURVE('',#2224,#2225,#128,.T.);
#2772=EDGE_CURVE('',#2225,#2226,#1113,.T.);
#2773=EDGE_CURVE('',#2226,#2227,#129,.T.);
#2774=EDGE_CURVE('',#2228,#2227,#1114,.T.);
#2775=EDGE_CURVE('',#2228,#2229,#130,.T.);
#2776=EDGE_CURVE('',#2230,#2229,#1115,.T.);
#2777=EDGE_CURVE('',#2230,#2231,#131,.T.);
#2778=EDGE_CURVE('',#2231,#2232,#1116,.T.);
#2779=EDGE_CURVE('',#2232,#2209,#132,.T.);
#2780=EDGE_CURVE('',#2233,#2234,#1117,.T.);
#2781=EDGE_CURVE('',#2233,#2235,#133,.T.);
#2782=EDGE_CURVE('',#2235,#2236,#1118,.T.);
#2783=EDGE_CURVE('',#2236,#2234,#134,.T.);
#2784=EDGE_CURVE('',#2237,#2218,#388,.T.);
#2785=EDGE_CURVE('',#2217,#2238,#389,.T.);
#2786=EDGE_CURVE('',#2238,#2237,#1119,.T.);
#2787=EDGE_CURVE('',#2239,#2230,#390,.T.);
#2788=EDGE_CURVE('',#2229,#2240,#391,.T.);
#2789=EDGE_CURVE('',#2240,#2239,#1120,.T.);
#2790=EDGE_CURVE('',#2241,#2228,#392,.T.);
#2791=EDGE_CURVE('',#2227,#2242,#393,.T.);
#2792=EDGE_CURVE('',#2242,#2241,#1121,.T.);
#2793=EDGE_CURVE('',#2243,#2224,#394,.T.);
#2794=EDGE_CURVE('',#2223,#2244,#395,.T.);
#2795=EDGE_CURVE('',#2244,#2243,#1122,.T.);
#2796=EDGE_CURVE('',#2245,#2222,#396,.T.);
#2797=EDGE_CURVE('',#2221,#2246,#397,.T.);
#2798=EDGE_CURVE('',#2246,#2245,#1123,.T.);
#2799=EDGE_CURVE('',#2247,#2248,#135,.T.);
#2800=EDGE_CURVE('',#2248,#2249,#1124,.T.);
#2801=EDGE_CURVE('',#2249,#2250,#136,.T.);
#2802=EDGE_CURVE('',#2250,#2247,#1125,.T.);
#2803=EDGE_CURVE('',#2248,#2251,#1126,.T.);
#2804=EDGE_CURVE('',#2251,#2252,#1127,.T.);
#2805=EDGE_CURVE('',#2252,#2253,#1128,.T.);
#2806=EDGE_CURVE('',#2254,#2253,#1129,.T.);
#2807=EDGE_CURVE('',#2254,#2255,#1130,.T.);
#2808=EDGE_CURVE('',#2255,#2256,#1131,.T.);
#2809=EDGE_CURVE('',#2249,#2256,#1132,.T.);
#2810=EDGE_CURVE('',#2257,#2258,#137,.T.);
#2811=EDGE_CURVE('',#2258,#2259,#1133,.T.);
#2812=EDGE_CURVE('',#2259,#2260,#138,.T.);
#2813=EDGE_CURVE('',#2260,#2257,#1134,.T.);
#2814=EDGE_CURVE('',#2258,#2261,#1135,.T.);
#2815=EDGE_CURVE('',#2261,#2262,#1136,.T.);
#2816=EDGE_CURVE('',#2262,#2263,#1137,.T.);
#2817=EDGE_CURVE('',#2264,#2263,#1138,.T.);
#2818=EDGE_CURVE('',#2264,#2265,#1139,.T.);
#2819=EDGE_CURVE('',#2265,#2266,#1140,.T.);
#2820=EDGE_CURVE('',#2259,#2266,#1141,.T.);
#2821=EDGE_CURVE('',#2267,#2268,#139,.T.);
#2822=EDGE_CURVE('',#2268,#2269,#1142,.T.);
#2823=EDGE_CURVE('',#2269,#2270,#140,.T.);
#2824=EDGE_CURVE('',#2270,#2267,#1143,.T.);
#2825=EDGE_CURVE('',#2271,#2268,#1144,.T.);
#2826=EDGE_CURVE('',#2272,#2271,#1145,.T.);
#2827=EDGE_CURVE('',#2269,#2272,#1146,.T.);
#2828=EDGE_CURVE('',#2273,#2274,#141,.T.);
#2829=EDGE_CURVE('',#2274,#2275,#1147,.T.);
#2830=EDGE_CURVE('',#2275,#2276,#142,.T.);
#2831=EDGE_CURVE('',#2276,#2273,#1148,.T.);
#2832=EDGE_CURVE('',#2274,#2277,#1149,.T.);
#2833=EDGE_CURVE('',#2278,#2277,#1150,.T.);
#2834=EDGE_CURVE('',#2278,#2275,#1151,.T.);
#2835=EDGE_CURVE('',#2271,#2273,#1152,.T.);
#2836=EDGE_CURVE('',#2267,#2279,#1153,.T.);
#2837=EDGE_CURVE('',#2280,#2279,#143,.T.);
#2838=EDGE_CURVE('',#2280,#2281,#1154,.T.);
#2839=EDGE_CURVE('',#2282,#2281,#1155,.T.);
#2840=EDGE_CURVE('',#2283,#2282,#144,.T.);
#2841=EDGE_CURVE('',#2284,#2283,#1156,.T.);
#2842=EDGE_CURVE('',#2263,#2284,#145,.T.);
#2843=EDGE_CURVE('',#2285,#2262,#1157,.T.);
#2844=EDGE_CURVE('',#2285,#2286,#1158,.T.);
#2845=EDGE_CURVE('',#2286,#2287,#1159,.T.);
#2846=EDGE_CURVE('',#2288,#2287,#146,.T.);
#2847=EDGE_CURVE('',#2289,#2288,#1160,.T.);
#2848=EDGE_CURVE('',#2277,#2289,#147,.T.);
#2849=EDGE_CURVE('',#2290,#2278,#148,.T.);
#2850=EDGE_CURVE('',#2290,#2289,#1161,.T.);
#2851=EDGE_CURVE('',#2291,#2292,#149,.T.);
#2852=EDGE_CURVE('',#2292,#2280,#1162,.T.);
#2853=EDGE_CURVE('',#2279,#2291,#1163,.T.);
#2854=EDGE_CURVE('',#2293,#2292,#1164,.T.);
#2855=EDGE_CURVE('',#2281,#2293,#1165,.T.);
#2856=EDGE_CURVE('',#2287,#2294,#1166,.T.);
#2857=EDGE_CURVE('',#2294,#2295,#150,.T.);
#2858=EDGE_CURVE('',#2295,#2288,#1167,.T.);
#2859=EDGE_CURVE('',#2296,#2286,#1168,.T.);
#2860=EDGE_CURVE('',#2294,#2296,#1169,.T.);
#2861=EDGE_CURVE('',#2297,#2298,#151,.T.);
#2862=EDGE_CURVE('',#2298,#2299,#1170,.T.);
#2863=EDGE_CURVE('',#2299,#2300,#152,.T.);
#2864=EDGE_CURVE('',#2300,#2297,#1171,.T.);
#2865=EDGE_CURVE('',#2301,#2298,#1172,.T.);
#2866=EDGE_CURVE('',#2302,#2301,#1173,.T.);
#2867=EDGE_CURVE('',#2299,#2302,#1174,.T.);
#2868=EDGE_CURVE('',#2301,#2303,#153,.T.);
#2869=EDGE_CURVE('',#2303,#2304,#1175,.T.);
#2870=EDGE_CURVE('',#2304,#2302,#154,.T.);
#2871=EDGE_CURVE('',#2305,#2303,#1176,.T.);
#2872=EDGE_CURVE('',#2306,#2305,#1177,.T.);
#2873=EDGE_CURVE('',#2304,#2306,#1178,.T.);
#2874=EDGE_CURVE('',#2307,#2308,#155,.T.);
#2875=EDGE_CURVE('',#2308,#2309,#1179,.T.);
#2876=EDGE_CURVE('',#2309,#2310,#156,.T.);
#2877=EDGE_CURVE('',#2310,#2307,#1180,.T.);
#2878=EDGE_CURVE('',#2308,#2311,#1181,.T.);
#2879=EDGE_CURVE('',#2312,#2311,#1182,.T.);
#2880=EDGE_CURVE('',#2312,#2309,#1183,.T.);
#2881=EDGE_CURVE('',#2305,#2307,#1184,.T.);
#2882=EDGE_CURVE('',#2297,#2313,#1185,.T.);
#2883=EDGE_CURVE('',#2314,#2313,#1186,.T.);
#2884=EDGE_CURVE('',#2315,#2314,#157,.T.);
#2885=EDGE_CURVE('',#2316,#2315,#1187,.T.);
#2886=EDGE_CURVE('',#2253,#2316,#158,.T.);
#2887=EDGE_CURVE('',#2317,#2252,#1188,.T.);
#2888=EDGE_CURVE('',#2317,#2318,#1189,.T.);
#2889=EDGE_CURVE('',#2318,#2319,#1190,.T.);
#2890=EDGE_CURVE('',#2320,#2319,#159,.T.);
#2891=EDGE_CURVE('',#2321,#2320,#1191,.T.);
#2892=EDGE_CURVE('',#2311,#2321,#160,.T.);
#2893=EDGE_CURVE('',#2319,#2322,#1192,.T.);
#2894=EDGE_CURVE('',#2322,#2323,#161,.T.);
#2895=EDGE_CURVE('',#2323,#2320,#1193,.T.);
#2896=EDGE_CURVE('',#2324,#2318,#1194,.T.);
#2897=EDGE_CURVE('',#2322,#2324,#1195,.T.);
#2898=EDGE_CURVE('',#2325,#2312,#162,.T.);
#2899=EDGE_CURVE('',#2325,#2321,#1196,.T.);
#2900=EDGE_CURVE('',#2323,#2325,#1197,.T.);
#2901=EDGE_CURVE('',#2326,#2324,#1198,.T.);
#2902=EDGE_CURVE('',#2326,#2255,#1199,.T.);
#2903=EDGE_CURVE('',#2327,#2254,#163,.T.);
#2904=EDGE_CURVE('',#2328,#2327,#1200,.T.);
#2905=EDGE_CURVE('',#2329,#2328,#164,.T.);
#2906=EDGE_CURVE('',#2330,#2329,#1201,.T.);
#2907=EDGE_CURVE('',#2330,#2300,#1202,.T.);
#2908=EDGE_CURVE('',#2306,#2310,#1203,.T.);
#2909=EDGE_CURVE('',#2284,#2331,#1204,.T.);
#2910=EDGE_CURVE('',#2331,#2264,#165,.T.);
#2911=EDGE_CURVE('',#2332,#2283,#1205,.T.);
#2912=EDGE_CURVE('',#2332,#2331,#1206,.T.);
#2913=EDGE_CURVE('',#2333,#2332,#166,.T.);
#2914=EDGE_CURVE('',#2282,#2333,#1207,.T.);
#2915=EDGE_CURVE('',#2316,#2327,#1208,.T.);
#2916=EDGE_CURVE('',#2328,#2315,#1209,.T.);
#2917=EDGE_CURVE('',#2314,#2329,#1210,.T.);
#2918=EDGE_CURVE('',#2334,#2335,#167,.F.);
#2919=EDGE_CURVE('',#2336,#2334,#168,.F.);
#2920=EDGE_CURVE('',#2335,#2336,#169,.F.);
#2921=EDGE_CURVE('',#2337,#2338,#170,.T.);
#2922=EDGE_CURVE('',#2337,#2336,#1211,.T.);
#2923=EDGE_CURVE('',#2334,#2338,#1212,.T.);
#2924=EDGE_CURVE('',#2339,#2340,#171,.F.);
#2925=EDGE_CURVE('',#2341,#2339,#172,.F.);
#2926=EDGE_CURVE('',#2340,#2341,#173,.F.);
#2927=EDGE_CURVE('',#2342,#2343,#174,.T.);
#2928=EDGE_CURVE('',#2342,#2341,#1213,.T.);
#2929=EDGE_CURVE('',#2339,#2343,#1214,.T.);
#2930=EDGE_CURVE('',#2344,#2345,#175,.T.);
#2931=EDGE_CURVE('',#2345,#2340,#1215,.T.);
#2932=EDGE_CURVE('',#2341,#2344,#1216,.T.);
#2933=EDGE_CURVE('',#2336,#2339,#1217,.T.);
#2934=EDGE_CURVE('',#2340,#2335,#1218,.T.);
#2935=EDGE_CURVE('',#2346,#2347,#176,.T.);
#2936=EDGE_CURVE('',#2347,#2334,#1219,.T.);
#2937=EDGE_CURVE('',#2335,#2346,#1220,.T.);
#2938=EDGE_CURVE('',#2337,#2348,#1221,.T.);
#2939=EDGE_CURVE('',#2349,#2348,#1222,.T.);
#2940=EDGE_CURVE('',#2350,#2349,#1223,.T.);
#2941=EDGE_CURVE('',#2351,#2350,#1224,.T.);
#2942=EDGE_CURVE('',#2351,#2343,#1225,.T.);
#2943=EDGE_CURVE('',#2250,#2257,#1226,.T.);
#2944=EDGE_CURVE('',#2260,#2247,#1227,.T.);
#2945=EDGE_CURVE('',#2352,#2353,#1228,.T.);
#2946=EDGE_CURVE('',#2354,#2352,#1229,.T.);
#2947=EDGE_CURVE('',#2355,#2354,#1230,.T.);
#2948=EDGE_CURVE('',#2355,#2356,#1231,.T.);
#2949=EDGE_CURVE('',#2356,#2357,#1232,.T.);
#2950=EDGE_CURVE('',#2357,#2358,#1233,.T.);
#2951=EDGE_CURVE('',#2358,#2359,#1234,.T.);
#2952=EDGE_CURVE('',#2359,#2360,#1235,.T.);
#2953=EDGE_CURVE('',#2360,#2361,#1236,.T.);
#2954=EDGE_CURVE('',#2361,#2353,#1237,.T.);
#2955=EDGE_CURVE('',#2362,#2351,#177,.T.);
#2956=EDGE_CURVE('',#2362,#2363,#1238,.T.);
#2957=EDGE_CURVE('',#2212,#2363,#178,.T.);
#2958=EDGE_CURVE('',#2211,#2364,#1239,.T.);
#2959=EDGE_CURVE('',#2364,#2365,#1240,.T.);
#2960=EDGE_CURVE('',#2365,#2233,#1241,.T.);
#2961=EDGE_CURVE('',#2234,#2366,#1242,.T.);
#2962=EDGE_CURVE('',#2366,#2367,#1243,.T.);
#2963=EDGE_CURVE('',#2367,#2216,#1244,.T.);
#2964=EDGE_CURVE('',#2368,#2215,#179,.T.);
#2965=EDGE_CURVE('',#2368,#2369,#1245,.T.);
#2966=EDGE_CURVE('',#2348,#2369,#180,.T.);
#2967=EDGE_CURVE('',#2338,#2370,#1246,.T.);
#2968=EDGE_CURVE('',#2370,#2371,#1247,.T.);
#2969=EDGE_CURVE('',#2342,#2371,#1248,.T.);
#2970=EDGE_CURVE('',#2347,#2370,#1249,.T.);
#2971=EDGE_CURVE('',#2238,#2372,#1250,.T.);
#2972=EDGE_CURVE('',#2372,#2373,#1251,.T.);
#2973=EDGE_CURVE('',#2373,#2237,#1252,.T.);
#2974=EDGE_CURVE('',#2246,#2374,#1253,.T.);
#2975=EDGE_CURVE('',#2374,#2375,#1254,.T.);
#2976=EDGE_CURVE('',#2375,#2245,#1255,.T.);
#2977=EDGE_CURVE('',#2293,#2333,#1256,.T.);
#2978=EDGE_CURVE('',#2191,#2376,#181,.T.);
#2979=EDGE_CURVE('',#2376,#2377,#1257,.T.);
#2980=EDGE_CURVE('',#2377,#2192,#182,.T.);
#2981=EDGE_CURVE('',#2378,#2193,#183,.T.);
#2982=EDGE_CURVE('',#2377,#2378,#184,.T.);
#2983=EDGE_CURVE('',#2378,#2379,#1258,.T.);
#2984=EDGE_CURVE('',#2379,#2188,#185,.T.);
#2985=EDGE_CURVE('',#2380,#2189,#186,.T.);
#2986=EDGE_CURVE('',#2379,#2380,#187,.T.);
#2987=EDGE_CURVE('',#2381,#2190,#188,.T.);
#2988=EDGE_CURVE('',#2380,#2381,#1259,.T.);
#2989=EDGE_CURVE('',#2382,#2380,#1260,.T.);
#2990=EDGE_CURVE('',#2382,#2383,#1261,.T.);
#2991=EDGE_CURVE('',#2381,#2383,#1262,.T.);
#2992=EDGE_CURVE('',#2384,#2384,#189,.T.);
#2993=EDGE_CURVE('',#2379,#2385,#1263,.T.);
#2994=EDGE_CURVE('',#2385,#2382,#190,.T.);
#2995=EDGE_CURVE('',#2386,#2378,#1264,.T.);
#2996=EDGE_CURVE('',#2386,#2385,#1265,.T.);
#2997=EDGE_CURVE('',#2377,#2387,#1266,.T.);
#2998=EDGE_CURVE('',#2387,#2386,#191,.T.);
#2999=EDGE_CURVE('',#2383,#2388,#1267,.T.);
#3000=EDGE_CURVE('',#2376,#2388,#1268,.T.);
#3001=EDGE_CURVE('',#2389,#2213,#192,.T.);
#3002=EDGE_CURVE('',#2389,#2390,#1269,.T.);
#3003=EDGE_CURVE('',#2350,#2390,#193,.T.);
#3004=EDGE_CURVE('',#2391,#2349,#194,.T.);
#3005=EDGE_CURVE('',#2391,#2392,#1270,.T.);
#3006=EDGE_CURVE('',#2214,#2392,#195,.T.);
#3007=EDGE_CURVE('',#2388,#2387,#1271,.T.);
#3008=EDGE_CURVE('',#2393,#2393,#196,.T.);
#3009=EDGE_CURVE('',#2394,#2395,#1272,.T.);
#3010=EDGE_CURVE('',#2396,#2395,#1273,.T.);
#3011=EDGE_CURVE('',#2397,#2396,#1274,.T.);
#3012=EDGE_CURVE('',#2397,#2394,#1275,.T.);
#3013=EDGE_CURVE('',#2395,#2398,#197,.T.);
#3014=EDGE_CURVE('',#2399,#2394,#198,.T.);
#3015=EDGE_CURVE('',#2398,#2399,#1276,.T.);
#3016=EDGE_CURVE('',#2371,#2344,#1277,.T.);
#3017=EDGE_CURVE('',#2210,#2400,#1278,.T.);
#3018=EDGE_CURVE('',#2400,#2401,#1279,.T.);
#3019=EDGE_CURVE('',#2401,#2207,#1280,.T.);
#3020=EDGE_CURVE('',#2240,#2398,#1281,.T.);
#3021=EDGE_CURVE('',#2399,#2239,#1282,.T.);
#3022=EDGE_CURVE('',#2313,#2330,#1283,.T.);
#3023=EDGE_CURVE('',#2402,#2403,#1284,.T.);
#3024=EDGE_CURVE('',#2404,#2403,#1285,.T.);
#3025=EDGE_CURVE('',#2405,#2404,#1286,.T.);
#3026=EDGE_CURVE('',#2405,#2402,#1287,.T.);
#3027=EDGE_CURVE('',#2401,#2402,#199,.T.);
#3028=EDGE_CURVE('',#2403,#2400,#200,.T.);
#3029=EDGE_CURVE('',#2406,#2396,#201,.T.);
#3030=EDGE_CURVE('',#2406,#2407,#1288,.T.);
#3031=EDGE_CURVE('',#2408,#2407,#1289,.T.);
#3032=EDGE_CURVE('',#2408,#2409,#1290,.T.);
#3033=EDGE_CURVE('',#2410,#2409,#202,.T.);
#3034=EDGE_CURVE('',#2410,#2411,#1291,.T.);
#3035=EDGE_CURVE('',#2412,#2411,#1292,.T.);
#3036=EDGE_CURVE('',#2412,#2413,#1293,.T.);
#3037=EDGE_CURVE('',#2414,#2413,#203,.T.);
#3038=EDGE_CURVE('',#2414,#2415,#1294,.T.);
#3039=EDGE_CURVE('',#2416,#2415,#1295,.T.);
#3040=EDGE_CURVE('',#2416,#2417,#1296,.T.);
#3041=EDGE_CURVE('',#2405,#2417,#204,.T.);
#3042=EDGE_CURVE('',#2397,#2404,#1297,.T.);
#3043=EDGE_CURVE('',#2418,#2419,#1298,.T.);
#3044=EDGE_CURVE('',#2413,#2419,#1299,.T.);
#3045=EDGE_CURVE('',#2412,#2418,#1300,.T.);
#3046=EDGE_CURVE('',#2419,#2372,#205,.T.);
#3047=EDGE_CURVE('',#2373,#2418,#206,.T.);
#3048=EDGE_CURVE('',#2420,#2421,#1301,.T.);
#3049=EDGE_CURVE('',#2411,#2421,#1302,.T.);
#3050=EDGE_CURVE('',#2410,#2420,#1303,.T.);
#3051=EDGE_CURVE('',#2375,#2420,#207,.T.);
#3052=EDGE_CURVE('',#2421,#2374,#208,.T.);
#3053=EDGE_CURVE('',#2422,#2423,#1304,.T.);
#3054=EDGE_CURVE('',#2407,#2423,#1305,.T.);
#3055=EDGE_CURVE('',#2406,#2422,#1306,.T.);
#3056=EDGE_CURVE('',#2424,#2425,#1307,.T.);
#3057=EDGE_CURVE('',#2423,#2424,#209,.T.);
#3058=EDGE_CURVE('',#2425,#2422,#210,.T.);
#3059=EDGE_CURVE('',#2345,#2346,#1308,.T.);
#3060=EDGE_CURVE('',#2242,#2424,#1309,.T.);
#3061=EDGE_CURVE('',#2425,#2241,#1310,.T.);
#3062=EDGE_CURVE('',#2244,#2426,#1311,.T.);
#3063=EDGE_CURVE('',#2426,#2427,#1312,.T.);
#3064=EDGE_CURVE('',#2427,#2243,#1313,.T.);
#3065=EDGE_CURVE('',#2428,#2429,#1314,.T.);
#3066=EDGE_CURVE('',#2417,#2429,#1315,.T.);
#3067=EDGE_CURVE('',#2416,#2428,#1316,.T.);
#3068=EDGE_CURVE('',#2429,#2364,#211,.T.);
#3069=EDGE_CURVE('',#2365,#2428,#212,.T.);
#3070=EDGE_CURVE('',#2430,#2431,#1317,.T.);
#3071=EDGE_CURVE('',#2415,#2431,#1318,.T.);
#3072=EDGE_CURVE('',#2414,#2430,#1319,.T.);
#3073=EDGE_CURVE('',#2367,#2430,#213,.T.);
#3074=EDGE_CURVE('',#2431,#2366,#214,.T.);
#3075=EDGE_CURVE('',#2432,#2433,#1320,.T.);
#3076=EDGE_CURVE('',#2409,#2433,#1321,.T.);
#3077=EDGE_CURVE('',#2408,#2432,#1322,.T.);
#3078=EDGE_CURVE('',#2433,#2426,#215,.T.);
#3079=EDGE_CURVE('',#2427,#2432,#216,.T.);
#3080=EDGE_CURVE('',#2412,#2219,#1323,.T.);
#3081=EDGE_CURVE('',#2411,#2220,#1324,.T.);
#3082=EDGE_CURVE('',#2415,#2236,#1325,.T.);
#3083=EDGE_CURVE('',#2416,#2235,#1326,.T.);
#3084=EDGE_CURVE('',#2404,#2232,#1327,.T.);
#3085=EDGE_CURVE('',#2397,#2231,#1328,.T.);
#3086=EDGE_CURVE('',#2407,#2226,#1329,.T.);
#3087=EDGE_CURVE('',#2408,#2225,#1330,.T.);
#3088=EDGE_CURVE('',#2353,#2434,#217,.T.);
#3089=EDGE_CURVE('',#2434,#2435,#1331,.T.);
#3090=EDGE_CURVE('',#2435,#2352,#19,.T.);
#3091=EDGE_CURVE('',#2436,#2437,#1332,.T.);
#3092=EDGE_CURVE('',#2437,#2355,#218,.T.);
#3093=EDGE_CURVE('',#2354,#2436,#20,.T.);
#3094=EDGE_CURVE('',#2435,#2436,#1333,.T.);
#3095=EDGE_CURVE('',#2438,#2439,#1334,.T.);
#3096=EDGE_CURVE('',#2439,#2440,#219,.T.);
#3097=EDGE_CURVE('',#2440,#2441,#1335,.T.);
#3098=EDGE_CURVE('',#2441,#2442,#220,.T.);
#3099=EDGE_CURVE('',#2442,#2438,#398,.T.);
#3100=EDGE_CURVE('',#2443,#2444,#1336,.T.);
#3101=EDGE_CURVE('',#2444,#2445,#221,.T.);
#3102=EDGE_CURVE('',#2445,#2446,#1337,.T.);
#3103=EDGE_CURVE('',#2446,#2447,#399,.T.);
#3104=EDGE_CURVE('',#2447,#2443,#222,.T.);
#3105=EDGE_CURVE('',#2442,#2447,#223,.T.);
#3106=EDGE_CURVE('',#2446,#2438,#224,.T.);
#3107=EDGE_CURVE('',#2439,#2445,#225,.T.);
#3108=EDGE_CURVE('',#2434,#2202,#1338,.T.);
#3109=EDGE_CURVE('',#2359,#2201,#1339,.T.);
#3110=EDGE_CURVE('',#2359,#2444,#1340,.T.);
#3111=EDGE_CURVE('',#2435,#2443,#1341,.T.);
#3112=EDGE_CURVE('',#2441,#2436,#1342,.T.);
#3113=EDGE_CURVE('',#2358,#2440,#1343,.T.);
#3114=EDGE_CURVE('',#2361,#2199,#1344,.T.);
#3115=EDGE_CURVE('',#2360,#2200,#1345,.T.);
#3116=EDGE_CURVE('',#2358,#2196,#1346,.T.);
#3117=EDGE_CURVE('',#2437,#2195,#1347,.T.);
#3118=EDGE_CURVE('',#2357,#2197,#1348,.T.);
#3119=EDGE_CURVE('',#2356,#2198,#1349,.T.);
#3120=EDGE_CURVE('',#2363,#2389,#1350,.T.);
#3121=EDGE_CURVE('',#2390,#2362,#1351,.T.);
#3122=EDGE_CURVE('',#2392,#2368,#1352,.T.);
#3123=EDGE_CURVE('',#2369,#2391,#1353,.T.);
#3124=EDGE_CURVE('',#2295,#2290,#1354,.T.);
#3125=EDGE_CURVE('',#2291,#2270,#1355,.T.);
#3126=EDGE_CURVE('',#2272,#2276,#1356,.T.);
#3127=EDGE_CURVE('',#2448,#2448,#226,.T.);
#3128=EDGE_CURVE('',#2448,#2393,#227,.T.);
#3129=EDGE_CURVE('',#2449,#2449,#228,.T.);
#3130=EDGE_CURVE('',#2449,#2384,#229,.T.);
#3131=EDGE_CURVE('',#2450,#2450,#230,.T.);
#3132=EDGE_CURVE('',#2451,#2451,#231,.T.);
#3133=EDGE_CURVE('',#2452,#2452,#232,.T.);
#3134=EDGE_CURVE('',#2452,#2450,#1357,.T.);
#3135=EDGE_CURVE('',#2453,#2453,#233,.T.);
#3136=EDGE_CURVE('',#2453,#2454,#1358,.T.);
#3137=EDGE_CURVE('',#2454,#2454,#234,.T.);
#3138=EDGE_CURVE('',#2451,#2455,#1359,.T.);
#3139=EDGE_CURVE('',#2455,#2455,#235,.T.);
#3140=EDGE_CURVE('',#2456,#2456,#236,.T.);
#3141=EDGE_CURVE('',#2456,#2457,#1360,.T.);
#3142=EDGE_CURVE('',#2457,#2457,#237,.T.);
#3143=EDGE_CURVE('',#2458,#2459,#1361,.T.);
#3144=EDGE_CURVE('',#2459,#2460,#1362,.T.);
#3145=EDGE_CURVE('',#2460,#2461,#1363,.T.);
#3146=EDGE_CURVE('',#2461,#2458,#1364,.T.);
#3147=EDGE_CURVE('',#2462,#2463,#1365,.T.);
#3148=EDGE_CURVE('',#2463,#2464,#1366,.T.);
#3149=EDGE_CURVE('',#2464,#2465,#1367,.T.);
#3150=EDGE_CURVE('',#2465,#2462,#1368,.T.);
#3151=EDGE_CURVE('',#2466,#2467,#1369,.T.);
#3152=EDGE_CURVE('',#2467,#2468,#1370,.T.);
#3153=EDGE_CURVE('',#2468,#2469,#1371,.T.);
#3154=EDGE_CURVE('',#2469,#2466,#1372,.T.);
#3155=EDGE_CURVE('',#2470,#2471,#1373,.T.);
#3156=EDGE_CURVE('',#2471,#2472,#1374,.T.);
#3157=EDGE_CURVE('',#2472,#2473,#1375,.T.);
#3158=EDGE_CURVE('',#2473,#2470,#1376,.T.);
#3159=EDGE_CURVE('',#2474,#2475,#1377,.T.);
#3160=EDGE_CURVE('',#2475,#2476,#1378,.T.);
#3161=EDGE_CURVE('',#2476,#2477,#1379,.T.);
#3162=EDGE_CURVE('',#2477,#2474,#1380,.T.);
#3163=EDGE_CURVE('',#2478,#2479,#1381,.T.);
#3164=EDGE_CURVE('',#2479,#2480,#1382,.T.);
#3165=EDGE_CURVE('',#2481,#2480,#1383,.T.);
#3166=EDGE_CURVE('',#2481,#2478,#1384,.T.);
#3167=EDGE_CURVE('',#2482,#2483,#1385,.T.);
#3168=EDGE_CURVE('',#2483,#2484,#1386,.T.);
#3169=EDGE_CURVE('',#2484,#2485,#1387,.T.);
#3170=EDGE_CURVE('',#2485,#2482,#1388,.T.);
#3171=EDGE_CURVE('',#2486,#2487,#1389,.T.);
#3172=EDGE_CURVE('',#2487,#2488,#1390,.T.);
#3173=EDGE_CURVE('',#2489,#2488,#1391,.T.);
#3174=EDGE_CURVE('',#2489,#2486,#1392,.T.);
#3175=EDGE_CURVE('',#2490,#2491,#1393,.T.);
#3176=EDGE_CURVE('',#2492,#2491,#1394,.T.);
#3177=EDGE_CURVE('',#2492,#2493,#1395,.T.);
#3178=EDGE_CURVE('',#2493,#2490,#1396,.T.);
#3179=EDGE_CURVE('',#2494,#2495,#1397,.T.);
#3180=EDGE_CURVE('',#2496,#2495,#1398,.T.);
#3181=EDGE_CURVE('',#2496,#2497,#1399,.T.);
#3182=EDGE_CURVE('',#2497,#2494,#1400,.T.);
#3183=EDGE_CURVE('',#2498,#2479,#1401,.T.);
#3184=EDGE_CURVE('',#2498,#2499,#1402,.T.);
#3185=EDGE_CURVE('',#2480,#2499,#1403,.T.);
#3186=EDGE_CURVE('',#2500,#2481,#1404,.T.);
#3187=EDGE_CURVE('',#2501,#2500,#1405,.T.);
#3188=EDGE_CURVE('',#2501,#2478,#1406,.T.);
#3189=EDGE_CURVE('',#2462,#2461,#1407,.T.);
#3190=EDGE_CURVE('',#2458,#2465,#1408,.T.);
#3191=EDGE_CURVE('',#2498,#2501,#1409,.T.);
#3192=EDGE_CURVE('',#2460,#2463,#1410,.T.);
#3193=EDGE_CURVE('',#2459,#2464,#1411,.T.);
#3194=EDGE_CURVE('',#2495,#2474,#1412,.T.);
#3195=EDGE_CURVE('',#2494,#2475,#1413,.T.);
#3196=EDGE_CURVE('',#2497,#2476,#1414,.T.);
#3197=EDGE_CURVE('',#2496,#2477,#1415,.T.);
#3198=EDGE_CURVE('',#2467,#2472,#1416,.T.);
#3199=EDGE_CURVE('',#2466,#2473,#1417,.T.);
#3200=EDGE_CURVE('',#2502,#2487,#1418,.T.);
#3201=EDGE_CURVE('',#2502,#2503,#1419,.T.);
#3202=EDGE_CURVE('',#2488,#2503,#1420,.T.);
#3203=EDGE_CURVE('',#2504,#2489,#1421,.T.);
#3204=EDGE_CURVE('',#2505,#2504,#1422,.T.);
#3205=EDGE_CURVE('',#2505,#2486,#1423,.T.);
#3206=EDGE_CURVE('',#2469,#2470,#1424,.T.);
#3207=EDGE_CURVE('',#2502,#2505,#1425,.T.);
#3208=EDGE_CURVE('',#2468,#2471,#1426,.T.);
#3209=EDGE_CURVE('',#2491,#2482,#1427,.T.);
#3210=EDGE_CURVE('',#2490,#2483,#1428,.T.);
#3211=EDGE_CURVE('',#2493,#2484,#1429,.T.);
#3212=EDGE_CURVE('',#2492,#2485,#1430,.T.);
#3213=EDGE_CURVE('',#2506,#2499,#1431,.T.);
#3214=EDGE_CURVE('',#2506,#2296,#1432,.T.);
#3215=EDGE_CURVE('',#2500,#2285,#1433,.T.);
#3216=EDGE_CURVE('',#2326,#2503,#1434,.T.);
#3217=EDGE_CURVE('',#2504,#2317,#1435,.T.);
#3218=EDGE_CURVE('',#2506,#2265,#1436,.T.);
#3219=EDGE_CURVE('',#2507,#2508,#238,.T.);
#3220=EDGE_CURVE('',#2507,#2509,#1437,.T.);
#3221=EDGE_CURVE('',#2510,#2509,#239,.T.);
#3222=EDGE_CURVE('',#2510,#2508,#1438,.T.);
#3223=EDGE_CURVE('',#2508,#2511,#1439,.T.);
#3224=EDGE_CURVE('',#2511,#2512,#240,.T.);
#3225=EDGE_CURVE('',#2513,#2512,#1440,.T.);
#3226=EDGE_CURVE('',#2513,#2514,#1441,.T.);
#3227=EDGE_CURVE('',#2514,#2507,#1442,.T.);
#3228=EDGE_CURVE('',#2515,#2510,#1443,.T.);
#3229=EDGE_CURVE('',#2511,#2515,#1444,.T.);
#3230=EDGE_CURVE('',#2516,#2515,#241,.T.);
#3231=EDGE_CURVE('',#2516,#2512,#1445,.T.);
#3232=EDGE_CURVE('',#2517,#2509,#1446,.T.);
#3233=EDGE_CURVE('',#2517,#2518,#1447,.T.);
#3234=EDGE_CURVE('',#2516,#2518,#1448,.T.);
#3235=EDGE_CURVE('',#2519,#2517,#1449,.T.);
#3236=EDGE_CURVE('',#2520,#2519,#1450,.T.);
#3237=EDGE_CURVE('',#2518,#2520,#1451,.T.);
#3238=EDGE_CURVE('',#2514,#2521,#1452,.T.);
#3239=EDGE_CURVE('',#2519,#2521,#1453,.T.);
#3240=EDGE_CURVE('',#2520,#2522,#1454,.T.);
#3241=EDGE_CURVE('',#2522,#2513,#1455,.T.);
#3242=EDGE_CURVE('',#2521,#2261,#1456,.T.);
#3243=EDGE_CURVE('',#2256,#2522,#1457,.T.);
#3244=EDGE_CURVE('',#2266,#2251,#1458,.T.);
#3245=EDGE_CURVE('',#2523,#2524,#242,.T.);
#3246=EDGE_CURVE('',#2524,#2525,#1459,.T.);
#3247=EDGE_CURVE('',#2525,#2526,#243,.T.);
#3248=EDGE_CURVE('',#2526,#2523,#1460,.T.);
#3249=EDGE_CURVE('',#2527,#2525,#1461,.T.);
#3250=EDGE_CURVE('',#2528,#2527,#1462,.T.);
#3251=EDGE_CURVE('',#2529,#2528,#1463,.T.);
#3252=EDGE_CURVE('',#2530,#2529,#244,.T.);
#3253=EDGE_CURVE('',#2531,#2530,#1464,.T.);
#3254=EDGE_CURVE('',#2531,#2526,#1465,.T.);
#3255=EDGE_CURVE('',#2524,#2532,#1466,.T.);
#3256=EDGE_CURVE('',#2532,#2527,#1467,.T.);
#3257=EDGE_CURVE('',#2533,#2534,#245,.T.);
#3258=EDGE_CURVE('',#2534,#2535,#1468,.T.);
#3259=EDGE_CURVE('',#2535,#2536,#246,.T.);
#3260=EDGE_CURVE('',#2536,#2533,#1469,.T.);
#3261=EDGE_CURVE('',#2535,#2537,#247,.T.);
#3262=EDGE_CURVE('',#2537,#2538,#248,.T.);
#3263=EDGE_CURVE('',#2538,#2536,#249,.T.);
#3264=EDGE_CURVE('',#2539,#2540,#250,.T.);
#3265=EDGE_CURVE('',#2540,#2538,#1470,.T.);
#3266=EDGE_CURVE('',#2537,#2539,#1471,.T.);
#3267=EDGE_CURVE('',#2541,#2539,#1472,.T.);
#3268=EDGE_CURVE('',#2542,#2541,#1473,.T.);
#3269=EDGE_CURVE('',#2543,#2542,#251,.T.);
#3270=EDGE_CURVE('',#2543,#2544,#1474,.T.);
#3271=EDGE_CURVE('',#2545,#2544,#1475,.T.);
#3272=EDGE_CURVE('',#2540,#2545,#1476,.T.);
#3273=EDGE_CURVE('',#2546,#2537,#1477,.T.);
#3274=EDGE_CURVE('',#2541,#2546,#1478,.T.);
#3275=EDGE_CURVE('',#2535,#2547,#1479,.T.);
#3276=EDGE_CURVE('',#2547,#2546,#252,.F.);
#3277=EDGE_CURVE('',#2548,#2534,#1480,.T.);
#3278=EDGE_CURVE('',#2547,#2548,#1481,.T.);
#3279=EDGE_CURVE('',#2549,#2550,#253,.T.);
#3280=EDGE_CURVE('',#2550,#2551,#1482,.T.);
#3281=EDGE_CURVE('',#2551,#2552,#254,.T.);
#3282=EDGE_CURVE('',#2552,#2549,#1483,.T.);
#3283=EDGE_CURVE('',#2551,#2553,#255,.T.);
#3284=EDGE_CURVE('',#2553,#2554,#256,.T.);
#3285=EDGE_CURVE('',#2554,#2552,#257,.T.);
#3286=EDGE_CURVE('',#2555,#2556,#258,.T.);
#3287=EDGE_CURVE('',#2556,#2554,#1484,.T.);
#3288=EDGE_CURVE('',#2553,#2555,#1485,.T.);
#3289=EDGE_CURVE('',#2557,#2555,#1486,.T.);
#3290=EDGE_CURVE('',#2558,#2557,#1487,.T.);
#3291=EDGE_CURVE('',#2559,#2558,#259,.T.);
#3292=EDGE_CURVE('',#2559,#2560,#1488,.T.);
#3293=EDGE_CURVE('',#2561,#2560,#1489,.T.);
#3294=EDGE_CURVE('',#2556,#2561,#1490,.T.);
#3295=EDGE_CURVE('',#2562,#2553,#1491,.T.);
#3296=EDGE_CURVE('',#2557,#2562,#1492,.T.);
#3297=EDGE_CURVE('',#2551,#2563,#1493,.T.);
#3298=EDGE_CURVE('',#2563,#2562,#260,.F.);
#3299=EDGE_CURVE('',#2564,#2550,#1494,.T.);
#3300=EDGE_CURVE('',#2563,#2564,#1495,.T.);
#3301=EDGE_CURVE('',#2565,#2523,#1496,.T.);
#3302=EDGE_CURVE('',#2566,#2565,#1497,.T.);
#3303=EDGE_CURVE('',#2567,#2566,#261,.T.);
#3304=EDGE_CURVE('',#2567,#2568,#1498,.T.);
#3305=EDGE_CURVE('',#2532,#2568,#1499,.T.);
#3306=EDGE_CURVE('',#2565,#2531,#1500,.T.);
#3307=EDGE_CURVE('',#2536,#2569,#1501,.T.);
#3308=EDGE_CURVE('',#2569,#2570,#1502,.T.);
#3309=EDGE_CURVE('',#2570,#2533,#1503,.T.);
#3310=EDGE_CURVE('',#2538,#2571,#1504,.T.);
#3311=EDGE_CURVE('',#2571,#2569,#262,.T.);
#3312=EDGE_CURVE('',#2545,#2571,#1505,.T.);
#3313=EDGE_CURVE('',#2561,#2572,#1506,.T.);
#3314=EDGE_CURVE('',#2572,#2554,#1507,.T.);
#3315=EDGE_CURVE('',#2572,#2573,#263,.T.);
#3316=EDGE_CURVE('',#2573,#2552,#1508,.T.);
#3317=EDGE_CURVE('',#2573,#2574,#1509,.T.);
#3318=EDGE_CURVE('',#2574,#2549,#1510,.T.);
#3319=EDGE_CURVE('',#2560,#2575,#1511,.T.);
#3320=EDGE_CURVE('',#2576,#2575,#264,.T.);
#3321=EDGE_CURVE('',#2576,#2577,#1512,.T.);
#3322=EDGE_CURVE('',#2577,#2574,#1513,.T.);
#3323=EDGE_CURVE('',#2578,#2579,#1514,.T.);
#3324=EDGE_CURVE('',#2578,#2580,#1515,.T.);
#3325=EDGE_CURVE('',#2581,#2580,#1516,.T.);
#3326=EDGE_CURVE('',#2579,#2581,#1517,.T.);
#3327=EDGE_CURVE('',#2579,#2582,#1518,.T.);
#3328=EDGE_CURVE('',#2583,#2581,#1519,.T.);
#3329=EDGE_CURVE('',#2582,#2583,#1520,.T.);
#3330=EDGE_CURVE('',#2582,#2584,#1521,.T.);
#3331=EDGE_CURVE('',#2585,#2583,#1522,.T.);
#3332=EDGE_CURVE('',#2584,#2585,#1523,.T.);
#3333=EDGE_CURVE('',#2584,#2586,#265,.T.);
#3334=EDGE_CURVE('',#2587,#2585,#266,.T.);
#3335=EDGE_CURVE('',#2586,#2587,#1524,.T.);
#3336=EDGE_CURVE('',#2586,#2588,#1525,.T.);
#3337=EDGE_CURVE('',#2589,#2587,#1526,.T.);
#3338=EDGE_CURVE('',#2588,#2589,#1527,.T.);
#3339=EDGE_CURVE('',#2588,#2578,#267,.T.);
#3340=EDGE_CURVE('',#2580,#2589,#268,.T.);
#3341=EDGE_CURVE('',#2590,#2591,#1528,.T.);
#3342=EDGE_CURVE('',#2591,#2592,#1529,.T.);
#3343=EDGE_CURVE('',#2592,#2593,#269,.T.);
#3344=EDGE_CURVE('',#2593,#2594,#1530,.T.);
#3345=EDGE_CURVE('',#2594,#2595,#270,.T.);
#3346=EDGE_CURVE('',#2595,#2590,#1531,.T.);
#3347=EDGE_CURVE('',#2596,#2597,#271,.T.);
#3348=EDGE_CURVE('',#2597,#2598,#1532,.T.);
#3349=EDGE_CURVE('',#2598,#2599,#272,.T.);
#3350=EDGE_CURVE('',#2599,#2596,#1533,.T.);
#3351=EDGE_CURVE('',#2596,#2600,#273,.T.);
#3352=EDGE_CURVE('',#2600,#2597,#274,.T.);
#3353=EDGE_CURVE('',#2544,#2599,#1534,.T.);
#3354=EDGE_CURVE('',#2596,#2543,#1535,.T.);
#3355=EDGE_CURVE('',#2601,#2602,#275,.T.);
#3356=EDGE_CURVE('',#2602,#2576,#1536,.T.);
#3357=EDGE_CURVE('',#2575,#2601,#1537,.T.);
#3358=EDGE_CURVE('',#2601,#2603,#276,.T.);
#3359=EDGE_CURVE('',#2603,#2602,#277,.T.);
#3360=EDGE_CURVE('',#2601,#2559,#1538,.T.);
#3361=EDGE_CURVE('',#2603,#2604,#1539,.T.);
#3362=EDGE_CURVE('',#2604,#2605,#278,.T.);
#3363=EDGE_CURVE('',#2605,#2602,#1540,.T.);
#3364=EDGE_CURVE('',#2558,#2603,#1541,.T.);
#3365=EDGE_CURVE('',#2606,#2607,#279,.T.);
#3366=EDGE_CURVE('',#2606,#2608,#1542,.T.);
#3367=EDGE_CURVE('',#2609,#2608,#280,.T.);
#3368=EDGE_CURVE('',#2609,#2610,#1543,.T.);
#3369=EDGE_CURVE('',#2610,#2611,#1544,.T.);
#3370=EDGE_CURVE('',#2611,#2607,#1545,.T.);
#3371=EDGE_CURVE('',#2566,#2530,#1546,.T.);
#3372=EDGE_CURVE('',#2564,#2604,#1547,.T.);
#3373=EDGE_CURVE('',#2548,#2612,#1548,.T.);
#3374=EDGE_CURVE('',#2600,#2612,#1549,.T.);
#3375=EDGE_CURVE('',#2542,#2600,#1550,.T.);
#3376=EDGE_CURVE('',#2612,#2613,#281,.T.);
#3377=EDGE_CURVE('',#2613,#2597,#1551,.T.);
#3378=EDGE_CURVE('',#2529,#2567,#1552,.T.);
#3379=EDGE_CURVE('',#2568,#2528,#1553,.T.);
#3380=EDGE_CURVE('',#2605,#2577,#1554,.T.);
#3381=EDGE_CURVE('',#2614,#2570,#1555,.T.);
#3382=EDGE_CURVE('',#2613,#2614,#1556,.T.);
#3383=EDGE_CURVE('',#2598,#2614,#1557,.T.);
#3384=EDGE_CURVE('',#2606,#2594,#1558,.T.);
#3385=EDGE_CURVE('',#2608,#2593,#1559,.T.);
#3386=EDGE_CURVE('',#2609,#2592,#1560,.T.);
#3387=EDGE_CURVE('',#2610,#2591,#1561,.T.);
#3388=EDGE_CURVE('',#2611,#2590,#1562,.T.);
#3389=EDGE_CURVE('',#2607,#2595,#1563,.T.);
#3390=ORIENTED_EDGE('',*,*,#2615,.F.);
#3391=ORIENTED_EDGE('',*,*,#2616,.T.);
#3392=ORIENTED_EDGE('',*,*,#2617,.T.);
#3393=ORIENTED_EDGE('',*,*,#2618,.F.);
#3394=ORIENTED_EDGE('',*,*,#2619,.F.);
#3395=ORIENTED_EDGE('',*,*,#2620,.T.);
#3396=ORIENTED_EDGE('',*,*,#2621,.T.);
#3397=ORIENTED_EDGE('',*,*,#2616,.F.);
#3398=ORIENTED_EDGE('',*,*,#2622,.F.);
#3399=ORIENTED_EDGE('',*,*,#2623,.T.);
#3400=ORIENTED_EDGE('',*,*,#2624,.T.);
#3401=ORIENTED_EDGE('',*,*,#2620,.F.);
#3402=ORIENTED_EDGE('',*,*,#2625,.F.);
#3403=ORIENTED_EDGE('',*,*,#2626,.T.);
#3404=ORIENTED_EDGE('',*,*,#2627,.T.);
#3405=ORIENTED_EDGE('',*,*,#2623,.F.);
#3406=ORIENTED_EDGE('',*,*,#2628,.F.);
#3407=ORIENTED_EDGE('',*,*,#2629,.T.);
#3408=ORIENTED_EDGE('',*,*,#2630,.T.);
#3409=ORIENTED_EDGE('',*,*,#2626,.F.);
#3410=ORIENTED_EDGE('',*,*,#2631,.F.);
#3411=ORIENTED_EDGE('',*,*,#2632,.T.);
#3412=ORIENTED_EDGE('',*,*,#2633,.T.);
#3413=ORIENTED_EDGE('',*,*,#2629,.F.);
#3414=ORIENTED_EDGE('',*,*,#2634,.F.);
#3415=ORIENTED_EDGE('',*,*,#2635,.T.);
#3416=ORIENTED_EDGE('',*,*,#2636,.T.);
#3417=ORIENTED_EDGE('',*,*,#2632,.F.);
#3418=ORIENTED_EDGE('',*,*,#2637,.F.);
#3419=ORIENTED_EDGE('',*,*,#2618,.T.);
#3420=ORIENTED_EDGE('',*,*,#2638,.T.);
#3421=ORIENTED_EDGE('',*,*,#2635,.F.);
#3422=ORIENTED_EDGE('',*,*,#2638,.F.);
#3423=ORIENTED_EDGE('',*,*,#2617,.F.);
#3424=ORIENTED_EDGE('',*,*,#2621,.F.);
#3425=ORIENTED_EDGE('',*,*,#2624,.F.);
#3426=ORIENTED_EDGE('',*,*,#2627,.F.);
#3427=ORIENTED_EDGE('',*,*,#2630,.F.);
#3428=ORIENTED_EDGE('',*,*,#2633,.F.);
#3429=ORIENTED_EDGE('',*,*,#2636,.F.);
#3430=ORIENTED_EDGE('',*,*,#2639,.F.);
#3431=ORIENTED_EDGE('',*,*,#2640,.T.);
#3432=ORIENTED_EDGE('',*,*,#2641,.T.);
#3433=ORIENTED_EDGE('',*,*,#2642,.F.);
#3434=ORIENTED_EDGE('',*,*,#2643,.F.);
#3435=ORIENTED_EDGE('',*,*,#2644,.T.);
#3436=ORIENTED_EDGE('',*,*,#2645,.T.);
#3437=ORIENTED_EDGE('',*,*,#2640,.F.);
#3438=ORIENTED_EDGE('',*,*,#2646,.F.);
#3439=ORIENTED_EDGE('',*,*,#2647,.T.);
#3440=ORIENTED_EDGE('',*,*,#2648,.T.);
#3441=ORIENTED_EDGE('',*,*,#2644,.F.);
#3442=ORIENTED_EDGE('',*,*,#2649,.F.);
#3443=ORIENTED_EDGE('',*,*,#2650,.T.);
#3444=ORIENTED_EDGE('',*,*,#2651,.T.);
#3445=ORIENTED_EDGE('',*,*,#2647,.F.);
#3446=ORIENTED_EDGE('',*,*,#2652,.F.);
#3447=ORIENTED_EDGE('',*,*,#2653,.T.);
#3448=ORIENTED_EDGE('',*,*,#2654,.T.);
#3449=ORIENTED_EDGE('',*,*,#2650,.F.);
#3450=ORIENTED_EDGE('',*,*,#2655,.F.);
#3451=ORIENTED_EDGE('',*,*,#2656,.T.);
#3452=ORIENTED_EDGE('',*,*,#2657,.T.);
#3453=ORIENTED_EDGE('',*,*,#2653,.F.);
#3454=ORIENTED_EDGE('',*,*,#2658,.F.);
#3455=ORIENTED_EDGE('',*,*,#2659,.T.);
#3456=ORIENTED_EDGE('',*,*,#2660,.T.);
#3457=ORIENTED_EDGE('',*,*,#2656,.F.);
#3458=ORIENTED_EDGE('',*,*,#2661,.F.);
#3459=ORIENTED_EDGE('',*,*,#2642,.T.);
#3460=ORIENTED_EDGE('',*,*,#2662,.T.);
#3461=ORIENTED_EDGE('',*,*,#2659,.F.);
#3462=ORIENTED_EDGE('',*,*,#2662,.F.);
#3463=ORIENTED_EDGE('',*,*,#2641,.F.);
#3464=ORIENTED_EDGE('',*,*,#2645,.F.);
#3465=ORIENTED_EDGE('',*,*,#2648,.F.);
#3466=ORIENTED_EDGE('',*,*,#2651,.F.);
#3467=ORIENTED_EDGE('',*,*,#2654,.F.);
#3468=ORIENTED_EDGE('',*,*,#2657,.F.);
#3469=ORIENTED_EDGE('',*,*,#2660,.F.);
#3470=ORIENTED_EDGE('',*,*,#2663,.T.);
#3471=ORIENTED_EDGE('',*,*,#2664,.T.);
#3472=ORIENTED_EDGE('',*,*,#2665,.T.);
#3473=ORIENTED_EDGE('',*,*,#2666,.T.);
#3474=ORIENTED_EDGE('',*,*,#2664,.F.);
#3475=ORIENTED_EDGE('',*,*,#2667,.F.);
#3476=ORIENTED_EDGE('',*,*,#2668,.F.);
#3477=ORIENTED_EDGE('',*,*,#2669,.F.);
#3478=ORIENTED_EDGE('',*,*,#2670,.T.);
#3479=ORIENTED_EDGE('',*,*,#2671,.T.);
#3480=ORIENTED_EDGE('',*,*,#2672,.T.);
#3481=ORIENTED_EDGE('',*,*,#2673,.T.);
#3482=ORIENTED_EDGE('',*,*,#2666,.F.);
#3483=ORIENTED_EDGE('',*,*,#2674,.F.);
#3484=ORIENTED_EDGE('',*,*,#2671,.F.);
#3485=ORIENTED_EDGE('',*,*,#2675,.F.);
#3486=ORIENTED_EDGE('',*,*,#2676,.T.);
#3487=ORIENTED_EDGE('',*,*,#2677,.T.);
#3488=ORIENTED_EDGE('',*,*,#2678,.T.);
#3489=ORIENTED_EDGE('',*,*,#2668,.T.);
#3490=ORIENTED_EDGE('',*,*,#2677,.F.);
#3491=ORIENTED_EDGE('',*,*,#2679,.F.);
#3492=ORIENTED_EDGE('',*,*,#2680,.F.);
#3493=ORIENTED_EDGE('',*,*,#2681,.F.);
#3494=ORIENTED_EDGE('',*,*,#2682,.T.);
#3495=ORIENTED_EDGE('',*,*,#2683,.T.);
#3496=ORIENTED_EDGE('',*,*,#2684,.T.);
#3497=ORIENTED_EDGE('',*,*,#2680,.T.);
#3498=ORIENTED_EDGE('',*,*,#2673,.F.);
#3499=ORIENTED_EDGE('',*,*,#2685,.F.);
#3500=ORIENTED_EDGE('',*,*,#2683,.F.);
#3501=ORIENTED_EDGE('',*,*,#2686,.F.);
#3502=ORIENTED_EDGE('',*,*,#2687,.F.);
#3503=ORIENTED_EDGE('',*,*,#2688,.T.);
#3504=ORIENTED_EDGE('',*,*,#2689,.F.);
#3505=ORIENTED_EDGE('',*,*,#2688,.F.);
#3506=ORIENTED_EDGE('',*,*,#2690,.F.);
#3507=ORIENTED_EDGE('',*,*,#2691,.T.);
#3508=ORIENTED_EDGE('',*,*,#2692,.F.);
#3509=ORIENTED_EDGE('',*,*,#2691,.F.);
#3510=ORIENTED_EDGE('',*,*,#2693,.F.);
#3511=ORIENTED_EDGE('',*,*,#2694,.T.);
#3512=ORIENTED_EDGE('',*,*,#2695,.F.);
#3513=ORIENTED_EDGE('',*,*,#2694,.F.);
#3514=ORIENTED_EDGE('',*,*,#2696,.F.);
#3515=ORIENTED_EDGE('',*,*,#2697,.T.);
#3516=ORIENTED_EDGE('',*,*,#2698,.F.);
#3517=ORIENTED_EDGE('',*,*,#2697,.F.);
#3518=ORIENTED_EDGE('',*,*,#2699,.F.);
#3519=ORIENTED_EDGE('',*,*,#2700,.F.);
#3520=ORIENTED_EDGE('',*,*,#2701,.F.);
#3521=ORIENTED_EDGE('',*,*,#2702,.F.);
#3522=ORIENTED_EDGE('',*,*,#2703,.F.);
#3523=ORIENTED_EDGE('',*,*,#2704,.F.);
#3524=ORIENTED_EDGE('',*,*,#2705,.F.);
#3525=ORIENTED_EDGE('',*,*,#2706,.F.);
#3526=ORIENTED_EDGE('',*,*,#2707,.T.);
#3527=ORIENTED_EDGE('',*,*,#2708,.T.);
#3528=ORIENTED_EDGE('',*,*,#2709,.T.);
#3529=ORIENTED_EDGE('',*,*,#2705,.T.);
#3530=ORIENTED_EDGE('',*,*,#2708,.F.);
#3531=ORIENTED_EDGE('',*,*,#2710,.F.);
#3532=ORIENTED_EDGE('',*,*,#2711,.F.);
#3533=ORIENTED_EDGE('',*,*,#2712,.F.);
#3534=ORIENTED_EDGE('',*,*,#2713,.T.);
#3535=ORIENTED_EDGE('',*,*,#2714,.T.);
#3536=ORIENTED_EDGE('',*,*,#2715,.T.);
#3537=ORIENTED_EDGE('',*,*,#2701,.T.);
#3538=ORIENTED_EDGE('',*,*,#2714,.F.);
#3539=ORIENTED_EDGE('',*,*,#2716,.F.);
#3540=ORIENTED_EDGE('',*,*,#2717,.F.);
#3541=ORIENTED_EDGE('',*,*,#2718,.F.);
#3542=ORIENTED_EDGE('',*,*,#2719,.T.);
#3543=ORIENTED_EDGE('',*,*,#2699,.T.);
#3544=ORIENTED_EDGE('',*,*,#2720,.T.);
#3545=ORIENTED_EDGE('',*,*,#2717,.T.);
#3546=ORIENTED_EDGE('',*,*,#2721,.T.);
#3547=ORIENTED_EDGE('',*,*,#2703,.T.);
#3548=ORIENTED_EDGE('',*,*,#2722,.T.);
#3549=ORIENTED_EDGE('',*,*,#2711,.T.);
#3550=ORIENTED_EDGE('',*,*,#2723,.T.);
#3551=ORIENTED_EDGE('',*,*,#2724,.T.);
#3552=ORIENTED_EDGE('',*,*,#2725,.T.);
#3553=ORIENTED_EDGE('',*,*,#2726,.T.);
#3554=ORIENTED_EDGE('',*,*,#2727,.T.);
#3555=ORIENTED_EDGE('',*,*,#2723,.F.);
#3556=ORIENTED_EDGE('',*,*,#2728,.T.);
#3557=ORIENTED_EDGE('',*,*,#2726,.F.);
#3558=ORIENTED_EDGE('',*,*,#2729,.T.);
#3559=ORIENTED_EDGE('',*,*,#2727,.F.);
#3560=ORIENTED_EDGE('',*,*,#2730,.F.);
#3561=ORIENTED_EDGE('',*,*,#2731,.F.);
#3562=ORIENTED_EDGE('',*,*,#2732,.F.);
#3563=ORIENTED_EDGE('',*,*,#2733,.T.);
#3564=ORIENTED_EDGE('',*,*,#2734,.F.);
#3565=ORIENTED_EDGE('',*,*,#2735,.F.);
#3566=ORIENTED_EDGE('',*,*,#2736,.F.);
#3567=ORIENTED_EDGE('',*,*,#2737,.F.);
#3568=ORIENTED_EDGE('',*,*,#2738,.T.);
#3569=ORIENTED_EDGE('',*,*,#2739,.T.);
#3570=ORIENTED_EDGE('',*,*,#2740,.T.);
#3571=ORIENTED_EDGE('',*,*,#2741,.T.);
#3572=ORIENTED_EDGE('',*,*,#2742,.T.);
#3573=ORIENTED_EDGE('',*,*,#2743,.T.);
#3574=ORIENTED_EDGE('',*,*,#2744,.T.);
#3575=ORIENTED_EDGE('',*,*,#2745,.T.);
#3576=ORIENTED_EDGE('',*,*,#2746,.T.);
#3577=ORIENTED_EDGE('',*,*,#2747,.T.);
#3578=ORIENTED_EDGE('',*,*,#2724,.F.);
#3579=ORIENTED_EDGE('',*,*,#2729,.F.);
#3580=ORIENTED_EDGE('',*,*,#2725,.F.);
#3581=ORIENTED_EDGE('',*,*,#2747,.F.);
#3582=ORIENTED_EDGE('',*,*,#2748,.T.);
#3583=ORIENTED_EDGE('',*,*,#2749,.T.);
#3584=ORIENTED_EDGE('',*,*,#2750,.T.);
#3585=ORIENTED_EDGE('',*,*,#2737,.T.);
#3586=ORIENTED_EDGE('',*,*,#2750,.F.);
#3587=ORIENTED_EDGE('',*,*,#2751,.T.);
#3588=ORIENTED_EDGE('',*,*,#2752,.T.);
#3589=ORIENTED_EDGE('',*,*,#2748,.F.);
#3590=ORIENTED_EDGE('',*,*,#2749,.F.);
#3591=ORIENTED_EDGE('',*,*,#2752,.F.);
#3592=ORIENTED_EDGE('',*,*,#2746,.F.);
#3593=ORIENTED_EDGE('',*,*,#2751,.F.);
#3594=ORIENTED_EDGE('',*,*,#2753,.T.);
#3595=ORIENTED_EDGE('',*,*,#2754,.T.);
#3596=ORIENTED_EDGE('',*,*,#2755,.T.);
#3597=ORIENTED_EDGE('',*,*,#2756,.T.);
#3598=ORIENTED_EDGE('',*,*,#2754,.F.);
#3599=ORIENTED_EDGE('',*,*,#2757,.T.);
#3600=ORIENTED_EDGE('',*,*,#2758,.F.);
#3601=ORIENTED_EDGE('',*,*,#2759,.F.);
#3602=ORIENTED_EDGE('',*,*,#2760,.F.);
#3603=ORIENTED_EDGE('',*,*,#2761,.F.);
#3604=ORIENTED_EDGE('',*,*,#2762,.F.);
#3605=ORIENTED_EDGE('',*,*,#2763,.T.);
#3606=ORIENTED_EDGE('',*,*,#2764,.F.);
#3607=ORIENTED_EDGE('',*,*,#2765,.T.);
#3608=ORIENTED_EDGE('',*,*,#2766,.T.);
#3609=ORIENTED_EDGE('',*,*,#2767,.T.);
#3610=ORIENTED_EDGE('',*,*,#2768,.F.);
#3611=ORIENTED_EDGE('',*,*,#2769,.T.);
#3612=ORIENTED_EDGE('',*,*,#2770,.F.);
#3613=ORIENTED_EDGE('',*,*,#2771,.T.);
#3614=ORIENTED_EDGE('',*,*,#2772,.T.);
#3615=ORIENTED_EDGE('',*,*,#2773,.T.);
#3616=ORIENTED_EDGE('',*,*,#2774,.F.);
#3617=ORIENTED_EDGE('',*,*,#2775,.T.);
#3618=ORIENTED_EDGE('',*,*,#2776,.F.);
#3619=ORIENTED_EDGE('',*,*,#2777,.T.);
#3620=ORIENTED_EDGE('',*,*,#2778,.T.);
#3621=ORIENTED_EDGE('',*,*,#2779,.T.);
#3622=ORIENTED_EDGE('',*,*,#2780,.F.);
#3623=ORIENTED_EDGE('',*,*,#2781,.T.);
#3624=ORIENTED_EDGE('',*,*,#2782,.T.);
#3625=ORIENTED_EDGE('',*,*,#2783,.T.);
#3626=ORIENTED_EDGE('',*,*,#2784,.T.);
#3627=ORIENTED_EDGE('',*,*,#2764,.T.);
#3628=ORIENTED_EDGE('',*,*,#2785,.T.);
#3629=ORIENTED_EDGE('',*,*,#2786,.T.);
#3630=ORIENTED_EDGE('',*,*,#2787,.T.);
#3631=ORIENTED_EDGE('',*,*,#2776,.T.);
#3632=ORIENTED_EDGE('',*,*,#2788,.T.);
#3633=ORIENTED_EDGE('',*,*,#2789,.T.);
#3634=ORIENTED_EDGE('',*,*,#2790,.T.);
#3635=ORIENTED_EDGE('',*,*,#2774,.T.);
#3636=ORIENTED_EDGE('',*,*,#2791,.T.);
#3637=ORIENTED_EDGE('',*,*,#2792,.T.);
#3638=ORIENTED_EDGE('',*,*,#2793,.T.);
#3639=ORIENTED_EDGE('',*,*,#2770,.T.);
#3640=ORIENTED_EDGE('',*,*,#2794,.T.);
#3641=ORIENTED_EDGE('',*,*,#2795,.T.);
#3642=ORIENTED_EDGE('',*,*,#2796,.T.);
#3643=ORIENTED_EDGE('',*,*,#2768,.T.);
#3644=ORIENTED_EDGE('',*,*,#2797,.T.);
#3645=ORIENTED_EDGE('',*,*,#2798,.T.);
#3646=ORIENTED_EDGE('',*,*,#2799,.T.);
#3647=ORIENTED_EDGE('',*,*,#2800,.T.);
#3648=ORIENTED_EDGE('',*,*,#2801,.T.);
#3649=ORIENTED_EDGE('',*,*,#2802,.T.);
#3650=ORIENTED_EDGE('',*,*,#2800,.F.);
#3651=ORIENTED_EDGE('',*,*,#2803,.T.);
#3652=ORIENTED_EDGE('',*,*,#2804,.T.);
#3653=ORIENTED_EDGE('',*,*,#2805,.T.);
#3654=ORIENTED_EDGE('',*,*,#2806,.F.);
#3655=ORIENTED_EDGE('',*,*,#2807,.T.);
#3656=ORIENTED_EDGE('',*,*,#2808,.T.);
#3657=ORIENTED_EDGE('',*,*,#2809,.F.);
#3658=ORIENTED_EDGE('',*,*,#2810,.T.);
#3659=ORIENTED_EDGE('',*,*,#2811,.T.);
#3660=ORIENTED_EDGE('',*,*,#2812,.T.);
#3661=ORIENTED_EDGE('',*,*,#2813,.T.);
#3662=ORIENTED_EDGE('',*,*,#2811,.F.);
#3663=ORIENTED_EDGE('',*,*,#2814,.T.);
#3664=ORIENTED_EDGE('',*,*,#2815,.T.);
#3665=ORIENTED_EDGE('',*,*,#2816,.T.);
#3666=ORIENTED_EDGE('',*,*,#2817,.F.);
#3667=ORIENTED_EDGE('',*,*,#2818,.T.);
#3668=ORIENTED_EDGE('',*,*,#2819,.T.);
#3669=ORIENTED_EDGE('',*,*,#2820,.F.);
#3670=ORIENTED_EDGE('',*,*,#2821,.T.);
#3671=ORIENTED_EDGE('',*,*,#2822,.T.);
#3672=ORIENTED_EDGE('',*,*,#2823,.T.);
#3673=ORIENTED_EDGE('',*,*,#2824,.T.);
#3674=ORIENTED_EDGE('',*,*,#2822,.F.);
#3675=ORIENTED_EDGE('',*,*,#2825,.F.);
#3676=ORIENTED_EDGE('',*,*,#2826,.F.);
#3677=ORIENTED_EDGE('',*,*,#2827,.F.);
#3678=ORIENTED_EDGE('',*,*,#2828,.T.);
#3679=ORIENTED_EDGE('',*,*,#2829,.T.);
#3680=ORIENTED_EDGE('',*,*,#2830,.T.);
#3681=ORIENTED_EDGE('',*,*,#2831,.T.);
#3682=ORIENTED_EDGE('',*,*,#2829,.F.);
#3683=ORIENTED_EDGE('',*,*,#2832,.T.);
#3684=ORIENTED_EDGE('',*,*,#2833,.F.);
#3685=ORIENTED_EDGE('',*,*,#2834,.T.);
#3686=ORIENTED_EDGE('',*,*,#2828,.F.);
#3687=ORIENTED_EDGE('',*,*,#2835,.F.);
#3688=ORIENTED_EDGE('',*,*,#2825,.T.);
#3689=ORIENTED_EDGE('',*,*,#2821,.F.);
#3690=ORIENTED_EDGE('',*,*,#2836,.T.);
#3691=ORIENTED_EDGE('',*,*,#2837,.F.);
#3692=ORIENTED_EDGE('',*,*,#2838,.T.);
#3693=ORIENTED_EDGE('',*,*,#2839,.F.);
#3694=ORIENTED_EDGE('',*,*,#2840,.F.);
#3695=ORIENTED_EDGE('',*,*,#2841,.F.);
#3696=ORIENTED_EDGE('',*,*,#2842,.F.);
#3697=ORIENTED_EDGE('',*,*,#2816,.F.);
#3698=ORIENTED_EDGE('',*,*,#2843,.F.);
#3699=ORIENTED_EDGE('',*,*,#2844,.T.);
#3700=ORIENTED_EDGE('',*,*,#2845,.T.);
#3701=ORIENTED_EDGE('',*,*,#2846,.F.);
#3702=ORIENTED_EDGE('',*,*,#2847,.F.);
#3703=ORIENTED_EDGE('',*,*,#2848,.F.);
#3704=ORIENTED_EDGE('',*,*,#2832,.F.);
#3705=ORIENTED_EDGE('',*,*,#2849,.T.);
#3706=ORIENTED_EDGE('',*,*,#2833,.T.);
#3707=ORIENTED_EDGE('',*,*,#2848,.T.);
#3708=ORIENTED_EDGE('',*,*,#2850,.F.);
#3709=ORIENTED_EDGE('',*,*,#2851,.T.);
#3710=ORIENTED_EDGE('',*,*,#2852,.T.);
#3711=ORIENTED_EDGE('',*,*,#2837,.T.);
#3712=ORIENTED_EDGE('',*,*,#2853,.T.);
#3713=ORIENTED_EDGE('',*,*,#2852,.F.);
#3714=ORIENTED_EDGE('',*,*,#2854,.F.);
#3715=ORIENTED_EDGE('',*,*,#2855,.F.);
#3716=ORIENTED_EDGE('',*,*,#2838,.F.);
#3717=ORIENTED_EDGE('',*,*,#2846,.T.);
#3718=ORIENTED_EDGE('',*,*,#2856,.T.);
#3719=ORIENTED_EDGE('',*,*,#2857,.T.);
#3720=ORIENTED_EDGE('',*,*,#2858,.T.);
#3721=ORIENTED_EDGE('',*,*,#2856,.F.);
#3722=ORIENTED_EDGE('',*,*,#2845,.F.);
#3723=ORIENTED_EDGE('',*,*,#2859,.F.);
#3724=ORIENTED_EDGE('',*,*,#2860,.F.);
#3725=ORIENTED_EDGE('',*,*,#2861,.T.);
#3726=ORIENTED_EDGE('',*,*,#2862,.T.);
#3727=ORIENTED_EDGE('',*,*,#2863,.T.);
#3728=ORIENTED_EDGE('',*,*,#2864,.T.);
#3729=ORIENTED_EDGE('',*,*,#2862,.F.);
#3730=ORIENTED_EDGE('',*,*,#2865,.F.);
#3731=ORIENTED_EDGE('',*,*,#2866,.F.);
#3732=ORIENTED_EDGE('',*,*,#2867,.F.);
#3733=ORIENTED_EDGE('',*,*,#2868,.T.);
#3734=ORIENTED_EDGE('',*,*,#2869,.T.);
#3735=ORIENTED_EDGE('',*,*,#2870,.T.);
#3736=ORIENTED_EDGE('',*,*,#2866,.T.);
#3737=ORIENTED_EDGE('',*,*,#2869,.F.);
#3738=ORIENTED_EDGE('',*,*,#2871,.F.);
#3739=ORIENTED_EDGE('',*,*,#2872,.F.);
#3740=ORIENTED_EDGE('',*,*,#2873,.F.);
#3741=ORIENTED_EDGE('',*,*,#2874,.T.);
#3742=ORIENTED_EDGE('',*,*,#2875,.T.);
#3743=ORIENTED_EDGE('',*,*,#2876,.T.);
#3744=ORIENTED_EDGE('',*,*,#2877,.T.);
#3745=ORIENTED_EDGE('',*,*,#2875,.F.);
#3746=ORIENTED_EDGE('',*,*,#2878,.T.);
#3747=ORIENTED_EDGE('',*,*,#2879,.F.);
#3748=ORIENTED_EDGE('',*,*,#2880,.T.);
#3749=ORIENTED_EDGE('',*,*,#2874,.F.);
#3750=ORIENTED_EDGE('',*,*,#2881,.F.);
#3751=ORIENTED_EDGE('',*,*,#2871,.T.);
#3752=ORIENTED_EDGE('',*,*,#2868,.F.);
#3753=ORIENTED_EDGE('',*,*,#2865,.T.);
#3754=ORIENTED_EDGE('',*,*,#2861,.F.);
#3755=ORIENTED_EDGE('',*,*,#2882,.T.);
#3756=ORIENTED_EDGE('',*,*,#2883,.F.);
#3757=ORIENTED_EDGE('',*,*,#2884,.F.);
#3758=ORIENTED_EDGE('',*,*,#2885,.F.);
#3759=ORIENTED_EDGE('',*,*,#2886,.F.);
#3760=ORIENTED_EDGE('',*,*,#2805,.F.);
#3761=ORIENTED_EDGE('',*,*,#2887,.F.);
#3762=ORIENTED_EDGE('',*,*,#2888,.T.);
#3763=ORIENTED_EDGE('',*,*,#2889,.T.);
#3764=ORIENTED_EDGE('',*,*,#2890,.F.);
#3765=ORIENTED_EDGE('',*,*,#2891,.F.);
#3766=ORIENTED_EDGE('',*,*,#2892,.F.);
#3767=ORIENTED_EDGE('',*,*,#2878,.F.);
#3768=ORIENTED_EDGE('',*,*,#2890,.T.);
#3769=ORIENTED_EDGE('',*,*,#2893,.T.);
#3770=ORIENTED_EDGE('',*,*,#2894,.T.);
#3771=ORIENTED_EDGE('',*,*,#2895,.T.);
#3772=ORIENTED_EDGE('',*,*,#2893,.F.);
#3773=ORIENTED_EDGE('',*,*,#2889,.F.);
#3774=ORIENTED_EDGE('',*,*,#2896,.F.);
#3775=ORIENTED_EDGE('',*,*,#2897,.F.);
#3776=ORIENTED_EDGE('',*,*,#2898,.T.);
#3777=ORIENTED_EDGE('',*,*,#2879,.T.);
#3778=ORIENTED_EDGE('',*,*,#2892,.T.);
#3779=ORIENTED_EDGE('',*,*,#2899,.F.);
#3780=ORIENTED_EDGE('',*,*,#2876,.F.);
#3781=ORIENTED_EDGE('',*,*,#2880,.F.);
#3782=ORIENTED_EDGE('',*,*,#2898,.F.);
#3783=ORIENTED_EDGE('',*,*,#2900,.F.);
#3784=ORIENTED_EDGE('',*,*,#2894,.F.);
#3785=ORIENTED_EDGE('',*,*,#2897,.T.);
#3786=ORIENTED_EDGE('',*,*,#2901,.F.);
#3787=ORIENTED_EDGE('',*,*,#2902,.T.);
#3788=ORIENTED_EDGE('',*,*,#2807,.F.);
#3789=ORIENTED_EDGE('',*,*,#2903,.F.);
#3790=ORIENTED_EDGE('',*,*,#2904,.F.);
#3791=ORIENTED_EDGE('',*,*,#2905,.F.);
#3792=ORIENTED_EDGE('',*,*,#2906,.F.);
#3793=ORIENTED_EDGE('',*,*,#2907,.T.);
#3794=ORIENTED_EDGE('',*,*,#2863,.F.);
#3795=ORIENTED_EDGE('',*,*,#2867,.T.);
#3796=ORIENTED_EDGE('',*,*,#2870,.F.);
#3797=ORIENTED_EDGE('',*,*,#2873,.T.);
#3798=ORIENTED_EDGE('',*,*,#2908,.T.);
#3799=ORIENTED_EDGE('',*,*,#2842,.T.);
#3800=ORIENTED_EDGE('',*,*,#2909,.T.);
#3801=ORIENTED_EDGE('',*,*,#2910,.T.);
#3802=ORIENTED_EDGE('',*,*,#2817,.T.);
#3803=ORIENTED_EDGE('',*,*,#2909,.F.);
#3804=ORIENTED_EDGE('',*,*,#2841,.T.);
#3805=ORIENTED_EDGE('',*,*,#2911,.F.);
#3806=ORIENTED_EDGE('',*,*,#2912,.T.);
#3807=ORIENTED_EDGE('',*,*,#2913,.T.);
#3808=ORIENTED_EDGE('',*,*,#2911,.T.);
#3809=ORIENTED_EDGE('',*,*,#2840,.T.);
#3810=ORIENTED_EDGE('',*,*,#2914,.T.);
#3811=ORIENTED_EDGE('',*,*,#2886,.T.);
#3812=ORIENTED_EDGE('',*,*,#2915,.T.);
#3813=ORIENTED_EDGE('',*,*,#2903,.T.);
#3814=ORIENTED_EDGE('',*,*,#2806,.T.);
#3815=ORIENTED_EDGE('',*,*,#2915,.F.);
#3816=ORIENTED_EDGE('',*,*,#2885,.T.);
#3817=ORIENTED_EDGE('',*,*,#2916,.F.);
#3818=ORIENTED_EDGE('',*,*,#2904,.T.);
#3819=ORIENTED_EDGE('',*,*,#2905,.T.);
#3820=ORIENTED_EDGE('',*,*,#2916,.T.);
#3821=ORIENTED_EDGE('',*,*,#2884,.T.);
#3822=ORIENTED_EDGE('',*,*,#2917,.T.);
#3823=ORIENTED_EDGE('',*,*,#2918,.F.);
#3824=ORIENTED_EDGE('',*,*,#2919,.F.);
#3825=ORIENTED_EDGE('',*,*,#2920,.F.);
#3826=ORIENTED_EDGE('',*,*,#2921,.F.);
#3827=ORIENTED_EDGE('',*,*,#2922,.T.);
#3828=ORIENTED_EDGE('',*,*,#2919,.T.);
#3829=ORIENTED_EDGE('',*,*,#2923,.T.);
#3830=ORIENTED_EDGE('',*,*,#2924,.F.);
#3831=ORIENTED_EDGE('',*,*,#2925,.F.);
#3832=ORIENTED_EDGE('',*,*,#2926,.F.);
#3833=ORIENTED_EDGE('',*,*,#2927,.F.);
#3834=ORIENTED_EDGE('',*,*,#2928,.T.);
#3835=ORIENTED_EDGE('',*,*,#2925,.T.);
#3836=ORIENTED_EDGE('',*,*,#2929,.T.);
#3837=ORIENTED_EDGE('',*,*,#2930,.T.);
#3838=ORIENTED_EDGE('',*,*,#2931,.T.);
#3839=ORIENTED_EDGE('',*,*,#2926,.T.);
#3840=ORIENTED_EDGE('',*,*,#2932,.T.);
#3841=ORIENTED_EDGE('',*,*,#2920,.T.);
#3842=ORIENTED_EDGE('',*,*,#2933,.T.);
#3843=ORIENTED_EDGE('',*,*,#2924,.T.);
#3844=ORIENTED_EDGE('',*,*,#2934,.T.);
#3845=ORIENTED_EDGE('',*,*,#2935,.T.);
#3846=ORIENTED_EDGE('',*,*,#2936,.T.);
#3847=ORIENTED_EDGE('',*,*,#2918,.T.);
#3848=ORIENTED_EDGE('',*,*,#2937,.T.);
#3849=ORIENTED_EDGE('',*,*,#2929,.F.);
#3850=ORIENTED_EDGE('',*,*,#2933,.F.);
#3851=ORIENTED_EDGE('',*,*,#2922,.F.);
#3852=ORIENTED_EDGE('',*,*,#2938,.T.);
#3853=ORIENTED_EDGE('',*,*,#2939,.F.);
#3854=ORIENTED_EDGE('',*,*,#2940,.F.);
#3855=ORIENTED_EDGE('',*,*,#2941,.F.);
#3856=ORIENTED_EDGE('',*,*,#2942,.T.);
#3857=ORIENTED_EDGE('',*,*,#2943,.T.);
#3858=ORIENTED_EDGE('',*,*,#2813,.F.);
#3859=ORIENTED_EDGE('',*,*,#2944,.T.);
#3860=ORIENTED_EDGE('',*,*,#2802,.F.);
#3861=ORIENTED_EDGE('',*,*,#2945,.F.);
#3862=ORIENTED_EDGE('',*,*,#2946,.F.);
#3863=ORIENTED_EDGE('',*,*,#2947,.F.);
#3864=ORIENTED_EDGE('',*,*,#2948,.T.);
#3865=ORIENTED_EDGE('',*,*,#2949,.T.);
#3866=ORIENTED_EDGE('',*,*,#2950,.T.);
#3867=ORIENTED_EDGE('',*,*,#2951,.T.);
#3868=ORIENTED_EDGE('',*,*,#2952,.T.);
#3869=ORIENTED_EDGE('',*,*,#2953,.T.);
#3870=ORIENTED_EDGE('',*,*,#2954,.T.);
#3871=ORIENTED_EDGE('',*,*,#2927,.T.);
#3872=ORIENTED_EDGE('',*,*,#2942,.F.);
#3873=ORIENTED_EDGE('',*,*,#2955,.F.);
#3874=ORIENTED_EDGE('',*,*,#2956,.T.);
#3875=ORIENTED_EDGE('',*,*,#2957,.F.);
#3876=ORIENTED_EDGE('',*,*,#2758,.T.);
#3877=ORIENTED_EDGE('',*,*,#2958,.T.);
#3878=ORIENTED_EDGE('',*,*,#2959,.T.);
#3879=ORIENTED_EDGE('',*,*,#2960,.T.);
#3880=ORIENTED_EDGE('',*,*,#2780,.T.);
#3881=ORIENTED_EDGE('',*,*,#2961,.T.);
#3882=ORIENTED_EDGE('',*,*,#2962,.T.);
#3883=ORIENTED_EDGE('',*,*,#2963,.T.);
#3884=ORIENTED_EDGE('',*,*,#2762,.T.);
#3885=ORIENTED_EDGE('',*,*,#2964,.F.);
#3886=ORIENTED_EDGE('',*,*,#2965,.T.);
#3887=ORIENTED_EDGE('',*,*,#2966,.F.);
#3888=ORIENTED_EDGE('',*,*,#2938,.F.);
#3889=ORIENTED_EDGE('',*,*,#2921,.T.);
#3890=ORIENTED_EDGE('',*,*,#2967,.T.);
#3891=ORIENTED_EDGE('',*,*,#2968,.T.);
#3892=ORIENTED_EDGE('',*,*,#2969,.F.);
#3893=ORIENTED_EDGE('',*,*,#2669,.T.);
#3894=ORIENTED_EDGE('',*,*,#2678,.F.);
#3895=ORIENTED_EDGE('',*,*,#2681,.T.);
#3896=ORIENTED_EDGE('',*,*,#2684,.F.);
#3897=ORIENTED_EDGE('',*,*,#2685,.T.);
#3898=ORIENTED_EDGE('',*,*,#2672,.F.);
#3899=ORIENTED_EDGE('',*,*,#2674,.T.);
#3900=ORIENTED_EDGE('',*,*,#2665,.F.);
#3901=ORIENTED_EDGE('',*,*,#2692,.T.);
#3902=ORIENTED_EDGE('',*,*,#2698,.T.);
#3903=ORIENTED_EDGE('',*,*,#2923,.F.);
#3904=ORIENTED_EDGE('',*,*,#2936,.F.);
#3905=ORIENTED_EDGE('',*,*,#2970,.T.);
#3906=ORIENTED_EDGE('',*,*,#2967,.F.);
#3907=ORIENTED_EDGE('',*,*,#2706,.T.);
#3908=ORIENTED_EDGE('',*,*,#2709,.F.);
#3909=ORIENTED_EDGE('',*,*,#2712,.T.);
#3910=ORIENTED_EDGE('',*,*,#2722,.F.);
#3911=ORIENTED_EDGE('',*,*,#2971,.T.);
#3912=ORIENTED_EDGE('',*,*,#2972,.T.);
#3913=ORIENTED_EDGE('',*,*,#2973,.T.);
#3914=ORIENTED_EDGE('',*,*,#2786,.F.);
#3915=ORIENTED_EDGE('',*,*,#2974,.T.);
#3916=ORIENTED_EDGE('',*,*,#2975,.T.);
#3917=ORIENTED_EDGE('',*,*,#2976,.T.);
#3918=ORIENTED_EDGE('',*,*,#2798,.F.);
#3919=ORIENTED_EDGE('',*,*,#2839,.T.);
#3920=ORIENTED_EDGE('',*,*,#2855,.T.);
#3921=ORIENTED_EDGE('',*,*,#2977,.T.);
#3922=ORIENTED_EDGE('',*,*,#2914,.F.);
#3923=ORIENTED_EDGE('',*,*,#2978,.T.);
#3924=ORIENTED_EDGE('',*,*,#2979,.T.);
#3925=ORIENTED_EDGE('',*,*,#2980,.T.);
#3926=ORIENTED_EDGE('',*,*,#2734,.T.);
#3927=ORIENTED_EDGE('',*,*,#2981,.T.);
#3928=ORIENTED_EDGE('',*,*,#2735,.T.);
#3929=ORIENTED_EDGE('',*,*,#2980,.F.);
#3930=ORIENTED_EDGE('',*,*,#2982,.T.);
#3931=ORIENTED_EDGE('',*,*,#2728,.F.);
#3932=ORIENTED_EDGE('',*,*,#2736,.T.);
#3933=ORIENTED_EDGE('',*,*,#2981,.F.);
#3934=ORIENTED_EDGE('',*,*,#2983,.T.);
#3935=ORIENTED_EDGE('',*,*,#2984,.T.);
#3936=ORIENTED_EDGE('',*,*,#2730,.T.);
#3937=ORIENTED_EDGE('',*,*,#2985,.T.);
#3938=ORIENTED_EDGE('',*,*,#2731,.T.);
#3939=ORIENTED_EDGE('',*,*,#2984,.F.);
#3940=ORIENTED_EDGE('',*,*,#2986,.T.);
#3941=ORIENTED_EDGE('',*,*,#2987,.T.);
#3942=ORIENTED_EDGE('',*,*,#2732,.T.);
#3943=ORIENTED_EDGE('',*,*,#2985,.F.);
#3944=ORIENTED_EDGE('',*,*,#2988,.T.);
#3945=ORIENTED_EDGE('',*,*,#2988,.F.);
#3946=ORIENTED_EDGE('',*,*,#2989,.F.);
#3947=ORIENTED_EDGE('',*,*,#2990,.T.);
#3948=ORIENTED_EDGE('',*,*,#2991,.F.);
#3949=ORIENTED_EDGE('',*,*,#2702,.T.);
#3950=ORIENTED_EDGE('',*,*,#2715,.F.);
#3951=ORIENTED_EDGE('',*,*,#2718,.T.);
#3952=ORIENTED_EDGE('',*,*,#2720,.F.);
#3953=ORIENTED_EDGE('',*,*,#2992,.F.);
#3954=ORIENTED_EDGE('',*,*,#2986,.F.);
#3955=ORIENTED_EDGE('',*,*,#2993,.T.);
#3956=ORIENTED_EDGE('',*,*,#2994,.T.);
#3957=ORIENTED_EDGE('',*,*,#2989,.T.);
#3958=ORIENTED_EDGE('',*,*,#2983,.F.);
#3959=ORIENTED_EDGE('',*,*,#2995,.F.);
#3960=ORIENTED_EDGE('',*,*,#2996,.T.);
#3961=ORIENTED_EDGE('',*,*,#2993,.F.);
#3962=ORIENTED_EDGE('',*,*,#2615,.T.);
#3963=ORIENTED_EDGE('',*,*,#2637,.T.);
#3964=ORIENTED_EDGE('',*,*,#2634,.T.);
#3965=ORIENTED_EDGE('',*,*,#2631,.T.);
#3966=ORIENTED_EDGE('',*,*,#2628,.T.);
#3967=ORIENTED_EDGE('',*,*,#2625,.T.);
#3968=ORIENTED_EDGE('',*,*,#2622,.T.);
#3969=ORIENTED_EDGE('',*,*,#2619,.T.);
#3970=ORIENTED_EDGE('',*,*,#2639,.T.);
#3971=ORIENTED_EDGE('',*,*,#2661,.T.);
#3972=ORIENTED_EDGE('',*,*,#2658,.T.);
#3973=ORIENTED_EDGE('',*,*,#2655,.T.);
#3974=ORIENTED_EDGE('',*,*,#2652,.T.);
#3975=ORIENTED_EDGE('',*,*,#2649,.T.);
#3976=ORIENTED_EDGE('',*,*,#2646,.T.);
#3977=ORIENTED_EDGE('',*,*,#2643,.T.);
#3978=ORIENTED_EDGE('',*,*,#2689,.T.);
#3979=ORIENTED_EDGE('',*,*,#2695,.T.);
#3980=ORIENTED_EDGE('',*,*,#2982,.F.);
#3981=ORIENTED_EDGE('',*,*,#2997,.T.);
#3982=ORIENTED_EDGE('',*,*,#2998,.T.);
#3983=ORIENTED_EDGE('',*,*,#2995,.T.);
#3984=ORIENTED_EDGE('',*,*,#2987,.F.);
#3985=ORIENTED_EDGE('',*,*,#2991,.T.);
#3986=ORIENTED_EDGE('',*,*,#2999,.T.);
#3987=ORIENTED_EDGE('',*,*,#3000,.F.);
#3988=ORIENTED_EDGE('',*,*,#2978,.F.);
#3989=ORIENTED_EDGE('',*,*,#2733,.F.);
#3990=ORIENTED_EDGE('',*,*,#2667,.T.);
#3991=ORIENTED_EDGE('',*,*,#2663,.F.);
#3992=ORIENTED_EDGE('',*,*,#2675,.T.);
#3993=ORIENTED_EDGE('',*,*,#2670,.F.);
#3994=ORIENTED_EDGE('',*,*,#2686,.T.);
#3995=ORIENTED_EDGE('',*,*,#2682,.F.);
#3996=ORIENTED_EDGE('',*,*,#2679,.T.);
#3997=ORIENTED_EDGE('',*,*,#2676,.F.);
#3998=ORIENTED_EDGE('',*,*,#2690,.T.);
#3999=ORIENTED_EDGE('',*,*,#2696,.T.);
#4000=ORIENTED_EDGE('',*,*,#2760,.T.);
#4001=ORIENTED_EDGE('',*,*,#3001,.F.);
#4002=ORIENTED_EDGE('',*,*,#3002,.T.);
#4003=ORIENTED_EDGE('',*,*,#3003,.F.);
#4004=ORIENTED_EDGE('',*,*,#2940,.T.);
#4005=ORIENTED_EDGE('',*,*,#3004,.F.);
#4006=ORIENTED_EDGE('',*,*,#3005,.T.);
#4007=ORIENTED_EDGE('',*,*,#3006,.F.);
#4008=ORIENTED_EDGE('',*,*,#2979,.F.);
#4009=ORIENTED_EDGE('',*,*,#3000,.T.);
#4010=ORIENTED_EDGE('',*,*,#3007,.T.);
#4011=ORIENTED_EDGE('',*,*,#2997,.F.);
#4012=ORIENTED_EDGE('',*,*,#2721,.F.);
#4013=ORIENTED_EDGE('',*,*,#2710,.T.);
#4014=ORIENTED_EDGE('',*,*,#2707,.F.);
#4015=ORIENTED_EDGE('',*,*,#2704,.T.);
#4016=ORIENTED_EDGE('',*,*,#3008,.F.);
#4017=ORIENTED_EDGE('',*,*,#3009,.T.);
#4018=ORIENTED_EDGE('',*,*,#3010,.F.);
#4019=ORIENTED_EDGE('',*,*,#3011,.F.);
#4020=ORIENTED_EDGE('',*,*,#3012,.T.);
#4021=ORIENTED_EDGE('',*,*,#3013,.F.);
#4022=ORIENTED_EDGE('',*,*,#3009,.F.);
#4023=ORIENTED_EDGE('',*,*,#3014,.F.);
#4024=ORIENTED_EDGE('',*,*,#3015,.F.);
#4025=ORIENTED_EDGE('',*,*,#2928,.F.);
#4026=ORIENTED_EDGE('',*,*,#2969,.T.);
#4027=ORIENTED_EDGE('',*,*,#3016,.T.);
#4028=ORIENTED_EDGE('',*,*,#2932,.F.);
#4029=ORIENTED_EDGE('',*,*,#2719,.F.);
#4030=ORIENTED_EDGE('',*,*,#2716,.T.);
#4031=ORIENTED_EDGE('',*,*,#2713,.F.);
#4032=ORIENTED_EDGE('',*,*,#2700,.T.);
#4033=ORIENTED_EDGE('',*,*,#3017,.T.);
#4034=ORIENTED_EDGE('',*,*,#3018,.T.);
#4035=ORIENTED_EDGE('',*,*,#3019,.T.);
#4036=ORIENTED_EDGE('',*,*,#2756,.F.);
#4037=ORIENTED_EDGE('',*,*,#3020,.T.);
#4038=ORIENTED_EDGE('',*,*,#3015,.T.);
#4039=ORIENTED_EDGE('',*,*,#3021,.T.);
#4040=ORIENTED_EDGE('',*,*,#2789,.F.);
#4041=ORIENTED_EDGE('',*,*,#2883,.T.);
#4042=ORIENTED_EDGE('',*,*,#3022,.T.);
#4043=ORIENTED_EDGE('',*,*,#2906,.T.);
#4044=ORIENTED_EDGE('',*,*,#2917,.F.);
#4045=ORIENTED_EDGE('',*,*,#3023,.T.);
#4046=ORIENTED_EDGE('',*,*,#3024,.F.);
#4047=ORIENTED_EDGE('',*,*,#3025,.F.);
#4048=ORIENTED_EDGE('',*,*,#3026,.T.);
#4049=ORIENTED_EDGE('',*,*,#3027,.F.);
#4050=ORIENTED_EDGE('',*,*,#3018,.F.);
#4051=ORIENTED_EDGE('',*,*,#3028,.F.);
#4052=ORIENTED_EDGE('',*,*,#3023,.F.);
#4053=ORIENTED_EDGE('',*,*,#3011,.T.);
#4054=ORIENTED_EDGE('',*,*,#3029,.F.);
#4055=ORIENTED_EDGE('',*,*,#3030,.T.);
#4056=ORIENTED_EDGE('',*,*,#3031,.F.);
#4057=ORIENTED_EDGE('',*,*,#3032,.T.);
#4058=ORIENTED_EDGE('',*,*,#3033,.F.);
#4059=ORIENTED_EDGE('',*,*,#3034,.T.);
#4060=ORIENTED_EDGE('',*,*,#3035,.F.);
#4061=ORIENTED_EDGE('',*,*,#3036,.T.);
#4062=ORIENTED_EDGE('',*,*,#3037,.F.);
#4063=ORIENTED_EDGE('',*,*,#3038,.T.);
#4064=ORIENTED_EDGE('',*,*,#3039,.F.);
#4065=ORIENTED_EDGE('',*,*,#3040,.T.);
#4066=ORIENTED_EDGE('',*,*,#3041,.F.);
#4067=ORIENTED_EDGE('',*,*,#3025,.T.);
#4068=ORIENTED_EDGE('',*,*,#3042,.F.);
#4069=ORIENTED_EDGE('',*,*,#3043,.T.);
#4070=ORIENTED_EDGE('',*,*,#3044,.F.);
#4071=ORIENTED_EDGE('',*,*,#3036,.F.);
#4072=ORIENTED_EDGE('',*,*,#3045,.T.);
#4073=ORIENTED_EDGE('',*,*,#3046,.F.);
#4074=ORIENTED_EDGE('',*,*,#3043,.F.);
#4075=ORIENTED_EDGE('',*,*,#3047,.F.);
#4076=ORIENTED_EDGE('',*,*,#2972,.F.);
#4077=ORIENTED_EDGE('',*,*,#3048,.T.);
#4078=ORIENTED_EDGE('',*,*,#3049,.F.);
#4079=ORIENTED_EDGE('',*,*,#3034,.F.);
#4080=ORIENTED_EDGE('',*,*,#3050,.T.);
#4081=ORIENTED_EDGE('',*,*,#3051,.F.);
#4082=ORIENTED_EDGE('',*,*,#2975,.F.);
#4083=ORIENTED_EDGE('',*,*,#3052,.F.);
#4084=ORIENTED_EDGE('',*,*,#3048,.F.);
#4085=ORIENTED_EDGE('',*,*,#3053,.T.);
#4086=ORIENTED_EDGE('',*,*,#3054,.F.);
#4087=ORIENTED_EDGE('',*,*,#3030,.F.);
#4088=ORIENTED_EDGE('',*,*,#3055,.T.);
#4089=ORIENTED_EDGE('',*,*,#3056,.F.);
#4090=ORIENTED_EDGE('',*,*,#3057,.F.);
#4091=ORIENTED_EDGE('',*,*,#3053,.F.);
#4092=ORIENTED_EDGE('',*,*,#3058,.F.);
#4093=ORIENTED_EDGE('',*,*,#2931,.F.);
#4094=ORIENTED_EDGE('',*,*,#3059,.T.);
#4095=ORIENTED_EDGE('',*,*,#2937,.F.);
#4096=ORIENTED_EDGE('',*,*,#2934,.F.);
#4097=ORIENTED_EDGE('',*,*,#2687,.T.);
#4098=ORIENTED_EDGE('',*,*,#2693,.T.);
#4099=ORIENTED_EDGE('',*,*,#3060,.T.);
#4100=ORIENTED_EDGE('',*,*,#3056,.T.);
#4101=ORIENTED_EDGE('',*,*,#3061,.T.);
#4102=ORIENTED_EDGE('',*,*,#2792,.F.);
#4103=ORIENTED_EDGE('',*,*,#3062,.T.);
#4104=ORIENTED_EDGE('',*,*,#3063,.T.);
#4105=ORIENTED_EDGE('',*,*,#3064,.T.);
#4106=ORIENTED_EDGE('',*,*,#2795,.F.);
#4107=ORIENTED_EDGE('',*,*,#3065,.T.);
#4108=ORIENTED_EDGE('',*,*,#3066,.F.);
#4109=ORIENTED_EDGE('',*,*,#3040,.F.);
#4110=ORIENTED_EDGE('',*,*,#3067,.T.);
#4111=ORIENTED_EDGE('',*,*,#3068,.F.);
#4112=ORIENTED_EDGE('',*,*,#3065,.F.);
#4113=ORIENTED_EDGE('',*,*,#3069,.F.);
#4114=ORIENTED_EDGE('',*,*,#2959,.F.);
#4115=ORIENTED_EDGE('',*,*,#3070,.T.);
#4116=ORIENTED_EDGE('',*,*,#3071,.F.);
#4117=ORIENTED_EDGE('',*,*,#3038,.F.);
#4118=ORIENTED_EDGE('',*,*,#3072,.T.);
#4119=ORIENTED_EDGE('',*,*,#3073,.F.);
#4120=ORIENTED_EDGE('',*,*,#2962,.F.);
#4121=ORIENTED_EDGE('',*,*,#3074,.F.);
#4122=ORIENTED_EDGE('',*,*,#3070,.F.);
#4123=ORIENTED_EDGE('',*,*,#3075,.T.);
#4124=ORIENTED_EDGE('',*,*,#3076,.F.);
#4125=ORIENTED_EDGE('',*,*,#3032,.F.);
#4126=ORIENTED_EDGE('',*,*,#3077,.T.);
#4127=ORIENTED_EDGE('',*,*,#3078,.F.);
#4128=ORIENTED_EDGE('',*,*,#3075,.F.);
#4129=ORIENTED_EDGE('',*,*,#3079,.F.);
#4130=ORIENTED_EDGE('',*,*,#3063,.F.);
#4131=ORIENTED_EDGE('',*,*,#2766,.F.);
#4132=ORIENTED_EDGE('',*,*,#3080,.F.);
#4133=ORIENTED_EDGE('',*,*,#3035,.T.);
#4134=ORIENTED_EDGE('',*,*,#3081,.T.);
#4135=ORIENTED_EDGE('',*,*,#2973,.F.);
#4136=ORIENTED_EDGE('',*,*,#3047,.T.);
#4137=ORIENTED_EDGE('',*,*,#3045,.F.);
#4138=ORIENTED_EDGE('',*,*,#3080,.T.);
#4139=ORIENTED_EDGE('',*,*,#2765,.F.);
#4140=ORIENTED_EDGE('',*,*,#2784,.F.);
#4141=ORIENTED_EDGE('',*,*,#2763,.F.);
#4142=ORIENTED_EDGE('',*,*,#2963,.F.);
#4143=ORIENTED_EDGE('',*,*,#3073,.T.);
#4144=ORIENTED_EDGE('',*,*,#3072,.F.);
#4145=ORIENTED_EDGE('',*,*,#3037,.T.);
#4146=ORIENTED_EDGE('',*,*,#3044,.T.);
#4147=ORIENTED_EDGE('',*,*,#3046,.T.);
#4148=ORIENTED_EDGE('',*,*,#2971,.F.);
#4149=ORIENTED_EDGE('',*,*,#2785,.F.);
#4150=ORIENTED_EDGE('',*,*,#2783,.F.);
#4151=ORIENTED_EDGE('',*,*,#3082,.F.);
#4152=ORIENTED_EDGE('',*,*,#3071,.T.);
#4153=ORIENTED_EDGE('',*,*,#3074,.T.);
#4154=ORIENTED_EDGE('',*,*,#2961,.F.);
#4155=ORIENTED_EDGE('',*,*,#2782,.F.);
#4156=ORIENTED_EDGE('',*,*,#3083,.F.);
#4157=ORIENTED_EDGE('',*,*,#3039,.T.);
#4158=ORIENTED_EDGE('',*,*,#3082,.T.);
#4159=ORIENTED_EDGE('',*,*,#2781,.F.);
#4160=ORIENTED_EDGE('',*,*,#2960,.F.);
#4161=ORIENTED_EDGE('',*,*,#3069,.T.);
#4162=ORIENTED_EDGE('',*,*,#3067,.F.);
#4163=ORIENTED_EDGE('',*,*,#3083,.T.);
#4164=ORIENTED_EDGE('',*,*,#3019,.F.);
#4165=ORIENTED_EDGE('',*,*,#3027,.T.);
#4166=ORIENTED_EDGE('',*,*,#3026,.F.);
#4167=ORIENTED_EDGE('',*,*,#3041,.T.);
#4168=ORIENTED_EDGE('',*,*,#3066,.T.);
#4169=ORIENTED_EDGE('',*,*,#3068,.T.);
#4170=ORIENTED_EDGE('',*,*,#2958,.F.);
#4171=ORIENTED_EDGE('',*,*,#2757,.F.);
#4172=ORIENTED_EDGE('',*,*,#2753,.F.);
#4173=ORIENTED_EDGE('',*,*,#2779,.F.);
#4174=ORIENTED_EDGE('',*,*,#3084,.F.);
#4175=ORIENTED_EDGE('',*,*,#3024,.T.);
#4176=ORIENTED_EDGE('',*,*,#3028,.T.);
#4177=ORIENTED_EDGE('',*,*,#3017,.F.);
#4178=ORIENTED_EDGE('',*,*,#2755,.F.);
#4179=ORIENTED_EDGE('',*,*,#2778,.F.);
#4180=ORIENTED_EDGE('',*,*,#3085,.F.);
#4181=ORIENTED_EDGE('',*,*,#3042,.T.);
#4182=ORIENTED_EDGE('',*,*,#3084,.T.);
#4183=ORIENTED_EDGE('',*,*,#3021,.F.);
#4184=ORIENTED_EDGE('',*,*,#3014,.T.);
#4185=ORIENTED_EDGE('',*,*,#3012,.F.);
#4186=ORIENTED_EDGE('',*,*,#3085,.T.);
#4187=ORIENTED_EDGE('',*,*,#2777,.F.);
#4188=ORIENTED_EDGE('',*,*,#2787,.F.);
#4189=ORIENTED_EDGE('',*,*,#3061,.F.);
#4190=ORIENTED_EDGE('',*,*,#3058,.T.);
#4191=ORIENTED_EDGE('',*,*,#3055,.F.);
#4192=ORIENTED_EDGE('',*,*,#3029,.T.);
#4193=ORIENTED_EDGE('',*,*,#3010,.T.);
#4194=ORIENTED_EDGE('',*,*,#3013,.T.);
#4195=ORIENTED_EDGE('',*,*,#3020,.F.);
#4196=ORIENTED_EDGE('',*,*,#2788,.F.);
#4197=ORIENTED_EDGE('',*,*,#2775,.F.);
#4198=ORIENTED_EDGE('',*,*,#2790,.F.);
#4199=ORIENTED_EDGE('',*,*,#2773,.F.);
#4200=ORIENTED_EDGE('',*,*,#3086,.F.);
#4201=ORIENTED_EDGE('',*,*,#3054,.T.);
#4202=ORIENTED_EDGE('',*,*,#3057,.T.);
#4203=ORIENTED_EDGE('',*,*,#3060,.F.);
#4204=ORIENTED_EDGE('',*,*,#2791,.F.);
#4205=ORIENTED_EDGE('',*,*,#2772,.F.);
#4206=ORIENTED_EDGE('',*,*,#3087,.F.);
#4207=ORIENTED_EDGE('',*,*,#3031,.T.);
#4208=ORIENTED_EDGE('',*,*,#3086,.T.);
#4209=ORIENTED_EDGE('',*,*,#3064,.F.);
#4210=ORIENTED_EDGE('',*,*,#3079,.T.);
#4211=ORIENTED_EDGE('',*,*,#3077,.F.);
#4212=ORIENTED_EDGE('',*,*,#3087,.T.);
#4213=ORIENTED_EDGE('',*,*,#2771,.F.);
#4214=ORIENTED_EDGE('',*,*,#2793,.F.);
#4215=ORIENTED_EDGE('',*,*,#2976,.F.);
#4216=ORIENTED_EDGE('',*,*,#3051,.T.);
#4217=ORIENTED_EDGE('',*,*,#3050,.F.);
#4218=ORIENTED_EDGE('',*,*,#3033,.T.);
#4219=ORIENTED_EDGE('',*,*,#3076,.T.);
#4220=ORIENTED_EDGE('',*,*,#3078,.T.);
#4221=ORIENTED_EDGE('',*,*,#3062,.F.);
#4222=ORIENTED_EDGE('',*,*,#2794,.F.);
#4223=ORIENTED_EDGE('',*,*,#2769,.F.);
#4224=ORIENTED_EDGE('',*,*,#2796,.F.);
#4225=ORIENTED_EDGE('',*,*,#2767,.F.);
#4226=ORIENTED_EDGE('',*,*,#3081,.F.);
#4227=ORIENTED_EDGE('',*,*,#3049,.T.);
#4228=ORIENTED_EDGE('',*,*,#3052,.T.);
#4229=ORIENTED_EDGE('',*,*,#2974,.F.);
#4230=ORIENTED_EDGE('',*,*,#2797,.F.);
#4231=ORIENTED_EDGE('',*,*,#2945,.T.);
#4232=ORIENTED_EDGE('',*,*,#3088,.T.);
#4233=ORIENTED_EDGE('',*,*,#3089,.T.);
#4234=ORIENTED_EDGE('',*,*,#3090,.T.);
#4235=ORIENTED_EDGE('',*,*,#3091,.T.);
#4236=ORIENTED_EDGE('',*,*,#3092,.T.);
#4237=ORIENTED_EDGE('',*,*,#2947,.T.);
#4238=ORIENTED_EDGE('',*,*,#3093,.T.);
#4239=ORIENTED_EDGE('',*,*,#3094,.T.);
#4240=ORIENTED_EDGE('',*,*,#3093,.F.);
#4241=ORIENTED_EDGE('',*,*,#2946,.T.);
#4242=ORIENTED_EDGE('',*,*,#3090,.F.);
#4243=ORIENTED_EDGE('',*,*,#3095,.T.);
#4244=ORIENTED_EDGE('',*,*,#3096,.T.);
#4245=ORIENTED_EDGE('',*,*,#3097,.T.);
#4246=ORIENTED_EDGE('',*,*,#3098,.T.);
#4247=ORIENTED_EDGE('',*,*,#3099,.T.);
#4248=ORIENTED_EDGE('',*,*,#3100,.T.);
#4249=ORIENTED_EDGE('',*,*,#3101,.T.);
#4250=ORIENTED_EDGE('',*,*,#3102,.T.);
#4251=ORIENTED_EDGE('',*,*,#3103,.T.);
#4252=ORIENTED_EDGE('',*,*,#3104,.T.);
#4253=ORIENTED_EDGE('',*,*,#3105,.T.);
#4254=ORIENTED_EDGE('',*,*,#3103,.F.);
#4255=ORIENTED_EDGE('',*,*,#3106,.T.);
#4256=ORIENTED_EDGE('',*,*,#3099,.F.);
#4257=ORIENTED_EDGE('',*,*,#3095,.F.);
#4258=ORIENTED_EDGE('',*,*,#3106,.F.);
#4259=ORIENTED_EDGE('',*,*,#3102,.F.);
#4260=ORIENTED_EDGE('',*,*,#3107,.F.);
#4261=ORIENTED_EDGE('',*,*,#3108,.T.);
#4262=ORIENTED_EDGE('',*,*,#2744,.F.);
#4263=ORIENTED_EDGE('',*,*,#3109,.F.);
#4264=ORIENTED_EDGE('',*,*,#3110,.T.);
#4265=ORIENTED_EDGE('',*,*,#3100,.F.);
#4266=ORIENTED_EDGE('',*,*,#3111,.F.);
#4267=ORIENTED_EDGE('',*,*,#3089,.F.);
#4268=ORIENTED_EDGE('',*,*,#3094,.F.);
#4269=ORIENTED_EDGE('',*,*,#3111,.T.);
#4270=ORIENTED_EDGE('',*,*,#3104,.F.);
#4271=ORIENTED_EDGE('',*,*,#3105,.F.);
#4272=ORIENTED_EDGE('',*,*,#3098,.F.);
#4273=ORIENTED_EDGE('',*,*,#3112,.T.);
#4274=ORIENTED_EDGE('',*,*,#3096,.F.);
#4275=ORIENTED_EDGE('',*,*,#3107,.T.);
#4276=ORIENTED_EDGE('',*,*,#3101,.F.);
#4277=ORIENTED_EDGE('',*,*,#3110,.F.);
#4278=ORIENTED_EDGE('',*,*,#2951,.F.);
#4279=ORIENTED_EDGE('',*,*,#3113,.T.);
#4280=ORIENTED_EDGE('',*,*,#2742,.F.);
#4281=ORIENTED_EDGE('',*,*,#3114,.F.);
#4282=ORIENTED_EDGE('',*,*,#2953,.F.);
#4283=ORIENTED_EDGE('',*,*,#3115,.T.);
#4284=ORIENTED_EDGE('',*,*,#2743,.F.);
#4285=ORIENTED_EDGE('',*,*,#3115,.F.);
#4286=ORIENTED_EDGE('',*,*,#2952,.F.);
#4287=ORIENTED_EDGE('',*,*,#3109,.T.);
#4288=ORIENTED_EDGE('',*,*,#2745,.F.);
#4289=ORIENTED_EDGE('',*,*,#3108,.F.);
#4290=ORIENTED_EDGE('',*,*,#3088,.F.);
#4291=ORIENTED_EDGE('',*,*,#2954,.F.);
#4292=ORIENTED_EDGE('',*,*,#3114,.T.);
#4293=ORIENTED_EDGE('',*,*,#3091,.F.);
#4294=ORIENTED_EDGE('',*,*,#3112,.F.);
#4295=ORIENTED_EDGE('',*,*,#3097,.F.);
#4296=ORIENTED_EDGE('',*,*,#3113,.F.);
#4297=ORIENTED_EDGE('',*,*,#3116,.T.);
#4298=ORIENTED_EDGE('',*,*,#2738,.F.);
#4299=ORIENTED_EDGE('',*,*,#3117,.F.);
#4300=ORIENTED_EDGE('',*,*,#2739,.F.);
#4301=ORIENTED_EDGE('',*,*,#3116,.F.);
#4302=ORIENTED_EDGE('',*,*,#2950,.F.);
#4303=ORIENTED_EDGE('',*,*,#3118,.T.);
#4304=ORIENTED_EDGE('',*,*,#2740,.F.);
#4305=ORIENTED_EDGE('',*,*,#3118,.F.);
#4306=ORIENTED_EDGE('',*,*,#2949,.F.);
#4307=ORIENTED_EDGE('',*,*,#3119,.T.);
#4308=ORIENTED_EDGE('',*,*,#2741,.F.);
#4309=ORIENTED_EDGE('',*,*,#3119,.F.);
#4310=ORIENTED_EDGE('',*,*,#2948,.F.);
#4311=ORIENTED_EDGE('',*,*,#3092,.F.);
#4312=ORIENTED_EDGE('',*,*,#3117,.T.);
#4313=ORIENTED_EDGE('',*,*,#2957,.T.);
#4314=ORIENTED_EDGE('',*,*,#3120,.T.);
#4315=ORIENTED_EDGE('',*,*,#3001,.T.);
#4316=ORIENTED_EDGE('',*,*,#2759,.T.);
#4317=ORIENTED_EDGE('',*,*,#3120,.F.);
#4318=ORIENTED_EDGE('',*,*,#2956,.F.);
#4319=ORIENTED_EDGE('',*,*,#3121,.F.);
#4320=ORIENTED_EDGE('',*,*,#3002,.F.);
#4321=ORIENTED_EDGE('',*,*,#2964,.T.);
#4322=ORIENTED_EDGE('',*,*,#2761,.T.);
#4323=ORIENTED_EDGE('',*,*,#3006,.T.);
#4324=ORIENTED_EDGE('',*,*,#3122,.T.);
#4325=ORIENTED_EDGE('',*,*,#2955,.T.);
#4326=ORIENTED_EDGE('',*,*,#2941,.T.);
#4327=ORIENTED_EDGE('',*,*,#3003,.T.);
#4328=ORIENTED_EDGE('',*,*,#3121,.T.);
#4329=ORIENTED_EDGE('',*,*,#2966,.T.);
#4330=ORIENTED_EDGE('',*,*,#3123,.T.);
#4331=ORIENTED_EDGE('',*,*,#3004,.T.);
#4332=ORIENTED_EDGE('',*,*,#2939,.T.);
#4333=ORIENTED_EDGE('',*,*,#3122,.F.);
#4334=ORIENTED_EDGE('',*,*,#3005,.F.);
#4335=ORIENTED_EDGE('',*,*,#3123,.F.);
#4336=ORIENTED_EDGE('',*,*,#2965,.F.);
#4337=ORIENTED_EDGE('',*,*,#2895,.F.);
#4338=ORIENTED_EDGE('',*,*,#2900,.T.);
#4339=ORIENTED_EDGE('',*,*,#2899,.T.);
#4340=ORIENTED_EDGE('',*,*,#2891,.T.);
#4341=ORIENTED_EDGE('',*,*,#2858,.F.);
#4342=ORIENTED_EDGE('',*,*,#3124,.T.);
#4343=ORIENTED_EDGE('',*,*,#2850,.T.);
#4344=ORIENTED_EDGE('',*,*,#2847,.T.);
#4345=ORIENTED_EDGE('',*,*,#2824,.F.);
#4346=ORIENTED_EDGE('',*,*,#3125,.F.);
#4347=ORIENTED_EDGE('',*,*,#2853,.F.);
#4348=ORIENTED_EDGE('',*,*,#2836,.F.);
#4349=ORIENTED_EDGE('',*,*,#2831,.F.);
#4350=ORIENTED_EDGE('',*,*,#3126,.F.);
#4351=ORIENTED_EDGE('',*,*,#2826,.T.);
#4352=ORIENTED_EDGE('',*,*,#2835,.T.);
#4353=ORIENTED_EDGE('',*,*,#2877,.F.);
#4354=ORIENTED_EDGE('',*,*,#2908,.F.);
#4355=ORIENTED_EDGE('',*,*,#2872,.T.);
#4356=ORIENTED_EDGE('',*,*,#2881,.T.);
#4357=ORIENTED_EDGE('',*,*,#2864,.F.);
#4358=ORIENTED_EDGE('',*,*,#2907,.F.);
#4359=ORIENTED_EDGE('',*,*,#3022,.F.);
#4360=ORIENTED_EDGE('',*,*,#2882,.F.);
#4361=ORIENTED_EDGE('',*,*,#3127,.F.);
#4362=ORIENTED_EDGE('',*,*,#3128,.T.);
#4363=ORIENTED_EDGE('',*,*,#3008,.T.);
#4364=ORIENTED_EDGE('',*,*,#3128,.F.);
#4365=ORIENTED_EDGE('',*,*,#3129,.F.);
#4366=ORIENTED_EDGE('',*,*,#3130,.T.);
#4367=ORIENTED_EDGE('',*,*,#2992,.T.);
#4368=ORIENTED_EDGE('',*,*,#3130,.F.);
#4369=ORIENTED_EDGE('',*,*,#3131,.F.);
#4370=ORIENTED_EDGE('',*,*,#3132,.F.);
#4371=ORIENTED_EDGE('',*,*,#3133,.F.);
#4372=ORIENTED_EDGE('',*,*,#3134,.T.);
#4373=ORIENTED_EDGE('',*,*,#3131,.T.);
#4374=ORIENTED_EDGE('',*,*,#3134,.F.);
#4375=ORIENTED_EDGE('',*,*,#3129,.T.);
#4376=ORIENTED_EDGE('',*,*,#3133,.T.);
#4377=ORIENTED_EDGE('',*,*,#3135,.F.);
#4378=ORIENTED_EDGE('',*,*,#3136,.T.);
#4379=ORIENTED_EDGE('',*,*,#3137,.F.);
#4380=ORIENTED_EDGE('',*,*,#3136,.F.);
#4381=ORIENTED_EDGE('',*,*,#3127,.T.);
#4382=ORIENTED_EDGE('',*,*,#3135,.T.);
#4383=ORIENTED_EDGE('',*,*,#3132,.T.);
#4384=ORIENTED_EDGE('',*,*,#3138,.T.);
#4385=ORIENTED_EDGE('',*,*,#3139,.F.);
#4386=ORIENTED_EDGE('',*,*,#3138,.F.);
#4387=ORIENTED_EDGE('',*,*,#3140,.F.);
#4388=ORIENTED_EDGE('',*,*,#3141,.T.);
#4389=ORIENTED_EDGE('',*,*,#3142,.F.);
#4390=ORIENTED_EDGE('',*,*,#3141,.F.);
#4391=ORIENTED_EDGE('',*,*,#3143,.T.);
#4392=ORIENTED_EDGE('',*,*,#3144,.T.);
#4393=ORIENTED_EDGE('',*,*,#3145,.T.);
#4394=ORIENTED_EDGE('',*,*,#3146,.T.);
#4395=ORIENTED_EDGE('',*,*,#3147,.T.);
#4396=ORIENTED_EDGE('',*,*,#3148,.T.);
#4397=ORIENTED_EDGE('',*,*,#3149,.T.);
#4398=ORIENTED_EDGE('',*,*,#3150,.T.);
#4399=ORIENTED_EDGE('',*,*,#3151,.T.);
#4400=ORIENTED_EDGE('',*,*,#3152,.T.);
#4401=ORIENTED_EDGE('',*,*,#3153,.T.);
#4402=ORIENTED_EDGE('',*,*,#3154,.T.);
#4403=ORIENTED_EDGE('',*,*,#3155,.T.);
#4404=ORIENTED_EDGE('',*,*,#3156,.T.);
#4405=ORIENTED_EDGE('',*,*,#3157,.T.);
#4406=ORIENTED_EDGE('',*,*,#3158,.T.);
#4407=ORIENTED_EDGE('',*,*,#3159,.T.);
#4408=ORIENTED_EDGE('',*,*,#3160,.T.);
#4409=ORIENTED_EDGE('',*,*,#3161,.T.);
#4410=ORIENTED_EDGE('',*,*,#3162,.T.);
#4411=ORIENTED_EDGE('',*,*,#3163,.T.);
#4412=ORIENTED_EDGE('',*,*,#3164,.T.);
#4413=ORIENTED_EDGE('',*,*,#3165,.F.);
#4414=ORIENTED_EDGE('',*,*,#3166,.T.);
#4415=ORIENTED_EDGE('',*,*,#3167,.T.);
#4416=ORIENTED_EDGE('',*,*,#3168,.T.);
#4417=ORIENTED_EDGE('',*,*,#3169,.T.);
#4418=ORIENTED_EDGE('',*,*,#3170,.T.);
#4419=ORIENTED_EDGE('',*,*,#3171,.T.);
#4420=ORIENTED_EDGE('',*,*,#3172,.T.);
#4421=ORIENTED_EDGE('',*,*,#3173,.F.);
#4422=ORIENTED_EDGE('',*,*,#3174,.T.);
#4423=ORIENTED_EDGE('',*,*,#3175,.T.);
#4424=ORIENTED_EDGE('',*,*,#3176,.F.);
#4425=ORIENTED_EDGE('',*,*,#3177,.T.);
#4426=ORIENTED_EDGE('',*,*,#3178,.T.);
#4427=ORIENTED_EDGE('',*,*,#3179,.T.);
#4428=ORIENTED_EDGE('',*,*,#3180,.F.);
#4429=ORIENTED_EDGE('',*,*,#3181,.T.);
#4430=ORIENTED_EDGE('',*,*,#3182,.T.);
#4431=ORIENTED_EDGE('',*,*,#3164,.F.);
#4432=ORIENTED_EDGE('',*,*,#3183,.F.);
#4433=ORIENTED_EDGE('',*,*,#3184,.T.);
#4434=ORIENTED_EDGE('',*,*,#3185,.F.);
#4435=ORIENTED_EDGE('',*,*,#3166,.F.);
#4436=ORIENTED_EDGE('',*,*,#3186,.F.);
#4437=ORIENTED_EDGE('',*,*,#3187,.F.);
#4438=ORIENTED_EDGE('',*,*,#3188,.T.);
#4439=ORIENTED_EDGE('',*,*,#3189,.F.);
#4440=ORIENTED_EDGE('',*,*,#3150,.F.);
#4441=ORIENTED_EDGE('',*,*,#3190,.F.);
#4442=ORIENTED_EDGE('',*,*,#3146,.F.);
#4443=ORIENTED_EDGE('',*,*,#3188,.F.);
#4444=ORIENTED_EDGE('',*,*,#3191,.F.);
#4445=ORIENTED_EDGE('',*,*,#3183,.T.);
#4446=ORIENTED_EDGE('',*,*,#3163,.F.);
#4447=ORIENTED_EDGE('',*,*,#3189,.T.);
#4448=ORIENTED_EDGE('',*,*,#3145,.F.);
#4449=ORIENTED_EDGE('',*,*,#3192,.T.);
#4450=ORIENTED_EDGE('',*,*,#3147,.F.);
#4451=ORIENTED_EDGE('',*,*,#3192,.F.);
#4452=ORIENTED_EDGE('',*,*,#3144,.F.);
#4453=ORIENTED_EDGE('',*,*,#3193,.T.);
#4454=ORIENTED_EDGE('',*,*,#3148,.F.);
#4455=ORIENTED_EDGE('',*,*,#3159,.F.);
#4456=ORIENTED_EDGE('',*,*,#3194,.F.);
#4457=ORIENTED_EDGE('',*,*,#3179,.F.);
#4458=ORIENTED_EDGE('',*,*,#3195,.T.);
#4459=ORIENTED_EDGE('',*,*,#3160,.F.);
#4460=ORIENTED_EDGE('',*,*,#3195,.F.);
#4461=ORIENTED_EDGE('',*,*,#3182,.F.);
#4462=ORIENTED_EDGE('',*,*,#3196,.T.);
#4463=ORIENTED_EDGE('',*,*,#3161,.F.);
#4464=ORIENTED_EDGE('',*,*,#3196,.F.);
#4465=ORIENTED_EDGE('',*,*,#3181,.F.);
#4466=ORIENTED_EDGE('',*,*,#3197,.T.);
#4467=ORIENTED_EDGE('',*,*,#3140,.T.);
#4468=ORIENTED_EDGE('',*,*,#3162,.F.);
#4469=ORIENTED_EDGE('',*,*,#3197,.F.);
#4470=ORIENTED_EDGE('',*,*,#3180,.T.);
#4471=ORIENTED_EDGE('',*,*,#3194,.T.);
#4472=ORIENTED_EDGE('',*,*,#3193,.F.);
#4473=ORIENTED_EDGE('',*,*,#3143,.F.);
#4474=ORIENTED_EDGE('',*,*,#3190,.T.);
#4475=ORIENTED_EDGE('',*,*,#3149,.F.);
#4476=ORIENTED_EDGE('',*,*,#3198,.F.);
#4477=ORIENTED_EDGE('',*,*,#3151,.F.);
#4478=ORIENTED_EDGE('',*,*,#3199,.T.);
#4479=ORIENTED_EDGE('',*,*,#3157,.F.);
#4480=ORIENTED_EDGE('',*,*,#3172,.F.);
#4481=ORIENTED_EDGE('',*,*,#3200,.F.);
#4482=ORIENTED_EDGE('',*,*,#3201,.T.);
#4483=ORIENTED_EDGE('',*,*,#3202,.F.);
#4484=ORIENTED_EDGE('',*,*,#3174,.F.);
#4485=ORIENTED_EDGE('',*,*,#3203,.F.);
#4486=ORIENTED_EDGE('',*,*,#3204,.F.);
#4487=ORIENTED_EDGE('',*,*,#3205,.T.);
#4488=ORIENTED_EDGE('',*,*,#3206,.T.);
#4489=ORIENTED_EDGE('',*,*,#3158,.F.);
#4490=ORIENTED_EDGE('',*,*,#3199,.F.);
#4491=ORIENTED_EDGE('',*,*,#3154,.F.);
#4492=ORIENTED_EDGE('',*,*,#3205,.F.);
#4493=ORIENTED_EDGE('',*,*,#3207,.F.);
#4494=ORIENTED_EDGE('',*,*,#3200,.T.);
#4495=ORIENTED_EDGE('',*,*,#3171,.F.);
#4496=ORIENTED_EDGE('',*,*,#3206,.F.);
#4497=ORIENTED_EDGE('',*,*,#3153,.F.);
#4498=ORIENTED_EDGE('',*,*,#3208,.T.);
#4499=ORIENTED_EDGE('',*,*,#3155,.F.);
#4500=ORIENTED_EDGE('',*,*,#3208,.F.);
#4501=ORIENTED_EDGE('',*,*,#3152,.F.);
#4502=ORIENTED_EDGE('',*,*,#3198,.T.);
#4503=ORIENTED_EDGE('',*,*,#3156,.F.);
#4504=ORIENTED_EDGE('',*,*,#3167,.F.);
#4505=ORIENTED_EDGE('',*,*,#3209,.F.);
#4506=ORIENTED_EDGE('',*,*,#3175,.F.);
#4507=ORIENTED_EDGE('',*,*,#3210,.T.);
#4508=ORIENTED_EDGE('',*,*,#3168,.F.);
#4509=ORIENTED_EDGE('',*,*,#3210,.F.);
#4510=ORIENTED_EDGE('',*,*,#3178,.F.);
#4511=ORIENTED_EDGE('',*,*,#3211,.T.);
#4512=ORIENTED_EDGE('',*,*,#3169,.F.);
#4513=ORIENTED_EDGE('',*,*,#3211,.F.);
#4514=ORIENTED_EDGE('',*,*,#3177,.F.);
#4515=ORIENTED_EDGE('',*,*,#3212,.T.);
#4516=ORIENTED_EDGE('',*,*,#3139,.T.);
#4517=ORIENTED_EDGE('',*,*,#3170,.F.);
#4518=ORIENTED_EDGE('',*,*,#3212,.F.);
#4519=ORIENTED_EDGE('',*,*,#3176,.T.);
#4520=ORIENTED_EDGE('',*,*,#3209,.T.);
#4521=ORIENTED_EDGE('',*,*,#3186,.T.);
#4522=ORIENTED_EDGE('',*,*,#3165,.T.);
#4523=ORIENTED_EDGE('',*,*,#3185,.T.);
#4524=ORIENTED_EDGE('',*,*,#3213,.F.);
#4525=ORIENTED_EDGE('',*,*,#3214,.T.);
#4526=ORIENTED_EDGE('',*,*,#2859,.T.);
#4527=ORIENTED_EDGE('',*,*,#2844,.F.);
#4528=ORIENTED_EDGE('',*,*,#3215,.F.);
#4529=ORIENTED_EDGE('',*,*,#3203,.T.);
#4530=ORIENTED_EDGE('',*,*,#3173,.T.);
#4531=ORIENTED_EDGE('',*,*,#3202,.T.);
#4532=ORIENTED_EDGE('',*,*,#3216,.F.);
#4533=ORIENTED_EDGE('',*,*,#2901,.T.);
#4534=ORIENTED_EDGE('',*,*,#2896,.T.);
#4535=ORIENTED_EDGE('',*,*,#2888,.F.);
#4536=ORIENTED_EDGE('',*,*,#3217,.F.);
#4537=ORIENTED_EDGE('',*,*,#2830,.F.);
#4538=ORIENTED_EDGE('',*,*,#2834,.F.);
#4539=ORIENTED_EDGE('',*,*,#2849,.F.);
#4540=ORIENTED_EDGE('',*,*,#3124,.F.);
#4541=ORIENTED_EDGE('',*,*,#2857,.F.);
#4542=ORIENTED_EDGE('',*,*,#2860,.T.);
#4543=ORIENTED_EDGE('',*,*,#3214,.F.);
#4544=ORIENTED_EDGE('',*,*,#3218,.T.);
#4545=ORIENTED_EDGE('',*,*,#2818,.F.);
#4546=ORIENTED_EDGE('',*,*,#2910,.F.);
#4547=ORIENTED_EDGE('',*,*,#2912,.F.);
#4548=ORIENTED_EDGE('',*,*,#2913,.F.);
#4549=ORIENTED_EDGE('',*,*,#2977,.F.);
#4550=ORIENTED_EDGE('',*,*,#2854,.T.);
#4551=ORIENTED_EDGE('',*,*,#2851,.F.);
#4552=ORIENTED_EDGE('',*,*,#3125,.T.);
#4553=ORIENTED_EDGE('',*,*,#2823,.F.);
#4554=ORIENTED_EDGE('',*,*,#2827,.T.);
#4555=ORIENTED_EDGE('',*,*,#3126,.T.);
#4556=ORIENTED_EDGE('',*,*,#3219,.F.);
#4557=ORIENTED_EDGE('',*,*,#3220,.T.);
#4558=ORIENTED_EDGE('',*,*,#3221,.F.);
#4559=ORIENTED_EDGE('',*,*,#3222,.T.);
#4560=ORIENTED_EDGE('',*,*,#3219,.T.);
#4561=ORIENTED_EDGE('',*,*,#3223,.T.);
#4562=ORIENTED_EDGE('',*,*,#3224,.T.);
#4563=ORIENTED_EDGE('',*,*,#3225,.F.);
#4564=ORIENTED_EDGE('',*,*,#3226,.T.);
#4565=ORIENTED_EDGE('',*,*,#3227,.T.);
#4566=ORIENTED_EDGE('',*,*,#3222,.F.);
#4567=ORIENTED_EDGE('',*,*,#3228,.F.);
#4568=ORIENTED_EDGE('',*,*,#3229,.F.);
#4569=ORIENTED_EDGE('',*,*,#3223,.F.);
#4570=ORIENTED_EDGE('',*,*,#3230,.F.);
#4571=ORIENTED_EDGE('',*,*,#3231,.T.);
#4572=ORIENTED_EDGE('',*,*,#3224,.F.);
#4573=ORIENTED_EDGE('',*,*,#3229,.T.);
#4574=ORIENTED_EDGE('',*,*,#3221,.T.);
#4575=ORIENTED_EDGE('',*,*,#3232,.F.);
#4576=ORIENTED_EDGE('',*,*,#3233,.T.);
#4577=ORIENTED_EDGE('',*,*,#3234,.F.);
#4578=ORIENTED_EDGE('',*,*,#3230,.T.);
#4579=ORIENTED_EDGE('',*,*,#3228,.T.);
#4580=ORIENTED_EDGE('',*,*,#3233,.F.);
#4581=ORIENTED_EDGE('',*,*,#3235,.F.);
#4582=ORIENTED_EDGE('',*,*,#3236,.F.);
#4583=ORIENTED_EDGE('',*,*,#3237,.F.);
#4584=ORIENTED_EDGE('',*,*,#3220,.F.);
#4585=ORIENTED_EDGE('',*,*,#3227,.F.);
#4586=ORIENTED_EDGE('',*,*,#3238,.T.);
#4587=ORIENTED_EDGE('',*,*,#3239,.F.);
#4588=ORIENTED_EDGE('',*,*,#3235,.T.);
#4589=ORIENTED_EDGE('',*,*,#3232,.T.);
#4590=ORIENTED_EDGE('',*,*,#3231,.F.);
#4591=ORIENTED_EDGE('',*,*,#3234,.T.);
#4592=ORIENTED_EDGE('',*,*,#3237,.T.);
#4593=ORIENTED_EDGE('',*,*,#3240,.T.);
#4594=ORIENTED_EDGE('',*,*,#3241,.T.);
#4595=ORIENTED_EDGE('',*,*,#3225,.T.);
#4596=ORIENTED_EDGE('',*,*,#3242,.T.);
#4597=ORIENTED_EDGE('',*,*,#2814,.F.);
#4598=ORIENTED_EDGE('',*,*,#2810,.F.);
#4599=ORIENTED_EDGE('',*,*,#2943,.F.);
#4600=ORIENTED_EDGE('',*,*,#2801,.F.);
#4601=ORIENTED_EDGE('',*,*,#2809,.T.);
#4602=ORIENTED_EDGE('',*,*,#3243,.T.);
#4603=ORIENTED_EDGE('',*,*,#3240,.F.);
#4604=ORIENTED_EDGE('',*,*,#3236,.T.);
#4605=ORIENTED_EDGE('',*,*,#3239,.T.);
#4606=ORIENTED_EDGE('',*,*,#3244,.T.);
#4607=ORIENTED_EDGE('',*,*,#2803,.F.);
#4608=ORIENTED_EDGE('',*,*,#2799,.F.);
#4609=ORIENTED_EDGE('',*,*,#2944,.F.);
#4610=ORIENTED_EDGE('',*,*,#2812,.F.);
#4611=ORIENTED_EDGE('',*,*,#2820,.T.);
#4612=ORIENTED_EDGE('',*,*,#3191,.T.);
#4613=ORIENTED_EDGE('',*,*,#3187,.T.);
#4614=ORIENTED_EDGE('',*,*,#3215,.T.);
#4615=ORIENTED_EDGE('',*,*,#2843,.T.);
#4616=ORIENTED_EDGE('',*,*,#2815,.F.);
#4617=ORIENTED_EDGE('',*,*,#3242,.F.);
#4618=ORIENTED_EDGE('',*,*,#3238,.F.);
#4619=ORIENTED_EDGE('',*,*,#3226,.F.);
#4620=ORIENTED_EDGE('',*,*,#3241,.F.);
#4621=ORIENTED_EDGE('',*,*,#3243,.F.);
#4622=ORIENTED_EDGE('',*,*,#2808,.F.);
#4623=ORIENTED_EDGE('',*,*,#2902,.F.);
#4624=ORIENTED_EDGE('',*,*,#3216,.T.);
#4625=ORIENTED_EDGE('',*,*,#3201,.F.);
#4626=ORIENTED_EDGE('',*,*,#3207,.T.);
#4627=ORIENTED_EDGE('',*,*,#3204,.T.);
#4628=ORIENTED_EDGE('',*,*,#3217,.T.);
#4629=ORIENTED_EDGE('',*,*,#2887,.T.);
#4630=ORIENTED_EDGE('',*,*,#2804,.F.);
#4631=ORIENTED_EDGE('',*,*,#3244,.F.);
#4632=ORIENTED_EDGE('',*,*,#2819,.F.);
#4633=ORIENTED_EDGE('',*,*,#3218,.F.);
#4634=ORIENTED_EDGE('',*,*,#3213,.T.);
#4635=ORIENTED_EDGE('',*,*,#3184,.F.);
#4636=ORIENTED_EDGE('',*,*,#2998,.F.);
#4637=ORIENTED_EDGE('',*,*,#3007,.F.);
#4638=ORIENTED_EDGE('',*,*,#2999,.F.);
#4639=ORIENTED_EDGE('',*,*,#2990,.F.);
#4640=ORIENTED_EDGE('',*,*,#2994,.F.);
#4641=ORIENTED_EDGE('',*,*,#2996,.F.);
#4642=ORIENTED_EDGE('',*,*,#3016,.F.);
#4643=ORIENTED_EDGE('',*,*,#2968,.F.);
#4644=ORIENTED_EDGE('',*,*,#2970,.F.);
#4645=ORIENTED_EDGE('',*,*,#2935,.F.);
#4646=ORIENTED_EDGE('',*,*,#3059,.F.);
#4647=ORIENTED_EDGE('',*,*,#2930,.F.);
#4648=ORIENTED_EDGE('',*,*,#3137,.T.);
#4649=ORIENTED_EDGE('',*,*,#3142,.T.);
#4650=ORIENTED_EDGE('',*,*,#3245,.T.);
#4651=ORIENTED_EDGE('',*,*,#3246,.T.);
#4652=ORIENTED_EDGE('',*,*,#3247,.T.);
#4653=ORIENTED_EDGE('',*,*,#3248,.T.);
#4654=ORIENTED_EDGE('',*,*,#3247,.F.);
#4655=ORIENTED_EDGE('',*,*,#3249,.F.);
#4656=ORIENTED_EDGE('',*,*,#3250,.F.);
#4657=ORIENTED_EDGE('',*,*,#3251,.F.);
#4658=ORIENTED_EDGE('',*,*,#3252,.F.);
#4659=ORIENTED_EDGE('',*,*,#3253,.F.);
#4660=ORIENTED_EDGE('',*,*,#3254,.T.);
#4661=ORIENTED_EDGE('',*,*,#3246,.F.);
#4662=ORIENTED_EDGE('',*,*,#3255,.T.);
#4663=ORIENTED_EDGE('',*,*,#3256,.T.);
#4664=ORIENTED_EDGE('',*,*,#3249,.T.);
#4665=ORIENTED_EDGE('',*,*,#3257,.T.);
#4666=ORIENTED_EDGE('',*,*,#3258,.T.);
#4667=ORIENTED_EDGE('',*,*,#3259,.T.);
#4668=ORIENTED_EDGE('',*,*,#3260,.T.);
#4669=ORIENTED_EDGE('',*,*,#3259,.F.);
#4670=ORIENTED_EDGE('',*,*,#3261,.T.);
#4671=ORIENTED_EDGE('',*,*,#3262,.T.);
#4672=ORIENTED_EDGE('',*,*,#3263,.T.);
#4673=ORIENTED_EDGE('',*,*,#3264,.T.);
#4674=ORIENTED_EDGE('',*,*,#3265,.T.);
#4675=ORIENTED_EDGE('',*,*,#3262,.F.);
#4676=ORIENTED_EDGE('',*,*,#3266,.T.);
#4677=ORIENTED_EDGE('',*,*,#3264,.F.);
#4678=ORIENTED_EDGE('',*,*,#3267,.F.);
#4679=ORIENTED_EDGE('',*,*,#3268,.F.);
#4680=ORIENTED_EDGE('',*,*,#3269,.F.);
#4681=ORIENTED_EDGE('',*,*,#3270,.T.);
#4682=ORIENTED_EDGE('',*,*,#3271,.F.);
#4683=ORIENTED_EDGE('',*,*,#3272,.F.);
#4684=ORIENTED_EDGE('',*,*,#3266,.F.);
#4685=ORIENTED_EDGE('',*,*,#3273,.F.);
#4686=ORIENTED_EDGE('',*,*,#3274,.F.);
#4687=ORIENTED_EDGE('',*,*,#3267,.T.);
#4688=ORIENTED_EDGE('',*,*,#3261,.F.);
#4689=ORIENTED_EDGE('',*,*,#3275,.T.);
#4690=ORIENTED_EDGE('',*,*,#3276,.T.);
#4691=ORIENTED_EDGE('',*,*,#3273,.T.);
#4692=ORIENTED_EDGE('',*,*,#3258,.F.);
#4693=ORIENTED_EDGE('',*,*,#3277,.F.);
#4694=ORIENTED_EDGE('',*,*,#3278,.F.);
#4695=ORIENTED_EDGE('',*,*,#3275,.F.);
#4696=ORIENTED_EDGE('',*,*,#3279,.T.);
#4697=ORIENTED_EDGE('',*,*,#3280,.T.);
#4698=ORIENTED_EDGE('',*,*,#3281,.T.);
#4699=ORIENTED_EDGE('',*,*,#3282,.T.);
#4700=ORIENTED_EDGE('',*,*,#3281,.F.);
#4701=ORIENTED_EDGE('',*,*,#3283,.T.);
#4702=ORIENTED_EDGE('',*,*,#3284,.T.);
#4703=ORIENTED_EDGE('',*,*,#3285,.T.);
#4704=ORIENTED_EDGE('',*,*,#3286,.T.);
#4705=ORIENTED_EDGE('',*,*,#3287,.T.);
#4706=ORIENTED_EDGE('',*,*,#3284,.F.);
#4707=ORIENTED_EDGE('',*,*,#3288,.T.);
#4708=ORIENTED_EDGE('',*,*,#3286,.F.);
#4709=ORIENTED_EDGE('',*,*,#3289,.F.);
#4710=ORIENTED_EDGE('',*,*,#3290,.F.);
#4711=ORIENTED_EDGE('',*,*,#3291,.F.);
#4712=ORIENTED_EDGE('',*,*,#3292,.T.);
#4713=ORIENTED_EDGE('',*,*,#3293,.F.);
#4714=ORIENTED_EDGE('',*,*,#3294,.F.);
#4715=ORIENTED_EDGE('',*,*,#3288,.F.);
#4716=ORIENTED_EDGE('',*,*,#3295,.F.);
#4717=ORIENTED_EDGE('',*,*,#3296,.F.);
#4718=ORIENTED_EDGE('',*,*,#3289,.T.);
#4719=ORIENTED_EDGE('',*,*,#3283,.F.);
#4720=ORIENTED_EDGE('',*,*,#3297,.T.);
#4721=ORIENTED_EDGE('',*,*,#3298,.T.);
#4722=ORIENTED_EDGE('',*,*,#3295,.T.);
#4723=ORIENTED_EDGE('',*,*,#3280,.F.);
#4724=ORIENTED_EDGE('',*,*,#3299,.F.);
#4725=ORIENTED_EDGE('',*,*,#3300,.F.);
#4726=ORIENTED_EDGE('',*,*,#3297,.F.);
#4727=ORIENTED_EDGE('',*,*,#3245,.F.);
#4728=ORIENTED_EDGE('',*,*,#3301,.F.);
#4729=ORIENTED_EDGE('',*,*,#3302,.F.);
#4730=ORIENTED_EDGE('',*,*,#3303,.F.);
#4731=ORIENTED_EDGE('',*,*,#3304,.T.);
#4732=ORIENTED_EDGE('',*,*,#3305,.F.);
#4733=ORIENTED_EDGE('',*,*,#3255,.F.);
#4734=ORIENTED_EDGE('',*,*,#3248,.F.);
#4735=ORIENTED_EDGE('',*,*,#3254,.F.);
#4736=ORIENTED_EDGE('',*,*,#3306,.F.);
#4737=ORIENTED_EDGE('',*,*,#3301,.T.);
#4738=ORIENTED_EDGE('',*,*,#3260,.F.);
#4739=ORIENTED_EDGE('',*,*,#3307,.T.);
#4740=ORIENTED_EDGE('',*,*,#3308,.T.);
#4741=ORIENTED_EDGE('',*,*,#3309,.T.);
#4742=ORIENTED_EDGE('',*,*,#3263,.F.);
#4743=ORIENTED_EDGE('',*,*,#3310,.T.);
#4744=ORIENTED_EDGE('',*,*,#3311,.T.);
#4745=ORIENTED_EDGE('',*,*,#3307,.F.);
#4746=ORIENTED_EDGE('',*,*,#3265,.F.);
#4747=ORIENTED_EDGE('',*,*,#3272,.T.);
#4748=ORIENTED_EDGE('',*,*,#3312,.T.);
#4749=ORIENTED_EDGE('',*,*,#3310,.F.);
#4750=ORIENTED_EDGE('',*,*,#3287,.F.);
#4751=ORIENTED_EDGE('',*,*,#3294,.T.);
#4752=ORIENTED_EDGE('',*,*,#3313,.T.);
#4753=ORIENTED_EDGE('',*,*,#3314,.T.);
#4754=ORIENTED_EDGE('',*,*,#3285,.F.);
#4755=ORIENTED_EDGE('',*,*,#3314,.F.);
#4756=ORIENTED_EDGE('',*,*,#3315,.T.);
#4757=ORIENTED_EDGE('',*,*,#3316,.T.);
#4758=ORIENTED_EDGE('',*,*,#3282,.F.);
#4759=ORIENTED_EDGE('',*,*,#3316,.F.);
#4760=ORIENTED_EDGE('',*,*,#3317,.T.);
#4761=ORIENTED_EDGE('',*,*,#3318,.T.);
#4762=ORIENTED_EDGE('',*,*,#3317,.F.);
#4763=ORIENTED_EDGE('',*,*,#3315,.F.);
#4764=ORIENTED_EDGE('',*,*,#3313,.F.);
#4765=ORIENTED_EDGE('',*,*,#3293,.T.);
#4766=ORIENTED_EDGE('',*,*,#3319,.T.);
#4767=ORIENTED_EDGE('',*,*,#3320,.F.);
#4768=ORIENTED_EDGE('',*,*,#3321,.T.);
#4769=ORIENTED_EDGE('',*,*,#3322,.T.);
#4770=ORIENTED_EDGE('',*,*,#3323,.F.);
#4771=ORIENTED_EDGE('',*,*,#3324,.T.);
#4772=ORIENTED_EDGE('',*,*,#3325,.F.);
#4773=ORIENTED_EDGE('',*,*,#3326,.F.);
#4774=ORIENTED_EDGE('',*,*,#3327,.F.);
#4775=ORIENTED_EDGE('',*,*,#3326,.T.);
#4776=ORIENTED_EDGE('',*,*,#3328,.F.);
#4777=ORIENTED_EDGE('',*,*,#3329,.F.);
#4778=ORIENTED_EDGE('',*,*,#3330,.F.);
#4779=ORIENTED_EDGE('',*,*,#3329,.T.);
#4780=ORIENTED_EDGE('',*,*,#3331,.F.);
#4781=ORIENTED_EDGE('',*,*,#3332,.F.);
#4782=ORIENTED_EDGE('',*,*,#3333,.F.);
#4783=ORIENTED_EDGE('',*,*,#3332,.T.);
#4784=ORIENTED_EDGE('',*,*,#3334,.F.);
#4785=ORIENTED_EDGE('',*,*,#3335,.F.);
#4786=ORIENTED_EDGE('',*,*,#3336,.F.);
#4787=ORIENTED_EDGE('',*,*,#3335,.T.);
#4788=ORIENTED_EDGE('',*,*,#3337,.F.);
#4789=ORIENTED_EDGE('',*,*,#3338,.F.);
#4790=ORIENTED_EDGE('',*,*,#3339,.F.);
#4791=ORIENTED_EDGE('',*,*,#3338,.T.);
#4792=ORIENTED_EDGE('',*,*,#3340,.F.);
#4793=ORIENTED_EDGE('',*,*,#3324,.F.);
#4794=ORIENTED_EDGE('',*,*,#3341,.T.);
#4795=ORIENTED_EDGE('',*,*,#3342,.T.);
#4796=ORIENTED_EDGE('',*,*,#3343,.T.);
#4797=ORIENTED_EDGE('',*,*,#3344,.T.);
#4798=ORIENTED_EDGE('',*,*,#3345,.T.);
#4799=ORIENTED_EDGE('',*,*,#3346,.T.);
#4800=ORIENTED_EDGE('',*,*,#3340,.T.);
#4801=ORIENTED_EDGE('',*,*,#3337,.T.);
#4802=ORIENTED_EDGE('',*,*,#3334,.T.);
#4803=ORIENTED_EDGE('',*,*,#3331,.T.);
#4804=ORIENTED_EDGE('',*,*,#3328,.T.);
#4805=ORIENTED_EDGE('',*,*,#3325,.T.);
#4806=ORIENTED_EDGE('',*,*,#3347,.T.);
#4807=ORIENTED_EDGE('',*,*,#3348,.T.);
#4808=ORIENTED_EDGE('',*,*,#3349,.T.);
#4809=ORIENTED_EDGE('',*,*,#3350,.T.);
#4810=ORIENTED_EDGE('',*,*,#3347,.F.);
#4811=ORIENTED_EDGE('',*,*,#3351,.T.);
#4812=ORIENTED_EDGE('',*,*,#3352,.T.);
#4813=ORIENTED_EDGE('',*,*,#3350,.F.);
#4814=ORIENTED_EDGE('',*,*,#3353,.F.);
#4815=ORIENTED_EDGE('',*,*,#3270,.F.);
#4816=ORIENTED_EDGE('',*,*,#3354,.F.);
#4817=ORIENTED_EDGE('',*,*,#3355,.T.);
#4818=ORIENTED_EDGE('',*,*,#3356,.T.);
#4819=ORIENTED_EDGE('',*,*,#3320,.T.);
#4820=ORIENTED_EDGE('',*,*,#3357,.T.);
#4821=ORIENTED_EDGE('',*,*,#3355,.F.);
#4822=ORIENTED_EDGE('',*,*,#3358,.T.);
#4823=ORIENTED_EDGE('',*,*,#3359,.T.);
#4824=ORIENTED_EDGE('',*,*,#3357,.F.);
#4825=ORIENTED_EDGE('',*,*,#3319,.F.);
#4826=ORIENTED_EDGE('',*,*,#3292,.F.);
#4827=ORIENTED_EDGE('',*,*,#3360,.F.);
#4828=ORIENTED_EDGE('',*,*,#3359,.F.);
#4829=ORIENTED_EDGE('',*,*,#3361,.T.);
#4830=ORIENTED_EDGE('',*,*,#3362,.T.);
#4831=ORIENTED_EDGE('',*,*,#3363,.T.);
#4832=ORIENTED_EDGE('',*,*,#3358,.F.);
#4833=ORIENTED_EDGE('',*,*,#3360,.T.);
#4834=ORIENTED_EDGE('',*,*,#3291,.T.);
#4835=ORIENTED_EDGE('',*,*,#3364,.T.);
#4836=ORIENTED_EDGE('',*,*,#3365,.F.);
#4837=ORIENTED_EDGE('',*,*,#3366,.T.);
#4838=ORIENTED_EDGE('',*,*,#3367,.F.);
#4839=ORIENTED_EDGE('',*,*,#3368,.T.);
#4840=ORIENTED_EDGE('',*,*,#3369,.T.);
#4841=ORIENTED_EDGE('',*,*,#3370,.T.);
#4842=ORIENTED_EDGE('',*,*,#3302,.T.);
#4843=ORIENTED_EDGE('',*,*,#3306,.T.);
#4844=ORIENTED_EDGE('',*,*,#3253,.T.);
#4845=ORIENTED_EDGE('',*,*,#3371,.F.);
#4846=ORIENTED_EDGE('',*,*,#3372,.T.);
#4847=ORIENTED_EDGE('',*,*,#3361,.F.);
#4848=ORIENTED_EDGE('',*,*,#3364,.F.);
#4849=ORIENTED_EDGE('',*,*,#3290,.T.);
#4850=ORIENTED_EDGE('',*,*,#3296,.T.);
#4851=ORIENTED_EDGE('',*,*,#3298,.F.);
#4852=ORIENTED_EDGE('',*,*,#3300,.T.);
#4853=ORIENTED_EDGE('',*,*,#3373,.T.);
#4854=ORIENTED_EDGE('',*,*,#3374,.F.);
#4855=ORIENTED_EDGE('',*,*,#3375,.F.);
#4856=ORIENTED_EDGE('',*,*,#3268,.T.);
#4857=ORIENTED_EDGE('',*,*,#3274,.T.);
#4858=ORIENTED_EDGE('',*,*,#3276,.F.);
#4859=ORIENTED_EDGE('',*,*,#3278,.T.);
#4860=ORIENTED_EDGE('',*,*,#3352,.F.);
#4861=ORIENTED_EDGE('',*,*,#3374,.T.);
#4862=ORIENTED_EDGE('',*,*,#3376,.T.);
#4863=ORIENTED_EDGE('',*,*,#3377,.T.);
#4864=ORIENTED_EDGE('',*,*,#3351,.F.);
#4865=ORIENTED_EDGE('',*,*,#3354,.T.);
#4866=ORIENTED_EDGE('',*,*,#3269,.T.);
#4867=ORIENTED_EDGE('',*,*,#3375,.T.);
#4868=ORIENTED_EDGE('',*,*,#3252,.T.);
#4869=ORIENTED_EDGE('',*,*,#3378,.T.);
#4870=ORIENTED_EDGE('',*,*,#3303,.T.);
#4871=ORIENTED_EDGE('',*,*,#3371,.T.);
#4872=ORIENTED_EDGE('',*,*,#3378,.F.);
#4873=ORIENTED_EDGE('',*,*,#3251,.T.);
#4874=ORIENTED_EDGE('',*,*,#3379,.F.);
#4875=ORIENTED_EDGE('',*,*,#3304,.F.);
#4876=ORIENTED_EDGE('',*,*,#3279,.F.);
#4877=ORIENTED_EDGE('',*,*,#3318,.F.);
#4878=ORIENTED_EDGE('',*,*,#3322,.F.);
#4879=ORIENTED_EDGE('',*,*,#3380,.F.);
#4880=ORIENTED_EDGE('',*,*,#3362,.F.);
#4881=ORIENTED_EDGE('',*,*,#3372,.F.);
#4882=ORIENTED_EDGE('',*,*,#3299,.T.);
#4883=ORIENTED_EDGE('',*,*,#3356,.F.);
#4884=ORIENTED_EDGE('',*,*,#3363,.F.);
#4885=ORIENTED_EDGE('',*,*,#3380,.T.);
#4886=ORIENTED_EDGE('',*,*,#3321,.F.);
#4887=ORIENTED_EDGE('',*,*,#3257,.F.);
#4888=ORIENTED_EDGE('',*,*,#3309,.F.);
#4889=ORIENTED_EDGE('',*,*,#3381,.F.);
#4890=ORIENTED_EDGE('',*,*,#3382,.F.);
#4891=ORIENTED_EDGE('',*,*,#3376,.F.);
#4892=ORIENTED_EDGE('',*,*,#3373,.F.);
#4893=ORIENTED_EDGE('',*,*,#3277,.T.);
#4894=ORIENTED_EDGE('',*,*,#3348,.F.);
#4895=ORIENTED_EDGE('',*,*,#3377,.F.);
#4896=ORIENTED_EDGE('',*,*,#3382,.T.);
#4897=ORIENTED_EDGE('',*,*,#3383,.F.);
#4898=ORIENTED_EDGE('',*,*,#3312,.F.);
#4899=ORIENTED_EDGE('',*,*,#3271,.T.);
#4900=ORIENTED_EDGE('',*,*,#3353,.T.);
#4901=ORIENTED_EDGE('',*,*,#3349,.F.);
#4902=ORIENTED_EDGE('',*,*,#3383,.T.);
#4903=ORIENTED_EDGE('',*,*,#3381,.T.);
#4904=ORIENTED_EDGE('',*,*,#3308,.F.);
#4905=ORIENTED_EDGE('',*,*,#3311,.F.);
#4906=ORIENTED_EDGE('',*,*,#3256,.F.);
#4907=ORIENTED_EDGE('',*,*,#3305,.T.);
#4908=ORIENTED_EDGE('',*,*,#3379,.T.);
#4909=ORIENTED_EDGE('',*,*,#3250,.T.);
#4910=ORIENTED_EDGE('',*,*,#3366,.F.);
#4911=ORIENTED_EDGE('',*,*,#3384,.T.);
#4912=ORIENTED_EDGE('',*,*,#3344,.F.);
#4913=ORIENTED_EDGE('',*,*,#3385,.F.);
#4914=ORIENTED_EDGE('',*,*,#3367,.T.);
#4915=ORIENTED_EDGE('',*,*,#3385,.T.);
#4916=ORIENTED_EDGE('',*,*,#3343,.F.);
#4917=ORIENTED_EDGE('',*,*,#3386,.F.);
#4918=ORIENTED_EDGE('',*,*,#3368,.F.);
#4919=ORIENTED_EDGE('',*,*,#3386,.T.);
#4920=ORIENTED_EDGE('',*,*,#3342,.F.);
#4921=ORIENTED_EDGE('',*,*,#3387,.F.);
#4922=ORIENTED_EDGE('',*,*,#3369,.F.);
#4923=ORIENTED_EDGE('',*,*,#3387,.T.);
#4924=ORIENTED_EDGE('',*,*,#3341,.F.);
#4925=ORIENTED_EDGE('',*,*,#3388,.F.);
#4926=ORIENTED_EDGE('',*,*,#3370,.F.);
#4927=ORIENTED_EDGE('',*,*,#3388,.T.);
#4928=ORIENTED_EDGE('',*,*,#3346,.F.);
#4929=ORIENTED_EDGE('',*,*,#3389,.F.);
#4930=ORIENTED_EDGE('',*,*,#3365,.T.);
#4931=ORIENTED_EDGE('',*,*,#3389,.T.);
#4932=ORIENTED_EDGE('',*,*,#3345,.F.);
#4933=ORIENTED_EDGE('',*,*,#3384,.F.);
#4934=ORIENTED_EDGE('',*,*,#3323,.T.);
#4935=ORIENTED_EDGE('',*,*,#3327,.T.);
#4936=ORIENTED_EDGE('',*,*,#3330,.T.);
#4937=ORIENTED_EDGE('',*,*,#3333,.T.);
#4938=ORIENTED_EDGE('',*,*,#3336,.T.);
#4939=ORIENTED_EDGE('',*,*,#3339,.T.);
#4940=PLANE('',#5403);
#4941=PLANE('',#5404);
#4942=PLANE('',#5405);
#4943=PLANE('',#5406);
#4944=PLANE('',#5407);
#4945=PLANE('',#5408);
#4946=PLANE('',#5409);
#4947=PLANE('',#5410);
#4948=PLANE('',#5411);
#4949=PLANE('',#5412);
#4950=PLANE('',#5413);
#4951=PLANE('',#5414);
#4952=PLANE('',#5418);
#4953=PLANE('',#5422);
#4954=PLANE('',#5426);
#4955=PLANE('',#5430);
#4956=PLANE('',#5443);
#4957=PLANE('',#5444);
#4958=PLANE('',#5448);
#4959=PLANE('',#5452);
#4960=PLANE('',#5465);
#4961=PLANE('',#5476);
#4962=PLANE('',#5477);
#4963=PLANE('',#5479);
#4964=PLANE('',#5500);
#4965=PLANE('',#5504);
#4966=PLANE('',#5508);
#4967=PLANE('',#5512);
#4968=PLANE('',#5513);
#4969=PLANE('',#5523);
#4970=PLANE('',#5526);
#4971=PLANE('',#5530);
#4972=PLANE('',#5534);
#4973=PLANE('',#5538);
#4974=PLANE('',#5539);
#4975=PLANE('',#5546);
#4976=PLANE('',#5549);
#4977=PLANE('',#5554);
#4978=PLANE('',#5558);
#4979=PLANE('',#5577);
#4980=PLANE('',#5578);
#4981=PLANE('',#5583);
#4982=PLANE('',#5595);
#4983=PLANE('',#5599);
#4984=PLANE('',#5602);
#4985=PLANE('',#5607);
#4986=PLANE('',#5609);
#4987=PLANE('',#5610);
#4988=PLANE('',#5613);
#4989=PLANE('',#5614);
#4990=PLANE('',#5615);
#4991=PLANE('',#5618);
#4992=PLANE('',#5623);
#4993=PLANE('',#5624);
#4994=PLANE('',#5627);
#4995=PLANE('',#5628);
#4996=PLANE('',#5631);
#4997=PLANE('',#5632);
#4998=PLANE('',#5635);
#4999=PLANE('',#5636);
#5000=PLANE('',#5637);
#5001=PLANE('',#5640);
#5002=PLANE('',#5641);
#5003=PLANE('',#5644);
#5004=PLANE('',#5645);
#5005=PLANE('',#5648);
#5006=PLANE('',#5652);
#5007=PLANE('',#5656);
#5008=PLANE('',#5660);
#5009=PLANE('',#5682);
#5010=PLANE('',#5683);
#5011=PLANE('',#5684);
#5012=PLANE('',#5685);
#5013=PLANE('',#5686);
#5014=PLANE('',#5687);
#5015=PLANE('',#5688);
#5016=PLANE('',#5689);
#5017=PLANE('',#5690);
#5018=PLANE('',#5691);
#5019=PLANE('',#5693);
#5020=PLANE('',#5697);
#5021=PLANE('',#5698);
#5022=PLANE('',#5699);
#5023=PLANE('',#5700);
#5024=PLANE('',#5701);
#5025=PLANE('',#5702);
#5026=PLANE('',#5703);
#5027=PLANE('',#5710);
#5028=PLANE('',#5715);
#5029=PLANE('',#5719);
#5030=PLANE('',#5725);
#5031=PLANE('',#5726);
#5032=PLANE('',#5727);
#5033=PLANE('',#5728);
#5034=PLANE('',#5729);
#5035=PLANE('',#5730);
#5036=PLANE('',#5731);
#5037=PLANE('',#5732);
#5038=PLANE('',#5733);
#5039=PLANE('',#5734);
#5040=PLANE('',#5735);
#5041=PLANE('',#5736);
#5042=PLANE('',#5737);
#5043=PLANE('',#5738);
#5044=PLANE('',#5739);
#5045=PLANE('',#5740);
#5046=PLANE('',#5741);
#5047=PLANE('',#5742);
#5048=PLANE('',#5743);
#5049=PLANE('',#5744);
#5050=PLANE('',#5745);
#5051=PLANE('',#5746);
#5052=PLANE('',#5747);
#5053=PLANE('',#5748);
#5054=PLANE('',#5749);
#5055=PLANE('',#5750);
#5056=PLANE('',#5751);
#5057=PLANE('',#5752);
#5058=PLANE('',#5753);
#5059=PLANE('',#5754);
#5060=PLANE('',#5755);
#5061=PLANE('',#5759);
#5062=PLANE('',#5761);
#5063=PLANE('',#5764);
#5064=PLANE('',#5765);
#5065=PLANE('',#5766);
#5066=PLANE('',#5767);
#5067=PLANE('',#5768);
#5068=PLANE('',#5769);
#5069=PLANE('',#5770);
#5070=PLANE('',#5771);
#5071=PLANE('',#5772);
#5072=PLANE('',#5776);
#5073=PLANE('',#5778);
#5074=PLANE('',#5787);
#5075=PLANE('',#5789);
#5076=PLANE('',#5792);
#5077=PLANE('',#5801);
#5078=PLANE('',#5803);
#5079=PLANE('',#5806);
#5080=PLANE('',#5807);
#5081=PLANE('',#5809);
#5082=PLANE('',#5810);
#5083=PLANE('',#5813);
#5084=PLANE('',#5814);
#5085=PLANE('',#5817);
#5086=PLANE('',#5818);
#5087=PLANE('',#5820);
#5088=PLANE('',#5821);
#5089=PLANE('',#5822);
#5090=PLANE('',#5826);
#5091=PLANE('',#5830);
#5092=PLANE('',#5839);
#5093=PLANE('',#5845);
#5094=PLANE('',#5849);
#5095=PLANE('',#5856);
#5096=PLANE('',#5857);
#5097=PLANE('',#5858);
#5098=PLANE('',#5859);
#5099=PLANE('',#5860);
#5100=PLANE('',#5861);
#5101=PLANE('',#5862);
#5102=PLANE('',#5863);
#5103=PLANE('',#5865);
#5104=PLANE('',#5866);
#5105=PLANE('',#5867);
#5106=PLANE('',#5869);
#5107=ADVANCED_FACE('',(#407),#4940,.F.);
#5108=ADVANCED_FACE('',(#408),#400,.F.);
#5109=ADVANCED_FACE('',(#409),#401,.F.);
#5110=ADVANCED_FACE('',(#410),#4941,.F.);
#5111=ADVANCED_FACE('',(#411),#402,.F.);
#5112=ADVANCED_FACE('',(#412),#4942,.F.);
#5113=ADVANCED_FACE('',(#413),#4943,.F.);
#5114=ADVANCED_FACE('',(#414),#4944,.F.);
#5115=ADVANCED_FACE('',(#415),#4945,.T.);
#5116=ADVANCED_FACE('',(#416),#4946,.F.);
#5117=ADVANCED_FACE('',(#417),#403,.F.);
#5118=ADVANCED_FACE('',(#418),#404,.F.);
#5119=ADVANCED_FACE('',(#419),#4947,.F.);
#5120=ADVANCED_FACE('',(#420),#405,.F.);
#5121=ADVANCED_FACE('',(#421),#4948,.F.);
#5122=ADVANCED_FACE('',(#422),#4949,.F.);
#5123=ADVANCED_FACE('',(#423),#4950,.F.);
#5124=ADVANCED_FACE('',(#424),#4951,.T.);
#5125=ADVANCED_FACE('',(#425),#282,.F.);
#5126=ADVANCED_FACE('',(#426),#4952,.F.);
#5127=ADVANCED_FACE('',(#427),#283,.F.);
#5128=ADVANCED_FACE('',(#428),#4953,.F.);
#5129=ADVANCED_FACE('',(#429),#284,.F.);
#5130=ADVANCED_FACE('',(#430),#4954,.F.);
#5131=ADVANCED_FACE('',(#431),#285,.F.);
#5132=ADVANCED_FACE('',(#432),#4955,.F.);
#5133=ADVANCED_FACE('',(#433),#286,.F.);
#5134=ADVANCED_FACE('',(#434),#287,.F.);
#5135=ADVANCED_FACE('',(#435),#288,.F.);
#5136=ADVANCED_FACE('',(#436),#289,.F.);
#5137=ADVANCED_FACE('',(#437),#4956,.F.);
#5138=ADVANCED_FACE('',(#438),#4957,.F.);
#5139=ADVANCED_FACE('',(#439),#290,.F.);
#5140=ADVANCED_FACE('',(#440),#4958,.F.);
#5141=ADVANCED_FACE('',(#441),#291,.F.);
#5142=ADVANCED_FACE('',(#442),#4959,.F.);
#5143=ADVANCED_FACE('',(#443),#292,.F.);
#5144=ADVANCED_FACE('',(#444),#293,.F.);
#5145=ADVANCED_FACE('',(#445),#80,.F.);
#5146=ADVANCED_FACE('',(#446),#406,.T.);
#5147=ADVANCED_FACE('',(#447,#32,#33,#34),#4960,.F.);
#5148=ADVANCED_FACE('',(#448),#26,.T.);
#5149=ADVANCED_FACE('',(#449),#81,.F.);
#5150=ADVANCED_FACE('',(#450),#27,.T.);
#5151=ADVANCED_FACE('',(#451),#4961,.T.);
#5152=ADVANCED_FACE('',(#452),#4962,.T.);
#5153=ADVANCED_FACE('',(#453),#294,.F.);
#5154=ADVANCED_FACE('',(#454,#35),#4963,.F.);
#5155=ADVANCED_FACE('',(#455),#295,.F.);
#5156=ADVANCED_FACE('',(#456),#296,.F.);
#5157=ADVANCED_FACE('',(#457),#297,.F.);
#5158=ADVANCED_FACE('',(#458),#298,.F.);
#5159=ADVANCED_FACE('',(#459),#299,.F.);
#5160=ADVANCED_FACE('',(#460),#300,.F.);
#5161=ADVANCED_FACE('',(#461),#4964,.T.);
#5162=ADVANCED_FACE('',(#462),#301,.F.);
#5163=ADVANCED_FACE('',(#463),#4965,.T.);
#5164=ADVANCED_FACE('',(#464),#302,.F.);
#5165=ADVANCED_FACE('',(#465),#4966,.F.);
#5166=ADVANCED_FACE('',(#466),#303,.T.);
#5167=ADVANCED_FACE('',(#467),#4967,.T.);
#5168=ADVANCED_FACE('',(#468),#4968,.T.);
#5169=ADVANCED_FACE('',(#469),#304,.T.);
#5170=ADVANCED_FACE('',(#470),#305,.F.);
#5171=ADVANCED_FACE('',(#471),#4969,.T.);
#5172=ADVANCED_FACE('',(#472),#306,.F.);
#5173=ADVANCED_FACE('',(#473),#4970,.T.);
#5174=ADVANCED_FACE('',(#474),#307,.F.);
#5175=ADVANCED_FACE('',(#475),#4971,.F.);
#5176=ADVANCED_FACE('',(#476),#308,.F.);
#5177=ADVANCED_FACE('',(#477),#4972,.F.);
#5178=ADVANCED_FACE('',(#478),#309,.T.);
#5179=ADVANCED_FACE('',(#479),#4973,.T.);
#5180=ADVANCED_FACE('',(#480),#4974,.T.);
#5181=ADVANCED_FACE('',(#481),#310,.F.);
#5182=ADVANCED_FACE('',(#482),#4975,.T.);
#5183=ADVANCED_FACE('',(#483),#311,.T.);
#5184=ADVANCED_FACE('',(#484),#4976,.T.);
#5185=ADVANCED_FACE('',(#485),#312,.F.);
#5186=ADVANCED_FACE('',(#486),#4977,.F.);
#5187=ADVANCED_FACE('',(#487),#313,.F.);
#5188=ADVANCED_FACE('',(#488),#314,.F.);
#5189=ADVANCED_FACE('',(#489),#4978,.F.);
#5190=ADVANCED_FACE('',(#490),#315,.F.);
#5191=ADVANCED_FACE('',(#491),#21,.F.);
#5192=ADVANCED_FACE('',(#492),#316,.F.);
#5193=ADVANCED_FACE('',(#493),#22,.F.);
#5194=ADVANCED_FACE('',(#494),#317,.F.);
#5195=ADVANCED_FACE('',(#495),#318,.F.);
#5196=ADVANCED_FACE('',(#496),#319,.F.);
#5197=ADVANCED_FACE('',(#497),#320,.F.);
#5198=ADVANCED_FACE('',(#498,#36,#37),#4979,.T.);
#5199=ADVANCED_FACE('',(#499,#38,#39,#40),#4980,.T.);
#5200=ADVANCED_FACE('',(#500,#41,#42,#43,#44),#4981,.T.);
#5201=ADVANCED_FACE('',(#501),#321,.T.);
#5202=ADVANCED_FACE('',(#502),#28,.F.);
#5203=ADVANCED_FACE('',(#503),#322,.T.);
#5204=ADVANCED_FACE('',(#504),#29,.F.);
#5205=ADVANCED_FACE('',(#505),#323,.T.);
#5206=ADVANCED_FACE('',(#506,#45,#46),#4982,.T.);
#5207=ADVANCED_FACE('',(#507),#324,.T.);
#5208=ADVANCED_FACE('',(#508,#47,#48,#49,#50),#4983,.T.);
#5209=ADVANCED_FACE('',(#509),#325,.T.);
#5210=ADVANCED_FACE('',(#510,#51,#52,#53,#54),#4984,.T.);
#5211=ADVANCED_FACE('',(#511,#55,#56),#4985,.T.);
#5212=ADVANCED_FACE('',(#512),#4986,.T.);
#5213=ADVANCED_FACE('',(#513),#4987,.T.);
#5214=ADVANCED_FACE('',(#514,#57,#58,#59,#60),#4988,.T.);
#5215=ADVANCED_FACE('',(#515),#4989,.T.);
#5216=ADVANCED_FACE('',(#516),#4990,.T.);
#5217=ADVANCED_FACE('',(#517),#4991,.T.);
#5218=ADVANCED_FACE('',(#518),#4992,.T.);
#5219=ADVANCED_FACE('',(#519),#4993,.T.);
#5220=ADVANCED_FACE('',(#520),#4994,.T.);
#5221=ADVANCED_FACE('',(#521),#4995,.T.);
#5222=ADVANCED_FACE('',(#522),#4996,.T.);
#5223=ADVANCED_FACE('',(#523),#4997,.T.);
#5224=ADVANCED_FACE('',(#524,#61,#62,#63,#64),#4998,.T.);
#5225=ADVANCED_FACE('',(#525),#4999,.T.);
#5226=ADVANCED_FACE('',(#526),#5000,.T.);
#5227=ADVANCED_FACE('',(#527),#5001,.T.);
#5228=ADVANCED_FACE('',(#528),#5002,.T.);
#5229=ADVANCED_FACE('',(#529),#5003,.T.);
#5230=ADVANCED_FACE('',(#530),#5004,.T.);
#5231=ADVANCED_FACE('',(#531),#5005,.T.);
#5232=ADVANCED_FACE('',(#532),#326,.T.);
#5233=ADVANCED_FACE('',(#533),#327,.F.);
#5234=ADVANCED_FACE('',(#534),#328,.T.);
#5235=ADVANCED_FACE('',(#535),#5006,.T.);
#5236=ADVANCED_FACE('',(#536),#329,.T.);
#5237=ADVANCED_FACE('',(#537),#330,.F.);
#5238=ADVANCED_FACE('',(#538),#331,.T.);
#5239=ADVANCED_FACE('',(#539),#5007,.T.);
#5240=ADVANCED_FACE('',(#540),#332,.T.);
#5241=ADVANCED_FACE('',(#541),#333,.F.);
#5242=ADVANCED_FACE('',(#542),#334,.T.);
#5243=ADVANCED_FACE('',(#543),#5008,.T.);
#5244=ADVANCED_FACE('',(#544),#335,.T.);
#5245=ADVANCED_FACE('',(#545),#336,.F.);
#5246=ADVANCED_FACE('',(#546),#337,.T.);
#5247=ADVANCED_FACE('',(#547),#338,.F.);
#5248=ADVANCED_FACE('',(#548),#339,.F.);
#5249=ADVANCED_FACE('',(#549),#340,.F.);
#5250=ADVANCED_FACE('',(#550),#341,.T.);
#5251=ADVANCED_FACE('',(#551),#342,.T.);
#5252=ADVANCED_FACE('',(#552),#82,.T.);
#5253=ADVANCED_FACE('',(#553),#343,.F.);
#5254=ADVANCED_FACE('',(#554),#5009,.F.);
#5255=ADVANCED_FACE('',(#555),#5010,.T.);
#5256=ADVANCED_FACE('',(#556),#5011,.F.);
#5257=ADVANCED_FACE('',(#557),#5012,.F.);
#5258=ADVANCED_FACE('',(#558),#5013,.F.);
#5259=ADVANCED_FACE('',(#559),#5014,.F.);
#5260=ADVANCED_FACE('',(#560),#5015,.F.);
#5261=ADVANCED_FACE('',(#561),#5016,.F.);
#5262=ADVANCED_FACE('',(#562),#5017,.F.);
#5263=ADVANCED_FACE('',(#563),#5018,.F.);
#5264=ADVANCED_FACE('',(#564),#344,.F.);
#5265=ADVANCED_FACE('',(#565),#5019,.F.);
#5266=ADVANCED_FACE('',(#566),#345,.F.);
#5267=ADVANCED_FACE('',(#567),#346,.F.);
#5268=ADVANCED_FACE('',(#568),#347,.F.);
#5269=ADVANCED_FACE('',(#569),#5020,.F.);
#5270=ADVANCED_FACE('',(#570),#5021,.T.);
#5271=ADVANCED_FACE('',(#571),#5022,.T.);
#5272=ADVANCED_FACE('',(#572),#5023,.F.);
#5273=ADVANCED_FACE('',(#573),#5024,.T.);
#5274=ADVANCED_FACE('',(#574),#5025,.T.);
#5275=ADVANCED_FACE('',(#575),#5026,.T.);
#5276=ADVANCED_FACE('',(#576),#83,.F.);
#5277=ADVANCED_FACE('',(#577),#84,.F.);
#5278=ADVANCED_FACE('',(#578,#65),#5027,.T.);
#5279=ADVANCED_FACE('',(#579),#348,.F.);
#5280=ADVANCED_FACE('',(#580,#66),#5028,.T.);
#5281=ADVANCED_FACE('',(#581),#349,.F.);
#5282=ADVANCED_FACE('',(#582,#67),#5029,.T.);
#5283=ADVANCED_FACE('',(#583),#350,.F.);
#5284=ADVANCED_FACE('',(#584),#351,.F.);
#5285=ADVANCED_FACE('',(#585),#5030,.F.);
#5286=ADVANCED_FACE('',(#586),#5031,.F.);
#5287=ADVANCED_FACE('',(#587),#5032,.F.);
#5288=ADVANCED_FACE('',(#588),#5033,.F.);
#5289=ADVANCED_FACE('',(#589),#5034,.F.);
#5290=ADVANCED_FACE('',(#590),#5035,.F.);
#5291=ADVANCED_FACE('',(#591),#5036,.F.);
#5292=ADVANCED_FACE('',(#592),#5037,.F.);
#5293=ADVANCED_FACE('',(#593),#5038,.T.);
#5294=ADVANCED_FACE('',(#594),#5039,.T.);
#5295=ADVANCED_FACE('',(#595),#5040,.F.);
#5296=ADVANCED_FACE('',(#596),#5041,.F.);
#5297=ADVANCED_FACE('',(#597,#68),#5042,.F.);
#5298=ADVANCED_FACE('',(#598),#5043,.F.);
#5299=ADVANCED_FACE('',(#599,#69),#5044,.F.);
#5300=ADVANCED_FACE('',(#600),#5045,.F.);
#5301=ADVANCED_FACE('',(#601,#70),#5046,.F.);
#5302=ADVANCED_FACE('',(#602),#5047,.F.);
#5303=ADVANCED_FACE('',(#603),#5048,.F.);
#5304=ADVANCED_FACE('',(#604),#5049,.F.);
#5305=ADVANCED_FACE('',(#605),#5050,.F.);
#5306=ADVANCED_FACE('',(#606),#5051,.F.);
#5307=ADVANCED_FACE('',(#607,#71),#5052,.F.);
#5308=ADVANCED_FACE('',(#608),#5053,.F.);
#5309=ADVANCED_FACE('',(#609,#72),#5054,.F.);
#5310=ADVANCED_FACE('',(#610),#5055,.F.);
#5311=ADVANCED_FACE('',(#611,#73),#5056,.F.);
#5312=ADVANCED_FACE('',(#612),#5057,.F.);
#5313=ADVANCED_FACE('',(#613),#5058,.T.);
#5314=ADVANCED_FACE('',(#614),#5059,.T.);
#5315=ADVANCED_FACE('',(#615),#5060,.T.);
#5316=ADVANCED_FACE('',(#616),#352,.F.);
#5317=ADVANCED_FACE('',(#617),#5061,.T.);
#5318=ADVANCED_FACE('',(#618),#5062,.T.);
#5319=ADVANCED_FACE('',(#619),#353,.F.);
#5320=ADVANCED_FACE('',(#620),#5063,.T.);
#5321=ADVANCED_FACE('',(#621),#5064,.T.);
#5322=ADVANCED_FACE('',(#622),#5065,.T.);
#5323=ADVANCED_FACE('',(#623),#5066,.T.);
#5324=ADVANCED_FACE('',(#624),#5067,.T.);
#5325=ADVANCED_FACE('',(#625),#5068,.T.);
#5326=ADVANCED_FACE('',(#626),#5069,.T.);
#5327=ADVANCED_FACE('',(#627,#74),#5070,.T.);
#5328=ADVANCED_FACE('',(#628,#75),#5071,.T.);
#5329=ADVANCED_FACE('',(#629),#354,.T.);
#5330=ADVANCED_FACE('',(#630),#5072,.T.);
#5331=ADVANCED_FACE('',(#631),#5073,.T.);
#5332=ADVANCED_FACE('',(#632),#355,.T.);
#5333=ADVANCED_FACE('',(#633),#30,.F.);
#5334=ADVANCED_FACE('',(#634),#356,.T.);
#5335=ADVANCED_FACE('',(#635),#5074,.T.);
#5336=ADVANCED_FACE('',(#636),#5075,.T.);
#5337=ADVANCED_FACE('',(#637),#357,.T.);
#5338=ADVANCED_FACE('',(#638),#5076,.T.);
#5339=ADVANCED_FACE('',(#639),#358,.T.);
#5340=ADVANCED_FACE('',(#640),#31,.F.);
#5341=ADVANCED_FACE('',(#641),#359,.T.);
#5342=ADVANCED_FACE('',(#642),#5077,.T.);
#5343=ADVANCED_FACE('',(#643),#5078,.T.);
#5344=ADVANCED_FACE('',(#644),#360,.T.);
#5345=ADVANCED_FACE('',(#645),#5079,.T.);
#5346=ADVANCED_FACE('',(#646),#5080,.T.);
#5347=ADVANCED_FACE('',(#647),#5081,.T.);
#5348=ADVANCED_FACE('',(#648),#5082,.T.);
#5349=ADVANCED_FACE('',(#649),#13,.T.);
#5350=ADVANCED_FACE('',(#650),#5083,.T.);
#5351=ADVANCED_FACE('',(#651),#5084,.T.);
#5352=ADVANCED_FACE('',(#652),#14,.T.);
#5353=ADVANCED_FACE('',(#653),#5085,.T.);
#5354=ADVANCED_FACE('',(#654),#5086,.T.);
#5355=ADVANCED_FACE('',(#655),#5087,.T.);
#5356=ADVANCED_FACE('',(#656),#5088,.T.);
#5357=ADVANCED_FACE('',(#657),#5089,.T.);
#5358=ADVANCED_FACE('',(#658),#361,.F.);
#5359=ADVANCED_FACE('',(#659),#5090,.T.);
#5360=ADVANCED_FACE('',(#660),#362,.F.);
#5361=ADVANCED_FACE('',(#661,#76),#5091,.T.);
#5362=ADVANCED_FACE('',(#662),#363,.F.);
#5363=ADVANCED_FACE('',(#663),#23,.F.);
#5364=ADVANCED_FACE('',(#664),#5092,.T.);
#5365=ADVANCED_FACE('',(#665),#364,.F.);
#5366=ADVANCED_FACE('',(#666),#24,.F.);
#5367=ADVANCED_FACE('',(#667),#5093,.T.);
#5368=ADVANCED_FACE('',(#668),#365,.F.);
#5369=ADVANCED_FACE('',(#669),#366,.F.);
#5370=ADVANCED_FACE('',(#670,#77,#78,#79),#5094,.F.);
#5371=ADVANCED_FACE('',(#671),#367,.F.);
#5372=ADVANCED_FACE('',(#672),#368,.F.);
#5373=ADVANCED_FACE('',(#673),#369,.F.);
#5374=ADVANCED_FACE('',(#674),#5095,.T.);
#5375=ADVANCED_FACE('',(#675),#5096,.T.);
#5376=ADVANCED_FACE('',(#676),#5097,.T.);
#5377=ADVANCED_FACE('',(#677),#5098,.T.);
#5378=ADVANCED_FACE('',(#678),#5099,.T.);
#5379=ADVANCED_FACE('',(#679),#5100,.T.);
#5380=ADVANCED_FACE('',(#680),#5101,.T.);
#5381=ADVANCED_FACE('',(#681),#5102,.T.);
#5382=ADVANCED_FACE('',(#682),#370,.T.);
#5383=ADVANCED_FACE('',(#683),#5103,.T.);
#5384=ADVANCED_FACE('',(#684),#5104,.T.);
#5385=ADVANCED_FACE('',(#685),#5105,.T.);
#5386=ADVANCED_FACE('',(#686),#371,.T.);
#5387=ADVANCED_FACE('',(#687),#5106,.T.);
#5388=CLOSED_SHELL('',(#5107,#5108,#5109,#5110,#5111,#5112,#5113,#5114,
#5115,#5116,#5117,#5118,#5119,#5120,#5121,#5122,#5123,#5124,#5125,#5126,
#5127,#5128,#5129,#5130,#5131,#5132,#5133,#5134,#5135,#5136,#5137,#5138,
#5139,#5140,#5141,#5142,#5143,#5144,#5145,#5146,#5147,#5148,#5149,#5150,
#5151,#5152,#5153,#5154,#5155,#5156,#5157,#5158,#5159,#5160,#5161,#5162,
#5163,#5164,#5165,#5166,#5167,#5168,#5169,#5170,#5171,#5172,#5173,#5174,
#5175,#5176,#5177,#5178,#5179,#5180,#5181,#5182,#5183,#5184,#5185,#5186,
#5187,#5188,#5189,#5190,#5191,#5192,#5193,#5194,#5195,#5196,#5197,#5198,
#5199,#5200,#5201,#5202,#5203,#5204,#5205,#5206,#5207,#5208,#5209,#5210,
#5211,#5212,#5213,#5214,#5215,#5216,#5217,#5218,#5219,#5220,#5221,#5222,
#5223,#5224,#5225,#5226,#5227,#5228,#5229,#5230,#5231,#5232,#5233,#5234,
#5235,#5236,#5237,#5238,#5239,#5240,#5241,#5242,#5243,#5244,#5245,#5246,
#5247,#5248,#5249,#5250,#5251,#5252,#5253,#5254,#5255,#5256,#5257,#5258,
#5259,#5260,#5261,#5262,#5263,#5264,#5265,#5266,#5267,#5268,#5269,#5270,
#5271,#5272,#5273,#5274,#5275,#5276,#5277,#5278,#5279,#5280,#5281,#5282,
#5283,#5284,#5285,#5286,#5287,#5288,#5289,#5290,#5291,#5292,#5293,#5294,
#5295,#5296,#5297,#5298,#5299,#5300,#5301,#5302,#5303,#5304,#5305,#5306,
#5307,#5308,#5309,#5310,#5311,#5312,#5313,#5314,#5315,#5316,#5317,#5318,
#5319,#5320,#5321,#5322,#5323,#5324,#5325,#5326,#5327,#5328));
#5389=CLOSED_SHELL('',(#5329,#5330,#5331,#5332,#5333,#5334,#5335,#5336,
#5337,#5338,#5339,#5340,#5341,#5342,#5343,#5344,#5345,#5346,#5347,#5348,
#5349,#5350,#5351,#5352,#5353,#5354,#5355,#5356,#5357,#5358,#5359,#5360,
#5361,#5362,#5363,#5364,#5365,#5366,#5367,#5368,#5369,#5370,#5371,#5372,
#5373,#5374,#5375,#5376,#5377,#5378,#5379,#5380,#5381,#5382,#5383,#5384,
#5385,#5386,#5387));
#5390=DERIVED_UNIT_ELEMENT(#5392,1.);
#5391=DERIVED_UNIT_ELEMENT(#9268,-3.);
#5392=(
MASS_UNIT()
NAMED_UNIT(*)
SI_UNIT(.KILO.,.GRAM.)
);
#5393=DERIVED_UNIT((#5390,#5391));
#5394=MEASURE_REPRESENTATION_ITEM('density measure',
POSITIVE_RATIO_MEASURE(7850.),#5393);
#5395=PROPERTY_DEFINITION_REPRESENTATION(#5400,#5397);
#5396=PROPERTY_DEFINITION_REPRESENTATION(#5401,#5398);
#5397=REPRESENTATION('material name',(#5399),#9265);
#5398=REPRESENTATION('density',(#5394),#9265);
#5399=DESCRIPTIVE_REPRESENTATION_ITEM('PETG','PETG');
#5400=PROPERTY_DEFINITION('material property','material name',#9275);
#5401=PROPERTY_DEFINITION('material property','density of part',#9275);
#5402=AXIS2_PLACEMENT_3D('',#7353,#5870,#5871);
#5403=AXIS2_PLACEMENT_3D('',#7354,#5872,#5873);
#5404=AXIS2_PLACEMENT_3D('',#7409,#5880,#5881);
#5405=AXIS2_PLACEMENT_3D('',#7438,#5886,#5887);
#5406=AXIS2_PLACEMENT_3D('',#7444,#5891,#5892);
#5407=AXIS2_PLACEMENT_3D('',#7450,#5896,#5897);
#5408=AXIS2_PLACEMENT_3D('',#7453,#5900,#5901);
#5409=AXIS2_PLACEMENT_3D('',#7454,#5902,#5903);
#5410=AXIS2_PLACEMENT_3D('',#7509,#5910,#5911);
#5411=AXIS2_PLACEMENT_3D('',#7538,#5916,#5917);
#5412=AXIS2_PLACEMENT_3D('',#7544,#5921,#5922);
#5413=AXIS2_PLACEMENT_3D('',#7550,#5926,#5927);
#5414=AXIS2_PLACEMENT_3D('',#7553,#5930,#5931);
#5415=AXIS2_PLACEMENT_3D('',#7554,#5932,#5933);
#5416=AXIS2_PLACEMENT_3D('',#7557,#5934,#5935);
#5417=AXIS2_PLACEMENT_3D('',#7561,#5937,#5938);
#5418=AXIS2_PLACEMENT_3D('',#7563,#5940,#5941);
#5419=AXIS2_PLACEMENT_3D('',#7569,#5945,#5946);
#5420=AXIS2_PLACEMENT_3D('',#7572,#5947,#5948);
#5421=AXIS2_PLACEMENT_3D('',#7576,#5950,#5951);
#5422=AXIS2_PLACEMENT_3D('',#7578,#5953,#5954);
#5423=AXIS2_PLACEMENT_3D('',#7581,#5957,#5958);
#5424=AXIS2_PLACEMENT_3D('',#7583,#5959,#5960);
#5425=AXIS2_PLACEMENT_3D('',#7586,#5962,#5963);
#5426=AXIS2_PLACEMENT_3D('',#7587,#5964,#5965);
#5427=AXIS2_PLACEMENT_3D('',#7593,#5969,#5970);
#5428=AXIS2_PLACEMENT_3D('',#7595,#5971,#5972);
#5429=AXIS2_PLACEMENT_3D('',#7598,#5974,#5975);
#5430=AXIS2_PLACEMENT_3D('',#7599,#5976,#5977);
#5431=AXIS2_PLACEMENT_3D('',#7602,#5980,#5981);
#5432=AXIS2_PLACEMENT_3D('',#7604,#5982,#5983);
#5433=AXIS2_PLACEMENT_3D('',#7607,#5985,#5986);
#5434=AXIS2_PLACEMENT_3D('',#7608,#5987,#5988);
#5435=AXIS2_PLACEMENT_3D('',#7610,#5989,#5990);
#5436=AXIS2_PLACEMENT_3D('',#7613,#5992,#5993);
#5437=AXIS2_PLACEMENT_3D('',#7614,#5994,#5995);
#5438=AXIS2_PLACEMENT_3D('',#7616,#5996,#5997);
#5439=AXIS2_PLACEMENT_3D('',#7619,#5999,#6000);
#5440=AXIS2_PLACEMENT_3D('',#7620,#6001,#6002);
#5441=AXIS2_PLACEMENT_3D('',#7622,#6003,#6004);
#5442=AXIS2_PLACEMENT_3D('',#7625,#6006,#6007);
#5443=AXIS2_PLACEMENT_3D('',#7626,#6008,#6009);
#5444=AXIS2_PLACEMENT_3D('',#7635,#6014,#6015);
#5445=AXIS2_PLACEMENT_3D('',#7644,#6020,#6021);
#5446=AXIS2_PLACEMENT_3D('',#7646,#6022,#6023);
#5447=AXIS2_PLACEMENT_3D('',#7649,#6025,#6026);
#5448=AXIS2_PLACEMENT_3D('',#7650,#6027,#6028);
#5449=AXIS2_PLACEMENT_3D('',#7656,#6032,#6033);
#5450=AXIS2_PLACEMENT_3D('',#7658,#6034,#6035);
#5451=AXIS2_PLACEMENT_3D('',#7661,#6037,#6038);
#5452=AXIS2_PLACEMENT_3D('',#7662,#6039,#6040);
#5453=AXIS2_PLACEMENT_3D('',#7668,#6044,#6045);
#5454=AXIS2_PLACEMENT_3D('',#7669,#6046,#6047);
#5455=AXIS2_PLACEMENT_3D('',#7670,#6048,#6049);
#5456=AXIS2_PLACEMENT_3D('',#7671,#6050,#6051);
#5457=AXIS2_PLACEMENT_3D('',#7672,#6052,#6053);
#5458=AXIS2_PLACEMENT_3D('',#7673,#6054,#6055);
#5459=AXIS2_PLACEMENT_3D('',#7674,#6056,#6057);
#5460=AXIS2_PLACEMENT_3D('',#7677,#6058,#6059);
#5461=AXIS2_PLACEMENT_3D('',#7679,#6060,#6061);
#5462=AXIS2_PLACEMENT_3D('',#7681,#6062,#6063);
#5463=AXIS2_PLACEMENT_3D('',#7683,#6064,#6065);
#5464=AXIS2_PLACEMENT_3D('',#7684,#6066,#6067);
#5465=AXIS2_PLACEMENT_3D('',#7715,#6068,#6069);
#5466=AXIS2_PLACEMENT_3D('',#7719,#6071,#6072);
#5467=AXIS2_PLACEMENT_3D('',#7727,#6076,#6077);
#5468=AXIS2_PLACEMENT_3D('',#7730,#6079,#6080);
#5469=AXIS2_PLACEMENT_3D('',#7775,#6089,#6090);
#5470=AXIS2_PLACEMENT_3D('',#7779,#6091,#6092);
#5471=AXIS2_PLACEMENT_3D('',#7782,#6093,#6094);
#5472=AXIS2_PLACEMENT_3D('',#7783,#6095,#6096);
#5473=AXIS2_PLACEMENT_3D('',#7784,#6097,#6098);
#5474=AXIS2_PLACEMENT_3D('',#7813,#6099,#6100);
#5475=AXIS2_PLACEMENT_3D('',#7814,#6101,#6102);
#5476=AXIS2_PLACEMENT_3D('',#7815,#6103,#6104);
#5477=AXIS2_PLACEMENT_3D('',#7816,#6105,#6106);
#5478=AXIS2_PLACEMENT_3D('',#7817,#6107,#6108);
#5479=AXIS2_PLACEMENT_3D('',#7844,#6111,#6112);
#5480=AXIS2_PLACEMENT_3D('',#7846,#6113,#6114);
#5481=AXIS2_PLACEMENT_3D('',#7858,#6120,#6121);
#5482=AXIS2_PLACEMENT_3D('',#7862,#6123,#6124);
#5483=AXIS2_PLACEMENT_3D('',#7866,#6126,#6127);
#5484=AXIS2_PLACEMENT_3D('',#7870,#6129,#6130);
#5485=AXIS2_PLACEMENT_3D('',#7874,#6132,#6133);
#5486=AXIS2_PLACEMENT_3D('',#7878,#6135,#6136);
#5487=AXIS2_PLACEMENT_3D('',#7882,#6138,#6139);
#5488=AXIS2_PLACEMENT_3D('',#7886,#6141,#6142);
#5489=AXIS2_PLACEMENT_3D('',#7889,#6144,#6145);
#5490=AXIS2_PLACEMENT_3D('',#7894,#6147,#6148);
#5491=AXIS2_PLACEMENT_3D('',#7897,#6150,#6151);
#5492=AXIS2_PLACEMENT_3D('',#7898,#6152,#6153);
#5493=AXIS2_PLACEMENT_3D('',#7922,#6155,#6156);
#5494=AXIS2_PLACEMENT_3D('',#7946,#6158,#6159);
#5495=AXIS2_PLACEMENT_3D('',#7970,#6161,#6162);
#5496=AXIS2_PLACEMENT_3D('',#7994,#6164,#6165);
#5497=AXIS2_PLACEMENT_3D('',#8018,#6167,#6168);
#5498=AXIS2_PLACEMENT_3D('',#8021,#6169,#6170);
#5499=AXIS2_PLACEMENT_3D('',#8025,#6172,#6173);
#5500=AXIS2_PLACEMENT_3D('',#8027,#6175,#6176);
#5501=AXIS2_PLACEMENT_3D('',#8041,#6184,#6185);
#5502=AXIS2_PLACEMENT_3D('',#8044,#6186,#6187);
#5503=AXIS2_PLACEMENT_3D('',#8048,#6189,#6190);
#5504=AXIS2_PLACEMENT_3D('',#8050,#6192,#6193);
#5505=AXIS2_PLACEMENT_3D('',#8064,#6201,#6202);
#5506=AXIS2_PLACEMENT_3D('',#8067,#6203,#6204);
#5507=AXIS2_PLACEMENT_3D('',#8071,#6206,#6207);
#5508=AXIS2_PLACEMENT_3D('',#8073,#6209,#6210);
#5509=AXIS2_PLACEMENT_3D('',#8079,#6214,#6215);
#5510=AXIS2_PLACEMENT_3D('',#8082,#6216,#6217);
#5511=AXIS2_PLACEMENT_3D('',#8086,#6219,#6220);
#5512=AXIS2_PLACEMENT_3D('',#8088,#6222,#6223);
#5513=AXIS2_PLACEMENT_3D('',#8094,#6227,#6228);
#5514=AXIS2_PLACEMENT_3D('',#8099,#6231,#6232);
#5515=AXIS2_PLACEMENT_3D('',#8105,#6235,#6236);
#5516=AXIS2_PLACEMENT_3D('',#8108,#6238,#6239);
#5517=AXIS2_PLACEMENT_3D('',#8116,#6243,#6244);
#5518=AXIS2_PLACEMENT_3D('',#8119,#6246,#6247);
#5519=AXIS2_PLACEMENT_3D('',#8120,#6248,#6249);
#5520=AXIS2_PLACEMENT_3D('',#8122,#6250,#6251);
#5521=AXIS2_PLACEMENT_3D('',#8124,#6253,#6254);
#5522=AXIS2_PLACEMENT_3D('',#8127,#6255,#6256);
#5523=AXIS2_PLACEMENT_3D('',#8130,#6259,#6260);
#5524=AXIS2_PLACEMENT_3D('',#8134,#6263,#6264);
#5525=AXIS2_PLACEMENT_3D('',#8138,#6266,#6267);
#5526=AXIS2_PLACEMENT_3D('',#8140,#6269,#6270);
#5527=AXIS2_PLACEMENT_3D('',#8144,#6273,#6274);
#5528=AXIS2_PLACEMENT_3D('',#8147,#6275,#6276);
#5529=AXIS2_PLACEMENT_3D('',#8151,#6278,#6279);
#5530=AXIS2_PLACEMENT_3D('',#8153,#6281,#6282);
#5531=AXIS2_PLACEMENT_3D('',#8159,#6286,#6287);
#5532=AXIS2_PLACEMENT_3D('',#8161,#6288,#6289);
#5533=AXIS2_PLACEMENT_3D('',#8164,#6291,#6292);
#5534=AXIS2_PLACEMENT_3D('',#8165,#6293,#6294);
#5535=AXIS2_PLACEMENT_3D('',#8171,#6298,#6299);
#5536=AXIS2_PLACEMENT_3D('',#8174,#6300,#6301);
#5537=AXIS2_PLACEMENT_3D('',#8178,#6303,#6304);
#5538=AXIS2_PLACEMENT_3D('',#8180,#6306,#6307);
#5539=AXIS2_PLACEMENT_3D('',#8186,#6311,#6312);
#5540=AXIS2_PLACEMENT_3D('',#8193,#6316,#6317);
#5541=AXIS2_PLACEMENT_3D('',#8196,#6319,#6320);
#5542=AXIS2_PLACEMENT_3D('',#8204,#6324,#6325);
#5543=AXIS2_PLACEMENT_3D('',#8207,#6327,#6328);
#5544=AXIS2_PLACEMENT_3D('',#8208,#6329,#6330);
#5545=AXIS2_PLACEMENT_3D('',#8212,#6332,#6333);
#5546=AXIS2_PLACEMENT_3D('',#8214,#6335,#6336);
#5547=AXIS2_PLACEMENT_3D('',#8218,#6339,#6340);
#5548=AXIS2_PLACEMENT_3D('',#8220,#6341,#6342);
#5549=AXIS2_PLACEMENT_3D('',#8222,#6344,#6345);
#5550=AXIS2_PLACEMENT_3D('',#8228,#6349,#6350);
#5551=AXIS2_PLACEMENT_3D('',#8232,#6352,#6353);
#5552=AXIS2_PLACEMENT_3D('',#8237,#6357,#6358);
#5553=AXIS2_PLACEMENT_3D('',#8240,#6360,#6361);
#5554=AXIS2_PLACEMENT_3D('',#8241,#6362,#6363);
#5555=AXIS2_PLACEMENT_3D('',#8245,#6366,#6367);
#5556=AXIS2_PLACEMENT_3D('',#8247,#6368,#6369);
#5557=AXIS2_PLACEMENT_3D('',#8249,#6371,#6372);
#5558=AXIS2_PLACEMENT_3D('',#8251,#6374,#6375);
#5559=AXIS2_PLACEMENT_3D('',#8253,#6377,#6378);
#5560=AXIS2_PLACEMENT_3D('',#8255,#6380,#6381);
#5561=AXIS2_PLACEMENT_3D('',#8258,#6382,#6383);
#5562=AXIS2_PLACEMENT_3D('',#8260,#6384,#6385);
#5563=AXIS2_PLACEMENT_3D('',#8261,#6386,#6387);
#5564=AXIS2_PLACEMENT_3D('',#8262,#6388,#6389);
#5565=AXIS2_PLACEMENT_3D('',#8265,#6390,#6391);
#5566=AXIS2_PLACEMENT_3D('',#8268,#6394,#6395);
#5567=AXIS2_PLACEMENT_3D('',#8271,#6396,#6397);
#5568=AXIS2_PLACEMENT_3D('',#8273,#6398,#6399);
#5569=AXIS2_PLACEMENT_3D('',#8274,#6400,#6401);
#5570=AXIS2_PLACEMENT_3D('',#8275,#6402,#6403);
#5571=AXIS2_PLACEMENT_3D('',#8278,#6404,#6405);
#5572=AXIS2_PLACEMENT_3D('',#8281,#6408,#6409);
#5573=AXIS2_PLACEMENT_3D('',#8284,#6410,#6411);
#5574=AXIS2_PLACEMENT_3D('',#8287,#6414,#6415);
#5575=AXIS2_PLACEMENT_3D('',#8290,#6418,#6419);
#5576=AXIS2_PLACEMENT_3D('',#8293,#6420,#6421);
#5577=AXIS2_PLACEMENT_3D('',#8296,#6424,#6425);
#5578=AXIS2_PLACEMENT_3D('',#8328,#6443,#6444);
#5579=AXIS2_PLACEMENT_3D('',#8330,#6445,#6446);
#5580=AXIS2_PLACEMENT_3D('',#8333,#6448,#6449);
#5581=AXIS2_PLACEMENT_3D('',#8345,#6456,#6457);
#5582=AXIS2_PLACEMENT_3D('',#8348,#6459,#6460);
#5583=AXIS2_PLACEMENT_3D('',#8354,#6464,#6465);
#5584=AXIS2_PLACEMENT_3D('',#8367,#6474,#6475);
#5585=AXIS2_PLACEMENT_3D('',#8369,#6476,#6477);
#5586=AXIS2_PLACEMENT_3D('',#8372,#6479,#6480);
#5587=AXIS2_PLACEMENT_3D('',#8383,#6481,#6482);
#5588=AXIS2_PLACEMENT_3D('',#8384,#6483,#6484);
#5589=AXIS2_PLACEMENT_3D('',#8385,#6485,#6486);
#5590=AXIS2_PLACEMENT_3D('',#8388,#6488,#6489);
#5591=AXIS2_PLACEMENT_3D('',#8399,#6490,#6491);
#5592=AXIS2_PLACEMENT_3D('',#8400,#6492,#6493);
#5593=AXIS2_PLACEMENT_3D('',#8401,#6494,#6495);
#5594=AXIS2_PLACEMENT_3D('',#8403,#6496,#6497);
#5595=AXIS2_PLACEMENT_3D('',#8405,#6499,#6500);
#5596=AXIS2_PLACEMENT_3D('',#8412,#6504,#6505);
#5597=AXIS2_PLACEMENT_3D('',#8413,#6506,#6507);
#5598=AXIS2_PLACEMENT_3D('',#8416,#6509,#6510);
#5599=AXIS2_PLACEMENT_3D('',#8417,#6511,#6512);
#5600=AXIS2_PLACEMENT_3D('',#8421,#6515,#6516);
#5601=AXIS2_PLACEMENT_3D('',#8424,#6518,#6519);
#5602=AXIS2_PLACEMENT_3D('',#8425,#6520,#6521);
#5603=AXIS2_PLACEMENT_3D('',#8430,#6524,#6525);
#5604=AXIS2_PLACEMENT_3D('',#8433,#6527,#6528);
#5605=AXIS2_PLACEMENT_3D('',#8435,#6529,#6530);
#5606=AXIS2_PLACEMENT_3D('',#8438,#6532,#6533);
#5607=AXIS2_PLACEMENT_3D('',#8439,#6534,#6535);
#5608=AXIS2_PLACEMENT_3D('',#8442,#6537,#6538);
#5609=AXIS2_PLACEMENT_3D('',#8443,#6539,#6540);
#5610=AXIS2_PLACEMENT_3D('',#8452,#6545,#6546);
#5611=AXIS2_PLACEMENT_3D('',#8454,#6547,#6548);
#5612=AXIS2_PLACEMENT_3D('',#8456,#6549,#6550);
#5613=AXIS2_PLACEMENT_3D('',#8458,#6552,#6553);
#5614=AXIS2_PLACEMENT_3D('',#8468,#6561,#6562);
#5615=AXIS2_PLACEMENT_3D('',#8477,#6567,#6568);
#5616=AXIS2_PLACEMENT_3D('',#8478,#6569,#6570);
#5617=AXIS2_PLACEMENT_3D('',#8479,#6571,#6572);
#5618=AXIS2_PLACEMENT_3D('',#8480,#6573,#6574);
#5619=AXIS2_PLACEMENT_3D('',#8482,#6575,#6576);
#5620=AXIS2_PLACEMENT_3D('',#8490,#6580,#6581);
#5621=AXIS2_PLACEMENT_3D('',#8498,#6585,#6586);
#5622=AXIS2_PLACEMENT_3D('',#8505,#6590,#6591);
#5623=AXIS2_PLACEMENT_3D('',#8507,#6593,#6594);
#5624=AXIS2_PLACEMENT_3D('',#8513,#6598,#6599);
#5625=AXIS2_PLACEMENT_3D('',#8514,#6600,#6601);
#5626=AXIS2_PLACEMENT_3D('',#8515,#6602,#6603);
#5627=AXIS2_PLACEMENT_3D('',#8516,#6604,#6605);
#5628=AXIS2_PLACEMENT_3D('',#8522,#6609,#6610);
#5629=AXIS2_PLACEMENT_3D('',#8523,#6611,#6612);
#5630=AXIS2_PLACEMENT_3D('',#8524,#6613,#6614);
#5631=AXIS2_PLACEMENT_3D('',#8525,#6615,#6616);
#5632=AXIS2_PLACEMENT_3D('',#8531,#6620,#6621);
#5633=AXIS2_PLACEMENT_3D('',#8535,#6623,#6624);
#5634=AXIS2_PLACEMENT_3D('',#8536,#6625,#6626);
#5635=AXIS2_PLACEMENT_3D('',#8537,#6627,#6628);
#5636=AXIS2_PLACEMENT_3D('',#8546,#6635,#6636);
#5637=AXIS2_PLACEMENT_3D('',#8552,#6640,#6641);
#5638=AXIS2_PLACEMENT_3D('',#8553,#6642,#6643);
#5639=AXIS2_PLACEMENT_3D('',#8554,#6644,#6645);
#5640=AXIS2_PLACEMENT_3D('',#8555,#6646,#6647);
#5641=AXIS2_PLACEMENT_3D('',#8561,#6651,#6652);
#5642=AXIS2_PLACEMENT_3D('',#8562,#6653,#6654);
#5643=AXIS2_PLACEMENT_3D('',#8563,#6655,#6656);
#5644=AXIS2_PLACEMENT_3D('',#8564,#6657,#6658);
#5645=AXIS2_PLACEMENT_3D('',#8570,#6662,#6663);
#5646=AXIS2_PLACEMENT_3D('',#8571,#6664,#6665);
#5647=AXIS2_PLACEMENT_3D('',#8572,#6666,#6667);
#5648=AXIS2_PLACEMENT_3D('',#8573,#6668,#6669);
#5649=AXIS2_PLACEMENT_3D('',#8576,#6672,#6673);
#5650=AXIS2_PLACEMENT_3D('',#8577,#6674,#6675);
#5651=AXIS2_PLACEMENT_3D('',#8578,#6676,#6677);
#5652=AXIS2_PLACEMENT_3D('',#8580,#6679,#6680);
#5653=AXIS2_PLACEMENT_3D('',#8582,#6682,#6683);
#5654=AXIS2_PLACEMENT_3D('',#8583,#6684,#6685);
#5655=AXIS2_PLACEMENT_3D('',#8584,#6686,#6687);
#5656=AXIS2_PLACEMENT_3D('',#8586,#6689,#6690);
#5657=AXIS2_PLACEMENT_3D('',#8588,#6692,#6693);
#5658=AXIS2_PLACEMENT_3D('',#8589,#6694,#6695);
#5659=AXIS2_PLACEMENT_3D('',#8590,#6696,#6697);
#5660=AXIS2_PLACEMENT_3D('',#8592,#6699,#6700);
#5661=AXIS2_PLACEMENT_3D('',#8594,#6702,#6703);
#5662=AXIS2_PLACEMENT_3D('',#8595,#6704,#6705);
#5663=AXIS2_PLACEMENT_3D('',#8596,#6706,#6707);
#5664=AXIS2_PLACEMENT_3D('',#8597,#6708,#6709);
#5665=AXIS2_PLACEMENT_3D('',#8599,#6710,#6711);
#5666=AXIS2_PLACEMENT_3D('',#8602,#6713,#6714);
#5667=AXIS2_PLACEMENT_3D('',#8603,#6715,#6716);
#5668=AXIS2_PLACEMENT_3D('',#8607,#6718,#6719);
#5669=AXIS2_PLACEMENT_3D('',#8608,#6720,#6721);
#5670=AXIS2_PLACEMENT_3D('',#8609,#6722,#6723);
#5671=AXIS2_PLACEMENT_3D('',#8611,#6725,#6726);
#5672=AXIS2_PLACEMENT_3D('',#8616,#6728,#6729);
#5673=AXIS2_PLACEMENT_3D('',#8620,#6731,#6732);
#5674=AXIS2_PLACEMENT_3D('',#8635,#6733,#6734);
#5675=AXIS2_PLACEMENT_3D('',#8640,#6736,#6737);
#5676=AXIS2_PLACEMENT_3D('',#8658,#6739,#6740);
#5677=AXIS2_PLACEMENT_3D('',#8659,#6741,#6742);
#5678=AXIS2_PLACEMENT_3D('',#8660,#6743,#6744);
#5679=AXIS2_PLACEMENT_3D('',#8661,#6745,#6746);
#5680=AXIS2_PLACEMENT_3D('',#8662,#6747,#6748);
#5681=AXIS2_PLACEMENT_3D('',#8663,#6749,#6750);
#5682=AXIS2_PLACEMENT_3D('',#8664,#6751,#6752);
#5683=AXIS2_PLACEMENT_3D('',#8669,#6757,#6758);
#5684=AXIS2_PLACEMENT_3D('',#8671,#6760,#6761);
#5685=AXIS2_PLACEMENT_3D('',#8673,#6763,#6764);
#5686=AXIS2_PLACEMENT_3D('',#8676,#6767,#6768);
#5687=AXIS2_PLACEMENT_3D('',#8677,#6769,#6770);
#5688=AXIS2_PLACEMENT_3D('',#8678,#6771,#6772);
#5689=AXIS2_PLACEMENT_3D('',#8681,#6775,#6776);
#5690=AXIS2_PLACEMENT_3D('',#8683,#6778,#6779);
#5691=AXIS2_PLACEMENT_3D('',#8685,#6781,#6782);
#5692=AXIS2_PLACEMENT_3D('',#8686,#6783,#6784);
#5693=AXIS2_PLACEMENT_3D('',#8688,#6786,#6787);
#5694=AXIS2_PLACEMENT_3D('',#8690,#6789,#6790);
#5695=AXIS2_PLACEMENT_3D('',#8692,#6792,#6793);
#5696=AXIS2_PLACEMENT_3D('',#8693,#6794,#6795);
#5697=AXIS2_PLACEMENT_3D('',#8695,#6797,#6798);
#5698=AXIS2_PLACEMENT_3D('',#8696,#6799,#6800);
#5699=AXIS2_PLACEMENT_3D('',#8697,#6801,#6802);
#5700=AXIS2_PLACEMENT_3D('',#8699,#6804,#6805);
#5701=AXIS2_PLACEMENT_3D('',#8701,#6807,#6808);
#5702=AXIS2_PLACEMENT_3D('',#8703,#6810,#6811);
#5703=AXIS2_PLACEMENT_3D('',#8704,#6812,#6813);
#5704=AXIS2_PLACEMENT_3D('',#8705,#6814,#6815);
#5705=AXIS2_PLACEMENT_3D('',#8707,#6816,#6817);
#5706=AXIS2_PLACEMENT_3D('',#8708,#6818,#6819);
#5707=AXIS2_PLACEMENT_3D('',#8709,#6820,#6821);
#5708=AXIS2_PLACEMENT_3D('',#8711,#6822,#6823);
#5709=AXIS2_PLACEMENT_3D('',#8712,#6824,#6825);
#5710=AXIS2_PLACEMENT_3D('',#8713,#6826,#6827);
#5711=AXIS2_PLACEMENT_3D('',#8715,#6828,#6829);
#5712=AXIS2_PLACEMENT_3D('',#8717,#6830,#6831);
#5713=AXIS2_PLACEMENT_3D('',#8718,#6832,#6833);
#5714=AXIS2_PLACEMENT_3D('',#8720,#6834,#6835);
#5715=AXIS2_PLACEMENT_3D('',#8722,#6837,#6838);
#5716=AXIS2_PLACEMENT_3D('',#8723,#6839,#6840);
#5717=AXIS2_PLACEMENT_3D('',#8725,#6841,#6842);
#5718=AXIS2_PLACEMENT_3D('',#8728,#6844,#6845);
#5719=AXIS2_PLACEMENT_3D('',#8729,#6846,#6847);
#5720=AXIS2_PLACEMENT_3D('',#8730,#6848,#6849);
#5721=AXIS2_PLACEMENT_3D('',#8733,#6851,#6852);
#5722=AXIS2_PLACEMENT_3D('',#8734,#6853,#6854);
#5723=AXIS2_PLACEMENT_3D('',#8736,#6855,#6856);
#5724=AXIS2_PLACEMENT_3D('',#8739,#6858,#6859);
#5725=AXIS2_PLACEMENT_3D('',#8740,#6860,#6861);
#5726=AXIS2_PLACEMENT_3D('',#8749,#6866,#6867);
#5727=AXIS2_PLACEMENT_3D('',#8758,#6872,#6873);
#5728=AXIS2_PLACEMENT_3D('',#8767,#6878,#6879);
#5729=AXIS2_PLACEMENT_3D('',#8776,#6884,#6885);
#5730=AXIS2_PLACEMENT_3D('',#8785,#6890,#6891);
#5731=AXIS2_PLACEMENT_3D('',#8794,#6896,#6897);
#5732=AXIS2_PLACEMENT_3D('',#8803,#6902,#6903);
#5733=AXIS2_PLACEMENT_3D('',#8812,#6908,#6909);
#5734=AXIS2_PLACEMENT_3D('',#8821,#6914,#6915);
#5735=AXIS2_PLACEMENT_3D('',#8830,#6920,#6921);
#5736=AXIS2_PLACEMENT_3D('',#8836,#6925,#6926);
#5737=AXIS2_PLACEMENT_3D('',#8842,#6930,#6931);
#5738=AXIS2_PLACEMENT_3D('',#8846,#6935,#6936);
#5739=AXIS2_PLACEMENT_3D('',#8848,#6938,#6939);
#5740=AXIS2_PLACEMENT_3D('',#8852,#6943,#6944);
#5741=AXIS2_PLACEMENT_3D('',#8854,#6946,#6947);
#5742=AXIS2_PLACEMENT_3D('',#8856,#6949,#6950);
#5743=AXIS2_PLACEMENT_3D('',#8857,#6951,#6952);
#5744=AXIS2_PLACEMENT_3D('',#8858,#6953,#6954);
#5745=AXIS2_PLACEMENT_3D('',#8861,#6957,#6958);
#5746=AXIS2_PLACEMENT_3D('',#8867,#6962,#6963);
#5747=AXIS2_PLACEMENT_3D('',#8873,#6967,#6968);
#5748=AXIS2_PLACEMENT_3D('',#8876,#6971,#6972);
#5749=AXIS2_PLACEMENT_3D('',#8878,#6974,#6975);
#5750=AXIS2_PLACEMENT_3D('',#8881,#6978,#6979);
#5751=AXIS2_PLACEMENT_3D('',#8883,#6981,#6982);
#5752=AXIS2_PLACEMENT_3D('',#8885,#6984,#6985);
#5753=AXIS2_PLACEMENT_3D('',#8886,#6986,#6987);
#5754=AXIS2_PLACEMENT_3D('',#8891,#6991,#6992);
#5755=AXIS2_PLACEMENT_3D('',#8894,#6995,#6996);
#5756=AXIS2_PLACEMENT_3D('',#8896,#6998,#6999);
#5757=AXIS2_PLACEMENT_3D('',#8899,#7000,#7001);
#5758=AXIS2_PLACEMENT_3D('',#8903,#7003,#7004);
#5759=AXIS2_PLACEMENT_3D('',#8905,#7006,#7007);
#5760=AXIS2_PLACEMENT_3D('',#8909,#7009,#7010);
#5761=AXIS2_PLACEMENT_3D('',#8915,#7014,#7015);
#5762=AXIS2_PLACEMENT_3D('',#8919,#7018,#7019);
#5763=AXIS2_PLACEMENT_3D('',#8921,#7020,#7021);
#5764=AXIS2_PLACEMENT_3D('',#8923,#7023,#7024);
#5765=AXIS2_PLACEMENT_3D('',#8929,#7028,#7029);
#5766=AXIS2_PLACEMENT_3D('',#8935,#7033,#7034);
#5767=AXIS2_PLACEMENT_3D('',#8939,#7037,#7038);
#5768=AXIS2_PLACEMENT_3D('',#8943,#7041,#7042);
#5769=AXIS2_PLACEMENT_3D('',#8946,#7045,#7046);
#5770=AXIS2_PLACEMENT_3D('',#8948,#7048,#7049);
#5771=AXIS2_PLACEMENT_3D('',#8949,#7050,#7051);
#5772=AXIS2_PLACEMENT_3D('',#8950,#7052,#7053);
#5773=AXIS2_PLACEMENT_3D('',#8951,#7054,#7055);
#5774=AXIS2_PLACEMENT_3D('',#8954,#7056,#7057);
#5775=AXIS2_PLACEMENT_3D('',#8958,#7059,#7060);
#5776=AXIS2_PLACEMENT_3D('',#8960,#7062,#7063);
#5777=AXIS2_PLACEMENT_3D('',#8968,#7067,#7068);
#5778=AXIS2_PLACEMENT_3D('',#8972,#7071,#7072);
#5779=AXIS2_PLACEMENT_3D('',#8976,#7075,#7076);
#5780=AXIS2_PLACEMENT_3D('',#8979,#7077,#7078);
#5781=AXIS2_PLACEMENT_3D('',#8983,#7080,#7081);
#5782=AXIS2_PLACEMENT_3D('',#8995,#7083,#7084);
#5783=AXIS2_PLACEMENT_3D('',#8997,#7085,#7086);
#5784=AXIS2_PLACEMENT_3D('',#8998,#7087,#7088);
#5785=AXIS2_PLACEMENT_3D('',#8999,#7089,#7090);
#5786=AXIS2_PLACEMENT_3D('',#9002,#7091,#7092);
#5787=AXIS2_PLACEMENT_3D('',#9005,#7095,#7096);
#5788=AXIS2_PLACEMENT_3D('',#9011,#7099,#7100);
#5789=AXIS2_PLACEMENT_3D('',#9017,#7104,#7105);
#5790=AXIS2_PLACEMENT_3D('',#9021,#7108,#7109);
#5791=AXIS2_PLACEMENT_3D('',#9024,#7111,#7112);
#5792=AXIS2_PLACEMENT_3D('',#9025,#7113,#7114);
#5793=AXIS2_PLACEMENT_3D('',#9029,#7117,#7118);
#5794=AXIS2_PLACEMENT_3D('',#9032,#7119,#7120);
#5795=AXIS2_PLACEMENT_3D('',#9036,#7122,#7123);
#5796=AXIS2_PLACEMENT_3D('',#9048,#7125,#7126);
#5797=AXIS2_PLACEMENT_3D('',#9050,#7127,#7128);
#5798=AXIS2_PLACEMENT_3D('',#9051,#7129,#7130);
#5799=AXIS2_PLACEMENT_3D('',#9052,#7131,#7132);
#5800=AXIS2_PLACEMENT_3D('',#9055,#7133,#7134);
#5801=AXIS2_PLACEMENT_3D('',#9058,#7137,#7138);
#5802=AXIS2_PLACEMENT_3D('',#9064,#7141,#7142);
#5803=AXIS2_PLACEMENT_3D('',#9070,#7146,#7147);
#5804=AXIS2_PLACEMENT_3D('',#9074,#7150,#7151);
#5805=AXIS2_PLACEMENT_3D('',#9077,#7153,#7154);
#5806=AXIS2_PLACEMENT_3D('',#9078,#7155,#7156);
#5807=AXIS2_PLACEMENT_3D('',#9082,#7159,#7160);
#5808=AXIS2_PLACEMENT_3D('',#9088,#7163,#7164);
#5809=AXIS2_PLACEMENT_3D('',#9092,#7167,#7168);
#5810=AXIS2_PLACEMENT_3D('',#9094,#7170,#7171);
#5811=AXIS2_PLACEMENT_3D('',#9100,#7175,#7176);
#5812=AXIS2_PLACEMENT_3D('',#9103,#7178,#7179);
#5813=AXIS2_PLACEMENT_3D('',#9104,#7180,#7181);
#5814=AXIS2_PLACEMENT_3D('',#9106,#7183,#7184);
#5815=AXIS2_PLACEMENT_3D('',#9110,#7187,#7188);
#5816=AXIS2_PLACEMENT_3D('',#9112,#7189,#7190);
#5817=AXIS2_PLACEMENT_3D('',#9114,#7192,#7193);
#5818=AXIS2_PLACEMENT_3D('',#9118,#7196,#7197);
#5819=AXIS2_PLACEMENT_3D('',#9122,#7199,#7200);
#5820=AXIS2_PLACEMENT_3D('',#9126,#7203,#7204);
#5821=AXIS2_PLACEMENT_3D('',#9135,#7209,#7210);
#5822=AXIS2_PLACEMENT_3D('',#9141,#7214,#7215);
#5823=AXIS2_PLACEMENT_3D('',#9147,#7219,#7220);
#5824=AXIS2_PLACEMENT_3D('',#9149,#7221,#7222);
#5825=AXIS2_PLACEMENT_3D('',#9151,#7223,#7224);
#5826=AXIS2_PLACEMENT_3D('',#9153,#7226,#7227);
#5827=AXIS2_PLACEMENT_3D('',#9159,#7231,#7232);
#5828=AXIS2_PLACEMENT_3D('',#9160,#7233,#7234);
#5829=AXIS2_PLACEMENT_3D('',#9161,#7235,#7236);
#5830=AXIS2_PLACEMENT_3D('',#9162,#7237,#7238);
#5831=AXIS2_PLACEMENT_3D('',#9169,#7241,#7242);
#5832=AXIS2_PLACEMENT_3D('',#9173,#7244,#7245);
#5833=AXIS2_PLACEMENT_3D('',#9175,#7247,#7248);
#5834=AXIS2_PLACEMENT_3D('',#9178,#7249,#7250);
#5835=AXIS2_PLACEMENT_3D('',#9182,#7252,#7253);
#5836=AXIS2_PLACEMENT_3D('',#9184,#7255,#7256);
#5837=AXIS2_PLACEMENT_3D('',#9186,#7257,#7258);
#5838=AXIS2_PLACEMENT_3D('',#9187,#7259,#7260);
#5839=AXIS2_PLACEMENT_3D('',#9188,#7261,#7262);
#5840=AXIS2_PLACEMENT_3D('',#9191,#7265,#7266);
#5841=AXIS2_PLACEMENT_3D('',#9194,#7267,#7268);
#5842=AXIS2_PLACEMENT_3D('',#9197,#7271,#7272);
#5843=AXIS2_PLACEMENT_3D('',#9199,#7273,#7274);
#5844=AXIS2_PLACEMENT_3D('',#9200,#7275,#7276);
#5845=AXIS2_PLACEMENT_3D('',#9201,#7277,#7278);
#5846=AXIS2_PLACEMENT_3D('',#9203,#7280,#7281);
#5847=AXIS2_PLACEMENT_3D('',#9207,#7283,#7284);
#5848=AXIS2_PLACEMENT_3D('',#9209,#7286,#7287);
#5849=AXIS2_PLACEMENT_3D('',#9211,#7289,#7290);
#5850=AXIS2_PLACEMENT_3D('',#9214,#7291,#7292);
#5851=AXIS2_PLACEMENT_3D('',#9218,#7294,#7295);
#5852=AXIS2_PLACEMENT_3D('',#9230,#7304,#7305);
#5853=AXIS2_PLACEMENT_3D('',#9232,#7306,#7307);
#5854=AXIS2_PLACEMENT_3D('',#9234,#7309,#7310);
#5855=AXIS2_PLACEMENT_3D('',#9235,#7311,#7312);
#5856=AXIS2_PLACEMENT_3D('',#9237,#7314,#7315);
#5857=AXIS2_PLACEMENT_3D('',#9239,#7317,#7318);
#5858=AXIS2_PLACEMENT_3D('',#9241,#7320,#7321);
#5859=AXIS2_PLACEMENT_3D('',#9242,#7322,#7323);
#5860=AXIS2_PLACEMENT_3D('',#9246,#7326,#7327);
#5861=AXIS2_PLACEMENT_3D('',#9248,#7329,#7330);
#5862=AXIS2_PLACEMENT_3D('',#9249,#7331,#7332);
#5863=AXIS2_PLACEMENT_3D('',#9250,#7333,#7334);
#5864=AXIS2_PLACEMENT_3D('',#9253,#7337,#7338);
#5865=AXIS2_PLACEMENT_3D('',#9255,#7340,#7341);
#5866=AXIS2_PLACEMENT_3D('',#9257,#7343,#7344);
#5867=AXIS2_PLACEMENT_3D('',#9259,#7346,#7347);
#5868=AXIS2_PLACEMENT_3D('',#9261,#7349,#7350);
#5869=AXIS2_PLACEMENT_3D('',#9262,#7351,#7352);
#5870=DIRECTION('axis',(0.,0.,1.));
#5871=DIRECTION('refdir',(1.,0.,0.));
#5872=DIRECTION('center_axis',(0.,0.,1.));
#5873=DIRECTION('ref_axis',(1.,0.,0.));
#5874=DIRECTION('',(1.,0.,0.));
#5875=DIRECTION('',(0.,1.,0.));
#5876=DIRECTION('',(1.,0.,0.));
#5877=DIRECTION('',(0.,1.,0.));
#5878=DIRECTION('',(0.,1.,0.));
#5879=DIRECTION('',(0.,1.,0.));
#5880=DIRECTION('center_axis',(-1.,0.,-3.343730521224E-16));
#5881=DIRECTION('ref_axis',(-3.343730521224E-16,0.,1.));
#5882=DIRECTION('',(-3.343730521224E-16,0.,1.));
#5883=DIRECTION('',(0.,1.,0.));
#5884=DIRECTION('',(-3.343730521224E-16,0.,1.));
#5885=DIRECTION('',(0.,1.,0.));
#5886=DIRECTION('center_axis',(-1.,0.,-3.2205903037285E-16));
#5887=DIRECTION('ref_axis',(-3.2205903037285E-16,0.,1.));
#5888=DIRECTION('',(-3.2205903037285E-16,0.,1.));
#5889=DIRECTION('',(0.,1.,0.));
#5890=DIRECTION('',(-3.2205903037285E-16,0.,1.));
#5891=DIRECTION('center_axis',(0.,0.,-1.));
#5892=DIRECTION('ref_axis',(-1.,0.,0.));
#5893=DIRECTION('',(-1.,0.,0.));
#5894=DIRECTION('',(0.,1.,0.));
#5895=DIRECTION('',(-1.,0.,0.));
#5896=DIRECTION('center_axis',(1.,0.,3.08931624243522E-16));
#5897=DIRECTION('ref_axis',(3.08931624243522E-16,0.,-1.));
#5898=DIRECTION('',(3.08931624243522E-16,0.,-1.));
#5899=DIRECTION('',(3.08931624243522E-16,0.,-1.));
#5900=DIRECTION('center_axis',(0.,-1.,0.));
#5901=DIRECTION('ref_axis',(1.,0.,0.));
#5902=DIRECTION('center_axis',(0.,0.,1.));
#5903=DIRECTION('ref_axis',(1.,0.,0.));
#5904=DIRECTION('',(1.,0.,0.));
#5905=DIRECTION('',(0.,1.,0.));
#5906=DIRECTION('',(1.,0.,0.));
#5907=DIRECTION('',(0.,1.,0.));
#5908=DIRECTION('',(0.,1.,0.));
#5909=DIRECTION('',(0.,1.,0.));
#5910=DIRECTION('center_axis',(-1.,0.,-4.458307361632E-16));
#5911=DIRECTION('ref_axis',(-4.458307361632E-16,0.,1.));
#5912=DIRECTION('',(-4.458307361632E-16,0.,1.));
#5913=DIRECTION('',(0.,1.,0.));
#5914=DIRECTION('',(-4.458307361632E-16,0.,1.));
#5915=DIRECTION('',(0.,1.,0.));
#5916=DIRECTION('center_axis',(-1.,0.,-3.2205903037285E-16));
#5917=DIRECTION('ref_axis',(-3.2205903037285E-16,0.,1.));
#5918=DIRECTION('',(-3.2205903037285E-16,0.,1.));
#5919=DIRECTION('',(0.,1.,0.));
#5920=DIRECTION('',(-3.2205903037285E-16,0.,1.));
#5921=DIRECTION('center_axis',(0.,0.,-1.));
#5922=DIRECTION('ref_axis',(-1.,0.,0.));
#5923=DIRECTION('',(-1.,0.,0.));
#5924=DIRECTION('',(0.,1.,0.));
#5925=DIRECTION('',(-1.,0.,0.));
#5926=DIRECTION('center_axis',(1.,0.,3.28239850758742E-16));
#5927=DIRECTION('ref_axis',(3.28239850758742E-16,0.,-1.));
#5928=DIRECTION('',(3.28239850758742E-16,0.,-1.));
#5929=DIRECTION('',(3.28239850758742E-16,0.,-1.));
#5930=DIRECTION('center_axis',(0.,-1.,0.));
#5931=DIRECTION('ref_axis',(1.,0.,0.));
#5932=DIRECTION('center_axis',(0.,-1.,0.));
#5933=DIRECTION('ref_axis',(-0.707106781186551,0.,0.707106781186544));
#5934=DIRECTION('center_axis',(0.,1.,0.));
#5935=DIRECTION('ref_axis',(-0.707106781186551,0.,0.707106781186544));
#5936=DIRECTION('',(0.,-1.,0.));
#5937=DIRECTION('center_axis',(0.,-1.,0.));
#5938=DIRECTION('ref_axis',(-0.707106781186551,0.,0.707106781186544));
#5939=DIRECTION('',(0.,1.,0.));
#5940=DIRECTION('center_axis',(0.,0.,1.));
#5941=DIRECTION('ref_axis',(-1.,0.,0.));
#5942=DIRECTION('',(-1.,0.,0.));
#5943=DIRECTION('',(0.,1.,0.));
#5944=DIRECTION('',(1.,0.,0.));
#5945=DIRECTION('center_axis',(0.,-1.,0.));
#5946=DIRECTION('ref_axis',(-0.707106781186551,0.,-0.707106781186544));
#5947=DIRECTION('center_axis',(0.,1.,0.));
#5948=DIRECTION('ref_axis',(-0.707106781186551,0.,-0.707106781186544));
#5949=DIRECTION('',(0.,-1.,0.));
#5950=DIRECTION('center_axis',(0.,-1.,0.));
#5951=DIRECTION('ref_axis',(-0.707106781186551,0.,-0.707106781186544));
#5952=DIRECTION('',(0.,1.,0.));
#5953=DIRECTION('center_axis',(-1.,0.,0.));
#5954=DIRECTION('ref_axis',(0.,0.,-1.));
#5955=DIRECTION('',(0.,0.,1.));
#5956=DIRECTION('',(0.,0.,-1.));
#5957=DIRECTION('center_axis',(0.,-1.,0.));
#5958=DIRECTION('ref_axis',(0.707106781186549,0.,0.707106781186546));
#5959=DIRECTION('center_axis',(0.,1.,0.));
#5960=DIRECTION('ref_axis',(0.707106781186549,0.,0.707106781186546));
#5961=DIRECTION('',(0.,-1.,0.));
#5962=DIRECTION('center_axis',(0.,-1.,0.));
#5963=DIRECTION('ref_axis',(0.707106781186549,0.,0.707106781186546));
#5964=DIRECTION('center_axis',(1.,0.,0.));
#5965=DIRECTION('ref_axis',(0.,0.,1.));
#5966=DIRECTION('',(0.,0.,1.));
#5967=DIRECTION('',(0.,1.,0.));
#5968=DIRECTION('',(0.,0.,-1.));
#5969=DIRECTION('center_axis',(0.,-1.,0.));
#5970=DIRECTION('ref_axis',(0.707106781186549,0.,-0.707106781186546));
#5971=DIRECTION('center_axis',(0.,1.,0.));
#5972=DIRECTION('ref_axis',(0.707106781186549,0.,-0.707106781186546));
#5973=DIRECTION('',(0.,-1.,0.));
#5974=DIRECTION('center_axis',(0.,-1.,0.));
#5975=DIRECTION('ref_axis',(0.707106781186549,0.,-0.707106781186546));
#5976=DIRECTION('center_axis',(0.,0.,-1.));
#5977=DIRECTION('ref_axis',(1.,0.,0.));
#5978=DIRECTION('',(-1.,0.,0.));
#5979=DIRECTION('',(1.,0.,0.));
#5980=DIRECTION('center_axis',(0.,-1.,0.));
#5981=DIRECTION('ref_axis',(-1.,0.,0.));
#5982=DIRECTION('center_axis',(0.,-1.,0.));
#5983=DIRECTION('ref_axis',(-1.,0.,0.));
#5984=DIRECTION('',(0.,-1.,0.));
#5985=DIRECTION('center_axis',(0.,1.,0.));
#5986=DIRECTION('ref_axis',(-1.,0.,0.));
#5987=DIRECTION('center_axis',(0.,-1.,0.));
#5988=DIRECTION('ref_axis',(-1.,0.,0.));
#5989=DIRECTION('center_axis',(0.,-1.,0.));
#5990=DIRECTION('ref_axis',(-1.,0.,0.));
#5991=DIRECTION('',(0.,-1.,0.));
#5992=DIRECTION('center_axis',(0.,1.,0.));
#5993=DIRECTION('ref_axis',(-1.,0.,0.));
#5994=DIRECTION('center_axis',(0.,-1.,0.));
#5995=DIRECTION('ref_axis',(-1.,0.,0.));
#5996=DIRECTION('center_axis',(0.,-1.,0.));
#5997=DIRECTION('ref_axis',(-1.,0.,0.));
#5998=DIRECTION('',(0.,-1.,0.));
#5999=DIRECTION('center_axis',(0.,1.,0.));
#6000=DIRECTION('ref_axis',(-1.,0.,0.));
#6001=DIRECTION('center_axis',(0.,-1.,0.));
#6002=DIRECTION('ref_axis',(-1.,0.,0.));
#6003=DIRECTION('center_axis',(0.,-1.,0.));
#6004=DIRECTION('ref_axis',(-1.,0.,0.));
#6005=DIRECTION('',(0.,-1.,0.));
#6006=DIRECTION('center_axis',(0.,1.,0.));
#6007=DIRECTION('ref_axis',(-1.,0.,0.));
#6008=DIRECTION('center_axis',(0.,0.,1.));
#6009=DIRECTION('ref_axis',(0.,1.,0.));
#6010=DIRECTION('',(-1.,0.,0.));
#6011=DIRECTION('',(-9.34924652315921E-17,1.,0.));
#6012=DIRECTION('',(1.,0.,0.));
#6013=DIRECTION('',(0.,-1.,0.));
#6014=DIRECTION('center_axis',(0.,0.,1.));
#6015=DIRECTION('ref_axis',(0.,1.,0.));
#6016=DIRECTION('',(-1.,0.,0.));
#6017=DIRECTION('',(0.,1.,0.));
#6018=DIRECTION('',(1.,0.,0.));
#6019=DIRECTION('',(0.,-1.,0.));
#6020=DIRECTION('center_axis',(-1.,0.,0.));
#6021=DIRECTION('ref_axis',(0.,-0.707106781186547,-0.707106781186547));
#6022=DIRECTION('center_axis',(1.,0.,0.));
#6023=DIRECTION('ref_axis',(0.,-0.707106781186547,0.707106781186547));
#6024=DIRECTION('',(-1.,0.,0.));
#6025=DIRECTION('center_axis',(-1.,0.,0.));
#6026=DIRECTION('ref_axis',(0.,-0.707106781186547,-0.707106781186547));
#6027=DIRECTION('center_axis',(0.,0.,-1.));
#6028=DIRECTION('ref_axis',(0.,-1.,0.));
#6029=DIRECTION('',(0.,-1.,0.));
#6030=DIRECTION('',(1.,0.,0.));
#6031=DIRECTION('',(0.,1.,0.));
#6032=DIRECTION('center_axis',(-1.,0.,0.));
#6033=DIRECTION('ref_axis',(0.,-0.707106781186547,-0.707106781186547));
#6034=DIRECTION('center_axis',(1.,9.34924652315921E-17,0.));
#6035=DIRECTION('ref_axis',(0.,-0.707106781186547,0.707106781186547));
#6036=DIRECTION('',(-1.,0.,0.));
#6037=DIRECTION('center_axis',(-1.,0.,0.));
#6038=DIRECTION('ref_axis',(0.,-0.707106781186547,-0.707106781186547));
#6039=DIRECTION('center_axis',(0.,0.,-1.));
#6040=DIRECTION('ref_axis',(0.,-1.,0.));
#6041=DIRECTION('',(9.34924652315921E-17,-1.,0.));
#6042=DIRECTION('',(1.,0.,0.));
#6043=DIRECTION('',(0.,1.,0.));
#6044=DIRECTION('center_axis',(-1.,0.,0.));
#6045=DIRECTION('ref_axis',(0.,0.707106781186547,-0.707106781186547));
#6046=DIRECTION('center_axis',(1.,9.34924652315921E-17,0.));
#6047=DIRECTION('ref_axis',(0.,0.707106781186547,-0.707106781186547));
#6048=DIRECTION('center_axis',(-1.,0.,0.));
#6049=DIRECTION('ref_axis',(0.,0.707106781186547,0.707106781186547));
#6050=DIRECTION('center_axis',(-1.,0.,0.));
#6051=DIRECTION('ref_axis',(0.,0.707106781186547,-0.707106781186547));
#6052=DIRECTION('center_axis',(1.,0.,0.));
#6053=DIRECTION('ref_axis',(0.,0.707106781186547,-0.707106781186547));
#6054=DIRECTION('center_axis',(-1.,0.,0.));
#6055=DIRECTION('ref_axis',(0.,0.707106781186547,0.707106781186547));
#6056=DIRECTION('center_axis',(0.,0.,1.));
#6057=DIRECTION('ref_axis',(2.83276944882399E-16,1.,0.));
#6058=DIRECTION('center_axis',(-0.918642982006156,-0.395088688285097,-5.09949295016774E-16));
#6059=DIRECTION('ref_axis',(-5.55111512312578E-16,0.,1.));
#6060=DIRECTION('center_axis',(0.,0.,1.));
#6061=DIRECTION('ref_axis',(-1.83697019872103E-16,1.,0.));
#6062=DIRECTION('center_axis',(0.,0.,1.));
#6063=DIRECTION('ref_axis',(-1.83697019872103E-16,1.,0.));
#6064=DIRECTION('center_axis',(0.918642982006155,-0.395088688285098,5.09949295016774E-16));
#6065=DIRECTION('ref_axis',(0.237053212971059,0.551185789203695,0.799999999999999));
#6066=DIRECTION('center_axis',(0.,0.,-1.));
#6067=DIRECTION('ref_axis',(-1.83697019872103E-16,1.,0.));
#6068=DIRECTION('center_axis',(0.,0.,1.));
#6069=DIRECTION('ref_axis',(1.,0.,0.));
#6070=DIRECTION('',(1.,0.,0.));
#6071=DIRECTION('center_axis',(0.,0.,1.));
#6072=DIRECTION('ref_axis',(-0.707106781186547,-0.707106781186547,0.));
#6073=DIRECTION('',(0.,-1.,0.));
#6074=DIRECTION('',(1.,0.,0.));
#6075=DIRECTION('',(0.,1.,0.));
#6076=DIRECTION('center_axis',(0.,0.,1.));
#6077=DIRECTION('ref_axis',(0.707106781186547,-0.707106781186547,0.));
#6078=DIRECTION('',(1.,0.,0.));
#6079=DIRECTION('center_axis',(0.,0.,-1.));
#6080=DIRECTION('ref_axis',(1.,0.,0.));
#6081=DIRECTION('',(0.,1.,0.));
#6082=DIRECTION('',(-1.,0.,0.));
#6083=DIRECTION('',(0.,-1.,0.));
#6084=DIRECTION('',(1.,0.,0.));
#6085=DIRECTION('',(0.,1.,0.));
#6086=DIRECTION('',(-1.,0.,0.));
#6087=DIRECTION('',(0.,-1.,0.));
#6088=DIRECTION('',(1.,0.,0.));
#6089=DIRECTION('center_axis',(0.,0.,1.));
#6090=DIRECTION('ref_axis',(-0.999985276917081,-0.00542641217271203,0.));
#6091=DIRECTION('center_axis',(0.,0.,1.));
#6092=DIRECTION('ref_axis',(1.,0.,0.));
#6093=DIRECTION('center_axis',(0.,0.,1.));
#6094=DIRECTION('ref_axis',(1.,0.,0.));
#6095=DIRECTION('center_axis',(0.,0.,1.));
#6096=DIRECTION('ref_axis',(1.,0.,0.));
#6097=DIRECTION('center_axis',(0.,-1.,0.));
#6098=DIRECTION('ref_axis',(-1.,0.,0.));
#6099=DIRECTION('center_axis',(0.,0.,1.));
#6100=DIRECTION('ref_axis',(-1.,0.,0.));
#6101=DIRECTION('center_axis',(0.,-1.,0.));
#6102=DIRECTION('ref_axis',(1.,0.,0.));
#6103=DIRECTION('center_axis',(0.,0.,-1.));
#6104=DIRECTION('ref_axis',(-1.,0.,0.));
#6105=DIRECTION('center_axis',(0.,0.,-1.));
#6106=DIRECTION('ref_axis',(-1.,0.,0.));
#6107=DIRECTION('center_axis',(9.34924652315921E-17,-1.,-9.62759304617558E-33));
#6108=DIRECTION('ref_axis',(-0.707106781186547,-6.61091561551062E-17,0.707106781186547));
#6109=DIRECTION('',(9.34924652315921E-17,-1.,-9.62759304617558E-33));
#6110=DIRECTION('',(-9.34924652315921E-17,1.,9.62759304617558E-33));
#6111=DIRECTION('center_axis',(1.02977208081174E-16,0.,1.));
#6112=DIRECTION('ref_axis',(1.,0.,-1.02977208081174E-16));
#6113=DIRECTION('center_axis',(0.,0.,1.));
#6114=DIRECTION('ref_axis',(1.,0.,0.));
#6115=DIRECTION('',(-1.,0.,0.));
#6116=DIRECTION('',(0.,-1.,0.));
#6117=DIRECTION('',(-1.,0.,1.02977208081174E-16));
#6118=DIRECTION('',(0.,1.,0.));
#6119=DIRECTION('',(-1.,0.,0.));
#6120=DIRECTION('center_axis',(0.,0.,1.));
#6121=DIRECTION('ref_axis',(1.,0.,0.));
#6122=DIRECTION('',(0.,1.,0.));
#6123=DIRECTION('center_axis',(0.,0.,-1.));
#6124=DIRECTION('ref_axis',(1.,0.,0.));
#6125=DIRECTION('',(1.07009448156642E-16,-1.,0.));
#6126=DIRECTION('center_axis',(0.,0.,-1.));
#6127=DIRECTION('ref_axis',(1.,0.,0.));
#6128=DIRECTION('',(0.,1.,0.));
#6129=DIRECTION('center_axis',(0.,0.,1.));
#6130=DIRECTION('ref_axis',(1.,0.,0.));
#6131=DIRECTION('',(1.,0.,-1.02977208081174E-16));
#6132=DIRECTION('center_axis',(0.,0.,-1.));
#6133=DIRECTION('ref_axis',(1.,0.,0.));
#6134=DIRECTION('',(-1.,0.,0.));
#6135=DIRECTION('center_axis',(0.,0.,-1.));
#6136=DIRECTION('ref_axis',(1.,0.,0.));
#6137=DIRECTION('',(1.,0.,-1.02977208081174E-16));
#6138=DIRECTION('center_axis',(0.,0.,1.));
#6139=DIRECTION('ref_axis',(1.,0.,0.));
#6140=DIRECTION('',(9.34924652315921E-17,-1.,-9.62759304617558E-33));
#6141=DIRECTION('center_axis',(0.,0.,-1.));
#6142=DIRECTION('ref_axis',(1.,0.,0.));
#6143=DIRECTION('',(0.,1.,0.));
#6144=DIRECTION('center_axis',(0.,0.,-1.));
#6145=DIRECTION('ref_axis',(1.,0.,0.));
#6146=DIRECTION('',(1.,0.,-1.02977208081174E-16));
#6147=DIRECTION('center_axis',(0.,0.,-1.));
#6148=DIRECTION('ref_axis',(1.,0.,0.));
#6149=DIRECTION('',(1.,-1.08314441426845E-16,0.));
#6150=DIRECTION('center_axis',(0.,0.,-1.));
#6151=DIRECTION('ref_axis',(1.,0.,0.));
#6152=DIRECTION('center_axis',(0.,1.,0.));
#6153=DIRECTION('ref_axis',(0.707106781186547,0.,0.707106781186547));
#6154=DIRECTION('',(0.,-1.,0.));
#6155=DIRECTION('center_axis',(9.34924652315921E-17,-1.,-9.62759304617558E-33));
#6156=DIRECTION('ref_axis',(-0.707106781186547,-6.61091561551062E-17,0.707106781186547));
#6157=DIRECTION('',(-9.34924652315921E-17,1.,9.62759304617558E-33));
#6158=DIRECTION('center_axis',(1.,0.,-1.02977208081174E-16));
#6159=DIRECTION('ref_axis',(1.57009245868377E-16,-0.707106781186547,0.707106781186547));
#6160=DIRECTION('',(-1.,0.,1.02977208081174E-16));
#6161=DIRECTION('center_axis',(1.,0.,-1.02977208081174E-16));
#6162=DIRECTION('ref_axis',(1.57009245868377E-16,-0.707106781186547,0.707106781186547));
#6163=DIRECTION('',(-1.,0.,1.02977208081174E-16));
#6164=DIRECTION('center_axis',(0.,1.,0.));
#6165=DIRECTION('ref_axis',(0.707106781186547,0.,0.707106781186547));
#6166=DIRECTION('',(0.,-1.,0.));
#6167=DIRECTION('center_axis',(-3.46944695195361E-16,1.,0.));
#6168=DIRECTION('ref_axis',(0.707106781186547,0.,-0.707106781186547));
#6169=DIRECTION('center_axis',(0.,-1.,0.));
#6170=DIRECTION('ref_axis',(0.707106781186547,0.,-0.707106781186547));
#6171=DIRECTION('',(-3.46944695195361E-16,1.,0.));
#6172=DIRECTION('center_axis',(0.,1.,0.));
#6173=DIRECTION('ref_axis',(0.707106781186547,0.,-0.707106781186547));
#6174=DIRECTION('',(3.46944695195361E-16,-1.,0.));
#6175=DIRECTION('center_axis',(-1.,-3.46944695195361E-16,0.));
#6176=DIRECTION('ref_axis',(3.46944695195361E-16,-1.,0.));
#6177=DIRECTION('',(0.,0.,1.));
#6178=DIRECTION('',(-3.46944695195361E-16,1.,0.));
#6179=DIRECTION('',(0.,0.,-1.));
#6180=DIRECTION('',(3.46944695195361E-16,-1.,0.));
#6181=DIRECTION('',(0.,0.,1.));
#6182=DIRECTION('',(-3.46944695195361E-16,1.,0.));
#6183=DIRECTION('',(0.,0.,1.));
#6184=DIRECTION('center_axis',(0.,-1.,0.));
#6185=DIRECTION('ref_axis',(-0.707106781186547,0.,-0.707106781186547));
#6186=DIRECTION('center_axis',(0.,1.,0.));
#6187=DIRECTION('ref_axis',(-0.707106781186547,0.,-0.707106781186547));
#6188=DIRECTION('',(0.,-1.,0.));
#6189=DIRECTION('center_axis',(0.,-1.,0.));
#6190=DIRECTION('ref_axis',(-0.707106781186547,0.,-0.707106781186547));
#6191=DIRECTION('',(0.,1.,0.));
#6192=DIRECTION('center_axis',(1.,0.,0.));
#6193=DIRECTION('ref_axis',(0.,1.,0.));
#6194=DIRECTION('',(0.,0.,1.));
#6195=DIRECTION('',(0.,-1.,0.));
#6196=DIRECTION('',(0.,0.,-1.));
#6197=DIRECTION('',(0.,1.,0.));
#6198=DIRECTION('',(0.,0.,1.));
#6199=DIRECTION('',(0.,-1.,0.));
#6200=DIRECTION('',(0.,0.,1.));
#6201=DIRECTION('center_axis',(3.33275204390291E-16,-1.,0.));
#6202=DIRECTION('ref_axis',(-0.707106781186547,-3.14018491736755E-16,0.707106781186547));
#6203=DIRECTION('center_axis',(-2.59052048247122E-16,1.,0.));
#6204=DIRECTION('ref_axis',(-0.707106781186547,-3.14018491736755E-16,0.707106781186547));
#6205=DIRECTION('',(3.33275204390291E-16,-1.,0.));
#6206=DIRECTION('center_axis',(3.70074354638746E-17,-1.,0.));
#6207=DIRECTION('ref_axis',(-0.707106781186547,-3.14018491736755E-16,0.707106781186547));
#6208=DIRECTION('',(-3.33275204390291E-16,1.,0.));
#6209=DIRECTION('center_axis',(0.,0.,1.));
#6210=DIRECTION('ref_axis',(1.,0.,0.));
#6211=DIRECTION('',(-1.,-2.59052048247122E-16,0.));
#6212=DIRECTION('',(0.,1.,0.));
#6213=DIRECTION('',(1.,3.70074354638746E-17,0.));
#6214=DIRECTION('center_axis',(0.,1.,0.));
#6215=DIRECTION('ref_axis',(0.707106781186547,0.,0.707106781186547));
#6216=DIRECTION('center_axis',(2.59052048247122E-16,-1.,0.));
#6217=DIRECTION('ref_axis',(0.707106781186547,0.,0.707106781186547));
#6218=DIRECTION('',(0.,-1.,0.));
#6219=DIRECTION('center_axis',(-3.70074354638746E-17,1.,0.));
#6220=DIRECTION('ref_axis',(0.707106781186547,0.,0.707106781186547));
#6221=DIRECTION('',(0.,1.,0.));
#6222=DIRECTION('center_axis',(0.,0.,1.));
#6223=DIRECTION('ref_axis',(1.,0.,0.));
#6224=DIRECTION('',(-1.,-2.51371274711013E-16,0.));
#6225=DIRECTION('',(-3.33275204390291E-16,1.,0.));
#6226=DIRECTION('',(1.,4.18952124518355E-17,0.));
#6227=DIRECTION('center_axis',(-2.59052048247122E-16,1.,0.));
#6228=DIRECTION('ref_axis',(1.,2.59052048247122E-16,0.));
#6229=DIRECTION('',(0.,0.,1.));
#6230=DIRECTION('',(0.,0.,-1.));
#6231=DIRECTION('center_axis',(-2.59052048247122E-16,1.,0.));
#6232=DIRECTION('ref_axis',(-0.707106781186547,-3.14018491736755E-16,-0.707106781186547));
#6233=DIRECTION('',(1.,2.59052048247122E-16,0.));
#6234=DIRECTION('',(0.,0.,1.));
#6235=DIRECTION('center_axis',(-2.59052048247122E-16,1.,0.));
#6236=DIRECTION('ref_axis',(0.707106781186547,0.,0.707106781186547));
#6237=DIRECTION('',(1.,2.59052048247122E-16,0.));
#6238=DIRECTION('center_axis',(-2.59052048247122E-16,1.,0.));
#6239=DIRECTION('ref_axis',(-0.707106781186547,0.,0.707106781186547));
#6240=DIRECTION('',(-1.,-2.59052048247122E-16,0.));
#6241=DIRECTION('',(0.,0.,1.));
#6242=DIRECTION('',(1.,2.59052048247122E-16,0.));
#6243=DIRECTION('center_axis',(-2.59052048247122E-16,1.,0.));
#6244=DIRECTION('ref_axis',(0.658724631355539,1.47560667353086E-16,-0.752384117353303));
#6245=DIRECTION('',(-0.132163720091018,-3.42372823935374E-17,-0.991227900682635));
#6246=DIRECTION('center_axis',(2.59052048247122E-16,-1.,0.));
#6247=DIRECTION('ref_axis',(-0.707106781186547,-3.14018491736755E-16,0.707106781186547));
#6248=DIRECTION('center_axis',(3.33275204390291E-16,-1.,0.));
#6249=DIRECTION('ref_axis',(-0.707106781186547,-3.14018491736755E-16,0.707106781186547));
#6250=DIRECTION('center_axis',(-3.70074354638746E-17,1.,0.));
#6251=DIRECTION('ref_axis',(-0.707106781186547,-3.14018491736755E-16,0.707106781186547));
#6252=DIRECTION('',(-3.33275204390291E-16,1.,0.));
#6253=DIRECTION('center_axis',(-3.33275204390291E-16,1.,0.));
#6254=DIRECTION('ref_axis',(-0.707106781186547,-3.14018491736755E-16,-0.707106781186547));
#6255=DIRECTION('center_axis',(3.70074354638746E-17,-1.,0.));
#6256=DIRECTION('ref_axis',(-0.707106781186547,-3.14018491736755E-16,-0.707106781186547));
#6257=DIRECTION('',(-3.33275204390291E-16,1.,0.));
#6258=DIRECTION('',(3.33275204390291E-16,-1.,0.));
#6259=DIRECTION('center_axis',(0.,0.,1.));
#6260=DIRECTION('ref_axis',(1.,0.,0.));
#6261=DIRECTION('',(-1.,-3.70074354638746E-17,0.));
#6262=DIRECTION('',(0.,-1.,0.));
#6263=DIRECTION('center_axis',(3.33275204390291E-16,-1.,0.));
#6264=DIRECTION('ref_axis',(0.658724631355539,1.47560667353086E-16,-0.752384117353303));
#6265=DIRECTION('',(3.33275204390291E-16,-1.,0.));
#6266=DIRECTION('center_axis',(3.70074354638746E-17,-1.,0.));
#6267=DIRECTION('ref_axis',(0.658724631355539,1.47560667353086E-16,-0.752384117353303));
#6268=DIRECTION('',(-3.33275204390291E-16,1.,0.));
#6269=DIRECTION('center_axis',(0.,0.,1.));
#6270=DIRECTION('ref_axis',(1.,0.,0.));
#6271=DIRECTION('',(0.,1.,0.));
#6272=DIRECTION('',(-1.,-3.70074354638746E-17,0.));
#6273=DIRECTION('center_axis',(0.,1.,0.));
#6274=DIRECTION('ref_axis',(0.707106781186547,0.,-0.707106781186547));
#6275=DIRECTION('center_axis',(1.48029741855498E-16,-1.,0.));
#6276=DIRECTION('ref_axis',(0.707106781186547,0.,-0.707106781186547));
#6277=DIRECTION('',(0.,1.,0.));
#6278=DIRECTION('center_axis',(7.40148709277491E-17,1.,0.));
#6279=DIRECTION('ref_axis',(0.707106781186547,0.,-0.707106781186547));
#6280=DIRECTION('',(0.,-1.,0.));
#6281=DIRECTION('center_axis',(1.,0.,0.));
#6282=DIRECTION('ref_axis',(0.,1.,0.));
#6283=DIRECTION('',(0.,0.,-1.));
#6284=DIRECTION('',(0.,-1.,0.));
#6285=DIRECTION('',(0.,0.,1.));
#6286=DIRECTION('center_axis',(0.,1.,0.));
#6287=DIRECTION('ref_axis',(0.707106781186547,0.,0.707106781186547));
#6288=DIRECTION('center_axis',(1.48029741855498E-16,-1.,0.));
#6289=DIRECTION('ref_axis',(0.707106781186547,0.,0.707106781186547));
#6290=DIRECTION('',(0.,1.,0.));
#6291=DIRECTION('center_axis',(7.40148709277491E-17,1.,0.));
#6292=DIRECTION('ref_axis',(0.707106781186547,0.,0.707106781186547));
#6293=DIRECTION('center_axis',(0.,0.,1.));
#6294=DIRECTION('ref_axis',(1.,0.,0.));
#6295=DIRECTION('',(1.,1.48029741855498E-16,0.));
#6296=DIRECTION('',(0.,-1.,0.));
#6297=DIRECTION('',(-1.,7.40148709277491E-17,0.));
#6298=DIRECTION('center_axis',(0.,-1.,0.));
#6299=DIRECTION('ref_axis',(-0.707106781186547,0.,0.707106781186547));
#6300=DIRECTION('center_axis',(-1.48029741855498E-16,1.,0.));
#6301=DIRECTION('ref_axis',(-0.707106781186547,0.,0.707106781186547));
#6302=DIRECTION('',(0.,1.,0.));
#6303=DIRECTION('center_axis',(-7.40148709277491E-17,-1.,0.));
#6304=DIRECTION('ref_axis',(-0.707106781186547,0.,0.707106781186547));
#6305=DIRECTION('',(0.,-1.,0.));
#6306=DIRECTION('center_axis',(0.,0.,1.));
#6307=DIRECTION('ref_axis',(1.,0.,0.));
#6308=DIRECTION('',(1.,1.67580849807342E-16,0.));
#6309=DIRECTION('',(0.,-1.,0.));
#6310=DIRECTION('',(-1.,8.3790424903671E-17,0.));
#6311=DIRECTION('center_axis',(1.48029741855498E-16,-1.,0.));
#6312=DIRECTION('ref_axis',(-1.,-1.48029741855498E-16,0.));
#6313=DIRECTION('',(0.,0.,1.));
#6314=DIRECTION('',(-1.,-1.48029741855498E-16,0.));
#6315=DIRECTION('',(0.,0.,1.));
#6316=DIRECTION('center_axis',(1.48029741855498E-16,-1.,0.));
#6317=DIRECTION('ref_axis',(-0.707106781186547,0.,0.707106781186547));
#6318=DIRECTION('',(-1.,-1.48029741855498E-16,0.));
#6319=DIRECTION('center_axis',(1.48029741855498E-16,-1.,0.));
#6320=DIRECTION('ref_axis',(0.707106781186547,0.,0.707106781186547));
#6321=DIRECTION('',(1.,1.48029741855498E-16,0.));
#6322=DIRECTION('',(0.,0.,1.));
#6323=DIRECTION('',(-1.,-1.48029741855498E-16,0.));
#6324=DIRECTION('center_axis',(1.48029741855498E-16,-1.,0.));
#6325=DIRECTION('ref_axis',(-0.658724631355539,0.,-0.752384117353303));
#6326=DIRECTION('',(0.132163720091018,1.95641613677357E-17,-0.991227900682635));
#6327=DIRECTION('center_axis',(-1.48029741855498E-16,1.,0.));
#6328=DIRECTION('ref_axis',(0.707106781186547,0.,0.707106781186547));
#6329=DIRECTION('center_axis',(0.,1.,0.));
#6330=DIRECTION('ref_axis',(-0.658724631355539,0.,-0.752384117353303));
#6331=DIRECTION('',(0.,1.,0.));
#6332=DIRECTION('center_axis',(7.40148709277491E-17,1.,0.));
#6333=DIRECTION('ref_axis',(-0.658724631355539,0.,-0.752384117353303));
#6334=DIRECTION('',(0.,-1.,0.));
#6335=DIRECTION('center_axis',(0.,0.,1.));
#6336=DIRECTION('ref_axis',(1.,0.,0.));
#6337=DIRECTION('',(0.,-1.,0.));
#6338=DIRECTION('',(1.,-7.40148709277491E-17,0.));
#6339=DIRECTION('center_axis',(0.,1.,0.));
#6340=DIRECTION('ref_axis',(0.707106781186547,0.,0.707106781186547));
#6341=DIRECTION('center_axis',(-7.40148709277491E-17,-1.,0.));
#6342=DIRECTION('ref_axis',(0.707106781186547,0.,0.707106781186547));
#6343=DIRECTION('',(0.,-1.,0.));
#6344=DIRECTION('center_axis',(7.40148709277491E-17,1.,0.));
#6345=DIRECTION('ref_axis',(1.,-7.40148709277491E-17,0.));
#6346=DIRECTION('',(-0.132163720091018,9.78208068386787E-18,0.991227900682635));
#6347=DIRECTION('',(0.,0.,1.));
#6348=DIRECTION('',(1.,-7.40148709277491E-17,0.));
#6349=DIRECTION('center_axis',(7.40148709277491E-17,1.,0.));
#6350=DIRECTION('ref_axis',(0.707106781186547,0.,0.707106781186547));
#6351=DIRECTION('',(1.,-7.40148709277491E-17,0.));
#6352=DIRECTION('center_axis',(7.40148709277491E-17,1.,0.));
#6353=DIRECTION('ref_axis',(-0.707106781186547,0.,0.707106781186547));
#6354=DIRECTION('',(0.,0.,-1.));
#6355=DIRECTION('',(1.,-7.40148709277491E-17,0.));
#6356=DIRECTION('',(0.,0.,1.));
#6357=DIRECTION('center_axis',(0.,-1.,0.));
#6358=DIRECTION('ref_axis',(-0.707106781186547,0.,0.707106781186547));
#6359=DIRECTION('',(0.,-1.,0.));
#6360=DIRECTION('center_axis',(3.70074354638746E-17,-1.,0.));
#6361=DIRECTION('ref_axis',(-0.707106781186547,0.,0.707106781186547));
#6362=DIRECTION('center_axis',(0.,0.,1.));
#6363=DIRECTION('ref_axis',(1.,0.,0.));
#6364=DIRECTION('',(0.,1.,0.));
#6365=DIRECTION('',(-1.,-3.70074354638746E-17,0.));
#6366=DIRECTION('center_axis',(0.,1.,0.));
#6367=DIRECTION('ref_axis',(0.707106781186547,0.,0.707106781186547));
#6368=DIRECTION('center_axis',(3.70074354638746E-17,-1.,0.));
#6369=DIRECTION('ref_axis',(0.707106781186547,0.,0.707106781186547));
#6370=DIRECTION('',(0.,-1.,0.));
#6371=DIRECTION('center_axis',(-3.46944695195361E-16,1.,0.));
#6372=DIRECTION('ref_axis',(0.707106781186547,0.,0.707106781186547));
#6373=DIRECTION('',(-3.46944695195361E-16,1.,0.));
#6374=DIRECTION('center_axis',(0.,0.,1.));
#6375=DIRECTION('ref_axis',(1.,0.,0.));
#6376=DIRECTION('',(9.34924652315921E-17,-1.,0.));
#6377=DIRECTION('center_axis',(9.34924652315921E-17,-1.,0.));
#6378=DIRECTION('ref_axis',(-0.707106781186547,0.,0.707106781186547));
#6379=DIRECTION('',(-9.34924652315921E-17,1.,0.));
#6380=DIRECTION('center_axis',(-0.816496580927727,-0.408248290463862,-0.408248290463862));
#6381=DIRECTION('ref_axis',(0.577350269189625,-0.577350269189628,-0.577350269189625));
#6382=DIRECTION('center_axis',(0.,0.,1.));
#6383=DIRECTION('ref_axis',(1.,0.,0.));
#6384=DIRECTION('center_axis',(3.5527136788005E-15,1.,0.));
#6385=DIRECTION('ref_axis',(0.,0.,-1.));
#6386=DIRECTION('center_axis',(-1.,0.,0.));
#6387=DIRECTION('ref_axis',(0.,-1.,0.));
#6388=DIRECTION('center_axis',(0.,1.,0.));
#6389=DIRECTION('ref_axis',(0.707106781186547,0.,-0.707106781186547));
#6390=DIRECTION('center_axis',(0.,-1.,0.));
#6391=DIRECTION('ref_axis',(0.707106781186547,0.,-0.707106781186547));
#6392=DIRECTION('',(0.,-1.,0.));
#6393=DIRECTION('',(0.,1.,0.));
#6394=DIRECTION('center_axis',(0.408248290463863,-0.816496580927725,0.408248290463865));
#6395=DIRECTION('ref_axis',(-0.577350269189626,-0.577350269189626,-0.577350269189627));
#6396=DIRECTION('center_axis',(1.,0.,0.));
#6397=DIRECTION('ref_axis',(0.,0.,-1.));
#6398=DIRECTION('center_axis',(0.,1.,0.));
#6399=DIRECTION('ref_axis',(-1.,0.,0.));
#6400=DIRECTION('center_axis',(0.,0.,1.));
#6401=DIRECTION('ref_axis',(0.,-1.,0.));
#6402=DIRECTION('center_axis',(9.34924652315921E-17,-1.,0.));
#6403=DIRECTION('ref_axis',(-0.707106781186547,0.,-0.707106781186547));
#6404=DIRECTION('center_axis',(0.,-1.,0.));
#6405=DIRECTION('ref_axis',(-0.707106781186547,0.,-0.707106781186547));
#6406=DIRECTION('',(9.34924652315921E-17,-1.,0.));
#6407=DIRECTION('',(-9.34924652315921E-17,1.,0.));
#6408=DIRECTION('center_axis',(0.,0.,1.));
#6409=DIRECTION('ref_axis',(-0.707106781186547,-0.707106781186547,0.));
#6410=DIRECTION('center_axis',(0.,0.,1.));
#6411=DIRECTION('ref_axis',(-0.707106781186547,-0.707106781186547,0.));
#6412=DIRECTION('',(0.,0.,-1.));
#6413=DIRECTION('',(0.,0.,1.));
#6414=DIRECTION('center_axis',(1.,0.,0.));
#6415=DIRECTION('ref_axis',(0.,-0.707106781186547,-0.707106781186547));
#6416=DIRECTION('',(-1.,0.,0.));
#6417=DIRECTION('',(1.,0.,0.));
#6418=DIRECTION('center_axis',(0.,0.,1.));
#6419=DIRECTION('ref_axis',(0.707106781186547,-0.707106781186547,0.));
#6420=DIRECTION('center_axis',(0.,0.,1.));
#6421=DIRECTION('ref_axis',(0.707106781186547,-0.707106781186547,0.));
#6422=DIRECTION('',(0.,0.,-1.));
#6423=DIRECTION('',(0.,0.,1.));
#6424=DIRECTION('center_axis',(0.,0.,1.));
#6425=DIRECTION('ref_axis',(1.,0.,0.));
#6426=DIRECTION('',(-1.,0.,0.));
#6427=DIRECTION('',(0.,-1.,0.));
#6428=DIRECTION('',(1.,0.,0.));
#6429=DIRECTION('',(0.,1.,0.));
#6430=DIRECTION('',(-1.,0.,0.));
#6431=DIRECTION('',(1.,0.,0.));
#6432=DIRECTION('',(-1.,0.,0.));
#6433=DIRECTION('',(0.,1.,0.));
#6434=DIRECTION('',(1.,0.,0.));
#6435=DIRECTION('',(0.,-1.,0.));
#6436=DIRECTION('',(-1.,0.,0.));
#6437=DIRECTION('',(0.,1.,0.));
#6438=DIRECTION('',(1.,0.,0.));
#6439=DIRECTION('',(1.,0.,0.));
#6440=DIRECTION('',(1.,0.,0.));
#6441=DIRECTION('',(0.,-1.,0.));
#6442=DIRECTION('',(-1.,0.,0.));
#6443=DIRECTION('center_axis',(0.,-1.,0.));
#6444=DIRECTION('ref_axis',(1.,0.,0.));
#6445=DIRECTION('center_axis',(0.,-1.,0.));
#6446=DIRECTION('ref_axis',(-0.707106781186547,0.,-0.707106781186547));
#6447=DIRECTION('',(0.,0.,1.));
#6448=DIRECTION('center_axis',(0.,-1.,0.));
#6449=DIRECTION('ref_axis',(-0.707106781186547,0.,0.707106781186547));
#6450=DIRECTION('',(0.,0.,1.));
#6451=DIRECTION('',(1.,0.,0.));
#6452=DIRECTION('',(0.,0.,-1.));
#6453=DIRECTION('',(0.,0.,1.));
#6454=DIRECTION('',(1.,0.,0.));
#6455=DIRECTION('',(0.,0.,-1.));
#6456=DIRECTION('center_axis',(0.,-1.,0.));
#6457=DIRECTION('ref_axis',(0.707106781186547,0.,0.707106781186547));
#6458=DIRECTION('',(0.,0.,-1.));
#6459=DIRECTION('center_axis',(0.,-1.,0.));
#6460=DIRECTION('ref_axis',(0.707106781186547,0.,-0.707106781186547));
#6461=DIRECTION('',(0.,0.,1.));
#6462=DIRECTION('',(-1.,0.,0.));
#6463=DIRECTION('',(0.,0.,1.));
#6464=DIRECTION('center_axis',(-1.,0.,0.));
#6465=DIRECTION('ref_axis',(0.,-1.,0.));
#6466=DIRECTION('',(0.,1.,0.));
#6467=DIRECTION('',(0.,0.,1.));
#6468=DIRECTION('',(0.,-1.,0.));
#6469=DIRECTION('',(0.,0.,-1.));
#6470=DIRECTION('',(0.,0.,1.));
#6471=DIRECTION('',(0.,-1.,0.));
#6472=DIRECTION('',(0.,0.,-1.));
#6473=DIRECTION('',(0.,0.,-1.));
#6474=DIRECTION('center_axis',(0.,-1.,0.));
#6475=DIRECTION('ref_axis',(0.707106781186547,0.,-0.707106781186547));
#6476=DIRECTION('center_axis',(0.,-1.,0.));
#6477=DIRECTION('ref_axis',(0.707106781186547,0.,-0.707106781186547));
#6478=DIRECTION('',(0.,-1.,0.));
#6479=DIRECTION('center_axis',(0.,1.,0.));
#6480=DIRECTION('ref_axis',(1.,0.,0.));
#6481=DIRECTION('center_axis',(1.,0.,0.));
#6482=DIRECTION('ref_axis',(0.,-1.,0.));
#6483=DIRECTION('center_axis',(0.,0.,-1.));
#6484=DIRECTION('ref_axis',(0.707106781186547,-0.707106781186547,0.));
#6485=DIRECTION('center_axis',(-1.,0.,0.));
#6486=DIRECTION('ref_axis',(0.,-0.707106781186547,-0.707106781186547));
#6487=DIRECTION('',(-1.,0.,0.));
#6488=DIRECTION('center_axis',(1.,0.,0.));
#6489=DIRECTION('ref_axis',(0.,-1.,0.));
#6490=DIRECTION('center_axis',(0.,-1.,0.));
#6491=DIRECTION('ref_axis',(-1.,0.,0.));
#6492=DIRECTION('center_axis',(0.,0.,-1.));
#6493=DIRECTION('ref_axis',(-0.707106781186547,-0.707106781186547,0.));
#6494=DIRECTION('center_axis',(0.,1.,0.));
#6495=DIRECTION('ref_axis',(-0.707106781186547,0.,-0.707106781186547));
#6496=DIRECTION('center_axis',(0.,-1.,0.));
#6497=DIRECTION('ref_axis',(-0.707106781186547,0.,-0.707106781186547));
#6498=DIRECTION('',(0.,1.,0.));
#6499=DIRECTION('center_axis',(-1.,0.,0.));
#6500=DIRECTION('ref_axis',(0.,1.,0.));
#6501=DIRECTION('',(0.,0.,-1.));
#6502=DIRECTION('',(0.,1.,0.));
#6503=DIRECTION('',(0.,0.,1.));
#6504=DIRECTION('center_axis',(-1.,0.,0.));
#6505=DIRECTION('ref_axis',(0.,-1.,0.));
#6506=DIRECTION('center_axis',(0.,0.,-1.));
#6507=DIRECTION('ref_axis',(-0.707106781186547,-0.707106781186547,0.));
#6508=DIRECTION('',(0.,0.,1.));
#6509=DIRECTION('center_axis',(0.,0.,-1.));
#6510=DIRECTION('ref_axis',(-0.707106781186547,-0.707106781186547,0.));
#6511=DIRECTION('center_axis',(0.,-1.,0.));
#6512=DIRECTION('ref_axis',(-1.,0.,0.));
#6513=DIRECTION('',(0.,0.,-1.));
#6514=DIRECTION('',(-1.,0.,0.));
#6515=DIRECTION('center_axis',(0.,0.,1.));
#6516=DIRECTION('ref_axis',(0.707106781186547,-0.707106781186547,0.));
#6517=DIRECTION('',(0.,0.,1.));
#6518=DIRECTION('center_axis',(0.,0.,-1.));
#6519=DIRECTION('ref_axis',(0.707106781186547,-0.707106781186547,0.));
#6520=DIRECTION('center_axis',(0.,1.,0.));
#6521=DIRECTION('ref_axis',(1.,0.,0.));
#6522=DIRECTION('',(1.,0.,0.));
#6523=DIRECTION('',(0.,0.,1.));
#6524=DIRECTION('center_axis',(0.,1.,0.));
#6525=DIRECTION('ref_axis',(-0.707106781186547,0.,0.707106781186547));
#6526=DIRECTION('',(0.,0.,-1.));
#6527=DIRECTION('center_axis',(0.,1.,0.));
#6528=DIRECTION('ref_axis',(-0.707106781186547,0.,-0.707106781186547));
#6529=DIRECTION('center_axis',(0.,1.,0.));
#6530=DIRECTION('ref_axis',(0.707106781186547,0.,-0.707106781186547));
#6531=DIRECTION('',(0.,0.,1.));
#6532=DIRECTION('center_axis',(0.,1.,0.));
#6533=DIRECTION('ref_axis',(0.707106781186547,0.,0.707106781186547));
#6534=DIRECTION('center_axis',(1.,0.,0.));
#6535=DIRECTION('ref_axis',(0.,-1.,0.));
#6536=DIRECTION('',(0.,-1.,0.));
#6537=DIRECTION('center_axis',(1.,0.,0.));
#6538=DIRECTION('ref_axis',(0.,1.,0.));
#6539=DIRECTION('center_axis',(1.,0.,0.));
#6540=DIRECTION('ref_axis',(0.,1.,0.));
#6541=DIRECTION('',(0.,-1.,0.));
#6542=DIRECTION('',(0.,0.,1.));
#6543=DIRECTION('',(0.,-1.,0.));
#6544=DIRECTION('',(0.,0.,1.));
#6545=DIRECTION('center_axis',(0.,0.,1.));
#6546=DIRECTION('ref_axis',(1.,0.,0.));
#6547=DIRECTION('center_axis',(0.,0.,1.));
#6548=DIRECTION('ref_axis',(1.,0.,0.));
#6549=DIRECTION('center_axis',(0.,0.,-1.));
#6550=DIRECTION('ref_axis',(1.,0.,0.));
#6551=DIRECTION('',(-9.34924652315921E-17,1.,0.));
#6552=DIRECTION('center_axis',(1.,9.34924652315921E-17,0.));
#6553=DIRECTION('ref_axis',(-9.34924652315921E-17,1.,0.));
#6554=DIRECTION('',(9.34924652315921E-17,-1.,0.));
#6555=DIRECTION('',(0.,0.,1.));
#6556=DIRECTION('',(-9.34924652315921E-17,1.,0.));
#6557=DIRECTION('',(0.,0.,-1.));
#6558=DIRECTION('',(0.,0.,1.));
#6559=DIRECTION('',(0.,0.,-1.));
#6560=DIRECTION('',(-9.34924652315921E-17,1.,0.));
#6561=DIRECTION('center_axis',(1.,0.,0.));
#6562=DIRECTION('ref_axis',(0.,1.,0.));
#6563=DIRECTION('',(0.,-1.,0.));
#6564=DIRECTION('',(0.,0.,1.));
#6565=DIRECTION('',(0.,-1.,0.));
#6566=DIRECTION('',(0.,0.,1.));
#6567=DIRECTION('center_axis',(0.,0.,1.));
#6568=DIRECTION('ref_axis',(1.,0.,0.));
#6569=DIRECTION('center_axis',(0.,0.,1.));
#6570=DIRECTION('ref_axis',(1.,0.,0.));
#6571=DIRECTION('center_axis',(0.,0.,-1.));
#6572=DIRECTION('ref_axis',(1.,0.,0.));
#6573=DIRECTION('center_axis',(0.,0.,1.));
#6574=DIRECTION('ref_axis',(1.,0.,0.));
#6575=DIRECTION('center_axis',(0.,0.,1.));
#6576=DIRECTION('ref_axis',(1.,0.,0.));
#6577=DIRECTION('',(1.,0.,0.));
#6578=DIRECTION('',(-1.,0.,0.));
#6579=DIRECTION('',(1.,0.,0.));
#6580=DIRECTION('center_axis',(0.,0.,1.));
#6581=DIRECTION('ref_axis',(1.,0.,0.));
#6582=DIRECTION('',(-1.07009448156642E-16,1.,0.));
#6583=DIRECTION('',(1.07009448156642E-16,-1.,0.));
#6584=DIRECTION('',(-1.07009448156642E-16,1.,0.));
#6585=DIRECTION('center_axis',(0.,0.,1.));
#6586=DIRECTION('ref_axis',(1.,0.,0.));
#6587=DIRECTION('',(-1.,1.08314441426845E-16,0.));
#6588=DIRECTION('',(1.,-1.08314441426845E-16,0.));
#6589=DIRECTION('',(-1.,1.08314441426845E-16,0.));
#6590=DIRECTION('center_axis',(0.,0.,1.));
#6591=DIRECTION('ref_axis',(1.,0.,0.));
#6592=DIRECTION('',(0.,1.,0.));
#6593=DIRECTION('center_axis',(-1.,-1.07009448156642E-16,0.));
#6594=DIRECTION('ref_axis',(1.07009448156642E-16,-1.,0.));
#6595=DIRECTION('',(-1.07009448156642E-16,1.,0.));
#6596=DIRECTION('',(0.,0.,1.));
#6597=DIRECTION('',(0.,0.,1.));
#6598=DIRECTION('center_axis',(0.,0.,1.));
#6599=DIRECTION('ref_axis',(1.,0.,0.));
#6600=DIRECTION('center_axis',(0.,0.,1.));
#6601=DIRECTION('ref_axis',(1.,0.,0.));
#6602=DIRECTION('center_axis',(0.,0.,-1.));
#6603=DIRECTION('ref_axis',(1.,0.,0.));
#6604=DIRECTION('center_axis',(-1.,-1.07009448156642E-16,0.));
#6605=DIRECTION('ref_axis',(1.07009448156642E-16,-1.,0.));
#6606=DIRECTION('',(-1.07009448156642E-16,1.,0.));
#6607=DIRECTION('',(0.,0.,1.));
#6608=DIRECTION('',(0.,0.,1.));
#6609=DIRECTION('center_axis',(0.,0.,1.));
#6610=DIRECTION('ref_axis',(1.,0.,0.));
#6611=DIRECTION('center_axis',(0.,0.,1.));
#6612=DIRECTION('ref_axis',(1.,0.,0.));
#6613=DIRECTION('center_axis',(0.,0.,-1.));
#6614=DIRECTION('ref_axis',(1.,0.,0.));
#6615=DIRECTION('center_axis',(0.,1.,0.));
#6616=DIRECTION('ref_axis',(-1.,0.,0.));
#6617=DIRECTION('',(1.,0.,0.));
#6618=DIRECTION('',(0.,0.,1.));
#6619=DIRECTION('',(0.,0.,1.));
#6620=DIRECTION('center_axis',(0.,0.,1.));
#6621=DIRECTION('ref_axis',(1.,0.,0.));
#6622=DIRECTION('',(-1.,0.,0.));
#6623=DIRECTION('center_axis',(0.,0.,-1.));
#6624=DIRECTION('ref_axis',(1.,0.,0.));
#6625=DIRECTION('center_axis',(0.,0.,1.));
#6626=DIRECTION('ref_axis',(1.,0.,0.));
#6627=DIRECTION('center_axis',(0.,1.,0.));
#6628=DIRECTION('ref_axis',(-1.,0.,0.));
#6629=DIRECTION('',(1.,0.,0.));
#6630=DIRECTION('',(0.,0.,1.));
#6631=DIRECTION('',(0.,0.,-1.));
#6632=DIRECTION('',(0.,0.,1.));
#6633=DIRECTION('',(-1.,0.,0.));
#6634=DIRECTION('',(0.,0.,-1.));
#6635=DIRECTION('center_axis',(-1.08314441426845E-16,-1.,0.));
#6636=DIRECTION('ref_axis',(1.,-1.08314441426845E-16,0.));
#6637=DIRECTION('',(-1.,1.08314441426845E-16,0.));
#6638=DIRECTION('',(0.,0.,1.));
#6639=DIRECTION('',(0.,0.,1.));
#6640=DIRECTION('center_axis',(0.,0.,1.));
#6641=DIRECTION('ref_axis',(1.,0.,0.));
#6642=DIRECTION('center_axis',(0.,0.,1.));
#6643=DIRECTION('ref_axis',(1.,0.,0.));
#6644=DIRECTION('center_axis',(0.,0.,-1.));
#6645=DIRECTION('ref_axis',(1.,0.,0.));
#6646=DIRECTION('center_axis',(-1.08314441426845E-16,-1.,0.));
#6647=DIRECTION('ref_axis',(1.,-1.08314441426845E-16,0.));
#6648=DIRECTION('',(-1.,1.08314441426845E-16,0.));
#6649=DIRECTION('',(0.,0.,1.));
#6650=DIRECTION('',(0.,0.,1.));
#6651=DIRECTION('center_axis',(0.,0.,1.));
#6652=DIRECTION('ref_axis',(1.,0.,0.));
#6653=DIRECTION('center_axis',(0.,0.,1.));
#6654=DIRECTION('ref_axis',(1.,0.,0.));
#6655=DIRECTION('center_axis',(0.,0.,-1.));
#6656=DIRECTION('ref_axis',(1.,0.,0.));
#6657=DIRECTION('center_axis',(0.,1.,0.));
#6658=DIRECTION('ref_axis',(-1.,0.,0.));
#6659=DIRECTION('',(1.,0.,0.));
#6660=DIRECTION('',(0.,0.,1.));
#6661=DIRECTION('',(0.,0.,1.));
#6662=DIRECTION('center_axis',(0.,0.,1.));
#6663=DIRECTION('ref_axis',(1.,0.,0.));
#6664=DIRECTION('center_axis',(0.,0.,1.));
#6665=DIRECTION('ref_axis',(1.,0.,0.));
#6666=DIRECTION('center_axis',(0.,0.,-1.));
#6667=DIRECTION('ref_axis',(1.,0.,0.));
#6668=DIRECTION('center_axis',(1.,1.07009448156642E-16,0.));
#6669=DIRECTION('ref_axis',(1.07009448156642E-16,-1.,0.));
#6670=DIRECTION('',(0.,0.,-1.));
#6671=DIRECTION('',(0.,0.,-1.));
#6672=DIRECTION('center_axis',(0.,0.,-1.));
#6673=DIRECTION('ref_axis',(1.,0.,0.));
#6674=DIRECTION('center_axis',(0.,0.,-1.));
#6675=DIRECTION('ref_axis',(1.,0.,0.));
#6676=DIRECTION('center_axis',(0.,0.,-1.));
#6677=DIRECTION('ref_axis',(1.,0.,0.));
#6678=DIRECTION('',(0.,0.,-1.));
#6679=DIRECTION('center_axis',(1.08314441426845E-16,1.,0.));
#6680=DIRECTION('ref_axis',(1.,-1.08314441426845E-16,0.));
#6681=DIRECTION('',(0.,0.,-1.));
#6682=DIRECTION('center_axis',(0.,0.,-1.));
#6683=DIRECTION('ref_axis',(1.,0.,0.));
#6684=DIRECTION('center_axis',(0.,0.,-1.));
#6685=DIRECTION('ref_axis',(1.,0.,0.));
#6686=DIRECTION('center_axis',(0.,0.,-1.));
#6687=DIRECTION('ref_axis',(1.,0.,0.));
#6688=DIRECTION('',(0.,0.,-1.));
#6689=DIRECTION('center_axis',(-1.,0.,0.));
#6690=DIRECTION('ref_axis',(0.,1.,0.));
#6691=DIRECTION('',(0.,0.,-1.));
#6692=DIRECTION('center_axis',(0.,0.,-1.));
#6693=DIRECTION('ref_axis',(1.,0.,0.));
#6694=DIRECTION('center_axis',(0.,0.,-1.));
#6695=DIRECTION('ref_axis',(1.,0.,0.));
#6696=DIRECTION('center_axis',(0.,0.,-1.));
#6697=DIRECTION('ref_axis',(1.,0.,0.));
#6698=DIRECTION('',(0.,0.,-1.));
#6699=DIRECTION('center_axis',(0.,-1.,0.));
#6700=DIRECTION('ref_axis',(-1.,0.,0.));
#6701=DIRECTION('',(0.,0.,-1.));
#6702=DIRECTION('center_axis',(0.,0.,-1.));
#6703=DIRECTION('ref_axis',(1.,0.,0.));
#6704=DIRECTION('center_axis',(0.,0.,-1.));
#6705=DIRECTION('ref_axis',(1.,0.,0.));
#6706=DIRECTION('center_axis',(0.,0.,-1.));
#6707=DIRECTION('ref_axis',(1.,0.,0.));
#6708=DIRECTION('center_axis',(0.,-1.,0.));
#6709=DIRECTION('ref_axis',(-0.707106781186546,0.,-0.707106781186549));
#6710=DIRECTION('center_axis',(0.,1.,0.));
#6711=DIRECTION('ref_axis',(-0.707106781186546,0.,-0.707106781186549));
#6712=DIRECTION('',(0.,-1.,0.));
#6713=DIRECTION('center_axis',(-0.707106781186548,-0.707106781186548,0.));
#6714=DIRECTION('ref_axis',(-0.707106781186547,0.707106781186547,0.));
#6715=DIRECTION('center_axis',(0.,1.,0.));
#6716=DIRECTION('ref_axis',(0.707106781186546,0.,-0.707106781186549));
#6717=DIRECTION('',(0.,1.,0.));
#6718=DIRECTION('center_axis',(0.,1.,0.));
#6719=DIRECTION('ref_axis',(0.707106781186546,0.,-0.707106781186549));
#6720=DIRECTION('center_axis',(0.707106781186548,-0.707106781186548,0.));
#6721=DIRECTION('ref_axis',(-0.707106781186547,-0.707106781186547,0.));
#6722=DIRECTION('center_axis',(-1.,0.,0.));
#6723=DIRECTION('ref_axis',(0.,0.707106781186546,-0.707106781186549));
#6724=DIRECTION('',(-1.,0.,0.));
#6725=DIRECTION('center_axis',(0.,-1.,0.));
#6726=DIRECTION('ref_axis',(-0.534522483824847,0.,0.845154254728518));
#6727=DIRECTION('',(0.,1.,0.));
#6728=DIRECTION('center_axis',(0.,-1.,0.));
#6729=DIRECTION('ref_axis',(-0.534522483824847,0.,0.845154254728518));
#6730=DIRECTION('',(0.,-1.,0.));
#6731=DIRECTION('center_axis',(0.,1.,0.));
#6732=DIRECTION('ref_axis',(-0.534522483824847,0.,0.845154254728518));
#6733=DIRECTION('center_axis',(0.,-1.,0.));
#6734=DIRECTION('ref_axis',(0.534522483824847,0.,0.845154254728518));
#6735=DIRECTION('',(0.,1.,0.));
#6736=DIRECTION('center_axis',(0.,-1.,0.));
#6737=DIRECTION('ref_axis',(0.534522483824847,0.,0.845154254728518));
#6738=DIRECTION('',(0.,-1.,0.));
#6739=DIRECTION('center_axis',(0.,1.,0.));
#6740=DIRECTION('ref_axis',(0.534522483824847,0.,0.845154254728518));
#6741=DIRECTION('center_axis',(0.,1.,0.));
#6742=DIRECTION('ref_axis',(0.,0.,-1.));
#6743=DIRECTION('center_axis',(0.,-1.,0.));
#6744=DIRECTION('ref_axis',(0.,0.,-1.));
#6745=DIRECTION('center_axis',(0.,1.,0.));
#6746=DIRECTION('ref_axis',(0.,0.,-1.));
#6747=DIRECTION('center_axis',(0.,-1.,0.));
#6748=DIRECTION('ref_axis',(1.,0.,0.));
#6749=DIRECTION('center_axis',(0.,-1.,0.));
#6750=DIRECTION('ref_axis',(1.,0.,0.));
#6751=DIRECTION('center_axis',(-1.,0.,0.));
#6752=DIRECTION('ref_axis',(0.,1.,0.));
#6753=DIRECTION('',(0.,0.,-1.));
#6754=DIRECTION('',(0.,0.,-1.));
#6755=DIRECTION('',(0.,0.,1.));
#6756=DIRECTION('',(0.,0.,1.));
#6757=DIRECTION('center_axis',(0.,-1.,0.));
#6758=DIRECTION('ref_axis',(1.,0.,0.));
#6759=DIRECTION('',(0.,0.,-1.));
#6760=DIRECTION('center_axis',(0.,-1.,0.));
#6761=DIRECTION('ref_axis',(1.,0.,0.));
#6762=DIRECTION('',(0.,0.,1.));
#6763=DIRECTION('center_axis',(1.,0.,0.));
#6764=DIRECTION('ref_axis',(0.,-1.,0.));
#6765=DIRECTION('',(0.,0.,-1.));
#6766=DIRECTION('',(0.,0.,-1.));
#6767=DIRECTION('center_axis',(0.,1.,0.));
#6768=DIRECTION('ref_axis',(1.,0.,0.));
#6769=DIRECTION('center_axis',(0.,-1.,0.));
#6770=DIRECTION('ref_axis',(-1.,0.,0.));
#6771=DIRECTION('center_axis',(1.,0.,0.));
#6772=DIRECTION('ref_axis',(0.,-1.,0.));
#6773=DIRECTION('',(0.,0.,-1.));
#6774=DIRECTION('',(0.,0.,-1.));
#6775=DIRECTION('center_axis',(0.,1.,0.));
#6776=DIRECTION('ref_axis',(1.,0.,0.));
#6777=DIRECTION('',(0.,0.,-1.));
#6778=DIRECTION('center_axis',(-1.,0.,0.));
#6779=DIRECTION('ref_axis',(0.,1.,0.));
#6780=DIRECTION('',(0.,0.,-1.));
#6781=DIRECTION('center_axis',(0.,-1.,0.));
#6782=DIRECTION('ref_axis',(-1.,0.,0.));
#6783=DIRECTION('center_axis',(0.,1.,0.));
#6784=DIRECTION('ref_axis',(-0.707106781186547,0.,0.707106781186547));
#6785=DIRECTION('',(0.,1.,0.));
#6786=DIRECTION('center_axis',(-1.,0.,0.));
#6787=DIRECTION('ref_axis',(0.,0.,1.));
#6788=DIRECTION('',(0.,-1.,0.));
#6789=DIRECTION('center_axis',(0.,1.,0.));
#6790=DIRECTION('ref_axis',(0.707106781186547,0.,0.707106781186547));
#6791=DIRECTION('',(0.,-1.,0.));
#6792=DIRECTION('center_axis',(0.,1.,0.));
#6793=DIRECTION('ref_axis',(-0.707106781186547,0.,-0.707106781186547));
#6794=DIRECTION('center_axis',(0.,1.,0.));
#6795=DIRECTION('ref_axis',(0.707106781186547,0.,-0.707106781186547));
#6796=DIRECTION('',(0.,1.,0.));
#6797=DIRECTION('center_axis',(1.,0.,0.));
#6798=DIRECTION('ref_axis',(0.,0.,-1.));
#6799=DIRECTION('center_axis',(0.991227900682635,0.,0.132163720091018));
#6800=DIRECTION('ref_axis',(0.132163720091018,0.,-0.991227900682635));
#6801=DIRECTION('center_axis',(-0.991227900682635,-3.30351681197364E-16,
0.132163720091018));
#6802=DIRECTION('ref_axis',(0.132163720091018,0.,0.991227900682635));
#6803=DIRECTION('',(0.132163720091018,4.89104034193391E-18,0.991227900682635));
#6804=DIRECTION('center_axis',(-1.,-3.33275204390291E-16,0.));
#6805=DIRECTION('ref_axis',(3.33275204390291E-16,-1.,0.));
#6806=DIRECTION('',(0.,0.,1.));
#6807=DIRECTION('center_axis',(1.,0.,0.));
#6808=DIRECTION('ref_axis',(0.,1.,0.));
#6809=DIRECTION('',(0.,0.,1.));
#6810=DIRECTION('center_axis',(-1.,0.,0.));
#6811=DIRECTION('ref_axis',(0.,-1.,0.));
#6812=DIRECTION('center_axis',(0.,0.,1.));
#6813=DIRECTION('ref_axis',(1.,0.,0.));
#6814=DIRECTION('center_axis',(-1.,0.,0.));
#6815=DIRECTION('ref_axis',(0.,0.,1.));
#6816=DIRECTION('center_axis',(1.,0.,0.));
#6817=DIRECTION('ref_axis',(0.,1.,0.));
#6818=DIRECTION('center_axis',(0.,-1.,1.22464679914735E-16));
#6819=DIRECTION('ref_axis',(0.,-1.22464679914735E-16,-1.));
#6820=DIRECTION('center_axis',(1.,0.,0.));
#6821=DIRECTION('ref_axis',(0.,0.,-1.));
#6822=DIRECTION('center_axis',(-1.,0.,0.));
#6823=DIRECTION('ref_axis',(0.,-1.,0.));
#6824=DIRECTION('center_axis',(0.,-1.,-1.22464679914735E-16));
#6825=DIRECTION('ref_axis',(0.,-1.22464679914735E-16,1.));
#6826=DIRECTION('center_axis',(-1.,0.,0.));
#6827=DIRECTION('ref_axis',(0.,-1.,0.));
#6828=DIRECTION('center_axis',(1.,0.,0.));
#6829=DIRECTION('ref_axis',(0.,-1.,0.));
#6830=DIRECTION('center_axis',(-1.,0.,0.));
#6831=DIRECTION('ref_axis',(0.,1.,0.));
#6832=DIRECTION('center_axis',(-1.,0.,0.));
#6833=DIRECTION('ref_axis',(0.,-1.,0.));
#6834=DIRECTION('center_axis',(1.,0.,0.));
#6835=DIRECTION('ref_axis',(0.,-1.,0.));
#6836=DIRECTION('',(1.,0.,0.));
#6837=DIRECTION('center_axis',(-1.,0.,0.));
#6838=DIRECTION('ref_axis',(0.,-1.,0.));
#6839=DIRECTION('center_axis',(1.,0.,0.));
#6840=DIRECTION('ref_axis',(0.,1.,0.));
#6841=DIRECTION('center_axis',(-1.,0.,0.));
#6842=DIRECTION('ref_axis',(0.,1.,0.));
#6843=DIRECTION('',(-1.,0.,0.));
#6844=DIRECTION('center_axis',(1.,0.,0.));
#6845=DIRECTION('ref_axis',(0.,1.,0.));
#6846=DIRECTION('center_axis',(1.,0.,0.));
#6847=DIRECTION('ref_axis',(0.,1.,0.));
#6848=DIRECTION('center_axis',(1.,0.,0.));
#6849=DIRECTION('ref_axis',(0.,1.,0.));
#6850=DIRECTION('',(1.,0.,0.));
#6851=DIRECTION('center_axis',(-1.,0.,0.));
#6852=DIRECTION('ref_axis',(0.,1.,0.));
#6853=DIRECTION('center_axis',(1.,0.,0.));
#6854=DIRECTION('ref_axis',(0.,1.,0.));
#6855=DIRECTION('center_axis',(1.,0.,0.));
#6856=DIRECTION('ref_axis',(0.,1.,0.));
#6857=DIRECTION('',(1.,0.,0.));
#6858=DIRECTION('center_axis',(-1.,0.,0.));
#6859=DIRECTION('ref_axis',(0.,1.,0.));
#6860=DIRECTION('center_axis',(0.,0.,-1.));
#6861=DIRECTION('ref_axis',(-1.,0.,0.));
#6862=DIRECTION('',(1.,0.,0.));
#6863=DIRECTION('',(0.,1.,0.));
#6864=DIRECTION('',(-1.,-2.77555756156289E-16,0.));
#6865=DIRECTION('',(0.,-1.,0.));
#6866=DIRECTION('center_axis',(0.,0.,1.));
#6867=DIRECTION('ref_axis',(1.,0.,0.));
#6868=DIRECTION('',(1.,2.77555756156289E-16,0.));
#6869=DIRECTION('',(0.,-1.,0.));
#6870=DIRECTION('',(-1.,0.,0.));
#6871=DIRECTION('',(0.,1.,0.));
#6872=DIRECTION('center_axis',(0.,0.,-1.));
#6873=DIRECTION('ref_axis',(-1.,0.,0.));
#6874=DIRECTION('',(-1.,1.38777878078145E-16,0.));
#6875=DIRECTION('',(0.,-1.,0.));
#6876=DIRECTION('',(1.,1.38777878078145E-16,0.));
#6877=DIRECTION('',(0.,1.,0.));
#6878=DIRECTION('center_axis',(0.,0.,1.));
#6879=DIRECTION('ref_axis',(1.,0.,0.));
#6880=DIRECTION('',(-1.,-1.38777878078145E-16,0.));
#6881=DIRECTION('',(0.,1.,0.));
#6882=DIRECTION('',(1.,-1.38777878078145E-16,0.));
#6883=DIRECTION('',(0.,-1.,0.));
#6884=DIRECTION('center_axis',(0.,0.,1.));
#6885=DIRECTION('ref_axis',(1.,0.,0.));
#6886=DIRECTION('',(0.,1.,0.));
#6887=DIRECTION('',(1.,8.3790416952842E-16,0.));
#6888=DIRECTION('',(0.,-1.,0.));
#6889=DIRECTION('',(-1.,5.86532918669894E-16,0.));
#6890=DIRECTION('center_axis',(0.,0.,1.));
#6891=DIRECTION('ref_axis',(1.,0.,0.));
#6892=DIRECTION('',(0.,-1.,0.));
#6893=DIRECTION('',(-1.,5.86532918669894E-16,0.));
#6894=DIRECTION('',(0.,-1.,0.));
#6895=DIRECTION('',(1.,8.3790416952842E-16,0.));
#6896=DIRECTION('center_axis',(0.,0.,1.));
#6897=DIRECTION('ref_axis',(1.,0.,0.));
#6898=DIRECTION('',(0.,-1.,0.));
#6899=DIRECTION('',(-1.,-7.96008961051999E-16,0.));
#6900=DIRECTION('',(0.,1.,0.));
#6901=DIRECTION('',(1.,-6.28428127146315E-16,0.));
#6902=DIRECTION('center_axis',(0.,0.,1.));
#6903=DIRECTION('ref_axis',(1.,0.,0.));
#6904=DIRECTION('',(0.,1.,0.));
#6905=DIRECTION('',(1.,-6.28428127146315E-16,0.));
#6906=DIRECTION('',(0.,1.,0.));
#6907=DIRECTION('',(-1.,-7.96008961051999E-16,0.));
#6908=DIRECTION('center_axis',(0.,0.,1.));
#6909=DIRECTION('ref_axis',(1.,0.,0.));
#6910=DIRECTION('',(0.,1.,0.));
#6911=DIRECTION('',(1.,-6.28428127146315E-16,0.));
#6912=DIRECTION('',(0.,-1.,0.));
#6913=DIRECTION('',(1.,7.96008961051999E-16,0.));
#6914=DIRECTION('center_axis',(0.,0.,1.));
#6915=DIRECTION('ref_axis',(1.,0.,0.));
#6916=DIRECTION('',(0.,-1.,0.));
#6917=DIRECTION('',(-1.,5.86532918669894E-16,0.));
#6918=DIRECTION('',(0.,1.,0.));
#6919=DIRECTION('',(-1.,-8.3790416952842E-16,0.));
#6920=DIRECTION('center_axis',(-5.86532918669894E-16,-1.,0.));
#6921=DIRECTION('ref_axis',(1.,-5.86532918669894E-16,0.));
#6922=DIRECTION('',(0.,0.,1.));
#6923=DIRECTION('',(-1.,5.86532918669894E-16,0.));
#6924=DIRECTION('',(0.,0.,-1.));
#6925=DIRECTION('center_axis',(-8.3790416952842E-16,1.,0.));
#6926=DIRECTION('ref_axis',(-1.,-8.3790416952842E-16,0.));
#6927=DIRECTION('',(0.,0.,1.));
#6928=DIRECTION('',(-1.,-8.3790416952842E-16,0.));
#6929=DIRECTION('',(0.,0.,1.));
#6930=DIRECTION('center_axis',(-1.,0.,0.));
#6931=DIRECTION('ref_axis',(0.,-1.,0.));
#6932=DIRECTION('',(0.,0.,-1.));
#6933=DIRECTION('',(0.,0.,1.));
#6934=DIRECTION('',(0.,1.,0.));
#6935=DIRECTION('center_axis',(-2.77555756156289E-16,1.,0.));
#6936=DIRECTION('ref_axis',(-1.,-2.77555756156289E-16,0.));
#6937=DIRECTION('',(0.,0.,1.));
#6938=DIRECTION('center_axis',(1.,0.,0.));
#6939=DIRECTION('ref_axis',(0.,1.,0.));
#6940=DIRECTION('',(0.,0.,1.));
#6941=DIRECTION('',(0.,0.,1.));
#6942=DIRECTION('',(0.,0.,1.));
#6943=DIRECTION('center_axis',(-8.3790416952842E-16,1.,0.));
#6944=DIRECTION('ref_axis',(-1.,-8.3790416952842E-16,0.));
#6945=DIRECTION('',(0.,0.,1.));
#6946=DIRECTION('center_axis',(1.,0.,0.));
#6947=DIRECTION('ref_axis',(0.,1.,0.));
#6948=DIRECTION('',(0.,0.,1.));
#6949=DIRECTION('center_axis',(-5.86532918669894E-16,-1.,0.));
#6950=DIRECTION('ref_axis',(1.,-5.86532918669894E-16,0.));
#6951=DIRECTION('center_axis',(0.,-1.,0.));
#6952=DIRECTION('ref_axis',(1.,0.,0.));
#6953=DIRECTION('center_axis',(1.38777878078145E-16,1.,0.));
#6954=DIRECTION('ref_axis',(-1.,1.38777878078145E-16,0.));
#6955=DIRECTION('',(0.,0.,1.));
#6956=DIRECTION('',(0.,0.,1.));
#6957=DIRECTION('center_axis',(6.28428127146315E-16,1.,0.));
#6958=DIRECTION('ref_axis',(-1.,6.28428127146315E-16,0.));
#6959=DIRECTION('',(0.,0.,1.));
#6960=DIRECTION('',(1.,-6.28428127146315E-16,0.));
#6961=DIRECTION('',(0.,0.,-1.));
#6962=DIRECTION('center_axis',(7.96008961051999E-16,-1.,0.));
#6963=DIRECTION('ref_axis',(1.,7.96008961051999E-16,0.));
#6964=DIRECTION('',(0.,0.,1.));
#6965=DIRECTION('',(1.,7.96008961051999E-16,0.));
#6966=DIRECTION('',(0.,0.,1.));
#6967=DIRECTION('center_axis',(1.,0.,0.));
#6968=DIRECTION('ref_axis',(0.,1.,0.));
#6969=DIRECTION('',(0.,0.,1.));
#6970=DIRECTION('',(0.,-1.,0.));
#6971=DIRECTION('center_axis',(1.38777878078145E-16,-1.,0.));
#6972=DIRECTION('ref_axis',(1.,1.38777878078145E-16,0.));
#6973=DIRECTION('',(0.,0.,1.));
#6974=DIRECTION('center_axis',(-1.,0.,0.));
#6975=DIRECTION('ref_axis',(0.,-1.,0.));
#6976=DIRECTION('',(0.,0.,1.));
#6977=DIRECTION('',(0.,0.,1.));
#6978=DIRECTION('center_axis',(7.96008961051999E-16,-1.,0.));
#6979=DIRECTION('ref_axis',(1.,7.96008961051999E-16,0.));
#6980=DIRECTION('',(0.,0.,1.));
#6981=DIRECTION('center_axis',(-1.,0.,0.));
#6982=DIRECTION('ref_axis',(0.,-1.,0.));
#6983=DIRECTION('',(0.,0.,1.));
#6984=DIRECTION('center_axis',(6.28428127146315E-16,1.,0.));
#6985=DIRECTION('ref_axis',(-1.,6.28428127146315E-16,0.));
#6986=DIRECTION('center_axis',(-1.,0.,0.));
#6987=DIRECTION('ref_axis',(0.,-1.,0.));
#6988=DIRECTION('',(0.,1.,0.));
#6989=DIRECTION('',(0.,0.,1.));
#6990=DIRECTION('',(0.,1.,0.));
#6991=DIRECTION('center_axis',(1.,0.,0.));
#6992=DIRECTION('ref_axis',(0.,1.,0.));
#6993=DIRECTION('',(0.,-1.,0.));
#6994=DIRECTION('',(0.,-1.,0.));
#6995=DIRECTION('center_axis',(3.70074354638746E-17,-1.,0.));
#6996=DIRECTION('ref_axis',(-1.,-3.70074354638746E-17,0.));
#6997=DIRECTION('',(-1.,-3.70074354638746E-17,0.));
#6998=DIRECTION('center_axis',(1.48029736616688E-16,-1.,0.));
#6999=DIRECTION('ref_axis',(0.707106781186548,0.,-0.707106781186547));
#7000=DIRECTION('center_axis',(4.29763751467803E-16,1.,0.));
#7001=DIRECTION('ref_axis',(0.707106781186548,0.,-0.707106781186547));
#7002=DIRECTION('',(-1.48029736616688E-16,1.,0.));
#7003=DIRECTION('center_axis',(0.,-1.,0.));
#7004=DIRECTION('ref_axis',(0.707106781186548,0.,-0.707106781186547));
#7005=DIRECTION('',(1.48029736616688E-16,-1.,0.));
#7006=DIRECTION('center_axis',(4.29763751467803E-16,1.,0.));
#7007=DIRECTION('ref_axis',(-1.,4.29763751467803E-16,0.));
#7008=DIRECTION('',(-1.,4.29763751467803E-16,0.));
#7009=DIRECTION('center_axis',(4.29763751467803E-16,1.,0.));
#7010=DIRECTION('ref_axis',(-0.707106781186548,0.,-0.707106781186547));
#7011=DIRECTION('',(0.,0.,-1.));
#7012=DIRECTION('',(1.,-4.29763751467803E-16,0.));
#7013=DIRECTION('',(0.,0.,-1.));
#7014=DIRECTION('center_axis',(0.,0.,1.));
#7015=DIRECTION('ref_axis',(1.,0.,0.));
#7016=DIRECTION('',(1.,0.,0.));
#7017=DIRECTION('',(0.,1.,0.));
#7018=DIRECTION('center_axis',(0.,1.,0.));
#7019=DIRECTION('ref_axis',(-0.707106781186548,0.,-0.707106781186547));
#7020=DIRECTION('center_axis',(0.,-1.,0.));
#7021=DIRECTION('ref_axis',(-0.707106781186548,0.,-0.707106781186547));
#7022=DIRECTION('',(0.,-1.,0.));
#7023=DIRECTION('center_axis',(0.,-1.,0.));
#7024=DIRECTION('ref_axis',(1.,0.,0.));
#7025=DIRECTION('',(0.,0.,-1.));
#7026=DIRECTION('',(-1.,0.,0.));
#7027=DIRECTION('',(0.,0.,1.));
#7028=DIRECTION('center_axis',(0.,0.,1.));
#7029=DIRECTION('ref_axis',(1.,0.,0.));
#7030=DIRECTION('',(1.48029736616688E-16,-1.,0.));
#7031=DIRECTION('',(1.,0.,0.));
#7032=DIRECTION('',(0.,1.,0.));
#7033=DIRECTION('center_axis',(-1.,-1.48029736616688E-16,0.));
#7034=DIRECTION('ref_axis',(1.48029736616688E-16,-1.,0.));
#7035=DIRECTION('',(-1.48029736616688E-16,1.,0.));
#7036=DIRECTION('',(0.,0.,1.));
#7037=DIRECTION('center_axis',(1.,0.,0.));
#7038=DIRECTION('ref_axis',(0.,1.,0.));
#7039=DIRECTION('',(0.,0.,1.));
#7040=DIRECTION('',(0.,-1.,0.));
#7041=DIRECTION('center_axis',(0.,1.,0.));
#7042=DIRECTION('ref_axis',(-1.,0.,0.));
#7043=DIRECTION('',(1.,0.,0.));
#7044=DIRECTION('',(1.,0.,0.));
#7045=DIRECTION('center_axis',(0.,-1.,0.));
#7046=DIRECTION('ref_axis',(1.,0.,0.));
#7047=DIRECTION('',(-1.,0.,0.));
#7048=DIRECTION('center_axis',(0.,0.,1.));
#7049=DIRECTION('ref_axis',(1.,0.,0.));
#7050=DIRECTION('center_axis',(0.,0.,1.));
#7051=DIRECTION('ref_axis',(1.,0.,0.));
#7052=DIRECTION('center_axis',(1.,0.,0.));
#7053=DIRECTION('ref_axis',(0.,-1.,0.));
#7054=DIRECTION('center_axis',(-1.,0.,0.));
#7055=DIRECTION('ref_axis',(0.,-0.998758526924799,-0.0498137018801593));
#7056=DIRECTION('center_axis',(1.,0.,0.));
#7057=DIRECTION('ref_axis',(0.,-0.998758526924799,-0.0498137018801593));
#7058=DIRECTION('',(1.,0.,0.));
#7059=DIRECTION('center_axis',(-1.,0.,0.));
#7060=DIRECTION('ref_axis',(0.,-0.998758526924799,-0.0498137018801593));
#7061=DIRECTION('',(-1.,0.,0.));
#7062=DIRECTION('center_axis',(1.,0.,0.));
#7063=DIRECTION('ref_axis',(0.,-1.,0.));
#7064=DIRECTION('',(0.,-0.0995037190209986,0.995037190209989));
#7065=DIRECTION('',(0.,-1.,0.));
#7066=DIRECTION('',(0.,0.,-1.));
#7067=DIRECTION('center_axis',(1.,0.,0.));
#7068=DIRECTION('ref_axis',(0.,-0.707106781186547,0.707106781186547));
#7069=DIRECTION('',(0.,1.,0.));
#7070=DIRECTION('',(0.,0.,-1.));
#7071=DIRECTION('center_axis',(0.,-0.995037190209989,-0.0995037190209986));
#7072=DIRECTION('ref_axis',(0.,0.0995037190209986,-0.995037190209989));
#7073=DIRECTION('',(0.,0.0995037190209986,-0.995037190209989));
#7074=DIRECTION('',(1.,0.,0.));
#7075=DIRECTION('center_axis',(1.,0.,0.));
#7076=DIRECTION('ref_axis',(0.,0.998758526924799,-0.0498137018801599));
#7077=DIRECTION('center_axis',(1.,-1.77635683940025E-15,0.));
#7078=DIRECTION('ref_axis',(0.,0.998758526924799,-0.0498137018801599));
#7079=DIRECTION('',(1.,0.,0.));
#7080=DIRECTION('center_axis',(-1.,0.,0.));
#7081=DIRECTION('ref_axis',(0.,1.,0.));
#7082=DIRECTION('',(-1.,0.,0.));
#7083=DIRECTION('center_axis',(0.,0.,-1.));
#7084=DIRECTION('ref_axis',(0.707106781186547,0.707106781186547,0.));
#7085=DIRECTION('center_axis',(0.,1.,0.));
#7086=DIRECTION('ref_axis',(1.,0.,0.));
#7087=DIRECTION('center_axis',(0.,0.,1.));
#7088=DIRECTION('ref_axis',(0.707106781186548,0.707106781186548,0.));
#7089=DIRECTION('center_axis',(0.,-1.,0.));
#7090=DIRECTION('ref_axis',(0.998758526924799,0.,-0.0498137018801593));
#7091=DIRECTION('center_axis',(4.35207425653061E-14,1.,0.));
#7092=DIRECTION('ref_axis',(0.998758526924799,0.,-0.0498137018801593));
#7093=DIRECTION('',(0.,1.,0.));
#7094=DIRECTION('',(0.,-1.,0.));
#7095=DIRECTION('center_axis',(-4.35207425653061E-14,-1.,0.));
#7096=DIRECTION('ref_axis',(-1.,4.35207425653061E-14,0.));
#7097=DIRECTION('',(0.,0.,-1.));
#7098=DIRECTION('',(1.,-4.35207425653061E-14,0.));
#7099=DIRECTION('center_axis',(-4.35207425653061E-14,-1.,0.));
#7100=DIRECTION('ref_axis',(0.707106781186547,0.,0.707106781186547));
#7101=DIRECTION('',(0.,0.,-1.));
#7102=DIRECTION('',(-1.,4.35207425653061E-14,0.));
#7103=DIRECTION('',(-0.0995037190209986,4.33047573980343E-15,-0.995037190209989));
#7104=DIRECTION('center_axis',(1.,0.,0.));
#7105=DIRECTION('ref_axis',(0.,-1.,0.));
#7106=DIRECTION('',(0.,0.,-1.));
#7107=DIRECTION('',(0.,1.,0.));
#7108=DIRECTION('center_axis',(0.,0.,-1.));
#7109=DIRECTION('ref_axis',(0.707106781186547,0.707106781186547,0.));
#7110=DIRECTION('',(0.,0.,1.));
#7111=DIRECTION('center_axis',(0.,0.,1.));
#7112=DIRECTION('ref_axis',(0.707106781186547,0.707106781186547,0.));
#7113=DIRECTION('center_axis',(0.,1.,0.));
#7114=DIRECTION('ref_axis',(1.,0.,0.));
#7115=DIRECTION('',(0.,0.,-1.));
#7116=DIRECTION('',(-1.,0.,0.));
#7117=DIRECTION('center_axis',(-9.60192886162298E-17,1.,0.));
#7118=DIRECTION('ref_axis',(-0.998758526924799,-1.34739763622048E-16,-0.0498137018801599));
#7119=DIRECTION('center_axis',(4.35207425653061E-14,1.,0.));
#7120=DIRECTION('ref_axis',(-0.998758526924799,-1.34739763622048E-16,-0.0498137018801599));
#7121=DIRECTION('',(-9.60192886162298E-17,1.,0.));
#7122=DIRECTION('center_axis',(0.,-1.,0.));
#7123=DIRECTION('ref_axis',(-1.,0.,0.));
#7124=DIRECTION('',(9.60192886162298E-17,-1.,0.));
#7125=DIRECTION('center_axis',(0.,0.,-1.));
#7126=DIRECTION('ref_axis',(-0.707106781186547,0.707106781186547,0.));
#7127=DIRECTION('center_axis',(-1.,0.,0.));
#7128=DIRECTION('ref_axis',(0.,1.,0.));
#7129=DIRECTION('center_axis',(0.,0.,1.));
#7130=DIRECTION('ref_axis',(-0.707106781186548,0.707106781186548,0.));
#7131=DIRECTION('center_axis',(1.,0.,0.));
#7132=DIRECTION('ref_axis',(0.,0.998758526924799,-0.0498137018801599));
#7133=DIRECTION('center_axis',(-1.,1.77635683940025E-15,0.));
#7134=DIRECTION('ref_axis',(0.,0.998758526924799,-0.0498137018801599));
#7135=DIRECTION('',(-1.,0.,0.));
#7136=DIRECTION('',(1.,0.,0.));
#7137=DIRECTION('center_axis',(1.,-1.77635683940025E-15,0.));
#7138=DIRECTION('ref_axis',(-1.77635683940025E-15,-1.,0.));
#7139=DIRECTION('',(0.,0.,-1.));
#7140=DIRECTION('',(1.77635683940025E-15,1.,0.));
#7141=DIRECTION('center_axis',(1.,-1.77635683940025E-15,0.));
#7142=DIRECTION('ref_axis',(0.,0.707106781186547,0.707106781186547));
#7143=DIRECTION('',(0.,0.,-1.));
#7144=DIRECTION('',(-1.77635683940025E-15,-1.,0.));
#7145=DIRECTION('',(-1.76754111828712E-16,-0.0995037190209986,-0.995037190209989));
#7146=DIRECTION('center_axis',(0.,1.,0.));
#7147=DIRECTION('ref_axis',(1.,0.,0.));
#7148=DIRECTION('',(0.,0.,-1.));
#7149=DIRECTION('',(-1.,0.,0.));
#7150=DIRECTION('center_axis',(0.,0.,-1.));
#7151=DIRECTION('ref_axis',(-0.707106781186547,0.707106781186547,0.));
#7152=DIRECTION('',(0.,0.,1.));
#7153=DIRECTION('center_axis',(0.,0.,1.));
#7154=DIRECTION('ref_axis',(-0.707106781186547,0.707106781186547,0.));
#7155=DIRECTION('center_axis',(-1.,-9.60192886162298E-17,0.));
#7156=DIRECTION('ref_axis',(-9.60192886162298E-17,1.,0.));
#7157=DIRECTION('',(0.,0.,-1.));
#7158=DIRECTION('',(9.60192886162298E-17,-1.,0.));
#7159=DIRECTION('center_axis',(-1.,0.,0.));
#7160=DIRECTION('ref_axis',(0.,1.,0.));
#7161=DIRECTION('',(0.,0.,-1.));
#7162=DIRECTION('',(0.,-1.,0.));
#7163=DIRECTION('center_axis',(-1.,0.,0.));
#7164=DIRECTION('ref_axis',(0.,-0.707106781186547,0.707106781186547));
#7165=DIRECTION('',(0.,0.,-1.));
#7166=DIRECTION('',(0.,1.,0.));
#7167=DIRECTION('center_axis',(0.,-1.,0.));
#7168=DIRECTION('ref_axis',(-1.,0.,0.));
#7169=DIRECTION('',(1.,0.,0.));
#7170=DIRECTION('center_axis',(0.,0.995037190209989,-0.0995037190209986));
#7171=DIRECTION('ref_axis',(0.,0.0995037190209986,0.995037190209989));
#7172=DIRECTION('',(0.,-0.0995037190209986,-0.995037190209989));
#7173=DIRECTION('',(-1.,0.,0.));
#7174=DIRECTION('',(1.76754111828712E-16,0.0995037190209986,0.995037190209989));
#7175=DIRECTION('center_axis',(0.,0.,1.));
#7176=DIRECTION('ref_axis',(0.707106781186548,0.707106781186548,0.));
#7177=DIRECTION('',(-0.0995037190210003,0.,-0.995037190209989));
#7178=DIRECTION('center_axis',(0.,0.,1.));
#7179=DIRECTION('ref_axis',(0.707106781186548,0.707106781186548,0.));
#7180=DIRECTION('center_axis',(0.995037190209989,0.,-0.0995037190209986));
#7181=DIRECTION('ref_axis',(-0.0995037190209986,0.,-0.995037190209989));
#7182=DIRECTION('',(0.,1.,0.));
#7183=DIRECTION('center_axis',(0.,0.995037190209989,-0.0995037190209986));
#7184=DIRECTION('ref_axis',(0.,0.0995037190209986,0.995037190209989));
#7185=DIRECTION('',(-1.,0.,0.));
#7186=DIRECTION('',(0.,0.0995037190209986,0.995037190209989));
#7187=DIRECTION('center_axis',(0.,0.,1.));
#7188=DIRECTION('ref_axis',(-0.707106781186548,0.707106781186548,0.));
#7189=DIRECTION('center_axis',(0.,0.,1.));
#7190=DIRECTION('ref_axis',(-0.707106781186548,0.707106781186548,0.));
#7191=DIRECTION('',(-0.0995037190210003,0.,0.995037190209989));
#7192=DIRECTION('center_axis',(-0.995037190209989,-9.55427631506553E-17,
-0.0995037190209986));
#7193=DIRECTION('ref_axis',(-0.0995037190209986,0.,0.995037190209989));
#7194=DIRECTION('',(9.60192886162298E-17,-1.,0.));
#7195=DIRECTION('',(-0.0995037190209986,4.33047573980343E-15,0.995037190209989));
#7196=DIRECTION('center_axis',(0.,0.,-1.));
#7197=DIRECTION('ref_axis',(-1.,0.,0.));
#7198=DIRECTION('',(-1.,0.,0.));
#7199=DIRECTION('center_axis',(0.,0.,-1.));
#7200=DIRECTION('ref_axis',(-0.707106781186547,0.707106781186547,0.));
#7201=DIRECTION('',(3.27140314424443E-16,-1.,0.));
#7202=DIRECTION('',(-1.,4.35207425653061E-14,0.));
#7203=DIRECTION('center_axis',(-1.,0.,0.));
#7204=DIRECTION('ref_axis',(0.,-1.,0.));
#7205=DIRECTION('',(0.,1.,0.));
#7206=DIRECTION('',(0.,0.,1.));
#7207=DIRECTION('',(0.,-1.,0.));
#7208=DIRECTION('',(0.,0.,1.));
#7209=DIRECTION('center_axis',(0.,-1.,0.));
#7210=DIRECTION('ref_axis',(1.,0.,0.));
#7211=DIRECTION('',(-1.,0.,0.));
#7212=DIRECTION('',(1.,0.,0.));
#7213=DIRECTION('',(0.,0.,1.));
#7214=DIRECTION('center_axis',(1.,0.,0.));
#7215=DIRECTION('ref_axis',(0.,1.,0.));
#7216=DIRECTION('',(0.,-1.,0.));
#7217=DIRECTION('',(0.,1.,0.));
#7218=DIRECTION('',(0.,0.,1.));
#7219=DIRECTION('center_axis',(0.,0.,1.));
#7220=DIRECTION('ref_axis',(-1.,0.,0.));
#7221=DIRECTION('center_axis',(0.,0.,1.));
#7222=DIRECTION('ref_axis',(-1.,0.,0.));
#7223=DIRECTION('center_axis',(0.,0.,-1.));
#7224=DIRECTION('ref_axis',(-1.,0.,0.));
#7225=DIRECTION('',(0.,0.,1.));
#7226=DIRECTION('center_axis',(0.,1.,0.));
#7227=DIRECTION('ref_axis',(-1.,0.,0.));
#7228=DIRECTION('',(1.,0.,0.));
#7229=DIRECTION('',(-1.,0.,0.));
#7230=DIRECTION('',(0.,0.,1.));
#7231=DIRECTION('center_axis',(0.,0.,1.));
#7232=DIRECTION('ref_axis',(0.,-1.,0.));
#7233=DIRECTION('center_axis',(0.,0.,1.));
#7234=DIRECTION('ref_axis',(0.,-1.,0.));
#7235=DIRECTION('center_axis',(0.,0.,-1.));
#7236=DIRECTION('ref_axis',(0.,-1.,0.));
#7237=DIRECTION('center_axis',(0.,0.,1.));
#7238=DIRECTION('ref_axis',(-1.,0.,0.));
#7239=DIRECTION('',(-1.,0.,0.));
#7240=DIRECTION('',(0.,-1.,0.));
#7241=DIRECTION('center_axis',(0.,0.,1.));
#7242=DIRECTION('ref_axis',(-1.,0.,0.));
#7243=DIRECTION('',(1.,0.,0.));
#7244=DIRECTION('center_axis',(0.,0.,1.));
#7245=DIRECTION('ref_axis',(0.,-1.,0.));
#7246=DIRECTION('',(0.,1.,0.));
#7247=DIRECTION('center_axis',(0.,0.,-1.));
#7248=DIRECTION('ref_axis',(0.707106781186547,0.707106781186547,0.));
#7249=DIRECTION('center_axis',(0.,0.,1.));
#7250=DIRECTION('ref_axis',(1.,0.,0.));
#7251=DIRECTION('',(0.,0.,-1.));
#7252=DIRECTION('center_axis',(0.,0.,-1.));
#7253=DIRECTION('ref_axis',(0.707106781186547,0.707106781186547,0.));
#7254=DIRECTION('',(0.,0.,1.));
#7255=DIRECTION('center_axis',(0.408248290463864,-0.816496580927727,0.408248290463861));
#7256=DIRECTION('ref_axis',(0.577350269189625,0.577350269189625,0.577350269189628));
#7257=DIRECTION('center_axis',(0.,-1.,0.));
#7258=DIRECTION('ref_axis',(0.707106781186547,0.,0.707106781186547));
#7259=DIRECTION('center_axis',(-1.,0.,0.));
#7260=DIRECTION('ref_axis',(0.,0.707106781186547,0.707106781186547));
#7261=DIRECTION('center_axis',(-1.,0.,0.));
#7262=DIRECTION('ref_axis',(0.,1.,0.));
#7263=DIRECTION('',(0.,1.,0.));
#7264=DIRECTION('',(0.,-1.,0.));
#7265=DIRECTION('center_axis',(0.,0.,-1.));
#7266=DIRECTION('ref_axis',(-0.707106781186547,0.707106781186547,0.));
#7267=DIRECTION('center_axis',(0.,0.,1.));
#7268=DIRECTION('ref_axis',(0.,1.,0.));
#7269=DIRECTION('',(0.,0.,-1.));
#7270=DIRECTION('',(0.,0.,1.));
#7271=DIRECTION('center_axis',(-0.408248290463864,-0.816496580927727,0.408248290463861));
#7272=DIRECTION('ref_axis',(-0.577350269189625,0.577350269189625,0.577350269189628));
#7273=DIRECTION('center_axis',(1.,0.,0.));
#7274=DIRECTION('ref_axis',(0.,0.707106781186547,0.707106781186547));
#7275=DIRECTION('center_axis',(3.27140314424443E-16,-1.,0.));
#7276=DIRECTION('ref_axis',(-0.707106781186547,0.,0.707106781186547));
#7277=DIRECTION('center_axis',(0.,-1.,0.));
#7278=DIRECTION('ref_axis',(-1.,0.,0.));
#7279=DIRECTION('',(1.,0.,0.));
#7280=DIRECTION('center_axis',(-3.27140314424443E-16,1.,0.));
#7281=DIRECTION('ref_axis',(-0.707106781186547,0.,0.707106781186547));
#7282=DIRECTION('',(3.27140314424443E-16,-1.,0.));
#7283=DIRECTION('center_axis',(-4.35207425653061E-14,-1.,0.));
#7284=DIRECTION('ref_axis',(-0.707106781186547,0.,0.707106781186547));
#7285=DIRECTION('',(-3.27140314424443E-16,1.,0.));
#7286=DIRECTION('center_axis',(1.,0.,0.));
#7287=DIRECTION('ref_axis',(0.,0.707106781186547,0.707106781186547));
#7288=DIRECTION('',(-1.,0.,0.));
#7289=DIRECTION('center_axis',(0.,0.,1.));
#7290=DIRECTION('ref_axis',(1.,0.,0.));
#7291=DIRECTION('center_axis',(0.,0.,1.));
#7292=DIRECTION('ref_axis',(0.,-1.,0.));
#7293=DIRECTION('',(-1.,0.,0.));
#7294=DIRECTION('center_axis',(0.,0.,1.));
#7295=DIRECTION('ref_axis',(-1.,0.,0.));
#7296=DIRECTION('',(0.,1.,0.));
#7297=DIRECTION('',(1.,0.,0.));
#7298=DIRECTION('',(0.,-1.,0.));
#7299=DIRECTION('',(1.,0.,0.));
#7300=DIRECTION('',(1.,-4.35207425653061E-14,0.));
#7301=DIRECTION('',(-1.77635683940025E-15,-1.,0.));
#7302=DIRECTION('',(-1.,0.,0.));
#7303=DIRECTION('',(0.,1.,0.));
#7304=DIRECTION('center_axis',(1.,0.,0.));
#7305=DIRECTION('ref_axis',(0.,0.707106781186547,0.707106781186547));
#7306=DIRECTION('center_axis',(-1.,1.77635683940025E-15,0.));
#7307=DIRECTION('ref_axis',(0.,0.707106781186547,0.707106781186547));
#7308=DIRECTION('',(1.,0.,0.));
#7309=DIRECTION('center_axis',(0.,-1.,0.));
#7310=DIRECTION('ref_axis',(0.707106781186547,0.,0.707106781186547));
#7311=DIRECTION('center_axis',(-1.,0.,0.));
#7312=DIRECTION('ref_axis',(0.,-0.707106781186547,0.707106781186547));
#7313=DIRECTION('',(-1.,0.,0.));
#7314=DIRECTION('center_axis',(0.,1.,0.));
#7315=DIRECTION('ref_axis',(1.,0.,0.));
#7316=DIRECTION('',(1.,0.,0.));
#7317=DIRECTION('center_axis',(-4.35207425653061E-14,-1.,0.));
#7318=DIRECTION('ref_axis',(-1.,4.35207425653061E-14,0.));
#7319=DIRECTION('',(0.,0.,-1.));
#7320=DIRECTION('center_axis',(1.,3.27140314424443E-16,0.));
#7321=DIRECTION('ref_axis',(3.27140314424443E-16,-1.,0.));
#7322=DIRECTION('center_axis',(-1.,1.77635683940025E-15,0.));
#7323=DIRECTION('ref_axis',(1.77635683940025E-15,1.,0.));
#7324=DIRECTION('',(1.77635683940025E-15,1.,0.));
#7325=DIRECTION('',(0.,0.,-1.));
#7326=DIRECTION('center_axis',(0.,-1.,0.));
#7327=DIRECTION('ref_axis',(-1.,0.,0.));
#7328=DIRECTION('',(-1.,0.,0.));
#7329=DIRECTION('center_axis',(0.,0.,-1.));
#7330=DIRECTION('ref_axis',(-1.,0.,0.));
#7331=DIRECTION('center_axis',(0.,0.,-1.));
#7332=DIRECTION('ref_axis',(-1.,0.,0.));
#7333=DIRECTION('center_axis',(0.,-1.,0.));
#7334=DIRECTION('ref_axis',(1.,0.,0.));
#7335=DIRECTION('',(0.,0.,1.));
#7336=DIRECTION('',(0.,0.,1.));
#7337=DIRECTION('center_axis',(0.,0.,1.));
#7338=DIRECTION('ref_axis',(-1.,0.,0.));
#7339=DIRECTION('',(0.,0.,1.));
#7340=DIRECTION('center_axis',(-1.,0.,0.));
#7341=DIRECTION('ref_axis',(0.,-1.,0.));
#7342=DIRECTION('',(0.,0.,1.));
#7343=DIRECTION('center_axis',(0.,1.,0.));
#7344=DIRECTION('ref_axis',(-1.,0.,0.));
#7345=DIRECTION('',(0.,0.,1.));
#7346=DIRECTION('center_axis',(1.,0.,0.));
#7347=DIRECTION('ref_axis',(0.,1.,0.));
#7348=DIRECTION('',(0.,0.,1.));
#7349=DIRECTION('center_axis',(0.,0.,1.));
#7350=DIRECTION('ref_axis',(0.,-1.,0.));
#7351=DIRECTION('center_axis',(0.,0.,1.));
#7352=DIRECTION('ref_axis',(1.,0.,0.));
#7353=CARTESIAN_POINT('',(0.,0.,0.));
#7354=CARTESIAN_POINT('Origin',(10.7628072547849,-50.,58.0316884642981));
#7355=CARTESIAN_POINT('',(10.7628072547849,-50.,58.0316884642981));
#7356=CARTESIAN_POINT('',(15.2159322547849,-50.,58.0316884642981));
#7357=CARTESIAN_POINT('',(30.3814036273924,-50.,58.0316884642981));
#7358=CARTESIAN_POINT('',(10.7628072547849,-49.5,58.0316884642981));
#7359=CARTESIAN_POINT('',(10.7628072547849,-50.,58.0316884642981));
#7360=CARTESIAN_POINT('',(15.2159322547849,-49.5,58.0316884642981));
#7361=CARTESIAN_POINT('',(10.7628072547849,-49.5,58.0316884642981));
#7362=CARTESIAN_POINT('',(15.2159322547849,-50.,58.0316884642981));
#7363=CARTESIAN_POINT('Ctrl Pts',(7.30577600478489,-50.,53.4516103392981));
#7364=CARTESIAN_POINT('Ctrl Pts',(7.30577600478489,-49.5,53.4516103392981));
#7365=CARTESIAN_POINT('Ctrl Pts',(8.07333187436539,-50.,54.1159802043348));
#7366=CARTESIAN_POINT('Ctrl Pts',(8.07333187436539,-49.5,54.1159802043348));
#7367=CARTESIAN_POINT('Ctrl Pts',(9.55399266096623,-50.,55.3975890694939));
#7368=CARTESIAN_POINT('Ctrl Pts',(9.55399266096623,-49.5,55.3975890694939));
#7369=CARTESIAN_POINT('Ctrl Pts',(10.3698702929229,-50.,57.1754487905469));
#7370=CARTESIAN_POINT('Ctrl Pts',(10.3698702929229,-49.5,57.1754487905469));
#7371=CARTESIAN_POINT('Ctrl Pts',(10.7628072547849,-50.,58.0316884642981));
#7372=CARTESIAN_POINT('Ctrl Pts',(10.7628072547849,-49.5,58.0316884642981));
#7373=CARTESIAN_POINT('',(7.30577600478489,-50.,53.4516103392981));
#7374=CARTESIAN_POINT('Ctrl Pts',(7.30577600478489,-50.,53.4516103392981));
#7375=CARTESIAN_POINT('Ctrl Pts',(8.07333187436539,-50.,54.1159802043348));
#7376=CARTESIAN_POINT('Ctrl Pts',(9.55399266096623,-50.,55.3975890694939));
#7377=CARTESIAN_POINT('Ctrl Pts',(10.3698702929229,-50.,57.1754487905469));
#7378=CARTESIAN_POINT('Ctrl Pts',(10.7628072547849,-50.,58.0316884642981));
#7379=CARTESIAN_POINT('',(7.30577600478489,-49.5,53.4516103392981));
#7380=CARTESIAN_POINT('',(7.30577600478489,-50.,53.4516103392981));
#7381=CARTESIAN_POINT('Ctrl Pts',(7.30577600478489,-49.5,53.4516103392981));
#7382=CARTESIAN_POINT('Ctrl Pts',(8.07333187436539,-49.5,54.1159802043348));
#7383=CARTESIAN_POINT('Ctrl Pts',(9.55399266096623,-49.5,55.3975890694939));
#7384=CARTESIAN_POINT('Ctrl Pts',(10.3698702929229,-49.5,57.1754487905469));
#7385=CARTESIAN_POINT('Ctrl Pts',(10.7628072547849,-49.5,58.0316884642981));
#7386=CARTESIAN_POINT('Ctrl Pts',(2.63780725478489,-50.,50.7855947142981));
#7387=CARTESIAN_POINT('Ctrl Pts',(2.63780725478489,-49.5,50.7855947142981));
#7388=CARTESIAN_POINT('Ctrl Pts',(3.40044948944215,-50.,51.097206603209));
#7389=CARTESIAN_POINT('Ctrl Pts',(3.40044948944215,-49.5,51.097206603209));
#7390=CARTESIAN_POINT('Ctrl Pts',(5.07190703543718,-50.,51.7801559855968));
#7391=CARTESIAN_POINT('Ctrl Pts',(5.07190703543718,-49.5,51.7801559855968));
#7392=CARTESIAN_POINT('Ctrl Pts',(6.51896994390802,-50.,52.8628961246254));
#7393=CARTESIAN_POINT('Ctrl Pts',(6.51896994390802,-49.5,52.8628961246254));
#7394=CARTESIAN_POINT('Ctrl Pts',(7.30577600478489,-50.,53.4516103392981));
#7395=CARTESIAN_POINT('Ctrl Pts',(7.30577600478489,-49.5,53.4516103392981));
#7396=CARTESIAN_POINT('',(2.63780725478489,-50.,50.7855947142981));
#7397=CARTESIAN_POINT('Ctrl Pts',(2.63780725478489,-50.,50.7855947142981));
#7398=CARTESIAN_POINT('Ctrl Pts',(3.40044948944215,-50.,51.097206603209));
#7399=CARTESIAN_POINT('Ctrl Pts',(5.07190703543718,-50.,51.7801559855968));
#7400=CARTESIAN_POINT('Ctrl Pts',(6.51896994390802,-50.,52.8628961246254));
#7401=CARTESIAN_POINT('Ctrl Pts',(7.30577600478489,-50.,53.4516103392981));
#7402=CARTESIAN_POINT('',(2.63780725478489,-49.5,50.7855947142981));
#7403=CARTESIAN_POINT('',(2.63780725478489,-50.,50.7855947142981));
#7404=CARTESIAN_POINT('Ctrl Pts',(2.63780725478489,-49.5,50.7855947142981));
#7405=CARTESIAN_POINT('Ctrl Pts',(3.40044948944215,-49.5,51.097206603209));
#7406=CARTESIAN_POINT('Ctrl Pts',(5.07190703543718,-49.5,51.7801559855968));
#7407=CARTESIAN_POINT('Ctrl Pts',(6.51896994390802,-49.5,52.8628961246254));
#7408=CARTESIAN_POINT('Ctrl Pts',(7.30577600478489,-49.5,53.4516103392981));
#7409=CARTESIAN_POINT('Origin',(2.63780725478489,-50.,45.8051259642981));
#7410=CARTESIAN_POINT('',(2.63780725478489,-50.,45.8051259642981));
#7411=CARTESIAN_POINT('',(2.6378072547849,-50.,22.902562982149));
#7412=CARTESIAN_POINT('',(2.63780725478489,-49.5,45.8051259642981));
#7413=CARTESIAN_POINT('',(2.63780725478489,-50.,45.8051259642981));
#7414=CARTESIAN_POINT('',(2.63780725478489,-49.5,45.8051259642981));
#7415=CARTESIAN_POINT('Ctrl Pts',(9.72765100478489,-50.,49.9652822142981));
#7416=CARTESIAN_POINT('Ctrl Pts',(9.72765100478489,-49.5,49.9652822142981));
#7417=CARTESIAN_POINT('Ctrl Pts',(8.67287262695107,-50.,49.0863878934861));
#7418=CARTESIAN_POINT('Ctrl Pts',(8.67287262695107,-49.5,49.0863878934861));
#7419=CARTESIAN_POINT('Ctrl Pts',(6.53957665989833,-50.,47.3088185486306));
#7420=CARTESIAN_POINT('Ctrl Pts',(6.53957665989833,-49.5,47.3088185486306));
#7421=CARTESIAN_POINT('Ctrl Pts',(3.94800999811472,-50.,46.3100615318729));
#7422=CARTESIAN_POINT('Ctrl Pts',(3.94800999811472,-49.5,46.3100615318729));
#7423=CARTESIAN_POINT('Ctrl Pts',(2.63780725478489,-50.,45.8051259642981));
#7424=CARTESIAN_POINT('Ctrl Pts',(2.63780725478489,-49.5,45.8051259642981));
#7425=CARTESIAN_POINT('',(9.7276510047849,-50.,49.9652822142981));
#7426=CARTESIAN_POINT('Ctrl Pts',(9.72765100478489,-50.,49.9652822142981));
#7427=CARTESIAN_POINT('Ctrl Pts',(8.67287262695107,-50.,49.0863878934861));
#7428=CARTESIAN_POINT('Ctrl Pts',(6.53957665989833,-50.,47.3088185486306));
#7429=CARTESIAN_POINT('Ctrl Pts',(3.94800999811472,-50.,46.3100615318729));
#7430=CARTESIAN_POINT('Ctrl Pts',(2.63780725478489,-50.,45.8051259642981));
#7431=CARTESIAN_POINT('',(9.7276510047849,-49.5,49.9652822142981));
#7432=CARTESIAN_POINT('',(9.7276510047849,-50.,49.9652822142981));
#7433=CARTESIAN_POINT('Ctrl Pts',(9.72765100478489,-49.5,49.9652822142981));
#7434=CARTESIAN_POINT('Ctrl Pts',(8.67287262695107,-49.5,49.0863878934861));
#7435=CARTESIAN_POINT('Ctrl Pts',(6.53957665989833,-49.5,47.3088185486306));
#7436=CARTESIAN_POINT('Ctrl Pts',(3.94800999811472,-49.5,46.3100615318729));
#7437=CARTESIAN_POINT('Ctrl Pts',(2.63780725478489,-49.5,45.8051259642981));
#7438=CARTESIAN_POINT('Origin',(9.7276510047849,-50.,29.2816884642981));
#7439=CARTESIAN_POINT('',(9.7276510047849,-50.,29.2816884642981));
#7440=CARTESIAN_POINT('',(9.72765100478491,-50.,14.640844232149));
#7441=CARTESIAN_POINT('',(9.7276510047849,-49.5,29.2816884642981));
#7442=CARTESIAN_POINT('',(9.7276510047849,-50.,29.2816884642981));
#7443=CARTESIAN_POINT('',(9.7276510047849,-49.5,29.2816884642981));
#7444=CARTESIAN_POINT('Origin',(15.2159322547849,-50.,29.2816884642981));
#7445=CARTESIAN_POINT('',(15.2159322547849,-50.,29.2816884642981));
#7446=CARTESIAN_POINT('',(32.6079661273925,-50.,29.2816884642981));
#7447=CARTESIAN_POINT('',(15.2159322547849,-49.5,29.2816884642981));
#7448=CARTESIAN_POINT('',(15.2159322547849,-50.,29.2816884642981));
#7449=CARTESIAN_POINT('',(15.2159322547849,-49.5,29.2816884642981));
#7450=CARTESIAN_POINT('Origin',(15.2159322547849,-50.,58.0316884642981));
#7451=CARTESIAN_POINT('',(15.2159322547849,-50.,29.015844232149));
#7452=CARTESIAN_POINT('',(15.2159322547849,-49.5,58.0316884642981));
#7453=CARTESIAN_POINT('Origin',(-1.0926614952151,-49.5,43.6566884642981));
#7454=CARTESIAN_POINT('Origin',(-9.27625524521511,-50.,58.031688464298));
#7455=CARTESIAN_POINT('',(-9.27625524521511,-50.,58.031688464298));
#7456=CARTESIAN_POINT('',(-4.82313024521511,-50.,58.031688464298));
#7457=CARTESIAN_POINT('',(20.3618723773924,-50.,58.031688464298));
#7458=CARTESIAN_POINT('',(-9.27625524521511,-49.5,58.031688464298));
#7459=CARTESIAN_POINT('',(-9.27625524521511,-50.,58.031688464298));
#7460=CARTESIAN_POINT('',(-4.82313024521511,-49.5,58.031688464298));
#7461=CARTESIAN_POINT('',(-9.27625524521511,-49.5,58.031688464298));
#7462=CARTESIAN_POINT('',(-4.82313024521511,-50.,58.031688464298));
#7463=CARTESIAN_POINT('Ctrl Pts',(-12.7332864952151,-50.,53.451610339298));
#7464=CARTESIAN_POINT('Ctrl Pts',(-12.7332864952151,-49.5,53.451610339298));
#7465=CARTESIAN_POINT('Ctrl Pts',(-11.9657306256346,-50.,54.1159802043348));
#7466=CARTESIAN_POINT('Ctrl Pts',(-11.9657306256346,-49.5,54.1159802043348));
#7467=CARTESIAN_POINT('Ctrl Pts',(-10.4850698390338,-50.,55.3975890694939));
#7468=CARTESIAN_POINT('Ctrl Pts',(-10.4850698390338,-49.5,55.3975890694939));
#7469=CARTESIAN_POINT('Ctrl Pts',(-9.66919220707715,-50.,57.1754487905469));
#7470=CARTESIAN_POINT('Ctrl Pts',(-9.66919220707715,-49.5,57.1754487905469));
#7471=CARTESIAN_POINT('Ctrl Pts',(-9.27625524521511,-50.,58.031688464298));
#7472=CARTESIAN_POINT('Ctrl Pts',(-9.27625524521511,-49.5,58.031688464298));
#7473=CARTESIAN_POINT('',(-12.7332864952151,-50.,53.451610339298));
#7474=CARTESIAN_POINT('Ctrl Pts',(-12.7332864952151,-50.,53.451610339298));
#7475=CARTESIAN_POINT('Ctrl Pts',(-11.9657306256346,-50.,54.1159802043348));
#7476=CARTESIAN_POINT('Ctrl Pts',(-10.4850698390338,-50.,55.3975890694939));
#7477=CARTESIAN_POINT('Ctrl Pts',(-9.66919220707715,-50.,57.1754487905469));
#7478=CARTESIAN_POINT('Ctrl Pts',(-9.27625524521511,-50.,58.031688464298));
#7479=CARTESIAN_POINT('',(-12.7332864952151,-49.5,53.451610339298));
#7480=CARTESIAN_POINT('',(-12.7332864952151,-50.,53.451610339298));
#7481=CARTESIAN_POINT('Ctrl Pts',(-12.7332864952151,-49.5,53.451610339298));
#7482=CARTESIAN_POINT('Ctrl Pts',(-11.9657306256346,-49.5,54.1159802043348));
#7483=CARTESIAN_POINT('Ctrl Pts',(-10.4850698390338,-49.5,55.3975890694939));
#7484=CARTESIAN_POINT('Ctrl Pts',(-9.66919220707715,-49.5,57.1754487905469));
#7485=CARTESIAN_POINT('Ctrl Pts',(-9.27625524521511,-49.5,58.031688464298));
#7486=CARTESIAN_POINT('Ctrl Pts',(-17.4012552452151,-50.,50.785594714298));
#7487=CARTESIAN_POINT('Ctrl Pts',(-17.4012552452151,-49.5,50.785594714298));
#7488=CARTESIAN_POINT('Ctrl Pts',(-16.6386130105578,-50.,51.097206603209));
#7489=CARTESIAN_POINT('Ctrl Pts',(-16.6386130105578,-49.5,51.097206603209));
#7490=CARTESIAN_POINT('Ctrl Pts',(-14.9671554645628,-50.,51.7801559855968));
#7491=CARTESIAN_POINT('Ctrl Pts',(-14.9671554645628,-49.5,51.7801559855968));
#7492=CARTESIAN_POINT('Ctrl Pts',(-13.520092556092,-50.,52.8628961246254));
#7493=CARTESIAN_POINT('Ctrl Pts',(-13.520092556092,-49.5,52.8628961246254));
#7494=CARTESIAN_POINT('Ctrl Pts',(-12.7332864952151,-50.,53.451610339298));
#7495=CARTESIAN_POINT('Ctrl Pts',(-12.7332864952151,-49.5,53.451610339298));
#7496=CARTESIAN_POINT('',(-17.4012552452151,-50.,50.785594714298));
#7497=CARTESIAN_POINT('Ctrl Pts',(-17.4012552452151,-50.,50.785594714298));
#7498=CARTESIAN_POINT('Ctrl Pts',(-16.6386130105578,-50.,51.097206603209));
#7499=CARTESIAN_POINT('Ctrl Pts',(-14.9671554645628,-50.,51.7801559855968));
#7500=CARTESIAN_POINT('Ctrl Pts',(-13.520092556092,-50.,52.8628961246254));
#7501=CARTESIAN_POINT('Ctrl Pts',(-12.7332864952151,-50.,53.451610339298));
#7502=CARTESIAN_POINT('',(-17.4012552452151,-49.5,50.785594714298));
#7503=CARTESIAN_POINT('',(-17.4012552452151,-50.,50.785594714298));
#7504=CARTESIAN_POINT('Ctrl Pts',(-17.4012552452151,-49.5,50.785594714298));
#7505=CARTESIAN_POINT('Ctrl Pts',(-16.6386130105578,-49.5,51.097206603209));
#7506=CARTESIAN_POINT('Ctrl Pts',(-14.9671554645628,-49.5,51.7801559855968));
#7507=CARTESIAN_POINT('Ctrl Pts',(-13.520092556092,-49.5,52.8628961246254));
#7508=CARTESIAN_POINT('Ctrl Pts',(-12.7332864952151,-49.5,53.451610339298));
#7509=CARTESIAN_POINT('Origin',(-17.4012552452151,-50.,45.805125964298));
#7510=CARTESIAN_POINT('',(-17.4012552452151,-50.,45.805125964298));
#7511=CARTESIAN_POINT('',(-17.4012552452151,-50.,22.902562982149));
#7512=CARTESIAN_POINT('',(-17.4012552452151,-49.5,45.805125964298));
#7513=CARTESIAN_POINT('',(-17.4012552452151,-50.,45.805125964298));
#7514=CARTESIAN_POINT('',(-17.4012552452151,-49.5,45.805125964298));
#7515=CARTESIAN_POINT('Ctrl Pts',(-10.3114114952151,-50.,49.965282214298));
#7516=CARTESIAN_POINT('Ctrl Pts',(-10.3114114952151,-49.5,49.965282214298));
#7517=CARTESIAN_POINT('Ctrl Pts',(-11.3661898730489,-50.,49.0863878934861));
#7518=CARTESIAN_POINT('Ctrl Pts',(-11.3661898730489,-49.5,49.0863878934861));
#7519=CARTESIAN_POINT('Ctrl Pts',(-13.4994858401017,-50.,47.3088185486306));
#7520=CARTESIAN_POINT('Ctrl Pts',(-13.4994858401017,-49.5,47.3088185486306));
#7521=CARTESIAN_POINT('Ctrl Pts',(-16.0910525018853,-50.,46.3100615318729));
#7522=CARTESIAN_POINT('Ctrl Pts',(-16.0910525018853,-49.5,46.3100615318729));
#7523=CARTESIAN_POINT('Ctrl Pts',(-17.4012552452151,-50.,45.805125964298));
#7524=CARTESIAN_POINT('Ctrl Pts',(-17.4012552452151,-49.5,45.805125964298));
#7525=CARTESIAN_POINT('',(-10.3114114952151,-50.,49.9652822142981));
#7526=CARTESIAN_POINT('Ctrl Pts',(-10.3114114952151,-50.,49.965282214298));
#7527=CARTESIAN_POINT('Ctrl Pts',(-11.3661898730489,-50.,49.0863878934861));
#7528=CARTESIAN_POINT('Ctrl Pts',(-13.4994858401017,-50.,47.3088185486306));
#7529=CARTESIAN_POINT('Ctrl Pts',(-16.0910525018853,-50.,46.3100615318729));
#7530=CARTESIAN_POINT('Ctrl Pts',(-17.4012552452151,-50.,45.805125964298));
#7531=CARTESIAN_POINT('',(-10.3114114952151,-49.5,49.9652822142981));
#7532=CARTESIAN_POINT('',(-10.3114114952151,-50.,49.9652822142981));
#7533=CARTESIAN_POINT('Ctrl Pts',(-10.3114114952151,-49.5,49.965282214298));
#7534=CARTESIAN_POINT('Ctrl Pts',(-11.3661898730489,-49.5,49.0863878934861));
#7535=CARTESIAN_POINT('Ctrl Pts',(-13.4994858401017,-49.5,47.3088185486306));
#7536=CARTESIAN_POINT('Ctrl Pts',(-16.0910525018853,-49.5,46.3100615318729));
#7537=CARTESIAN_POINT('Ctrl Pts',(-17.4012552452151,-49.5,45.805125964298));
#7538=CARTESIAN_POINT('Origin',(-10.3114114952151,-50.,29.2816884642981));
#7539=CARTESIAN_POINT('',(-10.3114114952151,-50.,29.2816884642981));
#7540=CARTESIAN_POINT('',(-10.3114114952151,-50.,14.640844232149));
#7541=CARTESIAN_POINT('',(-10.3114114952151,-49.5,29.2816884642981));
#7542=CARTESIAN_POINT('',(-10.3114114952151,-50.,29.2816884642981));
#7543=CARTESIAN_POINT('',(-10.3114114952151,-49.5,29.2816884642981));
#7544=CARTESIAN_POINT('Origin',(-4.8231302452151,-50.,29.2816884642981));
#7545=CARTESIAN_POINT('',(-4.8231302452151,-50.,29.2816884642981));
#7546=CARTESIAN_POINT('',(22.5884348773925,-50.,29.2816884642981));
#7547=CARTESIAN_POINT('',(-4.8231302452151,-49.5,29.2816884642981));
#7548=CARTESIAN_POINT('',(-4.8231302452151,-50.,29.2816884642981));
#7549=CARTESIAN_POINT('',(-4.8231302452151,-49.5,29.2816884642981));
#7550=CARTESIAN_POINT('Origin',(-4.82313024521511,-50.,58.031688464298));
#7551=CARTESIAN_POINT('',(-4.8231302452151,-50.,29.015844232149));
#7552=CARTESIAN_POINT('',(-4.82313024521511,-49.5,58.0316884642981));
#7553=CARTESIAN_POINT('Origin',(-1.0926614952151,-49.5,43.6566884642981));
#7554=CARTESIAN_POINT('Origin',(-35.,50.,74.));
#7555=CARTESIAN_POINT('',(-36.,50.,74.));
#7556=CARTESIAN_POINT('',(-35.,50.,75.));
#7557=CARTESIAN_POINT('Origin',(-35.,50.,74.));
#7558=CARTESIAN_POINT('',(-35.,47.5,75.));
#7559=CARTESIAN_POINT('',(-35.,50.,75.));
#7560=CARTESIAN_POINT('',(-36.,47.5,74.));
#7561=CARTESIAN_POINT('Origin',(-35.,47.5,74.));
#7562=CARTESIAN_POINT('',(-36.,50.,74.));
#7563=CARTESIAN_POINT('Origin',(-10.,50.,75.));
#7564=CARTESIAN_POINT('',(-11.,50.,75.));
#7565=CARTESIAN_POINT('',(-30.,50.,75.));
#7566=CARTESIAN_POINT('',(-11.,47.5,75.));
#7567=CARTESIAN_POINT('',(-11.,50.,75.));
#7568=CARTESIAN_POINT('',(-28.75,47.5,75.));
#7569=CARTESIAN_POINT('Origin',(-35.,50.,67.));
#7570=CARTESIAN_POINT('',(-35.,50.,66.));
#7571=CARTESIAN_POINT('',(-36.,50.,67.));
#7572=CARTESIAN_POINT('Origin',(-35.,50.,67.));
#7573=CARTESIAN_POINT('',(-36.,47.5,67.));
#7574=CARTESIAN_POINT('',(-36.,50.,67.));
#7575=CARTESIAN_POINT('',(-35.,47.5,66.));
#7576=CARTESIAN_POINT('Origin',(-35.,47.5,67.));
#7577=CARTESIAN_POINT('',(-35.,50.,66.));
#7578=CARTESIAN_POINT('Origin',(-36.,50.,75.));
#7579=CARTESIAN_POINT('',(-36.,47.5,37.5));
#7580=CARTESIAN_POINT('',(-36.,50.,37.5));
#7581=CARTESIAN_POINT('Origin',(-11.,50.,74.));
#7582=CARTESIAN_POINT('',(-10.,50.,74.));
#7583=CARTESIAN_POINT('Origin',(-11.,50.,74.));
#7584=CARTESIAN_POINT('',(-10.,47.5,74.));
#7585=CARTESIAN_POINT('',(-10.,50.,74.));
#7586=CARTESIAN_POINT('Origin',(-11.,47.5,74.));
#7587=CARTESIAN_POINT('Origin',(-10.,50.,66.));
#7588=CARTESIAN_POINT('',(-10.,50.,67.));
#7589=CARTESIAN_POINT('',(-10.,50.,33.));
#7590=CARTESIAN_POINT('',(-10.,47.5,67.));
#7591=CARTESIAN_POINT('',(-10.,50.,67.));
#7592=CARTESIAN_POINT('',(-10.,47.5,33.));
#7593=CARTESIAN_POINT('Origin',(-11.,50.,67.));
#7594=CARTESIAN_POINT('',(-11.,50.,66.));
#7595=CARTESIAN_POINT('Origin',(-11.,50.,67.));
#7596=CARTESIAN_POINT('',(-11.,47.5,66.));
#7597=CARTESIAN_POINT('',(-11.,50.,66.));
#7598=CARTESIAN_POINT('Origin',(-11.,47.5,67.));
#7599=CARTESIAN_POINT('Origin',(-36.,50.,66.));
#7600=CARTESIAN_POINT('',(-41.75,47.5,66.));
#7601=CARTESIAN_POINT('',(-43.,50.,66.));
#7602=CARTESIAN_POINT('Origin',(40.,50.,75.));
#7603=CARTESIAN_POINT('',(42.6,-47.5,75.));
#7604=CARTESIAN_POINT('Origin',(40.,-47.5,75.));
#7605=CARTESIAN_POINT('',(42.6,-50.,75.));
#7606=CARTESIAN_POINT('',(42.6,50.,75.));
#7607=CARTESIAN_POINT('Origin',(40.,-50.,75.));
#7608=CARTESIAN_POINT('Origin',(40.,50.,75.));
#7609=CARTESIAN_POINT('',(42.6,50.,75.));
#7610=CARTESIAN_POINT('Origin',(40.,50.,75.));
#7611=CARTESIAN_POINT('',(42.6,47.5,75.));
#7612=CARTESIAN_POINT('',(42.6,50.,75.));
#7613=CARTESIAN_POINT('Origin',(40.,47.5,75.));
#7614=CARTESIAN_POINT('Origin',(-40.,50.,75.));
#7615=CARTESIAN_POINT('',(-37.4,-47.5,75.));
#7616=CARTESIAN_POINT('Origin',(-40.,-47.5,75.));
#7617=CARTESIAN_POINT('',(-37.4,-50.,75.));
#7618=CARTESIAN_POINT('',(-37.4,50.,75.));
#7619=CARTESIAN_POINT('Origin',(-40.,-50.,75.));
#7620=CARTESIAN_POINT('Origin',(-40.,50.,75.));
#7621=CARTESIAN_POINT('',(-37.4,50.,75.));
#7622=CARTESIAN_POINT('Origin',(-40.,50.,75.));
#7623=CARTESIAN_POINT('',(-37.4,47.5,75.));
#7624=CARTESIAN_POINT('',(-37.4,50.,75.));
#7625=CARTESIAN_POINT('Origin',(-40.,47.5,75.));
#7626=CARTESIAN_POINT('Origin',(50.,-40.,80.));
#7627=CARTESIAN_POINT('',(-47.5,35.,80.));
#7628=CARTESIAN_POINT('',(-50.,35.,80.));
#7629=CARTESIAN_POINT('',(50.,35.,80.));
#7630=CARTESIAN_POINT('',(-47.5,-35.,80.));
#7631=CARTESIAN_POINT('',(-47.5,-43.75,80.));
#7632=CARTESIAN_POINT('',(-50.,-35.,80.));
#7633=CARTESIAN_POINT('',(50.,-35.,80.));
#7634=CARTESIAN_POINT('',(-50.,-45.,80.));
#7635=CARTESIAN_POINT('Origin',(50.,-40.,80.));
#7636=CARTESIAN_POINT('',(50.,35.,80.));
#7637=CARTESIAN_POINT('',(47.5,35.,80.));
#7638=CARTESIAN_POINT('',(50.,35.,80.));
#7639=CARTESIAN_POINT('',(50.,-35.,80.));
#7640=CARTESIAN_POINT('',(50.,5.,80.));
#7641=CARTESIAN_POINT('',(47.5,-35.,80.));
#7642=CARTESIAN_POINT('',(50.,-35.,80.));
#7643=CARTESIAN_POINT('',(47.5,3.75,80.));
#7644=CARTESIAN_POINT('Origin',(50.,-35.,75.));
#7645=CARTESIAN_POINT('',(50.,-35.,70.));
#7646=CARTESIAN_POINT('Origin',(50.,-35.,75.));
#7647=CARTESIAN_POINT('',(47.5,-35.,70.));
#7648=CARTESIAN_POINT('',(50.,-35.,70.));
#7649=CARTESIAN_POINT('Origin',(47.5,-35.,75.));
#7650=CARTESIAN_POINT('Origin',(50.,40.,70.));
#7651=CARTESIAN_POINT('',(50.,35.,70.));
#7652=CARTESIAN_POINT('',(50.,45.,70.));
#7653=CARTESIAN_POINT('',(47.5,35.,70.));
#7654=CARTESIAN_POINT('',(50.,35.,70.));
#7655=CARTESIAN_POINT('',(47.5,43.75,70.));
#7656=CARTESIAN_POINT('Origin',(50.,-35.,75.));
#7657=CARTESIAN_POINT('',(-47.5,-35.,70.));
#7658=CARTESIAN_POINT('Origin',(-47.5,-35.,75.));
#7659=CARTESIAN_POINT('',(-50.,-35.,70.));
#7660=CARTESIAN_POINT('',(50.,-35.,70.));
#7661=CARTESIAN_POINT('Origin',(-50.,-35.,75.));
#7662=CARTESIAN_POINT('Origin',(50.,40.,70.));
#7663=CARTESIAN_POINT('',(-47.5,35.,70.));
#7664=CARTESIAN_POINT('',(-47.5,-3.75,70.));
#7665=CARTESIAN_POINT('',(-50.,35.,70.));
#7666=CARTESIAN_POINT('',(50.,35.,70.));
#7667=CARTESIAN_POINT('',(-50.,-5.,70.));
#7668=CARTESIAN_POINT('Origin',(50.,35.,75.));
#7669=CARTESIAN_POINT('Origin',(-47.5,35.,75.));
#7670=CARTESIAN_POINT('Origin',(-50.,35.,75.));
#7671=CARTESIAN_POINT('Origin',(50.,35.,75.));
#7672=CARTESIAN_POINT('Origin',(50.,35.,75.));
#7673=CARTESIAN_POINT('Origin',(47.5,35.,75.));
#7674=CARTESIAN_POINT('Origin',(-3.73969860926349E-16,-43.5,-3.5));
#7675=CARTESIAN_POINT('',(1.7203144029786,-47.5,-2.5));
#7676=CARTESIAN_POINT('',(1.48326119000754,-46.9488142107963,-2.7));
#7677=CARTESIAN_POINT('Origin',(1.7203144029786,-47.5,-3.5));
#7678=CARTESIAN_POINT('',(3.75419341482066,-43.479627899215,-2.7));
#7679=CARTESIAN_POINT('Origin',(-3.73969860926349E-16,-43.5,-2.7));
#7680=CARTESIAN_POINT('',(-1.48326119000754,-46.9488142107963,-2.7));
#7681=CARTESIAN_POINT('Origin',(-3.73969860926349E-16,-43.5,-2.7));
#7682=CARTESIAN_POINT('',(-1.7203144029786,-47.5,-2.5));
#7683=CARTESIAN_POINT('Origin',(-1.7203144029786,-47.5,-3.5));
#7684=CARTESIAN_POINT('Origin',(-3.73969860926349E-16,-43.5,-2.5));
#7685=CARTESIAN_POINT('Ctrl Pts',(-1.72031440297861,-47.5,-2.5));
#7686=CARTESIAN_POINT('Ctrl Pts',(-1.25451545426758,-47.6430929714928,-2.5));
#7687=CARTESIAN_POINT('Ctrl Pts',(-0.0911190461565559,-47.8782310415806,
-2.47048211946887));
#7688=CARTESIAN_POINT('Ctrl Pts',(1.09924913803058,-47.6907906286571,-2.5));
#7689=CARTESIAN_POINT('Ctrl Pts',(1.72031440297861,-47.5,-2.5));
#7690=CARTESIAN_POINT('Ctrl Pts',(-1.63556773331756,-47.3029507408313,-2.5));
#7691=CARTESIAN_POINT('Ctrl Pts',(-1.19373097030286,-47.4548491525617,-2.511442175148));
#7692=CARTESIAN_POINT('Ctrl Pts',(-0.0869643506537236,-47.7064370861322,
-2.49698890779007));
#7693=CARTESIAN_POINT('Ctrl Pts',(1.04645204929798,-47.5054819564718,-2.51525623353067));
#7694=CARTESIAN_POINT('Ctrl Pts',(1.63556773331756,-47.3029507408313,-2.5));
#7695=CARTESIAN_POINT('Ctrl Pts',(-1.55105852573638,-47.1064536181313,-2.57129977824134));
#7696=CARTESIAN_POINT('Ctrl Pts',(-1.13301908834793,-47.2710343757803,-2.5819741510125));
#7697=CARTESIAN_POINT('Ctrl Pts',(-0.0827848058063596,-47.5410071802574,
-2.56520289659385));
#7698=CARTESIAN_POINT('Ctrl Pts',(0.993672609218477,-47.32589462833,-2.58553227526956));
#7699=CARTESIAN_POINT('Ctrl Pts',(1.55105852573639,-47.1064536181313,-2.57129977824134));
#7700=CARTESIAN_POINT('Ctrl Pts',(-1.48326119000754,-46.9488142107963,-2.7));
#7701=CARTESIAN_POINT('Ctrl Pts',(-1.08164768158538,-47.1215395865387,-2.7));
#7702=CARTESIAN_POINT('Ctrl Pts',(-0.0785113328190732,-47.4019516283068,
-2.66693997380513));
#7703=CARTESIAN_POINT('Ctrl Pts',(0.947776512111363,-47.1791147117861,-2.7));
#7704=CARTESIAN_POINT('Ctrl Pts',(1.48326119000755,-46.9488142107963,-2.7));
#7705=CARTESIAN_POINT('Ctrl Pts',(1.72031440297861,-47.5,-2.5));
#7706=CARTESIAN_POINT('Ctrl Pts',(1.09924913803058,-47.6907906286571,-2.5));
#7707=CARTESIAN_POINT('Ctrl Pts',(-0.0911190461565559,-47.8782310415806,
-2.47048211946887));
#7708=CARTESIAN_POINT('Ctrl Pts',(-1.25451545426758,-47.6430929714928,-2.5));
#7709=CARTESIAN_POINT('Ctrl Pts',(-1.72031440297861,-47.5,-2.5));
#7710=CARTESIAN_POINT('Ctrl Pts',(-1.48326119000754,-46.9488142107963,-2.7));
#7711=CARTESIAN_POINT('Ctrl Pts',(-1.08164768158538,-47.1215395865387,-2.7));
#7712=CARTESIAN_POINT('Ctrl Pts',(-0.0785113328190732,-47.4019516283068,
-2.66693997380513));
#7713=CARTESIAN_POINT('Ctrl Pts',(0.947776512111363,-47.1791147117861,-2.7));
#7714=CARTESIAN_POINT('Ctrl Pts',(1.48326119000755,-46.9488142107963,-2.7));
#7715=CARTESIAN_POINT('Origin',(0.,0.,-2.5));
#7716=CARTESIAN_POINT('',(-45.,-47.5,-2.5));
#7717=CARTESIAN_POINT('',(25.,-47.5,-2.5));
#7718=CARTESIAN_POINT('',(-47.5,-45.,-2.5));
#7719=CARTESIAN_POINT('Origin',(-45.,-45.,-2.5));
#7720=CARTESIAN_POINT('',(-47.5,50.,-2.5));
#7721=CARTESIAN_POINT('',(-47.5,-25.,-2.5));
#7722=CARTESIAN_POINT('',(47.5,50.,-2.5));
#7723=CARTESIAN_POINT('',(-25.,50.,-2.5));
#7724=CARTESIAN_POINT('',(47.5,-45.,-2.5));
#7725=CARTESIAN_POINT('',(47.5,25.,-2.5));
#7726=CARTESIAN_POINT('',(45.,-47.5,-2.5));
#7727=CARTESIAN_POINT('Origin',(45.,-45.,-2.5));
#7728=CARTESIAN_POINT('',(25.,-47.5,-2.5));
#7729=CARTESIAN_POINT('',(-4.35424868893542,43.5,-2.5));
#7730=CARTESIAN_POINT('Origin',(-6.03961325396085E-15,43.5,-2.5));
#7731=CARTESIAN_POINT('',(27.5,36.5,-2.5));
#7732=CARTESIAN_POINT('',(27.5,41.5,-2.5));
#7733=CARTESIAN_POINT('',(27.5,20.75,-2.5));
#7734=CARTESIAN_POINT('',(22.5,41.5,-2.5));
#7735=CARTESIAN_POINT('',(11.25,41.5,-2.5));
#7736=CARTESIAN_POINT('',(22.5,36.5,-2.5));
#7737=CARTESIAN_POINT('',(22.5,18.25,-2.5));
#7738=CARTESIAN_POINT('',(13.75,36.5,-2.5));
#7739=CARTESIAN_POINT('',(42.5,36.5,-2.5));
#7740=CARTESIAN_POINT('',(42.5,41.5,-2.5));
#7741=CARTESIAN_POINT('',(42.5,20.75,-2.5));
#7742=CARTESIAN_POINT('',(37.5,41.5,-2.5));
#7743=CARTESIAN_POINT('',(18.75,41.5,-2.5));
#7744=CARTESIAN_POINT('',(37.5,36.5,-2.5));
#7745=CARTESIAN_POINT('',(37.5,18.25,-2.5));
#7746=CARTESIAN_POINT('',(21.25,36.5,-2.5));
#7747=CARTESIAN_POINT('Ctrl Pts',(3.77885814484618,-43.4794940562531,-2.681351785948));
#7748=CARTESIAN_POINT('Ctrl Pts',(3.75835220109933,-39.700635911407,-2.681351785948));
#7749=CARTESIAN_POINT('Ctrl Pts',(-0.0205059437468517,-39.7211418551538,
-2.681351785948));
#7750=CARTESIAN_POINT('Ctrl Pts',(-3.79936408859303,-39.7416477989007,-2.681351785948));
#7751=CARTESIAN_POINT('Ctrl Pts',(-3.77885814484618,-43.5205059437468,-2.681351785948));
#7752=CARTESIAN_POINT('Ctrl Pts',(-3.75835220109933,-47.299364088593,-2.681351785948));
#7753=CARTESIAN_POINT('Ctrl Pts',(0.020505943746851,-47.2788581448462,-2.681351785948));
#7754=CARTESIAN_POINT('Ctrl Pts',(3.79936408859303,-47.2583522010993,-2.681351785948));
#7755=CARTESIAN_POINT('Ctrl Pts',(3.77885814484618,-43.4794940562531,-2.681351785948));
#7756=CARTESIAN_POINT('Ctrl Pts',(2.70474295250168,-43.4853227338239,-3.5));
#7757=CARTESIAN_POINT('Ctrl Pts',(2.69006568632556,-40.7805797813222,-3.5));
#7758=CARTESIAN_POINT('Ctrl Pts',(-0.0146772661761134,-40.7952570474983,
-3.5));
#7759=CARTESIAN_POINT('Ctrl Pts',(-2.71942021867779,-40.8099343136744,-3.5));
#7760=CARTESIAN_POINT('Ctrl Pts',(-2.70474295250168,-43.5146772661761,-3.5));
#7761=CARTESIAN_POINT('Ctrl Pts',(-2.69006568632557,-46.2194202186778,-3.5));
#7762=CARTESIAN_POINT('Ctrl Pts',(0.0146772661761126,-46.2047429525017,
-3.5));
#7763=CARTESIAN_POINT('Ctrl Pts',(2.71942021867779,-46.1900656863256,-3.5));
#7764=CARTESIAN_POINT('Ctrl Pts',(2.70474295250168,-43.4853227338239,-3.5));
#7765=CARTESIAN_POINT('Ctrl Pts',(1.35422875021967,-43.4926512884295,-3.5));
#7766=CARTESIAN_POINT('Ctrl Pts',(1.34688003864915,-42.1384225382098,-3.5));
#7767=CARTESIAN_POINT('Ctrl Pts',(-0.00734871157051879,-42.1457712497803,
-3.5));
#7768=CARTESIAN_POINT('Ctrl Pts',(-1.36157746179019,-42.1531199613508,-3.5));
#7769=CARTESIAN_POINT('Ctrl Pts',(-1.35422875021967,-43.5073487115705,-3.5));
#7770=CARTESIAN_POINT('Ctrl Pts',(-1.34688003864915,-44.8615774617902,-3.5));
#7771=CARTESIAN_POINT('Ctrl Pts',(0.00734871157051804,-44.8542287502197,
-3.5));
#7772=CARTESIAN_POINT('Ctrl Pts',(1.36157746179019,-44.8468800386491,-3.5));
#7773=CARTESIAN_POINT('Ctrl Pts',(1.35422875021967,-43.4926512884295,-3.5));
#7774=CARTESIAN_POINT('',(1.35422875021967,-43.4926512884295,-3.5));
#7775=CARTESIAN_POINT('Origin',(-3.73969860926349E-16,-43.5,-3.5));
#7776=CARTESIAN_POINT('Ctrl Pts',(1.35422875021967,-43.4926512884295,-3.5));
#7777=CARTESIAN_POINT('Ctrl Pts',(2.68754245277578,-43.4854160721992,-3.5));
#7778=CARTESIAN_POINT('Ctrl Pts',(3.75419341482066,-43.479627899215,-2.7));
#7779=CARTESIAN_POINT('Origin',(-6.03961325396085E-15,43.5,-3.5));
#7780=CARTESIAN_POINT('',(-3.75424868893542,43.5,-2.7));
#7781=CARTESIAN_POINT('',(3.7542486889354,43.5,-2.7));
#7782=CARTESIAN_POINT('Origin',(-6.03961325396085E-15,43.5,-2.7));
#7783=CARTESIAN_POINT('Origin',(-6.03961325396085E-15,43.5,-2.7));
#7784=CARTESIAN_POINT('Origin',(-4.35424868893542,43.5,-3.5));
#7785=CARTESIAN_POINT('Ctrl Pts',(3.7542486889354,43.5,-2.7));
#7786=CARTESIAN_POINT('Ctrl Pts',(3.7542486889354,47.2542486889354,-2.7));
#7787=CARTESIAN_POINT('Ctrl Pts',(-6.03961325396085E-15,47.2542486889354,
-2.7));
#7788=CARTESIAN_POINT('Ctrl Pts',(-3.75424868893541,47.2542486889354,-2.7));
#7789=CARTESIAN_POINT('Ctrl Pts',(-3.75424868893542,43.5,-2.7));
#7790=CARTESIAN_POINT('Ctrl Pts',(-3.75424868893541,39.7457513110646,-2.7));
#7791=CARTESIAN_POINT('Ctrl Pts',(-6.03961325396085E-15,39.7457513110646,
-2.7));
#7792=CARTESIAN_POINT('Ctrl Pts',(3.7542486889354,39.7457513110646,-2.7));
#7793=CARTESIAN_POINT('Ctrl Pts',(3.7542486889354,43.5,-2.7));
#7794=CARTESIAN_POINT('Ctrl Pts',(2.68758202226874,43.5,-3.5));
#7795=CARTESIAN_POINT('Ctrl Pts',(2.68758202226874,46.1875820222687,-3.5));
#7796=CARTESIAN_POINT('Ctrl Pts',(-6.03961325396085E-15,46.1875820222687,
-3.5));
#7797=CARTESIAN_POINT('Ctrl Pts',(-2.68758202226875,46.1875820222687,-3.5));
#7798=CARTESIAN_POINT('Ctrl Pts',(-2.68758202226875,43.5,-3.5));
#7799=CARTESIAN_POINT('Ctrl Pts',(-2.68758202226875,40.8124179777313,-3.5));
#7800=CARTESIAN_POINT('Ctrl Pts',(-6.03961325396085E-15,40.8124179777313,
-3.5));
#7801=CARTESIAN_POINT('Ctrl Pts',(2.68758202226874,40.8124179777313,-3.5));
#7802=CARTESIAN_POINT('Ctrl Pts',(2.68758202226874,43.5,-3.5));
#7803=CARTESIAN_POINT('Ctrl Pts',(1.3542486889354,43.5,-3.5));
#7804=CARTESIAN_POINT('Ctrl Pts',(1.3542486889354,44.8542486889354,-3.5));
#7805=CARTESIAN_POINT('Ctrl Pts',(-6.03961325396085E-15,44.8542486889354,
-3.5));
#7806=CARTESIAN_POINT('Ctrl Pts',(-1.35424868893542,44.8542486889354,-3.5));
#7807=CARTESIAN_POINT('Ctrl Pts',(-1.35424868893542,43.5,-3.5));
#7808=CARTESIAN_POINT('Ctrl Pts',(-1.35424868893542,42.1457513110646,-3.5));
#7809=CARTESIAN_POINT('Ctrl Pts',(-6.03961325396085E-15,42.1457513110646,
-3.5));
#7810=CARTESIAN_POINT('Ctrl Pts',(1.3542486889354,42.1457513110646,-3.5));
#7811=CARTESIAN_POINT('Ctrl Pts',(1.3542486889354,43.5,-3.5));
#7812=CARTESIAN_POINT('',(1.3542486889354,43.5,-3.5));
#7813=CARTESIAN_POINT('Origin',(-6.03961325396085E-15,43.5,-3.5));
#7814=CARTESIAN_POINT('Origin',(1.3542486889354,43.5,0.5));
#7815=CARTESIAN_POINT('Origin',(-3.33066907387547E-15,4.44089209850063E-15,
-3.5));
#7816=CARTESIAN_POINT('Origin',(-3.33066907387547E-15,4.44089209850063E-15,
-3.5));
#7817=CARTESIAN_POINT('Origin',(-45.,4.32402651696114E-15,50.));
#7818=CARTESIAN_POINT('',(-47.5,35.,50.));
#7819=CARTESIAN_POINT('',(-45.,35.2525512860841,52.5));
#7820=CARTESIAN_POINT('Ctrl Pts',(-47.5,35.,50.));
#7821=CARTESIAN_POINT('Ctrl Pts',(-47.5,35.,50.3139896862253));
#7822=CARTESIAN_POINT('Ctrl Pts',(-47.4372273107758,34.9995062129791,50.6488920050877));
#7823=CARTESIAN_POINT('Ctrl Pts',(-47.1820288454166,35.0033932726531,51.2648667475975));
#7824=CARTESIAN_POINT('Ctrl Pts',(-46.9896003132361,35.0084479890176,51.5459335926966));
#7825=CARTESIAN_POINT('Ctrl Pts',(-46.5440954935538,35.0345899481989,51.9914384123789));
#7826=CARTESIAN_POINT('Ctrl Pts',(-46.2609341463465,35.0576781503074,52.1843488334986));
#7827=CARTESIAN_POINT('Ctrl Pts',(-45.6439230702745,35.1346599052349,52.4385851898558));
#7828=CARTESIAN_POINT('Ctrl Pts',(-45.3101949426968,35.1892330085509,52.5));
#7829=CARTESIAN_POINT('Ctrl Pts',(-45.,35.2525512860841,52.5));
#7830=CARTESIAN_POINT('',(-45.,27.6568651670156,52.5));
#7831=CARTESIAN_POINT('',(-45.,4.32402651696114E-15,52.5));
#7832=CARTESIAN_POINT('',(-47.5,27.5,50.));
#7833=CARTESIAN_POINT('Ctrl Pts',(-45.,27.6568651670156,52.5));
#7834=CARTESIAN_POINT('Ctrl Pts',(-45.3124711585378,27.6174975014265,52.5));
#7835=CARTESIAN_POINT('Ctrl Pts',(-45.6468779420452,27.5836377904773,52.4377762679682));
#7836=CARTESIAN_POINT('Ctrl Pts',(-46.2632378720513,27.535883078528,52.18298747591));
#7837=CARTESIAN_POINT('Ctrl Pts',(-46.5451444957019,27.5215646697384,51.9903894102308));
#7838=CARTESIAN_POINT('Ctrl Pts',(-46.9896804620436,27.5052785547599,51.5458534438892));
#7839=CARTESIAN_POINT('Ctrl Pts',(-47.1820916183885,27.5021198048879,51.2647545127364));
#7840=CARTESIAN_POINT('Ctrl Pts',(-47.4372508505933,27.4996914880709,50.6487958927303));
#7841=CARTESIAN_POINT('Ctrl Pts',(-47.5,27.5,50.3139383842011));
#7842=CARTESIAN_POINT('Ctrl Pts',(-47.5,27.5,50.));
#7843=CARTESIAN_POINT('',(-47.5,4.09029535388216E-15,50.));
#7844=CARTESIAN_POINT('Origin',(-42.5,47.5,52.5));
#7845=CARTESIAN_POINT('',(-35.,47.5,52.5));
#7846=CARTESIAN_POINT('Origin',(-47.5,47.5,52.5));
#7847=CARTESIAN_POINT('',(-32.5,47.5,52.5));
#7848=CARTESIAN_POINT('',(-23.75,47.5,52.5));
#7849=CARTESIAN_POINT('',(-32.5,50.,52.5));
#7850=CARTESIAN_POINT('',(-32.5,47.5,52.5));
#7851=CARTESIAN_POINT('',(32.5,50.,52.5));
#7852=CARTESIAN_POINT('',(-46.25,50.,52.5));
#7853=CARTESIAN_POINT('',(32.5,47.5,52.5));
#7854=CARTESIAN_POINT('',(32.5,47.5,52.5));
#7855=CARTESIAN_POINT('',(35.,47.5,52.5));
#7856=CARTESIAN_POINT('',(-23.75,47.5,52.5));
#7857=CARTESIAN_POINT('',(45.,35.2525512860841,52.5));
#7858=CARTESIAN_POINT('Origin',(47.5,47.5,52.5));
#7859=CARTESIAN_POINT('',(45.,27.6568651670156,52.5));
#7860=CARTESIAN_POINT('',(45.,47.5,52.5));
#7861=CARTESIAN_POINT('',(41.,28.5857196806223,52.5));
#7862=CARTESIAN_POINT('Origin',(47.5,47.5,52.5));
#7863=CARTESIAN_POINT('',(41.,-28.5857196806223,52.5));
#7864=CARTESIAN_POINT('',(41.,14.2928598403111,52.5));
#7865=CARTESIAN_POINT('',(45.,-27.6568651670156,52.5));
#7866=CARTESIAN_POINT('Origin',(47.5,-47.5,52.5));
#7867=CARTESIAN_POINT('',(45.,-35.2525512860841,52.5));
#7868=CARTESIAN_POINT('',(45.,47.5,52.5));
#7869=CARTESIAN_POINT('',(35.2525512860841,-45.,52.5));
#7870=CARTESIAN_POINT('Origin',(47.5,-47.5,52.5));
#7871=CARTESIAN_POINT('',(27.6568651670156,-45.,52.5));
#7872=CARTESIAN_POINT('',(2.5,-45.,52.5));
#7873=CARTESIAN_POINT('',(28.4212159716611,-41.5,52.5));
#7874=CARTESIAN_POINT('Origin',(47.5,-47.5,52.5));
#7875=CARTESIAN_POINT('',(-28.4212159716611,-41.5,52.5));
#7876=CARTESIAN_POINT('',(14.2106079858305,-41.5,52.5));
#7877=CARTESIAN_POINT('',(-27.6568651670156,-45.,52.5));
#7878=CARTESIAN_POINT('Origin',(-47.5,-47.5,52.5));
#7879=CARTESIAN_POINT('',(-35.2525512860841,-45.,52.5));
#7880=CARTESIAN_POINT('',(2.5,-45.,52.5));
#7881=CARTESIAN_POINT('',(-45.,-35.2525512860841,52.5));
#7882=CARTESIAN_POINT('Origin',(-47.5,-47.5,52.5));
#7883=CARTESIAN_POINT('',(-45.,-27.6568651670156,52.5));
#7884=CARTESIAN_POINT('',(-45.,4.32402651696114E-15,52.5));
#7885=CARTESIAN_POINT('',(-41.,-28.5857196806223,52.5));
#7886=CARTESIAN_POINT('Origin',(-47.5,-47.5,52.5));
#7887=CARTESIAN_POINT('',(-41.,28.5857196806223,52.5));
#7888=CARTESIAN_POINT('',(-41.,-14.2928598403111,52.5));
#7889=CARTESIAN_POINT('Origin',(-47.5,47.5,52.5));
#7890=CARTESIAN_POINT('',(-27.5,47.5,52.5));
#7891=CARTESIAN_POINT('',(27.5,47.5,52.5));
#7892=CARTESIAN_POINT('',(-45.,47.5,52.5));
#7893=CARTESIAN_POINT('',(-28.4212159716611,41.5,52.5));
#7894=CARTESIAN_POINT('Origin',(-47.5,47.5,52.5));
#7895=CARTESIAN_POINT('',(28.4212159716611,41.5,52.5));
#7896=CARTESIAN_POINT('',(-14.2106079858305,41.5,52.5));
#7897=CARTESIAN_POINT('Origin',(47.5,47.5,52.5));
#7898=CARTESIAN_POINT('Origin',(45.,47.5,50.));
#7899=CARTESIAN_POINT('',(47.5,27.5,50.));
#7900=CARTESIAN_POINT('Ctrl Pts',(47.5,27.5,50.));
#7901=CARTESIAN_POINT('Ctrl Pts',(47.5,27.5,50.3139383842011));
#7902=CARTESIAN_POINT('Ctrl Pts',(47.4372508505933,27.4996914880709,50.6487958927303));
#7903=CARTESIAN_POINT('Ctrl Pts',(47.1820916183885,27.5021198048879,51.2647545127363));
#7904=CARTESIAN_POINT('Ctrl Pts',(46.9896804620436,27.5052785547599,51.5458534438892));
#7905=CARTESIAN_POINT('Ctrl Pts',(46.5451444957019,27.5215646697384,51.9903894102308));
#7906=CARTESIAN_POINT('Ctrl Pts',(46.2632378720513,27.535883078528,52.18298747591));
#7907=CARTESIAN_POINT('Ctrl Pts',(45.6468779420451,27.5836377904773,52.4377762679682));
#7908=CARTESIAN_POINT('Ctrl Pts',(45.3124711585378,27.6174975014265,52.5));
#7909=CARTESIAN_POINT('Ctrl Pts',(45.,27.6568651670156,52.5));
#7910=CARTESIAN_POINT('',(47.5,35.,50.));
#7911=CARTESIAN_POINT('Ctrl Pts',(45.,35.2525512860841,52.5));
#7912=CARTESIAN_POINT('Ctrl Pts',(45.3101949426968,35.1892330085509,52.5));
#7913=CARTESIAN_POINT('Ctrl Pts',(45.6439230702745,35.1346599052349,52.4385851898558));
#7914=CARTESIAN_POINT('Ctrl Pts',(46.2609341463465,35.0576781503074,52.1843488334986));
#7915=CARTESIAN_POINT('Ctrl Pts',(46.5440954935538,35.0345899481989,51.9914384123789));
#7916=CARTESIAN_POINT('Ctrl Pts',(46.9896003132361,35.0084479890176,51.5459335926966));
#7917=CARTESIAN_POINT('Ctrl Pts',(47.1820288454166,35.0033932726531,51.2648667475975));
#7918=CARTESIAN_POINT('Ctrl Pts',(47.4372273107758,34.9995062129791,50.6488920050877));
#7919=CARTESIAN_POINT('Ctrl Pts',(47.5,35.,50.3139896862252));
#7920=CARTESIAN_POINT('Ctrl Pts',(47.5,35.,50.));
#7921=CARTESIAN_POINT('',(47.5,47.5,50.));
#7922=CARTESIAN_POINT('Origin',(-45.,4.32402651696114E-15,50.));
#7923=CARTESIAN_POINT('',(-47.5,-27.5,50.));
#7924=CARTESIAN_POINT('Ctrl Pts',(-47.5,-27.5,50.));
#7925=CARTESIAN_POINT('Ctrl Pts',(-47.5,-27.5,50.3139383842011));
#7926=CARTESIAN_POINT('Ctrl Pts',(-47.4372508505933,-27.4996914880709,50.6487958927303));
#7927=CARTESIAN_POINT('Ctrl Pts',(-47.1820916183885,-27.5021198048879,51.2647545127364));
#7928=CARTESIAN_POINT('Ctrl Pts',(-46.9896804620436,-27.5052785547599,51.5458534438892));
#7929=CARTESIAN_POINT('Ctrl Pts',(-46.5451444957019,-27.5215646697384,51.9903894102308));
#7930=CARTESIAN_POINT('Ctrl Pts',(-46.2632378720512,-27.535883078528,52.18298747591));
#7931=CARTESIAN_POINT('Ctrl Pts',(-45.6468779420451,-27.5836377904773,52.4377762679682));
#7932=CARTESIAN_POINT('Ctrl Pts',(-45.3124711585378,-27.6174975014264,52.5));
#7933=CARTESIAN_POINT('Ctrl Pts',(-45.,-27.6568651670156,52.5));
#7934=CARTESIAN_POINT('',(-47.5,-35.,50.));
#7935=CARTESIAN_POINT('Ctrl Pts',(-45.,-35.2525512860841,52.5));
#7936=CARTESIAN_POINT('Ctrl Pts',(-45.3101949426968,-35.1892330085508,52.5));
#7937=CARTESIAN_POINT('Ctrl Pts',(-45.6439230702745,-35.1346599052349,52.4385851898558));
#7938=CARTESIAN_POINT('Ctrl Pts',(-46.2609341463465,-35.0576781503074,52.1843488334986));
#7939=CARTESIAN_POINT('Ctrl Pts',(-46.5440954935538,-35.0345899481989,51.9914384123789));
#7940=CARTESIAN_POINT('Ctrl Pts',(-46.9896003132361,-35.0084479890176,51.5459335926966));
#7941=CARTESIAN_POINT('Ctrl Pts',(-47.1820288454166,-35.0033932726531,51.2648667475975));
#7942=CARTESIAN_POINT('Ctrl Pts',(-47.4372273107758,-34.9995062129791,50.6488920050877));
#7943=CARTESIAN_POINT('Ctrl Pts',(-47.5,-35.,50.3139896862253));
#7944=CARTESIAN_POINT('Ctrl Pts',(-47.5,-35.,50.));
#7945=CARTESIAN_POINT('',(-47.5,4.09029535388216E-15,50.));
#7946=CARTESIAN_POINT('Origin',(2.5,-45.,50.));
#7947=CARTESIAN_POINT('',(-35.,-47.5,50.));
#7948=CARTESIAN_POINT('Ctrl Pts',(-35.,-47.5,50.));
#7949=CARTESIAN_POINT('Ctrl Pts',(-35.,-47.5,50.3139896862253));
#7950=CARTESIAN_POINT('Ctrl Pts',(-34.9995062129791,-47.4372273107758,50.6488920050877));
#7951=CARTESIAN_POINT('Ctrl Pts',(-35.0033932726531,-47.1820288454166,51.2648667475975));
#7952=CARTESIAN_POINT('Ctrl Pts',(-35.0084479890176,-46.9896003132361,51.5459335926966));
#7953=CARTESIAN_POINT('Ctrl Pts',(-35.0345899481989,-46.5440954935538,51.9914384123789));
#7954=CARTESIAN_POINT('Ctrl Pts',(-35.0576781503074,-46.2609341463465,52.1843488334986));
#7955=CARTESIAN_POINT('Ctrl Pts',(-35.1346599052349,-45.6439230702745,52.4385851898558));
#7956=CARTESIAN_POINT('Ctrl Pts',(-35.1892330085508,-45.3101949426968,52.5));
#7957=CARTESIAN_POINT('Ctrl Pts',(-35.2525512860841,-45.,52.5));
#7958=CARTESIAN_POINT('',(-27.5,-47.5,50.));
#7959=CARTESIAN_POINT('Ctrl Pts',(-27.6568651670156,-45.,52.5));
#7960=CARTESIAN_POINT('Ctrl Pts',(-27.6174975014264,-45.3124711585378,52.5));
#7961=CARTESIAN_POINT('Ctrl Pts',(-27.5836377904773,-45.6468779420452,52.4377762679682));
#7962=CARTESIAN_POINT('Ctrl Pts',(-27.535883078528,-46.2632378720513,52.18298747591));
#7963=CARTESIAN_POINT('Ctrl Pts',(-27.5215646697384,-46.5451444957019,51.9903894102308));
#7964=CARTESIAN_POINT('Ctrl Pts',(-27.5052785547599,-46.9896804620436,51.5458534438892));
#7965=CARTESIAN_POINT('Ctrl Pts',(-27.5021198048879,-47.1820916183885,51.2647545127364));
#7966=CARTESIAN_POINT('Ctrl Pts',(-27.4996914880709,-47.4372508505933,50.6487958927303));
#7967=CARTESIAN_POINT('Ctrl Pts',(-27.5,-47.5,50.3139383842011));
#7968=CARTESIAN_POINT('Ctrl Pts',(-27.5,-47.5,50.));
#7969=CARTESIAN_POINT('',(2.5,-47.5,50.));
#7970=CARTESIAN_POINT('Origin',(2.5,-45.,50.));
#7971=CARTESIAN_POINT('',(27.5,-47.5,50.));
#7972=CARTESIAN_POINT('Ctrl Pts',(27.5,-47.5,50.));
#7973=CARTESIAN_POINT('Ctrl Pts',(27.5,-47.5,50.3139383842011));
#7974=CARTESIAN_POINT('Ctrl Pts',(27.4996914880709,-47.4372508505933,50.6487958927303));
#7975=CARTESIAN_POINT('Ctrl Pts',(27.5021198048879,-47.1820916183885,51.2647545127364));
#7976=CARTESIAN_POINT('Ctrl Pts',(27.5052785547599,-46.9896804620436,51.5458534438892));
#7977=CARTESIAN_POINT('Ctrl Pts',(27.5215646697384,-46.5451444957019,51.9903894102308));
#7978=CARTESIAN_POINT('Ctrl Pts',(27.535883078528,-46.2632378720512,52.18298747591));
#7979=CARTESIAN_POINT('Ctrl Pts',(27.5836377904773,-45.6468779420451,52.4377762679682));
#7980=CARTESIAN_POINT('Ctrl Pts',(27.6174975014264,-45.3124711585378,52.5));
#7981=CARTESIAN_POINT('Ctrl Pts',(27.6568651670156,-45.,52.5));
#7982=CARTESIAN_POINT('',(35.,-47.5,50.));
#7983=CARTESIAN_POINT('Ctrl Pts',(35.2525512860841,-45.,52.5));
#7984=CARTESIAN_POINT('Ctrl Pts',(35.1892330085509,-45.3101949426968,52.5));
#7985=CARTESIAN_POINT('Ctrl Pts',(35.1346599052349,-45.6439230702745,52.4385851898558));
#7986=CARTESIAN_POINT('Ctrl Pts',(35.0576781503074,-46.2609341463465,52.1843488334986));
#7987=CARTESIAN_POINT('Ctrl Pts',(35.0345899481989,-46.5440954935538,51.9914384123789));
#7988=CARTESIAN_POINT('Ctrl Pts',(35.0084479890176,-46.9896003132362,51.5459335926966));
#7989=CARTESIAN_POINT('Ctrl Pts',(35.0033932726531,-47.1820288454165,51.2648667475976));
#7990=CARTESIAN_POINT('Ctrl Pts',(34.9995062129791,-47.4372273107758,50.6488920050877));
#7991=CARTESIAN_POINT('Ctrl Pts',(35.,-47.5,50.3139896862253));
#7992=CARTESIAN_POINT('Ctrl Pts',(35.,-47.5,50.));
#7993=CARTESIAN_POINT('',(2.5,-47.5,50.));
#7994=CARTESIAN_POINT('Origin',(45.,47.5,50.));
#7995=CARTESIAN_POINT('',(47.5,-35.,50.));
#7996=CARTESIAN_POINT('Ctrl Pts',(47.5,-35.,50.));
#7997=CARTESIAN_POINT('Ctrl Pts',(47.5,-35.,50.3139896862252));
#7998=CARTESIAN_POINT('Ctrl Pts',(47.4372273107758,-34.9995062129791,50.6488920050877));
#7999=CARTESIAN_POINT('Ctrl Pts',(47.1820288454166,-35.0033932726531,51.2648667475975));
#8000=CARTESIAN_POINT('Ctrl Pts',(46.9896003132361,-35.0084479890176,51.5459335926966));
#8001=CARTESIAN_POINT('Ctrl Pts',(46.5440954935538,-35.0345899481989,51.9914384123789));
#8002=CARTESIAN_POINT('Ctrl Pts',(46.2609341463465,-35.0576781503074,52.1843488334986));
#8003=CARTESIAN_POINT('Ctrl Pts',(45.6439230702745,-35.1346599052349,52.4385851898557));
#8004=CARTESIAN_POINT('Ctrl Pts',(45.3101949426968,-35.1892330085509,52.5));
#8005=CARTESIAN_POINT('Ctrl Pts',(45.,-35.2525512860841,52.5));
#8006=CARTESIAN_POINT('',(47.5,-27.5,50.));
#8007=CARTESIAN_POINT('Ctrl Pts',(45.,-27.6568651670156,52.5));
#8008=CARTESIAN_POINT('Ctrl Pts',(45.3124711585378,-27.6174975014265,52.5));
#8009=CARTESIAN_POINT('Ctrl Pts',(45.6468779420452,-27.5836377904773,52.4377762679682));
#8010=CARTESIAN_POINT('Ctrl Pts',(46.2632378720513,-27.535883078528,52.18298747591));
#8011=CARTESIAN_POINT('Ctrl Pts',(46.5451444957019,-27.5215646697384,51.9903894102308));
#8012=CARTESIAN_POINT('Ctrl Pts',(46.9896804620436,-27.5052785547599,51.5458534438892));
#8013=CARTESIAN_POINT('Ctrl Pts',(47.1820916183885,-27.5021198048879,51.2647545127364));
#8014=CARTESIAN_POINT('Ctrl Pts',(47.4372508505933,-27.4996914880709,50.6487958927303));
#8015=CARTESIAN_POINT('Ctrl Pts',(47.5,-27.5,50.3139383842011));
#8016=CARTESIAN_POINT('Ctrl Pts',(47.5,-27.5,50.));
#8017=CARTESIAN_POINT('',(47.5,47.5,50.));
#8018=CARTESIAN_POINT('Origin',(-20.,16.,2.5));
#8019=CARTESIAN_POINT('',(-20.,-32.,0.));
#8020=CARTESIAN_POINT('',(-17.5,-32.,2.5));
#8021=CARTESIAN_POINT('Origin',(-20.,-32.,2.5));
#8022=CARTESIAN_POINT('',(-17.5,32.,2.5));
#8023=CARTESIAN_POINT('',(-17.5,16.,2.5));
#8024=CARTESIAN_POINT('',(-20.,32.,0.));
#8025=CARTESIAN_POINT('Origin',(-20.,32.,2.5));
#8026=CARTESIAN_POINT('',(-20.,16.,0.));
#8027=CARTESIAN_POINT('Origin',(-17.5,32.,0.));
#8028=CARTESIAN_POINT('',(-17.5,-32.,23.));
#8029=CARTESIAN_POINT('',(-17.5,-32.,0.));
#8030=CARTESIAN_POINT('',(-17.5,-6.6625,23.));
#8031=CARTESIAN_POINT('',(-17.5,16.0000001192093,23.));
#8032=CARTESIAN_POINT('',(-17.5,-6.6625,18.));
#8033=CARTESIAN_POINT('',(-17.5,-6.6625,11.5));
#8034=CARTESIAN_POINT('',(-17.5,6.6625,18.));
#8035=CARTESIAN_POINT('',(-17.5,16.,18.));
#8036=CARTESIAN_POINT('',(-17.5,6.6625,23.));
#8037=CARTESIAN_POINT('',(-17.5,6.6625,11.5));
#8038=CARTESIAN_POINT('',(-17.5,32.,23.));
#8039=CARTESIAN_POINT('',(-17.5,16.0000001192093,23.));
#8040=CARTESIAN_POINT('',(-17.5,32.,0.));
#8041=CARTESIAN_POINT('Origin',(20.,-16.,2.5));
#8042=CARTESIAN_POINT('',(20.,32.,0.));
#8043=CARTESIAN_POINT('',(17.5,32.,2.5));
#8044=CARTESIAN_POINT('Origin',(20.,32.,2.5));
#8045=CARTESIAN_POINT('',(17.5,-32.,2.5));
#8046=CARTESIAN_POINT('',(17.5,-16.,2.5));
#8047=CARTESIAN_POINT('',(20.,-32.,0.));
#8048=CARTESIAN_POINT('Origin',(20.,-32.,2.5));
#8049=CARTESIAN_POINT('',(20.,-16.,0.));
#8050=CARTESIAN_POINT('Origin',(17.5,-32.,0.));
#8051=CARTESIAN_POINT('',(17.5,32.,23.));
#8052=CARTESIAN_POINT('',(17.5,32.,0.));
#8053=CARTESIAN_POINT('',(17.5,6.6625,23.));
#8054=CARTESIAN_POINT('',(17.5,-15.9999998807907,23.));
#8055=CARTESIAN_POINT('',(17.5,6.6625,18.));
#8056=CARTESIAN_POINT('',(17.5,6.6625,11.5));
#8057=CARTESIAN_POINT('',(17.5,-6.6625,18.));
#8058=CARTESIAN_POINT('',(17.5,-16.,18.));
#8059=CARTESIAN_POINT('',(17.5,-6.6625,23.));
#8060=CARTESIAN_POINT('',(17.5,-6.6625,11.5));
#8061=CARTESIAN_POINT('',(17.5,-32.,23.));
#8062=CARTESIAN_POINT('',(17.5,-15.9999998807907,23.));
#8063=CARTESIAN_POINT('',(17.5,-32.,0.));
#8064=CARTESIAN_POINT('Origin',(42.4999989382923,3.33125000000001,41.225));
#8065=CARTESIAN_POINT('',(39.9999989382923,6.66250000000001,41.225));
#8066=CARTESIAN_POINT('',(42.4999989382923,6.66250000000001,43.725));
#8067=CARTESIAN_POINT('Origin',(42.4999989382923,6.66250000000001,41.225));
#8068=CARTESIAN_POINT('',(42.4999989382923,-6.6625,43.725));
#8069=CARTESIAN_POINT('',(42.4999989382923,3.33125000000001,43.725));
#8070=CARTESIAN_POINT('',(39.9999989382923,-6.6625,41.225));
#8071=CARTESIAN_POINT('Origin',(42.4999989382923,-6.6625,41.225));
#8072=CARTESIAN_POINT('',(39.9999989382923,3.33125000000001,41.225));
#8073=CARTESIAN_POINT('Origin',(43.1874989382923,5.55111512312578E-15,43.725));
#8074=CARTESIAN_POINT('',(46.3749989382923,6.66250000000001,43.725));
#8075=CARTESIAN_POINT('',(30.3437494691461,6.66250000000001,43.725));
#8076=CARTESIAN_POINT('',(46.3749989382923,-6.6625,43.725));
#8077=CARTESIAN_POINT('',(46.3749989382923,-3.33125,43.725));
#8078=CARTESIAN_POINT('',(45.3437489382923,-6.6625,43.725));
#8079=CARTESIAN_POINT('Origin',(43.8749989382923,-3.33125,44.225));
#8080=CARTESIAN_POINT('',(46.3749989382923,6.66250000000001,44.225));
#8081=CARTESIAN_POINT('',(43.8749989382923,6.66250000000001,46.725));
#8082=CARTESIAN_POINT('Origin',(43.8749989382923,6.6625,44.225));
#8083=CARTESIAN_POINT('',(43.8749989382923,-6.6625,46.725));
#8084=CARTESIAN_POINT('',(43.8749989382923,-3.33125,46.725));
#8085=CARTESIAN_POINT('',(46.3749989382923,-6.6625,44.225));
#8086=CARTESIAN_POINT('Origin',(43.8749989382923,-6.6625,44.225));
#8087=CARTESIAN_POINT('',(46.3749989382923,-3.33125,44.225));
#8088=CARTESIAN_POINT('Origin',(41.6874989382923,5.55111512312578E-15,46.725));
#8089=CARTESIAN_POINT('',(39.4999989382923,6.66250000000001,46.725));
#8090=CARTESIAN_POINT('',(21.0000014528632,6.6625,46.725));
#8091=CARTESIAN_POINT('',(39.4999989382923,-6.6625,46.725));
#8092=CARTESIAN_POINT('',(39.4999989382923,3.33125000000001,46.725));
#8093=CARTESIAN_POINT('',(47.4999989382923,-6.6625,46.725));
#8094=CARTESIAN_POINT('Origin',(17.5,6.6625,23.));
#8095=CARTESIAN_POINT('',(46.3749989382923,6.66250000000001,36.725));
#8096=CARTESIAN_POINT('',(39.9999989382923,6.66250000000001,39.225));
#8097=CARTESIAN_POINT('',(39.9999989382923,6.66250000000001,29.8625));
#8098=CARTESIAN_POINT('',(42.4999989382923,6.66250000000001,36.725));
#8099=CARTESIAN_POINT('Origin',(42.4999989382923,6.66250000000001,39.225));
#8100=CARTESIAN_POINT('',(47.4999989382923,6.66250000000001,36.725));
#8101=CARTESIAN_POINT('',(23.7499994691461,6.6625,36.725));
#8102=CARTESIAN_POINT('',(47.5,6.66250000000001,18.));
#8103=CARTESIAN_POINT('',(47.5,6.66250000000001,11.5));
#8104=CARTESIAN_POINT('',(45.,6.66250000000001,20.5));
#8105=CARTESIAN_POINT('Origin',(45.,6.6625,18.));
#8106=CARTESIAN_POINT('',(20.,6.6625,20.5));
#8107=CARTESIAN_POINT('',(8.74999999999999,6.6625,20.5));
#8108=CARTESIAN_POINT('Origin',(20.,6.6625,18.));
#8109=CARTESIAN_POINT('',(21.0000014528632,6.6625,23.));
#8110=CARTESIAN_POINT('',(47.4999989382923,6.66250000000001,23.));
#8111=CARTESIAN_POINT('',(21.0000014528632,6.6625,36.725));
#8112=CARTESIAN_POINT('',(21.0000014528632,6.6625,23.));
#8113=CARTESIAN_POINT('',(33.8112079465553,6.66250000000001,36.725));
#8114=CARTESIAN_POINT('',(23.7499994691461,6.6625,36.725));
#8115=CARTESIAN_POINT('',(36.2892776982619,6.66250000000001,38.8945906997725));
#8116=CARTESIAN_POINT('Origin',(33.8112079465553,6.66250000000001,39.225));
#8117=CARTESIAN_POINT('',(36.9999989382923,6.66250000000001,44.225));
#8118=CARTESIAN_POINT('',(35.1894094279142,6.66250000000001,30.6455786721643));
#8119=CARTESIAN_POINT('Origin',(39.4999989382923,6.66250000000001,44.225));
#8120=CARTESIAN_POINT('Origin',(39.4999989382923,3.33125000000001,44.225));
#8121=CARTESIAN_POINT('',(36.9999989382923,-6.6625,44.225));
#8122=CARTESIAN_POINT('Origin',(39.4999989382923,-6.6625,44.225));
#8123=CARTESIAN_POINT('',(36.9999989382923,3.33125000000001,44.225));
#8124=CARTESIAN_POINT('Origin',(42.4999989382923,3.33125000000001,39.225));
#8125=CARTESIAN_POINT('',(39.9999989382923,-6.6625,39.225));
#8126=CARTESIAN_POINT('',(42.4999989382923,-6.6625,36.725));
#8127=CARTESIAN_POINT('Origin',(42.4999989382923,-6.6625,39.225));
#8128=CARTESIAN_POINT('',(42.4999989382923,3.33125000000001,36.725));
#8129=CARTESIAN_POINT('',(39.9999989382923,3.33125000000001,39.225));
#8130=CARTESIAN_POINT('Origin',(0.,2.22044604925031E-15,36.725));
#8131=CARTESIAN_POINT('',(47.4999989382923,-6.6625,36.725));
#8132=CARTESIAN_POINT('',(45.3437489382923,-6.6625,36.725));
#8133=CARTESIAN_POINT('',(47.5,23.75,36.725));
#8134=CARTESIAN_POINT('Origin',(33.8112079465553,1.66562500000001,39.225));
#8135=CARTESIAN_POINT('',(33.8112079465553,-6.6625,36.725));
#8136=CARTESIAN_POINT('',(33.8112079465553,1.66562500000001,36.725));
#8137=CARTESIAN_POINT('',(36.2892776982619,-6.6625,38.8945906997725));
#8138=CARTESIAN_POINT('Origin',(33.8112079465553,-6.6625,39.225));
#8139=CARTESIAN_POINT('',(36.2892776982619,1.66562500000001,38.8945906997725));
#8140=CARTESIAN_POINT('Origin',(0.,2.22044604925031E-15,36.725));
#8141=CARTESIAN_POINT('',(21.0000014528632,-6.6625,36.725));
#8142=CARTESIAN_POINT('',(21.0000014528632,3.33125,36.725));
#8143=CARTESIAN_POINT('',(10.5000007264316,-6.6625,36.725));
#8144=CARTESIAN_POINT('Origin',(-42.4999989382923,-3.33125,39.225));
#8145=CARTESIAN_POINT('',(-42.4999989382923,-6.66250000000001,36.725));
#8146=CARTESIAN_POINT('',(-39.9999989382923,-6.6625,39.225));
#8147=CARTESIAN_POINT('Origin',(-42.4999989382923,-6.6625,39.225));
#8148=CARTESIAN_POINT('',(-39.9999989382923,6.6625,39.225));
#8149=CARTESIAN_POINT('',(-39.9999989382923,-3.33125,39.225));
#8150=CARTESIAN_POINT('',(-42.4999989382923,6.6625,36.725));
#8151=CARTESIAN_POINT('Origin',(-42.4999989382923,6.6625,39.225));
#8152=CARTESIAN_POINT('',(-42.4999989382923,-3.33125,36.725));
#8153=CARTESIAN_POINT('Origin',(-39.9999989382923,-6.66250000000001,36.725));
#8154=CARTESIAN_POINT('',(-39.9999989382923,-6.6625,41.225));
#8155=CARTESIAN_POINT('',(-39.9999989382923,-6.6625,29.8625));
#8156=CARTESIAN_POINT('',(-39.9999989382923,6.6625,41.225));
#8157=CARTESIAN_POINT('',(-39.9999989382923,-3.33125,41.225));
#8158=CARTESIAN_POINT('',(-39.9999989382923,6.6625,29.8625));
#8159=CARTESIAN_POINT('Origin',(-42.4999989382923,-3.33125,41.225));
#8160=CARTESIAN_POINT('',(-42.4999989382923,-6.6625,43.725));
#8161=CARTESIAN_POINT('Origin',(-42.4999989382923,-6.6625,41.225));
#8162=CARTESIAN_POINT('',(-42.4999989382923,6.6625,43.725));
#8163=CARTESIAN_POINT('',(-42.4999989382923,-3.33125,43.725));
#8164=CARTESIAN_POINT('Origin',(-42.4999989382923,6.6625,41.225));
#8165=CARTESIAN_POINT('Origin',(-43.1874989382923,-2.22044604925031E-15,
43.725));
#8166=CARTESIAN_POINT('',(-46.3749989382923,-6.66250000000001,43.725));
#8167=CARTESIAN_POINT('',(-30.3437494691461,-6.6625,43.725));
#8168=CARTESIAN_POINT('',(-46.3749989382923,6.6625,43.725));
#8169=CARTESIAN_POINT('',(-46.3749989382923,3.33125,43.725));
#8170=CARTESIAN_POINT('',(-45.3437489382923,6.6625,43.725));
#8171=CARTESIAN_POINT('Origin',(-43.8749989382923,3.33125,44.225));
#8172=CARTESIAN_POINT('',(-46.3749989382923,-6.66250000000001,44.225));
#8173=CARTESIAN_POINT('',(-43.8749989382923,-6.6625,46.725));
#8174=CARTESIAN_POINT('Origin',(-43.8749989382923,-6.6625,44.225));
#8175=CARTESIAN_POINT('',(-43.8749989382923,6.6625,46.725));
#8176=CARTESIAN_POINT('',(-43.8749989382923,3.33125,46.725));
#8177=CARTESIAN_POINT('',(-46.3749989382923,6.6625,44.225));
#8178=CARTESIAN_POINT('Origin',(-43.8749989382923,6.6625,44.225));
#8179=CARTESIAN_POINT('',(-46.3749989382923,3.33125,44.225));
#8180=CARTESIAN_POINT('Origin',(-41.6874989382923,-2.22044604925031E-15,
46.725));
#8181=CARTESIAN_POINT('',(-39.4999989382923,-6.6625,46.725));
#8182=CARTESIAN_POINT('',(-21.0000014528632,-6.6625,46.725));
#8183=CARTESIAN_POINT('',(-39.4999989382923,6.6625,46.725));
#8184=CARTESIAN_POINT('',(-39.4999989382923,-3.33125,46.725));
#8185=CARTESIAN_POINT('',(-47.4999989382923,6.6625,46.725));
#8186=CARTESIAN_POINT('Origin',(-17.5,-6.6625,23.));
#8187=CARTESIAN_POINT('',(-46.3749989382923,-6.66250000000001,36.725));
#8188=CARTESIAN_POINT('',(-47.4999989382923,-6.66250000000001,36.725));
#8189=CARTESIAN_POINT('',(-23.7499994691461,-6.6625,36.725));
#8190=CARTESIAN_POINT('',(-47.5,-6.66250000000001,18.));
#8191=CARTESIAN_POINT('',(-47.5,-6.6625,11.5));
#8192=CARTESIAN_POINT('',(-45.,-6.66250000000001,20.5));
#8193=CARTESIAN_POINT('Origin',(-45.,-6.6625,18.));
#8194=CARTESIAN_POINT('',(-20.,-6.6625,20.5));
#8195=CARTESIAN_POINT('',(-8.75,-6.6625,20.5));
#8196=CARTESIAN_POINT('Origin',(-20.,-6.6625,18.));
#8197=CARTESIAN_POINT('',(-21.0000014528632,-6.6625,23.));
#8198=CARTESIAN_POINT('',(-47.4999989382923,-6.66250000000001,23.));
#8199=CARTESIAN_POINT('',(-21.0000014528632,-6.6625,36.725));
#8200=CARTESIAN_POINT('',(-21.0000014528632,-6.6625,23.));
#8201=CARTESIAN_POINT('',(-33.8112079465553,-6.6625,36.725));
#8202=CARTESIAN_POINT('',(-23.7499994691461,-6.6625,36.725));
#8203=CARTESIAN_POINT('',(-36.2892776982619,-6.6625,38.8945906997725));
#8204=CARTESIAN_POINT('Origin',(-33.8112079465553,-6.6625,39.225));
#8205=CARTESIAN_POINT('',(-36.9999989382923,-6.6625,44.225));
#8206=CARTESIAN_POINT('',(-35.1894094279142,-6.6625,30.6455786721643));
#8207=CARTESIAN_POINT('Origin',(-39.4999989382923,-6.6625,44.225));
#8208=CARTESIAN_POINT('Origin',(-33.8112079465553,-1.665625,39.225));
#8209=CARTESIAN_POINT('',(-33.8112079465553,6.6625,36.725));
#8210=CARTESIAN_POINT('',(-33.8112079465553,-1.665625,36.725));
#8211=CARTESIAN_POINT('',(-36.2892776982619,6.6625,38.8945906997725));
#8212=CARTESIAN_POINT('Origin',(-33.8112079465553,6.6625,39.225));
#8213=CARTESIAN_POINT('',(-36.2892776982619,-1.665625,38.8945906997725));
#8214=CARTESIAN_POINT('Origin',(0.,2.22044604925031E-15,36.725));
#8215=CARTESIAN_POINT('',(-21.0000014528632,6.6625,36.725));
#8216=CARTESIAN_POINT('',(-21.0000014528632,-3.33125,36.725));
#8217=CARTESIAN_POINT('',(-10.5000007264316,6.6625,36.725));
#8218=CARTESIAN_POINT('Origin',(-39.4999989382923,-3.33125,44.225));
#8219=CARTESIAN_POINT('',(-36.9999989382923,6.6625,44.225));
#8220=CARTESIAN_POINT('Origin',(-39.4999989382923,6.6625,44.225));
#8221=CARTESIAN_POINT('',(-36.9999989382923,-3.33125,44.225));
#8222=CARTESIAN_POINT('Origin',(-47.4999989382923,6.6625,23.));
#8223=CARTESIAN_POINT('',(-35.4514181522661,6.6625,32.6106441048035));
#8224=CARTESIAN_POINT('',(-21.0000014528632,6.6625,23.));
#8225=CARTESIAN_POINT('',(-21.0000014528632,6.6625,23.));
#8226=CARTESIAN_POINT('',(-47.4999989382923,6.6625,23.));
#8227=CARTESIAN_POINT('',(-20.,6.6625,20.5));
#8228=CARTESIAN_POINT('Origin',(-20.,6.66250000000001,18.));
#8229=CARTESIAN_POINT('',(-45.,6.6625,20.5));
#8230=CARTESIAN_POINT('',(-23.7499994691461,6.6625,20.5));
#8231=CARTESIAN_POINT('',(-47.5,6.6625,18.));
#8232=CARTESIAN_POINT('Origin',(-45.,6.6625,18.));
#8233=CARTESIAN_POINT('',(-47.4999989382923,6.6625,36.725));
#8234=CARTESIAN_POINT('',(-47.5,6.6625,11.5));
#8235=CARTESIAN_POINT('',(-45.3437489382923,6.6625,36.725));
#8236=CARTESIAN_POINT('',(-46.3749989382923,6.6625,36.725));
#8237=CARTESIAN_POINT('Origin',(20.,-16.,18.));
#8238=CARTESIAN_POINT('',(20.,-6.6625,20.5));
#8239=CARTESIAN_POINT('',(20.,-16.,20.5));
#8240=CARTESIAN_POINT('Origin',(20.,-6.6625,18.));
#8241=CARTESIAN_POINT('Origin',(0.,2.22044604925031E-15,20.5));
#8242=CARTESIAN_POINT('',(45.,-6.6625,20.5));
#8243=CARTESIAN_POINT('',(45.,23.75,20.5));
#8244=CARTESIAN_POINT('',(23.7499994691461,-6.6625,20.5));
#8245=CARTESIAN_POINT('Origin',(45.,23.75,18.));
#8246=CARTESIAN_POINT('',(47.5,-6.6625,18.));
#8247=CARTESIAN_POINT('Origin',(45.,-6.6625,18.));
#8248=CARTESIAN_POINT('',(47.5,23.75,18.));
#8249=CARTESIAN_POINT('Origin',(-20.,16.,18.));
#8250=CARTESIAN_POINT('',(-20.,16.,20.5));
#8251=CARTESIAN_POINT('Origin',(0.,2.22044604925031E-15,20.5));
#8252=CARTESIAN_POINT('',(-45.,-23.75,20.5));
#8253=CARTESIAN_POINT('Origin',(-45.,-23.75,18.));
#8254=CARTESIAN_POINT('',(-47.5,-23.75,18.));
#8255=CARTESIAN_POINT('Origin',(45.,-45.,2.5));
#8256=CARTESIAN_POINT('',(47.5,-45.,2.5));
#8257=CARTESIAN_POINT('',(45.,-47.5,2.5));
#8258=CARTESIAN_POINT('Origin',(45.,-45.,2.5));
#8259=CARTESIAN_POINT('',(45.,-45.,0.));
#8260=CARTESIAN_POINT('Origin',(45.,-45.,2.5));
#8261=CARTESIAN_POINT('Origin',(45.,-45.,2.5));
#8262=CARTESIAN_POINT('Origin',(45.,23.75,2.5));
#8263=CARTESIAN_POINT('',(45.,47.5,0.));
#8264=CARTESIAN_POINT('',(47.5,47.5,2.5));
#8265=CARTESIAN_POINT('Origin',(45.,47.5,2.5));
#8266=CARTESIAN_POINT('',(45.,23.75,0.));
#8267=CARTESIAN_POINT('',(47.5,23.75,2.5));
#8268=CARTESIAN_POINT('Origin',(-45.,-45.,2.5));
#8269=CARTESIAN_POINT('',(-45.,-45.,0.));
#8270=CARTESIAN_POINT('',(-45.,-47.5,2.5));
#8271=CARTESIAN_POINT('Origin',(-45.,-45.,2.5));
#8272=CARTESIAN_POINT('',(-47.5,-45.,2.5));
#8273=CARTESIAN_POINT('Origin',(-45.,-45.,2.5));
#8274=CARTESIAN_POINT('Origin',(-45.,-45.,2.5));
#8275=CARTESIAN_POINT('Origin',(-45.,-23.75,2.5));
#8276=CARTESIAN_POINT('',(-47.5,47.5,2.5));
#8277=CARTESIAN_POINT('',(-45.,47.5,0.));
#8278=CARTESIAN_POINT('Origin',(-45.,47.5,2.5));
#8279=CARTESIAN_POINT('',(-47.5,-23.75,2.5));
#8280=CARTESIAN_POINT('',(-45.,-23.75,0.));
#8281=CARTESIAN_POINT('Origin',(-45.,-45.,0.));
#8282=CARTESIAN_POINT('',(-47.5,-45.,90.));
#8283=CARTESIAN_POINT('',(-45.,-47.5,90.));
#8284=CARTESIAN_POINT('Origin',(-45.,-45.,90.));
#8285=CARTESIAN_POINT('',(-45.,-47.5,0.));
#8286=CARTESIAN_POINT('',(-47.5,-45.,0.));
#8287=CARTESIAN_POINT('Origin',(23.75,-45.,2.5));
#8288=CARTESIAN_POINT('',(23.75,-45.,0.));
#8289=CARTESIAN_POINT('',(23.75,-47.5,2.5));
#8290=CARTESIAN_POINT('Origin',(45.,-45.,0.));
#8291=CARTESIAN_POINT('',(45.,-47.5,90.));
#8292=CARTESIAN_POINT('',(47.5,-45.,90.));
#8293=CARTESIAN_POINT('Origin',(45.,-45.,90.));
#8294=CARTESIAN_POINT('',(47.5,-45.,0.));
#8295=CARTESIAN_POINT('',(45.,-47.5,0.));
#8296=CARTESIAN_POINT('Origin',(0.,0.,0.));
#8297=CARTESIAN_POINT('',(32.5,47.5,0.));
#8298=CARTESIAN_POINT('',(-23.75,47.5,0.));
#8299=CARTESIAN_POINT('',(32.5,50.,0.));
#8300=CARTESIAN_POINT('',(32.5,23.75,0.));
#8301=CARTESIAN_POINT('',(-32.5,50.,0.));
#8302=CARTESIAN_POINT('',(-3.75,50.,0.));
#8303=CARTESIAN_POINT('',(-32.5,47.5,0.));
#8304=CARTESIAN_POINT('',(-32.5,23.75,0.));
#8305=CARTESIAN_POINT('',(-23.75,47.5,0.));
#8306=CARTESIAN_POINT('',(-7.75,32.,0.));
#8307=CARTESIAN_POINT('',(-8.74999999999999,-32.,0.));
#8308=CARTESIAN_POINT('',(38.,31.,0.));
#8309=CARTESIAN_POINT('',(38.,36.5,0.));
#8310=CARTESIAN_POINT('',(38.,18.25,0.));
#8311=CARTESIAN_POINT('',(27.,31.,0.));
#8312=CARTESIAN_POINT('',(16.25,31.,0.));
#8313=CARTESIAN_POINT('',(27.,36.5,0.));
#8314=CARTESIAN_POINT('',(27.,20.75,0.));
#8315=CARTESIAN_POINT('',(22.5,36.5,0.));
#8316=CARTESIAN_POINT('',(13.75,36.5,0.));
#8317=CARTESIAN_POINT('',(22.5,41.5,0.));
#8318=CARTESIAN_POINT('',(22.5,18.25,0.));
#8319=CARTESIAN_POINT('',(27.5,41.5,0.));
#8320=CARTESIAN_POINT('',(11.25,41.5,0.));
#8321=CARTESIAN_POINT('',(37.5,41.5,0.));
#8322=CARTESIAN_POINT('',(16.25,41.5,0.));
#8323=CARTESIAN_POINT('',(42.5,41.5,0.));
#8324=CARTESIAN_POINT('',(18.75,41.5,0.));
#8325=CARTESIAN_POINT('',(42.5,36.5,0.));
#8326=CARTESIAN_POINT('',(42.5,20.75,0.));
#8327=CARTESIAN_POINT('',(21.25,36.5,0.));
#8328=CARTESIAN_POINT('Origin',(-47.5,47.5,0.));
#8329=CARTESIAN_POINT('',(-42.5,47.5,10.));
#8330=CARTESIAN_POINT('Origin',(-32.5,47.5,10.));
#8331=CARTESIAN_POINT('',(-42.5,47.5,42.5));
#8332=CARTESIAN_POINT('',(-42.5,47.5,0.));
#8333=CARTESIAN_POINT('Origin',(-32.5,47.5,42.5));
#8334=CARTESIAN_POINT('',(-35.,47.5,62.5));
#8335=CARTESIAN_POINT('',(-35.,47.5,55.));
#8336=CARTESIAN_POINT('',(-27.5,47.5,62.5));
#8337=CARTESIAN_POINT('',(-23.75,47.5,62.5));
#8338=CARTESIAN_POINT('',(-27.5,47.5,55.));
#8339=CARTESIAN_POINT('',(27.5,47.5,62.5));
#8340=CARTESIAN_POINT('',(27.5,47.5,55.));
#8341=CARTESIAN_POINT('',(35.,47.5,62.5));
#8342=CARTESIAN_POINT('',(-23.75,47.5,62.5));
#8343=CARTESIAN_POINT('',(35.,47.5,55.));
#8344=CARTESIAN_POINT('',(42.5,47.5,42.5));
#8345=CARTESIAN_POINT('Origin',(32.5,47.5,42.5));
#8346=CARTESIAN_POINT('',(42.5,47.5,10.));
#8347=CARTESIAN_POINT('',(42.5,47.5,26.25));
#8348=CARTESIAN_POINT('Origin',(32.5,47.5,10.));
#8349=CARTESIAN_POINT('',(47.5,47.5,90.));
#8350=CARTESIAN_POINT('',(47.5,47.5,0.));
#8351=CARTESIAN_POINT('',(-47.5,47.5,90.));
#8352=CARTESIAN_POINT('',(-23.75,47.5,90.));
#8353=CARTESIAN_POINT('',(-47.5,47.5,0.));
#8354=CARTESIAN_POINT('Origin',(47.5,47.5,0.));
#8355=CARTESIAN_POINT('',(47.5,23.75,90.));
#8356=CARTESIAN_POINT('',(47.5,35.,62.5));
#8357=CARTESIAN_POINT('',(47.5,35.,55.));
#8358=CARTESIAN_POINT('',(47.5,27.5,62.5));
#8359=CARTESIAN_POINT('',(47.5,23.75,62.5));
#8360=CARTESIAN_POINT('',(47.5,27.5,55.));
#8361=CARTESIAN_POINT('',(47.5,-27.5,62.5));
#8362=CARTESIAN_POINT('',(47.5,-27.5,55.));
#8363=CARTESIAN_POINT('',(47.5,-35.,62.5));
#8364=CARTESIAN_POINT('',(47.5,23.75,62.5));
#8365=CARTESIAN_POINT('',(47.5,-35.,55.));
#8366=CARTESIAN_POINT('',(47.5,-6.6625,11.5));
#8367=CARTESIAN_POINT('Origin',(47.5,25.,0.));
#8368=CARTESIAN_POINT('',(50.,50.,0.));
#8369=CARTESIAN_POINT('Origin',(47.5,50.,0.));
#8370=CARTESIAN_POINT('',(50.,-45.,0.));
#8371=CARTESIAN_POINT('',(50.,25.,0.));
#8372=CARTESIAN_POINT('Origin',(47.5,-45.,0.));
#8373=CARTESIAN_POINT('Ctrl Pts',(45.,-47.5,-2.5));
#8374=CARTESIAN_POINT('Ctrl Pts',(47.5,-47.5,-2.5));
#8375=CARTESIAN_POINT('Ctrl Pts',(47.5,-45.,-2.5));
#8376=CARTESIAN_POINT('Ctrl Pts',(45.,-50.,-2.5));
#8377=CARTESIAN_POINT('Ctrl Pts',(50.,-50.,-2.5));
#8378=CARTESIAN_POINT('Ctrl Pts',(50.,-45.,-2.5));
#8379=CARTESIAN_POINT('Ctrl Pts',(45.,-50.,0.));
#8380=CARTESIAN_POINT('Ctrl Pts',(50.,-50.,0.));
#8381=CARTESIAN_POINT('Ctrl Pts',(50.,-45.,0.));
#8382=CARTESIAN_POINT('',(45.,-50.,0.));
#8383=CARTESIAN_POINT('Origin',(45.,-47.5,0.));
#8384=CARTESIAN_POINT('Origin',(45.,-45.,0.));
#8385=CARTESIAN_POINT('Origin',(25.,-47.5,0.));
#8386=CARTESIAN_POINT('',(-45.,-50.,0.));
#8387=CARTESIAN_POINT('',(25.,-50.,0.));
#8388=CARTESIAN_POINT('Origin',(-45.,-47.5,0.));
#8389=CARTESIAN_POINT('Ctrl Pts',(-47.5,-45.,-2.5));
#8390=CARTESIAN_POINT('Ctrl Pts',(-47.5,-47.5,-2.5));
#8391=CARTESIAN_POINT('Ctrl Pts',(-45.,-47.5,-2.5));
#8392=CARTESIAN_POINT('Ctrl Pts',(-50.,-45.,-2.5));
#8393=CARTESIAN_POINT('Ctrl Pts',(-50.,-50.,-2.5));
#8394=CARTESIAN_POINT('Ctrl Pts',(-45.,-50.,-2.5));
#8395=CARTESIAN_POINT('Ctrl Pts',(-50.,-45.,0.));
#8396=CARTESIAN_POINT('Ctrl Pts',(-50.,-50.,0.));
#8397=CARTESIAN_POINT('Ctrl Pts',(-45.,-50.,0.));
#8398=CARTESIAN_POINT('',(-50.,-45.,0.));
#8399=CARTESIAN_POINT('Origin',(-47.5,-45.,0.));
#8400=CARTESIAN_POINT('Origin',(-45.,-45.,0.));
#8401=CARTESIAN_POINT('Origin',(-47.5,-25.,0.));
#8402=CARTESIAN_POINT('',(-50.,50.,0.));
#8403=CARTESIAN_POINT('Origin',(-47.5,50.,0.));
#8404=CARTESIAN_POINT('',(-50.,-25.,0.));
#8405=CARTESIAN_POINT('Origin',(-50.,-50.,0.));
#8406=CARTESIAN_POINT('',(-50.,-45.,90.));
#8407=CARTESIAN_POINT('',(-50.,-45.,0.));
#8408=CARTESIAN_POINT('',(-50.,50.,90.));
#8409=CARTESIAN_POINT('',(-50.,25.,90.));
#8410=CARTESIAN_POINT('',(-50.,50.,0.));
#8411=CARTESIAN_POINT('',(-50.,-1.16341445918998E-15,38.5625));
#8412=CARTESIAN_POINT('Origin',(-50.,0.,29.0625));
#8413=CARTESIAN_POINT('Origin',(-45.,-45.,0.));
#8414=CARTESIAN_POINT('',(-45.,-50.,90.));
#8415=CARTESIAN_POINT('',(-45.,-50.,0.));
#8416=CARTESIAN_POINT('Origin',(-45.,-45.,90.));
#8417=CARTESIAN_POINT('Origin',(50.,-50.,0.));
#8418=CARTESIAN_POINT('',(45.,-50.,90.));
#8419=CARTESIAN_POINT('',(45.,-50.,0.));
#8420=CARTESIAN_POINT('',(-25.,-50.,90.));
#8421=CARTESIAN_POINT('Origin',(45.,-45.,0.));
#8422=CARTESIAN_POINT('',(50.,-45.,90.));
#8423=CARTESIAN_POINT('',(50.,-45.,0.));
#8424=CARTESIAN_POINT('Origin',(45.,-45.,90.));
#8425=CARTESIAN_POINT('Origin',(-50.,50.,0.));
#8426=CARTESIAN_POINT('',(50.,50.,90.));
#8427=CARTESIAN_POINT('',(25.,50.,90.));
#8428=CARTESIAN_POINT('',(50.,50.,0.));
#8429=CARTESIAN_POINT('',(-42.5,50.,42.5));
#8430=CARTESIAN_POINT('Origin',(-32.5,50.,42.5));
#8431=CARTESIAN_POINT('',(-42.5,50.,10.));
#8432=CARTESIAN_POINT('',(-42.5,50.,0.));
#8433=CARTESIAN_POINT('Origin',(-32.5,50.,10.));
#8434=CARTESIAN_POINT('',(42.5,50.,10.));
#8435=CARTESIAN_POINT('Origin',(32.5,50.,10.));
#8436=CARTESIAN_POINT('',(42.5,50.,42.5));
#8437=CARTESIAN_POINT('',(42.5,50.,26.25));
#8438=CARTESIAN_POINT('Origin',(32.5,50.,42.5));
#8439=CARTESIAN_POINT('Origin',(50.,50.,0.));
#8440=CARTESIAN_POINT('',(50.,-25.,90.));
#8441=CARTESIAN_POINT('',(50.,-1.16341445918999E-15,19.5625));
#8442=CARTESIAN_POINT('Origin',(50.,0.,29.0625));
#8443=CARTESIAN_POINT('Origin',(-41.,-36.8229217479687,55.));
#8444=CARTESIAN_POINT('',(-41.,-28.5857196806223,62.5));
#8445=CARTESIAN_POINT('',(-41.,-36.8229217479687,62.5));
#8446=CARTESIAN_POINT('',(-41.,-18.4114608739843,62.5));
#8447=CARTESIAN_POINT('',(-41.,-36.8229217479687,55.));
#8448=CARTESIAN_POINT('',(-41.,-36.8229217479687,55.));
#8449=CARTESIAN_POINT('',(-41.,-28.5857196806223,55.));
#8450=CARTESIAN_POINT('',(-41.,-18.4114608739843,55.));
#8451=CARTESIAN_POINT('',(-41.,-28.5857196806223,55.));
#8452=CARTESIAN_POINT('Origin',(0.,0.,62.5));
#8453=CARTESIAN_POINT('',(-47.5,-35.,62.5));
#8454=CARTESIAN_POINT('Origin',(-47.5,-47.5,62.5));
#8455=CARTESIAN_POINT('',(-47.5,-27.5,62.5));
#8456=CARTESIAN_POINT('Origin',(-47.5,-47.5,62.5));
#8457=CARTESIAN_POINT('',(-47.5,-23.75,62.5));
#8458=CARTESIAN_POINT('Origin',(-47.5,-47.5,0.));
#8459=CARTESIAN_POINT('',(-47.5,-23.75,90.));
#8460=CARTESIAN_POINT('',(-47.5,27.5,62.5));
#8461=CARTESIAN_POINT('',(-47.5,27.5,55.));
#8462=CARTESIAN_POINT('',(-47.5,35.,62.5));
#8463=CARTESIAN_POINT('',(-47.5,-23.75,62.5));
#8464=CARTESIAN_POINT('',(-47.5,35.,55.));
#8465=CARTESIAN_POINT('',(-47.5,-35.,55.));
#8466=CARTESIAN_POINT('',(-47.5,-27.5,55.));
#8467=CARTESIAN_POINT('',(-47.5,-23.75,36.725));
#8468=CARTESIAN_POINT('Origin',(-41.,28.5857196806223,55.));
#8469=CARTESIAN_POINT('',(-41.,36.8229217479687,62.5));
#8470=CARTESIAN_POINT('',(-41.,28.5857196806223,62.5));
#8471=CARTESIAN_POINT('',(-41.,14.2928598403111,62.5));
#8472=CARTESIAN_POINT('',(-41.,28.5857196806223,55.));
#8473=CARTESIAN_POINT('',(-41.,28.5857196806223,55.));
#8474=CARTESIAN_POINT('',(-41.,36.8229217479687,55.));
#8475=CARTESIAN_POINT('',(-41.,14.2928598403111,55.));
#8476=CARTESIAN_POINT('',(-41.,36.8229217479687,55.));
#8477=CARTESIAN_POINT('Origin',(0.,0.,62.5));
#8478=CARTESIAN_POINT('Origin',(-47.5,47.5,62.5));
#8479=CARTESIAN_POINT('Origin',(-47.5,47.5,62.5));
#8480=CARTESIAN_POINT('Origin',(0.,0.,55.));
#8481=CARTESIAN_POINT('',(-36.5341439002693,-41.5,55.));
#8482=CARTESIAN_POINT('Origin',(-47.5,-47.5,55.));
#8483=CARTESIAN_POINT('',(-28.4212159716611,-41.5,55.));
#8484=CARTESIAN_POINT('',(-14.2106079858305,-41.5,55.));
#8485=CARTESIAN_POINT('',(28.4212159716611,-41.5,55.));
#8486=CARTESIAN_POINT('',(41.,-41.5,55.));
#8487=CARTESIAN_POINT('',(36.5341439002693,-41.5,55.));
#8488=CARTESIAN_POINT('',(18.2670719501347,-41.5,55.));
#8489=CARTESIAN_POINT('',(41.,-36.8229217479687,55.));
#8490=CARTESIAN_POINT('Origin',(47.5,-47.5,55.));
#8491=CARTESIAN_POINT('',(41.,-28.5857196806223,55.));
#8492=CARTESIAN_POINT('',(41.,-14.2928598403111,55.));
#8493=CARTESIAN_POINT('',(41.,28.5857196806223,55.));
#8494=CARTESIAN_POINT('',(41.,41.5,55.));
#8495=CARTESIAN_POINT('',(41.,36.8229217479687,55.));
#8496=CARTESIAN_POINT('',(41.,18.4114608739843,55.));
#8497=CARTESIAN_POINT('',(36.5341439002693,41.5,55.));
#8498=CARTESIAN_POINT('Origin',(47.5,47.5,55.));
#8499=CARTESIAN_POINT('',(28.4212159716611,41.5,55.));
#8500=CARTESIAN_POINT('',(14.2106079858305,41.5,55.));
#8501=CARTESIAN_POINT('',(-28.4212159716611,41.5,55.));
#8502=CARTESIAN_POINT('',(-41.,41.5,55.));
#8503=CARTESIAN_POINT('',(-36.5341439002693,41.5,55.));
#8504=CARTESIAN_POINT('',(-18.2670719501347,41.5,55.));
#8505=CARTESIAN_POINT('Origin',(-47.5,47.5,55.));
#8506=CARTESIAN_POINT('',(-41.,-41.5,55.));
#8507=CARTESIAN_POINT('Origin',(41.,36.8229217479687,55.));
#8508=CARTESIAN_POINT('',(41.,28.5857196806223,62.5));
#8509=CARTESIAN_POINT('',(41.,36.8229217479687,62.5));
#8510=CARTESIAN_POINT('',(41.,18.4114608739843,62.5));
#8511=CARTESIAN_POINT('',(41.,36.8229217479687,55.));
#8512=CARTESIAN_POINT('',(41.,28.5857196806223,55.));
#8513=CARTESIAN_POINT('Origin',(0.,0.,62.5));
#8514=CARTESIAN_POINT('Origin',(47.5,47.5,62.5));
#8515=CARTESIAN_POINT('Origin',(47.5,47.5,62.5));
#8516=CARTESIAN_POINT('Origin',(41.,-28.5857196806223,55.));
#8517=CARTESIAN_POINT('',(41.,-36.8229217479687,62.5));
#8518=CARTESIAN_POINT('',(41.,-28.5857196806223,62.5));
#8519=CARTESIAN_POINT('',(41.,-14.2928598403111,62.5));
#8520=CARTESIAN_POINT('',(41.,-28.5857196806223,55.));
#8521=CARTESIAN_POINT('',(41.,-36.8229217479687,55.));
#8522=CARTESIAN_POINT('Origin',(0.,0.,62.5));
#8523=CARTESIAN_POINT('Origin',(47.5,-47.5,62.5));
#8524=CARTESIAN_POINT('Origin',(47.5,-47.5,62.5));
#8525=CARTESIAN_POINT('Origin',(-28.4212159716611,-41.5,55.));
#8526=CARTESIAN_POINT('',(-36.5341439002693,-41.5,62.5));
#8527=CARTESIAN_POINT('',(-28.4212159716611,-41.5,62.5));
#8528=CARTESIAN_POINT('',(-14.2106079858305,-41.5,62.5));
#8529=CARTESIAN_POINT('',(-28.4212159716611,-41.5,55.));
#8530=CARTESIAN_POINT('',(-36.5341439002693,-41.5,55.));
#8531=CARTESIAN_POINT('Origin',(0.,0.,62.5));
#8532=CARTESIAN_POINT('',(-27.5,-47.5,62.5));
#8533=CARTESIAN_POINT('',(-35.,-47.5,62.5));
#8534=CARTESIAN_POINT('',(23.75,-47.5,62.5));
#8535=CARTESIAN_POINT('Origin',(-47.5,-47.5,62.5));
#8536=CARTESIAN_POINT('Origin',(-47.5,-47.5,62.5));
#8537=CARTESIAN_POINT('Origin',(47.5,-47.5,0.));
#8538=CARTESIAN_POINT('',(23.75,-47.5,90.));
#8539=CARTESIAN_POINT('',(-27.5,-47.5,55.));
#8540=CARTESIAN_POINT('',(-35.,-47.5,55.));
#8541=CARTESIAN_POINT('',(35.,-47.5,62.5));
#8542=CARTESIAN_POINT('',(35.,-47.5,55.));
#8543=CARTESIAN_POINT('',(27.5,-47.5,62.5));
#8544=CARTESIAN_POINT('',(23.75,-47.5,62.5));
#8545=CARTESIAN_POINT('',(27.5,-47.5,55.));
#8546=CARTESIAN_POINT('Origin',(-36.5341439002693,41.5,55.));
#8547=CARTESIAN_POINT('',(-28.4212159716611,41.5,62.5));
#8548=CARTESIAN_POINT('',(-36.5341439002693,41.5,62.5));
#8549=CARTESIAN_POINT('',(-18.2670719501347,41.5,62.5));
#8550=CARTESIAN_POINT('',(-36.5341439002693,41.5,55.));
#8551=CARTESIAN_POINT('',(-28.4212159716611,41.5,55.));
#8552=CARTESIAN_POINT('Origin',(0.,0.,62.5));
#8553=CARTESIAN_POINT('Origin',(-47.5,47.5,62.5));
#8554=CARTESIAN_POINT('Origin',(-47.5,47.5,62.5));
#8555=CARTESIAN_POINT('Origin',(28.4212159716611,41.5,55.));
#8556=CARTESIAN_POINT('',(36.5341439002693,41.5,62.5));
#8557=CARTESIAN_POINT('',(28.4212159716611,41.5,62.5));
#8558=CARTESIAN_POINT('',(14.2106079858305,41.5,62.5));
#8559=CARTESIAN_POINT('',(28.4212159716611,41.5,55.));
#8560=CARTESIAN_POINT('',(36.5341439002693,41.5,55.));
#8561=CARTESIAN_POINT('Origin',(0.,0.,62.5));
#8562=CARTESIAN_POINT('Origin',(47.5,47.5,62.5));
#8563=CARTESIAN_POINT('Origin',(47.5,47.5,62.5));
#8564=CARTESIAN_POINT('Origin',(36.5341439002693,-41.5,55.));
#8565=CARTESIAN_POINT('',(28.4212159716611,-41.5,62.5));
#8566=CARTESIAN_POINT('',(36.5341439002693,-41.5,62.5));
#8567=CARTESIAN_POINT('',(18.2670719501347,-41.5,62.5));
#8568=CARTESIAN_POINT('',(36.5341439002693,-41.5,55.));
#8569=CARTESIAN_POINT('',(28.4212159716611,-41.5,55.));
#8570=CARTESIAN_POINT('Origin',(0.,0.,62.5));
#8571=CARTESIAN_POINT('Origin',(47.5,-47.5,62.5));
#8572=CARTESIAN_POINT('Origin',(47.5,-47.5,62.5));
#8573=CARTESIAN_POINT('Origin',(41.,28.5857196806223,55.));
#8574=CARTESIAN_POINT('',(41.,28.5857196806223,55.));
#8575=CARTESIAN_POINT('',(41.,-28.5857196806223,55.));
#8576=CARTESIAN_POINT('Origin',(47.5,47.5,55.));
#8577=CARTESIAN_POINT('Origin',(47.5,47.5,55.));
#8578=CARTESIAN_POINT('Origin',(47.5,47.5,55.));
#8579=CARTESIAN_POINT('',(28.4212159716611,41.5,55.));
#8580=CARTESIAN_POINT('Origin',(-28.4212159716611,41.5,55.));
#8581=CARTESIAN_POINT('',(-28.4212159716611,41.5,55.));
#8582=CARTESIAN_POINT('Origin',(-47.5,47.5,55.));
#8583=CARTESIAN_POINT('Origin',(-47.5,47.5,55.));
#8584=CARTESIAN_POINT('Origin',(-47.5,47.5,55.));
#8585=CARTESIAN_POINT('',(-41.,28.5857196806223,55.));
#8586=CARTESIAN_POINT('Origin',(-41.,-28.5857196806223,55.));
#8587=CARTESIAN_POINT('',(-41.,-28.5857196806223,55.));
#8588=CARTESIAN_POINT('Origin',(-47.5,-47.5,55.));
#8589=CARTESIAN_POINT('Origin',(-47.5,-47.5,55.));
#8590=CARTESIAN_POINT('Origin',(-47.5,-47.5,55.));
#8591=CARTESIAN_POINT('',(-28.4212159716611,-41.5,55.));
#8592=CARTESIAN_POINT('Origin',(28.4212159716611,-41.5,55.));
#8593=CARTESIAN_POINT('',(28.4212159716611,-41.5,55.));
#8594=CARTESIAN_POINT('Origin',(47.5,-47.5,55.));
#8595=CARTESIAN_POINT('Origin',(47.5,-47.5,55.));
#8596=CARTESIAN_POINT('Origin',(47.5,-47.5,55.));
#8597=CARTESIAN_POINT('Origin',(38.,18.25,0.5));
#8598=CARTESIAN_POINT('',(37.5,36.5,0.5));
#8599=CARTESIAN_POINT('Origin',(38.,36.5,0.5));
#8600=CARTESIAN_POINT('',(37.5,31.5,0.5));
#8601=CARTESIAN_POINT('',(37.5,18.25,0.5));
#8602=CARTESIAN_POINT('Origin',(38.,31.,0.5));
#8603=CARTESIAN_POINT('Origin',(27.,20.75,0.5));
#8604=CARTESIAN_POINT('',(27.5,31.5,0.5));
#8605=CARTESIAN_POINT('',(27.5,36.5,0.5));
#8606=CARTESIAN_POINT('',(27.5,20.75,0.5));
#8607=CARTESIAN_POINT('Origin',(27.,36.5,0.5));
#8608=CARTESIAN_POINT('Origin',(27.,31.,0.5));
#8609=CARTESIAN_POINT('Origin',(16.25,31.,0.5));
#8610=CARTESIAN_POINT('',(16.25,31.5,0.5));
#8611=CARTESIAN_POINT('Origin',(28.,41.5,2.51316701949486));
#8612=CARTESIAN_POINT('',(28.2142857142857,32.,2.96492097094748));
#8613=CARTESIAN_POINT('',(28.2142857142857,41.5,2.96492097094748));
#8614=CARTESIAN_POINT('',(28.2142857142857,41.5,2.96492097094748));
#8615=CARTESIAN_POINT('',(27.5,41.5,2.51316701949486));
#8616=CARTESIAN_POINT('Origin',(28.,41.5,2.51316701949486));
#8617=CARTESIAN_POINT('',(27.5,31.5,2.51316701949486));
#8618=CARTESIAN_POINT('',(27.5,41.5,2.51316701949486));
#8619=CARTESIAN_POINT('',(27.5534761556884,31.5,2.73814803305206));
#8620=CARTESIAN_POINT('Origin',(28.,31.5,2.51316701949486));
#8621=CARTESIAN_POINT('Ctrl Pts',(27.5534761556884,31.5,2.73814803305206));
#8622=CARTESIAN_POINT('Ctrl Pts',(27.5744633543013,31.5,2.77980170176735));
#8623=CARTESIAN_POINT('Ctrl Pts',(27.6007896151584,31.5065178299617,2.81756498574627));
#8624=CARTESIAN_POINT('Ctrl Pts',(27.6656646586896,31.5328049327417,2.88843594783444));
#8625=CARTESIAN_POINT('Ctrl Pts',(27.7041235253389,31.5537150089948,2.91890419741759));
#8626=CARTESIAN_POINT('Ctrl Pts',(27.7974825076788,31.6131541047087,2.97452082765778));
#8627=CARTESIAN_POINT('Ctrl Pts',(27.8531723633088,31.654957287073,2.99428698631119));
#8628=CARTESIAN_POINT('Ctrl Pts',(27.9604277816515,31.7439571593301,3.01452155887972));
#8629=CARTESIAN_POINT('Ctrl Pts',(28.012851080316,31.7916838962609,3.01551315164821));
#8630=CARTESIAN_POINT('Ctrl Pts',(28.1148741278394,31.8914056893982,3.00263362638634));
#8631=CARTESIAN_POINT('Ctrl Pts',(28.1650350361991,31.9443016836892,2.98792224872921));
#8632=CARTESIAN_POINT('Ctrl Pts',(28.2124277139365,31.9978943261211,2.965798792631));
#8633=CARTESIAN_POINT('Ctrl Pts',(28.2133573940918,31.9989471645692,2.96536131187908));
#8634=CARTESIAN_POINT('Ctrl Pts',(28.2142857142857,32.,2.96492097094748));
#8635=CARTESIAN_POINT('Origin',(37.,41.5,2.51316701949486));
#8636=CARTESIAN_POINT('',(37.5,31.5,2.51316701949486));
#8637=CARTESIAN_POINT('',(37.5,41.5,2.51316701949486));
#8638=CARTESIAN_POINT('',(37.5,41.5,2.51316701949486));
#8639=CARTESIAN_POINT('',(36.7857142857143,41.5,2.96492097094748));
#8640=CARTESIAN_POINT('Origin',(37.,41.5,2.51316701949486));
#8641=CARTESIAN_POINT('',(36.7857142857143,32.,2.96492097094748));
#8642=CARTESIAN_POINT('',(36.7857142857143,41.5,2.96492097094748));
#8643=CARTESIAN_POINT('',(37.4465238443115,31.5,2.73814803305207));
#8644=CARTESIAN_POINT('Ctrl Pts',(36.7857142857143,32.,2.96492097094748));
#8645=CARTESIAN_POINT('Ctrl Pts',(36.7866426059082,31.9989471645691,2.96536131187912));
#8646=CARTESIAN_POINT('Ctrl Pts',(36.7875722860634,31.9978943261212,2.96579879263096));
#8647=CARTESIAN_POINT('Ctrl Pts',(36.8349649638009,31.9443016836891,2.98792224872922));
#8648=CARTESIAN_POINT('Ctrl Pts',(36.8851258721606,31.8914056893982,3.00263362638635));
#8649=CARTESIAN_POINT('Ctrl Pts',(36.987148919684,31.7916838962608,3.01551315164821));
#8650=CARTESIAN_POINT('Ctrl Pts',(37.0395722183485,31.7439571593301,3.01452155887972));
#8651=CARTESIAN_POINT('Ctrl Pts',(37.1468276366912,31.654957287073,2.99428698631119));
#8652=CARTESIAN_POINT('Ctrl Pts',(37.2025174923212,31.6131541047087,2.97452082765778));
#8653=CARTESIAN_POINT('Ctrl Pts',(37.2958764746611,31.5537150089948,2.91890419741759));
#8654=CARTESIAN_POINT('Ctrl Pts',(37.3343353413104,31.5328049327417,2.88843594783444));
#8655=CARTESIAN_POINT('Ctrl Pts',(37.3992103848416,31.5065178299617,2.81756498574628));
#8656=CARTESIAN_POINT('Ctrl Pts',(37.4255366456987,31.5,2.77980170176736));
#8657=CARTESIAN_POINT('Ctrl Pts',(37.4465238443115,31.5,2.73814803305207));
#8658=CARTESIAN_POINT('Origin',(37.,31.5,2.51316701949486));
#8659=CARTESIAN_POINT('Origin',(32.5,32.,12.));
#8660=CARTESIAN_POINT('Origin',(32.5,31.5,12.));
#8661=CARTESIAN_POINT('Origin',(32.5,32.,12.));
#8662=CARTESIAN_POINT('Origin',(32.5,41.5,12.));
#8663=CARTESIAN_POINT('Origin',(32.5,41.5,12.));
#8664=CARTESIAN_POINT('Origin',(37.5,36.5,0.));
#8665=CARTESIAN_POINT('',(37.5,36.5,0.));
#8666=CARTESIAN_POINT('',(37.5,41.5,0.));
#8667=CARTESIAN_POINT('',(37.5,41.5,2.));
#8668=CARTESIAN_POINT('',(37.5,31.5,2.));
#8669=CARTESIAN_POINT('Origin',(32.5,31.5,1.6698729810778));
#8670=CARTESIAN_POINT('',(27.5,31.5,2.));
#8671=CARTESIAN_POINT('Origin',(32.5,41.5,1.6698729810778));
#8672=CARTESIAN_POINT('',(27.5,41.5,2.));
#8673=CARTESIAN_POINT('Origin',(42.5,41.5,0.));
#8674=CARTESIAN_POINT('',(42.5,36.5,0.));
#8675=CARTESIAN_POINT('',(42.5,41.5,0.));
#8676=CARTESIAN_POINT('Origin',(37.5,41.5,0.));
#8677=CARTESIAN_POINT('Origin',(42.5,36.5,0.));
#8678=CARTESIAN_POINT('Origin',(27.5,41.5,0.));
#8679=CARTESIAN_POINT('',(27.5,41.5,0.));
#8680=CARTESIAN_POINT('',(27.5,36.5,0.));
#8681=CARTESIAN_POINT('Origin',(22.5,41.5,0.));
#8682=CARTESIAN_POINT('',(22.5,41.5,0.));
#8683=CARTESIAN_POINT('Origin',(22.5,36.5,0.));
#8684=CARTESIAN_POINT('',(22.5,36.5,0.));
#8685=CARTESIAN_POINT('Origin',(27.5,36.5,0.));
#8686=CARTESIAN_POINT('Origin',(-32.5,47.5,42.5));
#8687=CARTESIAN_POINT('',(-42.5,47.5,42.5));
#8688=CARTESIAN_POINT('Origin',(-42.5,47.5,0.));
#8689=CARTESIAN_POINT('',(-42.5,23.75,10.));
#8690=CARTESIAN_POINT('Origin',(32.5,47.5,42.5));
#8691=CARTESIAN_POINT('',(42.5,47.5,42.5));
#8692=CARTESIAN_POINT('Origin',(-32.5,23.75,10.));
#8693=CARTESIAN_POINT('Origin',(32.5,23.75,10.));
#8694=CARTESIAN_POINT('',(42.5,23.75,10.));
#8695=CARTESIAN_POINT('Origin',(42.5,47.5,52.5));
#8696=CARTESIAN_POINT('Origin',(-36.4999989382923,-3.33125,40.475));
#8697=CARTESIAN_POINT('Origin',(36.4999989382923,3.33125000000001,40.475));
#8698=CARTESIAN_POINT('',(35.4514181522661,-6.6625,32.6106441048035));
#8699=CARTESIAN_POINT('Origin',(39.9999989382923,6.66250000000001,36.725));
#8700=CARTESIAN_POINT('',(39.9999989382923,-6.6625,29.8625));
#8701=CARTESIAN_POINT('Origin',(46.3749989382923,-6.6625,36.725));
#8702=CARTESIAN_POINT('',(46.3749989382923,-6.6625,36.725));
#8703=CARTESIAN_POINT('Origin',(-46.3749989382923,6.6625,36.725));
#8704=CARTESIAN_POINT('Origin',(0.,2.22044604925031E-15,36.725));
#8705=CARTESIAN_POINT('Origin',(55.,0.,29.0625));
#8706=CARTESIAN_POINT('',(55.,-5.51091059616309E-16,24.5625));
#8707=CARTESIAN_POINT('Origin',(55.,0.,29.0625));
#8708=CARTESIAN_POINT('Origin',(55.,-1.16341445918999E-15,19.5625));
#8709=CARTESIAN_POINT('Origin',(-55.,0.,29.0625));
#8710=CARTESIAN_POINT('',(-55.,-5.51091059616309E-16,33.5625));
#8711=CARTESIAN_POINT('Origin',(-55.,0.,29.0625));
#8712=CARTESIAN_POINT('Origin',(-55.,-1.16341445918999E-15,38.5625));
#8713=CARTESIAN_POINT('Origin',(-47.5,0.,29.0625));
#8714=CARTESIAN_POINT('',(-47.5,3.25,29.0625));
#8715=CARTESIAN_POINT('Origin',(-47.5,0.,29.0625));
#8716=CARTESIAN_POINT('',(-47.5,-2.25,29.0625));
#8717=CARTESIAN_POINT('Origin',(-47.5,0.,29.0625));
#8718=CARTESIAN_POINT('Origin',(-50.,0.,29.0625));
#8719=CARTESIAN_POINT('',(-55.,3.25,29.0625));
#8720=CARTESIAN_POINT('Origin',(-55.,0.,29.0625));
#8721=CARTESIAN_POINT('',(-50.,3.25,29.0625));
#8722=CARTESIAN_POINT('Origin',(-55.,0.,29.0625));
#8723=CARTESIAN_POINT('Origin',(50.,0.,29.0625));
#8724=CARTESIAN_POINT('',(55.,-3.25,29.0625));
#8725=CARTESIAN_POINT('Origin',(55.,0.,29.0625));
#8726=CARTESIAN_POINT('',(50.,-3.25,29.0625));
#8727=CARTESIAN_POINT('',(50.,-3.25,29.0625));
#8728=CARTESIAN_POINT('Origin',(50.,0.,29.0625));
#8729=CARTESIAN_POINT('Origin',(55.,0.,29.0625));
#8730=CARTESIAN_POINT('Origin',(0.,0.,29.0625));
#8731=CARTESIAN_POINT('',(-45.5000014528632,-2.25,29.0625));
#8732=CARTESIAN_POINT('',(0.,-2.25,29.0625));
#8733=CARTESIAN_POINT('Origin',(-45.5000014528632,0.,29.0625));
#8734=CARTESIAN_POINT('Origin',(0.,0.,29.0625));
#8735=CARTESIAN_POINT('',(45.5000014528632,-2.25,29.0625));
#8736=CARTESIAN_POINT('Origin',(45.5000014528632,0.,29.0625));
#8737=CARTESIAN_POINT('',(50.,-2.25,29.0625));
#8738=CARTESIAN_POINT('',(0.,-2.25,29.0625));
#8739=CARTESIAN_POINT('Origin',(50.,0.,29.0625));
#8740=CARTESIAN_POINT('Origin',(0.,1.66533453693773E-15,22.0000003278255));
#8741=CARTESIAN_POINT('',(36.5000014528632,-5.8625,22.0000003278255));
#8742=CARTESIAN_POINT('',(44.5000014528632,-5.8625,22.0000003278255));
#8743=CARTESIAN_POINT('',(22.2500007264316,-5.8625,22.0000003278255));
#8744=CARTESIAN_POINT('',(44.5000014528632,5.86250000000001,22.0000003278255));
#8745=CARTESIAN_POINT('',(44.5000014528632,2.93125,22.0000003278255));
#8746=CARTESIAN_POINT('',(36.5000014528632,5.86250000000001,22.0000003278255));
#8747=CARTESIAN_POINT('',(18.2500007264316,5.8625,22.0000003278255));
#8748=CARTESIAN_POINT('',(36.5000014528632,-2.93125,22.0000003278255));
#8749=CARTESIAN_POINT('Origin',(0.,1.66533453693773E-15,36.125));
#8750=CARTESIAN_POINT('',(36.5000014528632,5.86250000000001,36.125));
#8751=CARTESIAN_POINT('',(44.5000014528632,5.86250000000001,36.125));
#8752=CARTESIAN_POINT('',(22.2500007264316,5.8625,36.125));
#8753=CARTESIAN_POINT('',(44.5000014528632,-5.8625,36.125));
#8754=CARTESIAN_POINT('',(44.5000014528632,-2.93125,36.125));
#8755=CARTESIAN_POINT('',(36.5000014528632,-5.8625,36.125));
#8756=CARTESIAN_POINT('',(18.2500007264316,-5.8625,36.125));
#8757=CARTESIAN_POINT('',(36.5000014528632,2.93125,36.125));
#8758=CARTESIAN_POINT('Origin',(0.,1.66533453693773E-15,22.0000003278255));
#8759=CARTESIAN_POINT('',(-36.5000014528632,5.8625,22.0000003278255));
#8760=CARTESIAN_POINT('',(-44.5000014528632,5.8625,22.0000003278255));
#8761=CARTESIAN_POINT('',(-22.2500007264316,5.8625,22.0000003278255));
#8762=CARTESIAN_POINT('',(-44.5000014528632,-5.86250000000001,22.0000003278255));
#8763=CARTESIAN_POINT('',(-44.5000014528632,-2.93125,22.0000003278255));
#8764=CARTESIAN_POINT('',(-36.5000014528632,-5.8625,22.0000003278255));
#8765=CARTESIAN_POINT('',(-18.2500007264316,-5.8625,22.0000003278255));
#8766=CARTESIAN_POINT('',(-36.5000014528632,2.93125,22.0000003278255));
#8767=CARTESIAN_POINT('Origin',(0.,1.66533453693773E-15,36.125));
#8768=CARTESIAN_POINT('',(-36.5000014528632,-5.8625,36.125));
#8769=CARTESIAN_POINT('',(-44.5000014528632,-5.86250000000001,36.125));
#8770=CARTESIAN_POINT('',(-22.2500007264316,-5.8625,36.125));
#8771=CARTESIAN_POINT('',(-44.5000014528632,5.8625,36.125));
#8772=CARTESIAN_POINT('',(-44.5000014528632,2.93125,36.125));
#8773=CARTESIAN_POINT('',(-36.5000014528632,5.8625,36.125));
#8774=CARTESIAN_POINT('',(-18.2500007264316,5.8625,36.125));
#8775=CARTESIAN_POINT('',(-36.5000014528632,-2.93125,36.125));
#8776=CARTESIAN_POINT('Origin',(0.,1.66533453693773E-15,35.125));
#8777=CARTESIAN_POINT('',(44.5000014528632,-5.06249999999999,35.125));
#8778=CARTESIAN_POINT('',(44.5000014528632,5.06250000000001,35.125));
#8779=CARTESIAN_POINT('',(44.5000014528632,-2.93125,35.125));
#8780=CARTESIAN_POINT('',(45.5000014528632,5.06250000000001,35.125));
#8781=CARTESIAN_POINT('',(22.7500007264316,5.06249999999999,35.125));
#8782=CARTESIAN_POINT('',(45.5000014528632,-5.06249999999999,35.125));
#8783=CARTESIAN_POINT('',(45.5000014528632,-2.53125,35.125));
#8784=CARTESIAN_POINT('',(22.2500007264316,-5.06249999999998,35.125));
#8785=CARTESIAN_POINT('Origin',(0.,1.66533453693773E-15,35.125));
#8786=CARTESIAN_POINT('',(36.5000014528632,5.0625,35.125));
#8787=CARTESIAN_POINT('',(36.5000014528632,-5.06249999999999,35.125));
#8788=CARTESIAN_POINT('',(36.5000014528632,2.93125,35.125));
#8789=CARTESIAN_POINT('',(21.0000014528632,-5.06249999999998,35.125));
#8790=CARTESIAN_POINT('',(10.5000007264316,-5.06249999999997,35.125));
#8791=CARTESIAN_POINT('',(21.0000014528632,5.06249999999999,35.125));
#8792=CARTESIAN_POINT('',(21.0000014528632,3.33125,35.125));
#8793=CARTESIAN_POINT('',(18.2500007264316,5.06249999999999,35.125));
#8794=CARTESIAN_POINT('Origin',(0.,1.66533453693773E-15,35.125));
#8795=CARTESIAN_POINT('',(-44.5000014528632,5.0625,35.125));
#8796=CARTESIAN_POINT('',(-44.5000014528632,-5.0625,35.125));
#8797=CARTESIAN_POINT('',(-44.5000014528632,2.93125,35.125));
#8798=CARTESIAN_POINT('',(-45.5000014528632,-5.0625,35.125));
#8799=CARTESIAN_POINT('',(-22.7500007264316,-5.06249999999999,35.125));
#8800=CARTESIAN_POINT('',(-45.5000014528632,5.0625,35.125));
#8801=CARTESIAN_POINT('',(-45.5000014528632,2.53125,35.125));
#8802=CARTESIAN_POINT('',(-22.2500007264316,5.06249999999999,35.125));
#8803=CARTESIAN_POINT('Origin',(0.,1.66533453693773E-15,35.125));
#8804=CARTESIAN_POINT('',(-36.5000014528632,-5.0625,35.125));
#8805=CARTESIAN_POINT('',(-36.5000014528632,5.06249999999999,35.125));
#8806=CARTESIAN_POINT('',(-36.5000014528632,-2.93125,35.125));
#8807=CARTESIAN_POINT('',(-21.0000014528632,5.06249999999998,35.125));
#8808=CARTESIAN_POINT('',(-10.5000007264316,5.06249999999998,35.125));
#8809=CARTESIAN_POINT('',(-21.0000014528632,-5.06249999999998,35.125));
#8810=CARTESIAN_POINT('',(-21.0000014528632,-3.33125,35.125));
#8811=CARTESIAN_POINT('',(-18.2500007264316,-5.06249999999998,35.125));
#8812=CARTESIAN_POINT('Origin',(-6.66133814775094E-15,2.38418582654276E-7,
23.));
#8813=CARTESIAN_POINT('',(-44.5000014528632,-5.0625,23.));
#8814=CARTESIAN_POINT('',(-44.5000014528632,5.0625,23.));
#8815=CARTESIAN_POINT('',(-44.5000014528632,2.93125011920929,23.));
#8816=CARTESIAN_POINT('',(-45.5000014528632,5.0625,23.));
#8817=CARTESIAN_POINT('',(-47.5000014528632,5.0625,23.));
#8818=CARTESIAN_POINT('',(-45.5000014528632,-5.0625,23.));
#8819=CARTESIAN_POINT('',(-45.5000014528632,5.0625,23.));
#8820=CARTESIAN_POINT('',(-47.5000014528632,-5.06250000000001,23.));
#8821=CARTESIAN_POINT('Origin',(-6.66133814775094E-15,2.38418582654276E-7,
23.));
#8822=CARTESIAN_POINT('',(44.5000014528632,5.06250000000001,23.));
#8823=CARTESIAN_POINT('',(44.5000014528632,-5.06249999999999,23.));
#8824=CARTESIAN_POINT('',(44.5000014528632,-2.93124988079071,23.));
#8825=CARTESIAN_POINT('',(45.5000014528632,-5.06249999999999,23.));
#8826=CARTESIAN_POINT('',(47.5000014528632,-5.0625,23.));
#8827=CARTESIAN_POINT('',(45.5000014528632,5.06250000000001,23.));
#8828=CARTESIAN_POINT('',(45.5000014528632,-5.06249999999999,23.));
#8829=CARTESIAN_POINT('',(47.5000014528632,5.06250000000001,23.));
#8830=CARTESIAN_POINT('Origin',(21.0000014528632,-5.06249999999998,23.));
#8831=CARTESIAN_POINT('',(36.5000014528632,-5.06249999999999,23.));
#8832=CARTESIAN_POINT('',(36.5000014528632,-5.06249999999999,23.));
#8833=CARTESIAN_POINT('',(21.0000014528632,-5.06249999999998,23.));
#8834=CARTESIAN_POINT('',(47.5000014528632,-5.0625,23.));
#8835=CARTESIAN_POINT('',(21.0000014528632,-5.06249999999998,23.));
#8836=CARTESIAN_POINT('Origin',(36.5000014528632,5.0625,23.));
#8837=CARTESIAN_POINT('',(21.0000014528632,5.06249999999999,23.));
#8838=CARTESIAN_POINT('',(21.0000014528632,5.06249999999999,23.));
#8839=CARTESIAN_POINT('',(36.5000014528632,5.0625,23.));
#8840=CARTESIAN_POINT('',(47.5000014528632,5.06250000000001,23.));
#8841=CARTESIAN_POINT('',(36.5000014528632,5.0625,23.));
#8842=CARTESIAN_POINT('Origin',(36.5000014528632,5.86250000000001,23.));
#8843=CARTESIAN_POINT('',(36.5000014528632,5.86250000000001,23.));
#8844=CARTESIAN_POINT('',(36.5000014528632,-5.8625,23.));
#8845=CARTESIAN_POINT('',(36.5000014528632,2.93125011920929,23.));
#8846=CARTESIAN_POINT('Origin',(44.5000014528632,5.86250000000001,23.));
#8847=CARTESIAN_POINT('',(44.5000014528632,5.86250000000001,23.));
#8848=CARTESIAN_POINT('Origin',(44.5000014528632,5.06250000000001,23.));
#8849=CARTESIAN_POINT('',(44.5000014528632,-5.8625,23.));
#8850=CARTESIAN_POINT('',(44.5000014528632,-5.06249999999999,23.));
#8851=CARTESIAN_POINT('',(44.5000014528632,5.06250000000001,23.));
#8852=CARTESIAN_POINT('Origin',(45.5000014528632,5.06250000000001,23.));
#8853=CARTESIAN_POINT('',(45.5000014528632,5.06250000000001,23.));
#8854=CARTESIAN_POINT('Origin',(45.5000014528632,-5.06249999999999,23.));
#8855=CARTESIAN_POINT('',(45.5000014528632,-5.06249999999999,23.));
#8856=CARTESIAN_POINT('Origin',(44.5000014528632,-5.06249999999999,23.));
#8857=CARTESIAN_POINT('Origin',(36.5000014528632,-5.8625,23.));
#8858=CARTESIAN_POINT('Origin',(-36.5000014528632,5.8625,23.));
#8859=CARTESIAN_POINT('',(-44.5000014528632,5.8625,23.));
#8860=CARTESIAN_POINT('',(-36.5000014528632,5.8625,23.));
#8861=CARTESIAN_POINT('Origin',(-21.0000014528632,5.06249999999998,23.));
#8862=CARTESIAN_POINT('',(-36.5000014528632,5.06249999999999,23.));
#8863=CARTESIAN_POINT('',(-36.5000014528632,5.06249999999999,23.));
#8864=CARTESIAN_POINT('',(-21.0000014528632,5.06249999999998,23.));
#8865=CARTESIAN_POINT('',(-47.5000014528632,5.0625,23.));
#8866=CARTESIAN_POINT('',(-21.0000014528632,5.06249999999998,23.));
#8867=CARTESIAN_POINT('Origin',(-36.5000014528632,-5.0625,23.));
#8868=CARTESIAN_POINT('',(-21.0000014528632,-5.06249999999998,23.));
#8869=CARTESIAN_POINT('',(-21.0000014528632,-5.06249999999998,23.));
#8870=CARTESIAN_POINT('',(-36.5000014528632,-5.0625,23.));
#8871=CARTESIAN_POINT('',(-47.5000014528632,-5.06250000000001,23.));
#8872=CARTESIAN_POINT('',(-36.5000014528632,-5.0625,23.));
#8873=CARTESIAN_POINT('Origin',(-36.5000014528632,-5.8625,23.));
#8874=CARTESIAN_POINT('',(-36.5000014528632,-5.8625,23.));
#8875=CARTESIAN_POINT('',(-36.5000014528632,-2.93124988079071,23.));
#8876=CARTESIAN_POINT('Origin',(-44.5000014528632,-5.86250000000001,23.));
#8877=CARTESIAN_POINT('',(-44.5000014528632,-5.86250000000001,23.));
#8878=CARTESIAN_POINT('Origin',(-44.5000014528632,-5.0625,23.));
#8879=CARTESIAN_POINT('',(-44.5000014528632,5.0625,23.));
#8880=CARTESIAN_POINT('',(-44.5000014528632,-5.0625,23.));
#8881=CARTESIAN_POINT('Origin',(-45.5000014528632,-5.0625,23.));
#8882=CARTESIAN_POINT('',(-45.5000014528632,-5.0625,23.));
#8883=CARTESIAN_POINT('Origin',(-45.5000014528632,5.0625,23.));
#8884=CARTESIAN_POINT('',(-45.5000014528632,5.0625,23.));
#8885=CARTESIAN_POINT('Origin',(-44.5000014528632,5.0625,23.));
#8886=CARTESIAN_POINT('Origin',(21.0000014528632,6.6625,23.));
#8887=CARTESIAN_POINT('',(21.0000014528632,-6.6625,23.));
#8888=CARTESIAN_POINT('',(21.0000014528632,3.33125011920929,23.));
#8889=CARTESIAN_POINT('',(21.0000014528632,-6.6625,23.));
#8890=CARTESIAN_POINT('',(21.0000014528632,3.33125011920929,23.));
#8891=CARTESIAN_POINT('Origin',(-21.0000014528632,-6.6625,23.));
#8892=CARTESIAN_POINT('',(-21.0000014528632,-3.33124988079071,23.));
#8893=CARTESIAN_POINT('',(-21.0000014528632,-3.33124988079071,23.));
#8894=CARTESIAN_POINT('Origin',(47.4999989382923,-6.6625,23.));
#8895=CARTESIAN_POINT('',(47.4999989382923,-6.6625,23.));
#8896=CARTESIAN_POINT('Origin',(14.5,16.0000002384186,-1.49011611383365E-8));
#8897=CARTESIAN_POINT('',(15.5,-30.,-1.49011611383365E-8));
#8898=CARTESIAN_POINT('',(14.5,-30.,-1.00000001490116));
#8899=CARTESIAN_POINT('Origin',(14.5,-30.,-1.49011611383365E-8));
#8900=CARTESIAN_POINT('',(15.5,30.,-1.49011611383365E-8));
#8901=CARTESIAN_POINT('',(15.5,16.0000002384186,-1.49011611383365E-8));
#8902=CARTESIAN_POINT('',(14.5,30.,-1.00000001490116));
#8903=CARTESIAN_POINT('Origin',(14.5,30.,-1.49011611383365E-8));
#8904=CARTESIAN_POINT('',(14.5,16.0000002384186,-1.00000001490116));
#8905=CARTESIAN_POINT('Origin',(15.5,-30.,0.));
#8906=CARTESIAN_POINT('',(-14.5,-30.,-1.00000001490116));
#8907=CARTESIAN_POINT('',(7.75,-30.,-1.00000001490116));
#8908=CARTESIAN_POINT('',(-15.5,-30.,-1.49011611383365E-8));
#8909=CARTESIAN_POINT('Origin',(-14.5,-30.,-1.49011611383365E-8));
#8910=CARTESIAN_POINT('',(-15.5,-30.,23.));
#8911=CARTESIAN_POINT('',(-15.5,-30.,0.));
#8912=CARTESIAN_POINT('',(15.5,-30.,23.));
#8913=CARTESIAN_POINT('',(7.74999999999999,-30.,23.));
#8914=CARTESIAN_POINT('',(15.5,-30.,0.));
#8915=CARTESIAN_POINT('Origin',(4.44089209850063E-15,0.,-1.00000001490116));
#8916=CARTESIAN_POINT('',(-14.5,30.,-1.00000001490116));
#8917=CARTESIAN_POINT('',(-7.74999999999999,30.,-1.00000001490116));
#8918=CARTESIAN_POINT('',(-14.5,-15.,-1.00000001490116));
#8919=CARTESIAN_POINT('Origin',(-14.5,-15.,-1.49011611383365E-8));
#8920=CARTESIAN_POINT('',(-15.5,30.,-1.49011611383365E-8));
#8921=CARTESIAN_POINT('Origin',(-14.5,30.,-1.49011611383365E-8));
#8922=CARTESIAN_POINT('',(-15.5,-15.,-1.49011611383365E-8));
#8923=CARTESIAN_POINT('Origin',(-15.5,30.,0.));
#8924=CARTESIAN_POINT('',(15.5,30.,4.));
#8925=CARTESIAN_POINT('',(15.5,30.,0.));
#8926=CARTESIAN_POINT('',(-15.5,30.,4.));
#8927=CARTESIAN_POINT('',(-7.75,30.,4.));
#8928=CARTESIAN_POINT('',(-15.5,30.,0.));
#8929=CARTESIAN_POINT('Origin',(-1.11022302462516E-15,31.0000002384186,
4.));
#8930=CARTESIAN_POINT('',(15.5,32.0000004768372,4.));
#8931=CARTESIAN_POINT('',(15.5,31.5000003576279,4.));
#8932=CARTESIAN_POINT('',(-15.5,32.,4.));
#8933=CARTESIAN_POINT('',(7.75,32.,4.));
#8934=CARTESIAN_POINT('',(-15.5,0.500000119209294,4.));
#8935=CARTESIAN_POINT('Origin',(15.5,32.0000004768372,0.));
#8936=CARTESIAN_POINT('',(15.5,32.0000004768372,23.));
#8937=CARTESIAN_POINT('',(15.5,16.0000003576279,23.));
#8938=CARTESIAN_POINT('',(15.5,32.0000004768372,0.));
#8939=CARTESIAN_POINT('Origin',(-15.5,-30.,0.));
#8940=CARTESIAN_POINT('',(-15.5,32.,23.));
#8941=CARTESIAN_POINT('',(-15.5,32.,0.));
#8942=CARTESIAN_POINT('',(-15.5,-14.9999998807907,23.));
#8943=CARTESIAN_POINT('Origin',(17.5,32.,0.));
#8944=CARTESIAN_POINT('',(8.74999999999999,32.,23.));
#8945=CARTESIAN_POINT('',(-7.75,32.,23.));
#8946=CARTESIAN_POINT('Origin',(-17.5,-32.,0.));
#8947=CARTESIAN_POINT('',(-8.75,-32.,23.));
#8948=CARTESIAN_POINT('Origin',(-6.66133814775094E-15,2.38418582654276E-7,
23.));
#8949=CARTESIAN_POINT('Origin',(0.,0.,90.));
#8950=CARTESIAN_POINT('Origin',(50.,50.,0.));
#8951=CARTESIAN_POINT('Origin',(22.5,-14.5,126.645895496989));
#8952=CARTESIAN_POINT('',(-30.,-47.5,126.645895496989));
#8953=CARTESIAN_POINT('',(-30.,-47.3362272769296,123.362272769296));
#8954=CARTESIAN_POINT('Origin',(-30.,-14.5,126.645895496989));
#8955=CARTESIAN_POINT('',(30.,-47.3362272769296,123.362272769296));
#8956=CARTESIAN_POINT('',(22.5,-47.3362272769296,123.362272769296));
#8957=CARTESIAN_POINT('',(30.,-47.5,126.645895496989));
#8958=CARTESIAN_POINT('Origin',(30.,-14.5,126.645895496989));
#8959=CARTESIAN_POINT('',(22.5,-47.5,126.645895496989));
#8960=CARTESIAN_POINT('Origin',(30.,-45.,130.));
#8961=CARTESIAN_POINT('',(30.,-47.,120.));
#8962=CARTESIAN_POINT('',(30.,-47.6101485148515,126.101485148515));
#8963=CARTESIAN_POINT('',(30.,-45.,120.));
#8964=CARTESIAN_POINT('',(30.,-45.,120.));
#8965=CARTESIAN_POINT('',(30.,-45.,127.5));
#8966=CARTESIAN_POINT('',(30.,-45.,130.));
#8967=CARTESIAN_POINT('',(30.,-42.5,130.));
#8968=CARTESIAN_POINT('Origin',(30.,-42.5,127.5));
#8969=CARTESIAN_POINT('',(30.,-47.5,130.));
#8970=CARTESIAN_POINT('',(30.,-22.5,130.));
#8971=CARTESIAN_POINT('',(30.,-47.5,130.));
#8972=CARTESIAN_POINT('Origin',(15.,-47.25,122.5));
#8973=CARTESIAN_POINT('',(-30.,-47.,120.));
#8974=CARTESIAN_POINT('',(-30.,-47.6225247524752,126.225247524752));
#8975=CARTESIAN_POINT('',(15.,-47.,120.));
#8976=CARTESIAN_POINT('Origin',(19.0625,14.5,126.645895496989));
#8977=CARTESIAN_POINT('',(15.,47.3362272769296,123.362272769296));
#8978=CARTESIAN_POINT('',(15.,47.5,126.645895496989));
#8979=CARTESIAN_POINT('Origin',(15.,14.5,126.645895496989));
#8980=CARTESIAN_POINT('',(45.,47.5,126.645895496989));
#8981=CARTESIAN_POINT('',(19.0625,47.5,126.645895496989));
#8982=CARTESIAN_POINT('',(45.,47.3362272769296,123.362272769296));
#8983=CARTESIAN_POINT('Origin',(45.,14.5,126.645895496989));
#8984=CARTESIAN_POINT('',(19.0625,47.3362272769297,123.362272769296));
#8985=CARTESIAN_POINT('Ctrl Pts',(45.,47.5,126.645895496989));
#8986=CARTESIAN_POINT('Ctrl Pts',(47.5,47.5,126.645895496989));
#8987=CARTESIAN_POINT('Ctrl Pts',(47.5,45.,126.645895496989));
#8988=CARTESIAN_POINT('Ctrl Pts',(45.,47.5,125.));
#8989=CARTESIAN_POINT('Ctrl Pts',(47.5,47.5,125.));
#8990=CARTESIAN_POINT('Ctrl Pts',(47.5,45.,125.));
#8991=CARTESIAN_POINT('Ctrl Pts',(45.,47.3362272769296,123.362272769296));
#8992=CARTESIAN_POINT('Ctrl Pts',(47.3362272769296,47.3362272769296,123.362272769296));
#8993=CARTESIAN_POINT('Ctrl Pts',(47.3362272769296,45.,123.362272769296));
#8994=CARTESIAN_POINT('',(47.5,45.,126.645895496989));
#8995=CARTESIAN_POINT('Origin',(45.,45.,126.645895496989));
#8996=CARTESIAN_POINT('',(47.3362272769296,45.,123.362272769296));
#8997=CARTESIAN_POINT('Origin',(14.5,45.,126.645895496989));
#8998=CARTESIAN_POINT('Origin',(45.,45.,123.362272769296));
#8999=CARTESIAN_POINT('Origin',(14.5,43.7937787871974,126.645895496989));
#9000=CARTESIAN_POINT('',(47.5,17.850230297579,126.645895496989));
#9001=CARTESIAN_POINT('',(47.3362272769296,17.850230297579,123.362272769296));
#9002=CARTESIAN_POINT('Origin',(14.5,17.850230297579,126.645895496989));
#9003=CARTESIAN_POINT('',(47.3362272769296,43.7937787871974,123.362272769296));
#9004=CARTESIAN_POINT('',(47.5,43.7937787871974,126.645895496989));
#9005=CARTESIAN_POINT('Origin',(47.5,17.850230297579,130.));
#9006=CARTESIAN_POINT('',(47.5,17.850230297579,130.));
#9007=CARTESIAN_POINT('',(47.5,17.850230297579,130.));
#9008=CARTESIAN_POINT('',(42.5,17.8502302975792,130.));
#9009=CARTESIAN_POINT('',(23.7500000000004,17.85023029758,130.));
#9010=CARTESIAN_POINT('',(45.,17.8502302975791,127.5));
#9011=CARTESIAN_POINT('Origin',(42.5,17.850230297579,127.5));
#9012=CARTESIAN_POINT('',(45.,17.8502302975791,120.));
#9013=CARTESIAN_POINT('',(45.,17.8502302975791,130.));
#9014=CARTESIAN_POINT('',(47.,17.850230297579,120.));
#9015=CARTESIAN_POINT('',(47.5,17.850230297579,120.));
#9016=CARTESIAN_POINT('',(47.6225247524752,17.850230297579,126.225247524752));
#9017=CARTESIAN_POINT('Origin',(47.5,47.5,130.));
#9018=CARTESIAN_POINT('',(47.5,45.,130.));
#9019=CARTESIAN_POINT('',(47.5,45.,130.));
#9020=CARTESIAN_POINT('',(47.5,23.75,130.));
#9021=CARTESIAN_POINT('Origin',(45.,45.,130.));
#9022=CARTESIAN_POINT('',(45.,47.5,130.));
#9023=CARTESIAN_POINT('',(45.,47.5,130.));
#9024=CARTESIAN_POINT('Origin',(45.,45.,130.));
#9025=CARTESIAN_POINT('Origin',(15.,47.5,130.));
#9026=CARTESIAN_POINT('',(15.,47.5,130.));
#9027=CARTESIAN_POINT('',(15.,47.5,130.));
#9028=CARTESIAN_POINT('',(7.5,47.5,130.));
#9029=CARTESIAN_POINT('Origin',(-14.5,21.5564515103816,126.645895496989));
#9030=CARTESIAN_POINT('',(-47.3362272769296,17.850230297579,123.362272769296));
#9031=CARTESIAN_POINT('',(-47.5,17.850230297579,126.645895496989));
#9032=CARTESIAN_POINT('Origin',(-14.5,17.8502302975789,126.645895496989));
#9033=CARTESIAN_POINT('',(-47.5,45.,126.645895496989));
#9034=CARTESIAN_POINT('',(-47.5,21.5564515103816,126.645895496989));
#9035=CARTESIAN_POINT('',(-47.3362272769296,45.,123.362272769296));
#9036=CARTESIAN_POINT('Origin',(-14.5,45.,126.645895496989));
#9037=CARTESIAN_POINT('',(-47.3362272769297,21.5564515103816,123.362272769296));
#9038=CARTESIAN_POINT('Ctrl Pts',(-47.5,45.,126.645895496989));
#9039=CARTESIAN_POINT('Ctrl Pts',(-47.5,47.5,126.645895496989));
#9040=CARTESIAN_POINT('Ctrl Pts',(-45.,47.5,126.645895496989));
#9041=CARTESIAN_POINT('Ctrl Pts',(-47.5,45.,125.));
#9042=CARTESIAN_POINT('Ctrl Pts',(-47.5,47.5,125.));
#9043=CARTESIAN_POINT('Ctrl Pts',(-45.,47.5,125.));
#9044=CARTESIAN_POINT('Ctrl Pts',(-47.3362272769296,45.,123.362272769296));
#9045=CARTESIAN_POINT('Ctrl Pts',(-47.3362272769296,47.3362272769296,123.362272769296));
#9046=CARTESIAN_POINT('Ctrl Pts',(-45.,47.3362272769296,123.362272769296));
#9047=CARTESIAN_POINT('',(-45.,47.5,126.645895496989));
#9048=CARTESIAN_POINT('Origin',(-45.,45.,126.645895496989));
#9049=CARTESIAN_POINT('',(-45.,47.3362272769296,123.362272769296));
#9050=CARTESIAN_POINT('Origin',(-45.,14.5,126.645895496989));
#9051=CARTESIAN_POINT('Origin',(-45.,45.,123.362272769296));
#9052=CARTESIAN_POINT('Origin',(-43.4375,14.5,126.645895496989));
#9053=CARTESIAN_POINT('',(-15.,47.5,126.645895496989));
#9054=CARTESIAN_POINT('',(-15.,47.3362272769296,123.362272769296));
#9055=CARTESIAN_POINT('Origin',(-15.,14.5,126.645895496989));
#9056=CARTESIAN_POINT('',(-43.4375,47.3362272769297,123.362272769296));
#9057=CARTESIAN_POINT('',(-43.4375,47.5,126.645895496989));
#9058=CARTESIAN_POINT('Origin',(-15.,47.5,130.));
#9059=CARTESIAN_POINT('',(-15.,47.5,130.));
#9060=CARTESIAN_POINT('',(-15.,47.5,130.));
#9061=CARTESIAN_POINT('',(-15.,42.5,130.));
#9062=CARTESIAN_POINT('',(-15.,23.75,130.));
#9063=CARTESIAN_POINT('',(-15.,45.,127.5));
#9064=CARTESIAN_POINT('Origin',(-15.,42.5,127.5));
#9065=CARTESIAN_POINT('',(-15.,45.,120.));
#9066=CARTESIAN_POINT('',(-15.,45.,130.));
#9067=CARTESIAN_POINT('',(-15.,47.,120.));
#9068=CARTESIAN_POINT('',(-15.,45.,120.));
#9069=CARTESIAN_POINT('',(-15.,47.6225247524752,126.225247524752));
#9070=CARTESIAN_POINT('Origin',(-47.5,47.5,130.));
#9071=CARTESIAN_POINT('',(-45.,47.5,130.));
#9072=CARTESIAN_POINT('',(-45.,47.5,130.));
#9073=CARTESIAN_POINT('',(-23.75,47.5,130.));
#9074=CARTESIAN_POINT('Origin',(-45.,45.,130.));
#9075=CARTESIAN_POINT('',(-47.5,45.,130.));
#9076=CARTESIAN_POINT('',(-47.5,45.,130.));
#9077=CARTESIAN_POINT('Origin',(-45.,45.,130.));
#9078=CARTESIAN_POINT('Origin',(-47.5,17.850230297579,130.));
#9079=CARTESIAN_POINT('',(-47.5,17.850230297579,130.));
#9080=CARTESIAN_POINT('',(-47.5,17.850230297579,130.));
#9081=CARTESIAN_POINT('',(-47.5,8.92511514878949,130.));
#9082=CARTESIAN_POINT('Origin',(-30.,-47.5,130.));
#9083=CARTESIAN_POINT('',(-30.,-47.5,130.));
#9084=CARTESIAN_POINT('',(-30.,-47.5,130.));
#9085=CARTESIAN_POINT('',(-30.,-42.5,130.));
#9086=CARTESIAN_POINT('',(-30.,-23.75,130.));
#9087=CARTESIAN_POINT('',(-30.,-45.,127.5));
#9088=CARTESIAN_POINT('Origin',(-30.,-42.5,127.5));
#9089=CARTESIAN_POINT('',(-30.,-45.,120.));
#9090=CARTESIAN_POINT('',(-30.,-45.,130.));
#9091=CARTESIAN_POINT('',(-30.,-45.,120.));
#9092=CARTESIAN_POINT('Origin',(30.,-47.5,130.));
#9093=CARTESIAN_POINT('',(15.,-47.5,130.));
#9094=CARTESIAN_POINT('Origin',(23.125,47.25,122.5));
#9095=CARTESIAN_POINT('',(45.,47.,120.));
#9096=CARTESIAN_POINT('',(45.,47.5,125.));
#9097=CARTESIAN_POINT('',(15.,47.,120.));
#9098=CARTESIAN_POINT('',(23.125,47.,120.));
#9099=CARTESIAN_POINT('',(15.,47.6101485148515,126.101485148515));
#9100=CARTESIAN_POINT('Origin',(45.,45.,122.5));
#9101=CARTESIAN_POINT('',(47.,45.,120.));
#9102=CARTESIAN_POINT('',(47.5,45.,125.));
#9103=CARTESIAN_POINT('Origin',(45.,45.,120.));
#9104=CARTESIAN_POINT('Origin',(47.25,40.0875575743947,122.5));
#9105=CARTESIAN_POINT('',(47.,40.0875575743947,120.));
#9106=CARTESIAN_POINT('Origin',(-39.375,47.25,122.5));
#9107=CARTESIAN_POINT('',(-45.,47.,120.));
#9108=CARTESIAN_POINT('',(-39.375,47.,120.));
#9109=CARTESIAN_POINT('',(-45.,47.,120.));
#9110=CARTESIAN_POINT('Origin',(-45.,45.,122.5));
#9111=CARTESIAN_POINT('',(-47.,45.,120.));
#9112=CARTESIAN_POINT('Origin',(-45.,45.,120.));
#9113=CARTESIAN_POINT('',(-47.,45.,120.));
#9114=CARTESIAN_POINT('Origin',(-47.25,25.2626727231842,122.5));
#9115=CARTESIAN_POINT('',(-47.,17.850230297579,120.));
#9116=CARTESIAN_POINT('',(-47.,25.2626727231842,120.));
#9117=CARTESIAN_POINT('',(-47.6101485148515,17.850230297579,126.101485148515));
#9118=CARTESIAN_POINT('Origin',(-31.25,32.6751151487894,120.));
#9119=CARTESIAN_POINT('',(-42.5,45.,120.));
#9120=CARTESIAN_POINT('',(-45.,45.,120.));
#9121=CARTESIAN_POINT('',(-45.,42.5,120.));
#9122=CARTESIAN_POINT('Origin',(-42.5,42.5,120.));
#9123=CARTESIAN_POINT('',(-45.,17.8502302975789,120.));
#9124=CARTESIAN_POINT('',(-45.,17.8502302975789,120.));
#9125=CARTESIAN_POINT('',(-47.5,17.850230297579,120.));
#9126=CARTESIAN_POINT('Origin',(49.,49.,132.5));
#9127=CARTESIAN_POINT('',(49.,-45.,132.5));
#9128=CARTESIAN_POINT('',(49.,49.,132.5));
#9129=CARTESIAN_POINT('',(49.,24.5,132.5));
#9130=CARTESIAN_POINT('',(49.,-45.,133.5));
#9131=CARTESIAN_POINT('',(49.,-45.,132.5));
#9132=CARTESIAN_POINT('',(49.,49.,133.5));
#9133=CARTESIAN_POINT('',(49.,-45.,133.5));
#9134=CARTESIAN_POINT('',(49.,49.,132.5));
#9135=CARTESIAN_POINT('Origin',(-49.,49.,132.5));
#9136=CARTESIAN_POINT('',(-49.,49.,132.5));
#9137=CARTESIAN_POINT('',(-24.5,49.,132.5));
#9138=CARTESIAN_POINT('',(-49.,49.,133.5));
#9139=CARTESIAN_POINT('',(49.,49.,133.5));
#9140=CARTESIAN_POINT('',(-49.,49.,132.5));
#9141=CARTESIAN_POINT('Origin',(-49.,-45.,132.5));
#9142=CARTESIAN_POINT('',(-49.,-45.,132.5));
#9143=CARTESIAN_POINT('',(-49.,-22.5,132.5));
#9144=CARTESIAN_POINT('',(-49.,-45.,133.5));
#9145=CARTESIAN_POINT('',(-49.,49.,133.5));
#9146=CARTESIAN_POINT('',(-49.,-45.,132.5));
#9147=CARTESIAN_POINT('Origin',(-45.,-45.,132.5));
#9148=CARTESIAN_POINT('',(-45.,-49.,132.5));
#9149=CARTESIAN_POINT('Origin',(-45.,-45.,132.5));
#9150=CARTESIAN_POINT('',(-45.,-49.,133.5));
#9151=CARTESIAN_POINT('Origin',(-45.,-45.,133.5));
#9152=CARTESIAN_POINT('',(-45.,-49.,132.5));
#9153=CARTESIAN_POINT('Origin',(45.,-49.,132.5));
#9154=CARTESIAN_POINT('',(45.,-49.,132.5));
#9155=CARTESIAN_POINT('',(22.5,-49.,132.5));
#9156=CARTESIAN_POINT('',(45.,-49.,133.5));
#9157=CARTESIAN_POINT('',(45.,-49.,133.5));
#9158=CARTESIAN_POINT('',(45.,-49.,132.5));
#9159=CARTESIAN_POINT('Origin',(45.,-45.,132.5));
#9160=CARTESIAN_POINT('Origin',(45.,-45.,132.5));
#9161=CARTESIAN_POINT('Origin',(45.,-45.,133.5));
#9162=CARTESIAN_POINT('Origin',(0.,0.,133.5));
#9163=CARTESIAN_POINT('',(50.,50.,133.5));
#9164=CARTESIAN_POINT('',(-50.,50.,133.5));
#9165=CARTESIAN_POINT('',(50.,50.,133.5));
#9166=CARTESIAN_POINT('',(-50.,-45.,133.5));
#9167=CARTESIAN_POINT('',(-50.,50.,133.5));
#9168=CARTESIAN_POINT('',(-45.,-50.,133.5));
#9169=CARTESIAN_POINT('Origin',(-45.,-45.,133.5));
#9170=CARTESIAN_POINT('',(45.,-50.,133.5));
#9171=CARTESIAN_POINT('',(-45.,-50.,133.5));
#9172=CARTESIAN_POINT('',(50.,-45.,133.5));
#9173=CARTESIAN_POINT('Origin',(45.,-45.,133.5));
#9174=CARTESIAN_POINT('',(50.,-45.,133.5));
#9175=CARTESIAN_POINT('Origin',(42.5,42.5,130.));
#9176=CARTESIAN_POINT('',(45.,42.5,127.5));
#9177=CARTESIAN_POINT('',(42.5,45.,127.5));
#9178=CARTESIAN_POINT('Origin',(42.5,42.5,127.5));
#9179=CARTESIAN_POINT('',(42.5,45.,120.));
#9180=CARTESIAN_POINT('',(42.5,45.,130.));
#9181=CARTESIAN_POINT('',(45.,42.5,120.));
#9182=CARTESIAN_POINT('Origin',(42.5,42.5,120.));
#9183=CARTESIAN_POINT('',(45.,42.5,130.));
#9184=CARTESIAN_POINT('Origin',(42.5,42.5,127.5));
#9185=CARTESIAN_POINT('',(42.5,42.5,130.));
#9186=CARTESIAN_POINT('Origin',(42.5,42.5,127.5));
#9187=CARTESIAN_POINT('Origin',(42.5,42.5,127.5));
#9188=CARTESIAN_POINT('Origin',(45.,17.8502302975791,130.));
#9189=CARTESIAN_POINT('',(45.,17.8502302975791,120.));
#9190=CARTESIAN_POINT('',(45.,8.92511514878955,127.5));
#9191=CARTESIAN_POINT('Origin',(-42.5,42.5,130.));
#9192=CARTESIAN_POINT('',(-42.5,45.,127.5));
#9193=CARTESIAN_POINT('',(-45.,42.5,127.5));
#9194=CARTESIAN_POINT('Origin',(-42.5,42.5,127.5));
#9195=CARTESIAN_POINT('',(-45.,42.5,130.));
#9196=CARTESIAN_POINT('',(-42.5,45.,130.));
#9197=CARTESIAN_POINT('Origin',(-42.5,42.5,127.5));
#9198=CARTESIAN_POINT('',(-42.5,42.5,130.));
#9199=CARTESIAN_POINT('Origin',(-42.5,42.5,127.5));
#9200=CARTESIAN_POINT('Origin',(-42.5,42.5,127.5));
#9201=CARTESIAN_POINT('Origin',(-15.,45.,130.));
#9202=CARTESIAN_POINT('',(-7.5,45.,127.5));
#9203=CARTESIAN_POINT('Origin',(-42.5,22.5,127.5));
#9204=CARTESIAN_POINT('',(-42.5,17.8502302975788,130.));
#9205=CARTESIAN_POINT('',(-42.5,22.5,130.));
#9206=CARTESIAN_POINT('',(-45.,17.8502302975789,127.5));
#9207=CARTESIAN_POINT('Origin',(-42.5,17.8502302975789,127.5));
#9208=CARTESIAN_POINT('',(-45.,22.5,127.5));
#9209=CARTESIAN_POINT('Origin',(-7.5,42.5,127.5));
#9210=CARTESIAN_POINT('',(-7.5,42.5,130.));
#9211=CARTESIAN_POINT('Origin',(0.,0.,130.));
#9212=CARTESIAN_POINT('',(45.,-50.,130.));
#9213=CARTESIAN_POINT('',(50.,-45.,130.));
#9214=CARTESIAN_POINT('Origin',(45.,-45.,130.));
#9215=CARTESIAN_POINT('',(-45.,-50.,130.));
#9216=CARTESIAN_POINT('',(45.,-50.,130.));
#9217=CARTESIAN_POINT('',(-50.,-45.,130.));
#9218=CARTESIAN_POINT('Origin',(-45.,-45.,130.));
#9219=CARTESIAN_POINT('',(-50.,50.,130.));
#9220=CARTESIAN_POINT('',(-50.,-45.,130.));
#9221=CARTESIAN_POINT('',(50.,50.,130.));
#9222=CARTESIAN_POINT('',(-50.,50.,130.));
#9223=CARTESIAN_POINT('',(50.,50.,130.));
#9224=CARTESIAN_POINT('',(-15.,-42.5,130.));
#9225=CARTESIAN_POINT('',(-22.4999999999996,17.8502302975779,130.));
#9226=CARTESIAN_POINT('',(15.,42.5,130.));
#9227=CARTESIAN_POINT('',(15.,22.5,130.));
#9228=CARTESIAN_POINT('',(22.5,42.5,130.));
#9229=CARTESIAN_POINT('',(42.5,8.92511514878955,130.));
#9230=CARTESIAN_POINT('Origin',(22.5,42.5,127.5));
#9231=CARTESIAN_POINT('',(15.,45.,127.5));
#9232=CARTESIAN_POINT('Origin',(15.,42.5,127.5));
#9233=CARTESIAN_POINT('',(22.5,45.,127.5));
#9234=CARTESIAN_POINT('Origin',(42.5,8.92511514878955,127.5));
#9235=CARTESIAN_POINT('Origin',(-15.,-42.5,127.5));
#9236=CARTESIAN_POINT('',(-15.,-45.,127.5));
#9237=CARTESIAN_POINT('Origin',(-30.,-45.,130.));
#9238=CARTESIAN_POINT('',(30.,-45.,120.));
#9239=CARTESIAN_POINT('Origin',(-45.,17.8502302975789,130.));
#9240=CARTESIAN_POINT('',(-45.,17.8502302975789,130.));
#9241=CARTESIAN_POINT('Origin',(-45.,45.,130.));
#9242=CARTESIAN_POINT('Origin',(15.,45.,130.));
#9243=CARTESIAN_POINT('',(15.,45.,120.));
#9244=CARTESIAN_POINT('',(15.,45.,120.));
#9245=CARTESIAN_POINT('',(15.,45.,130.));
#9246=CARTESIAN_POINT('Origin',(45.,45.,130.));
#9247=CARTESIAN_POINT('',(45.,45.,120.));
#9248=CARTESIAN_POINT('Origin',(31.25,32.6751151487895,120.));
#9249=CARTESIAN_POINT('Origin',(0.,-46.25,120.));
#9250=CARTESIAN_POINT('Origin',(-45.,-50.,130.));
#9251=CARTESIAN_POINT('',(45.,-50.,130.));
#9252=CARTESIAN_POINT('',(-45.,-50.,130.));
#9253=CARTESIAN_POINT('Origin',(-45.,-45.,130.));
#9254=CARTESIAN_POINT('',(-50.,-45.,130.));
#9255=CARTESIAN_POINT('Origin',(-50.,50.,130.));
#9256=CARTESIAN_POINT('',(-50.,50.,130.));
#9257=CARTESIAN_POINT('Origin',(50.,50.,130.));
#9258=CARTESIAN_POINT('',(50.,50.,130.));
#9259=CARTESIAN_POINT('Origin',(50.,-45.,130.));
#9260=CARTESIAN_POINT('',(50.,-45.,130.));
#9261=CARTESIAN_POINT('Origin',(45.,-45.,130.));
#9262=CARTESIAN_POINT('Origin',(0.,0.,132.5));
#9263=UNCERTAINTY_MEASURE_WITH_UNIT(LENGTH_MEASURE(0.01),#9267,
'DISTANCE_ACCURACY_VALUE',
'Maximum model space distance between geometric entities at asserted c
onnectivities');
#9264=UNCERTAINTY_MEASURE_WITH_UNIT(LENGTH_MEASURE(0.01),#9267,
'DISTANCE_ACCURACY_VALUE',
'Maximum model space distance between geometric entities at asserted c
onnectivities');
#9265=(
GEOMETRIC_REPRESENTATION_CONTEXT(3)
GLOBAL_UNCERTAINTY_ASSIGNED_CONTEXT((#9263))
GLOBAL_UNIT_ASSIGNED_CONTEXT((#9267,#9269,#9270))
REPRESENTATION_CONTEXT('','3D')
);
#9266=(
GEOMETRIC_REPRESENTATION_CONTEXT(3)
GLOBAL_UNCERTAINTY_ASSIGNED_CONTEXT((#9264))
GLOBAL_UNIT_ASSIGNED_CONTEXT((#9267,#9269,#9270))
REPRESENTATION_CONTEXT('','3D')
);
#9267=(
LENGTH_UNIT()
NAMED_UNIT(*)
SI_UNIT(.MILLI.,.METRE.)
);
#9268=(
LENGTH_UNIT()
NAMED_UNIT(*)
SI_UNIT($,.METRE.)
);
#9269=(
NAMED_UNIT(*)
PLANE_ANGLE_UNIT()
SI_UNIT($,.RADIAN.)
);
#9270=(
NAMED_UNIT(*)
SI_UNIT($,.STERADIAN.)
SOLID_ANGLE_UNIT()
);
#9271=SHAPE_DEFINITION_REPRESENTATION(#9272,#9273);
#9272=PRODUCT_DEFINITION_SHAPE('',$,#9275);
#9273=SHAPE_REPRESENTATION('',(#5402),#9265);
#9274=PRODUCT_DEFINITION_CONTEXT('part definition',#9279,'design');
#9275=PRODUCT_DEFINITION('(Unsaved)','(Unsaved)',#9276,#9274);
#9276=PRODUCT_DEFINITION_FORMATION('',$,#9281);
#9277=PRODUCT_RELATED_PRODUCT_CATEGORY('(Unsaved)','(Unsaved)',(#9281));
#9278=APPLICATION_PROTOCOL_DEFINITION('international standard',
'automotive_design',2009,#9279);
#9279=APPLICATION_CONTEXT(
'Core Data for Automotive Mechanical Design Process');
#9280=PRODUCT_CONTEXT('part definition',#9279,'mechanical');
#9281=PRODUCT('(Unsaved)','(Unsaved)',$,(#9280));
#9282=PRESENTATION_STYLE_ASSIGNMENT((#9283));
#9283=SURFACE_STYLE_USAGE(.BOTH.,#9284);
#9284=SURFACE_SIDE_STYLE('',(#9285));
#9285=SURFACE_STYLE_FILL_AREA(#9286);
#9286=FILL_AREA_STYLE('Steel - Satin',(#9287));
#9287=FILL_AREA_STYLE_COLOUR('Steel - Satin',#9288);
#9288=COLOUR_RGB('Steel - Satin',0.792156862745098,0.792156862745098,0.792156862745098);
ENDSEC;
END-ISO-10303-21;
