ISO-10303-21;
HEADER;
/* Generated by software containing ST-Developer
 * from STEP Tools, Inc. (www.steptools.com) 
 */

FILE_DESCRIPTION(
/* description */ (''),
/* implementation_level */ '2;1');

FILE_NAME(
/* name */ 'Chassis - 12.step',
/* time_stamp */ '2026-08-11T11:13:28-04:00',
/* author */ (''),
/* organization */ (''),
/* preprocessor_version */ 'ST-DEVELOPER v20.1',
/* originating_system */ 'Autodesk Translation Framework v15.8.0.0',
/* authorisation */ '');

FILE_SCHEMA (('AUTOMOTIVE_DESIGN { 1 0 10303 214 3 1 1 }'));
ENDSEC;

DATA;
#10=MECHANICAL_DESIGN_GEOMETRIC_PRESENTATION_REPRESENTATION('',(#15,#16),
#9835);
#11=SHAPE_REPRESENTATION_RELATIONSHIP('SRR','None',#9842,#12);
#12=ADVANCED_BREP_SHAPE_REPRESENTATION('',(#17,#18),#9834);
#13=CONICAL_SURFACE('',#6055,2.25,0.0996686524911618);
#14=CONICAL_SURFACE('',#6059,2.25,0.0996686524911618);
#15=STYLED_ITEM('',(#9851),#17);
#16=STYLED_ITEM('',(#9851),#18);
#17=MANIFOLD_SOLID_BREP('Chassis',#5633);
#18=MANIFOLD_SOLID_BREP('Roof',#5634);
#19=ELLIPSE('',#5910,0.707106781186548,0.5);
#20=ELLIPSE('',#5913,0.707106781186548,0.5);
#21=SPHERICAL_SURFACE('',#5804,2.5);
#22=SPHERICAL_SURFACE('',#5810,2.5);
#23=SPHERICAL_SURFACE('',#6080,2.5);
#24=SPHERICAL_SURFACE('',#6086,2.5);
#25=(
BOUNDED_CURVE()
B_SPLINE_CURVE(2,(#8345,#8346,#8347),.UNSPECIFIED.,.F.,.F.)
B_SPLINE_CURVE_WITH_KNOTS((3,3),(-1.5707963267949,-0.927428575437753),
 .UNSPECIFIED.)
CURVE()
GEOMETRIC_REPRESENTATION_ITEM()
RATIONAL_B_SPLINE_CURVE((1.,0.948088441479414,0.998746325407627))
REPRESENTATION_ITEM('')
);
#26=(
BOUNDED_SURFACE()
B_SPLINE_SURFACE(2,2,((#8316,#8317,#8318,#8319,#8320,#8321,#8322,#8323,
#8324),(#8325,#8326,#8327,#8328,#8329,#8330,#8331,#8332,#8333),(#8334,#8335,
#8336,#8337,#8338,#8339,#8340,#8341,#8342)),.UNSPECIFIED.,.F.,.T.,.F.)
B_SPLINE_SURFACE_WITH_KNOTS((3,3),(3,2,2,2,3),(0.919564890268252,1.5707963267949),
(-3.14159265358979,-1.5707963267949,0.,1.5707963267949,3.14159265358979),
 .UNSPECIFIED.)
GEOMETRIC_REPRESENTATION_ITEM()
RATIONAL_B_SPLINE_SURFACE(((1.,0.707106781186548,1.,0.707106781186548,1.,
0.707106781186548,1.,0.707106781186548,1.),(0.947453942544702,0.669951107635288,
0.947453942544702,0.669951107635288,0.947453942544702,0.669951107635288,
0.947453942544702,0.669951107635288,0.947453942544702),(1.,0.707106781186548,
1.,0.707106781186548,1.,0.707106781186548,1.,0.707106781186548,1.)))
REPRESENTATION_ITEM('')
SURFACE()
);
#27=(
BOUNDED_SURFACE()
B_SPLINE_SURFACE(2,2,((#8354,#8355,#8356,#8357,#8358,#8359,#8360,#8361,
#8362),(#8363,#8364,#8365,#8366,#8367,#8368,#8369,#8370,#8371),(#8372,#8373,
#8374,#8375,#8376,#8377,#8378,#8379,#8380)),.UNSPECIFIED.,.F.,.T.,.F.)
B_SPLINE_SURFACE_WITH_KNOTS((3,3),(3,2,2,2,3),(0.927295218001612,1.5707963267949),
(-3.14159265358979,-1.5707963267949,0.,1.5707963267949,3.14159265358979),
 .UNSPECIFIED.)
GEOMETRIC_REPRESENTATION_ITEM()
RATIONAL_B_SPLINE_SURFACE(((1.,0.707106781186548,1.,0.707106781186548,1.,
0.707106781186548,1.,0.707106781186548,1.),(0.948683298050514,0.670820393249937,
0.948683298050514,0.670820393249937,0.948683298050514,0.670820393249937,
0.948683298050514,0.670820393249937,0.948683298050514),(1.,0.707106781186548,
1.,0.707106781186548,1.,0.707106781186548,1.,0.707106781186548,1.)))
REPRESENTATION_ITEM('')
SURFACE()
);
#28=(
BOUNDED_SURFACE()
B_SPLINE_SURFACE(2,2,((#8942,#8943,#8944),(#8945,#8946,#8947),(#8948,#8949,
#8950)),.UNSPECIFIED.,.F.,.F.,.F.)
B_SPLINE_SURFACE_WITH_KNOTS((3,3),(3,3),(-1.5707963267949,0.),(-1.5707963267949,
0.),.UNSPECIFIED.)
GEOMETRIC_REPRESENTATION_ITEM()
RATIONAL_B_SPLINE_SURFACE(((1.,0.707106781186548,1.),(0.707106781186546,
0.499999999999999,0.707106781186546),(1.,0.707106781186548,1.)))
REPRESENTATION_ITEM('')
SURFACE()
);
#29=(
BOUNDED_SURFACE()
B_SPLINE_SURFACE(2,2,((#8958,#8959,#8960),(#8961,#8962,#8963),(#8964,#8965,
#8966)),.UNSPECIFIED.,.F.,.F.,.F.)
B_SPLINE_SURFACE_WITH_KNOTS((3,3),(3,3),(-1.5707963267949,0.),(-3.14159265358979,
-1.5707963267949),.UNSPECIFIED.)
GEOMETRIC_REPRESENTATION_ITEM()
RATIONAL_B_SPLINE_SURFACE(((1.,0.707106781186548,1.),(0.707106781186546,
0.499999999999999,0.707106781186546),(1.,0.707106781186548,1.)))
REPRESENTATION_ITEM('')
SURFACE()
);
#30=(
BOUNDED_SURFACE()
B_SPLINE_SURFACE(2,2,((#9554,#9555,#9556),(#9557,#9558,#9559),(#9560,#9561,
#9562)),.UNSPECIFIED.,.F.,.F.,.F.)
B_SPLINE_SURFACE_WITH_KNOTS((3,3),(3,3),(-3.22973970800046E-15,0.0996686524911617),
(1.5707963267949,3.14159265358979),.UNSPECIFIED.)
GEOMETRIC_REPRESENTATION_ITEM()
RATIONAL_B_SPLINE_SURFACE(((1.,0.707106781186548,1.),(0.998758526924834,
0.706228927156437,0.998758526924834),(1.,0.707106781186548,1.)))
REPRESENTATION_ITEM('')
SURFACE()
);
#31=(
BOUNDED_SURFACE()
B_SPLINE_SURFACE(2,2,((#9607,#9608,#9609),(#9610,#9611,#9612),(#9613,#9614,
#9615)),.UNSPECIFIED.,.F.,.F.,.F.)
B_SPLINE_SURFACE_WITH_KNOTS((3,3),(3,3),(-3.22973970800046E-15,0.0996686524911617),
(0.,1.5707963267949),.UNSPECIFIED.)
GEOMETRIC_REPRESENTATION_ITEM()
RATIONAL_B_SPLINE_SURFACE(((1.,0.707106781186548,1.),(0.998758526924834,
0.706228927156437,0.998758526924834),(1.,0.707106781186548,1.)))
REPRESENTATION_ITEM('')
SURFACE()
);
#32=FACE_BOUND('',#886,.T.);
#33=FACE_BOUND('',#887,.T.);
#34=FACE_BOUND('',#888,.T.);
#35=FACE_BOUND('',#896,.T.);
#36=FACE_BOUND('',#941,.T.);
#37=FACE_BOUND('',#942,.T.);
#38=FACE_BOUND('',#944,.T.);
#39=FACE_BOUND('',#945,.T.);
#40=FACE_BOUND('',#946,.T.);
#41=FACE_BOUND('',#948,.T.);
#42=FACE_BOUND('',#949,.T.);
#43=FACE_BOUND('',#950,.T.);
#44=FACE_BOUND('',#951,.T.);
#45=FACE_BOUND('',#958,.T.);
#46=FACE_BOUND('',#959,.T.);
#47=FACE_BOUND('',#962,.T.);
#48=FACE_BOUND('',#963,.T.);
#49=FACE_BOUND('',#964,.T.);
#50=FACE_BOUND('',#965,.T.);
#51=FACE_BOUND('',#968,.T.);
#52=FACE_BOUND('',#969,.T.);
#53=FACE_BOUND('',#970,.T.);
#54=FACE_BOUND('',#971,.T.);
#55=FACE_BOUND('',#973,.T.);
#56=FACE_BOUND('',#974,.T.);
#57=FACE_BOUND('',#978,.T.);
#58=FACE_BOUND('',#979,.T.);
#59=FACE_BOUND('',#980,.T.);
#60=FACE_BOUND('',#981,.T.);
#61=FACE_BOUND('',#992,.T.);
#62=FACE_BOUND('',#993,.T.);
#63=FACE_BOUND('',#994,.T.);
#64=FACE_BOUND('',#995,.T.);
#65=FACE_BOUND('',#1050,.T.);
#66=FACE_BOUND('',#1053,.T.);
#67=FACE_BOUND('',#1056,.T.);
#68=FACE_BOUND('',#1072,.T.);
#69=FACE_BOUND('',#1075,.T.);
#70=FACE_BOUND('',#1078,.T.);
#71=FACE_BOUND('',#1085,.T.);
#72=FACE_BOUND('',#1088,.T.);
#73=FACE_BOUND('',#1091,.T.);
#74=FACE_BOUND('',#1108,.T.);
#75=FACE_BOUND('',#1110,.T.);
#76=FACE_BOUND('',#1144,.T.);
#77=FACE_BOUND('',#1154,.T.);
#78=FACE_BOUND('',#1155,.T.);
#79=FACE_BOUND('',#1156,.T.);
#80=TOROIDAL_SURFACE('',#5703,4.35424868893541,1.);
#81=TOROIDAL_SURFACE('',#5714,4.35424868893541,1.);
#82=TOROIDAL_SURFACE('',#5921,10.5,0.5);
#83=TOROIDAL_SURFACE('',#5948,9.5,5.);
#84=TOROIDAL_SURFACE('',#5951,9.5,5.);
#85=CIRCLE('',#5660,1.);
#86=CIRCLE('',#5661,1.);
#87=CIRCLE('',#5664,1.);
#88=CIRCLE('',#5665,1.);
#89=CIRCLE('',#5668,1.);
#90=CIRCLE('',#5669,1.);
#91=CIRCLE('',#5672,1.);
#92=CIRCLE('',#5673,1.);
#93=CIRCLE('',#5676,2.6);
#94=CIRCLE('',#5677,2.6);
#95=CIRCLE('',#5679,2.6);
#96=CIRCLE('',#5680,2.6);
#97=CIRCLE('',#5682,2.6);
#98=CIRCLE('',#5683,2.6);
#99=CIRCLE('',#5685,2.6);
#100=CIRCLE('',#5686,2.6);
#101=CIRCLE('',#5690,5.);
#102=CIRCLE('',#5691,5.);
#103=CIRCLE('',#5694,5.);
#104=CIRCLE('',#5695,5.);
#105=CIRCLE('',#5698,5.);
#106=CIRCLE('',#5699,5.);
#107=CIRCLE('',#5701,5.);
#108=CIRCLE('',#5702,5.);
#109=CIRCLE('',#5704,1.);
#110=CIRCLE('',#5705,3.75424868893541);
#111=CIRCLE('',#5706,3.75424868893541);
#112=CIRCLE('',#5707,1.);
#113=CIRCLE('',#5708,4.35424868893541);
#114=CIRCLE('',#5710,2.5);
#115=CIRCLE('',#5711,2.5);
#116=CIRCLE('',#5712,4.35424868893541);
#117=CIRCLE('',#5713,1.35424868893541);
#118=CIRCLE('',#5715,3.75424868893541);
#119=CIRCLE('',#5716,3.75424868893541);
#120=CIRCLE('',#5717,1.);
#121=CIRCLE('',#5718,1.35424868893541);
#122=CIRCLE('',#5719,4.);
#123=CIRCLE('',#5724,12.5);
#124=CIRCLE('',#5725,12.5);
#125=CIRCLE('',#5726,20.);
#126=CIRCLE('',#5727,20.);
#127=CIRCLE('',#5728,12.5);
#128=CIRCLE('',#5729,20.);
#129=CIRCLE('',#5730,20.);
#130=CIRCLE('',#5731,12.5);
#131=CIRCLE('',#5732,20.);
#132=CIRCLE('',#5733,20.);
#133=CIRCLE('',#5734,20.);
#134=CIRCLE('',#5735,20.);
#135=CIRCLE('',#5742,2.5);
#136=CIRCLE('',#5743,2.5);
#137=CIRCLE('',#5746,2.5);
#138=CIRCLE('',#5747,2.5);
#139=CIRCLE('',#5750,2.5);
#140=CIRCLE('',#5751,2.5);
#141=CIRCLE('',#5754,2.5);
#142=CIRCLE('',#5755,2.5);
#143=CIRCLE('',#5758,2.5);
#144=CIRCLE('',#5759,2.5);
#145=CIRCLE('',#5760,2.5);
#146=CIRCLE('',#5761,2.5);
#147=CIRCLE('',#5762,2.5);
#148=CIRCLE('',#5764,2.5);
#149=CIRCLE('',#5766,2.5);
#150=CIRCLE('',#5769,2.5);
#151=CIRCLE('',#5772,2.5);
#152=CIRCLE('',#5773,2.5);
#153=CIRCLE('',#5776,2.5);
#154=CIRCLE('',#5777,2.5);
#155=CIRCLE('',#5780,2.5);
#156=CIRCLE('',#5781,2.5);
#157=CIRCLE('',#5784,2.5);
#158=CIRCLE('',#5785,2.5);
#159=CIRCLE('',#5786,2.5);
#160=CIRCLE('',#5787,2.5);
#161=CIRCLE('',#5789,2.5);
#162=CIRCLE('',#5792,2.5);
#163=CIRCLE('',#5794,2.5);
#164=CIRCLE('',#5795,2.5);
#165=CIRCLE('',#5797,2.5);
#166=CIRCLE('',#5800,2.5);
#167=CIRCLE('',#5805,2.5);
#168=CIRCLE('',#5806,2.5);
#169=CIRCLE('',#5807,2.5);
#170=CIRCLE('',#5809,2.5);
#171=CIRCLE('',#5811,2.5);
#172=CIRCLE('',#5812,2.5);
#173=CIRCLE('',#5813,2.5);
#174=CIRCLE('',#5815,2.5);
#175=CIRCLE('',#5817,2.5);
#176=CIRCLE('',#5820,2.5);
#177=CIRCLE('',#5823,10.);
#178=CIRCLE('',#5824,10.);
#179=CIRCLE('',#5825,10.);
#180=CIRCLE('',#5826,10.);
#181=CIRCLE('',#5829,2.5);
#182=CIRCLE('',#5830,2.5);
#183=CIRCLE('',#5831,2.5);
#184=CIRCLE('',#5832,5.);
#185=CIRCLE('',#5834,2.5);
#186=CIRCLE('',#5835,2.5);
#187=CIRCLE('',#5836,5.);
#188=CIRCLE('',#5838,2.5);
#189=CIRCLE('',#5840,9.5);
#190=CIRCLE('',#5842,5.);
#191=CIRCLE('',#5845,5.);
#192=CIRCLE('',#5847,10.);
#193=CIRCLE('',#5848,10.);
#194=CIRCLE('',#5849,10.);
#195=CIRCLE('',#5850,10.);
#196=CIRCLE('',#5852,9.5);
#197=CIRCLE('',#5855,12.5);
#198=CIRCLE('',#5856,20.);
#199=CIRCLE('',#5860,12.5);
#200=CIRCLE('',#5861,20.);
#201=CIRCLE('',#5863,12.5);
#202=CIRCLE('',#5864,12.5);
#203=CIRCLE('',#5865,12.5);
#204=CIRCLE('',#5866,12.5);
#205=CIRCLE('',#5869,12.5);
#206=CIRCLE('',#5870,20.);
#207=CIRCLE('',#5873,12.5);
#208=CIRCLE('',#5874,20.);
#209=CIRCLE('',#5877,20.);
#210=CIRCLE('',#5878,12.5);
#211=CIRCLE('',#5882,12.5);
#212=CIRCLE('',#5883,20.);
#213=CIRCLE('',#5886,12.5);
#214=CIRCLE('',#5887,20.);
#215=CIRCLE('',#5890,12.5);
#216=CIRCLE('',#5891,20.);
#217=CIRCLE('',#5909,0.5);
#218=CIRCLE('',#5912,0.5);
#219=CIRCLE('',#5916,0.5);
#220=CIRCLE('',#5917,0.5);
#221=CIRCLE('',#5919,0.5);
#222=CIRCLE('',#5920,0.5);
#223=CIRCLE('',#5922,10.5);
#224=CIRCLE('',#5923,10.);
#225=CIRCLE('',#5925,10.);
#226=CIRCLE('',#5949,4.5);
#227=CIRCLE('',#5950,5.);
#228=CIRCLE('',#5952,4.5);
#229=CIRCLE('',#5953,5.);
#230=CIRCLE('',#5955,3.25);
#231=CIRCLE('',#5956,2.25);
#232=CIRCLE('',#5958,3.25);
#233=CIRCLE('',#5961,3.25);
#234=CIRCLE('',#5962,3.25);
#235=CIRCLE('',#5965,2.25);
#236=CIRCLE('',#5967,2.25);
#237=CIRCLE('',#5968,2.25);
#238=CIRCLE('',#6001,1.);
#239=CIRCLE('',#6002,1.);
#240=CIRCLE('',#6004,1.);
#241=CIRCLE('',#6007,1.);
#242=CIRCLE('',#6018,33.);
#243=CIRCLE('',#6019,33.);
#244=CIRCLE('',#6021,2.5);
#245=CIRCLE('',#6024,33.);
#246=CIRCLE('',#6025,33.);
#247=CIRCLE('',#6026,2.5);
#248=CIRCLE('',#6027,33.);
#249=CIRCLE('',#6028,2.33622727692964);
#250=CIRCLE('',#6030,33.);
#251=CIRCLE('',#6032,2.5);
#252=CIRCLE('',#6035,2.5);
#253=CIRCLE('',#6038,33.);
#254=CIRCLE('',#6039,33.);
#255=CIRCLE('',#6040,2.5);
#256=CIRCLE('',#6041,33.);
#257=CIRCLE('',#6042,2.33622727692964);
#258=CIRCLE('',#6044,33.);
#259=CIRCLE('',#6046,2.5);
#260=CIRCLE('',#6049,2.5);
#261=CIRCLE('',#6052,2.5);
#262=CIRCLE('',#6056,2.);
#263=CIRCLE('',#6060,2.);
#264=CIRCLE('',#6063,2.5);
#265=CIRCLE('',#6068,4.);
#266=CIRCLE('',#6069,4.);
#267=CIRCLE('',#6072,4.);
#268=CIRCLE('',#6073,4.);
#269=CIRCLE('',#6075,5.);
#270=CIRCLE('',#6076,5.);
#271=CIRCLE('',#6078,2.5);
#272=CIRCLE('',#6079,2.5);
#273=CIRCLE('',#6081,2.5);
#274=CIRCLE('',#6082,2.5);
#275=CIRCLE('',#6085,2.5);
#276=CIRCLE('',#6087,2.5);
#277=CIRCLE('',#6088,2.5);
#278=CIRCLE('',#6091,2.5);
#279=CIRCLE('',#6094,5.);
#280=CIRCLE('',#6095,5.);
#281=CIRCLE('',#6097,2.5);
#282=CYLINDRICAL_SURFACE('',#5659,1.);
#283=CYLINDRICAL_SURFACE('',#5663,1.);
#284=CYLINDRICAL_SURFACE('',#5667,1.);
#285=CYLINDRICAL_SURFACE('',#5671,1.);
#286=CYLINDRICAL_SURFACE('',#5675,2.6);
#287=CYLINDRICAL_SURFACE('',#5678,2.6);
#288=CYLINDRICAL_SURFACE('',#5681,2.6);
#289=CYLINDRICAL_SURFACE('',#5684,2.6);
#290=CYLINDRICAL_SURFACE('',#5689,5.);
#291=CYLINDRICAL_SURFACE('',#5693,5.);
#292=CYLINDRICAL_SURFACE('',#5697,5.);
#293=CYLINDRICAL_SURFACE('',#5700,5.);
#294=CYLINDRICAL_SURFACE('',#5722,2.5);
#295=CYLINDRICAL_SURFACE('',#5736,2.5);
#296=CYLINDRICAL_SURFACE('',#5737,2.5);
#297=CYLINDRICAL_SURFACE('',#5738,2.5);
#298=CYLINDRICAL_SURFACE('',#5739,2.5);
#299=CYLINDRICAL_SURFACE('',#5740,2.5);
#300=CYLINDRICAL_SURFACE('',#5741,2.5);
#301=CYLINDRICAL_SURFACE('',#5745,2.5);
#302=CYLINDRICAL_SURFACE('',#5749,2.5);
#303=CYLINDRICAL_SURFACE('',#5753,2.5);
#304=CYLINDRICAL_SURFACE('',#5763,2.5);
#305=CYLINDRICAL_SURFACE('',#5765,2.5);
#306=CYLINDRICAL_SURFACE('',#5768,2.5);
#307=CYLINDRICAL_SURFACE('',#5771,2.5);
#308=CYLINDRICAL_SURFACE('',#5775,2.5);
#309=CYLINDRICAL_SURFACE('',#5779,2.5);
#310=CYLINDRICAL_SURFACE('',#5788,2.5);
#311=CYLINDRICAL_SURFACE('',#5791,2.5);
#312=CYLINDRICAL_SURFACE('',#5796,2.5);
#313=CYLINDRICAL_SURFACE('',#5799,2.5);
#314=CYLINDRICAL_SURFACE('',#5801,2.5);
#315=CYLINDRICAL_SURFACE('',#5803,2.5);
#316=CYLINDRICAL_SURFACE('',#5808,2.5);
#317=CYLINDRICAL_SURFACE('',#5814,2.5);
#318=CYLINDRICAL_SURFACE('',#5816,2.5);
#319=CYLINDRICAL_SURFACE('',#5818,2.5);
#320=CYLINDRICAL_SURFACE('',#5819,2.5);
#321=CYLINDRICAL_SURFACE('',#5828,2.5);
#322=CYLINDRICAL_SURFACE('',#5833,2.5);
#323=CYLINDRICAL_SURFACE('',#5837,2.5);
#324=CYLINDRICAL_SURFACE('',#5841,5.);
#325=CYLINDRICAL_SURFACE('',#5844,5.);
#326=CYLINDRICAL_SURFACE('',#5893,20.);
#327=CYLINDRICAL_SURFACE('',#5894,12.5);
#328=CYLINDRICAL_SURFACE('',#5895,20.);
#329=CYLINDRICAL_SURFACE('',#5897,20.);
#330=CYLINDRICAL_SURFACE('',#5898,12.5);
#331=CYLINDRICAL_SURFACE('',#5899,20.);
#332=CYLINDRICAL_SURFACE('',#5901,20.);
#333=CYLINDRICAL_SURFACE('',#5902,12.5);
#334=CYLINDRICAL_SURFACE('',#5903,20.);
#335=CYLINDRICAL_SURFACE('',#5905,20.);
#336=CYLINDRICAL_SURFACE('',#5906,12.5);
#337=CYLINDRICAL_SURFACE('',#5907,20.);
#338=CYLINDRICAL_SURFACE('',#5908,0.5);
#339=CYLINDRICAL_SURFACE('',#5911,0.5);
#340=CYLINDRICAL_SURFACE('',#5914,0.5);
#341=CYLINDRICAL_SURFACE('',#5915,0.5);
#342=CYLINDRICAL_SURFACE('',#5918,0.5);
#343=CYLINDRICAL_SURFACE('',#5924,10.);
#344=CYLINDRICAL_SURFACE('',#5936,10.);
#345=CYLINDRICAL_SURFACE('',#5938,10.);
#346=CYLINDRICAL_SURFACE('',#5939,10.);
#347=CYLINDRICAL_SURFACE('',#5940,10.);
#348=CYLINDRICAL_SURFACE('',#5957,3.25);
#349=CYLINDRICAL_SURFACE('',#5960,3.25);
#350=CYLINDRICAL_SURFACE('',#5964,2.25);
#351=CYLINDRICAL_SURFACE('',#5966,2.25);
#352=CYLINDRICAL_SURFACE('',#6000,1.);
#353=CYLINDRICAL_SURFACE('',#6006,1.);
#354=CYLINDRICAL_SURFACE('',#6017,33.);
#355=CYLINDRICAL_SURFACE('',#6023,33.);
#356=CYLINDRICAL_SURFACE('',#6029,33.);
#357=CYLINDRICAL_SURFACE('',#6034,2.5);
#358=CYLINDRICAL_SURFACE('',#6037,33.);
#359=CYLINDRICAL_SURFACE('',#6043,33.);
#360=CYLINDRICAL_SURFACE('',#6048,2.5);
#361=CYLINDRICAL_SURFACE('',#6067,4.);
#362=CYLINDRICAL_SURFACE('',#6071,4.);
#363=CYLINDRICAL_SURFACE('',#6077,2.5);
#364=CYLINDRICAL_SURFACE('',#6084,2.5);
#365=CYLINDRICAL_SURFACE('',#6090,2.5);
#366=CYLINDRICAL_SURFACE('',#6092,2.5);
#367=CYLINDRICAL_SURFACE('',#6096,2.5);
#368=CYLINDRICAL_SURFACE('',#6098,2.5);
#369=CYLINDRICAL_SURFACE('',#6099,2.5);
#370=CYLINDRICAL_SURFACE('',#6108,5.);
#371=CYLINDRICAL_SURFACE('',#6112,5.);
#372=PLANE('',#5648);
#373=PLANE('',#5649);
#374=PLANE('',#5650);
#375=PLANE('',#5651);
#376=PLANE('',#5652);
#377=PLANE('',#5653);
#378=PLANE('',#5654);
#379=PLANE('',#5655);
#380=PLANE('',#5656);
#381=PLANE('',#5657);
#382=PLANE('',#5658);
#383=PLANE('',#5662);
#384=PLANE('',#5666);
#385=PLANE('',#5670);
#386=PLANE('',#5674);
#387=PLANE('',#5687);
#388=PLANE('',#5688);
#389=PLANE('',#5692);
#390=PLANE('',#5696);
#391=PLANE('',#5709);
#392=PLANE('',#5720);
#393=PLANE('',#5721);
#394=PLANE('',#5723);
#395=PLANE('',#5744);
#396=PLANE('',#5748);
#397=PLANE('',#5752);
#398=PLANE('',#5756);
#399=PLANE('',#5757);
#400=PLANE('',#5767);
#401=PLANE('',#5770);
#402=PLANE('',#5774);
#403=PLANE('',#5778);
#404=PLANE('',#5782);
#405=PLANE('',#5783);
#406=PLANE('',#5790);
#407=PLANE('',#5793);
#408=PLANE('',#5798);
#409=PLANE('',#5802);
#410=PLANE('',#5821);
#411=PLANE('',#5822);
#412=PLANE('',#5827);
#413=PLANE('',#5839);
#414=PLANE('',#5843);
#415=PLANE('',#5846);
#416=PLANE('',#5851);
#417=PLANE('',#5853);
#418=PLANE('',#5854);
#419=PLANE('',#5857);
#420=PLANE('',#5858);
#421=PLANE('',#5859);
#422=PLANE('',#5862);
#423=PLANE('',#5867);
#424=PLANE('',#5868);
#425=PLANE('',#5871);
#426=PLANE('',#5872);
#427=PLANE('',#5875);
#428=PLANE('',#5876);
#429=PLANE('',#5879);
#430=PLANE('',#5880);
#431=PLANE('',#5881);
#432=PLANE('',#5884);
#433=PLANE('',#5885);
#434=PLANE('',#5888);
#435=PLANE('',#5889);
#436=PLANE('',#5892);
#437=PLANE('',#5896);
#438=PLANE('',#5900);
#439=PLANE('',#5904);
#440=PLANE('',#5926);
#441=PLANE('',#5927);
#442=PLANE('',#5928);
#443=PLANE('',#5929);
#444=PLANE('',#5930);
#445=PLANE('',#5931);
#446=PLANE('',#5932);
#447=PLANE('',#5933);
#448=PLANE('',#5934);
#449=PLANE('',#5935);
#450=PLANE('',#5937);
#451=PLANE('',#5941);
#452=PLANE('',#5942);
#453=PLANE('',#5943);
#454=PLANE('',#5944);
#455=PLANE('',#5945);
#456=PLANE('',#5946);
#457=PLANE('',#5947);
#458=PLANE('',#5954);
#459=PLANE('',#5959);
#460=PLANE('',#5963);
#461=PLANE('',#5969);
#462=PLANE('',#5970);
#463=PLANE('',#5971);
#464=PLANE('',#5972);
#465=PLANE('',#5973);
#466=PLANE('',#5974);
#467=PLANE('',#5975);
#468=PLANE('',#5976);
#469=PLANE('',#5977);
#470=PLANE('',#5978);
#471=PLANE('',#5979);
#472=PLANE('',#5980);
#473=PLANE('',#5981);
#474=PLANE('',#5982);
#475=PLANE('',#5983);
#476=PLANE('',#5984);
#477=PLANE('',#5985);
#478=PLANE('',#5986);
#479=PLANE('',#5987);
#480=PLANE('',#5988);
#481=PLANE('',#5989);
#482=PLANE('',#5990);
#483=PLANE('',#5991);
#484=PLANE('',#5992);
#485=PLANE('',#5993);
#486=PLANE('',#5994);
#487=PLANE('',#5995);
#488=PLANE('',#5996);
#489=PLANE('',#5997);
#490=PLANE('',#5998);
#491=PLANE('',#5999);
#492=PLANE('',#6003);
#493=PLANE('',#6005);
#494=PLANE('',#6008);
#495=PLANE('',#6009);
#496=PLANE('',#6010);
#497=PLANE('',#6011);
#498=PLANE('',#6012);
#499=PLANE('',#6013);
#500=PLANE('',#6014);
#501=PLANE('',#6015);
#502=PLANE('',#6016);
#503=PLANE('',#6020);
#504=PLANE('',#6022);
#505=PLANE('',#6031);
#506=PLANE('',#6033);
#507=PLANE('',#6036);
#508=PLANE('',#6045);
#509=PLANE('',#6047);
#510=PLANE('',#6050);
#511=PLANE('',#6051);
#512=PLANE('',#6053);
#513=PLANE('',#6054);
#514=PLANE('',#6057);
#515=PLANE('',#6058);
#516=PLANE('',#6061);
#517=PLANE('',#6062);
#518=PLANE('',#6064);
#519=PLANE('',#6065);
#520=PLANE('',#6066);
#521=PLANE('',#6070);
#522=PLANE('',#6074);
#523=PLANE('',#6083);
#524=PLANE('',#6089);
#525=PLANE('',#6093);
#526=PLANE('',#6100);
#527=PLANE('',#6101);
#528=PLANE('',#6102);
#529=PLANE('',#6103);
#530=PLANE('',#6104);
#531=PLANE('',#6105);
#532=PLANE('',#6106);
#533=PLANE('',#6107);
#534=PLANE('',#6109);
#535=PLANE('',#6110);
#536=PLANE('',#6111);
#537=PLANE('',#6113);
#538=FACE_OUTER_BOUND('',#832,.T.);
#539=FACE_OUTER_BOUND('',#833,.T.);
#540=FACE_OUTER_BOUND('',#834,.T.);
#541=FACE_OUTER_BOUND('',#835,.T.);
#542=FACE_OUTER_BOUND('',#836,.T.);
#543=FACE_OUTER_BOUND('',#837,.T.);
#544=FACE_OUTER_BOUND('',#838,.T.);
#545=FACE_OUTER_BOUND('',#839,.T.);
#546=FACE_OUTER_BOUND('',#840,.T.);
#547=FACE_OUTER_BOUND('',#841,.T.);
#548=FACE_OUTER_BOUND('',#842,.T.);
#549=FACE_OUTER_BOUND('',#843,.T.);
#550=FACE_OUTER_BOUND('',#844,.T.);
#551=FACE_OUTER_BOUND('',#845,.T.);
#552=FACE_OUTER_BOUND('',#846,.T.);
#553=FACE_OUTER_BOUND('',#847,.T.);
#554=FACE_OUTER_BOUND('',#848,.T.);
#555=FACE_OUTER_BOUND('',#849,.T.);
#556=FACE_OUTER_BOUND('',#850,.T.);
#557=FACE_OUTER_BOUND('',#851,.T.);
#558=FACE_OUTER_BOUND('',#852,.T.);
#559=FACE_OUTER_BOUND('',#853,.T.);
#560=FACE_OUTER_BOUND('',#854,.T.);
#561=FACE_OUTER_BOUND('',#855,.T.);
#562=FACE_OUTER_BOUND('',#856,.T.);
#563=FACE_OUTER_BOUND('',#857,.T.);
#564=FACE_OUTER_BOUND('',#858,.T.);
#565=FACE_OUTER_BOUND('',#859,.T.);
#566=FACE_OUTER_BOUND('',#860,.T.);
#567=FACE_OUTER_BOUND('',#861,.T.);
#568=FACE_OUTER_BOUND('',#862,.T.);
#569=FACE_OUTER_BOUND('',#863,.T.);
#570=FACE_OUTER_BOUND('',#864,.T.);
#571=FACE_OUTER_BOUND('',#865,.T.);
#572=FACE_OUTER_BOUND('',#866,.T.);
#573=FACE_OUTER_BOUND('',#867,.T.);
#574=FACE_OUTER_BOUND('',#868,.T.);
#575=FACE_OUTER_BOUND('',#869,.T.);
#576=FACE_OUTER_BOUND('',#870,.T.);
#577=FACE_OUTER_BOUND('',#871,.T.);
#578=FACE_OUTER_BOUND('',#872,.T.);
#579=FACE_OUTER_BOUND('',#873,.T.);
#580=FACE_OUTER_BOUND('',#874,.T.);
#581=FACE_OUTER_BOUND('',#875,.T.);
#582=FACE_OUTER_BOUND('',#876,.T.);
#583=FACE_OUTER_BOUND('',#877,.T.);
#584=FACE_OUTER_BOUND('',#878,.T.);
#585=FACE_OUTER_BOUND('',#879,.T.);
#586=FACE_OUTER_BOUND('',#880,.T.);
#587=FACE_OUTER_BOUND('',#881,.T.);
#588=FACE_OUTER_BOUND('',#882,.T.);
#589=FACE_OUTER_BOUND('',#883,.T.);
#590=FACE_OUTER_BOUND('',#884,.T.);
#591=FACE_OUTER_BOUND('',#885,.T.);
#592=FACE_OUTER_BOUND('',#889,.T.);
#593=FACE_OUTER_BOUND('',#890,.T.);
#594=FACE_OUTER_BOUND('',#891,.T.);
#595=FACE_OUTER_BOUND('',#892,.T.);
#596=FACE_OUTER_BOUND('',#893,.T.);
#597=FACE_OUTER_BOUND('',#894,.T.);
#598=FACE_OUTER_BOUND('',#895,.T.);
#599=FACE_OUTER_BOUND('',#897,.T.);
#600=FACE_OUTER_BOUND('',#898,.T.);
#601=FACE_OUTER_BOUND('',#899,.T.);
#602=FACE_OUTER_BOUND('',#900,.T.);
#603=FACE_OUTER_BOUND('',#901,.T.);
#604=FACE_OUTER_BOUND('',#902,.T.);
#605=FACE_OUTER_BOUND('',#903,.T.);
#606=FACE_OUTER_BOUND('',#904,.T.);
#607=FACE_OUTER_BOUND('',#905,.T.);
#608=FACE_OUTER_BOUND('',#906,.T.);
#609=FACE_OUTER_BOUND('',#907,.T.);
#610=FACE_OUTER_BOUND('',#908,.T.);
#611=FACE_OUTER_BOUND('',#909,.T.);
#612=FACE_OUTER_BOUND('',#910,.T.);
#613=FACE_OUTER_BOUND('',#911,.T.);
#614=FACE_OUTER_BOUND('',#912,.T.);
#615=FACE_OUTER_BOUND('',#913,.T.);
#616=FACE_OUTER_BOUND('',#914,.T.);
#617=FACE_OUTER_BOUND('',#915,.T.);
#618=FACE_OUTER_BOUND('',#916,.T.);
#619=FACE_OUTER_BOUND('',#917,.T.);
#620=FACE_OUTER_BOUND('',#918,.T.);
#621=FACE_OUTER_BOUND('',#919,.T.);
#622=FACE_OUTER_BOUND('',#920,.T.);
#623=FACE_OUTER_BOUND('',#921,.T.);
#624=FACE_OUTER_BOUND('',#922,.T.);
#625=FACE_OUTER_BOUND('',#923,.T.);
#626=FACE_OUTER_BOUND('',#924,.T.);
#627=FACE_OUTER_BOUND('',#925,.T.);
#628=FACE_OUTER_BOUND('',#926,.T.);
#629=FACE_OUTER_BOUND('',#927,.T.);
#630=FACE_OUTER_BOUND('',#928,.T.);
#631=FACE_OUTER_BOUND('',#929,.T.);
#632=FACE_OUTER_BOUND('',#930,.T.);
#633=FACE_OUTER_BOUND('',#931,.T.);
#634=FACE_OUTER_BOUND('',#932,.T.);
#635=FACE_OUTER_BOUND('',#933,.T.);
#636=FACE_OUTER_BOUND('',#934,.T.);
#637=FACE_OUTER_BOUND('',#935,.T.);
#638=FACE_OUTER_BOUND('',#936,.T.);
#639=FACE_OUTER_BOUND('',#937,.T.);
#640=FACE_OUTER_BOUND('',#938,.T.);
#641=FACE_OUTER_BOUND('',#939,.T.);
#642=FACE_OUTER_BOUND('',#940,.T.);
#643=FACE_OUTER_BOUND('',#943,.T.);
#644=FACE_OUTER_BOUND('',#947,.T.);
#645=FACE_OUTER_BOUND('',#952,.T.);
#646=FACE_OUTER_BOUND('',#953,.T.);
#647=FACE_OUTER_BOUND('',#954,.T.);
#648=FACE_OUTER_BOUND('',#955,.T.);
#649=FACE_OUTER_BOUND('',#956,.T.);
#650=FACE_OUTER_BOUND('',#957,.T.);
#651=FACE_OUTER_BOUND('',#960,.T.);
#652=FACE_OUTER_BOUND('',#961,.T.);
#653=FACE_OUTER_BOUND('',#966,.T.);
#654=FACE_OUTER_BOUND('',#967,.T.);
#655=FACE_OUTER_BOUND('',#972,.T.);
#656=FACE_OUTER_BOUND('',#975,.T.);
#657=FACE_OUTER_BOUND('',#976,.T.);
#658=FACE_OUTER_BOUND('',#977,.T.);
#659=FACE_OUTER_BOUND('',#982,.T.);
#660=FACE_OUTER_BOUND('',#983,.T.);
#661=FACE_OUTER_BOUND('',#984,.T.);
#662=FACE_OUTER_BOUND('',#985,.T.);
#663=FACE_OUTER_BOUND('',#986,.T.);
#664=FACE_OUTER_BOUND('',#987,.T.);
#665=FACE_OUTER_BOUND('',#988,.T.);
#666=FACE_OUTER_BOUND('',#989,.T.);
#667=FACE_OUTER_BOUND('',#990,.T.);
#668=FACE_OUTER_BOUND('',#991,.T.);
#669=FACE_OUTER_BOUND('',#996,.T.);
#670=FACE_OUTER_BOUND('',#997,.T.);
#671=FACE_OUTER_BOUND('',#998,.T.);
#672=FACE_OUTER_BOUND('',#999,.T.);
#673=FACE_OUTER_BOUND('',#1000,.T.);
#674=FACE_OUTER_BOUND('',#1001,.T.);
#675=FACE_OUTER_BOUND('',#1002,.T.);
#676=FACE_OUTER_BOUND('',#1003,.T.);
#677=FACE_OUTER_BOUND('',#1004,.T.);
#678=FACE_OUTER_BOUND('',#1005,.T.);
#679=FACE_OUTER_BOUND('',#1006,.T.);
#680=FACE_OUTER_BOUND('',#1007,.T.);
#681=FACE_OUTER_BOUND('',#1008,.T.);
#682=FACE_OUTER_BOUND('',#1009,.T.);
#683=FACE_OUTER_BOUND('',#1010,.T.);
#684=FACE_OUTER_BOUND('',#1011,.T.);
#685=FACE_OUTER_BOUND('',#1012,.T.);
#686=FACE_OUTER_BOUND('',#1013,.T.);
#687=FACE_OUTER_BOUND('',#1014,.T.);
#688=FACE_OUTER_BOUND('',#1015,.T.);
#689=FACE_OUTER_BOUND('',#1016,.T.);
#690=FACE_OUTER_BOUND('',#1017,.T.);
#691=FACE_OUTER_BOUND('',#1018,.T.);
#692=FACE_OUTER_BOUND('',#1019,.T.);
#693=FACE_OUTER_BOUND('',#1020,.T.);
#694=FACE_OUTER_BOUND('',#1021,.T.);
#695=FACE_OUTER_BOUND('',#1022,.T.);
#696=FACE_OUTER_BOUND('',#1023,.T.);
#697=FACE_OUTER_BOUND('',#1024,.T.);
#698=FACE_OUTER_BOUND('',#1025,.T.);
#699=FACE_OUTER_BOUND('',#1026,.T.);
#700=FACE_OUTER_BOUND('',#1027,.T.);
#701=FACE_OUTER_BOUND('',#1028,.T.);
#702=FACE_OUTER_BOUND('',#1029,.T.);
#703=FACE_OUTER_BOUND('',#1030,.T.);
#704=FACE_OUTER_BOUND('',#1031,.T.);
#705=FACE_OUTER_BOUND('',#1032,.T.);
#706=FACE_OUTER_BOUND('',#1033,.T.);
#707=FACE_OUTER_BOUND('',#1034,.T.);
#708=FACE_OUTER_BOUND('',#1035,.T.);
#709=FACE_OUTER_BOUND('',#1036,.T.);
#710=FACE_OUTER_BOUND('',#1037,.T.);
#711=FACE_OUTER_BOUND('',#1038,.T.);
#712=FACE_OUTER_BOUND('',#1039,.T.);
#713=FACE_OUTER_BOUND('',#1040,.T.);
#714=FACE_OUTER_BOUND('',#1041,.T.);
#715=FACE_OUTER_BOUND('',#1042,.T.);
#716=FACE_OUTER_BOUND('',#1043,.T.);
#717=FACE_OUTER_BOUND('',#1044,.T.);
#718=FACE_OUTER_BOUND('',#1045,.T.);
#719=FACE_OUTER_BOUND('',#1046,.T.);
#720=FACE_OUTER_BOUND('',#1047,.T.);
#721=FACE_OUTER_BOUND('',#1048,.T.);
#722=FACE_OUTER_BOUND('',#1049,.T.);
#723=FACE_OUTER_BOUND('',#1051,.T.);
#724=FACE_OUTER_BOUND('',#1052,.T.);
#725=FACE_OUTER_BOUND('',#1054,.T.);
#726=FACE_OUTER_BOUND('',#1055,.T.);
#727=FACE_OUTER_BOUND('',#1057,.T.);
#728=FACE_OUTER_BOUND('',#1058,.T.);
#729=FACE_OUTER_BOUND('',#1059,.T.);
#730=FACE_OUTER_BOUND('',#1060,.T.);
#731=FACE_OUTER_BOUND('',#1061,.T.);
#732=FACE_OUTER_BOUND('',#1062,.T.);
#733=FACE_OUTER_BOUND('',#1063,.T.);
#734=FACE_OUTER_BOUND('',#1064,.T.);
#735=FACE_OUTER_BOUND('',#1065,.T.);
#736=FACE_OUTER_BOUND('',#1066,.T.);
#737=FACE_OUTER_BOUND('',#1067,.T.);
#738=FACE_OUTER_BOUND('',#1068,.T.);
#739=FACE_OUTER_BOUND('',#1069,.T.);
#740=FACE_OUTER_BOUND('',#1070,.T.);
#741=FACE_OUTER_BOUND('',#1071,.T.);
#742=FACE_OUTER_BOUND('',#1073,.T.);
#743=FACE_OUTER_BOUND('',#1074,.T.);
#744=FACE_OUTER_BOUND('',#1076,.T.);
#745=FACE_OUTER_BOUND('',#1077,.T.);
#746=FACE_OUTER_BOUND('',#1079,.T.);
#747=FACE_OUTER_BOUND('',#1080,.T.);
#748=FACE_OUTER_BOUND('',#1081,.T.);
#749=FACE_OUTER_BOUND('',#1082,.T.);
#750=FACE_OUTER_BOUND('',#1083,.T.);
#751=FACE_OUTER_BOUND('',#1084,.T.);
#752=FACE_OUTER_BOUND('',#1086,.T.);
#753=FACE_OUTER_BOUND('',#1087,.T.);
#754=FACE_OUTER_BOUND('',#1089,.T.);
#755=FACE_OUTER_BOUND('',#1090,.T.);
#756=FACE_OUTER_BOUND('',#1092,.T.);
#757=FACE_OUTER_BOUND('',#1093,.T.);
#758=FACE_OUTER_BOUND('',#1094,.T.);
#759=FACE_OUTER_BOUND('',#1095,.T.);
#760=FACE_OUTER_BOUND('',#1096,.T.);
#761=FACE_OUTER_BOUND('',#1097,.T.);
#762=FACE_OUTER_BOUND('',#1098,.T.);
#763=FACE_OUTER_BOUND('',#1099,.T.);
#764=FACE_OUTER_BOUND('',#1100,.T.);
#765=FACE_OUTER_BOUND('',#1101,.T.);
#766=FACE_OUTER_BOUND('',#1102,.T.);
#767=FACE_OUTER_BOUND('',#1103,.T.);
#768=FACE_OUTER_BOUND('',#1104,.T.);
#769=FACE_OUTER_BOUND('',#1105,.T.);
#770=FACE_OUTER_BOUND('',#1106,.T.);
#771=FACE_OUTER_BOUND('',#1107,.T.);
#772=FACE_OUTER_BOUND('',#1109,.T.);
#773=FACE_OUTER_BOUND('',#1111,.T.);
#774=FACE_OUTER_BOUND('',#1112,.T.);
#775=FACE_OUTER_BOUND('',#1113,.T.);
#776=FACE_OUTER_BOUND('',#1114,.T.);
#777=FACE_OUTER_BOUND('',#1115,.T.);
#778=FACE_OUTER_BOUND('',#1116,.T.);
#779=FACE_OUTER_BOUND('',#1117,.T.);
#780=FACE_OUTER_BOUND('',#1118,.T.);
#781=FACE_OUTER_BOUND('',#1119,.T.);
#782=FACE_OUTER_BOUND('',#1120,.T.);
#783=FACE_OUTER_BOUND('',#1121,.T.);
#784=FACE_OUTER_BOUND('',#1122,.T.);
#785=FACE_OUTER_BOUND('',#1123,.T.);
#786=FACE_OUTER_BOUND('',#1124,.T.);
#787=FACE_OUTER_BOUND('',#1125,.T.);
#788=FACE_OUTER_BOUND('',#1126,.T.);
#789=FACE_OUTER_BOUND('',#1127,.T.);
#790=FACE_OUTER_BOUND('',#1128,.T.);
#791=FACE_OUTER_BOUND('',#1129,.T.);
#792=FACE_OUTER_BOUND('',#1130,.T.);
#793=FACE_OUTER_BOUND('',#1131,.T.);
#794=FACE_OUTER_BOUND('',#1132,.T.);
#795=FACE_OUTER_BOUND('',#1133,.T.);
#796=FACE_OUTER_BOUND('',#1134,.T.);
#797=FACE_OUTER_BOUND('',#1135,.T.);
#798=FACE_OUTER_BOUND('',#1136,.T.);
#799=FACE_OUTER_BOUND('',#1137,.T.);
#800=FACE_OUTER_BOUND('',#1138,.T.);
#801=FACE_OUTER_BOUND('',#1139,.T.);
#802=FACE_OUTER_BOUND('',#1140,.T.);
#803=FACE_OUTER_BOUND('',#1141,.T.);
#804=FACE_OUTER_BOUND('',#1142,.T.);
#805=FACE_OUTER_BOUND('',#1143,.T.);
#806=FACE_OUTER_BOUND('',#1145,.T.);
#807=FACE_OUTER_BOUND('',#1146,.T.);
#808=FACE_OUTER_BOUND('',#1147,.T.);
#809=FACE_OUTER_BOUND('',#1148,.T.);
#810=FACE_OUTER_BOUND('',#1149,.T.);
#811=FACE_OUTER_BOUND('',#1150,.T.);
#812=FACE_OUTER_BOUND('',#1151,.T.);
#813=FACE_OUTER_BOUND('',#1152,.T.);
#814=FACE_OUTER_BOUND('',#1153,.T.);
#815=FACE_OUTER_BOUND('',#1157,.T.);
#816=FACE_OUTER_BOUND('',#1158,.T.);
#817=FACE_OUTER_BOUND('',#1159,.T.);
#818=FACE_OUTER_BOUND('',#1160,.T.);
#819=FACE_OUTER_BOUND('',#1161,.T.);
#820=FACE_OUTER_BOUND('',#1162,.T.);
#821=FACE_OUTER_BOUND('',#1163,.T.);
#822=FACE_OUTER_BOUND('',#1164,.T.);
#823=FACE_OUTER_BOUND('',#1165,.T.);
#824=FACE_OUTER_BOUND('',#1166,.T.);
#825=FACE_OUTER_BOUND('',#1167,.T.);
#826=FACE_OUTER_BOUND('',#1168,.T.);
#827=FACE_OUTER_BOUND('',#1169,.T.);
#828=FACE_OUTER_BOUND('',#1170,.T.);
#829=FACE_OUTER_BOUND('',#1171,.T.);
#830=FACE_OUTER_BOUND('',#1172,.T.);
#831=FACE_OUTER_BOUND('',#1173,.T.);
#832=EDGE_LOOP('',(#3690,#3691,#3692,#3693));
#833=EDGE_LOOP('',(#3694,#3695,#3696,#3697));
#834=EDGE_LOOP('',(#3698,#3699,#3700,#3701));
#835=EDGE_LOOP('',(#3702,#3703,#3704,#3705));
#836=EDGE_LOOP('',(#3706,#3707,#3708,#3709));
#837=EDGE_LOOP('',(#3710,#3711,#3712,#3713));
#838=EDGE_LOOP('',(#3714,#3715,#3716,#3717));
#839=EDGE_LOOP('',(#3718,#3719,#3720,#3721));
#840=EDGE_LOOP('',(#3722,#3723,#3724,#3725));
#841=EDGE_LOOP('',(#3726,#3727,#3728,#3729));
#842=EDGE_LOOP('',(#3730,#3731,#3732,#3733));
#843=EDGE_LOOP('',(#3734,#3735,#3736,#3737));
#844=EDGE_LOOP('',(#3738,#3739,#3740,#3741));
#845=EDGE_LOOP('',(#3742,#3743,#3744,#3745));
#846=EDGE_LOOP('',(#3746,#3747,#3748,#3749));
#847=EDGE_LOOP('',(#3750,#3751,#3752,#3753));
#848=EDGE_LOOP('',(#3754,#3755,#3756,#3757));
#849=EDGE_LOOP('',(#3758,#3759,#3760,#3761));
#850=EDGE_LOOP('',(#3762,#3763,#3764,#3765));
#851=EDGE_LOOP('',(#3766,#3767,#3768,#3769));
#852=EDGE_LOOP('',(#3770,#3771,#3772,#3773));
#853=EDGE_LOOP('',(#3774,#3775,#3776,#3777,#3778,#3779,#3780,#3781,#3782,
#3783,#3784,#3785,#3786,#3787,#3788,#3789,#3790,#3791,#3792,#3793,#3794));
#854=EDGE_LOOP('',(#3795,#3796,#3797,#3798));
#855=EDGE_LOOP('',(#3799,#3800,#3801,#3802));
#856=EDGE_LOOP('',(#3803,#3804,#3805,#3806));
#857=EDGE_LOOP('',(#3807,#3808,#3809,#3810));
#858=EDGE_LOOP('',(#3811,#3812,#3813,#3814));
#859=EDGE_LOOP('',(#3815,#3816,#3817,#3818));
#860=EDGE_LOOP('',(#3819,#3820,#3821,#3822));
#861=EDGE_LOOP('',(#3823,#3824,#3825,#3826));
#862=EDGE_LOOP('',(#3827,#3828,#3829,#3830,#3831,#3832,#3833,#3834));
#863=EDGE_LOOP('',(#3835,#3836,#3837,#3838));
#864=EDGE_LOOP('',(#3839,#3840,#3841,#3842));
#865=EDGE_LOOP('',(#3843,#3844,#3845,#3846));
#866=EDGE_LOOP('',(#3847,#3848,#3849,#3850));
#867=EDGE_LOOP('',(#3851,#3852,#3853,#3854));
#868=EDGE_LOOP('',(#3855,#3856,#3857,#3858));
#869=EDGE_LOOP('',(#3859,#3860,#3861,#3862));
#870=EDGE_LOOP('',(#3863,#3864,#3865,#3866));
#871=EDGE_LOOP('',(#3867,#3868,#3869,#3870));
#872=EDGE_LOOP('',(#3871,#3872,#3873,#3874));
#873=EDGE_LOOP('',(#3875,#3876,#3877,#3878));
#874=EDGE_LOOP('',(#3879,#3880,#3881,#3882));
#875=EDGE_LOOP('',(#3883,#3884,#3885,#3886));
#876=EDGE_LOOP('',(#3887,#3888,#3889,#3890));
#877=EDGE_LOOP('',(#3891,#3892,#3893,#3894));
#878=EDGE_LOOP('',(#3895,#3896,#3897,#3898));
#879=EDGE_LOOP('',(#3899,#3900,#3901,#3902));
#880=EDGE_LOOP('',(#3903,#3904,#3905,#3906));
#881=EDGE_LOOP('',(#3907,#3908,#3909,#3910));
#882=EDGE_LOOP('',(#3911,#3912,#3913,#3914));
#883=EDGE_LOOP('',(#3915,#3916,#3917,#3918,#3919));
#884=EDGE_LOOP('',(#3920,#3921,#3922,#3923));
#885=EDGE_LOOP('',(#3924,#3925,#3926,#3927,#3928,#3929,#3930,#3931));
#886=EDGE_LOOP('',(#3932));
#887=EDGE_LOOP('',(#3933,#3934,#3935,#3936));
#888=EDGE_LOOP('',(#3937,#3938,#3939,#3940));
#889=EDGE_LOOP('',(#3941,#3942,#3943,#3944,#3945,#3946));
#890=EDGE_LOOP('',(#3947,#3948,#3949,#3950,#3951));
#891=EDGE_LOOP('',(#3952,#3953,#3954,#3955,#3956));
#892=EDGE_LOOP('',(#3957));
#893=EDGE_LOOP('',(#3958));
#894=EDGE_LOOP('',(#3959,#3960,#3961,#3962));
#895=EDGE_LOOP('',(#3963,#3964,#3965,#3966,#3967,#3968,#3969,#3970,#3971,
#3972,#3973,#3974,#3975,#3976,#3977,#3978,#3979,#3980,#3981,#3982,#3983,
#3984,#3985,#3986));
#896=EDGE_LOOP('',(#3987,#3988,#3989,#3990));
#897=EDGE_LOOP('',(#3991,#3992,#3993,#3994));
#898=EDGE_LOOP('',(#3995,#3996,#3997,#3998));
#899=EDGE_LOOP('',(#3999,#4000,#4001,#4002));
#900=EDGE_LOOP('',(#4003,#4004,#4005,#4006));
#901=EDGE_LOOP('',(#4007,#4008,#4009,#4010));
#902=EDGE_LOOP('',(#4011,#4012,#4013,#4014));
#903=EDGE_LOOP('',(#4015,#4016,#4017,#4018,#4019,#4020,#4021,#4022));
#904=EDGE_LOOP('',(#4023,#4024,#4025,#4026));
#905=EDGE_LOOP('',(#4027,#4028,#4029,#4030,#4031,#4032,#4033,#4034));
#906=EDGE_LOOP('',(#4035,#4036,#4037,#4038));
#907=EDGE_LOOP('',(#4039,#4040,#4041,#4042));
#908=EDGE_LOOP('',(#4043,#4044,#4045,#4046));
#909=EDGE_LOOP('',(#4047,#4048,#4049,#4050));
#910=EDGE_LOOP('',(#4051,#4052,#4053,#4054,#4055,#4056,#4057,#4058,#4059,
#4060,#4061,#4062,#4063,#4064,#4065,#4066,#4067,#4068,#4069));
#911=EDGE_LOOP('',(#4070,#4071,#4072,#4073));
#912=EDGE_LOOP('',(#4074,#4075,#4076,#4077));
#913=EDGE_LOOP('',(#4078,#4079,#4080,#4081));
#914=EDGE_LOOP('',(#4082,#4083,#4084,#4085));
#915=EDGE_LOOP('',(#4086,#4087,#4088,#4089));
#916=EDGE_LOOP('',(#4090,#4091,#4092,#4093));
#917=EDGE_LOOP('',(#4094,#4095,#4096,#4097));
#918=EDGE_LOOP('',(#4098,#4099,#4100,#4101));
#919=EDGE_LOOP('',(#4102,#4103,#4104,#4105));
#920=EDGE_LOOP('',(#4106,#4107,#4108,#4109));
#921=EDGE_LOOP('',(#4110,#4111,#4112,#4113));
#922=EDGE_LOOP('',(#4114,#4115,#4116,#4117,#4118,#4119,#4120,#4121,#4122,
#4123,#4124,#4125,#4126,#4127,#4128,#4129,#4130,#4131,#4132));
#923=EDGE_LOOP('',(#4133,#4134,#4135,#4136));
#924=EDGE_LOOP('',(#4137,#4138,#4139,#4140));
#925=EDGE_LOOP('',(#4141,#4142,#4143,#4144));
#926=EDGE_LOOP('',(#4145,#4146,#4147,#4148,#4149,#4150,#4151,#4152,#4153,
#4154,#4155,#4156,#4157,#4158,#4159,#4160,#4161,#4162,#4163));
#927=EDGE_LOOP('',(#4164,#4165,#4166,#4167));
#928=EDGE_LOOP('',(#4168,#4169,#4170,#4171));
#929=EDGE_LOOP('',(#4172,#4173,#4174,#4175));
#930=EDGE_LOOP('',(#4176,#4177,#4178,#4179));
#931=EDGE_LOOP('',(#4180,#4181,#4182,#4183));
#932=EDGE_LOOP('',(#4184,#4185,#4186,#4187));
#933=EDGE_LOOP('',(#4188,#4189,#4190));
#934=EDGE_LOOP('',(#4191,#4192,#4193,#4194));
#935=EDGE_LOOP('',(#4195,#4196,#4197));
#936=EDGE_LOOP('',(#4198,#4199,#4200,#4201));
#937=EDGE_LOOP('',(#4202,#4203,#4204,#4205));
#938=EDGE_LOOP('',(#4206,#4207,#4208,#4209));
#939=EDGE_LOOP('',(#4210,#4211,#4212,#4213));
#940=EDGE_LOOP('',(#4214,#4215,#4216,#4217,#4218,#4219,#4220,#4221));
#941=EDGE_LOOP('',(#4222,#4223,#4224,#4225));
#942=EDGE_LOOP('',(#4226,#4227,#4228,#4229,#4230,#4231,#4232,#4233,#4234,
#4235));
#943=EDGE_LOOP('',(#4236,#4237,#4238,#4239,#4240,#4241,#4242,#4243,#4244,
#4245,#4246,#4247,#4248,#4249,#4250,#4251,#4252,#4253,#4254,#4255,#4256,
#4257));
#944=EDGE_LOOP('',(#4258,#4259,#4260,#4261,#4262,#4263,#4264,#4265));
#945=EDGE_LOOP('',(#4266));
#946=EDGE_LOOP('',(#4267));
#947=EDGE_LOOP('',(#4268,#4269,#4270,#4271));
#948=EDGE_LOOP('',(#4272,#4273,#4274,#4275));
#949=EDGE_LOOP('',(#4276,#4277,#4278,#4279));
#950=EDGE_LOOP('',(#4280,#4281,#4282,#4283));
#951=EDGE_LOOP('',(#4284,#4285,#4286,#4287));
#952=EDGE_LOOP('',(#4288,#4289,#4290,#4291));
#953=EDGE_LOOP('',(#4292,#4293,#4294,#4295));
#954=EDGE_LOOP('',(#4296,#4297,#4298,#4299,#4300,#4301));
#955=EDGE_LOOP('',(#4302,#4303,#4304,#4305));
#956=EDGE_LOOP('',(#4306,#4307,#4308,#4309));
#957=EDGE_LOOP('',(#4310,#4311,#4312,#4313));
#958=EDGE_LOOP('',(#4314,#4315,#4316,#4317));
#959=EDGE_LOOP('',(#4318));
#960=EDGE_LOOP('',(#4319,#4320,#4321,#4322));
#961=EDGE_LOOP('',(#4323,#4324,#4325,#4326));
#962=EDGE_LOOP('',(#4327,#4328,#4329,#4330,#4331,#4332,#4333,#4334,#4335,
#4336,#4337,#4338,#4339,#4340,#4341,#4342,#4343,#4344,#4345,#4346,#4347));
#963=EDGE_LOOP('',(#4348,#4349,#4350,#4351,#4352,#4353,#4354,#4355));
#964=EDGE_LOOP('',(#4356));
#965=EDGE_LOOP('',(#4357));
#966=EDGE_LOOP('',(#4358,#4359,#4360,#4361));
#967=EDGE_LOOP('',(#4362,#4363,#4364,#4365,#4366,#4367));
#968=EDGE_LOOP('',(#4368,#4369,#4370,#4371,#4372,#4373,#4374,#4375));
#969=EDGE_LOOP('',(#4376));
#970=EDGE_LOOP('',(#4377));
#971=EDGE_LOOP('',(#4378,#4379,#4380,#4381,#4382,#4383,#4384,#4385));
#972=EDGE_LOOP('',(#4386,#4387,#4388,#4389));
#973=EDGE_LOOP('',(#4390,#4391,#4392,#4393));
#974=EDGE_LOOP('',(#4394));
#975=EDGE_LOOP('',(#4395,#4396,#4397,#4398));
#976=EDGE_LOOP('',(#4399,#4400,#4401,#4402));
#977=EDGE_LOOP('',(#4403,#4404,#4405,#4406));
#978=EDGE_LOOP('',(#4407,#4408,#4409,#4410));
#979=EDGE_LOOP('',(#4411,#4412,#4413,#4414));
#980=EDGE_LOOP('',(#4415,#4416,#4417,#4418));
#981=EDGE_LOOP('',(#4419,#4420,#4421,#4422));
#982=EDGE_LOOP('',(#4423,#4424,#4425,#4426));
#983=EDGE_LOOP('',(#4427,#4428,#4429,#4430));
#984=EDGE_LOOP('',(#4431,#4432,#4433,#4434,#4435,#4436,#4437,#4438,#4439,
#4440,#4441,#4442,#4443,#4444,#4445,#4446));
#985=EDGE_LOOP('',(#4447,#4448,#4449,#4450));
#986=EDGE_LOOP('',(#4451,#4452,#4453,#4454));
#987=EDGE_LOOP('',(#4455,#4456,#4457,#4458));
#988=EDGE_LOOP('',(#4459,#4460,#4461,#4462));
#989=EDGE_LOOP('',(#4463,#4464,#4465,#4466));
#990=EDGE_LOOP('',(#4467,#4468,#4469,#4470));
#991=EDGE_LOOP('',(#4471,#4472,#4473,#4474));
#992=EDGE_LOOP('',(#4475));
#993=EDGE_LOOP('',(#4476));
#994=EDGE_LOOP('',(#4477,#4478,#4479,#4480));
#995=EDGE_LOOP('',(#4481,#4482,#4483,#4484));
#996=EDGE_LOOP('',(#4485,#4486,#4487,#4488));
#997=EDGE_LOOP('',(#4489,#4490,#4491,#4492));
#998=EDGE_LOOP('',(#4493,#4494,#4495,#4496));
#999=EDGE_LOOP('',(#4497,#4498,#4499,#4500));
#1000=EDGE_LOOP('',(#4501,#4502,#4503,#4504));
#1001=EDGE_LOOP('',(#4505,#4506,#4507,#4508));
#1002=EDGE_LOOP('',(#4509,#4510,#4511,#4512));
#1003=EDGE_LOOP('',(#4513,#4514,#4515,#4516,#4517,#4518));
#1004=EDGE_LOOP('',(#4519,#4520,#4521,#4522,#4523,#4524,#4525,#4526,#4527));
#1005=EDGE_LOOP('',(#4528,#4529,#4530,#4531,#4532));
#1006=EDGE_LOOP('',(#4533,#4534,#4535,#4536));
#1007=EDGE_LOOP('',(#4537,#4538,#4539,#4540,#4541));
#1008=EDGE_LOOP('',(#4542,#4543,#4544,#4545,#4546,#4547,#4548,#4549,#4550));
#1009=EDGE_LOOP('',(#4551,#4552,#4553,#4554,#4555,#4556));
#1010=EDGE_LOOP('',(#4557,#4558,#4559,#4560));
#1011=EDGE_LOOP('',(#4561,#4562,#4563,#4564,#4565,#4566));
#1012=EDGE_LOOP('',(#4567,#4568,#4569,#4570,#4571,#4572,#4573,#4574,#4575,
#4576));
#1013=EDGE_LOOP('',(#4577,#4578,#4579,#4580,#4581,#4582));
#1014=EDGE_LOOP('',(#4583,#4584,#4585,#4586));
#1015=EDGE_LOOP('',(#4587,#4588,#4589,#4590,#4591,#4592));
#1016=EDGE_LOOP('',(#4593,#4594,#4595,#4596,#4597,#4598,#4599,#4600,#4601,
#4602));
#1017=EDGE_LOOP('',(#4603,#4604,#4605,#4606,#4607,#4608));
#1018=EDGE_LOOP('',(#4609,#4610,#4611,#4612));
#1019=EDGE_LOOP('',(#4613,#4614,#4615,#4616));
#1020=EDGE_LOOP('',(#4617,#4618,#4619,#4620));
#1021=EDGE_LOOP('',(#4621,#4622,#4623,#4624,#4625));
#1022=EDGE_LOOP('',(#4626,#4627,#4628,#4629,#4630));
#1023=EDGE_LOOP('',(#4631,#4632,#4633,#4634));
#1024=EDGE_LOOP('',(#4635,#4636,#4637,#4638));
#1025=EDGE_LOOP('',(#4639,#4640,#4641,#4642,#4643,#4644,#4645));
#1026=EDGE_LOOP('',(#4646,#4647,#4648,#4649,#4650,#4651));
#1027=EDGE_LOOP('',(#4652,#4653,#4654,#4655,#4656,#4657));
#1028=EDGE_LOOP('',(#4658,#4659,#4660,#4661));
#1029=EDGE_LOOP('',(#4662,#4663,#4664,#4665));
#1030=EDGE_LOOP('',(#4666,#4667,#4668,#4669,#4670));
#1031=EDGE_LOOP('',(#4671,#4672,#4673,#4674,#4675,#4676,#4677));
#1032=EDGE_LOOP('',(#4678,#4679,#4680,#4681));
#1033=EDGE_LOOP('',(#4682,#4683,#4684,#4685));
#1034=EDGE_LOOP('',(#4686,#4687,#4688,#4689,#4690));
#1035=EDGE_LOOP('',(#4691,#4692,#4693,#4694));
#1036=EDGE_LOOP('',(#4695,#4696,#4697,#4698));
#1037=EDGE_LOOP('',(#4699,#4700,#4701,#4702));
#1038=EDGE_LOOP('',(#4703,#4704,#4705,#4706));
#1039=EDGE_LOOP('',(#4707,#4708,#4709,#4710));
#1040=EDGE_LOOP('',(#4711,#4712,#4713,#4714));
#1041=EDGE_LOOP('',(#4715,#4716,#4717,#4718));
#1042=EDGE_LOOP('',(#4719,#4720,#4721,#4722));
#1043=EDGE_LOOP('',(#4723,#4724,#4725,#4726));
#1044=EDGE_LOOP('',(#4727,#4728,#4729,#4730));
#1045=EDGE_LOOP('',(#4731,#4732,#4733,#4734));
#1046=EDGE_LOOP('',(#4735,#4736,#4737,#4738));
#1047=EDGE_LOOP('',(#4739,#4740,#4741,#4742));
#1048=EDGE_LOOP('',(#4743,#4744,#4745,#4746));
#1049=EDGE_LOOP('',(#4747));
#1050=EDGE_LOOP('',(#4748));
#1051=EDGE_LOOP('',(#4749,#4750,#4751,#4752));
#1052=EDGE_LOOP('',(#4753));
#1053=EDGE_LOOP('',(#4754));
#1054=EDGE_LOOP('',(#4755,#4756,#4757,#4758));
#1055=EDGE_LOOP('',(#4759));
#1056=EDGE_LOOP('',(#4760));
#1057=EDGE_LOOP('',(#4761,#4762,#4763,#4764));
#1058=EDGE_LOOP('',(#4765,#4766,#4767,#4768));
#1059=EDGE_LOOP('',(#4769,#4770,#4771,#4772));
#1060=EDGE_LOOP('',(#4773,#4774,#4775,#4776));
#1061=EDGE_LOOP('',(#4777,#4778,#4779,#4780));
#1062=EDGE_LOOP('',(#4781,#4782,#4783,#4784));
#1063=EDGE_LOOP('',(#4785,#4786,#4787,#4788));
#1064=EDGE_LOOP('',(#4789,#4790,#4791,#4792));
#1065=EDGE_LOOP('',(#4793,#4794,#4795,#4796));
#1066=EDGE_LOOP('',(#4797,#4798,#4799,#4800));
#1067=EDGE_LOOP('',(#4801,#4802,#4803,#4804));
#1068=EDGE_LOOP('',(#4805,#4806,#4807,#4808));
#1069=EDGE_LOOP('',(#4809,#4810,#4811,#4812));
#1070=EDGE_LOOP('',(#4813,#4814,#4815,#4816));
#1071=EDGE_LOOP('',(#4817,#4818,#4819,#4820));
#1072=EDGE_LOOP('',(#4821,#4822,#4823,#4824));
#1073=EDGE_LOOP('',(#4825,#4826,#4827,#4828));
#1074=EDGE_LOOP('',(#4829,#4830,#4831,#4832));
#1075=EDGE_LOOP('',(#4833,#4834,#4835,#4836));
#1076=EDGE_LOOP('',(#4837,#4838,#4839,#4840));
#1077=EDGE_LOOP('',(#4841,#4842,#4843,#4844));
#1078=EDGE_LOOP('',(#4845));
#1079=EDGE_LOOP('',(#4846,#4847,#4848,#4849));
#1080=EDGE_LOOP('',(#4850,#4851,#4852,#4853));
#1081=EDGE_LOOP('',(#4854,#4855,#4856,#4857));
#1082=EDGE_LOOP('',(#4858,#4859,#4860,#4861));
#1083=EDGE_LOOP('',(#4862,#4863,#4864,#4865));
#1084=EDGE_LOOP('',(#4866,#4867,#4868,#4869));
#1085=EDGE_LOOP('',(#4870,#4871,#4872,#4873));
#1086=EDGE_LOOP('',(#4874,#4875,#4876,#4877));
#1087=EDGE_LOOP('',(#4878,#4879,#4880,#4881));
#1088=EDGE_LOOP('',(#4882,#4883,#4884,#4885));
#1089=EDGE_LOOP('',(#4886,#4887,#4888,#4889));
#1090=EDGE_LOOP('',(#4890,#4891,#4892,#4893));
#1091=EDGE_LOOP('',(#4894));
#1092=EDGE_LOOP('',(#4895,#4896,#4897,#4898));
#1093=EDGE_LOOP('',(#4899,#4900,#4901,#4902,#4903,#4904,#4905,#4906));
#1094=EDGE_LOOP('',(#4907,#4908,#4909,#4910,#4911,#4912,#4913,#4914));
#1095=EDGE_LOOP('',(#4915,#4916,#4917,#4918,#4919,#4920,#4921,#4922,#4923,
#4924,#4925,#4926,#4927,#4928,#4929,#4930,#4931,#4932,#4933));
#1096=EDGE_LOOP('',(#4934,#4935,#4936,#4937));
#1097=EDGE_LOOP('',(#4938,#4939,#4940,#4941,#4942,#4943));
#1098=EDGE_LOOP('',(#4944,#4945,#4946,#4947));
#1099=EDGE_LOOP('',(#4948,#4949,#4950,#4951));
#1100=EDGE_LOOP('',(#4952,#4953,#4954,#4955,#4956,#4957));
#1101=EDGE_LOOP('',(#4958,#4959,#4960,#4961));
#1102=EDGE_LOOP('',(#4962,#4963,#4964,#4965,#4966,#4967));
#1103=EDGE_LOOP('',(#4968,#4969,#4970,#4971,#4972,#4973));
#1104=EDGE_LOOP('',(#4974,#4975,#4976,#4977,#4978,#4979,#4980,#4981,#4982,
#4983));
#1105=EDGE_LOOP('',(#4984,#4985,#4986,#4987,#4988,#4989));
#1106=EDGE_LOOP('',(#4990,#4991,#4992,#4993,#4994,#4995,#4996,#4997,#4998,
#4999,#5000,#5001,#5002,#5003,#5004,#5005,#5006,#5007,#5008,#5009,#5010,
#5011,#5012,#5013));
#1107=EDGE_LOOP('',(#5014,#5015,#5016,#5017,#5018,#5019));
#1108=EDGE_LOOP('',(#5020,#5021,#5022,#5023,#5024,#5025));
#1109=EDGE_LOOP('',(#5026));
#1110=EDGE_LOOP('',(#5027));
#1111=EDGE_LOOP('',(#5028,#5029,#5030,#5031));
#1112=EDGE_LOOP('',(#5032,#5033,#5034,#5035,#5036,#5037,#5038));
#1113=EDGE_LOOP('',(#5039,#5040,#5041,#5042));
#1114=EDGE_LOOP('',(#5043,#5044,#5045,#5046));
#1115=EDGE_LOOP('',(#5047,#5048,#5049,#5050));
#1116=EDGE_LOOP('',(#5051,#5052,#5053,#5054));
#1117=EDGE_LOOP('',(#5055,#5056,#5057,#5058,#5059,#5060,#5061));
#1118=EDGE_LOOP('',(#5062,#5063,#5064,#5065));
#1119=EDGE_LOOP('',(#5066,#5067,#5068,#5069));
#1120=EDGE_LOOP('',(#5070,#5071,#5072,#5073));
#1121=EDGE_LOOP('',(#5074,#5075,#5076,#5077));
#1122=EDGE_LOOP('',(#5078,#5079,#5080,#5081));
#1123=EDGE_LOOP('',(#5082,#5083,#5084,#5085));
#1124=EDGE_LOOP('',(#5086,#5087,#5088,#5089,#5090,#5091,#5092));
#1125=EDGE_LOOP('',(#5093,#5094,#5095,#5096));
#1126=EDGE_LOOP('',(#5097,#5098,#5099,#5100));
#1127=EDGE_LOOP('',(#5101,#5102,#5103,#5104));
#1128=EDGE_LOOP('',(#5105,#5106,#5107,#5108,#5109,#5110,#5111));
#1129=EDGE_LOOP('',(#5112,#5113,#5114,#5115));
#1130=EDGE_LOOP('',(#5116,#5117,#5118,#5119));
#1131=EDGE_LOOP('',(#5120,#5121,#5122,#5123));
#1132=EDGE_LOOP('',(#5124,#5125,#5126,#5127));
#1133=EDGE_LOOP('',(#5128,#5129,#5130,#5131));
#1134=EDGE_LOOP('',(#5132,#5133,#5134,#5135));
#1135=EDGE_LOOP('',(#5136,#5137,#5138,#5139));
#1136=EDGE_LOOP('',(#5140,#5141,#5142,#5143,#5144,#5145,#5146,#5147));
#1137=EDGE_LOOP('',(#5148,#5149,#5150,#5151));
#1138=EDGE_LOOP('',(#5152,#5153,#5154,#5155));
#1139=EDGE_LOOP('',(#5156,#5157,#5158,#5159));
#1140=EDGE_LOOP('',(#5160,#5161,#5162,#5163));
#1141=EDGE_LOOP('',(#5164,#5165,#5166,#5167));
#1142=EDGE_LOOP('',(#5168,#5169,#5170,#5171));
#1143=EDGE_LOOP('',(#5172,#5173,#5174,#5175,#5176,#5177));
#1144=EDGE_LOOP('',(#5178,#5179,#5180,#5181,#5182,#5183));
#1145=EDGE_LOOP('',(#5184,#5185,#5186,#5187));
#1146=EDGE_LOOP('',(#5188,#5189,#5190));
#1147=EDGE_LOOP('',(#5191,#5192,#5193,#5194));
#1148=EDGE_LOOP('',(#5195,#5196,#5197,#5198));
#1149=EDGE_LOOP('',(#5199,#5200,#5201));
#1150=EDGE_LOOP('',(#5202,#5203,#5204,#5205));
#1151=EDGE_LOOP('',(#5206,#5207,#5208,#5209));
#1152=EDGE_LOOP('',(#5210,#5211,#5212,#5213));
#1153=EDGE_LOOP('',(#5214,#5215,#5216,#5217,#5218,#5219));
#1154=EDGE_LOOP('',(#5220,#5221,#5222,#5223));
#1155=EDGE_LOOP('',(#5224,#5225,#5226,#5227,#5228,#5229,#5230));
#1156=EDGE_LOOP('',(#5231,#5232,#5233,#5234,#5235,#5236,#5237));
#1157=EDGE_LOOP('',(#5238,#5239,#5240,#5241));
#1158=EDGE_LOOP('',(#5242,#5243,#5244,#5245));
#1159=EDGE_LOOP('',(#5246,#5247,#5248,#5249));
#1160=EDGE_LOOP('',(#5250,#5251,#5252,#5253));
#1161=EDGE_LOOP('',(#5254,#5255,#5256,#5257,#5258,#5259,#5260));
#1162=EDGE_LOOP('',(#5261,#5262,#5263,#5264));
#1163=EDGE_LOOP('',(#5265,#5266,#5267,#5268,#5269,#5270,#5271));
#1164=EDGE_LOOP('',(#5272,#5273,#5274,#5275));
#1165=EDGE_LOOP('',(#5276,#5277,#5278,#5279,#5280,#5281,#5282,#5283));
#1166=EDGE_LOOP('',(#5284,#5285,#5286,#5287));
#1167=EDGE_LOOP('',(#5288,#5289,#5290,#5291));
#1168=EDGE_LOOP('',(#5292,#5293,#5294,#5295));
#1169=EDGE_LOOP('',(#5296,#5297,#5298,#5299));
#1170=EDGE_LOOP('',(#5300,#5301,#5302,#5303));
#1171=EDGE_LOOP('',(#5304,#5305,#5306,#5307));
#1172=EDGE_LOOP('',(#5308,#5309,#5310,#5311));
#1173=EDGE_LOOP('',(#5312,#5313,#5314,#5315,#5316,#5317));
#1174=LINE('',#7625,#1732);
#1175=LINE('',#7632,#1733);
#1176=LINE('',#7650,#1734);
#1177=LINE('',#7673,#1735);
#1178=LINE('',#7696,#1736);
#1179=LINE('',#7719,#1737);
#1180=LINE('',#7742,#1738);
#1181=LINE('',#7765,#1739);
#1182=LINE('',#7788,#1740);
#1183=LINE('',#7811,#1741);
#1184=LINE('',#7819,#1742);
#1185=LINE('',#7821,#1743);
#1186=LINE('',#7822,#1744);
#1187=LINE('',#7840,#1745);
#1188=LINE('',#7863,#1746);
#1189=LINE('',#7886,#1747);
#1190=LINE('',#7909,#1748);
#1191=LINE('',#7932,#1749);
#1192=LINE('',#7955,#1750);
#1193=LINE('',#7978,#1751);
#1194=LINE('',#8001,#1752);
#1195=LINE('',#8009,#1753);
#1196=LINE('',#8011,#1754);
#1197=LINE('',#8012,#1755);
#1198=LINE('',#8015,#1756);
#1199=LINE('',#8017,#1757);
#1200=LINE('',#8018,#1758);
#1201=LINE('',#8020,#1759);
#1202=LINE('',#8021,#1760);
#1203=LINE('',#8026,#1761);
#1204=LINE('',#8028,#1762);
#1205=LINE('',#8030,#1763);
#1206=LINE('',#8031,#1764);
#1207=LINE('',#8049,#1765);
#1208=LINE('',#8072,#1766);
#1209=LINE('',#8080,#1767);
#1210=LINE('',#8082,#1768);
#1211=LINE('',#8083,#1769);
#1212=LINE('',#8101,#1770);
#1213=LINE('',#8109,#1771);
#1214=LINE('',#8111,#1772);
#1215=LINE('',#8112,#1773);
#1216=LINE('',#8115,#1774);
#1217=LINE('',#8117,#1775);
#1218=LINE('',#8118,#1776);
#1219=LINE('',#8120,#1777);
#1220=LINE('',#8121,#1778);
#1221=LINE('',#8128,#1779);
#1222=LINE('',#8131,#1780);
#1223=LINE('',#8134,#1781);
#1224=LINE('',#8136,#1782);
#1225=LINE('',#8137,#1783);
#1226=LINE('',#8143,#1784);
#1227=LINE('',#8146,#1785);
#1228=LINE('',#8148,#1786);
#1229=LINE('',#8149,#1787);
#1230=LINE('',#8154,#1788);
#1231=LINE('',#8158,#1789);
#1232=LINE('',#8160,#1790);
#1233=LINE('',#8161,#1791);
#1234=LINE('',#8166,#1792);
#1235=LINE('',#8169,#1793);
#1236=LINE('',#8170,#1794);
#1237=LINE('',#8175,#1795);
#1238=LINE('',#8181,#1796);
#1239=LINE('',#8187,#1797);
#1240=LINE('',#8193,#1798);
#1241=LINE('',#8198,#1799);
#1242=LINE('',#8200,#1800);
#1243=LINE('',#8202,#1801);
#1244=LINE('',#8203,#1802);
#1245=LINE('',#8207,#1803);
#1246=LINE('',#8209,#1804);
#1247=LINE('',#8211,#1805);
#1248=LINE('',#8212,#1806);
#1249=LINE('',#8217,#1807);
#1250=LINE('',#8221,#1808);
#1251=LINE('',#8223,#1809);
#1252=LINE('',#8224,#1810);
#1253=LINE('',#8229,#1811);
#1254=LINE('',#8233,#1812);
#1255=LINE('',#8235,#1813);
#1256=LINE('',#8236,#1814);
#1257=LINE('',#8286,#1815);
#1258=LINE('',#8290,#1816);
#1259=LINE('',#8292,#1817);
#1260=LINE('',#8294,#1818);
#1261=LINE('',#8297,#1819);
#1262=LINE('',#8302,#1820);
#1263=LINE('',#8304,#1821);
#1264=LINE('',#8306,#1822);
#1265=LINE('',#8307,#1823);
#1266=LINE('',#8310,#1824);
#1267=LINE('',#8312,#1825);
#1268=LINE('',#8314,#1826);
#1269=LINE('',#8315,#1827);
#1270=LINE('',#8400,#1828);
#1271=LINE('',#8412,#1829);
#1272=LINE('',#8417,#1830);
#1273=LINE('',#8419,#1831);
#1274=LINE('',#8421,#1832);
#1275=LINE('',#8423,#1833);
#1276=LINE('',#8425,#1834);
#1277=LINE('',#8429,#1835);
#1278=LINE('',#8433,#1836);
#1279=LINE('',#8437,#1837);
#1280=LINE('',#8441,#1838);
#1281=LINE('',#8445,#1839);
#1282=LINE('',#8449,#1840);
#1283=LINE('',#8453,#1841);
#1284=LINE('',#8457,#1842);
#1285=LINE('',#8461,#1843);
#1286=LINE('',#8465,#1844);
#1287=LINE('',#8490,#1845);
#1288=LINE('',#8514,#1846);
#1289=LINE('',#8538,#1847);
#1290=LINE('',#8562,#1848);
#1291=LINE('',#8586,#1849);
#1292=LINE('',#8592,#1850);
#1293=LINE('',#8595,#1851);
#1294=LINE('',#8598,#1852);
#1295=LINE('',#8600,#1853);
#1296=LINE('',#8602,#1854);
#1297=LINE('',#8604,#1855);
#1298=LINE('',#8606,#1856);
#1299=LINE('',#8608,#1857);
#1300=LINE('',#8609,#1858);
#1301=LINE('',#8615,#1859);
#1302=LINE('',#8618,#1860);
#1303=LINE('',#8621,#1861);
#1304=LINE('',#8623,#1862);
#1305=LINE('',#8625,#1863);
#1306=LINE('',#8627,#1864);
#1307=LINE('',#8629,#1865);
#1308=LINE('',#8631,#1866);
#1309=LINE('',#8632,#1867);
#1310=LINE('',#8638,#1868);
#1311=LINE('',#8641,#1869);
#1312=LINE('',#8644,#1870);
#1313=LINE('',#8646,#1871);
#1314=LINE('',#8647,#1872);
#1315=LINE('',#8653,#1873);
#1316=LINE('',#8656,#1874);
#1317=LINE('',#8659,#1875);
#1318=LINE('',#8661,#1876);
#1319=LINE('',#8662,#1877);
#1320=LINE('',#8664,#1878);
#1321=LINE('',#8666,#1879);
#1322=LINE('',#8670,#1880);
#1323=LINE('',#8672,#1881);
#1324=LINE('',#8676,#1882);
#1325=LINE('',#8679,#1883);
#1326=LINE('',#8681,#1884);
#1327=LINE('',#8683,#1885);
#1328=LINE('',#8687,#1886);
#1329=LINE('',#8692,#1887);
#1330=LINE('',#8697,#1888);
#1331=LINE('',#8698,#1889);
#1332=LINE('',#8701,#1890);
#1333=LINE('',#8702,#1891);
#1334=LINE('',#8705,#1892);
#1335=LINE('',#8708,#1893);
#1336=LINE('',#8711,#1894);
#1337=LINE('',#8712,#1895);
#1338=LINE('',#8718,#1896);
#1339=LINE('',#8721,#1897);
#1340=LINE('',#8724,#1898);
#1341=LINE('',#8726,#1899);
#1342=LINE('',#8727,#1900);
#1343=LINE('',#8732,#1901);
#1344=LINE('',#8736,#1902);
#1345=LINE('',#8738,#1903);
#1346=LINE('',#8739,#1904);
#1347=LINE('',#8745,#1905);
#1348=LINE('',#8748,#1906);
#1349=LINE('',#8751,#1907);
#1350=LINE('',#8753,#1908);
#1351=LINE('',#8754,#1909);
#1352=LINE('',#8756,#1910);
#1353=LINE('',#8758,#1911);
#1354=LINE('',#8760,#1912);
#1355=LINE('',#8764,#1913);
#1356=LINE('',#8767,#1914);
#1357=LINE('',#8769,#1915);
#1358=LINE('',#8771,#1916);
#1359=LINE('',#8775,#1917);
#1360=LINE('',#8779,#1918);
#1361=LINE('',#8782,#1919);
#1362=LINE('',#8785,#1920);
#1363=LINE('',#8786,#1921);
#1364=LINE('',#8790,#1922);
#1365=LINE('',#8792,#1923);
#1366=LINE('',#8794,#1924);
#1367=LINE('',#8795,#1925);
#1368=LINE('',#8799,#1926);
#1369=LINE('',#8803,#1927);
#1370=LINE('',#8804,#1928);
#1371=LINE('',#8805,#1929);
#1372=LINE('',#8808,#1930);
#1373=LINE('',#8812,#1931);
#1374=LINE('',#8813,#1932);
#1375=LINE('',#8817,#1933);
#1376=LINE('',#8819,#1934);
#1377=LINE('',#8821,#1935);
#1378=LINE('',#8823,#1936);
#1379=LINE('',#8835,#1937);
#1380=LINE('',#8836,#1938);
#1381=LINE('',#8848,#1939);
#1382=LINE('',#8849,#1940);
#1383=LINE('',#8854,#1941);
#1384=LINE('',#8855,#1942);
#1385=LINE('',#8857,#1943);
#1386=LINE('',#8858,#1944);
#1387=LINE('',#8863,#1945);
#1388=LINE('',#8864,#1946);
#1389=LINE('',#8867,#1947);
#1390=LINE('',#8869,#1948);
#1391=LINE('',#8871,#1949);
#1392=LINE('',#8873,#1950);
#1393=LINE('',#8874,#1951);
#1394=LINE('',#8875,#1952);
#1395=LINE('',#8876,#1953);
#1396=LINE('',#8879,#1954);
#1397=LINE('',#8881,#1955);
#1398=LINE('',#8883,#1956);
#1399=LINE('',#8885,#1957);
#1400=LINE('',#8887,#1958);
#1401=LINE('',#8889,#1959);
#1402=LINE('',#8891,#1960);
#1403=LINE('',#8893,#1961);
#1404=LINE('',#8895,#1962);
#1405=LINE('',#8896,#1963);
#1406=LINE('',#8901,#1964);
#1407=LINE('',#8904,#1965);
#1408=LINE('',#8906,#1966);
#1409=LINE('',#8907,#1967);
#1410=LINE('',#8909,#1968);
#1411=LINE('',#8911,#1969);
#1412=LINE('',#8912,#1970);
#1413=LINE('',#8916,#1971);
#1414=LINE('',#8919,#1972);
#1415=LINE('',#8921,#1973);
#1416=LINE('',#8922,#1974);
#1417=LINE('',#8924,#1975);
#1418=LINE('',#8926,#1976);
#1419=LINE('',#8928,#1977);
#1420=LINE('',#8929,#1978);
#1421=LINE('',#8931,#1979);
#1422=LINE('',#8933,#1980);
#1423=LINE('',#8934,#1981);
#1424=LINE('',#8935,#1982);
#1425=LINE('',#8940,#1983);
#1426=LINE('',#8956,#1984);
#1427=LINE('',#8973,#1985);
#1428=LINE('',#8976,#1986);
#1429=LINE('',#8978,#1987);
#1430=LINE('',#8979,#1988);
#1431=LINE('',#8984,#1989);
#1432=LINE('',#8988,#1990);
#1433=LINE('',#8989,#1991);
#1434=LINE('',#8992,#1992);
#1435=LINE('',#8996,#1993);
#1436=LINE('',#8997,#1994);
#1437=LINE('',#9001,#1995);
#1438=LINE('',#9006,#1996);
#1439=LINE('',#9009,#1997);
#1440=LINE('',#9015,#1998);
#1441=LINE('',#9017,#1999);
#1442=LINE('',#9019,#2000);
#1443=LINE('',#9020,#2001);
#1444=LINE('',#9026,#2002);
#1445=LINE('',#9028,#2003);
#1446=LINE('',#9030,#2004);
#1447=LINE('',#9032,#2005);
#1448=LINE('',#9033,#2006);
#1449=LINE('',#9034,#2007);
#1450=LINE('',#9035,#2008);
#1451=LINE('',#9036,#2009);
#1452=LINE('',#9040,#2010);
#1453=LINE('',#9042,#2011);
#1454=LINE('',#9044,#2012);
#1455=LINE('',#9045,#2013);
#1456=LINE('',#9053,#2014);
#1457=LINE('',#9055,#2015);
#1458=LINE('',#9057,#2016);
#1459=LINE('',#9061,#2017);
#1460=LINE('',#9063,#2018);
#1461=LINE('',#9065,#2019);
#1462=LINE('',#9069,#2020);
#1463=LINE('',#9071,#2021);
#1464=LINE('',#9073,#2022);
#1465=LINE('',#9075,#2023);
#1466=LINE('',#9079,#2024);
#1467=LINE('',#9080,#2025);
#1468=LINE('',#9081,#2026);
#1469=LINE('',#9088,#2027);
#1470=LINE('',#9089,#2028);
#1471=LINE('',#9090,#2029);
#1472=LINE('',#9097,#2030);
#1473=LINE('',#9098,#2031);
#1474=LINE('',#9099,#2032);
#1475=LINE('',#9103,#2033);
#1476=LINE('',#9107,#2034);
#1477=LINE('',#9108,#2035);
#1478=LINE('',#9109,#2036);
#1479=LINE('',#9111,#2037);
#1480=LINE('',#9113,#2038);
#1481=LINE('',#9114,#2039);
#1482=LINE('',#9118,#2040);
#1483=LINE('',#9119,#2041);
#1484=LINE('',#9120,#2042);
#1485=LINE('',#9127,#2043);
#1486=LINE('',#9128,#2044);
#1487=LINE('',#9129,#2045);
#1488=LINE('',#9136,#2046);
#1489=LINE('',#9137,#2047);
#1490=LINE('',#9138,#2048);
#1491=LINE('',#9143,#2049);
#1492=LINE('',#9144,#2050);
#1493=LINE('',#9148,#2051);
#1494=LINE('',#9150,#2052);
#1495=LINE('',#9154,#2053);
#1496=LINE('',#9156,#2054);
#1497=LINE('',#9160,#2055);
#1498=LINE('',#9162,#2056);
#1499=LINE('',#9170,#2057);
#1500=LINE('',#9175,#2058);
#1501=LINE('',#9179,#2059);
#1502=LINE('',#9183,#2060);
#1503=LINE('',#9187,#2061);
#1504=LINE('',#9207,#2062);
#1505=LINE('',#9211,#2063);
#1506=LINE('',#9234,#2064);
#1507=LINE('',#9235,#2065);
#1508=LINE('',#9236,#2066);
#1509=LINE('',#9237,#2067);
#1510=LINE('',#9239,#2068);
#1511=LINE('',#9241,#2069);
#1512=LINE('',#9243,#2070);
#1513=LINE('',#9244,#2071);
#1514=LINE('',#9248,#2072);
#1515=LINE('',#9249,#2073);
#1516=LINE('',#9251,#2074);
#1517=LINE('',#9253,#2075);
#1518=LINE('',#9256,#2076);
#1519=LINE('',#9258,#2077);
#1520=LINE('',#9260,#2078);
#1521=LINE('',#9263,#2079);
#1522=LINE('',#9267,#2080);
#1523=LINE('',#9269,#2081);
#1524=LINE('',#9271,#2082);
#1525=LINE('',#9290,#2083);
#1526=LINE('',#9296,#2084);
#1527=LINE('',#9301,#2085);
#1528=LINE('',#9307,#2086);
#1529=LINE('',#9312,#2087);
#1530=LINE('',#9314,#2088);
#1531=LINE('',#9316,#2089);
#1532=LINE('',#9317,#2090);
#1533=LINE('',#9321,#2091);
#1534=LINE('',#9323,#2092);
#1535=LINE('',#9325,#2093);
#1536=LINE('',#9326,#2094);
#1537=LINE('',#9330,#2095);
#1538=LINE('',#9332,#2096);
#1539=LINE('',#9334,#2097);
#1540=LINE('',#9335,#2098);
#1541=LINE('',#9339,#2099);
#1542=LINE('',#9341,#2100);
#1543=LINE('',#9343,#2101);
#1544=LINE('',#9344,#2102);
#1545=LINE('',#9348,#2103);
#1546=LINE('',#9350,#2104);
#1547=LINE('',#9352,#2105);
#1548=LINE('',#9353,#2106);
#1549=LINE('',#9357,#2107);
#1550=LINE('',#9359,#2108);
#1551=LINE('',#9361,#2109);
#1552=LINE('',#9362,#2110);
#1553=LINE('',#9366,#2111);
#1554=LINE('',#9368,#2112);
#1555=LINE('',#9370,#2113);
#1556=LINE('',#9371,#2114);
#1557=LINE('',#9375,#2115);
#1558=LINE('',#9377,#2116);
#1559=LINE('',#9379,#2117);
#1560=LINE('',#9380,#2118);
#1561=LINE('',#9384,#2119);
#1562=LINE('',#9386,#2120);
#1563=LINE('',#9388,#2121);
#1564=LINE('',#9389,#2122);
#1565=LINE('',#9393,#2123);
#1566=LINE('',#9395,#2124);
#1567=LINE('',#9397,#2125);
#1568=LINE('',#9398,#2126);
#1569=LINE('',#9401,#2127);
#1570=LINE('',#9403,#2128);
#1571=LINE('',#9404,#2129);
#1572=LINE('',#9407,#2130);
#1573=LINE('',#9409,#2131);
#1574=LINE('',#9410,#2132);
#1575=LINE('',#9412,#2133);
#1576=LINE('',#9413,#2134);
#1577=LINE('',#9414,#2135);
#1578=LINE('',#9416,#2136);
#1579=LINE('',#9418,#2137);
#1580=LINE('',#9419,#2138);
#1581=LINE('',#9420,#2139);
#1582=LINE('',#9422,#2140);
#1583=LINE('',#9424,#2141);
#1584=LINE('',#9428,#2142);
#1585=LINE('',#9429,#2143);
#1586=LINE('',#9432,#2144);
#1587=LINE('',#9434,#2145);
#1588=LINE('',#9435,#2146);
#1589=LINE('',#9438,#2147);
#1590=LINE('',#9440,#2148);
#1591=LINE('',#9441,#2149);
#1592=LINE('',#9443,#2150);
#1593=LINE('',#9444,#2151);
#1594=LINE('',#9446,#2152);
#1595=LINE('',#9448,#2153);
#1596=LINE('',#9449,#2154);
#1597=LINE('',#9451,#2155);
#1598=LINE('',#9453,#2156);
#1599=LINE('',#9457,#2157);
#1600=LINE('',#9458,#2158);
#1601=LINE('',#9459,#2159);
#1602=LINE('',#9461,#2160);
#1603=LINE('',#9462,#2161);
#1604=LINE('',#9464,#2162);
#1605=LINE('',#9470,#2163);
#1606=LINE('',#9473,#2164);
#1607=LINE('',#9476,#2165);
#1608=LINE('',#9480,#2166);
#1609=LINE('',#9482,#2167);
#1610=LINE('',#9483,#2168);
#1611=LINE('',#9486,#2169);
#1612=LINE('',#9487,#2170);
#1613=LINE('',#9491,#2171);
#1614=LINE('',#9494,#2172);
#1615=LINE('',#9496,#2173);
#1616=LINE('',#9497,#2174);
#1617=LINE('',#9500,#2175);
#1618=LINE('',#9502,#2176);
#1619=LINE('',#9503,#2177);
#1620=LINE('',#9506,#2178);
#1621=LINE('',#9507,#2179);
#1622=LINE('',#9510,#2180);
#1623=LINE('',#9511,#2181);
#1624=LINE('',#9513,#2182);
#1625=LINE('',#9514,#2183);
#1626=LINE('',#9516,#2184);
#1627=LINE('',#9525,#2185);
#1628=LINE('',#9528,#2186);
#1629=LINE('',#9531,#2187);
#1630=LINE('',#9533,#2188);
#1631=LINE('',#9535,#2189);
#1632=LINE('',#9539,#2190);
#1633=LINE('',#9540,#2191);
#1634=LINE('',#9543,#2192);
#1635=LINE('',#9544,#2193);
#1636=LINE('',#9550,#2194);
#1637=LINE('',#9553,#2195);
#1638=LINE('',#9572,#2196);
#1639=LINE('',#9573,#2197);
#1640=LINE('',#9576,#2198);
#1641=LINE('',#9578,#2199);
#1642=LINE('',#9582,#2200);
#1643=LINE('',#9584,#2201);
#1644=LINE('',#9585,#2202);
#1645=LINE('',#9588,#2203);
#1646=LINE('',#9589,#2204);
#1647=LINE('',#9592,#2205);
#1648=LINE('',#9596,#2206);
#1649=LINE('',#9597,#2207);
#1650=LINE('',#9603,#2208);
#1651=LINE('',#9606,#2209);
#1652=LINE('',#9625,#2210);
#1653=LINE('',#9626,#2211);
#1654=LINE('',#9629,#2212);
#1655=LINE('',#9631,#2213);
#1656=LINE('',#9635,#2214);
#1657=LINE('',#9637,#2215);
#1658=LINE('',#9638,#2216);
#1659=LINE('',#9641,#2217);
#1660=LINE('',#9642,#2218);
#1661=LINE('',#9645,#2219);
#1662=LINE('',#9649,#2220);
#1663=LINE('',#9650,#2221);
#1664=LINE('',#9653,#2222);
#1665=LINE('',#9655,#2223);
#1666=LINE('',#9659,#2224);
#1667=LINE('',#9660,#2225);
#1668=LINE('',#9662,#2226);
#1669=LINE('',#9665,#2227);
#1670=LINE('',#9667,#2228);
#1671=LINE('',#9668,#2229);
#1672=LINE('',#9671,#2230);
#1673=LINE('',#9674,#2231);
#1674=LINE('',#9677,#2232);
#1675=LINE('',#9678,#2233);
#1676=LINE('',#9682,#2234);
#1677=LINE('',#9685,#2235);
#1678=LINE('',#9686,#2236);
#1679=LINE('',#9689,#2237);
#1680=LINE('',#9693,#2238);
#1681=LINE('',#9694,#2239);
#1682=LINE('',#9698,#2240);
#1683=LINE('',#9700,#2241);
#1684=LINE('',#9702,#2242);
#1685=LINE('',#9703,#2243);
#1686=LINE('',#9706,#2244);
#1687=LINE('',#9708,#2245);
#1688=LINE('',#9709,#2246);
#1689=LINE('',#9712,#2247);
#1690=LINE('',#9714,#2248);
#1691=LINE('',#9715,#2249);
#1692=LINE('',#9721,#2250);
#1693=LINE('',#9724,#2251);
#1694=LINE('',#9726,#2252);
#1695=LINE('',#9727,#2253);
#1696=LINE('',#9734,#2254);
#1697=LINE('',#9736,#2255);
#1698=LINE('',#9740,#2256);
#1699=LINE('',#9743,#2257);
#1700=LINE('',#9749,#2258);
#1701=LINE('',#9752,#2259);
#1702=LINE('',#9758,#2260);
#1703=LINE('',#9759,#2261);
#1704=LINE('',#9764,#2262);
#1705=LINE('',#9765,#2263);
#1706=LINE('',#9771,#2264);
#1707=LINE('',#9774,#2265);
#1708=LINE('',#9777,#2266);
#1709=LINE('',#9779,#2267);
#1710=LINE('',#9785,#2268);
#1711=LINE('',#9789,#2269);
#1712=LINE('',#9791,#2270);
#1713=LINE('',#9792,#2271);
#1714=LINE('',#9793,#2272);
#1715=LINE('',#9794,#2273);
#1716=LINE('',#9796,#2274);
#1717=LINE('',#9797,#2275);
#1718=LINE('',#9798,#2276);
#1719=LINE('',#9802,#2277);
#1720=LINE('',#9805,#2278);
#1721=LINE('',#9807,#2279);
#1722=LINE('',#9809,#2280);
#1723=LINE('',#9813,#2281);
#1724=LINE('',#9814,#2282);
#1725=LINE('',#9816,#2283);
#1726=LINE('',#9820,#2284);
#1727=LINE('',#9821,#2285);
#1728=LINE('',#9823,#2286);
#1729=LINE('',#9825,#2287);
#1730=LINE('',#9827,#2288);
#1731=LINE('',#9829,#2289);
#1732=VECTOR('',#6116,10.);
#1733=VECTOR('',#6117,10.);
#1734=VECTOR('',#6118,10.);
#1735=VECTOR('',#6119,10.);
#1736=VECTOR('',#6120,10.);
#1737=VECTOR('',#6121,10.);
#1738=VECTOR('',#6122,10.);
#1739=VECTOR('',#6123,10.);
#1740=VECTOR('',#6124,10.);
#1741=VECTOR('',#6125,10.);
#1742=VECTOR('',#6128,10.);
#1743=VECTOR('',#6129,10.);
#1744=VECTOR('',#6130,10.);
#1745=VECTOR('',#6131,10.);
#1746=VECTOR('',#6132,10.);
#1747=VECTOR('',#6133,10.);
#1748=VECTOR('',#6134,10.);
#1749=VECTOR('',#6135,10.);
#1750=VECTOR('',#6136,10.);
#1751=VECTOR('',#6137,10.);
#1752=VECTOR('',#6138,10.);
#1753=VECTOR('',#6141,10.);
#1754=VECTOR('',#6142,10.);
#1755=VECTOR('',#6143,10.);
#1756=VECTOR('',#6146,10.);
#1757=VECTOR('',#6147,10.);
#1758=VECTOR('',#6148,10.);
#1759=VECTOR('',#6151,10.);
#1760=VECTOR('',#6152,10.);
#1761=VECTOR('',#6157,10.);
#1762=VECTOR('',#6158,10.);
#1763=VECTOR('',#6159,10.);
#1764=VECTOR('',#6160,10.);
#1765=VECTOR('',#6161,10.);
#1766=VECTOR('',#6162,10.);
#1767=VECTOR('',#6165,10.);
#1768=VECTOR('',#6166,10.);
#1769=VECTOR('',#6167,10.);
#1770=VECTOR('',#6168,10.);
#1771=VECTOR('',#6171,10.);
#1772=VECTOR('',#6172,10.);
#1773=VECTOR('',#6173,10.);
#1774=VECTOR('',#6176,10.);
#1775=VECTOR('',#6177,10.);
#1776=VECTOR('',#6178,10.);
#1777=VECTOR('',#6181,10.);
#1778=VECTOR('',#6182,10.);
#1779=VECTOR('',#6189,10.);
#1780=VECTOR('',#6192,10.);
#1781=VECTOR('',#6195,10.);
#1782=VECTOR('',#6196,10.);
#1783=VECTOR('',#6197,10.);
#1784=VECTOR('',#6202,10.);
#1785=VECTOR('',#6205,10.);
#1786=VECTOR('',#6208,10.);
#1787=VECTOR('',#6209,10.);
#1788=VECTOR('',#6214,10.);
#1789=VECTOR('',#6219,10.);
#1790=VECTOR('',#6220,10.);
#1791=VECTOR('',#6221,10.);
#1792=VECTOR('',#6226,10.);
#1793=VECTOR('',#6231,10.);
#1794=VECTOR('',#6232,10.);
#1795=VECTOR('',#6237,2.6);
#1796=VECTOR('',#6244,2.6);
#1797=VECTOR('',#6251,2.6);
#1798=VECTOR('',#6258,2.6);
#1799=VECTOR('',#6263,10.);
#1800=VECTOR('',#6264,10.);
#1801=VECTOR('',#6265,10.);
#1802=VECTOR('',#6266,10.);
#1803=VECTOR('',#6269,10.);
#1804=VECTOR('',#6270,10.);
#1805=VECTOR('',#6271,10.);
#1806=VECTOR('',#6272,10.);
#1807=VECTOR('',#6277,10.);
#1808=VECTOR('',#6282,10.);
#1809=VECTOR('',#6283,10.);
#1810=VECTOR('',#6284,10.);
#1811=VECTOR('',#6289,10.);
#1812=VECTOR('',#6294,10.);
#1813=VECTOR('',#6295,10.);
#1814=VECTOR('',#6296,10.);
#1815=VECTOR('',#6323,10.);
#1816=VECTOR('',#6326,10.);
#1817=VECTOR('',#6327,10.);
#1818=VECTOR('',#6328,10.);
#1819=VECTOR('',#6331,10.);
#1820=VECTOR('',#6334,10.);
#1821=VECTOR('',#6335,10.);
#1822=VECTOR('',#6336,10.);
#1823=VECTOR('',#6337,10.);
#1824=VECTOR('',#6338,10.);
#1825=VECTOR('',#6339,10.);
#1826=VECTOR('',#6340,10.);
#1827=VECTOR('',#6341,10.);
#1828=VECTOR('',#6362,10.);
#1829=VECTOR('',#6363,10.);
#1830=VECTOR('',#6368,10.);
#1831=VECTOR('',#6369,10.);
#1832=VECTOR('',#6370,10.);
#1833=VECTOR('',#6371,10.);
#1834=VECTOR('',#6372,10.);
#1835=VECTOR('',#6375,10.);
#1836=VECTOR('',#6378,10.);
#1837=VECTOR('',#6381,10.);
#1838=VECTOR('',#6384,10.);
#1839=VECTOR('',#6387,10.);
#1840=VECTOR('',#6390,10.);
#1841=VECTOR('',#6393,10.);
#1842=VECTOR('',#6396,10.);
#1843=VECTOR('',#6399,10.);
#1844=VECTOR('',#6402,10.);
#1845=VECTOR('',#6407,10.);
#1846=VECTOR('',#6410,10.);
#1847=VECTOR('',#6413,10.);
#1848=VECTOR('',#6416,10.);
#1849=VECTOR('',#6419,10.);
#1850=VECTOR('',#6424,10.);
#1851=VECTOR('',#6427,10.);
#1852=VECTOR('',#6430,10.);
#1853=VECTOR('',#6431,10.);
#1854=VECTOR('',#6432,10.);
#1855=VECTOR('',#6433,10.);
#1856=VECTOR('',#6434,10.);
#1857=VECTOR('',#6435,10.);
#1858=VECTOR('',#6436,10.);
#1859=VECTOR('',#6441,10.);
#1860=VECTOR('',#6444,10.);
#1861=VECTOR('',#6447,10.);
#1862=VECTOR('',#6448,10.);
#1863=VECTOR('',#6449,10.);
#1864=VECTOR('',#6450,10.);
#1865=VECTOR('',#6451,10.);
#1866=VECTOR('',#6452,10.);
#1867=VECTOR('',#6453,10.);
#1868=VECTOR('',#6458,10.);
#1869=VECTOR('',#6461,10.);
#1870=VECTOR('',#6464,10.);
#1871=VECTOR('',#6465,10.);
#1872=VECTOR('',#6466,10.);
#1873=VECTOR('',#6471,10.);
#1874=VECTOR('',#6474,10.);
#1875=VECTOR('',#6477,10.);
#1876=VECTOR('',#6478,10.);
#1877=VECTOR('',#6479,10.);
#1878=VECTOR('',#6482,10.);
#1879=VECTOR('',#6483,10.);
#1880=VECTOR('',#6486,10.);
#1881=VECTOR('',#6487,10.);
#1882=VECTOR('',#6490,10.);
#1883=VECTOR('',#6493,10.);
#1884=VECTOR('',#6494,10.);
#1885=VECTOR('',#6495,10.);
#1886=VECTOR('',#6498,10.);
#1887=VECTOR('',#6505,10.);
#1888=VECTOR('',#6510,10.);
#1889=VECTOR('',#6511,10.);
#1890=VECTOR('',#6514,10.);
#1891=VECTOR('',#6515,10.);
#1892=VECTOR('',#6518,10.);
#1893=VECTOR('',#6521,10.);
#1894=VECTOR('',#6524,10.);
#1895=VECTOR('',#6525,10.);
#1896=VECTOR('',#6530,10.);
#1897=VECTOR('',#6533,10.);
#1898=VECTOR('',#6536,10.);
#1899=VECTOR('',#6537,10.);
#1900=VECTOR('',#6538,10.);
#1901=VECTOR('',#6543,10.);
#1902=VECTOR('',#6548,10.);
#1903=VECTOR('',#6549,10.);
#1904=VECTOR('',#6550,10.);
#1905=VECTOR('',#6555,10.);
#1906=VECTOR('',#6558,10.);
#1907=VECTOR('',#6561,10.);
#1908=VECTOR('',#6562,10.);
#1909=VECTOR('',#6563,10.);
#1910=VECTOR('',#6566,10.);
#1911=VECTOR('',#6567,10.);
#1912=VECTOR('',#6568,10.);
#1913=VECTOR('',#6571,10.);
#1914=VECTOR('',#6574,10.);
#1915=VECTOR('',#6575,10.);
#1916=VECTOR('',#6576,10.);
#1917=VECTOR('',#6579,10.);
#1918=VECTOR('',#6584,10.);
#1919=VECTOR('',#6587,10.);
#1920=VECTOR('',#6590,10.);
#1921=VECTOR('',#6591,10.);
#1922=VECTOR('',#6596,10.);
#1923=VECTOR('',#6599,10.);
#1924=VECTOR('',#6600,10.);
#1925=VECTOR('',#6601,10.);
#1926=VECTOR('',#6604,10.);
#1927=VECTOR('',#6607,10.);
#1928=VECTOR('',#6608,10.);
#1929=VECTOR('',#6609,10.);
#1930=VECTOR('',#6612,10.);
#1931=VECTOR('',#6617,10.);
#1932=VECTOR('',#6618,10.);
#1933=VECTOR('',#6623,10.);
#1934=VECTOR('',#6626,10.);
#1935=VECTOR('',#6629,10.);
#1936=VECTOR('',#6632,10.);
#1937=VECTOR('',#6645,10.);
#1938=VECTOR('',#6646,10.);
#1939=VECTOR('',#6659,10.);
#1940=VECTOR('',#6660,10.);
#1941=VECTOR('',#6665,10.);
#1942=VECTOR('',#6666,10.);
#1943=VECTOR('',#6669,10.);
#1944=VECTOR('',#6670,10.);
#1945=VECTOR('',#6675,10.);
#1946=VECTOR('',#6676,10.);
#1947=VECTOR('',#6679,10.);
#1948=VECTOR('',#6680,10.);
#1949=VECTOR('',#6681,10.);
#1950=VECTOR('',#6682,10.);
#1951=VECTOR('',#6683,10.);
#1952=VECTOR('',#6684,10.);
#1953=VECTOR('',#6685,10.);
#1954=VECTOR('',#6686,10.);
#1955=VECTOR('',#6687,10.);
#1956=VECTOR('',#6688,10.);
#1957=VECTOR('',#6689,10.);
#1958=VECTOR('',#6690,10.);
#1959=VECTOR('',#6691,10.);
#1960=VECTOR('',#6692,10.);
#1961=VECTOR('',#6693,10.);
#1962=VECTOR('',#6694,10.);
#1963=VECTOR('',#6695,10.);
#1964=VECTOR('',#6700,10.);
#1965=VECTOR('',#6703,10.);
#1966=VECTOR('',#6704,10.);
#1967=VECTOR('',#6705,10.);
#1968=VECTOR('',#6706,10.);
#1969=VECTOR('',#6707,10.);
#1970=VECTOR('',#6708,10.);
#1971=VECTOR('',#6711,10.);
#1972=VECTOR('',#6714,10.);
#1973=VECTOR('',#6715,10.);
#1974=VECTOR('',#6716,10.);
#1975=VECTOR('',#6719,10.);
#1976=VECTOR('',#6720,10.);
#1977=VECTOR('',#6721,10.);
#1978=VECTOR('',#6722,10.);
#1979=VECTOR('',#6723,10.);
#1980=VECTOR('',#6724,10.);
#1981=VECTOR('',#6725,10.);
#1982=VECTOR('',#6726,10.);
#1983=VECTOR('',#6731,10.);
#1984=VECTOR('',#6740,10.);
#1985=VECTOR('',#6751,10.);
#1986=VECTOR('',#6754,10.);
#1987=VECTOR('',#6755,10.);
#1988=VECTOR('',#6756,10.);
#1989=VECTOR('',#6761,10.);
#1990=VECTOR('',#6766,10.);
#1991=VECTOR('',#6767,10.);
#1992=VECTOR('',#6770,10.);
#1993=VECTOR('',#6775,10.);
#1994=VECTOR('',#6776,10.);
#1995=VECTOR('',#6779,10.);
#1996=VECTOR('',#6784,10.);
#1997=VECTOR('',#6789,10.);
#1998=VECTOR('',#6794,10.);
#1999=VECTOR('',#6795,10.);
#2000=VECTOR('',#6796,10.);
#2001=VECTOR('',#6797,10.);
#2002=VECTOR('',#6804,10.);
#2003=VECTOR('',#6807,10.);
#2004=VECTOR('',#6808,10.);
#2005=VECTOR('',#6809,10.);
#2006=VECTOR('',#6810,10.);
#2007=VECTOR('',#6811,10.);
#2008=VECTOR('',#6812,10.);
#2009=VECTOR('',#6813,10.);
#2010=VECTOR('',#6816,10.);
#2011=VECTOR('',#6817,10.);
#2012=VECTOR('',#6818,10.);
#2013=VECTOR('',#6819,10.);
#2014=VECTOR('',#6830,10.);
#2015=VECTOR('',#6831,10.);
#2016=VECTOR('',#6832,10.);
#2017=VECTOR('',#6835,10.);
#2018=VECTOR('',#6836,10.);
#2019=VECTOR('',#6837,10.);
#2020=VECTOR('',#6840,10.);
#2021=VECTOR('',#6841,10.);
#2022=VECTOR('',#6842,10.);
#2023=VECTOR('',#6845,10.);
#2024=VECTOR('',#6848,10.);
#2025=VECTOR('',#6849,10.);
#2026=VECTOR('',#6850,10.);
#2027=VECTOR('',#6859,10.);
#2028=VECTOR('',#6860,10.);
#2029=VECTOR('',#6861,10.);
#2030=VECTOR('',#6870,10.);
#2031=VECTOR('',#6871,10.);
#2032=VECTOR('',#6872,10.);
#2033=VECTOR('',#6875,10.);
#2034=VECTOR('',#6882,10.);
#2035=VECTOR('',#6883,10.);
#2036=VECTOR('',#6884,10.);
#2037=VECTOR('',#6885,10.);
#2038=VECTOR('',#6886,10.);
#2039=VECTOR('',#6887,10.);
#2040=VECTOR('',#6890,10.);
#2041=VECTOR('',#6891,10.);
#2042=VECTOR('',#6892,10.);
#2043=VECTOR('',#6901,10.);
#2044=VECTOR('',#6902,10.);
#2045=VECTOR('',#6903,10.);
#2046=VECTOR('',#6912,10.);
#2047=VECTOR('',#6913,10.);
#2048=VECTOR('',#6914,10.);
#2049=VECTOR('',#6923,10.);
#2050=VECTOR('',#6924,10.);
#2051=VECTOR('',#6931,10.);
#2052=VECTOR('',#6934,10.);
#2053=VECTOR('',#6941,10.);
#2054=VECTOR('',#6944,10.);
#2055=VECTOR('',#6951,10.);
#2056=VECTOR('',#6954,10.);
#2057=VECTOR('',#6965,10.);
#2058=VECTOR('',#6970,10.);
#2059=VECTOR('',#6977,10.);
#2060=VECTOR('',#6980,10.);
#2061=VECTOR('',#6983,10.);
#2062=VECTOR('',#6988,10.);
#2063=VECTOR('',#6991,10.);
#2064=VECTOR('',#7006,10.);
#2065=VECTOR('',#7007,10.);
#2066=VECTOR('',#7008,10.);
#2067=VECTOR('',#7009,10.);
#2068=VECTOR('',#7012,10.);
#2069=VECTOR('',#7015,10.);
#2070=VECTOR('',#7018,10.);
#2071=VECTOR('',#7019,10.);
#2072=VECTOR('',#7026,10.);
#2073=VECTOR('',#7027,10.);
#2074=VECTOR('',#7030,10.);
#2075=VECTOR('',#7033,10.);
#2076=VECTOR('',#7038,10.);
#2077=VECTOR('',#7041,10.);
#2078=VECTOR('',#7044,10.);
#2079=VECTOR('',#7049,10.);
#2080=VECTOR('',#7056,10.);
#2081=VECTOR('',#7059,10.);
#2082=VECTOR('',#7062,10.);
#2083=VECTOR('',#7089,3.25);
#2084=VECTOR('',#7096,3.25);
#2085=VECTOR('',#7103,2.25);
#2086=VECTOR('',#7110,2.25);
#2087=VECTOR('',#7115,10.);
#2088=VECTOR('',#7116,10.);
#2089=VECTOR('',#7117,10.);
#2090=VECTOR('',#7118,10.);
#2091=VECTOR('',#7121,10.);
#2092=VECTOR('',#7122,10.);
#2093=VECTOR('',#7123,10.);
#2094=VECTOR('',#7124,10.);
#2095=VECTOR('',#7127,10.);
#2096=VECTOR('',#7128,10.);
#2097=VECTOR('',#7129,10.);
#2098=VECTOR('',#7130,10.);
#2099=VECTOR('',#7133,10.);
#2100=VECTOR('',#7134,10.);
#2101=VECTOR('',#7135,10.);
#2102=VECTOR('',#7136,10.);
#2103=VECTOR('',#7139,10.);
#2104=VECTOR('',#7140,10.);
#2105=VECTOR('',#7141,10.);
#2106=VECTOR('',#7142,10.);
#2107=VECTOR('',#7145,10.);
#2108=VECTOR('',#7146,10.);
#2109=VECTOR('',#7147,10.);
#2110=VECTOR('',#7148,10.);
#2111=VECTOR('',#7151,10.);
#2112=VECTOR('',#7152,10.);
#2113=VECTOR('',#7153,10.);
#2114=VECTOR('',#7154,10.);
#2115=VECTOR('',#7157,10.);
#2116=VECTOR('',#7158,10.);
#2117=VECTOR('',#7159,10.);
#2118=VECTOR('',#7160,10.);
#2119=VECTOR('',#7163,10.);
#2120=VECTOR('',#7164,10.);
#2121=VECTOR('',#7165,10.);
#2122=VECTOR('',#7166,10.);
#2123=VECTOR('',#7169,10.);
#2124=VECTOR('',#7170,10.);
#2125=VECTOR('',#7171,10.);
#2126=VECTOR('',#7172,10.);
#2127=VECTOR('',#7175,10.);
#2128=VECTOR('',#7176,10.);
#2129=VECTOR('',#7177,10.);
#2130=VECTOR('',#7180,10.);
#2131=VECTOR('',#7181,10.);
#2132=VECTOR('',#7182,10.);
#2133=VECTOR('',#7185,10.);
#2134=VECTOR('',#7186,10.);
#2135=VECTOR('',#7187,10.);
#2136=VECTOR('',#7190,10.);
#2137=VECTOR('',#7193,10.);
#2138=VECTOR('',#7194,10.);
#2139=VECTOR('',#7195,10.);
#2140=VECTOR('',#7198,10.);
#2141=VECTOR('',#7201,10.);
#2142=VECTOR('',#7208,10.);
#2143=VECTOR('',#7209,10.);
#2144=VECTOR('',#7212,10.);
#2145=VECTOR('',#7213,10.);
#2146=VECTOR('',#7214,10.);
#2147=VECTOR('',#7217,10.);
#2148=VECTOR('',#7218,10.);
#2149=VECTOR('',#7219,10.);
#2150=VECTOR('',#7222,10.);
#2151=VECTOR('',#7223,10.);
#2152=VECTOR('',#7226,10.);
#2153=VECTOR('',#7229,10.);
#2154=VECTOR('',#7230,10.);
#2155=VECTOR('',#7233,10.);
#2156=VECTOR('',#7236,10.);
#2157=VECTOR('',#7241,10.);
#2158=VECTOR('',#7242,10.);
#2159=VECTOR('',#7243,10.);
#2160=VECTOR('',#7246,10.);
#2161=VECTOR('',#7247,10.);
#2162=VECTOR('',#7250,10.);
#2163=VECTOR('',#7255,10.);
#2164=VECTOR('',#7258,10.);
#2165=VECTOR('',#7261,10.);
#2166=VECTOR('',#7264,10.);
#2167=VECTOR('',#7265,10.);
#2168=VECTOR('',#7266,10.);
#2169=VECTOR('',#7269,10.);
#2170=VECTOR('',#7270,10.);
#2171=VECTOR('',#7275,10.);
#2172=VECTOR('',#7278,10.);
#2173=VECTOR('',#7279,10.);
#2174=VECTOR('',#7280,10.);
#2175=VECTOR('',#7283,10.);
#2176=VECTOR('',#7284,10.);
#2177=VECTOR('',#7285,10.);
#2178=VECTOR('',#7288,10.);
#2179=VECTOR('',#7289,10.);
#2180=VECTOR('',#7292,10.);
#2181=VECTOR('',#7293,10.);
#2182=VECTOR('',#7296,10.);
#2183=VECTOR('',#7297,10.);
#2184=VECTOR('',#7300,10.);
#2185=VECTOR('',#7311,10.);
#2186=VECTOR('',#7314,10.);
#2187=VECTOR('',#7317,10.);
#2188=VECTOR('',#7318,10.);
#2189=VECTOR('',#7319,10.);
#2190=VECTOR('',#7322,10.);
#2191=VECTOR('',#7323,10.);
#2192=VECTOR('',#7326,10.);
#2193=VECTOR('',#7327,10.);
#2194=VECTOR('',#7332,10.);
#2195=VECTOR('',#7335,10.);
#2196=VECTOR('',#7346,10.);
#2197=VECTOR('',#7347,10.);
#2198=VECTOR('',#7350,10.);
#2199=VECTOR('',#7351,10.);
#2200=VECTOR('',#7354,10.);
#2201=VECTOR('',#7355,10.);
#2202=VECTOR('',#7356,10.);
#2203=VECTOR('',#7359,10.);
#2204=VECTOR('',#7360,10.);
#2205=VECTOR('',#7363,10.);
#2206=VECTOR('',#7368,10.);
#2207=VECTOR('',#7369,10.);
#2208=VECTOR('',#7374,10.);
#2209=VECTOR('',#7377,10.);
#2210=VECTOR('',#7388,10.);
#2211=VECTOR('',#7389,10.);
#2212=VECTOR('',#7392,10.);
#2213=VECTOR('',#7393,10.);
#2214=VECTOR('',#7396,10.);
#2215=VECTOR('',#7397,10.);
#2216=VECTOR('',#7398,10.);
#2217=VECTOR('',#7401,10.);
#2218=VECTOR('',#7402,10.);
#2219=VECTOR('',#7405,10.);
#2220=VECTOR('',#7410,10.);
#2221=VECTOR('',#7411,10.);
#2222=VECTOR('',#7414,10.);
#2223=VECTOR('',#7415,10.);
#2224=VECTOR('',#7418,10.);
#2225=VECTOR('',#7419,10.);
#2226=VECTOR('',#7422,10.);
#2227=VECTOR('',#7425,10.);
#2228=VECTOR('',#7426,10.);
#2229=VECTOR('',#7427,10.);
#2230=VECTOR('',#7430,10.);
#2231=VECTOR('',#7435,10.);
#2232=VECTOR('',#7438,10.);
#2233=VECTOR('',#7439,10.);
#2234=VECTOR('',#7444,10.);
#2235=VECTOR('',#7447,10.);
#2236=VECTOR('',#7448,10.);
#2237=VECTOR('',#7451,10.);
#2238=VECTOR('',#7454,10.);
#2239=VECTOR('',#7455,10.);
#2240=VECTOR('',#7458,10.);
#2241=VECTOR('',#7459,10.);
#2242=VECTOR('',#7460,10.);
#2243=VECTOR('',#7461,10.);
#2244=VECTOR('',#7464,10.);
#2245=VECTOR('',#7465,10.);
#2246=VECTOR('',#7466,10.);
#2247=VECTOR('',#7469,10.);
#2248=VECTOR('',#7470,10.);
#2249=VECTOR('',#7471,10.);
#2250=VECTOR('',#7478,10.);
#2251=VECTOR('',#7481,10.);
#2252=VECTOR('',#7482,10.);
#2253=VECTOR('',#7483,10.);
#2254=VECTOR('',#7492,10.);
#2255=VECTOR('',#7493,10.);
#2256=VECTOR('',#7496,10.);
#2257=VECTOR('',#7499,10.);
#2258=VECTOR('',#7504,10.);
#2259=VECTOR('',#7507,10.);
#2260=VECTOR('',#7516,10.);
#2261=VECTOR('',#7517,10.);
#2262=VECTOR('',#7522,10.);
#2263=VECTOR('',#7523,10.);
#2264=VECTOR('',#7532,10.);
#2265=VECTOR('',#7535,10.);
#2266=VECTOR('',#7538,10.);
#2267=VECTOR('',#7541,10.);
#2268=VECTOR('',#7546,10.);
#2269=VECTOR('',#7549,10.);
#2270=VECTOR('',#7550,10.);
#2271=VECTOR('',#7551,10.);
#2272=VECTOR('',#7552,10.);
#2273=VECTOR('',#7553,10.);
#2274=VECTOR('',#7554,10.);
#2275=VECTOR('',#7555,10.);
#2276=VECTOR('',#7556,10.);
#2277=VECTOR('',#7561,10.);
#2278=VECTOR('',#7566,10.);
#2279=VECTOR('',#7569,10.);
#2280=VECTOR('',#7572,10.);
#2281=VECTOR('',#7577,10.);
#2282=VECTOR('',#7578,10.);
#2283=VECTOR('',#7581,10.);
#2284=VECTOR('',#7588,10.);
#2285=VECTOR('',#7589,10.);
#2286=VECTOR('',#7592,10.);
#2287=VECTOR('',#7595,10.);
#2288=VECTOR('',#7598,10.);
#2289=VECTOR('',#7601,10.);
#2290=B_SPLINE_CURVE_WITH_KNOTS('',3,(#7619,#7620,#7621,#7622,#7623),
 .UNSPECIFIED.,.F.,.F.,(4,1,4),(0.,0.099441986059517,0.189500760360091),
 .UNSPECIFIED.);
#2291=B_SPLINE_CURVE_WITH_KNOTS('',3,(#7627,#7628,#7629,#7630,#7631),
 .UNSPECIFIED.,.F.,.F.,(4,1,4),(0.,0.099441986059517,0.189500760360091),
 .UNSPECIFIED.);
#2292=B_SPLINE_CURVE_WITH_KNOTS('',3,(#7644,#7645,#7646,#7647,#7648),
 .UNSPECIFIED.,.F.,.F.,(4,1,4),(0.,0.290363682401939,0.456611975531265),
 .UNSPECIFIED.);
#2293=B_SPLINE_CURVE_WITH_KNOTS('',3,(#7651,#7652,#7653,#7654,#7655),
 .UNSPECIFIED.,.F.,.F.,(4,1,4),(0.,0.290363682401939,0.456611975531265),
 .UNSPECIFIED.);
#2294=B_SPLINE_CURVE_WITH_KNOTS('',3,(#7667,#7668,#7669,#7670,#7671),
 .UNSPECIFIED.,.F.,.F.,(4,1,4),(0.,0.208470934884286,0.512721877266642),
 .UNSPECIFIED.);
#2295=B_SPLINE_CURVE_WITH_KNOTS('',3,(#7674,#7675,#7676,#7677,#7678),
 .UNSPECIFIED.,.F.,.F.,(4,1,4),(0.,0.208470934884286,0.512721877266642),
 .UNSPECIFIED.);
#2296=B_SPLINE_CURVE_WITH_KNOTS('',3,(#7690,#7691,#7692,#7693,#7694),
 .UNSPECIFIED.,.F.,.F.,(4,1,4),(0.,0.200132481089096,0.428162700138822),
 .UNSPECIFIED.);
#2297=B_SPLINE_CURVE_WITH_KNOTS('',3,(#7697,#7698,#7699,#7700,#7701),
 .UNSPECIFIED.,.F.,.F.,(4,1,4),(0.,0.200132481089096,0.428162700138822),
 .UNSPECIFIED.);
#2298=B_SPLINE_CURVE_WITH_KNOTS('',3,(#7713,#7714,#7715,#7716,#7717),
 .UNSPECIFIED.,.F.,.F.,(4,1,4),(0.,0.18951509386407,0.376341543684752),
 .UNSPECIFIED.);
#2299=B_SPLINE_CURVE_WITH_KNOTS('',3,(#7720,#7721,#7722,#7723,#7724),
 .UNSPECIFIED.,.F.,.F.,(4,1,4),(0.,0.18951509386407,0.376341543684752),
 .UNSPECIFIED.);
#2300=B_SPLINE_CURVE_WITH_KNOTS('',3,(#7736,#7737,#7738,#7739,#7740),
 .UNSPECIFIED.,.F.,.F.,(4,1,4),(0.,0.314177398161069,0.63200948702183),
 .UNSPECIFIED.);
#2301=B_SPLINE_CURVE_WITH_KNOTS('',3,(#7743,#7744,#7745,#7746,#7747),
 .UNSPECIFIED.,.F.,.F.,(4,1,4),(0.,0.314177398161069,0.63200948702183),
 .UNSPECIFIED.);
#2302=B_SPLINE_CURVE_WITH_KNOTS('',3,(#7759,#7760,#7761,#7762,#7763),
 .UNSPECIFIED.,.F.,.F.,(4,1,4),(0.,0.382705985061897,0.717498188143727),
 .UNSPECIFIED.);
#2303=B_SPLINE_CURVE_WITH_KNOTS('',3,(#7766,#7767,#7768,#7769,#7770),
 .UNSPECIFIED.,.F.,.F.,(4,1,4),(0.,0.382705985061897,0.717498188143727),
 .UNSPECIFIED.);
#2304=B_SPLINE_CURVE_WITH_KNOTS('',3,(#7782,#7783,#7784,#7785,#7786),
 .UNSPECIFIED.,.F.,.F.,(4,1,4),(0.,0.325594270687637,0.683500430070163),
 .UNSPECIFIED.);
#2305=B_SPLINE_CURVE_WITH_KNOTS('',3,(#7789,#7790,#7791,#7792,#7793),
 .UNSPECIFIED.,.F.,.F.,(4,1,4),(0.,0.325594270687637,0.683500430070163),
 .UNSPECIFIED.);
#2306=B_SPLINE_CURVE_WITH_KNOTS('',3,(#7805,#7806,#7807,#7808,#7809),
 .UNSPECIFIED.,.F.,.F.,(4,1,4),(0.,0.402071666383553,0.734485422389355),
 .UNSPECIFIED.);
#2307=B_SPLINE_CURVE_WITH_KNOTS('',3,(#7812,#7813,#7814,#7815,#7816),
 .UNSPECIFIED.,.F.,.F.,(4,1,4),(0.,0.402071666383553,0.734485422389355),
 .UNSPECIFIED.);
#2308=B_SPLINE_CURVE_WITH_KNOTS('',3,(#7834,#7835,#7836,#7837,#7838),
 .UNSPECIFIED.,.F.,.F.,(4,1,4),(0.,0.15928749225218,0.368657117445552),
 .UNSPECIFIED.);
#2309=B_SPLINE_CURVE_WITH_KNOTS('',3,(#7841,#7842,#7843,#7844,#7845),
 .UNSPECIFIED.,.F.,.F.,(4,1,4),(0.,0.15928749225218,0.368657117445552),
 .UNSPECIFIED.);
#2310=B_SPLINE_CURVE_WITH_KNOTS('',3,(#7857,#7858,#7859,#7860,#7861),
 .UNSPECIFIED.,.F.,.F.,(4,1,4),(0.,0.156452048319803,0.2986559463805),
 .UNSPECIFIED.);
#2311=B_SPLINE_CURVE_WITH_KNOTS('',3,(#7864,#7865,#7866,#7867,#7868),
 .UNSPECIFIED.,.F.,.F.,(4,1,4),(0.,0.156452048319803,0.2986559463805),
 .UNSPECIFIED.);
#2312=B_SPLINE_CURVE_WITH_KNOTS('',3,(#7880,#7881,#7882,#7883,#7884),
 .UNSPECIFIED.,.F.,.F.,(4,1,4),(0.,0.138789167632287,0.295767223012364),
 .UNSPECIFIED.);
#2313=B_SPLINE_CURVE_WITH_KNOTS('',3,(#7887,#7888,#7889,#7890,#7891),
 .UNSPECIFIED.,.F.,.F.,(4,1,4),(0.,0.138789167632287,0.295767223012364),
 .UNSPECIFIED.);
#2314=B_SPLINE_CURVE_WITH_KNOTS('',3,(#7903,#7904,#7905,#7906,#7907),
 .UNSPECIFIED.,.F.,.F.,(4,1,4),(0.,0.164215379965309,0.305076269495653),
 .UNSPECIFIED.);
#2315=B_SPLINE_CURVE_WITH_KNOTS('',3,(#7910,#7911,#7912,#7913,#7914),
 .UNSPECIFIED.,.F.,.F.,(4,1,4),(0.,0.164215379965309,0.305076269495653),
 .UNSPECIFIED.);
#2316=B_SPLINE_CURVE_WITH_KNOTS('',3,(#7926,#7927,#7928,#7929,#7930),
 .UNSPECIFIED.,.F.,.F.,(4,1,4),(0.,0.189105471937228,0.358482066501331),
 .UNSPECIFIED.);
#2317=B_SPLINE_CURVE_WITH_KNOTS('',3,(#7933,#7934,#7935,#7936,#7937),
 .UNSPECIFIED.,.F.,.F.,(4,1,4),(0.,0.189105471937228,0.358482066501331),
 .UNSPECIFIED.);
#2318=B_SPLINE_CURVE_WITH_KNOTS('',3,(#7949,#7950,#7951,#7952,#7953),
 .UNSPECIFIED.,.F.,.F.,(4,1,4),(0.,0.416788878002153,0.65385281918698),
 .UNSPECIFIED.);
#2319=B_SPLINE_CURVE_WITH_KNOTS('',3,(#7956,#7957,#7958,#7959,#7960),
 .UNSPECIFIED.,.F.,.F.,(4,1,4),(0.,0.416788878002153,0.65385281918698),
 .UNSPECIFIED.);
#2320=B_SPLINE_CURVE_WITH_KNOTS('',3,(#7972,#7973,#7974,#7975,#7976),
 .UNSPECIFIED.,.F.,.F.,(4,1,4),(0.,0.380310680601333,0.924969592514175),
 .UNSPECIFIED.);
#2321=B_SPLINE_CURVE_WITH_KNOTS('',3,(#7979,#7980,#7981,#7982,#7983),
 .UNSPECIFIED.,.F.,.F.,(4,1,4),(0.,0.380310680601333,0.924969592514175),
 .UNSPECIFIED.);
#2322=B_SPLINE_CURVE_WITH_KNOTS('',3,(#7995,#7996,#7997,#7998,#7999),
 .UNSPECIFIED.,.F.,.F.,(4,1,4),(0.,0.288349096073158,0.58257906767343),
 .UNSPECIFIED.);
#2323=B_SPLINE_CURVE_WITH_KNOTS('',3,(#8002,#8003,#8004,#8005,#8006),
 .UNSPECIFIED.,.F.,.F.,(4,1,4),(0.,0.288349096073158,0.58257906767343),
 .UNSPECIFIED.);
#2324=B_SPLINE_CURVE_WITH_KNOTS('',3,(#8043,#8044,#8045,#8046,#8047),
 .UNSPECIFIED.,.F.,.F.,(4,1,4),(0.,0.30055495828141,0.579788336696535),
 .UNSPECIFIED.);
#2325=B_SPLINE_CURVE_WITH_KNOTS('',3,(#8050,#8051,#8052,#8053,#8054),
 .UNSPECIFIED.,.F.,.F.,(4,1,4),(0.,0.30055495828141,0.579788336696535),
 .UNSPECIFIED.);
#2326=B_SPLINE_CURVE_WITH_KNOTS('',3,(#8066,#8067,#8068,#8069,#8070),
 .UNSPECIFIED.,.F.,.F.,(4,1,4),(0.,0.246160225745436,0.539501155520136),
 .UNSPECIFIED.);
#2327=B_SPLINE_CURVE_WITH_KNOTS('',3,(#8073,#8074,#8075,#8076,#8077),
 .UNSPECIFIED.,.F.,.F.,(4,1,4),(0.,0.246160225745436,0.539501155520136),
 .UNSPECIFIED.);
#2328=B_SPLINE_CURVE_WITH_KNOTS('',3,(#8095,#8096,#8097,#8098,#8099),
 .UNSPECIFIED.,.F.,.F.,(4,1,4),(0.,0.408887663357967,0.826977895594095),
 .UNSPECIFIED.);
#2329=B_SPLINE_CURVE_WITH_KNOTS('',3,(#8102,#8103,#8104,#8105,#8106),
 .UNSPECIFIED.,.F.,.F.,(4,1,4),(0.,0.408887663357967,0.826977895594095),
 .UNSPECIFIED.);
#2330=B_SPLINE_CURVE_WITH_KNOTS('',3,(#8274,#8275,#8276,#8277,#8278),
 .UNSPECIFIED.,.F.,.F.,(4,1,4),(-0.354935780803179,-0.152115334629934,-2.66729281423935E-16),
 .UNSPECIFIED.);
#2331=B_SPLINE_CURVE_WITH_KNOTS('',3,(#8279,#8280,#8281,#8282,#8283),
 .UNSPECIFIED.,.F.,.F.,(4,1,4),(2.66729281423935E-16,0.152115334629934,
0.354935780803179),.UNSPECIFIED.);
#2332=B_SPLINE_CURVE_WITH_KNOTS('',3,(#8389,#8390,#8391,#8392,#8393,#8394,
#8395,#8396,#8397,#8398),.UNSPECIFIED.,.F.,.F.,(4,2,2,2,4),(0.,0.0941969058675709,
0.188393811735142,0.283371228035031,0.378348644334921),.UNSPECIFIED.);
#2333=B_SPLINE_CURVE_WITH_KNOTS('',3,(#8402,#8403,#8404,#8405,#8406,#8407,
#8408,#8409,#8410,#8411),.UNSPECIFIED.,.F.,.F.,(4,2,2,2,4),(-0.377327825348371,
-0.282845427934501,-0.188363030520632,-0.094181515260316,0.),
 .UNSPECIFIED.);
#2334=B_SPLINE_CURVE_WITH_KNOTS('',3,(#8469,#8470,#8471,#8472,#8473,#8474,
#8475,#8476,#8477,#8478),.UNSPECIFIED.,.F.,.F.,(4,2,2,2,4),(0.,0.0941815152603159,
0.188363030520632,0.282845427934501,0.377327825348371),.UNSPECIFIED.);
#2335=B_SPLINE_CURVE_WITH_KNOTS('',3,(#8480,#8481,#8482,#8483,#8484,#8485,
#8486,#8487,#8488,#8489),.UNSPECIFIED.,.F.,.F.,(4,2,2,2,4),(-0.378348644334921,
-0.283371228035031,-0.188393811735142,-0.0941969058675709,0.),
 .UNSPECIFIED.);
#2336=B_SPLINE_CURVE_WITH_KNOTS('',3,(#8493,#8494,#8495,#8496,#8497,#8498,
#8499,#8500,#8501,#8502),.UNSPECIFIED.,.F.,.F.,(4,2,2,2,4),(0.,0.0941815152603159,
0.188363030520632,0.282845427934501,0.377327825348371),.UNSPECIFIED.);
#2337=B_SPLINE_CURVE_WITH_KNOTS('',3,(#8504,#8505,#8506,#8507,#8508,#8509,
#8510,#8511,#8512,#8513),.UNSPECIFIED.,.F.,.F.,(4,2,2,2,4),(-0.378348644334921,
-0.283371228035031,-0.188393811735142,-0.0941969058675709,0.),
 .UNSPECIFIED.);
#2338=B_SPLINE_CURVE_WITH_KNOTS('',3,(#8517,#8518,#8519,#8520,#8521,#8522,
#8523,#8524,#8525,#8526),.UNSPECIFIED.,.F.,.F.,(4,2,2,2,4),(0.,0.0941969058675708,
0.188393811735142,0.283371228035031,0.378348644334921),.UNSPECIFIED.);
#2339=B_SPLINE_CURVE_WITH_KNOTS('',3,(#8528,#8529,#8530,#8531,#8532,#8533,
#8534,#8535,#8536,#8537),.UNSPECIFIED.,.F.,.F.,(4,2,2,2,4),(-0.37732782534837,
-0.282845427934501,-0.188363030520632,-0.0941815152603158,0.),
 .UNSPECIFIED.);
#2340=B_SPLINE_CURVE_WITH_KNOTS('',3,(#8541,#8542,#8543,#8544,#8545,#8546,
#8547,#8548,#8549,#8550),.UNSPECIFIED.,.F.,.F.,(4,2,2,2,4),(0.,0.0941815152603159,
0.188363030520632,0.282845427934501,0.377327825348371),.UNSPECIFIED.);
#2341=B_SPLINE_CURVE_WITH_KNOTS('',3,(#8552,#8553,#8554,#8555,#8556,#8557,
#8558,#8559,#8560,#8561),.UNSPECIFIED.,.F.,.F.,(4,2,2,2,4),(-0.378348644334921,
-0.283371228035031,-0.188393811735142,-0.0941969058675709,0.),
 .UNSPECIFIED.);
#2342=B_SPLINE_CURVE_WITH_KNOTS('',3,(#8565,#8566,#8567,#8568,#8569,#8570,
#8571,#8572,#8573,#8574),.UNSPECIFIED.,.F.,.F.,(4,2,2,2,4),(0.,0.0941969058675709,
0.188393811735142,0.283371228035031,0.378348644334921),.UNSPECIFIED.);
#2343=B_SPLINE_CURVE_WITH_KNOTS('',3,(#8576,#8577,#8578,#8579,#8580,#8581,
#8582,#8583,#8584,#8585),.UNSPECIFIED.,.F.,.F.,(4,2,2,2,4),(-0.377327825348371,
-0.282845427934501,-0.188363030520632,-0.094181515260316,0.),
 .UNSPECIFIED.);
#2344=B_SPLINE_CURVE_WITH_KNOTS('',3,(#9190,#9191,#9192,#9193,#9194,#9195,
#9196,#9197,#9198,#9199,#9200,#9201,#9202,#9203),.UNSPECIFIED.,.F.,.F.,
(4,2,2,2,2,2,4),(-0.0945143703657128,-0.0803949180159113,-0.0643828823761424,
-0.0430035443571505,-0.0220240117925605,0.,0.000441330586580477),
 .UNSPECIFIED.);
#2345=B_SPLINE_CURVE_WITH_KNOTS('',3,(#9213,#9214,#9215,#9216,#9217,#9218,
#9219,#9220,#9221,#9222,#9223,#9224,#9225,#9226),.UNSPECIFIED.,.F.,.F.,
(4,2,2,2,2,2,4),(-0.0941029102031058,-0.0936655431767384,-0.0718393275494339,
-0.051048210752559,-0.0298608791271175,-0.0139926465000468,0.),
 .UNSPECIFIED.);
#2346=VERTEX_POINT('',#7617);
#2347=VERTEX_POINT('',#7618);
#2348=VERTEX_POINT('',#7624);
#2349=VERTEX_POINT('',#7626);
#2350=VERTEX_POINT('',#7643);
#2351=VERTEX_POINT('',#7649);
#2352=VERTEX_POINT('',#7666);
#2353=VERTEX_POINT('',#7672);
#2354=VERTEX_POINT('',#7689);
#2355=VERTEX_POINT('',#7695);
#2356=VERTEX_POINT('',#7712);
#2357=VERTEX_POINT('',#7718);
#2358=VERTEX_POINT('',#7735);
#2359=VERTEX_POINT('',#7741);
#2360=VERTEX_POINT('',#7758);
#2361=VERTEX_POINT('',#7764);
#2362=VERTEX_POINT('',#7781);
#2363=VERTEX_POINT('',#7787);
#2364=VERTEX_POINT('',#7804);
#2365=VERTEX_POINT('',#7810);
#2366=VERTEX_POINT('',#7818);
#2367=VERTEX_POINT('',#7820);
#2368=VERTEX_POINT('',#7833);
#2369=VERTEX_POINT('',#7839);
#2370=VERTEX_POINT('',#7856);
#2371=VERTEX_POINT('',#7862);
#2372=VERTEX_POINT('',#7879);
#2373=VERTEX_POINT('',#7885);
#2374=VERTEX_POINT('',#7902);
#2375=VERTEX_POINT('',#7908);
#2376=VERTEX_POINT('',#7925);
#2377=VERTEX_POINT('',#7931);
#2378=VERTEX_POINT('',#7948);
#2379=VERTEX_POINT('',#7954);
#2380=VERTEX_POINT('',#7971);
#2381=VERTEX_POINT('',#7977);
#2382=VERTEX_POINT('',#7994);
#2383=VERTEX_POINT('',#8000);
#2384=VERTEX_POINT('',#8008);
#2385=VERTEX_POINT('',#8010);
#2386=VERTEX_POINT('',#8014);
#2387=VERTEX_POINT('',#8016);
#2388=VERTEX_POINT('',#8024);
#2389=VERTEX_POINT('',#8025);
#2390=VERTEX_POINT('',#8027);
#2391=VERTEX_POINT('',#8029);
#2392=VERTEX_POINT('',#8042);
#2393=VERTEX_POINT('',#8048);
#2394=VERTEX_POINT('',#8065);
#2395=VERTEX_POINT('',#8071);
#2396=VERTEX_POINT('',#8079);
#2397=VERTEX_POINT('',#8081);
#2398=VERTEX_POINT('',#8094);
#2399=VERTEX_POINT('',#8100);
#2400=VERTEX_POINT('',#8108);
#2401=VERTEX_POINT('',#8110);
#2402=VERTEX_POINT('',#8114);
#2403=VERTEX_POINT('',#8116);
#2404=VERTEX_POINT('',#8124);
#2405=VERTEX_POINT('',#8125);
#2406=VERTEX_POINT('',#8127);
#2407=VERTEX_POINT('',#8129);
#2408=VERTEX_POINT('',#8133);
#2409=VERTEX_POINT('',#8135);
#2410=VERTEX_POINT('',#8139);
#2411=VERTEX_POINT('',#8140);
#2412=VERTEX_POINT('',#8142);
#2413=VERTEX_POINT('',#8144);
#2414=VERTEX_POINT('',#8151);
#2415=VERTEX_POINT('',#8153);
#2416=VERTEX_POINT('',#8157);
#2417=VERTEX_POINT('',#8159);
#2418=VERTEX_POINT('',#8163);
#2419=VERTEX_POINT('',#8165);
#2420=VERTEX_POINT('',#8172);
#2421=VERTEX_POINT('',#8174);
#2422=VERTEX_POINT('',#8178);
#2423=VERTEX_POINT('',#8180);
#2424=VERTEX_POINT('',#8184);
#2425=VERTEX_POINT('',#8186);
#2426=VERTEX_POINT('',#8190);
#2427=VERTEX_POINT('',#8192);
#2428=VERTEX_POINT('',#8196);
#2429=VERTEX_POINT('',#8197);
#2430=VERTEX_POINT('',#8199);
#2431=VERTEX_POINT('',#8201);
#2432=VERTEX_POINT('',#8205);
#2433=VERTEX_POINT('',#8206);
#2434=VERTEX_POINT('',#8208);
#2435=VERTEX_POINT('',#8210);
#2436=VERTEX_POINT('',#8214);
#2437=VERTEX_POINT('',#8216);
#2438=VERTEX_POINT('',#8220);
#2439=VERTEX_POINT('',#8222);
#2440=VERTEX_POINT('',#8226);
#2441=VERTEX_POINT('',#8228);
#2442=VERTEX_POINT('',#8232);
#2443=VERTEX_POINT('',#8234);
#2444=VERTEX_POINT('',#8244);
#2445=VERTEX_POINT('',#8245);
#2446=VERTEX_POINT('',#8247);
#2447=VERTEX_POINT('',#8249);
#2448=VERTEX_POINT('',#8251);
#2449=VERTEX_POINT('',#8285);
#2450=VERTEX_POINT('',#8287);
#2451=VERTEX_POINT('',#8289);
#2452=VERTEX_POINT('',#8291);
#2453=VERTEX_POINT('',#8293);
#2454=VERTEX_POINT('',#8295);
#2455=VERTEX_POINT('',#8298);
#2456=VERTEX_POINT('',#8300);
#2457=VERTEX_POINT('',#8301);
#2458=VERTEX_POINT('',#8303);
#2459=VERTEX_POINT('',#8305);
#2460=VERTEX_POINT('',#8308);
#2461=VERTEX_POINT('',#8309);
#2462=VERTEX_POINT('',#8311);
#2463=VERTEX_POINT('',#8313);
#2464=VERTEX_POINT('',#8343);
#2465=VERTEX_POINT('',#8349);
#2466=VERTEX_POINT('',#8350);
#2467=VERTEX_POINT('',#8381);
#2468=VERTEX_POINT('',#8387);
#2469=VERTEX_POINT('',#8388);
#2470=VERTEX_POINT('',#8399);
#2471=VERTEX_POINT('',#8401);
#2472=VERTEX_POINT('',#8414);
#2473=VERTEX_POINT('',#8416);
#2474=VERTEX_POINT('',#8418);
#2475=VERTEX_POINT('',#8420);
#2476=VERTEX_POINT('',#8422);
#2477=VERTEX_POINT('',#8424);
#2478=VERTEX_POINT('',#8426);
#2479=VERTEX_POINT('',#8428);
#2480=VERTEX_POINT('',#8430);
#2481=VERTEX_POINT('',#8432);
#2482=VERTEX_POINT('',#8434);
#2483=VERTEX_POINT('',#8436);
#2484=VERTEX_POINT('',#8438);
#2485=VERTEX_POINT('',#8440);
#2486=VERTEX_POINT('',#8442);
#2487=VERTEX_POINT('',#8444);
#2488=VERTEX_POINT('',#8446);
#2489=VERTEX_POINT('',#8448);
#2490=VERTEX_POINT('',#8450);
#2491=VERTEX_POINT('',#8452);
#2492=VERTEX_POINT('',#8454);
#2493=VERTEX_POINT('',#8456);
#2494=VERTEX_POINT('',#8459);
#2495=VERTEX_POINT('',#8460);
#2496=VERTEX_POINT('',#8462);
#2497=VERTEX_POINT('',#8464);
#2498=VERTEX_POINT('',#8468);
#2499=VERTEX_POINT('',#8479);
#2500=VERTEX_POINT('',#8492);
#2501=VERTEX_POINT('',#8503);
#2502=VERTEX_POINT('',#8516);
#2503=VERTEX_POINT('',#8527);
#2504=VERTEX_POINT('',#8540);
#2505=VERTEX_POINT('',#8551);
#2506=VERTEX_POINT('',#8564);
#2507=VERTEX_POINT('',#8575);
#2508=VERTEX_POINT('',#8588);
#2509=VERTEX_POINT('',#8589);
#2510=VERTEX_POINT('',#8591);
#2511=VERTEX_POINT('',#8593);
#2512=VERTEX_POINT('',#8597);
#2513=VERTEX_POINT('',#8599);
#2514=VERTEX_POINT('',#8601);
#2515=VERTEX_POINT('',#8603);
#2516=VERTEX_POINT('',#8605);
#2517=VERTEX_POINT('',#8607);
#2518=VERTEX_POINT('',#8611);
#2519=VERTEX_POINT('',#8612);
#2520=VERTEX_POINT('',#8614);
#2521=VERTEX_POINT('',#8616);
#2522=VERTEX_POINT('',#8620);
#2523=VERTEX_POINT('',#8622);
#2524=VERTEX_POINT('',#8624);
#2525=VERTEX_POINT('',#8626);
#2526=VERTEX_POINT('',#8628);
#2527=VERTEX_POINT('',#8630);
#2528=VERTEX_POINT('',#8634);
#2529=VERTEX_POINT('',#8635);
#2530=VERTEX_POINT('',#8637);
#2531=VERTEX_POINT('',#8639);
#2532=VERTEX_POINT('',#8643);
#2533=VERTEX_POINT('',#8645);
#2534=VERTEX_POINT('',#8649);
#2535=VERTEX_POINT('',#8650);
#2536=VERTEX_POINT('',#8652);
#2537=VERTEX_POINT('',#8654);
#2538=VERTEX_POINT('',#8658);
#2539=VERTEX_POINT('',#8660);
#2540=VERTEX_POINT('',#8665);
#2541=VERTEX_POINT('',#8667);
#2542=VERTEX_POINT('',#8669);
#2543=VERTEX_POINT('',#8671);
#2544=VERTEX_POINT('',#8673);
#2545=VERTEX_POINT('',#8675);
#2546=VERTEX_POINT('',#8678);
#2547=VERTEX_POINT('',#8680);
#2548=VERTEX_POINT('',#8682);
#2549=VERTEX_POINT('',#8684);
#2550=VERTEX_POINT('',#8686);
#2551=VERTEX_POINT('',#8690);
#2552=VERTEX_POINT('',#8694);
#2553=VERTEX_POINT('',#8695);
#2554=VERTEX_POINT('',#8700);
#2555=VERTEX_POINT('',#8704);
#2556=VERTEX_POINT('',#8706);
#2557=VERTEX_POINT('',#8710);
#2558=VERTEX_POINT('',#8714);
#2559=VERTEX_POINT('',#8715);
#2560=VERTEX_POINT('',#8717);
#2561=VERTEX_POINT('',#8719);
#2562=VERTEX_POINT('',#8723);
#2563=VERTEX_POINT('',#8725);
#2564=VERTEX_POINT('',#8729);
#2565=VERTEX_POINT('',#8731);
#2566=VERTEX_POINT('',#8735);
#2567=VERTEX_POINT('',#8737);
#2568=VERTEX_POINT('',#8741);
#2569=VERTEX_POINT('',#8742);
#2570=VERTEX_POINT('',#8744);
#2571=VERTEX_POINT('',#8746);
#2572=VERTEX_POINT('',#8750);
#2573=VERTEX_POINT('',#8752);
#2574=VERTEX_POINT('',#8757);
#2575=VERTEX_POINT('',#8759);
#2576=VERTEX_POINT('',#8761);
#2577=VERTEX_POINT('',#8763);
#2578=VERTEX_POINT('',#8766);
#2579=VERTEX_POINT('',#8768);
#2580=VERTEX_POINT('',#8770);
#2581=VERTEX_POINT('',#8772);
#2582=VERTEX_POINT('',#8774);
#2583=VERTEX_POINT('',#8778);
#2584=VERTEX_POINT('',#8780);
#2585=VERTEX_POINT('',#8784);
#2586=VERTEX_POINT('',#8788);
#2587=VERTEX_POINT('',#8793);
#2588=VERTEX_POINT('',#8796);
#2589=VERTEX_POINT('',#8798);
#2590=VERTEX_POINT('',#8800);
#2591=VERTEX_POINT('',#8802);
#2592=VERTEX_POINT('',#8807);
#2593=VERTEX_POINT('',#8811);
#2594=VERTEX_POINT('',#8815);
#2595=VERTEX_POINT('',#8825);
#2596=VERTEX_POINT('',#8826);
#2597=VERTEX_POINT('',#8828);
#2598=VERTEX_POINT('',#8832);
#2599=VERTEX_POINT('',#8833);
#2600=VERTEX_POINT('',#8838);
#2601=VERTEX_POINT('',#8839);
#2602=VERTEX_POINT('',#8841);
#2603=VERTEX_POINT('',#8845);
#2604=VERTEX_POINT('',#8846);
#2605=VERTEX_POINT('',#8851);
#2606=VERTEX_POINT('',#8852);
#2607=VERTEX_POINT('',#8860);
#2608=VERTEX_POINT('',#8861);
#2609=VERTEX_POINT('',#8866);
#2610=VERTEX_POINT('',#8868);
#2611=VERTEX_POINT('',#8870);
#2612=VERTEX_POINT('',#8872);
#2613=VERTEX_POINT('',#8877);
#2614=VERTEX_POINT('',#8878);
#2615=VERTEX_POINT('',#8880);
#2616=VERTEX_POINT('',#8882);
#2617=VERTEX_POINT('',#8884);
#2618=VERTEX_POINT('',#8886);
#2619=VERTEX_POINT('',#8888);
#2620=VERTEX_POINT('',#8890);
#2621=VERTEX_POINT('',#8892);
#2622=VERTEX_POINT('',#8894);
#2623=VERTEX_POINT('',#8898);
#2624=VERTEX_POINT('',#8900);
#2625=VERTEX_POINT('',#8903);
#2626=VERTEX_POINT('',#8905);
#2627=VERTEX_POINT('',#8908);
#2628=VERTEX_POINT('',#8910);
#2629=VERTEX_POINT('',#8913);
#2630=VERTEX_POINT('',#8915);
#2631=VERTEX_POINT('',#8918);
#2632=VERTEX_POINT('',#8920);
#2633=VERTEX_POINT('',#8925);
#2634=VERTEX_POINT('',#8927);
#2635=VERTEX_POINT('',#8930);
#2636=VERTEX_POINT('',#8932);
#2637=VERTEX_POINT('',#8937);
#2638=VERTEX_POINT('',#8939);
#2639=VERTEX_POINT('',#8951);
#2640=VERTEX_POINT('',#8955);
#2641=VERTEX_POINT('',#8967);
#2642=VERTEX_POINT('',#8971);
#2643=VERTEX_POINT('',#8975);
#2644=VERTEX_POINT('',#8977);
#2645=VERTEX_POINT('',#8980);
#2646=VERTEX_POINT('',#8983);
#2647=VERTEX_POINT('',#8987);
#2648=VERTEX_POINT('',#8991);
#2649=VERTEX_POINT('',#8995);
#2650=VERTEX_POINT('',#8998);
#2651=VERTEX_POINT('',#9000);
#2652=VERTEX_POINT('',#9003);
#2653=VERTEX_POINT('',#9005);
#2654=VERTEX_POINT('',#9010);
#2655=VERTEX_POINT('',#9013);
#2656=VERTEX_POINT('',#9014);
#2657=VERTEX_POINT('',#9016);
#2658=VERTEX_POINT('',#9018);
#2659=VERTEX_POINT('',#9022);
#2660=VERTEX_POINT('',#9024);
#2661=VERTEX_POINT('',#9029);
#2662=VERTEX_POINT('',#9031);
#2663=VERTEX_POINT('',#9038);
#2664=VERTEX_POINT('',#9039);
#2665=VERTEX_POINT('',#9041);
#2666=VERTEX_POINT('',#9043);
#2667=VERTEX_POINT('',#9050);
#2668=VERTEX_POINT('',#9052);
#2669=VERTEX_POINT('',#9054);
#2670=VERTEX_POINT('',#9056);
#2671=VERTEX_POINT('',#9058);
#2672=VERTEX_POINT('',#9060);
#2673=VERTEX_POINT('',#9062);
#2674=VERTEX_POINT('',#9064);
#2675=VERTEX_POINT('',#9066);
#2676=VERTEX_POINT('',#9068);
#2677=VERTEX_POINT('',#9070);
#2678=VERTEX_POINT('',#9072);
#2679=VERTEX_POINT('',#9077);
#2680=VERTEX_POINT('',#9078);
#2681=VERTEX_POINT('',#9086);
#2682=VERTEX_POINT('',#9087);
#2683=VERTEX_POINT('',#9095);
#2684=VERTEX_POINT('',#9096);
#2685=VERTEX_POINT('',#9101);
#2686=VERTEX_POINT('',#9102);
#2687=VERTEX_POINT('',#9110);
#2688=VERTEX_POINT('',#9112);
#2689=VERTEX_POINT('',#9116);
#2690=VERTEX_POINT('',#9117);
#2691=VERTEX_POINT('',#9125);
#2692=VERTEX_POINT('',#9126);
#2693=VERTEX_POINT('',#9134);
#2694=VERTEX_POINT('',#9135);
#2695=VERTEX_POINT('',#9167);
#2696=VERTEX_POINT('',#9169);
#2697=VERTEX_POINT('',#9173);
#2698=VERTEX_POINT('',#9174);
#2699=VERTEX_POINT('',#9181);
#2700=VERTEX_POINT('',#9182);
#2701=VERTEX_POINT('',#9184);
#2702=VERTEX_POINT('',#9186);
#2703=VERTEX_POINT('',#9188);
#2704=VERTEX_POINT('',#9205);
#2705=VERTEX_POINT('',#9206);
#2706=VERTEX_POINT('',#9208);
#2707=VERTEX_POINT('',#9210);
#2708=VERTEX_POINT('',#9212);
#2709=VERTEX_POINT('',#9275);
#2710=VERTEX_POINT('',#9279);
#2711=VERTEX_POINT('',#9283);
#2712=VERTEX_POINT('',#9285);
#2713=VERTEX_POINT('',#9288);
#2714=VERTEX_POINT('',#9293);
#2715=VERTEX_POINT('',#9295);
#2716=VERTEX_POINT('',#9300);
#2717=VERTEX_POINT('',#9304);
#2718=VERTEX_POINT('',#9306);
#2719=VERTEX_POINT('',#9310);
#2720=VERTEX_POINT('',#9311);
#2721=VERTEX_POINT('',#9313);
#2722=VERTEX_POINT('',#9315);
#2723=VERTEX_POINT('',#9319);
#2724=VERTEX_POINT('',#9320);
#2725=VERTEX_POINT('',#9322);
#2726=VERTEX_POINT('',#9324);
#2727=VERTEX_POINT('',#9328);
#2728=VERTEX_POINT('',#9329);
#2729=VERTEX_POINT('',#9331);
#2730=VERTEX_POINT('',#9333);
#2731=VERTEX_POINT('',#9337);
#2732=VERTEX_POINT('',#9338);
#2733=VERTEX_POINT('',#9340);
#2734=VERTEX_POINT('',#9342);
#2735=VERTEX_POINT('',#9346);
#2736=VERTEX_POINT('',#9347);
#2737=VERTEX_POINT('',#9349);
#2738=VERTEX_POINT('',#9351);
#2739=VERTEX_POINT('',#9355);
#2740=VERTEX_POINT('',#9356);
#2741=VERTEX_POINT('',#9358);
#2742=VERTEX_POINT('',#9360);
#2743=VERTEX_POINT('',#9364);
#2744=VERTEX_POINT('',#9365);
#2745=VERTEX_POINT('',#9367);
#2746=VERTEX_POINT('',#9369);
#2747=VERTEX_POINT('',#9373);
#2748=VERTEX_POINT('',#9374);
#2749=VERTEX_POINT('',#9376);
#2750=VERTEX_POINT('',#9378);
#2751=VERTEX_POINT('',#9382);
#2752=VERTEX_POINT('',#9383);
#2753=VERTEX_POINT('',#9385);
#2754=VERTEX_POINT('',#9387);
#2755=VERTEX_POINT('',#9391);
#2756=VERTEX_POINT('',#9392);
#2757=VERTEX_POINT('',#9394);
#2758=VERTEX_POINT('',#9396);
#2759=VERTEX_POINT('',#9400);
#2760=VERTEX_POINT('',#9402);
#2761=VERTEX_POINT('',#9406);
#2762=VERTEX_POINT('',#9408);
#2763=VERTEX_POINT('',#9431);
#2764=VERTEX_POINT('',#9433);
#2765=VERTEX_POINT('',#9437);
#2766=VERTEX_POINT('',#9439);
#2767=VERTEX_POINT('',#9456);
#2768=VERTEX_POINT('',#9466);
#2769=VERTEX_POINT('',#9467);
#2770=VERTEX_POINT('',#9469);
#2771=VERTEX_POINT('',#9471);
#2772=VERTEX_POINT('',#9475);
#2773=VERTEX_POINT('',#9477);
#2774=VERTEX_POINT('',#9479);
#2775=VERTEX_POINT('',#9481);
#2776=VERTEX_POINT('',#9485);
#2777=VERTEX_POINT('',#9489);
#2778=VERTEX_POINT('',#9493);
#2779=VERTEX_POINT('',#9495);
#2780=VERTEX_POINT('',#9499);
#2781=VERTEX_POINT('',#9501);
#2782=VERTEX_POINT('',#9505);
#2783=VERTEX_POINT('',#9509);
#2784=VERTEX_POINT('',#9521);
#2785=VERTEX_POINT('',#9522);
#2786=VERTEX_POINT('',#9524);
#2787=VERTEX_POINT('',#9526);
#2788=VERTEX_POINT('',#9530);
#2789=VERTEX_POINT('',#9532);
#2790=VERTEX_POINT('',#9534);
#2791=VERTEX_POINT('',#9536);
#2792=VERTEX_POINT('',#9538);
#2793=VERTEX_POINT('',#9542);
#2794=VERTEX_POINT('',#9546);
#2795=VERTEX_POINT('',#9547);
#2796=VERTEX_POINT('',#9549);
#2797=VERTEX_POINT('',#9551);
#2798=VERTEX_POINT('',#9563);
#2799=VERTEX_POINT('',#9565);
#2800=VERTEX_POINT('',#9569);
#2801=VERTEX_POINT('',#9570);
#2802=VERTEX_POINT('',#9575);
#2803=VERTEX_POINT('',#9577);
#2804=VERTEX_POINT('',#9579);
#2805=VERTEX_POINT('',#9581);
#2806=VERTEX_POINT('',#9583);
#2807=VERTEX_POINT('',#9587);
#2808=VERTEX_POINT('',#9591);
#2809=VERTEX_POINT('',#9595);
#2810=VERTEX_POINT('',#9599);
#2811=VERTEX_POINT('',#9600);
#2812=VERTEX_POINT('',#9602);
#2813=VERTEX_POINT('',#9604);
#2814=VERTEX_POINT('',#9616);
#2815=VERTEX_POINT('',#9618);
#2816=VERTEX_POINT('',#9622);
#2817=VERTEX_POINT('',#9623);
#2818=VERTEX_POINT('',#9628);
#2819=VERTEX_POINT('',#9630);
#2820=VERTEX_POINT('',#9632);
#2821=VERTEX_POINT('',#9634);
#2822=VERTEX_POINT('',#9636);
#2823=VERTEX_POINT('',#9640);
#2824=VERTEX_POINT('',#9644);
#2825=VERTEX_POINT('',#9648);
#2826=VERTEX_POINT('',#9652);
#2827=VERTEX_POINT('',#9654);
#2828=VERTEX_POINT('',#9656);
#2829=VERTEX_POINT('',#9658);
#2830=VERTEX_POINT('',#9664);
#2831=VERTEX_POINT('',#9666);
#2832=VERTEX_POINT('',#9670);
#2833=VERTEX_POINT('',#9676);
#2834=VERTEX_POINT('',#9680);
#2835=VERTEX_POINT('',#9684);
#2836=VERTEX_POINT('',#9688);
#2837=VERTEX_POINT('',#9690);
#2838=VERTEX_POINT('',#9692);
#2839=VERTEX_POINT('',#9696);
#2840=VERTEX_POINT('',#9697);
#2841=VERTEX_POINT('',#9699);
#2842=VERTEX_POINT('',#9701);
#2843=VERTEX_POINT('',#9705);
#2844=VERTEX_POINT('',#9707);
#2845=VERTEX_POINT('',#9711);
#2846=VERTEX_POINT('',#9713);
#2847=VERTEX_POINT('',#9717);
#2848=VERTEX_POINT('',#9719);
#2849=VERTEX_POINT('',#9723);
#2850=VERTEX_POINT('',#9725);
#2851=VERTEX_POINT('',#9732);
#2852=VERTEX_POINT('',#9733);
#2853=VERTEX_POINT('',#9735);
#2854=VERTEX_POINT('',#9737);
#2855=VERTEX_POINT('',#9739);
#2856=VERTEX_POINT('',#9741);
#2857=VERTEX_POINT('',#9745);
#2858=VERTEX_POINT('',#9746);
#2859=VERTEX_POINT('',#9748);
#2860=VERTEX_POINT('',#9750);
#2861=VERTEX_POINT('',#9754);
#2862=VERTEX_POINT('',#9761);
#2863=VERTEX_POINT('',#9762);
#2864=VERTEX_POINT('',#9767);
#2865=VERTEX_POINT('',#9773);
#2866=VERTEX_POINT('',#9775);
#2867=VERTEX_POINT('',#9781);
#2868=VERTEX_POINT('',#9782);
#2869=VERTEX_POINT('',#9784);
#2870=VERTEX_POINT('',#9786);
#2871=VERTEX_POINT('',#9788);
#2872=VERTEX_POINT('',#9790);
#2873=VERTEX_POINT('',#9795);
#2874=VERTEX_POINT('',#9800);
#2875=VERTEX_POINT('',#9812);
#2876=EDGE_CURVE('',#2346,#2347,#2290,.T.);
#2877=EDGE_CURVE('',#2346,#2348,#1174,.T.);
#2878=EDGE_CURVE('',#2348,#2349,#2291,.T.);
#2879=EDGE_CURVE('',#2347,#2349,#1175,.T.);
#2880=EDGE_CURVE('',#2350,#2346,#2292,.T.);
#2881=EDGE_CURVE('',#2350,#2351,#1176,.T.);
#2882=EDGE_CURVE('',#2351,#2348,#2293,.T.);
#2883=EDGE_CURVE('',#2352,#2350,#2294,.T.);
#2884=EDGE_CURVE('',#2352,#2353,#1177,.T.);
#2885=EDGE_CURVE('',#2353,#2351,#2295,.T.);
#2886=EDGE_CURVE('',#2354,#2352,#2296,.T.);
#2887=EDGE_CURVE('',#2354,#2355,#1178,.T.);
#2888=EDGE_CURVE('',#2355,#2353,#2297,.T.);
#2889=EDGE_CURVE('',#2356,#2354,#2298,.T.);
#2890=EDGE_CURVE('',#2356,#2357,#1179,.T.);
#2891=EDGE_CURVE('',#2357,#2355,#2299,.T.);
#2892=EDGE_CURVE('',#2358,#2356,#2300,.T.);
#2893=EDGE_CURVE('',#2358,#2359,#1180,.T.);
#2894=EDGE_CURVE('',#2359,#2357,#2301,.T.);
#2895=EDGE_CURVE('',#2360,#2358,#2302,.T.);
#2896=EDGE_CURVE('',#2360,#2361,#1181,.T.);
#2897=EDGE_CURVE('',#2361,#2359,#2303,.T.);
#2898=EDGE_CURVE('',#2362,#2360,#2304,.T.);
#2899=EDGE_CURVE('',#2362,#2363,#1182,.T.);
#2900=EDGE_CURVE('',#2363,#2361,#2305,.T.);
#2901=EDGE_CURVE('',#2364,#2362,#2306,.T.);
#2902=EDGE_CURVE('',#2364,#2365,#1183,.T.);
#2903=EDGE_CURVE('',#2365,#2363,#2307,.T.);
#2904=EDGE_CURVE('',#2366,#2364,#1184,.T.);
#2905=EDGE_CURVE('',#2366,#2367,#1185,.T.);
#2906=EDGE_CURVE('',#2367,#2365,#1186,.T.);
#2907=EDGE_CURVE('',#2368,#2366,#2308,.T.);
#2908=EDGE_CURVE('',#2368,#2369,#1187,.T.);
#2909=EDGE_CURVE('',#2369,#2367,#2309,.T.);
#2910=EDGE_CURVE('',#2370,#2368,#2310,.T.);
#2911=EDGE_CURVE('',#2370,#2371,#1188,.T.);
#2912=EDGE_CURVE('',#2371,#2369,#2311,.T.);
#2913=EDGE_CURVE('',#2372,#2370,#2312,.T.);
#2914=EDGE_CURVE('',#2372,#2373,#1189,.T.);
#2915=EDGE_CURVE('',#2373,#2371,#2313,.T.);
#2916=EDGE_CURVE('',#2374,#2372,#2314,.T.);
#2917=EDGE_CURVE('',#2374,#2375,#1190,.T.);
#2918=EDGE_CURVE('',#2375,#2373,#2315,.T.);
#2919=EDGE_CURVE('',#2376,#2374,#2316,.T.);
#2920=EDGE_CURVE('',#2376,#2377,#1191,.T.);
#2921=EDGE_CURVE('',#2377,#2375,#2317,.T.);
#2922=EDGE_CURVE('',#2378,#2376,#2318,.T.);
#2923=EDGE_CURVE('',#2378,#2379,#1192,.T.);
#2924=EDGE_CURVE('',#2379,#2377,#2319,.T.);
#2925=EDGE_CURVE('',#2380,#2378,#2320,.T.);
#2926=EDGE_CURVE('',#2380,#2381,#1193,.T.);
#2927=EDGE_CURVE('',#2381,#2379,#2321,.T.);
#2928=EDGE_CURVE('',#2382,#2380,#2322,.T.);
#2929=EDGE_CURVE('',#2382,#2383,#1194,.T.);
#2930=EDGE_CURVE('',#2383,#2381,#2323,.T.);
#2931=EDGE_CURVE('',#2384,#2382,#1195,.T.);
#2932=EDGE_CURVE('',#2384,#2385,#1196,.T.);
#2933=EDGE_CURVE('',#2385,#2383,#1197,.T.);
#2934=EDGE_CURVE('',#2386,#2384,#1198,.T.);
#2935=EDGE_CURVE('',#2386,#2387,#1199,.T.);
#2936=EDGE_CURVE('',#2387,#2385,#1200,.T.);
#2937=EDGE_CURVE('',#2347,#2386,#1201,.T.);
#2938=EDGE_CURVE('',#2349,#2387,#1202,.T.);
#2939=EDGE_CURVE('',#2388,#2389,#1203,.T.);
#2940=EDGE_CURVE('',#2388,#2390,#1204,.T.);
#2941=EDGE_CURVE('',#2390,#2391,#1205,.T.);
#2942=EDGE_CURVE('',#2389,#2391,#1206,.T.);
#2943=EDGE_CURVE('',#2392,#2388,#2324,.T.);
#2944=EDGE_CURVE('',#2392,#2393,#1207,.T.);
#2945=EDGE_CURVE('',#2393,#2390,#2325,.T.);
#2946=EDGE_CURVE('',#2394,#2392,#2326,.T.);
#2947=EDGE_CURVE('',#2394,#2395,#1208,.T.);
#2948=EDGE_CURVE('',#2395,#2393,#2327,.T.);
#2949=EDGE_CURVE('',#2396,#2394,#1209,.T.);
#2950=EDGE_CURVE('',#2396,#2397,#1210,.T.);
#2951=EDGE_CURVE('',#2397,#2395,#1211,.T.);
#2952=EDGE_CURVE('',#2398,#2396,#2328,.T.);
#2953=EDGE_CURVE('',#2398,#2399,#1212,.T.);
#2954=EDGE_CURVE('',#2399,#2397,#2329,.T.);
#2955=EDGE_CURVE('',#2400,#2398,#1213,.T.);
#2956=EDGE_CURVE('',#2400,#2401,#1214,.T.);
#2957=EDGE_CURVE('',#2401,#2399,#1215,.T.);
#2958=EDGE_CURVE('',#2402,#2400,#1216,.T.);
#2959=EDGE_CURVE('',#2402,#2403,#1217,.T.);
#2960=EDGE_CURVE('',#2403,#2401,#1218,.T.);
#2961=EDGE_CURVE('',#2389,#2402,#1219,.T.);
#2962=EDGE_CURVE('',#2391,#2403,#1220,.T.);
#2963=EDGE_CURVE('',#2404,#2405,#85,.T.);
#2964=EDGE_CURVE('',#2405,#2406,#1221,.T.);
#2965=EDGE_CURVE('',#2406,#2407,#86,.T.);
#2966=EDGE_CURVE('',#2407,#2404,#1222,.T.);
#2967=EDGE_CURVE('',#2408,#2405,#1223,.T.);
#2968=EDGE_CURVE('',#2409,#2408,#1224,.T.);
#2969=EDGE_CURVE('',#2406,#2409,#1225,.T.);
#2970=EDGE_CURVE('',#2410,#2411,#87,.T.);
#2971=EDGE_CURVE('',#2411,#2412,#1226,.T.);
#2972=EDGE_CURVE('',#2412,#2413,#88,.T.);
#2973=EDGE_CURVE('',#2413,#2410,#1227,.T.);
#2974=EDGE_CURVE('',#2412,#2407,#1228,.T.);
#2975=EDGE_CURVE('',#2404,#2411,#1229,.T.);
#2976=EDGE_CURVE('',#2408,#2414,#89,.T.);
#2977=EDGE_CURVE('',#2414,#2415,#1230,.T.);
#2978=EDGE_CURVE('',#2415,#2409,#90,.T.);
#2979=EDGE_CURVE('',#2416,#2414,#1231,.T.);
#2980=EDGE_CURVE('',#2417,#2416,#1232,.T.);
#2981=EDGE_CURVE('',#2415,#2417,#1233,.T.);
#2982=EDGE_CURVE('',#2416,#2418,#91,.T.);
#2983=EDGE_CURVE('',#2418,#2419,#1234,.T.);
#2984=EDGE_CURVE('',#2419,#2417,#92,.T.);
#2985=EDGE_CURVE('',#2419,#2413,#1235,.T.);
#2986=EDGE_CURVE('',#2410,#2418,#1236,.T.);
#2987=EDGE_CURVE('',#2420,#2420,#93,.T.);
#2988=EDGE_CURVE('',#2420,#2421,#1237,.T.);
#2989=EDGE_CURVE('',#2421,#2421,#94,.T.);
#2990=EDGE_CURVE('',#2422,#2422,#95,.T.);
#2991=EDGE_CURVE('',#2422,#2423,#1238,.T.);
#2992=EDGE_CURVE('',#2423,#2423,#96,.T.);
#2993=EDGE_CURVE('',#2424,#2424,#97,.T.);
#2994=EDGE_CURVE('',#2424,#2425,#1239,.T.);
#2995=EDGE_CURVE('',#2425,#2425,#98,.T.);
#2996=EDGE_CURVE('',#2426,#2426,#99,.T.);
#2997=EDGE_CURVE('',#2426,#2427,#1240,.T.);
#2998=EDGE_CURVE('',#2427,#2427,#100,.T.);
#2999=EDGE_CURVE('',#2428,#2429,#1241,.T.);
#3000=EDGE_CURVE('',#2430,#2428,#1242,.T.);
#3001=EDGE_CURVE('',#2431,#2430,#1243,.T.);
#3002=EDGE_CURVE('',#2429,#2431,#1244,.T.);
#3003=EDGE_CURVE('',#2432,#2433,#1245,.T.);
#3004=EDGE_CURVE('',#2434,#2432,#1246,.T.);
#3005=EDGE_CURVE('',#2435,#2434,#1247,.T.);
#3006=EDGE_CURVE('',#2433,#2435,#1248,.T.);
#3007=EDGE_CURVE('',#2434,#2436,#101,.T.);
#3008=EDGE_CURVE('',#2436,#2437,#1249,.T.);
#3009=EDGE_CURVE('',#2437,#2435,#102,.T.);
#3010=EDGE_CURVE('',#2438,#2436,#1250,.T.);
#3011=EDGE_CURVE('',#2439,#2438,#1251,.T.);
#3012=EDGE_CURVE('',#2437,#2439,#1252,.T.);
#3013=EDGE_CURVE('',#2430,#2440,#103,.T.);
#3014=EDGE_CURVE('',#2440,#2441,#1253,.T.);
#3015=EDGE_CURVE('',#2441,#2431,#104,.T.);
#3016=EDGE_CURVE('',#2442,#2440,#1254,.T.);
#3017=EDGE_CURVE('',#2443,#2442,#1255,.T.);
#3018=EDGE_CURVE('',#2441,#2443,#1256,.T.);
#3019=EDGE_CURVE('',#2442,#2428,#105,.T.);
#3020=EDGE_CURVE('',#2429,#2443,#106,.T.);
#3021=EDGE_CURVE('',#2438,#2432,#107,.T.);
#3022=EDGE_CURVE('',#2433,#2439,#108,.T.);
#3023=EDGE_CURVE('',#2444,#2445,#109,.T.);
#3024=EDGE_CURVE('',#2445,#2446,#110,.T.);
#3025=EDGE_CURVE('',#2446,#2447,#111,.T.);
#3026=EDGE_CURVE('',#2447,#2448,#112,.T.);
#3027=EDGE_CURVE('',#2448,#2444,#113,.T.);
#3028=EDGE_CURVE('',#2444,#2448,#2330,.T.);
#3029=EDGE_CURVE('',#2447,#2445,#2331,.T.);
#3030=EDGE_CURVE('',#2449,#2448,#1257,.T.);
#3031=EDGE_CURVE('',#2450,#2449,#114,.T.);
#3032=EDGE_CURVE('',#2451,#2450,#1258,.T.);
#3033=EDGE_CURVE('',#2451,#2452,#1259,.T.);
#3034=EDGE_CURVE('',#2453,#2452,#1260,.T.);
#3035=EDGE_CURVE('',#2454,#2453,#115,.T.);
#3036=EDGE_CURVE('',#2444,#2454,#1261,.T.);
#3037=EDGE_CURVE('',#2455,#2455,#116,.T.);
#3038=EDGE_CURVE('',#2456,#2457,#1262,.T.);
#3039=EDGE_CURVE('',#2457,#2458,#1263,.T.);
#3040=EDGE_CURVE('',#2458,#2459,#1264,.T.);
#3041=EDGE_CURVE('',#2459,#2456,#1265,.T.);
#3042=EDGE_CURVE('',#2460,#2461,#1266,.T.);
#3043=EDGE_CURVE('',#2461,#2462,#1267,.T.);
#3044=EDGE_CURVE('',#2462,#2463,#1268,.T.);
#3045=EDGE_CURVE('',#2463,#2460,#1269,.T.);
#3046=EDGE_CURVE('',#2464,#2464,#117,.T.);
#3047=EDGE_CURVE('',#2464,#2446,#25,.T.);
#3048=EDGE_CURVE('',#2465,#2466,#118,.T.);
#3049=EDGE_CURVE('',#2466,#2465,#119,.T.);
#3050=EDGE_CURVE('',#2465,#2455,#120,.T.);
#3051=EDGE_CURVE('',#2467,#2467,#121,.T.);
#3052=EDGE_CURVE('',#2467,#2466,#122,.T.);
#3053=EDGE_CURVE('',#2468,#2469,#2332,.T.);
#3054=EDGE_CURVE('',#2469,#2470,#1270,.T.);
#3055=EDGE_CURVE('',#2470,#2471,#2333,.T.);
#3056=EDGE_CURVE('',#2471,#2468,#1271,.T.);
#3057=EDGE_CURVE('',#2469,#2472,#123,.T.);
#3058=EDGE_CURVE('',#2473,#2472,#1272,.T.);
#3059=EDGE_CURVE('',#2474,#2473,#1273,.T.);
#3060=EDGE_CURVE('',#2475,#2474,#1274,.T.);
#3061=EDGE_CURVE('',#2476,#2475,#1275,.T.);
#3062=EDGE_CURVE('',#2477,#2476,#1276,.T.);
#3063=EDGE_CURVE('',#2477,#2478,#124,.T.);
#3064=EDGE_CURVE('',#2479,#2478,#1277,.T.);
#3065=EDGE_CURVE('',#2479,#2480,#125,.T.);
#3066=EDGE_CURVE('',#2480,#2481,#1278,.T.);
#3067=EDGE_CURVE('',#2481,#2482,#126,.T.);
#3068=EDGE_CURVE('',#2483,#2482,#1279,.T.);
#3069=EDGE_CURVE('',#2483,#2484,#127,.T.);
#3070=EDGE_CURVE('',#2485,#2484,#1280,.T.);
#3071=EDGE_CURVE('',#2485,#2486,#128,.T.);
#3072=EDGE_CURVE('',#2486,#2487,#1281,.T.);
#3073=EDGE_CURVE('',#2487,#2488,#129,.T.);
#3074=EDGE_CURVE('',#2489,#2488,#1282,.T.);
#3075=EDGE_CURVE('',#2489,#2490,#130,.T.);
#3076=EDGE_CURVE('',#2491,#2490,#1283,.T.);
#3077=EDGE_CURVE('',#2491,#2492,#131,.T.);
#3078=EDGE_CURVE('',#2492,#2493,#1284,.T.);
#3079=EDGE_CURVE('',#2493,#2470,#132,.T.);
#3080=EDGE_CURVE('',#2494,#2495,#1285,.T.);
#3081=EDGE_CURVE('',#2494,#2496,#133,.T.);
#3082=EDGE_CURVE('',#2496,#2497,#1286,.T.);
#3083=EDGE_CURVE('',#2497,#2495,#134,.T.);
#3084=EDGE_CURVE('',#2498,#2479,#2334,.T.);
#3085=EDGE_CURVE('',#2478,#2499,#2335,.T.);
#3086=EDGE_CURVE('',#2499,#2498,#1287,.T.);
#3087=EDGE_CURVE('',#2500,#2491,#2336,.T.);
#3088=EDGE_CURVE('',#2490,#2501,#2337,.T.);
#3089=EDGE_CURVE('',#2501,#2500,#1288,.T.);
#3090=EDGE_CURVE('',#2502,#2489,#2338,.T.);
#3091=EDGE_CURVE('',#2488,#2503,#2339,.T.);
#3092=EDGE_CURVE('',#2503,#2502,#1289,.T.);
#3093=EDGE_CURVE('',#2504,#2485,#2340,.T.);
#3094=EDGE_CURVE('',#2484,#2505,#2341,.T.);
#3095=EDGE_CURVE('',#2505,#2504,#1290,.T.);
#3096=EDGE_CURVE('',#2506,#2483,#2342,.T.);
#3097=EDGE_CURVE('',#2482,#2507,#2343,.T.);
#3098=EDGE_CURVE('',#2507,#2506,#1291,.T.);
#3099=EDGE_CURVE('',#2508,#2509,#135,.T.);
#3100=EDGE_CURVE('',#2509,#2510,#1292,.T.);
#3101=EDGE_CURVE('',#2510,#2511,#136,.T.);
#3102=EDGE_CURVE('',#2511,#2508,#1293,.T.);
#3103=EDGE_CURVE('',#2509,#2512,#1294,.T.);
#3104=EDGE_CURVE('',#2512,#2513,#1295,.T.);
#3105=EDGE_CURVE('',#2513,#2514,#1296,.T.);
#3106=EDGE_CURVE('',#2515,#2514,#1297,.T.);
#3107=EDGE_CURVE('',#2515,#2516,#1298,.T.);
#3108=EDGE_CURVE('',#2516,#2517,#1299,.T.);
#3109=EDGE_CURVE('',#2510,#2517,#1300,.T.);
#3110=EDGE_CURVE('',#2518,#2519,#137,.T.);
#3111=EDGE_CURVE('',#2519,#2520,#1301,.T.);
#3112=EDGE_CURVE('',#2520,#2521,#138,.T.);
#3113=EDGE_CURVE('',#2521,#2518,#1302,.T.);
#3114=EDGE_CURVE('',#2519,#2522,#1303,.T.);
#3115=EDGE_CURVE('',#2522,#2523,#1304,.T.);
#3116=EDGE_CURVE('',#2523,#2524,#1305,.T.);
#3117=EDGE_CURVE('',#2525,#2524,#1306,.T.);
#3118=EDGE_CURVE('',#2525,#2526,#1307,.T.);
#3119=EDGE_CURVE('',#2526,#2527,#1308,.T.);
#3120=EDGE_CURVE('',#2520,#2527,#1309,.T.);
#3121=EDGE_CURVE('',#2528,#2529,#139,.T.);
#3122=EDGE_CURVE('',#2529,#2530,#1310,.T.);
#3123=EDGE_CURVE('',#2530,#2531,#140,.T.);
#3124=EDGE_CURVE('',#2531,#2528,#1311,.T.);
#3125=EDGE_CURVE('',#2532,#2529,#1312,.T.);
#3126=EDGE_CURVE('',#2533,#2532,#1313,.T.);
#3127=EDGE_CURVE('',#2530,#2533,#1314,.T.);
#3128=EDGE_CURVE('',#2534,#2535,#141,.T.);
#3129=EDGE_CURVE('',#2535,#2536,#1315,.T.);
#3130=EDGE_CURVE('',#2536,#2537,#142,.T.);
#3131=EDGE_CURVE('',#2537,#2534,#1316,.T.);
#3132=EDGE_CURVE('',#2535,#2538,#1317,.T.);
#3133=EDGE_CURVE('',#2539,#2538,#1318,.T.);
#3134=EDGE_CURVE('',#2539,#2536,#1319,.T.);
#3135=EDGE_CURVE('',#2532,#2534,#1320,.T.);
#3136=EDGE_CURVE('',#2528,#2540,#1321,.T.);
#3137=EDGE_CURVE('',#2541,#2540,#143,.T.);
#3138=EDGE_CURVE('',#2541,#2542,#1322,.T.);
#3139=EDGE_CURVE('',#2543,#2542,#1323,.T.);
#3140=EDGE_CURVE('',#2544,#2543,#144,.T.);
#3141=EDGE_CURVE('',#2545,#2544,#1324,.T.);
#3142=EDGE_CURVE('',#2524,#2545,#145,.T.);
#3143=EDGE_CURVE('',#2546,#2523,#1325,.T.);
#3144=EDGE_CURVE('',#2546,#2547,#1326,.T.);
#3145=EDGE_CURVE('',#2547,#2548,#1327,.T.);
#3146=EDGE_CURVE('',#2549,#2548,#146,.T.);
#3147=EDGE_CURVE('',#2550,#2549,#1328,.T.);
#3148=EDGE_CURVE('',#2538,#2550,#147,.T.);
#3149=EDGE_CURVE('',#2551,#2539,#148,.T.);
#3150=EDGE_CURVE('',#2551,#2550,#1329,.T.);
#3151=EDGE_CURVE('',#2552,#2553,#149,.T.);
#3152=EDGE_CURVE('',#2553,#2541,#1330,.T.);
#3153=EDGE_CURVE('',#2540,#2552,#1331,.T.);
#3154=EDGE_CURVE('',#2554,#2553,#1332,.T.);
#3155=EDGE_CURVE('',#2542,#2554,#1333,.T.);
#3156=EDGE_CURVE('',#2548,#2555,#1334,.T.);
#3157=EDGE_CURVE('',#2555,#2556,#150,.T.);
#3158=EDGE_CURVE('',#2556,#2549,#1335,.T.);
#3159=EDGE_CURVE('',#2557,#2547,#1336,.T.);
#3160=EDGE_CURVE('',#2555,#2557,#1337,.T.);
#3161=EDGE_CURVE('',#2558,#2559,#151,.T.);
#3162=EDGE_CURVE('',#2559,#2560,#1338,.T.);
#3163=EDGE_CURVE('',#2560,#2561,#152,.T.);
#3164=EDGE_CURVE('',#2561,#2558,#1339,.T.);
#3165=EDGE_CURVE('',#2562,#2559,#1340,.T.);
#3166=EDGE_CURVE('',#2563,#2562,#1341,.T.);
#3167=EDGE_CURVE('',#2560,#2563,#1342,.T.);
#3168=EDGE_CURVE('',#2562,#2564,#153,.T.);
#3169=EDGE_CURVE('',#2564,#2565,#1343,.T.);
#3170=EDGE_CURVE('',#2565,#2563,#154,.T.);
#3171=EDGE_CURVE('',#2566,#2564,#1344,.T.);
#3172=EDGE_CURVE('',#2567,#2566,#1345,.T.);
#3173=EDGE_CURVE('',#2565,#2567,#1346,.T.);
#3174=EDGE_CURVE('',#2568,#2569,#155,.T.);
#3175=EDGE_CURVE('',#2569,#2570,#1347,.T.);
#3176=EDGE_CURVE('',#2570,#2571,#156,.T.);
#3177=EDGE_CURVE('',#2571,#2568,#1348,.T.);
#3178=EDGE_CURVE('',#2569,#2572,#1349,.T.);
#3179=EDGE_CURVE('',#2573,#2572,#1350,.T.);
#3180=EDGE_CURVE('',#2573,#2570,#1351,.T.);
#3181=EDGE_CURVE('',#2566,#2568,#1352,.T.);
#3182=EDGE_CURVE('',#2558,#2574,#1353,.T.);
#3183=EDGE_CURVE('',#2575,#2574,#1354,.T.);
#3184=EDGE_CURVE('',#2576,#2575,#157,.T.);
#3185=EDGE_CURVE('',#2577,#2576,#1355,.T.);
#3186=EDGE_CURVE('',#2514,#2577,#158,.T.);
#3187=EDGE_CURVE('',#2578,#2513,#1356,.T.);
#3188=EDGE_CURVE('',#2578,#2579,#1357,.T.);
#3189=EDGE_CURVE('',#2579,#2580,#1358,.T.);
#3190=EDGE_CURVE('',#2581,#2580,#159,.T.);
#3191=EDGE_CURVE('',#2582,#2581,#1359,.T.);
#3192=EDGE_CURVE('',#2572,#2582,#160,.T.);
#3193=EDGE_CURVE('',#2580,#2583,#1360,.T.);
#3194=EDGE_CURVE('',#2583,#2584,#161,.T.);
#3195=EDGE_CURVE('',#2584,#2581,#1361,.T.);
#3196=EDGE_CURVE('',#2585,#2579,#1362,.T.);
#3197=EDGE_CURVE('',#2583,#2585,#1363,.T.);
#3198=EDGE_CURVE('',#2586,#2573,#162,.T.);
#3199=EDGE_CURVE('',#2586,#2582,#1364,.T.);
#3200=EDGE_CURVE('',#2584,#2586,#1365,.T.);
#3201=EDGE_CURVE('',#2587,#2585,#1366,.T.);
#3202=EDGE_CURVE('',#2587,#2516,#1367,.T.);
#3203=EDGE_CURVE('',#2588,#2515,#163,.T.);
#3204=EDGE_CURVE('',#2589,#2588,#1368,.T.);
#3205=EDGE_CURVE('',#2590,#2589,#164,.T.);
#3206=EDGE_CURVE('',#2591,#2590,#1369,.T.);
#3207=EDGE_CURVE('',#2591,#2561,#1370,.T.);
#3208=EDGE_CURVE('',#2567,#2571,#1371,.T.);
#3209=EDGE_CURVE('',#2545,#2592,#1372,.T.);
#3210=EDGE_CURVE('',#2592,#2525,#165,.T.);
#3211=EDGE_CURVE('',#2593,#2544,#1373,.T.);
#3212=EDGE_CURVE('',#2593,#2592,#1374,.T.);
#3213=EDGE_CURVE('',#2594,#2593,#166,.T.);
#3214=EDGE_CURVE('',#2543,#2594,#1375,.T.);
#3215=EDGE_CURVE('',#2577,#2588,#1376,.T.);
#3216=EDGE_CURVE('',#2589,#2576,#1377,.T.);
#3217=EDGE_CURVE('',#2575,#2590,#1378,.T.);
#3218=EDGE_CURVE('',#2595,#2596,#167,.F.);
#3219=EDGE_CURVE('',#2597,#2595,#168,.F.);
#3220=EDGE_CURVE('',#2596,#2597,#169,.F.);
#3221=EDGE_CURVE('',#2598,#2599,#170,.T.);
#3222=EDGE_CURVE('',#2598,#2597,#1379,.T.);
#3223=EDGE_CURVE('',#2595,#2599,#1380,.T.);
#3224=EDGE_CURVE('',#2600,#2601,#171,.F.);
#3225=EDGE_CURVE('',#2602,#2600,#172,.F.);
#3226=EDGE_CURVE('',#2601,#2602,#173,.F.);
#3227=EDGE_CURVE('',#2603,#2604,#174,.T.);
#3228=EDGE_CURVE('',#2603,#2602,#1381,.T.);
#3229=EDGE_CURVE('',#2600,#2604,#1382,.T.);
#3230=EDGE_CURVE('',#2605,#2606,#175,.T.);
#3231=EDGE_CURVE('',#2606,#2601,#1383,.T.);
#3232=EDGE_CURVE('',#2602,#2605,#1384,.T.);
#3233=EDGE_CURVE('',#2597,#2600,#1385,.T.);
#3234=EDGE_CURVE('',#2601,#2596,#1386,.T.);
#3235=EDGE_CURVE('',#2607,#2608,#176,.T.);
#3236=EDGE_CURVE('',#2608,#2595,#1387,.T.);
#3237=EDGE_CURVE('',#2596,#2607,#1388,.T.);
#3238=EDGE_CURVE('',#2598,#2609,#1389,.T.);
#3239=EDGE_CURVE('',#2610,#2609,#1390,.T.);
#3240=EDGE_CURVE('',#2611,#2610,#1391,.T.);
#3241=EDGE_CURVE('',#2612,#2611,#1392,.T.);
#3242=EDGE_CURVE('',#2612,#2604,#1393,.T.);
#3243=EDGE_CURVE('',#2511,#2518,#1394,.T.);
#3244=EDGE_CURVE('',#2521,#2508,#1395,.T.);
#3245=EDGE_CURVE('',#2613,#2614,#1396,.T.);
#3246=EDGE_CURVE('',#2615,#2613,#1397,.T.);
#3247=EDGE_CURVE('',#2616,#2615,#1398,.T.);
#3248=EDGE_CURVE('',#2616,#2617,#1399,.T.);
#3249=EDGE_CURVE('',#2617,#2618,#1400,.T.);
#3250=EDGE_CURVE('',#2618,#2619,#1401,.T.);
#3251=EDGE_CURVE('',#2619,#2620,#1402,.T.);
#3252=EDGE_CURVE('',#2620,#2621,#1403,.T.);
#3253=EDGE_CURVE('',#2621,#2622,#1404,.T.);
#3254=EDGE_CURVE('',#2622,#2614,#1405,.T.);
#3255=EDGE_CURVE('',#2623,#2612,#177,.T.);
#3256=EDGE_CURVE('',#2623,#2624,#1406,.T.);
#3257=EDGE_CURVE('',#2473,#2624,#178,.T.);
#3258=EDGE_CURVE('',#2472,#2625,#1407,.T.);
#3259=EDGE_CURVE('',#2625,#2626,#1408,.T.);
#3260=EDGE_CURVE('',#2626,#2494,#1409,.T.);
#3261=EDGE_CURVE('',#2495,#2627,#1410,.T.);
#3262=EDGE_CURVE('',#2627,#2628,#1411,.T.);
#3263=EDGE_CURVE('',#2628,#2477,#1412,.T.);
#3264=EDGE_CURVE('',#2629,#2476,#179,.T.);
#3265=EDGE_CURVE('',#2629,#2630,#1413,.T.);
#3266=EDGE_CURVE('',#2609,#2630,#180,.T.);
#3267=EDGE_CURVE('',#2599,#2631,#1414,.T.);
#3268=EDGE_CURVE('',#2631,#2632,#1415,.T.);
#3269=EDGE_CURVE('',#2603,#2632,#1416,.T.);
#3270=EDGE_CURVE('',#2608,#2631,#1417,.T.);
#3271=EDGE_CURVE('',#2499,#2633,#1418,.T.);
#3272=EDGE_CURVE('',#2633,#2634,#1419,.T.);
#3273=EDGE_CURVE('',#2634,#2498,#1420,.T.);
#3274=EDGE_CURVE('',#2507,#2635,#1421,.T.);
#3275=EDGE_CURVE('',#2635,#2636,#1422,.T.);
#3276=EDGE_CURVE('',#2636,#2506,#1423,.T.);
#3277=EDGE_CURVE('',#2554,#2594,#1424,.T.);
#3278=EDGE_CURVE('',#2452,#2637,#181,.T.);
#3279=EDGE_CURVE('',#2637,#2638,#1425,.T.);
#3280=EDGE_CURVE('',#2638,#2453,#182,.T.);
#3281=EDGE_CURVE('',#2639,#2454,#183,.T.);
#3282=EDGE_CURVE('',#2638,#2639,#184,.T.);
#3283=EDGE_CURVE('',#2639,#2640,#1426,.T.);
#3284=EDGE_CURVE('',#2640,#2449,#185,.T.);
#3285=EDGE_CURVE('',#2641,#2450,#186,.T.);
#3286=EDGE_CURVE('',#2640,#2641,#187,.T.);
#3287=EDGE_CURVE('',#2642,#2451,#188,.T.);
#3288=EDGE_CURVE('',#2641,#2642,#1427,.T.);
#3289=EDGE_CURVE('',#2643,#2641,#1428,.T.);
#3290=EDGE_CURVE('',#2643,#2644,#1429,.T.);
#3291=EDGE_CURVE('',#2642,#2644,#1430,.T.);
#3292=EDGE_CURVE('',#2645,#2645,#189,.T.);
#3293=EDGE_CURVE('',#2640,#2646,#1431,.T.);
#3294=EDGE_CURVE('',#2646,#2643,#190,.T.);
#3295=EDGE_CURVE('',#2647,#2639,#1432,.T.);
#3296=EDGE_CURVE('',#2647,#2646,#1433,.T.);
#3297=EDGE_CURVE('',#2638,#2648,#1434,.T.);
#3298=EDGE_CURVE('',#2648,#2647,#191,.T.);
#3299=EDGE_CURVE('',#2644,#2649,#1435,.T.);
#3300=EDGE_CURVE('',#2637,#2649,#1436,.T.);
#3301=EDGE_CURVE('',#2650,#2474,#192,.T.);
#3302=EDGE_CURVE('',#2650,#2651,#1437,.T.);
#3303=EDGE_CURVE('',#2611,#2651,#193,.T.);
#3304=EDGE_CURVE('',#2652,#2610,#194,.T.);
#3305=EDGE_CURVE('',#2652,#2653,#1438,.T.);
#3306=EDGE_CURVE('',#2475,#2653,#195,.T.);
#3307=EDGE_CURVE('',#2649,#2648,#1439,.T.);
#3308=EDGE_CURVE('',#2654,#2654,#196,.T.);
#3309=EDGE_CURVE('',#2655,#2656,#1440,.T.);
#3310=EDGE_CURVE('',#2657,#2656,#1441,.T.);
#3311=EDGE_CURVE('',#2658,#2657,#1442,.T.);
#3312=EDGE_CURVE('',#2658,#2655,#1443,.T.);
#3313=EDGE_CURVE('',#2656,#2659,#197,.T.);
#3314=EDGE_CURVE('',#2660,#2655,#198,.T.);
#3315=EDGE_CURVE('',#2659,#2660,#1444,.T.);
#3316=EDGE_CURVE('',#2632,#2605,#1445,.T.);
#3317=EDGE_CURVE('',#2471,#2661,#1446,.T.);
#3318=EDGE_CURVE('',#2661,#2662,#1447,.T.);
#3319=EDGE_CURVE('',#2662,#2468,#1448,.T.);
#3320=EDGE_CURVE('',#2501,#2659,#1449,.T.);
#3321=EDGE_CURVE('',#2660,#2500,#1450,.T.);
#3322=EDGE_CURVE('',#2574,#2591,#1451,.T.);
#3323=EDGE_CURVE('',#2663,#2664,#1452,.T.);
#3324=EDGE_CURVE('',#2665,#2664,#1453,.T.);
#3325=EDGE_CURVE('',#2666,#2665,#1454,.T.);
#3326=EDGE_CURVE('',#2666,#2663,#1455,.T.);
#3327=EDGE_CURVE('',#2662,#2663,#199,.T.);
#3328=EDGE_CURVE('',#2664,#2661,#200,.T.);
#3329=EDGE_CURVE('',#2667,#2657,#201,.T.);
#3330=EDGE_CURVE('',#2667,#2668,#1456,.T.);
#3331=EDGE_CURVE('',#2669,#2668,#1457,.T.);
#3332=EDGE_CURVE('',#2669,#2670,#1458,.T.);
#3333=EDGE_CURVE('',#2671,#2670,#202,.T.);
#3334=EDGE_CURVE('',#2671,#2672,#1459,.T.);
#3335=EDGE_CURVE('',#2673,#2672,#1460,.T.);
#3336=EDGE_CURVE('',#2673,#2674,#1461,.T.);
#3337=EDGE_CURVE('',#2675,#2674,#203,.T.);
#3338=EDGE_CURVE('',#2675,#2676,#1462,.T.);
#3339=EDGE_CURVE('',#2677,#2676,#1463,.T.);
#3340=EDGE_CURVE('',#2677,#2678,#1464,.T.);
#3341=EDGE_CURVE('',#2666,#2678,#204,.T.);
#3342=EDGE_CURVE('',#2658,#2665,#1465,.T.);
#3343=EDGE_CURVE('',#2679,#2680,#1466,.T.);
#3344=EDGE_CURVE('',#2674,#2680,#1467,.T.);
#3345=EDGE_CURVE('',#2673,#2679,#1468,.T.);
#3346=EDGE_CURVE('',#2680,#2633,#205,.T.);
#3347=EDGE_CURVE('',#2634,#2679,#206,.T.);
#3348=EDGE_CURVE('',#2681,#2682,#1469,.T.);
#3349=EDGE_CURVE('',#2672,#2682,#1470,.T.);
#3350=EDGE_CURVE('',#2671,#2681,#1471,.T.);
#3351=EDGE_CURVE('',#2636,#2681,#207,.T.);
#3352=EDGE_CURVE('',#2682,#2635,#208,.T.);
#3353=EDGE_CURVE('',#2683,#2684,#1472,.T.);
#3354=EDGE_CURVE('',#2668,#2684,#1473,.T.);
#3355=EDGE_CURVE('',#2667,#2683,#1474,.T.);
#3356=EDGE_CURVE('',#2685,#2686,#1475,.T.);
#3357=EDGE_CURVE('',#2684,#2685,#209,.T.);
#3358=EDGE_CURVE('',#2686,#2683,#210,.T.);
#3359=EDGE_CURVE('',#2606,#2607,#1476,.T.);
#3360=EDGE_CURVE('',#2503,#2685,#1477,.T.);
#3361=EDGE_CURVE('',#2686,#2502,#1478,.T.);
#3362=EDGE_CURVE('',#2505,#2687,#1479,.T.);
#3363=EDGE_CURVE('',#2687,#2688,#1480,.T.);
#3364=EDGE_CURVE('',#2688,#2504,#1481,.T.);
#3365=EDGE_CURVE('',#2689,#2690,#1482,.T.);
#3366=EDGE_CURVE('',#2678,#2690,#1483,.T.);
#3367=EDGE_CURVE('',#2677,#2689,#1484,.T.);
#3368=EDGE_CURVE('',#2690,#2625,#211,.T.);
#3369=EDGE_CURVE('',#2626,#2689,#212,.T.);
#3370=EDGE_CURVE('',#2691,#2692,#1485,.T.);
#3371=EDGE_CURVE('',#2676,#2692,#1486,.T.);
#3372=EDGE_CURVE('',#2675,#2691,#1487,.T.);
#3373=EDGE_CURVE('',#2628,#2691,#213,.T.);
#3374=EDGE_CURVE('',#2692,#2627,#214,.T.);
#3375=EDGE_CURVE('',#2693,#2694,#1488,.T.);
#3376=EDGE_CURVE('',#2670,#2694,#1489,.T.);
#3377=EDGE_CURVE('',#2669,#2693,#1490,.T.);
#3378=EDGE_CURVE('',#2694,#2687,#215,.T.);
#3379=EDGE_CURVE('',#2688,#2693,#216,.T.);
#3380=EDGE_CURVE('',#2673,#2480,#1491,.T.);
#3381=EDGE_CURVE('',#2672,#2481,#1492,.T.);
#3382=EDGE_CURVE('',#2676,#2497,#1493,.T.);
#3383=EDGE_CURVE('',#2677,#2496,#1494,.T.);
#3384=EDGE_CURVE('',#2665,#2493,#1495,.T.);
#3385=EDGE_CURVE('',#2658,#2492,#1496,.T.);
#3386=EDGE_CURVE('',#2668,#2487,#1497,.T.);
#3387=EDGE_CURVE('',#2669,#2486,#1498,.T.);
#3388=EDGE_CURVE('',#2614,#2695,#217,.T.);
#3389=EDGE_CURVE('',#2695,#2696,#1499,.T.);
#3390=EDGE_CURVE('',#2696,#2613,#19,.T.);
#3391=EDGE_CURVE('',#2697,#2698,#1500,.T.);
#3392=EDGE_CURVE('',#2698,#2616,#218,.T.);
#3393=EDGE_CURVE('',#2615,#2697,#20,.T.);
#3394=EDGE_CURVE('',#2696,#2697,#1501,.T.);
#3395=EDGE_CURVE('',#2699,#2700,#1502,.T.);
#3396=EDGE_CURVE('',#2700,#2701,#219,.T.);
#3397=EDGE_CURVE('',#2701,#2702,#1503,.T.);
#3398=EDGE_CURVE('',#2702,#2703,#220,.T.);
#3399=EDGE_CURVE('',#2703,#2699,#2344,.T.);
#3400=EDGE_CURVE('',#2704,#2705,#1504,.T.);
#3401=EDGE_CURVE('',#2705,#2706,#221,.T.);
#3402=EDGE_CURVE('',#2706,#2707,#1505,.T.);
#3403=EDGE_CURVE('',#2707,#2708,#2345,.T.);
#3404=EDGE_CURVE('',#2708,#2704,#222,.T.);
#3405=EDGE_CURVE('',#2703,#2708,#223,.T.);
#3406=EDGE_CURVE('',#2707,#2699,#224,.T.);
#3407=EDGE_CURVE('',#2700,#2706,#225,.T.);
#3408=EDGE_CURVE('',#2695,#2463,#1506,.T.);
#3409=EDGE_CURVE('',#2620,#2462,#1507,.T.);
#3410=EDGE_CURVE('',#2620,#2705,#1508,.T.);
#3411=EDGE_CURVE('',#2696,#2704,#1509,.T.);
#3412=EDGE_CURVE('',#2702,#2697,#1510,.T.);
#3413=EDGE_CURVE('',#2619,#2701,#1511,.T.);
#3414=EDGE_CURVE('',#2622,#2460,#1512,.T.);
#3415=EDGE_CURVE('',#2621,#2461,#1513,.T.);
#3416=EDGE_CURVE('',#2619,#2457,#1514,.T.);
#3417=EDGE_CURVE('',#2698,#2456,#1515,.T.);
#3418=EDGE_CURVE('',#2618,#2458,#1516,.T.);
#3419=EDGE_CURVE('',#2617,#2459,#1517,.T.);
#3420=EDGE_CURVE('',#2624,#2650,#1518,.T.);
#3421=EDGE_CURVE('',#2651,#2623,#1519,.T.);
#3422=EDGE_CURVE('',#2653,#2629,#1520,.T.);
#3423=EDGE_CURVE('',#2630,#2652,#1521,.T.);
#3424=EDGE_CURVE('',#2556,#2551,#1522,.T.);
#3425=EDGE_CURVE('',#2552,#2531,#1523,.T.);
#3426=EDGE_CURVE('',#2533,#2537,#1524,.T.);
#3427=EDGE_CURVE('',#2709,#2709,#226,.T.);
#3428=EDGE_CURVE('',#2709,#2654,#227,.T.);
#3429=EDGE_CURVE('',#2710,#2710,#228,.T.);
#3430=EDGE_CURVE('',#2710,#2645,#229,.T.);
#3431=EDGE_CURVE('',#2711,#2711,#230,.T.);
#3432=EDGE_CURVE('',#2712,#2712,#231,.T.);
#3433=EDGE_CURVE('',#2713,#2713,#232,.T.);
#3434=EDGE_CURVE('',#2713,#2711,#1525,.T.);
#3435=EDGE_CURVE('',#2714,#2714,#233,.T.);
#3436=EDGE_CURVE('',#2714,#2715,#1526,.T.);
#3437=EDGE_CURVE('',#2715,#2715,#234,.T.);
#3438=EDGE_CURVE('',#2712,#2716,#1527,.T.);
#3439=EDGE_CURVE('',#2716,#2716,#235,.T.);
#3440=EDGE_CURVE('',#2717,#2717,#236,.T.);
#3441=EDGE_CURVE('',#2717,#2718,#1528,.T.);
#3442=EDGE_CURVE('',#2718,#2718,#237,.T.);
#3443=EDGE_CURVE('',#2719,#2720,#1529,.T.);
#3444=EDGE_CURVE('',#2720,#2721,#1530,.T.);
#3445=EDGE_CURVE('',#2721,#2722,#1531,.T.);
#3446=EDGE_CURVE('',#2722,#2719,#1532,.T.);
#3447=EDGE_CURVE('',#2723,#2724,#1533,.T.);
#3448=EDGE_CURVE('',#2724,#2725,#1534,.T.);
#3449=EDGE_CURVE('',#2725,#2726,#1535,.T.);
#3450=EDGE_CURVE('',#2726,#2723,#1536,.T.);
#3451=EDGE_CURVE('',#2727,#2728,#1537,.T.);
#3452=EDGE_CURVE('',#2728,#2729,#1538,.T.);
#3453=EDGE_CURVE('',#2729,#2730,#1539,.T.);
#3454=EDGE_CURVE('',#2730,#2727,#1540,.T.);
#3455=EDGE_CURVE('',#2731,#2732,#1541,.T.);
#3456=EDGE_CURVE('',#2732,#2733,#1542,.T.);
#3457=EDGE_CURVE('',#2733,#2734,#1543,.T.);
#3458=EDGE_CURVE('',#2734,#2731,#1544,.T.);
#3459=EDGE_CURVE('',#2735,#2736,#1545,.T.);
#3460=EDGE_CURVE('',#2736,#2737,#1546,.T.);
#3461=EDGE_CURVE('',#2737,#2738,#1547,.T.);
#3462=EDGE_CURVE('',#2738,#2735,#1548,.T.);
#3463=EDGE_CURVE('',#2739,#2740,#1549,.T.);
#3464=EDGE_CURVE('',#2740,#2741,#1550,.T.);
#3465=EDGE_CURVE('',#2742,#2741,#1551,.T.);
#3466=EDGE_CURVE('',#2742,#2739,#1552,.T.);
#3467=EDGE_CURVE('',#2743,#2744,#1553,.T.);
#3468=EDGE_CURVE('',#2744,#2745,#1554,.T.);
#3469=EDGE_CURVE('',#2745,#2746,#1555,.T.);
#3470=EDGE_CURVE('',#2746,#2743,#1556,.T.);
#3471=EDGE_CURVE('',#2747,#2748,#1557,.T.);
#3472=EDGE_CURVE('',#2748,#2749,#1558,.T.);
#3473=EDGE_CURVE('',#2750,#2749,#1559,.T.);
#3474=EDGE_CURVE('',#2750,#2747,#1560,.T.);
#3475=EDGE_CURVE('',#2751,#2752,#1561,.T.);
#3476=EDGE_CURVE('',#2753,#2752,#1562,.T.);
#3477=EDGE_CURVE('',#2753,#2754,#1563,.T.);
#3478=EDGE_CURVE('',#2754,#2751,#1564,.T.);
#3479=EDGE_CURVE('',#2755,#2756,#1565,.T.);
#3480=EDGE_CURVE('',#2757,#2756,#1566,.T.);
#3481=EDGE_CURVE('',#2757,#2758,#1567,.T.);
#3482=EDGE_CURVE('',#2758,#2755,#1568,.T.);
#3483=EDGE_CURVE('',#2759,#2740,#1569,.T.);
#3484=EDGE_CURVE('',#2759,#2760,#1570,.T.);
#3485=EDGE_CURVE('',#2741,#2760,#1571,.T.);
#3486=EDGE_CURVE('',#2761,#2742,#1572,.T.);
#3487=EDGE_CURVE('',#2762,#2761,#1573,.T.);
#3488=EDGE_CURVE('',#2762,#2739,#1574,.T.);
#3489=EDGE_CURVE('',#2723,#2722,#1575,.T.);
#3490=EDGE_CURVE('',#2719,#2726,#1576,.T.);
#3491=EDGE_CURVE('',#2759,#2762,#1577,.T.);
#3492=EDGE_CURVE('',#2721,#2724,#1578,.T.);
#3493=EDGE_CURVE('',#2720,#2725,#1579,.T.);
#3494=EDGE_CURVE('',#2756,#2735,#1580,.T.);
#3495=EDGE_CURVE('',#2755,#2736,#1581,.T.);
#3496=EDGE_CURVE('',#2758,#2737,#1582,.T.);
#3497=EDGE_CURVE('',#2757,#2738,#1583,.T.);
#3498=EDGE_CURVE('',#2728,#2733,#1584,.T.);
#3499=EDGE_CURVE('',#2727,#2734,#1585,.T.);
#3500=EDGE_CURVE('',#2763,#2748,#1586,.T.);
#3501=EDGE_CURVE('',#2763,#2764,#1587,.T.);
#3502=EDGE_CURVE('',#2749,#2764,#1588,.T.);
#3503=EDGE_CURVE('',#2765,#2750,#1589,.T.);
#3504=EDGE_CURVE('',#2766,#2765,#1590,.T.);
#3505=EDGE_CURVE('',#2766,#2747,#1591,.T.);
#3506=EDGE_CURVE('',#2730,#2731,#1592,.T.);
#3507=EDGE_CURVE('',#2763,#2766,#1593,.T.);
#3508=EDGE_CURVE('',#2729,#2732,#1594,.T.);
#3509=EDGE_CURVE('',#2752,#2743,#1595,.T.);
#3510=EDGE_CURVE('',#2751,#2744,#1596,.T.);
#3511=EDGE_CURVE('',#2754,#2745,#1597,.T.);
#3512=EDGE_CURVE('',#2753,#2746,#1598,.T.);
#3513=EDGE_CURVE('',#2767,#2760,#1599,.T.);
#3514=EDGE_CURVE('',#2767,#2557,#1600,.T.);
#3515=EDGE_CURVE('',#2761,#2546,#1601,.T.);
#3516=EDGE_CURVE('',#2587,#2764,#1602,.T.);
#3517=EDGE_CURVE('',#2765,#2578,#1603,.T.);
#3518=EDGE_CURVE('',#2767,#2526,#1604,.T.);
#3519=EDGE_CURVE('',#2768,#2769,#238,.T.);
#3520=EDGE_CURVE('',#2768,#2770,#1605,.T.);
#3521=EDGE_CURVE('',#2771,#2770,#239,.T.);
#3522=EDGE_CURVE('',#2771,#2769,#1606,.T.);
#3523=EDGE_CURVE('',#2769,#2772,#1607,.T.);
#3524=EDGE_CURVE('',#2772,#2773,#240,.T.);
#3525=EDGE_CURVE('',#2774,#2773,#1608,.T.);
#3526=EDGE_CURVE('',#2774,#2775,#1609,.T.);
#3527=EDGE_CURVE('',#2775,#2768,#1610,.T.);
#3528=EDGE_CURVE('',#2776,#2771,#1611,.T.);
#3529=EDGE_CURVE('',#2772,#2776,#1612,.T.);
#3530=EDGE_CURVE('',#2777,#2776,#241,.T.);
#3531=EDGE_CURVE('',#2777,#2773,#1613,.T.);
#3532=EDGE_CURVE('',#2778,#2770,#1614,.T.);
#3533=EDGE_CURVE('',#2778,#2779,#1615,.T.);
#3534=EDGE_CURVE('',#2777,#2779,#1616,.T.);
#3535=EDGE_CURVE('',#2780,#2778,#1617,.T.);
#3536=EDGE_CURVE('',#2781,#2780,#1618,.T.);
#3537=EDGE_CURVE('',#2779,#2781,#1619,.T.);
#3538=EDGE_CURVE('',#2775,#2782,#1620,.T.);
#3539=EDGE_CURVE('',#2780,#2782,#1621,.T.);
#3540=EDGE_CURVE('',#2781,#2783,#1622,.T.);
#3541=EDGE_CURVE('',#2783,#2774,#1623,.T.);
#3542=EDGE_CURVE('',#2782,#2522,#1624,.T.);
#3543=EDGE_CURVE('',#2517,#2783,#1625,.T.);
#3544=EDGE_CURVE('',#2527,#2512,#1626,.T.);
#3545=EDGE_CURVE('',#2784,#2785,#242,.T.);
#3546=EDGE_CURVE('',#2785,#2786,#1627,.T.);
#3547=EDGE_CURVE('',#2786,#2787,#243,.T.);
#3548=EDGE_CURVE('',#2787,#2784,#1628,.T.);
#3549=EDGE_CURVE('',#2788,#2786,#1629,.T.);
#3550=EDGE_CURVE('',#2789,#2788,#1630,.T.);
#3551=EDGE_CURVE('',#2790,#2789,#1631,.T.);
#3552=EDGE_CURVE('',#2791,#2790,#244,.T.);
#3553=EDGE_CURVE('',#2792,#2791,#1632,.T.);
#3554=EDGE_CURVE('',#2792,#2787,#1633,.T.);
#3555=EDGE_CURVE('',#2785,#2793,#1634,.T.);
#3556=EDGE_CURVE('',#2793,#2788,#1635,.T.);
#3557=EDGE_CURVE('',#2794,#2795,#245,.T.);
#3558=EDGE_CURVE('',#2795,#2796,#1636,.T.);
#3559=EDGE_CURVE('',#2796,#2797,#246,.T.);
#3560=EDGE_CURVE('',#2797,#2794,#1637,.T.);
#3561=EDGE_CURVE('',#2796,#2798,#247,.T.);
#3562=EDGE_CURVE('',#2798,#2799,#248,.T.);
#3563=EDGE_CURVE('',#2799,#2797,#249,.T.);
#3564=EDGE_CURVE('',#2800,#2801,#250,.T.);
#3565=EDGE_CURVE('',#2801,#2799,#1638,.T.);
#3566=EDGE_CURVE('',#2798,#2800,#1639,.T.);
#3567=EDGE_CURVE('',#2802,#2800,#1640,.T.);
#3568=EDGE_CURVE('',#2803,#2802,#1641,.T.);
#3569=EDGE_CURVE('',#2804,#2803,#251,.T.);
#3570=EDGE_CURVE('',#2804,#2805,#1642,.T.);
#3571=EDGE_CURVE('',#2806,#2805,#1643,.T.);
#3572=EDGE_CURVE('',#2801,#2806,#1644,.T.);
#3573=EDGE_CURVE('',#2807,#2798,#1645,.T.);
#3574=EDGE_CURVE('',#2802,#2807,#1646,.T.);
#3575=EDGE_CURVE('',#2796,#2808,#1647,.T.);
#3576=EDGE_CURVE('',#2808,#2807,#252,.F.);
#3577=EDGE_CURVE('',#2809,#2795,#1648,.T.);
#3578=EDGE_CURVE('',#2808,#2809,#1649,.T.);
#3579=EDGE_CURVE('',#2810,#2811,#253,.T.);
#3580=EDGE_CURVE('',#2811,#2812,#1650,.T.);
#3581=EDGE_CURVE('',#2812,#2813,#254,.T.);
#3582=EDGE_CURVE('',#2813,#2810,#1651,.T.);
#3583=EDGE_CURVE('',#2812,#2814,#255,.T.);
#3584=EDGE_CURVE('',#2814,#2815,#256,.T.);
#3585=EDGE_CURVE('',#2815,#2813,#257,.T.);
#3586=EDGE_CURVE('',#2816,#2817,#258,.T.);
#3587=EDGE_CURVE('',#2817,#2815,#1652,.T.);
#3588=EDGE_CURVE('',#2814,#2816,#1653,.T.);
#3589=EDGE_CURVE('',#2818,#2816,#1654,.T.);
#3590=EDGE_CURVE('',#2819,#2818,#1655,.T.);
#3591=EDGE_CURVE('',#2820,#2819,#259,.T.);
#3592=EDGE_CURVE('',#2820,#2821,#1656,.T.);
#3593=EDGE_CURVE('',#2822,#2821,#1657,.T.);
#3594=EDGE_CURVE('',#2817,#2822,#1658,.T.);
#3595=EDGE_CURVE('',#2823,#2814,#1659,.T.);
#3596=EDGE_CURVE('',#2818,#2823,#1660,.T.);
#3597=EDGE_CURVE('',#2812,#2824,#1661,.T.);
#3598=EDGE_CURVE('',#2824,#2823,#260,.F.);
#3599=EDGE_CURVE('',#2825,#2811,#1662,.T.);
#3600=EDGE_CURVE('',#2824,#2825,#1663,.T.);
#3601=EDGE_CURVE('',#2826,#2784,#1664,.T.);
#3602=EDGE_CURVE('',#2827,#2826,#1665,.T.);
#3603=EDGE_CURVE('',#2828,#2827,#261,.T.);
#3604=EDGE_CURVE('',#2828,#2829,#1666,.T.);
#3605=EDGE_CURVE('',#2793,#2829,#1667,.T.);
#3606=EDGE_CURVE('',#2826,#2792,#1668,.T.);
#3607=EDGE_CURVE('',#2797,#2830,#1669,.T.);
#3608=EDGE_CURVE('',#2830,#2831,#1670,.T.);
#3609=EDGE_CURVE('',#2831,#2794,#1671,.T.);
#3610=EDGE_CURVE('',#2799,#2832,#1672,.T.);
#3611=EDGE_CURVE('',#2832,#2830,#262,.T.);
#3612=EDGE_CURVE('',#2806,#2832,#1673,.T.);
#3613=EDGE_CURVE('',#2822,#2833,#1674,.T.);
#3614=EDGE_CURVE('',#2833,#2815,#1675,.T.);
#3615=EDGE_CURVE('',#2833,#2834,#263,.T.);
#3616=EDGE_CURVE('',#2834,#2813,#1676,.T.);
#3617=EDGE_CURVE('',#2834,#2835,#1677,.T.);
#3618=EDGE_CURVE('',#2835,#2810,#1678,.T.);
#3619=EDGE_CURVE('',#2821,#2836,#1679,.T.);
#3620=EDGE_CURVE('',#2837,#2836,#264,.T.);
#3621=EDGE_CURVE('',#2837,#2838,#1680,.T.);
#3622=EDGE_CURVE('',#2838,#2835,#1681,.T.);
#3623=EDGE_CURVE('',#2839,#2840,#1682,.T.);
#3624=EDGE_CURVE('',#2839,#2841,#1683,.T.);
#3625=EDGE_CURVE('',#2842,#2841,#1684,.T.);
#3626=EDGE_CURVE('',#2840,#2842,#1685,.T.);
#3627=EDGE_CURVE('',#2840,#2843,#1686,.T.);
#3628=EDGE_CURVE('',#2844,#2842,#1687,.T.);
#3629=EDGE_CURVE('',#2843,#2844,#1688,.T.);
#3630=EDGE_CURVE('',#2843,#2845,#1689,.T.);
#3631=EDGE_CURVE('',#2846,#2844,#1690,.T.);
#3632=EDGE_CURVE('',#2845,#2846,#1691,.T.);
#3633=EDGE_CURVE('',#2845,#2847,#265,.T.);
#3634=EDGE_CURVE('',#2848,#2846,#266,.T.);
#3635=EDGE_CURVE('',#2847,#2848,#1692,.T.);
#3636=EDGE_CURVE('',#2847,#2849,#1693,.T.);
#3637=EDGE_CURVE('',#2850,#2848,#1694,.T.);
#3638=EDGE_CURVE('',#2849,#2850,#1695,.T.);
#3639=EDGE_CURVE('',#2849,#2839,#267,.T.);
#3640=EDGE_CURVE('',#2841,#2850,#268,.T.);
#3641=EDGE_CURVE('',#2851,#2852,#1696,.T.);
#3642=EDGE_CURVE('',#2852,#2853,#1697,.T.);
#3643=EDGE_CURVE('',#2853,#2854,#269,.T.);
#3644=EDGE_CURVE('',#2854,#2855,#1698,.T.);
#3645=EDGE_CURVE('',#2855,#2856,#270,.T.);
#3646=EDGE_CURVE('',#2856,#2851,#1699,.T.);
#3647=EDGE_CURVE('',#2857,#2858,#271,.T.);
#3648=EDGE_CURVE('',#2858,#2859,#1700,.T.);
#3649=EDGE_CURVE('',#2859,#2860,#272,.T.);
#3650=EDGE_CURVE('',#2860,#2857,#1701,.T.);
#3651=EDGE_CURVE('',#2857,#2861,#273,.T.);
#3652=EDGE_CURVE('',#2861,#2858,#274,.T.);
#3653=EDGE_CURVE('',#2805,#2860,#1702,.T.);
#3654=EDGE_CURVE('',#2857,#2804,#1703,.T.);
#3655=EDGE_CURVE('',#2862,#2863,#275,.T.);
#3656=EDGE_CURVE('',#2863,#2837,#1704,.T.);
#3657=EDGE_CURVE('',#2836,#2862,#1705,.T.);
#3658=EDGE_CURVE('',#2862,#2864,#276,.T.);
#3659=EDGE_CURVE('',#2864,#2863,#277,.T.);
#3660=EDGE_CURVE('',#2862,#2820,#1706,.T.);
#3661=EDGE_CURVE('',#2864,#2865,#1707,.T.);
#3662=EDGE_CURVE('',#2865,#2866,#278,.T.);
#3663=EDGE_CURVE('',#2866,#2863,#1708,.T.);
#3664=EDGE_CURVE('',#2819,#2864,#1709,.T.);
#3665=EDGE_CURVE('',#2867,#2868,#279,.T.);
#3666=EDGE_CURVE('',#2867,#2869,#1710,.T.);
#3667=EDGE_CURVE('',#2870,#2869,#280,.T.);
#3668=EDGE_CURVE('',#2870,#2871,#1711,.T.);
#3669=EDGE_CURVE('',#2871,#2872,#1712,.T.);
#3670=EDGE_CURVE('',#2872,#2868,#1713,.T.);
#3671=EDGE_CURVE('',#2827,#2791,#1714,.T.);
#3672=EDGE_CURVE('',#2825,#2865,#1715,.T.);
#3673=EDGE_CURVE('',#2809,#2873,#1716,.T.);
#3674=EDGE_CURVE('',#2861,#2873,#1717,.T.);
#3675=EDGE_CURVE('',#2803,#2861,#1718,.T.);
#3676=EDGE_CURVE('',#2873,#2874,#281,.T.);
#3677=EDGE_CURVE('',#2874,#2858,#1719,.T.);
#3678=EDGE_CURVE('',#2790,#2828,#1720,.T.);
#3679=EDGE_CURVE('',#2829,#2789,#1721,.T.);
#3680=EDGE_CURVE('',#2866,#2838,#1722,.T.);
#3681=EDGE_CURVE('',#2875,#2831,#1723,.T.);
#3682=EDGE_CURVE('',#2874,#2875,#1724,.T.);
#3683=EDGE_CURVE('',#2859,#2875,#1725,.T.);
#3684=EDGE_CURVE('',#2867,#2855,#1726,.T.);
#3685=EDGE_CURVE('',#2869,#2854,#1727,.T.);
#3686=EDGE_CURVE('',#2870,#2853,#1728,.T.);
#3687=EDGE_CURVE('',#2871,#2852,#1729,.T.);
#3688=EDGE_CURVE('',#2872,#2851,#1730,.T.);
#3689=EDGE_CURVE('',#2868,#2856,#1731,.T.);
#3690=ORIENTED_EDGE('',*,*,#2876,.F.);
#3691=ORIENTED_EDGE('',*,*,#2877,.T.);
#3692=ORIENTED_EDGE('',*,*,#2878,.T.);
#3693=ORIENTED_EDGE('',*,*,#2879,.F.);
#3694=ORIENTED_EDGE('',*,*,#2880,.F.);
#3695=ORIENTED_EDGE('',*,*,#2881,.T.);
#3696=ORIENTED_EDGE('',*,*,#2882,.T.);
#3697=ORIENTED_EDGE('',*,*,#2877,.F.);
#3698=ORIENTED_EDGE('',*,*,#2883,.F.);
#3699=ORIENTED_EDGE('',*,*,#2884,.T.);
#3700=ORIENTED_EDGE('',*,*,#2885,.T.);
#3701=ORIENTED_EDGE('',*,*,#2881,.F.);
#3702=ORIENTED_EDGE('',*,*,#2886,.F.);
#3703=ORIENTED_EDGE('',*,*,#2887,.T.);
#3704=ORIENTED_EDGE('',*,*,#2888,.T.);
#3705=ORIENTED_EDGE('',*,*,#2884,.F.);
#3706=ORIENTED_EDGE('',*,*,#2889,.F.);
#3707=ORIENTED_EDGE('',*,*,#2890,.T.);
#3708=ORIENTED_EDGE('',*,*,#2891,.T.);
#3709=ORIENTED_EDGE('',*,*,#2887,.F.);
#3710=ORIENTED_EDGE('',*,*,#2892,.F.);
#3711=ORIENTED_EDGE('',*,*,#2893,.T.);
#3712=ORIENTED_EDGE('',*,*,#2894,.T.);
#3713=ORIENTED_EDGE('',*,*,#2890,.F.);
#3714=ORIENTED_EDGE('',*,*,#2895,.F.);
#3715=ORIENTED_EDGE('',*,*,#2896,.T.);
#3716=ORIENTED_EDGE('',*,*,#2897,.T.);
#3717=ORIENTED_EDGE('',*,*,#2893,.F.);
#3718=ORIENTED_EDGE('',*,*,#2898,.F.);
#3719=ORIENTED_EDGE('',*,*,#2899,.T.);
#3720=ORIENTED_EDGE('',*,*,#2900,.T.);
#3721=ORIENTED_EDGE('',*,*,#2896,.F.);
#3722=ORIENTED_EDGE('',*,*,#2901,.F.);
#3723=ORIENTED_EDGE('',*,*,#2902,.T.);
#3724=ORIENTED_EDGE('',*,*,#2903,.T.);
#3725=ORIENTED_EDGE('',*,*,#2899,.F.);
#3726=ORIENTED_EDGE('',*,*,#2904,.F.);
#3727=ORIENTED_EDGE('',*,*,#2905,.T.);
#3728=ORIENTED_EDGE('',*,*,#2906,.T.);
#3729=ORIENTED_EDGE('',*,*,#2902,.F.);
#3730=ORIENTED_EDGE('',*,*,#2907,.F.);
#3731=ORIENTED_EDGE('',*,*,#2908,.T.);
#3732=ORIENTED_EDGE('',*,*,#2909,.T.);
#3733=ORIENTED_EDGE('',*,*,#2905,.F.);
#3734=ORIENTED_EDGE('',*,*,#2910,.F.);
#3735=ORIENTED_EDGE('',*,*,#2911,.T.);
#3736=ORIENTED_EDGE('',*,*,#2912,.T.);
#3737=ORIENTED_EDGE('',*,*,#2908,.F.);
#3738=ORIENTED_EDGE('',*,*,#2913,.F.);
#3739=ORIENTED_EDGE('',*,*,#2914,.T.);
#3740=ORIENTED_EDGE('',*,*,#2915,.T.);
#3741=ORIENTED_EDGE('',*,*,#2911,.F.);
#3742=ORIENTED_EDGE('',*,*,#2916,.F.);
#3743=ORIENTED_EDGE('',*,*,#2917,.T.);
#3744=ORIENTED_EDGE('',*,*,#2918,.T.);
#3745=ORIENTED_EDGE('',*,*,#2914,.F.);
#3746=ORIENTED_EDGE('',*,*,#2919,.F.);
#3747=ORIENTED_EDGE('',*,*,#2920,.T.);
#3748=ORIENTED_EDGE('',*,*,#2921,.T.);
#3749=ORIENTED_EDGE('',*,*,#2917,.F.);
#3750=ORIENTED_EDGE('',*,*,#2922,.F.);
#3751=ORIENTED_EDGE('',*,*,#2923,.T.);
#3752=ORIENTED_EDGE('',*,*,#2924,.T.);
#3753=ORIENTED_EDGE('',*,*,#2920,.F.);
#3754=ORIENTED_EDGE('',*,*,#2925,.F.);
#3755=ORIENTED_EDGE('',*,*,#2926,.T.);
#3756=ORIENTED_EDGE('',*,*,#2927,.T.);
#3757=ORIENTED_EDGE('',*,*,#2923,.F.);
#3758=ORIENTED_EDGE('',*,*,#2928,.F.);
#3759=ORIENTED_EDGE('',*,*,#2929,.T.);
#3760=ORIENTED_EDGE('',*,*,#2930,.T.);
#3761=ORIENTED_EDGE('',*,*,#2926,.F.);
#3762=ORIENTED_EDGE('',*,*,#2931,.F.);
#3763=ORIENTED_EDGE('',*,*,#2932,.T.);
#3764=ORIENTED_EDGE('',*,*,#2933,.T.);
#3765=ORIENTED_EDGE('',*,*,#2929,.F.);
#3766=ORIENTED_EDGE('',*,*,#2934,.F.);
#3767=ORIENTED_EDGE('',*,*,#2935,.T.);
#3768=ORIENTED_EDGE('',*,*,#2936,.T.);
#3769=ORIENTED_EDGE('',*,*,#2932,.F.);
#3770=ORIENTED_EDGE('',*,*,#2937,.F.);
#3771=ORIENTED_EDGE('',*,*,#2879,.T.);
#3772=ORIENTED_EDGE('',*,*,#2938,.T.);
#3773=ORIENTED_EDGE('',*,*,#2935,.F.);
#3774=ORIENTED_EDGE('',*,*,#2938,.F.);
#3775=ORIENTED_EDGE('',*,*,#2878,.F.);
#3776=ORIENTED_EDGE('',*,*,#2882,.F.);
#3777=ORIENTED_EDGE('',*,*,#2885,.F.);
#3778=ORIENTED_EDGE('',*,*,#2888,.F.);
#3779=ORIENTED_EDGE('',*,*,#2891,.F.);
#3780=ORIENTED_EDGE('',*,*,#2894,.F.);
#3781=ORIENTED_EDGE('',*,*,#2897,.F.);
#3782=ORIENTED_EDGE('',*,*,#2900,.F.);
#3783=ORIENTED_EDGE('',*,*,#2903,.F.);
#3784=ORIENTED_EDGE('',*,*,#2906,.F.);
#3785=ORIENTED_EDGE('',*,*,#2909,.F.);
#3786=ORIENTED_EDGE('',*,*,#2912,.F.);
#3787=ORIENTED_EDGE('',*,*,#2915,.F.);
#3788=ORIENTED_EDGE('',*,*,#2918,.F.);
#3789=ORIENTED_EDGE('',*,*,#2921,.F.);
#3790=ORIENTED_EDGE('',*,*,#2924,.F.);
#3791=ORIENTED_EDGE('',*,*,#2927,.F.);
#3792=ORIENTED_EDGE('',*,*,#2930,.F.);
#3793=ORIENTED_EDGE('',*,*,#2933,.F.);
#3794=ORIENTED_EDGE('',*,*,#2936,.F.);
#3795=ORIENTED_EDGE('',*,*,#2939,.F.);
#3796=ORIENTED_EDGE('',*,*,#2940,.T.);
#3797=ORIENTED_EDGE('',*,*,#2941,.T.);
#3798=ORIENTED_EDGE('',*,*,#2942,.F.);
#3799=ORIENTED_EDGE('',*,*,#2943,.F.);
#3800=ORIENTED_EDGE('',*,*,#2944,.T.);
#3801=ORIENTED_EDGE('',*,*,#2945,.T.);
#3802=ORIENTED_EDGE('',*,*,#2940,.F.);
#3803=ORIENTED_EDGE('',*,*,#2946,.F.);
#3804=ORIENTED_EDGE('',*,*,#2947,.T.);
#3805=ORIENTED_EDGE('',*,*,#2948,.T.);
#3806=ORIENTED_EDGE('',*,*,#2944,.F.);
#3807=ORIENTED_EDGE('',*,*,#2949,.F.);
#3808=ORIENTED_EDGE('',*,*,#2950,.T.);
#3809=ORIENTED_EDGE('',*,*,#2951,.T.);
#3810=ORIENTED_EDGE('',*,*,#2947,.F.);
#3811=ORIENTED_EDGE('',*,*,#2952,.F.);
#3812=ORIENTED_EDGE('',*,*,#2953,.T.);
#3813=ORIENTED_EDGE('',*,*,#2954,.T.);
#3814=ORIENTED_EDGE('',*,*,#2950,.F.);
#3815=ORIENTED_EDGE('',*,*,#2955,.F.);
#3816=ORIENTED_EDGE('',*,*,#2956,.T.);
#3817=ORIENTED_EDGE('',*,*,#2957,.T.);
#3818=ORIENTED_EDGE('',*,*,#2953,.F.);
#3819=ORIENTED_EDGE('',*,*,#2958,.F.);
#3820=ORIENTED_EDGE('',*,*,#2959,.T.);
#3821=ORIENTED_EDGE('',*,*,#2960,.T.);
#3822=ORIENTED_EDGE('',*,*,#2956,.F.);
#3823=ORIENTED_EDGE('',*,*,#2961,.F.);
#3824=ORIENTED_EDGE('',*,*,#2942,.T.);
#3825=ORIENTED_EDGE('',*,*,#2962,.T.);
#3826=ORIENTED_EDGE('',*,*,#2959,.F.);
#3827=ORIENTED_EDGE('',*,*,#2962,.F.);
#3828=ORIENTED_EDGE('',*,*,#2941,.F.);
#3829=ORIENTED_EDGE('',*,*,#2945,.F.);
#3830=ORIENTED_EDGE('',*,*,#2948,.F.);
#3831=ORIENTED_EDGE('',*,*,#2951,.F.);
#3832=ORIENTED_EDGE('',*,*,#2954,.F.);
#3833=ORIENTED_EDGE('',*,*,#2957,.F.);
#3834=ORIENTED_EDGE('',*,*,#2960,.F.);
#3835=ORIENTED_EDGE('',*,*,#2963,.T.);
#3836=ORIENTED_EDGE('',*,*,#2964,.T.);
#3837=ORIENTED_EDGE('',*,*,#2965,.T.);
#3838=ORIENTED_EDGE('',*,*,#2966,.T.);
#3839=ORIENTED_EDGE('',*,*,#2964,.F.);
#3840=ORIENTED_EDGE('',*,*,#2967,.F.);
#3841=ORIENTED_EDGE('',*,*,#2968,.F.);
#3842=ORIENTED_EDGE('',*,*,#2969,.F.);
#3843=ORIENTED_EDGE('',*,*,#2970,.T.);
#3844=ORIENTED_EDGE('',*,*,#2971,.T.);
#3845=ORIENTED_EDGE('',*,*,#2972,.T.);
#3846=ORIENTED_EDGE('',*,*,#2973,.T.);
#3847=ORIENTED_EDGE('',*,*,#2966,.F.);
#3848=ORIENTED_EDGE('',*,*,#2974,.F.);
#3849=ORIENTED_EDGE('',*,*,#2971,.F.);
#3850=ORIENTED_EDGE('',*,*,#2975,.F.);
#3851=ORIENTED_EDGE('',*,*,#2976,.T.);
#3852=ORIENTED_EDGE('',*,*,#2977,.T.);
#3853=ORIENTED_EDGE('',*,*,#2978,.T.);
#3854=ORIENTED_EDGE('',*,*,#2968,.T.);
#3855=ORIENTED_EDGE('',*,*,#2977,.F.);
#3856=ORIENTED_EDGE('',*,*,#2979,.F.);
#3857=ORIENTED_EDGE('',*,*,#2980,.F.);
#3858=ORIENTED_EDGE('',*,*,#2981,.F.);
#3859=ORIENTED_EDGE('',*,*,#2982,.T.);
#3860=ORIENTED_EDGE('',*,*,#2983,.T.);
#3861=ORIENTED_EDGE('',*,*,#2984,.T.);
#3862=ORIENTED_EDGE('',*,*,#2980,.T.);
#3863=ORIENTED_EDGE('',*,*,#2973,.F.);
#3864=ORIENTED_EDGE('',*,*,#2985,.F.);
#3865=ORIENTED_EDGE('',*,*,#2983,.F.);
#3866=ORIENTED_EDGE('',*,*,#2986,.F.);
#3867=ORIENTED_EDGE('',*,*,#2987,.F.);
#3868=ORIENTED_EDGE('',*,*,#2988,.T.);
#3869=ORIENTED_EDGE('',*,*,#2989,.F.);
#3870=ORIENTED_EDGE('',*,*,#2988,.F.);
#3871=ORIENTED_EDGE('',*,*,#2990,.F.);
#3872=ORIENTED_EDGE('',*,*,#2991,.T.);
#3873=ORIENTED_EDGE('',*,*,#2992,.F.);
#3874=ORIENTED_EDGE('',*,*,#2991,.F.);
#3875=ORIENTED_EDGE('',*,*,#2993,.F.);
#3876=ORIENTED_EDGE('',*,*,#2994,.T.);
#3877=ORIENTED_EDGE('',*,*,#2995,.F.);
#3878=ORIENTED_EDGE('',*,*,#2994,.F.);
#3879=ORIENTED_EDGE('',*,*,#2996,.F.);
#3880=ORIENTED_EDGE('',*,*,#2997,.T.);
#3881=ORIENTED_EDGE('',*,*,#2998,.F.);
#3882=ORIENTED_EDGE('',*,*,#2997,.F.);
#3883=ORIENTED_EDGE('',*,*,#2999,.F.);
#3884=ORIENTED_EDGE('',*,*,#3000,.F.);
#3885=ORIENTED_EDGE('',*,*,#3001,.F.);
#3886=ORIENTED_EDGE('',*,*,#3002,.F.);
#3887=ORIENTED_EDGE('',*,*,#3003,.F.);
#3888=ORIENTED_EDGE('',*,*,#3004,.F.);
#3889=ORIENTED_EDGE('',*,*,#3005,.F.);
#3890=ORIENTED_EDGE('',*,*,#3006,.F.);
#3891=ORIENTED_EDGE('',*,*,#3007,.T.);
#3892=ORIENTED_EDGE('',*,*,#3008,.T.);
#3893=ORIENTED_EDGE('',*,*,#3009,.T.);
#3894=ORIENTED_EDGE('',*,*,#3005,.T.);
#3895=ORIENTED_EDGE('',*,*,#3008,.F.);
#3896=ORIENTED_EDGE('',*,*,#3010,.F.);
#3897=ORIENTED_EDGE('',*,*,#3011,.F.);
#3898=ORIENTED_EDGE('',*,*,#3012,.F.);
#3899=ORIENTED_EDGE('',*,*,#3013,.T.);
#3900=ORIENTED_EDGE('',*,*,#3014,.T.);
#3901=ORIENTED_EDGE('',*,*,#3015,.T.);
#3902=ORIENTED_EDGE('',*,*,#3001,.T.);
#3903=ORIENTED_EDGE('',*,*,#3014,.F.);
#3904=ORIENTED_EDGE('',*,*,#3016,.F.);
#3905=ORIENTED_EDGE('',*,*,#3017,.F.);
#3906=ORIENTED_EDGE('',*,*,#3018,.F.);
#3907=ORIENTED_EDGE('',*,*,#3019,.T.);
#3908=ORIENTED_EDGE('',*,*,#2999,.T.);
#3909=ORIENTED_EDGE('',*,*,#3020,.T.);
#3910=ORIENTED_EDGE('',*,*,#3017,.T.);
#3911=ORIENTED_EDGE('',*,*,#3021,.T.);
#3912=ORIENTED_EDGE('',*,*,#3003,.T.);
#3913=ORIENTED_EDGE('',*,*,#3022,.T.);
#3914=ORIENTED_EDGE('',*,*,#3011,.T.);
#3915=ORIENTED_EDGE('',*,*,#3023,.T.);
#3916=ORIENTED_EDGE('',*,*,#3024,.T.);
#3917=ORIENTED_EDGE('',*,*,#3025,.T.);
#3918=ORIENTED_EDGE('',*,*,#3026,.T.);
#3919=ORIENTED_EDGE('',*,*,#3027,.T.);
#3920=ORIENTED_EDGE('',*,*,#3023,.F.);
#3921=ORIENTED_EDGE('',*,*,#3028,.T.);
#3922=ORIENTED_EDGE('',*,*,#3026,.F.);
#3923=ORIENTED_EDGE('',*,*,#3029,.T.);
#3924=ORIENTED_EDGE('',*,*,#3027,.F.);
#3925=ORIENTED_EDGE('',*,*,#3030,.F.);
#3926=ORIENTED_EDGE('',*,*,#3031,.F.);
#3927=ORIENTED_EDGE('',*,*,#3032,.F.);
#3928=ORIENTED_EDGE('',*,*,#3033,.T.);
#3929=ORIENTED_EDGE('',*,*,#3034,.F.);
#3930=ORIENTED_EDGE('',*,*,#3035,.F.);
#3931=ORIENTED_EDGE('',*,*,#3036,.F.);
#3932=ORIENTED_EDGE('',*,*,#3037,.F.);
#3933=ORIENTED_EDGE('',*,*,#3038,.T.);
#3934=ORIENTED_EDGE('',*,*,#3039,.T.);
#3935=ORIENTED_EDGE('',*,*,#3040,.T.);
#3936=ORIENTED_EDGE('',*,*,#3041,.T.);
#3937=ORIENTED_EDGE('',*,*,#3042,.T.);
#3938=ORIENTED_EDGE('',*,*,#3043,.T.);
#3939=ORIENTED_EDGE('',*,*,#3044,.T.);
#3940=ORIENTED_EDGE('',*,*,#3045,.T.);
#3941=ORIENTED_EDGE('',*,*,#3046,.T.);
#3942=ORIENTED_EDGE('',*,*,#3047,.T.);
#3943=ORIENTED_EDGE('',*,*,#3024,.F.);
#3944=ORIENTED_EDGE('',*,*,#3029,.F.);
#3945=ORIENTED_EDGE('',*,*,#3025,.F.);
#3946=ORIENTED_EDGE('',*,*,#3047,.F.);
#3947=ORIENTED_EDGE('',*,*,#3048,.T.);
#3948=ORIENTED_EDGE('',*,*,#3049,.T.);
#3949=ORIENTED_EDGE('',*,*,#3050,.T.);
#3950=ORIENTED_EDGE('',*,*,#3037,.T.);
#3951=ORIENTED_EDGE('',*,*,#3050,.F.);
#3952=ORIENTED_EDGE('',*,*,#3051,.T.);
#3953=ORIENTED_EDGE('',*,*,#3052,.T.);
#3954=ORIENTED_EDGE('',*,*,#3048,.F.);
#3955=ORIENTED_EDGE('',*,*,#3049,.F.);
#3956=ORIENTED_EDGE('',*,*,#3052,.F.);
#3957=ORIENTED_EDGE('',*,*,#3046,.F.);
#3958=ORIENTED_EDGE('',*,*,#3051,.F.);
#3959=ORIENTED_EDGE('',*,*,#3053,.T.);
#3960=ORIENTED_EDGE('',*,*,#3054,.T.);
#3961=ORIENTED_EDGE('',*,*,#3055,.T.);
#3962=ORIENTED_EDGE('',*,*,#3056,.T.);
#3963=ORIENTED_EDGE('',*,*,#3054,.F.);
#3964=ORIENTED_EDGE('',*,*,#3057,.T.);
#3965=ORIENTED_EDGE('',*,*,#3058,.F.);
#3966=ORIENTED_EDGE('',*,*,#3059,.F.);
#3967=ORIENTED_EDGE('',*,*,#3060,.F.);
#3968=ORIENTED_EDGE('',*,*,#3061,.F.);
#3969=ORIENTED_EDGE('',*,*,#3062,.F.);
#3970=ORIENTED_EDGE('',*,*,#3063,.T.);
#3971=ORIENTED_EDGE('',*,*,#3064,.F.);
#3972=ORIENTED_EDGE('',*,*,#3065,.T.);
#3973=ORIENTED_EDGE('',*,*,#3066,.T.);
#3974=ORIENTED_EDGE('',*,*,#3067,.T.);
#3975=ORIENTED_EDGE('',*,*,#3068,.F.);
#3976=ORIENTED_EDGE('',*,*,#3069,.T.);
#3977=ORIENTED_EDGE('',*,*,#3070,.F.);
#3978=ORIENTED_EDGE('',*,*,#3071,.T.);
#3979=ORIENTED_EDGE('',*,*,#3072,.T.);
#3980=ORIENTED_EDGE('',*,*,#3073,.T.);
#3981=ORIENTED_EDGE('',*,*,#3074,.F.);
#3982=ORIENTED_EDGE('',*,*,#3075,.T.);
#3983=ORIENTED_EDGE('',*,*,#3076,.F.);
#3984=ORIENTED_EDGE('',*,*,#3077,.T.);
#3985=ORIENTED_EDGE('',*,*,#3078,.T.);
#3986=ORIENTED_EDGE('',*,*,#3079,.T.);
#3987=ORIENTED_EDGE('',*,*,#3080,.F.);
#3988=ORIENTED_EDGE('',*,*,#3081,.T.);
#3989=ORIENTED_EDGE('',*,*,#3082,.T.);
#3990=ORIENTED_EDGE('',*,*,#3083,.T.);
#3991=ORIENTED_EDGE('',*,*,#3084,.T.);
#3992=ORIENTED_EDGE('',*,*,#3064,.T.);
#3993=ORIENTED_EDGE('',*,*,#3085,.T.);
#3994=ORIENTED_EDGE('',*,*,#3086,.T.);
#3995=ORIENTED_EDGE('',*,*,#3087,.T.);
#3996=ORIENTED_EDGE('',*,*,#3076,.T.);
#3997=ORIENTED_EDGE('',*,*,#3088,.T.);
#3998=ORIENTED_EDGE('',*,*,#3089,.T.);
#3999=ORIENTED_EDGE('',*,*,#3090,.T.);
#4000=ORIENTED_EDGE('',*,*,#3074,.T.);
#4001=ORIENTED_EDGE('',*,*,#3091,.T.);
#4002=ORIENTED_EDGE('',*,*,#3092,.T.);
#4003=ORIENTED_EDGE('',*,*,#3093,.T.);
#4004=ORIENTED_EDGE('',*,*,#3070,.T.);
#4005=ORIENTED_EDGE('',*,*,#3094,.T.);
#4006=ORIENTED_EDGE('',*,*,#3095,.T.);
#4007=ORIENTED_EDGE('',*,*,#3096,.T.);
#4008=ORIENTED_EDGE('',*,*,#3068,.T.);
#4009=ORIENTED_EDGE('',*,*,#3097,.T.);
#4010=ORIENTED_EDGE('',*,*,#3098,.T.);
#4011=ORIENTED_EDGE('',*,*,#3099,.T.);
#4012=ORIENTED_EDGE('',*,*,#3100,.T.);
#4013=ORIENTED_EDGE('',*,*,#3101,.T.);
#4014=ORIENTED_EDGE('',*,*,#3102,.T.);
#4015=ORIENTED_EDGE('',*,*,#3100,.F.);
#4016=ORIENTED_EDGE('',*,*,#3103,.T.);
#4017=ORIENTED_EDGE('',*,*,#3104,.T.);
#4018=ORIENTED_EDGE('',*,*,#3105,.T.);
#4019=ORIENTED_EDGE('',*,*,#3106,.F.);
#4020=ORIENTED_EDGE('',*,*,#3107,.T.);
#4021=ORIENTED_EDGE('',*,*,#3108,.T.);
#4022=ORIENTED_EDGE('',*,*,#3109,.F.);
#4023=ORIENTED_EDGE('',*,*,#3110,.T.);
#4024=ORIENTED_EDGE('',*,*,#3111,.T.);
#4025=ORIENTED_EDGE('',*,*,#3112,.T.);
#4026=ORIENTED_EDGE('',*,*,#3113,.T.);
#4027=ORIENTED_EDGE('',*,*,#3111,.F.);
#4028=ORIENTED_EDGE('',*,*,#3114,.T.);
#4029=ORIENTED_EDGE('',*,*,#3115,.T.);
#4030=ORIENTED_EDGE('',*,*,#3116,.T.);
#4031=ORIENTED_EDGE('',*,*,#3117,.F.);
#4032=ORIENTED_EDGE('',*,*,#3118,.T.);
#4033=ORIENTED_EDGE('',*,*,#3119,.T.);
#4034=ORIENTED_EDGE('',*,*,#3120,.F.);
#4035=ORIENTED_EDGE('',*,*,#3121,.T.);
#4036=ORIENTED_EDGE('',*,*,#3122,.T.);
#4037=ORIENTED_EDGE('',*,*,#3123,.T.);
#4038=ORIENTED_EDGE('',*,*,#3124,.T.);
#4039=ORIENTED_EDGE('',*,*,#3122,.F.);
#4040=ORIENTED_EDGE('',*,*,#3125,.F.);
#4041=ORIENTED_EDGE('',*,*,#3126,.F.);
#4042=ORIENTED_EDGE('',*,*,#3127,.F.);
#4043=ORIENTED_EDGE('',*,*,#3128,.T.);
#4044=ORIENTED_EDGE('',*,*,#3129,.T.);
#4045=ORIENTED_EDGE('',*,*,#3130,.T.);
#4046=ORIENTED_EDGE('',*,*,#3131,.T.);
#4047=ORIENTED_EDGE('',*,*,#3129,.F.);
#4048=ORIENTED_EDGE('',*,*,#3132,.T.);
#4049=ORIENTED_EDGE('',*,*,#3133,.F.);
#4050=ORIENTED_EDGE('',*,*,#3134,.T.);
#4051=ORIENTED_EDGE('',*,*,#3128,.F.);
#4052=ORIENTED_EDGE('',*,*,#3135,.F.);
#4053=ORIENTED_EDGE('',*,*,#3125,.T.);
#4054=ORIENTED_EDGE('',*,*,#3121,.F.);
#4055=ORIENTED_EDGE('',*,*,#3136,.T.);
#4056=ORIENTED_EDGE('',*,*,#3137,.F.);
#4057=ORIENTED_EDGE('',*,*,#3138,.T.);
#4058=ORIENTED_EDGE('',*,*,#3139,.F.);
#4059=ORIENTED_EDGE('',*,*,#3140,.F.);
#4060=ORIENTED_EDGE('',*,*,#3141,.F.);
#4061=ORIENTED_EDGE('',*,*,#3142,.F.);
#4062=ORIENTED_EDGE('',*,*,#3116,.F.);
#4063=ORIENTED_EDGE('',*,*,#3143,.F.);
#4064=ORIENTED_EDGE('',*,*,#3144,.T.);
#4065=ORIENTED_EDGE('',*,*,#3145,.T.);
#4066=ORIENTED_EDGE('',*,*,#3146,.F.);
#4067=ORIENTED_EDGE('',*,*,#3147,.F.);
#4068=ORIENTED_EDGE('',*,*,#3148,.F.);
#4069=ORIENTED_EDGE('',*,*,#3132,.F.);
#4070=ORIENTED_EDGE('',*,*,#3149,.T.);
#4071=ORIENTED_EDGE('',*,*,#3133,.T.);
#4072=ORIENTED_EDGE('',*,*,#3148,.T.);
#4073=ORIENTED_EDGE('',*,*,#3150,.F.);
#4074=ORIENTED_EDGE('',*,*,#3151,.T.);
#4075=ORIENTED_EDGE('',*,*,#3152,.T.);
#4076=ORIENTED_EDGE('',*,*,#3137,.T.);
#4077=ORIENTED_EDGE('',*,*,#3153,.T.);
#4078=ORIENTED_EDGE('',*,*,#3152,.F.);
#4079=ORIENTED_EDGE('',*,*,#3154,.F.);
#4080=ORIENTED_EDGE('',*,*,#3155,.F.);
#4081=ORIENTED_EDGE('',*,*,#3138,.F.);
#4082=ORIENTED_EDGE('',*,*,#3146,.T.);
#4083=ORIENTED_EDGE('',*,*,#3156,.T.);
#4084=ORIENTED_EDGE('',*,*,#3157,.T.);
#4085=ORIENTED_EDGE('',*,*,#3158,.T.);
#4086=ORIENTED_EDGE('',*,*,#3156,.F.);
#4087=ORIENTED_EDGE('',*,*,#3145,.F.);
#4088=ORIENTED_EDGE('',*,*,#3159,.F.);
#4089=ORIENTED_EDGE('',*,*,#3160,.F.);
#4090=ORIENTED_EDGE('',*,*,#3161,.T.);
#4091=ORIENTED_EDGE('',*,*,#3162,.T.);
#4092=ORIENTED_EDGE('',*,*,#3163,.T.);
#4093=ORIENTED_EDGE('',*,*,#3164,.T.);
#4094=ORIENTED_EDGE('',*,*,#3162,.F.);
#4095=ORIENTED_EDGE('',*,*,#3165,.F.);
#4096=ORIENTED_EDGE('',*,*,#3166,.F.);
#4097=ORIENTED_EDGE('',*,*,#3167,.F.);
#4098=ORIENTED_EDGE('',*,*,#3168,.T.);
#4099=ORIENTED_EDGE('',*,*,#3169,.T.);
#4100=ORIENTED_EDGE('',*,*,#3170,.T.);
#4101=ORIENTED_EDGE('',*,*,#3166,.T.);
#4102=ORIENTED_EDGE('',*,*,#3169,.F.);
#4103=ORIENTED_EDGE('',*,*,#3171,.F.);
#4104=ORIENTED_EDGE('',*,*,#3172,.F.);
#4105=ORIENTED_EDGE('',*,*,#3173,.F.);
#4106=ORIENTED_EDGE('',*,*,#3174,.T.);
#4107=ORIENTED_EDGE('',*,*,#3175,.T.);
#4108=ORIENTED_EDGE('',*,*,#3176,.T.);
#4109=ORIENTED_EDGE('',*,*,#3177,.T.);
#4110=ORIENTED_EDGE('',*,*,#3175,.F.);
#4111=ORIENTED_EDGE('',*,*,#3178,.T.);
#4112=ORIENTED_EDGE('',*,*,#3179,.F.);
#4113=ORIENTED_EDGE('',*,*,#3180,.T.);
#4114=ORIENTED_EDGE('',*,*,#3174,.F.);
#4115=ORIENTED_EDGE('',*,*,#3181,.F.);
#4116=ORIENTED_EDGE('',*,*,#3171,.T.);
#4117=ORIENTED_EDGE('',*,*,#3168,.F.);
#4118=ORIENTED_EDGE('',*,*,#3165,.T.);
#4119=ORIENTED_EDGE('',*,*,#3161,.F.);
#4120=ORIENTED_EDGE('',*,*,#3182,.T.);
#4121=ORIENTED_EDGE('',*,*,#3183,.F.);
#4122=ORIENTED_EDGE('',*,*,#3184,.F.);
#4123=ORIENTED_EDGE('',*,*,#3185,.F.);
#4124=ORIENTED_EDGE('',*,*,#3186,.F.);
#4125=ORIENTED_EDGE('',*,*,#3105,.F.);
#4126=ORIENTED_EDGE('',*,*,#3187,.F.);
#4127=ORIENTED_EDGE('',*,*,#3188,.T.);
#4128=ORIENTED_EDGE('',*,*,#3189,.T.);
#4129=ORIENTED_EDGE('',*,*,#3190,.F.);
#4130=ORIENTED_EDGE('',*,*,#3191,.F.);
#4131=ORIENTED_EDGE('',*,*,#3192,.F.);
#4132=ORIENTED_EDGE('',*,*,#3178,.F.);
#4133=ORIENTED_EDGE('',*,*,#3190,.T.);
#4134=ORIENTED_EDGE('',*,*,#3193,.T.);
#4135=ORIENTED_EDGE('',*,*,#3194,.T.);
#4136=ORIENTED_EDGE('',*,*,#3195,.T.);
#4137=ORIENTED_EDGE('',*,*,#3193,.F.);
#4138=ORIENTED_EDGE('',*,*,#3189,.F.);
#4139=ORIENTED_EDGE('',*,*,#3196,.F.);
#4140=ORIENTED_EDGE('',*,*,#3197,.F.);
#4141=ORIENTED_EDGE('',*,*,#3198,.T.);
#4142=ORIENTED_EDGE('',*,*,#3179,.T.);
#4143=ORIENTED_EDGE('',*,*,#3192,.T.);
#4144=ORIENTED_EDGE('',*,*,#3199,.F.);
#4145=ORIENTED_EDGE('',*,*,#3176,.F.);
#4146=ORIENTED_EDGE('',*,*,#3180,.F.);
#4147=ORIENTED_EDGE('',*,*,#3198,.F.);
#4148=ORIENTED_EDGE('',*,*,#3200,.F.);
#4149=ORIENTED_EDGE('',*,*,#3194,.F.);
#4150=ORIENTED_EDGE('',*,*,#3197,.T.);
#4151=ORIENTED_EDGE('',*,*,#3201,.F.);
#4152=ORIENTED_EDGE('',*,*,#3202,.T.);
#4153=ORIENTED_EDGE('',*,*,#3107,.F.);
#4154=ORIENTED_EDGE('',*,*,#3203,.F.);
#4155=ORIENTED_EDGE('',*,*,#3204,.F.);
#4156=ORIENTED_EDGE('',*,*,#3205,.F.);
#4157=ORIENTED_EDGE('',*,*,#3206,.F.);
#4158=ORIENTED_EDGE('',*,*,#3207,.T.);
#4159=ORIENTED_EDGE('',*,*,#3163,.F.);
#4160=ORIENTED_EDGE('',*,*,#3167,.T.);
#4161=ORIENTED_EDGE('',*,*,#3170,.F.);
#4162=ORIENTED_EDGE('',*,*,#3173,.T.);
#4163=ORIENTED_EDGE('',*,*,#3208,.T.);
#4164=ORIENTED_EDGE('',*,*,#3142,.T.);
#4165=ORIENTED_EDGE('',*,*,#3209,.T.);
#4166=ORIENTED_EDGE('',*,*,#3210,.T.);
#4167=ORIENTED_EDGE('',*,*,#3117,.T.);
#4168=ORIENTED_EDGE('',*,*,#3209,.F.);
#4169=ORIENTED_EDGE('',*,*,#3141,.T.);
#4170=ORIENTED_EDGE('',*,*,#3211,.F.);
#4171=ORIENTED_EDGE('',*,*,#3212,.T.);
#4172=ORIENTED_EDGE('',*,*,#3213,.T.);
#4173=ORIENTED_EDGE('',*,*,#3211,.T.);
#4174=ORIENTED_EDGE('',*,*,#3140,.T.);
#4175=ORIENTED_EDGE('',*,*,#3214,.T.);
#4176=ORIENTED_EDGE('',*,*,#3186,.T.);
#4177=ORIENTED_EDGE('',*,*,#3215,.T.);
#4178=ORIENTED_EDGE('',*,*,#3203,.T.);
#4179=ORIENTED_EDGE('',*,*,#3106,.T.);
#4180=ORIENTED_EDGE('',*,*,#3215,.F.);
#4181=ORIENTED_EDGE('',*,*,#3185,.T.);
#4182=ORIENTED_EDGE('',*,*,#3216,.F.);
#4183=ORIENTED_EDGE('',*,*,#3204,.T.);
#4184=ORIENTED_EDGE('',*,*,#3205,.T.);
#4185=ORIENTED_EDGE('',*,*,#3216,.T.);
#4186=ORIENTED_EDGE('',*,*,#3184,.T.);
#4187=ORIENTED_EDGE('',*,*,#3217,.T.);
#4188=ORIENTED_EDGE('',*,*,#3218,.F.);
#4189=ORIENTED_EDGE('',*,*,#3219,.F.);
#4190=ORIENTED_EDGE('',*,*,#3220,.F.);
#4191=ORIENTED_EDGE('',*,*,#3221,.F.);
#4192=ORIENTED_EDGE('',*,*,#3222,.T.);
#4193=ORIENTED_EDGE('',*,*,#3219,.T.);
#4194=ORIENTED_EDGE('',*,*,#3223,.T.);
#4195=ORIENTED_EDGE('',*,*,#3224,.F.);
#4196=ORIENTED_EDGE('',*,*,#3225,.F.);
#4197=ORIENTED_EDGE('',*,*,#3226,.F.);
#4198=ORIENTED_EDGE('',*,*,#3227,.F.);
#4199=ORIENTED_EDGE('',*,*,#3228,.T.);
#4200=ORIENTED_EDGE('',*,*,#3225,.T.);
#4201=ORIENTED_EDGE('',*,*,#3229,.T.);
#4202=ORIENTED_EDGE('',*,*,#3230,.T.);
#4203=ORIENTED_EDGE('',*,*,#3231,.T.);
#4204=ORIENTED_EDGE('',*,*,#3226,.T.);
#4205=ORIENTED_EDGE('',*,*,#3232,.T.);
#4206=ORIENTED_EDGE('',*,*,#3220,.T.);
#4207=ORIENTED_EDGE('',*,*,#3233,.T.);
#4208=ORIENTED_EDGE('',*,*,#3224,.T.);
#4209=ORIENTED_EDGE('',*,*,#3234,.T.);
#4210=ORIENTED_EDGE('',*,*,#3235,.T.);
#4211=ORIENTED_EDGE('',*,*,#3236,.T.);
#4212=ORIENTED_EDGE('',*,*,#3218,.T.);
#4213=ORIENTED_EDGE('',*,*,#3237,.T.);
#4214=ORIENTED_EDGE('',*,*,#3229,.F.);
#4215=ORIENTED_EDGE('',*,*,#3233,.F.);
#4216=ORIENTED_EDGE('',*,*,#3222,.F.);
#4217=ORIENTED_EDGE('',*,*,#3238,.T.);
#4218=ORIENTED_EDGE('',*,*,#3239,.F.);
#4219=ORIENTED_EDGE('',*,*,#3240,.F.);
#4220=ORIENTED_EDGE('',*,*,#3241,.F.);
#4221=ORIENTED_EDGE('',*,*,#3242,.T.);
#4222=ORIENTED_EDGE('',*,*,#3243,.T.);
#4223=ORIENTED_EDGE('',*,*,#3113,.F.);
#4224=ORIENTED_EDGE('',*,*,#3244,.T.);
#4225=ORIENTED_EDGE('',*,*,#3102,.F.);
#4226=ORIENTED_EDGE('',*,*,#3245,.F.);
#4227=ORIENTED_EDGE('',*,*,#3246,.F.);
#4228=ORIENTED_EDGE('',*,*,#3247,.F.);
#4229=ORIENTED_EDGE('',*,*,#3248,.T.);
#4230=ORIENTED_EDGE('',*,*,#3249,.T.);
#4231=ORIENTED_EDGE('',*,*,#3250,.T.);
#4232=ORIENTED_EDGE('',*,*,#3251,.T.);
#4233=ORIENTED_EDGE('',*,*,#3252,.T.);
#4234=ORIENTED_EDGE('',*,*,#3253,.T.);
#4235=ORIENTED_EDGE('',*,*,#3254,.T.);
#4236=ORIENTED_EDGE('',*,*,#3227,.T.);
#4237=ORIENTED_EDGE('',*,*,#3242,.F.);
#4238=ORIENTED_EDGE('',*,*,#3255,.F.);
#4239=ORIENTED_EDGE('',*,*,#3256,.T.);
#4240=ORIENTED_EDGE('',*,*,#3257,.F.);
#4241=ORIENTED_EDGE('',*,*,#3058,.T.);
#4242=ORIENTED_EDGE('',*,*,#3258,.T.);
#4243=ORIENTED_EDGE('',*,*,#3259,.T.);
#4244=ORIENTED_EDGE('',*,*,#3260,.T.);
#4245=ORIENTED_EDGE('',*,*,#3080,.T.);
#4246=ORIENTED_EDGE('',*,*,#3261,.T.);
#4247=ORIENTED_EDGE('',*,*,#3262,.T.);
#4248=ORIENTED_EDGE('',*,*,#3263,.T.);
#4249=ORIENTED_EDGE('',*,*,#3062,.T.);
#4250=ORIENTED_EDGE('',*,*,#3264,.F.);
#4251=ORIENTED_EDGE('',*,*,#3265,.T.);
#4252=ORIENTED_EDGE('',*,*,#3266,.F.);
#4253=ORIENTED_EDGE('',*,*,#3238,.F.);
#4254=ORIENTED_EDGE('',*,*,#3221,.T.);
#4255=ORIENTED_EDGE('',*,*,#3267,.T.);
#4256=ORIENTED_EDGE('',*,*,#3268,.T.);
#4257=ORIENTED_EDGE('',*,*,#3269,.F.);
#4258=ORIENTED_EDGE('',*,*,#2969,.T.);
#4259=ORIENTED_EDGE('',*,*,#2978,.F.);
#4260=ORIENTED_EDGE('',*,*,#2981,.T.);
#4261=ORIENTED_EDGE('',*,*,#2984,.F.);
#4262=ORIENTED_EDGE('',*,*,#2985,.T.);
#4263=ORIENTED_EDGE('',*,*,#2972,.F.);
#4264=ORIENTED_EDGE('',*,*,#2974,.T.);
#4265=ORIENTED_EDGE('',*,*,#2965,.F.);
#4266=ORIENTED_EDGE('',*,*,#2992,.T.);
#4267=ORIENTED_EDGE('',*,*,#2998,.T.);
#4268=ORIENTED_EDGE('',*,*,#3223,.F.);
#4269=ORIENTED_EDGE('',*,*,#3236,.F.);
#4270=ORIENTED_EDGE('',*,*,#3270,.T.);
#4271=ORIENTED_EDGE('',*,*,#3267,.F.);
#4272=ORIENTED_EDGE('',*,*,#3006,.T.);
#4273=ORIENTED_EDGE('',*,*,#3009,.F.);
#4274=ORIENTED_EDGE('',*,*,#3012,.T.);
#4275=ORIENTED_EDGE('',*,*,#3022,.F.);
#4276=ORIENTED_EDGE('',*,*,#3271,.T.);
#4277=ORIENTED_EDGE('',*,*,#3272,.T.);
#4278=ORIENTED_EDGE('',*,*,#3273,.T.);
#4279=ORIENTED_EDGE('',*,*,#3086,.F.);
#4280=ORIENTED_EDGE('',*,*,#3274,.T.);
#4281=ORIENTED_EDGE('',*,*,#3275,.T.);
#4282=ORIENTED_EDGE('',*,*,#3276,.T.);
#4283=ORIENTED_EDGE('',*,*,#3098,.F.);
#4284=ORIENTED_EDGE('',*,*,#3139,.T.);
#4285=ORIENTED_EDGE('',*,*,#3155,.T.);
#4286=ORIENTED_EDGE('',*,*,#3277,.T.);
#4287=ORIENTED_EDGE('',*,*,#3214,.F.);
#4288=ORIENTED_EDGE('',*,*,#3278,.T.);
#4289=ORIENTED_EDGE('',*,*,#3279,.T.);
#4290=ORIENTED_EDGE('',*,*,#3280,.T.);
#4291=ORIENTED_EDGE('',*,*,#3034,.T.);
#4292=ORIENTED_EDGE('',*,*,#3281,.T.);
#4293=ORIENTED_EDGE('',*,*,#3035,.T.);
#4294=ORIENTED_EDGE('',*,*,#3280,.F.);
#4295=ORIENTED_EDGE('',*,*,#3282,.T.);
#4296=ORIENTED_EDGE('',*,*,#3028,.F.);
#4297=ORIENTED_EDGE('',*,*,#3036,.T.);
#4298=ORIENTED_EDGE('',*,*,#3281,.F.);
#4299=ORIENTED_EDGE('',*,*,#3283,.T.);
#4300=ORIENTED_EDGE('',*,*,#3284,.T.);
#4301=ORIENTED_EDGE('',*,*,#3030,.T.);
#4302=ORIENTED_EDGE('',*,*,#3285,.T.);
#4303=ORIENTED_EDGE('',*,*,#3031,.T.);
#4304=ORIENTED_EDGE('',*,*,#3284,.F.);
#4305=ORIENTED_EDGE('',*,*,#3286,.T.);
#4306=ORIENTED_EDGE('',*,*,#3287,.T.);
#4307=ORIENTED_EDGE('',*,*,#3032,.T.);
#4308=ORIENTED_EDGE('',*,*,#3285,.F.);
#4309=ORIENTED_EDGE('',*,*,#3288,.T.);
#4310=ORIENTED_EDGE('',*,*,#3288,.F.);
#4311=ORIENTED_EDGE('',*,*,#3289,.F.);
#4312=ORIENTED_EDGE('',*,*,#3290,.T.);
#4313=ORIENTED_EDGE('',*,*,#3291,.F.);
#4314=ORIENTED_EDGE('',*,*,#3002,.T.);
#4315=ORIENTED_EDGE('',*,*,#3015,.F.);
#4316=ORIENTED_EDGE('',*,*,#3018,.T.);
#4317=ORIENTED_EDGE('',*,*,#3020,.F.);
#4318=ORIENTED_EDGE('',*,*,#3292,.F.);
#4319=ORIENTED_EDGE('',*,*,#3286,.F.);
#4320=ORIENTED_EDGE('',*,*,#3293,.T.);
#4321=ORIENTED_EDGE('',*,*,#3294,.T.);
#4322=ORIENTED_EDGE('',*,*,#3289,.T.);
#4323=ORIENTED_EDGE('',*,*,#3283,.F.);
#4324=ORIENTED_EDGE('',*,*,#3295,.F.);
#4325=ORIENTED_EDGE('',*,*,#3296,.T.);
#4326=ORIENTED_EDGE('',*,*,#3293,.F.);
#4327=ORIENTED_EDGE('',*,*,#2876,.T.);
#4328=ORIENTED_EDGE('',*,*,#2937,.T.);
#4329=ORIENTED_EDGE('',*,*,#2934,.T.);
#4330=ORIENTED_EDGE('',*,*,#2931,.T.);
#4331=ORIENTED_EDGE('',*,*,#2928,.T.);
#4332=ORIENTED_EDGE('',*,*,#2925,.T.);
#4333=ORIENTED_EDGE('',*,*,#2922,.T.);
#4334=ORIENTED_EDGE('',*,*,#2919,.T.);
#4335=ORIENTED_EDGE('',*,*,#2916,.T.);
#4336=ORIENTED_EDGE('',*,*,#2913,.T.);
#4337=ORIENTED_EDGE('',*,*,#2910,.T.);
#4338=ORIENTED_EDGE('',*,*,#2907,.T.);
#4339=ORIENTED_EDGE('',*,*,#2904,.T.);
#4340=ORIENTED_EDGE('',*,*,#2901,.T.);
#4341=ORIENTED_EDGE('',*,*,#2898,.T.);
#4342=ORIENTED_EDGE('',*,*,#2895,.T.);
#4343=ORIENTED_EDGE('',*,*,#2892,.T.);
#4344=ORIENTED_EDGE('',*,*,#2889,.T.);
#4345=ORIENTED_EDGE('',*,*,#2886,.T.);
#4346=ORIENTED_EDGE('',*,*,#2883,.T.);
#4347=ORIENTED_EDGE('',*,*,#2880,.T.);
#4348=ORIENTED_EDGE('',*,*,#2939,.T.);
#4349=ORIENTED_EDGE('',*,*,#2961,.T.);
#4350=ORIENTED_EDGE('',*,*,#2958,.T.);
#4351=ORIENTED_EDGE('',*,*,#2955,.T.);
#4352=ORIENTED_EDGE('',*,*,#2952,.T.);
#4353=ORIENTED_EDGE('',*,*,#2949,.T.);
#4354=ORIENTED_EDGE('',*,*,#2946,.T.);
#4355=ORIENTED_EDGE('',*,*,#2943,.T.);
#4356=ORIENTED_EDGE('',*,*,#2989,.T.);
#4357=ORIENTED_EDGE('',*,*,#2995,.T.);
#4358=ORIENTED_EDGE('',*,*,#3282,.F.);
#4359=ORIENTED_EDGE('',*,*,#3297,.T.);
#4360=ORIENTED_EDGE('',*,*,#3298,.T.);
#4361=ORIENTED_EDGE('',*,*,#3295,.T.);
#4362=ORIENTED_EDGE('',*,*,#3287,.F.);
#4363=ORIENTED_EDGE('',*,*,#3291,.T.);
#4364=ORIENTED_EDGE('',*,*,#3299,.T.);
#4365=ORIENTED_EDGE('',*,*,#3300,.F.);
#4366=ORIENTED_EDGE('',*,*,#3278,.F.);
#4367=ORIENTED_EDGE('',*,*,#3033,.F.);
#4368=ORIENTED_EDGE('',*,*,#2967,.T.);
#4369=ORIENTED_EDGE('',*,*,#2963,.F.);
#4370=ORIENTED_EDGE('',*,*,#2975,.T.);
#4371=ORIENTED_EDGE('',*,*,#2970,.F.);
#4372=ORIENTED_EDGE('',*,*,#2986,.T.);
#4373=ORIENTED_EDGE('',*,*,#2982,.F.);
#4374=ORIENTED_EDGE('',*,*,#2979,.T.);
#4375=ORIENTED_EDGE('',*,*,#2976,.F.);
#4376=ORIENTED_EDGE('',*,*,#2990,.T.);
#4377=ORIENTED_EDGE('',*,*,#2996,.T.);
#4378=ORIENTED_EDGE('',*,*,#3060,.T.);
#4379=ORIENTED_EDGE('',*,*,#3301,.F.);
#4380=ORIENTED_EDGE('',*,*,#3302,.T.);
#4381=ORIENTED_EDGE('',*,*,#3303,.F.);
#4382=ORIENTED_EDGE('',*,*,#3240,.T.);
#4383=ORIENTED_EDGE('',*,*,#3304,.F.);
#4384=ORIENTED_EDGE('',*,*,#3305,.T.);
#4385=ORIENTED_EDGE('',*,*,#3306,.F.);
#4386=ORIENTED_EDGE('',*,*,#3279,.F.);
#4387=ORIENTED_EDGE('',*,*,#3300,.T.);
#4388=ORIENTED_EDGE('',*,*,#3307,.T.);
#4389=ORIENTED_EDGE('',*,*,#3297,.F.);
#4390=ORIENTED_EDGE('',*,*,#3021,.F.);
#4391=ORIENTED_EDGE('',*,*,#3010,.T.);
#4392=ORIENTED_EDGE('',*,*,#3007,.F.);
#4393=ORIENTED_EDGE('',*,*,#3004,.T.);
#4394=ORIENTED_EDGE('',*,*,#3308,.F.);
#4395=ORIENTED_EDGE('',*,*,#3309,.T.);
#4396=ORIENTED_EDGE('',*,*,#3310,.F.);
#4397=ORIENTED_EDGE('',*,*,#3311,.F.);
#4398=ORIENTED_EDGE('',*,*,#3312,.T.);
#4399=ORIENTED_EDGE('',*,*,#3313,.F.);
#4400=ORIENTED_EDGE('',*,*,#3309,.F.);
#4401=ORIENTED_EDGE('',*,*,#3314,.F.);
#4402=ORIENTED_EDGE('',*,*,#3315,.F.);
#4403=ORIENTED_EDGE('',*,*,#3228,.F.);
#4404=ORIENTED_EDGE('',*,*,#3269,.T.);
#4405=ORIENTED_EDGE('',*,*,#3316,.T.);
#4406=ORIENTED_EDGE('',*,*,#3232,.F.);
#4407=ORIENTED_EDGE('',*,*,#3019,.F.);
#4408=ORIENTED_EDGE('',*,*,#3016,.T.);
#4409=ORIENTED_EDGE('',*,*,#3013,.F.);
#4410=ORIENTED_EDGE('',*,*,#3000,.T.);
#4411=ORIENTED_EDGE('',*,*,#3317,.T.);
#4412=ORIENTED_EDGE('',*,*,#3318,.T.);
#4413=ORIENTED_EDGE('',*,*,#3319,.T.);
#4414=ORIENTED_EDGE('',*,*,#3056,.F.);
#4415=ORIENTED_EDGE('',*,*,#3320,.T.);
#4416=ORIENTED_EDGE('',*,*,#3315,.T.);
#4417=ORIENTED_EDGE('',*,*,#3321,.T.);
#4418=ORIENTED_EDGE('',*,*,#3089,.F.);
#4419=ORIENTED_EDGE('',*,*,#3183,.T.);
#4420=ORIENTED_EDGE('',*,*,#3322,.T.);
#4421=ORIENTED_EDGE('',*,*,#3206,.T.);
#4422=ORIENTED_EDGE('',*,*,#3217,.F.);
#4423=ORIENTED_EDGE('',*,*,#3323,.T.);
#4424=ORIENTED_EDGE('',*,*,#3324,.F.);
#4425=ORIENTED_EDGE('',*,*,#3325,.F.);
#4426=ORIENTED_EDGE('',*,*,#3326,.T.);
#4427=ORIENTED_EDGE('',*,*,#3327,.F.);
#4428=ORIENTED_EDGE('',*,*,#3318,.F.);
#4429=ORIENTED_EDGE('',*,*,#3328,.F.);
#4430=ORIENTED_EDGE('',*,*,#3323,.F.);
#4431=ORIENTED_EDGE('',*,*,#3311,.T.);
#4432=ORIENTED_EDGE('',*,*,#3329,.F.);
#4433=ORIENTED_EDGE('',*,*,#3330,.T.);
#4434=ORIENTED_EDGE('',*,*,#3331,.F.);
#4435=ORIENTED_EDGE('',*,*,#3332,.T.);
#4436=ORIENTED_EDGE('',*,*,#3333,.F.);
#4437=ORIENTED_EDGE('',*,*,#3334,.T.);
#4438=ORIENTED_EDGE('',*,*,#3335,.F.);
#4439=ORIENTED_EDGE('',*,*,#3336,.T.);
#4440=ORIENTED_EDGE('',*,*,#3337,.F.);
#4441=ORIENTED_EDGE('',*,*,#3338,.T.);
#4442=ORIENTED_EDGE('',*,*,#3339,.F.);
#4443=ORIENTED_EDGE('',*,*,#3340,.T.);
#4444=ORIENTED_EDGE('',*,*,#3341,.F.);
#4445=ORIENTED_EDGE('',*,*,#3325,.T.);
#4446=ORIENTED_EDGE('',*,*,#3342,.F.);
#4447=ORIENTED_EDGE('',*,*,#3343,.T.);
#4448=ORIENTED_EDGE('',*,*,#3344,.F.);
#4449=ORIENTED_EDGE('',*,*,#3336,.F.);
#4450=ORIENTED_EDGE('',*,*,#3345,.T.);
#4451=ORIENTED_EDGE('',*,*,#3346,.F.);
#4452=ORIENTED_EDGE('',*,*,#3343,.F.);
#4453=ORIENTED_EDGE('',*,*,#3347,.F.);
#4454=ORIENTED_EDGE('',*,*,#3272,.F.);
#4455=ORIENTED_EDGE('',*,*,#3348,.T.);
#4456=ORIENTED_EDGE('',*,*,#3349,.F.);
#4457=ORIENTED_EDGE('',*,*,#3334,.F.);
#4458=ORIENTED_EDGE('',*,*,#3350,.T.);
#4459=ORIENTED_EDGE('',*,*,#3351,.F.);
#4460=ORIENTED_EDGE('',*,*,#3275,.F.);
#4461=ORIENTED_EDGE('',*,*,#3352,.F.);
#4462=ORIENTED_EDGE('',*,*,#3348,.F.);
#4463=ORIENTED_EDGE('',*,*,#3353,.T.);
#4464=ORIENTED_EDGE('',*,*,#3354,.F.);
#4465=ORIENTED_EDGE('',*,*,#3330,.F.);
#4466=ORIENTED_EDGE('',*,*,#3355,.T.);
#4467=ORIENTED_EDGE('',*,*,#3356,.F.);
#4468=ORIENTED_EDGE('',*,*,#3357,.F.);
#4469=ORIENTED_EDGE('',*,*,#3353,.F.);
#4470=ORIENTED_EDGE('',*,*,#3358,.F.);
#4471=ORIENTED_EDGE('',*,*,#3231,.F.);
#4472=ORIENTED_EDGE('',*,*,#3359,.T.);
#4473=ORIENTED_EDGE('',*,*,#3237,.F.);
#4474=ORIENTED_EDGE('',*,*,#3234,.F.);
#4475=ORIENTED_EDGE('',*,*,#2987,.T.);
#4476=ORIENTED_EDGE('',*,*,#2993,.T.);
#4477=ORIENTED_EDGE('',*,*,#3360,.T.);
#4478=ORIENTED_EDGE('',*,*,#3356,.T.);
#4479=ORIENTED_EDGE('',*,*,#3361,.T.);
#4480=ORIENTED_EDGE('',*,*,#3092,.F.);
#4481=ORIENTED_EDGE('',*,*,#3362,.T.);
#4482=ORIENTED_EDGE('',*,*,#3363,.T.);
#4483=ORIENTED_EDGE('',*,*,#3364,.T.);
#4484=ORIENTED_EDGE('',*,*,#3095,.F.);
#4485=ORIENTED_EDGE('',*,*,#3365,.T.);
#4486=ORIENTED_EDGE('',*,*,#3366,.F.);
#4487=ORIENTED_EDGE('',*,*,#3340,.F.);
#4488=ORIENTED_EDGE('',*,*,#3367,.T.);
#4489=ORIENTED_EDGE('',*,*,#3368,.F.);
#4490=ORIENTED_EDGE('',*,*,#3365,.F.);
#4491=ORIENTED_EDGE('',*,*,#3369,.F.);
#4492=ORIENTED_EDGE('',*,*,#3259,.F.);
#4493=ORIENTED_EDGE('',*,*,#3370,.T.);
#4494=ORIENTED_EDGE('',*,*,#3371,.F.);
#4495=ORIENTED_EDGE('',*,*,#3338,.F.);
#4496=ORIENTED_EDGE('',*,*,#3372,.T.);
#4497=ORIENTED_EDGE('',*,*,#3373,.F.);
#4498=ORIENTED_EDGE('',*,*,#3262,.F.);
#4499=ORIENTED_EDGE('',*,*,#3374,.F.);
#4500=ORIENTED_EDGE('',*,*,#3370,.F.);
#4501=ORIENTED_EDGE('',*,*,#3375,.T.);
#4502=ORIENTED_EDGE('',*,*,#3376,.F.);
#4503=ORIENTED_EDGE('',*,*,#3332,.F.);
#4504=ORIENTED_EDGE('',*,*,#3377,.T.);
#4505=ORIENTED_EDGE('',*,*,#3378,.F.);
#4506=ORIENTED_EDGE('',*,*,#3375,.F.);
#4507=ORIENTED_EDGE('',*,*,#3379,.F.);
#4508=ORIENTED_EDGE('',*,*,#3363,.F.);
#4509=ORIENTED_EDGE('',*,*,#3066,.F.);
#4510=ORIENTED_EDGE('',*,*,#3380,.F.);
#4511=ORIENTED_EDGE('',*,*,#3335,.T.);
#4512=ORIENTED_EDGE('',*,*,#3381,.T.);
#4513=ORIENTED_EDGE('',*,*,#3273,.F.);
#4514=ORIENTED_EDGE('',*,*,#3347,.T.);
#4515=ORIENTED_EDGE('',*,*,#3345,.F.);
#4516=ORIENTED_EDGE('',*,*,#3380,.T.);
#4517=ORIENTED_EDGE('',*,*,#3065,.F.);
#4518=ORIENTED_EDGE('',*,*,#3084,.F.);
#4519=ORIENTED_EDGE('',*,*,#3063,.F.);
#4520=ORIENTED_EDGE('',*,*,#3263,.F.);
#4521=ORIENTED_EDGE('',*,*,#3373,.T.);
#4522=ORIENTED_EDGE('',*,*,#3372,.F.);
#4523=ORIENTED_EDGE('',*,*,#3337,.T.);
#4524=ORIENTED_EDGE('',*,*,#3344,.T.);
#4525=ORIENTED_EDGE('',*,*,#3346,.T.);
#4526=ORIENTED_EDGE('',*,*,#3271,.F.);
#4527=ORIENTED_EDGE('',*,*,#3085,.F.);
#4528=ORIENTED_EDGE('',*,*,#3083,.F.);
#4529=ORIENTED_EDGE('',*,*,#3382,.F.);
#4530=ORIENTED_EDGE('',*,*,#3371,.T.);
#4531=ORIENTED_EDGE('',*,*,#3374,.T.);
#4532=ORIENTED_EDGE('',*,*,#3261,.F.);
#4533=ORIENTED_EDGE('',*,*,#3082,.F.);
#4534=ORIENTED_EDGE('',*,*,#3383,.F.);
#4535=ORIENTED_EDGE('',*,*,#3339,.T.);
#4536=ORIENTED_EDGE('',*,*,#3382,.T.);
#4537=ORIENTED_EDGE('',*,*,#3081,.F.);
#4538=ORIENTED_EDGE('',*,*,#3260,.F.);
#4539=ORIENTED_EDGE('',*,*,#3369,.T.);
#4540=ORIENTED_EDGE('',*,*,#3367,.F.);
#4541=ORIENTED_EDGE('',*,*,#3383,.T.);
#4542=ORIENTED_EDGE('',*,*,#3319,.F.);
#4543=ORIENTED_EDGE('',*,*,#3327,.T.);
#4544=ORIENTED_EDGE('',*,*,#3326,.F.);
#4545=ORIENTED_EDGE('',*,*,#3341,.T.);
#4546=ORIENTED_EDGE('',*,*,#3366,.T.);
#4547=ORIENTED_EDGE('',*,*,#3368,.T.);
#4548=ORIENTED_EDGE('',*,*,#3258,.F.);
#4549=ORIENTED_EDGE('',*,*,#3057,.F.);
#4550=ORIENTED_EDGE('',*,*,#3053,.F.);
#4551=ORIENTED_EDGE('',*,*,#3079,.F.);
#4552=ORIENTED_EDGE('',*,*,#3384,.F.);
#4553=ORIENTED_EDGE('',*,*,#3324,.T.);
#4554=ORIENTED_EDGE('',*,*,#3328,.T.);
#4555=ORIENTED_EDGE('',*,*,#3317,.F.);
#4556=ORIENTED_EDGE('',*,*,#3055,.F.);
#4557=ORIENTED_EDGE('',*,*,#3078,.F.);
#4558=ORIENTED_EDGE('',*,*,#3385,.F.);
#4559=ORIENTED_EDGE('',*,*,#3342,.T.);
#4560=ORIENTED_EDGE('',*,*,#3384,.T.);
#4561=ORIENTED_EDGE('',*,*,#3321,.F.);
#4562=ORIENTED_EDGE('',*,*,#3314,.T.);
#4563=ORIENTED_EDGE('',*,*,#3312,.F.);
#4564=ORIENTED_EDGE('',*,*,#3385,.T.);
#4565=ORIENTED_EDGE('',*,*,#3077,.F.);
#4566=ORIENTED_EDGE('',*,*,#3087,.F.);
#4567=ORIENTED_EDGE('',*,*,#3361,.F.);
#4568=ORIENTED_EDGE('',*,*,#3358,.T.);
#4569=ORIENTED_EDGE('',*,*,#3355,.F.);
#4570=ORIENTED_EDGE('',*,*,#3329,.T.);
#4571=ORIENTED_EDGE('',*,*,#3310,.T.);
#4572=ORIENTED_EDGE('',*,*,#3313,.T.);
#4573=ORIENTED_EDGE('',*,*,#3320,.F.);
#4574=ORIENTED_EDGE('',*,*,#3088,.F.);
#4575=ORIENTED_EDGE('',*,*,#3075,.F.);
#4576=ORIENTED_EDGE('',*,*,#3090,.F.);
#4577=ORIENTED_EDGE('',*,*,#3073,.F.);
#4578=ORIENTED_EDGE('',*,*,#3386,.F.);
#4579=ORIENTED_EDGE('',*,*,#3354,.T.);
#4580=ORIENTED_EDGE('',*,*,#3357,.T.);
#4581=ORIENTED_EDGE('',*,*,#3360,.F.);
#4582=ORIENTED_EDGE('',*,*,#3091,.F.);
#4583=ORIENTED_EDGE('',*,*,#3072,.F.);
#4584=ORIENTED_EDGE('',*,*,#3387,.F.);
#4585=ORIENTED_EDGE('',*,*,#3331,.T.);
#4586=ORIENTED_EDGE('',*,*,#3386,.T.);
#4587=ORIENTED_EDGE('',*,*,#3364,.F.);
#4588=ORIENTED_EDGE('',*,*,#3379,.T.);
#4589=ORIENTED_EDGE('',*,*,#3377,.F.);
#4590=ORIENTED_EDGE('',*,*,#3387,.T.);
#4591=ORIENTED_EDGE('',*,*,#3071,.F.);
#4592=ORIENTED_EDGE('',*,*,#3093,.F.);
#4593=ORIENTED_EDGE('',*,*,#3276,.F.);
#4594=ORIENTED_EDGE('',*,*,#3351,.T.);
#4595=ORIENTED_EDGE('',*,*,#3350,.F.);
#4596=ORIENTED_EDGE('',*,*,#3333,.T.);
#4597=ORIENTED_EDGE('',*,*,#3376,.T.);
#4598=ORIENTED_EDGE('',*,*,#3378,.T.);
#4599=ORIENTED_EDGE('',*,*,#3362,.F.);
#4600=ORIENTED_EDGE('',*,*,#3094,.F.);
#4601=ORIENTED_EDGE('',*,*,#3069,.F.);
#4602=ORIENTED_EDGE('',*,*,#3096,.F.);
#4603=ORIENTED_EDGE('',*,*,#3067,.F.);
#4604=ORIENTED_EDGE('',*,*,#3381,.F.);
#4605=ORIENTED_EDGE('',*,*,#3349,.T.);
#4606=ORIENTED_EDGE('',*,*,#3352,.T.);
#4607=ORIENTED_EDGE('',*,*,#3274,.F.);
#4608=ORIENTED_EDGE('',*,*,#3097,.F.);
#4609=ORIENTED_EDGE('',*,*,#3245,.T.);
#4610=ORIENTED_EDGE('',*,*,#3388,.T.);
#4611=ORIENTED_EDGE('',*,*,#3389,.T.);
#4612=ORIENTED_EDGE('',*,*,#3390,.T.);
#4613=ORIENTED_EDGE('',*,*,#3391,.T.);
#4614=ORIENTED_EDGE('',*,*,#3392,.T.);
#4615=ORIENTED_EDGE('',*,*,#3247,.T.);
#4616=ORIENTED_EDGE('',*,*,#3393,.T.);
#4617=ORIENTED_EDGE('',*,*,#3394,.T.);
#4618=ORIENTED_EDGE('',*,*,#3393,.F.);
#4619=ORIENTED_EDGE('',*,*,#3246,.T.);
#4620=ORIENTED_EDGE('',*,*,#3390,.F.);
#4621=ORIENTED_EDGE('',*,*,#3395,.T.);
#4622=ORIENTED_EDGE('',*,*,#3396,.T.);
#4623=ORIENTED_EDGE('',*,*,#3397,.T.);
#4624=ORIENTED_EDGE('',*,*,#3398,.T.);
#4625=ORIENTED_EDGE('',*,*,#3399,.T.);
#4626=ORIENTED_EDGE('',*,*,#3400,.T.);
#4627=ORIENTED_EDGE('',*,*,#3401,.T.);
#4628=ORIENTED_EDGE('',*,*,#3402,.T.);
#4629=ORIENTED_EDGE('',*,*,#3403,.T.);
#4630=ORIENTED_EDGE('',*,*,#3404,.T.);
#4631=ORIENTED_EDGE('',*,*,#3405,.T.);
#4632=ORIENTED_EDGE('',*,*,#3403,.F.);
#4633=ORIENTED_EDGE('',*,*,#3406,.T.);
#4634=ORIENTED_EDGE('',*,*,#3399,.F.);
#4635=ORIENTED_EDGE('',*,*,#3395,.F.);
#4636=ORIENTED_EDGE('',*,*,#3406,.F.);
#4637=ORIENTED_EDGE('',*,*,#3402,.F.);
#4638=ORIENTED_EDGE('',*,*,#3407,.F.);
#4639=ORIENTED_EDGE('',*,*,#3408,.T.);
#4640=ORIENTED_EDGE('',*,*,#3044,.F.);
#4641=ORIENTED_EDGE('',*,*,#3409,.F.);
#4642=ORIENTED_EDGE('',*,*,#3410,.T.);
#4643=ORIENTED_EDGE('',*,*,#3400,.F.);
#4644=ORIENTED_EDGE('',*,*,#3411,.F.);
#4645=ORIENTED_EDGE('',*,*,#3389,.F.);
#4646=ORIENTED_EDGE('',*,*,#3394,.F.);
#4647=ORIENTED_EDGE('',*,*,#3411,.T.);
#4648=ORIENTED_EDGE('',*,*,#3404,.F.);
#4649=ORIENTED_EDGE('',*,*,#3405,.F.);
#4650=ORIENTED_EDGE('',*,*,#3398,.F.);
#4651=ORIENTED_EDGE('',*,*,#3412,.T.);
#4652=ORIENTED_EDGE('',*,*,#3396,.F.);
#4653=ORIENTED_EDGE('',*,*,#3407,.T.);
#4654=ORIENTED_EDGE('',*,*,#3401,.F.);
#4655=ORIENTED_EDGE('',*,*,#3410,.F.);
#4656=ORIENTED_EDGE('',*,*,#3251,.F.);
#4657=ORIENTED_EDGE('',*,*,#3413,.T.);
#4658=ORIENTED_EDGE('',*,*,#3042,.F.);
#4659=ORIENTED_EDGE('',*,*,#3414,.F.);
#4660=ORIENTED_EDGE('',*,*,#3253,.F.);
#4661=ORIENTED_EDGE('',*,*,#3415,.T.);
#4662=ORIENTED_EDGE('',*,*,#3043,.F.);
#4663=ORIENTED_EDGE('',*,*,#3415,.F.);
#4664=ORIENTED_EDGE('',*,*,#3252,.F.);
#4665=ORIENTED_EDGE('',*,*,#3409,.T.);
#4666=ORIENTED_EDGE('',*,*,#3045,.F.);
#4667=ORIENTED_EDGE('',*,*,#3408,.F.);
#4668=ORIENTED_EDGE('',*,*,#3388,.F.);
#4669=ORIENTED_EDGE('',*,*,#3254,.F.);
#4670=ORIENTED_EDGE('',*,*,#3414,.T.);
#4671=ORIENTED_EDGE('',*,*,#3391,.F.);
#4672=ORIENTED_EDGE('',*,*,#3412,.F.);
#4673=ORIENTED_EDGE('',*,*,#3397,.F.);
#4674=ORIENTED_EDGE('',*,*,#3413,.F.);
#4675=ORIENTED_EDGE('',*,*,#3416,.T.);
#4676=ORIENTED_EDGE('',*,*,#3038,.F.);
#4677=ORIENTED_EDGE('',*,*,#3417,.F.);
#4678=ORIENTED_EDGE('',*,*,#3039,.F.);
#4679=ORIENTED_EDGE('',*,*,#3416,.F.);
#4680=ORIENTED_EDGE('',*,*,#3250,.F.);
#4681=ORIENTED_EDGE('',*,*,#3418,.T.);
#4682=ORIENTED_EDGE('',*,*,#3040,.F.);
#4683=ORIENTED_EDGE('',*,*,#3418,.F.);
#4684=ORIENTED_EDGE('',*,*,#3249,.F.);
#4685=ORIENTED_EDGE('',*,*,#3419,.T.);
#4686=ORIENTED_EDGE('',*,*,#3041,.F.);
#4687=ORIENTED_EDGE('',*,*,#3419,.F.);
#4688=ORIENTED_EDGE('',*,*,#3248,.F.);
#4689=ORIENTED_EDGE('',*,*,#3392,.F.);
#4690=ORIENTED_EDGE('',*,*,#3417,.T.);
#4691=ORIENTED_EDGE('',*,*,#3257,.T.);
#4692=ORIENTED_EDGE('',*,*,#3420,.T.);
#4693=ORIENTED_EDGE('',*,*,#3301,.T.);
#4694=ORIENTED_EDGE('',*,*,#3059,.T.);
#4695=ORIENTED_EDGE('',*,*,#3420,.F.);
#4696=ORIENTED_EDGE('',*,*,#3256,.F.);
#4697=ORIENTED_EDGE('',*,*,#3421,.F.);
#4698=ORIENTED_EDGE('',*,*,#3302,.F.);
#4699=ORIENTED_EDGE('',*,*,#3264,.T.);
#4700=ORIENTED_EDGE('',*,*,#3061,.T.);
#4701=ORIENTED_EDGE('',*,*,#3306,.T.);
#4702=ORIENTED_EDGE('',*,*,#3422,.T.);
#4703=ORIENTED_EDGE('',*,*,#3255,.T.);
#4704=ORIENTED_EDGE('',*,*,#3241,.T.);
#4705=ORIENTED_EDGE('',*,*,#3303,.T.);
#4706=ORIENTED_EDGE('',*,*,#3421,.T.);
#4707=ORIENTED_EDGE('',*,*,#3266,.T.);
#4708=ORIENTED_EDGE('',*,*,#3423,.T.);
#4709=ORIENTED_EDGE('',*,*,#3304,.T.);
#4710=ORIENTED_EDGE('',*,*,#3239,.T.);
#4711=ORIENTED_EDGE('',*,*,#3422,.F.);
#4712=ORIENTED_EDGE('',*,*,#3305,.F.);
#4713=ORIENTED_EDGE('',*,*,#3423,.F.);
#4714=ORIENTED_EDGE('',*,*,#3265,.F.);
#4715=ORIENTED_EDGE('',*,*,#3195,.F.);
#4716=ORIENTED_EDGE('',*,*,#3200,.T.);
#4717=ORIENTED_EDGE('',*,*,#3199,.T.);
#4718=ORIENTED_EDGE('',*,*,#3191,.T.);
#4719=ORIENTED_EDGE('',*,*,#3158,.F.);
#4720=ORIENTED_EDGE('',*,*,#3424,.T.);
#4721=ORIENTED_EDGE('',*,*,#3150,.T.);
#4722=ORIENTED_EDGE('',*,*,#3147,.T.);
#4723=ORIENTED_EDGE('',*,*,#3124,.F.);
#4724=ORIENTED_EDGE('',*,*,#3425,.F.);
#4725=ORIENTED_EDGE('',*,*,#3153,.F.);
#4726=ORIENTED_EDGE('',*,*,#3136,.F.);
#4727=ORIENTED_EDGE('',*,*,#3131,.F.);
#4728=ORIENTED_EDGE('',*,*,#3426,.F.);
#4729=ORIENTED_EDGE('',*,*,#3126,.T.);
#4730=ORIENTED_EDGE('',*,*,#3135,.T.);
#4731=ORIENTED_EDGE('',*,*,#3177,.F.);
#4732=ORIENTED_EDGE('',*,*,#3208,.F.);
#4733=ORIENTED_EDGE('',*,*,#3172,.T.);
#4734=ORIENTED_EDGE('',*,*,#3181,.T.);
#4735=ORIENTED_EDGE('',*,*,#3164,.F.);
#4736=ORIENTED_EDGE('',*,*,#3207,.F.);
#4737=ORIENTED_EDGE('',*,*,#3322,.F.);
#4738=ORIENTED_EDGE('',*,*,#3182,.F.);
#4739=ORIENTED_EDGE('',*,*,#3427,.F.);
#4740=ORIENTED_EDGE('',*,*,#3428,.T.);
#4741=ORIENTED_EDGE('',*,*,#3308,.T.);
#4742=ORIENTED_EDGE('',*,*,#3428,.F.);
#4743=ORIENTED_EDGE('',*,*,#3429,.F.);
#4744=ORIENTED_EDGE('',*,*,#3430,.T.);
#4745=ORIENTED_EDGE('',*,*,#3292,.T.);
#4746=ORIENTED_EDGE('',*,*,#3430,.F.);
#4747=ORIENTED_EDGE('',*,*,#3431,.F.);
#4748=ORIENTED_EDGE('',*,*,#3432,.F.);
#4749=ORIENTED_EDGE('',*,*,#3433,.F.);
#4750=ORIENTED_EDGE('',*,*,#3434,.T.);
#4751=ORIENTED_EDGE('',*,*,#3431,.T.);
#4752=ORIENTED_EDGE('',*,*,#3434,.F.);
#4753=ORIENTED_EDGE('',*,*,#3429,.T.);
#4754=ORIENTED_EDGE('',*,*,#3433,.T.);
#4755=ORIENTED_EDGE('',*,*,#3435,.F.);
#4756=ORIENTED_EDGE('',*,*,#3436,.T.);
#4757=ORIENTED_EDGE('',*,*,#3437,.F.);
#4758=ORIENTED_EDGE('',*,*,#3436,.F.);
#4759=ORIENTED_EDGE('',*,*,#3427,.T.);
#4760=ORIENTED_EDGE('',*,*,#3435,.T.);
#4761=ORIENTED_EDGE('',*,*,#3432,.T.);
#4762=ORIENTED_EDGE('',*,*,#3438,.T.);
#4763=ORIENTED_EDGE('',*,*,#3439,.F.);
#4764=ORIENTED_EDGE('',*,*,#3438,.F.);
#4765=ORIENTED_EDGE('',*,*,#3440,.F.);
#4766=ORIENTED_EDGE('',*,*,#3441,.T.);
#4767=ORIENTED_EDGE('',*,*,#3442,.F.);
#4768=ORIENTED_EDGE('',*,*,#3441,.F.);
#4769=ORIENTED_EDGE('',*,*,#3443,.T.);
#4770=ORIENTED_EDGE('',*,*,#3444,.T.);
#4771=ORIENTED_EDGE('',*,*,#3445,.T.);
#4772=ORIENTED_EDGE('',*,*,#3446,.T.);
#4773=ORIENTED_EDGE('',*,*,#3447,.T.);
#4774=ORIENTED_EDGE('',*,*,#3448,.T.);
#4775=ORIENTED_EDGE('',*,*,#3449,.T.);
#4776=ORIENTED_EDGE('',*,*,#3450,.T.);
#4777=ORIENTED_EDGE('',*,*,#3451,.T.);
#4778=ORIENTED_EDGE('',*,*,#3452,.T.);
#4779=ORIENTED_EDGE('',*,*,#3453,.T.);
#4780=ORIENTED_EDGE('',*,*,#3454,.T.);
#4781=ORIENTED_EDGE('',*,*,#3455,.T.);
#4782=ORIENTED_EDGE('',*,*,#3456,.T.);
#4783=ORIENTED_EDGE('',*,*,#3457,.T.);
#4784=ORIENTED_EDGE('',*,*,#3458,.T.);
#4785=ORIENTED_EDGE('',*,*,#3459,.T.);
#4786=ORIENTED_EDGE('',*,*,#3460,.T.);
#4787=ORIENTED_EDGE('',*,*,#3461,.T.);
#4788=ORIENTED_EDGE('',*,*,#3462,.T.);
#4789=ORIENTED_EDGE('',*,*,#3463,.T.);
#4790=ORIENTED_EDGE('',*,*,#3464,.T.);
#4791=ORIENTED_EDGE('',*,*,#3465,.F.);
#4792=ORIENTED_EDGE('',*,*,#3466,.T.);
#4793=ORIENTED_EDGE('',*,*,#3467,.T.);
#4794=ORIENTED_EDGE('',*,*,#3468,.T.);
#4795=ORIENTED_EDGE('',*,*,#3469,.T.);
#4796=ORIENTED_EDGE('',*,*,#3470,.T.);
#4797=ORIENTED_EDGE('',*,*,#3471,.T.);
#4798=ORIENTED_EDGE('',*,*,#3472,.T.);
#4799=ORIENTED_EDGE('',*,*,#3473,.F.);
#4800=ORIENTED_EDGE('',*,*,#3474,.T.);
#4801=ORIENTED_EDGE('',*,*,#3475,.T.);
#4802=ORIENTED_EDGE('',*,*,#3476,.F.);
#4803=ORIENTED_EDGE('',*,*,#3477,.T.);
#4804=ORIENTED_EDGE('',*,*,#3478,.T.);
#4805=ORIENTED_EDGE('',*,*,#3479,.T.);
#4806=ORIENTED_EDGE('',*,*,#3480,.F.);
#4807=ORIENTED_EDGE('',*,*,#3481,.T.);
#4808=ORIENTED_EDGE('',*,*,#3482,.T.);
#4809=ORIENTED_EDGE('',*,*,#3464,.F.);
#4810=ORIENTED_EDGE('',*,*,#3483,.F.);
#4811=ORIENTED_EDGE('',*,*,#3484,.T.);
#4812=ORIENTED_EDGE('',*,*,#3485,.F.);
#4813=ORIENTED_EDGE('',*,*,#3466,.F.);
#4814=ORIENTED_EDGE('',*,*,#3486,.F.);
#4815=ORIENTED_EDGE('',*,*,#3487,.F.);
#4816=ORIENTED_EDGE('',*,*,#3488,.T.);
#4817=ORIENTED_EDGE('',*,*,#3489,.F.);
#4818=ORIENTED_EDGE('',*,*,#3450,.F.);
#4819=ORIENTED_EDGE('',*,*,#3490,.F.);
#4820=ORIENTED_EDGE('',*,*,#3446,.F.);
#4821=ORIENTED_EDGE('',*,*,#3488,.F.);
#4822=ORIENTED_EDGE('',*,*,#3491,.F.);
#4823=ORIENTED_EDGE('',*,*,#3483,.T.);
#4824=ORIENTED_EDGE('',*,*,#3463,.F.);
#4825=ORIENTED_EDGE('',*,*,#3489,.T.);
#4826=ORIENTED_EDGE('',*,*,#3445,.F.);
#4827=ORIENTED_EDGE('',*,*,#3492,.T.);
#4828=ORIENTED_EDGE('',*,*,#3447,.F.);
#4829=ORIENTED_EDGE('',*,*,#3492,.F.);
#4830=ORIENTED_EDGE('',*,*,#3444,.F.);
#4831=ORIENTED_EDGE('',*,*,#3493,.T.);
#4832=ORIENTED_EDGE('',*,*,#3448,.F.);
#4833=ORIENTED_EDGE('',*,*,#3459,.F.);
#4834=ORIENTED_EDGE('',*,*,#3494,.F.);
#4835=ORIENTED_EDGE('',*,*,#3479,.F.);
#4836=ORIENTED_EDGE('',*,*,#3495,.T.);
#4837=ORIENTED_EDGE('',*,*,#3460,.F.);
#4838=ORIENTED_EDGE('',*,*,#3495,.F.);
#4839=ORIENTED_EDGE('',*,*,#3482,.F.);
#4840=ORIENTED_EDGE('',*,*,#3496,.T.);
#4841=ORIENTED_EDGE('',*,*,#3461,.F.);
#4842=ORIENTED_EDGE('',*,*,#3496,.F.);
#4843=ORIENTED_EDGE('',*,*,#3481,.F.);
#4844=ORIENTED_EDGE('',*,*,#3497,.T.);
#4845=ORIENTED_EDGE('',*,*,#3440,.T.);
#4846=ORIENTED_EDGE('',*,*,#3462,.F.);
#4847=ORIENTED_EDGE('',*,*,#3497,.F.);
#4848=ORIENTED_EDGE('',*,*,#3480,.T.);
#4849=ORIENTED_EDGE('',*,*,#3494,.T.);
#4850=ORIENTED_EDGE('',*,*,#3493,.F.);
#4851=ORIENTED_EDGE('',*,*,#3443,.F.);
#4852=ORIENTED_EDGE('',*,*,#3490,.T.);
#4853=ORIENTED_EDGE('',*,*,#3449,.F.);
#4854=ORIENTED_EDGE('',*,*,#3498,.F.);
#4855=ORIENTED_EDGE('',*,*,#3451,.F.);
#4856=ORIENTED_EDGE('',*,*,#3499,.T.);
#4857=ORIENTED_EDGE('',*,*,#3457,.F.);
#4858=ORIENTED_EDGE('',*,*,#3472,.F.);
#4859=ORIENTED_EDGE('',*,*,#3500,.F.);
#4860=ORIENTED_EDGE('',*,*,#3501,.T.);
#4861=ORIENTED_EDGE('',*,*,#3502,.F.);
#4862=ORIENTED_EDGE('',*,*,#3474,.F.);
#4863=ORIENTED_EDGE('',*,*,#3503,.F.);
#4864=ORIENTED_EDGE('',*,*,#3504,.F.);
#4865=ORIENTED_EDGE('',*,*,#3505,.T.);
#4866=ORIENTED_EDGE('',*,*,#3506,.T.);
#4867=ORIENTED_EDGE('',*,*,#3458,.F.);
#4868=ORIENTED_EDGE('',*,*,#3499,.F.);
#4869=ORIENTED_EDGE('',*,*,#3454,.F.);
#4870=ORIENTED_EDGE('',*,*,#3505,.F.);
#4871=ORIENTED_EDGE('',*,*,#3507,.F.);
#4872=ORIENTED_EDGE('',*,*,#3500,.T.);
#4873=ORIENTED_EDGE('',*,*,#3471,.F.);
#4874=ORIENTED_EDGE('',*,*,#3506,.F.);
#4875=ORIENTED_EDGE('',*,*,#3453,.F.);
#4876=ORIENTED_EDGE('',*,*,#3508,.T.);
#4877=ORIENTED_EDGE('',*,*,#3455,.F.);
#4878=ORIENTED_EDGE('',*,*,#3508,.F.);
#4879=ORIENTED_EDGE('',*,*,#3452,.F.);
#4880=ORIENTED_EDGE('',*,*,#3498,.T.);
#4881=ORIENTED_EDGE('',*,*,#3456,.F.);
#4882=ORIENTED_EDGE('',*,*,#3467,.F.);
#4883=ORIENTED_EDGE('',*,*,#3509,.F.);
#4884=ORIENTED_EDGE('',*,*,#3475,.F.);
#4885=ORIENTED_EDGE('',*,*,#3510,.T.);
#4886=ORIENTED_EDGE('',*,*,#3468,.F.);
#4887=ORIENTED_EDGE('',*,*,#3510,.F.);
#4888=ORIENTED_EDGE('',*,*,#3478,.F.);
#4889=ORIENTED_EDGE('',*,*,#3511,.T.);
#4890=ORIENTED_EDGE('',*,*,#3469,.F.);
#4891=ORIENTED_EDGE('',*,*,#3511,.F.);
#4892=ORIENTED_EDGE('',*,*,#3477,.F.);
#4893=ORIENTED_EDGE('',*,*,#3512,.T.);
#4894=ORIENTED_EDGE('',*,*,#3439,.T.);
#4895=ORIENTED_EDGE('',*,*,#3470,.F.);
#4896=ORIENTED_EDGE('',*,*,#3512,.F.);
#4897=ORIENTED_EDGE('',*,*,#3476,.T.);
#4898=ORIENTED_EDGE('',*,*,#3509,.T.);
#4899=ORIENTED_EDGE('',*,*,#3486,.T.);
#4900=ORIENTED_EDGE('',*,*,#3465,.T.);
#4901=ORIENTED_EDGE('',*,*,#3485,.T.);
#4902=ORIENTED_EDGE('',*,*,#3513,.F.);
#4903=ORIENTED_EDGE('',*,*,#3514,.T.);
#4904=ORIENTED_EDGE('',*,*,#3159,.T.);
#4905=ORIENTED_EDGE('',*,*,#3144,.F.);
#4906=ORIENTED_EDGE('',*,*,#3515,.F.);
#4907=ORIENTED_EDGE('',*,*,#3503,.T.);
#4908=ORIENTED_EDGE('',*,*,#3473,.T.);
#4909=ORIENTED_EDGE('',*,*,#3502,.T.);
#4910=ORIENTED_EDGE('',*,*,#3516,.F.);
#4911=ORIENTED_EDGE('',*,*,#3201,.T.);
#4912=ORIENTED_EDGE('',*,*,#3196,.T.);
#4913=ORIENTED_EDGE('',*,*,#3188,.F.);
#4914=ORIENTED_EDGE('',*,*,#3517,.F.);
#4915=ORIENTED_EDGE('',*,*,#3130,.F.);
#4916=ORIENTED_EDGE('',*,*,#3134,.F.);
#4917=ORIENTED_EDGE('',*,*,#3149,.F.);
#4918=ORIENTED_EDGE('',*,*,#3424,.F.);
#4919=ORIENTED_EDGE('',*,*,#3157,.F.);
#4920=ORIENTED_EDGE('',*,*,#3160,.T.);
#4921=ORIENTED_EDGE('',*,*,#3514,.F.);
#4922=ORIENTED_EDGE('',*,*,#3518,.T.);
#4923=ORIENTED_EDGE('',*,*,#3118,.F.);
#4924=ORIENTED_EDGE('',*,*,#3210,.F.);
#4925=ORIENTED_EDGE('',*,*,#3212,.F.);
#4926=ORIENTED_EDGE('',*,*,#3213,.F.);
#4927=ORIENTED_EDGE('',*,*,#3277,.F.);
#4928=ORIENTED_EDGE('',*,*,#3154,.T.);
#4929=ORIENTED_EDGE('',*,*,#3151,.F.);
#4930=ORIENTED_EDGE('',*,*,#3425,.T.);
#4931=ORIENTED_EDGE('',*,*,#3123,.F.);
#4932=ORIENTED_EDGE('',*,*,#3127,.T.);
#4933=ORIENTED_EDGE('',*,*,#3426,.T.);
#4934=ORIENTED_EDGE('',*,*,#3519,.F.);
#4935=ORIENTED_EDGE('',*,*,#3520,.T.);
#4936=ORIENTED_EDGE('',*,*,#3521,.F.);
#4937=ORIENTED_EDGE('',*,*,#3522,.T.);
#4938=ORIENTED_EDGE('',*,*,#3519,.T.);
#4939=ORIENTED_EDGE('',*,*,#3523,.T.);
#4940=ORIENTED_EDGE('',*,*,#3524,.T.);
#4941=ORIENTED_EDGE('',*,*,#3525,.F.);
#4942=ORIENTED_EDGE('',*,*,#3526,.T.);
#4943=ORIENTED_EDGE('',*,*,#3527,.T.);
#4944=ORIENTED_EDGE('',*,*,#3522,.F.);
#4945=ORIENTED_EDGE('',*,*,#3528,.F.);
#4946=ORIENTED_EDGE('',*,*,#3529,.F.);
#4947=ORIENTED_EDGE('',*,*,#3523,.F.);
#4948=ORIENTED_EDGE('',*,*,#3530,.F.);
#4949=ORIENTED_EDGE('',*,*,#3531,.T.);
#4950=ORIENTED_EDGE('',*,*,#3524,.F.);
#4951=ORIENTED_EDGE('',*,*,#3529,.T.);
#4952=ORIENTED_EDGE('',*,*,#3521,.T.);
#4953=ORIENTED_EDGE('',*,*,#3532,.F.);
#4954=ORIENTED_EDGE('',*,*,#3533,.T.);
#4955=ORIENTED_EDGE('',*,*,#3534,.F.);
#4956=ORIENTED_EDGE('',*,*,#3530,.T.);
#4957=ORIENTED_EDGE('',*,*,#3528,.T.);
#4958=ORIENTED_EDGE('',*,*,#3533,.F.);
#4959=ORIENTED_EDGE('',*,*,#3535,.F.);
#4960=ORIENTED_EDGE('',*,*,#3536,.F.);
#4961=ORIENTED_EDGE('',*,*,#3537,.F.);
#4962=ORIENTED_EDGE('',*,*,#3520,.F.);
#4963=ORIENTED_EDGE('',*,*,#3527,.F.);
#4964=ORIENTED_EDGE('',*,*,#3538,.T.);
#4965=ORIENTED_EDGE('',*,*,#3539,.F.);
#4966=ORIENTED_EDGE('',*,*,#3535,.T.);
#4967=ORIENTED_EDGE('',*,*,#3532,.T.);
#4968=ORIENTED_EDGE('',*,*,#3531,.F.);
#4969=ORIENTED_EDGE('',*,*,#3534,.T.);
#4970=ORIENTED_EDGE('',*,*,#3537,.T.);
#4971=ORIENTED_EDGE('',*,*,#3540,.T.);
#4972=ORIENTED_EDGE('',*,*,#3541,.T.);
#4973=ORIENTED_EDGE('',*,*,#3525,.T.);
#4974=ORIENTED_EDGE('',*,*,#3542,.T.);
#4975=ORIENTED_EDGE('',*,*,#3114,.F.);
#4976=ORIENTED_EDGE('',*,*,#3110,.F.);
#4977=ORIENTED_EDGE('',*,*,#3243,.F.);
#4978=ORIENTED_EDGE('',*,*,#3101,.F.);
#4979=ORIENTED_EDGE('',*,*,#3109,.T.);
#4980=ORIENTED_EDGE('',*,*,#3543,.T.);
#4981=ORIENTED_EDGE('',*,*,#3540,.F.);
#4982=ORIENTED_EDGE('',*,*,#3536,.T.);
#4983=ORIENTED_EDGE('',*,*,#3539,.T.);
#4984=ORIENTED_EDGE('',*,*,#3544,.T.);
#4985=ORIENTED_EDGE('',*,*,#3103,.F.);
#4986=ORIENTED_EDGE('',*,*,#3099,.F.);
#4987=ORIENTED_EDGE('',*,*,#3244,.F.);
#4988=ORIENTED_EDGE('',*,*,#3112,.F.);
#4989=ORIENTED_EDGE('',*,*,#3120,.T.);
#4990=ORIENTED_EDGE('',*,*,#3491,.T.);
#4991=ORIENTED_EDGE('',*,*,#3487,.T.);
#4992=ORIENTED_EDGE('',*,*,#3515,.T.);
#4993=ORIENTED_EDGE('',*,*,#3143,.T.);
#4994=ORIENTED_EDGE('',*,*,#3115,.F.);
#4995=ORIENTED_EDGE('',*,*,#3542,.F.);
#4996=ORIENTED_EDGE('',*,*,#3538,.F.);
#4997=ORIENTED_EDGE('',*,*,#3526,.F.);
#4998=ORIENTED_EDGE('',*,*,#3541,.F.);
#4999=ORIENTED_EDGE('',*,*,#3543,.F.);
#5000=ORIENTED_EDGE('',*,*,#3108,.F.);
#5001=ORIENTED_EDGE('',*,*,#3202,.F.);
#5002=ORIENTED_EDGE('',*,*,#3516,.T.);
#5003=ORIENTED_EDGE('',*,*,#3501,.F.);
#5004=ORIENTED_EDGE('',*,*,#3507,.T.);
#5005=ORIENTED_EDGE('',*,*,#3504,.T.);
#5006=ORIENTED_EDGE('',*,*,#3517,.T.);
#5007=ORIENTED_EDGE('',*,*,#3187,.T.);
#5008=ORIENTED_EDGE('',*,*,#3104,.F.);
#5009=ORIENTED_EDGE('',*,*,#3544,.F.);
#5010=ORIENTED_EDGE('',*,*,#3119,.F.);
#5011=ORIENTED_EDGE('',*,*,#3518,.F.);
#5012=ORIENTED_EDGE('',*,*,#3513,.T.);
#5013=ORIENTED_EDGE('',*,*,#3484,.F.);
#5014=ORIENTED_EDGE('',*,*,#3298,.F.);
#5015=ORIENTED_EDGE('',*,*,#3307,.F.);
#5016=ORIENTED_EDGE('',*,*,#3299,.F.);
#5017=ORIENTED_EDGE('',*,*,#3290,.F.);
#5018=ORIENTED_EDGE('',*,*,#3294,.F.);
#5019=ORIENTED_EDGE('',*,*,#3296,.F.);
#5020=ORIENTED_EDGE('',*,*,#3316,.F.);
#5021=ORIENTED_EDGE('',*,*,#3268,.F.);
#5022=ORIENTED_EDGE('',*,*,#3270,.F.);
#5023=ORIENTED_EDGE('',*,*,#3235,.F.);
#5024=ORIENTED_EDGE('',*,*,#3359,.F.);
#5025=ORIENTED_EDGE('',*,*,#3230,.F.);
#5026=ORIENTED_EDGE('',*,*,#3437,.T.);
#5027=ORIENTED_EDGE('',*,*,#3442,.T.);
#5028=ORIENTED_EDGE('',*,*,#3545,.T.);
#5029=ORIENTED_EDGE('',*,*,#3546,.T.);
#5030=ORIENTED_EDGE('',*,*,#3547,.T.);
#5031=ORIENTED_EDGE('',*,*,#3548,.T.);
#5032=ORIENTED_EDGE('',*,*,#3547,.F.);
#5033=ORIENTED_EDGE('',*,*,#3549,.F.);
#5034=ORIENTED_EDGE('',*,*,#3550,.F.);
#5035=ORIENTED_EDGE('',*,*,#3551,.F.);
#5036=ORIENTED_EDGE('',*,*,#3552,.F.);
#5037=ORIENTED_EDGE('',*,*,#3553,.F.);
#5038=ORIENTED_EDGE('',*,*,#3554,.T.);
#5039=ORIENTED_EDGE('',*,*,#3546,.F.);
#5040=ORIENTED_EDGE('',*,*,#3555,.T.);
#5041=ORIENTED_EDGE('',*,*,#3556,.T.);
#5042=ORIENTED_EDGE('',*,*,#3549,.T.);
#5043=ORIENTED_EDGE('',*,*,#3557,.T.);
#5044=ORIENTED_EDGE('',*,*,#3558,.T.);
#5045=ORIENTED_EDGE('',*,*,#3559,.T.);
#5046=ORIENTED_EDGE('',*,*,#3560,.T.);
#5047=ORIENTED_EDGE('',*,*,#3559,.F.);
#5048=ORIENTED_EDGE('',*,*,#3561,.T.);
#5049=ORIENTED_EDGE('',*,*,#3562,.T.);
#5050=ORIENTED_EDGE('',*,*,#3563,.T.);
#5051=ORIENTED_EDGE('',*,*,#3564,.T.);
#5052=ORIENTED_EDGE('',*,*,#3565,.T.);
#5053=ORIENTED_EDGE('',*,*,#3562,.F.);
#5054=ORIENTED_EDGE('',*,*,#3566,.T.);
#5055=ORIENTED_EDGE('',*,*,#3564,.F.);
#5056=ORIENTED_EDGE('',*,*,#3567,.F.);
#5057=ORIENTED_EDGE('',*,*,#3568,.F.);
#5058=ORIENTED_EDGE('',*,*,#3569,.F.);
#5059=ORIENTED_EDGE('',*,*,#3570,.T.);
#5060=ORIENTED_EDGE('',*,*,#3571,.F.);
#5061=ORIENTED_EDGE('',*,*,#3572,.F.);
#5062=ORIENTED_EDGE('',*,*,#3566,.F.);
#5063=ORIENTED_EDGE('',*,*,#3573,.F.);
#5064=ORIENTED_EDGE('',*,*,#3574,.F.);
#5065=ORIENTED_EDGE('',*,*,#3567,.T.);
#5066=ORIENTED_EDGE('',*,*,#3561,.F.);
#5067=ORIENTED_EDGE('',*,*,#3575,.T.);
#5068=ORIENTED_EDGE('',*,*,#3576,.T.);
#5069=ORIENTED_EDGE('',*,*,#3573,.T.);
#5070=ORIENTED_EDGE('',*,*,#3558,.F.);
#5071=ORIENTED_EDGE('',*,*,#3577,.F.);
#5072=ORIENTED_EDGE('',*,*,#3578,.F.);
#5073=ORIENTED_EDGE('',*,*,#3575,.F.);
#5074=ORIENTED_EDGE('',*,*,#3579,.T.);
#5075=ORIENTED_EDGE('',*,*,#3580,.T.);
#5076=ORIENTED_EDGE('',*,*,#3581,.T.);
#5077=ORIENTED_EDGE('',*,*,#3582,.T.);
#5078=ORIENTED_EDGE('',*,*,#3581,.F.);
#5079=ORIENTED_EDGE('',*,*,#3583,.T.);
#5080=ORIENTED_EDGE('',*,*,#3584,.T.);
#5081=ORIENTED_EDGE('',*,*,#3585,.T.);
#5082=ORIENTED_EDGE('',*,*,#3586,.T.);
#5083=ORIENTED_EDGE('',*,*,#3587,.T.);
#5084=ORIENTED_EDGE('',*,*,#3584,.F.);
#5085=ORIENTED_EDGE('',*,*,#3588,.T.);
#5086=ORIENTED_EDGE('',*,*,#3586,.F.);
#5087=ORIENTED_EDGE('',*,*,#3589,.F.);
#5088=ORIENTED_EDGE('',*,*,#3590,.F.);
#5089=ORIENTED_EDGE('',*,*,#3591,.F.);
#5090=ORIENTED_EDGE('',*,*,#3592,.T.);
#5091=ORIENTED_EDGE('',*,*,#3593,.F.);
#5092=ORIENTED_EDGE('',*,*,#3594,.F.);
#5093=ORIENTED_EDGE('',*,*,#3588,.F.);
#5094=ORIENTED_EDGE('',*,*,#3595,.F.);
#5095=ORIENTED_EDGE('',*,*,#3596,.F.);
#5096=ORIENTED_EDGE('',*,*,#3589,.T.);
#5097=ORIENTED_EDGE('',*,*,#3583,.F.);
#5098=ORIENTED_EDGE('',*,*,#3597,.T.);
#5099=ORIENTED_EDGE('',*,*,#3598,.T.);
#5100=ORIENTED_EDGE('',*,*,#3595,.T.);
#5101=ORIENTED_EDGE('',*,*,#3580,.F.);
#5102=ORIENTED_EDGE('',*,*,#3599,.F.);
#5103=ORIENTED_EDGE('',*,*,#3600,.F.);
#5104=ORIENTED_EDGE('',*,*,#3597,.F.);
#5105=ORIENTED_EDGE('',*,*,#3545,.F.);
#5106=ORIENTED_EDGE('',*,*,#3601,.F.);
#5107=ORIENTED_EDGE('',*,*,#3602,.F.);
#5108=ORIENTED_EDGE('',*,*,#3603,.F.);
#5109=ORIENTED_EDGE('',*,*,#3604,.T.);
#5110=ORIENTED_EDGE('',*,*,#3605,.F.);
#5111=ORIENTED_EDGE('',*,*,#3555,.F.);
#5112=ORIENTED_EDGE('',*,*,#3548,.F.);
#5113=ORIENTED_EDGE('',*,*,#3554,.F.);
#5114=ORIENTED_EDGE('',*,*,#3606,.F.);
#5115=ORIENTED_EDGE('',*,*,#3601,.T.);
#5116=ORIENTED_EDGE('',*,*,#3560,.F.);
#5117=ORIENTED_EDGE('',*,*,#3607,.T.);
#5118=ORIENTED_EDGE('',*,*,#3608,.T.);
#5119=ORIENTED_EDGE('',*,*,#3609,.T.);
#5120=ORIENTED_EDGE('',*,*,#3563,.F.);
#5121=ORIENTED_EDGE('',*,*,#3610,.T.);
#5122=ORIENTED_EDGE('',*,*,#3611,.T.);
#5123=ORIENTED_EDGE('',*,*,#3607,.F.);
#5124=ORIENTED_EDGE('',*,*,#3565,.F.);
#5125=ORIENTED_EDGE('',*,*,#3572,.T.);
#5126=ORIENTED_EDGE('',*,*,#3612,.T.);
#5127=ORIENTED_EDGE('',*,*,#3610,.F.);
#5128=ORIENTED_EDGE('',*,*,#3587,.F.);
#5129=ORIENTED_EDGE('',*,*,#3594,.T.);
#5130=ORIENTED_EDGE('',*,*,#3613,.T.);
#5131=ORIENTED_EDGE('',*,*,#3614,.T.);
#5132=ORIENTED_EDGE('',*,*,#3585,.F.);
#5133=ORIENTED_EDGE('',*,*,#3614,.F.);
#5134=ORIENTED_EDGE('',*,*,#3615,.T.);
#5135=ORIENTED_EDGE('',*,*,#3616,.T.);
#5136=ORIENTED_EDGE('',*,*,#3582,.F.);
#5137=ORIENTED_EDGE('',*,*,#3616,.F.);
#5138=ORIENTED_EDGE('',*,*,#3617,.T.);
#5139=ORIENTED_EDGE('',*,*,#3618,.T.);
#5140=ORIENTED_EDGE('',*,*,#3617,.F.);
#5141=ORIENTED_EDGE('',*,*,#3615,.F.);
#5142=ORIENTED_EDGE('',*,*,#3613,.F.);
#5143=ORIENTED_EDGE('',*,*,#3593,.T.);
#5144=ORIENTED_EDGE('',*,*,#3619,.T.);
#5145=ORIENTED_EDGE('',*,*,#3620,.F.);
#5146=ORIENTED_EDGE('',*,*,#3621,.T.);
#5147=ORIENTED_EDGE('',*,*,#3622,.T.);
#5148=ORIENTED_EDGE('',*,*,#3623,.F.);
#5149=ORIENTED_EDGE('',*,*,#3624,.T.);
#5150=ORIENTED_EDGE('',*,*,#3625,.F.);
#5151=ORIENTED_EDGE('',*,*,#3626,.F.);
#5152=ORIENTED_EDGE('',*,*,#3627,.F.);
#5153=ORIENTED_EDGE('',*,*,#3626,.T.);
#5154=ORIENTED_EDGE('',*,*,#3628,.F.);
#5155=ORIENTED_EDGE('',*,*,#3629,.F.);
#5156=ORIENTED_EDGE('',*,*,#3630,.F.);
#5157=ORIENTED_EDGE('',*,*,#3629,.T.);
#5158=ORIENTED_EDGE('',*,*,#3631,.F.);
#5159=ORIENTED_EDGE('',*,*,#3632,.F.);
#5160=ORIENTED_EDGE('',*,*,#3633,.F.);
#5161=ORIENTED_EDGE('',*,*,#3632,.T.);
#5162=ORIENTED_EDGE('',*,*,#3634,.F.);
#5163=ORIENTED_EDGE('',*,*,#3635,.F.);
#5164=ORIENTED_EDGE('',*,*,#3636,.F.);
#5165=ORIENTED_EDGE('',*,*,#3635,.T.);
#5166=ORIENTED_EDGE('',*,*,#3637,.F.);
#5167=ORIENTED_EDGE('',*,*,#3638,.F.);
#5168=ORIENTED_EDGE('',*,*,#3639,.F.);
#5169=ORIENTED_EDGE('',*,*,#3638,.T.);
#5170=ORIENTED_EDGE('',*,*,#3640,.F.);
#5171=ORIENTED_EDGE('',*,*,#3624,.F.);
#5172=ORIENTED_EDGE('',*,*,#3641,.T.);
#5173=ORIENTED_EDGE('',*,*,#3642,.T.);
#5174=ORIENTED_EDGE('',*,*,#3643,.T.);
#5175=ORIENTED_EDGE('',*,*,#3644,.T.);
#5176=ORIENTED_EDGE('',*,*,#3645,.T.);
#5177=ORIENTED_EDGE('',*,*,#3646,.T.);
#5178=ORIENTED_EDGE('',*,*,#3640,.T.);
#5179=ORIENTED_EDGE('',*,*,#3637,.T.);
#5180=ORIENTED_EDGE('',*,*,#3634,.T.);
#5181=ORIENTED_EDGE('',*,*,#3631,.T.);
#5182=ORIENTED_EDGE('',*,*,#3628,.T.);
#5183=ORIENTED_EDGE('',*,*,#3625,.T.);
#5184=ORIENTED_EDGE('',*,*,#3647,.T.);
#5185=ORIENTED_EDGE('',*,*,#3648,.T.);
#5186=ORIENTED_EDGE('',*,*,#3649,.T.);
#5187=ORIENTED_EDGE('',*,*,#3650,.T.);
#5188=ORIENTED_EDGE('',*,*,#3647,.F.);
#5189=ORIENTED_EDGE('',*,*,#3651,.T.);
#5190=ORIENTED_EDGE('',*,*,#3652,.T.);
#5191=ORIENTED_EDGE('',*,*,#3650,.F.);
#5192=ORIENTED_EDGE('',*,*,#3653,.F.);
#5193=ORIENTED_EDGE('',*,*,#3570,.F.);
#5194=ORIENTED_EDGE('',*,*,#3654,.F.);
#5195=ORIENTED_EDGE('',*,*,#3655,.T.);
#5196=ORIENTED_EDGE('',*,*,#3656,.T.);
#5197=ORIENTED_EDGE('',*,*,#3620,.T.);
#5198=ORIENTED_EDGE('',*,*,#3657,.T.);
#5199=ORIENTED_EDGE('',*,*,#3655,.F.);
#5200=ORIENTED_EDGE('',*,*,#3658,.T.);
#5201=ORIENTED_EDGE('',*,*,#3659,.T.);
#5202=ORIENTED_EDGE('',*,*,#3657,.F.);
#5203=ORIENTED_EDGE('',*,*,#3619,.F.);
#5204=ORIENTED_EDGE('',*,*,#3592,.F.);
#5205=ORIENTED_EDGE('',*,*,#3660,.F.);
#5206=ORIENTED_EDGE('',*,*,#3659,.F.);
#5207=ORIENTED_EDGE('',*,*,#3661,.T.);
#5208=ORIENTED_EDGE('',*,*,#3662,.T.);
#5209=ORIENTED_EDGE('',*,*,#3663,.T.);
#5210=ORIENTED_EDGE('',*,*,#3658,.F.);
#5211=ORIENTED_EDGE('',*,*,#3660,.T.);
#5212=ORIENTED_EDGE('',*,*,#3591,.T.);
#5213=ORIENTED_EDGE('',*,*,#3664,.T.);
#5214=ORIENTED_EDGE('',*,*,#3665,.F.);
#5215=ORIENTED_EDGE('',*,*,#3666,.T.);
#5216=ORIENTED_EDGE('',*,*,#3667,.F.);
#5217=ORIENTED_EDGE('',*,*,#3668,.T.);
#5218=ORIENTED_EDGE('',*,*,#3669,.T.);
#5219=ORIENTED_EDGE('',*,*,#3670,.T.);
#5220=ORIENTED_EDGE('',*,*,#3602,.T.);
#5221=ORIENTED_EDGE('',*,*,#3606,.T.);
#5222=ORIENTED_EDGE('',*,*,#3553,.T.);
#5223=ORIENTED_EDGE('',*,*,#3671,.F.);
#5224=ORIENTED_EDGE('',*,*,#3672,.T.);
#5225=ORIENTED_EDGE('',*,*,#3661,.F.);
#5226=ORIENTED_EDGE('',*,*,#3664,.F.);
#5227=ORIENTED_EDGE('',*,*,#3590,.T.);
#5228=ORIENTED_EDGE('',*,*,#3596,.T.);
#5229=ORIENTED_EDGE('',*,*,#3598,.F.);
#5230=ORIENTED_EDGE('',*,*,#3600,.T.);
#5231=ORIENTED_EDGE('',*,*,#3673,.T.);
#5232=ORIENTED_EDGE('',*,*,#3674,.F.);
#5233=ORIENTED_EDGE('',*,*,#3675,.F.);
#5234=ORIENTED_EDGE('',*,*,#3568,.T.);
#5235=ORIENTED_EDGE('',*,*,#3574,.T.);
#5236=ORIENTED_EDGE('',*,*,#3576,.F.);
#5237=ORIENTED_EDGE('',*,*,#3578,.T.);
#5238=ORIENTED_EDGE('',*,*,#3652,.F.);
#5239=ORIENTED_EDGE('',*,*,#3674,.T.);
#5240=ORIENTED_EDGE('',*,*,#3676,.T.);
#5241=ORIENTED_EDGE('',*,*,#3677,.T.);
#5242=ORIENTED_EDGE('',*,*,#3651,.F.);
#5243=ORIENTED_EDGE('',*,*,#3654,.T.);
#5244=ORIENTED_EDGE('',*,*,#3569,.T.);
#5245=ORIENTED_EDGE('',*,*,#3675,.T.);
#5246=ORIENTED_EDGE('',*,*,#3552,.T.);
#5247=ORIENTED_EDGE('',*,*,#3678,.T.);
#5248=ORIENTED_EDGE('',*,*,#3603,.T.);
#5249=ORIENTED_EDGE('',*,*,#3671,.T.);
#5250=ORIENTED_EDGE('',*,*,#3678,.F.);
#5251=ORIENTED_EDGE('',*,*,#3551,.T.);
#5252=ORIENTED_EDGE('',*,*,#3679,.F.);
#5253=ORIENTED_EDGE('',*,*,#3604,.F.);
#5254=ORIENTED_EDGE('',*,*,#3579,.F.);
#5255=ORIENTED_EDGE('',*,*,#3618,.F.);
#5256=ORIENTED_EDGE('',*,*,#3622,.F.);
#5257=ORIENTED_EDGE('',*,*,#3680,.F.);
#5258=ORIENTED_EDGE('',*,*,#3662,.F.);
#5259=ORIENTED_EDGE('',*,*,#3672,.F.);
#5260=ORIENTED_EDGE('',*,*,#3599,.T.);
#5261=ORIENTED_EDGE('',*,*,#3656,.F.);
#5262=ORIENTED_EDGE('',*,*,#3663,.F.);
#5263=ORIENTED_EDGE('',*,*,#3680,.T.);
#5264=ORIENTED_EDGE('',*,*,#3621,.F.);
#5265=ORIENTED_EDGE('',*,*,#3557,.F.);
#5266=ORIENTED_EDGE('',*,*,#3609,.F.);
#5267=ORIENTED_EDGE('',*,*,#3681,.F.);
#5268=ORIENTED_EDGE('',*,*,#3682,.F.);
#5269=ORIENTED_EDGE('',*,*,#3676,.F.);
#5270=ORIENTED_EDGE('',*,*,#3673,.F.);
#5271=ORIENTED_EDGE('',*,*,#3577,.T.);
#5272=ORIENTED_EDGE('',*,*,#3648,.F.);
#5273=ORIENTED_EDGE('',*,*,#3677,.F.);
#5274=ORIENTED_EDGE('',*,*,#3682,.T.);
#5275=ORIENTED_EDGE('',*,*,#3683,.F.);
#5276=ORIENTED_EDGE('',*,*,#3612,.F.);
#5277=ORIENTED_EDGE('',*,*,#3571,.T.);
#5278=ORIENTED_EDGE('',*,*,#3653,.T.);
#5279=ORIENTED_EDGE('',*,*,#3649,.F.);
#5280=ORIENTED_EDGE('',*,*,#3683,.T.);
#5281=ORIENTED_EDGE('',*,*,#3681,.T.);
#5282=ORIENTED_EDGE('',*,*,#3608,.F.);
#5283=ORIENTED_EDGE('',*,*,#3611,.F.);
#5284=ORIENTED_EDGE('',*,*,#3556,.F.);
#5285=ORIENTED_EDGE('',*,*,#3605,.T.);
#5286=ORIENTED_EDGE('',*,*,#3679,.T.);
#5287=ORIENTED_EDGE('',*,*,#3550,.T.);
#5288=ORIENTED_EDGE('',*,*,#3666,.F.);
#5289=ORIENTED_EDGE('',*,*,#3684,.T.);
#5290=ORIENTED_EDGE('',*,*,#3644,.F.);
#5291=ORIENTED_EDGE('',*,*,#3685,.F.);
#5292=ORIENTED_EDGE('',*,*,#3667,.T.);
#5293=ORIENTED_EDGE('',*,*,#3685,.T.);
#5294=ORIENTED_EDGE('',*,*,#3643,.F.);
#5295=ORIENTED_EDGE('',*,*,#3686,.F.);
#5296=ORIENTED_EDGE('',*,*,#3668,.F.);
#5297=ORIENTED_EDGE('',*,*,#3686,.T.);
#5298=ORIENTED_EDGE('',*,*,#3642,.F.);
#5299=ORIENTED_EDGE('',*,*,#3687,.F.);
#5300=ORIENTED_EDGE('',*,*,#3669,.F.);
#5301=ORIENTED_EDGE('',*,*,#3687,.T.);
#5302=ORIENTED_EDGE('',*,*,#3641,.F.);
#5303=ORIENTED_EDGE('',*,*,#3688,.F.);
#5304=ORIENTED_EDGE('',*,*,#3670,.F.);
#5305=ORIENTED_EDGE('',*,*,#3688,.T.);
#5306=ORIENTED_EDGE('',*,*,#3646,.F.);
#5307=ORIENTED_EDGE('',*,*,#3689,.F.);
#5308=ORIENTED_EDGE('',*,*,#3665,.T.);
#5309=ORIENTED_EDGE('',*,*,#3689,.T.);
#5310=ORIENTED_EDGE('',*,*,#3645,.F.);
#5311=ORIENTED_EDGE('',*,*,#3684,.F.);
#5312=ORIENTED_EDGE('',*,*,#3623,.T.);
#5313=ORIENTED_EDGE('',*,*,#3627,.T.);
#5314=ORIENTED_EDGE('',*,*,#3630,.T.);
#5315=ORIENTED_EDGE('',*,*,#3633,.T.);
#5316=ORIENTED_EDGE('',*,*,#3636,.T.);
#5317=ORIENTED_EDGE('',*,*,#3639,.T.);
#5318=B_SPLINE_SURFACE_WITH_KNOTS('',3,1,((#7607,#7608),(#7609,#7610),(#7611,
#7612),(#7613,#7614),(#7615,#7616)),.UNSPECIFIED.,.F.,.F.,.F.,(4,1,4),(2,
2),(0.,0.099441986059517,0.189500760360091),(0.,0.0499999999999998),
 .UNSPECIFIED.);
#5319=B_SPLINE_SURFACE_WITH_KNOTS('',3,1,((#7633,#7634),(#7635,#7636),(#7637,
#7638),(#7639,#7640),(#7641,#7642)),.UNSPECIFIED.,.F.,.F.,.F.,(4,1,4),(2,
2),(0.,0.290363682401939,0.456611975531265),(0.,0.0499999999999998),
 .UNSPECIFIED.);
#5320=B_SPLINE_SURFACE_WITH_KNOTS('',3,1,((#7656,#7657),(#7658,#7659),(#7660,
#7661),(#7662,#7663),(#7664,#7665)),.UNSPECIFIED.,.F.,.F.,.F.,(4,1,4),(2,
2),(0.,0.208470934884286,0.512721877266642),(0.,0.0499999999999998),
 .UNSPECIFIED.);
#5321=B_SPLINE_SURFACE_WITH_KNOTS('',3,1,((#7679,#7680),(#7681,#7682),(#7683,
#7684),(#7685,#7686),(#7687,#7688)),.UNSPECIFIED.,.F.,.F.,.F.,(4,1,4),(2,
2),(0.,0.200132481089096,0.428162700138822),(0.,0.0499999999999998),
 .UNSPECIFIED.);
#5322=B_SPLINE_SURFACE_WITH_KNOTS('',3,1,((#7702,#7703),(#7704,#7705),(#7706,
#7707),(#7708,#7709),(#7710,#7711)),.UNSPECIFIED.,.F.,.F.,.F.,(4,1,4),(2,
2),(0.,0.18951509386407,0.376341543684752),(0.,0.0499999999999998),
 .UNSPECIFIED.);
#5323=B_SPLINE_SURFACE_WITH_KNOTS('',3,1,((#7725,#7726),(#7727,#7728),(#7729,
#7730),(#7731,#7732),(#7733,#7734)),.UNSPECIFIED.,.F.,.F.,.F.,(4,1,4),(2,
2),(0.,0.314177398161069,0.63200948702183),(0.,0.0499999999999998),
 .UNSPECIFIED.);
#5324=B_SPLINE_SURFACE_WITH_KNOTS('',3,1,((#7748,#7749),(#7750,#7751),(#7752,
#7753),(#7754,#7755),(#7756,#7757)),.UNSPECIFIED.,.F.,.F.,.F.,(4,1,4),(2,
2),(0.,0.382705985061897,0.717498188143727),(0.,0.0499999999999998),
 .UNSPECIFIED.);
#5325=B_SPLINE_SURFACE_WITH_KNOTS('',3,1,((#7771,#7772),(#7773,#7774),(#7775,
#7776),(#7777,#7778),(#7779,#7780)),.UNSPECIFIED.,.F.,.F.,.F.,(4,1,4),(2,
2),(0.,0.325594270687637,0.683500430070163),(0.,0.0499999999999998),
 .UNSPECIFIED.);
#5326=B_SPLINE_SURFACE_WITH_KNOTS('',3,1,((#7794,#7795),(#7796,#7797),(#7798,
#7799),(#7800,#7801),(#7802,#7803)),.UNSPECIFIED.,.F.,.F.,.F.,(4,1,4),(2,
2),(0.,0.402071666383553,0.734485422389355),(0.,0.0499999999999998),
 .UNSPECIFIED.);
#5327=B_SPLINE_SURFACE_WITH_KNOTS('',3,1,((#7823,#7824),(#7825,#7826),(#7827,
#7828),(#7829,#7830),(#7831,#7832)),.UNSPECIFIED.,.F.,.F.,.F.,(4,1,4),(2,
2),(0.,0.15928749225218,0.368657117445552),(0.,0.0499999999999998),
 .UNSPECIFIED.);
#5328=B_SPLINE_SURFACE_WITH_KNOTS('',3,1,((#7846,#7847),(#7848,#7849),(#7850,
#7851),(#7852,#7853),(#7854,#7855)),.UNSPECIFIED.,.F.,.F.,.F.,(4,1,4),(2,
2),(0.,0.156452048319803,0.2986559463805),(0.,0.0499999999999998),
 .UNSPECIFIED.);
#5329=B_SPLINE_SURFACE_WITH_KNOTS('',3,1,((#7869,#7870),(#7871,#7872),(#7873,
#7874),(#7875,#7876),(#7877,#7878)),.UNSPECIFIED.,.F.,.F.,.F.,(4,1,4),(2,
2),(0.,0.138789167632287,0.295767223012364),(0.,0.0499999999999998),
 .UNSPECIFIED.);
#5330=B_SPLINE_SURFACE_WITH_KNOTS('',3,1,((#7892,#7893),(#7894,#7895),(#7896,
#7897),(#7898,#7899),(#7900,#7901)),.UNSPECIFIED.,.F.,.F.,.F.,(4,1,4),(2,
2),(0.,0.164215379965309,0.305076269495653),(0.,0.0499999999999998),
 .UNSPECIFIED.);
#5331=B_SPLINE_SURFACE_WITH_KNOTS('',3,1,((#7915,#7916),(#7917,#7918),(#7919,
#7920),(#7921,#7922),(#7923,#7924)),.UNSPECIFIED.,.F.,.F.,.F.,(4,1,4),(2,
2),(0.,0.189105471937228,0.358482066501331),(0.,0.0499999999999998),
 .UNSPECIFIED.);
#5332=B_SPLINE_SURFACE_WITH_KNOTS('',3,1,((#7938,#7939),(#7940,#7941),(#7942,
#7943),(#7944,#7945),(#7946,#7947)),.UNSPECIFIED.,.F.,.F.,.F.,(4,1,4),(2,
2),(0.,0.416788878002153,0.65385281918698),(0.,0.0499999999999998),
 .UNSPECIFIED.);
#5333=B_SPLINE_SURFACE_WITH_KNOTS('',3,1,((#7961,#7962),(#7963,#7964),(#7965,
#7966),(#7967,#7968),(#7969,#7970)),.UNSPECIFIED.,.F.,.F.,.F.,(4,1,4),(2,
2),(0.,0.380310680601333,0.924969592514175),(0.,0.0499999999999998),
 .UNSPECIFIED.);
#5334=B_SPLINE_SURFACE_WITH_KNOTS('',3,1,((#7984,#7985),(#7986,#7987),(#7988,
#7989),(#7990,#7991),(#7992,#7993)),.UNSPECIFIED.,.F.,.F.,.F.,(4,1,4),(2,
2),(0.,0.288349096073158,0.58257906767343),(0.,0.0499999999999998),
 .UNSPECIFIED.);
#5335=B_SPLINE_SURFACE_WITH_KNOTS('',3,1,((#8032,#8033),(#8034,#8035),(#8036,
#8037),(#8038,#8039),(#8040,#8041)),.UNSPECIFIED.,.F.,.F.,.F.,(4,1,4),(2,
2),(0.,0.30055495828141,0.579788336696535),(0.,0.0499999999999998),
 .UNSPECIFIED.);
#5336=B_SPLINE_SURFACE_WITH_KNOTS('',3,1,((#8055,#8056),(#8057,#8058),(#8059,
#8060),(#8061,#8062),(#8063,#8064)),.UNSPECIFIED.,.F.,.F.,.F.,(4,1,4),(2,
2),(0.,0.246160225745436,0.539501155520136),(0.,0.0499999999999998),
 .UNSPECIFIED.);
#5337=B_SPLINE_SURFACE_WITH_KNOTS('',3,1,((#8084,#8085),(#8086,#8087),(#8088,
#8089),(#8090,#8091),(#8092,#8093)),.UNSPECIFIED.,.F.,.F.,.F.,(4,1,4),(2,
2),(0.,0.408887663357967,0.826977895594095),(0.,0.0499999999999998),
 .UNSPECIFIED.);
#5338=B_SPLINE_SURFACE_WITH_KNOTS('',3,3,((#8254,#8255,#8256,#8257,#8258),
(#8259,#8260,#8261,#8262,#8263),(#8264,#8265,#8266,#8267,#8268),(#8269,
#8270,#8271,#8272,#8273)),.UNSPECIFIED.,.F.,.F.,.F.,(4,4),(4,1,4),(0.,1.),
(2.66729281423935E-16,0.152115334629934,0.354935780803179),
 .UNSPECIFIED.);
#5339=ADVANCED_FACE('',(#538),#5318,.F.);
#5340=ADVANCED_FACE('',(#539),#5319,.F.);
#5341=ADVANCED_FACE('',(#540),#5320,.F.);
#5342=ADVANCED_FACE('',(#541),#5321,.F.);
#5343=ADVANCED_FACE('',(#542),#5322,.F.);
#5344=ADVANCED_FACE('',(#543),#5323,.F.);
#5345=ADVANCED_FACE('',(#544),#5324,.F.);
#5346=ADVANCED_FACE('',(#545),#5325,.F.);
#5347=ADVANCED_FACE('',(#546),#5326,.F.);
#5348=ADVANCED_FACE('',(#547),#372,.F.);
#5349=ADVANCED_FACE('',(#548),#5327,.F.);
#5350=ADVANCED_FACE('',(#549),#5328,.F.);
#5351=ADVANCED_FACE('',(#550),#5329,.F.);
#5352=ADVANCED_FACE('',(#551),#5330,.F.);
#5353=ADVANCED_FACE('',(#552),#5331,.F.);
#5354=ADVANCED_FACE('',(#553),#5332,.F.);
#5355=ADVANCED_FACE('',(#554),#5333,.F.);
#5356=ADVANCED_FACE('',(#555),#5334,.F.);
#5357=ADVANCED_FACE('',(#556),#373,.F.);
#5358=ADVANCED_FACE('',(#557),#374,.F.);
#5359=ADVANCED_FACE('',(#558),#375,.F.);
#5360=ADVANCED_FACE('',(#559),#376,.T.);
#5361=ADVANCED_FACE('',(#560),#377,.F.);
#5362=ADVANCED_FACE('',(#561),#5335,.F.);
#5363=ADVANCED_FACE('',(#562),#5336,.F.);
#5364=ADVANCED_FACE('',(#563),#378,.F.);
#5365=ADVANCED_FACE('',(#564),#5337,.F.);
#5366=ADVANCED_FACE('',(#565),#379,.F.);
#5367=ADVANCED_FACE('',(#566),#380,.F.);
#5368=ADVANCED_FACE('',(#567),#381,.F.);
#5369=ADVANCED_FACE('',(#568),#382,.T.);
#5370=ADVANCED_FACE('',(#569),#282,.F.);
#5371=ADVANCED_FACE('',(#570),#383,.F.);
#5372=ADVANCED_FACE('',(#571),#283,.F.);
#5373=ADVANCED_FACE('',(#572),#384,.F.);
#5374=ADVANCED_FACE('',(#573),#284,.F.);
#5375=ADVANCED_FACE('',(#574),#385,.F.);
#5376=ADVANCED_FACE('',(#575),#285,.F.);
#5377=ADVANCED_FACE('',(#576),#386,.F.);
#5378=ADVANCED_FACE('',(#577),#286,.F.);
#5379=ADVANCED_FACE('',(#578),#287,.F.);
#5380=ADVANCED_FACE('',(#579),#288,.F.);
#5381=ADVANCED_FACE('',(#580),#289,.F.);
#5382=ADVANCED_FACE('',(#581),#387,.F.);
#5383=ADVANCED_FACE('',(#582),#388,.F.);
#5384=ADVANCED_FACE('',(#583),#290,.F.);
#5385=ADVANCED_FACE('',(#584),#389,.F.);
#5386=ADVANCED_FACE('',(#585),#291,.F.);
#5387=ADVANCED_FACE('',(#586),#390,.F.);
#5388=ADVANCED_FACE('',(#587),#292,.F.);
#5389=ADVANCED_FACE('',(#588),#293,.F.);
#5390=ADVANCED_FACE('',(#589),#80,.F.);
#5391=ADVANCED_FACE('',(#590),#5338,.T.);
#5392=ADVANCED_FACE('',(#591,#32,#33,#34),#391,.F.);
#5393=ADVANCED_FACE('',(#592),#26,.T.);
#5394=ADVANCED_FACE('',(#593),#81,.F.);
#5395=ADVANCED_FACE('',(#594),#27,.T.);
#5396=ADVANCED_FACE('',(#595),#392,.T.);
#5397=ADVANCED_FACE('',(#596),#393,.T.);
#5398=ADVANCED_FACE('',(#597),#294,.F.);
#5399=ADVANCED_FACE('',(#598,#35),#394,.F.);
#5400=ADVANCED_FACE('',(#599),#295,.F.);
#5401=ADVANCED_FACE('',(#600),#296,.F.);
#5402=ADVANCED_FACE('',(#601),#297,.F.);
#5403=ADVANCED_FACE('',(#602),#298,.F.);
#5404=ADVANCED_FACE('',(#603),#299,.F.);
#5405=ADVANCED_FACE('',(#604),#300,.F.);
#5406=ADVANCED_FACE('',(#605),#395,.T.);
#5407=ADVANCED_FACE('',(#606),#301,.F.);
#5408=ADVANCED_FACE('',(#607),#396,.T.);
#5409=ADVANCED_FACE('',(#608),#302,.F.);
#5410=ADVANCED_FACE('',(#609),#397,.F.);
#5411=ADVANCED_FACE('',(#610),#303,.T.);
#5412=ADVANCED_FACE('',(#611),#398,.T.);
#5413=ADVANCED_FACE('',(#612),#399,.T.);
#5414=ADVANCED_FACE('',(#613),#304,.T.);
#5415=ADVANCED_FACE('',(#614),#305,.F.);
#5416=ADVANCED_FACE('',(#615),#400,.T.);
#5417=ADVANCED_FACE('',(#616),#306,.F.);
#5418=ADVANCED_FACE('',(#617),#401,.T.);
#5419=ADVANCED_FACE('',(#618),#307,.F.);
#5420=ADVANCED_FACE('',(#619),#402,.F.);
#5421=ADVANCED_FACE('',(#620),#308,.F.);
#5422=ADVANCED_FACE('',(#621),#403,.F.);
#5423=ADVANCED_FACE('',(#622),#309,.T.);
#5424=ADVANCED_FACE('',(#623),#404,.T.);
#5425=ADVANCED_FACE('',(#624),#405,.T.);
#5426=ADVANCED_FACE('',(#625),#310,.F.);
#5427=ADVANCED_FACE('',(#626),#406,.T.);
#5428=ADVANCED_FACE('',(#627),#311,.T.);
#5429=ADVANCED_FACE('',(#628),#407,.T.);
#5430=ADVANCED_FACE('',(#629),#312,.F.);
#5431=ADVANCED_FACE('',(#630),#408,.F.);
#5432=ADVANCED_FACE('',(#631),#313,.F.);
#5433=ADVANCED_FACE('',(#632),#314,.F.);
#5434=ADVANCED_FACE('',(#633),#409,.F.);
#5435=ADVANCED_FACE('',(#634),#315,.F.);
#5436=ADVANCED_FACE('',(#635),#21,.F.);
#5437=ADVANCED_FACE('',(#636),#316,.F.);
#5438=ADVANCED_FACE('',(#637),#22,.F.);
#5439=ADVANCED_FACE('',(#638),#317,.F.);
#5440=ADVANCED_FACE('',(#639),#318,.F.);
#5441=ADVANCED_FACE('',(#640),#319,.F.);
#5442=ADVANCED_FACE('',(#641),#320,.F.);
#5443=ADVANCED_FACE('',(#642,#36,#37),#410,.T.);
#5444=ADVANCED_FACE('',(#643,#38,#39,#40),#411,.T.);
#5445=ADVANCED_FACE('',(#644,#41,#42,#43,#44),#412,.T.);
#5446=ADVANCED_FACE('',(#645),#321,.T.);
#5447=ADVANCED_FACE('',(#646),#28,.F.);
#5448=ADVANCED_FACE('',(#647),#322,.T.);
#5449=ADVANCED_FACE('',(#648),#29,.F.);
#5450=ADVANCED_FACE('',(#649),#323,.T.);
#5451=ADVANCED_FACE('',(#650,#45,#46),#413,.T.);
#5452=ADVANCED_FACE('',(#651),#324,.T.);
#5453=ADVANCED_FACE('',(#652,#47,#48,#49,#50),#414,.T.);
#5454=ADVANCED_FACE('',(#653),#325,.T.);
#5455=ADVANCED_FACE('',(#654,#51,#52,#53,#54),#415,.T.);
#5456=ADVANCED_FACE('',(#655,#55,#56),#416,.T.);
#5457=ADVANCED_FACE('',(#656),#417,.T.);
#5458=ADVANCED_FACE('',(#657),#418,.T.);
#5459=ADVANCED_FACE('',(#658,#57,#58,#59,#60),#419,.T.);
#5460=ADVANCED_FACE('',(#659),#420,.T.);
#5461=ADVANCED_FACE('',(#660),#421,.T.);
#5462=ADVANCED_FACE('',(#661),#422,.T.);
#5463=ADVANCED_FACE('',(#662),#423,.T.);
#5464=ADVANCED_FACE('',(#663),#424,.T.);
#5465=ADVANCED_FACE('',(#664),#425,.T.);
#5466=ADVANCED_FACE('',(#665),#426,.T.);
#5467=ADVANCED_FACE('',(#666),#427,.T.);
#5468=ADVANCED_FACE('',(#667),#428,.T.);
#5469=ADVANCED_FACE('',(#668,#61,#62,#63,#64),#429,.T.);
#5470=ADVANCED_FACE('',(#669),#430,.T.);
#5471=ADVANCED_FACE('',(#670),#431,.T.);
#5472=ADVANCED_FACE('',(#671),#432,.T.);
#5473=ADVANCED_FACE('',(#672),#433,.T.);
#5474=ADVANCED_FACE('',(#673),#434,.T.);
#5475=ADVANCED_FACE('',(#674),#435,.T.);
#5476=ADVANCED_FACE('',(#675),#436,.T.);
#5477=ADVANCED_FACE('',(#676),#326,.T.);
#5478=ADVANCED_FACE('',(#677),#327,.F.);
#5479=ADVANCED_FACE('',(#678),#328,.T.);
#5480=ADVANCED_FACE('',(#679),#437,.T.);
#5481=ADVANCED_FACE('',(#680),#329,.T.);
#5482=ADVANCED_FACE('',(#681),#330,.F.);
#5483=ADVANCED_FACE('',(#682),#331,.T.);
#5484=ADVANCED_FACE('',(#683),#438,.T.);
#5485=ADVANCED_FACE('',(#684),#332,.T.);
#5486=ADVANCED_FACE('',(#685),#333,.F.);
#5487=ADVANCED_FACE('',(#686),#334,.T.);
#5488=ADVANCED_FACE('',(#687),#439,.T.);
#5489=ADVANCED_FACE('',(#688),#335,.T.);
#5490=ADVANCED_FACE('',(#689),#336,.F.);
#5491=ADVANCED_FACE('',(#690),#337,.T.);
#5492=ADVANCED_FACE('',(#691),#338,.F.);
#5493=ADVANCED_FACE('',(#692),#339,.F.);
#5494=ADVANCED_FACE('',(#693),#340,.F.);
#5495=ADVANCED_FACE('',(#694),#341,.T.);
#5496=ADVANCED_FACE('',(#695),#342,.T.);
#5497=ADVANCED_FACE('',(#696),#82,.T.);
#5498=ADVANCED_FACE('',(#697),#343,.F.);
#5499=ADVANCED_FACE('',(#698),#440,.F.);
#5500=ADVANCED_FACE('',(#699),#441,.T.);
#5501=ADVANCED_FACE('',(#700),#442,.F.);
#5502=ADVANCED_FACE('',(#701),#443,.F.);
#5503=ADVANCED_FACE('',(#702),#444,.F.);
#5504=ADVANCED_FACE('',(#703),#445,.F.);
#5505=ADVANCED_FACE('',(#704),#446,.F.);
#5506=ADVANCED_FACE('',(#705),#447,.F.);
#5507=ADVANCED_FACE('',(#706),#448,.F.);
#5508=ADVANCED_FACE('',(#707),#449,.F.);
#5509=ADVANCED_FACE('',(#708),#344,.F.);
#5510=ADVANCED_FACE('',(#709),#450,.F.);
#5511=ADVANCED_FACE('',(#710),#345,.F.);
#5512=ADVANCED_FACE('',(#711),#346,.F.);
#5513=ADVANCED_FACE('',(#712),#347,.F.);
#5514=ADVANCED_FACE('',(#713),#451,.F.);
#5515=ADVANCED_FACE('',(#714),#452,.T.);
#5516=ADVANCED_FACE('',(#715),#453,.T.);
#5517=ADVANCED_FACE('',(#716),#454,.F.);
#5518=ADVANCED_FACE('',(#717),#455,.T.);
#5519=ADVANCED_FACE('',(#718),#456,.T.);
#5520=ADVANCED_FACE('',(#719),#457,.T.);
#5521=ADVANCED_FACE('',(#720),#83,.F.);
#5522=ADVANCED_FACE('',(#721),#84,.F.);
#5523=ADVANCED_FACE('',(#722,#65),#458,.T.);
#5524=ADVANCED_FACE('',(#723),#348,.F.);
#5525=ADVANCED_FACE('',(#724,#66),#459,.T.);
#5526=ADVANCED_FACE('',(#725),#349,.F.);
#5527=ADVANCED_FACE('',(#726,#67),#460,.T.);
#5528=ADVANCED_FACE('',(#727),#350,.F.);
#5529=ADVANCED_FACE('',(#728),#351,.F.);
#5530=ADVANCED_FACE('',(#729),#461,.F.);
#5531=ADVANCED_FACE('',(#730),#462,.F.);
#5532=ADVANCED_FACE('',(#731),#463,.F.);
#5533=ADVANCED_FACE('',(#732),#464,.F.);
#5534=ADVANCED_FACE('',(#733),#465,.F.);
#5535=ADVANCED_FACE('',(#734),#466,.F.);
#5536=ADVANCED_FACE('',(#735),#467,.F.);
#5537=ADVANCED_FACE('',(#736),#468,.F.);
#5538=ADVANCED_FACE('',(#737),#469,.T.);
#5539=ADVANCED_FACE('',(#738),#470,.T.);
#5540=ADVANCED_FACE('',(#739),#471,.F.);
#5541=ADVANCED_FACE('',(#740),#472,.F.);
#5542=ADVANCED_FACE('',(#741,#68),#473,.F.);
#5543=ADVANCED_FACE('',(#742),#474,.F.);
#5544=ADVANCED_FACE('',(#743,#69),#475,.F.);
#5545=ADVANCED_FACE('',(#744),#476,.F.);
#5546=ADVANCED_FACE('',(#745,#70),#477,.F.);
#5547=ADVANCED_FACE('',(#746),#478,.F.);
#5548=ADVANCED_FACE('',(#747),#479,.F.);
#5549=ADVANCED_FACE('',(#748),#480,.F.);
#5550=ADVANCED_FACE('',(#749),#481,.F.);
#5551=ADVANCED_FACE('',(#750),#482,.F.);
#5552=ADVANCED_FACE('',(#751,#71),#483,.F.);
#5553=ADVANCED_FACE('',(#752),#484,.F.);
#5554=ADVANCED_FACE('',(#753,#72),#485,.F.);
#5555=ADVANCED_FACE('',(#754),#486,.F.);
#5556=ADVANCED_FACE('',(#755,#73),#487,.F.);
#5557=ADVANCED_FACE('',(#756),#488,.F.);
#5558=ADVANCED_FACE('',(#757),#489,.T.);
#5559=ADVANCED_FACE('',(#758),#490,.T.);
#5560=ADVANCED_FACE('',(#759),#491,.T.);
#5561=ADVANCED_FACE('',(#760),#352,.F.);
#5562=ADVANCED_FACE('',(#761),#492,.T.);
#5563=ADVANCED_FACE('',(#762),#493,.T.);
#5564=ADVANCED_FACE('',(#763),#353,.F.);
#5565=ADVANCED_FACE('',(#764),#494,.T.);
#5566=ADVANCED_FACE('',(#765),#495,.T.);
#5567=ADVANCED_FACE('',(#766),#496,.T.);
#5568=ADVANCED_FACE('',(#767),#497,.T.);
#5569=ADVANCED_FACE('',(#768),#498,.T.);
#5570=ADVANCED_FACE('',(#769),#499,.T.);
#5571=ADVANCED_FACE('',(#770),#500,.T.);
#5572=ADVANCED_FACE('',(#771,#74),#501,.T.);
#5573=ADVANCED_FACE('',(#772,#75),#502,.T.);
#5574=ADVANCED_FACE('',(#773),#354,.T.);
#5575=ADVANCED_FACE('',(#774),#503,.T.);
#5576=ADVANCED_FACE('',(#775),#504,.T.);
#5577=ADVANCED_FACE('',(#776),#355,.T.);
#5578=ADVANCED_FACE('',(#777),#30,.F.);
#5579=ADVANCED_FACE('',(#778),#356,.T.);
#5580=ADVANCED_FACE('',(#779),#505,.T.);
#5581=ADVANCED_FACE('',(#780),#506,.T.);
#5582=ADVANCED_FACE('',(#781),#357,.T.);
#5583=ADVANCED_FACE('',(#782),#507,.T.);
#5584=ADVANCED_FACE('',(#783),#358,.T.);
#5585=ADVANCED_FACE('',(#784),#31,.F.);
#5586=ADVANCED_FACE('',(#785),#359,.T.);
#5587=ADVANCED_FACE('',(#786),#508,.T.);
#5588=ADVANCED_FACE('',(#787),#509,.T.);
#5589=ADVANCED_FACE('',(#788),#360,.T.);
#5590=ADVANCED_FACE('',(#789),#510,.T.);
#5591=ADVANCED_FACE('',(#790),#511,.T.);
#5592=ADVANCED_FACE('',(#791),#512,.T.);
#5593=ADVANCED_FACE('',(#792),#513,.T.);
#5594=ADVANCED_FACE('',(#793),#13,.T.);
#5595=ADVANCED_FACE('',(#794),#514,.T.);
#5596=ADVANCED_FACE('',(#795),#515,.T.);
#5597=ADVANCED_FACE('',(#796),#14,.T.);
#5598=ADVANCED_FACE('',(#797),#516,.T.);
#5599=ADVANCED_FACE('',(#798),#517,.T.);
#5600=ADVANCED_FACE('',(#799),#518,.T.);
#5601=ADVANCED_FACE('',(#800),#519,.T.);
#5602=ADVANCED_FACE('',(#801),#520,.T.);
#5603=ADVANCED_FACE('',(#802),#361,.F.);
#5604=ADVANCED_FACE('',(#803),#521,.T.);
#5605=ADVANCED_FACE('',(#804),#362,.F.);
#5606=ADVANCED_FACE('',(#805,#76),#522,.T.);
#5607=ADVANCED_FACE('',(#806),#363,.F.);
#5608=ADVANCED_FACE('',(#807),#23,.F.);
#5609=ADVANCED_FACE('',(#808),#523,.T.);
#5610=ADVANCED_FACE('',(#809),#364,.F.);
#5611=ADVANCED_FACE('',(#810),#24,.F.);
#5612=ADVANCED_FACE('',(#811),#524,.T.);
#5613=ADVANCED_FACE('',(#812),#365,.F.);
#5614=ADVANCED_FACE('',(#813),#366,.F.);
#5615=ADVANCED_FACE('',(#814,#77,#78,#79),#525,.F.);
#5616=ADVANCED_FACE('',(#815),#367,.F.);
#5617=ADVANCED_FACE('',(#816),#368,.F.);
#5618=ADVANCED_FACE('',(#817),#369,.F.);
#5619=ADVANCED_FACE('',(#818),#526,.T.);
#5620=ADVANCED_FACE('',(#819),#527,.T.);
#5621=ADVANCED_FACE('',(#820),#528,.T.);
#5622=ADVANCED_FACE('',(#821),#529,.T.);
#5623=ADVANCED_FACE('',(#822),#530,.T.);
#5624=ADVANCED_FACE('',(#823),#531,.T.);
#5625=ADVANCED_FACE('',(#824),#532,.T.);
#5626=ADVANCED_FACE('',(#825),#533,.T.);
#5627=ADVANCED_FACE('',(#826),#370,.T.);
#5628=ADVANCED_FACE('',(#827),#534,.T.);
#5629=ADVANCED_FACE('',(#828),#535,.T.);
#5630=ADVANCED_FACE('',(#829),#536,.T.);
#5631=ADVANCED_FACE('',(#830),#371,.T.);
#5632=ADVANCED_FACE('',(#831),#537,.T.);
#5633=CLOSED_SHELL('',(#5339,#5340,#5341,#5342,#5343,#5344,#5345,#5346,
#5347,#5348,#5349,#5350,#5351,#5352,#5353,#5354,#5355,#5356,#5357,#5358,
#5359,#5360,#5361,#5362,#5363,#5364,#5365,#5366,#5367,#5368,#5369,#5370,
#5371,#5372,#5373,#5374,#5375,#5376,#5377,#5378,#5379,#5380,#5381,#5382,
#5383,#5384,#5385,#5386,#5387,#5388,#5389,#5390,#5391,#5392,#5393,#5394,
#5395,#5396,#5397,#5398,#5399,#5400,#5401,#5402,#5403,#5404,#5405,#5406,
#5407,#5408,#5409,#5410,#5411,#5412,#5413,#5414,#5415,#5416,#5417,#5418,
#5419,#5420,#5421,#5422,#5423,#5424,#5425,#5426,#5427,#5428,#5429,#5430,
#5431,#5432,#5433,#5434,#5435,#5436,#5437,#5438,#5439,#5440,#5441,#5442,
#5443,#5444,#5445,#5446,#5447,#5448,#5449,#5450,#5451,#5452,#5453,#5454,
#5455,#5456,#5457,#5458,#5459,#5460,#5461,#5462,#5463,#5464,#5465,#5466,
#5467,#5468,#5469,#5470,#5471,#5472,#5473,#5474,#5475,#5476,#5477,#5478,
#5479,#5480,#5481,#5482,#5483,#5484,#5485,#5486,#5487,#5488,#5489,#5490,
#5491,#5492,#5493,#5494,#5495,#5496,#5497,#5498,#5499,#5500,#5501,#5502,
#5503,#5504,#5505,#5506,#5507,#5508,#5509,#5510,#5511,#5512,#5513,#5514,
#5515,#5516,#5517,#5518,#5519,#5520,#5521,#5522,#5523,#5524,#5525,#5526,
#5527,#5528,#5529,#5530,#5531,#5532,#5533,#5534,#5535,#5536,#5537,#5538,
#5539,#5540,#5541,#5542,#5543,#5544,#5545,#5546,#5547,#5548,#5549,#5550,
#5551,#5552,#5553,#5554,#5555,#5556,#5557,#5558,#5559,#5560,#5561,#5562,
#5563,#5564,#5565,#5566,#5567,#5568,#5569,#5570,#5571,#5572,#5573));
#5634=CLOSED_SHELL('',(#5574,#5575,#5576,#5577,#5578,#5579,#5580,#5581,
#5582,#5583,#5584,#5585,#5586,#5587,#5588,#5589,#5590,#5591,#5592,#5593,
#5594,#5595,#5596,#5597,#5598,#5599,#5600,#5601,#5602,#5603,#5604,#5605,
#5606,#5607,#5608,#5609,#5610,#5611,#5612,#5613,#5614,#5615,#5616,#5617,
#5618,#5619,#5620,#5621,#5622,#5623,#5624,#5625,#5626,#5627,#5628,#5629,
#5630,#5631,#5632));
#5635=DERIVED_UNIT_ELEMENT(#5637,1.);
#5636=DERIVED_UNIT_ELEMENT(#9837,-3.);
#5637=(
MASS_UNIT()
NAMED_UNIT(*)
SI_UNIT(.KILO.,.GRAM.)
);
#5638=DERIVED_UNIT((#5635,#5636));
#5639=MEASURE_REPRESENTATION_ITEM('density measure',
POSITIVE_RATIO_MEASURE(7850.),#5638);
#5640=PROPERTY_DEFINITION_REPRESENTATION(#5645,#5642);
#5641=PROPERTY_DEFINITION_REPRESENTATION(#5646,#5643);
#5642=REPRESENTATION('material name',(#5644),#9834);
#5643=REPRESENTATION('density',(#5639),#9834);
#5644=DESCRIPTIVE_REPRESENTATION_ITEM('PETG','PETG');
#5645=PROPERTY_DEFINITION('material property','material name',#9844);
#5646=PROPERTY_DEFINITION('material property','density of part',#9844);
#5647=AXIS2_PLACEMENT_3D('',#7606,#6114,#6115);
#5648=AXIS2_PLACEMENT_3D('',#7817,#6126,#6127);
#5649=AXIS2_PLACEMENT_3D('',#8007,#6139,#6140);
#5650=AXIS2_PLACEMENT_3D('',#8013,#6144,#6145);
#5651=AXIS2_PLACEMENT_3D('',#8019,#6149,#6150);
#5652=AXIS2_PLACEMENT_3D('',#8022,#6153,#6154);
#5653=AXIS2_PLACEMENT_3D('',#8023,#6155,#6156);
#5654=AXIS2_PLACEMENT_3D('',#8078,#6163,#6164);
#5655=AXIS2_PLACEMENT_3D('',#8107,#6169,#6170);
#5656=AXIS2_PLACEMENT_3D('',#8113,#6174,#6175);
#5657=AXIS2_PLACEMENT_3D('',#8119,#6179,#6180);
#5658=AXIS2_PLACEMENT_3D('',#8122,#6183,#6184);
#5659=AXIS2_PLACEMENT_3D('',#8123,#6185,#6186);
#5660=AXIS2_PLACEMENT_3D('',#8126,#6187,#6188);
#5661=AXIS2_PLACEMENT_3D('',#8130,#6190,#6191);
#5662=AXIS2_PLACEMENT_3D('',#8132,#6193,#6194);
#5663=AXIS2_PLACEMENT_3D('',#8138,#6198,#6199);
#5664=AXIS2_PLACEMENT_3D('',#8141,#6200,#6201);
#5665=AXIS2_PLACEMENT_3D('',#8145,#6203,#6204);
#5666=AXIS2_PLACEMENT_3D('',#8147,#6206,#6207);
#5667=AXIS2_PLACEMENT_3D('',#8150,#6210,#6211);
#5668=AXIS2_PLACEMENT_3D('',#8152,#6212,#6213);
#5669=AXIS2_PLACEMENT_3D('',#8155,#6215,#6216);
#5670=AXIS2_PLACEMENT_3D('',#8156,#6217,#6218);
#5671=AXIS2_PLACEMENT_3D('',#8162,#6222,#6223);
#5672=AXIS2_PLACEMENT_3D('',#8164,#6224,#6225);
#5673=AXIS2_PLACEMENT_3D('',#8167,#6227,#6228);
#5674=AXIS2_PLACEMENT_3D('',#8168,#6229,#6230);
#5675=AXIS2_PLACEMENT_3D('',#8171,#6233,#6234);
#5676=AXIS2_PLACEMENT_3D('',#8173,#6235,#6236);
#5677=AXIS2_PLACEMENT_3D('',#8176,#6238,#6239);
#5678=AXIS2_PLACEMENT_3D('',#8177,#6240,#6241);
#5679=AXIS2_PLACEMENT_3D('',#8179,#6242,#6243);
#5680=AXIS2_PLACEMENT_3D('',#8182,#6245,#6246);
#5681=AXIS2_PLACEMENT_3D('',#8183,#6247,#6248);
#5682=AXIS2_PLACEMENT_3D('',#8185,#6249,#6250);
#5683=AXIS2_PLACEMENT_3D('',#8188,#6252,#6253);
#5684=AXIS2_PLACEMENT_3D('',#8189,#6254,#6255);
#5685=AXIS2_PLACEMENT_3D('',#8191,#6256,#6257);
#5686=AXIS2_PLACEMENT_3D('',#8194,#6259,#6260);
#5687=AXIS2_PLACEMENT_3D('',#8195,#6261,#6262);
#5688=AXIS2_PLACEMENT_3D('',#8204,#6267,#6268);
#5689=AXIS2_PLACEMENT_3D('',#8213,#6273,#6274);
#5690=AXIS2_PLACEMENT_3D('',#8215,#6275,#6276);
#5691=AXIS2_PLACEMENT_3D('',#8218,#6278,#6279);
#5692=AXIS2_PLACEMENT_3D('',#8219,#6280,#6281);
#5693=AXIS2_PLACEMENT_3D('',#8225,#6285,#6286);
#5694=AXIS2_PLACEMENT_3D('',#8227,#6287,#6288);
#5695=AXIS2_PLACEMENT_3D('',#8230,#6290,#6291);
#5696=AXIS2_PLACEMENT_3D('',#8231,#6292,#6293);
#5697=AXIS2_PLACEMENT_3D('',#8237,#6297,#6298);
#5698=AXIS2_PLACEMENT_3D('',#8238,#6299,#6300);
#5699=AXIS2_PLACEMENT_3D('',#8239,#6301,#6302);
#5700=AXIS2_PLACEMENT_3D('',#8240,#6303,#6304);
#5701=AXIS2_PLACEMENT_3D('',#8241,#6305,#6306);
#5702=AXIS2_PLACEMENT_3D('',#8242,#6307,#6308);
#5703=AXIS2_PLACEMENT_3D('',#8243,#6309,#6310);
#5704=AXIS2_PLACEMENT_3D('',#8246,#6311,#6312);
#5705=AXIS2_PLACEMENT_3D('',#8248,#6313,#6314);
#5706=AXIS2_PLACEMENT_3D('',#8250,#6315,#6316);
#5707=AXIS2_PLACEMENT_3D('',#8252,#6317,#6318);
#5708=AXIS2_PLACEMENT_3D('',#8253,#6319,#6320);
#5709=AXIS2_PLACEMENT_3D('',#8284,#6321,#6322);
#5710=AXIS2_PLACEMENT_3D('',#8288,#6324,#6325);
#5711=AXIS2_PLACEMENT_3D('',#8296,#6329,#6330);
#5712=AXIS2_PLACEMENT_3D('',#8299,#6332,#6333);
#5713=AXIS2_PLACEMENT_3D('',#8344,#6342,#6343);
#5714=AXIS2_PLACEMENT_3D('',#8348,#6344,#6345);
#5715=AXIS2_PLACEMENT_3D('',#8351,#6346,#6347);
#5716=AXIS2_PLACEMENT_3D('',#8352,#6348,#6349);
#5717=AXIS2_PLACEMENT_3D('',#8353,#6350,#6351);
#5718=AXIS2_PLACEMENT_3D('',#8382,#6352,#6353);
#5719=AXIS2_PLACEMENT_3D('',#8383,#6354,#6355);
#5720=AXIS2_PLACEMENT_3D('',#8384,#6356,#6357);
#5721=AXIS2_PLACEMENT_3D('',#8385,#6358,#6359);
#5722=AXIS2_PLACEMENT_3D('',#8386,#6360,#6361);
#5723=AXIS2_PLACEMENT_3D('',#8413,#6364,#6365);
#5724=AXIS2_PLACEMENT_3D('',#8415,#6366,#6367);
#5725=AXIS2_PLACEMENT_3D('',#8427,#6373,#6374);
#5726=AXIS2_PLACEMENT_3D('',#8431,#6376,#6377);
#5727=AXIS2_PLACEMENT_3D('',#8435,#6379,#6380);
#5728=AXIS2_PLACEMENT_3D('',#8439,#6382,#6383);
#5729=AXIS2_PLACEMENT_3D('',#8443,#6385,#6386);
#5730=AXIS2_PLACEMENT_3D('',#8447,#6388,#6389);
#5731=AXIS2_PLACEMENT_3D('',#8451,#6391,#6392);
#5732=AXIS2_PLACEMENT_3D('',#8455,#6394,#6395);
#5733=AXIS2_PLACEMENT_3D('',#8458,#6397,#6398);
#5734=AXIS2_PLACEMENT_3D('',#8463,#6400,#6401);
#5735=AXIS2_PLACEMENT_3D('',#8466,#6403,#6404);
#5736=AXIS2_PLACEMENT_3D('',#8467,#6405,#6406);
#5737=AXIS2_PLACEMENT_3D('',#8491,#6408,#6409);
#5738=AXIS2_PLACEMENT_3D('',#8515,#6411,#6412);
#5739=AXIS2_PLACEMENT_3D('',#8539,#6414,#6415);
#5740=AXIS2_PLACEMENT_3D('',#8563,#6417,#6418);
#5741=AXIS2_PLACEMENT_3D('',#8587,#6420,#6421);
#5742=AXIS2_PLACEMENT_3D('',#8590,#6422,#6423);
#5743=AXIS2_PLACEMENT_3D('',#8594,#6425,#6426);
#5744=AXIS2_PLACEMENT_3D('',#8596,#6428,#6429);
#5745=AXIS2_PLACEMENT_3D('',#8610,#6437,#6438);
#5746=AXIS2_PLACEMENT_3D('',#8613,#6439,#6440);
#5747=AXIS2_PLACEMENT_3D('',#8617,#6442,#6443);
#5748=AXIS2_PLACEMENT_3D('',#8619,#6445,#6446);
#5749=AXIS2_PLACEMENT_3D('',#8633,#6454,#6455);
#5750=AXIS2_PLACEMENT_3D('',#8636,#6456,#6457);
#5751=AXIS2_PLACEMENT_3D('',#8640,#6459,#6460);
#5752=AXIS2_PLACEMENT_3D('',#8642,#6462,#6463);
#5753=AXIS2_PLACEMENT_3D('',#8648,#6467,#6468);
#5754=AXIS2_PLACEMENT_3D('',#8651,#6469,#6470);
#5755=AXIS2_PLACEMENT_3D('',#8655,#6472,#6473);
#5756=AXIS2_PLACEMENT_3D('',#8657,#6475,#6476);
#5757=AXIS2_PLACEMENT_3D('',#8663,#6480,#6481);
#5758=AXIS2_PLACEMENT_3D('',#8668,#6484,#6485);
#5759=AXIS2_PLACEMENT_3D('',#8674,#6488,#6489);
#5760=AXIS2_PLACEMENT_3D('',#8677,#6491,#6492);
#5761=AXIS2_PLACEMENT_3D('',#8685,#6496,#6497);
#5762=AXIS2_PLACEMENT_3D('',#8688,#6499,#6500);
#5763=AXIS2_PLACEMENT_3D('',#8689,#6501,#6502);
#5764=AXIS2_PLACEMENT_3D('',#8691,#6503,#6504);
#5765=AXIS2_PLACEMENT_3D('',#8693,#6506,#6507);
#5766=AXIS2_PLACEMENT_3D('',#8696,#6508,#6509);
#5767=AXIS2_PLACEMENT_3D('',#8699,#6512,#6513);
#5768=AXIS2_PLACEMENT_3D('',#8703,#6516,#6517);
#5769=AXIS2_PLACEMENT_3D('',#8707,#6519,#6520);
#5770=AXIS2_PLACEMENT_3D('',#8709,#6522,#6523);
#5771=AXIS2_PLACEMENT_3D('',#8713,#6526,#6527);
#5772=AXIS2_PLACEMENT_3D('',#8716,#6528,#6529);
#5773=AXIS2_PLACEMENT_3D('',#8720,#6531,#6532);
#5774=AXIS2_PLACEMENT_3D('',#8722,#6534,#6535);
#5775=AXIS2_PLACEMENT_3D('',#8728,#6539,#6540);
#5776=AXIS2_PLACEMENT_3D('',#8730,#6541,#6542);
#5777=AXIS2_PLACEMENT_3D('',#8733,#6544,#6545);
#5778=AXIS2_PLACEMENT_3D('',#8734,#6546,#6547);
#5779=AXIS2_PLACEMENT_3D('',#8740,#6551,#6552);
#5780=AXIS2_PLACEMENT_3D('',#8743,#6553,#6554);
#5781=AXIS2_PLACEMENT_3D('',#8747,#6556,#6557);
#5782=AXIS2_PLACEMENT_3D('',#8749,#6559,#6560);
#5783=AXIS2_PLACEMENT_3D('',#8755,#6564,#6565);
#5784=AXIS2_PLACEMENT_3D('',#8762,#6569,#6570);
#5785=AXIS2_PLACEMENT_3D('',#8765,#6572,#6573);
#5786=AXIS2_PLACEMENT_3D('',#8773,#6577,#6578);
#5787=AXIS2_PLACEMENT_3D('',#8776,#6580,#6581);
#5788=AXIS2_PLACEMENT_3D('',#8777,#6582,#6583);
#5789=AXIS2_PLACEMENT_3D('',#8781,#6585,#6586);
#5790=AXIS2_PLACEMENT_3D('',#8783,#6588,#6589);
#5791=AXIS2_PLACEMENT_3D('',#8787,#6592,#6593);
#5792=AXIS2_PLACEMENT_3D('',#8789,#6594,#6595);
#5793=AXIS2_PLACEMENT_3D('',#8791,#6597,#6598);
#5794=AXIS2_PLACEMENT_3D('',#8797,#6602,#6603);
#5795=AXIS2_PLACEMENT_3D('',#8801,#6605,#6606);
#5796=AXIS2_PLACEMENT_3D('',#8806,#6610,#6611);
#5797=AXIS2_PLACEMENT_3D('',#8809,#6613,#6614);
#5798=AXIS2_PLACEMENT_3D('',#8810,#6615,#6616);
#5799=AXIS2_PLACEMENT_3D('',#8814,#6619,#6620);
#5800=AXIS2_PLACEMENT_3D('',#8816,#6621,#6622);
#5801=AXIS2_PLACEMENT_3D('',#8818,#6624,#6625);
#5802=AXIS2_PLACEMENT_3D('',#8820,#6627,#6628);
#5803=AXIS2_PLACEMENT_3D('',#8822,#6630,#6631);
#5804=AXIS2_PLACEMENT_3D('',#8824,#6633,#6634);
#5805=AXIS2_PLACEMENT_3D('',#8827,#6635,#6636);
#5806=AXIS2_PLACEMENT_3D('',#8829,#6637,#6638);
#5807=AXIS2_PLACEMENT_3D('',#8830,#6639,#6640);
#5808=AXIS2_PLACEMENT_3D('',#8831,#6641,#6642);
#5809=AXIS2_PLACEMENT_3D('',#8834,#6643,#6644);
#5810=AXIS2_PLACEMENT_3D('',#8837,#6647,#6648);
#5811=AXIS2_PLACEMENT_3D('',#8840,#6649,#6650);
#5812=AXIS2_PLACEMENT_3D('',#8842,#6651,#6652);
#5813=AXIS2_PLACEMENT_3D('',#8843,#6653,#6654);
#5814=AXIS2_PLACEMENT_3D('',#8844,#6655,#6656);
#5815=AXIS2_PLACEMENT_3D('',#8847,#6657,#6658);
#5816=AXIS2_PLACEMENT_3D('',#8850,#6661,#6662);
#5817=AXIS2_PLACEMENT_3D('',#8853,#6663,#6664);
#5818=AXIS2_PLACEMENT_3D('',#8856,#6667,#6668);
#5819=AXIS2_PLACEMENT_3D('',#8859,#6671,#6672);
#5820=AXIS2_PLACEMENT_3D('',#8862,#6673,#6674);
#5821=AXIS2_PLACEMENT_3D('',#8865,#6677,#6678);
#5822=AXIS2_PLACEMENT_3D('',#8897,#6696,#6697);
#5823=AXIS2_PLACEMENT_3D('',#8899,#6698,#6699);
#5824=AXIS2_PLACEMENT_3D('',#8902,#6701,#6702);
#5825=AXIS2_PLACEMENT_3D('',#8914,#6709,#6710);
#5826=AXIS2_PLACEMENT_3D('',#8917,#6712,#6713);
#5827=AXIS2_PLACEMENT_3D('',#8923,#6717,#6718);
#5828=AXIS2_PLACEMENT_3D('',#8936,#6727,#6728);
#5829=AXIS2_PLACEMENT_3D('',#8938,#6729,#6730);
#5830=AXIS2_PLACEMENT_3D('',#8941,#6732,#6733);
#5831=AXIS2_PLACEMENT_3D('',#8952,#6734,#6735);
#5832=AXIS2_PLACEMENT_3D('',#8953,#6736,#6737);
#5833=AXIS2_PLACEMENT_3D('',#8954,#6738,#6739);
#5834=AXIS2_PLACEMENT_3D('',#8957,#6741,#6742);
#5835=AXIS2_PLACEMENT_3D('',#8968,#6743,#6744);
#5836=AXIS2_PLACEMENT_3D('',#8969,#6745,#6746);
#5837=AXIS2_PLACEMENT_3D('',#8970,#6747,#6748);
#5838=AXIS2_PLACEMENT_3D('',#8972,#6749,#6750);
#5839=AXIS2_PLACEMENT_3D('',#8974,#6752,#6753);
#5840=AXIS2_PLACEMENT_3D('',#8981,#6757,#6758);
#5841=AXIS2_PLACEMENT_3D('',#8982,#6759,#6760);
#5842=AXIS2_PLACEMENT_3D('',#8985,#6762,#6763);
#5843=AXIS2_PLACEMENT_3D('',#8986,#6764,#6765);
#5844=AXIS2_PLACEMENT_3D('',#8990,#6768,#6769);
#5845=AXIS2_PLACEMENT_3D('',#8993,#6771,#6772);
#5846=AXIS2_PLACEMENT_3D('',#8994,#6773,#6774);
#5847=AXIS2_PLACEMENT_3D('',#8999,#6777,#6778);
#5848=AXIS2_PLACEMENT_3D('',#9002,#6780,#6781);
#5849=AXIS2_PLACEMENT_3D('',#9004,#6782,#6783);
#5850=AXIS2_PLACEMENT_3D('',#9007,#6785,#6786);
#5851=AXIS2_PLACEMENT_3D('',#9008,#6787,#6788);
#5852=AXIS2_PLACEMENT_3D('',#9011,#6790,#6791);
#5853=AXIS2_PLACEMENT_3D('',#9012,#6792,#6793);
#5854=AXIS2_PLACEMENT_3D('',#9021,#6798,#6799);
#5855=AXIS2_PLACEMENT_3D('',#9023,#6800,#6801);
#5856=AXIS2_PLACEMENT_3D('',#9025,#6802,#6803);
#5857=AXIS2_PLACEMENT_3D('',#9027,#6805,#6806);
#5858=AXIS2_PLACEMENT_3D('',#9037,#6814,#6815);
#5859=AXIS2_PLACEMENT_3D('',#9046,#6820,#6821);
#5860=AXIS2_PLACEMENT_3D('',#9047,#6822,#6823);
#5861=AXIS2_PLACEMENT_3D('',#9048,#6824,#6825);
#5862=AXIS2_PLACEMENT_3D('',#9049,#6826,#6827);
#5863=AXIS2_PLACEMENT_3D('',#9051,#6828,#6829);
#5864=AXIS2_PLACEMENT_3D('',#9059,#6833,#6834);
#5865=AXIS2_PLACEMENT_3D('',#9067,#6838,#6839);
#5866=AXIS2_PLACEMENT_3D('',#9074,#6843,#6844);
#5867=AXIS2_PLACEMENT_3D('',#9076,#6846,#6847);
#5868=AXIS2_PLACEMENT_3D('',#9082,#6851,#6852);
#5869=AXIS2_PLACEMENT_3D('',#9083,#6853,#6854);
#5870=AXIS2_PLACEMENT_3D('',#9084,#6855,#6856);
#5871=AXIS2_PLACEMENT_3D('',#9085,#6857,#6858);
#5872=AXIS2_PLACEMENT_3D('',#9091,#6862,#6863);
#5873=AXIS2_PLACEMENT_3D('',#9092,#6864,#6865);
#5874=AXIS2_PLACEMENT_3D('',#9093,#6866,#6867);
#5875=AXIS2_PLACEMENT_3D('',#9094,#6868,#6869);
#5876=AXIS2_PLACEMENT_3D('',#9100,#6873,#6874);
#5877=AXIS2_PLACEMENT_3D('',#9104,#6876,#6877);
#5878=AXIS2_PLACEMENT_3D('',#9105,#6878,#6879);
#5879=AXIS2_PLACEMENT_3D('',#9106,#6880,#6881);
#5880=AXIS2_PLACEMENT_3D('',#9115,#6888,#6889);
#5881=AXIS2_PLACEMENT_3D('',#9121,#6893,#6894);
#5882=AXIS2_PLACEMENT_3D('',#9122,#6895,#6896);
#5883=AXIS2_PLACEMENT_3D('',#9123,#6897,#6898);
#5884=AXIS2_PLACEMENT_3D('',#9124,#6899,#6900);
#5885=AXIS2_PLACEMENT_3D('',#9130,#6904,#6905);
#5886=AXIS2_PLACEMENT_3D('',#9131,#6906,#6907);
#5887=AXIS2_PLACEMENT_3D('',#9132,#6908,#6909);
#5888=AXIS2_PLACEMENT_3D('',#9133,#6910,#6911);
#5889=AXIS2_PLACEMENT_3D('',#9139,#6915,#6916);
#5890=AXIS2_PLACEMENT_3D('',#9140,#6917,#6918);
#5891=AXIS2_PLACEMENT_3D('',#9141,#6919,#6920);
#5892=AXIS2_PLACEMENT_3D('',#9142,#6921,#6922);
#5893=AXIS2_PLACEMENT_3D('',#9145,#6925,#6926);
#5894=AXIS2_PLACEMENT_3D('',#9146,#6927,#6928);
#5895=AXIS2_PLACEMENT_3D('',#9147,#6929,#6930);
#5896=AXIS2_PLACEMENT_3D('',#9149,#6932,#6933);
#5897=AXIS2_PLACEMENT_3D('',#9151,#6935,#6936);
#5898=AXIS2_PLACEMENT_3D('',#9152,#6937,#6938);
#5899=AXIS2_PLACEMENT_3D('',#9153,#6939,#6940);
#5900=AXIS2_PLACEMENT_3D('',#9155,#6942,#6943);
#5901=AXIS2_PLACEMENT_3D('',#9157,#6945,#6946);
#5902=AXIS2_PLACEMENT_3D('',#9158,#6947,#6948);
#5903=AXIS2_PLACEMENT_3D('',#9159,#6949,#6950);
#5904=AXIS2_PLACEMENT_3D('',#9161,#6952,#6953);
#5905=AXIS2_PLACEMENT_3D('',#9163,#6955,#6956);
#5906=AXIS2_PLACEMENT_3D('',#9164,#6957,#6958);
#5907=AXIS2_PLACEMENT_3D('',#9165,#6959,#6960);
#5908=AXIS2_PLACEMENT_3D('',#9166,#6961,#6962);
#5909=AXIS2_PLACEMENT_3D('',#9168,#6963,#6964);
#5910=AXIS2_PLACEMENT_3D('',#9171,#6966,#6967);
#5911=AXIS2_PLACEMENT_3D('',#9172,#6968,#6969);
#5912=AXIS2_PLACEMENT_3D('',#9176,#6971,#6972);
#5913=AXIS2_PLACEMENT_3D('',#9177,#6973,#6974);
#5914=AXIS2_PLACEMENT_3D('',#9178,#6975,#6976);
#5915=AXIS2_PLACEMENT_3D('',#9180,#6978,#6979);
#5916=AXIS2_PLACEMENT_3D('',#9185,#6981,#6982);
#5917=AXIS2_PLACEMENT_3D('',#9189,#6984,#6985);
#5918=AXIS2_PLACEMENT_3D('',#9204,#6986,#6987);
#5919=AXIS2_PLACEMENT_3D('',#9209,#6989,#6990);
#5920=AXIS2_PLACEMENT_3D('',#9227,#6992,#6993);
#5921=AXIS2_PLACEMENT_3D('',#9228,#6994,#6995);
#5922=AXIS2_PLACEMENT_3D('',#9229,#6996,#6997);
#5923=AXIS2_PLACEMENT_3D('',#9230,#6998,#6999);
#5924=AXIS2_PLACEMENT_3D('',#9231,#7000,#7001);
#5925=AXIS2_PLACEMENT_3D('',#9232,#7002,#7003);
#5926=AXIS2_PLACEMENT_3D('',#9233,#7004,#7005);
#5927=AXIS2_PLACEMENT_3D('',#9238,#7010,#7011);
#5928=AXIS2_PLACEMENT_3D('',#9240,#7013,#7014);
#5929=AXIS2_PLACEMENT_3D('',#9242,#7016,#7017);
#5930=AXIS2_PLACEMENT_3D('',#9245,#7020,#7021);
#5931=AXIS2_PLACEMENT_3D('',#9246,#7022,#7023);
#5932=AXIS2_PLACEMENT_3D('',#9247,#7024,#7025);
#5933=AXIS2_PLACEMENT_3D('',#9250,#7028,#7029);
#5934=AXIS2_PLACEMENT_3D('',#9252,#7031,#7032);
#5935=AXIS2_PLACEMENT_3D('',#9254,#7034,#7035);
#5936=AXIS2_PLACEMENT_3D('',#9255,#7036,#7037);
#5937=AXIS2_PLACEMENT_3D('',#9257,#7039,#7040);
#5938=AXIS2_PLACEMENT_3D('',#9259,#7042,#7043);
#5939=AXIS2_PLACEMENT_3D('',#9261,#7045,#7046);
#5940=AXIS2_PLACEMENT_3D('',#9262,#7047,#7048);
#5941=AXIS2_PLACEMENT_3D('',#9264,#7050,#7051);
#5942=AXIS2_PLACEMENT_3D('',#9265,#7052,#7053);
#5943=AXIS2_PLACEMENT_3D('',#9266,#7054,#7055);
#5944=AXIS2_PLACEMENT_3D('',#9268,#7057,#7058);
#5945=AXIS2_PLACEMENT_3D('',#9270,#7060,#7061);
#5946=AXIS2_PLACEMENT_3D('',#9272,#7063,#7064);
#5947=AXIS2_PLACEMENT_3D('',#9273,#7065,#7066);
#5948=AXIS2_PLACEMENT_3D('',#9274,#7067,#7068);
#5949=AXIS2_PLACEMENT_3D('',#9276,#7069,#7070);
#5950=AXIS2_PLACEMENT_3D('',#9277,#7071,#7072);
#5951=AXIS2_PLACEMENT_3D('',#9278,#7073,#7074);
#5952=AXIS2_PLACEMENT_3D('',#9280,#7075,#7076);
#5953=AXIS2_PLACEMENT_3D('',#9281,#7077,#7078);
#5954=AXIS2_PLACEMENT_3D('',#9282,#7079,#7080);
#5955=AXIS2_PLACEMENT_3D('',#9284,#7081,#7082);
#5956=AXIS2_PLACEMENT_3D('',#9286,#7083,#7084);
#5957=AXIS2_PLACEMENT_3D('',#9287,#7085,#7086);
#5958=AXIS2_PLACEMENT_3D('',#9289,#7087,#7088);
#5959=AXIS2_PLACEMENT_3D('',#9291,#7090,#7091);
#5960=AXIS2_PLACEMENT_3D('',#9292,#7092,#7093);
#5961=AXIS2_PLACEMENT_3D('',#9294,#7094,#7095);
#5962=AXIS2_PLACEMENT_3D('',#9297,#7097,#7098);
#5963=AXIS2_PLACEMENT_3D('',#9298,#7099,#7100);
#5964=AXIS2_PLACEMENT_3D('',#9299,#7101,#7102);
#5965=AXIS2_PLACEMENT_3D('',#9302,#7104,#7105);
#5966=AXIS2_PLACEMENT_3D('',#9303,#7106,#7107);
#5967=AXIS2_PLACEMENT_3D('',#9305,#7108,#7109);
#5968=AXIS2_PLACEMENT_3D('',#9308,#7111,#7112);
#5969=AXIS2_PLACEMENT_3D('',#9309,#7113,#7114);
#5970=AXIS2_PLACEMENT_3D('',#9318,#7119,#7120);
#5971=AXIS2_PLACEMENT_3D('',#9327,#7125,#7126);
#5972=AXIS2_PLACEMENT_3D('',#9336,#7131,#7132);
#5973=AXIS2_PLACEMENT_3D('',#9345,#7137,#7138);
#5974=AXIS2_PLACEMENT_3D('',#9354,#7143,#7144);
#5975=AXIS2_PLACEMENT_3D('',#9363,#7149,#7150);
#5976=AXIS2_PLACEMENT_3D('',#9372,#7155,#7156);
#5977=AXIS2_PLACEMENT_3D('',#9381,#7161,#7162);
#5978=AXIS2_PLACEMENT_3D('',#9390,#7167,#7168);
#5979=AXIS2_PLACEMENT_3D('',#9399,#7173,#7174);
#5980=AXIS2_PLACEMENT_3D('',#9405,#7178,#7179);
#5981=AXIS2_PLACEMENT_3D('',#9411,#7183,#7184);
#5982=AXIS2_PLACEMENT_3D('',#9415,#7188,#7189);
#5983=AXIS2_PLACEMENT_3D('',#9417,#7191,#7192);
#5984=AXIS2_PLACEMENT_3D('',#9421,#7196,#7197);
#5985=AXIS2_PLACEMENT_3D('',#9423,#7199,#7200);
#5986=AXIS2_PLACEMENT_3D('',#9425,#7202,#7203);
#5987=AXIS2_PLACEMENT_3D('',#9426,#7204,#7205);
#5988=AXIS2_PLACEMENT_3D('',#9427,#7206,#7207);
#5989=AXIS2_PLACEMENT_3D('',#9430,#7210,#7211);
#5990=AXIS2_PLACEMENT_3D('',#9436,#7215,#7216);
#5991=AXIS2_PLACEMENT_3D('',#9442,#7220,#7221);
#5992=AXIS2_PLACEMENT_3D('',#9445,#7224,#7225);
#5993=AXIS2_PLACEMENT_3D('',#9447,#7227,#7228);
#5994=AXIS2_PLACEMENT_3D('',#9450,#7231,#7232);
#5995=AXIS2_PLACEMENT_3D('',#9452,#7234,#7235);
#5996=AXIS2_PLACEMENT_3D('',#9454,#7237,#7238);
#5997=AXIS2_PLACEMENT_3D('',#9455,#7239,#7240);
#5998=AXIS2_PLACEMENT_3D('',#9460,#7244,#7245);
#5999=AXIS2_PLACEMENT_3D('',#9463,#7248,#7249);
#6000=AXIS2_PLACEMENT_3D('',#9465,#7251,#7252);
#6001=AXIS2_PLACEMENT_3D('',#9468,#7253,#7254);
#6002=AXIS2_PLACEMENT_3D('',#9472,#7256,#7257);
#6003=AXIS2_PLACEMENT_3D('',#9474,#7259,#7260);
#6004=AXIS2_PLACEMENT_3D('',#9478,#7262,#7263);
#6005=AXIS2_PLACEMENT_3D('',#9484,#7267,#7268);
#6006=AXIS2_PLACEMENT_3D('',#9488,#7271,#7272);
#6007=AXIS2_PLACEMENT_3D('',#9490,#7273,#7274);
#6008=AXIS2_PLACEMENT_3D('',#9492,#7276,#7277);
#6009=AXIS2_PLACEMENT_3D('',#9498,#7281,#7282);
#6010=AXIS2_PLACEMENT_3D('',#9504,#7286,#7287);
#6011=AXIS2_PLACEMENT_3D('',#9508,#7290,#7291);
#6012=AXIS2_PLACEMENT_3D('',#9512,#7294,#7295);
#6013=AXIS2_PLACEMENT_3D('',#9515,#7298,#7299);
#6014=AXIS2_PLACEMENT_3D('',#9517,#7301,#7302);
#6015=AXIS2_PLACEMENT_3D('',#9518,#7303,#7304);
#6016=AXIS2_PLACEMENT_3D('',#9519,#7305,#7306);
#6017=AXIS2_PLACEMENT_3D('',#9520,#7307,#7308);
#6018=AXIS2_PLACEMENT_3D('',#9523,#7309,#7310);
#6019=AXIS2_PLACEMENT_3D('',#9527,#7312,#7313);
#6020=AXIS2_PLACEMENT_3D('',#9529,#7315,#7316);
#6021=AXIS2_PLACEMENT_3D('',#9537,#7320,#7321);
#6022=AXIS2_PLACEMENT_3D('',#9541,#7324,#7325);
#6023=AXIS2_PLACEMENT_3D('',#9545,#7328,#7329);
#6024=AXIS2_PLACEMENT_3D('',#9548,#7330,#7331);
#6025=AXIS2_PLACEMENT_3D('',#9552,#7333,#7334);
#6026=AXIS2_PLACEMENT_3D('',#9564,#7336,#7337);
#6027=AXIS2_PLACEMENT_3D('',#9566,#7338,#7339);
#6028=AXIS2_PLACEMENT_3D('',#9567,#7340,#7341);
#6029=AXIS2_PLACEMENT_3D('',#9568,#7342,#7343);
#6030=AXIS2_PLACEMENT_3D('',#9571,#7344,#7345);
#6031=AXIS2_PLACEMENT_3D('',#9574,#7348,#7349);
#6032=AXIS2_PLACEMENT_3D('',#9580,#7352,#7353);
#6033=AXIS2_PLACEMENT_3D('',#9586,#7357,#7358);
#6034=AXIS2_PLACEMENT_3D('',#9590,#7361,#7362);
#6035=AXIS2_PLACEMENT_3D('',#9593,#7364,#7365);
#6036=AXIS2_PLACEMENT_3D('',#9594,#7366,#7367);
#6037=AXIS2_PLACEMENT_3D('',#9598,#7370,#7371);
#6038=AXIS2_PLACEMENT_3D('',#9601,#7372,#7373);
#6039=AXIS2_PLACEMENT_3D('',#9605,#7375,#7376);
#6040=AXIS2_PLACEMENT_3D('',#9617,#7378,#7379);
#6041=AXIS2_PLACEMENT_3D('',#9619,#7380,#7381);
#6042=AXIS2_PLACEMENT_3D('',#9620,#7382,#7383);
#6043=AXIS2_PLACEMENT_3D('',#9621,#7384,#7385);
#6044=AXIS2_PLACEMENT_3D('',#9624,#7386,#7387);
#6045=AXIS2_PLACEMENT_3D('',#9627,#7390,#7391);
#6046=AXIS2_PLACEMENT_3D('',#9633,#7394,#7395);
#6047=AXIS2_PLACEMENT_3D('',#9639,#7399,#7400);
#6048=AXIS2_PLACEMENT_3D('',#9643,#7403,#7404);
#6049=AXIS2_PLACEMENT_3D('',#9646,#7406,#7407);
#6050=AXIS2_PLACEMENT_3D('',#9647,#7408,#7409);
#6051=AXIS2_PLACEMENT_3D('',#9651,#7412,#7413);
#6052=AXIS2_PLACEMENT_3D('',#9657,#7416,#7417);
#6053=AXIS2_PLACEMENT_3D('',#9661,#7420,#7421);
#6054=AXIS2_PLACEMENT_3D('',#9663,#7423,#7424);
#6055=AXIS2_PLACEMENT_3D('',#9669,#7428,#7429);
#6056=AXIS2_PLACEMENT_3D('',#9672,#7431,#7432);
#6057=AXIS2_PLACEMENT_3D('',#9673,#7433,#7434);
#6058=AXIS2_PLACEMENT_3D('',#9675,#7436,#7437);
#6059=AXIS2_PLACEMENT_3D('',#9679,#7440,#7441);
#6060=AXIS2_PLACEMENT_3D('',#9681,#7442,#7443);
#6061=AXIS2_PLACEMENT_3D('',#9683,#7445,#7446);
#6062=AXIS2_PLACEMENT_3D('',#9687,#7449,#7450);
#6063=AXIS2_PLACEMENT_3D('',#9691,#7452,#7453);
#6064=AXIS2_PLACEMENT_3D('',#9695,#7456,#7457);
#6065=AXIS2_PLACEMENT_3D('',#9704,#7462,#7463);
#6066=AXIS2_PLACEMENT_3D('',#9710,#7467,#7468);
#6067=AXIS2_PLACEMENT_3D('',#9716,#7472,#7473);
#6068=AXIS2_PLACEMENT_3D('',#9718,#7474,#7475);
#6069=AXIS2_PLACEMENT_3D('',#9720,#7476,#7477);
#6070=AXIS2_PLACEMENT_3D('',#9722,#7479,#7480);
#6071=AXIS2_PLACEMENT_3D('',#9728,#7484,#7485);
#6072=AXIS2_PLACEMENT_3D('',#9729,#7486,#7487);
#6073=AXIS2_PLACEMENT_3D('',#9730,#7488,#7489);
#6074=AXIS2_PLACEMENT_3D('',#9731,#7490,#7491);
#6075=AXIS2_PLACEMENT_3D('',#9738,#7494,#7495);
#6076=AXIS2_PLACEMENT_3D('',#9742,#7497,#7498);
#6077=AXIS2_PLACEMENT_3D('',#9744,#7500,#7501);
#6078=AXIS2_PLACEMENT_3D('',#9747,#7502,#7503);
#6079=AXIS2_PLACEMENT_3D('',#9751,#7505,#7506);
#6080=AXIS2_PLACEMENT_3D('',#9753,#7508,#7509);
#6081=AXIS2_PLACEMENT_3D('',#9755,#7510,#7511);
#6082=AXIS2_PLACEMENT_3D('',#9756,#7512,#7513);
#6083=AXIS2_PLACEMENT_3D('',#9757,#7514,#7515);
#6084=AXIS2_PLACEMENT_3D('',#9760,#7518,#7519);
#6085=AXIS2_PLACEMENT_3D('',#9763,#7520,#7521);
#6086=AXIS2_PLACEMENT_3D('',#9766,#7524,#7525);
#6087=AXIS2_PLACEMENT_3D('',#9768,#7526,#7527);
#6088=AXIS2_PLACEMENT_3D('',#9769,#7528,#7529);
#6089=AXIS2_PLACEMENT_3D('',#9770,#7530,#7531);
#6090=AXIS2_PLACEMENT_3D('',#9772,#7533,#7534);
#6091=AXIS2_PLACEMENT_3D('',#9776,#7536,#7537);
#6092=AXIS2_PLACEMENT_3D('',#9778,#7539,#7540);
#6093=AXIS2_PLACEMENT_3D('',#9780,#7542,#7543);
#6094=AXIS2_PLACEMENT_3D('',#9783,#7544,#7545);
#6095=AXIS2_PLACEMENT_3D('',#9787,#7547,#7548);
#6096=AXIS2_PLACEMENT_3D('',#9799,#7557,#7558);
#6097=AXIS2_PLACEMENT_3D('',#9801,#7559,#7560);
#6098=AXIS2_PLACEMENT_3D('',#9803,#7562,#7563);
#6099=AXIS2_PLACEMENT_3D('',#9804,#7564,#7565);
#6100=AXIS2_PLACEMENT_3D('',#9806,#7567,#7568);
#6101=AXIS2_PLACEMENT_3D('',#9808,#7570,#7571);
#6102=AXIS2_PLACEMENT_3D('',#9810,#7573,#7574);
#6103=AXIS2_PLACEMENT_3D('',#9811,#7575,#7576);
#6104=AXIS2_PLACEMENT_3D('',#9815,#7579,#7580);
#6105=AXIS2_PLACEMENT_3D('',#9817,#7582,#7583);
#6106=AXIS2_PLACEMENT_3D('',#9818,#7584,#7585);
#6107=AXIS2_PLACEMENT_3D('',#9819,#7586,#7587);
#6108=AXIS2_PLACEMENT_3D('',#9822,#7590,#7591);
#6109=AXIS2_PLACEMENT_3D('',#9824,#7593,#7594);
#6110=AXIS2_PLACEMENT_3D('',#9826,#7596,#7597);
#6111=AXIS2_PLACEMENT_3D('',#9828,#7599,#7600);
#6112=AXIS2_PLACEMENT_3D('',#9830,#7602,#7603);
#6113=AXIS2_PLACEMENT_3D('',#9831,#7604,#7605);
#6114=DIRECTION('axis',(0.,0.,1.));
#6115=DIRECTION('refdir',(1.,0.,0.));
#6116=DIRECTION('',(0.,1.,0.));
#6117=DIRECTION('',(0.,1.,0.));
#6118=DIRECTION('',(0.,1.,0.));
#6119=DIRECTION('',(0.,1.,0.));
#6120=DIRECTION('',(0.,1.,0.));
#6121=DIRECTION('',(0.,1.,0.));
#6122=DIRECTION('',(0.,1.,0.));
#6123=DIRECTION('',(0.,1.,0.));
#6124=DIRECTION('',(0.,1.,0.));
#6125=DIRECTION('',(0.,1.,0.));
#6126=DIRECTION('center_axis',(-0.0995037190209989,0.,-0.995037190209989));
#6127=DIRECTION('ref_axis',(-0.995037190209989,0.,0.0995037190209989));
#6128=DIRECTION('',(-0.995037190209989,0.,0.0995037190209989));
#6129=DIRECTION('',(0.,1.,0.));
#6130=DIRECTION('',(-0.995037190209989,0.,0.0995037190209989));
#6131=DIRECTION('',(0.,1.,0.));
#6132=DIRECTION('',(0.,1.,0.));
#6133=DIRECTION('',(0.,1.,0.));
#6134=DIRECTION('',(0.,1.,0.));
#6135=DIRECTION('',(0.,1.,0.));
#6136=DIRECTION('',(0.,1.,0.));
#6137=DIRECTION('',(0.,1.,0.));
#6138=DIRECTION('',(0.,1.,0.));
#6139=DIRECTION('center_axis',(2.30836218724093E-16,0.,-1.));
#6140=DIRECTION('ref_axis',(-1.,0.,-2.30836218724093E-16));
#6141=DIRECTION('',(-1.,0.,-2.30836218724093E-16));
#6142=DIRECTION('',(0.,1.,0.));
#6143=DIRECTION('',(-1.,0.,-2.30836218724093E-16));
#6144=DIRECTION('center_axis',(1.,0.,4.35581753722667E-16));
#6145=DIRECTION('ref_axis',(4.35581753722667E-16,0.,-1.));
#6146=DIRECTION('',(4.35581753722667E-16,0.,-1.));
#6147=DIRECTION('',(0.,1.,0.));
#6148=DIRECTION('',(4.35581753722667E-16,0.,-1.));
#6149=DIRECTION('center_axis',(-4.07479705095398E-16,0.,1.));
#6150=DIRECTION('ref_axis',(1.,0.,4.07479705095398E-16));
#6151=DIRECTION('',(1.,0.,4.07479705095398E-16));
#6152=DIRECTION('',(1.,0.,4.07479705095398E-16));
#6153=DIRECTION('center_axis',(0.,-1.,0.));
#6154=DIRECTION('ref_axis',(1.,0.,0.));
#6155=DIRECTION('center_axis',(0.,0.,1.));
#6156=DIRECTION('ref_axis',(1.,0.,0.));
#6157=DIRECTION('',(1.,0.,0.));
#6158=DIRECTION('',(0.,1.,0.));
#6159=DIRECTION('',(1.,0.,0.));
#6160=DIRECTION('',(0.,1.,0.));
#6161=DIRECTION('',(0.,1.,0.));
#6162=DIRECTION('',(0.,1.,0.));
#6163=DIRECTION('center_axis',(-1.,0.,0.));
#6164=DIRECTION('ref_axis',(0.,0.,1.));
#6165=DIRECTION('',(0.,0.,1.));
#6166=DIRECTION('',(0.,1.,0.));
#6167=DIRECTION('',(0.,0.,1.));
#6168=DIRECTION('',(0.,1.,0.));
#6169=DIRECTION('center_axis',(-1.,0.,-3.2205903037285E-16));
#6170=DIRECTION('ref_axis',(-3.2205903037285E-16,0.,1.));
#6171=DIRECTION('',(-3.2205903037285E-16,0.,1.));
#6172=DIRECTION('',(0.,1.,0.));
#6173=DIRECTION('',(-3.2205903037285E-16,0.,1.));
#6174=DIRECTION('center_axis',(0.,0.,-1.));
#6175=DIRECTION('ref_axis',(-1.,0.,0.));
#6176=DIRECTION('',(-1.,0.,0.));
#6177=DIRECTION('',(0.,1.,0.));
#6178=DIRECTION('',(-1.,0.,0.));
#6179=DIRECTION('center_axis',(1.,0.,3.47548077273962E-16));
#6180=DIRECTION('ref_axis',(3.47548077273962E-16,0.,-1.));
#6181=DIRECTION('',(3.47548077273962E-16,0.,-1.));
#6182=DIRECTION('',(3.47548077273962E-16,0.,-1.));
#6183=DIRECTION('center_axis',(0.,-1.,0.));
#6184=DIRECTION('ref_axis',(1.,0.,0.));
#6185=DIRECTION('center_axis',(0.,-1.,0.));
#6186=DIRECTION('ref_axis',(-0.707106781186551,0.,0.707106781186544));
#6187=DIRECTION('center_axis',(0.,1.,0.));
#6188=DIRECTION('ref_axis',(-0.707106781186551,0.,0.707106781186544));
#6189=DIRECTION('',(0.,-1.,0.));
#6190=DIRECTION('center_axis',(0.,-1.,0.));
#6191=DIRECTION('ref_axis',(-0.707106781186551,0.,0.707106781186544));
#6192=DIRECTION('',(0.,1.,0.));
#6193=DIRECTION('center_axis',(0.,0.,1.));
#6194=DIRECTION('ref_axis',(-1.,0.,0.));
#6195=DIRECTION('',(-1.,0.,0.));
#6196=DIRECTION('',(0.,1.,0.));
#6197=DIRECTION('',(1.,0.,0.));
#6198=DIRECTION('center_axis',(0.,-1.,0.));
#6199=DIRECTION('ref_axis',(-0.707106781186551,0.,-0.707106781186544));
#6200=DIRECTION('center_axis',(0.,1.,0.));
#6201=DIRECTION('ref_axis',(-0.707106781186551,0.,-0.707106781186544));
#6202=DIRECTION('',(0.,-1.,0.));
#6203=DIRECTION('center_axis',(0.,-1.,0.));
#6204=DIRECTION('ref_axis',(-0.707106781186551,0.,-0.707106781186544));
#6205=DIRECTION('',(0.,1.,0.));
#6206=DIRECTION('center_axis',(-1.,0.,0.));
#6207=DIRECTION('ref_axis',(0.,0.,-1.));
#6208=DIRECTION('',(0.,0.,1.));
#6209=DIRECTION('',(0.,0.,-1.));
#6210=DIRECTION('center_axis',(0.,-1.,0.));
#6211=DIRECTION('ref_axis',(0.707106781186549,0.,0.707106781186546));
#6212=DIRECTION('center_axis',(0.,1.,0.));
#6213=DIRECTION('ref_axis',(0.707106781186549,0.,0.707106781186546));
#6214=DIRECTION('',(0.,-1.,0.));
#6215=DIRECTION('center_axis',(0.,-1.,0.));
#6216=DIRECTION('ref_axis',(0.707106781186549,0.,0.707106781186546));
#6217=DIRECTION('center_axis',(1.,0.,0.));
#6218=DIRECTION('ref_axis',(0.,0.,1.));
#6219=DIRECTION('',(0.,0.,1.));
#6220=DIRECTION('',(0.,1.,0.));
#6221=DIRECTION('',(0.,0.,-1.));
#6222=DIRECTION('center_axis',(0.,-1.,0.));
#6223=DIRECTION('ref_axis',(0.707106781186549,0.,-0.707106781186546));
#6224=DIRECTION('center_axis',(0.,1.,0.));
#6225=DIRECTION('ref_axis',(0.707106781186549,0.,-0.707106781186546));
#6226=DIRECTION('',(0.,-1.,0.));
#6227=DIRECTION('center_axis',(0.,-1.,0.));
#6228=DIRECTION('ref_axis',(0.707106781186549,0.,-0.707106781186546));
#6229=DIRECTION('center_axis',(0.,0.,-1.));
#6230=DIRECTION('ref_axis',(1.,0.,0.));
#6231=DIRECTION('',(-1.,0.,0.));
#6232=DIRECTION('',(1.,0.,0.));
#6233=DIRECTION('center_axis',(0.,-1.,0.));
#6234=DIRECTION('ref_axis',(-1.,0.,0.));
#6235=DIRECTION('center_axis',(0.,-1.,0.));
#6236=DIRECTION('ref_axis',(-1.,0.,0.));
#6237=DIRECTION('',(0.,-1.,0.));
#6238=DIRECTION('center_axis',(0.,1.,0.));
#6239=DIRECTION('ref_axis',(-1.,0.,0.));
#6240=DIRECTION('center_axis',(0.,-1.,0.));
#6241=DIRECTION('ref_axis',(-1.,0.,0.));
#6242=DIRECTION('center_axis',(0.,-1.,0.));
#6243=DIRECTION('ref_axis',(-1.,0.,0.));
#6244=DIRECTION('',(0.,-1.,0.));
#6245=DIRECTION('center_axis',(0.,1.,0.));
#6246=DIRECTION('ref_axis',(-1.,0.,0.));
#6247=DIRECTION('center_axis',(0.,-1.,0.));
#6248=DIRECTION('ref_axis',(-1.,0.,0.));
#6249=DIRECTION('center_axis',(0.,-1.,0.));
#6250=DIRECTION('ref_axis',(-1.,0.,0.));
#6251=DIRECTION('',(0.,-1.,0.));
#6252=DIRECTION('center_axis',(0.,1.,0.));
#6253=DIRECTION('ref_axis',(-1.,0.,0.));
#6254=DIRECTION('center_axis',(0.,-1.,0.));
#6255=DIRECTION('ref_axis',(-1.,0.,0.));
#6256=DIRECTION('center_axis',(0.,-1.,0.));
#6257=DIRECTION('ref_axis',(-1.,0.,0.));
#6258=DIRECTION('',(0.,-1.,0.));
#6259=DIRECTION('center_axis',(0.,1.,0.));
#6260=DIRECTION('ref_axis',(-1.,0.,0.));
#6261=DIRECTION('center_axis',(0.,0.,1.));
#6262=DIRECTION('ref_axis',(0.,1.,0.));
#6263=DIRECTION('',(-1.,0.,0.));
#6264=DIRECTION('',(-9.34924652315921E-17,1.,0.));
#6265=DIRECTION('',(1.,0.,0.));
#6266=DIRECTION('',(0.,-1.,0.));
#6267=DIRECTION('center_axis',(0.,0.,1.));
#6268=DIRECTION('ref_axis',(0.,1.,0.));
#6269=DIRECTION('',(-1.,0.,0.));
#6270=DIRECTION('',(0.,1.,0.));
#6271=DIRECTION('',(1.,0.,0.));
#6272=DIRECTION('',(0.,-1.,0.));
#6273=DIRECTION('center_axis',(-1.,0.,0.));
#6274=DIRECTION('ref_axis',(0.,-0.707106781186547,-0.707106781186547));
#6275=DIRECTION('center_axis',(1.,0.,0.));
#6276=DIRECTION('ref_axis',(0.,-0.707106781186547,0.707106781186547));
#6277=DIRECTION('',(-1.,0.,0.));
#6278=DIRECTION('center_axis',(-1.,0.,0.));
#6279=DIRECTION('ref_axis',(0.,-0.707106781186547,-0.707106781186547));
#6280=DIRECTION('center_axis',(0.,0.,-1.));
#6281=DIRECTION('ref_axis',(0.,-1.,0.));
#6282=DIRECTION('',(0.,-1.,0.));
#6283=DIRECTION('',(1.,0.,0.));
#6284=DIRECTION('',(0.,1.,0.));
#6285=DIRECTION('center_axis',(-1.,0.,0.));
#6286=DIRECTION('ref_axis',(0.,-0.707106781186547,-0.707106781186547));
#6287=DIRECTION('center_axis',(1.,9.34924652315921E-17,0.));
#6288=DIRECTION('ref_axis',(0.,-0.707106781186547,0.707106781186547));
#6289=DIRECTION('',(-1.,0.,0.));
#6290=DIRECTION('center_axis',(-1.,0.,0.));
#6291=DIRECTION('ref_axis',(0.,-0.707106781186547,-0.707106781186547));
#6292=DIRECTION('center_axis',(0.,0.,-1.));
#6293=DIRECTION('ref_axis',(0.,-1.,0.));
#6294=DIRECTION('',(9.34924652315921E-17,-1.,0.));
#6295=DIRECTION('',(1.,0.,0.));
#6296=DIRECTION('',(0.,1.,0.));
#6297=DIRECTION('center_axis',(-1.,0.,0.));
#6298=DIRECTION('ref_axis',(0.,0.707106781186547,-0.707106781186547));
#6299=DIRECTION('center_axis',(1.,9.34924652315921E-17,0.));
#6300=DIRECTION('ref_axis',(0.,0.707106781186547,-0.707106781186547));
#6301=DIRECTION('center_axis',(-1.,0.,0.));
#6302=DIRECTION('ref_axis',(0.,0.707106781186547,0.707106781186547));
#6303=DIRECTION('center_axis',(-1.,0.,0.));
#6304=DIRECTION('ref_axis',(0.,0.707106781186547,-0.707106781186547));
#6305=DIRECTION('center_axis',(1.,0.,0.));
#6306=DIRECTION('ref_axis',(0.,0.707106781186547,-0.707106781186547));
#6307=DIRECTION('center_axis',(-1.,0.,0.));
#6308=DIRECTION('ref_axis',(0.,0.707106781186547,0.707106781186547));
#6309=DIRECTION('center_axis',(0.,0.,1.));
#6310=DIRECTION('ref_axis',(2.83276944882399E-16,1.,0.));
#6311=DIRECTION('center_axis',(-0.918642982006156,-0.395088688285097,-5.09949295016774E-16));
#6312=DIRECTION('ref_axis',(-5.55111512312578E-16,0.,1.));
#6313=DIRECTION('center_axis',(0.,0.,1.));
#6314=DIRECTION('ref_axis',(-1.83697019872103E-16,1.,0.));
#6315=DIRECTION('center_axis',(0.,0.,1.));
#6316=DIRECTION('ref_axis',(-1.83697019872103E-16,1.,0.));
#6317=DIRECTION('center_axis',(0.918642982006155,-0.395088688285098,5.09949295016774E-16));
#6318=DIRECTION('ref_axis',(0.237053212971059,0.551185789203695,0.799999999999999));
#6319=DIRECTION('center_axis',(0.,0.,-1.));
#6320=DIRECTION('ref_axis',(-1.83697019872103E-16,1.,0.));
#6321=DIRECTION('center_axis',(0.,0.,1.));
#6322=DIRECTION('ref_axis',(1.,0.,0.));
#6323=DIRECTION('',(1.,0.,0.));
#6324=DIRECTION('center_axis',(0.,0.,1.));
#6325=DIRECTION('ref_axis',(-0.707106781186547,-0.707106781186547,0.));
#6326=DIRECTION('',(0.,-1.,0.));
#6327=DIRECTION('',(1.,0.,0.));
#6328=DIRECTION('',(0.,1.,0.));
#6329=DIRECTION('center_axis',(0.,0.,1.));
#6330=DIRECTION('ref_axis',(0.707106781186547,-0.707106781186547,0.));
#6331=DIRECTION('',(1.,0.,0.));
#6332=DIRECTION('center_axis',(0.,0.,-1.));
#6333=DIRECTION('ref_axis',(1.,0.,0.));
#6334=DIRECTION('',(0.,1.,0.));
#6335=DIRECTION('',(-1.,0.,0.));
#6336=DIRECTION('',(0.,-1.,0.));
#6337=DIRECTION('',(1.,0.,0.));
#6338=DIRECTION('',(0.,1.,0.));
#6339=DIRECTION('',(-1.,0.,0.));
#6340=DIRECTION('',(0.,-1.,0.));
#6341=DIRECTION('',(1.,0.,0.));
#6342=DIRECTION('center_axis',(0.,0.,1.));
#6343=DIRECTION('ref_axis',(-0.999985276917081,-0.00542641217271203,0.));
#6344=DIRECTION('center_axis',(0.,0.,1.));
#6345=DIRECTION('ref_axis',(1.,0.,0.));
#6346=DIRECTION('center_axis',(0.,0.,1.));
#6347=DIRECTION('ref_axis',(1.,0.,0.));
#6348=DIRECTION('center_axis',(0.,0.,1.));
#6349=DIRECTION('ref_axis',(1.,0.,0.));
#6350=DIRECTION('center_axis',(0.,-1.,0.));
#6351=DIRECTION('ref_axis',(-1.,0.,0.));
#6352=DIRECTION('center_axis',(0.,0.,1.));
#6353=DIRECTION('ref_axis',(-1.,0.,0.));
#6354=DIRECTION('center_axis',(0.,-1.,0.));
#6355=DIRECTION('ref_axis',(1.,0.,0.));
#6356=DIRECTION('center_axis',(0.,0.,-1.));
#6357=DIRECTION('ref_axis',(-1.,0.,0.));
#6358=DIRECTION('center_axis',(0.,0.,-1.));
#6359=DIRECTION('ref_axis',(-1.,0.,0.));
#6360=DIRECTION('center_axis',(9.34924652315921E-17,-1.,-9.62759304617558E-33));
#6361=DIRECTION('ref_axis',(-0.707106781186547,-6.61091561551062E-17,0.707106781186547));
#6362=DIRECTION('',(9.34924652315921E-17,-1.,-9.62759304617558E-33));
#6363=DIRECTION('',(-9.34924652315921E-17,1.,9.62759304617558E-33));
#6364=DIRECTION('center_axis',(1.02977208081174E-16,0.,1.));
#6365=DIRECTION('ref_axis',(1.,0.,-1.02977208081174E-16));
#6366=DIRECTION('center_axis',(0.,0.,1.));
#6367=DIRECTION('ref_axis',(1.,0.,0.));
#6368=DIRECTION('',(-1.,0.,0.));
#6369=DIRECTION('',(0.,-1.,0.));
#6370=DIRECTION('',(-1.,0.,1.02977208081174E-16));
#6371=DIRECTION('',(0.,1.,0.));
#6372=DIRECTION('',(-1.,0.,0.));
#6373=DIRECTION('center_axis',(0.,0.,1.));
#6374=DIRECTION('ref_axis',(1.,0.,0.));
#6375=DIRECTION('',(0.,1.,0.));
#6376=DIRECTION('center_axis',(0.,0.,-1.));
#6377=DIRECTION('ref_axis',(1.,0.,0.));
#6378=DIRECTION('',(1.07009448156642E-16,-1.,0.));
#6379=DIRECTION('center_axis',(0.,0.,-1.));
#6380=DIRECTION('ref_axis',(1.,0.,0.));
#6381=DIRECTION('',(0.,1.,0.));
#6382=DIRECTION('center_axis',(0.,0.,1.));
#6383=DIRECTION('ref_axis',(1.,0.,0.));
#6384=DIRECTION('',(1.,0.,-1.02977208081174E-16));
#6385=DIRECTION('center_axis',(0.,0.,-1.));
#6386=DIRECTION('ref_axis',(1.,0.,0.));
#6387=DIRECTION('',(-1.,0.,0.));
#6388=DIRECTION('center_axis',(0.,0.,-1.));
#6389=DIRECTION('ref_axis',(1.,0.,0.));
#6390=DIRECTION('',(1.,0.,-1.02977208081174E-16));
#6391=DIRECTION('center_axis',(0.,0.,1.));
#6392=DIRECTION('ref_axis',(1.,0.,0.));
#6393=DIRECTION('',(9.34924652315921E-17,-1.,-9.62759304617558E-33));
#6394=DIRECTION('center_axis',(0.,0.,-1.));
#6395=DIRECTION('ref_axis',(1.,0.,0.));
#6396=DIRECTION('',(0.,1.,0.));
#6397=DIRECTION('center_axis',(0.,0.,-1.));
#6398=DIRECTION('ref_axis',(1.,0.,0.));
#6399=DIRECTION('',(1.,0.,-1.02977208081174E-16));
#6400=DIRECTION('center_axis',(0.,0.,-1.));
#6401=DIRECTION('ref_axis',(1.,0.,0.));
#6402=DIRECTION('',(1.,-1.08314441426845E-16,0.));
#6403=DIRECTION('center_axis',(0.,0.,-1.));
#6404=DIRECTION('ref_axis',(1.,0.,0.));
#6405=DIRECTION('center_axis',(0.,1.,0.));
#6406=DIRECTION('ref_axis',(0.707106781186547,0.,0.707106781186547));
#6407=DIRECTION('',(0.,-1.,0.));
#6408=DIRECTION('center_axis',(9.34924652315921E-17,-1.,-9.62759304617558E-33));
#6409=DIRECTION('ref_axis',(-0.707106781186547,-6.61091561551062E-17,0.707106781186547));
#6410=DIRECTION('',(-9.34924652315921E-17,1.,9.62759304617558E-33));
#6411=DIRECTION('center_axis',(1.,0.,-1.02977208081174E-16));
#6412=DIRECTION('ref_axis',(1.57009245868377E-16,-0.707106781186547,0.707106781186547));
#6413=DIRECTION('',(-1.,0.,1.02977208081174E-16));
#6414=DIRECTION('center_axis',(1.,0.,-1.02977208081174E-16));
#6415=DIRECTION('ref_axis',(1.57009245868377E-16,-0.707106781186547,0.707106781186547));
#6416=DIRECTION('',(-1.,0.,1.02977208081174E-16));
#6417=DIRECTION('center_axis',(0.,1.,0.));
#6418=DIRECTION('ref_axis',(0.707106781186547,0.,0.707106781186547));
#6419=DIRECTION('',(0.,-1.,0.));
#6420=DIRECTION('center_axis',(-3.46944695195361E-16,1.,0.));
#6421=DIRECTION('ref_axis',(0.707106781186547,0.,-0.707106781186547));
#6422=DIRECTION('center_axis',(0.,-1.,0.));
#6423=DIRECTION('ref_axis',(0.707106781186547,0.,-0.707106781186547));
#6424=DIRECTION('',(-3.46944695195361E-16,1.,0.));
#6425=DIRECTION('center_axis',(0.,1.,0.));
#6426=DIRECTION('ref_axis',(0.707106781186547,0.,-0.707106781186547));
#6427=DIRECTION('',(3.46944695195361E-16,-1.,0.));
#6428=DIRECTION('center_axis',(-1.,-3.46944695195361E-16,0.));
#6429=DIRECTION('ref_axis',(3.46944695195361E-16,-1.,0.));
#6430=DIRECTION('',(0.,0.,1.));
#6431=DIRECTION('',(-3.46944695195361E-16,1.,0.));
#6432=DIRECTION('',(0.,0.,-1.));
#6433=DIRECTION('',(3.46944695195361E-16,-1.,0.));
#6434=DIRECTION('',(0.,0.,1.));
#6435=DIRECTION('',(-3.46944695195361E-16,1.,0.));
#6436=DIRECTION('',(0.,0.,1.));
#6437=DIRECTION('center_axis',(0.,-1.,0.));
#6438=DIRECTION('ref_axis',(-0.707106781186547,0.,-0.707106781186547));
#6439=DIRECTION('center_axis',(0.,1.,0.));
#6440=DIRECTION('ref_axis',(-0.707106781186547,0.,-0.707106781186547));
#6441=DIRECTION('',(0.,-1.,0.));
#6442=DIRECTION('center_axis',(0.,-1.,0.));
#6443=DIRECTION('ref_axis',(-0.707106781186547,0.,-0.707106781186547));
#6444=DIRECTION('',(0.,1.,0.));
#6445=DIRECTION('center_axis',(1.,0.,0.));
#6446=DIRECTION('ref_axis',(0.,1.,0.));
#6447=DIRECTION('',(0.,0.,1.));
#6448=DIRECTION('',(0.,-1.,0.));
#6449=DIRECTION('',(0.,0.,-1.));
#6450=DIRECTION('',(0.,1.,0.));
#6451=DIRECTION('',(0.,0.,1.));
#6452=DIRECTION('',(0.,-1.,0.));
#6453=DIRECTION('',(0.,0.,1.));
#6454=DIRECTION('center_axis',(3.33275204390291E-16,-1.,0.));
#6455=DIRECTION('ref_axis',(-0.707106781186547,-3.14018491736755E-16,0.707106781186547));
#6456=DIRECTION('center_axis',(-2.59052048247122E-16,1.,0.));
#6457=DIRECTION('ref_axis',(-0.707106781186547,-3.14018491736755E-16,0.707106781186547));
#6458=DIRECTION('',(3.33275204390291E-16,-1.,0.));
#6459=DIRECTION('center_axis',(3.70074354638746E-17,-1.,0.));
#6460=DIRECTION('ref_axis',(-0.707106781186547,-3.14018491736755E-16,0.707106781186547));
#6461=DIRECTION('',(-3.33275204390291E-16,1.,0.));
#6462=DIRECTION('center_axis',(0.,0.,1.));
#6463=DIRECTION('ref_axis',(1.,0.,0.));
#6464=DIRECTION('',(-1.,-2.59052048247122E-16,0.));
#6465=DIRECTION('',(0.,1.,0.));
#6466=DIRECTION('',(1.,3.70074354638746E-17,0.));
#6467=DIRECTION('center_axis',(0.,1.,0.));
#6468=DIRECTION('ref_axis',(0.707106781186547,0.,0.707106781186547));
#6469=DIRECTION('center_axis',(2.59052048247122E-16,-1.,0.));
#6470=DIRECTION('ref_axis',(0.707106781186547,0.,0.707106781186547));
#6471=DIRECTION('',(0.,-1.,0.));
#6472=DIRECTION('center_axis',(-3.70074354638746E-17,1.,0.));
#6473=DIRECTION('ref_axis',(0.707106781186547,0.,0.707106781186547));
#6474=DIRECTION('',(0.,1.,0.));
#6475=DIRECTION('center_axis',(0.,0.,1.));
#6476=DIRECTION('ref_axis',(1.,0.,0.));
#6477=DIRECTION('',(-1.,-2.51371274711013E-16,0.));
#6478=DIRECTION('',(-3.33275204390291E-16,1.,0.));
#6479=DIRECTION('',(1.,4.18952124518355E-17,0.));
#6480=DIRECTION('center_axis',(-2.59052048247122E-16,1.,0.));
#6481=DIRECTION('ref_axis',(1.,2.59052048247122E-16,0.));
#6482=DIRECTION('',(0.,0.,1.));
#6483=DIRECTION('',(0.,0.,-1.));
#6484=DIRECTION('center_axis',(-2.59052048247122E-16,1.,0.));
#6485=DIRECTION('ref_axis',(-0.707106781186547,-3.14018491736755E-16,-0.707106781186547));
#6486=DIRECTION('',(1.,2.59052048247122E-16,0.));
#6487=DIRECTION('',(0.,0.,1.));
#6488=DIRECTION('center_axis',(-2.59052048247122E-16,1.,0.));
#6489=DIRECTION('ref_axis',(0.707106781186547,0.,0.707106781186547));
#6490=DIRECTION('',(1.,2.59052048247122E-16,0.));
#6491=DIRECTION('center_axis',(-2.59052048247122E-16,1.,0.));
#6492=DIRECTION('ref_axis',(-0.707106781186547,0.,0.707106781186547));
#6493=DIRECTION('',(-1.,-2.59052048247122E-16,0.));
#6494=DIRECTION('',(0.,0.,1.));
#6495=DIRECTION('',(1.,2.59052048247122E-16,0.));
#6496=DIRECTION('center_axis',(-2.59052048247122E-16,1.,0.));
#6497=DIRECTION('ref_axis',(0.658724631355539,1.47560667353086E-16,-0.752384117353303));
#6498=DIRECTION('',(-0.132163720091018,-3.42372823935374E-17,-0.991227900682635));
#6499=DIRECTION('center_axis',(2.59052048247122E-16,-1.,0.));
#6500=DIRECTION('ref_axis',(-0.707106781186547,-3.14018491736755E-16,0.707106781186547));
#6501=DIRECTION('center_axis',(3.33275204390291E-16,-1.,0.));
#6502=DIRECTION('ref_axis',(-0.707106781186547,-3.14018491736755E-16,0.707106781186547));
#6503=DIRECTION('center_axis',(-3.70074354638746E-17,1.,0.));
#6504=DIRECTION('ref_axis',(-0.707106781186547,-3.14018491736755E-16,0.707106781186547));
#6505=DIRECTION('',(-3.33275204390291E-16,1.,0.));
#6506=DIRECTION('center_axis',(-3.33275204390291E-16,1.,0.));
#6507=DIRECTION('ref_axis',(-0.707106781186547,-3.14018491736755E-16,-0.707106781186547));
#6508=DIRECTION('center_axis',(3.70074354638746E-17,-1.,0.));
#6509=DIRECTION('ref_axis',(-0.707106781186547,-3.14018491736755E-16,-0.707106781186547));
#6510=DIRECTION('',(-3.33275204390291E-16,1.,0.));
#6511=DIRECTION('',(3.33275204390291E-16,-1.,0.));
#6512=DIRECTION('center_axis',(0.,0.,1.));
#6513=DIRECTION('ref_axis',(1.,0.,0.));
#6514=DIRECTION('',(-1.,-3.70074354638746E-17,0.));
#6515=DIRECTION('',(0.,-1.,0.));
#6516=DIRECTION('center_axis',(3.33275204390291E-16,-1.,0.));
#6517=DIRECTION('ref_axis',(0.658724631355539,1.47560667353086E-16,-0.752384117353303));
#6518=DIRECTION('',(3.33275204390291E-16,-1.,0.));
#6519=DIRECTION('center_axis',(3.70074354638746E-17,-1.,0.));
#6520=DIRECTION('ref_axis',(0.658724631355539,1.47560667353086E-16,-0.752384117353303));
#6521=DIRECTION('',(-3.33275204390291E-16,1.,0.));
#6522=DIRECTION('center_axis',(0.,0.,1.));
#6523=DIRECTION('ref_axis',(1.,0.,0.));
#6524=DIRECTION('',(0.,1.,0.));
#6525=DIRECTION('',(-1.,-3.70074354638746E-17,0.));
#6526=DIRECTION('center_axis',(0.,1.,0.));
#6527=DIRECTION('ref_axis',(0.707106781186547,0.,-0.707106781186547));
#6528=DIRECTION('center_axis',(1.48029741855498E-16,-1.,0.));
#6529=DIRECTION('ref_axis',(0.707106781186547,0.,-0.707106781186547));
#6530=DIRECTION('',(0.,1.,0.));
#6531=DIRECTION('center_axis',(7.40148709277491E-17,1.,0.));
#6532=DIRECTION('ref_axis',(0.707106781186547,0.,-0.707106781186547));
#6533=DIRECTION('',(0.,-1.,0.));
#6534=DIRECTION('center_axis',(1.,0.,0.));
#6535=DIRECTION('ref_axis',(0.,1.,0.));
#6536=DIRECTION('',(0.,0.,-1.));
#6537=DIRECTION('',(0.,-1.,0.));
#6538=DIRECTION('',(0.,0.,1.));
#6539=DIRECTION('center_axis',(0.,1.,0.));
#6540=DIRECTION('ref_axis',(0.707106781186547,0.,0.707106781186547));
#6541=DIRECTION('center_axis',(1.48029741855498E-16,-1.,0.));
#6542=DIRECTION('ref_axis',(0.707106781186547,0.,0.707106781186547));
#6543=DIRECTION('',(0.,1.,0.));
#6544=DIRECTION('center_axis',(7.40148709277491E-17,1.,0.));
#6545=DIRECTION('ref_axis',(0.707106781186547,0.,0.707106781186547));
#6546=DIRECTION('center_axis',(0.,0.,1.));
#6547=DIRECTION('ref_axis',(1.,0.,0.));
#6548=DIRECTION('',(1.,1.48029741855498E-16,0.));
#6549=DIRECTION('',(0.,-1.,0.));
#6550=DIRECTION('',(-1.,7.40148709277491E-17,0.));
#6551=DIRECTION('center_axis',(0.,-1.,0.));
#6552=DIRECTION('ref_axis',(-0.707106781186547,0.,0.707106781186547));
#6553=DIRECTION('center_axis',(-1.48029741855498E-16,1.,0.));
#6554=DIRECTION('ref_axis',(-0.707106781186547,0.,0.707106781186547));
#6555=DIRECTION('',(0.,1.,0.));
#6556=DIRECTION('center_axis',(-7.40148709277491E-17,-1.,0.));
#6557=DIRECTION('ref_axis',(-0.707106781186547,0.,0.707106781186547));
#6558=DIRECTION('',(0.,-1.,0.));
#6559=DIRECTION('center_axis',(0.,0.,1.));
#6560=DIRECTION('ref_axis',(1.,0.,0.));
#6561=DIRECTION('',(1.,1.67580849807342E-16,0.));
#6562=DIRECTION('',(0.,-1.,0.));
#6563=DIRECTION('',(-1.,8.3790424903671E-17,0.));
#6564=DIRECTION('center_axis',(1.48029741855498E-16,-1.,0.));
#6565=DIRECTION('ref_axis',(-1.,-1.48029741855498E-16,0.));
#6566=DIRECTION('',(0.,0.,1.));
#6567=DIRECTION('',(-1.,-1.48029741855498E-16,0.));
#6568=DIRECTION('',(0.,0.,1.));
#6569=DIRECTION('center_axis',(1.48029741855498E-16,-1.,0.));
#6570=DIRECTION('ref_axis',(-0.707106781186547,0.,0.707106781186547));
#6571=DIRECTION('',(-1.,-1.48029741855498E-16,0.));
#6572=DIRECTION('center_axis',(1.48029741855498E-16,-1.,0.));
#6573=DIRECTION('ref_axis',(0.707106781186547,0.,0.707106781186547));
#6574=DIRECTION('',(1.,1.48029741855498E-16,0.));
#6575=DIRECTION('',(0.,0.,1.));
#6576=DIRECTION('',(-1.,-1.48029741855498E-16,0.));
#6577=DIRECTION('center_axis',(1.48029741855498E-16,-1.,0.));
#6578=DIRECTION('ref_axis',(-0.658724631355539,0.,-0.752384117353303));
#6579=DIRECTION('',(0.132163720091018,1.95641613677357E-17,-0.991227900682635));
#6580=DIRECTION('center_axis',(-1.48029741855498E-16,1.,0.));
#6581=DIRECTION('ref_axis',(0.707106781186547,0.,0.707106781186547));
#6582=DIRECTION('center_axis',(0.,1.,0.));
#6583=DIRECTION('ref_axis',(-0.658724631355539,0.,-0.752384117353303));
#6584=DIRECTION('',(0.,1.,0.));
#6585=DIRECTION('center_axis',(7.40148709277491E-17,1.,0.));
#6586=DIRECTION('ref_axis',(-0.658724631355539,0.,-0.752384117353303));
#6587=DIRECTION('',(0.,-1.,0.));
#6588=DIRECTION('center_axis',(0.,0.,1.));
#6589=DIRECTION('ref_axis',(1.,0.,0.));
#6590=DIRECTION('',(0.,-1.,0.));
#6591=DIRECTION('',(1.,-7.40148709277491E-17,0.));
#6592=DIRECTION('center_axis',(0.,1.,0.));
#6593=DIRECTION('ref_axis',(0.707106781186547,0.,0.707106781186547));
#6594=DIRECTION('center_axis',(-7.40148709277491E-17,-1.,0.));
#6595=DIRECTION('ref_axis',(0.707106781186547,0.,0.707106781186547));
#6596=DIRECTION('',(0.,-1.,0.));
#6597=DIRECTION('center_axis',(7.40148709277491E-17,1.,0.));
#6598=DIRECTION('ref_axis',(1.,-7.40148709277491E-17,0.));
#6599=DIRECTION('',(-0.132163720091018,9.78208068386787E-18,0.991227900682635));
#6600=DIRECTION('',(0.,0.,1.));
#6601=DIRECTION('',(1.,-7.40148709277491E-17,0.));
#6602=DIRECTION('center_axis',(7.40148709277491E-17,1.,0.));
#6603=DIRECTION('ref_axis',(0.707106781186547,0.,0.707106781186547));
#6604=DIRECTION('',(1.,-7.40148709277491E-17,0.));
#6605=DIRECTION('center_axis',(7.40148709277491E-17,1.,0.));
#6606=DIRECTION('ref_axis',(-0.707106781186547,0.,0.707106781186547));
#6607=DIRECTION('',(0.,0.,-1.));
#6608=DIRECTION('',(1.,-7.40148709277491E-17,0.));
#6609=DIRECTION('',(0.,0.,1.));
#6610=DIRECTION('center_axis',(0.,-1.,0.));
#6611=DIRECTION('ref_axis',(-0.707106781186547,0.,0.707106781186547));
#6612=DIRECTION('',(0.,-1.,0.));
#6613=DIRECTION('center_axis',(3.70074354638746E-17,-1.,0.));
#6614=DIRECTION('ref_axis',(-0.707106781186547,0.,0.707106781186547));
#6615=DIRECTION('center_axis',(0.,0.,1.));
#6616=DIRECTION('ref_axis',(1.,0.,0.));
#6617=DIRECTION('',(0.,1.,0.));
#6618=DIRECTION('',(-1.,-3.70074354638746E-17,0.));
#6619=DIRECTION('center_axis',(0.,1.,0.));
#6620=DIRECTION('ref_axis',(0.707106781186547,0.,0.707106781186547));
#6621=DIRECTION('center_axis',(3.70074354638746E-17,-1.,0.));
#6622=DIRECTION('ref_axis',(0.707106781186547,0.,0.707106781186547));
#6623=DIRECTION('',(0.,-1.,0.));
#6624=DIRECTION('center_axis',(-3.46944695195361E-16,1.,0.));
#6625=DIRECTION('ref_axis',(0.707106781186547,0.,0.707106781186547));
#6626=DIRECTION('',(-3.46944695195361E-16,1.,0.));
#6627=DIRECTION('center_axis',(0.,0.,1.));
#6628=DIRECTION('ref_axis',(1.,0.,0.));
#6629=DIRECTION('',(9.34924652315921E-17,-1.,0.));
#6630=DIRECTION('center_axis',(9.34924652315921E-17,-1.,0.));
#6631=DIRECTION('ref_axis',(-0.707106781186547,0.,0.707106781186547));
#6632=DIRECTION('',(-9.34924652315921E-17,1.,0.));
#6633=DIRECTION('center_axis',(-0.816496580927727,-0.408248290463862,-0.408248290463862));
#6634=DIRECTION('ref_axis',(0.577350269189625,-0.577350269189628,-0.577350269189625));
#6635=DIRECTION('center_axis',(0.,0.,1.));
#6636=DIRECTION('ref_axis',(1.,0.,0.));
#6637=DIRECTION('center_axis',(3.5527136788005E-15,1.,0.));
#6638=DIRECTION('ref_axis',(0.,0.,-1.));
#6639=DIRECTION('center_axis',(-1.,0.,0.));
#6640=DIRECTION('ref_axis',(0.,-1.,0.));
#6641=DIRECTION('center_axis',(0.,1.,0.));
#6642=DIRECTION('ref_axis',(0.707106781186547,0.,-0.707106781186547));
#6643=DIRECTION('center_axis',(0.,-1.,0.));
#6644=DIRECTION('ref_axis',(0.707106781186547,0.,-0.707106781186547));
#6645=DIRECTION('',(0.,-1.,0.));
#6646=DIRECTION('',(0.,1.,0.));
#6647=DIRECTION('center_axis',(0.408248290463863,-0.816496580927725,0.408248290463865));
#6648=DIRECTION('ref_axis',(-0.577350269189626,-0.577350269189626,-0.577350269189627));
#6649=DIRECTION('center_axis',(1.,0.,0.));
#6650=DIRECTION('ref_axis',(0.,0.,-1.));
#6651=DIRECTION('center_axis',(0.,1.,0.));
#6652=DIRECTION('ref_axis',(-1.,0.,0.));
#6653=DIRECTION('center_axis',(0.,0.,1.));
#6654=DIRECTION('ref_axis',(0.,-1.,0.));
#6655=DIRECTION('center_axis',(9.34924652315921E-17,-1.,0.));
#6656=DIRECTION('ref_axis',(-0.707106781186547,0.,-0.707106781186547));
#6657=DIRECTION('center_axis',(0.,-1.,0.));
#6658=DIRECTION('ref_axis',(-0.707106781186547,0.,-0.707106781186547));
#6659=DIRECTION('',(9.34924652315921E-17,-1.,0.));
#6660=DIRECTION('',(-9.34924652315921E-17,1.,0.));
#6661=DIRECTION('center_axis',(0.,0.,1.));
#6662=DIRECTION('ref_axis',(-0.707106781186547,-0.707106781186547,0.));
#6663=DIRECTION('center_axis',(0.,0.,1.));
#6664=DIRECTION('ref_axis',(-0.707106781186547,-0.707106781186547,0.));
#6665=DIRECTION('',(0.,0.,-1.));
#6666=DIRECTION('',(0.,0.,1.));
#6667=DIRECTION('center_axis',(1.,0.,0.));
#6668=DIRECTION('ref_axis',(0.,-0.707106781186547,-0.707106781186547));
#6669=DIRECTION('',(-1.,0.,0.));
#6670=DIRECTION('',(1.,0.,0.));
#6671=DIRECTION('center_axis',(0.,0.,1.));
#6672=DIRECTION('ref_axis',(0.707106781186547,-0.707106781186547,0.));
#6673=DIRECTION('center_axis',(0.,0.,1.));
#6674=DIRECTION('ref_axis',(0.707106781186547,-0.707106781186547,0.));
#6675=DIRECTION('',(0.,0.,-1.));
#6676=DIRECTION('',(0.,0.,1.));
#6677=DIRECTION('center_axis',(0.,0.,1.));
#6678=DIRECTION('ref_axis',(1.,0.,0.));
#6679=DIRECTION('',(-1.,0.,0.));
#6680=DIRECTION('',(0.,-1.,0.));
#6681=DIRECTION('',(1.,0.,0.));
#6682=DIRECTION('',(0.,1.,0.));
#6683=DIRECTION('',(-1.,0.,0.));
#6684=DIRECTION('',(1.,0.,0.));
#6685=DIRECTION('',(-1.,0.,0.));
#6686=DIRECTION('',(0.,1.,0.));
#6687=DIRECTION('',(1.,0.,0.));
#6688=DIRECTION('',(0.,-1.,0.));
#6689=DIRECTION('',(-1.,0.,0.));
#6690=DIRECTION('',(0.,1.,0.));
#6691=DIRECTION('',(1.,0.,0.));
#6692=DIRECTION('',(1.,0.,0.));
#6693=DIRECTION('',(1.,0.,0.));
#6694=DIRECTION('',(0.,-1.,0.));
#6695=DIRECTION('',(-1.,0.,0.));
#6696=DIRECTION('center_axis',(0.,-1.,0.));
#6697=DIRECTION('ref_axis',(1.,0.,0.));
#6698=DIRECTION('center_axis',(0.,-1.,0.));
#6699=DIRECTION('ref_axis',(-0.707106781186547,0.,-0.707106781186547));
#6700=DIRECTION('',(0.,0.,1.));
#6701=DIRECTION('center_axis',(0.,-1.,0.));
#6702=DIRECTION('ref_axis',(-0.707106781186547,0.,0.707106781186547));
#6703=DIRECTION('',(0.,0.,1.));
#6704=DIRECTION('',(1.,0.,0.));
#6705=DIRECTION('',(0.,0.,-1.));
#6706=DIRECTION('',(0.,0.,1.));
#6707=DIRECTION('',(1.,0.,0.));
#6708=DIRECTION('',(0.,0.,-1.));
#6709=DIRECTION('center_axis',(0.,-1.,0.));
#6710=DIRECTION('ref_axis',(0.707106781186547,0.,0.707106781186547));
#6711=DIRECTION('',(0.,0.,-1.));
#6712=DIRECTION('center_axis',(0.,-1.,0.));
#6713=DIRECTION('ref_axis',(0.707106781186547,0.,-0.707106781186547));
#6714=DIRECTION('',(0.,0.,1.));
#6715=DIRECTION('',(-1.,0.,0.));
#6716=DIRECTION('',(0.,0.,1.));
#6717=DIRECTION('center_axis',(-1.,0.,0.));
#6718=DIRECTION('ref_axis',(0.,-1.,0.));
#6719=DIRECTION('',(0.,1.,0.));
#6720=DIRECTION('',(0.,0.,1.));
#6721=DIRECTION('',(0.,-1.,0.));
#6722=DIRECTION('',(0.,0.,-1.));
#6723=DIRECTION('',(0.,0.,1.));
#6724=DIRECTION('',(0.,-1.,0.));
#6725=DIRECTION('',(0.,0.,-1.));
#6726=DIRECTION('',(0.,0.,-1.));
#6727=DIRECTION('center_axis',(0.,-1.,0.));
#6728=DIRECTION('ref_axis',(0.707106781186547,0.,-0.707106781186547));
#6729=DIRECTION('center_axis',(0.,-1.,0.));
#6730=DIRECTION('ref_axis',(0.707106781186547,0.,-0.707106781186547));
#6731=DIRECTION('',(0.,-1.,0.));
#6732=DIRECTION('center_axis',(0.,1.,0.));
#6733=DIRECTION('ref_axis',(1.,0.,0.));
#6734=DIRECTION('center_axis',(1.,0.,0.));
#6735=DIRECTION('ref_axis',(0.,-1.,0.));
#6736=DIRECTION('center_axis',(0.,0.,-1.));
#6737=DIRECTION('ref_axis',(0.707106781186547,-0.707106781186547,0.));
#6738=DIRECTION('center_axis',(-1.,0.,0.));
#6739=DIRECTION('ref_axis',(0.,-0.707106781186547,-0.707106781186547));
#6740=DIRECTION('',(-1.,0.,0.));
#6741=DIRECTION('center_axis',(1.,0.,0.));
#6742=DIRECTION('ref_axis',(0.,-1.,0.));
#6743=DIRECTION('center_axis',(0.,-1.,0.));
#6744=DIRECTION('ref_axis',(-1.,0.,0.));
#6745=DIRECTION('center_axis',(0.,0.,-1.));
#6746=DIRECTION('ref_axis',(-0.707106781186547,-0.707106781186547,0.));
#6747=DIRECTION('center_axis',(0.,1.,0.));
#6748=DIRECTION('ref_axis',(-0.707106781186547,0.,-0.707106781186547));
#6749=DIRECTION('center_axis',(0.,-1.,0.));
#6750=DIRECTION('ref_axis',(-0.707106781186547,0.,-0.707106781186547));
#6751=DIRECTION('',(0.,1.,0.));
#6752=DIRECTION('center_axis',(-1.,0.,0.));
#6753=DIRECTION('ref_axis',(0.,1.,0.));
#6754=DIRECTION('',(0.,0.,-1.));
#6755=DIRECTION('',(0.,1.,0.));
#6756=DIRECTION('',(0.,0.,1.));
#6757=DIRECTION('center_axis',(-1.,0.,0.));
#6758=DIRECTION('ref_axis',(0.,-1.,0.));
#6759=DIRECTION('center_axis',(0.,0.,-1.));
#6760=DIRECTION('ref_axis',(-0.707106781186547,-0.707106781186547,0.));
#6761=DIRECTION('',(0.,0.,1.));
#6762=DIRECTION('center_axis',(0.,0.,-1.));
#6763=DIRECTION('ref_axis',(-0.707106781186547,-0.707106781186547,0.));
#6764=DIRECTION('center_axis',(0.,-1.,0.));
#6765=DIRECTION('ref_axis',(-1.,0.,0.));
#6766=DIRECTION('',(0.,0.,-1.));
#6767=DIRECTION('',(-1.,0.,0.));
#6768=DIRECTION('center_axis',(0.,0.,1.));
#6769=DIRECTION('ref_axis',(0.707106781186547,-0.707106781186547,0.));
#6770=DIRECTION('',(0.,0.,1.));
#6771=DIRECTION('center_axis',(0.,0.,-1.));
#6772=DIRECTION('ref_axis',(0.707106781186547,-0.707106781186547,0.));
#6773=DIRECTION('center_axis',(0.,1.,0.));
#6774=DIRECTION('ref_axis',(1.,0.,0.));
#6775=DIRECTION('',(1.,0.,0.));
#6776=DIRECTION('',(0.,0.,1.));
#6777=DIRECTION('center_axis',(0.,1.,0.));
#6778=DIRECTION('ref_axis',(-0.707106781186547,0.,0.707106781186547));
#6779=DIRECTION('',(0.,0.,-1.));
#6780=DIRECTION('center_axis',(0.,1.,0.));
#6781=DIRECTION('ref_axis',(-0.707106781186547,0.,-0.707106781186547));
#6782=DIRECTION('center_axis',(0.,1.,0.));
#6783=DIRECTION('ref_axis',(0.707106781186547,0.,-0.707106781186547));
#6784=DIRECTION('',(0.,0.,1.));
#6785=DIRECTION('center_axis',(0.,1.,0.));
#6786=DIRECTION('ref_axis',(0.707106781186547,0.,0.707106781186547));
#6787=DIRECTION('center_axis',(1.,0.,0.));
#6788=DIRECTION('ref_axis',(0.,-1.,0.));
#6789=DIRECTION('',(0.,-1.,0.));
#6790=DIRECTION('center_axis',(1.,0.,0.));
#6791=DIRECTION('ref_axis',(0.,1.,0.));
#6792=DIRECTION('center_axis',(1.,0.,0.));
#6793=DIRECTION('ref_axis',(0.,1.,0.));
#6794=DIRECTION('',(0.,-1.,0.));
#6795=DIRECTION('',(0.,0.,1.));
#6796=DIRECTION('',(0.,-1.,0.));
#6797=DIRECTION('',(0.,0.,1.));
#6798=DIRECTION('center_axis',(0.,0.,1.));
#6799=DIRECTION('ref_axis',(1.,0.,0.));
#6800=DIRECTION('center_axis',(0.,0.,1.));
#6801=DIRECTION('ref_axis',(1.,0.,0.));
#6802=DIRECTION('center_axis',(0.,0.,-1.));
#6803=DIRECTION('ref_axis',(1.,0.,0.));
#6804=DIRECTION('',(-9.34924652315921E-17,1.,0.));
#6805=DIRECTION('center_axis',(1.,9.34924652315921E-17,0.));
#6806=DIRECTION('ref_axis',(-9.34924652315921E-17,1.,0.));
#6807=DIRECTION('',(9.34924652315921E-17,-1.,0.));
#6808=DIRECTION('',(0.,0.,1.));
#6809=DIRECTION('',(-9.34924652315921E-17,1.,0.));
#6810=DIRECTION('',(0.,0.,-1.));
#6811=DIRECTION('',(0.,0.,1.));
#6812=DIRECTION('',(0.,0.,-1.));
#6813=DIRECTION('',(-9.34924652315921E-17,1.,0.));
#6814=DIRECTION('center_axis',(1.,0.,0.));
#6815=DIRECTION('ref_axis',(0.,1.,0.));
#6816=DIRECTION('',(0.,-1.,0.));
#6817=DIRECTION('',(0.,0.,1.));
#6818=DIRECTION('',(0.,-1.,0.));
#6819=DIRECTION('',(0.,0.,1.));
#6820=DIRECTION('center_axis',(0.,0.,1.));
#6821=DIRECTION('ref_axis',(1.,0.,0.));
#6822=DIRECTION('center_axis',(0.,0.,1.));
#6823=DIRECTION('ref_axis',(1.,0.,0.));
#6824=DIRECTION('center_axis',(0.,0.,-1.));
#6825=DIRECTION('ref_axis',(1.,0.,0.));
#6826=DIRECTION('center_axis',(0.,0.,1.));
#6827=DIRECTION('ref_axis',(1.,0.,0.));
#6828=DIRECTION('center_axis',(0.,0.,1.));
#6829=DIRECTION('ref_axis',(1.,0.,0.));
#6830=DIRECTION('',(1.,0.,0.));
#6831=DIRECTION('',(-1.,0.,0.));
#6832=DIRECTION('',(1.,0.,0.));
#6833=DIRECTION('center_axis',(0.,0.,1.));
#6834=DIRECTION('ref_axis',(1.,0.,0.));
#6835=DIRECTION('',(-1.07009448156642E-16,1.,0.));
#6836=DIRECTION('',(1.07009448156642E-16,-1.,0.));
#6837=DIRECTION('',(-1.07009448156642E-16,1.,0.));
#6838=DIRECTION('center_axis',(0.,0.,1.));
#6839=DIRECTION('ref_axis',(1.,0.,0.));
#6840=DIRECTION('',(-1.,1.08314441426845E-16,0.));
#6841=DIRECTION('',(1.,-1.08314441426845E-16,0.));
#6842=DIRECTION('',(-1.,1.08314441426845E-16,0.));
#6843=DIRECTION('center_axis',(0.,0.,1.));
#6844=DIRECTION('ref_axis',(1.,0.,0.));
#6845=DIRECTION('',(0.,1.,0.));
#6846=DIRECTION('center_axis',(-1.,-1.07009448156642E-16,0.));
#6847=DIRECTION('ref_axis',(1.07009448156642E-16,-1.,0.));
#6848=DIRECTION('',(-1.07009448156642E-16,1.,0.));
#6849=DIRECTION('',(0.,0.,1.));
#6850=DIRECTION('',(0.,0.,1.));
#6851=DIRECTION('center_axis',(0.,0.,1.));
#6852=DIRECTION('ref_axis',(1.,0.,0.));
#6853=DIRECTION('center_axis',(0.,0.,1.));
#6854=DIRECTION('ref_axis',(1.,0.,0.));
#6855=DIRECTION('center_axis',(0.,0.,-1.));
#6856=DIRECTION('ref_axis',(1.,0.,0.));
#6857=DIRECTION('center_axis',(-1.,-1.07009448156642E-16,0.));
#6858=DIRECTION('ref_axis',(1.07009448156642E-16,-1.,0.));
#6859=DIRECTION('',(-1.07009448156642E-16,1.,0.));
#6860=DIRECTION('',(0.,0.,1.));
#6861=DIRECTION('',(0.,0.,1.));
#6862=DIRECTION('center_axis',(0.,0.,1.));
#6863=DIRECTION('ref_axis',(1.,0.,0.));
#6864=DIRECTION('center_axis',(0.,0.,1.));
#6865=DIRECTION('ref_axis',(1.,0.,0.));
#6866=DIRECTION('center_axis',(0.,0.,-1.));
#6867=DIRECTION('ref_axis',(1.,0.,0.));
#6868=DIRECTION('center_axis',(0.,1.,0.));
#6869=DIRECTION('ref_axis',(-1.,0.,0.));
#6870=DIRECTION('',(1.,0.,0.));
#6871=DIRECTION('',(0.,0.,1.));
#6872=DIRECTION('',(0.,0.,1.));
#6873=DIRECTION('center_axis',(0.,0.,1.));
#6874=DIRECTION('ref_axis',(1.,0.,0.));
#6875=DIRECTION('',(-1.,0.,0.));
#6876=DIRECTION('center_axis',(0.,0.,-1.));
#6877=DIRECTION('ref_axis',(1.,0.,0.));
#6878=DIRECTION('center_axis',(0.,0.,1.));
#6879=DIRECTION('ref_axis',(1.,0.,0.));
#6880=DIRECTION('center_axis',(0.,1.,0.));
#6881=DIRECTION('ref_axis',(-1.,0.,0.));
#6882=DIRECTION('',(1.,0.,0.));
#6883=DIRECTION('',(0.,0.,1.));
#6884=DIRECTION('',(0.,0.,-1.));
#6885=DIRECTION('',(0.,0.,1.));
#6886=DIRECTION('',(-1.,0.,0.));
#6887=DIRECTION('',(0.,0.,-1.));
#6888=DIRECTION('center_axis',(-1.08314441426845E-16,-1.,0.));
#6889=DIRECTION('ref_axis',(1.,-1.08314441426845E-16,0.));
#6890=DIRECTION('',(-1.,1.08314441426845E-16,0.));
#6891=DIRECTION('',(0.,0.,1.));
#6892=DIRECTION('',(0.,0.,1.));
#6893=DIRECTION('center_axis',(0.,0.,1.));
#6894=DIRECTION('ref_axis',(1.,0.,0.));
#6895=DIRECTION('center_axis',(0.,0.,1.));
#6896=DIRECTION('ref_axis',(1.,0.,0.));
#6897=DIRECTION('center_axis',(0.,0.,-1.));
#6898=DIRECTION('ref_axis',(1.,0.,0.));
#6899=DIRECTION('center_axis',(-1.08314441426845E-16,-1.,0.));
#6900=DIRECTION('ref_axis',(1.,-1.08314441426845E-16,0.));
#6901=DIRECTION('',(-1.,1.08314441426845E-16,0.));
#6902=DIRECTION('',(0.,0.,1.));
#6903=DIRECTION('',(0.,0.,1.));
#6904=DIRECTION('center_axis',(0.,0.,1.));
#6905=DIRECTION('ref_axis',(1.,0.,0.));
#6906=DIRECTION('center_axis',(0.,0.,1.));
#6907=DIRECTION('ref_axis',(1.,0.,0.));
#6908=DIRECTION('center_axis',(0.,0.,-1.));
#6909=DIRECTION('ref_axis',(1.,0.,0.));
#6910=DIRECTION('center_axis',(0.,1.,0.));
#6911=DIRECTION('ref_axis',(-1.,0.,0.));
#6912=DIRECTION('',(1.,0.,0.));
#6913=DIRECTION('',(0.,0.,1.));
#6914=DIRECTION('',(0.,0.,1.));
#6915=DIRECTION('center_axis',(0.,0.,1.));
#6916=DIRECTION('ref_axis',(1.,0.,0.));
#6917=DIRECTION('center_axis',(0.,0.,1.));
#6918=DIRECTION('ref_axis',(1.,0.,0.));
#6919=DIRECTION('center_axis',(0.,0.,-1.));
#6920=DIRECTION('ref_axis',(1.,0.,0.));
#6921=DIRECTION('center_axis',(1.,1.07009448156642E-16,0.));
#6922=DIRECTION('ref_axis',(1.07009448156642E-16,-1.,0.));
#6923=DIRECTION('',(0.,0.,-1.));
#6924=DIRECTION('',(0.,0.,-1.));
#6925=DIRECTION('center_axis',(0.,0.,-1.));
#6926=DIRECTION('ref_axis',(1.,0.,0.));
#6927=DIRECTION('center_axis',(0.,0.,-1.));
#6928=DIRECTION('ref_axis',(1.,0.,0.));
#6929=DIRECTION('center_axis',(0.,0.,-1.));
#6930=DIRECTION('ref_axis',(1.,0.,0.));
#6931=DIRECTION('',(0.,0.,-1.));
#6932=DIRECTION('center_axis',(1.08314441426845E-16,1.,0.));
#6933=DIRECTION('ref_axis',(1.,-1.08314441426845E-16,0.));
#6934=DIRECTION('',(0.,0.,-1.));
#6935=DIRECTION('center_axis',(0.,0.,-1.));
#6936=DIRECTION('ref_axis',(1.,0.,0.));
#6937=DIRECTION('center_axis',(0.,0.,-1.));
#6938=DIRECTION('ref_axis',(1.,0.,0.));
#6939=DIRECTION('center_axis',(0.,0.,-1.));
#6940=DIRECTION('ref_axis',(1.,0.,0.));
#6941=DIRECTION('',(0.,0.,-1.));
#6942=DIRECTION('center_axis',(-1.,0.,0.));
#6943=DIRECTION('ref_axis',(0.,1.,0.));
#6944=DIRECTION('',(0.,0.,-1.));
#6945=DIRECTION('center_axis',(0.,0.,-1.));
#6946=DIRECTION('ref_axis',(1.,0.,0.));
#6947=DIRECTION('center_axis',(0.,0.,-1.));
#6948=DIRECTION('ref_axis',(1.,0.,0.));
#6949=DIRECTION('center_axis',(0.,0.,-1.));
#6950=DIRECTION('ref_axis',(1.,0.,0.));
#6951=DIRECTION('',(0.,0.,-1.));
#6952=DIRECTION('center_axis',(0.,-1.,0.));
#6953=DIRECTION('ref_axis',(-1.,0.,0.));
#6954=DIRECTION('',(0.,0.,-1.));
#6955=DIRECTION('center_axis',(0.,0.,-1.));
#6956=DIRECTION('ref_axis',(1.,0.,0.));
#6957=DIRECTION('center_axis',(0.,0.,-1.));
#6958=DIRECTION('ref_axis',(1.,0.,0.));
#6959=DIRECTION('center_axis',(0.,0.,-1.));
#6960=DIRECTION('ref_axis',(1.,0.,0.));
#6961=DIRECTION('center_axis',(0.,-1.,0.));
#6962=DIRECTION('ref_axis',(-0.707106781186546,0.,-0.707106781186549));
#6963=DIRECTION('center_axis',(0.,1.,0.));
#6964=DIRECTION('ref_axis',(-0.707106781186546,0.,-0.707106781186549));
#6965=DIRECTION('',(0.,-1.,0.));
#6966=DIRECTION('center_axis',(-0.707106781186548,-0.707106781186548,0.));
#6967=DIRECTION('ref_axis',(-0.707106781186547,0.707106781186547,0.));
#6968=DIRECTION('center_axis',(0.,1.,0.));
#6969=DIRECTION('ref_axis',(0.707106781186546,0.,-0.707106781186549));
#6970=DIRECTION('',(0.,1.,0.));
#6971=DIRECTION('center_axis',(0.,1.,0.));
#6972=DIRECTION('ref_axis',(0.707106781186546,0.,-0.707106781186549));
#6973=DIRECTION('center_axis',(0.707106781186548,-0.707106781186548,0.));
#6974=DIRECTION('ref_axis',(-0.707106781186547,-0.707106781186547,0.));
#6975=DIRECTION('center_axis',(-1.,0.,0.));
#6976=DIRECTION('ref_axis',(0.,0.707106781186546,-0.707106781186549));
#6977=DIRECTION('',(-1.,0.,0.));
#6978=DIRECTION('center_axis',(0.,-1.,0.));
#6979=DIRECTION('ref_axis',(-0.534522483824847,0.,0.845154254728518));
#6980=DIRECTION('',(0.,1.,0.));
#6981=DIRECTION('center_axis',(0.,-1.,0.));
#6982=DIRECTION('ref_axis',(-0.534522483824847,0.,0.845154254728518));
#6983=DIRECTION('',(0.,-1.,0.));
#6984=DIRECTION('center_axis',(0.,1.,0.));
#6985=DIRECTION('ref_axis',(-0.534522483824847,0.,0.845154254728518));
#6986=DIRECTION('center_axis',(0.,-1.,0.));
#6987=DIRECTION('ref_axis',(0.534522483824847,0.,0.845154254728518));
#6988=DIRECTION('',(0.,1.,0.));
#6989=DIRECTION('center_axis',(0.,-1.,0.));
#6990=DIRECTION('ref_axis',(0.534522483824847,0.,0.845154254728518));
#6991=DIRECTION('',(0.,-1.,0.));
#6992=DIRECTION('center_axis',(0.,1.,0.));
#6993=DIRECTION('ref_axis',(0.534522483824847,0.,0.845154254728518));
#6994=DIRECTION('center_axis',(0.,1.,0.));
#6995=DIRECTION('ref_axis',(0.,0.,-1.));
#6996=DIRECTION('center_axis',(0.,-1.,0.));
#6997=DIRECTION('ref_axis',(0.,0.,-1.));
#6998=DIRECTION('center_axis',(0.,1.,0.));
#6999=DIRECTION('ref_axis',(0.,0.,-1.));
#7000=DIRECTION('center_axis',(0.,-1.,0.));
#7001=DIRECTION('ref_axis',(1.,0.,0.));
#7002=DIRECTION('center_axis',(0.,-1.,0.));
#7003=DIRECTION('ref_axis',(1.,0.,0.));
#7004=DIRECTION('center_axis',(-1.,0.,0.));
#7005=DIRECTION('ref_axis',(0.,1.,0.));
#7006=DIRECTION('',(0.,0.,-1.));
#7007=DIRECTION('',(0.,0.,-1.));
#7008=DIRECTION('',(0.,0.,1.));
#7009=DIRECTION('',(0.,0.,1.));
#7010=DIRECTION('center_axis',(0.,-1.,0.));
#7011=DIRECTION('ref_axis',(1.,0.,0.));
#7012=DIRECTION('',(0.,0.,-1.));
#7013=DIRECTION('center_axis',(0.,-1.,0.));
#7014=DIRECTION('ref_axis',(1.,0.,0.));
#7015=DIRECTION('',(0.,0.,1.));
#7016=DIRECTION('center_axis',(1.,0.,0.));
#7017=DIRECTION('ref_axis',(0.,-1.,0.));
#7018=DIRECTION('',(0.,0.,-1.));
#7019=DIRECTION('',(0.,0.,-1.));
#7020=DIRECTION('center_axis',(0.,1.,0.));
#7021=DIRECTION('ref_axis',(1.,0.,0.));
#7022=DIRECTION('center_axis',(0.,-1.,0.));
#7023=DIRECTION('ref_axis',(-1.,0.,0.));
#7024=DIRECTION('center_axis',(1.,0.,0.));
#7025=DIRECTION('ref_axis',(0.,-1.,0.));
#7026=DIRECTION('',(0.,0.,-1.));
#7027=DIRECTION('',(0.,0.,-1.));
#7028=DIRECTION('center_axis',(0.,1.,0.));
#7029=DIRECTION('ref_axis',(1.,0.,0.));
#7030=DIRECTION('',(0.,0.,-1.));
#7031=DIRECTION('center_axis',(-1.,0.,0.));
#7032=DIRECTION('ref_axis',(0.,1.,0.));
#7033=DIRECTION('',(0.,0.,-1.));
#7034=DIRECTION('center_axis',(0.,-1.,0.));
#7035=DIRECTION('ref_axis',(-1.,0.,0.));
#7036=DIRECTION('center_axis',(0.,1.,0.));
#7037=DIRECTION('ref_axis',(-0.707106781186547,0.,0.707106781186547));
#7038=DIRECTION('',(0.,1.,0.));
#7039=DIRECTION('center_axis',(-1.,0.,0.));
#7040=DIRECTION('ref_axis',(0.,0.,1.));
#7041=DIRECTION('',(0.,-1.,0.));
#7042=DIRECTION('center_axis',(0.,1.,0.));
#7043=DIRECTION('ref_axis',(0.707106781186547,0.,0.707106781186547));
#7044=DIRECTION('',(0.,-1.,0.));
#7045=DIRECTION('center_axis',(0.,1.,0.));
#7046=DIRECTION('ref_axis',(-0.707106781186547,0.,-0.707106781186547));
#7047=DIRECTION('center_axis',(0.,1.,0.));
#7048=DIRECTION('ref_axis',(0.707106781186547,0.,-0.707106781186547));
#7049=DIRECTION('',(0.,1.,0.));
#7050=DIRECTION('center_axis',(1.,0.,0.));
#7051=DIRECTION('ref_axis',(0.,0.,-1.));
#7052=DIRECTION('center_axis',(0.991227900682635,0.,0.132163720091018));
#7053=DIRECTION('ref_axis',(0.132163720091018,0.,-0.991227900682635));
#7054=DIRECTION('center_axis',(-0.991227900682635,-3.30351681197364E-16,
0.132163720091018));
#7055=DIRECTION('ref_axis',(0.132163720091018,0.,0.991227900682635));
#7056=DIRECTION('',(0.132163720091018,4.89104034193391E-18,0.991227900682635));
#7057=DIRECTION('center_axis',(-1.,-3.33275204390291E-16,0.));
#7058=DIRECTION('ref_axis',(3.33275204390291E-16,-1.,0.));
#7059=DIRECTION('',(0.,0.,1.));
#7060=DIRECTION('center_axis',(1.,0.,0.));
#7061=DIRECTION('ref_axis',(0.,1.,0.));
#7062=DIRECTION('',(0.,0.,1.));
#7063=DIRECTION('center_axis',(-1.,0.,0.));
#7064=DIRECTION('ref_axis',(0.,-1.,0.));
#7065=DIRECTION('center_axis',(0.,0.,1.));
#7066=DIRECTION('ref_axis',(1.,0.,0.));
#7067=DIRECTION('center_axis',(-1.,0.,0.));
#7068=DIRECTION('ref_axis',(0.,0.,1.));
#7069=DIRECTION('center_axis',(1.,0.,0.));
#7070=DIRECTION('ref_axis',(0.,1.,0.));
#7071=DIRECTION('center_axis',(0.,-1.,1.22464679914735E-16));
#7072=DIRECTION('ref_axis',(0.,-1.22464679914735E-16,-1.));
#7073=DIRECTION('center_axis',(1.,0.,0.));
#7074=DIRECTION('ref_axis',(0.,0.,-1.));
#7075=DIRECTION('center_axis',(-1.,0.,0.));
#7076=DIRECTION('ref_axis',(0.,-1.,0.));
#7077=DIRECTION('center_axis',(0.,-1.,-1.22464679914735E-16));
#7078=DIRECTION('ref_axis',(0.,-1.22464679914735E-16,1.));
#7079=DIRECTION('center_axis',(-1.,0.,0.));
#7080=DIRECTION('ref_axis',(0.,-1.,0.));
#7081=DIRECTION('center_axis',(1.,0.,0.));
#7082=DIRECTION('ref_axis',(0.,-1.,0.));
#7083=DIRECTION('center_axis',(-1.,0.,0.));
#7084=DIRECTION('ref_axis',(0.,1.,0.));
#7085=DIRECTION('center_axis',(-1.,0.,0.));
#7086=DIRECTION('ref_axis',(0.,-1.,0.));
#7087=DIRECTION('center_axis',(1.,0.,0.));
#7088=DIRECTION('ref_axis',(0.,-1.,0.));
#7089=DIRECTION('',(1.,0.,0.));
#7090=DIRECTION('center_axis',(-1.,0.,0.));
#7091=DIRECTION('ref_axis',(0.,-1.,0.));
#7092=DIRECTION('center_axis',(1.,0.,0.));
#7093=DIRECTION('ref_axis',(0.,1.,0.));
#7094=DIRECTION('center_axis',(-1.,0.,0.));
#7095=DIRECTION('ref_axis',(0.,1.,0.));
#7096=DIRECTION('',(-1.,0.,0.));
#7097=DIRECTION('center_axis',(1.,0.,0.));
#7098=DIRECTION('ref_axis',(0.,1.,0.));
#7099=DIRECTION('center_axis',(1.,0.,0.));
#7100=DIRECTION('ref_axis',(0.,1.,0.));
#7101=DIRECTION('center_axis',(1.,0.,0.));
#7102=DIRECTION('ref_axis',(0.,1.,0.));
#7103=DIRECTION('',(1.,0.,0.));
#7104=DIRECTION('center_axis',(-1.,0.,0.));
#7105=DIRECTION('ref_axis',(0.,1.,0.));
#7106=DIRECTION('center_axis',(1.,0.,0.));
#7107=DIRECTION('ref_axis',(0.,1.,0.));
#7108=DIRECTION('center_axis',(1.,0.,0.));
#7109=DIRECTION('ref_axis',(0.,1.,0.));
#7110=DIRECTION('',(1.,0.,0.));
#7111=DIRECTION('center_axis',(-1.,0.,0.));
#7112=DIRECTION('ref_axis',(0.,1.,0.));
#7113=DIRECTION('center_axis',(0.,0.,-1.));
#7114=DIRECTION('ref_axis',(-1.,0.,0.));
#7115=DIRECTION('',(1.,0.,0.));
#7116=DIRECTION('',(0.,1.,0.));
#7117=DIRECTION('',(-1.,-2.77555756156289E-16,0.));
#7118=DIRECTION('',(0.,-1.,0.));
#7119=DIRECTION('center_axis',(0.,0.,1.));
#7120=DIRECTION('ref_axis',(1.,0.,0.));
#7121=DIRECTION('',(1.,2.77555756156289E-16,0.));
#7122=DIRECTION('',(0.,-1.,0.));
#7123=DIRECTION('',(-1.,0.,0.));
#7124=DIRECTION('',(0.,1.,0.));
#7125=DIRECTION('center_axis',(0.,0.,-1.));
#7126=DIRECTION('ref_axis',(-1.,0.,0.));
#7127=DIRECTION('',(-1.,1.38777878078145E-16,0.));
#7128=DIRECTION('',(0.,-1.,0.));
#7129=DIRECTION('',(1.,1.38777878078145E-16,0.));
#7130=DIRECTION('',(0.,1.,0.));
#7131=DIRECTION('center_axis',(0.,0.,1.));
#7132=DIRECTION('ref_axis',(1.,0.,0.));
#7133=DIRECTION('',(-1.,-1.38777878078145E-16,0.));
#7134=DIRECTION('',(0.,1.,0.));
#7135=DIRECTION('',(1.,-1.38777878078145E-16,0.));
#7136=DIRECTION('',(0.,-1.,0.));
#7137=DIRECTION('center_axis',(0.,0.,1.));
#7138=DIRECTION('ref_axis',(1.,0.,0.));
#7139=DIRECTION('',(0.,1.,0.));
#7140=DIRECTION('',(1.,8.3790416952842E-16,0.));
#7141=DIRECTION('',(0.,-1.,0.));
#7142=DIRECTION('',(-1.,5.86532918669894E-16,0.));
#7143=DIRECTION('center_axis',(0.,0.,1.));
#7144=DIRECTION('ref_axis',(1.,0.,0.));
#7145=DIRECTION('',(0.,-1.,0.));
#7146=DIRECTION('',(-1.,5.86532918669894E-16,0.));
#7147=DIRECTION('',(0.,-1.,0.));
#7148=DIRECTION('',(1.,8.3790416952842E-16,0.));
#7149=DIRECTION('center_axis',(0.,0.,1.));
#7150=DIRECTION('ref_axis',(1.,0.,0.));
#7151=DIRECTION('',(0.,-1.,0.));
#7152=DIRECTION('',(-1.,-7.96008961051999E-16,0.));
#7153=DIRECTION('',(0.,1.,0.));
#7154=DIRECTION('',(1.,-6.28428127146315E-16,0.));
#7155=DIRECTION('center_axis',(0.,0.,1.));
#7156=DIRECTION('ref_axis',(1.,0.,0.));
#7157=DIRECTION('',(0.,1.,0.));
#7158=DIRECTION('',(1.,-6.28428127146315E-16,0.));
#7159=DIRECTION('',(0.,1.,0.));
#7160=DIRECTION('',(-1.,-7.96008961051999E-16,0.));
#7161=DIRECTION('center_axis',(0.,0.,1.));
#7162=DIRECTION('ref_axis',(1.,0.,0.));
#7163=DIRECTION('',(0.,1.,0.));
#7164=DIRECTION('',(1.,-6.28428127146315E-16,0.));
#7165=DIRECTION('',(0.,-1.,0.));
#7166=DIRECTION('',(1.,7.96008961051999E-16,0.));
#7167=DIRECTION('center_axis',(0.,0.,1.));
#7168=DIRECTION('ref_axis',(1.,0.,0.));
#7169=DIRECTION('',(0.,-1.,0.));
#7170=DIRECTION('',(-1.,5.86532918669894E-16,0.));
#7171=DIRECTION('',(0.,1.,0.));
#7172=DIRECTION('',(-1.,-8.3790416952842E-16,0.));
#7173=DIRECTION('center_axis',(-5.86532918669894E-16,-1.,0.));
#7174=DIRECTION('ref_axis',(1.,-5.86532918669894E-16,0.));
#7175=DIRECTION('',(0.,0.,1.));
#7176=DIRECTION('',(-1.,5.86532918669894E-16,0.));
#7177=DIRECTION('',(0.,0.,-1.));
#7178=DIRECTION('center_axis',(-8.3790416952842E-16,1.,0.));
#7179=DIRECTION('ref_axis',(-1.,-8.3790416952842E-16,0.));
#7180=DIRECTION('',(0.,0.,1.));
#7181=DIRECTION('',(-1.,-8.3790416952842E-16,0.));
#7182=DIRECTION('',(0.,0.,1.));
#7183=DIRECTION('center_axis',(-1.,0.,0.));
#7184=DIRECTION('ref_axis',(0.,-1.,0.));
#7185=DIRECTION('',(0.,0.,-1.));
#7186=DIRECTION('',(0.,0.,1.));
#7187=DIRECTION('',(0.,1.,0.));
#7188=DIRECTION('center_axis',(-2.77555756156289E-16,1.,0.));
#7189=DIRECTION('ref_axis',(-1.,-2.77555756156289E-16,0.));
#7190=DIRECTION('',(0.,0.,1.));
#7191=DIRECTION('center_axis',(1.,0.,0.));
#7192=DIRECTION('ref_axis',(0.,1.,0.));
#7193=DIRECTION('',(0.,0.,1.));
#7194=DIRECTION('',(0.,0.,1.));
#7195=DIRECTION('',(0.,0.,1.));
#7196=DIRECTION('center_axis',(-8.3790416952842E-16,1.,0.));
#7197=DIRECTION('ref_axis',(-1.,-8.3790416952842E-16,0.));
#7198=DIRECTION('',(0.,0.,1.));
#7199=DIRECTION('center_axis',(1.,0.,0.));
#7200=DIRECTION('ref_axis',(0.,1.,0.));
#7201=DIRECTION('',(0.,0.,1.));
#7202=DIRECTION('center_axis',(-5.86532918669894E-16,-1.,0.));
#7203=DIRECTION('ref_axis',(1.,-5.86532918669894E-16,0.));
#7204=DIRECTION('center_axis',(0.,-1.,0.));
#7205=DIRECTION('ref_axis',(1.,0.,0.));
#7206=DIRECTION('center_axis',(1.38777878078145E-16,1.,0.));
#7207=DIRECTION('ref_axis',(-1.,1.38777878078145E-16,0.));
#7208=DIRECTION('',(0.,0.,1.));
#7209=DIRECTION('',(0.,0.,1.));
#7210=DIRECTION('center_axis',(6.28428127146315E-16,1.,0.));
#7211=DIRECTION('ref_axis',(-1.,6.28428127146315E-16,0.));
#7212=DIRECTION('',(0.,0.,1.));
#7213=DIRECTION('',(1.,-6.28428127146315E-16,0.));
#7214=DIRECTION('',(0.,0.,-1.));
#7215=DIRECTION('center_axis',(7.96008961051999E-16,-1.,0.));
#7216=DIRECTION('ref_axis',(1.,7.96008961051999E-16,0.));
#7217=DIRECTION('',(0.,0.,1.));
#7218=DIRECTION('',(1.,7.96008961051999E-16,0.));
#7219=DIRECTION('',(0.,0.,1.));
#7220=DIRECTION('center_axis',(1.,0.,0.));
#7221=DIRECTION('ref_axis',(0.,1.,0.));
#7222=DIRECTION('',(0.,0.,1.));
#7223=DIRECTION('',(0.,-1.,0.));
#7224=DIRECTION('center_axis',(1.38777878078145E-16,-1.,0.));
#7225=DIRECTION('ref_axis',(1.,1.38777878078145E-16,0.));
#7226=DIRECTION('',(0.,0.,1.));
#7227=DIRECTION('center_axis',(-1.,0.,0.));
#7228=DIRECTION('ref_axis',(0.,-1.,0.));
#7229=DIRECTION('',(0.,0.,1.));
#7230=DIRECTION('',(0.,0.,1.));
#7231=DIRECTION('center_axis',(7.96008961051999E-16,-1.,0.));
#7232=DIRECTION('ref_axis',(1.,7.96008961051999E-16,0.));
#7233=DIRECTION('',(0.,0.,1.));
#7234=DIRECTION('center_axis',(-1.,0.,0.));
#7235=DIRECTION('ref_axis',(0.,-1.,0.));
#7236=DIRECTION('',(0.,0.,1.));
#7237=DIRECTION('center_axis',(6.28428127146315E-16,1.,0.));
#7238=DIRECTION('ref_axis',(-1.,6.28428127146315E-16,0.));
#7239=DIRECTION('center_axis',(-1.,0.,0.));
#7240=DIRECTION('ref_axis',(0.,-1.,0.));
#7241=DIRECTION('',(0.,1.,0.));
#7242=DIRECTION('',(0.,0.,1.));
#7243=DIRECTION('',(0.,1.,0.));
#7244=DIRECTION('center_axis',(1.,0.,0.));
#7245=DIRECTION('ref_axis',(0.,1.,0.));
#7246=DIRECTION('',(0.,-1.,0.));
#7247=DIRECTION('',(0.,-1.,0.));
#7248=DIRECTION('center_axis',(3.70074354638746E-17,-1.,0.));
#7249=DIRECTION('ref_axis',(-1.,-3.70074354638746E-17,0.));
#7250=DIRECTION('',(-1.,-3.70074354638746E-17,0.));
#7251=DIRECTION('center_axis',(1.48029736616688E-16,-1.,0.));
#7252=DIRECTION('ref_axis',(0.707106781186548,0.,-0.707106781186547));
#7253=DIRECTION('center_axis',(4.29763751467803E-16,1.,0.));
#7254=DIRECTION('ref_axis',(0.707106781186548,0.,-0.707106781186547));
#7255=DIRECTION('',(-1.48029736616688E-16,1.,0.));
#7256=DIRECTION('center_axis',(0.,-1.,0.));
#7257=DIRECTION('ref_axis',(0.707106781186548,0.,-0.707106781186547));
#7258=DIRECTION('',(1.48029736616688E-16,-1.,0.));
#7259=DIRECTION('center_axis',(4.29763751467803E-16,1.,0.));
#7260=DIRECTION('ref_axis',(-1.,4.29763751467803E-16,0.));
#7261=DIRECTION('',(-1.,4.29763751467803E-16,0.));
#7262=DIRECTION('center_axis',(4.29763751467803E-16,1.,0.));
#7263=DIRECTION('ref_axis',(-0.707106781186548,0.,-0.707106781186547));
#7264=DIRECTION('',(0.,0.,-1.));
#7265=DIRECTION('',(1.,-4.29763751467803E-16,0.));
#7266=DIRECTION('',(0.,0.,-1.));
#7267=DIRECTION('center_axis',(0.,0.,1.));
#7268=DIRECTION('ref_axis',(1.,0.,0.));
#7269=DIRECTION('',(1.,0.,0.));
#7270=DIRECTION('',(0.,1.,0.));
#7271=DIRECTION('center_axis',(0.,1.,0.));
#7272=DIRECTION('ref_axis',(-0.707106781186548,0.,-0.707106781186547));
#7273=DIRECTION('center_axis',(0.,-1.,0.));
#7274=DIRECTION('ref_axis',(-0.707106781186548,0.,-0.707106781186547));
#7275=DIRECTION('',(0.,-1.,0.));
#7276=DIRECTION('center_axis',(0.,-1.,0.));
#7277=DIRECTION('ref_axis',(1.,0.,0.));
#7278=DIRECTION('',(0.,0.,-1.));
#7279=DIRECTION('',(-1.,0.,0.));
#7280=DIRECTION('',(0.,0.,1.));
#7281=DIRECTION('center_axis',(0.,0.,1.));
#7282=DIRECTION('ref_axis',(1.,0.,0.));
#7283=DIRECTION('',(1.48029736616688E-16,-1.,0.));
#7284=DIRECTION('',(1.,0.,0.));
#7285=DIRECTION('',(0.,1.,0.));
#7286=DIRECTION('center_axis',(-1.,-1.48029736616688E-16,0.));
#7287=DIRECTION('ref_axis',(1.48029736616688E-16,-1.,0.));
#7288=DIRECTION('',(-1.48029736616688E-16,1.,0.));
#7289=DIRECTION('',(0.,0.,1.));
#7290=DIRECTION('center_axis',(1.,0.,0.));
#7291=DIRECTION('ref_axis',(0.,1.,0.));
#7292=DIRECTION('',(0.,0.,1.));
#7293=DIRECTION('',(0.,-1.,0.));
#7294=DIRECTION('center_axis',(0.,1.,0.));
#7295=DIRECTION('ref_axis',(-1.,0.,0.));
#7296=DIRECTION('',(1.,0.,0.));
#7297=DIRECTION('',(1.,0.,0.));
#7298=DIRECTION('center_axis',(0.,-1.,0.));
#7299=DIRECTION('ref_axis',(1.,0.,0.));
#7300=DIRECTION('',(-1.,0.,0.));
#7301=DIRECTION('center_axis',(0.,0.,1.));
#7302=DIRECTION('ref_axis',(1.,0.,0.));
#7303=DIRECTION('center_axis',(0.,0.,1.));
#7304=DIRECTION('ref_axis',(1.,0.,0.));
#7305=DIRECTION('center_axis',(1.,0.,0.));
#7306=DIRECTION('ref_axis',(0.,-1.,0.));
#7307=DIRECTION('center_axis',(-1.,0.,0.));
#7308=DIRECTION('ref_axis',(0.,-0.998758526924799,-0.0498137018801593));
#7309=DIRECTION('center_axis',(1.,0.,0.));
#7310=DIRECTION('ref_axis',(0.,-0.998758526924799,-0.0498137018801593));
#7311=DIRECTION('',(1.,0.,0.));
#7312=DIRECTION('center_axis',(-1.,0.,0.));
#7313=DIRECTION('ref_axis',(0.,-0.998758526924799,-0.0498137018801593));
#7314=DIRECTION('',(-1.,0.,0.));
#7315=DIRECTION('center_axis',(1.,0.,0.));
#7316=DIRECTION('ref_axis',(0.,-1.,0.));
#7317=DIRECTION('',(0.,-0.0995037190209986,0.995037190209989));
#7318=DIRECTION('',(0.,-1.,0.));
#7319=DIRECTION('',(0.,0.,-1.));
#7320=DIRECTION('center_axis',(1.,0.,0.));
#7321=DIRECTION('ref_axis',(0.,-0.707106781186547,0.707106781186547));
#7322=DIRECTION('',(0.,1.,0.));
#7323=DIRECTION('',(0.,0.,-1.));
#7324=DIRECTION('center_axis',(0.,-0.995037190209989,-0.0995037190209986));
#7325=DIRECTION('ref_axis',(0.,0.0995037190209986,-0.995037190209989));
#7326=DIRECTION('',(0.,0.0995037190209986,-0.995037190209989));
#7327=DIRECTION('',(1.,0.,0.));
#7328=DIRECTION('center_axis',(1.,0.,0.));
#7329=DIRECTION('ref_axis',(0.,0.998758526924799,-0.0498137018801599));
#7330=DIRECTION('center_axis',(1.,-1.77635683940025E-15,0.));
#7331=DIRECTION('ref_axis',(0.,0.998758526924799,-0.0498137018801599));
#7332=DIRECTION('',(1.,0.,0.));
#7333=DIRECTION('center_axis',(-1.,0.,0.));
#7334=DIRECTION('ref_axis',(0.,1.,0.));
#7335=DIRECTION('',(-1.,0.,0.));
#7336=DIRECTION('center_axis',(0.,0.,-1.));
#7337=DIRECTION('ref_axis',(0.707106781186547,0.707106781186547,0.));
#7338=DIRECTION('center_axis',(0.,1.,0.));
#7339=DIRECTION('ref_axis',(1.,0.,0.));
#7340=DIRECTION('center_axis',(0.,0.,1.));
#7341=DIRECTION('ref_axis',(0.707106781186548,0.707106781186548,0.));
#7342=DIRECTION('center_axis',(0.,-1.,0.));
#7343=DIRECTION('ref_axis',(0.998758526924799,0.,-0.0498137018801593));
#7344=DIRECTION('center_axis',(4.35207425653061E-14,1.,0.));
#7345=DIRECTION('ref_axis',(0.998758526924799,0.,-0.0498137018801593));
#7346=DIRECTION('',(0.,1.,0.));
#7347=DIRECTION('',(0.,-1.,0.));
#7348=DIRECTION('center_axis',(-4.35207425653061E-14,-1.,0.));
#7349=DIRECTION('ref_axis',(-1.,4.35207425653061E-14,0.));
#7350=DIRECTION('',(0.,0.,-1.));
#7351=DIRECTION('',(1.,-4.35207425653061E-14,0.));
#7352=DIRECTION('center_axis',(-4.35207425653061E-14,-1.,0.));
#7353=DIRECTION('ref_axis',(0.707106781186547,0.,0.707106781186547));
#7354=DIRECTION('',(0.,0.,-1.));
#7355=DIRECTION('',(-1.,4.35207425653061E-14,0.));
#7356=DIRECTION('',(-0.0995037190209986,4.33047573980343E-15,-0.995037190209989));
#7357=DIRECTION('center_axis',(1.,0.,0.));
#7358=DIRECTION('ref_axis',(0.,-1.,0.));
#7359=DIRECTION('',(0.,0.,-1.));
#7360=DIRECTION('',(0.,1.,0.));
#7361=DIRECTION('center_axis',(0.,0.,-1.));
#7362=DIRECTION('ref_axis',(0.707106781186547,0.707106781186547,0.));
#7363=DIRECTION('',(0.,0.,1.));
#7364=DIRECTION('center_axis',(0.,0.,1.));
#7365=DIRECTION('ref_axis',(0.707106781186547,0.707106781186547,0.));
#7366=DIRECTION('center_axis',(0.,1.,0.));
#7367=DIRECTION('ref_axis',(1.,0.,0.));
#7368=DIRECTION('',(0.,0.,-1.));
#7369=DIRECTION('',(-1.,0.,0.));
#7370=DIRECTION('center_axis',(-9.60192886162298E-17,1.,0.));
#7371=DIRECTION('ref_axis',(-0.998758526924799,-1.34739763622048E-16,-0.0498137018801599));
#7372=DIRECTION('center_axis',(4.35207425653061E-14,1.,0.));
#7373=DIRECTION('ref_axis',(-0.998758526924799,-1.34739763622048E-16,-0.0498137018801599));
#7374=DIRECTION('',(-9.60192886162298E-17,1.,0.));
#7375=DIRECTION('center_axis',(0.,-1.,0.));
#7376=DIRECTION('ref_axis',(-1.,0.,0.));
#7377=DIRECTION('',(9.60192886162298E-17,-1.,0.));
#7378=DIRECTION('center_axis',(0.,0.,-1.));
#7379=DIRECTION('ref_axis',(-0.707106781186547,0.707106781186547,0.));
#7380=DIRECTION('center_axis',(-1.,0.,0.));
#7381=DIRECTION('ref_axis',(0.,1.,0.));
#7382=DIRECTION('center_axis',(0.,0.,1.));
#7383=DIRECTION('ref_axis',(-0.707106781186548,0.707106781186548,0.));
#7384=DIRECTION('center_axis',(1.,0.,0.));
#7385=DIRECTION('ref_axis',(0.,0.998758526924799,-0.0498137018801599));
#7386=DIRECTION('center_axis',(-1.,1.77635683940025E-15,0.));
#7387=DIRECTION('ref_axis',(0.,0.998758526924799,-0.0498137018801599));
#7388=DIRECTION('',(-1.,0.,0.));
#7389=DIRECTION('',(1.,0.,0.));
#7390=DIRECTION('center_axis',(1.,-1.77635683940025E-15,0.));
#7391=DIRECTION('ref_axis',(-1.77635683940025E-15,-1.,0.));
#7392=DIRECTION('',(0.,0.,-1.));
#7393=DIRECTION('',(1.77635683940025E-15,1.,0.));
#7394=DIRECTION('center_axis',(1.,-1.77635683940025E-15,0.));
#7395=DIRECTION('ref_axis',(0.,0.707106781186547,0.707106781186547));
#7396=DIRECTION('',(0.,0.,-1.));
#7397=DIRECTION('',(-1.77635683940025E-15,-1.,0.));
#7398=DIRECTION('',(-1.76754111828712E-16,-0.0995037190209986,-0.995037190209989));
#7399=DIRECTION('center_axis',(0.,1.,0.));
#7400=DIRECTION('ref_axis',(1.,0.,0.));
#7401=DIRECTION('',(0.,0.,-1.));
#7402=DIRECTION('',(-1.,0.,0.));
#7403=DIRECTION('center_axis',(0.,0.,-1.));
#7404=DIRECTION('ref_axis',(-0.707106781186547,0.707106781186547,0.));
#7405=DIRECTION('',(0.,0.,1.));
#7406=DIRECTION('center_axis',(0.,0.,1.));
#7407=DIRECTION('ref_axis',(-0.707106781186547,0.707106781186547,0.));
#7408=DIRECTION('center_axis',(-1.,-9.60192886162298E-17,0.));
#7409=DIRECTION('ref_axis',(-9.60192886162298E-17,1.,0.));
#7410=DIRECTION('',(0.,0.,-1.));
#7411=DIRECTION('',(9.60192886162298E-17,-1.,0.));
#7412=DIRECTION('center_axis',(-1.,0.,0.));
#7413=DIRECTION('ref_axis',(0.,1.,0.));
#7414=DIRECTION('',(0.,0.,-1.));
#7415=DIRECTION('',(0.,-1.,0.));
#7416=DIRECTION('center_axis',(-1.,0.,0.));
#7417=DIRECTION('ref_axis',(0.,-0.707106781186547,0.707106781186547));
#7418=DIRECTION('',(0.,0.,-1.));
#7419=DIRECTION('',(0.,1.,0.));
#7420=DIRECTION('center_axis',(0.,-1.,0.));
#7421=DIRECTION('ref_axis',(-1.,0.,0.));
#7422=DIRECTION('',(1.,0.,0.));
#7423=DIRECTION('center_axis',(0.,0.995037190209989,-0.0995037190209986));
#7424=DIRECTION('ref_axis',(0.,0.0995037190209986,0.995037190209989));
#7425=DIRECTION('',(0.,-0.0995037190209986,-0.995037190209989));
#7426=DIRECTION('',(-1.,0.,0.));
#7427=DIRECTION('',(1.76754111828712E-16,0.0995037190209986,0.995037190209989));
#7428=DIRECTION('center_axis',(0.,0.,1.));
#7429=DIRECTION('ref_axis',(0.707106781186548,0.707106781186548,0.));
#7430=DIRECTION('',(-0.0995037190210003,0.,-0.995037190209989));
#7431=DIRECTION('center_axis',(0.,0.,1.));
#7432=DIRECTION('ref_axis',(0.707106781186548,0.707106781186548,0.));
#7433=DIRECTION('center_axis',(0.995037190209989,0.,-0.0995037190209986));
#7434=DIRECTION('ref_axis',(-0.0995037190209986,0.,-0.995037190209989));
#7435=DIRECTION('',(0.,1.,0.));
#7436=DIRECTION('center_axis',(0.,0.995037190209989,-0.0995037190209986));
#7437=DIRECTION('ref_axis',(0.,0.0995037190209986,0.995037190209989));
#7438=DIRECTION('',(-1.,0.,0.));
#7439=DIRECTION('',(0.,0.0995037190209986,0.995037190209989));
#7440=DIRECTION('center_axis',(0.,0.,1.));
#7441=DIRECTION('ref_axis',(-0.707106781186548,0.707106781186548,0.));
#7442=DIRECTION('center_axis',(0.,0.,1.));
#7443=DIRECTION('ref_axis',(-0.707106781186548,0.707106781186548,0.));
#7444=DIRECTION('',(-0.0995037190210003,0.,0.995037190209989));
#7445=DIRECTION('center_axis',(-0.995037190209989,-9.55427631506553E-17,
-0.0995037190209986));
#7446=DIRECTION('ref_axis',(-0.0995037190209986,0.,0.995037190209989));
#7447=DIRECTION('',(9.60192886162298E-17,-1.,0.));
#7448=DIRECTION('',(-0.0995037190209986,4.33047573980343E-15,0.995037190209989));
#7449=DIRECTION('center_axis',(0.,0.,-1.));
#7450=DIRECTION('ref_axis',(-1.,0.,0.));
#7451=DIRECTION('',(-1.,0.,0.));
#7452=DIRECTION('center_axis',(0.,0.,-1.));
#7453=DIRECTION('ref_axis',(-0.707106781186547,0.707106781186547,0.));
#7454=DIRECTION('',(3.27140314424443E-16,-1.,0.));
#7455=DIRECTION('',(-1.,4.35207425653061E-14,0.));
#7456=DIRECTION('center_axis',(-1.,0.,0.));
#7457=DIRECTION('ref_axis',(0.,-1.,0.));
#7458=DIRECTION('',(0.,1.,0.));
#7459=DIRECTION('',(0.,0.,1.));
#7460=DIRECTION('',(0.,-1.,0.));
#7461=DIRECTION('',(0.,0.,1.));
#7462=DIRECTION('center_axis',(0.,-1.,0.));
#7463=DIRECTION('ref_axis',(1.,0.,0.));
#7464=DIRECTION('',(-1.,0.,0.));
#7465=DIRECTION('',(1.,0.,0.));
#7466=DIRECTION('',(0.,0.,1.));
#7467=DIRECTION('center_axis',(1.,0.,0.));
#7468=DIRECTION('ref_axis',(0.,1.,0.));
#7469=DIRECTION('',(0.,-1.,0.));
#7470=DIRECTION('',(0.,1.,0.));
#7471=DIRECTION('',(0.,0.,1.));
#7472=DIRECTION('center_axis',(0.,0.,1.));
#7473=DIRECTION('ref_axis',(-1.,0.,0.));
#7474=DIRECTION('center_axis',(0.,0.,1.));
#7475=DIRECTION('ref_axis',(-1.,0.,0.));
#7476=DIRECTION('center_axis',(0.,0.,-1.));
#7477=DIRECTION('ref_axis',(-1.,0.,0.));
#7478=DIRECTION('',(0.,0.,1.));
#7479=DIRECTION('center_axis',(0.,1.,0.));
#7480=DIRECTION('ref_axis',(-1.,0.,0.));
#7481=DIRECTION('',(1.,0.,0.));
#7482=DIRECTION('',(-1.,0.,0.));
#7483=DIRECTION('',(0.,0.,1.));
#7484=DIRECTION('center_axis',(0.,0.,1.));
#7485=DIRECTION('ref_axis',(0.,-1.,0.));
#7486=DIRECTION('center_axis',(0.,0.,1.));
#7487=DIRECTION('ref_axis',(0.,-1.,0.));
#7488=DIRECTION('center_axis',(0.,0.,-1.));
#7489=DIRECTION('ref_axis',(0.,-1.,0.));
#7490=DIRECTION('center_axis',(0.,0.,1.));
#7491=DIRECTION('ref_axis',(-1.,0.,0.));
#7492=DIRECTION('',(-1.,0.,0.));
#7493=DIRECTION('',(0.,-1.,0.));
#7494=DIRECTION('center_axis',(0.,0.,1.));
#7495=DIRECTION('ref_axis',(-1.,0.,0.));
#7496=DIRECTION('',(1.,0.,0.));
#7497=DIRECTION('center_axis',(0.,0.,1.));
#7498=DIRECTION('ref_axis',(0.,-1.,0.));
#7499=DIRECTION('',(0.,1.,0.));
#7500=DIRECTION('center_axis',(0.,0.,-1.));
#7501=DIRECTION('ref_axis',(0.707106781186547,0.707106781186547,0.));
#7502=DIRECTION('center_axis',(0.,0.,1.));
#7503=DIRECTION('ref_axis',(1.,0.,0.));
#7504=DIRECTION('',(0.,0.,-1.));
#7505=DIRECTION('center_axis',(0.,0.,-1.));
#7506=DIRECTION('ref_axis',(0.707106781186547,0.707106781186547,0.));
#7507=DIRECTION('',(0.,0.,1.));
#7508=DIRECTION('center_axis',(0.408248290463864,-0.816496580927727,0.408248290463861));
#7509=DIRECTION('ref_axis',(0.577350269189625,0.577350269189625,0.577350269189628));
#7510=DIRECTION('center_axis',(0.,-1.,0.));
#7511=DIRECTION('ref_axis',(0.707106781186547,0.,0.707106781186547));
#7512=DIRECTION('center_axis',(-1.,0.,0.));
#7513=DIRECTION('ref_axis',(0.,0.707106781186547,0.707106781186547));
#7514=DIRECTION('center_axis',(-1.,0.,0.));
#7515=DIRECTION('ref_axis',(0.,1.,0.));
#7516=DIRECTION('',(0.,1.,0.));
#7517=DIRECTION('',(0.,-1.,0.));
#7518=DIRECTION('center_axis',(0.,0.,-1.));
#7519=DIRECTION('ref_axis',(-0.707106781186547,0.707106781186547,0.));
#7520=DIRECTION('center_axis',(0.,0.,1.));
#7521=DIRECTION('ref_axis',(0.,1.,0.));
#7522=DIRECTION('',(0.,0.,-1.));
#7523=DIRECTION('',(0.,0.,1.));
#7524=DIRECTION('center_axis',(-0.408248290463864,-0.816496580927727,0.408248290463861));
#7525=DIRECTION('ref_axis',(-0.577350269189625,0.577350269189625,0.577350269189628));
#7526=DIRECTION('center_axis',(1.,0.,0.));
#7527=DIRECTION('ref_axis',(0.,0.707106781186547,0.707106781186547));
#7528=DIRECTION('center_axis',(3.27140314424443E-16,-1.,0.));
#7529=DIRECTION('ref_axis',(-0.707106781186547,0.,0.707106781186547));
#7530=DIRECTION('center_axis',(0.,-1.,0.));
#7531=DIRECTION('ref_axis',(-1.,0.,0.));
#7532=DIRECTION('',(1.,0.,0.));
#7533=DIRECTION('center_axis',(-3.27140314424443E-16,1.,0.));
#7534=DIRECTION('ref_axis',(-0.707106781186547,0.,0.707106781186547));
#7535=DIRECTION('',(3.27140314424443E-16,-1.,0.));
#7536=DIRECTION('center_axis',(-4.35207425653061E-14,-1.,0.));
#7537=DIRECTION('ref_axis',(-0.707106781186547,0.,0.707106781186547));
#7538=DIRECTION('',(-3.27140314424443E-16,1.,0.));
#7539=DIRECTION('center_axis',(1.,0.,0.));
#7540=DIRECTION('ref_axis',(0.,0.707106781186547,0.707106781186547));
#7541=DIRECTION('',(-1.,0.,0.));
#7542=DIRECTION('center_axis',(0.,0.,1.));
#7543=DIRECTION('ref_axis',(1.,0.,0.));
#7544=DIRECTION('center_axis',(0.,0.,1.));
#7545=DIRECTION('ref_axis',(0.,-1.,0.));
#7546=DIRECTION('',(-1.,0.,0.));
#7547=DIRECTION('center_axis',(0.,0.,1.));
#7548=DIRECTION('ref_axis',(-1.,0.,0.));
#7549=DIRECTION('',(0.,1.,0.));
#7550=DIRECTION('',(1.,0.,0.));
#7551=DIRECTION('',(0.,-1.,0.));
#7552=DIRECTION('',(1.,0.,0.));
#7553=DIRECTION('',(1.,-4.35207425653061E-14,0.));
#7554=DIRECTION('',(-1.77635683940025E-15,-1.,0.));
#7555=DIRECTION('',(-1.,0.,0.));
#7556=DIRECTION('',(0.,1.,0.));
#7557=DIRECTION('center_axis',(1.,0.,0.));
#7558=DIRECTION('ref_axis',(0.,0.707106781186547,0.707106781186547));
#7559=DIRECTION('center_axis',(-1.,1.77635683940025E-15,0.));
#7560=DIRECTION('ref_axis',(0.,0.707106781186547,0.707106781186547));
#7561=DIRECTION('',(1.,0.,0.));
#7562=DIRECTION('center_axis',(0.,-1.,0.));
#7563=DIRECTION('ref_axis',(0.707106781186547,0.,0.707106781186547));
#7564=DIRECTION('center_axis',(-1.,0.,0.));
#7565=DIRECTION('ref_axis',(0.,-0.707106781186547,0.707106781186547));
#7566=DIRECTION('',(-1.,0.,0.));
#7567=DIRECTION('center_axis',(0.,1.,0.));
#7568=DIRECTION('ref_axis',(1.,0.,0.));
#7569=DIRECTION('',(1.,0.,0.));
#7570=DIRECTION('center_axis',(-4.35207425653061E-14,-1.,0.));
#7571=DIRECTION('ref_axis',(-1.,4.35207425653061E-14,0.));
#7572=DIRECTION('',(0.,0.,-1.));
#7573=DIRECTION('center_axis',(1.,3.27140314424443E-16,0.));
#7574=DIRECTION('ref_axis',(3.27140314424443E-16,-1.,0.));
#7575=DIRECTION('center_axis',(-1.,1.77635683940025E-15,0.));
#7576=DIRECTION('ref_axis',(1.77635683940025E-15,1.,0.));
#7577=DIRECTION('',(1.77635683940025E-15,1.,0.));
#7578=DIRECTION('',(0.,0.,-1.));
#7579=DIRECTION('center_axis',(0.,-1.,0.));
#7580=DIRECTION('ref_axis',(-1.,0.,0.));
#7581=DIRECTION('',(-1.,0.,0.));
#7582=DIRECTION('center_axis',(0.,0.,-1.));
#7583=DIRECTION('ref_axis',(-1.,0.,0.));
#7584=DIRECTION('center_axis',(0.,0.,-1.));
#7585=DIRECTION('ref_axis',(-1.,0.,0.));
#7586=DIRECTION('center_axis',(0.,-1.,0.));
#7587=DIRECTION('ref_axis',(1.,0.,0.));
#7588=DIRECTION('',(0.,0.,1.));
#7589=DIRECTION('',(0.,0.,1.));
#7590=DIRECTION('center_axis',(0.,0.,1.));
#7591=DIRECTION('ref_axis',(-1.,0.,0.));
#7592=DIRECTION('',(0.,0.,1.));
#7593=DIRECTION('center_axis',(-1.,0.,0.));
#7594=DIRECTION('ref_axis',(0.,-1.,0.));
#7595=DIRECTION('',(0.,0.,1.));
#7596=DIRECTION('center_axis',(0.,1.,0.));
#7597=DIRECTION('ref_axis',(-1.,0.,0.));
#7598=DIRECTION('',(0.,0.,1.));
#7599=DIRECTION('center_axis',(1.,0.,0.));
#7600=DIRECTION('ref_axis',(0.,1.,0.));
#7601=DIRECTION('',(0.,0.,1.));
#7602=DIRECTION('center_axis',(0.,0.,1.));
#7603=DIRECTION('ref_axis',(0.,-1.,0.));
#7604=DIRECTION('center_axis',(0.,0.,1.));
#7605=DIRECTION('ref_axis',(1.,0.,0.));
#7606=CARTESIAN_POINT('',(0.,0.,0.));
#7607=CARTESIAN_POINT('Ctrl Pts',(8.7901510047849,-50.,35.9027822142981));
#7608=CARTESIAN_POINT('Ctrl Pts',(8.7901510047849,-49.5,35.9027822142981));
#7609=CARTESIAN_POINT('Ctrl Pts',(8.57398970678912,-50.,35.6507646625468));
#7610=CARTESIAN_POINT('Ctrl Pts',(8.57398970678912,-49.5,35.6507646625468));
#7611=CARTESIAN_POINT('Ctrl Pts',(8.16206379949571,-50.,35.1705095955134));
#7612=CARTESIAN_POINT('Ctrl Pts',(8.16206379949571,-49.5,35.1705095955134));
#7613=CARTESIAN_POINT('Ctrl Pts',(7.82655303299072,-50.,34.6342147174207));
#7614=CARTESIAN_POINT('Ctrl Pts',(7.82655303299072,-49.5,34.6342147174207));
#7615=CARTESIAN_POINT('Ctrl Pts',(7.6671041297849,-50.,34.3793447142981));
#7616=CARTESIAN_POINT('Ctrl Pts',(7.6671041297849,-49.5,34.3793447142981));
#7617=CARTESIAN_POINT('',(8.7901510047849,-50.,35.9027822142981));
#7618=CARTESIAN_POINT('',(7.6671041297849,-50.,34.3793447142981));
#7619=CARTESIAN_POINT('Ctrl Pts',(8.7901510047849,-50.,35.9027822142981));
#7620=CARTESIAN_POINT('Ctrl Pts',(8.57398970678912,-50.,35.6507646625468));
#7621=CARTESIAN_POINT('Ctrl Pts',(8.16206379949571,-50.,35.1705095955134));
#7622=CARTESIAN_POINT('Ctrl Pts',(7.82655303299072,-50.,34.6342147174207));
#7623=CARTESIAN_POINT('Ctrl Pts',(7.6671041297849,-50.,34.3793447142981));
#7624=CARTESIAN_POINT('',(8.7901510047849,-49.5,35.9027822142981));
#7625=CARTESIAN_POINT('',(8.7901510047849,-50.,35.9027822142981));
#7626=CARTESIAN_POINT('',(7.6671041297849,-49.5,34.3793447142981));
#7627=CARTESIAN_POINT('Ctrl Pts',(8.7901510047849,-49.5,35.9027822142981));
#7628=CARTESIAN_POINT('Ctrl Pts',(8.57398970678912,-49.5,35.6507646625468));
#7629=CARTESIAN_POINT('Ctrl Pts',(8.16206379949571,-49.5,35.1705095955134));
#7630=CARTESIAN_POINT('Ctrl Pts',(7.82655303299072,-49.5,34.6342147174207));
#7631=CARTESIAN_POINT('Ctrl Pts',(7.6671041297849,-49.5,34.3793447142981));
#7632=CARTESIAN_POINT('',(7.6671041297849,-50.,34.3793447142981));
#7633=CARTESIAN_POINT('Ctrl Pts',(12.0811666297849,-50.,39.0668447142981));
#7634=CARTESIAN_POINT('Ctrl Pts',(12.0811666297849,-49.5,39.0668447142981));
#7635=CARTESIAN_POINT('Ctrl Pts',(11.365590425451,-50.,38.4146637337587));
#7636=CARTESIAN_POINT('Ctrl Pts',(11.365590425451,-49.5,38.4146637337587));
#7637=CARTESIAN_POINT('Ctrl Pts',(10.2403096685699,-50.,37.3890752597988));
#7638=CARTESIAN_POINT('Ctrl Pts',(10.2403096685699,-49.5,37.3890752597988));
#7639=CARTESIAN_POINT('Ctrl Pts',(9.17721438761939,-50.,36.2994902631769));
#7640=CARTESIAN_POINT('Ctrl Pts',(9.17721438761939,-49.5,36.2994902631769));
#7641=CARTESIAN_POINT('Ctrl Pts',(8.7901510047849,-50.,35.9027822142981));
#7642=CARTESIAN_POINT('Ctrl Pts',(8.7901510047849,-49.5,35.9027822142981));
#7643=CARTESIAN_POINT('',(12.0811666297849,-50.,39.0668447142981));
#7644=CARTESIAN_POINT('Ctrl Pts',(12.0811666297849,-50.,39.0668447142981));
#7645=CARTESIAN_POINT('Ctrl Pts',(11.365590425451,-50.,38.4146637337587));
#7646=CARTESIAN_POINT('Ctrl Pts',(10.2403096685699,-50.,37.3890752597988));
#7647=CARTESIAN_POINT('Ctrl Pts',(9.17721438761939,-50.,36.2994902631769));
#7648=CARTESIAN_POINT('Ctrl Pts',(8.7901510047849,-50.,35.9027822142981));
#7649=CARTESIAN_POINT('',(12.0811666297849,-49.5,39.0668447142981));
#7650=CARTESIAN_POINT('',(12.0811666297849,-50.,39.0668447142981));
#7651=CARTESIAN_POINT('Ctrl Pts',(12.0811666297849,-49.5,39.0668447142981));
#7652=CARTESIAN_POINT('Ctrl Pts',(11.365590425451,-49.5,38.4146637337587));
#7653=CARTESIAN_POINT('Ctrl Pts',(10.2403096685699,-49.5,37.3890752597988));
#7654=CARTESIAN_POINT('Ctrl Pts',(9.17721438761939,-49.5,36.2994902631769));
#7655=CARTESIAN_POINT('Ctrl Pts',(8.7901510047849,-49.5,35.9027822142981));
#7656=CARTESIAN_POINT('Ctrl Pts',(15.6749166297849,-50.,42.7191884642981));
#7657=CARTESIAN_POINT('Ctrl Pts',(15.6749166297849,-49.5,42.7191884642981));
#7658=CARTESIAN_POINT('Ctrl Pts',(15.2168130144172,-50.,42.196063816015));
#7659=CARTESIAN_POINT('Ctrl Pts',(15.2168130144172,-49.5,42.196063816015));
#7660=CARTESIAN_POINT('Ctrl Pts',(14.0901343923623,-50.,40.9094698269728));
#7661=CARTESIAN_POINT('Ctrl Pts',(14.0901343923623,-49.5,40.9094698269728));
#7662=CARTESIAN_POINT('Ctrl Pts',(12.8293314649902,-50.,39.7530614567713));
#7663=CARTESIAN_POINT('Ctrl Pts',(12.8293314649902,-49.5,39.7530614567713));
#7664=CARTESIAN_POINT('Ctrl Pts',(12.0811666297849,-50.,39.0668447142981));
#7665=CARTESIAN_POINT('Ctrl Pts',(12.0811666297849,-49.5,39.0668447142981));
#7666=CARTESIAN_POINT('',(15.6749166297849,-50.,42.7191884642981));
#7667=CARTESIAN_POINT('Ctrl Pts',(15.6749166297849,-50.,42.7191884642981));
#7668=CARTESIAN_POINT('Ctrl Pts',(15.2168130144172,-50.,42.196063816015));
#7669=CARTESIAN_POINT('Ctrl Pts',(14.0901343923623,-50.,40.9094698269728));
#7670=CARTESIAN_POINT('Ctrl Pts',(12.8293314649902,-50.,39.7530614567713));
#7671=CARTESIAN_POINT('Ctrl Pts',(12.0811666297849,-50.,39.0668447142981));
#7672=CARTESIAN_POINT('',(15.6749166297849,-49.5,42.7191884642981));
#7673=CARTESIAN_POINT('',(15.6749166297849,-50.,42.7191884642981));
#7674=CARTESIAN_POINT('Ctrl Pts',(15.6749166297849,-49.5,42.7191884642981));
#7675=CARTESIAN_POINT('Ctrl Pts',(15.2168130144172,-49.5,42.196063816015));
#7676=CARTESIAN_POINT('Ctrl Pts',(14.0901343923623,-49.5,40.9094698269728));
#7677=CARTESIAN_POINT('Ctrl Pts',(12.8293314649902,-49.5,39.7530614567713));
#7678=CARTESIAN_POINT('Ctrl Pts',(12.0811666297849,-49.5,39.0668447142981));
#7679=CARTESIAN_POINT('Ctrl Pts',(17.8721822547849,-50.,46.3812978392981));
#7680=CARTESIAN_POINT('Ctrl Pts',(17.8721822547849,-49.5,46.3812978392981));
#7681=CARTESIAN_POINT('Ctrl Pts',(17.5926868731899,-50.,45.7734003434433));
#7682=CARTESIAN_POINT('Ctrl Pts',(17.5926868731899,-49.5,45.7734003434433));
#7683=CARTESIAN_POINT('Ctrl Pts',(16.9947354731532,-50.,44.4728666578745));
#7684=CARTESIAN_POINT('Ctrl Pts',(16.9947354731532,-49.5,44.4728666578745));
#7685=CARTESIAN_POINT('Ctrl Pts',(16.133560073136,-50.,43.3286001341443));
#7686=CARTESIAN_POINT('Ctrl Pts',(16.133560073136,-49.5,43.3286001341443));
#7687=CARTESIAN_POINT('Ctrl Pts',(15.6749166297849,-50.,42.7191884642981));
#7688=CARTESIAN_POINT('Ctrl Pts',(15.6749166297849,-49.5,42.7191884642981));
#7689=CARTESIAN_POINT('',(17.8721822547849,-50.,46.3812978392981));
#7690=CARTESIAN_POINT('Ctrl Pts',(17.8721822547849,-50.,46.3812978392981));
#7691=CARTESIAN_POINT('Ctrl Pts',(17.5926868731899,-50.,45.7734003434433));
#7692=CARTESIAN_POINT('Ctrl Pts',(16.9947354731532,-50.,44.4728666578745));
#7693=CARTESIAN_POINT('Ctrl Pts',(16.133560073136,-50.,43.3286001341443));
#7694=CARTESIAN_POINT('Ctrl Pts',(15.6749166297849,-50.,42.7191884642981));
#7695=CARTESIAN_POINT('',(17.8721822547849,-49.5,46.3812978392981));
#7696=CARTESIAN_POINT('',(17.8721822547849,-50.,46.3812978392981));
#7697=CARTESIAN_POINT('Ctrl Pts',(17.8721822547849,-49.5,46.3812978392981));
#7698=CARTESIAN_POINT('Ctrl Pts',(17.5926868731899,-49.5,45.7734003434433));
#7699=CARTESIAN_POINT('Ctrl Pts',(16.9947354731532,-49.5,44.4728666578745));
#7700=CARTESIAN_POINT('Ctrl Pts',(16.133560073136,-49.5,43.3286001341443));
#7701=CARTESIAN_POINT('Ctrl Pts',(15.6749166297849,-49.5,42.7191884642981));
#7702=CARTESIAN_POINT('Ctrl Pts',(18.5655416297849,-50.,50.0629384642981));
#7703=CARTESIAN_POINT('Ctrl Pts',(18.5655416297849,-49.5,50.0629384642981));
#7704=CARTESIAN_POINT('Ctrl Pts',(18.537486144918,-50.,49.4282504701064));
#7705=CARTESIAN_POINT('Ctrl Pts',(18.537486144918,-49.5,49.4282504701064));
#7706=CARTESIAN_POINT('Ctrl Pts',(18.4817731973719,-50.,48.1678787782159));
#7707=CARTESIAN_POINT('Ctrl Pts',(18.4817731973719,-49.5,48.1678787782159));
#7708=CARTESIAN_POINT('Ctrl Pts',(18.0744091443805,-50.,46.973981688495));
#7709=CARTESIAN_POINT('Ctrl Pts',(18.0744091443805,-49.5,46.973981688495));
#7710=CARTESIAN_POINT('Ctrl Pts',(17.8721822547849,-50.,46.3812978392981));
#7711=CARTESIAN_POINT('Ctrl Pts',(17.8721822547849,-49.5,46.3812978392981));
#7712=CARTESIAN_POINT('',(18.5655416297849,-50.,50.0629384642981));
#7713=CARTESIAN_POINT('Ctrl Pts',(18.5655416297849,-50.,50.0629384642981));
#7714=CARTESIAN_POINT('Ctrl Pts',(18.537486144918,-50.,49.4282504701064));
#7715=CARTESIAN_POINT('Ctrl Pts',(18.4817731973719,-50.,48.1678787782159));
#7716=CARTESIAN_POINT('Ctrl Pts',(18.0744091443805,-50.,46.973981688495));
#7717=CARTESIAN_POINT('Ctrl Pts',(17.8721822547849,-50.,46.3812978392981));
#7718=CARTESIAN_POINT('',(18.5655416297849,-49.5,50.0629384642981));
#7719=CARTESIAN_POINT('',(18.5655416297849,-50.,50.0629384642981));
#7720=CARTESIAN_POINT('Ctrl Pts',(18.5655416297849,-49.5,50.0629384642981));
#7721=CARTESIAN_POINT('Ctrl Pts',(18.537486144918,-49.5,49.4282504701064));
#7722=CARTESIAN_POINT('Ctrl Pts',(18.4817731973719,-49.5,48.1678787782159));
#7723=CARTESIAN_POINT('Ctrl Pts',(18.0744091443805,-49.5,46.973981688495));
#7724=CARTESIAN_POINT('Ctrl Pts',(17.8721822547849,-49.5,46.3812978392981));
#7725=CARTESIAN_POINT('Ctrl Pts',(16.1436666297849,-50.,55.7465322142981));
#7726=CARTESIAN_POINT('Ctrl Pts',(16.1436666297849,-49.5,55.7465322142981));
#7727=CARTESIAN_POINT('Ctrl Pts',(16.850040128151,-50.,54.9351859934911));
#7728=CARTESIAN_POINT('Ctrl Pts',(16.850040128151,-49.5,54.9351859934911));
#7729=CARTESIAN_POINT('Ctrl Pts',(18.271004064326,-50.,53.3030555098514));
#7730=CARTESIAN_POINT('Ctrl Pts',(18.271004064326,-49.5,53.3030555098514));
#7731=CARTESIAN_POINT('Ctrl Pts',(18.4669846787578,-50.,51.1471331288501));
#7732=CARTESIAN_POINT('Ctrl Pts',(18.4669846787578,-49.5,51.1471331288501));
#7733=CARTESIAN_POINT('Ctrl Pts',(18.5655416297849,-50.,50.0629384642981));
#7734=CARTESIAN_POINT('Ctrl Pts',(18.5655416297849,-49.5,50.0629384642981));
#7735=CARTESIAN_POINT('',(16.1436666297849,-50.,55.7465322142981));
#7736=CARTESIAN_POINT('Ctrl Pts',(16.1436666297849,-50.,55.7465322142981));
#7737=CARTESIAN_POINT('Ctrl Pts',(16.850040128151,-50.,54.9351859934911));
#7738=CARTESIAN_POINT('Ctrl Pts',(18.271004064326,-50.,53.3030555098514));
#7739=CARTESIAN_POINT('Ctrl Pts',(18.4669846787578,-50.,51.1471331288501));
#7740=CARTESIAN_POINT('Ctrl Pts',(18.5655416297849,-50.,50.0629384642981));
#7741=CARTESIAN_POINT('',(16.1436666297849,-49.5,55.7465322142981));
#7742=CARTESIAN_POINT('',(16.1436666297849,-50.,55.7465322142981));
#7743=CARTESIAN_POINT('Ctrl Pts',(16.1436666297849,-49.5,55.7465322142981));
#7744=CARTESIAN_POINT('Ctrl Pts',(16.850040128151,-49.5,54.9351859934911));
#7745=CARTESIAN_POINT('Ctrl Pts',(18.271004064326,-49.5,53.3030555098514));
#7746=CARTESIAN_POINT('Ctrl Pts',(18.4669846787578,-49.5,51.1471331288501));
#7747=CARTESIAN_POINT('Ctrl Pts',(18.5655416297849,-49.5,50.0629384642981));
#7748=CARTESIAN_POINT('Ctrl Pts',(9.48351037978489,-50.,58.0316884642981));
#7749=CARTESIAN_POINT('Ctrl Pts',(9.48351037978489,-49.5,58.0316884642981));
#7750=CARTESIAN_POINT('Ctrl Pts',(10.7890511693849,-50.,57.9646369378201));
#7751=CARTESIAN_POINT('Ctrl Pts',(10.7890511693849,-49.5,57.9646369378201));
#7752=CARTESIAN_POINT('Ctrl Pts',(13.2366824781408,-50.,57.8389285594876));
#7753=CARTESIAN_POINT('Ctrl Pts',(13.2366824781408,-49.5,57.8389285594876));
#7754=CARTESIAN_POINT('Ctrl Pts',(15.2187930050059,-50.,56.4122400720982));
#7755=CARTESIAN_POINT('Ctrl Pts',(15.2187930050059,-49.5,56.4122400720982));
#7756=CARTESIAN_POINT('Ctrl Pts',(16.1436666297849,-50.,55.7465322142981));
#7757=CARTESIAN_POINT('Ctrl Pts',(16.1436666297849,-49.5,55.7465322142981));
#7758=CARTESIAN_POINT('',(9.48351037978489,-50.,58.0316884642981));
#7759=CARTESIAN_POINT('Ctrl Pts',(9.48351037978489,-50.,58.0316884642981));
#7760=CARTESIAN_POINT('Ctrl Pts',(10.7890511693849,-50.,57.9646369378201));
#7761=CARTESIAN_POINT('Ctrl Pts',(13.2366824781408,-50.,57.8389285594876));
#7762=CARTESIAN_POINT('Ctrl Pts',(15.2187930050059,-50.,56.4122400720982));
#7763=CARTESIAN_POINT('Ctrl Pts',(16.1436666297849,-50.,55.7465322142981));
#7764=CARTESIAN_POINT('',(9.48351037978489,-49.5,58.0316884642981));
#7765=CARTESIAN_POINT('',(9.48351037978489,-50.,58.0316884642981));
#7766=CARTESIAN_POINT('Ctrl Pts',(9.48351037978489,-49.5,58.0316884642981));
#7767=CARTESIAN_POINT('Ctrl Pts',(10.7890511693849,-49.5,57.9646369378201));
#7768=CARTESIAN_POINT('Ctrl Pts',(13.2366824781408,-49.5,57.8389285594876));
#7769=CARTESIAN_POINT('Ctrl Pts',(15.2187930050059,-49.5,56.4122400720982));
#7770=CARTESIAN_POINT('Ctrl Pts',(16.1436666297849,-49.5,55.7465322142981));
#7771=CARTESIAN_POINT('Ctrl Pts',(3.03819787978489,-50.,56.0590322142981));
#7772=CARTESIAN_POINT('Ctrl Pts',(3.03819787978489,-49.5,56.0590322142981));
#7773=CARTESIAN_POINT('Ctrl Pts',(3.97923189540504,-50.,56.6340394893875));
#7774=CARTESIAN_POINT('Ctrl Pts',(3.97923189540504,-49.5,56.6340394893875));
#7775=CARTESIAN_POINT('Ctrl Pts',(5.95468789169337,-50.,57.8411176083822));
#7776=CARTESIAN_POINT('Ctrl Pts',(5.95468789169337,-49.5,57.8411176083822));
#7777=CARTESIAN_POINT('Ctrl Pts',(8.27073977064242,-50.,57.9661938881912));
#7778=CARTESIAN_POINT('Ctrl Pts',(8.27073977064242,-49.5,57.9661938881912));
#7779=CARTESIAN_POINT('Ctrl Pts',(9.48351037978489,-50.,58.0316884642981));
#7780=CARTESIAN_POINT('Ctrl Pts',(9.48351037978489,-49.5,58.0316884642981));
#7781=CARTESIAN_POINT('',(3.03819787978489,-50.,56.0590322142981));
#7782=CARTESIAN_POINT('Ctrl Pts',(3.03819787978489,-50.,56.0590322142981));
#7783=CARTESIAN_POINT('Ctrl Pts',(3.97923189540504,-50.,56.6340394893875));
#7784=CARTESIAN_POINT('Ctrl Pts',(5.95468789169337,-50.,57.8411176083822));
#7785=CARTESIAN_POINT('Ctrl Pts',(8.27073977064242,-50.,57.9661938881912));
#7786=CARTESIAN_POINT('Ctrl Pts',(9.48351037978489,-50.,58.0316884642981));
#7787=CARTESIAN_POINT('',(3.03819787978489,-49.5,56.0590322142981));
#7788=CARTESIAN_POINT('',(3.03819787978489,-50.,56.0590322142981));
#7789=CARTESIAN_POINT('Ctrl Pts',(3.03819787978489,-49.5,56.0590322142981));
#7790=CARTESIAN_POINT('Ctrl Pts',(3.97923189540504,-49.5,56.6340394893875));
#7791=CARTESIAN_POINT('Ctrl Pts',(5.95468789169337,-49.5,57.8411176083822));
#7792=CARTESIAN_POINT('Ctrl Pts',(8.27073977064242,-49.5,57.9661938881912));
#7793=CARTESIAN_POINT('Ctrl Pts',(9.48351037978489,-49.5,58.0316884642981));
#7794=CARTESIAN_POINT('Ctrl Pts',(-0.0282083702151059,-50.,49.5551259642981));
#7795=CARTESIAN_POINT('Ctrl Pts',(-0.0282083702151059,-49.5,49.5551259642981));
#7796=CARTESIAN_POINT('Ctrl Pts',(0.174068767221467,-50.,50.9191010528033));
#7797=CARTESIAN_POINT('Ctrl Pts',(0.174068767221467,-49.5,50.9191010528033));
#7798=CARTESIAN_POINT('Ctrl Pts',(0.543579034050579,-50.,53.4107459578527));
#7799=CARTESIAN_POINT('Ctrl Pts',(0.543579034050579,-49.5,53.4107459578527));
#7800=CARTESIAN_POINT('Ctrl Pts',(2.2609495351374,-50.,55.233905717521));
#7801=CARTESIAN_POINT('Ctrl Pts',(2.2609495351374,-49.5,55.233905717521));
#7802=CARTESIAN_POINT('Ctrl Pts',(3.03819787978489,-50.,56.0590322142981));
#7803=CARTESIAN_POINT('Ctrl Pts',(3.03819787978489,-49.5,56.0590322142981));
#7804=CARTESIAN_POINT('',(-0.0282083702151059,-50.,49.5551259642981));
#7805=CARTESIAN_POINT('Ctrl Pts',(-0.0282083702151059,-50.,49.5551259642981));
#7806=CARTESIAN_POINT('Ctrl Pts',(0.174068767221467,-50.,50.9191010528033));
#7807=CARTESIAN_POINT('Ctrl Pts',(0.543579034050579,-50.,53.4107459578527));
#7808=CARTESIAN_POINT('Ctrl Pts',(2.2609495351374,-50.,55.233905717521));
#7809=CARTESIAN_POINT('Ctrl Pts',(3.03819787978489,-50.,56.0590322142981));
#7810=CARTESIAN_POINT('',(-0.0282083702151059,-49.5,49.5551259642981));
#7811=CARTESIAN_POINT('',(-0.0282083702151059,-50.,49.5551259642981));
#7812=CARTESIAN_POINT('Ctrl Pts',(-0.0282083702151059,-49.5,49.5551259642981));
#7813=CARTESIAN_POINT('Ctrl Pts',(0.174068767221467,-49.5,50.9191010528033));
#7814=CARTESIAN_POINT('Ctrl Pts',(0.543579034050579,-49.5,53.4107459578527));
#7815=CARTESIAN_POINT('Ctrl Pts',(2.2609495351374,-49.5,55.233905717521));
#7816=CARTESIAN_POINT('Ctrl Pts',(3.03819787978489,-49.5,56.0590322142981));
#7817=CARTESIAN_POINT('Origin',(5.44054162978489,-50.,49.0082509642981));
#7818=CARTESIAN_POINT('',(5.44054162978489,-50.,49.0082509642981));
#7819=CARTESIAN_POINT('',(29.9258304746586,-50.,46.5597220798107));
#7820=CARTESIAN_POINT('',(5.44054162978489,-49.5,49.0082509642981));
#7821=CARTESIAN_POINT('',(5.44054162978489,-50.,49.0082509642981));
#7822=CARTESIAN_POINT('',(5.44054162978489,-49.5,49.0082509642981));
#7823=CARTESIAN_POINT('Ctrl Pts',(6.61241662978489,-50.,52.4457509642981));
#7824=CARTESIAN_POINT('Ctrl Pts',(6.61241662978489,-49.5,52.4457509642981));
#7825=CARTESIAN_POINT('Ctrl Pts',(6.30815433098655,-50.,52.0004995069163));
#7826=CARTESIAN_POINT('Ctrl Pts',(6.30815433098655,-49.5,52.0004995069163));
#7827=CARTESIAN_POINT('Ctrl Pts',(5.60396556866506,-50.,50.9700035370448));
#7828=CARTESIAN_POINT('Ctrl Pts',(5.60396556866506,-49.5,50.9700035370448));
#7829=CARTESIAN_POINT('Ctrl Pts',(5.49973613811292,-50.,49.7188260477327));
#7830=CARTESIAN_POINT('Ctrl Pts',(5.49973613811292,-49.5,49.7188260477327));
#7831=CARTESIAN_POINT('Ctrl Pts',(5.44054162978489,-50.,49.0082509642981));
#7832=CARTESIAN_POINT('Ctrl Pts',(5.44054162978489,-49.5,49.0082509642981));
#7833=CARTESIAN_POINT('',(6.61241662978489,-50.,52.4457509642981));
#7834=CARTESIAN_POINT('Ctrl Pts',(6.61241662978489,-50.,52.4457509642981));
#7835=CARTESIAN_POINT('Ctrl Pts',(6.30815433098655,-50.,52.0004995069163));
#7836=CARTESIAN_POINT('Ctrl Pts',(5.60396556866506,-50.,50.9700035370448));
#7837=CARTESIAN_POINT('Ctrl Pts',(5.49973613811292,-50.,49.7188260477327));
#7838=CARTESIAN_POINT('Ctrl Pts',(5.44054162978489,-50.,49.0082509642981));
#7839=CARTESIAN_POINT('',(6.61241662978489,-49.5,52.4457509642981));
#7840=CARTESIAN_POINT('',(6.61241662978489,-50.,52.4457509642981));
#7841=CARTESIAN_POINT('Ctrl Pts',(6.61241662978489,-49.5,52.4457509642981));
#7842=CARTESIAN_POINT('Ctrl Pts',(6.30815433098655,-49.5,52.0004995069163));
#7843=CARTESIAN_POINT('Ctrl Pts',(5.60396556866506,-49.5,50.9700035370448));
#7844=CARTESIAN_POINT('Ctrl Pts',(5.49973613811292,-49.5,49.7188260477327));
#7845=CARTESIAN_POINT('Ctrl Pts',(5.44054162978489,-49.5,49.0082509642981));
#7846=CARTESIAN_POINT('Ctrl Pts',(9.34679162978489,-50.,53.4809072142981));
#7847=CARTESIAN_POINT('Ctrl Pts',(9.34679162978489,-49.5,53.4809072142981));
#7848=CARTESIAN_POINT('Ctrl Pts',(8.81219650634943,-50.,53.4466250175348));
#7849=CARTESIAN_POINT('Ctrl Pts',(8.81219650634943,-49.5,53.4466250175348));
#7850=CARTESIAN_POINT('Ctrl Pts',(7.79169204997019,-50.,53.381182717301));
#7851=CARTESIAN_POINT('Ctrl Pts',(7.79169204997019,-49.5,53.381182717301));
#7852=CARTESIAN_POINT('Ctrl Pts',(6.99280410156763,-50.,52.7474841416878));
#7853=CARTESIAN_POINT('Ctrl Pts',(6.99280410156763,-49.5,52.7474841416878));
#7854=CARTESIAN_POINT('Ctrl Pts',(6.61241662978489,-50.,52.4457509642981));
#7855=CARTESIAN_POINT('Ctrl Pts',(6.61241662978489,-49.5,52.4457509642981));
#7856=CARTESIAN_POINT('',(9.34679162978489,-50.,53.4809072142981));
#7857=CARTESIAN_POINT('Ctrl Pts',(9.34679162978489,-50.,53.4809072142981));
#7858=CARTESIAN_POINT('Ctrl Pts',(8.81219650634943,-50.,53.4466250175348));
#7859=CARTESIAN_POINT('Ctrl Pts',(7.79169204997019,-50.,53.381182717301));
#7860=CARTESIAN_POINT('Ctrl Pts',(6.99280410156763,-50.,52.7474841416878));
#7861=CARTESIAN_POINT('Ctrl Pts',(6.61241662978489,-50.,52.4457509642981));
#7862=CARTESIAN_POINT('',(9.34679162978489,-49.5,53.4809072142981));
#7863=CARTESIAN_POINT('',(9.34679162978489,-50.,53.4809072142981));
#7864=CARTESIAN_POINT('Ctrl Pts',(9.34679162978489,-49.5,53.4809072142981));
#7865=CARTESIAN_POINT('Ctrl Pts',(8.81219650634943,-49.5,53.4466250175348));
#7866=CARTESIAN_POINT('Ctrl Pts',(7.79169204997019,-49.5,53.381182717301));
#7867=CARTESIAN_POINT('Ctrl Pts',(6.99280410156763,-49.5,52.7474841416878));
#7868=CARTESIAN_POINT('Ctrl Pts',(6.61241662978489,-49.5,52.4457509642981));
#7869=CARTESIAN_POINT('Ctrl Pts',(12.0714010047849,-50.,52.4945790892981));
#7870=CARTESIAN_POINT('Ctrl Pts',(12.0714010047849,-49.5,52.4945790892981));
#7871=CARTESIAN_POINT('Ctrl Pts',(11.6953181160678,-50.,52.7819652836835));
#7872=CARTESIAN_POINT('Ctrl Pts',(11.6953181160678,-49.5,52.7819652836835));
#7873=CARTESIAN_POINT('Ctrl Pts',(10.8938651387502,-50.,53.3944008079794));
#7874=CARTESIAN_POINT('Ctrl Pts',(10.8938651387502,-49.5,53.3944008079794));
#7875=CARTESIAN_POINT('Ctrl Pts',(9.8832005169846,-50.,53.4509132903635));
#7876=CARTESIAN_POINT('Ctrl Pts',(9.8832005169846,-49.5,53.4509132903635));
#7877=CARTESIAN_POINT('Ctrl Pts',(9.34679162978489,-50.,53.4809072142981));
#7878=CARTESIAN_POINT('Ctrl Pts',(9.34679162978489,-49.5,53.4809072142981));
#7879=CARTESIAN_POINT('',(12.0714010047849,-50.,52.4945790892981));
#7880=CARTESIAN_POINT('Ctrl Pts',(12.0714010047849,-50.,52.4945790892981));
#7881=CARTESIAN_POINT('Ctrl Pts',(11.6953181160678,-50.,52.7819652836835));
#7882=CARTESIAN_POINT('Ctrl Pts',(10.8938651387502,-50.,53.3944008079794));
#7883=CARTESIAN_POINT('Ctrl Pts',(9.8832005169846,-50.,53.4509132903635));
#7884=CARTESIAN_POINT('Ctrl Pts',(9.34679162978489,-50.,53.4809072142981));
#7885=CARTESIAN_POINT('',(12.0714010047849,-49.5,52.4945790892981));
#7886=CARTESIAN_POINT('',(12.0714010047849,-50.,52.4945790892981));
#7887=CARTESIAN_POINT('Ctrl Pts',(12.0714010047849,-49.5,52.4945790892981));
#7888=CARTESIAN_POINT('Ctrl Pts',(11.6953181160678,-49.5,52.7819652836835));
#7889=CARTESIAN_POINT('Ctrl Pts',(10.8938651387502,-49.5,53.3944008079794));
#7890=CARTESIAN_POINT('Ctrl Pts',(9.8832005169846,-49.5,53.4509132903635));
#7891=CARTESIAN_POINT('Ctrl Pts',(9.34679162978489,-49.5,53.4809072142981));
#7892=CARTESIAN_POINT('Ctrl Pts',(13.0577291297849,-50.,49.6723134642981));
#7893=CARTESIAN_POINT('Ctrl Pts',(13.0577291297849,-49.5,49.6723134642981));
#7894=CARTESIAN_POINT('Ctrl Pts',(13.0307813659668,-50.,50.233772067454));
#7895=CARTESIAN_POINT('Ctrl Pts',(13.0307813659668,-49.5,50.233772067454));
#7896=CARTESIAN_POINT('Ctrl Pts',(12.9807183130506,-50.,51.2768393865033));
#7897=CARTESIAN_POINT('Ctrl Pts',(12.9807183130506,-49.5,51.2768393865033));
#7898=CARTESIAN_POINT('Ctrl Pts',(12.3586326075233,-50.,52.1099242241894));
#7899=CARTESIAN_POINT('Ctrl Pts',(12.3586326075233,-49.5,52.1099242241894));
#7900=CARTESIAN_POINT('Ctrl Pts',(12.0714010047849,-50.,52.4945790892981));
#7901=CARTESIAN_POINT('Ctrl Pts',(12.0714010047849,-49.5,52.4945790892981));
#7902=CARTESIAN_POINT('',(13.0577291297849,-50.,49.6723134642981));
#7903=CARTESIAN_POINT('Ctrl Pts',(13.0577291297849,-50.,49.6723134642981));
#7904=CARTESIAN_POINT('Ctrl Pts',(13.0307813659668,-50.,50.233772067454));
#7905=CARTESIAN_POINT('Ctrl Pts',(12.9807183130506,-50.,51.2768393865033));
#7906=CARTESIAN_POINT('Ctrl Pts',(12.3586326075233,-50.,52.1099242241894));
#7907=CARTESIAN_POINT('Ctrl Pts',(12.0714010047849,-50.,52.4945790892981));
#7908=CARTESIAN_POINT('',(13.0577291297849,-49.5,49.6723134642981));
#7909=CARTESIAN_POINT('',(13.0577291297849,-50.,49.6723134642981));
#7910=CARTESIAN_POINT('Ctrl Pts',(13.0577291297849,-49.5,49.6723134642981));
#7911=CARTESIAN_POINT('Ctrl Pts',(13.0307813659668,-49.5,50.233772067454));
#7912=CARTESIAN_POINT('Ctrl Pts',(12.9807183130506,-49.5,51.2768393865033));
#7913=CARTESIAN_POINT('Ctrl Pts',(12.3586326075233,-49.5,52.1099242241894));
#7914=CARTESIAN_POINT('Ctrl Pts',(12.0714010047849,-49.5,52.4945790892981));
#7915=CARTESIAN_POINT('Ctrl Pts',(11.9249166297849,-50.,46.3129384642981));
#7916=CARTESIAN_POINT('Ctrl Pts',(11.9249166297849,-49.5,46.3129384642981));
#7917=CARTESIAN_POINT('Ctrl Pts',(12.2550177022454,-50.,46.8607053287537));
#7918=CARTESIAN_POINT('Ctrl Pts',(12.2550177022454,-49.5,46.8607053287537));
#7919=CARTESIAN_POINT('Ctrl Pts',(12.8807812689878,-50.,47.8990919789093));
#7920=CARTESIAN_POINT('Ctrl Pts',(12.8807812689878,-49.5,47.8990919789093));
#7921=CARTESIAN_POINT('Ctrl Pts',(13.0009510028205,-50.,49.1033311992409));
#7922=CARTESIAN_POINT('Ctrl Pts',(13.0009510028205,-49.5,49.1033311992409));
#7923=CARTESIAN_POINT('Ctrl Pts',(13.0577291297849,-50.,49.6723134642981));
#7924=CARTESIAN_POINT('Ctrl Pts',(13.0577291297849,-49.5,49.6723134642981));
#7925=CARTESIAN_POINT('',(11.9249166297849,-50.,46.3129384642981));
#7926=CARTESIAN_POINT('Ctrl Pts',(11.9249166297849,-50.,46.3129384642981));
#7927=CARTESIAN_POINT('Ctrl Pts',(12.2550177022454,-50.,46.8607053287537));
#7928=CARTESIAN_POINT('Ctrl Pts',(12.8807812689878,-50.,47.8990919789093));
#7929=CARTESIAN_POINT('Ctrl Pts',(13.0009510028205,-50.,49.1033311992409));
#7930=CARTESIAN_POINT('Ctrl Pts',(13.0577291297849,-50.,49.6723134642981));
#7931=CARTESIAN_POINT('',(11.9249166297849,-49.5,46.3129384642981));
#7932=CARTESIAN_POINT('',(11.9249166297849,-50.,46.3129384642981));
#7933=CARTESIAN_POINT('Ctrl Pts',(11.9249166297849,-49.5,46.3129384642981));
#7934=CARTESIAN_POINT('Ctrl Pts',(12.2550177022454,-49.5,46.8607053287537));
#7935=CARTESIAN_POINT('Ctrl Pts',(12.8807812689878,-49.5,47.8990919789093));
#7936=CARTESIAN_POINT('Ctrl Pts',(13.0009510028205,-49.5,49.1033311992409));
#7937=CARTESIAN_POINT('Ctrl Pts',(13.0577291297849,-49.5,49.6723134642981));
#7938=CARTESIAN_POINT('Ctrl Pts',(7.3741353797849,-50.,41.6254384642981));
#7939=CARTESIAN_POINT('Ctrl Pts',(7.3741353797849,-49.5,41.6254384642981));
#7940=CARTESIAN_POINT('Ctrl Pts',(8.39891297860459,-50.,42.5665703502315));
#7941=CARTESIAN_POINT('Ctrl Pts',(8.39891297860459,-49.5,42.5665703502315));
#7942=CARTESIAN_POINT('Ctrl Pts',(10.0065703739741,-50.,44.0430054695994));
#7943=CARTESIAN_POINT('Ctrl Pts',(10.0065703739741,-49.5,44.0430054695994));
#7944=CARTESIAN_POINT('Ctrl Pts',(11.414464089,-50.,45.7089322474612));
#7945=CARTESIAN_POINT('Ctrl Pts',(11.414464089,-49.5,45.7089322474612));
#7946=CARTESIAN_POINT('Ctrl Pts',(11.9249166297849,-50.,46.3129384642981));
#7947=CARTESIAN_POINT('Ctrl Pts',(11.9249166297849,-49.5,46.3129384642981));
#7948=CARTESIAN_POINT('',(7.3741353797849,-50.,41.6254384642981));
#7949=CARTESIAN_POINT('Ctrl Pts',(7.3741353797849,-50.,41.6254384642981));
#7950=CARTESIAN_POINT('Ctrl Pts',(8.39891297860459,-50.,42.5665703502315));
#7951=CARTESIAN_POINT('Ctrl Pts',(10.0065703739741,-50.,44.0430054695994));
#7952=CARTESIAN_POINT('Ctrl Pts',(11.414464089,-50.,45.7089322474612));
#7953=CARTESIAN_POINT('Ctrl Pts',(11.9249166297849,-50.,46.3129384642981));
#7954=CARTESIAN_POINT('',(7.3741353797849,-49.5,41.6254384642981));
#7955=CARTESIAN_POINT('',(7.3741353797849,-50.,41.6254384642981));
#7956=CARTESIAN_POINT('Ctrl Pts',(7.3741353797849,-49.5,41.6254384642981));
#7957=CARTESIAN_POINT('Ctrl Pts',(8.39891297860459,-49.5,42.5665703502315));
#7958=CARTESIAN_POINT('Ctrl Pts',(10.0065703739741,-49.5,44.0430054695994));
#7959=CARTESIAN_POINT('Ctrl Pts',(11.414464089,-49.5,45.7089322474612));
#7960=CARTESIAN_POINT('Ctrl Pts',(11.9249166297849,-49.5,46.3129384642981));
#7961=CARTESIAN_POINT('Ctrl Pts',(1.2022603797849,-50.,34.760204089298));
#7962=CARTESIAN_POINT('Ctrl Pts',(1.2022603797849,-49.5,34.760204089298));
#7963=CARTESIAN_POINT('Ctrl Pts',(1.95216413555723,-50.,35.7854474983398));
#7964=CARTESIAN_POINT('Ctrl Pts',(1.95216413555723,-49.5,35.7854474983398));
#7965=CARTESIAN_POINT('Ctrl Pts',(3.77603658190772,-50.,38.278985089211));
#7966=CARTESIAN_POINT('Ctrl Pts',(3.77603658190772,-49.5,38.278985089211));
#7967=CARTESIAN_POINT('Ctrl Pts',(6.04064424899688,-50.,40.3852096251381));
#7968=CARTESIAN_POINT('Ctrl Pts',(6.04064424899688,-49.5,40.3852096251381));
#7969=CARTESIAN_POINT('Ctrl Pts',(7.3741353797849,-50.,41.6254384642981));
#7970=CARTESIAN_POINT('Ctrl Pts',(7.3741353797849,-49.5,41.6254384642981));
#7971=CARTESIAN_POINT('',(1.2022603797849,-50.,34.760204089298));
#7972=CARTESIAN_POINT('Ctrl Pts',(1.2022603797849,-50.,34.760204089298));
#7973=CARTESIAN_POINT('Ctrl Pts',(1.95216413555723,-50.,35.7854474983398));
#7974=CARTESIAN_POINT('Ctrl Pts',(3.77603658190772,-50.,38.278985089211));
#7975=CARTESIAN_POINT('Ctrl Pts',(6.04064424899688,-50.,40.3852096251381));
#7976=CARTESIAN_POINT('Ctrl Pts',(7.3741353797849,-50.,41.6254384642981));
#7977=CARTESIAN_POINT('',(1.2022603797849,-49.5,34.760204089298));
#7978=CARTESIAN_POINT('',(1.2022603797849,-50.,34.760204089298));
#7979=CARTESIAN_POINT('Ctrl Pts',(1.2022603797849,-49.5,34.760204089298));
#7980=CARTESIAN_POINT('Ctrl Pts',(1.95216413555723,-49.5,35.7854474983398));
#7981=CARTESIAN_POINT('Ctrl Pts',(3.77603658190772,-49.5,38.278985089211));
#7982=CARTESIAN_POINT('Ctrl Pts',(6.04064424899688,-49.5,40.3852096251381));
#7983=CARTESIAN_POINT('Ctrl Pts',(7.3741353797849,-49.5,41.6254384642981));
#7984=CARTESIAN_POINT('Ctrl Pts',(-0.672739620215097,-50.,29.2816884642981));
#7985=CARTESIAN_POINT('Ctrl Pts',(-0.672739620215097,-49.5,29.2816884642981));
#7986=CARTESIAN_POINT('Ctrl Pts',(-0.513902864281195,-50.,30.2368805634475));
#7987=CARTESIAN_POINT('Ctrl Pts',(-0.513902864281195,-49.5,30.2368805634475));
#7988=CARTESIAN_POINT('Ctrl Pts',(-0.19298987913777,-50.,32.1667458904063));
#7989=CARTESIAN_POINT('Ctrl Pts',(-0.19298987913777,-49.5,32.1667458904063));
#7990=CARTESIAN_POINT('Ctrl Pts',(0.734057583428989,-50.,33.889919799302));
#7991=CARTESIAN_POINT('Ctrl Pts',(0.734057583428989,-49.5,33.889919799302));
#7992=CARTESIAN_POINT('Ctrl Pts',(1.2022603797849,-50.,34.760204089298));
#7993=CARTESIAN_POINT('Ctrl Pts',(1.2022603797849,-49.5,34.760204089298));
#7994=CARTESIAN_POINT('',(-0.672739620215101,-50.,29.2816884642981));
#7995=CARTESIAN_POINT('Ctrl Pts',(-0.672739620215097,-50.,29.2816884642981));
#7996=CARTESIAN_POINT('Ctrl Pts',(-0.513902864281195,-50.,30.2368805634475));
#7997=CARTESIAN_POINT('Ctrl Pts',(-0.19298987913777,-50.,32.1667458904063));
#7998=CARTESIAN_POINT('Ctrl Pts',(0.734057583428989,-50.,33.889919799302));
#7999=CARTESIAN_POINT('Ctrl Pts',(1.2022603797849,-50.,34.760204089298));
#8000=CARTESIAN_POINT('',(-0.672739620215101,-49.5,29.2816884642981));
#8001=CARTESIAN_POINT('',(-0.672739620215101,-50.,29.2816884642981));
#8002=CARTESIAN_POINT('Ctrl Pts',(-0.672739620215097,-49.5,29.2816884642981));
#8003=CARTESIAN_POINT('Ctrl Pts',(-0.513902864281195,-49.5,30.2368805634475));
#8004=CARTESIAN_POINT('Ctrl Pts',(-0.19298987913777,-49.5,32.1667458904063));
#8005=CARTESIAN_POINT('Ctrl Pts',(0.734057583428989,-49.5,33.889919799302));
#8006=CARTESIAN_POINT('Ctrl Pts',(1.2022603797849,-49.5,34.760204089298));
#8007=CARTESIAN_POINT('Origin',(18.5655416297849,-50.,29.2816884642981));
#8008=CARTESIAN_POINT('',(18.5655416297849,-50.,29.2816884642981));
#8009=CARTESIAN_POINT('',(34.2827708148924,-50.,29.2816884642981));
#8010=CARTESIAN_POINT('',(18.5655416297849,-49.5,29.2816884642981));
#8011=CARTESIAN_POINT('',(18.5655416297849,-50.,29.2816884642981));
#8012=CARTESIAN_POINT('',(18.5655416297849,-49.5,29.2816884642981));
#8013=CARTESIAN_POINT('Origin',(18.5655416297849,-50.,34.3793447142981));
#8014=CARTESIAN_POINT('',(18.5655416297849,-50.,34.3793447142981));
#8015=CARTESIAN_POINT('',(18.5655416297849,-50.,17.189672357149));
#8016=CARTESIAN_POINT('',(18.5655416297849,-49.5,34.3793447142981));
#8017=CARTESIAN_POINT('',(18.5655416297849,-50.,34.3793447142981));
#8018=CARTESIAN_POINT('',(18.5655416297849,-49.5,34.3793447142981));
#8019=CARTESIAN_POINT('Origin',(7.6671041297849,-50.,34.3793447142981));
#8020=CARTESIAN_POINT('',(28.8335520648924,-50.,34.3793447142981));
#8021=CARTESIAN_POINT('',(7.6671041297849,-49.5,34.3793447142981));
#8022=CARTESIAN_POINT('Origin',(-1.0926614952151,-49.5,43.6566884642981));
#8023=CARTESIAN_POINT('Origin',(-12.6258646202151,-50.,58.031688464298));
#8024=CARTESIAN_POINT('',(-12.6258646202151,-50.,58.031688464298));
#8025=CARTESIAN_POINT('',(-8.17273962021511,-50.,58.031688464298));
#8026=CARTESIAN_POINT('',(18.6870676898924,-50.,58.031688464298));
#8027=CARTESIAN_POINT('',(-12.6258646202151,-49.5,58.031688464298));
#8028=CARTESIAN_POINT('',(-12.6258646202151,-50.,58.031688464298));
#8029=CARTESIAN_POINT('',(-8.17273962021511,-49.5,58.031688464298));
#8030=CARTESIAN_POINT('',(-12.6258646202151,-49.5,58.031688464298));
#8031=CARTESIAN_POINT('',(-8.17273962021511,-50.,58.031688464298));
#8032=CARTESIAN_POINT('Ctrl Pts',(-16.0828958702151,-50.,53.451610339298));
#8033=CARTESIAN_POINT('Ctrl Pts',(-16.0828958702151,-49.5,53.451610339298));
#8034=CARTESIAN_POINT('Ctrl Pts',(-15.3153400006346,-50.,54.1159802043348));
#8035=CARTESIAN_POINT('Ctrl Pts',(-15.3153400006346,-49.5,54.1159802043348));
#8036=CARTESIAN_POINT('Ctrl Pts',(-13.8346792140338,-50.,55.3975890694939));
#8037=CARTESIAN_POINT('Ctrl Pts',(-13.8346792140338,-49.5,55.3975890694939));
#8038=CARTESIAN_POINT('Ctrl Pts',(-13.0188015820771,-50.,57.1754487905469));
#8039=CARTESIAN_POINT('Ctrl Pts',(-13.0188015820771,-49.5,57.1754487905469));
#8040=CARTESIAN_POINT('Ctrl Pts',(-12.6258646202151,-50.,58.031688464298));
#8041=CARTESIAN_POINT('Ctrl Pts',(-12.6258646202151,-49.5,58.031688464298));
#8042=CARTESIAN_POINT('',(-16.0828958702151,-50.,53.451610339298));
#8043=CARTESIAN_POINT('Ctrl Pts',(-16.0828958702151,-50.,53.451610339298));
#8044=CARTESIAN_POINT('Ctrl Pts',(-15.3153400006346,-50.,54.1159802043348));
#8045=CARTESIAN_POINT('Ctrl Pts',(-13.8346792140338,-50.,55.3975890694939));
#8046=CARTESIAN_POINT('Ctrl Pts',(-13.0188015820771,-50.,57.1754487905469));
#8047=CARTESIAN_POINT('Ctrl Pts',(-12.6258646202151,-50.,58.031688464298));
#8048=CARTESIAN_POINT('',(-16.0828958702151,-49.5,53.451610339298));
#8049=CARTESIAN_POINT('',(-16.0828958702151,-50.,53.451610339298));
#8050=CARTESIAN_POINT('Ctrl Pts',(-16.0828958702151,-49.5,53.451610339298));
#8051=CARTESIAN_POINT('Ctrl Pts',(-15.3153400006346,-49.5,54.1159802043348));
#8052=CARTESIAN_POINT('Ctrl Pts',(-13.8346792140338,-49.5,55.3975890694939));
#8053=CARTESIAN_POINT('Ctrl Pts',(-13.0188015820771,-49.5,57.1754487905469));
#8054=CARTESIAN_POINT('Ctrl Pts',(-12.6258646202151,-49.5,58.031688464298));
#8055=CARTESIAN_POINT('Ctrl Pts',(-20.7508646202151,-50.,50.785594714298));
#8056=CARTESIAN_POINT('Ctrl Pts',(-20.7508646202151,-49.5,50.785594714298));
#8057=CARTESIAN_POINT('Ctrl Pts',(-19.9882223855578,-50.,51.097206603209));
#8058=CARTESIAN_POINT('Ctrl Pts',(-19.9882223855578,-49.5,51.097206603209));
#8059=CARTESIAN_POINT('Ctrl Pts',(-18.3167648395628,-50.,51.7801559855968));
#8060=CARTESIAN_POINT('Ctrl Pts',(-18.3167648395628,-49.5,51.7801559855968));
#8061=CARTESIAN_POINT('Ctrl Pts',(-16.869701931092,-50.,52.8628961246254));
#8062=CARTESIAN_POINT('Ctrl Pts',(-16.869701931092,-49.5,52.8628961246254));
#8063=CARTESIAN_POINT('Ctrl Pts',(-16.0828958702151,-50.,53.451610339298));
#8064=CARTESIAN_POINT('Ctrl Pts',(-16.0828958702151,-49.5,53.451610339298));
#8065=CARTESIAN_POINT('',(-20.7508646202151,-50.,50.785594714298));
#8066=CARTESIAN_POINT('Ctrl Pts',(-20.7508646202151,-50.,50.785594714298));
#8067=CARTESIAN_POINT('Ctrl Pts',(-19.9882223855578,-50.,51.097206603209));
#8068=CARTESIAN_POINT('Ctrl Pts',(-18.3167648395628,-50.,51.7801559855968));
#8069=CARTESIAN_POINT('Ctrl Pts',(-16.869701931092,-50.,52.8628961246254));
#8070=CARTESIAN_POINT('Ctrl Pts',(-16.0828958702151,-50.,53.451610339298));
#8071=CARTESIAN_POINT('',(-20.7508646202151,-49.5,50.785594714298));
#8072=CARTESIAN_POINT('',(-20.7508646202151,-50.,50.785594714298));
#8073=CARTESIAN_POINT('Ctrl Pts',(-20.7508646202151,-49.5,50.785594714298));
#8074=CARTESIAN_POINT('Ctrl Pts',(-19.9882223855578,-49.5,51.097206603209));
#8075=CARTESIAN_POINT('Ctrl Pts',(-18.3167648395628,-49.5,51.7801559855968));
#8076=CARTESIAN_POINT('Ctrl Pts',(-16.869701931092,-49.5,52.8628961246254));
#8077=CARTESIAN_POINT('Ctrl Pts',(-16.0828958702151,-49.5,53.451610339298));
#8078=CARTESIAN_POINT('Origin',(-20.7508646202151,-50.,45.805125964298));
#8079=CARTESIAN_POINT('',(-20.7508646202151,-50.,45.805125964298));
#8080=CARTESIAN_POINT('',(-20.7508646202151,-50.,22.902562982149));
#8081=CARTESIAN_POINT('',(-20.7508646202151,-49.5,45.805125964298));
#8082=CARTESIAN_POINT('',(-20.7508646202151,-50.,45.805125964298));
#8083=CARTESIAN_POINT('',(-20.7508646202151,-49.5,45.805125964298));
#8084=CARTESIAN_POINT('Ctrl Pts',(-13.6610208702151,-50.,49.965282214298));
#8085=CARTESIAN_POINT('Ctrl Pts',(-13.6610208702151,-49.5,49.965282214298));
#8086=CARTESIAN_POINT('Ctrl Pts',(-14.7157992480489,-50.,49.0863878934861));
#8087=CARTESIAN_POINT('Ctrl Pts',(-14.7157992480489,-49.5,49.0863878934861));
#8088=CARTESIAN_POINT('Ctrl Pts',(-16.8490952151017,-50.,47.3088185486306));
#8089=CARTESIAN_POINT('Ctrl Pts',(-16.8490952151017,-49.5,47.3088185486306));
#8090=CARTESIAN_POINT('Ctrl Pts',(-19.4406618768853,-50.,46.3100615318729));
#8091=CARTESIAN_POINT('Ctrl Pts',(-19.4406618768853,-49.5,46.3100615318729));
#8092=CARTESIAN_POINT('Ctrl Pts',(-20.7508646202151,-50.,45.805125964298));
#8093=CARTESIAN_POINT('Ctrl Pts',(-20.7508646202151,-49.5,45.805125964298));
#8094=CARTESIAN_POINT('',(-13.6610208702151,-50.,49.9652822142981));
#8095=CARTESIAN_POINT('Ctrl Pts',(-13.6610208702151,-50.,49.965282214298));
#8096=CARTESIAN_POINT('Ctrl Pts',(-14.7157992480489,-50.,49.0863878934861));
#8097=CARTESIAN_POINT('Ctrl Pts',(-16.8490952151017,-50.,47.3088185486306));
#8098=CARTESIAN_POINT('Ctrl Pts',(-19.4406618768853,-50.,46.3100615318729));
#8099=CARTESIAN_POINT('Ctrl Pts',(-20.7508646202151,-50.,45.805125964298));
#8100=CARTESIAN_POINT('',(-13.6610208702151,-49.5,49.9652822142981));
#8101=CARTESIAN_POINT('',(-13.6610208702151,-50.,49.9652822142981));
#8102=CARTESIAN_POINT('Ctrl Pts',(-13.6610208702151,-49.5,49.965282214298));
#8103=CARTESIAN_POINT('Ctrl Pts',(-14.7157992480489,-49.5,49.0863878934861));
#8104=CARTESIAN_POINT('Ctrl Pts',(-16.8490952151017,-49.5,47.3088185486306));
#8105=CARTESIAN_POINT('Ctrl Pts',(-19.4406618768853,-49.5,46.3100615318729));
#8106=CARTESIAN_POINT('Ctrl Pts',(-20.7508646202151,-49.5,45.805125964298));
#8107=CARTESIAN_POINT('Origin',(-13.6610208702151,-50.,29.2816884642981));
#8108=CARTESIAN_POINT('',(-13.6610208702151,-50.,29.2816884642981));
#8109=CARTESIAN_POINT('',(-13.6610208702151,-50.,14.640844232149));
#8110=CARTESIAN_POINT('',(-13.6610208702151,-49.5,29.2816884642981));
#8111=CARTESIAN_POINT('',(-13.6610208702151,-50.,29.2816884642981));
#8112=CARTESIAN_POINT('',(-13.6610208702151,-49.5,29.2816884642981));
#8113=CARTESIAN_POINT('Origin',(-8.1727396202151,-50.,29.2816884642981));
#8114=CARTESIAN_POINT('',(-8.1727396202151,-50.,29.2816884642981));
#8115=CARTESIAN_POINT('',(20.9136301898925,-50.,29.2816884642981));
#8116=CARTESIAN_POINT('',(-8.1727396202151,-49.5,29.2816884642981));
#8117=CARTESIAN_POINT('',(-8.1727396202151,-50.,29.2816884642981));
#8118=CARTESIAN_POINT('',(-8.1727396202151,-49.5,29.2816884642981));
#8119=CARTESIAN_POINT('Origin',(-8.17273962021511,-50.,58.031688464298));
#8120=CARTESIAN_POINT('',(-8.1727396202151,-50.,29.015844232149));
#8121=CARTESIAN_POINT('',(-8.17273962021511,-49.5,58.031688464298));
#8122=CARTESIAN_POINT('Origin',(-1.0926614952151,-49.5,43.6566884642981));
#8123=CARTESIAN_POINT('Origin',(-35.,50.,74.));
#8124=CARTESIAN_POINT('',(-36.,50.,74.));
#8125=CARTESIAN_POINT('',(-35.,50.,75.));
#8126=CARTESIAN_POINT('Origin',(-35.,50.,74.));
#8127=CARTESIAN_POINT('',(-35.,47.5,75.));
#8128=CARTESIAN_POINT('',(-35.,50.,75.));
#8129=CARTESIAN_POINT('',(-36.,47.5,74.));
#8130=CARTESIAN_POINT('Origin',(-35.,47.5,74.));
#8131=CARTESIAN_POINT('',(-36.,50.,74.));
#8132=CARTESIAN_POINT('Origin',(-10.,50.,75.));
#8133=CARTESIAN_POINT('',(-11.,50.,75.));
#8134=CARTESIAN_POINT('',(-30.,50.,75.));
#8135=CARTESIAN_POINT('',(-11.,47.5,75.));
#8136=CARTESIAN_POINT('',(-11.,50.,75.));
#8137=CARTESIAN_POINT('',(-28.75,47.5,75.));
#8138=CARTESIAN_POINT('Origin',(-35.,50.,67.));
#8139=CARTESIAN_POINT('',(-35.,50.,66.));
#8140=CARTESIAN_POINT('',(-36.,50.,67.));
#8141=CARTESIAN_POINT('Origin',(-35.,50.,67.));
#8142=CARTESIAN_POINT('',(-36.,47.5,67.));
#8143=CARTESIAN_POINT('',(-36.,50.,67.));
#8144=CARTESIAN_POINT('',(-35.,47.5,66.));
#8145=CARTESIAN_POINT('Origin',(-35.,47.5,67.));
#8146=CARTESIAN_POINT('',(-35.,50.,66.));
#8147=CARTESIAN_POINT('Origin',(-36.,50.,75.));
#8148=CARTESIAN_POINT('',(-36.,47.5,37.5));
#8149=CARTESIAN_POINT('',(-36.,50.,37.5));
#8150=CARTESIAN_POINT('Origin',(-11.,50.,74.));
#8151=CARTESIAN_POINT('',(-10.,50.,74.));
#8152=CARTESIAN_POINT('Origin',(-11.,50.,74.));
#8153=CARTESIAN_POINT('',(-10.,47.5,74.));
#8154=CARTESIAN_POINT('',(-10.,50.,74.));
#8155=CARTESIAN_POINT('Origin',(-11.,47.5,74.));
#8156=CARTESIAN_POINT('Origin',(-10.,50.,66.));
#8157=CARTESIAN_POINT('',(-10.,50.,67.));
#8158=CARTESIAN_POINT('',(-10.,50.,33.));
#8159=CARTESIAN_POINT('',(-10.,47.5,67.));
#8160=CARTESIAN_POINT('',(-10.,50.,67.));
#8161=CARTESIAN_POINT('',(-10.,47.5,33.));
#8162=CARTESIAN_POINT('Origin',(-11.,50.,67.));
#8163=CARTESIAN_POINT('',(-11.,50.,66.));
#8164=CARTESIAN_POINT('Origin',(-11.,50.,67.));
#8165=CARTESIAN_POINT('',(-11.,47.5,66.));
#8166=CARTESIAN_POINT('',(-11.,50.,66.));
#8167=CARTESIAN_POINT('Origin',(-11.,47.5,67.));
#8168=CARTESIAN_POINT('Origin',(-36.,50.,66.));
#8169=CARTESIAN_POINT('',(-41.75,47.5,66.));
#8170=CARTESIAN_POINT('',(-43.,50.,66.));
#8171=CARTESIAN_POINT('Origin',(40.,50.,75.));
#8172=CARTESIAN_POINT('',(42.6,-47.5,75.));
#8173=CARTESIAN_POINT('Origin',(40.,-47.5,75.));
#8174=CARTESIAN_POINT('',(42.6,-50.,75.));
#8175=CARTESIAN_POINT('',(42.6,50.,75.));
#8176=CARTESIAN_POINT('Origin',(40.,-50.,75.));
#8177=CARTESIAN_POINT('Origin',(40.,50.,75.));
#8178=CARTESIAN_POINT('',(42.6,50.,75.));
#8179=CARTESIAN_POINT('Origin',(40.,50.,75.));
#8180=CARTESIAN_POINT('',(42.6,47.5,75.));
#8181=CARTESIAN_POINT('',(42.6,50.,75.));
#8182=CARTESIAN_POINT('Origin',(40.,47.5,75.));
#8183=CARTESIAN_POINT('Origin',(-40.,50.,75.));
#8184=CARTESIAN_POINT('',(-37.4,-47.5,75.));
#8185=CARTESIAN_POINT('Origin',(-40.,-47.5,75.));
#8186=CARTESIAN_POINT('',(-37.4,-50.,75.));
#8187=CARTESIAN_POINT('',(-37.4,50.,75.));
#8188=CARTESIAN_POINT('Origin',(-40.,-50.,75.));
#8189=CARTESIAN_POINT('Origin',(-40.,50.,75.));
#8190=CARTESIAN_POINT('',(-37.4,50.,75.));
#8191=CARTESIAN_POINT('Origin',(-40.,50.,75.));
#8192=CARTESIAN_POINT('',(-37.4,47.5,75.));
#8193=CARTESIAN_POINT('',(-37.4,50.,75.));
#8194=CARTESIAN_POINT('Origin',(-40.,47.5,75.));
#8195=CARTESIAN_POINT('Origin',(50.,-40.,80.));
#8196=CARTESIAN_POINT('',(-47.5,35.,80.));
#8197=CARTESIAN_POINT('',(-50.,35.,80.));
#8198=CARTESIAN_POINT('',(50.,35.,80.));
#8199=CARTESIAN_POINT('',(-47.5,-35.,80.));
#8200=CARTESIAN_POINT('',(-47.5,-43.75,80.));
#8201=CARTESIAN_POINT('',(-50.,-35.,80.));
#8202=CARTESIAN_POINT('',(50.,-35.,80.));
#8203=CARTESIAN_POINT('',(-50.,-45.,80.));
#8204=CARTESIAN_POINT('Origin',(50.,-40.,80.));
#8205=CARTESIAN_POINT('',(50.,35.,80.));
#8206=CARTESIAN_POINT('',(47.5,35.,80.));
#8207=CARTESIAN_POINT('',(50.,35.,80.));
#8208=CARTESIAN_POINT('',(50.,-35.,80.));
#8209=CARTESIAN_POINT('',(50.,5.,80.));
#8210=CARTESIAN_POINT('',(47.5,-35.,80.));
#8211=CARTESIAN_POINT('',(50.,-35.,80.));
#8212=CARTESIAN_POINT('',(47.5,3.75,80.));
#8213=CARTESIAN_POINT('Origin',(50.,-35.,75.));
#8214=CARTESIAN_POINT('',(50.,-35.,70.));
#8215=CARTESIAN_POINT('Origin',(50.,-35.,75.));
#8216=CARTESIAN_POINT('',(47.5,-35.,70.));
#8217=CARTESIAN_POINT('',(50.,-35.,70.));
#8218=CARTESIAN_POINT('Origin',(47.5,-35.,75.));
#8219=CARTESIAN_POINT('Origin',(50.,40.,70.));
#8220=CARTESIAN_POINT('',(50.,35.,70.));
#8221=CARTESIAN_POINT('',(50.,45.,70.));
#8222=CARTESIAN_POINT('',(47.5,35.,70.));
#8223=CARTESIAN_POINT('',(50.,35.,70.));
#8224=CARTESIAN_POINT('',(47.5,43.75,70.));
#8225=CARTESIAN_POINT('Origin',(50.,-35.,75.));
#8226=CARTESIAN_POINT('',(-47.5,-35.,70.));
#8227=CARTESIAN_POINT('Origin',(-47.5,-35.,75.));
#8228=CARTESIAN_POINT('',(-50.,-35.,70.));
#8229=CARTESIAN_POINT('',(50.,-35.,70.));
#8230=CARTESIAN_POINT('Origin',(-50.,-35.,75.));
#8231=CARTESIAN_POINT('Origin',(50.,40.,70.));
#8232=CARTESIAN_POINT('',(-47.5,35.,70.));
#8233=CARTESIAN_POINT('',(-47.5,-3.75,70.));
#8234=CARTESIAN_POINT('',(-50.,35.,70.));
#8235=CARTESIAN_POINT('',(50.,35.,70.));
#8236=CARTESIAN_POINT('',(-50.,-5.,70.));
#8237=CARTESIAN_POINT('Origin',(50.,35.,75.));
#8238=CARTESIAN_POINT('Origin',(-47.5,35.,75.));
#8239=CARTESIAN_POINT('Origin',(-50.,35.,75.));
#8240=CARTESIAN_POINT('Origin',(50.,35.,75.));
#8241=CARTESIAN_POINT('Origin',(50.,35.,75.));
#8242=CARTESIAN_POINT('Origin',(47.5,35.,75.));
#8243=CARTESIAN_POINT('Origin',(-3.73969860926349E-16,-43.5,-3.5));
#8244=CARTESIAN_POINT('',(1.7203144029786,-47.5,-2.5));
#8245=CARTESIAN_POINT('',(1.48326119000754,-46.9488142107963,-2.7));
#8246=CARTESIAN_POINT('Origin',(1.7203144029786,-47.5,-3.5));
#8247=CARTESIAN_POINT('',(3.75419341482066,-43.479627899215,-2.7));
#8248=CARTESIAN_POINT('Origin',(-3.73969860926349E-16,-43.5,-2.7));
#8249=CARTESIAN_POINT('',(-1.48326119000754,-46.9488142107963,-2.7));
#8250=CARTESIAN_POINT('Origin',(-3.73969860926349E-16,-43.5,-2.7));
#8251=CARTESIAN_POINT('',(-1.7203144029786,-47.5,-2.5));
#8252=CARTESIAN_POINT('Origin',(-1.7203144029786,-47.5,-3.5));
#8253=CARTESIAN_POINT('Origin',(-3.73969860926349E-16,-43.5,-2.5));
#8254=CARTESIAN_POINT('Ctrl Pts',(-1.72031440297861,-47.5,-2.5));
#8255=CARTESIAN_POINT('Ctrl Pts',(-1.25451545426758,-47.6430929714928,-2.5));
#8256=CARTESIAN_POINT('Ctrl Pts',(-0.0911190461565559,-47.8782310415806,
-2.47048211946887));
#8257=CARTESIAN_POINT('Ctrl Pts',(1.09924913803058,-47.6907906286571,-2.5));
#8258=CARTESIAN_POINT('Ctrl Pts',(1.72031440297861,-47.5,-2.5));
#8259=CARTESIAN_POINT('Ctrl Pts',(-1.63556773331756,-47.3029507408313,-2.5));
#8260=CARTESIAN_POINT('Ctrl Pts',(-1.19373097030286,-47.4548491525617,-2.511442175148));
#8261=CARTESIAN_POINT('Ctrl Pts',(-0.0869643506537236,-47.7064370861322,
-2.49698890779007));
#8262=CARTESIAN_POINT('Ctrl Pts',(1.04645204929798,-47.5054819564718,-2.51525623353067));
#8263=CARTESIAN_POINT('Ctrl Pts',(1.63556773331756,-47.3029507408313,-2.5));
#8264=CARTESIAN_POINT('Ctrl Pts',(-1.55105852573638,-47.1064536181313,-2.57129977824134));
#8265=CARTESIAN_POINT('Ctrl Pts',(-1.13301908834793,-47.2710343757803,-2.5819741510125));
#8266=CARTESIAN_POINT('Ctrl Pts',(-0.0827848058063596,-47.5410071802574,
-2.56520289659385));
#8267=CARTESIAN_POINT('Ctrl Pts',(0.993672609218477,-47.32589462833,-2.58553227526956));
#8268=CARTESIAN_POINT('Ctrl Pts',(1.55105852573639,-47.1064536181313,-2.57129977824134));
#8269=CARTESIAN_POINT('Ctrl Pts',(-1.48326119000754,-46.9488142107963,-2.7));
#8270=CARTESIAN_POINT('Ctrl Pts',(-1.08164768158538,-47.1215395865387,-2.7));
#8271=CARTESIAN_POINT('Ctrl Pts',(-0.0785113328190732,-47.4019516283068,
-2.66693997380513));
#8272=CARTESIAN_POINT('Ctrl Pts',(0.947776512111363,-47.1791147117861,-2.7));
#8273=CARTESIAN_POINT('Ctrl Pts',(1.48326119000755,-46.9488142107963,-2.7));
#8274=CARTESIAN_POINT('Ctrl Pts',(1.72031440297861,-47.5,-2.5));
#8275=CARTESIAN_POINT('Ctrl Pts',(1.09924913803058,-47.6907906286571,-2.5));
#8276=CARTESIAN_POINT('Ctrl Pts',(-0.0911190461565559,-47.8782310415806,
-2.47048211946887));
#8277=CARTESIAN_POINT('Ctrl Pts',(-1.25451545426758,-47.6430929714928,-2.5));
#8278=CARTESIAN_POINT('Ctrl Pts',(-1.72031440297861,-47.5,-2.5));
#8279=CARTESIAN_POINT('Ctrl Pts',(-1.48326119000754,-46.9488142107963,-2.7));
#8280=CARTESIAN_POINT('Ctrl Pts',(-1.08164768158538,-47.1215395865387,-2.7));
#8281=CARTESIAN_POINT('Ctrl Pts',(-0.0785113328190732,-47.4019516283068,
-2.66693997380513));
#8282=CARTESIAN_POINT('Ctrl Pts',(0.947776512111363,-47.1791147117861,-2.7));
#8283=CARTESIAN_POINT('Ctrl Pts',(1.48326119000755,-46.9488142107963,-2.7));
#8284=CARTESIAN_POINT('Origin',(0.,0.,-2.5));
#8285=CARTESIAN_POINT('',(-45.,-47.5,-2.5));
#8286=CARTESIAN_POINT('',(25.,-47.5,-2.5));
#8287=CARTESIAN_POINT('',(-47.5,-45.,-2.5));
#8288=CARTESIAN_POINT('Origin',(-45.,-45.,-2.5));
#8289=CARTESIAN_POINT('',(-47.5,50.,-2.5));
#8290=CARTESIAN_POINT('',(-47.5,-25.,-2.5));
#8291=CARTESIAN_POINT('',(47.5,50.,-2.5));
#8292=CARTESIAN_POINT('',(-25.,50.,-2.5));
#8293=CARTESIAN_POINT('',(47.5,-45.,-2.5));
#8294=CARTESIAN_POINT('',(47.5,25.,-2.5));
#8295=CARTESIAN_POINT('',(45.,-47.5,-2.5));
#8296=CARTESIAN_POINT('Origin',(45.,-45.,-2.5));
#8297=CARTESIAN_POINT('',(25.,-47.5,-2.5));
#8298=CARTESIAN_POINT('',(-4.35424868893542,43.5,-2.5));
#8299=CARTESIAN_POINT('Origin',(-6.03961325396085E-15,43.5,-2.5));
#8300=CARTESIAN_POINT('',(27.5,36.5,-2.5));
#8301=CARTESIAN_POINT('',(27.5,41.5,-2.5));
#8302=CARTESIAN_POINT('',(27.5,20.75,-2.5));
#8303=CARTESIAN_POINT('',(22.5,41.5,-2.5));
#8304=CARTESIAN_POINT('',(11.25,41.5,-2.5));
#8305=CARTESIAN_POINT('',(22.5,36.5,-2.5));
#8306=CARTESIAN_POINT('',(22.5,18.25,-2.5));
#8307=CARTESIAN_POINT('',(13.75,36.5,-2.5));
#8308=CARTESIAN_POINT('',(42.5,36.5,-2.5));
#8309=CARTESIAN_POINT('',(42.5,41.5,-2.5));
#8310=CARTESIAN_POINT('',(42.5,20.75,-2.5));
#8311=CARTESIAN_POINT('',(37.5,41.5,-2.5));
#8312=CARTESIAN_POINT('',(18.75,41.5,-2.5));
#8313=CARTESIAN_POINT('',(37.5,36.5,-2.5));
#8314=CARTESIAN_POINT('',(37.5,18.25,-2.5));
#8315=CARTESIAN_POINT('',(21.25,36.5,-2.5));
#8316=CARTESIAN_POINT('Ctrl Pts',(3.77885814484618,-43.4794940562531,-2.681351785948));
#8317=CARTESIAN_POINT('Ctrl Pts',(3.75835220109933,-39.700635911407,-2.681351785948));
#8318=CARTESIAN_POINT('Ctrl Pts',(-0.0205059437468517,-39.7211418551538,
-2.681351785948));
#8319=CARTESIAN_POINT('Ctrl Pts',(-3.79936408859303,-39.7416477989007,-2.681351785948));
#8320=CARTESIAN_POINT('Ctrl Pts',(-3.77885814484618,-43.5205059437468,-2.681351785948));
#8321=CARTESIAN_POINT('Ctrl Pts',(-3.75835220109933,-47.299364088593,-2.681351785948));
#8322=CARTESIAN_POINT('Ctrl Pts',(0.020505943746851,-47.2788581448462,-2.681351785948));
#8323=CARTESIAN_POINT('Ctrl Pts',(3.79936408859303,-47.2583522010993,-2.681351785948));
#8324=CARTESIAN_POINT('Ctrl Pts',(3.77885814484618,-43.4794940562531,-2.681351785948));
#8325=CARTESIAN_POINT('Ctrl Pts',(2.70474295250168,-43.4853227338239,-3.5));
#8326=CARTESIAN_POINT('Ctrl Pts',(2.69006568632556,-40.7805797813222,-3.5));
#8327=CARTESIAN_POINT('Ctrl Pts',(-0.0146772661761134,-40.7952570474983,
-3.5));
#8328=CARTESIAN_POINT('Ctrl Pts',(-2.71942021867779,-40.8099343136744,-3.5));
#8329=CARTESIAN_POINT('Ctrl Pts',(-2.70474295250168,-43.5146772661761,-3.5));
#8330=CARTESIAN_POINT('Ctrl Pts',(-2.69006568632557,-46.2194202186778,-3.5));
#8331=CARTESIAN_POINT('Ctrl Pts',(0.0146772661761126,-46.2047429525017,
-3.5));
#8332=CARTESIAN_POINT('Ctrl Pts',(2.71942021867779,-46.1900656863256,-3.5));
#8333=CARTESIAN_POINT('Ctrl Pts',(2.70474295250168,-43.4853227338239,-3.5));
#8334=CARTESIAN_POINT('Ctrl Pts',(1.35422875021967,-43.4926512884295,-3.5));
#8335=CARTESIAN_POINT('Ctrl Pts',(1.34688003864915,-42.1384225382098,-3.5));
#8336=CARTESIAN_POINT('Ctrl Pts',(-0.00734871157051879,-42.1457712497803,
-3.5));
#8337=CARTESIAN_POINT('Ctrl Pts',(-1.36157746179019,-42.1531199613508,-3.5));
#8338=CARTESIAN_POINT('Ctrl Pts',(-1.35422875021967,-43.5073487115705,-3.5));
#8339=CARTESIAN_POINT('Ctrl Pts',(-1.34688003864915,-44.8615774617902,-3.5));
#8340=CARTESIAN_POINT('Ctrl Pts',(0.00734871157051804,-44.8542287502197,
-3.5));
#8341=CARTESIAN_POINT('Ctrl Pts',(1.36157746179019,-44.8468800386491,-3.5));
#8342=CARTESIAN_POINT('Ctrl Pts',(1.35422875021967,-43.4926512884295,-3.5));
#8343=CARTESIAN_POINT('',(1.35422875021967,-43.4926512884295,-3.5));
#8344=CARTESIAN_POINT('Origin',(-3.73969860926349E-16,-43.5,-3.5));
#8345=CARTESIAN_POINT('Ctrl Pts',(1.35422875021967,-43.4926512884295,-3.5));
#8346=CARTESIAN_POINT('Ctrl Pts',(2.68754245277578,-43.4854160721992,-3.5));
#8347=CARTESIAN_POINT('Ctrl Pts',(3.75419341482066,-43.479627899215,-2.7));
#8348=CARTESIAN_POINT('Origin',(-6.03961325396085E-15,43.5,-3.5));
#8349=CARTESIAN_POINT('',(-3.75424868893542,43.5,-2.7));
#8350=CARTESIAN_POINT('',(3.7542486889354,43.5,-2.7));
#8351=CARTESIAN_POINT('Origin',(-6.03961325396085E-15,43.5,-2.7));
#8352=CARTESIAN_POINT('Origin',(-6.03961325396085E-15,43.5,-2.7));
#8353=CARTESIAN_POINT('Origin',(-4.35424868893542,43.5,-3.5));
#8354=CARTESIAN_POINT('Ctrl Pts',(3.7542486889354,43.5,-2.7));
#8355=CARTESIAN_POINT('Ctrl Pts',(3.7542486889354,47.2542486889354,-2.7));
#8356=CARTESIAN_POINT('Ctrl Pts',(-6.03961325396085E-15,47.2542486889354,
-2.7));
#8357=CARTESIAN_POINT('Ctrl Pts',(-3.75424868893541,47.2542486889354,-2.7));
#8358=CARTESIAN_POINT('Ctrl Pts',(-3.75424868893542,43.5,-2.7));
#8359=CARTESIAN_POINT('Ctrl Pts',(-3.75424868893541,39.7457513110646,-2.7));
#8360=CARTESIAN_POINT('Ctrl Pts',(-6.03961325396085E-15,39.7457513110646,
-2.7));
#8361=CARTESIAN_POINT('Ctrl Pts',(3.7542486889354,39.7457513110646,-2.7));
#8362=CARTESIAN_POINT('Ctrl Pts',(3.7542486889354,43.5,-2.7));
#8363=CARTESIAN_POINT('Ctrl Pts',(2.68758202226874,43.5,-3.5));
#8364=CARTESIAN_POINT('Ctrl Pts',(2.68758202226874,46.1875820222687,-3.5));
#8365=CARTESIAN_POINT('Ctrl Pts',(-6.03961325396085E-15,46.1875820222687,
-3.5));
#8366=CARTESIAN_POINT('Ctrl Pts',(-2.68758202226875,46.1875820222687,-3.5));
#8367=CARTESIAN_POINT('Ctrl Pts',(-2.68758202226875,43.5,-3.5));
#8368=CARTESIAN_POINT('Ctrl Pts',(-2.68758202226875,40.8124179777313,-3.5));
#8369=CARTESIAN_POINT('Ctrl Pts',(-6.03961325396085E-15,40.8124179777313,
-3.5));
#8370=CARTESIAN_POINT('Ctrl Pts',(2.68758202226874,40.8124179777313,-3.5));
#8371=CARTESIAN_POINT('Ctrl Pts',(2.68758202226874,43.5,-3.5));
#8372=CARTESIAN_POINT('Ctrl Pts',(1.3542486889354,43.5,-3.5));
#8373=CARTESIAN_POINT('Ctrl Pts',(1.3542486889354,44.8542486889354,-3.5));
#8374=CARTESIAN_POINT('Ctrl Pts',(-6.03961325396085E-15,44.8542486889354,
-3.5));
#8375=CARTESIAN_POINT('Ctrl Pts',(-1.35424868893542,44.8542486889354,-3.5));
#8376=CARTESIAN_POINT('Ctrl Pts',(-1.35424868893542,43.5,-3.5));
#8377=CARTESIAN_POINT('Ctrl Pts',(-1.35424868893542,42.1457513110646,-3.5));
#8378=CARTESIAN_POINT('Ctrl Pts',(-6.03961325396085E-15,42.1457513110646,
-3.5));
#8379=CARTESIAN_POINT('Ctrl Pts',(1.3542486889354,42.1457513110646,-3.5));
#8380=CARTESIAN_POINT('Ctrl Pts',(1.3542486889354,43.5,-3.5));
#8381=CARTESIAN_POINT('',(1.3542486889354,43.5,-3.5));
#8382=CARTESIAN_POINT('Origin',(-6.03961325396085E-15,43.5,-3.5));
#8383=CARTESIAN_POINT('Origin',(1.3542486889354,43.5,0.5));
#8384=CARTESIAN_POINT('Origin',(-3.33066907387547E-15,4.44089209850063E-15,
-3.5));
#8385=CARTESIAN_POINT('Origin',(-3.33066907387547E-15,4.44089209850063E-15,
-3.5));
#8386=CARTESIAN_POINT('Origin',(-45.,4.32402651696114E-15,50.));
#8387=CARTESIAN_POINT('',(-47.5,35.,50.));
#8388=CARTESIAN_POINT('',(-45.,35.2525512860841,52.5));
#8389=CARTESIAN_POINT('Ctrl Pts',(-47.5,35.,50.));
#8390=CARTESIAN_POINT('Ctrl Pts',(-47.5,35.,50.3139896862253));
#8391=CARTESIAN_POINT('Ctrl Pts',(-47.4372273107758,34.9995062129791,50.6488920050877));
#8392=CARTESIAN_POINT('Ctrl Pts',(-47.1820288454166,35.0033932726531,51.2648667475975));
#8393=CARTESIAN_POINT('Ctrl Pts',(-46.9896003132361,35.0084479890176,51.5459335926966));
#8394=CARTESIAN_POINT('Ctrl Pts',(-46.5440954935538,35.0345899481989,51.9914384123789));
#8395=CARTESIAN_POINT('Ctrl Pts',(-46.2609341463465,35.0576781503074,52.1843488334986));
#8396=CARTESIAN_POINT('Ctrl Pts',(-45.6439230702745,35.1346599052349,52.4385851898558));
#8397=CARTESIAN_POINT('Ctrl Pts',(-45.3101949426968,35.1892330085509,52.5));
#8398=CARTESIAN_POINT('Ctrl Pts',(-45.,35.2525512860841,52.5));
#8399=CARTESIAN_POINT('',(-45.,27.6568651670156,52.5));
#8400=CARTESIAN_POINT('',(-45.,4.32402651696114E-15,52.5));
#8401=CARTESIAN_POINT('',(-47.5,27.5,50.));
#8402=CARTESIAN_POINT('Ctrl Pts',(-45.,27.6568651670156,52.5));
#8403=CARTESIAN_POINT('Ctrl Pts',(-45.3124711585378,27.6174975014265,52.5));
#8404=CARTESIAN_POINT('Ctrl Pts',(-45.6468779420452,27.5836377904773,52.4377762679682));
#8405=CARTESIAN_POINT('Ctrl Pts',(-46.2632378720513,27.535883078528,52.18298747591));
#8406=CARTESIAN_POINT('Ctrl Pts',(-46.5451444957019,27.5215646697384,51.9903894102308));
#8407=CARTESIAN_POINT('Ctrl Pts',(-46.9896804620436,27.5052785547599,51.5458534438892));
#8408=CARTESIAN_POINT('Ctrl Pts',(-47.1820916183885,27.5021198048879,51.2647545127364));
#8409=CARTESIAN_POINT('Ctrl Pts',(-47.4372508505933,27.4996914880709,50.6487958927303));
#8410=CARTESIAN_POINT('Ctrl Pts',(-47.5,27.5,50.3139383842011));
#8411=CARTESIAN_POINT('Ctrl Pts',(-47.5,27.5,50.));
#8412=CARTESIAN_POINT('',(-47.5,4.09029535388216E-15,50.));
#8413=CARTESIAN_POINT('Origin',(-42.5,47.5,52.5));
#8414=CARTESIAN_POINT('',(-35.,47.5,52.5));
#8415=CARTESIAN_POINT('Origin',(-47.5,47.5,52.5));
#8416=CARTESIAN_POINT('',(-32.5,47.5,52.5));
#8417=CARTESIAN_POINT('',(-23.75,47.5,52.5));
#8418=CARTESIAN_POINT('',(-32.5,50.,52.5));
#8419=CARTESIAN_POINT('',(-32.5,47.5,52.5));
#8420=CARTESIAN_POINT('',(32.5,50.,52.5));
#8421=CARTESIAN_POINT('',(-46.25,50.,52.5));
#8422=CARTESIAN_POINT('',(32.5,47.5,52.5));
#8423=CARTESIAN_POINT('',(32.5,47.5,52.5));
#8424=CARTESIAN_POINT('',(35.,47.5,52.5));
#8425=CARTESIAN_POINT('',(-23.75,47.5,52.5));
#8426=CARTESIAN_POINT('',(45.,35.2525512860841,52.5));
#8427=CARTESIAN_POINT('Origin',(47.5,47.5,52.5));
#8428=CARTESIAN_POINT('',(45.,27.6568651670156,52.5));
#8429=CARTESIAN_POINT('',(45.,47.5,52.5));
#8430=CARTESIAN_POINT('',(41.,28.5857196806223,52.5));
#8431=CARTESIAN_POINT('Origin',(47.5,47.5,52.5));
#8432=CARTESIAN_POINT('',(41.,-28.5857196806223,52.5));
#8433=CARTESIAN_POINT('',(41.,14.2928598403111,52.5));
#8434=CARTESIAN_POINT('',(45.,-27.6568651670156,52.5));
#8435=CARTESIAN_POINT('Origin',(47.5,-47.5,52.5));
#8436=CARTESIAN_POINT('',(45.,-35.2525512860841,52.5));
#8437=CARTESIAN_POINT('',(45.,47.5,52.5));
#8438=CARTESIAN_POINT('',(35.2525512860841,-45.,52.5));
#8439=CARTESIAN_POINT('Origin',(47.5,-47.5,52.5));
#8440=CARTESIAN_POINT('',(27.6568651670156,-45.,52.5));
#8441=CARTESIAN_POINT('',(2.5,-45.,52.5));
#8442=CARTESIAN_POINT('',(28.4212159716611,-41.5,52.5));
#8443=CARTESIAN_POINT('Origin',(47.5,-47.5,52.5));
#8444=CARTESIAN_POINT('',(-28.4212159716611,-41.5,52.5));
#8445=CARTESIAN_POINT('',(14.2106079858305,-41.5,52.5));
#8446=CARTESIAN_POINT('',(-27.6568651670156,-45.,52.5));
#8447=CARTESIAN_POINT('Origin',(-47.5,-47.5,52.5));
#8448=CARTESIAN_POINT('',(-35.2525512860841,-45.,52.5));
#8449=CARTESIAN_POINT('',(2.5,-45.,52.5));
#8450=CARTESIAN_POINT('',(-45.,-35.2525512860841,52.5));
#8451=CARTESIAN_POINT('Origin',(-47.5,-47.5,52.5));
#8452=CARTESIAN_POINT('',(-45.,-27.6568651670156,52.5));
#8453=CARTESIAN_POINT('',(-45.,4.32402651696114E-15,52.5));
#8454=CARTESIAN_POINT('',(-41.,-28.5857196806223,52.5));
#8455=CARTESIAN_POINT('Origin',(-47.5,-47.5,52.5));
#8456=CARTESIAN_POINT('',(-41.,28.5857196806223,52.5));
#8457=CARTESIAN_POINT('',(-41.,-14.2928598403111,52.5));
#8458=CARTESIAN_POINT('Origin',(-47.5,47.5,52.5));
#8459=CARTESIAN_POINT('',(-27.5,47.5,52.5));
#8460=CARTESIAN_POINT('',(27.5,47.5,52.5));
#8461=CARTESIAN_POINT('',(-45.,47.5,52.5));
#8462=CARTESIAN_POINT('',(-28.4212159716611,41.5,52.5));
#8463=CARTESIAN_POINT('Origin',(-47.5,47.5,52.5));
#8464=CARTESIAN_POINT('',(28.4212159716611,41.5,52.5));
#8465=CARTESIAN_POINT('',(-14.2106079858305,41.5,52.5));
#8466=CARTESIAN_POINT('Origin',(47.5,47.5,52.5));
#8467=CARTESIAN_POINT('Origin',(45.,47.5,50.));
#8468=CARTESIAN_POINT('',(47.5,27.5,50.));
#8469=CARTESIAN_POINT('Ctrl Pts',(47.5,27.5,50.));
#8470=CARTESIAN_POINT('Ctrl Pts',(47.5,27.5,50.3139383842011));
#8471=CARTESIAN_POINT('Ctrl Pts',(47.4372508505933,27.4996914880709,50.6487958927303));
#8472=CARTESIAN_POINT('Ctrl Pts',(47.1820916183885,27.5021198048879,51.2647545127363));
#8473=CARTESIAN_POINT('Ctrl Pts',(46.9896804620436,27.5052785547599,51.5458534438892));
#8474=CARTESIAN_POINT('Ctrl Pts',(46.5451444957019,27.5215646697384,51.9903894102308));
#8475=CARTESIAN_POINT('Ctrl Pts',(46.2632378720513,27.535883078528,52.18298747591));
#8476=CARTESIAN_POINT('Ctrl Pts',(45.6468779420451,27.5836377904773,52.4377762679682));
#8477=CARTESIAN_POINT('Ctrl Pts',(45.3124711585378,27.6174975014265,52.5));
#8478=CARTESIAN_POINT('Ctrl Pts',(45.,27.6568651670156,52.5));
#8479=CARTESIAN_POINT('',(47.5,35.,50.));
#8480=CARTESIAN_POINT('Ctrl Pts',(45.,35.2525512860841,52.5));
#8481=CARTESIAN_POINT('Ctrl Pts',(45.3101949426968,35.1892330085509,52.5));
#8482=CARTESIAN_POINT('Ctrl Pts',(45.6439230702745,35.1346599052349,52.4385851898558));
#8483=CARTESIAN_POINT('Ctrl Pts',(46.2609341463465,35.0576781503074,52.1843488334986));
#8484=CARTESIAN_POINT('Ctrl Pts',(46.5440954935538,35.0345899481989,51.9914384123789));
#8485=CARTESIAN_POINT('Ctrl Pts',(46.9896003132361,35.0084479890176,51.5459335926966));
#8486=CARTESIAN_POINT('Ctrl Pts',(47.1820288454166,35.0033932726531,51.2648667475975));
#8487=CARTESIAN_POINT('Ctrl Pts',(47.4372273107758,34.9995062129791,50.6488920050877));
#8488=CARTESIAN_POINT('Ctrl Pts',(47.5,35.,50.3139896862252));
#8489=CARTESIAN_POINT('Ctrl Pts',(47.5,35.,50.));
#8490=CARTESIAN_POINT('',(47.5,47.5,50.));
#8491=CARTESIAN_POINT('Origin',(-45.,4.32402651696114E-15,50.));
#8492=CARTESIAN_POINT('',(-47.5,-27.5,50.));
#8493=CARTESIAN_POINT('Ctrl Pts',(-47.5,-27.5,50.));
#8494=CARTESIAN_POINT('Ctrl Pts',(-47.5,-27.5,50.3139383842011));
#8495=CARTESIAN_POINT('Ctrl Pts',(-47.4372508505933,-27.4996914880709,50.6487958927303));
#8496=CARTESIAN_POINT('Ctrl Pts',(-47.1820916183885,-27.5021198048879,51.2647545127364));
#8497=CARTESIAN_POINT('Ctrl Pts',(-46.9896804620436,-27.5052785547599,51.5458534438892));
#8498=CARTESIAN_POINT('Ctrl Pts',(-46.5451444957019,-27.5215646697384,51.9903894102308));
#8499=CARTESIAN_POINT('Ctrl Pts',(-46.2632378720512,-27.535883078528,52.18298747591));
#8500=CARTESIAN_POINT('Ctrl Pts',(-45.6468779420451,-27.5836377904773,52.4377762679682));
#8501=CARTESIAN_POINT('Ctrl Pts',(-45.3124711585378,-27.6174975014264,52.5));
#8502=CARTESIAN_POINT('Ctrl Pts',(-45.,-27.6568651670156,52.5));
#8503=CARTESIAN_POINT('',(-47.5,-35.,50.));
#8504=CARTESIAN_POINT('Ctrl Pts',(-45.,-35.2525512860841,52.5));
#8505=CARTESIAN_POINT('Ctrl Pts',(-45.3101949426968,-35.1892330085508,52.5));
#8506=CARTESIAN_POINT('Ctrl Pts',(-45.6439230702745,-35.1346599052349,52.4385851898558));
#8507=CARTESIAN_POINT('Ctrl Pts',(-46.2609341463465,-35.0576781503074,52.1843488334986));
#8508=CARTESIAN_POINT('Ctrl Pts',(-46.5440954935538,-35.0345899481989,51.9914384123789));
#8509=CARTESIAN_POINT('Ctrl Pts',(-46.9896003132361,-35.0084479890176,51.5459335926966));
#8510=CARTESIAN_POINT('Ctrl Pts',(-47.1820288454166,-35.0033932726531,51.2648667475975));
#8511=CARTESIAN_POINT('Ctrl Pts',(-47.4372273107758,-34.9995062129791,50.6488920050877));
#8512=CARTESIAN_POINT('Ctrl Pts',(-47.5,-35.,50.3139896862253));
#8513=CARTESIAN_POINT('Ctrl Pts',(-47.5,-35.,50.));
#8514=CARTESIAN_POINT('',(-47.5,4.09029535388216E-15,50.));
#8515=CARTESIAN_POINT('Origin',(2.5,-45.,50.));
#8516=CARTESIAN_POINT('',(-35.,-47.5,50.));
#8517=CARTESIAN_POINT('Ctrl Pts',(-35.,-47.5,50.));
#8518=CARTESIAN_POINT('Ctrl Pts',(-35.,-47.5,50.3139896862253));
#8519=CARTESIAN_POINT('Ctrl Pts',(-34.9995062129791,-47.4372273107758,50.6488920050877));
#8520=CARTESIAN_POINT('Ctrl Pts',(-35.0033932726531,-47.1820288454166,51.2648667475975));
#8521=CARTESIAN_POINT('Ctrl Pts',(-35.0084479890176,-46.9896003132361,51.5459335926966));
#8522=CARTESIAN_POINT('Ctrl Pts',(-35.0345899481989,-46.5440954935538,51.9914384123789));
#8523=CARTESIAN_POINT('Ctrl Pts',(-35.0576781503074,-46.2609341463465,52.1843488334986));
#8524=CARTESIAN_POINT('Ctrl Pts',(-35.1346599052349,-45.6439230702745,52.4385851898558));
#8525=CARTESIAN_POINT('Ctrl Pts',(-35.1892330085508,-45.3101949426968,52.5));
#8526=CARTESIAN_POINT('Ctrl Pts',(-35.2525512860841,-45.,52.5));
#8527=CARTESIAN_POINT('',(-27.5,-47.5,50.));
#8528=CARTESIAN_POINT('Ctrl Pts',(-27.6568651670156,-45.,52.5));
#8529=CARTESIAN_POINT('Ctrl Pts',(-27.6174975014264,-45.3124711585378,52.5));
#8530=CARTESIAN_POINT('Ctrl Pts',(-27.5836377904773,-45.6468779420452,52.4377762679682));
#8531=CARTESIAN_POINT('Ctrl Pts',(-27.535883078528,-46.2632378720513,52.18298747591));
#8532=CARTESIAN_POINT('Ctrl Pts',(-27.5215646697384,-46.5451444957019,51.9903894102308));
#8533=CARTESIAN_POINT('Ctrl Pts',(-27.5052785547599,-46.9896804620436,51.5458534438892));
#8534=CARTESIAN_POINT('Ctrl Pts',(-27.5021198048879,-47.1820916183885,51.2647545127364));
#8535=CARTESIAN_POINT('Ctrl Pts',(-27.4996914880709,-47.4372508505933,50.6487958927303));
#8536=CARTESIAN_POINT('Ctrl Pts',(-27.5,-47.5,50.3139383842011));
#8537=CARTESIAN_POINT('Ctrl Pts',(-27.5,-47.5,50.));
#8538=CARTESIAN_POINT('',(2.5,-47.5,50.));
#8539=CARTESIAN_POINT('Origin',(2.5,-45.,50.));
#8540=CARTESIAN_POINT('',(27.5,-47.5,50.));
#8541=CARTESIAN_POINT('Ctrl Pts',(27.5,-47.5,50.));
#8542=CARTESIAN_POINT('Ctrl Pts',(27.5,-47.5,50.3139383842011));
#8543=CARTESIAN_POINT('Ctrl Pts',(27.4996914880709,-47.4372508505933,50.6487958927303));
#8544=CARTESIAN_POINT('Ctrl Pts',(27.5021198048879,-47.1820916183885,51.2647545127364));
#8545=CARTESIAN_POINT('Ctrl Pts',(27.5052785547599,-46.9896804620436,51.5458534438892));
#8546=CARTESIAN_POINT('Ctrl Pts',(27.5215646697384,-46.5451444957019,51.9903894102308));
#8547=CARTESIAN_POINT('Ctrl Pts',(27.535883078528,-46.2632378720512,52.18298747591));
#8548=CARTESIAN_POINT('Ctrl Pts',(27.5836377904773,-45.6468779420451,52.4377762679682));
#8549=CARTESIAN_POINT('Ctrl Pts',(27.6174975014264,-45.3124711585378,52.5));
#8550=CARTESIAN_POINT('Ctrl Pts',(27.6568651670156,-45.,52.5));
#8551=CARTESIAN_POINT('',(35.,-47.5,50.));
#8552=CARTESIAN_POINT('Ctrl Pts',(35.2525512860841,-45.,52.5));
#8553=CARTESIAN_POINT('Ctrl Pts',(35.1892330085509,-45.3101949426968,52.5));
#8554=CARTESIAN_POINT('Ctrl Pts',(35.1346599052349,-45.6439230702745,52.4385851898558));
#8555=CARTESIAN_POINT('Ctrl Pts',(35.0576781503074,-46.2609341463465,52.1843488334986));
#8556=CARTESIAN_POINT('Ctrl Pts',(35.0345899481989,-46.5440954935538,51.9914384123789));
#8557=CARTESIAN_POINT('Ctrl Pts',(35.0084479890176,-46.9896003132362,51.5459335926966));
#8558=CARTESIAN_POINT('Ctrl Pts',(35.0033932726531,-47.1820288454165,51.2648667475976));
#8559=CARTESIAN_POINT('Ctrl Pts',(34.9995062129791,-47.4372273107758,50.6488920050877));
#8560=CARTESIAN_POINT('Ctrl Pts',(35.,-47.5,50.3139896862253));
#8561=CARTESIAN_POINT('Ctrl Pts',(35.,-47.5,50.));
#8562=CARTESIAN_POINT('',(2.5,-47.5,50.));
#8563=CARTESIAN_POINT('Origin',(45.,47.5,50.));
#8564=CARTESIAN_POINT('',(47.5,-35.,50.));
#8565=CARTESIAN_POINT('Ctrl Pts',(47.5,-35.,50.));
#8566=CARTESIAN_POINT('Ctrl Pts',(47.5,-35.,50.3139896862252));
#8567=CARTESIAN_POINT('Ctrl Pts',(47.4372273107758,-34.9995062129791,50.6488920050877));
#8568=CARTESIAN_POINT('Ctrl Pts',(47.1820288454166,-35.0033932726531,51.2648667475975));
#8569=CARTESIAN_POINT('Ctrl Pts',(46.9896003132361,-35.0084479890176,51.5459335926966));
#8570=CARTESIAN_POINT('Ctrl Pts',(46.5440954935538,-35.0345899481989,51.9914384123789));
#8571=CARTESIAN_POINT('Ctrl Pts',(46.2609341463465,-35.0576781503074,52.1843488334986));
#8572=CARTESIAN_POINT('Ctrl Pts',(45.6439230702745,-35.1346599052349,52.4385851898557));
#8573=CARTESIAN_POINT('Ctrl Pts',(45.3101949426968,-35.1892330085509,52.5));
#8574=CARTESIAN_POINT('Ctrl Pts',(45.,-35.2525512860841,52.5));
#8575=CARTESIAN_POINT('',(47.5,-27.5,50.));
#8576=CARTESIAN_POINT('Ctrl Pts',(45.,-27.6568651670156,52.5));
#8577=CARTESIAN_POINT('Ctrl Pts',(45.3124711585378,-27.6174975014265,52.5));
#8578=CARTESIAN_POINT('Ctrl Pts',(45.6468779420452,-27.5836377904773,52.4377762679682));
#8579=CARTESIAN_POINT('Ctrl Pts',(46.2632378720513,-27.535883078528,52.18298747591));
#8580=CARTESIAN_POINT('Ctrl Pts',(46.5451444957019,-27.5215646697384,51.9903894102308));
#8581=CARTESIAN_POINT('Ctrl Pts',(46.9896804620436,-27.5052785547599,51.5458534438892));
#8582=CARTESIAN_POINT('Ctrl Pts',(47.1820916183885,-27.5021198048879,51.2647545127364));
#8583=CARTESIAN_POINT('Ctrl Pts',(47.4372508505933,-27.4996914880709,50.6487958927303));
#8584=CARTESIAN_POINT('Ctrl Pts',(47.5,-27.5,50.3139383842011));
#8585=CARTESIAN_POINT('Ctrl Pts',(47.5,-27.5,50.));
#8586=CARTESIAN_POINT('',(47.5,47.5,50.));
#8587=CARTESIAN_POINT('Origin',(-20.,16.,2.5));
#8588=CARTESIAN_POINT('',(-20.,-32.,0.));
#8589=CARTESIAN_POINT('',(-17.5,-32.,2.5));
#8590=CARTESIAN_POINT('Origin',(-20.,-32.,2.5));
#8591=CARTESIAN_POINT('',(-17.5,32.,2.5));
#8592=CARTESIAN_POINT('',(-17.5,16.,2.5));
#8593=CARTESIAN_POINT('',(-20.,32.,0.));
#8594=CARTESIAN_POINT('Origin',(-20.,32.,2.5));
#8595=CARTESIAN_POINT('',(-20.,16.,0.));
#8596=CARTESIAN_POINT('Origin',(-17.5,32.,0.));
#8597=CARTESIAN_POINT('',(-17.5,-32.,23.));
#8598=CARTESIAN_POINT('',(-17.5,-32.,0.));
#8599=CARTESIAN_POINT('',(-17.5,-6.6625,23.));
#8600=CARTESIAN_POINT('',(-17.5,16.0000001192093,23.));
#8601=CARTESIAN_POINT('',(-17.5,-6.6625,18.));
#8602=CARTESIAN_POINT('',(-17.5,-6.6625,11.5));
#8603=CARTESIAN_POINT('',(-17.5,6.6625,18.));
#8604=CARTESIAN_POINT('',(-17.5,16.,18.));
#8605=CARTESIAN_POINT('',(-17.5,6.6625,23.));
#8606=CARTESIAN_POINT('',(-17.5,6.6625,11.5));
#8607=CARTESIAN_POINT('',(-17.5,32.,23.));
#8608=CARTESIAN_POINT('',(-17.5,16.0000001192093,23.));
#8609=CARTESIAN_POINT('',(-17.5,32.,0.));
#8610=CARTESIAN_POINT('Origin',(20.,-16.,2.5));
#8611=CARTESIAN_POINT('',(20.,32.,0.));
#8612=CARTESIAN_POINT('',(17.5,32.,2.5));
#8613=CARTESIAN_POINT('Origin',(20.,32.,2.5));
#8614=CARTESIAN_POINT('',(17.5,-32.,2.5));
#8615=CARTESIAN_POINT('',(17.5,-16.,2.5));
#8616=CARTESIAN_POINT('',(20.,-32.,0.));
#8617=CARTESIAN_POINT('Origin',(20.,-32.,2.5));
#8618=CARTESIAN_POINT('',(20.,-16.,0.));
#8619=CARTESIAN_POINT('Origin',(17.5,-32.,0.));
#8620=CARTESIAN_POINT('',(17.5,32.,23.));
#8621=CARTESIAN_POINT('',(17.5,32.,0.));
#8622=CARTESIAN_POINT('',(17.5,6.6625,23.));
#8623=CARTESIAN_POINT('',(17.5,-15.9999998807907,23.));
#8624=CARTESIAN_POINT('',(17.5,6.6625,18.));
#8625=CARTESIAN_POINT('',(17.5,6.6625,11.5));
#8626=CARTESIAN_POINT('',(17.5,-6.6625,18.));
#8627=CARTESIAN_POINT('',(17.5,-16.,18.));
#8628=CARTESIAN_POINT('',(17.5,-6.6625,23.));
#8629=CARTESIAN_POINT('',(17.5,-6.6625,11.5));
#8630=CARTESIAN_POINT('',(17.5,-32.,23.));
#8631=CARTESIAN_POINT('',(17.5,-15.9999998807907,23.));
#8632=CARTESIAN_POINT('',(17.5,-32.,0.));
#8633=CARTESIAN_POINT('Origin',(42.4999989382923,3.33125000000001,41.225));
#8634=CARTESIAN_POINT('',(39.9999989382923,6.66250000000001,41.225));
#8635=CARTESIAN_POINT('',(42.4999989382923,6.66250000000001,43.725));
#8636=CARTESIAN_POINT('Origin',(42.4999989382923,6.66250000000001,41.225));
#8637=CARTESIAN_POINT('',(42.4999989382923,-6.6625,43.725));
#8638=CARTESIAN_POINT('',(42.4999989382923,3.33125000000001,43.725));
#8639=CARTESIAN_POINT('',(39.9999989382923,-6.6625,41.225));
#8640=CARTESIAN_POINT('Origin',(42.4999989382923,-6.6625,41.225));
#8641=CARTESIAN_POINT('',(39.9999989382923,3.33125000000001,41.225));
#8642=CARTESIAN_POINT('Origin',(43.1874989382923,5.55111512312578E-15,43.725));
#8643=CARTESIAN_POINT('',(46.3749989382923,6.66250000000001,43.725));
#8644=CARTESIAN_POINT('',(30.3437494691461,6.66250000000001,43.725));
#8645=CARTESIAN_POINT('',(46.3749989382923,-6.6625,43.725));
#8646=CARTESIAN_POINT('',(46.3749989382923,-3.33125,43.725));
#8647=CARTESIAN_POINT('',(45.3437489382923,-6.6625,43.725));
#8648=CARTESIAN_POINT('Origin',(43.8749989382923,-3.33125,44.225));
#8649=CARTESIAN_POINT('',(46.3749989382923,6.66250000000001,44.225));
#8650=CARTESIAN_POINT('',(43.8749989382923,6.66250000000001,46.725));
#8651=CARTESIAN_POINT('Origin',(43.8749989382923,6.6625,44.225));
#8652=CARTESIAN_POINT('',(43.8749989382923,-6.6625,46.725));
#8653=CARTESIAN_POINT('',(43.8749989382923,-3.33125,46.725));
#8654=CARTESIAN_POINT('',(46.3749989382923,-6.6625,44.225));
#8655=CARTESIAN_POINT('Origin',(43.8749989382923,-6.6625,44.225));
#8656=CARTESIAN_POINT('',(46.3749989382923,-3.33125,44.225));
#8657=CARTESIAN_POINT('Origin',(41.6874989382923,5.55111512312578E-15,46.725));
#8658=CARTESIAN_POINT('',(39.4999989382923,6.66250000000001,46.725));
#8659=CARTESIAN_POINT('',(21.0000014528632,6.6625,46.725));
#8660=CARTESIAN_POINT('',(39.4999989382923,-6.6625,46.725));
#8661=CARTESIAN_POINT('',(39.4999989382923,3.33125000000001,46.725));
#8662=CARTESIAN_POINT('',(47.4999989382923,-6.6625,46.725));
#8663=CARTESIAN_POINT('Origin',(17.5,6.6625,23.));
#8664=CARTESIAN_POINT('',(46.3749989382923,6.66250000000001,36.725));
#8665=CARTESIAN_POINT('',(39.9999989382923,6.66250000000001,39.225));
#8666=CARTESIAN_POINT('',(39.9999989382923,6.66250000000001,29.8625));
#8667=CARTESIAN_POINT('',(42.4999989382923,6.66250000000001,36.725));
#8668=CARTESIAN_POINT('Origin',(42.4999989382923,6.66250000000001,39.225));
#8669=CARTESIAN_POINT('',(47.4999989382923,6.66250000000001,36.725));
#8670=CARTESIAN_POINT('',(23.7499994691461,6.6625,36.725));
#8671=CARTESIAN_POINT('',(47.5,6.66250000000001,18.));
#8672=CARTESIAN_POINT('',(47.5,6.66250000000001,11.5));
#8673=CARTESIAN_POINT('',(45.,6.66250000000001,20.5));
#8674=CARTESIAN_POINT('Origin',(45.,6.6625,18.));
#8675=CARTESIAN_POINT('',(20.,6.6625,20.5));
#8676=CARTESIAN_POINT('',(8.74999999999999,6.6625,20.5));
#8677=CARTESIAN_POINT('Origin',(20.,6.6625,18.));
#8678=CARTESIAN_POINT('',(21.0000014528632,6.6625,23.));
#8679=CARTESIAN_POINT('',(47.4999989382923,6.66250000000001,23.));
#8680=CARTESIAN_POINT('',(21.0000014528632,6.6625,36.725));
#8681=CARTESIAN_POINT('',(21.0000014528632,6.6625,23.));
#8682=CARTESIAN_POINT('',(33.8112079465553,6.66250000000001,36.725));
#8683=CARTESIAN_POINT('',(23.7499994691461,6.6625,36.725));
#8684=CARTESIAN_POINT('',(36.2892776982619,6.66250000000001,38.8945906997725));
#8685=CARTESIAN_POINT('Origin',(33.8112079465553,6.66250000000001,39.225));
#8686=CARTESIAN_POINT('',(36.9999989382923,6.66250000000001,44.225));
#8687=CARTESIAN_POINT('',(35.1894094279142,6.66250000000001,30.6455786721643));
#8688=CARTESIAN_POINT('Origin',(39.4999989382923,6.66250000000001,44.225));
#8689=CARTESIAN_POINT('Origin',(39.4999989382923,3.33125000000001,44.225));
#8690=CARTESIAN_POINT('',(36.9999989382923,-6.6625,44.225));
#8691=CARTESIAN_POINT('Origin',(39.4999989382923,-6.6625,44.225));
#8692=CARTESIAN_POINT('',(36.9999989382923,3.33125000000001,44.225));
#8693=CARTESIAN_POINT('Origin',(42.4999989382923,3.33125000000001,39.225));
#8694=CARTESIAN_POINT('',(39.9999989382923,-6.6625,39.225));
#8695=CARTESIAN_POINT('',(42.4999989382923,-6.6625,36.725));
#8696=CARTESIAN_POINT('Origin',(42.4999989382923,-6.6625,39.225));
#8697=CARTESIAN_POINT('',(42.4999989382923,3.33125000000001,36.725));
#8698=CARTESIAN_POINT('',(39.9999989382923,3.33125000000001,39.225));
#8699=CARTESIAN_POINT('Origin',(0.,2.22044604925031E-15,36.725));
#8700=CARTESIAN_POINT('',(47.4999989382923,-6.6625,36.725));
#8701=CARTESIAN_POINT('',(45.3437489382923,-6.6625,36.725));
#8702=CARTESIAN_POINT('',(47.5,23.75,36.725));
#8703=CARTESIAN_POINT('Origin',(33.8112079465553,1.66562500000001,39.225));
#8704=CARTESIAN_POINT('',(33.8112079465553,-6.6625,36.725));
#8705=CARTESIAN_POINT('',(33.8112079465553,1.66562500000001,36.725));
#8706=CARTESIAN_POINT('',(36.2892776982619,-6.6625,38.8945906997725));
#8707=CARTESIAN_POINT('Origin',(33.8112079465553,-6.6625,39.225));
#8708=CARTESIAN_POINT('',(36.2892776982619,1.66562500000001,38.8945906997725));
#8709=CARTESIAN_POINT('Origin',(0.,2.22044604925031E-15,36.725));
#8710=CARTESIAN_POINT('',(21.0000014528632,-6.6625,36.725));
#8711=CARTESIAN_POINT('',(21.0000014528632,3.33125,36.725));
#8712=CARTESIAN_POINT('',(10.5000007264316,-6.6625,36.725));
#8713=CARTESIAN_POINT('Origin',(-42.4999989382923,-3.33125,39.225));
#8714=CARTESIAN_POINT('',(-42.4999989382923,-6.66250000000001,36.725));
#8715=CARTESIAN_POINT('',(-39.9999989382923,-6.6625,39.225));
#8716=CARTESIAN_POINT('Origin',(-42.4999989382923,-6.6625,39.225));
#8717=CARTESIAN_POINT('',(-39.9999989382923,6.6625,39.225));
#8718=CARTESIAN_POINT('',(-39.9999989382923,-3.33125,39.225));
#8719=CARTESIAN_POINT('',(-42.4999989382923,6.6625,36.725));
#8720=CARTESIAN_POINT('Origin',(-42.4999989382923,6.6625,39.225));
#8721=CARTESIAN_POINT('',(-42.4999989382923,-3.33125,36.725));
#8722=CARTESIAN_POINT('Origin',(-39.9999989382923,-6.66250000000001,36.725));
#8723=CARTESIAN_POINT('',(-39.9999989382923,-6.6625,41.225));
#8724=CARTESIAN_POINT('',(-39.9999989382923,-6.6625,29.8625));
#8725=CARTESIAN_POINT('',(-39.9999989382923,6.6625,41.225));
#8726=CARTESIAN_POINT('',(-39.9999989382923,-3.33125,41.225));
#8727=CARTESIAN_POINT('',(-39.9999989382923,6.6625,29.8625));
#8728=CARTESIAN_POINT('Origin',(-42.4999989382923,-3.33125,41.225));
#8729=CARTESIAN_POINT('',(-42.4999989382923,-6.6625,43.725));
#8730=CARTESIAN_POINT('Origin',(-42.4999989382923,-6.6625,41.225));
#8731=CARTESIAN_POINT('',(-42.4999989382923,6.6625,43.725));
#8732=CARTESIAN_POINT('',(-42.4999989382923,-3.33125,43.725));
#8733=CARTESIAN_POINT('Origin',(-42.4999989382923,6.6625,41.225));
#8734=CARTESIAN_POINT('Origin',(-43.1874989382923,-2.22044604925031E-15,
43.725));
#8735=CARTESIAN_POINT('',(-46.3749989382923,-6.66250000000001,43.725));
#8736=CARTESIAN_POINT('',(-30.3437494691461,-6.6625,43.725));
#8737=CARTESIAN_POINT('',(-46.3749989382923,6.6625,43.725));
#8738=CARTESIAN_POINT('',(-46.3749989382923,3.33125,43.725));
#8739=CARTESIAN_POINT('',(-45.3437489382923,6.6625,43.725));
#8740=CARTESIAN_POINT('Origin',(-43.8749989382923,3.33125,44.225));
#8741=CARTESIAN_POINT('',(-46.3749989382923,-6.66250000000001,44.225));
#8742=CARTESIAN_POINT('',(-43.8749989382923,-6.6625,46.725));
#8743=CARTESIAN_POINT('Origin',(-43.8749989382923,-6.6625,44.225));
#8744=CARTESIAN_POINT('',(-43.8749989382923,6.6625,46.725));
#8745=CARTESIAN_POINT('',(-43.8749989382923,3.33125,46.725));
#8746=CARTESIAN_POINT('',(-46.3749989382923,6.6625,44.225));
#8747=CARTESIAN_POINT('Origin',(-43.8749989382923,6.6625,44.225));
#8748=CARTESIAN_POINT('',(-46.3749989382923,3.33125,44.225));
#8749=CARTESIAN_POINT('Origin',(-41.6874989382923,-2.22044604925031E-15,
46.725));
#8750=CARTESIAN_POINT('',(-39.4999989382923,-6.6625,46.725));
#8751=CARTESIAN_POINT('',(-21.0000014528632,-6.6625,46.725));
#8752=CARTESIAN_POINT('',(-39.4999989382923,6.6625,46.725));
#8753=CARTESIAN_POINT('',(-39.4999989382923,-3.33125,46.725));
#8754=CARTESIAN_POINT('',(-47.4999989382923,6.6625,46.725));
#8755=CARTESIAN_POINT('Origin',(-17.5,-6.6625,23.));
#8756=CARTESIAN_POINT('',(-46.3749989382923,-6.66250000000001,36.725));
#8757=CARTESIAN_POINT('',(-47.4999989382923,-6.66250000000001,36.725));
#8758=CARTESIAN_POINT('',(-23.7499994691461,-6.6625,36.725));
#8759=CARTESIAN_POINT('',(-47.5,-6.66250000000001,18.));
#8760=CARTESIAN_POINT('',(-47.5,-6.6625,11.5));
#8761=CARTESIAN_POINT('',(-45.,-6.66250000000001,20.5));
#8762=CARTESIAN_POINT('Origin',(-45.,-6.6625,18.));
#8763=CARTESIAN_POINT('',(-20.,-6.6625,20.5));
#8764=CARTESIAN_POINT('',(-8.75,-6.6625,20.5));
#8765=CARTESIAN_POINT('Origin',(-20.,-6.6625,18.));
#8766=CARTESIAN_POINT('',(-21.0000014528632,-6.6625,23.));
#8767=CARTESIAN_POINT('',(-47.4999989382923,-6.66250000000001,23.));
#8768=CARTESIAN_POINT('',(-21.0000014528632,-6.6625,36.725));
#8769=CARTESIAN_POINT('',(-21.0000014528632,-6.6625,23.));
#8770=CARTESIAN_POINT('',(-33.8112079465553,-6.6625,36.725));
#8771=CARTESIAN_POINT('',(-23.7499994691461,-6.6625,36.725));
#8772=CARTESIAN_POINT('',(-36.2892776982619,-6.6625,38.8945906997725));
#8773=CARTESIAN_POINT('Origin',(-33.8112079465553,-6.6625,39.225));
#8774=CARTESIAN_POINT('',(-36.9999989382923,-6.6625,44.225));
#8775=CARTESIAN_POINT('',(-35.1894094279142,-6.6625,30.6455786721643));
#8776=CARTESIAN_POINT('Origin',(-39.4999989382923,-6.6625,44.225));
#8777=CARTESIAN_POINT('Origin',(-33.8112079465553,-1.665625,39.225));
#8778=CARTESIAN_POINT('',(-33.8112079465553,6.6625,36.725));
#8779=CARTESIAN_POINT('',(-33.8112079465553,-1.665625,36.725));
#8780=CARTESIAN_POINT('',(-36.2892776982619,6.6625,38.8945906997725));
#8781=CARTESIAN_POINT('Origin',(-33.8112079465553,6.6625,39.225));
#8782=CARTESIAN_POINT('',(-36.2892776982619,-1.665625,38.8945906997725));
#8783=CARTESIAN_POINT('Origin',(0.,2.22044604925031E-15,36.725));
#8784=CARTESIAN_POINT('',(-21.0000014528632,6.6625,36.725));
#8785=CARTESIAN_POINT('',(-21.0000014528632,-3.33125,36.725));
#8786=CARTESIAN_POINT('',(-10.5000007264316,6.6625,36.725));
#8787=CARTESIAN_POINT('Origin',(-39.4999989382923,-3.33125,44.225));
#8788=CARTESIAN_POINT('',(-36.9999989382923,6.6625,44.225));
#8789=CARTESIAN_POINT('Origin',(-39.4999989382923,6.6625,44.225));
#8790=CARTESIAN_POINT('',(-36.9999989382923,-3.33125,44.225));
#8791=CARTESIAN_POINT('Origin',(-47.4999989382923,6.6625,23.));
#8792=CARTESIAN_POINT('',(-35.4514181522661,6.6625,32.6106441048035));
#8793=CARTESIAN_POINT('',(-21.0000014528632,6.6625,23.));
#8794=CARTESIAN_POINT('',(-21.0000014528632,6.6625,23.));
#8795=CARTESIAN_POINT('',(-47.4999989382923,6.6625,23.));
#8796=CARTESIAN_POINT('',(-20.,6.6625,20.5));
#8797=CARTESIAN_POINT('Origin',(-20.,6.66250000000001,18.));
#8798=CARTESIAN_POINT('',(-45.,6.6625,20.5));
#8799=CARTESIAN_POINT('',(-23.7499994691461,6.6625,20.5));
#8800=CARTESIAN_POINT('',(-47.5,6.6625,18.));
#8801=CARTESIAN_POINT('Origin',(-45.,6.6625,18.));
#8802=CARTESIAN_POINT('',(-47.4999989382923,6.6625,36.725));
#8803=CARTESIAN_POINT('',(-47.5,6.6625,11.5));
#8804=CARTESIAN_POINT('',(-45.3437489382923,6.6625,36.725));
#8805=CARTESIAN_POINT('',(-46.3749989382923,6.6625,36.725));
#8806=CARTESIAN_POINT('Origin',(20.,-16.,18.));
#8807=CARTESIAN_POINT('',(20.,-6.6625,20.5));
#8808=CARTESIAN_POINT('',(20.,-16.,20.5));
#8809=CARTESIAN_POINT('Origin',(20.,-6.6625,18.));
#8810=CARTESIAN_POINT('Origin',(0.,2.22044604925031E-15,20.5));
#8811=CARTESIAN_POINT('',(45.,-6.6625,20.5));
#8812=CARTESIAN_POINT('',(45.,23.75,20.5));
#8813=CARTESIAN_POINT('',(23.7499994691461,-6.6625,20.5));
#8814=CARTESIAN_POINT('Origin',(45.,23.75,18.));
#8815=CARTESIAN_POINT('',(47.5,-6.6625,18.));
#8816=CARTESIAN_POINT('Origin',(45.,-6.6625,18.));
#8817=CARTESIAN_POINT('',(47.5,23.75,18.));
#8818=CARTESIAN_POINT('Origin',(-20.,16.,18.));
#8819=CARTESIAN_POINT('',(-20.,16.,20.5));
#8820=CARTESIAN_POINT('Origin',(0.,2.22044604925031E-15,20.5));
#8821=CARTESIAN_POINT('',(-45.,-23.75,20.5));
#8822=CARTESIAN_POINT('Origin',(-45.,-23.75,18.));
#8823=CARTESIAN_POINT('',(-47.5,-23.75,18.));
#8824=CARTESIAN_POINT('Origin',(45.,-45.,2.5));
#8825=CARTESIAN_POINT('',(47.5,-45.,2.5));
#8826=CARTESIAN_POINT('',(45.,-47.5,2.5));
#8827=CARTESIAN_POINT('Origin',(45.,-45.,2.5));
#8828=CARTESIAN_POINT('',(45.,-45.,0.));
#8829=CARTESIAN_POINT('Origin',(45.,-45.,2.5));
#8830=CARTESIAN_POINT('Origin',(45.,-45.,2.5));
#8831=CARTESIAN_POINT('Origin',(45.,23.75,2.5));
#8832=CARTESIAN_POINT('',(45.,47.5,0.));
#8833=CARTESIAN_POINT('',(47.5,47.5,2.5));
#8834=CARTESIAN_POINT('Origin',(45.,47.5,2.5));
#8835=CARTESIAN_POINT('',(45.,23.75,0.));
#8836=CARTESIAN_POINT('',(47.5,23.75,2.5));
#8837=CARTESIAN_POINT('Origin',(-45.,-45.,2.5));
#8838=CARTESIAN_POINT('',(-45.,-45.,0.));
#8839=CARTESIAN_POINT('',(-45.,-47.5,2.5));
#8840=CARTESIAN_POINT('Origin',(-45.,-45.,2.5));
#8841=CARTESIAN_POINT('',(-47.5,-45.,2.5));
#8842=CARTESIAN_POINT('Origin',(-45.,-45.,2.5));
#8843=CARTESIAN_POINT('Origin',(-45.,-45.,2.5));
#8844=CARTESIAN_POINT('Origin',(-45.,-23.75,2.5));
#8845=CARTESIAN_POINT('',(-47.5,47.5,2.5));
#8846=CARTESIAN_POINT('',(-45.,47.5,0.));
#8847=CARTESIAN_POINT('Origin',(-45.,47.5,2.5));
#8848=CARTESIAN_POINT('',(-47.5,-23.75,2.5));
#8849=CARTESIAN_POINT('',(-45.,-23.75,0.));
#8850=CARTESIAN_POINT('Origin',(-45.,-45.,0.));
#8851=CARTESIAN_POINT('',(-47.5,-45.,90.));
#8852=CARTESIAN_POINT('',(-45.,-47.5,90.));
#8853=CARTESIAN_POINT('Origin',(-45.,-45.,90.));
#8854=CARTESIAN_POINT('',(-45.,-47.5,0.));
#8855=CARTESIAN_POINT('',(-47.5,-45.,0.));
#8856=CARTESIAN_POINT('Origin',(23.75,-45.,2.5));
#8857=CARTESIAN_POINT('',(23.75,-45.,0.));
#8858=CARTESIAN_POINT('',(23.75,-47.5,2.5));
#8859=CARTESIAN_POINT('Origin',(45.,-45.,0.));
#8860=CARTESIAN_POINT('',(45.,-47.5,90.));
#8861=CARTESIAN_POINT('',(47.5,-45.,90.));
#8862=CARTESIAN_POINT('Origin',(45.,-45.,90.));
#8863=CARTESIAN_POINT('',(47.5,-45.,0.));
#8864=CARTESIAN_POINT('',(45.,-47.5,0.));
#8865=CARTESIAN_POINT('Origin',(0.,0.,0.));
#8866=CARTESIAN_POINT('',(32.5,47.5,0.));
#8867=CARTESIAN_POINT('',(-23.75,47.5,0.));
#8868=CARTESIAN_POINT('',(32.5,50.,0.));
#8869=CARTESIAN_POINT('',(32.5,23.75,0.));
#8870=CARTESIAN_POINT('',(-32.5,50.,0.));
#8871=CARTESIAN_POINT('',(-3.75,50.,0.));
#8872=CARTESIAN_POINT('',(-32.5,47.5,0.));
#8873=CARTESIAN_POINT('',(-32.5,23.75,0.));
#8874=CARTESIAN_POINT('',(-23.75,47.5,0.));
#8875=CARTESIAN_POINT('',(-7.75,32.,0.));
#8876=CARTESIAN_POINT('',(-8.74999999999999,-32.,0.));
#8877=CARTESIAN_POINT('',(38.,31.,0.));
#8878=CARTESIAN_POINT('',(38.,36.5,0.));
#8879=CARTESIAN_POINT('',(38.,18.25,0.));
#8880=CARTESIAN_POINT('',(27.,31.,0.));
#8881=CARTESIAN_POINT('',(16.25,31.,0.));
#8882=CARTESIAN_POINT('',(27.,36.5,0.));
#8883=CARTESIAN_POINT('',(27.,20.75,0.));
#8884=CARTESIAN_POINT('',(22.5,36.5,0.));
#8885=CARTESIAN_POINT('',(13.75,36.5,0.));
#8886=CARTESIAN_POINT('',(22.5,41.5,0.));
#8887=CARTESIAN_POINT('',(22.5,18.25,0.));
#8888=CARTESIAN_POINT('',(27.5,41.5,0.));
#8889=CARTESIAN_POINT('',(11.25,41.5,0.));
#8890=CARTESIAN_POINT('',(37.5,41.5,0.));
#8891=CARTESIAN_POINT('',(16.25,41.5,0.));
#8892=CARTESIAN_POINT('',(42.5,41.5,0.));
#8893=CARTESIAN_POINT('',(18.75,41.5,0.));
#8894=CARTESIAN_POINT('',(42.5,36.5,0.));
#8895=CARTESIAN_POINT('',(42.5,20.75,0.));
#8896=CARTESIAN_POINT('',(21.25,36.5,0.));
#8897=CARTESIAN_POINT('Origin',(-47.5,47.5,0.));
#8898=CARTESIAN_POINT('',(-42.5,47.5,10.));
#8899=CARTESIAN_POINT('Origin',(-32.5,47.5,10.));
#8900=CARTESIAN_POINT('',(-42.5,47.5,42.5));
#8901=CARTESIAN_POINT('',(-42.5,47.5,0.));
#8902=CARTESIAN_POINT('Origin',(-32.5,47.5,42.5));
#8903=CARTESIAN_POINT('',(-35.,47.5,62.5));
#8904=CARTESIAN_POINT('',(-35.,47.5,55.));
#8905=CARTESIAN_POINT('',(-27.5,47.5,62.5));
#8906=CARTESIAN_POINT('',(-23.75,47.5,62.5));
#8907=CARTESIAN_POINT('',(-27.5,47.5,55.));
#8908=CARTESIAN_POINT('',(27.5,47.5,62.5));
#8909=CARTESIAN_POINT('',(27.5,47.5,55.));
#8910=CARTESIAN_POINT('',(35.,47.5,62.5));
#8911=CARTESIAN_POINT('',(-23.75,47.5,62.5));
#8912=CARTESIAN_POINT('',(35.,47.5,55.));
#8913=CARTESIAN_POINT('',(42.5,47.5,42.5));
#8914=CARTESIAN_POINT('Origin',(32.5,47.5,42.5));
#8915=CARTESIAN_POINT('',(42.5,47.5,10.));
#8916=CARTESIAN_POINT('',(42.5,47.5,26.25));
#8917=CARTESIAN_POINT('Origin',(32.5,47.5,10.));
#8918=CARTESIAN_POINT('',(47.5,47.5,90.));
#8919=CARTESIAN_POINT('',(47.5,47.5,0.));
#8920=CARTESIAN_POINT('',(-47.5,47.5,90.));
#8921=CARTESIAN_POINT('',(-23.75,47.5,90.));
#8922=CARTESIAN_POINT('',(-47.5,47.5,0.));
#8923=CARTESIAN_POINT('Origin',(47.5,47.5,0.));
#8924=CARTESIAN_POINT('',(47.5,23.75,90.));
#8925=CARTESIAN_POINT('',(47.5,35.,62.5));
#8926=CARTESIAN_POINT('',(47.5,35.,55.));
#8927=CARTESIAN_POINT('',(47.5,27.5,62.5));
#8928=CARTESIAN_POINT('',(47.5,23.75,62.5));
#8929=CARTESIAN_POINT('',(47.5,27.5,55.));
#8930=CARTESIAN_POINT('',(47.5,-27.5,62.5));
#8931=CARTESIAN_POINT('',(47.5,-27.5,55.));
#8932=CARTESIAN_POINT('',(47.5,-35.,62.5));
#8933=CARTESIAN_POINT('',(47.5,23.75,62.5));
#8934=CARTESIAN_POINT('',(47.5,-35.,55.));
#8935=CARTESIAN_POINT('',(47.5,-6.6625,11.5));
#8936=CARTESIAN_POINT('Origin',(47.5,25.,0.));
#8937=CARTESIAN_POINT('',(50.,50.,0.));
#8938=CARTESIAN_POINT('Origin',(47.5,50.,0.));
#8939=CARTESIAN_POINT('',(50.,-45.,0.));
#8940=CARTESIAN_POINT('',(50.,25.,0.));
#8941=CARTESIAN_POINT('Origin',(47.5,-45.,0.));
#8942=CARTESIAN_POINT('Ctrl Pts',(45.,-47.5,-2.5));
#8943=CARTESIAN_POINT('Ctrl Pts',(47.5,-47.5,-2.5));
#8944=CARTESIAN_POINT('Ctrl Pts',(47.5,-45.,-2.5));
#8945=CARTESIAN_POINT('Ctrl Pts',(45.,-50.,-2.5));
#8946=CARTESIAN_POINT('Ctrl Pts',(50.,-50.,-2.5));
#8947=CARTESIAN_POINT('Ctrl Pts',(50.,-45.,-2.5));
#8948=CARTESIAN_POINT('Ctrl Pts',(45.,-50.,0.));
#8949=CARTESIAN_POINT('Ctrl Pts',(50.,-50.,0.));
#8950=CARTESIAN_POINT('Ctrl Pts',(50.,-45.,0.));
#8951=CARTESIAN_POINT('',(45.,-50.,0.));
#8952=CARTESIAN_POINT('Origin',(45.,-47.5,0.));
#8953=CARTESIAN_POINT('Origin',(45.,-45.,0.));
#8954=CARTESIAN_POINT('Origin',(25.,-47.5,0.));
#8955=CARTESIAN_POINT('',(-45.,-50.,0.));
#8956=CARTESIAN_POINT('',(25.,-50.,0.));
#8957=CARTESIAN_POINT('Origin',(-45.,-47.5,0.));
#8958=CARTESIAN_POINT('Ctrl Pts',(-47.5,-45.,-2.5));
#8959=CARTESIAN_POINT('Ctrl Pts',(-47.5,-47.5,-2.5));
#8960=CARTESIAN_POINT('Ctrl Pts',(-45.,-47.5,-2.5));
#8961=CARTESIAN_POINT('Ctrl Pts',(-50.,-45.,-2.5));
#8962=CARTESIAN_POINT('Ctrl Pts',(-50.,-50.,-2.5));
#8963=CARTESIAN_POINT('Ctrl Pts',(-45.,-50.,-2.5));
#8964=CARTESIAN_POINT('Ctrl Pts',(-50.,-45.,0.));
#8965=CARTESIAN_POINT('Ctrl Pts',(-50.,-50.,0.));
#8966=CARTESIAN_POINT('Ctrl Pts',(-45.,-50.,0.));
#8967=CARTESIAN_POINT('',(-50.,-45.,0.));
#8968=CARTESIAN_POINT('Origin',(-47.5,-45.,0.));
#8969=CARTESIAN_POINT('Origin',(-45.,-45.,0.));
#8970=CARTESIAN_POINT('Origin',(-47.5,-25.,0.));
#8971=CARTESIAN_POINT('',(-50.,50.,0.));
#8972=CARTESIAN_POINT('Origin',(-47.5,50.,0.));
#8973=CARTESIAN_POINT('',(-50.,-25.,0.));
#8974=CARTESIAN_POINT('Origin',(-50.,-50.,0.));
#8975=CARTESIAN_POINT('',(-50.,-45.,90.));
#8976=CARTESIAN_POINT('',(-50.,-45.,0.));
#8977=CARTESIAN_POINT('',(-50.,50.,90.));
#8978=CARTESIAN_POINT('',(-50.,25.,90.));
#8979=CARTESIAN_POINT('',(-50.,50.,0.));
#8980=CARTESIAN_POINT('',(-50.,-1.16341445918998E-15,38.5625));
#8981=CARTESIAN_POINT('Origin',(-50.,0.,29.0625));
#8982=CARTESIAN_POINT('Origin',(-45.,-45.,0.));
#8983=CARTESIAN_POINT('',(-45.,-50.,90.));
#8984=CARTESIAN_POINT('',(-45.,-50.,0.));
#8985=CARTESIAN_POINT('Origin',(-45.,-45.,90.));
#8986=CARTESIAN_POINT('Origin',(50.,-50.,0.));
#8987=CARTESIAN_POINT('',(45.,-50.,90.));
#8988=CARTESIAN_POINT('',(45.,-50.,0.));
#8989=CARTESIAN_POINT('',(-25.,-50.,90.));
#8990=CARTESIAN_POINT('Origin',(45.,-45.,0.));
#8991=CARTESIAN_POINT('',(50.,-45.,90.));
#8992=CARTESIAN_POINT('',(50.,-45.,0.));
#8993=CARTESIAN_POINT('Origin',(45.,-45.,90.));
#8994=CARTESIAN_POINT('Origin',(-50.,50.,0.));
#8995=CARTESIAN_POINT('',(50.,50.,90.));
#8996=CARTESIAN_POINT('',(25.,50.,90.));
#8997=CARTESIAN_POINT('',(50.,50.,0.));
#8998=CARTESIAN_POINT('',(-42.5,50.,42.5));
#8999=CARTESIAN_POINT('Origin',(-32.5,50.,42.5));
#9000=CARTESIAN_POINT('',(-42.5,50.,10.));
#9001=CARTESIAN_POINT('',(-42.5,50.,0.));
#9002=CARTESIAN_POINT('Origin',(-32.5,50.,10.));
#9003=CARTESIAN_POINT('',(42.5,50.,10.));
#9004=CARTESIAN_POINT('Origin',(32.5,50.,10.));
#9005=CARTESIAN_POINT('',(42.5,50.,42.5));
#9006=CARTESIAN_POINT('',(42.5,50.,26.25));
#9007=CARTESIAN_POINT('Origin',(32.5,50.,42.5));
#9008=CARTESIAN_POINT('Origin',(50.,50.,0.));
#9009=CARTESIAN_POINT('',(50.,-25.,90.));
#9010=CARTESIAN_POINT('',(50.,-1.16341445918999E-15,19.5625));
#9011=CARTESIAN_POINT('Origin',(50.,0.,29.0625));
#9012=CARTESIAN_POINT('Origin',(-41.,-36.8229217479687,55.));
#9013=CARTESIAN_POINT('',(-41.,-28.5857196806223,62.5));
#9014=CARTESIAN_POINT('',(-41.,-36.8229217479687,62.5));
#9015=CARTESIAN_POINT('',(-41.,-18.4114608739843,62.5));
#9016=CARTESIAN_POINT('',(-41.,-36.8229217479687,55.));
#9017=CARTESIAN_POINT('',(-41.,-36.8229217479687,55.));
#9018=CARTESIAN_POINT('',(-41.,-28.5857196806223,55.));
#9019=CARTESIAN_POINT('',(-41.,-18.4114608739843,55.));
#9020=CARTESIAN_POINT('',(-41.,-28.5857196806223,55.));
#9021=CARTESIAN_POINT('Origin',(0.,0.,62.5));
#9022=CARTESIAN_POINT('',(-47.5,-35.,62.5));
#9023=CARTESIAN_POINT('Origin',(-47.5,-47.5,62.5));
#9024=CARTESIAN_POINT('',(-47.5,-27.5,62.5));
#9025=CARTESIAN_POINT('Origin',(-47.5,-47.5,62.5));
#9026=CARTESIAN_POINT('',(-47.5,-23.75,62.5));
#9027=CARTESIAN_POINT('Origin',(-47.5,-47.5,0.));
#9028=CARTESIAN_POINT('',(-47.5,-23.75,90.));
#9029=CARTESIAN_POINT('',(-47.5,27.5,62.5));
#9030=CARTESIAN_POINT('',(-47.5,27.5,55.));
#9031=CARTESIAN_POINT('',(-47.5,35.,62.5));
#9032=CARTESIAN_POINT('',(-47.5,-23.75,62.5));
#9033=CARTESIAN_POINT('',(-47.5,35.,55.));
#9034=CARTESIAN_POINT('',(-47.5,-35.,55.));
#9035=CARTESIAN_POINT('',(-47.5,-27.5,55.));
#9036=CARTESIAN_POINT('',(-47.5,-23.75,36.725));
#9037=CARTESIAN_POINT('Origin',(-41.,28.5857196806223,55.));
#9038=CARTESIAN_POINT('',(-41.,36.8229217479687,62.5));
#9039=CARTESIAN_POINT('',(-41.,28.5857196806223,62.5));
#9040=CARTESIAN_POINT('',(-41.,14.2928598403111,62.5));
#9041=CARTESIAN_POINT('',(-41.,28.5857196806223,55.));
#9042=CARTESIAN_POINT('',(-41.,28.5857196806223,55.));
#9043=CARTESIAN_POINT('',(-41.,36.8229217479687,55.));
#9044=CARTESIAN_POINT('',(-41.,14.2928598403111,55.));
#9045=CARTESIAN_POINT('',(-41.,36.8229217479687,55.));
#9046=CARTESIAN_POINT('Origin',(0.,0.,62.5));
#9047=CARTESIAN_POINT('Origin',(-47.5,47.5,62.5));
#9048=CARTESIAN_POINT('Origin',(-47.5,47.5,62.5));
#9049=CARTESIAN_POINT('Origin',(0.,0.,55.));
#9050=CARTESIAN_POINT('',(-36.5341439002693,-41.5,55.));
#9051=CARTESIAN_POINT('Origin',(-47.5,-47.5,55.));
#9052=CARTESIAN_POINT('',(-28.4212159716611,-41.5,55.));
#9053=CARTESIAN_POINT('',(-14.2106079858305,-41.5,55.));
#9054=CARTESIAN_POINT('',(28.4212159716611,-41.5,55.));
#9055=CARTESIAN_POINT('',(41.,-41.5,55.));
#9056=CARTESIAN_POINT('',(36.5341439002693,-41.5,55.));
#9057=CARTESIAN_POINT('',(18.2670719501347,-41.5,55.));
#9058=CARTESIAN_POINT('',(41.,-36.8229217479687,55.));
#9059=CARTESIAN_POINT('Origin',(47.5,-47.5,55.));
#9060=CARTESIAN_POINT('',(41.,-28.5857196806223,55.));
#9061=CARTESIAN_POINT('',(41.,-14.2928598403111,55.));
#9062=CARTESIAN_POINT('',(41.,28.5857196806223,55.));
#9063=CARTESIAN_POINT('',(41.,41.5,55.));
#9064=CARTESIAN_POINT('',(41.,36.8229217479687,55.));
#9065=CARTESIAN_POINT('',(41.,18.4114608739843,55.));
#9066=CARTESIAN_POINT('',(36.5341439002693,41.5,55.));
#9067=CARTESIAN_POINT('Origin',(47.5,47.5,55.));
#9068=CARTESIAN_POINT('',(28.4212159716611,41.5,55.));
#9069=CARTESIAN_POINT('',(14.2106079858305,41.5,55.));
#9070=CARTESIAN_POINT('',(-28.4212159716611,41.5,55.));
#9071=CARTESIAN_POINT('',(-41.,41.5,55.));
#9072=CARTESIAN_POINT('',(-36.5341439002693,41.5,55.));
#9073=CARTESIAN_POINT('',(-18.2670719501347,41.5,55.));
#9074=CARTESIAN_POINT('Origin',(-47.5,47.5,55.));
#9075=CARTESIAN_POINT('',(-41.,-41.5,55.));
#9076=CARTESIAN_POINT('Origin',(41.,36.8229217479687,55.));
#9077=CARTESIAN_POINT('',(41.,28.5857196806223,62.5));
#9078=CARTESIAN_POINT('',(41.,36.8229217479687,62.5));
#9079=CARTESIAN_POINT('',(41.,18.4114608739843,62.5));
#9080=CARTESIAN_POINT('',(41.,36.8229217479687,55.));
#9081=CARTESIAN_POINT('',(41.,28.5857196806223,55.));
#9082=CARTESIAN_POINT('Origin',(0.,0.,62.5));
#9083=CARTESIAN_POINT('Origin',(47.5,47.5,62.5));
#9084=CARTESIAN_POINT('Origin',(47.5,47.5,62.5));
#9085=CARTESIAN_POINT('Origin',(41.,-28.5857196806223,55.));
#9086=CARTESIAN_POINT('',(41.,-36.8229217479687,62.5));
#9087=CARTESIAN_POINT('',(41.,-28.5857196806223,62.5));
#9088=CARTESIAN_POINT('',(41.,-14.2928598403111,62.5));
#9089=CARTESIAN_POINT('',(41.,-28.5857196806223,55.));
#9090=CARTESIAN_POINT('',(41.,-36.8229217479687,55.));
#9091=CARTESIAN_POINT('Origin',(0.,0.,62.5));
#9092=CARTESIAN_POINT('Origin',(47.5,-47.5,62.5));
#9093=CARTESIAN_POINT('Origin',(47.5,-47.5,62.5));
#9094=CARTESIAN_POINT('Origin',(-28.4212159716611,-41.5,55.));
#9095=CARTESIAN_POINT('',(-36.5341439002693,-41.5,62.5));
#9096=CARTESIAN_POINT('',(-28.4212159716611,-41.5,62.5));
#9097=CARTESIAN_POINT('',(-14.2106079858305,-41.5,62.5));
#9098=CARTESIAN_POINT('',(-28.4212159716611,-41.5,55.));
#9099=CARTESIAN_POINT('',(-36.5341439002693,-41.5,55.));
#9100=CARTESIAN_POINT('Origin',(0.,0.,62.5));
#9101=CARTESIAN_POINT('',(-27.5,-47.5,62.5));
#9102=CARTESIAN_POINT('',(-35.,-47.5,62.5));
#9103=CARTESIAN_POINT('',(23.75,-47.5,62.5));
#9104=CARTESIAN_POINT('Origin',(-47.5,-47.5,62.5));
#9105=CARTESIAN_POINT('Origin',(-47.5,-47.5,62.5));
#9106=CARTESIAN_POINT('Origin',(47.5,-47.5,0.));
#9107=CARTESIAN_POINT('',(23.75,-47.5,90.));
#9108=CARTESIAN_POINT('',(-27.5,-47.5,55.));
#9109=CARTESIAN_POINT('',(-35.,-47.5,55.));
#9110=CARTESIAN_POINT('',(35.,-47.5,62.5));
#9111=CARTESIAN_POINT('',(35.,-47.5,55.));
#9112=CARTESIAN_POINT('',(27.5,-47.5,62.5));
#9113=CARTESIAN_POINT('',(23.75,-47.5,62.5));
#9114=CARTESIAN_POINT('',(27.5,-47.5,55.));
#9115=CARTESIAN_POINT('Origin',(-36.5341439002693,41.5,55.));
#9116=CARTESIAN_POINT('',(-28.4212159716611,41.5,62.5));
#9117=CARTESIAN_POINT('',(-36.5341439002693,41.5,62.5));
#9118=CARTESIAN_POINT('',(-18.2670719501347,41.5,62.5));
#9119=CARTESIAN_POINT('',(-36.5341439002693,41.5,55.));
#9120=CARTESIAN_POINT('',(-28.4212159716611,41.5,55.));
#9121=CARTESIAN_POINT('Origin',(0.,0.,62.5));
#9122=CARTESIAN_POINT('Origin',(-47.5,47.5,62.5));
#9123=CARTESIAN_POINT('Origin',(-47.5,47.5,62.5));
#9124=CARTESIAN_POINT('Origin',(28.4212159716611,41.5,55.));
#9125=CARTESIAN_POINT('',(36.5341439002693,41.5,62.5));
#9126=CARTESIAN_POINT('',(28.4212159716611,41.5,62.5));
#9127=CARTESIAN_POINT('',(14.2106079858305,41.5,62.5));
#9128=CARTESIAN_POINT('',(28.4212159716611,41.5,55.));
#9129=CARTESIAN_POINT('',(36.5341439002693,41.5,55.));
#9130=CARTESIAN_POINT('Origin',(0.,0.,62.5));
#9131=CARTESIAN_POINT('Origin',(47.5,47.5,62.5));
#9132=CARTESIAN_POINT('Origin',(47.5,47.5,62.5));
#9133=CARTESIAN_POINT('Origin',(36.5341439002693,-41.5,55.));
#9134=CARTESIAN_POINT('',(28.4212159716611,-41.5,62.5));
#9135=CARTESIAN_POINT('',(36.5341439002693,-41.5,62.5));
#9136=CARTESIAN_POINT('',(18.2670719501347,-41.5,62.5));
#9137=CARTESIAN_POINT('',(36.5341439002693,-41.5,55.));
#9138=CARTESIAN_POINT('',(28.4212159716611,-41.5,55.));
#9139=CARTESIAN_POINT('Origin',(0.,0.,62.5));
#9140=CARTESIAN_POINT('Origin',(47.5,-47.5,62.5));
#9141=CARTESIAN_POINT('Origin',(47.5,-47.5,62.5));
#9142=CARTESIAN_POINT('Origin',(41.,28.5857196806223,55.));
#9143=CARTESIAN_POINT('',(41.,28.5857196806223,55.));
#9144=CARTESIAN_POINT('',(41.,-28.5857196806223,55.));
#9145=CARTESIAN_POINT('Origin',(47.5,47.5,55.));
#9146=CARTESIAN_POINT('Origin',(47.5,47.5,55.));
#9147=CARTESIAN_POINT('Origin',(47.5,47.5,55.));
#9148=CARTESIAN_POINT('',(28.4212159716611,41.5,55.));
#9149=CARTESIAN_POINT('Origin',(-28.4212159716611,41.5,55.));
#9150=CARTESIAN_POINT('',(-28.4212159716611,41.5,55.));
#9151=CARTESIAN_POINT('Origin',(-47.5,47.5,55.));
#9152=CARTESIAN_POINT('Origin',(-47.5,47.5,55.));
#9153=CARTESIAN_POINT('Origin',(-47.5,47.5,55.));
#9154=CARTESIAN_POINT('',(-41.,28.5857196806223,55.));
#9155=CARTESIAN_POINT('Origin',(-41.,-28.5857196806223,55.));
#9156=CARTESIAN_POINT('',(-41.,-28.5857196806223,55.));
#9157=CARTESIAN_POINT('Origin',(-47.5,-47.5,55.));
#9158=CARTESIAN_POINT('Origin',(-47.5,-47.5,55.));
#9159=CARTESIAN_POINT('Origin',(-47.5,-47.5,55.));
#9160=CARTESIAN_POINT('',(-28.4212159716611,-41.5,55.));
#9161=CARTESIAN_POINT('Origin',(28.4212159716611,-41.5,55.));
#9162=CARTESIAN_POINT('',(28.4212159716611,-41.5,55.));
#9163=CARTESIAN_POINT('Origin',(47.5,-47.5,55.));
#9164=CARTESIAN_POINT('Origin',(47.5,-47.5,55.));
#9165=CARTESIAN_POINT('Origin',(47.5,-47.5,55.));
#9166=CARTESIAN_POINT('Origin',(38.,18.25,0.5));
#9167=CARTESIAN_POINT('',(37.5,36.5,0.5));
#9168=CARTESIAN_POINT('Origin',(38.,36.5,0.5));
#9169=CARTESIAN_POINT('',(37.5,31.5,0.5));
#9170=CARTESIAN_POINT('',(37.5,18.25,0.5));
#9171=CARTESIAN_POINT('Origin',(38.,31.,0.5));
#9172=CARTESIAN_POINT('Origin',(27.,20.75,0.5));
#9173=CARTESIAN_POINT('',(27.5,31.5,0.5));
#9174=CARTESIAN_POINT('',(27.5,36.5,0.5));
#9175=CARTESIAN_POINT('',(27.5,20.75,0.5));
#9176=CARTESIAN_POINT('Origin',(27.,36.5,0.5));
#9177=CARTESIAN_POINT('Origin',(27.,31.,0.5));
#9178=CARTESIAN_POINT('Origin',(16.25,31.,0.5));
#9179=CARTESIAN_POINT('',(16.25,31.5,0.5));
#9180=CARTESIAN_POINT('Origin',(28.,41.5,2.51316701949486));
#9181=CARTESIAN_POINT('',(28.2142857142857,32.,2.96492097094748));
#9182=CARTESIAN_POINT('',(28.2142857142857,41.5,2.96492097094748));
#9183=CARTESIAN_POINT('',(28.2142857142857,41.5,2.96492097094748));
#9184=CARTESIAN_POINT('',(27.5,41.5,2.51316701949486));
#9185=CARTESIAN_POINT('Origin',(28.,41.5,2.51316701949486));
#9186=CARTESIAN_POINT('',(27.5,31.5,2.51316701949486));
#9187=CARTESIAN_POINT('',(27.5,41.5,2.51316701949486));
#9188=CARTESIAN_POINT('',(27.5534761556884,31.5,2.73814803305206));
#9189=CARTESIAN_POINT('Origin',(28.,31.5,2.51316701949486));
#9190=CARTESIAN_POINT('Ctrl Pts',(27.5534761556884,31.5,2.73814803305206));
#9191=CARTESIAN_POINT('Ctrl Pts',(27.5744633543013,31.5,2.77980170176735));
#9192=CARTESIAN_POINT('Ctrl Pts',(27.6007896151584,31.5065178299617,2.81756498574627));
#9193=CARTESIAN_POINT('Ctrl Pts',(27.6656646586896,31.5328049327417,2.88843594783444));
#9194=CARTESIAN_POINT('Ctrl Pts',(27.7041235253389,31.5537150089948,2.91890419741759));
#9195=CARTESIAN_POINT('Ctrl Pts',(27.7974825076788,31.6131541047087,2.97452082765778));
#9196=CARTESIAN_POINT('Ctrl Pts',(27.8531723633088,31.654957287073,2.99428698631119));
#9197=CARTESIAN_POINT('Ctrl Pts',(27.9604277816515,31.7439571593301,3.01452155887972));
#9198=CARTESIAN_POINT('Ctrl Pts',(28.012851080316,31.7916838962609,3.01551315164821));
#9199=CARTESIAN_POINT('Ctrl Pts',(28.1148741278394,31.8914056893982,3.00263362638634));
#9200=CARTESIAN_POINT('Ctrl Pts',(28.1650350361991,31.9443016836892,2.98792224872921));
#9201=CARTESIAN_POINT('Ctrl Pts',(28.2124277139365,31.9978943261211,2.965798792631));
#9202=CARTESIAN_POINT('Ctrl Pts',(28.2133573940918,31.9989471645692,2.96536131187908));
#9203=CARTESIAN_POINT('Ctrl Pts',(28.2142857142857,32.,2.96492097094748));
#9204=CARTESIAN_POINT('Origin',(37.,41.5,2.51316701949486));
#9205=CARTESIAN_POINT('',(37.5,31.5,2.51316701949486));
#9206=CARTESIAN_POINT('',(37.5,41.5,2.51316701949486));
#9207=CARTESIAN_POINT('',(37.5,41.5,2.51316701949486));
#9208=CARTESIAN_POINT('',(36.7857142857143,41.5,2.96492097094748));
#9209=CARTESIAN_POINT('Origin',(37.,41.5,2.51316701949486));
#9210=CARTESIAN_POINT('',(36.7857142857143,32.,2.96492097094748));
#9211=CARTESIAN_POINT('',(36.7857142857143,41.5,2.96492097094748));
#9212=CARTESIAN_POINT('',(37.4465238443115,31.5,2.73814803305207));
#9213=CARTESIAN_POINT('Ctrl Pts',(36.7857142857143,32.,2.96492097094748));
#9214=CARTESIAN_POINT('Ctrl Pts',(36.7866426059082,31.9989471645691,2.96536131187912));
#9215=CARTESIAN_POINT('Ctrl Pts',(36.7875722860634,31.9978943261212,2.96579879263096));
#9216=CARTESIAN_POINT('Ctrl Pts',(36.8349649638009,31.9443016836891,2.98792224872922));
#9217=CARTESIAN_POINT('Ctrl Pts',(36.8851258721606,31.8914056893982,3.00263362638635));
#9218=CARTESIAN_POINT('Ctrl Pts',(36.987148919684,31.7916838962608,3.01551315164821));
#9219=CARTESIAN_POINT('Ctrl Pts',(37.0395722183485,31.7439571593301,3.01452155887972));
#9220=CARTESIAN_POINT('Ctrl Pts',(37.1468276366912,31.654957287073,2.99428698631119));
#9221=CARTESIAN_POINT('Ctrl Pts',(37.2025174923212,31.6131541047087,2.97452082765778));
#9222=CARTESIAN_POINT('Ctrl Pts',(37.2958764746611,31.5537150089948,2.91890419741759));
#9223=CARTESIAN_POINT('Ctrl Pts',(37.3343353413104,31.5328049327417,2.88843594783444));
#9224=CARTESIAN_POINT('Ctrl Pts',(37.3992103848416,31.5065178299617,2.81756498574628));
#9225=CARTESIAN_POINT('Ctrl Pts',(37.4255366456987,31.5,2.77980170176736));
#9226=CARTESIAN_POINT('Ctrl Pts',(37.4465238443115,31.5,2.73814803305207));
#9227=CARTESIAN_POINT('Origin',(37.,31.5,2.51316701949486));
#9228=CARTESIAN_POINT('Origin',(32.5,32.,12.));
#9229=CARTESIAN_POINT('Origin',(32.5,31.5,12.));
#9230=CARTESIAN_POINT('Origin',(32.5,32.,12.));
#9231=CARTESIAN_POINT('Origin',(32.5,41.5,12.));
#9232=CARTESIAN_POINT('Origin',(32.5,41.5,12.));
#9233=CARTESIAN_POINT('Origin',(37.5,36.5,0.));
#9234=CARTESIAN_POINT('',(37.5,36.5,0.));
#9235=CARTESIAN_POINT('',(37.5,41.5,0.));
#9236=CARTESIAN_POINT('',(37.5,41.5,2.));
#9237=CARTESIAN_POINT('',(37.5,31.5,2.));
#9238=CARTESIAN_POINT('Origin',(32.5,31.5,1.6698729810778));
#9239=CARTESIAN_POINT('',(27.5,31.5,2.));
#9240=CARTESIAN_POINT('Origin',(32.5,41.5,1.6698729810778));
#9241=CARTESIAN_POINT('',(27.5,41.5,2.));
#9242=CARTESIAN_POINT('Origin',(42.5,41.5,0.));
#9243=CARTESIAN_POINT('',(42.5,36.5,0.));
#9244=CARTESIAN_POINT('',(42.5,41.5,0.));
#9245=CARTESIAN_POINT('Origin',(37.5,41.5,0.));
#9246=CARTESIAN_POINT('Origin',(42.5,36.5,0.));
#9247=CARTESIAN_POINT('Origin',(27.5,41.5,0.));
#9248=CARTESIAN_POINT('',(27.5,41.5,0.));
#9249=CARTESIAN_POINT('',(27.5,36.5,0.));
#9250=CARTESIAN_POINT('Origin',(22.5,41.5,0.));
#9251=CARTESIAN_POINT('',(22.5,41.5,0.));
#9252=CARTESIAN_POINT('Origin',(22.5,36.5,0.));
#9253=CARTESIAN_POINT('',(22.5,36.5,0.));
#9254=CARTESIAN_POINT('Origin',(27.5,36.5,0.));
#9255=CARTESIAN_POINT('Origin',(-32.5,47.5,42.5));
#9256=CARTESIAN_POINT('',(-42.5,47.5,42.5));
#9257=CARTESIAN_POINT('Origin',(-42.5,47.5,0.));
#9258=CARTESIAN_POINT('',(-42.5,23.75,10.));
#9259=CARTESIAN_POINT('Origin',(32.5,47.5,42.5));
#9260=CARTESIAN_POINT('',(42.5,47.5,42.5));
#9261=CARTESIAN_POINT('Origin',(-32.5,23.75,10.));
#9262=CARTESIAN_POINT('Origin',(32.5,23.75,10.));
#9263=CARTESIAN_POINT('',(42.5,23.75,10.));
#9264=CARTESIAN_POINT('Origin',(42.5,47.5,52.5));
#9265=CARTESIAN_POINT('Origin',(-36.4999989382923,-3.33125,40.475));
#9266=CARTESIAN_POINT('Origin',(36.4999989382923,3.33125000000001,40.475));
#9267=CARTESIAN_POINT('',(35.4514181522661,-6.6625,32.6106441048035));
#9268=CARTESIAN_POINT('Origin',(39.9999989382923,6.66250000000001,36.725));
#9269=CARTESIAN_POINT('',(39.9999989382923,-6.6625,29.8625));
#9270=CARTESIAN_POINT('Origin',(46.3749989382923,-6.6625,36.725));
#9271=CARTESIAN_POINT('',(46.3749989382923,-6.6625,36.725));
#9272=CARTESIAN_POINT('Origin',(-46.3749989382923,6.6625,36.725));
#9273=CARTESIAN_POINT('Origin',(0.,2.22044604925031E-15,36.725));
#9274=CARTESIAN_POINT('Origin',(55.,0.,29.0625));
#9275=CARTESIAN_POINT('',(55.,-5.51091059616309E-16,24.5625));
#9276=CARTESIAN_POINT('Origin',(55.,0.,29.0625));
#9277=CARTESIAN_POINT('Origin',(55.,-1.16341445918999E-15,19.5625));
#9278=CARTESIAN_POINT('Origin',(-55.,0.,29.0625));
#9279=CARTESIAN_POINT('',(-55.,-5.51091059616309E-16,33.5625));
#9280=CARTESIAN_POINT('Origin',(-55.,0.,29.0625));
#9281=CARTESIAN_POINT('Origin',(-55.,-1.16341445918999E-15,38.5625));
#9282=CARTESIAN_POINT('Origin',(-47.5,0.,29.0625));
#9283=CARTESIAN_POINT('',(-47.5,3.25,29.0625));
#9284=CARTESIAN_POINT('Origin',(-47.5,0.,29.0625));
#9285=CARTESIAN_POINT('',(-47.5,-2.25,29.0625));
#9286=CARTESIAN_POINT('Origin',(-47.5,0.,29.0625));
#9287=CARTESIAN_POINT('Origin',(-50.,0.,29.0625));
#9288=CARTESIAN_POINT('',(-55.,3.25,29.0625));
#9289=CARTESIAN_POINT('Origin',(-55.,0.,29.0625));
#9290=CARTESIAN_POINT('',(-50.,3.25,29.0625));
#9291=CARTESIAN_POINT('Origin',(-55.,0.,29.0625));
#9292=CARTESIAN_POINT('Origin',(50.,0.,29.0625));
#9293=CARTESIAN_POINT('',(55.,-3.25,29.0625));
#9294=CARTESIAN_POINT('Origin',(55.,0.,29.0625));
#9295=CARTESIAN_POINT('',(50.,-3.25,29.0625));
#9296=CARTESIAN_POINT('',(50.,-3.25,29.0625));
#9297=CARTESIAN_POINT('Origin',(50.,0.,29.0625));
#9298=CARTESIAN_POINT('Origin',(55.,0.,29.0625));
#9299=CARTESIAN_POINT('Origin',(0.,0.,29.0625));
#9300=CARTESIAN_POINT('',(-45.5000014528632,-2.25,29.0625));
#9301=CARTESIAN_POINT('',(0.,-2.25,29.0625));
#9302=CARTESIAN_POINT('Origin',(-45.5000014528632,0.,29.0625));
#9303=CARTESIAN_POINT('Origin',(0.,0.,29.0625));
#9304=CARTESIAN_POINT('',(45.5000014528632,-2.25,29.0625));
#9305=CARTESIAN_POINT('Origin',(45.5000014528632,0.,29.0625));
#9306=CARTESIAN_POINT('',(50.,-2.25,29.0625));
#9307=CARTESIAN_POINT('',(0.,-2.25,29.0625));
#9308=CARTESIAN_POINT('Origin',(50.,0.,29.0625));
#9309=CARTESIAN_POINT('Origin',(0.,1.66533453693773E-15,22.0000003278255));
#9310=CARTESIAN_POINT('',(36.5000014528632,-5.8625,22.0000003278255));
#9311=CARTESIAN_POINT('',(44.5000014528632,-5.8625,22.0000003278255));
#9312=CARTESIAN_POINT('',(22.2500007264316,-5.8625,22.0000003278255));
#9313=CARTESIAN_POINT('',(44.5000014528632,5.86250000000001,22.0000003278255));
#9314=CARTESIAN_POINT('',(44.5000014528632,2.93125,22.0000003278255));
#9315=CARTESIAN_POINT('',(36.5000014528632,5.86250000000001,22.0000003278255));
#9316=CARTESIAN_POINT('',(18.2500007264316,5.8625,22.0000003278255));
#9317=CARTESIAN_POINT('',(36.5000014528632,-2.93125,22.0000003278255));
#9318=CARTESIAN_POINT('Origin',(0.,1.66533453693773E-15,36.125));
#9319=CARTESIAN_POINT('',(36.5000014528632,5.86250000000001,36.125));
#9320=CARTESIAN_POINT('',(44.5000014528632,5.86250000000001,36.125));
#9321=CARTESIAN_POINT('',(22.2500007264316,5.8625,36.125));
#9322=CARTESIAN_POINT('',(44.5000014528632,-5.8625,36.125));
#9323=CARTESIAN_POINT('',(44.5000014528632,-2.93125,36.125));
#9324=CARTESIAN_POINT('',(36.5000014528632,-5.8625,36.125));
#9325=CARTESIAN_POINT('',(18.2500007264316,-5.8625,36.125));
#9326=CARTESIAN_POINT('',(36.5000014528632,2.93125,36.125));
#9327=CARTESIAN_POINT('Origin',(0.,1.66533453693773E-15,22.0000003278255));
#9328=CARTESIAN_POINT('',(-36.5000014528632,5.8625,22.0000003278255));
#9329=CARTESIAN_POINT('',(-44.5000014528632,5.8625,22.0000003278255));
#9330=CARTESIAN_POINT('',(-22.2500007264316,5.8625,22.0000003278255));
#9331=CARTESIAN_POINT('',(-44.5000014528632,-5.86250000000001,22.0000003278255));
#9332=CARTESIAN_POINT('',(-44.5000014528632,-2.93125,22.0000003278255));
#9333=CARTESIAN_POINT('',(-36.5000014528632,-5.8625,22.0000003278255));
#9334=CARTESIAN_POINT('',(-18.2500007264316,-5.8625,22.0000003278255));
#9335=CARTESIAN_POINT('',(-36.5000014528632,2.93125,22.0000003278255));
#9336=CARTESIAN_POINT('Origin',(0.,1.66533453693773E-15,36.125));
#9337=CARTESIAN_POINT('',(-36.5000014528632,-5.8625,36.125));
#9338=CARTESIAN_POINT('',(-44.5000014528632,-5.86250000000001,36.125));
#9339=CARTESIAN_POINT('',(-22.2500007264316,-5.8625,36.125));
#9340=CARTESIAN_POINT('',(-44.5000014528632,5.8625,36.125));
#9341=CARTESIAN_POINT('',(-44.5000014528632,2.93125,36.125));
#9342=CARTESIAN_POINT('',(-36.5000014528632,5.8625,36.125));
#9343=CARTESIAN_POINT('',(-18.2500007264316,5.8625,36.125));
#9344=CARTESIAN_POINT('',(-36.5000014528632,-2.93125,36.125));
#9345=CARTESIAN_POINT('Origin',(0.,1.66533453693773E-15,35.125));
#9346=CARTESIAN_POINT('',(44.5000014528632,-5.06249999999999,35.125));
#9347=CARTESIAN_POINT('',(44.5000014528632,5.06250000000001,35.125));
#9348=CARTESIAN_POINT('',(44.5000014528632,-2.93125,35.125));
#9349=CARTESIAN_POINT('',(45.5000014528632,5.06250000000001,35.125));
#9350=CARTESIAN_POINT('',(22.7500007264316,5.06249999999999,35.125));
#9351=CARTESIAN_POINT('',(45.5000014528632,-5.06249999999999,35.125));
#9352=CARTESIAN_POINT('',(45.5000014528632,-2.53125,35.125));
#9353=CARTESIAN_POINT('',(22.2500007264316,-5.06249999999998,35.125));
#9354=CARTESIAN_POINT('Origin',(0.,1.66533453693773E-15,35.125));
#9355=CARTESIAN_POINT('',(36.5000014528632,5.0625,35.125));
#9356=CARTESIAN_POINT('',(36.5000014528632,-5.06249999999999,35.125));
#9357=CARTESIAN_POINT('',(36.5000014528632,2.93125,35.125));
#9358=CARTESIAN_POINT('',(21.0000014528632,-5.06249999999998,35.125));
#9359=CARTESIAN_POINT('',(10.5000007264316,-5.06249999999997,35.125));
#9360=CARTESIAN_POINT('',(21.0000014528632,5.06249999999999,35.125));
#9361=CARTESIAN_POINT('',(21.0000014528632,3.33125,35.125));
#9362=CARTESIAN_POINT('',(18.2500007264316,5.06249999999999,35.125));
#9363=CARTESIAN_POINT('Origin',(0.,1.66533453693773E-15,35.125));
#9364=CARTESIAN_POINT('',(-44.5000014528632,5.0625,35.125));
#9365=CARTESIAN_POINT('',(-44.5000014528632,-5.0625,35.125));
#9366=CARTESIAN_POINT('',(-44.5000014528632,2.93125,35.125));
#9367=CARTESIAN_POINT('',(-45.5000014528632,-5.0625,35.125));
#9368=CARTESIAN_POINT('',(-22.7500007264316,-5.06249999999999,35.125));
#9369=CARTESIAN_POINT('',(-45.5000014528632,5.0625,35.125));
#9370=CARTESIAN_POINT('',(-45.5000014528632,2.53125,35.125));
#9371=CARTESIAN_POINT('',(-22.2500007264316,5.06249999999999,35.125));
#9372=CARTESIAN_POINT('Origin',(0.,1.66533453693773E-15,35.125));
#9373=CARTESIAN_POINT('',(-36.5000014528632,-5.0625,35.125));
#9374=CARTESIAN_POINT('',(-36.5000014528632,5.06249999999999,35.125));
#9375=CARTESIAN_POINT('',(-36.5000014528632,-2.93125,35.125));
#9376=CARTESIAN_POINT('',(-21.0000014528632,5.06249999999998,35.125));
#9377=CARTESIAN_POINT('',(-10.5000007264316,5.06249999999998,35.125));
#9378=CARTESIAN_POINT('',(-21.0000014528632,-5.06249999999998,35.125));
#9379=CARTESIAN_POINT('',(-21.0000014528632,-3.33125,35.125));
#9380=CARTESIAN_POINT('',(-18.2500007264316,-5.06249999999998,35.125));
#9381=CARTESIAN_POINT('Origin',(-6.66133814775094E-15,2.38418582654276E-7,
23.));
#9382=CARTESIAN_POINT('',(-44.5000014528632,-5.0625,23.));
#9383=CARTESIAN_POINT('',(-44.5000014528632,5.0625,23.));
#9384=CARTESIAN_POINT('',(-44.5000014528632,2.93125011920929,23.));
#9385=CARTESIAN_POINT('',(-45.5000014528632,5.0625,23.));
#9386=CARTESIAN_POINT('',(-47.5000014528632,5.0625,23.));
#9387=CARTESIAN_POINT('',(-45.5000014528632,-5.0625,23.));
#9388=CARTESIAN_POINT('',(-45.5000014528632,5.0625,23.));
#9389=CARTESIAN_POINT('',(-47.5000014528632,-5.06250000000001,23.));
#9390=CARTESIAN_POINT('Origin',(-6.66133814775094E-15,2.38418582654276E-7,
23.));
#9391=CARTESIAN_POINT('',(44.5000014528632,5.06250000000001,23.));
#9392=CARTESIAN_POINT('',(44.5000014528632,-5.06249999999999,23.));
#9393=CARTESIAN_POINT('',(44.5000014528632,-2.93124988079071,23.));
#9394=CARTESIAN_POINT('',(45.5000014528632,-5.06249999999999,23.));
#9395=CARTESIAN_POINT('',(47.5000014528632,-5.0625,23.));
#9396=CARTESIAN_POINT('',(45.5000014528632,5.06250000000001,23.));
#9397=CARTESIAN_POINT('',(45.5000014528632,-5.06249999999999,23.));
#9398=CARTESIAN_POINT('',(47.5000014528632,5.06250000000001,23.));
#9399=CARTESIAN_POINT('Origin',(21.0000014528632,-5.06249999999998,23.));
#9400=CARTESIAN_POINT('',(36.5000014528632,-5.06249999999999,23.));
#9401=CARTESIAN_POINT('',(36.5000014528632,-5.06249999999999,23.));
#9402=CARTESIAN_POINT('',(21.0000014528632,-5.06249999999998,23.));
#9403=CARTESIAN_POINT('',(47.5000014528632,-5.0625,23.));
#9404=CARTESIAN_POINT('',(21.0000014528632,-5.06249999999998,23.));
#9405=CARTESIAN_POINT('Origin',(36.5000014528632,5.0625,23.));
#9406=CARTESIAN_POINT('',(21.0000014528632,5.06249999999999,23.));
#9407=CARTESIAN_POINT('',(21.0000014528632,5.06249999999999,23.));
#9408=CARTESIAN_POINT('',(36.5000014528632,5.0625,23.));
#9409=CARTESIAN_POINT('',(47.5000014528632,5.06250000000001,23.));
#9410=CARTESIAN_POINT('',(36.5000014528632,5.0625,23.));
#9411=CARTESIAN_POINT('Origin',(36.5000014528632,5.86250000000001,23.));
#9412=CARTESIAN_POINT('',(36.5000014528632,5.86250000000001,23.));
#9413=CARTESIAN_POINT('',(36.5000014528632,-5.8625,23.));
#9414=CARTESIAN_POINT('',(36.5000014528632,2.93125011920929,23.));
#9415=CARTESIAN_POINT('Origin',(44.5000014528632,5.86250000000001,23.));
#9416=CARTESIAN_POINT('',(44.5000014528632,5.86250000000001,23.));
#9417=CARTESIAN_POINT('Origin',(44.5000014528632,5.06250000000001,23.));
#9418=CARTESIAN_POINT('',(44.5000014528632,-5.8625,23.));
#9419=CARTESIAN_POINT('',(44.5000014528632,-5.06249999999999,23.));
#9420=CARTESIAN_POINT('',(44.5000014528632,5.06250000000001,23.));
#9421=CARTESIAN_POINT('Origin',(45.5000014528632,5.06250000000001,23.));
#9422=CARTESIAN_POINT('',(45.5000014528632,5.06250000000001,23.));
#9423=CARTESIAN_POINT('Origin',(45.5000014528632,-5.06249999999999,23.));
#9424=CARTESIAN_POINT('',(45.5000014528632,-5.06249999999999,23.));
#9425=CARTESIAN_POINT('Origin',(44.5000014528632,-5.06249999999999,23.));
#9426=CARTESIAN_POINT('Origin',(36.5000014528632,-5.8625,23.));
#9427=CARTESIAN_POINT('Origin',(-36.5000014528632,5.8625,23.));
#9428=CARTESIAN_POINT('',(-44.5000014528632,5.8625,23.));
#9429=CARTESIAN_POINT('',(-36.5000014528632,5.8625,23.));
#9430=CARTESIAN_POINT('Origin',(-21.0000014528632,5.06249999999998,23.));
#9431=CARTESIAN_POINT('',(-36.5000014528632,5.06249999999999,23.));
#9432=CARTESIAN_POINT('',(-36.5000014528632,5.06249999999999,23.));
#9433=CARTESIAN_POINT('',(-21.0000014528632,5.06249999999998,23.));
#9434=CARTESIAN_POINT('',(-47.5000014528632,5.0625,23.));
#9435=CARTESIAN_POINT('',(-21.0000014528632,5.06249999999998,23.));
#9436=CARTESIAN_POINT('Origin',(-36.5000014528632,-5.0625,23.));
#9437=CARTESIAN_POINT('',(-21.0000014528632,-5.06249999999998,23.));
#9438=CARTESIAN_POINT('',(-21.0000014528632,-5.06249999999998,23.));
#9439=CARTESIAN_POINT('',(-36.5000014528632,-5.0625,23.));
#9440=CARTESIAN_POINT('',(-47.5000014528632,-5.06250000000001,23.));
#9441=CARTESIAN_POINT('',(-36.5000014528632,-5.0625,23.));
#9442=CARTESIAN_POINT('Origin',(-36.5000014528632,-5.8625,23.));
#9443=CARTESIAN_POINT('',(-36.5000014528632,-5.8625,23.));
#9444=CARTESIAN_POINT('',(-36.5000014528632,-2.93124988079071,23.));
#9445=CARTESIAN_POINT('Origin',(-44.5000014528632,-5.86250000000001,23.));
#9446=CARTESIAN_POINT('',(-44.5000014528632,-5.86250000000001,23.));
#9447=CARTESIAN_POINT('Origin',(-44.5000014528632,-5.0625,23.));
#9448=CARTESIAN_POINT('',(-44.5000014528632,5.0625,23.));
#9449=CARTESIAN_POINT('',(-44.5000014528632,-5.0625,23.));
#9450=CARTESIAN_POINT('Origin',(-45.5000014528632,-5.0625,23.));
#9451=CARTESIAN_POINT('',(-45.5000014528632,-5.0625,23.));
#9452=CARTESIAN_POINT('Origin',(-45.5000014528632,5.0625,23.));
#9453=CARTESIAN_POINT('',(-45.5000014528632,5.0625,23.));
#9454=CARTESIAN_POINT('Origin',(-44.5000014528632,5.0625,23.));
#9455=CARTESIAN_POINT('Origin',(21.0000014528632,6.6625,23.));
#9456=CARTESIAN_POINT('',(21.0000014528632,-6.6625,23.));
#9457=CARTESIAN_POINT('',(21.0000014528632,3.33125011920929,23.));
#9458=CARTESIAN_POINT('',(21.0000014528632,-6.6625,23.));
#9459=CARTESIAN_POINT('',(21.0000014528632,3.33125011920929,23.));
#9460=CARTESIAN_POINT('Origin',(-21.0000014528632,-6.6625,23.));
#9461=CARTESIAN_POINT('',(-21.0000014528632,-3.33124988079071,23.));
#9462=CARTESIAN_POINT('',(-21.0000014528632,-3.33124988079071,23.));
#9463=CARTESIAN_POINT('Origin',(47.4999989382923,-6.6625,23.));
#9464=CARTESIAN_POINT('',(47.4999989382923,-6.6625,23.));
#9465=CARTESIAN_POINT('Origin',(14.5,16.0000002384186,-1.49011611383365E-8));
#9466=CARTESIAN_POINT('',(15.5,-30.,-1.49011611383365E-8));
#9467=CARTESIAN_POINT('',(14.5,-30.,-1.00000001490116));
#9468=CARTESIAN_POINT('Origin',(14.5,-30.,-1.49011611383365E-8));
#9469=CARTESIAN_POINT('',(15.5,30.,-1.49011611383365E-8));
#9470=CARTESIAN_POINT('',(15.5,16.0000002384186,-1.49011611383365E-8));
#9471=CARTESIAN_POINT('',(14.5,30.,-1.00000001490116));
#9472=CARTESIAN_POINT('Origin',(14.5,30.,-1.49011611383365E-8));
#9473=CARTESIAN_POINT('',(14.5,16.0000002384186,-1.00000001490116));
#9474=CARTESIAN_POINT('Origin',(15.5,-30.,0.));
#9475=CARTESIAN_POINT('',(-14.5,-30.,-1.00000001490116));
#9476=CARTESIAN_POINT('',(7.75,-30.,-1.00000001490116));
#9477=CARTESIAN_POINT('',(-15.5,-30.,-1.49011611383365E-8));
#9478=CARTESIAN_POINT('Origin',(-14.5,-30.,-1.49011611383365E-8));
#9479=CARTESIAN_POINT('',(-15.5,-30.,23.));
#9480=CARTESIAN_POINT('',(-15.5,-30.,0.));
#9481=CARTESIAN_POINT('',(15.5,-30.,23.));
#9482=CARTESIAN_POINT('',(7.74999999999999,-30.,23.));
#9483=CARTESIAN_POINT('',(15.5,-30.,0.));
#9484=CARTESIAN_POINT('Origin',(4.44089209850063E-15,0.,-1.00000001490116));
#9485=CARTESIAN_POINT('',(-14.5,30.,-1.00000001490116));
#9486=CARTESIAN_POINT('',(-7.74999999999999,30.,-1.00000001490116));
#9487=CARTESIAN_POINT('',(-14.5,-15.,-1.00000001490116));
#9488=CARTESIAN_POINT('Origin',(-14.5,-15.,-1.49011611383365E-8));
#9489=CARTESIAN_POINT('',(-15.5,30.,-1.49011611383365E-8));
#9490=CARTESIAN_POINT('Origin',(-14.5,30.,-1.49011611383365E-8));
#9491=CARTESIAN_POINT('',(-15.5,-15.,-1.49011611383365E-8));
#9492=CARTESIAN_POINT('Origin',(-15.5,30.,0.));
#9493=CARTESIAN_POINT('',(15.5,30.,4.));
#9494=CARTESIAN_POINT('',(15.5,30.,0.));
#9495=CARTESIAN_POINT('',(-15.5,30.,4.));
#9496=CARTESIAN_POINT('',(-7.75,30.,4.));
#9497=CARTESIAN_POINT('',(-15.5,30.,0.));
#9498=CARTESIAN_POINT('Origin',(-1.11022302462516E-15,31.0000002384186,
4.));
#9499=CARTESIAN_POINT('',(15.5,32.0000004768372,4.));
#9500=CARTESIAN_POINT('',(15.5,31.5000003576279,4.));
#9501=CARTESIAN_POINT('',(-15.5,32.,4.));
#9502=CARTESIAN_POINT('',(7.75,32.,4.));
#9503=CARTESIAN_POINT('',(-15.5,0.500000119209294,4.));
#9504=CARTESIAN_POINT('Origin',(15.5,32.0000004768372,0.));
#9505=CARTESIAN_POINT('',(15.5,32.0000004768372,23.));
#9506=CARTESIAN_POINT('',(15.5,16.0000003576279,23.));
#9507=CARTESIAN_POINT('',(15.5,32.0000004768372,0.));
#9508=CARTESIAN_POINT('Origin',(-15.5,-30.,0.));
#9509=CARTESIAN_POINT('',(-15.5,32.,23.));
#9510=CARTESIAN_POINT('',(-15.5,32.,0.));
#9511=CARTESIAN_POINT('',(-15.5,-14.9999998807907,23.));
#9512=CARTESIAN_POINT('Origin',(17.5,32.,0.));
#9513=CARTESIAN_POINT('',(8.74999999999999,32.,23.));
#9514=CARTESIAN_POINT('',(-7.75,32.,23.));
#9515=CARTESIAN_POINT('Origin',(-17.5,-32.,0.));
#9516=CARTESIAN_POINT('',(-8.75,-32.,23.));
#9517=CARTESIAN_POINT('Origin',(-6.66133814775094E-15,2.38418582654276E-7,
23.));
#9518=CARTESIAN_POINT('Origin',(0.,0.,90.));
#9519=CARTESIAN_POINT('Origin',(50.,50.,0.));
#9520=CARTESIAN_POINT('Origin',(22.5,-14.5,126.645895496989));
#9521=CARTESIAN_POINT('',(-30.,-47.5,126.645895496989));
#9522=CARTESIAN_POINT('',(-30.,-47.3362272769296,123.362272769296));
#9523=CARTESIAN_POINT('Origin',(-30.,-14.5,126.645895496989));
#9524=CARTESIAN_POINT('',(30.,-47.3362272769296,123.362272769296));
#9525=CARTESIAN_POINT('',(22.5,-47.3362272769296,123.362272769296));
#9526=CARTESIAN_POINT('',(30.,-47.5,126.645895496989));
#9527=CARTESIAN_POINT('Origin',(30.,-14.5,126.645895496989));
#9528=CARTESIAN_POINT('',(22.5,-47.5,126.645895496989));
#9529=CARTESIAN_POINT('Origin',(30.,-45.,130.));
#9530=CARTESIAN_POINT('',(30.,-47.,120.));
#9531=CARTESIAN_POINT('',(30.,-47.6101485148515,126.101485148515));
#9532=CARTESIAN_POINT('',(30.,-45.,120.));
#9533=CARTESIAN_POINT('',(30.,-45.,120.));
#9534=CARTESIAN_POINT('',(30.,-45.,127.5));
#9535=CARTESIAN_POINT('',(30.,-45.,130.));
#9536=CARTESIAN_POINT('',(30.,-42.5,130.));
#9537=CARTESIAN_POINT('Origin',(30.,-42.5,127.5));
#9538=CARTESIAN_POINT('',(30.,-47.5,130.));
#9539=CARTESIAN_POINT('',(30.,-22.5,130.));
#9540=CARTESIAN_POINT('',(30.,-47.5,130.));
#9541=CARTESIAN_POINT('Origin',(15.,-47.25,122.5));
#9542=CARTESIAN_POINT('',(-30.,-47.,120.));
#9543=CARTESIAN_POINT('',(-30.,-47.6225247524752,126.225247524752));
#9544=CARTESIAN_POINT('',(15.,-47.,120.));
#9545=CARTESIAN_POINT('Origin',(19.0625,14.5,126.645895496989));
#9546=CARTESIAN_POINT('',(15.,47.3362272769296,123.362272769296));
#9547=CARTESIAN_POINT('',(15.,47.5,126.645895496989));
#9548=CARTESIAN_POINT('Origin',(15.,14.5,126.645895496989));
#9549=CARTESIAN_POINT('',(45.,47.5,126.645895496989));
#9550=CARTESIAN_POINT('',(19.0625,47.5,126.645895496989));
#9551=CARTESIAN_POINT('',(45.,47.3362272769296,123.362272769296));
#9552=CARTESIAN_POINT('Origin',(45.,14.5,126.645895496989));
#9553=CARTESIAN_POINT('',(19.0625,47.3362272769297,123.362272769296));
#9554=CARTESIAN_POINT('Ctrl Pts',(45.,47.5,126.645895496989));
#9555=CARTESIAN_POINT('Ctrl Pts',(47.5,47.5,126.645895496989));
#9556=CARTESIAN_POINT('Ctrl Pts',(47.5,45.,126.645895496989));
#9557=CARTESIAN_POINT('Ctrl Pts',(45.,47.5,125.));
#9558=CARTESIAN_POINT('Ctrl Pts',(47.5,47.5,125.));
#9559=CARTESIAN_POINT('Ctrl Pts',(47.5,45.,125.));
#9560=CARTESIAN_POINT('Ctrl Pts',(45.,47.3362272769296,123.362272769296));
#9561=CARTESIAN_POINT('Ctrl Pts',(47.3362272769296,47.3362272769296,123.362272769296));
#9562=CARTESIAN_POINT('Ctrl Pts',(47.3362272769296,45.,123.362272769296));
#9563=CARTESIAN_POINT('',(47.5,45.,126.645895496989));
#9564=CARTESIAN_POINT('Origin',(45.,45.,126.645895496989));
#9565=CARTESIAN_POINT('',(47.3362272769296,45.,123.362272769296));
#9566=CARTESIAN_POINT('Origin',(14.5,45.,126.645895496989));
#9567=CARTESIAN_POINT('Origin',(45.,45.,123.362272769296));
#9568=CARTESIAN_POINT('Origin',(14.5,43.7937787871974,126.645895496989));
#9569=CARTESIAN_POINT('',(47.5,17.850230297579,126.645895496989));
#9570=CARTESIAN_POINT('',(47.3362272769296,17.850230297579,123.362272769296));
#9571=CARTESIAN_POINT('Origin',(14.5,17.850230297579,126.645895496989));
#9572=CARTESIAN_POINT('',(47.3362272769296,43.7937787871974,123.362272769296));
#9573=CARTESIAN_POINT('',(47.5,43.7937787871974,126.645895496989));
#9574=CARTESIAN_POINT('Origin',(47.5,17.850230297579,130.));
#9575=CARTESIAN_POINT('',(47.5,17.850230297579,130.));
#9576=CARTESIAN_POINT('',(47.5,17.850230297579,130.));
#9577=CARTESIAN_POINT('',(42.5,17.8502302975792,130.));
#9578=CARTESIAN_POINT('',(23.7500000000004,17.85023029758,130.));
#9579=CARTESIAN_POINT('',(45.,17.8502302975791,127.5));
#9580=CARTESIAN_POINT('Origin',(42.5,17.850230297579,127.5));
#9581=CARTESIAN_POINT('',(45.,17.8502302975791,120.));
#9582=CARTESIAN_POINT('',(45.,17.8502302975791,130.));
#9583=CARTESIAN_POINT('',(47.,17.850230297579,120.));
#9584=CARTESIAN_POINT('',(47.5,17.850230297579,120.));
#9585=CARTESIAN_POINT('',(47.6225247524752,17.850230297579,126.225247524752));
#9586=CARTESIAN_POINT('Origin',(47.5,47.5,130.));
#9587=CARTESIAN_POINT('',(47.5,45.,130.));
#9588=CARTESIAN_POINT('',(47.5,45.,130.));
#9589=CARTESIAN_POINT('',(47.5,23.75,130.));
#9590=CARTESIAN_POINT('Origin',(45.,45.,130.));
#9591=CARTESIAN_POINT('',(45.,47.5,130.));
#9592=CARTESIAN_POINT('',(45.,47.5,130.));
#9593=CARTESIAN_POINT('Origin',(45.,45.,130.));
#9594=CARTESIAN_POINT('Origin',(15.,47.5,130.));
#9595=CARTESIAN_POINT('',(15.,47.5,130.));
#9596=CARTESIAN_POINT('',(15.,47.5,130.));
#9597=CARTESIAN_POINT('',(7.5,47.5,130.));
#9598=CARTESIAN_POINT('Origin',(-14.5,21.5564515103816,126.645895496989));
#9599=CARTESIAN_POINT('',(-47.3362272769296,17.850230297579,123.362272769296));
#9600=CARTESIAN_POINT('',(-47.5,17.850230297579,126.645895496989));
#9601=CARTESIAN_POINT('Origin',(-14.5,17.8502302975789,126.645895496989));
#9602=CARTESIAN_POINT('',(-47.5,45.,126.645895496989));
#9603=CARTESIAN_POINT('',(-47.5,21.5564515103816,126.645895496989));
#9604=CARTESIAN_POINT('',(-47.3362272769296,45.,123.362272769296));
#9605=CARTESIAN_POINT('Origin',(-14.5,45.,126.645895496989));
#9606=CARTESIAN_POINT('',(-47.3362272769297,21.5564515103816,123.362272769296));
#9607=CARTESIAN_POINT('Ctrl Pts',(-47.5,45.,126.645895496989));
#9608=CARTESIAN_POINT('Ctrl Pts',(-47.5,47.5,126.645895496989));
#9609=CARTESIAN_POINT('Ctrl Pts',(-45.,47.5,126.645895496989));
#9610=CARTESIAN_POINT('Ctrl Pts',(-47.5,45.,125.));
#9611=CARTESIAN_POINT('Ctrl Pts',(-47.5,47.5,125.));
#9612=CARTESIAN_POINT('Ctrl Pts',(-45.,47.5,125.));
#9613=CARTESIAN_POINT('Ctrl Pts',(-47.3362272769296,45.,123.362272769296));
#9614=CARTESIAN_POINT('Ctrl Pts',(-47.3362272769296,47.3362272769296,123.362272769296));
#9615=CARTESIAN_POINT('Ctrl Pts',(-45.,47.3362272769296,123.362272769296));
#9616=CARTESIAN_POINT('',(-45.,47.5,126.645895496989));
#9617=CARTESIAN_POINT('Origin',(-45.,45.,126.645895496989));
#9618=CARTESIAN_POINT('',(-45.,47.3362272769296,123.362272769296));
#9619=CARTESIAN_POINT('Origin',(-45.,14.5,126.645895496989));
#9620=CARTESIAN_POINT('Origin',(-45.,45.,123.362272769296));
#9621=CARTESIAN_POINT('Origin',(-43.4375,14.5,126.645895496989));
#9622=CARTESIAN_POINT('',(-15.,47.5,126.645895496989));
#9623=CARTESIAN_POINT('',(-15.,47.3362272769296,123.362272769296));
#9624=CARTESIAN_POINT('Origin',(-15.,14.5,126.645895496989));
#9625=CARTESIAN_POINT('',(-43.4375,47.3362272769297,123.362272769296));
#9626=CARTESIAN_POINT('',(-43.4375,47.5,126.645895496989));
#9627=CARTESIAN_POINT('Origin',(-15.,47.5,130.));
#9628=CARTESIAN_POINT('',(-15.,47.5,130.));
#9629=CARTESIAN_POINT('',(-15.,47.5,130.));
#9630=CARTESIAN_POINT('',(-15.,42.5,130.));
#9631=CARTESIAN_POINT('',(-15.,23.75,130.));
#9632=CARTESIAN_POINT('',(-15.,45.,127.5));
#9633=CARTESIAN_POINT('Origin',(-15.,42.5,127.5));
#9634=CARTESIAN_POINT('',(-15.,45.,120.));
#9635=CARTESIAN_POINT('',(-15.,45.,130.));
#9636=CARTESIAN_POINT('',(-15.,47.,120.));
#9637=CARTESIAN_POINT('',(-15.,45.,120.));
#9638=CARTESIAN_POINT('',(-15.,47.6225247524752,126.225247524752));
#9639=CARTESIAN_POINT('Origin',(-47.5,47.5,130.));
#9640=CARTESIAN_POINT('',(-45.,47.5,130.));
#9641=CARTESIAN_POINT('',(-45.,47.5,130.));
#9642=CARTESIAN_POINT('',(-23.75,47.5,130.));
#9643=CARTESIAN_POINT('Origin',(-45.,45.,130.));
#9644=CARTESIAN_POINT('',(-47.5,45.,130.));
#9645=CARTESIAN_POINT('',(-47.5,45.,130.));
#9646=CARTESIAN_POINT('Origin',(-45.,45.,130.));
#9647=CARTESIAN_POINT('Origin',(-47.5,17.850230297579,130.));
#9648=CARTESIAN_POINT('',(-47.5,17.850230297579,130.));
#9649=CARTESIAN_POINT('',(-47.5,17.850230297579,130.));
#9650=CARTESIAN_POINT('',(-47.5,8.92511514878949,130.));
#9651=CARTESIAN_POINT('Origin',(-30.,-47.5,130.));
#9652=CARTESIAN_POINT('',(-30.,-47.5,130.));
#9653=CARTESIAN_POINT('',(-30.,-47.5,130.));
#9654=CARTESIAN_POINT('',(-30.,-42.5,130.));
#9655=CARTESIAN_POINT('',(-30.,-23.75,130.));
#9656=CARTESIAN_POINT('',(-30.,-45.,127.5));
#9657=CARTESIAN_POINT('Origin',(-30.,-42.5,127.5));
#9658=CARTESIAN_POINT('',(-30.,-45.,120.));
#9659=CARTESIAN_POINT('',(-30.,-45.,130.));
#9660=CARTESIAN_POINT('',(-30.,-45.,120.));
#9661=CARTESIAN_POINT('Origin',(30.,-47.5,130.));
#9662=CARTESIAN_POINT('',(15.,-47.5,130.));
#9663=CARTESIAN_POINT('Origin',(23.125,47.25,122.5));
#9664=CARTESIAN_POINT('',(45.,47.,120.));
#9665=CARTESIAN_POINT('',(45.,47.5,125.));
#9666=CARTESIAN_POINT('',(15.,47.,120.));
#9667=CARTESIAN_POINT('',(23.125,47.,120.));
#9668=CARTESIAN_POINT('',(15.,47.6101485148515,126.101485148515));
#9669=CARTESIAN_POINT('Origin',(45.,45.,122.5));
#9670=CARTESIAN_POINT('',(47.,45.,120.));
#9671=CARTESIAN_POINT('',(47.5,45.,125.));
#9672=CARTESIAN_POINT('Origin',(45.,45.,120.));
#9673=CARTESIAN_POINT('Origin',(47.25,40.0875575743947,122.5));
#9674=CARTESIAN_POINT('',(47.,40.0875575743947,120.));
#9675=CARTESIAN_POINT('Origin',(-39.375,47.25,122.5));
#9676=CARTESIAN_POINT('',(-45.,47.,120.));
#9677=CARTESIAN_POINT('',(-39.375,47.,120.));
#9678=CARTESIAN_POINT('',(-45.,47.,120.));
#9679=CARTESIAN_POINT('Origin',(-45.,45.,122.5));
#9680=CARTESIAN_POINT('',(-47.,45.,120.));
#9681=CARTESIAN_POINT('Origin',(-45.,45.,120.));
#9682=CARTESIAN_POINT('',(-47.,45.,120.));
#9683=CARTESIAN_POINT('Origin',(-47.25,25.2626727231842,122.5));
#9684=CARTESIAN_POINT('',(-47.,17.850230297579,120.));
#9685=CARTESIAN_POINT('',(-47.,25.2626727231842,120.));
#9686=CARTESIAN_POINT('',(-47.6101485148515,17.850230297579,126.101485148515));
#9687=CARTESIAN_POINT('Origin',(-31.25,32.6751151487894,120.));
#9688=CARTESIAN_POINT('',(-42.5,45.,120.));
#9689=CARTESIAN_POINT('',(-45.,45.,120.));
#9690=CARTESIAN_POINT('',(-45.,42.5,120.));
#9691=CARTESIAN_POINT('Origin',(-42.5,42.5,120.));
#9692=CARTESIAN_POINT('',(-45.,17.8502302975789,120.));
#9693=CARTESIAN_POINT('',(-45.,17.8502302975789,120.));
#9694=CARTESIAN_POINT('',(-47.5,17.850230297579,120.));
#9695=CARTESIAN_POINT('Origin',(49.,49.,132.5));
#9696=CARTESIAN_POINT('',(49.,-45.,132.5));
#9697=CARTESIAN_POINT('',(49.,49.,132.5));
#9698=CARTESIAN_POINT('',(49.,24.5,132.5));
#9699=CARTESIAN_POINT('',(49.,-45.,133.5));
#9700=CARTESIAN_POINT('',(49.,-45.,132.5));
#9701=CARTESIAN_POINT('',(49.,49.,133.5));
#9702=CARTESIAN_POINT('',(49.,-45.,133.5));
#9703=CARTESIAN_POINT('',(49.,49.,132.5));
#9704=CARTESIAN_POINT('Origin',(-49.,49.,132.5));
#9705=CARTESIAN_POINT('',(-49.,49.,132.5));
#9706=CARTESIAN_POINT('',(-24.5,49.,132.5));
#9707=CARTESIAN_POINT('',(-49.,49.,133.5));
#9708=CARTESIAN_POINT('',(49.,49.,133.5));
#9709=CARTESIAN_POINT('',(-49.,49.,132.5));
#9710=CARTESIAN_POINT('Origin',(-49.,-45.,132.5));
#9711=CARTESIAN_POINT('',(-49.,-45.,132.5));
#9712=CARTESIAN_POINT('',(-49.,-22.5,132.5));
#9713=CARTESIAN_POINT('',(-49.,-45.,133.5));
#9714=CARTESIAN_POINT('',(-49.,49.,133.5));
#9715=CARTESIAN_POINT('',(-49.,-45.,132.5));
#9716=CARTESIAN_POINT('Origin',(-45.,-45.,132.5));
#9717=CARTESIAN_POINT('',(-45.,-49.,132.5));
#9718=CARTESIAN_POINT('Origin',(-45.,-45.,132.5));
#9719=CARTESIAN_POINT('',(-45.,-49.,133.5));
#9720=CARTESIAN_POINT('Origin',(-45.,-45.,133.5));
#9721=CARTESIAN_POINT('',(-45.,-49.,132.5));
#9722=CARTESIAN_POINT('Origin',(45.,-49.,132.5));
#9723=CARTESIAN_POINT('',(45.,-49.,132.5));
#9724=CARTESIAN_POINT('',(22.5,-49.,132.5));
#9725=CARTESIAN_POINT('',(45.,-49.,133.5));
#9726=CARTESIAN_POINT('',(45.,-49.,133.5));
#9727=CARTESIAN_POINT('',(45.,-49.,132.5));
#9728=CARTESIAN_POINT('Origin',(45.,-45.,132.5));
#9729=CARTESIAN_POINT('Origin',(45.,-45.,132.5));
#9730=CARTESIAN_POINT('Origin',(45.,-45.,133.5));
#9731=CARTESIAN_POINT('Origin',(0.,0.,133.5));
#9732=CARTESIAN_POINT('',(50.,50.,133.5));
#9733=CARTESIAN_POINT('',(-50.,50.,133.5));
#9734=CARTESIAN_POINT('',(50.,50.,133.5));
#9735=CARTESIAN_POINT('',(-50.,-45.,133.5));
#9736=CARTESIAN_POINT('',(-50.,50.,133.5));
#9737=CARTESIAN_POINT('',(-45.,-50.,133.5));
#9738=CARTESIAN_POINT('Origin',(-45.,-45.,133.5));
#9739=CARTESIAN_POINT('',(45.,-50.,133.5));
#9740=CARTESIAN_POINT('',(-45.,-50.,133.5));
#9741=CARTESIAN_POINT('',(50.,-45.,133.5));
#9742=CARTESIAN_POINT('Origin',(45.,-45.,133.5));
#9743=CARTESIAN_POINT('',(50.,-45.,133.5));
#9744=CARTESIAN_POINT('Origin',(42.5,42.5,130.));
#9745=CARTESIAN_POINT('',(45.,42.5,127.5));
#9746=CARTESIAN_POINT('',(42.5,45.,127.5));
#9747=CARTESIAN_POINT('Origin',(42.5,42.5,127.5));
#9748=CARTESIAN_POINT('',(42.5,45.,120.));
#9749=CARTESIAN_POINT('',(42.5,45.,130.));
#9750=CARTESIAN_POINT('',(45.,42.5,120.));
#9751=CARTESIAN_POINT('Origin',(42.5,42.5,120.));
#9752=CARTESIAN_POINT('',(45.,42.5,130.));
#9753=CARTESIAN_POINT('Origin',(42.5,42.5,127.5));
#9754=CARTESIAN_POINT('',(42.5,42.5,130.));
#9755=CARTESIAN_POINT('Origin',(42.5,42.5,127.5));
#9756=CARTESIAN_POINT('Origin',(42.5,42.5,127.5));
#9757=CARTESIAN_POINT('Origin',(45.,17.8502302975791,130.));
#9758=CARTESIAN_POINT('',(45.,17.8502302975791,120.));
#9759=CARTESIAN_POINT('',(45.,8.92511514878955,127.5));
#9760=CARTESIAN_POINT('Origin',(-42.5,42.5,130.));
#9761=CARTESIAN_POINT('',(-42.5,45.,127.5));
#9762=CARTESIAN_POINT('',(-45.,42.5,127.5));
#9763=CARTESIAN_POINT('Origin',(-42.5,42.5,127.5));
#9764=CARTESIAN_POINT('',(-45.,42.5,130.));
#9765=CARTESIAN_POINT('',(-42.5,45.,130.));
#9766=CARTESIAN_POINT('Origin',(-42.5,42.5,127.5));
#9767=CARTESIAN_POINT('',(-42.5,42.5,130.));
#9768=CARTESIAN_POINT('Origin',(-42.5,42.5,127.5));
#9769=CARTESIAN_POINT('Origin',(-42.5,42.5,127.5));
#9770=CARTESIAN_POINT('Origin',(-15.,45.,130.));
#9771=CARTESIAN_POINT('',(-7.5,45.,127.5));
#9772=CARTESIAN_POINT('Origin',(-42.5,22.5,127.5));
#9773=CARTESIAN_POINT('',(-42.5,17.8502302975788,130.));
#9774=CARTESIAN_POINT('',(-42.5,22.5,130.));
#9775=CARTESIAN_POINT('',(-45.,17.8502302975789,127.5));
#9776=CARTESIAN_POINT('Origin',(-42.5,17.8502302975789,127.5));
#9777=CARTESIAN_POINT('',(-45.,22.5,127.5));
#9778=CARTESIAN_POINT('Origin',(-7.5,42.5,127.5));
#9779=CARTESIAN_POINT('',(-7.5,42.5,130.));
#9780=CARTESIAN_POINT('Origin',(0.,0.,130.));
#9781=CARTESIAN_POINT('',(45.,-50.,130.));
#9782=CARTESIAN_POINT('',(50.,-45.,130.));
#9783=CARTESIAN_POINT('Origin',(45.,-45.,130.));
#9784=CARTESIAN_POINT('',(-45.,-50.,130.));
#9785=CARTESIAN_POINT('',(45.,-50.,130.));
#9786=CARTESIAN_POINT('',(-50.,-45.,130.));
#9787=CARTESIAN_POINT('Origin',(-45.,-45.,130.));
#9788=CARTESIAN_POINT('',(-50.,50.,130.));
#9789=CARTESIAN_POINT('',(-50.,-45.,130.));
#9790=CARTESIAN_POINT('',(50.,50.,130.));
#9791=CARTESIAN_POINT('',(-50.,50.,130.));
#9792=CARTESIAN_POINT('',(50.,50.,130.));
#9793=CARTESIAN_POINT('',(-15.,-42.5,130.));
#9794=CARTESIAN_POINT('',(-22.4999999999996,17.8502302975779,130.));
#9795=CARTESIAN_POINT('',(15.,42.5,130.));
#9796=CARTESIAN_POINT('',(15.,22.5,130.));
#9797=CARTESIAN_POINT('',(22.5,42.5,130.));
#9798=CARTESIAN_POINT('',(42.5,8.92511514878955,130.));
#9799=CARTESIAN_POINT('Origin',(22.5,42.5,127.5));
#9800=CARTESIAN_POINT('',(15.,45.,127.5));
#9801=CARTESIAN_POINT('Origin',(15.,42.5,127.5));
#9802=CARTESIAN_POINT('',(22.5,45.,127.5));
#9803=CARTESIAN_POINT('Origin',(42.5,8.92511514878955,127.5));
#9804=CARTESIAN_POINT('Origin',(-15.,-42.5,127.5));
#9805=CARTESIAN_POINT('',(-15.,-45.,127.5));
#9806=CARTESIAN_POINT('Origin',(-30.,-45.,130.));
#9807=CARTESIAN_POINT('',(30.,-45.,120.));
#9808=CARTESIAN_POINT('Origin',(-45.,17.8502302975789,130.));
#9809=CARTESIAN_POINT('',(-45.,17.8502302975789,130.));
#9810=CARTESIAN_POINT('Origin',(-45.,45.,130.));
#9811=CARTESIAN_POINT('Origin',(15.,45.,130.));
#9812=CARTESIAN_POINT('',(15.,45.,120.));
#9813=CARTESIAN_POINT('',(15.,45.,120.));
#9814=CARTESIAN_POINT('',(15.,45.,130.));
#9815=CARTESIAN_POINT('Origin',(45.,45.,130.));
#9816=CARTESIAN_POINT('',(45.,45.,120.));
#9817=CARTESIAN_POINT('Origin',(31.25,32.6751151487895,120.));
#9818=CARTESIAN_POINT('Origin',(0.,-46.25,120.));
#9819=CARTESIAN_POINT('Origin',(-45.,-50.,130.));
#9820=CARTESIAN_POINT('',(45.,-50.,130.));
#9821=CARTESIAN_POINT('',(-45.,-50.,130.));
#9822=CARTESIAN_POINT('Origin',(-45.,-45.,130.));
#9823=CARTESIAN_POINT('',(-50.,-45.,130.));
#9824=CARTESIAN_POINT('Origin',(-50.,50.,130.));
#9825=CARTESIAN_POINT('',(-50.,50.,130.));
#9826=CARTESIAN_POINT('Origin',(50.,50.,130.));
#9827=CARTESIAN_POINT('',(50.,50.,130.));
#9828=CARTESIAN_POINT('Origin',(50.,-45.,130.));
#9829=CARTESIAN_POINT('',(50.,-45.,130.));
#9830=CARTESIAN_POINT('Origin',(45.,-45.,130.));
#9831=CARTESIAN_POINT('Origin',(0.,0.,132.5));
#9832=UNCERTAINTY_MEASURE_WITH_UNIT(LENGTH_MEASURE(0.01),#9836,
'DISTANCE_ACCURACY_VALUE',
'Maximum model space distance between geometric entities at asserted c
onnectivities');
#9833=UNCERTAINTY_MEASURE_WITH_UNIT(LENGTH_MEASURE(0.01),#9836,
'DISTANCE_ACCURACY_VALUE',
'Maximum model space distance between geometric entities at asserted c
onnectivities');
#9834=(
GEOMETRIC_REPRESENTATION_CONTEXT(3)
GLOBAL_UNCERTAINTY_ASSIGNED_CONTEXT((#9832))
GLOBAL_UNIT_ASSIGNED_CONTEXT((#9836,#9838,#9839))
REPRESENTATION_CONTEXT('','3D')
);
#9835=(
GEOMETRIC_REPRESENTATION_CONTEXT(3)
GLOBAL_UNCERTAINTY_ASSIGNED_CONTEXT((#9833))
GLOBAL_UNIT_ASSIGNED_CONTEXT((#9836,#9838,#9839))
REPRESENTATION_CONTEXT('','3D')
);
#9836=(
LENGTH_UNIT()
NAMED_UNIT(*)
SI_UNIT(.MILLI.,.METRE.)
);
#9837=(
LENGTH_UNIT()
NAMED_UNIT(*)
SI_UNIT($,.METRE.)
);
#9838=(
NAMED_UNIT(*)
PLANE_ANGLE_UNIT()
SI_UNIT($,.RADIAN.)
);
#9839=(
NAMED_UNIT(*)
SI_UNIT($,.STERADIAN.)
SOLID_ANGLE_UNIT()
);
#9840=SHAPE_DEFINITION_REPRESENTATION(#9841,#9842);
#9841=PRODUCT_DEFINITION_SHAPE('',$,#9844);
#9842=SHAPE_REPRESENTATION('',(#5647),#9834);
#9843=PRODUCT_DEFINITION_CONTEXT('part definition',#9848,'design');
#9844=PRODUCT_DEFINITION('(Unsaved)','(Unsaved)',#9845,#9843);
#9845=PRODUCT_DEFINITION_FORMATION('',$,#9850);
#9846=PRODUCT_RELATED_PRODUCT_CATEGORY('(Unsaved)','(Unsaved)',(#9850));
#9847=APPLICATION_PROTOCOL_DEFINITION('international standard',
'automotive_design',2009,#9848);
#9848=APPLICATION_CONTEXT(
'Core Data for Automotive Mechanical Design Process');
#9849=PRODUCT_CONTEXT('part definition',#9848,'mechanical');
#9850=PRODUCT('(Unsaved)','(Unsaved)',$,(#9849));
#9851=PRESENTATION_STYLE_ASSIGNMENT((#9852));
#9852=SURFACE_STYLE_USAGE(.BOTH.,#9853);
#9853=SURFACE_SIDE_STYLE('',(#9854));
#9854=SURFACE_STYLE_FILL_AREA(#9855);
#9855=FILL_AREA_STYLE('Steel - Satin',(#9856));
#9856=FILL_AREA_STYLE_COLOUR('Steel - Satin',#9857);
#9857=COLOUR_RGB('Steel - Satin',0.792156862745098,0.792156862745098,0.792156862745098);
ENDSEC;
END-ISO-10303-21;
