ISO-10303-21;
HEADER;
/* Generated by software containing ST-Developer
 * from STEP Tools, Inc. (www.steptools.com) 
 */

FILE_DESCRIPTION(
/* description */ (''),
/* implementation_level */ '2;1');

FILE_NAME(
/* name */ 'Chassis - 7.step',
/* time_stamp */ '2026-08-11T11:11:01-04:00',
/* author */ (''),
/* organization */ (''),
/* preprocessor_version */ 'ST-DEVELOPER v20.1',
/* originating_system */ 'Autodesk Translation Framework v15.8.0.0',
/* authorisation */ '');

FILE_SCHEMA (('AUTOMOTIVE_DESIGN { 1 0 10303 214 3 1 1 }'));
ENDSEC;

DATA;
#10=MECHANICAL_DESIGN_GEOMETRIC_PRESENTATION_REPRESENTATION('',(#15,#16),
#9048);
#11=SHAPE_REPRESENTATION_RELATIONSHIP('SRR','None',#9055,#12);
#12=ADVANCED_BREP_SHAPE_REPRESENTATION('',(#17,#18),#9047);
#13=CONICAL_SURFACE('',#5675,2.25,0.0996686524911618);
#14=CONICAL_SURFACE('',#5679,2.25,0.0996686524911618);
#15=STYLED_ITEM('',(#9064),#17);
#16=STYLED_ITEM('',(#9064),#18);
#17=MANIFOLD_SOLID_BREP('Chassis',#5258);
#18=MANIFOLD_SOLID_BREP('Roof',#5259);
#19=ELLIPSE('',#5530,0.707106781186548,0.5);
#20=ELLIPSE('',#5533,0.707106781186548,0.5);
#21=SPHERICAL_SURFACE('',#5424,2.5);
#22=SPHERICAL_SURFACE('',#5430,2.5);
#23=SPHERICAL_SURFACE('',#5700,2.5);
#24=SPHERICAL_SURFACE('',#5706,2.5);
#25=(
BOUNDED_CURVE()
B_SPLINE_CURVE(2,(#7558,#7559,#7560),.UNSPECIFIED.,.F.,.F.)
B_SPLINE_CURVE_WITH_KNOTS((3,3),(-1.5707963267949,-0.927428575437753),
 .UNSPECIFIED.)
CURVE()
GEOMETRIC_REPRESENTATION_ITEM()
RATIONAL_B_SPLINE_CURVE((1.,0.948088441479414,0.998746325407627))
REPRESENTATION_ITEM('')
);
#26=(
BOUNDED_SURFACE()
B_SPLINE_SURFACE(2,2,((#7529,#7530,#7531,#7532,#7533,#7534,#7535,#7536,
#7537),(#7538,#7539,#7540,#7541,#7542,#7543,#7544,#7545,#7546),(#7547,#7548,
#7549,#7550,#7551,#7552,#7553,#7554,#7555)),.UNSPECIFIED.,.F.,.T.,.F.)
B_SPLINE_SURFACE_WITH_KNOTS((3,3),(3,2,2,2,3),(0.919564890268252,1.5707963267949),
(-3.14159265358979,-1.5707963267949,0.,1.5707963267949,3.14159265358979),
 .UNSPECIFIED.)
GEOMETRIC_REPRESENTATION_ITEM()
RATIONAL_B_SPLINE_SURFACE(((1.,0.707106781186548,1.,0.707106781186548,1.,
0.707106781186548,1.,0.707106781186548,1.),(0.947453942544702,0.669951107635288,
0.947453942544702,0.669951107635288,0.947453942544702,0.669951107635288,
0.947453942544702,0.669951107635288,0.947453942544702),(1.,0.707106781186548,
1.,0.707106781186548,1.,0.707106781186548,1.,0.707106781186548,1.)))
REPRESENTATION_ITEM('')
SURFACE()
);
#27=(
BOUNDED_SURFACE()
B_SPLINE_SURFACE(2,2,((#7567,#7568,#7569,#7570,#7571,#7572,#7573,#7574,
#7575),(#7576,#7577,#7578,#7579,#7580,#7581,#7582,#7583,#7584),(#7585,#7586,
#7587,#7588,#7589,#7590,#7591,#7592,#7593)),.UNSPECIFIED.,.F.,.T.,.F.)
B_SPLINE_SURFACE_WITH_KNOTS((3,3),(3,2,2,2,3),(0.927295218001612,1.5707963267949),
(-3.14159265358979,-1.5707963267949,0.,1.5707963267949,3.14159265358979),
 .UNSPECIFIED.)
GEOMETRIC_REPRESENTATION_ITEM()
RATIONAL_B_SPLINE_SURFACE(((1.,0.707106781186548,1.,0.707106781186548,1.,
0.707106781186548,1.,0.707106781186548,1.),(0.948683298050514,0.670820393249937,
0.948683298050514,0.670820393249937,0.948683298050514,0.670820393249937,
0.948683298050514,0.670820393249937,0.948683298050514),(1.,0.707106781186548,
1.,0.707106781186548,1.,0.707106781186548,1.,0.707106781186548,1.)))
REPRESENTATION_ITEM('')
SURFACE()
);
#28=(
BOUNDED_SURFACE()
B_SPLINE_SURFACE(2,2,((#8155,#8156,#8157),(#8158,#8159,#8160),(#8161,#8162,
#8163)),.UNSPECIFIED.,.F.,.F.,.F.)
B_SPLINE_SURFACE_WITH_KNOTS((3,3),(3,3),(-1.5707963267949,0.),(-1.5707963267949,
0.),.UNSPECIFIED.)
GEOMETRIC_REPRESENTATION_ITEM()
RATIONAL_B_SPLINE_SURFACE(((1.,0.707106781186548,1.),(0.707106781186546,
0.499999999999999,0.707106781186546),(1.,0.707106781186548,1.)))
REPRESENTATION_ITEM('')
SURFACE()
);
#29=(
BOUNDED_SURFACE()
B_SPLINE_SURFACE(2,2,((#8171,#8172,#8173),(#8174,#8175,#8176),(#8177,#8178,
#8179)),.UNSPECIFIED.,.F.,.F.,.F.)
B_SPLINE_SURFACE_WITH_KNOTS((3,3),(3,3),(-1.5707963267949,0.),(-3.14159265358979,
-1.5707963267949),.UNSPECIFIED.)
GEOMETRIC_REPRESENTATION_ITEM()
RATIONAL_B_SPLINE_SURFACE(((1.,0.707106781186548,1.),(0.707106781186546,
0.499999999999999,0.707106781186546),(1.,0.707106781186548,1.)))
REPRESENTATION_ITEM('')
SURFACE()
);
#30=(
BOUNDED_SURFACE()
B_SPLINE_SURFACE(2,2,((#8767,#8768,#8769),(#8770,#8771,#8772),(#8773,#8774,
#8775)),.UNSPECIFIED.,.F.,.F.,.F.)
B_SPLINE_SURFACE_WITH_KNOTS((3,3),(3,3),(-3.22973970800046E-15,0.0996686524911617),
(1.5707963267949,3.14159265358979),.UNSPECIFIED.)
GEOMETRIC_REPRESENTATION_ITEM()
RATIONAL_B_SPLINE_SURFACE(((1.,0.707106781186548,1.),(0.998758526924834,
0.706228927156437,0.998758526924834),(1.,0.707106781186548,1.)))
REPRESENTATION_ITEM('')
SURFACE()
);
#31=(
BOUNDED_SURFACE()
B_SPLINE_SURFACE(2,2,((#8820,#8821,#8822),(#8823,#8824,#8825),(#8826,#8827,
#8828)),.UNSPECIFIED.,.F.,.F.,.F.)
B_SPLINE_SURFACE_WITH_KNOTS((3,3),(3,3),(-3.22973970800046E-15,0.0996686524911617),
(0.,1.5707963267949),.UNSPECIFIED.)
GEOMETRIC_REPRESENTATION_ITEM()
RATIONAL_B_SPLINE_SURFACE(((1.,0.707106781186548,1.),(0.998758526924834,
0.706228927156437,0.998758526924834),(1.,0.707106781186548,1.)))
REPRESENTATION_ITEM('')
SURFACE()
);
#32=FACE_BOUND('',#840,.T.);
#33=FACE_BOUND('',#841,.T.);
#34=FACE_BOUND('',#842,.T.);
#35=FACE_BOUND('',#850,.T.);
#36=FACE_BOUND('',#895,.T.);
#37=FACE_BOUND('',#896,.T.);
#38=FACE_BOUND('',#898,.T.);
#39=FACE_BOUND('',#899,.T.);
#40=FACE_BOUND('',#900,.T.);
#41=FACE_BOUND('',#902,.T.);
#42=FACE_BOUND('',#903,.T.);
#43=FACE_BOUND('',#904,.T.);
#44=FACE_BOUND('',#905,.T.);
#45=FACE_BOUND('',#912,.T.);
#46=FACE_BOUND('',#913,.T.);
#47=FACE_BOUND('',#916,.T.);
#48=FACE_BOUND('',#917,.T.);
#49=FACE_BOUND('',#918,.T.);
#50=FACE_BOUND('',#921,.T.);
#51=FACE_BOUND('',#922,.T.);
#52=FACE_BOUND('',#923,.T.);
#53=FACE_BOUND('',#924,.T.);
#54=FACE_BOUND('',#926,.T.);
#55=FACE_BOUND('',#927,.T.);
#56=FACE_BOUND('',#931,.T.);
#57=FACE_BOUND('',#932,.T.);
#58=FACE_BOUND('',#933,.T.);
#59=FACE_BOUND('',#934,.T.);
#60=FACE_BOUND('',#945,.T.);
#61=FACE_BOUND('',#946,.T.);
#62=FACE_BOUND('',#947,.T.);
#63=FACE_BOUND('',#948,.T.);
#64=FACE_BOUND('',#1003,.T.);
#65=FACE_BOUND('',#1006,.T.);
#66=FACE_BOUND('',#1009,.T.);
#67=FACE_BOUND('',#1025,.T.);
#68=FACE_BOUND('',#1028,.T.);
#69=FACE_BOUND('',#1031,.T.);
#70=FACE_BOUND('',#1038,.T.);
#71=FACE_BOUND('',#1041,.T.);
#72=FACE_BOUND('',#1044,.T.);
#73=FACE_BOUND('',#1061,.T.);
#74=FACE_BOUND('',#1063,.T.);
#75=FACE_BOUND('',#1097,.T.);
#76=FACE_BOUND('',#1107,.T.);
#77=FACE_BOUND('',#1108,.T.);
#78=FACE_BOUND('',#1109,.T.);
#79=TOROIDAL_SURFACE('',#5323,4.35424868893541,1.);
#80=TOROIDAL_SURFACE('',#5334,4.35424868893541,1.);
#81=TOROIDAL_SURFACE('',#5541,10.5,0.5);
#82=TOROIDAL_SURFACE('',#5568,9.5,5.);
#83=TOROIDAL_SURFACE('',#5571,9.5,5.);
#84=CIRCLE('',#5280,1.);
#85=CIRCLE('',#5281,1.);
#86=CIRCLE('',#5284,1.);
#87=CIRCLE('',#5285,1.);
#88=CIRCLE('',#5288,1.);
#89=CIRCLE('',#5289,1.);
#90=CIRCLE('',#5292,1.);
#91=CIRCLE('',#5293,1.);
#92=CIRCLE('',#5296,2.6);
#93=CIRCLE('',#5297,2.6);
#94=CIRCLE('',#5299,2.6);
#95=CIRCLE('',#5300,2.6);
#96=CIRCLE('',#5302,2.6);
#97=CIRCLE('',#5303,2.6);
#98=CIRCLE('',#5305,2.6);
#99=CIRCLE('',#5306,2.6);
#100=CIRCLE('',#5310,5.);
#101=CIRCLE('',#5311,5.);
#102=CIRCLE('',#5314,5.);
#103=CIRCLE('',#5315,5.);
#104=CIRCLE('',#5318,5.);
#105=CIRCLE('',#5319,5.);
#106=CIRCLE('',#5321,5.);
#107=CIRCLE('',#5322,5.);
#108=CIRCLE('',#5324,1.);
#109=CIRCLE('',#5325,3.75424868893541);
#110=CIRCLE('',#5326,3.75424868893541);
#111=CIRCLE('',#5327,1.);
#112=CIRCLE('',#5328,4.35424868893541);
#113=CIRCLE('',#5330,2.5);
#114=CIRCLE('',#5331,2.5);
#115=CIRCLE('',#5332,4.35424868893541);
#116=CIRCLE('',#5333,1.35424868893541);
#117=CIRCLE('',#5335,3.75424868893541);
#118=CIRCLE('',#5336,3.75424868893541);
#119=CIRCLE('',#5337,1.);
#120=CIRCLE('',#5338,1.35424868893541);
#121=CIRCLE('',#5339,4.);
#122=CIRCLE('',#5344,12.5);
#123=CIRCLE('',#5345,12.5);
#124=CIRCLE('',#5346,20.);
#125=CIRCLE('',#5347,20.);
#126=CIRCLE('',#5348,12.5);
#127=CIRCLE('',#5349,20.);
#128=CIRCLE('',#5350,20.);
#129=CIRCLE('',#5351,12.5);
#130=CIRCLE('',#5352,20.);
#131=CIRCLE('',#5353,20.);
#132=CIRCLE('',#5354,20.);
#133=CIRCLE('',#5355,20.);
#134=CIRCLE('',#5362,2.5);
#135=CIRCLE('',#5363,2.5);
#136=CIRCLE('',#5366,2.5);
#137=CIRCLE('',#5367,2.5);
#138=CIRCLE('',#5370,2.5);
#139=CIRCLE('',#5371,2.5);
#140=CIRCLE('',#5374,2.5);
#141=CIRCLE('',#5375,2.5);
#142=CIRCLE('',#5378,2.5);
#143=CIRCLE('',#5379,2.5);
#144=CIRCLE('',#5380,2.5);
#145=CIRCLE('',#5381,2.5);
#146=CIRCLE('',#5382,2.5);
#147=CIRCLE('',#5384,2.5);
#148=CIRCLE('',#5386,2.5);
#149=CIRCLE('',#5389,2.5);
#150=CIRCLE('',#5392,2.5);
#151=CIRCLE('',#5393,2.5);
#152=CIRCLE('',#5396,2.5);
#153=CIRCLE('',#5397,2.5);
#154=CIRCLE('',#5400,2.5);
#155=CIRCLE('',#5401,2.5);
#156=CIRCLE('',#5404,2.5);
#157=CIRCLE('',#5405,2.5);
#158=CIRCLE('',#5406,2.5);
#159=CIRCLE('',#5407,2.5);
#160=CIRCLE('',#5409,2.5);
#161=CIRCLE('',#5412,2.5);
#162=CIRCLE('',#5414,2.5);
#163=CIRCLE('',#5415,2.5);
#164=CIRCLE('',#5417,2.5);
#165=CIRCLE('',#5420,2.5);
#166=CIRCLE('',#5425,2.5);
#167=CIRCLE('',#5426,2.5);
#168=CIRCLE('',#5427,2.5);
#169=CIRCLE('',#5429,2.5);
#170=CIRCLE('',#5431,2.5);
#171=CIRCLE('',#5432,2.5);
#172=CIRCLE('',#5433,2.5);
#173=CIRCLE('',#5435,2.5);
#174=CIRCLE('',#5437,2.5);
#175=CIRCLE('',#5440,2.5);
#176=CIRCLE('',#5443,10.);
#177=CIRCLE('',#5444,10.);
#178=CIRCLE('',#5445,10.);
#179=CIRCLE('',#5446,10.);
#180=CIRCLE('',#5449,2.5);
#181=CIRCLE('',#5450,2.5);
#182=CIRCLE('',#5451,2.5);
#183=CIRCLE('',#5452,5.);
#184=CIRCLE('',#5454,2.5);
#185=CIRCLE('',#5455,2.5);
#186=CIRCLE('',#5456,5.);
#187=CIRCLE('',#5458,2.5);
#188=CIRCLE('',#5460,9.5);
#189=CIRCLE('',#5462,5.);
#190=CIRCLE('',#5465,5.);
#191=CIRCLE('',#5467,10.);
#192=CIRCLE('',#5468,10.);
#193=CIRCLE('',#5469,10.);
#194=CIRCLE('',#5470,10.);
#195=CIRCLE('',#5472,9.5);
#196=CIRCLE('',#5475,12.5);
#197=CIRCLE('',#5476,20.);
#198=CIRCLE('',#5480,12.5);
#199=CIRCLE('',#5481,20.);
#200=CIRCLE('',#5483,12.5);
#201=CIRCLE('',#5484,12.5);
#202=CIRCLE('',#5485,12.5);
#203=CIRCLE('',#5486,12.5);
#204=CIRCLE('',#5489,12.5);
#205=CIRCLE('',#5490,20.);
#206=CIRCLE('',#5493,12.5);
#207=CIRCLE('',#5494,20.);
#208=CIRCLE('',#5497,20.);
#209=CIRCLE('',#5498,12.5);
#210=CIRCLE('',#5502,12.5);
#211=CIRCLE('',#5503,20.);
#212=CIRCLE('',#5506,12.5);
#213=CIRCLE('',#5507,20.);
#214=CIRCLE('',#5510,12.5);
#215=CIRCLE('',#5511,20.);
#216=CIRCLE('',#5529,0.5);
#217=CIRCLE('',#5532,0.5);
#218=CIRCLE('',#5536,0.5);
#219=CIRCLE('',#5537,0.5);
#220=CIRCLE('',#5539,0.5);
#221=CIRCLE('',#5540,0.5);
#222=CIRCLE('',#5542,10.5);
#223=CIRCLE('',#5543,10.);
#224=CIRCLE('',#5545,10.);
#225=CIRCLE('',#5569,4.5);
#226=CIRCLE('',#5570,5.);
#227=CIRCLE('',#5572,4.5);
#228=CIRCLE('',#5573,5.);
#229=CIRCLE('',#5575,3.25);
#230=CIRCLE('',#5576,2.25);
#231=CIRCLE('',#5578,3.25);
#232=CIRCLE('',#5581,3.25);
#233=CIRCLE('',#5582,3.25);
#234=CIRCLE('',#5585,2.25);
#235=CIRCLE('',#5587,2.25);
#236=CIRCLE('',#5588,2.25);
#237=CIRCLE('',#5621,1.);
#238=CIRCLE('',#5622,1.);
#239=CIRCLE('',#5624,1.);
#240=CIRCLE('',#5627,1.);
#241=CIRCLE('',#5638,33.);
#242=CIRCLE('',#5639,33.);
#243=CIRCLE('',#5641,2.5);
#244=CIRCLE('',#5644,33.);
#245=CIRCLE('',#5645,33.);
#246=CIRCLE('',#5646,2.5);
#247=CIRCLE('',#5647,33.);
#248=CIRCLE('',#5648,2.33622727692964);
#249=CIRCLE('',#5650,33.);
#250=CIRCLE('',#5652,2.5);
#251=CIRCLE('',#5655,2.5);
#252=CIRCLE('',#5658,33.);
#253=CIRCLE('',#5659,33.);
#254=CIRCLE('',#5660,2.5);
#255=CIRCLE('',#5661,33.);
#256=CIRCLE('',#5662,2.33622727692964);
#257=CIRCLE('',#5664,33.);
#258=CIRCLE('',#5666,2.5);
#259=CIRCLE('',#5669,2.5);
#260=CIRCLE('',#5672,2.5);
#261=CIRCLE('',#5676,2.);
#262=CIRCLE('',#5680,2.);
#263=CIRCLE('',#5683,2.5);
#264=CIRCLE('',#5688,4.);
#265=CIRCLE('',#5689,4.);
#266=CIRCLE('',#5692,4.);
#267=CIRCLE('',#5693,4.);
#268=CIRCLE('',#5695,5.);
#269=CIRCLE('',#5696,5.);
#270=CIRCLE('',#5698,2.5);
#271=CIRCLE('',#5699,2.5);
#272=CIRCLE('',#5701,2.5);
#273=CIRCLE('',#5702,2.5);
#274=CIRCLE('',#5705,2.5);
#275=CIRCLE('',#5707,2.5);
#276=CIRCLE('',#5708,2.5);
#277=CIRCLE('',#5711,2.5);
#278=CIRCLE('',#5714,5.);
#279=CIRCLE('',#5715,5.);
#280=CIRCLE('',#5717,2.5);
#281=CYLINDRICAL_SURFACE('',#5279,1.);
#282=CYLINDRICAL_SURFACE('',#5283,1.);
#283=CYLINDRICAL_SURFACE('',#5287,1.);
#284=CYLINDRICAL_SURFACE('',#5291,1.);
#285=CYLINDRICAL_SURFACE('',#5295,2.6);
#286=CYLINDRICAL_SURFACE('',#5298,2.6);
#287=CYLINDRICAL_SURFACE('',#5301,2.6);
#288=CYLINDRICAL_SURFACE('',#5304,2.6);
#289=CYLINDRICAL_SURFACE('',#5309,5.);
#290=CYLINDRICAL_SURFACE('',#5313,5.);
#291=CYLINDRICAL_SURFACE('',#5317,5.);
#292=CYLINDRICAL_SURFACE('',#5320,5.);
#293=CYLINDRICAL_SURFACE('',#5342,2.5);
#294=CYLINDRICAL_SURFACE('',#5356,2.5);
#295=CYLINDRICAL_SURFACE('',#5357,2.5);
#296=CYLINDRICAL_SURFACE('',#5358,2.5);
#297=CYLINDRICAL_SURFACE('',#5359,2.5);
#298=CYLINDRICAL_SURFACE('',#5360,2.5);
#299=CYLINDRICAL_SURFACE('',#5361,2.5);
#300=CYLINDRICAL_SURFACE('',#5365,2.5);
#301=CYLINDRICAL_SURFACE('',#5369,2.5);
#302=CYLINDRICAL_SURFACE('',#5373,2.5);
#303=CYLINDRICAL_SURFACE('',#5383,2.5);
#304=CYLINDRICAL_SURFACE('',#5385,2.5);
#305=CYLINDRICAL_SURFACE('',#5388,2.5);
#306=CYLINDRICAL_SURFACE('',#5391,2.5);
#307=CYLINDRICAL_SURFACE('',#5395,2.5);
#308=CYLINDRICAL_SURFACE('',#5399,2.5);
#309=CYLINDRICAL_SURFACE('',#5408,2.5);
#310=CYLINDRICAL_SURFACE('',#5411,2.5);
#311=CYLINDRICAL_SURFACE('',#5416,2.5);
#312=CYLINDRICAL_SURFACE('',#5419,2.5);
#313=CYLINDRICAL_SURFACE('',#5421,2.5);
#314=CYLINDRICAL_SURFACE('',#5423,2.5);
#315=CYLINDRICAL_SURFACE('',#5428,2.5);
#316=CYLINDRICAL_SURFACE('',#5434,2.5);
#317=CYLINDRICAL_SURFACE('',#5436,2.5);
#318=CYLINDRICAL_SURFACE('',#5438,2.5);
#319=CYLINDRICAL_SURFACE('',#5439,2.5);
#320=CYLINDRICAL_SURFACE('',#5448,2.5);
#321=CYLINDRICAL_SURFACE('',#5453,2.5);
#322=CYLINDRICAL_SURFACE('',#5457,2.5);
#323=CYLINDRICAL_SURFACE('',#5461,5.);
#324=CYLINDRICAL_SURFACE('',#5464,5.);
#325=CYLINDRICAL_SURFACE('',#5513,20.);
#326=CYLINDRICAL_SURFACE('',#5514,12.5);
#327=CYLINDRICAL_SURFACE('',#5515,20.);
#328=CYLINDRICAL_SURFACE('',#5517,20.);
#329=CYLINDRICAL_SURFACE('',#5518,12.5);
#330=CYLINDRICAL_SURFACE('',#5519,20.);
#331=CYLINDRICAL_SURFACE('',#5521,20.);
#332=CYLINDRICAL_SURFACE('',#5522,12.5);
#333=CYLINDRICAL_SURFACE('',#5523,20.);
#334=CYLINDRICAL_SURFACE('',#5525,20.);
#335=CYLINDRICAL_SURFACE('',#5526,12.5);
#336=CYLINDRICAL_SURFACE('',#5527,20.);
#337=CYLINDRICAL_SURFACE('',#5528,0.5);
#338=CYLINDRICAL_SURFACE('',#5531,0.5);
#339=CYLINDRICAL_SURFACE('',#5534,0.5);
#340=CYLINDRICAL_SURFACE('',#5535,0.5);
#341=CYLINDRICAL_SURFACE('',#5538,0.5);
#342=CYLINDRICAL_SURFACE('',#5544,10.);
#343=CYLINDRICAL_SURFACE('',#5556,10.);
#344=CYLINDRICAL_SURFACE('',#5558,10.);
#345=CYLINDRICAL_SURFACE('',#5559,10.);
#346=CYLINDRICAL_SURFACE('',#5560,10.);
#347=CYLINDRICAL_SURFACE('',#5577,3.25);
#348=CYLINDRICAL_SURFACE('',#5580,3.25);
#349=CYLINDRICAL_SURFACE('',#5584,2.25);
#350=CYLINDRICAL_SURFACE('',#5586,2.25);
#351=CYLINDRICAL_SURFACE('',#5620,1.);
#352=CYLINDRICAL_SURFACE('',#5626,1.);
#353=CYLINDRICAL_SURFACE('',#5637,33.);
#354=CYLINDRICAL_SURFACE('',#5643,33.);
#355=CYLINDRICAL_SURFACE('',#5649,33.);
#356=CYLINDRICAL_SURFACE('',#5654,2.5);
#357=CYLINDRICAL_SURFACE('',#5657,33.);
#358=CYLINDRICAL_SURFACE('',#5663,33.);
#359=CYLINDRICAL_SURFACE('',#5668,2.5);
#360=CYLINDRICAL_SURFACE('',#5687,4.);
#361=CYLINDRICAL_SURFACE('',#5691,4.);
#362=CYLINDRICAL_SURFACE('',#5697,2.5);
#363=CYLINDRICAL_SURFACE('',#5704,2.5);
#364=CYLINDRICAL_SURFACE('',#5710,2.5);
#365=CYLINDRICAL_SURFACE('',#5712,2.5);
#366=CYLINDRICAL_SURFACE('',#5716,2.5);
#367=CYLINDRICAL_SURFACE('',#5718,2.5);
#368=CYLINDRICAL_SURFACE('',#5719,2.5);
#369=CYLINDRICAL_SURFACE('',#5728,5.);
#370=CYLINDRICAL_SURFACE('',#5732,5.);
#371=PLANE('',#5273);
#372=PLANE('',#5274);
#373=PLANE('',#5275);
#374=PLANE('',#5276);
#375=PLANE('',#5277);
#376=PLANE('',#5278);
#377=PLANE('',#5282);
#378=PLANE('',#5286);
#379=PLANE('',#5290);
#380=PLANE('',#5294);
#381=PLANE('',#5307);
#382=PLANE('',#5308);
#383=PLANE('',#5312);
#384=PLANE('',#5316);
#385=PLANE('',#5329);
#386=PLANE('',#5340);
#387=PLANE('',#5341);
#388=PLANE('',#5343);
#389=PLANE('',#5364);
#390=PLANE('',#5368);
#391=PLANE('',#5372);
#392=PLANE('',#5376);
#393=PLANE('',#5377);
#394=PLANE('',#5387);
#395=PLANE('',#5390);
#396=PLANE('',#5394);
#397=PLANE('',#5398);
#398=PLANE('',#5402);
#399=PLANE('',#5403);
#400=PLANE('',#5410);
#401=PLANE('',#5413);
#402=PLANE('',#5418);
#403=PLANE('',#5422);
#404=PLANE('',#5441);
#405=PLANE('',#5442);
#406=PLANE('',#5447);
#407=PLANE('',#5459);
#408=PLANE('',#5463);
#409=PLANE('',#5466);
#410=PLANE('',#5471);
#411=PLANE('',#5473);
#412=PLANE('',#5474);
#413=PLANE('',#5477);
#414=PLANE('',#5478);
#415=PLANE('',#5479);
#416=PLANE('',#5482);
#417=PLANE('',#5487);
#418=PLANE('',#5488);
#419=PLANE('',#5491);
#420=PLANE('',#5492);
#421=PLANE('',#5495);
#422=PLANE('',#5496);
#423=PLANE('',#5499);
#424=PLANE('',#5500);
#425=PLANE('',#5501);
#426=PLANE('',#5504);
#427=PLANE('',#5505);
#428=PLANE('',#5508);
#429=PLANE('',#5509);
#430=PLANE('',#5512);
#431=PLANE('',#5516);
#432=PLANE('',#5520);
#433=PLANE('',#5524);
#434=PLANE('',#5546);
#435=PLANE('',#5547);
#436=PLANE('',#5548);
#437=PLANE('',#5549);
#438=PLANE('',#5550);
#439=PLANE('',#5551);
#440=PLANE('',#5552);
#441=PLANE('',#5553);
#442=PLANE('',#5554);
#443=PLANE('',#5555);
#444=PLANE('',#5557);
#445=PLANE('',#5561);
#446=PLANE('',#5562);
#447=PLANE('',#5563);
#448=PLANE('',#5564);
#449=PLANE('',#5565);
#450=PLANE('',#5566);
#451=PLANE('',#5567);
#452=PLANE('',#5574);
#453=PLANE('',#5579);
#454=PLANE('',#5583);
#455=PLANE('',#5589);
#456=PLANE('',#5590);
#457=PLANE('',#5591);
#458=PLANE('',#5592);
#459=PLANE('',#5593);
#460=PLANE('',#5594);
#461=PLANE('',#5595);
#462=PLANE('',#5596);
#463=PLANE('',#5597);
#464=PLANE('',#5598);
#465=PLANE('',#5599);
#466=PLANE('',#5600);
#467=PLANE('',#5601);
#468=PLANE('',#5602);
#469=PLANE('',#5603);
#470=PLANE('',#5604);
#471=PLANE('',#5605);
#472=PLANE('',#5606);
#473=PLANE('',#5607);
#474=PLANE('',#5608);
#475=PLANE('',#5609);
#476=PLANE('',#5610);
#477=PLANE('',#5611);
#478=PLANE('',#5612);
#479=PLANE('',#5613);
#480=PLANE('',#5614);
#481=PLANE('',#5615);
#482=PLANE('',#5616);
#483=PLANE('',#5617);
#484=PLANE('',#5618);
#485=PLANE('',#5619);
#486=PLANE('',#5623);
#487=PLANE('',#5625);
#488=PLANE('',#5628);
#489=PLANE('',#5629);
#490=PLANE('',#5630);
#491=PLANE('',#5631);
#492=PLANE('',#5632);
#493=PLANE('',#5633);
#494=PLANE('',#5634);
#495=PLANE('',#5635);
#496=PLANE('',#5636);
#497=PLANE('',#5640);
#498=PLANE('',#5642);
#499=PLANE('',#5651);
#500=PLANE('',#5653);
#501=PLANE('',#5656);
#502=PLANE('',#5665);
#503=PLANE('',#5667);
#504=PLANE('',#5670);
#505=PLANE('',#5671);
#506=PLANE('',#5673);
#507=PLANE('',#5674);
#508=PLANE('',#5677);
#509=PLANE('',#5678);
#510=PLANE('',#5681);
#511=PLANE('',#5682);
#512=PLANE('',#5684);
#513=PLANE('',#5685);
#514=PLANE('',#5686);
#515=PLANE('',#5690);
#516=PLANE('',#5694);
#517=PLANE('',#5703);
#518=PLANE('',#5709);
#519=PLANE('',#5713);
#520=PLANE('',#5720);
#521=PLANE('',#5721);
#522=PLANE('',#5722);
#523=PLANE('',#5723);
#524=PLANE('',#5724);
#525=PLANE('',#5725);
#526=PLANE('',#5726);
#527=PLANE('',#5727);
#528=PLANE('',#5729);
#529=PLANE('',#5730);
#530=PLANE('',#5731);
#531=PLANE('',#5733);
#532=FACE_OUTER_BOUND('',#806,.T.);
#533=FACE_OUTER_BOUND('',#807,.T.);
#534=FACE_OUTER_BOUND('',#808,.T.);
#535=FACE_OUTER_BOUND('',#809,.T.);
#536=FACE_OUTER_BOUND('',#810,.T.);
#537=FACE_OUTER_BOUND('',#811,.T.);
#538=FACE_OUTER_BOUND('',#812,.T.);
#539=FACE_OUTER_BOUND('',#813,.T.);
#540=FACE_OUTER_BOUND('',#814,.T.);
#541=FACE_OUTER_BOUND('',#815,.T.);
#542=FACE_OUTER_BOUND('',#816,.T.);
#543=FACE_OUTER_BOUND('',#817,.T.);
#544=FACE_OUTER_BOUND('',#818,.T.);
#545=FACE_OUTER_BOUND('',#819,.T.);
#546=FACE_OUTER_BOUND('',#820,.T.);
#547=FACE_OUTER_BOUND('',#821,.T.);
#548=FACE_OUTER_BOUND('',#822,.T.);
#549=FACE_OUTER_BOUND('',#823,.T.);
#550=FACE_OUTER_BOUND('',#824,.T.);
#551=FACE_OUTER_BOUND('',#825,.T.);
#552=FACE_OUTER_BOUND('',#826,.T.);
#553=FACE_OUTER_BOUND('',#827,.T.);
#554=FACE_OUTER_BOUND('',#828,.T.);
#555=FACE_OUTER_BOUND('',#829,.T.);
#556=FACE_OUTER_BOUND('',#830,.T.);
#557=FACE_OUTER_BOUND('',#831,.T.);
#558=FACE_OUTER_BOUND('',#832,.T.);
#559=FACE_OUTER_BOUND('',#833,.T.);
#560=FACE_OUTER_BOUND('',#834,.T.);
#561=FACE_OUTER_BOUND('',#835,.T.);
#562=FACE_OUTER_BOUND('',#836,.T.);
#563=FACE_OUTER_BOUND('',#837,.T.);
#564=FACE_OUTER_BOUND('',#838,.T.);
#565=FACE_OUTER_BOUND('',#839,.T.);
#566=FACE_OUTER_BOUND('',#843,.T.);
#567=FACE_OUTER_BOUND('',#844,.T.);
#568=FACE_OUTER_BOUND('',#845,.T.);
#569=FACE_OUTER_BOUND('',#846,.T.);
#570=FACE_OUTER_BOUND('',#847,.T.);
#571=FACE_OUTER_BOUND('',#848,.T.);
#572=FACE_OUTER_BOUND('',#849,.T.);
#573=FACE_OUTER_BOUND('',#851,.T.);
#574=FACE_OUTER_BOUND('',#852,.T.);
#575=FACE_OUTER_BOUND('',#853,.T.);
#576=FACE_OUTER_BOUND('',#854,.T.);
#577=FACE_OUTER_BOUND('',#855,.T.);
#578=FACE_OUTER_BOUND('',#856,.T.);
#579=FACE_OUTER_BOUND('',#857,.T.);
#580=FACE_OUTER_BOUND('',#858,.T.);
#581=FACE_OUTER_BOUND('',#859,.T.);
#582=FACE_OUTER_BOUND('',#860,.T.);
#583=FACE_OUTER_BOUND('',#861,.T.);
#584=FACE_OUTER_BOUND('',#862,.T.);
#585=FACE_OUTER_BOUND('',#863,.T.);
#586=FACE_OUTER_BOUND('',#864,.T.);
#587=FACE_OUTER_BOUND('',#865,.T.);
#588=FACE_OUTER_BOUND('',#866,.T.);
#589=FACE_OUTER_BOUND('',#867,.T.);
#590=FACE_OUTER_BOUND('',#868,.T.);
#591=FACE_OUTER_BOUND('',#869,.T.);
#592=FACE_OUTER_BOUND('',#870,.T.);
#593=FACE_OUTER_BOUND('',#871,.T.);
#594=FACE_OUTER_BOUND('',#872,.T.);
#595=FACE_OUTER_BOUND('',#873,.T.);
#596=FACE_OUTER_BOUND('',#874,.T.);
#597=FACE_OUTER_BOUND('',#875,.T.);
#598=FACE_OUTER_BOUND('',#876,.T.);
#599=FACE_OUTER_BOUND('',#877,.T.);
#600=FACE_OUTER_BOUND('',#878,.T.);
#601=FACE_OUTER_BOUND('',#879,.T.);
#602=FACE_OUTER_BOUND('',#880,.T.);
#603=FACE_OUTER_BOUND('',#881,.T.);
#604=FACE_OUTER_BOUND('',#882,.T.);
#605=FACE_OUTER_BOUND('',#883,.T.);
#606=FACE_OUTER_BOUND('',#884,.T.);
#607=FACE_OUTER_BOUND('',#885,.T.);
#608=FACE_OUTER_BOUND('',#886,.T.);
#609=FACE_OUTER_BOUND('',#887,.T.);
#610=FACE_OUTER_BOUND('',#888,.T.);
#611=FACE_OUTER_BOUND('',#889,.T.);
#612=FACE_OUTER_BOUND('',#890,.T.);
#613=FACE_OUTER_BOUND('',#891,.T.);
#614=FACE_OUTER_BOUND('',#892,.T.);
#615=FACE_OUTER_BOUND('',#893,.T.);
#616=FACE_OUTER_BOUND('',#894,.T.);
#617=FACE_OUTER_BOUND('',#897,.T.);
#618=FACE_OUTER_BOUND('',#901,.T.);
#619=FACE_OUTER_BOUND('',#906,.T.);
#620=FACE_OUTER_BOUND('',#907,.T.);
#621=FACE_OUTER_BOUND('',#908,.T.);
#622=FACE_OUTER_BOUND('',#909,.T.);
#623=FACE_OUTER_BOUND('',#910,.T.);
#624=FACE_OUTER_BOUND('',#911,.T.);
#625=FACE_OUTER_BOUND('',#914,.T.);
#626=FACE_OUTER_BOUND('',#915,.T.);
#627=FACE_OUTER_BOUND('',#919,.T.);
#628=FACE_OUTER_BOUND('',#920,.T.);
#629=FACE_OUTER_BOUND('',#925,.T.);
#630=FACE_OUTER_BOUND('',#928,.T.);
#631=FACE_OUTER_BOUND('',#929,.T.);
#632=FACE_OUTER_BOUND('',#930,.T.);
#633=FACE_OUTER_BOUND('',#935,.T.);
#634=FACE_OUTER_BOUND('',#936,.T.);
#635=FACE_OUTER_BOUND('',#937,.T.);
#636=FACE_OUTER_BOUND('',#938,.T.);
#637=FACE_OUTER_BOUND('',#939,.T.);
#638=FACE_OUTER_BOUND('',#940,.T.);
#639=FACE_OUTER_BOUND('',#941,.T.);
#640=FACE_OUTER_BOUND('',#942,.T.);
#641=FACE_OUTER_BOUND('',#943,.T.);
#642=FACE_OUTER_BOUND('',#944,.T.);
#643=FACE_OUTER_BOUND('',#949,.T.);
#644=FACE_OUTER_BOUND('',#950,.T.);
#645=FACE_OUTER_BOUND('',#951,.T.);
#646=FACE_OUTER_BOUND('',#952,.T.);
#647=FACE_OUTER_BOUND('',#953,.T.);
#648=FACE_OUTER_BOUND('',#954,.T.);
#649=FACE_OUTER_BOUND('',#955,.T.);
#650=FACE_OUTER_BOUND('',#956,.T.);
#651=FACE_OUTER_BOUND('',#957,.T.);
#652=FACE_OUTER_BOUND('',#958,.T.);
#653=FACE_OUTER_BOUND('',#959,.T.);
#654=FACE_OUTER_BOUND('',#960,.T.);
#655=FACE_OUTER_BOUND('',#961,.T.);
#656=FACE_OUTER_BOUND('',#962,.T.);
#657=FACE_OUTER_BOUND('',#963,.T.);
#658=FACE_OUTER_BOUND('',#964,.T.);
#659=FACE_OUTER_BOUND('',#965,.T.);
#660=FACE_OUTER_BOUND('',#966,.T.);
#661=FACE_OUTER_BOUND('',#967,.T.);
#662=FACE_OUTER_BOUND('',#968,.T.);
#663=FACE_OUTER_BOUND('',#969,.T.);
#664=FACE_OUTER_BOUND('',#970,.T.);
#665=FACE_OUTER_BOUND('',#971,.T.);
#666=FACE_OUTER_BOUND('',#972,.T.);
#667=FACE_OUTER_BOUND('',#973,.T.);
#668=FACE_OUTER_BOUND('',#974,.T.);
#669=FACE_OUTER_BOUND('',#975,.T.);
#670=FACE_OUTER_BOUND('',#976,.T.);
#671=FACE_OUTER_BOUND('',#977,.T.);
#672=FACE_OUTER_BOUND('',#978,.T.);
#673=FACE_OUTER_BOUND('',#979,.T.);
#674=FACE_OUTER_BOUND('',#980,.T.);
#675=FACE_OUTER_BOUND('',#981,.T.);
#676=FACE_OUTER_BOUND('',#982,.T.);
#677=FACE_OUTER_BOUND('',#983,.T.);
#678=FACE_OUTER_BOUND('',#984,.T.);
#679=FACE_OUTER_BOUND('',#985,.T.);
#680=FACE_OUTER_BOUND('',#986,.T.);
#681=FACE_OUTER_BOUND('',#987,.T.);
#682=FACE_OUTER_BOUND('',#988,.T.);
#683=FACE_OUTER_BOUND('',#989,.T.);
#684=FACE_OUTER_BOUND('',#990,.T.);
#685=FACE_OUTER_BOUND('',#991,.T.);
#686=FACE_OUTER_BOUND('',#992,.T.);
#687=FACE_OUTER_BOUND('',#993,.T.);
#688=FACE_OUTER_BOUND('',#994,.T.);
#689=FACE_OUTER_BOUND('',#995,.T.);
#690=FACE_OUTER_BOUND('',#996,.T.);
#691=FACE_OUTER_BOUND('',#997,.T.);
#692=FACE_OUTER_BOUND('',#998,.T.);
#693=FACE_OUTER_BOUND('',#999,.T.);
#694=FACE_OUTER_BOUND('',#1000,.T.);
#695=FACE_OUTER_BOUND('',#1001,.T.);
#696=FACE_OUTER_BOUND('',#1002,.T.);
#697=FACE_OUTER_BOUND('',#1004,.T.);
#698=FACE_OUTER_BOUND('',#1005,.T.);
#699=FACE_OUTER_BOUND('',#1007,.T.);
#700=FACE_OUTER_BOUND('',#1008,.T.);
#701=FACE_OUTER_BOUND('',#1010,.T.);
#702=FACE_OUTER_BOUND('',#1011,.T.);
#703=FACE_OUTER_BOUND('',#1012,.T.);
#704=FACE_OUTER_BOUND('',#1013,.T.);
#705=FACE_OUTER_BOUND('',#1014,.T.);
#706=FACE_OUTER_BOUND('',#1015,.T.);
#707=FACE_OUTER_BOUND('',#1016,.T.);
#708=FACE_OUTER_BOUND('',#1017,.T.);
#709=FACE_OUTER_BOUND('',#1018,.T.);
#710=FACE_OUTER_BOUND('',#1019,.T.);
#711=FACE_OUTER_BOUND('',#1020,.T.);
#712=FACE_OUTER_BOUND('',#1021,.T.);
#713=FACE_OUTER_BOUND('',#1022,.T.);
#714=FACE_OUTER_BOUND('',#1023,.T.);
#715=FACE_OUTER_BOUND('',#1024,.T.);
#716=FACE_OUTER_BOUND('',#1026,.T.);
#717=FACE_OUTER_BOUND('',#1027,.T.);
#718=FACE_OUTER_BOUND('',#1029,.T.);
#719=FACE_OUTER_BOUND('',#1030,.T.);
#720=FACE_OUTER_BOUND('',#1032,.T.);
#721=FACE_OUTER_BOUND('',#1033,.T.);
#722=FACE_OUTER_BOUND('',#1034,.T.);
#723=FACE_OUTER_BOUND('',#1035,.T.);
#724=FACE_OUTER_BOUND('',#1036,.T.);
#725=FACE_OUTER_BOUND('',#1037,.T.);
#726=FACE_OUTER_BOUND('',#1039,.T.);
#727=FACE_OUTER_BOUND('',#1040,.T.);
#728=FACE_OUTER_BOUND('',#1042,.T.);
#729=FACE_OUTER_BOUND('',#1043,.T.);
#730=FACE_OUTER_BOUND('',#1045,.T.);
#731=FACE_OUTER_BOUND('',#1046,.T.);
#732=FACE_OUTER_BOUND('',#1047,.T.);
#733=FACE_OUTER_BOUND('',#1048,.T.);
#734=FACE_OUTER_BOUND('',#1049,.T.);
#735=FACE_OUTER_BOUND('',#1050,.T.);
#736=FACE_OUTER_BOUND('',#1051,.T.);
#737=FACE_OUTER_BOUND('',#1052,.T.);
#738=FACE_OUTER_BOUND('',#1053,.T.);
#739=FACE_OUTER_BOUND('',#1054,.T.);
#740=FACE_OUTER_BOUND('',#1055,.T.);
#741=FACE_OUTER_BOUND('',#1056,.T.);
#742=FACE_OUTER_BOUND('',#1057,.T.);
#743=FACE_OUTER_BOUND('',#1058,.T.);
#744=FACE_OUTER_BOUND('',#1059,.T.);
#745=FACE_OUTER_BOUND('',#1060,.T.);
#746=FACE_OUTER_BOUND('',#1062,.T.);
#747=FACE_OUTER_BOUND('',#1064,.T.);
#748=FACE_OUTER_BOUND('',#1065,.T.);
#749=FACE_OUTER_BOUND('',#1066,.T.);
#750=FACE_OUTER_BOUND('',#1067,.T.);
#751=FACE_OUTER_BOUND('',#1068,.T.);
#752=FACE_OUTER_BOUND('',#1069,.T.);
#753=FACE_OUTER_BOUND('',#1070,.T.);
#754=FACE_OUTER_BOUND('',#1071,.T.);
#755=FACE_OUTER_BOUND('',#1072,.T.);
#756=FACE_OUTER_BOUND('',#1073,.T.);
#757=FACE_OUTER_BOUND('',#1074,.T.);
#758=FACE_OUTER_BOUND('',#1075,.T.);
#759=FACE_OUTER_BOUND('',#1076,.T.);
#760=FACE_OUTER_BOUND('',#1077,.T.);
#761=FACE_OUTER_BOUND('',#1078,.T.);
#762=FACE_OUTER_BOUND('',#1079,.T.);
#763=FACE_OUTER_BOUND('',#1080,.T.);
#764=FACE_OUTER_BOUND('',#1081,.T.);
#765=FACE_OUTER_BOUND('',#1082,.T.);
#766=FACE_OUTER_BOUND('',#1083,.T.);
#767=FACE_OUTER_BOUND('',#1084,.T.);
#768=FACE_OUTER_BOUND('',#1085,.T.);
#769=FACE_OUTER_BOUND('',#1086,.T.);
#770=FACE_OUTER_BOUND('',#1087,.T.);
#771=FACE_OUTER_BOUND('',#1088,.T.);
#772=FACE_OUTER_BOUND('',#1089,.T.);
#773=FACE_OUTER_BOUND('',#1090,.T.);
#774=FACE_OUTER_BOUND('',#1091,.T.);
#775=FACE_OUTER_BOUND('',#1092,.T.);
#776=FACE_OUTER_BOUND('',#1093,.T.);
#777=FACE_OUTER_BOUND('',#1094,.T.);
#778=FACE_OUTER_BOUND('',#1095,.T.);
#779=FACE_OUTER_BOUND('',#1096,.T.);
#780=FACE_OUTER_BOUND('',#1098,.T.);
#781=FACE_OUTER_BOUND('',#1099,.T.);
#782=FACE_OUTER_BOUND('',#1100,.T.);
#783=FACE_OUTER_BOUND('',#1101,.T.);
#784=FACE_OUTER_BOUND('',#1102,.T.);
#785=FACE_OUTER_BOUND('',#1103,.T.);
#786=FACE_OUTER_BOUND('',#1104,.T.);
#787=FACE_OUTER_BOUND('',#1105,.T.);
#788=FACE_OUTER_BOUND('',#1106,.T.);
#789=FACE_OUTER_BOUND('',#1110,.T.);
#790=FACE_OUTER_BOUND('',#1111,.T.);
#791=FACE_OUTER_BOUND('',#1112,.T.);
#792=FACE_OUTER_BOUND('',#1113,.T.);
#793=FACE_OUTER_BOUND('',#1114,.T.);
#794=FACE_OUTER_BOUND('',#1115,.T.);
#795=FACE_OUTER_BOUND('',#1116,.T.);
#796=FACE_OUTER_BOUND('',#1117,.T.);
#797=FACE_OUTER_BOUND('',#1118,.T.);
#798=FACE_OUTER_BOUND('',#1119,.T.);
#799=FACE_OUTER_BOUND('',#1120,.T.);
#800=FACE_OUTER_BOUND('',#1121,.T.);
#801=FACE_OUTER_BOUND('',#1122,.T.);
#802=FACE_OUTER_BOUND('',#1123,.T.);
#803=FACE_OUTER_BOUND('',#1124,.T.);
#804=FACE_OUTER_BOUND('',#1125,.T.);
#805=FACE_OUTER_BOUND('',#1126,.T.);
#806=EDGE_LOOP('',(#3464,#3465,#3466,#3467));
#807=EDGE_LOOP('',(#3468,#3469,#3470,#3471));
#808=EDGE_LOOP('',(#3472,#3473,#3474,#3475));
#809=EDGE_LOOP('',(#3476,#3477,#3478,#3479));
#810=EDGE_LOOP('',(#3480,#3481,#3482,#3483));
#811=EDGE_LOOP('',(#3484,#3485,#3486,#3487));
#812=EDGE_LOOP('',(#3488,#3489,#3490,#3491));
#813=EDGE_LOOP('',(#3492,#3493,#3494,#3495));
#814=EDGE_LOOP('',(#3496,#3497,#3498,#3499));
#815=EDGE_LOOP('',(#3500,#3501,#3502,#3503));
#816=EDGE_LOOP('',(#3504,#3505,#3506,#3507,#3508,#3509,#3510,#3511,#3512,
#3513));
#817=EDGE_LOOP('',(#3514,#3515,#3516,#3517));
#818=EDGE_LOOP('',(#3518,#3519,#3520,#3521));
#819=EDGE_LOOP('',(#3522,#3523,#3524,#3525));
#820=EDGE_LOOP('',(#3526,#3527,#3528,#3529));
#821=EDGE_LOOP('',(#3530,#3531,#3532,#3533));
#822=EDGE_LOOP('',(#3534,#3535,#3536,#3537));
#823=EDGE_LOOP('',(#3538,#3539,#3540,#3541));
#824=EDGE_LOOP('',(#3542,#3543,#3544,#3545));
#825=EDGE_LOOP('',(#3546,#3547,#3548,#3549));
#826=EDGE_LOOP('',(#3550,#3551,#3552,#3553));
#827=EDGE_LOOP('',(#3554,#3555,#3556,#3557));
#828=EDGE_LOOP('',(#3558,#3559,#3560,#3561));
#829=EDGE_LOOP('',(#3562,#3563,#3564,#3565));
#830=EDGE_LOOP('',(#3566,#3567,#3568,#3569));
#831=EDGE_LOOP('',(#3570,#3571,#3572,#3573));
#832=EDGE_LOOP('',(#3574,#3575,#3576,#3577));
#833=EDGE_LOOP('',(#3578,#3579,#3580,#3581));
#834=EDGE_LOOP('',(#3582,#3583,#3584,#3585));
#835=EDGE_LOOP('',(#3586,#3587,#3588,#3589));
#836=EDGE_LOOP('',(#3590,#3591,#3592,#3593));
#837=EDGE_LOOP('',(#3594,#3595,#3596,#3597,#3598));
#838=EDGE_LOOP('',(#3599,#3600,#3601,#3602));
#839=EDGE_LOOP('',(#3603,#3604,#3605,#3606,#3607,#3608,#3609,#3610));
#840=EDGE_LOOP('',(#3611));
#841=EDGE_LOOP('',(#3612,#3613,#3614,#3615));
#842=EDGE_LOOP('',(#3616,#3617,#3618,#3619));
#843=EDGE_LOOP('',(#3620,#3621,#3622,#3623,#3624,#3625));
#844=EDGE_LOOP('',(#3626,#3627,#3628,#3629,#3630));
#845=EDGE_LOOP('',(#3631,#3632,#3633,#3634,#3635));
#846=EDGE_LOOP('',(#3636));
#847=EDGE_LOOP('',(#3637));
#848=EDGE_LOOP('',(#3638,#3639,#3640,#3641));
#849=EDGE_LOOP('',(#3642,#3643,#3644,#3645,#3646,#3647,#3648,#3649,#3650,
#3651,#3652,#3653,#3654,#3655,#3656,#3657,#3658,#3659,#3660,#3661,#3662,
#3663,#3664,#3665));
#850=EDGE_LOOP('',(#3666,#3667,#3668,#3669));
#851=EDGE_LOOP('',(#3670,#3671,#3672,#3673));
#852=EDGE_LOOP('',(#3674,#3675,#3676,#3677));
#853=EDGE_LOOP('',(#3678,#3679,#3680,#3681));
#854=EDGE_LOOP('',(#3682,#3683,#3684,#3685));
#855=EDGE_LOOP('',(#3686,#3687,#3688,#3689));
#856=EDGE_LOOP('',(#3690,#3691,#3692,#3693));
#857=EDGE_LOOP('',(#3694,#3695,#3696,#3697,#3698,#3699,#3700,#3701));
#858=EDGE_LOOP('',(#3702,#3703,#3704,#3705));
#859=EDGE_LOOP('',(#3706,#3707,#3708,#3709,#3710,#3711,#3712,#3713));
#860=EDGE_LOOP('',(#3714,#3715,#3716,#3717));
#861=EDGE_LOOP('',(#3718,#3719,#3720,#3721));
#862=EDGE_LOOP('',(#3722,#3723,#3724,#3725));
#863=EDGE_LOOP('',(#3726,#3727,#3728,#3729));
#864=EDGE_LOOP('',(#3730,#3731,#3732,#3733,#3734,#3735,#3736,#3737,#3738,
#3739,#3740,#3741,#3742,#3743,#3744,#3745,#3746,#3747,#3748));
#865=EDGE_LOOP('',(#3749,#3750,#3751,#3752));
#866=EDGE_LOOP('',(#3753,#3754,#3755,#3756));
#867=EDGE_LOOP('',(#3757,#3758,#3759,#3760));
#868=EDGE_LOOP('',(#3761,#3762,#3763,#3764));
#869=EDGE_LOOP('',(#3765,#3766,#3767,#3768));
#870=EDGE_LOOP('',(#3769,#3770,#3771,#3772));
#871=EDGE_LOOP('',(#3773,#3774,#3775,#3776));
#872=EDGE_LOOP('',(#3777,#3778,#3779,#3780));
#873=EDGE_LOOP('',(#3781,#3782,#3783,#3784));
#874=EDGE_LOOP('',(#3785,#3786,#3787,#3788));
#875=EDGE_LOOP('',(#3789,#3790,#3791,#3792));
#876=EDGE_LOOP('',(#3793,#3794,#3795,#3796,#3797,#3798,#3799,#3800,#3801,
#3802,#3803,#3804,#3805,#3806,#3807,#3808,#3809,#3810,#3811));
#877=EDGE_LOOP('',(#3812,#3813,#3814,#3815));
#878=EDGE_LOOP('',(#3816,#3817,#3818,#3819));
#879=EDGE_LOOP('',(#3820,#3821,#3822,#3823));
#880=EDGE_LOOP('',(#3824,#3825,#3826,#3827,#3828,#3829,#3830,#3831,#3832,
#3833,#3834,#3835,#3836,#3837,#3838,#3839,#3840,#3841,#3842));
#881=EDGE_LOOP('',(#3843,#3844,#3845,#3846));
#882=EDGE_LOOP('',(#3847,#3848,#3849,#3850));
#883=EDGE_LOOP('',(#3851,#3852,#3853,#3854));
#884=EDGE_LOOP('',(#3855,#3856,#3857,#3858));
#885=EDGE_LOOP('',(#3859,#3860,#3861,#3862));
#886=EDGE_LOOP('',(#3863,#3864,#3865,#3866));
#887=EDGE_LOOP('',(#3867,#3868,#3869));
#888=EDGE_LOOP('',(#3870,#3871,#3872,#3873));
#889=EDGE_LOOP('',(#3874,#3875,#3876));
#890=EDGE_LOOP('',(#3877,#3878,#3879,#3880));
#891=EDGE_LOOP('',(#3881,#3882,#3883,#3884));
#892=EDGE_LOOP('',(#3885,#3886,#3887,#3888));
#893=EDGE_LOOP('',(#3889,#3890,#3891,#3892));
#894=EDGE_LOOP('',(#3893,#3894,#3895,#3896,#3897,#3898,#3899,#3900));
#895=EDGE_LOOP('',(#3901,#3902,#3903,#3904));
#896=EDGE_LOOP('',(#3905,#3906,#3907,#3908,#3909,#3910,#3911,#3912,#3913,
#3914));
#897=EDGE_LOOP('',(#3915,#3916,#3917,#3918,#3919,#3920,#3921,#3922,#3923,
#3924,#3925,#3926,#3927,#3928,#3929,#3930,#3931,#3932,#3933,#3934,#3935,
#3936));
#898=EDGE_LOOP('',(#3937,#3938,#3939,#3940,#3941,#3942,#3943,#3944));
#899=EDGE_LOOP('',(#3945));
#900=EDGE_LOOP('',(#3946));
#901=EDGE_LOOP('',(#3947,#3948,#3949,#3950));
#902=EDGE_LOOP('',(#3951,#3952,#3953,#3954));
#903=EDGE_LOOP('',(#3955,#3956,#3957,#3958));
#904=EDGE_LOOP('',(#3959,#3960,#3961,#3962));
#905=EDGE_LOOP('',(#3963,#3964,#3965,#3966));
#906=EDGE_LOOP('',(#3967,#3968,#3969,#3970));
#907=EDGE_LOOP('',(#3971,#3972,#3973,#3974));
#908=EDGE_LOOP('',(#3975,#3976,#3977,#3978,#3979,#3980));
#909=EDGE_LOOP('',(#3981,#3982,#3983,#3984));
#910=EDGE_LOOP('',(#3985,#3986,#3987,#3988));
#911=EDGE_LOOP('',(#3989,#3990,#3991,#3992));
#912=EDGE_LOOP('',(#3993,#3994,#3995,#3996));
#913=EDGE_LOOP('',(#3997));
#914=EDGE_LOOP('',(#3998,#3999,#4000,#4001));
#915=EDGE_LOOP('',(#4002,#4003,#4004,#4005));
#916=EDGE_LOOP('',(#4006,#4007,#4008,#4009,#4010,#4011,#4012,#4013,#4014,
#4015));
#917=EDGE_LOOP('',(#4016));
#918=EDGE_LOOP('',(#4017));
#919=EDGE_LOOP('',(#4018,#4019,#4020,#4021));
#920=EDGE_LOOP('',(#4022,#4023,#4024,#4025,#4026,#4027));
#921=EDGE_LOOP('',(#4028,#4029,#4030,#4031,#4032,#4033,#4034,#4035));
#922=EDGE_LOOP('',(#4036));
#923=EDGE_LOOP('',(#4037));
#924=EDGE_LOOP('',(#4038,#4039,#4040,#4041,#4042,#4043,#4044,#4045));
#925=EDGE_LOOP('',(#4046,#4047,#4048,#4049));
#926=EDGE_LOOP('',(#4050,#4051,#4052,#4053));
#927=EDGE_LOOP('',(#4054));
#928=EDGE_LOOP('',(#4055,#4056,#4057,#4058));
#929=EDGE_LOOP('',(#4059,#4060,#4061,#4062));
#930=EDGE_LOOP('',(#4063,#4064,#4065,#4066));
#931=EDGE_LOOP('',(#4067,#4068,#4069,#4070));
#932=EDGE_LOOP('',(#4071,#4072,#4073,#4074));
#933=EDGE_LOOP('',(#4075,#4076,#4077,#4078));
#934=EDGE_LOOP('',(#4079,#4080,#4081,#4082));
#935=EDGE_LOOP('',(#4083,#4084,#4085,#4086));
#936=EDGE_LOOP('',(#4087,#4088,#4089,#4090));
#937=EDGE_LOOP('',(#4091,#4092,#4093,#4094,#4095,#4096,#4097,#4098,#4099,
#4100,#4101,#4102,#4103,#4104,#4105,#4106));
#938=EDGE_LOOP('',(#4107,#4108,#4109,#4110));
#939=EDGE_LOOP('',(#4111,#4112,#4113,#4114));
#940=EDGE_LOOP('',(#4115,#4116,#4117,#4118));
#941=EDGE_LOOP('',(#4119,#4120,#4121,#4122));
#942=EDGE_LOOP('',(#4123,#4124,#4125,#4126));
#943=EDGE_LOOP('',(#4127,#4128,#4129,#4130));
#944=EDGE_LOOP('',(#4131,#4132,#4133,#4134));
#945=EDGE_LOOP('',(#4135));
#946=EDGE_LOOP('',(#4136));
#947=EDGE_LOOP('',(#4137,#4138,#4139,#4140));
#948=EDGE_LOOP('',(#4141,#4142,#4143,#4144));
#949=EDGE_LOOP('',(#4145,#4146,#4147,#4148));
#950=EDGE_LOOP('',(#4149,#4150,#4151,#4152));
#951=EDGE_LOOP('',(#4153,#4154,#4155,#4156));
#952=EDGE_LOOP('',(#4157,#4158,#4159,#4160));
#953=EDGE_LOOP('',(#4161,#4162,#4163,#4164));
#954=EDGE_LOOP('',(#4165,#4166,#4167,#4168));
#955=EDGE_LOOP('',(#4169,#4170,#4171,#4172));
#956=EDGE_LOOP('',(#4173,#4174,#4175,#4176,#4177,#4178));
#957=EDGE_LOOP('',(#4179,#4180,#4181,#4182,#4183,#4184,#4185,#4186,#4187));
#958=EDGE_LOOP('',(#4188,#4189,#4190,#4191,#4192));
#959=EDGE_LOOP('',(#4193,#4194,#4195,#4196));
#960=EDGE_LOOP('',(#4197,#4198,#4199,#4200,#4201));
#961=EDGE_LOOP('',(#4202,#4203,#4204,#4205,#4206,#4207,#4208,#4209,#4210));
#962=EDGE_LOOP('',(#4211,#4212,#4213,#4214,#4215,#4216));
#963=EDGE_LOOP('',(#4217,#4218,#4219,#4220));
#964=EDGE_LOOP('',(#4221,#4222,#4223,#4224,#4225,#4226));
#965=EDGE_LOOP('',(#4227,#4228,#4229,#4230,#4231,#4232,#4233,#4234,#4235,
#4236));
#966=EDGE_LOOP('',(#4237,#4238,#4239,#4240,#4241,#4242));
#967=EDGE_LOOP('',(#4243,#4244,#4245,#4246));
#968=EDGE_LOOP('',(#4247,#4248,#4249,#4250,#4251,#4252));
#969=EDGE_LOOP('',(#4253,#4254,#4255,#4256,#4257,#4258,#4259,#4260,#4261,
#4262));
#970=EDGE_LOOP('',(#4263,#4264,#4265,#4266,#4267,#4268));
#971=EDGE_LOOP('',(#4269,#4270,#4271,#4272));
#972=EDGE_LOOP('',(#4273,#4274,#4275,#4276));
#973=EDGE_LOOP('',(#4277,#4278,#4279,#4280));
#974=EDGE_LOOP('',(#4281,#4282,#4283,#4284,#4285));
#975=EDGE_LOOP('',(#4286,#4287,#4288,#4289,#4290));
#976=EDGE_LOOP('',(#4291,#4292,#4293,#4294));
#977=EDGE_LOOP('',(#4295,#4296,#4297,#4298));
#978=EDGE_LOOP('',(#4299,#4300,#4301,#4302,#4303,#4304,#4305));
#979=EDGE_LOOP('',(#4306,#4307,#4308,#4309,#4310,#4311));
#980=EDGE_LOOP('',(#4312,#4313,#4314,#4315,#4316,#4317));
#981=EDGE_LOOP('',(#4318,#4319,#4320,#4321));
#982=EDGE_LOOP('',(#4322,#4323,#4324,#4325));
#983=EDGE_LOOP('',(#4326,#4327,#4328,#4329,#4330));
#984=EDGE_LOOP('',(#4331,#4332,#4333,#4334,#4335,#4336,#4337));
#985=EDGE_LOOP('',(#4338,#4339,#4340,#4341));
#986=EDGE_LOOP('',(#4342,#4343,#4344,#4345));
#987=EDGE_LOOP('',(#4346,#4347,#4348,#4349,#4350));
#988=EDGE_LOOP('',(#4351,#4352,#4353,#4354));
#989=EDGE_LOOP('',(#4355,#4356,#4357,#4358));
#990=EDGE_LOOP('',(#4359,#4360,#4361,#4362));
#991=EDGE_LOOP('',(#4363,#4364,#4365,#4366));
#992=EDGE_LOOP('',(#4367,#4368,#4369,#4370));
#993=EDGE_LOOP('',(#4371,#4372,#4373,#4374));
#994=EDGE_LOOP('',(#4375,#4376,#4377,#4378));
#995=EDGE_LOOP('',(#4379,#4380,#4381,#4382));
#996=EDGE_LOOP('',(#4383,#4384,#4385,#4386));
#997=EDGE_LOOP('',(#4387,#4388,#4389,#4390));
#998=EDGE_LOOP('',(#4391,#4392,#4393,#4394));
#999=EDGE_LOOP('',(#4395,#4396,#4397,#4398));
#1000=EDGE_LOOP('',(#4399,#4400,#4401,#4402));
#1001=EDGE_LOOP('',(#4403,#4404,#4405,#4406));
#1002=EDGE_LOOP('',(#4407));
#1003=EDGE_LOOP('',(#4408));
#1004=EDGE_LOOP('',(#4409,#4410,#4411,#4412));
#1005=EDGE_LOOP('',(#4413));
#1006=EDGE_LOOP('',(#4414));
#1007=EDGE_LOOP('',(#4415,#4416,#4417,#4418));
#1008=EDGE_LOOP('',(#4419));
#1009=EDGE_LOOP('',(#4420));
#1010=EDGE_LOOP('',(#4421,#4422,#4423,#4424));
#1011=EDGE_LOOP('',(#4425,#4426,#4427,#4428));
#1012=EDGE_LOOP('',(#4429,#4430,#4431,#4432));
#1013=EDGE_LOOP('',(#4433,#4434,#4435,#4436));
#1014=EDGE_LOOP('',(#4437,#4438,#4439,#4440));
#1015=EDGE_LOOP('',(#4441,#4442,#4443,#4444));
#1016=EDGE_LOOP('',(#4445,#4446,#4447,#4448));
#1017=EDGE_LOOP('',(#4449,#4450,#4451,#4452));
#1018=EDGE_LOOP('',(#4453,#4454,#4455,#4456));
#1019=EDGE_LOOP('',(#4457,#4458,#4459,#4460));
#1020=EDGE_LOOP('',(#4461,#4462,#4463,#4464));
#1021=EDGE_LOOP('',(#4465,#4466,#4467,#4468));
#1022=EDGE_LOOP('',(#4469,#4470,#4471,#4472));
#1023=EDGE_LOOP('',(#4473,#4474,#4475,#4476));
#1024=EDGE_LOOP('',(#4477,#4478,#4479,#4480));
#1025=EDGE_LOOP('',(#4481,#4482,#4483,#4484));
#1026=EDGE_LOOP('',(#4485,#4486,#4487,#4488));
#1027=EDGE_LOOP('',(#4489,#4490,#4491,#4492));
#1028=EDGE_LOOP('',(#4493,#4494,#4495,#4496));
#1029=EDGE_LOOP('',(#4497,#4498,#4499,#4500));
#1030=EDGE_LOOP('',(#4501,#4502,#4503,#4504));
#1031=EDGE_LOOP('',(#4505));
#1032=EDGE_LOOP('',(#4506,#4507,#4508,#4509));
#1033=EDGE_LOOP('',(#4510,#4511,#4512,#4513));
#1034=EDGE_LOOP('',(#4514,#4515,#4516,#4517));
#1035=EDGE_LOOP('',(#4518,#4519,#4520,#4521));
#1036=EDGE_LOOP('',(#4522,#4523,#4524,#4525));
#1037=EDGE_LOOP('',(#4526,#4527,#4528,#4529));
#1038=EDGE_LOOP('',(#4530,#4531,#4532,#4533));
#1039=EDGE_LOOP('',(#4534,#4535,#4536,#4537));
#1040=EDGE_LOOP('',(#4538,#4539,#4540,#4541));
#1041=EDGE_LOOP('',(#4542,#4543,#4544,#4545));
#1042=EDGE_LOOP('',(#4546,#4547,#4548,#4549));
#1043=EDGE_LOOP('',(#4550,#4551,#4552,#4553));
#1044=EDGE_LOOP('',(#4554));
#1045=EDGE_LOOP('',(#4555,#4556,#4557,#4558));
#1046=EDGE_LOOP('',(#4559,#4560,#4561,#4562,#4563,#4564,#4565,#4566));
#1047=EDGE_LOOP('',(#4567,#4568,#4569,#4570,#4571,#4572,#4573,#4574));
#1048=EDGE_LOOP('',(#4575,#4576,#4577,#4578,#4579,#4580,#4581,#4582,#4583,
#4584,#4585,#4586,#4587,#4588,#4589,#4590,#4591,#4592,#4593));
#1049=EDGE_LOOP('',(#4594,#4595,#4596,#4597));
#1050=EDGE_LOOP('',(#4598,#4599,#4600,#4601,#4602,#4603));
#1051=EDGE_LOOP('',(#4604,#4605,#4606,#4607));
#1052=EDGE_LOOP('',(#4608,#4609,#4610,#4611));
#1053=EDGE_LOOP('',(#4612,#4613,#4614,#4615,#4616,#4617));
#1054=EDGE_LOOP('',(#4618,#4619,#4620,#4621));
#1055=EDGE_LOOP('',(#4622,#4623,#4624,#4625,#4626,#4627));
#1056=EDGE_LOOP('',(#4628,#4629,#4630,#4631,#4632,#4633));
#1057=EDGE_LOOP('',(#4634,#4635,#4636,#4637,#4638,#4639,#4640,#4641,#4642,
#4643));
#1058=EDGE_LOOP('',(#4644,#4645,#4646,#4647,#4648,#4649));
#1059=EDGE_LOOP('',(#4650,#4651,#4652,#4653,#4654,#4655,#4656,#4657,#4658,
#4659,#4660,#4661,#4662,#4663,#4664,#4665,#4666,#4667,#4668,#4669,#4670,
#4671,#4672,#4673));
#1060=EDGE_LOOP('',(#4674,#4675,#4676,#4677,#4678,#4679));
#1061=EDGE_LOOP('',(#4680,#4681,#4682,#4683,#4684,#4685));
#1062=EDGE_LOOP('',(#4686));
#1063=EDGE_LOOP('',(#4687));
#1064=EDGE_LOOP('',(#4688,#4689,#4690,#4691));
#1065=EDGE_LOOP('',(#4692,#4693,#4694,#4695,#4696,#4697,#4698));
#1066=EDGE_LOOP('',(#4699,#4700,#4701,#4702));
#1067=EDGE_LOOP('',(#4703,#4704,#4705,#4706));
#1068=EDGE_LOOP('',(#4707,#4708,#4709,#4710));
#1069=EDGE_LOOP('',(#4711,#4712,#4713,#4714));
#1070=EDGE_LOOP('',(#4715,#4716,#4717,#4718,#4719,#4720,#4721));
#1071=EDGE_LOOP('',(#4722,#4723,#4724,#4725));
#1072=EDGE_LOOP('',(#4726,#4727,#4728,#4729));
#1073=EDGE_LOOP('',(#4730,#4731,#4732,#4733));
#1074=EDGE_LOOP('',(#4734,#4735,#4736,#4737));
#1075=EDGE_LOOP('',(#4738,#4739,#4740,#4741));
#1076=EDGE_LOOP('',(#4742,#4743,#4744,#4745));
#1077=EDGE_LOOP('',(#4746,#4747,#4748,#4749,#4750,#4751,#4752));
#1078=EDGE_LOOP('',(#4753,#4754,#4755,#4756));
#1079=EDGE_LOOP('',(#4757,#4758,#4759,#4760));
#1080=EDGE_LOOP('',(#4761,#4762,#4763,#4764));
#1081=EDGE_LOOP('',(#4765,#4766,#4767,#4768,#4769,#4770,#4771));
#1082=EDGE_LOOP('',(#4772,#4773,#4774,#4775));
#1083=EDGE_LOOP('',(#4776,#4777,#4778,#4779));
#1084=EDGE_LOOP('',(#4780,#4781,#4782,#4783));
#1085=EDGE_LOOP('',(#4784,#4785,#4786,#4787));
#1086=EDGE_LOOP('',(#4788,#4789,#4790,#4791));
#1087=EDGE_LOOP('',(#4792,#4793,#4794,#4795));
#1088=EDGE_LOOP('',(#4796,#4797,#4798,#4799));
#1089=EDGE_LOOP('',(#4800,#4801,#4802,#4803,#4804,#4805,#4806,#4807));
#1090=EDGE_LOOP('',(#4808,#4809,#4810,#4811));
#1091=EDGE_LOOP('',(#4812,#4813,#4814,#4815));
#1092=EDGE_LOOP('',(#4816,#4817,#4818,#4819));
#1093=EDGE_LOOP('',(#4820,#4821,#4822,#4823));
#1094=EDGE_LOOP('',(#4824,#4825,#4826,#4827));
#1095=EDGE_LOOP('',(#4828,#4829,#4830,#4831));
#1096=EDGE_LOOP('',(#4832,#4833,#4834,#4835,#4836,#4837));
#1097=EDGE_LOOP('',(#4838,#4839,#4840,#4841,#4842,#4843));
#1098=EDGE_LOOP('',(#4844,#4845,#4846,#4847));
#1099=EDGE_LOOP('',(#4848,#4849,#4850));
#1100=EDGE_LOOP('',(#4851,#4852,#4853,#4854));
#1101=EDGE_LOOP('',(#4855,#4856,#4857,#4858));
#1102=EDGE_LOOP('',(#4859,#4860,#4861));
#1103=EDGE_LOOP('',(#4862,#4863,#4864,#4865));
#1104=EDGE_LOOP('',(#4866,#4867,#4868,#4869));
#1105=EDGE_LOOP('',(#4870,#4871,#4872,#4873));
#1106=EDGE_LOOP('',(#4874,#4875,#4876,#4877,#4878,#4879));
#1107=EDGE_LOOP('',(#4880,#4881,#4882,#4883));
#1108=EDGE_LOOP('',(#4884,#4885,#4886,#4887,#4888,#4889,#4890));
#1109=EDGE_LOOP('',(#4891,#4892,#4893,#4894,#4895,#4896,#4897));
#1110=EDGE_LOOP('',(#4898,#4899,#4900,#4901));
#1111=EDGE_LOOP('',(#4902,#4903,#4904,#4905));
#1112=EDGE_LOOP('',(#4906,#4907,#4908,#4909));
#1113=EDGE_LOOP('',(#4910,#4911,#4912,#4913));
#1114=EDGE_LOOP('',(#4914,#4915,#4916,#4917,#4918,#4919,#4920));
#1115=EDGE_LOOP('',(#4921,#4922,#4923,#4924));
#1116=EDGE_LOOP('',(#4925,#4926,#4927,#4928,#4929,#4930,#4931));
#1117=EDGE_LOOP('',(#4932,#4933,#4934,#4935));
#1118=EDGE_LOOP('',(#4936,#4937,#4938,#4939,#4940,#4941,#4942,#4943));
#1119=EDGE_LOOP('',(#4944,#4945,#4946,#4947));
#1120=EDGE_LOOP('',(#4948,#4949,#4950,#4951));
#1121=EDGE_LOOP('',(#4952,#4953,#4954,#4955));
#1122=EDGE_LOOP('',(#4956,#4957,#4958,#4959));
#1123=EDGE_LOOP('',(#4960,#4961,#4962,#4963));
#1124=EDGE_LOOP('',(#4964,#4965,#4966,#4967));
#1125=EDGE_LOOP('',(#4968,#4969,#4970,#4971));
#1126=EDGE_LOOP('',(#4972,#4973,#4974,#4975,#4976,#4977));
#1127=LINE('',#7208,#1658);
#1128=LINE('',#7215,#1659);
#1129=LINE('',#7233,#1660);
#1130=LINE('',#7241,#1661);
#1131=LINE('',#7243,#1662);
#1132=LINE('',#7244,#1663);
#1133=LINE('',#7262,#1664);
#1134=LINE('',#7285,#1665);
#1135=LINE('',#7308,#1666);
#1136=LINE('',#7316,#1667);
#1137=LINE('',#7318,#1668);
#1138=LINE('',#7319,#1669);
#1139=LINE('',#7322,#1670);
#1140=LINE('',#7324,#1671);
#1141=LINE('',#7325,#1672);
#1142=LINE('',#7328,#1673);
#1143=LINE('',#7330,#1674);
#1144=LINE('',#7331,#1675);
#1145=LINE('',#7333,#1676);
#1146=LINE('',#7334,#1677);
#1147=LINE('',#7341,#1678);
#1148=LINE('',#7344,#1679);
#1149=LINE('',#7347,#1680);
#1150=LINE('',#7349,#1681);
#1151=LINE('',#7350,#1682);
#1152=LINE('',#7356,#1683);
#1153=LINE('',#7359,#1684);
#1154=LINE('',#7361,#1685);
#1155=LINE('',#7362,#1686);
#1156=LINE('',#7367,#1687);
#1157=LINE('',#7371,#1688);
#1158=LINE('',#7373,#1689);
#1159=LINE('',#7374,#1690);
#1160=LINE('',#7379,#1691);
#1161=LINE('',#7382,#1692);
#1162=LINE('',#7383,#1693);
#1163=LINE('',#7388,#1694);
#1164=LINE('',#7394,#1695);
#1165=LINE('',#7400,#1696);
#1166=LINE('',#7406,#1697);
#1167=LINE('',#7411,#1698);
#1168=LINE('',#7413,#1699);
#1169=LINE('',#7415,#1700);
#1170=LINE('',#7416,#1701);
#1171=LINE('',#7420,#1702);
#1172=LINE('',#7422,#1703);
#1173=LINE('',#7424,#1704);
#1174=LINE('',#7425,#1705);
#1175=LINE('',#7430,#1706);
#1176=LINE('',#7434,#1707);
#1177=LINE('',#7436,#1708);
#1178=LINE('',#7437,#1709);
#1179=LINE('',#7442,#1710);
#1180=LINE('',#7446,#1711);
#1181=LINE('',#7448,#1712);
#1182=LINE('',#7449,#1713);
#1183=LINE('',#7499,#1714);
#1184=LINE('',#7503,#1715);
#1185=LINE('',#7505,#1716);
#1186=LINE('',#7507,#1717);
#1187=LINE('',#7510,#1718);
#1188=LINE('',#7515,#1719);
#1189=LINE('',#7517,#1720);
#1190=LINE('',#7519,#1721);
#1191=LINE('',#7520,#1722);
#1192=LINE('',#7523,#1723);
#1193=LINE('',#7525,#1724);
#1194=LINE('',#7527,#1725);
#1195=LINE('',#7528,#1726);
#1196=LINE('',#7613,#1727);
#1197=LINE('',#7625,#1728);
#1198=LINE('',#7630,#1729);
#1199=LINE('',#7632,#1730);
#1200=LINE('',#7634,#1731);
#1201=LINE('',#7636,#1732);
#1202=LINE('',#7638,#1733);
#1203=LINE('',#7642,#1734);
#1204=LINE('',#7646,#1735);
#1205=LINE('',#7650,#1736);
#1206=LINE('',#7654,#1737);
#1207=LINE('',#7658,#1738);
#1208=LINE('',#7662,#1739);
#1209=LINE('',#7666,#1740);
#1210=LINE('',#7670,#1741);
#1211=LINE('',#7674,#1742);
#1212=LINE('',#7678,#1743);
#1213=LINE('',#7703,#1744);
#1214=LINE('',#7727,#1745);
#1215=LINE('',#7751,#1746);
#1216=LINE('',#7775,#1747);
#1217=LINE('',#7799,#1748);
#1218=LINE('',#7805,#1749);
#1219=LINE('',#7808,#1750);
#1220=LINE('',#7811,#1751);
#1221=LINE('',#7813,#1752);
#1222=LINE('',#7815,#1753);
#1223=LINE('',#7817,#1754);
#1224=LINE('',#7819,#1755);
#1225=LINE('',#7821,#1756);
#1226=LINE('',#7822,#1757);
#1227=LINE('',#7828,#1758);
#1228=LINE('',#7831,#1759);
#1229=LINE('',#7834,#1760);
#1230=LINE('',#7836,#1761);
#1231=LINE('',#7838,#1762);
#1232=LINE('',#7840,#1763);
#1233=LINE('',#7842,#1764);
#1234=LINE('',#7844,#1765);
#1235=LINE('',#7845,#1766);
#1236=LINE('',#7851,#1767);
#1237=LINE('',#7854,#1768);
#1238=LINE('',#7857,#1769);
#1239=LINE('',#7859,#1770);
#1240=LINE('',#7860,#1771);
#1241=LINE('',#7866,#1772);
#1242=LINE('',#7869,#1773);
#1243=LINE('',#7872,#1774);
#1244=LINE('',#7874,#1775);
#1245=LINE('',#7875,#1776);
#1246=LINE('',#7877,#1777);
#1247=LINE('',#7879,#1778);
#1248=LINE('',#7883,#1779);
#1249=LINE('',#7885,#1780);
#1250=LINE('',#7889,#1781);
#1251=LINE('',#7892,#1782);
#1252=LINE('',#7894,#1783);
#1253=LINE('',#7896,#1784);
#1254=LINE('',#7900,#1785);
#1255=LINE('',#7905,#1786);
#1256=LINE('',#7910,#1787);
#1257=LINE('',#7911,#1788);
#1258=LINE('',#7914,#1789);
#1259=LINE('',#7915,#1790);
#1260=LINE('',#7918,#1791);
#1261=LINE('',#7921,#1792);
#1262=LINE('',#7924,#1793);
#1263=LINE('',#7925,#1794);
#1264=LINE('',#7931,#1795);
#1265=LINE('',#7934,#1796);
#1266=LINE('',#7937,#1797);
#1267=LINE('',#7939,#1798);
#1268=LINE('',#7940,#1799);
#1269=LINE('',#7945,#1800);
#1270=LINE('',#7949,#1801);
#1271=LINE('',#7951,#1802);
#1272=LINE('',#7952,#1803);
#1273=LINE('',#7958,#1804);
#1274=LINE('',#7961,#1805);
#1275=LINE('',#7964,#1806);
#1276=LINE('',#7966,#1807);
#1277=LINE('',#7967,#1808);
#1278=LINE('',#7969,#1809);
#1279=LINE('',#7971,#1810);
#1280=LINE('',#7973,#1811);
#1281=LINE('',#7977,#1812);
#1282=LINE('',#7980,#1813);
#1283=LINE('',#7982,#1814);
#1284=LINE('',#7984,#1815);
#1285=LINE('',#7988,#1816);
#1286=LINE('',#7992,#1817);
#1287=LINE('',#7995,#1818);
#1288=LINE('',#7998,#1819);
#1289=LINE('',#7999,#1820);
#1290=LINE('',#8003,#1821);
#1291=LINE('',#8005,#1822);
#1292=LINE('',#8007,#1823);
#1293=LINE('',#8008,#1824);
#1294=LINE('',#8012,#1825);
#1295=LINE('',#8016,#1826);
#1296=LINE('',#8017,#1827);
#1297=LINE('',#8018,#1828);
#1298=LINE('',#8021,#1829);
#1299=LINE('',#8025,#1830);
#1300=LINE('',#8026,#1831);
#1301=LINE('',#8030,#1832);
#1302=LINE('',#8032,#1833);
#1303=LINE('',#8034,#1834);
#1304=LINE('',#8036,#1835);
#1305=LINE('',#8048,#1836);
#1306=LINE('',#8049,#1837);
#1307=LINE('',#8061,#1838);
#1308=LINE('',#8062,#1839);
#1309=LINE('',#8067,#1840);
#1310=LINE('',#8068,#1841);
#1311=LINE('',#8070,#1842);
#1312=LINE('',#8071,#1843);
#1313=LINE('',#8076,#1844);
#1314=LINE('',#8077,#1845);
#1315=LINE('',#8080,#1846);
#1316=LINE('',#8082,#1847);
#1317=LINE('',#8084,#1848);
#1318=LINE('',#8086,#1849);
#1319=LINE('',#8087,#1850);
#1320=LINE('',#8088,#1851);
#1321=LINE('',#8089,#1852);
#1322=LINE('',#8092,#1853);
#1323=LINE('',#8094,#1854);
#1324=LINE('',#8096,#1855);
#1325=LINE('',#8098,#1856);
#1326=LINE('',#8100,#1857);
#1327=LINE('',#8102,#1858);
#1328=LINE('',#8104,#1859);
#1329=LINE('',#8106,#1860);
#1330=LINE('',#8108,#1861);
#1331=LINE('',#8109,#1862);
#1332=LINE('',#8114,#1863);
#1333=LINE('',#8117,#1864);
#1334=LINE('',#8119,#1865);
#1335=LINE('',#8120,#1866);
#1336=LINE('',#8122,#1867);
#1337=LINE('',#8124,#1868);
#1338=LINE('',#8125,#1869);
#1339=LINE('',#8129,#1870);
#1340=LINE('',#8132,#1871);
#1341=LINE('',#8134,#1872);
#1342=LINE('',#8135,#1873);
#1343=LINE('',#8137,#1874);
#1344=LINE('',#8139,#1875);
#1345=LINE('',#8141,#1876);
#1346=LINE('',#8142,#1877);
#1347=LINE('',#8144,#1878);
#1348=LINE('',#8146,#1879);
#1349=LINE('',#8147,#1880);
#1350=LINE('',#8148,#1881);
#1351=LINE('',#8153,#1882);
#1352=LINE('',#8169,#1883);
#1353=LINE('',#8186,#1884);
#1354=LINE('',#8189,#1885);
#1355=LINE('',#8191,#1886);
#1356=LINE('',#8192,#1887);
#1357=LINE('',#8197,#1888);
#1358=LINE('',#8201,#1889);
#1359=LINE('',#8202,#1890);
#1360=LINE('',#8205,#1891);
#1361=LINE('',#8209,#1892);
#1362=LINE('',#8210,#1893);
#1363=LINE('',#8214,#1894);
#1364=LINE('',#8219,#1895);
#1365=LINE('',#8222,#1896);
#1366=LINE('',#8228,#1897);
#1367=LINE('',#8230,#1898);
#1368=LINE('',#8232,#1899);
#1369=LINE('',#8233,#1900);
#1370=LINE('',#8239,#1901);
#1371=LINE('',#8241,#1902);
#1372=LINE('',#8243,#1903);
#1373=LINE('',#8245,#1904);
#1374=LINE('',#8246,#1905);
#1375=LINE('',#8247,#1906);
#1376=LINE('',#8248,#1907);
#1377=LINE('',#8249,#1908);
#1378=LINE('',#8253,#1909);
#1379=LINE('',#8255,#1910);
#1380=LINE('',#8257,#1911);
#1381=LINE('',#8258,#1912);
#1382=LINE('',#8266,#1913);
#1383=LINE('',#8268,#1914);
#1384=LINE('',#8270,#1915);
#1385=LINE('',#8274,#1916);
#1386=LINE('',#8276,#1917);
#1387=LINE('',#8278,#1918);
#1388=LINE('',#8282,#1919);
#1389=LINE('',#8284,#1920);
#1390=LINE('',#8286,#1921);
#1391=LINE('',#8288,#1922);
#1392=LINE('',#8292,#1923);
#1393=LINE('',#8293,#1924);
#1394=LINE('',#8294,#1925);
#1395=LINE('',#8301,#1926);
#1396=LINE('',#8302,#1927);
#1397=LINE('',#8303,#1928);
#1398=LINE('',#8310,#1929);
#1399=LINE('',#8311,#1930);
#1400=LINE('',#8312,#1931);
#1401=LINE('',#8316,#1932);
#1402=LINE('',#8320,#1933);
#1403=LINE('',#8321,#1934);
#1404=LINE('',#8322,#1935);
#1405=LINE('',#8324,#1936);
#1406=LINE('',#8326,#1937);
#1407=LINE('',#8327,#1938);
#1408=LINE('',#8331,#1939);
#1409=LINE('',#8332,#1940);
#1410=LINE('',#8333,#1941);
#1411=LINE('',#8340,#1942);
#1412=LINE('',#8341,#1943);
#1413=LINE('',#8342,#1944);
#1414=LINE('',#8349,#1945);
#1415=LINE('',#8350,#1946);
#1416=LINE('',#8351,#1947);
#1417=LINE('',#8356,#1948);
#1418=LINE('',#8357,#1949);
#1419=LINE('',#8361,#1950);
#1420=LINE('',#8363,#1951);
#1421=LINE('',#8367,#1952);
#1422=LINE('',#8369,#1953);
#1423=LINE('',#8373,#1954);
#1424=LINE('',#8375,#1955);
#1425=LINE('',#8383,#1956);
#1426=LINE('',#8388,#1957);
#1427=LINE('',#8392,#1958);
#1428=LINE('',#8396,#1959);
#1429=LINE('',#8400,#1960);
#1430=LINE('',#8420,#1961);
#1431=LINE('',#8424,#1962);
#1432=LINE('',#8447,#1963);
#1433=LINE('',#8448,#1964);
#1434=LINE('',#8449,#1965);
#1435=LINE('',#8450,#1966);
#1436=LINE('',#8452,#1967);
#1437=LINE('',#8454,#1968);
#1438=LINE('',#8456,#1969);
#1439=LINE('',#8457,#1970);
#1440=LINE('',#8461,#1971);
#1441=LINE('',#8462,#1972);
#1442=LINE('',#8464,#1973);
#1443=LINE('',#8466,#1974);
#1444=LINE('',#8469,#1975);
#1445=LINE('',#8471,#1976);
#1446=LINE('',#8473,#1977);
#1447=LINE('',#8476,#1978);
#1448=LINE('',#8480,#1979);
#1449=LINE('',#8482,#1980);
#1450=LINE('',#8484,#1981);
#1451=LINE('',#8503,#1982);
#1452=LINE('',#8509,#1983);
#1453=LINE('',#8514,#1984);
#1454=LINE('',#8520,#1985);
#1455=LINE('',#8525,#1986);
#1456=LINE('',#8527,#1987);
#1457=LINE('',#8529,#1988);
#1458=LINE('',#8530,#1989);
#1459=LINE('',#8534,#1990);
#1460=LINE('',#8536,#1991);
#1461=LINE('',#8538,#1992);
#1462=LINE('',#8539,#1993);
#1463=LINE('',#8543,#1994);
#1464=LINE('',#8545,#1995);
#1465=LINE('',#8547,#1996);
#1466=LINE('',#8548,#1997);
#1467=LINE('',#8552,#1998);
#1468=LINE('',#8554,#1999);
#1469=LINE('',#8556,#2000);
#1470=LINE('',#8557,#2001);
#1471=LINE('',#8561,#2002);
#1472=LINE('',#8563,#2003);
#1473=LINE('',#8565,#2004);
#1474=LINE('',#8566,#2005);
#1475=LINE('',#8570,#2006);
#1476=LINE('',#8572,#2007);
#1477=LINE('',#8574,#2008);
#1478=LINE('',#8575,#2009);
#1479=LINE('',#8579,#2010);
#1480=LINE('',#8581,#2011);
#1481=LINE('',#8583,#2012);
#1482=LINE('',#8584,#2013);
#1483=LINE('',#8588,#2014);
#1484=LINE('',#8590,#2015);
#1485=LINE('',#8592,#2016);
#1486=LINE('',#8593,#2017);
#1487=LINE('',#8597,#2018);
#1488=LINE('',#8599,#2019);
#1489=LINE('',#8601,#2020);
#1490=LINE('',#8602,#2021);
#1491=LINE('',#8606,#2022);
#1492=LINE('',#8608,#2023);
#1493=LINE('',#8610,#2024);
#1494=LINE('',#8611,#2025);
#1495=LINE('',#8614,#2026);
#1496=LINE('',#8616,#2027);
#1497=LINE('',#8617,#2028);
#1498=LINE('',#8620,#2029);
#1499=LINE('',#8622,#2030);
#1500=LINE('',#8623,#2031);
#1501=LINE('',#8625,#2032);
#1502=LINE('',#8626,#2033);
#1503=LINE('',#8627,#2034);
#1504=LINE('',#8629,#2035);
#1505=LINE('',#8631,#2036);
#1506=LINE('',#8632,#2037);
#1507=LINE('',#8633,#2038);
#1508=LINE('',#8635,#2039);
#1509=LINE('',#8637,#2040);
#1510=LINE('',#8641,#2041);
#1511=LINE('',#8642,#2042);
#1512=LINE('',#8645,#2043);
#1513=LINE('',#8647,#2044);
#1514=LINE('',#8648,#2045);
#1515=LINE('',#8651,#2046);
#1516=LINE('',#8653,#2047);
#1517=LINE('',#8654,#2048);
#1518=LINE('',#8656,#2049);
#1519=LINE('',#8657,#2050);
#1520=LINE('',#8659,#2051);
#1521=LINE('',#8661,#2052);
#1522=LINE('',#8662,#2053);
#1523=LINE('',#8664,#2054);
#1524=LINE('',#8666,#2055);
#1525=LINE('',#8670,#2056);
#1526=LINE('',#8671,#2057);
#1527=LINE('',#8672,#2058);
#1528=LINE('',#8674,#2059);
#1529=LINE('',#8675,#2060);
#1530=LINE('',#8677,#2061);
#1531=LINE('',#8683,#2062);
#1532=LINE('',#8686,#2063);
#1533=LINE('',#8689,#2064);
#1534=LINE('',#8693,#2065);
#1535=LINE('',#8695,#2066);
#1536=LINE('',#8696,#2067);
#1537=LINE('',#8699,#2068);
#1538=LINE('',#8700,#2069);
#1539=LINE('',#8704,#2070);
#1540=LINE('',#8707,#2071);
#1541=LINE('',#8709,#2072);
#1542=LINE('',#8710,#2073);
#1543=LINE('',#8713,#2074);
#1544=LINE('',#8715,#2075);
#1545=LINE('',#8716,#2076);
#1546=LINE('',#8719,#2077);
#1547=LINE('',#8720,#2078);
#1548=LINE('',#8723,#2079);
#1549=LINE('',#8724,#2080);
#1550=LINE('',#8726,#2081);
#1551=LINE('',#8727,#2082);
#1552=LINE('',#8729,#2083);
#1553=LINE('',#8738,#2084);
#1554=LINE('',#8741,#2085);
#1555=LINE('',#8744,#2086);
#1556=LINE('',#8746,#2087);
#1557=LINE('',#8748,#2088);
#1558=LINE('',#8752,#2089);
#1559=LINE('',#8753,#2090);
#1560=LINE('',#8756,#2091);
#1561=LINE('',#8757,#2092);
#1562=LINE('',#8763,#2093);
#1563=LINE('',#8766,#2094);
#1564=LINE('',#8785,#2095);
#1565=LINE('',#8786,#2096);
#1566=LINE('',#8789,#2097);
#1567=LINE('',#8791,#2098);
#1568=LINE('',#8795,#2099);
#1569=LINE('',#8797,#2100);
#1570=LINE('',#8798,#2101);
#1571=LINE('',#8801,#2102);
#1572=LINE('',#8802,#2103);
#1573=LINE('',#8805,#2104);
#1574=LINE('',#8809,#2105);
#1575=LINE('',#8810,#2106);
#1576=LINE('',#8816,#2107);
#1577=LINE('',#8819,#2108);
#1578=LINE('',#8838,#2109);
#1579=LINE('',#8839,#2110);
#1580=LINE('',#8842,#2111);
#1581=LINE('',#8844,#2112);
#1582=LINE('',#8848,#2113);
#1583=LINE('',#8850,#2114);
#1584=LINE('',#8851,#2115);
#1585=LINE('',#8854,#2116);
#1586=LINE('',#8855,#2117);
#1587=LINE('',#8858,#2118);
#1588=LINE('',#8862,#2119);
#1589=LINE('',#8863,#2120);
#1590=LINE('',#8866,#2121);
#1591=LINE('',#8868,#2122);
#1592=LINE('',#8872,#2123);
#1593=LINE('',#8873,#2124);
#1594=LINE('',#8875,#2125);
#1595=LINE('',#8878,#2126);
#1596=LINE('',#8880,#2127);
#1597=LINE('',#8881,#2128);
#1598=LINE('',#8884,#2129);
#1599=LINE('',#8887,#2130);
#1600=LINE('',#8890,#2131);
#1601=LINE('',#8891,#2132);
#1602=LINE('',#8895,#2133);
#1603=LINE('',#8898,#2134);
#1604=LINE('',#8899,#2135);
#1605=LINE('',#8902,#2136);
#1606=LINE('',#8906,#2137);
#1607=LINE('',#8907,#2138);
#1608=LINE('',#8911,#2139);
#1609=LINE('',#8913,#2140);
#1610=LINE('',#8915,#2141);
#1611=LINE('',#8916,#2142);
#1612=LINE('',#8919,#2143);
#1613=LINE('',#8921,#2144);
#1614=LINE('',#8922,#2145);
#1615=LINE('',#8925,#2146);
#1616=LINE('',#8927,#2147);
#1617=LINE('',#8928,#2148);
#1618=LINE('',#8934,#2149);
#1619=LINE('',#8937,#2150);
#1620=LINE('',#8939,#2151);
#1621=LINE('',#8940,#2152);
#1622=LINE('',#8947,#2153);
#1623=LINE('',#8949,#2154);
#1624=LINE('',#8953,#2155);
#1625=LINE('',#8956,#2156);
#1626=LINE('',#8962,#2157);
#1627=LINE('',#8965,#2158);
#1628=LINE('',#8971,#2159);
#1629=LINE('',#8972,#2160);
#1630=LINE('',#8977,#2161);
#1631=LINE('',#8978,#2162);
#1632=LINE('',#8984,#2163);
#1633=LINE('',#8987,#2164);
#1634=LINE('',#8990,#2165);
#1635=LINE('',#8992,#2166);
#1636=LINE('',#8998,#2167);
#1637=LINE('',#9002,#2168);
#1638=LINE('',#9004,#2169);
#1639=LINE('',#9005,#2170);
#1640=LINE('',#9006,#2171);
#1641=LINE('',#9007,#2172);
#1642=LINE('',#9009,#2173);
#1643=LINE('',#9010,#2174);
#1644=LINE('',#9011,#2175);
#1645=LINE('',#9015,#2176);
#1646=LINE('',#9018,#2177);
#1647=LINE('',#9020,#2178);
#1648=LINE('',#9022,#2179);
#1649=LINE('',#9026,#2180);
#1650=LINE('',#9027,#2181);
#1651=LINE('',#9029,#2182);
#1652=LINE('',#9033,#2183);
#1653=LINE('',#9034,#2184);
#1654=LINE('',#9036,#2185);
#1655=LINE('',#9038,#2186);
#1656=LINE('',#9040,#2187);
#1657=LINE('',#9042,#2188);
#1658=VECTOR('',#5736,10.);
#1659=VECTOR('',#5737,10.);
#1660=VECTOR('',#5738,10.);
#1661=VECTOR('',#5741,10.);
#1662=VECTOR('',#5742,10.);
#1663=VECTOR('',#5743,10.);
#1664=VECTOR('',#5744,10.);
#1665=VECTOR('',#5745,10.);
#1666=VECTOR('',#5746,10.);
#1667=VECTOR('',#5749,10.);
#1668=VECTOR('',#5750,10.);
#1669=VECTOR('',#5751,10.);
#1670=VECTOR('',#5754,10.);
#1671=VECTOR('',#5755,10.);
#1672=VECTOR('',#5756,10.);
#1673=VECTOR('',#5759,10.);
#1674=VECTOR('',#5760,10.);
#1675=VECTOR('',#5761,10.);
#1676=VECTOR('',#5764,10.);
#1677=VECTOR('',#5765,10.);
#1678=VECTOR('',#5772,10.);
#1679=VECTOR('',#5775,10.);
#1680=VECTOR('',#5778,10.);
#1681=VECTOR('',#5779,10.);
#1682=VECTOR('',#5780,10.);
#1683=VECTOR('',#5785,10.);
#1684=VECTOR('',#5788,10.);
#1685=VECTOR('',#5791,10.);
#1686=VECTOR('',#5792,10.);
#1687=VECTOR('',#5797,10.);
#1688=VECTOR('',#5802,10.);
#1689=VECTOR('',#5803,10.);
#1690=VECTOR('',#5804,10.);
#1691=VECTOR('',#5809,10.);
#1692=VECTOR('',#5814,10.);
#1693=VECTOR('',#5815,10.);
#1694=VECTOR('',#5820,2.6);
#1695=VECTOR('',#5827,2.6);
#1696=VECTOR('',#5834,2.6);
#1697=VECTOR('',#5841,2.6);
#1698=VECTOR('',#5846,10.);
#1699=VECTOR('',#5847,10.);
#1700=VECTOR('',#5848,10.);
#1701=VECTOR('',#5849,10.);
#1702=VECTOR('',#5852,10.);
#1703=VECTOR('',#5853,10.);
#1704=VECTOR('',#5854,10.);
#1705=VECTOR('',#5855,10.);
#1706=VECTOR('',#5860,10.);
#1707=VECTOR('',#5865,10.);
#1708=VECTOR('',#5866,10.);
#1709=VECTOR('',#5867,10.);
#1710=VECTOR('',#5872,10.);
#1711=VECTOR('',#5877,10.);
#1712=VECTOR('',#5878,10.);
#1713=VECTOR('',#5879,10.);
#1714=VECTOR('',#5906,10.);
#1715=VECTOR('',#5909,10.);
#1716=VECTOR('',#5910,10.);
#1717=VECTOR('',#5911,10.);
#1718=VECTOR('',#5914,10.);
#1719=VECTOR('',#5917,10.);
#1720=VECTOR('',#5918,10.);
#1721=VECTOR('',#5919,10.);
#1722=VECTOR('',#5920,10.);
#1723=VECTOR('',#5921,10.);
#1724=VECTOR('',#5922,10.);
#1725=VECTOR('',#5923,10.);
#1726=VECTOR('',#5924,10.);
#1727=VECTOR('',#5945,10.);
#1728=VECTOR('',#5946,10.);
#1729=VECTOR('',#5951,10.);
#1730=VECTOR('',#5952,10.);
#1731=VECTOR('',#5953,10.);
#1732=VECTOR('',#5954,10.);
#1733=VECTOR('',#5955,10.);
#1734=VECTOR('',#5958,10.);
#1735=VECTOR('',#5961,10.);
#1736=VECTOR('',#5964,10.);
#1737=VECTOR('',#5967,10.);
#1738=VECTOR('',#5970,10.);
#1739=VECTOR('',#5973,10.);
#1740=VECTOR('',#5976,10.);
#1741=VECTOR('',#5979,10.);
#1742=VECTOR('',#5982,10.);
#1743=VECTOR('',#5985,10.);
#1744=VECTOR('',#5990,10.);
#1745=VECTOR('',#5993,10.);
#1746=VECTOR('',#5996,10.);
#1747=VECTOR('',#5999,10.);
#1748=VECTOR('',#6002,10.);
#1749=VECTOR('',#6007,10.);
#1750=VECTOR('',#6010,10.);
#1751=VECTOR('',#6013,10.);
#1752=VECTOR('',#6014,10.);
#1753=VECTOR('',#6015,10.);
#1754=VECTOR('',#6016,10.);
#1755=VECTOR('',#6017,10.);
#1756=VECTOR('',#6018,10.);
#1757=VECTOR('',#6019,10.);
#1758=VECTOR('',#6024,10.);
#1759=VECTOR('',#6027,10.);
#1760=VECTOR('',#6030,10.);
#1761=VECTOR('',#6031,10.);
#1762=VECTOR('',#6032,10.);
#1763=VECTOR('',#6033,10.);
#1764=VECTOR('',#6034,10.);
#1765=VECTOR('',#6035,10.);
#1766=VECTOR('',#6036,10.);
#1767=VECTOR('',#6041,10.);
#1768=VECTOR('',#6044,10.);
#1769=VECTOR('',#6047,10.);
#1770=VECTOR('',#6048,10.);
#1771=VECTOR('',#6049,10.);
#1772=VECTOR('',#6054,10.);
#1773=VECTOR('',#6057,10.);
#1774=VECTOR('',#6060,10.);
#1775=VECTOR('',#6061,10.);
#1776=VECTOR('',#6062,10.);
#1777=VECTOR('',#6065,10.);
#1778=VECTOR('',#6066,10.);
#1779=VECTOR('',#6069,10.);
#1780=VECTOR('',#6070,10.);
#1781=VECTOR('',#6073,10.);
#1782=VECTOR('',#6076,10.);
#1783=VECTOR('',#6077,10.);
#1784=VECTOR('',#6078,10.);
#1785=VECTOR('',#6081,10.);
#1786=VECTOR('',#6088,10.);
#1787=VECTOR('',#6093,10.);
#1788=VECTOR('',#6094,10.);
#1789=VECTOR('',#6097,10.);
#1790=VECTOR('',#6098,10.);
#1791=VECTOR('',#6101,10.);
#1792=VECTOR('',#6104,10.);
#1793=VECTOR('',#6107,10.);
#1794=VECTOR('',#6108,10.);
#1795=VECTOR('',#6113,10.);
#1796=VECTOR('',#6116,10.);
#1797=VECTOR('',#6119,10.);
#1798=VECTOR('',#6120,10.);
#1799=VECTOR('',#6121,10.);
#1800=VECTOR('',#6126,10.);
#1801=VECTOR('',#6131,10.);
#1802=VECTOR('',#6132,10.);
#1803=VECTOR('',#6133,10.);
#1804=VECTOR('',#6138,10.);
#1805=VECTOR('',#6141,10.);
#1806=VECTOR('',#6144,10.);
#1807=VECTOR('',#6145,10.);
#1808=VECTOR('',#6146,10.);
#1809=VECTOR('',#6149,10.);
#1810=VECTOR('',#6150,10.);
#1811=VECTOR('',#6151,10.);
#1812=VECTOR('',#6154,10.);
#1813=VECTOR('',#6157,10.);
#1814=VECTOR('',#6158,10.);
#1815=VECTOR('',#6159,10.);
#1816=VECTOR('',#6162,10.);
#1817=VECTOR('',#6167,10.);
#1818=VECTOR('',#6170,10.);
#1819=VECTOR('',#6173,10.);
#1820=VECTOR('',#6174,10.);
#1821=VECTOR('',#6179,10.);
#1822=VECTOR('',#6182,10.);
#1823=VECTOR('',#6183,10.);
#1824=VECTOR('',#6184,10.);
#1825=VECTOR('',#6187,10.);
#1826=VECTOR('',#6190,10.);
#1827=VECTOR('',#6191,10.);
#1828=VECTOR('',#6192,10.);
#1829=VECTOR('',#6195,10.);
#1830=VECTOR('',#6200,10.);
#1831=VECTOR('',#6201,10.);
#1832=VECTOR('',#6206,10.);
#1833=VECTOR('',#6209,10.);
#1834=VECTOR('',#6212,10.);
#1835=VECTOR('',#6215,10.);
#1836=VECTOR('',#6228,10.);
#1837=VECTOR('',#6229,10.);
#1838=VECTOR('',#6242,10.);
#1839=VECTOR('',#6243,10.);
#1840=VECTOR('',#6248,10.);
#1841=VECTOR('',#6249,10.);
#1842=VECTOR('',#6252,10.);
#1843=VECTOR('',#6253,10.);
#1844=VECTOR('',#6258,10.);
#1845=VECTOR('',#6259,10.);
#1846=VECTOR('',#6262,10.);
#1847=VECTOR('',#6263,10.);
#1848=VECTOR('',#6264,10.);
#1849=VECTOR('',#6265,10.);
#1850=VECTOR('',#6266,10.);
#1851=VECTOR('',#6267,10.);
#1852=VECTOR('',#6268,10.);
#1853=VECTOR('',#6269,10.);
#1854=VECTOR('',#6270,10.);
#1855=VECTOR('',#6271,10.);
#1856=VECTOR('',#6272,10.);
#1857=VECTOR('',#6273,10.);
#1858=VECTOR('',#6274,10.);
#1859=VECTOR('',#6275,10.);
#1860=VECTOR('',#6276,10.);
#1861=VECTOR('',#6277,10.);
#1862=VECTOR('',#6278,10.);
#1863=VECTOR('',#6283,10.);
#1864=VECTOR('',#6286,10.);
#1865=VECTOR('',#6287,10.);
#1866=VECTOR('',#6288,10.);
#1867=VECTOR('',#6289,10.);
#1868=VECTOR('',#6290,10.);
#1869=VECTOR('',#6291,10.);
#1870=VECTOR('',#6294,10.);
#1871=VECTOR('',#6297,10.);
#1872=VECTOR('',#6298,10.);
#1873=VECTOR('',#6299,10.);
#1874=VECTOR('',#6302,10.);
#1875=VECTOR('',#6303,10.);
#1876=VECTOR('',#6304,10.);
#1877=VECTOR('',#6305,10.);
#1878=VECTOR('',#6306,10.);
#1879=VECTOR('',#6307,10.);
#1880=VECTOR('',#6308,10.);
#1881=VECTOR('',#6309,10.);
#1882=VECTOR('',#6314,10.);
#1883=VECTOR('',#6323,10.);
#1884=VECTOR('',#6334,10.);
#1885=VECTOR('',#6337,10.);
#1886=VECTOR('',#6338,10.);
#1887=VECTOR('',#6339,10.);
#1888=VECTOR('',#6344,10.);
#1889=VECTOR('',#6349,10.);
#1890=VECTOR('',#6350,10.);
#1891=VECTOR('',#6353,10.);
#1892=VECTOR('',#6358,10.);
#1893=VECTOR('',#6359,10.);
#1894=VECTOR('',#6362,10.);
#1895=VECTOR('',#6367,10.);
#1896=VECTOR('',#6372,10.);
#1897=VECTOR('',#6377,10.);
#1898=VECTOR('',#6378,10.);
#1899=VECTOR('',#6379,10.);
#1900=VECTOR('',#6380,10.);
#1901=VECTOR('',#6387,10.);
#1902=VECTOR('',#6390,10.);
#1903=VECTOR('',#6391,10.);
#1904=VECTOR('',#6392,10.);
#1905=VECTOR('',#6393,10.);
#1906=VECTOR('',#6394,10.);
#1907=VECTOR('',#6395,10.);
#1908=VECTOR('',#6396,10.);
#1909=VECTOR('',#6399,10.);
#1910=VECTOR('',#6400,10.);
#1911=VECTOR('',#6401,10.);
#1912=VECTOR('',#6402,10.);
#1913=VECTOR('',#6413,10.);
#1914=VECTOR('',#6414,10.);
#1915=VECTOR('',#6415,10.);
#1916=VECTOR('',#6418,10.);
#1917=VECTOR('',#6419,10.);
#1918=VECTOR('',#6420,10.);
#1919=VECTOR('',#6423,10.);
#1920=VECTOR('',#6424,10.);
#1921=VECTOR('',#6425,10.);
#1922=VECTOR('',#6428,10.);
#1923=VECTOR('',#6431,10.);
#1924=VECTOR('',#6432,10.);
#1925=VECTOR('',#6433,10.);
#1926=VECTOR('',#6442,10.);
#1927=VECTOR('',#6443,10.);
#1928=VECTOR('',#6444,10.);
#1929=VECTOR('',#6453,10.);
#1930=VECTOR('',#6454,10.);
#1931=VECTOR('',#6455,10.);
#1932=VECTOR('',#6458,10.);
#1933=VECTOR('',#6465,10.);
#1934=VECTOR('',#6466,10.);
#1935=VECTOR('',#6467,10.);
#1936=VECTOR('',#6468,10.);
#1937=VECTOR('',#6469,10.);
#1938=VECTOR('',#6470,10.);
#1939=VECTOR('',#6473,10.);
#1940=VECTOR('',#6474,10.);
#1941=VECTOR('',#6475,10.);
#1942=VECTOR('',#6484,10.);
#1943=VECTOR('',#6485,10.);
#1944=VECTOR('',#6486,10.);
#1945=VECTOR('',#6495,10.);
#1946=VECTOR('',#6496,10.);
#1947=VECTOR('',#6497,10.);
#1948=VECTOR('',#6506,10.);
#1949=VECTOR('',#6507,10.);
#1950=VECTOR('',#6514,10.);
#1951=VECTOR('',#6517,10.);
#1952=VECTOR('',#6524,10.);
#1953=VECTOR('',#6527,10.);
#1954=VECTOR('',#6534,10.);
#1955=VECTOR('',#6537,10.);
#1956=VECTOR('',#6548,10.);
#1957=VECTOR('',#6553,10.);
#1958=VECTOR('',#6560,10.);
#1959=VECTOR('',#6563,10.);
#1960=VECTOR('',#6566,10.);
#1961=VECTOR('',#6571,10.);
#1962=VECTOR('',#6574,10.);
#1963=VECTOR('',#6589,10.);
#1964=VECTOR('',#6590,10.);
#1965=VECTOR('',#6591,10.);
#1966=VECTOR('',#6592,10.);
#1967=VECTOR('',#6595,10.);
#1968=VECTOR('',#6598,10.);
#1969=VECTOR('',#6601,10.);
#1970=VECTOR('',#6602,10.);
#1971=VECTOR('',#6609,10.);
#1972=VECTOR('',#6610,10.);
#1973=VECTOR('',#6613,10.);
#1974=VECTOR('',#6616,10.);
#1975=VECTOR('',#6621,10.);
#1976=VECTOR('',#6624,10.);
#1977=VECTOR('',#6627,10.);
#1978=VECTOR('',#6632,10.);
#1979=VECTOR('',#6639,10.);
#1980=VECTOR('',#6642,10.);
#1981=VECTOR('',#6645,10.);
#1982=VECTOR('',#6672,3.25);
#1983=VECTOR('',#6679,3.25);
#1984=VECTOR('',#6686,2.25);
#1985=VECTOR('',#6693,2.25);
#1986=VECTOR('',#6698,10.);
#1987=VECTOR('',#6699,10.);
#1988=VECTOR('',#6700,10.);
#1989=VECTOR('',#6701,10.);
#1990=VECTOR('',#6704,10.);
#1991=VECTOR('',#6705,10.);
#1992=VECTOR('',#6706,10.);
#1993=VECTOR('',#6707,10.);
#1994=VECTOR('',#6710,10.);
#1995=VECTOR('',#6711,10.);
#1996=VECTOR('',#6712,10.);
#1997=VECTOR('',#6713,10.);
#1998=VECTOR('',#6716,10.);
#1999=VECTOR('',#6717,10.);
#2000=VECTOR('',#6718,10.);
#2001=VECTOR('',#6719,10.);
#2002=VECTOR('',#6722,10.);
#2003=VECTOR('',#6723,10.);
#2004=VECTOR('',#6724,10.);
#2005=VECTOR('',#6725,10.);
#2006=VECTOR('',#6728,10.);
#2007=VECTOR('',#6729,10.);
#2008=VECTOR('',#6730,10.);
#2009=VECTOR('',#6731,10.);
#2010=VECTOR('',#6734,10.);
#2011=VECTOR('',#6735,10.);
#2012=VECTOR('',#6736,10.);
#2013=VECTOR('',#6737,10.);
#2014=VECTOR('',#6740,10.);
#2015=VECTOR('',#6741,10.);
#2016=VECTOR('',#6742,10.);
#2017=VECTOR('',#6743,10.);
#2018=VECTOR('',#6746,10.);
#2019=VECTOR('',#6747,10.);
#2020=VECTOR('',#6748,10.);
#2021=VECTOR('',#6749,10.);
#2022=VECTOR('',#6752,10.);
#2023=VECTOR('',#6753,10.);
#2024=VECTOR('',#6754,10.);
#2025=VECTOR('',#6755,10.);
#2026=VECTOR('',#6758,10.);
#2027=VECTOR('',#6759,10.);
#2028=VECTOR('',#6760,10.);
#2029=VECTOR('',#6763,10.);
#2030=VECTOR('',#6764,10.);
#2031=VECTOR('',#6765,10.);
#2032=VECTOR('',#6768,10.);
#2033=VECTOR('',#6769,10.);
#2034=VECTOR('',#6770,10.);
#2035=VECTOR('',#6773,10.);
#2036=VECTOR('',#6776,10.);
#2037=VECTOR('',#6777,10.);
#2038=VECTOR('',#6778,10.);
#2039=VECTOR('',#6781,10.);
#2040=VECTOR('',#6784,10.);
#2041=VECTOR('',#6791,10.);
#2042=VECTOR('',#6792,10.);
#2043=VECTOR('',#6795,10.);
#2044=VECTOR('',#6796,10.);
#2045=VECTOR('',#6797,10.);
#2046=VECTOR('',#6800,10.);
#2047=VECTOR('',#6801,10.);
#2048=VECTOR('',#6802,10.);
#2049=VECTOR('',#6805,10.);
#2050=VECTOR('',#6806,10.);
#2051=VECTOR('',#6809,10.);
#2052=VECTOR('',#6812,10.);
#2053=VECTOR('',#6813,10.);
#2054=VECTOR('',#6816,10.);
#2055=VECTOR('',#6819,10.);
#2056=VECTOR('',#6824,10.);
#2057=VECTOR('',#6825,10.);
#2058=VECTOR('',#6826,10.);
#2059=VECTOR('',#6829,10.);
#2060=VECTOR('',#6830,10.);
#2061=VECTOR('',#6833,10.);
#2062=VECTOR('',#6838,10.);
#2063=VECTOR('',#6841,10.);
#2064=VECTOR('',#6844,10.);
#2065=VECTOR('',#6847,10.);
#2066=VECTOR('',#6848,10.);
#2067=VECTOR('',#6849,10.);
#2068=VECTOR('',#6852,10.);
#2069=VECTOR('',#6853,10.);
#2070=VECTOR('',#6858,10.);
#2071=VECTOR('',#6861,10.);
#2072=VECTOR('',#6862,10.);
#2073=VECTOR('',#6863,10.);
#2074=VECTOR('',#6866,10.);
#2075=VECTOR('',#6867,10.);
#2076=VECTOR('',#6868,10.);
#2077=VECTOR('',#6871,10.);
#2078=VECTOR('',#6872,10.);
#2079=VECTOR('',#6875,10.);
#2080=VECTOR('',#6876,10.);
#2081=VECTOR('',#6879,10.);
#2082=VECTOR('',#6880,10.);
#2083=VECTOR('',#6883,10.);
#2084=VECTOR('',#6894,10.);
#2085=VECTOR('',#6897,10.);
#2086=VECTOR('',#6900,10.);
#2087=VECTOR('',#6901,10.);
#2088=VECTOR('',#6902,10.);
#2089=VECTOR('',#6905,10.);
#2090=VECTOR('',#6906,10.);
#2091=VECTOR('',#6909,10.);
#2092=VECTOR('',#6910,10.);
#2093=VECTOR('',#6915,10.);
#2094=VECTOR('',#6918,10.);
#2095=VECTOR('',#6929,10.);
#2096=VECTOR('',#6930,10.);
#2097=VECTOR('',#6933,10.);
#2098=VECTOR('',#6934,10.);
#2099=VECTOR('',#6937,10.);
#2100=VECTOR('',#6938,10.);
#2101=VECTOR('',#6939,10.);
#2102=VECTOR('',#6942,10.);
#2103=VECTOR('',#6943,10.);
#2104=VECTOR('',#6946,10.);
#2105=VECTOR('',#6951,10.);
#2106=VECTOR('',#6952,10.);
#2107=VECTOR('',#6957,10.);
#2108=VECTOR('',#6960,10.);
#2109=VECTOR('',#6971,10.);
#2110=VECTOR('',#6972,10.);
#2111=VECTOR('',#6975,10.);
#2112=VECTOR('',#6976,10.);
#2113=VECTOR('',#6979,10.);
#2114=VECTOR('',#6980,10.);
#2115=VECTOR('',#6981,10.);
#2116=VECTOR('',#6984,10.);
#2117=VECTOR('',#6985,10.);
#2118=VECTOR('',#6988,10.);
#2119=VECTOR('',#6993,10.);
#2120=VECTOR('',#6994,10.);
#2121=VECTOR('',#6997,10.);
#2122=VECTOR('',#6998,10.);
#2123=VECTOR('',#7001,10.);
#2124=VECTOR('',#7002,10.);
#2125=VECTOR('',#7005,10.);
#2126=VECTOR('',#7008,10.);
#2127=VECTOR('',#7009,10.);
#2128=VECTOR('',#7010,10.);
#2129=VECTOR('',#7013,10.);
#2130=VECTOR('',#7018,10.);
#2131=VECTOR('',#7021,10.);
#2132=VECTOR('',#7022,10.);
#2133=VECTOR('',#7027,10.);
#2134=VECTOR('',#7030,10.);
#2135=VECTOR('',#7031,10.);
#2136=VECTOR('',#7034,10.);
#2137=VECTOR('',#7037,10.);
#2138=VECTOR('',#7038,10.);
#2139=VECTOR('',#7041,10.);
#2140=VECTOR('',#7042,10.);
#2141=VECTOR('',#7043,10.);
#2142=VECTOR('',#7044,10.);
#2143=VECTOR('',#7047,10.);
#2144=VECTOR('',#7048,10.);
#2145=VECTOR('',#7049,10.);
#2146=VECTOR('',#7052,10.);
#2147=VECTOR('',#7053,10.);
#2148=VECTOR('',#7054,10.);
#2149=VECTOR('',#7061,10.);
#2150=VECTOR('',#7064,10.);
#2151=VECTOR('',#7065,10.);
#2152=VECTOR('',#7066,10.);
#2153=VECTOR('',#7075,10.);
#2154=VECTOR('',#7076,10.);
#2155=VECTOR('',#7079,10.);
#2156=VECTOR('',#7082,10.);
#2157=VECTOR('',#7087,10.);
#2158=VECTOR('',#7090,10.);
#2159=VECTOR('',#7099,10.);
#2160=VECTOR('',#7100,10.);
#2161=VECTOR('',#7105,10.);
#2162=VECTOR('',#7106,10.);
#2163=VECTOR('',#7115,10.);
#2164=VECTOR('',#7118,10.);
#2165=VECTOR('',#7121,10.);
#2166=VECTOR('',#7124,10.);
#2167=VECTOR('',#7129,10.);
#2168=VECTOR('',#7132,10.);
#2169=VECTOR('',#7133,10.);
#2170=VECTOR('',#7134,10.);
#2171=VECTOR('',#7135,10.);
#2172=VECTOR('',#7136,10.);
#2173=VECTOR('',#7137,10.);
#2174=VECTOR('',#7138,10.);
#2175=VECTOR('',#7139,10.);
#2176=VECTOR('',#7144,10.);
#2177=VECTOR('',#7149,10.);
#2178=VECTOR('',#7152,10.);
#2179=VECTOR('',#7155,10.);
#2180=VECTOR('',#7160,10.);
#2181=VECTOR('',#7161,10.);
#2182=VECTOR('',#7164,10.);
#2183=VECTOR('',#7171,10.);
#2184=VECTOR('',#7172,10.);
#2185=VECTOR('',#7175,10.);
#2186=VECTOR('',#7178,10.);
#2187=VECTOR('',#7181,10.);
#2188=VECTOR('',#7184,10.);
#2189=B_SPLINE_CURVE_WITH_KNOTS('',3,(#7202,#7203,#7204,#7205,#7206),
 .UNSPECIFIED.,.F.,.F.,(4,1,4),(0.,0.643933799578255,1.26878601026958),
 .UNSPECIFIED.);
#2190=B_SPLINE_CURVE_WITH_KNOTS('',3,(#7210,#7211,#7212,#7213,#7214),
 .UNSPECIFIED.,.F.,.F.,(4,1,4),(0.,0.643933799578255,1.26878601026958),
 .UNSPECIFIED.);
#2191=B_SPLINE_CURVE_WITH_KNOTS('',3,(#7227,#7228,#7229,#7230,#7231),
 .UNSPECIFIED.,.F.,.F.,(4,1,4),(0.,0.603465896088463,1.23990267050214),
 .UNSPECIFIED.);
#2192=B_SPLINE_CURVE_WITH_KNOTS('',3,(#7234,#7235,#7236,#7237,#7238),
 .UNSPECIFIED.,.F.,.F.,(4,1,4),(0.,0.603465896088463,1.23990267050214),
 .UNSPECIFIED.);
#2193=B_SPLINE_CURVE_WITH_KNOTS('',3,(#7256,#7257,#7258,#7259,#7260),
 .UNSPECIFIED.,.F.,.F.,(4,1,4),(0.,0.465401066945832,0.871055096869995),
 .UNSPECIFIED.);
#2194=B_SPLINE_CURVE_WITH_KNOTS('',3,(#7263,#7264,#7265,#7266,#7267),
 .UNSPECIFIED.,.F.,.F.,(4,1,4),(0.,0.465401066945832,0.871055096869995),
 .UNSPECIFIED.);
#2195=B_SPLINE_CURVE_WITH_KNOTS('',3,(#7279,#7280,#7281,#7282,#7283),
 .UNSPECIFIED.,.F.,.F.,(4,1,4),(0.,0.489313971366819,0.982186550178419),
 .UNSPECIFIED.);
#2196=B_SPLINE_CURVE_WITH_KNOTS('',3,(#7286,#7287,#7288,#7289,#7290),
 .UNSPECIFIED.,.F.,.F.,(4,1,4),(0.,0.489313971366819,0.982186550178419),
 .UNSPECIFIED.);
#2197=B_SPLINE_CURVE_WITH_KNOTS('',3,(#7302,#7303,#7304,#7305,#7306),
 .UNSPECIFIED.,.F.,.F.,(4,1,4),(0.,0.363859639112526,0.810635648758758),
 .UNSPECIFIED.);
#2198=B_SPLINE_CURVE_WITH_KNOTS('',3,(#7309,#7310,#7311,#7312,#7313),
 .UNSPECIFIED.,.F.,.F.,(4,1,4),(0.,0.363859639112526,0.810635648758758),
 .UNSPECIFIED.);
#2199=B_SPLINE_CURVE_WITH_KNOTS('',3,(#7487,#7488,#7489,#7490,#7491),
 .UNSPECIFIED.,.F.,.F.,(4,1,4),(-0.354935780803179,-0.152115334629934,-2.66729281423935E-16),
 .UNSPECIFIED.);
#2200=B_SPLINE_CURVE_WITH_KNOTS('',3,(#7492,#7493,#7494,#7495,#7496),
 .UNSPECIFIED.,.F.,.F.,(4,1,4),(2.66729281423935E-16,0.152115334629934,
0.354935780803179),.UNSPECIFIED.);
#2201=B_SPLINE_CURVE_WITH_KNOTS('',3,(#7602,#7603,#7604,#7605,#7606,#7607,
#7608,#7609,#7610,#7611),.UNSPECIFIED.,.F.,.F.,(4,2,2,2,4),(0.,0.0941969058675709,
0.188393811735142,0.283371228035031,0.378348644334921),.UNSPECIFIED.);
#2202=B_SPLINE_CURVE_WITH_KNOTS('',3,(#7615,#7616,#7617,#7618,#7619,#7620,
#7621,#7622,#7623,#7624),.UNSPECIFIED.,.F.,.F.,(4,2,2,2,4),(-0.377327825348371,
-0.282845427934501,-0.188363030520632,-0.094181515260316,0.),
 .UNSPECIFIED.);
#2203=B_SPLINE_CURVE_WITH_KNOTS('',3,(#7682,#7683,#7684,#7685,#7686,#7687,
#7688,#7689,#7690,#7691),.UNSPECIFIED.,.F.,.F.,(4,2,2,2,4),(0.,0.0941815152603159,
0.188363030520632,0.282845427934501,0.377327825348371),.UNSPECIFIED.);
#2204=B_SPLINE_CURVE_WITH_KNOTS('',3,(#7693,#7694,#7695,#7696,#7697,#7698,
#7699,#7700,#7701,#7702),.UNSPECIFIED.,.F.,.F.,(4,2,2,2,4),(-0.378348644334921,
-0.283371228035031,-0.188393811735142,-0.0941969058675709,0.),
 .UNSPECIFIED.);
#2205=B_SPLINE_CURVE_WITH_KNOTS('',3,(#7706,#7707,#7708,#7709,#7710,#7711,
#7712,#7713,#7714,#7715),.UNSPECIFIED.,.F.,.F.,(4,2,2,2,4),(0.,0.0941815152603159,
0.188363030520632,0.282845427934501,0.377327825348371),.UNSPECIFIED.);
#2206=B_SPLINE_CURVE_WITH_KNOTS('',3,(#7717,#7718,#7719,#7720,#7721,#7722,
#7723,#7724,#7725,#7726),.UNSPECIFIED.,.F.,.F.,(4,2,2,2,4),(-0.378348644334921,
-0.283371228035031,-0.188393811735142,-0.0941969058675709,0.),
 .UNSPECIFIED.);
#2207=B_SPLINE_CURVE_WITH_KNOTS('',3,(#7730,#7731,#7732,#7733,#7734,#7735,
#7736,#7737,#7738,#7739),.UNSPECIFIED.,.F.,.F.,(4,2,2,2,4),(0.,0.0941969058675708,
0.188393811735142,0.283371228035031,0.378348644334921),.UNSPECIFIED.);
#2208=B_SPLINE_CURVE_WITH_KNOTS('',3,(#7741,#7742,#7743,#7744,#7745,#7746,
#7747,#7748,#7749,#7750),.UNSPECIFIED.,.F.,.F.,(4,2,2,2,4),(-0.37732782534837,
-0.282845427934501,-0.188363030520632,-0.0941815152603158,0.),
 .UNSPECIFIED.);
#2209=B_SPLINE_CURVE_WITH_KNOTS('',3,(#7754,#7755,#7756,#7757,#7758,#7759,
#7760,#7761,#7762,#7763),.UNSPECIFIED.,.F.,.F.,(4,2,2,2,4),(0.,0.0941815152603159,
0.188363030520632,0.282845427934501,0.377327825348371),.UNSPECIFIED.);
#2210=B_SPLINE_CURVE_WITH_KNOTS('',3,(#7765,#7766,#7767,#7768,#7769,#7770,
#7771,#7772,#7773,#7774),.UNSPECIFIED.,.F.,.F.,(4,2,2,2,4),(-0.378348644334921,
-0.283371228035031,-0.188393811735142,-0.0941969058675709,0.),
 .UNSPECIFIED.);
#2211=B_SPLINE_CURVE_WITH_KNOTS('',3,(#7778,#7779,#7780,#7781,#7782,#7783,
#7784,#7785,#7786,#7787),.UNSPECIFIED.,.F.,.F.,(4,2,2,2,4),(0.,0.0941969058675709,
0.188393811735142,0.283371228035031,0.378348644334921),.UNSPECIFIED.);
#2212=B_SPLINE_CURVE_WITH_KNOTS('',3,(#7789,#7790,#7791,#7792,#7793,#7794,
#7795,#7796,#7797,#7798),.UNSPECIFIED.,.F.,.F.,(4,2,2,2,4),(-0.377327825348371,
-0.282845427934501,-0.188363030520632,-0.094181515260316,0.),
 .UNSPECIFIED.);
#2213=B_SPLINE_CURVE_WITH_KNOTS('',3,(#8403,#8404,#8405,#8406,#8407,#8408,
#8409,#8410,#8411,#8412,#8413,#8414,#8415,#8416),.UNSPECIFIED.,.F.,.F.,
(4,2,2,2,2,2,4),(-0.0945143703657128,-0.0803949180159113,-0.0643828823761424,
-0.0430035443571505,-0.0220240117925605,0.,0.000441330586580477),
 .UNSPECIFIED.);
#2214=B_SPLINE_CURVE_WITH_KNOTS('',3,(#8426,#8427,#8428,#8429,#8430,#8431,
#8432,#8433,#8434,#8435,#8436,#8437,#8438,#8439),.UNSPECIFIED.,.F.,.F.,
(4,2,2,2,2,2,4),(-0.0941029102031058,-0.0936655431767384,-0.0718393275494339,
-0.051048210752559,-0.0298608791271175,-0.0139926465000468,0.),
 .UNSPECIFIED.);
#2215=VERTEX_POINT('',#7200);
#2216=VERTEX_POINT('',#7201);
#2217=VERTEX_POINT('',#7207);
#2218=VERTEX_POINT('',#7209);
#2219=VERTEX_POINT('',#7226);
#2220=VERTEX_POINT('',#7232);
#2221=VERTEX_POINT('',#7240);
#2222=VERTEX_POINT('',#7242);
#2223=VERTEX_POINT('',#7255);
#2224=VERTEX_POINT('',#7261);
#2225=VERTEX_POINT('',#7278);
#2226=VERTEX_POINT('',#7284);
#2227=VERTEX_POINT('',#7301);
#2228=VERTEX_POINT('',#7307);
#2229=VERTEX_POINT('',#7315);
#2230=VERTEX_POINT('',#7317);
#2231=VERTEX_POINT('',#7321);
#2232=VERTEX_POINT('',#7323);
#2233=VERTEX_POINT('',#7327);
#2234=VERTEX_POINT('',#7329);
#2235=VERTEX_POINT('',#7337);
#2236=VERTEX_POINT('',#7338);
#2237=VERTEX_POINT('',#7340);
#2238=VERTEX_POINT('',#7342);
#2239=VERTEX_POINT('',#7346);
#2240=VERTEX_POINT('',#7348);
#2241=VERTEX_POINT('',#7352);
#2242=VERTEX_POINT('',#7353);
#2243=VERTEX_POINT('',#7355);
#2244=VERTEX_POINT('',#7357);
#2245=VERTEX_POINT('',#7364);
#2246=VERTEX_POINT('',#7366);
#2247=VERTEX_POINT('',#7370);
#2248=VERTEX_POINT('',#7372);
#2249=VERTEX_POINT('',#7376);
#2250=VERTEX_POINT('',#7378);
#2251=VERTEX_POINT('',#7385);
#2252=VERTEX_POINT('',#7387);
#2253=VERTEX_POINT('',#7391);
#2254=VERTEX_POINT('',#7393);
#2255=VERTEX_POINT('',#7397);
#2256=VERTEX_POINT('',#7399);
#2257=VERTEX_POINT('',#7403);
#2258=VERTEX_POINT('',#7405);
#2259=VERTEX_POINT('',#7409);
#2260=VERTEX_POINT('',#7410);
#2261=VERTEX_POINT('',#7412);
#2262=VERTEX_POINT('',#7414);
#2263=VERTEX_POINT('',#7418);
#2264=VERTEX_POINT('',#7419);
#2265=VERTEX_POINT('',#7421);
#2266=VERTEX_POINT('',#7423);
#2267=VERTEX_POINT('',#7427);
#2268=VERTEX_POINT('',#7429);
#2269=VERTEX_POINT('',#7433);
#2270=VERTEX_POINT('',#7435);
#2271=VERTEX_POINT('',#7439);
#2272=VERTEX_POINT('',#7441);
#2273=VERTEX_POINT('',#7445);
#2274=VERTEX_POINT('',#7447);
#2275=VERTEX_POINT('',#7457);
#2276=VERTEX_POINT('',#7458);
#2277=VERTEX_POINT('',#7460);
#2278=VERTEX_POINT('',#7462);
#2279=VERTEX_POINT('',#7464);
#2280=VERTEX_POINT('',#7498);
#2281=VERTEX_POINT('',#7500);
#2282=VERTEX_POINT('',#7502);
#2283=VERTEX_POINT('',#7504);
#2284=VERTEX_POINT('',#7506);
#2285=VERTEX_POINT('',#7508);
#2286=VERTEX_POINT('',#7511);
#2287=VERTEX_POINT('',#7513);
#2288=VERTEX_POINT('',#7514);
#2289=VERTEX_POINT('',#7516);
#2290=VERTEX_POINT('',#7518);
#2291=VERTEX_POINT('',#7521);
#2292=VERTEX_POINT('',#7522);
#2293=VERTEX_POINT('',#7524);
#2294=VERTEX_POINT('',#7526);
#2295=VERTEX_POINT('',#7556);
#2296=VERTEX_POINT('',#7562);
#2297=VERTEX_POINT('',#7563);
#2298=VERTEX_POINT('',#7594);
#2299=VERTEX_POINT('',#7600);
#2300=VERTEX_POINT('',#7601);
#2301=VERTEX_POINT('',#7612);
#2302=VERTEX_POINT('',#7614);
#2303=VERTEX_POINT('',#7627);
#2304=VERTEX_POINT('',#7629);
#2305=VERTEX_POINT('',#7631);
#2306=VERTEX_POINT('',#7633);
#2307=VERTEX_POINT('',#7635);
#2308=VERTEX_POINT('',#7637);
#2309=VERTEX_POINT('',#7639);
#2310=VERTEX_POINT('',#7641);
#2311=VERTEX_POINT('',#7643);
#2312=VERTEX_POINT('',#7645);
#2313=VERTEX_POINT('',#7647);
#2314=VERTEX_POINT('',#7649);
#2315=VERTEX_POINT('',#7651);
#2316=VERTEX_POINT('',#7653);
#2317=VERTEX_POINT('',#7655);
#2318=VERTEX_POINT('',#7657);
#2319=VERTEX_POINT('',#7659);
#2320=VERTEX_POINT('',#7661);
#2321=VERTEX_POINT('',#7663);
#2322=VERTEX_POINT('',#7665);
#2323=VERTEX_POINT('',#7667);
#2324=VERTEX_POINT('',#7669);
#2325=VERTEX_POINT('',#7672);
#2326=VERTEX_POINT('',#7673);
#2327=VERTEX_POINT('',#7675);
#2328=VERTEX_POINT('',#7677);
#2329=VERTEX_POINT('',#7681);
#2330=VERTEX_POINT('',#7692);
#2331=VERTEX_POINT('',#7705);
#2332=VERTEX_POINT('',#7716);
#2333=VERTEX_POINT('',#7729);
#2334=VERTEX_POINT('',#7740);
#2335=VERTEX_POINT('',#7753);
#2336=VERTEX_POINT('',#7764);
#2337=VERTEX_POINT('',#7777);
#2338=VERTEX_POINT('',#7788);
#2339=VERTEX_POINT('',#7801);
#2340=VERTEX_POINT('',#7802);
#2341=VERTEX_POINT('',#7804);
#2342=VERTEX_POINT('',#7806);
#2343=VERTEX_POINT('',#7810);
#2344=VERTEX_POINT('',#7812);
#2345=VERTEX_POINT('',#7814);
#2346=VERTEX_POINT('',#7816);
#2347=VERTEX_POINT('',#7818);
#2348=VERTEX_POINT('',#7820);
#2349=VERTEX_POINT('',#7824);
#2350=VERTEX_POINT('',#7825);
#2351=VERTEX_POINT('',#7827);
#2352=VERTEX_POINT('',#7829);
#2353=VERTEX_POINT('',#7833);
#2354=VERTEX_POINT('',#7835);
#2355=VERTEX_POINT('',#7837);
#2356=VERTEX_POINT('',#7839);
#2357=VERTEX_POINT('',#7841);
#2358=VERTEX_POINT('',#7843);
#2359=VERTEX_POINT('',#7847);
#2360=VERTEX_POINT('',#7848);
#2361=VERTEX_POINT('',#7850);
#2362=VERTEX_POINT('',#7852);
#2363=VERTEX_POINT('',#7856);
#2364=VERTEX_POINT('',#7858);
#2365=VERTEX_POINT('',#7862);
#2366=VERTEX_POINT('',#7863);
#2367=VERTEX_POINT('',#7865);
#2368=VERTEX_POINT('',#7867);
#2369=VERTEX_POINT('',#7871);
#2370=VERTEX_POINT('',#7873);
#2371=VERTEX_POINT('',#7878);
#2372=VERTEX_POINT('',#7880);
#2373=VERTEX_POINT('',#7882);
#2374=VERTEX_POINT('',#7884);
#2375=VERTEX_POINT('',#7886);
#2376=VERTEX_POINT('',#7888);
#2377=VERTEX_POINT('',#7891);
#2378=VERTEX_POINT('',#7893);
#2379=VERTEX_POINT('',#7895);
#2380=VERTEX_POINT('',#7897);
#2381=VERTEX_POINT('',#7899);
#2382=VERTEX_POINT('',#7903);
#2383=VERTEX_POINT('',#7907);
#2384=VERTEX_POINT('',#7908);
#2385=VERTEX_POINT('',#7913);
#2386=VERTEX_POINT('',#7917);
#2387=VERTEX_POINT('',#7919);
#2388=VERTEX_POINT('',#7923);
#2389=VERTEX_POINT('',#7927);
#2390=VERTEX_POINT('',#7928);
#2391=VERTEX_POINT('',#7930);
#2392=VERTEX_POINT('',#7932);
#2393=VERTEX_POINT('',#7936);
#2394=VERTEX_POINT('',#7938);
#2395=VERTEX_POINT('',#7942);
#2396=VERTEX_POINT('',#7944);
#2397=VERTEX_POINT('',#7948);
#2398=VERTEX_POINT('',#7950);
#2399=VERTEX_POINT('',#7954);
#2400=VERTEX_POINT('',#7955);
#2401=VERTEX_POINT('',#7957);
#2402=VERTEX_POINT('',#7959);
#2403=VERTEX_POINT('',#7963);
#2404=VERTEX_POINT('',#7965);
#2405=VERTEX_POINT('',#7970);
#2406=VERTEX_POINT('',#7972);
#2407=VERTEX_POINT('',#7974);
#2408=VERTEX_POINT('',#7976);
#2409=VERTEX_POINT('',#7979);
#2410=VERTEX_POINT('',#7981);
#2411=VERTEX_POINT('',#7983);
#2412=VERTEX_POINT('',#7985);
#2413=VERTEX_POINT('',#7987);
#2414=VERTEX_POINT('',#7991);
#2415=VERTEX_POINT('',#7993);
#2416=VERTEX_POINT('',#7997);
#2417=VERTEX_POINT('',#8001);
#2418=VERTEX_POINT('',#8006);
#2419=VERTEX_POINT('',#8009);
#2420=VERTEX_POINT('',#8011);
#2421=VERTEX_POINT('',#8013);
#2422=VERTEX_POINT('',#8015);
#2423=VERTEX_POINT('',#8020);
#2424=VERTEX_POINT('',#8024);
#2425=VERTEX_POINT('',#8028);
#2426=VERTEX_POINT('',#8038);
#2427=VERTEX_POINT('',#8039);
#2428=VERTEX_POINT('',#8041);
#2429=VERTEX_POINT('',#8045);
#2430=VERTEX_POINT('',#8046);
#2431=VERTEX_POINT('',#8051);
#2432=VERTEX_POINT('',#8052);
#2433=VERTEX_POINT('',#8054);
#2434=VERTEX_POINT('',#8058);
#2435=VERTEX_POINT('',#8059);
#2436=VERTEX_POINT('',#8064);
#2437=VERTEX_POINT('',#8065);
#2438=VERTEX_POINT('',#8073);
#2439=VERTEX_POINT('',#8074);
#2440=VERTEX_POINT('',#8079);
#2441=VERTEX_POINT('',#8081);
#2442=VERTEX_POINT('',#8083);
#2443=VERTEX_POINT('',#8085);
#2444=VERTEX_POINT('',#8090);
#2445=VERTEX_POINT('',#8091);
#2446=VERTEX_POINT('',#8093);
#2447=VERTEX_POINT('',#8095);
#2448=VERTEX_POINT('',#8097);
#2449=VERTEX_POINT('',#8099);
#2450=VERTEX_POINT('',#8101);
#2451=VERTEX_POINT('',#8103);
#2452=VERTEX_POINT('',#8105);
#2453=VERTEX_POINT('',#8107);
#2454=VERTEX_POINT('',#8111);
#2455=VERTEX_POINT('',#8113);
#2456=VERTEX_POINT('',#8116);
#2457=VERTEX_POINT('',#8118);
#2458=VERTEX_POINT('',#8121);
#2459=VERTEX_POINT('',#8123);
#2460=VERTEX_POINT('',#8126);
#2461=VERTEX_POINT('',#8128);
#2462=VERTEX_POINT('',#8131);
#2463=VERTEX_POINT('',#8133);
#2464=VERTEX_POINT('',#8138);
#2465=VERTEX_POINT('',#8140);
#2466=VERTEX_POINT('',#8143);
#2467=VERTEX_POINT('',#8145);
#2468=VERTEX_POINT('',#8150);
#2469=VERTEX_POINT('',#8152);
#2470=VERTEX_POINT('',#8164);
#2471=VERTEX_POINT('',#8168);
#2472=VERTEX_POINT('',#8180);
#2473=VERTEX_POINT('',#8184);
#2474=VERTEX_POINT('',#8188);
#2475=VERTEX_POINT('',#8190);
#2476=VERTEX_POINT('',#8193);
#2477=VERTEX_POINT('',#8196);
#2478=VERTEX_POINT('',#8200);
#2479=VERTEX_POINT('',#8204);
#2480=VERTEX_POINT('',#8208);
#2481=VERTEX_POINT('',#8211);
#2482=VERTEX_POINT('',#8213);
#2483=VERTEX_POINT('',#8216);
#2484=VERTEX_POINT('',#8218);
#2485=VERTEX_POINT('',#8223);
#2486=VERTEX_POINT('',#8226);
#2487=VERTEX_POINT('',#8227);
#2488=VERTEX_POINT('',#8229);
#2489=VERTEX_POINT('',#8231);
#2490=VERTEX_POINT('',#8235);
#2491=VERTEX_POINT('',#8237);
#2492=VERTEX_POINT('',#8242);
#2493=VERTEX_POINT('',#8244);
#2494=VERTEX_POINT('',#8251);
#2495=VERTEX_POINT('',#8252);
#2496=VERTEX_POINT('',#8254);
#2497=VERTEX_POINT('',#8256);
#2498=VERTEX_POINT('',#8263);
#2499=VERTEX_POINT('',#8265);
#2500=VERTEX_POINT('',#8267);
#2501=VERTEX_POINT('',#8269);
#2502=VERTEX_POINT('',#8271);
#2503=VERTEX_POINT('',#8273);
#2504=VERTEX_POINT('',#8275);
#2505=VERTEX_POINT('',#8277);
#2506=VERTEX_POINT('',#8279);
#2507=VERTEX_POINT('',#8281);
#2508=VERTEX_POINT('',#8283);
#2509=VERTEX_POINT('',#8285);
#2510=VERTEX_POINT('',#8290);
#2511=VERTEX_POINT('',#8291);
#2512=VERTEX_POINT('',#8299);
#2513=VERTEX_POINT('',#8300);
#2514=VERTEX_POINT('',#8308);
#2515=VERTEX_POINT('',#8309);
#2516=VERTEX_POINT('',#8314);
#2517=VERTEX_POINT('',#8315);
#2518=VERTEX_POINT('',#8323);
#2519=VERTEX_POINT('',#8325);
#2520=VERTEX_POINT('',#8329);
#2521=VERTEX_POINT('',#8330);
#2522=VERTEX_POINT('',#8338);
#2523=VERTEX_POINT('',#8339);
#2524=VERTEX_POINT('',#8347);
#2525=VERTEX_POINT('',#8348);
#2526=VERTEX_POINT('',#8380);
#2527=VERTEX_POINT('',#8382);
#2528=VERTEX_POINT('',#8386);
#2529=VERTEX_POINT('',#8387);
#2530=VERTEX_POINT('',#8394);
#2531=VERTEX_POINT('',#8395);
#2532=VERTEX_POINT('',#8397);
#2533=VERTEX_POINT('',#8399);
#2534=VERTEX_POINT('',#8401);
#2535=VERTEX_POINT('',#8418);
#2536=VERTEX_POINT('',#8419);
#2537=VERTEX_POINT('',#8421);
#2538=VERTEX_POINT('',#8423);
#2539=VERTEX_POINT('',#8425);
#2540=VERTEX_POINT('',#8488);
#2541=VERTEX_POINT('',#8492);
#2542=VERTEX_POINT('',#8496);
#2543=VERTEX_POINT('',#8498);
#2544=VERTEX_POINT('',#8501);
#2545=VERTEX_POINT('',#8506);
#2546=VERTEX_POINT('',#8508);
#2547=VERTEX_POINT('',#8513);
#2548=VERTEX_POINT('',#8517);
#2549=VERTEX_POINT('',#8519);
#2550=VERTEX_POINT('',#8523);
#2551=VERTEX_POINT('',#8524);
#2552=VERTEX_POINT('',#8526);
#2553=VERTEX_POINT('',#8528);
#2554=VERTEX_POINT('',#8532);
#2555=VERTEX_POINT('',#8533);
#2556=VERTEX_POINT('',#8535);
#2557=VERTEX_POINT('',#8537);
#2558=VERTEX_POINT('',#8541);
#2559=VERTEX_POINT('',#8542);
#2560=VERTEX_POINT('',#8544);
#2561=VERTEX_POINT('',#8546);
#2562=VERTEX_POINT('',#8550);
#2563=VERTEX_POINT('',#8551);
#2564=VERTEX_POINT('',#8553);
#2565=VERTEX_POINT('',#8555);
#2566=VERTEX_POINT('',#8559);
#2567=VERTEX_POINT('',#8560);
#2568=VERTEX_POINT('',#8562);
#2569=VERTEX_POINT('',#8564);
#2570=VERTEX_POINT('',#8568);
#2571=VERTEX_POINT('',#8569);
#2572=VERTEX_POINT('',#8571);
#2573=VERTEX_POINT('',#8573);
#2574=VERTEX_POINT('',#8577);
#2575=VERTEX_POINT('',#8578);
#2576=VERTEX_POINT('',#8580);
#2577=VERTEX_POINT('',#8582);
#2578=VERTEX_POINT('',#8586);
#2579=VERTEX_POINT('',#8587);
#2580=VERTEX_POINT('',#8589);
#2581=VERTEX_POINT('',#8591);
#2582=VERTEX_POINT('',#8595);
#2583=VERTEX_POINT('',#8596);
#2584=VERTEX_POINT('',#8598);
#2585=VERTEX_POINT('',#8600);
#2586=VERTEX_POINT('',#8604);
#2587=VERTEX_POINT('',#8605);
#2588=VERTEX_POINT('',#8607);
#2589=VERTEX_POINT('',#8609);
#2590=VERTEX_POINT('',#8613);
#2591=VERTEX_POINT('',#8615);
#2592=VERTEX_POINT('',#8619);
#2593=VERTEX_POINT('',#8621);
#2594=VERTEX_POINT('',#8644);
#2595=VERTEX_POINT('',#8646);
#2596=VERTEX_POINT('',#8650);
#2597=VERTEX_POINT('',#8652);
#2598=VERTEX_POINT('',#8669);
#2599=VERTEX_POINT('',#8679);
#2600=VERTEX_POINT('',#8680);
#2601=VERTEX_POINT('',#8682);
#2602=VERTEX_POINT('',#8684);
#2603=VERTEX_POINT('',#8688);
#2604=VERTEX_POINT('',#8690);
#2605=VERTEX_POINT('',#8692);
#2606=VERTEX_POINT('',#8694);
#2607=VERTEX_POINT('',#8698);
#2608=VERTEX_POINT('',#8702);
#2609=VERTEX_POINT('',#8706);
#2610=VERTEX_POINT('',#8708);
#2611=VERTEX_POINT('',#8712);
#2612=VERTEX_POINT('',#8714);
#2613=VERTEX_POINT('',#8718);
#2614=VERTEX_POINT('',#8722);
#2615=VERTEX_POINT('',#8734);
#2616=VERTEX_POINT('',#8735);
#2617=VERTEX_POINT('',#8737);
#2618=VERTEX_POINT('',#8739);
#2619=VERTEX_POINT('',#8743);
#2620=VERTEX_POINT('',#8745);
#2621=VERTEX_POINT('',#8747);
#2622=VERTEX_POINT('',#8749);
#2623=VERTEX_POINT('',#8751);
#2624=VERTEX_POINT('',#8755);
#2625=VERTEX_POINT('',#8759);
#2626=VERTEX_POINT('',#8760);
#2627=VERTEX_POINT('',#8762);
#2628=VERTEX_POINT('',#8764);
#2629=VERTEX_POINT('',#8776);
#2630=VERTEX_POINT('',#8778);
#2631=VERTEX_POINT('',#8782);
#2632=VERTEX_POINT('',#8783);
#2633=VERTEX_POINT('',#8788);
#2634=VERTEX_POINT('',#8790);
#2635=VERTEX_POINT('',#8792);
#2636=VERTEX_POINT('',#8794);
#2637=VERTEX_POINT('',#8796);
#2638=VERTEX_POINT('',#8800);
#2639=VERTEX_POINT('',#8804);
#2640=VERTEX_POINT('',#8808);
#2641=VERTEX_POINT('',#8812);
#2642=VERTEX_POINT('',#8813);
#2643=VERTEX_POINT('',#8815);
#2644=VERTEX_POINT('',#8817);
#2645=VERTEX_POINT('',#8829);
#2646=VERTEX_POINT('',#8831);
#2647=VERTEX_POINT('',#8835);
#2648=VERTEX_POINT('',#8836);
#2649=VERTEX_POINT('',#8841);
#2650=VERTEX_POINT('',#8843);
#2651=VERTEX_POINT('',#8845);
#2652=VERTEX_POINT('',#8847);
#2653=VERTEX_POINT('',#8849);
#2654=VERTEX_POINT('',#8853);
#2655=VERTEX_POINT('',#8857);
#2656=VERTEX_POINT('',#8861);
#2657=VERTEX_POINT('',#8865);
#2658=VERTEX_POINT('',#8867);
#2659=VERTEX_POINT('',#8869);
#2660=VERTEX_POINT('',#8871);
#2661=VERTEX_POINT('',#8877);
#2662=VERTEX_POINT('',#8879);
#2663=VERTEX_POINT('',#8883);
#2664=VERTEX_POINT('',#8889);
#2665=VERTEX_POINT('',#8893);
#2666=VERTEX_POINT('',#8897);
#2667=VERTEX_POINT('',#8901);
#2668=VERTEX_POINT('',#8903);
#2669=VERTEX_POINT('',#8905);
#2670=VERTEX_POINT('',#8909);
#2671=VERTEX_POINT('',#8910);
#2672=VERTEX_POINT('',#8912);
#2673=VERTEX_POINT('',#8914);
#2674=VERTEX_POINT('',#8918);
#2675=VERTEX_POINT('',#8920);
#2676=VERTEX_POINT('',#8924);
#2677=VERTEX_POINT('',#8926);
#2678=VERTEX_POINT('',#8930);
#2679=VERTEX_POINT('',#8932);
#2680=VERTEX_POINT('',#8936);
#2681=VERTEX_POINT('',#8938);
#2682=VERTEX_POINT('',#8945);
#2683=VERTEX_POINT('',#8946);
#2684=VERTEX_POINT('',#8948);
#2685=VERTEX_POINT('',#8950);
#2686=VERTEX_POINT('',#8952);
#2687=VERTEX_POINT('',#8954);
#2688=VERTEX_POINT('',#8958);
#2689=VERTEX_POINT('',#8959);
#2690=VERTEX_POINT('',#8961);
#2691=VERTEX_POINT('',#8963);
#2692=VERTEX_POINT('',#8967);
#2693=VERTEX_POINT('',#8974);
#2694=VERTEX_POINT('',#8975);
#2695=VERTEX_POINT('',#8980);
#2696=VERTEX_POINT('',#8986);
#2697=VERTEX_POINT('',#8988);
#2698=VERTEX_POINT('',#8994);
#2699=VERTEX_POINT('',#8995);
#2700=VERTEX_POINT('',#8997);
#2701=VERTEX_POINT('',#8999);
#2702=VERTEX_POINT('',#9001);
#2703=VERTEX_POINT('',#9003);
#2704=VERTEX_POINT('',#9008);
#2705=VERTEX_POINT('',#9013);
#2706=VERTEX_POINT('',#9025);
#2707=EDGE_CURVE('',#2215,#2216,#2189,.T.);
#2708=EDGE_CURVE('',#2215,#2217,#1127,.T.);
#2709=EDGE_CURVE('',#2217,#2218,#2190,.T.);
#2710=EDGE_CURVE('',#2216,#2218,#1128,.T.);
#2711=EDGE_CURVE('',#2219,#2215,#2191,.T.);
#2712=EDGE_CURVE('',#2219,#2220,#1129,.T.);
#2713=EDGE_CURVE('',#2220,#2217,#2192,.T.);
#2714=EDGE_CURVE('',#2221,#2219,#1130,.T.);
#2715=EDGE_CURVE('',#2221,#2222,#1131,.T.);
#2716=EDGE_CURVE('',#2222,#2220,#1132,.T.);
#2717=EDGE_CURVE('',#2223,#2221,#2193,.T.);
#2718=EDGE_CURVE('',#2223,#2224,#1133,.T.);
#2719=EDGE_CURVE('',#2224,#2222,#2194,.T.);
#2720=EDGE_CURVE('',#2225,#2223,#2195,.T.);
#2721=EDGE_CURVE('',#2225,#2226,#1134,.T.);
#2722=EDGE_CURVE('',#2226,#2224,#2196,.T.);
#2723=EDGE_CURVE('',#2227,#2225,#2197,.T.);
#2724=EDGE_CURVE('',#2227,#2228,#1135,.T.);
#2725=EDGE_CURVE('',#2228,#2226,#2198,.T.);
#2726=EDGE_CURVE('',#2229,#2227,#1136,.T.);
#2727=EDGE_CURVE('',#2229,#2230,#1137,.T.);
#2728=EDGE_CURVE('',#2230,#2228,#1138,.T.);
#2729=EDGE_CURVE('',#2231,#2229,#1139,.T.);
#2730=EDGE_CURVE('',#2231,#2232,#1140,.T.);
#2731=EDGE_CURVE('',#2232,#2230,#1141,.T.);
#2732=EDGE_CURVE('',#2233,#2231,#1142,.T.);
#2733=EDGE_CURVE('',#2233,#2234,#1143,.T.);
#2734=EDGE_CURVE('',#2234,#2232,#1144,.T.);
#2735=EDGE_CURVE('',#2216,#2233,#1145,.T.);
#2736=EDGE_CURVE('',#2218,#2234,#1146,.T.);
#2737=EDGE_CURVE('',#2235,#2236,#84,.T.);
#2738=EDGE_CURVE('',#2236,#2237,#1147,.T.);
#2739=EDGE_CURVE('',#2237,#2238,#85,.T.);
#2740=EDGE_CURVE('',#2238,#2235,#1148,.T.);
#2741=EDGE_CURVE('',#2239,#2236,#1149,.T.);
#2742=EDGE_CURVE('',#2240,#2239,#1150,.T.);
#2743=EDGE_CURVE('',#2237,#2240,#1151,.T.);
#2744=EDGE_CURVE('',#2241,#2242,#86,.T.);
#2745=EDGE_CURVE('',#2242,#2243,#1152,.T.);
#2746=EDGE_CURVE('',#2243,#2244,#87,.T.);
#2747=EDGE_CURVE('',#2244,#2241,#1153,.T.);
#2748=EDGE_CURVE('',#2243,#2238,#1154,.T.);
#2749=EDGE_CURVE('',#2235,#2242,#1155,.T.);
#2750=EDGE_CURVE('',#2239,#2245,#88,.T.);
#2751=EDGE_CURVE('',#2245,#2246,#1156,.T.);
#2752=EDGE_CURVE('',#2246,#2240,#89,.T.);
#2753=EDGE_CURVE('',#2247,#2245,#1157,.T.);
#2754=EDGE_CURVE('',#2248,#2247,#1158,.T.);
#2755=EDGE_CURVE('',#2246,#2248,#1159,.T.);
#2756=EDGE_CURVE('',#2247,#2249,#90,.T.);
#2757=EDGE_CURVE('',#2249,#2250,#1160,.T.);
#2758=EDGE_CURVE('',#2250,#2248,#91,.T.);
#2759=EDGE_CURVE('',#2250,#2244,#1161,.T.);
#2760=EDGE_CURVE('',#2241,#2249,#1162,.T.);
#2761=EDGE_CURVE('',#2251,#2251,#92,.T.);
#2762=EDGE_CURVE('',#2251,#2252,#1163,.T.);
#2763=EDGE_CURVE('',#2252,#2252,#93,.T.);
#2764=EDGE_CURVE('',#2253,#2253,#94,.T.);
#2765=EDGE_CURVE('',#2253,#2254,#1164,.T.);
#2766=EDGE_CURVE('',#2254,#2254,#95,.T.);
#2767=EDGE_CURVE('',#2255,#2255,#96,.T.);
#2768=EDGE_CURVE('',#2255,#2256,#1165,.T.);
#2769=EDGE_CURVE('',#2256,#2256,#97,.T.);
#2770=EDGE_CURVE('',#2257,#2257,#98,.T.);
#2771=EDGE_CURVE('',#2257,#2258,#1166,.T.);
#2772=EDGE_CURVE('',#2258,#2258,#99,.T.);
#2773=EDGE_CURVE('',#2259,#2260,#1167,.T.);
#2774=EDGE_CURVE('',#2261,#2259,#1168,.T.);
#2775=EDGE_CURVE('',#2262,#2261,#1169,.T.);
#2776=EDGE_CURVE('',#2260,#2262,#1170,.T.);
#2777=EDGE_CURVE('',#2263,#2264,#1171,.T.);
#2778=EDGE_CURVE('',#2265,#2263,#1172,.T.);
#2779=EDGE_CURVE('',#2266,#2265,#1173,.T.);
#2780=EDGE_CURVE('',#2264,#2266,#1174,.T.);
#2781=EDGE_CURVE('',#2265,#2267,#100,.T.);
#2782=EDGE_CURVE('',#2267,#2268,#1175,.T.);
#2783=EDGE_CURVE('',#2268,#2266,#101,.T.);
#2784=EDGE_CURVE('',#2269,#2267,#1176,.T.);
#2785=EDGE_CURVE('',#2270,#2269,#1177,.T.);
#2786=EDGE_CURVE('',#2268,#2270,#1178,.T.);
#2787=EDGE_CURVE('',#2261,#2271,#102,.T.);
#2788=EDGE_CURVE('',#2271,#2272,#1179,.T.);
#2789=EDGE_CURVE('',#2272,#2262,#103,.T.);
#2790=EDGE_CURVE('',#2273,#2271,#1180,.T.);
#2791=EDGE_CURVE('',#2274,#2273,#1181,.T.);
#2792=EDGE_CURVE('',#2272,#2274,#1182,.T.);
#2793=EDGE_CURVE('',#2273,#2259,#104,.T.);
#2794=EDGE_CURVE('',#2260,#2274,#105,.T.);
#2795=EDGE_CURVE('',#2269,#2263,#106,.T.);
#2796=EDGE_CURVE('',#2264,#2270,#107,.T.);
#2797=EDGE_CURVE('',#2275,#2276,#108,.T.);
#2798=EDGE_CURVE('',#2276,#2277,#109,.T.);
#2799=EDGE_CURVE('',#2277,#2278,#110,.T.);
#2800=EDGE_CURVE('',#2278,#2279,#111,.T.);
#2801=EDGE_CURVE('',#2279,#2275,#112,.T.);
#2802=EDGE_CURVE('',#2275,#2279,#2199,.T.);
#2803=EDGE_CURVE('',#2278,#2276,#2200,.T.);
#2804=EDGE_CURVE('',#2280,#2279,#1183,.T.);
#2805=EDGE_CURVE('',#2281,#2280,#113,.T.);
#2806=EDGE_CURVE('',#2282,#2281,#1184,.T.);
#2807=EDGE_CURVE('',#2282,#2283,#1185,.T.);
#2808=EDGE_CURVE('',#2284,#2283,#1186,.T.);
#2809=EDGE_CURVE('',#2285,#2284,#114,.T.);
#2810=EDGE_CURVE('',#2275,#2285,#1187,.T.);
#2811=EDGE_CURVE('',#2286,#2286,#115,.T.);
#2812=EDGE_CURVE('',#2287,#2288,#1188,.T.);
#2813=EDGE_CURVE('',#2288,#2289,#1189,.T.);
#2814=EDGE_CURVE('',#2289,#2290,#1190,.T.);
#2815=EDGE_CURVE('',#2290,#2287,#1191,.T.);
#2816=EDGE_CURVE('',#2291,#2292,#1192,.T.);
#2817=EDGE_CURVE('',#2292,#2293,#1193,.T.);
#2818=EDGE_CURVE('',#2293,#2294,#1194,.T.);
#2819=EDGE_CURVE('',#2294,#2291,#1195,.T.);
#2820=EDGE_CURVE('',#2295,#2295,#116,.T.);
#2821=EDGE_CURVE('',#2295,#2277,#25,.T.);
#2822=EDGE_CURVE('',#2296,#2297,#117,.T.);
#2823=EDGE_CURVE('',#2297,#2296,#118,.T.);
#2824=EDGE_CURVE('',#2296,#2286,#119,.T.);
#2825=EDGE_CURVE('',#2298,#2298,#120,.T.);
#2826=EDGE_CURVE('',#2298,#2297,#121,.T.);
#2827=EDGE_CURVE('',#2299,#2300,#2201,.T.);
#2828=EDGE_CURVE('',#2300,#2301,#1196,.T.);
#2829=EDGE_CURVE('',#2301,#2302,#2202,.T.);
#2830=EDGE_CURVE('',#2302,#2299,#1197,.T.);
#2831=EDGE_CURVE('',#2300,#2303,#122,.T.);
#2832=EDGE_CURVE('',#2304,#2303,#1198,.T.);
#2833=EDGE_CURVE('',#2305,#2304,#1199,.T.);
#2834=EDGE_CURVE('',#2306,#2305,#1200,.T.);
#2835=EDGE_CURVE('',#2307,#2306,#1201,.T.);
#2836=EDGE_CURVE('',#2308,#2307,#1202,.T.);
#2837=EDGE_CURVE('',#2308,#2309,#123,.T.);
#2838=EDGE_CURVE('',#2310,#2309,#1203,.T.);
#2839=EDGE_CURVE('',#2310,#2311,#124,.T.);
#2840=EDGE_CURVE('',#2311,#2312,#1204,.T.);
#2841=EDGE_CURVE('',#2312,#2313,#125,.T.);
#2842=EDGE_CURVE('',#2314,#2313,#1205,.T.);
#2843=EDGE_CURVE('',#2314,#2315,#126,.T.);
#2844=EDGE_CURVE('',#2316,#2315,#1206,.T.);
#2845=EDGE_CURVE('',#2316,#2317,#127,.T.);
#2846=EDGE_CURVE('',#2317,#2318,#1207,.T.);
#2847=EDGE_CURVE('',#2318,#2319,#128,.T.);
#2848=EDGE_CURVE('',#2320,#2319,#1208,.T.);
#2849=EDGE_CURVE('',#2320,#2321,#129,.T.);
#2850=EDGE_CURVE('',#2322,#2321,#1209,.T.);
#2851=EDGE_CURVE('',#2322,#2323,#130,.T.);
#2852=EDGE_CURVE('',#2323,#2324,#1210,.T.);
#2853=EDGE_CURVE('',#2324,#2301,#131,.T.);
#2854=EDGE_CURVE('',#2325,#2326,#1211,.T.);
#2855=EDGE_CURVE('',#2325,#2327,#132,.T.);
#2856=EDGE_CURVE('',#2327,#2328,#1212,.T.);
#2857=EDGE_CURVE('',#2328,#2326,#133,.T.);
#2858=EDGE_CURVE('',#2329,#2310,#2203,.T.);
#2859=EDGE_CURVE('',#2309,#2330,#2204,.T.);
#2860=EDGE_CURVE('',#2330,#2329,#1213,.T.);
#2861=EDGE_CURVE('',#2331,#2322,#2205,.T.);
#2862=EDGE_CURVE('',#2321,#2332,#2206,.T.);
#2863=EDGE_CURVE('',#2332,#2331,#1214,.T.);
#2864=EDGE_CURVE('',#2333,#2320,#2207,.T.);
#2865=EDGE_CURVE('',#2319,#2334,#2208,.T.);
#2866=EDGE_CURVE('',#2334,#2333,#1215,.T.);
#2867=EDGE_CURVE('',#2335,#2316,#2209,.T.);
#2868=EDGE_CURVE('',#2315,#2336,#2210,.T.);
#2869=EDGE_CURVE('',#2336,#2335,#1216,.T.);
#2870=EDGE_CURVE('',#2337,#2314,#2211,.T.);
#2871=EDGE_CURVE('',#2313,#2338,#2212,.T.);
#2872=EDGE_CURVE('',#2338,#2337,#1217,.T.);
#2873=EDGE_CURVE('',#2339,#2340,#134,.T.);
#2874=EDGE_CURVE('',#2340,#2341,#1218,.T.);
#2875=EDGE_CURVE('',#2341,#2342,#135,.T.);
#2876=EDGE_CURVE('',#2342,#2339,#1219,.T.);
#2877=EDGE_CURVE('',#2340,#2343,#1220,.T.);
#2878=EDGE_CURVE('',#2343,#2344,#1221,.T.);
#2879=EDGE_CURVE('',#2344,#2345,#1222,.T.);
#2880=EDGE_CURVE('',#2346,#2345,#1223,.T.);
#2881=EDGE_CURVE('',#2346,#2347,#1224,.T.);
#2882=EDGE_CURVE('',#2347,#2348,#1225,.T.);
#2883=EDGE_CURVE('',#2341,#2348,#1226,.T.);
#2884=EDGE_CURVE('',#2349,#2350,#136,.T.);
#2885=EDGE_CURVE('',#2350,#2351,#1227,.T.);
#2886=EDGE_CURVE('',#2351,#2352,#137,.T.);
#2887=EDGE_CURVE('',#2352,#2349,#1228,.T.);
#2888=EDGE_CURVE('',#2350,#2353,#1229,.T.);
#2889=EDGE_CURVE('',#2353,#2354,#1230,.T.);
#2890=EDGE_CURVE('',#2354,#2355,#1231,.T.);
#2891=EDGE_CURVE('',#2356,#2355,#1232,.T.);
#2892=EDGE_CURVE('',#2356,#2357,#1233,.T.);
#2893=EDGE_CURVE('',#2357,#2358,#1234,.T.);
#2894=EDGE_CURVE('',#2351,#2358,#1235,.T.);
#2895=EDGE_CURVE('',#2359,#2360,#138,.T.);
#2896=EDGE_CURVE('',#2360,#2361,#1236,.T.);
#2897=EDGE_CURVE('',#2361,#2362,#139,.T.);
#2898=EDGE_CURVE('',#2362,#2359,#1237,.T.);
#2899=EDGE_CURVE('',#2363,#2360,#1238,.T.);
#2900=EDGE_CURVE('',#2364,#2363,#1239,.T.);
#2901=EDGE_CURVE('',#2361,#2364,#1240,.T.);
#2902=EDGE_CURVE('',#2365,#2366,#140,.T.);
#2903=EDGE_CURVE('',#2366,#2367,#1241,.T.);
#2904=EDGE_CURVE('',#2367,#2368,#141,.T.);
#2905=EDGE_CURVE('',#2368,#2365,#1242,.T.);
#2906=EDGE_CURVE('',#2366,#2369,#1243,.T.);
#2907=EDGE_CURVE('',#2370,#2369,#1244,.T.);
#2908=EDGE_CURVE('',#2370,#2367,#1245,.T.);
#2909=EDGE_CURVE('',#2363,#2365,#1246,.T.);
#2910=EDGE_CURVE('',#2359,#2371,#1247,.T.);
#2911=EDGE_CURVE('',#2372,#2371,#142,.T.);
#2912=EDGE_CURVE('',#2372,#2373,#1248,.T.);
#2913=EDGE_CURVE('',#2374,#2373,#1249,.T.);
#2914=EDGE_CURVE('',#2375,#2374,#143,.T.);
#2915=EDGE_CURVE('',#2376,#2375,#1250,.T.);
#2916=EDGE_CURVE('',#2355,#2376,#144,.T.);
#2917=EDGE_CURVE('',#2377,#2354,#1251,.T.);
#2918=EDGE_CURVE('',#2377,#2378,#1252,.T.);
#2919=EDGE_CURVE('',#2378,#2379,#1253,.T.);
#2920=EDGE_CURVE('',#2380,#2379,#145,.T.);
#2921=EDGE_CURVE('',#2381,#2380,#1254,.T.);
#2922=EDGE_CURVE('',#2369,#2381,#146,.T.);
#2923=EDGE_CURVE('',#2382,#2370,#147,.T.);
#2924=EDGE_CURVE('',#2382,#2381,#1255,.T.);
#2925=EDGE_CURVE('',#2383,#2384,#148,.T.);
#2926=EDGE_CURVE('',#2384,#2372,#1256,.T.);
#2927=EDGE_CURVE('',#2371,#2383,#1257,.T.);
#2928=EDGE_CURVE('',#2385,#2384,#1258,.T.);
#2929=EDGE_CURVE('',#2373,#2385,#1259,.T.);
#2930=EDGE_CURVE('',#2379,#2386,#1260,.T.);
#2931=EDGE_CURVE('',#2386,#2387,#149,.T.);
#2932=EDGE_CURVE('',#2387,#2380,#1261,.T.);
#2933=EDGE_CURVE('',#2388,#2378,#1262,.T.);
#2934=EDGE_CURVE('',#2386,#2388,#1263,.T.);
#2935=EDGE_CURVE('',#2389,#2390,#150,.T.);
#2936=EDGE_CURVE('',#2390,#2391,#1264,.T.);
#2937=EDGE_CURVE('',#2391,#2392,#151,.T.);
#2938=EDGE_CURVE('',#2392,#2389,#1265,.T.);
#2939=EDGE_CURVE('',#2393,#2390,#1266,.T.);
#2940=EDGE_CURVE('',#2394,#2393,#1267,.T.);
#2941=EDGE_CURVE('',#2391,#2394,#1268,.T.);
#2942=EDGE_CURVE('',#2393,#2395,#152,.T.);
#2943=EDGE_CURVE('',#2395,#2396,#1269,.T.);
#2944=EDGE_CURVE('',#2396,#2394,#153,.T.);
#2945=EDGE_CURVE('',#2397,#2395,#1270,.T.);
#2946=EDGE_CURVE('',#2398,#2397,#1271,.T.);
#2947=EDGE_CURVE('',#2396,#2398,#1272,.T.);
#2948=EDGE_CURVE('',#2399,#2400,#154,.T.);
#2949=EDGE_CURVE('',#2400,#2401,#1273,.T.);
#2950=EDGE_CURVE('',#2401,#2402,#155,.T.);
#2951=EDGE_CURVE('',#2402,#2399,#1274,.T.);
#2952=EDGE_CURVE('',#2400,#2403,#1275,.T.);
#2953=EDGE_CURVE('',#2404,#2403,#1276,.T.);
#2954=EDGE_CURVE('',#2404,#2401,#1277,.T.);
#2955=EDGE_CURVE('',#2397,#2399,#1278,.T.);
#2956=EDGE_CURVE('',#2389,#2405,#1279,.T.);
#2957=EDGE_CURVE('',#2406,#2405,#1280,.T.);
#2958=EDGE_CURVE('',#2407,#2406,#156,.T.);
#2959=EDGE_CURVE('',#2408,#2407,#1281,.T.);
#2960=EDGE_CURVE('',#2345,#2408,#157,.T.);
#2961=EDGE_CURVE('',#2409,#2344,#1282,.T.);
#2962=EDGE_CURVE('',#2409,#2410,#1283,.T.);
#2963=EDGE_CURVE('',#2410,#2411,#1284,.T.);
#2964=EDGE_CURVE('',#2412,#2411,#158,.T.);
#2965=EDGE_CURVE('',#2413,#2412,#1285,.T.);
#2966=EDGE_CURVE('',#2403,#2413,#159,.T.);
#2967=EDGE_CURVE('',#2411,#2414,#1286,.T.);
#2968=EDGE_CURVE('',#2414,#2415,#160,.T.);
#2969=EDGE_CURVE('',#2415,#2412,#1287,.T.);
#2970=EDGE_CURVE('',#2416,#2410,#1288,.T.);
#2971=EDGE_CURVE('',#2414,#2416,#1289,.T.);
#2972=EDGE_CURVE('',#2417,#2404,#161,.T.);
#2973=EDGE_CURVE('',#2417,#2413,#1290,.T.);
#2974=EDGE_CURVE('',#2415,#2417,#1291,.T.);
#2975=EDGE_CURVE('',#2418,#2416,#1292,.T.);
#2976=EDGE_CURVE('',#2418,#2347,#1293,.T.);
#2977=EDGE_CURVE('',#2419,#2346,#162,.T.);
#2978=EDGE_CURVE('',#2420,#2419,#1294,.T.);
#2979=EDGE_CURVE('',#2421,#2420,#163,.T.);
#2980=EDGE_CURVE('',#2422,#2421,#1295,.T.);
#2981=EDGE_CURVE('',#2422,#2392,#1296,.T.);
#2982=EDGE_CURVE('',#2398,#2402,#1297,.T.);
#2983=EDGE_CURVE('',#2376,#2423,#1298,.T.);
#2984=EDGE_CURVE('',#2423,#2356,#164,.T.);
#2985=EDGE_CURVE('',#2424,#2375,#1299,.T.);
#2986=EDGE_CURVE('',#2424,#2423,#1300,.T.);
#2987=EDGE_CURVE('',#2425,#2424,#165,.T.);
#2988=EDGE_CURVE('',#2374,#2425,#1301,.T.);
#2989=EDGE_CURVE('',#2408,#2419,#1302,.T.);
#2990=EDGE_CURVE('',#2420,#2407,#1303,.T.);
#2991=EDGE_CURVE('',#2406,#2421,#1304,.T.);
#2992=EDGE_CURVE('',#2426,#2427,#166,.F.);
#2993=EDGE_CURVE('',#2428,#2426,#167,.F.);
#2994=EDGE_CURVE('',#2427,#2428,#168,.F.);
#2995=EDGE_CURVE('',#2429,#2430,#169,.T.);
#2996=EDGE_CURVE('',#2429,#2428,#1305,.T.);
#2997=EDGE_CURVE('',#2426,#2430,#1306,.T.);
#2998=EDGE_CURVE('',#2431,#2432,#170,.F.);
#2999=EDGE_CURVE('',#2433,#2431,#171,.F.);
#3000=EDGE_CURVE('',#2432,#2433,#172,.F.);
#3001=EDGE_CURVE('',#2434,#2435,#173,.T.);
#3002=EDGE_CURVE('',#2434,#2433,#1307,.T.);
#3003=EDGE_CURVE('',#2431,#2435,#1308,.T.);
#3004=EDGE_CURVE('',#2436,#2437,#174,.T.);
#3005=EDGE_CURVE('',#2437,#2432,#1309,.T.);
#3006=EDGE_CURVE('',#2433,#2436,#1310,.T.);
#3007=EDGE_CURVE('',#2428,#2431,#1311,.T.);
#3008=EDGE_CURVE('',#2432,#2427,#1312,.T.);
#3009=EDGE_CURVE('',#2438,#2439,#175,.T.);
#3010=EDGE_CURVE('',#2439,#2426,#1313,.T.);
#3011=EDGE_CURVE('',#2427,#2438,#1314,.T.);
#3012=EDGE_CURVE('',#2429,#2440,#1315,.T.);
#3013=EDGE_CURVE('',#2441,#2440,#1316,.T.);
#3014=EDGE_CURVE('',#2442,#2441,#1317,.T.);
#3015=EDGE_CURVE('',#2443,#2442,#1318,.T.);
#3016=EDGE_CURVE('',#2443,#2435,#1319,.T.);
#3017=EDGE_CURVE('',#2342,#2349,#1320,.T.);
#3018=EDGE_CURVE('',#2352,#2339,#1321,.T.);
#3019=EDGE_CURVE('',#2444,#2445,#1322,.T.);
#3020=EDGE_CURVE('',#2446,#2444,#1323,.T.);
#3021=EDGE_CURVE('',#2447,#2446,#1324,.T.);
#3022=EDGE_CURVE('',#2447,#2448,#1325,.T.);
#3023=EDGE_CURVE('',#2448,#2449,#1326,.T.);
#3024=EDGE_CURVE('',#2449,#2450,#1327,.T.);
#3025=EDGE_CURVE('',#2450,#2451,#1328,.T.);
#3026=EDGE_CURVE('',#2451,#2452,#1329,.T.);
#3027=EDGE_CURVE('',#2452,#2453,#1330,.T.);
#3028=EDGE_CURVE('',#2453,#2445,#1331,.T.);
#3029=EDGE_CURVE('',#2454,#2443,#176,.T.);
#3030=EDGE_CURVE('',#2454,#2455,#1332,.T.);
#3031=EDGE_CURVE('',#2304,#2455,#177,.T.);
#3032=EDGE_CURVE('',#2303,#2456,#1333,.T.);
#3033=EDGE_CURVE('',#2456,#2457,#1334,.T.);
#3034=EDGE_CURVE('',#2457,#2325,#1335,.T.);
#3035=EDGE_CURVE('',#2326,#2458,#1336,.T.);
#3036=EDGE_CURVE('',#2458,#2459,#1337,.T.);
#3037=EDGE_CURVE('',#2459,#2308,#1338,.T.);
#3038=EDGE_CURVE('',#2460,#2307,#178,.T.);
#3039=EDGE_CURVE('',#2460,#2461,#1339,.T.);
#3040=EDGE_CURVE('',#2440,#2461,#179,.T.);
#3041=EDGE_CURVE('',#2430,#2462,#1340,.T.);
#3042=EDGE_CURVE('',#2462,#2463,#1341,.T.);
#3043=EDGE_CURVE('',#2434,#2463,#1342,.T.);
#3044=EDGE_CURVE('',#2439,#2462,#1343,.T.);
#3045=EDGE_CURVE('',#2330,#2464,#1344,.T.);
#3046=EDGE_CURVE('',#2464,#2465,#1345,.T.);
#3047=EDGE_CURVE('',#2465,#2329,#1346,.T.);
#3048=EDGE_CURVE('',#2338,#2466,#1347,.T.);
#3049=EDGE_CURVE('',#2466,#2467,#1348,.T.);
#3050=EDGE_CURVE('',#2467,#2337,#1349,.T.);
#3051=EDGE_CURVE('',#2385,#2425,#1350,.T.);
#3052=EDGE_CURVE('',#2283,#2468,#180,.T.);
#3053=EDGE_CURVE('',#2468,#2469,#1351,.T.);
#3054=EDGE_CURVE('',#2469,#2284,#181,.T.);
#3055=EDGE_CURVE('',#2470,#2285,#182,.T.);
#3056=EDGE_CURVE('',#2469,#2470,#183,.T.);
#3057=EDGE_CURVE('',#2470,#2471,#1352,.T.);
#3058=EDGE_CURVE('',#2471,#2280,#184,.T.);
#3059=EDGE_CURVE('',#2472,#2281,#185,.T.);
#3060=EDGE_CURVE('',#2471,#2472,#186,.T.);
#3061=EDGE_CURVE('',#2473,#2282,#187,.T.);
#3062=EDGE_CURVE('',#2472,#2473,#1353,.T.);
#3063=EDGE_CURVE('',#2474,#2472,#1354,.T.);
#3064=EDGE_CURVE('',#2474,#2475,#1355,.T.);
#3065=EDGE_CURVE('',#2473,#2475,#1356,.T.);
#3066=EDGE_CURVE('',#2476,#2476,#188,.T.);
#3067=EDGE_CURVE('',#2471,#2477,#1357,.T.);
#3068=EDGE_CURVE('',#2477,#2474,#189,.T.);
#3069=EDGE_CURVE('',#2478,#2470,#1358,.T.);
#3070=EDGE_CURVE('',#2478,#2477,#1359,.T.);
#3071=EDGE_CURVE('',#2469,#2479,#1360,.T.);
#3072=EDGE_CURVE('',#2479,#2478,#190,.T.);
#3073=EDGE_CURVE('',#2475,#2480,#1361,.T.);
#3074=EDGE_CURVE('',#2468,#2480,#1362,.T.);
#3075=EDGE_CURVE('',#2481,#2305,#191,.T.);
#3076=EDGE_CURVE('',#2481,#2482,#1363,.T.);
#3077=EDGE_CURVE('',#2442,#2482,#192,.T.);
#3078=EDGE_CURVE('',#2483,#2441,#193,.T.);
#3079=EDGE_CURVE('',#2483,#2484,#1364,.T.);
#3080=EDGE_CURVE('',#2306,#2484,#194,.T.);
#3081=EDGE_CURVE('',#2480,#2479,#1365,.T.);
#3082=EDGE_CURVE('',#2485,#2485,#195,.T.);
#3083=EDGE_CURVE('',#2486,#2487,#1366,.T.);
#3084=EDGE_CURVE('',#2488,#2487,#1367,.T.);
#3085=EDGE_CURVE('',#2489,#2488,#1368,.T.);
#3086=EDGE_CURVE('',#2489,#2486,#1369,.T.);
#3087=EDGE_CURVE('',#2487,#2490,#196,.T.);
#3088=EDGE_CURVE('',#2491,#2486,#197,.T.);
#3089=EDGE_CURVE('',#2490,#2491,#1370,.T.);
#3090=EDGE_CURVE('',#2463,#2436,#1371,.T.);
#3091=EDGE_CURVE('',#2302,#2492,#1372,.T.);
#3092=EDGE_CURVE('',#2492,#2493,#1373,.T.);
#3093=EDGE_CURVE('',#2493,#2299,#1374,.T.);
#3094=EDGE_CURVE('',#2332,#2490,#1375,.T.);
#3095=EDGE_CURVE('',#2491,#2331,#1376,.T.);
#3096=EDGE_CURVE('',#2405,#2422,#1377,.T.);
#3097=EDGE_CURVE('',#2494,#2495,#1378,.T.);
#3098=EDGE_CURVE('',#2496,#2495,#1379,.T.);
#3099=EDGE_CURVE('',#2497,#2496,#1380,.T.);
#3100=EDGE_CURVE('',#2497,#2494,#1381,.T.);
#3101=EDGE_CURVE('',#2493,#2494,#198,.T.);
#3102=EDGE_CURVE('',#2495,#2492,#199,.T.);
#3103=EDGE_CURVE('',#2498,#2488,#200,.T.);
#3104=EDGE_CURVE('',#2498,#2499,#1382,.T.);
#3105=EDGE_CURVE('',#2500,#2499,#1383,.T.);
#3106=EDGE_CURVE('',#2500,#2501,#1384,.T.);
#3107=EDGE_CURVE('',#2502,#2501,#201,.T.);
#3108=EDGE_CURVE('',#2502,#2503,#1385,.T.);
#3109=EDGE_CURVE('',#2504,#2503,#1386,.T.);
#3110=EDGE_CURVE('',#2504,#2505,#1387,.T.);
#3111=EDGE_CURVE('',#2506,#2505,#202,.T.);
#3112=EDGE_CURVE('',#2506,#2507,#1388,.T.);
#3113=EDGE_CURVE('',#2508,#2507,#1389,.T.);
#3114=EDGE_CURVE('',#2508,#2509,#1390,.T.);
#3115=EDGE_CURVE('',#2497,#2509,#203,.T.);
#3116=EDGE_CURVE('',#2489,#2496,#1391,.T.);
#3117=EDGE_CURVE('',#2510,#2511,#1392,.T.);
#3118=EDGE_CURVE('',#2505,#2511,#1393,.T.);
#3119=EDGE_CURVE('',#2504,#2510,#1394,.T.);
#3120=EDGE_CURVE('',#2511,#2464,#204,.T.);
#3121=EDGE_CURVE('',#2465,#2510,#205,.T.);
#3122=EDGE_CURVE('',#2512,#2513,#1395,.T.);
#3123=EDGE_CURVE('',#2503,#2513,#1396,.T.);
#3124=EDGE_CURVE('',#2502,#2512,#1397,.T.);
#3125=EDGE_CURVE('',#2467,#2512,#206,.T.);
#3126=EDGE_CURVE('',#2513,#2466,#207,.T.);
#3127=EDGE_CURVE('',#2514,#2515,#1398,.T.);
#3128=EDGE_CURVE('',#2499,#2515,#1399,.T.);
#3129=EDGE_CURVE('',#2498,#2514,#1400,.T.);
#3130=EDGE_CURVE('',#2516,#2517,#1401,.T.);
#3131=EDGE_CURVE('',#2515,#2516,#208,.T.);
#3132=EDGE_CURVE('',#2517,#2514,#209,.T.);
#3133=EDGE_CURVE('',#2437,#2438,#1402,.T.);
#3134=EDGE_CURVE('',#2334,#2516,#1403,.T.);
#3135=EDGE_CURVE('',#2517,#2333,#1404,.T.);
#3136=EDGE_CURVE('',#2336,#2518,#1405,.T.);
#3137=EDGE_CURVE('',#2518,#2519,#1406,.T.);
#3138=EDGE_CURVE('',#2519,#2335,#1407,.T.);
#3139=EDGE_CURVE('',#2520,#2521,#1408,.T.);
#3140=EDGE_CURVE('',#2509,#2521,#1409,.T.);
#3141=EDGE_CURVE('',#2508,#2520,#1410,.T.);
#3142=EDGE_CURVE('',#2521,#2456,#210,.T.);
#3143=EDGE_CURVE('',#2457,#2520,#211,.T.);
#3144=EDGE_CURVE('',#2522,#2523,#1411,.T.);
#3145=EDGE_CURVE('',#2507,#2523,#1412,.T.);
#3146=EDGE_CURVE('',#2506,#2522,#1413,.T.);
#3147=EDGE_CURVE('',#2459,#2522,#212,.T.);
#3148=EDGE_CURVE('',#2523,#2458,#213,.T.);
#3149=EDGE_CURVE('',#2524,#2525,#1414,.T.);
#3150=EDGE_CURVE('',#2501,#2525,#1415,.T.);
#3151=EDGE_CURVE('',#2500,#2524,#1416,.T.);
#3152=EDGE_CURVE('',#2525,#2518,#214,.T.);
#3153=EDGE_CURVE('',#2519,#2524,#215,.T.);
#3154=EDGE_CURVE('',#2504,#2311,#1417,.T.);
#3155=EDGE_CURVE('',#2503,#2312,#1418,.T.);
#3156=EDGE_CURVE('',#2507,#2328,#1419,.T.);
#3157=EDGE_CURVE('',#2508,#2327,#1420,.T.);
#3158=EDGE_CURVE('',#2496,#2324,#1421,.T.);
#3159=EDGE_CURVE('',#2489,#2323,#1422,.T.);
#3160=EDGE_CURVE('',#2499,#2318,#1423,.T.);
#3161=EDGE_CURVE('',#2500,#2317,#1424,.T.);
#3162=EDGE_CURVE('',#2445,#2526,#216,.T.);
#3163=EDGE_CURVE('',#2526,#2527,#1425,.T.);
#3164=EDGE_CURVE('',#2527,#2444,#19,.T.);
#3165=EDGE_CURVE('',#2528,#2529,#1426,.T.);
#3166=EDGE_CURVE('',#2529,#2447,#217,.T.);
#3167=EDGE_CURVE('',#2446,#2528,#20,.T.);
#3168=EDGE_CURVE('',#2527,#2528,#1427,.T.);
#3169=EDGE_CURVE('',#2530,#2531,#1428,.T.);
#3170=EDGE_CURVE('',#2531,#2532,#218,.T.);
#3171=EDGE_CURVE('',#2532,#2533,#1429,.T.);
#3172=EDGE_CURVE('',#2533,#2534,#219,.T.);
#3173=EDGE_CURVE('',#2534,#2530,#2213,.T.);
#3174=EDGE_CURVE('',#2535,#2536,#1430,.T.);
#3175=EDGE_CURVE('',#2536,#2537,#220,.T.);
#3176=EDGE_CURVE('',#2537,#2538,#1431,.T.);
#3177=EDGE_CURVE('',#2538,#2539,#2214,.T.);
#3178=EDGE_CURVE('',#2539,#2535,#221,.T.);
#3179=EDGE_CURVE('',#2534,#2539,#222,.T.);
#3180=EDGE_CURVE('',#2538,#2530,#223,.T.);
#3181=EDGE_CURVE('',#2531,#2537,#224,.T.);
#3182=EDGE_CURVE('',#2526,#2294,#1432,.T.);
#3183=EDGE_CURVE('',#2451,#2293,#1433,.T.);
#3184=EDGE_CURVE('',#2451,#2536,#1434,.T.);
#3185=EDGE_CURVE('',#2527,#2535,#1435,.T.);
#3186=EDGE_CURVE('',#2533,#2528,#1436,.T.);
#3187=EDGE_CURVE('',#2450,#2532,#1437,.T.);
#3188=EDGE_CURVE('',#2453,#2291,#1438,.T.);
#3189=EDGE_CURVE('',#2452,#2292,#1439,.T.);
#3190=EDGE_CURVE('',#2450,#2288,#1440,.T.);
#3191=EDGE_CURVE('',#2529,#2287,#1441,.T.);
#3192=EDGE_CURVE('',#2449,#2289,#1442,.T.);
#3193=EDGE_CURVE('',#2448,#2290,#1443,.T.);
#3194=EDGE_CURVE('',#2455,#2481,#1444,.T.);
#3195=EDGE_CURVE('',#2482,#2454,#1445,.T.);
#3196=EDGE_CURVE('',#2484,#2460,#1446,.T.);
#3197=EDGE_CURVE('',#2461,#2483,#1447,.T.);
#3198=EDGE_CURVE('',#2387,#2382,#1448,.T.);
#3199=EDGE_CURVE('',#2383,#2362,#1449,.T.);
#3200=EDGE_CURVE('',#2364,#2368,#1450,.T.);
#3201=EDGE_CURVE('',#2540,#2540,#225,.T.);
#3202=EDGE_CURVE('',#2540,#2485,#226,.T.);
#3203=EDGE_CURVE('',#2541,#2541,#227,.T.);
#3204=EDGE_CURVE('',#2541,#2476,#228,.T.);
#3205=EDGE_CURVE('',#2542,#2542,#229,.T.);
#3206=EDGE_CURVE('',#2543,#2543,#230,.T.);
#3207=EDGE_CURVE('',#2544,#2544,#231,.T.);
#3208=EDGE_CURVE('',#2544,#2542,#1451,.T.);
#3209=EDGE_CURVE('',#2545,#2545,#232,.T.);
#3210=EDGE_CURVE('',#2545,#2546,#1452,.T.);
#3211=EDGE_CURVE('',#2546,#2546,#233,.T.);
#3212=EDGE_CURVE('',#2543,#2547,#1453,.T.);
#3213=EDGE_CURVE('',#2547,#2547,#234,.T.);
#3214=EDGE_CURVE('',#2548,#2548,#235,.T.);
#3215=EDGE_CURVE('',#2548,#2549,#1454,.T.);
#3216=EDGE_CURVE('',#2549,#2549,#236,.T.);
#3217=EDGE_CURVE('',#2550,#2551,#1455,.T.);
#3218=EDGE_CURVE('',#2551,#2552,#1456,.T.);
#3219=EDGE_CURVE('',#2552,#2553,#1457,.T.);
#3220=EDGE_CURVE('',#2553,#2550,#1458,.T.);
#3221=EDGE_CURVE('',#2554,#2555,#1459,.T.);
#3222=EDGE_CURVE('',#2555,#2556,#1460,.T.);
#3223=EDGE_CURVE('',#2556,#2557,#1461,.T.);
#3224=EDGE_CURVE('',#2557,#2554,#1462,.T.);
#3225=EDGE_CURVE('',#2558,#2559,#1463,.T.);
#3226=EDGE_CURVE('',#2559,#2560,#1464,.T.);
#3227=EDGE_CURVE('',#2560,#2561,#1465,.T.);
#3228=EDGE_CURVE('',#2561,#2558,#1466,.T.);
#3229=EDGE_CURVE('',#2562,#2563,#1467,.T.);
#3230=EDGE_CURVE('',#2563,#2564,#1468,.T.);
#3231=EDGE_CURVE('',#2564,#2565,#1469,.T.);
#3232=EDGE_CURVE('',#2565,#2562,#1470,.T.);
#3233=EDGE_CURVE('',#2566,#2567,#1471,.T.);
#3234=EDGE_CURVE('',#2567,#2568,#1472,.T.);
#3235=EDGE_CURVE('',#2568,#2569,#1473,.T.);
#3236=EDGE_CURVE('',#2569,#2566,#1474,.T.);
#3237=EDGE_CURVE('',#2570,#2571,#1475,.T.);
#3238=EDGE_CURVE('',#2571,#2572,#1476,.T.);
#3239=EDGE_CURVE('',#2573,#2572,#1477,.T.);
#3240=EDGE_CURVE('',#2573,#2570,#1478,.T.);
#3241=EDGE_CURVE('',#2574,#2575,#1479,.T.);
#3242=EDGE_CURVE('',#2575,#2576,#1480,.T.);
#3243=EDGE_CURVE('',#2576,#2577,#1481,.T.);
#3244=EDGE_CURVE('',#2577,#2574,#1482,.T.);
#3245=EDGE_CURVE('',#2578,#2579,#1483,.T.);
#3246=EDGE_CURVE('',#2579,#2580,#1484,.T.);
#3247=EDGE_CURVE('',#2581,#2580,#1485,.T.);
#3248=EDGE_CURVE('',#2581,#2578,#1486,.T.);
#3249=EDGE_CURVE('',#2582,#2583,#1487,.T.);
#3250=EDGE_CURVE('',#2584,#2583,#1488,.T.);
#3251=EDGE_CURVE('',#2584,#2585,#1489,.T.);
#3252=EDGE_CURVE('',#2585,#2582,#1490,.T.);
#3253=EDGE_CURVE('',#2586,#2587,#1491,.T.);
#3254=EDGE_CURVE('',#2588,#2587,#1492,.T.);
#3255=EDGE_CURVE('',#2588,#2589,#1493,.T.);
#3256=EDGE_CURVE('',#2589,#2586,#1494,.T.);
#3257=EDGE_CURVE('',#2590,#2571,#1495,.T.);
#3258=EDGE_CURVE('',#2590,#2591,#1496,.T.);
#3259=EDGE_CURVE('',#2572,#2591,#1497,.T.);
#3260=EDGE_CURVE('',#2592,#2573,#1498,.T.);
#3261=EDGE_CURVE('',#2593,#2592,#1499,.T.);
#3262=EDGE_CURVE('',#2593,#2570,#1500,.T.);
#3263=EDGE_CURVE('',#2554,#2553,#1501,.T.);
#3264=EDGE_CURVE('',#2550,#2557,#1502,.T.);
#3265=EDGE_CURVE('',#2590,#2593,#1503,.T.);
#3266=EDGE_CURVE('',#2552,#2555,#1504,.T.);
#3267=EDGE_CURVE('',#2551,#2556,#1505,.T.);
#3268=EDGE_CURVE('',#2587,#2566,#1506,.T.);
#3269=EDGE_CURVE('',#2586,#2567,#1507,.T.);
#3270=EDGE_CURVE('',#2589,#2568,#1508,.T.);
#3271=EDGE_CURVE('',#2588,#2569,#1509,.T.);
#3272=EDGE_CURVE('',#2559,#2564,#1510,.T.);
#3273=EDGE_CURVE('',#2558,#2565,#1511,.T.);
#3274=EDGE_CURVE('',#2594,#2579,#1512,.T.);
#3275=EDGE_CURVE('',#2594,#2595,#1513,.T.);
#3276=EDGE_CURVE('',#2580,#2595,#1514,.T.);
#3277=EDGE_CURVE('',#2596,#2581,#1515,.T.);
#3278=EDGE_CURVE('',#2597,#2596,#1516,.T.);
#3279=EDGE_CURVE('',#2597,#2578,#1517,.T.);
#3280=EDGE_CURVE('',#2561,#2562,#1518,.T.);
#3281=EDGE_CURVE('',#2594,#2597,#1519,.T.);
#3282=EDGE_CURVE('',#2560,#2563,#1520,.T.);
#3283=EDGE_CURVE('',#2583,#2574,#1521,.T.);
#3284=EDGE_CURVE('',#2582,#2575,#1522,.T.);
#3285=EDGE_CURVE('',#2585,#2576,#1523,.T.);
#3286=EDGE_CURVE('',#2584,#2577,#1524,.T.);
#3287=EDGE_CURVE('',#2598,#2591,#1525,.T.);
#3288=EDGE_CURVE('',#2598,#2388,#1526,.T.);
#3289=EDGE_CURVE('',#2592,#2377,#1527,.T.);
#3290=EDGE_CURVE('',#2418,#2595,#1528,.T.);
#3291=EDGE_CURVE('',#2596,#2409,#1529,.T.);
#3292=EDGE_CURVE('',#2598,#2357,#1530,.T.);
#3293=EDGE_CURVE('',#2599,#2600,#237,.T.);
#3294=EDGE_CURVE('',#2599,#2601,#1531,.T.);
#3295=EDGE_CURVE('',#2602,#2601,#238,.T.);
#3296=EDGE_CURVE('',#2602,#2600,#1532,.T.);
#3297=EDGE_CURVE('',#2600,#2603,#1533,.T.);
#3298=EDGE_CURVE('',#2603,#2604,#239,.T.);
#3299=EDGE_CURVE('',#2605,#2604,#1534,.T.);
#3300=EDGE_CURVE('',#2605,#2606,#1535,.T.);
#3301=EDGE_CURVE('',#2606,#2599,#1536,.T.);
#3302=EDGE_CURVE('',#2607,#2602,#1537,.T.);
#3303=EDGE_CURVE('',#2603,#2607,#1538,.T.);
#3304=EDGE_CURVE('',#2608,#2607,#240,.T.);
#3305=EDGE_CURVE('',#2608,#2604,#1539,.T.);
#3306=EDGE_CURVE('',#2609,#2601,#1540,.T.);
#3307=EDGE_CURVE('',#2609,#2610,#1541,.T.);
#3308=EDGE_CURVE('',#2608,#2610,#1542,.T.);
#3309=EDGE_CURVE('',#2611,#2609,#1543,.T.);
#3310=EDGE_CURVE('',#2612,#2611,#1544,.T.);
#3311=EDGE_CURVE('',#2610,#2612,#1545,.T.);
#3312=EDGE_CURVE('',#2606,#2613,#1546,.T.);
#3313=EDGE_CURVE('',#2611,#2613,#1547,.T.);
#3314=EDGE_CURVE('',#2612,#2614,#1548,.T.);
#3315=EDGE_CURVE('',#2614,#2605,#1549,.T.);
#3316=EDGE_CURVE('',#2613,#2353,#1550,.T.);
#3317=EDGE_CURVE('',#2348,#2614,#1551,.T.);
#3318=EDGE_CURVE('',#2358,#2343,#1552,.T.);
#3319=EDGE_CURVE('',#2615,#2616,#241,.T.);
#3320=EDGE_CURVE('',#2616,#2617,#1553,.T.);
#3321=EDGE_CURVE('',#2617,#2618,#242,.T.);
#3322=EDGE_CURVE('',#2618,#2615,#1554,.T.);
#3323=EDGE_CURVE('',#2619,#2617,#1555,.T.);
#3324=EDGE_CURVE('',#2620,#2619,#1556,.T.);
#3325=EDGE_CURVE('',#2621,#2620,#1557,.T.);
#3326=EDGE_CURVE('',#2622,#2621,#243,.T.);
#3327=EDGE_CURVE('',#2623,#2622,#1558,.T.);
#3328=EDGE_CURVE('',#2623,#2618,#1559,.T.);
#3329=EDGE_CURVE('',#2616,#2624,#1560,.T.);
#3330=EDGE_CURVE('',#2624,#2619,#1561,.T.);
#3331=EDGE_CURVE('',#2625,#2626,#244,.T.);
#3332=EDGE_CURVE('',#2626,#2627,#1562,.T.);
#3333=EDGE_CURVE('',#2627,#2628,#245,.T.);
#3334=EDGE_CURVE('',#2628,#2625,#1563,.T.);
#3335=EDGE_CURVE('',#2627,#2629,#246,.T.);
#3336=EDGE_CURVE('',#2629,#2630,#247,.T.);
#3337=EDGE_CURVE('',#2630,#2628,#248,.T.);
#3338=EDGE_CURVE('',#2631,#2632,#249,.T.);
#3339=EDGE_CURVE('',#2632,#2630,#1564,.T.);
#3340=EDGE_CURVE('',#2629,#2631,#1565,.T.);
#3341=EDGE_CURVE('',#2633,#2631,#1566,.T.);
#3342=EDGE_CURVE('',#2634,#2633,#1567,.T.);
#3343=EDGE_CURVE('',#2635,#2634,#250,.T.);
#3344=EDGE_CURVE('',#2635,#2636,#1568,.T.);
#3345=EDGE_CURVE('',#2637,#2636,#1569,.T.);
#3346=EDGE_CURVE('',#2632,#2637,#1570,.T.);
#3347=EDGE_CURVE('',#2638,#2629,#1571,.T.);
#3348=EDGE_CURVE('',#2633,#2638,#1572,.T.);
#3349=EDGE_CURVE('',#2627,#2639,#1573,.T.);
#3350=EDGE_CURVE('',#2639,#2638,#251,.F.);
#3351=EDGE_CURVE('',#2640,#2626,#1574,.T.);
#3352=EDGE_CURVE('',#2639,#2640,#1575,.T.);
#3353=EDGE_CURVE('',#2641,#2642,#252,.T.);
#3354=EDGE_CURVE('',#2642,#2643,#1576,.T.);
#3355=EDGE_CURVE('',#2643,#2644,#253,.T.);
#3356=EDGE_CURVE('',#2644,#2641,#1577,.T.);
#3357=EDGE_CURVE('',#2643,#2645,#254,.T.);
#3358=EDGE_CURVE('',#2645,#2646,#255,.T.);
#3359=EDGE_CURVE('',#2646,#2644,#256,.T.);
#3360=EDGE_CURVE('',#2647,#2648,#257,.T.);
#3361=EDGE_CURVE('',#2648,#2646,#1578,.T.);
#3362=EDGE_CURVE('',#2645,#2647,#1579,.T.);
#3363=EDGE_CURVE('',#2649,#2647,#1580,.T.);
#3364=EDGE_CURVE('',#2650,#2649,#1581,.T.);
#3365=EDGE_CURVE('',#2651,#2650,#258,.T.);
#3366=EDGE_CURVE('',#2651,#2652,#1582,.T.);
#3367=EDGE_CURVE('',#2653,#2652,#1583,.T.);
#3368=EDGE_CURVE('',#2648,#2653,#1584,.T.);
#3369=EDGE_CURVE('',#2654,#2645,#1585,.T.);
#3370=EDGE_CURVE('',#2649,#2654,#1586,.T.);
#3371=EDGE_CURVE('',#2643,#2655,#1587,.T.);
#3372=EDGE_CURVE('',#2655,#2654,#259,.F.);
#3373=EDGE_CURVE('',#2656,#2642,#1588,.T.);
#3374=EDGE_CURVE('',#2655,#2656,#1589,.T.);
#3375=EDGE_CURVE('',#2657,#2615,#1590,.T.);
#3376=EDGE_CURVE('',#2658,#2657,#1591,.T.);
#3377=EDGE_CURVE('',#2659,#2658,#260,.T.);
#3378=EDGE_CURVE('',#2659,#2660,#1592,.T.);
#3379=EDGE_CURVE('',#2624,#2660,#1593,.T.);
#3380=EDGE_CURVE('',#2657,#2623,#1594,.T.);
#3381=EDGE_CURVE('',#2628,#2661,#1595,.T.);
#3382=EDGE_CURVE('',#2661,#2662,#1596,.T.);
#3383=EDGE_CURVE('',#2662,#2625,#1597,.T.);
#3384=EDGE_CURVE('',#2630,#2663,#1598,.T.);
#3385=EDGE_CURVE('',#2663,#2661,#261,.T.);
#3386=EDGE_CURVE('',#2637,#2663,#1599,.T.);
#3387=EDGE_CURVE('',#2653,#2664,#1600,.T.);
#3388=EDGE_CURVE('',#2664,#2646,#1601,.T.);
#3389=EDGE_CURVE('',#2664,#2665,#262,.T.);
#3390=EDGE_CURVE('',#2665,#2644,#1602,.T.);
#3391=EDGE_CURVE('',#2665,#2666,#1603,.T.);
#3392=EDGE_CURVE('',#2666,#2641,#1604,.T.);
#3393=EDGE_CURVE('',#2652,#2667,#1605,.T.);
#3394=EDGE_CURVE('',#2668,#2667,#263,.T.);
#3395=EDGE_CURVE('',#2668,#2669,#1606,.T.);
#3396=EDGE_CURVE('',#2669,#2666,#1607,.T.);
#3397=EDGE_CURVE('',#2670,#2671,#1608,.T.);
#3398=EDGE_CURVE('',#2670,#2672,#1609,.T.);
#3399=EDGE_CURVE('',#2673,#2672,#1610,.T.);
#3400=EDGE_CURVE('',#2671,#2673,#1611,.T.);
#3401=EDGE_CURVE('',#2671,#2674,#1612,.T.);
#3402=EDGE_CURVE('',#2675,#2673,#1613,.T.);
#3403=EDGE_CURVE('',#2674,#2675,#1614,.T.);
#3404=EDGE_CURVE('',#2674,#2676,#1615,.T.);
#3405=EDGE_CURVE('',#2677,#2675,#1616,.T.);
#3406=EDGE_CURVE('',#2676,#2677,#1617,.T.);
#3407=EDGE_CURVE('',#2676,#2678,#264,.T.);
#3408=EDGE_CURVE('',#2679,#2677,#265,.T.);
#3409=EDGE_CURVE('',#2678,#2679,#1618,.T.);
#3410=EDGE_CURVE('',#2678,#2680,#1619,.T.);
#3411=EDGE_CURVE('',#2681,#2679,#1620,.T.);
#3412=EDGE_CURVE('',#2680,#2681,#1621,.T.);
#3413=EDGE_CURVE('',#2680,#2670,#266,.T.);
#3414=EDGE_CURVE('',#2672,#2681,#267,.T.);
#3415=EDGE_CURVE('',#2682,#2683,#1622,.T.);
#3416=EDGE_CURVE('',#2683,#2684,#1623,.T.);
#3417=EDGE_CURVE('',#2684,#2685,#268,.T.);
#3418=EDGE_CURVE('',#2685,#2686,#1624,.T.);
#3419=EDGE_CURVE('',#2686,#2687,#269,.T.);
#3420=EDGE_CURVE('',#2687,#2682,#1625,.T.);
#3421=EDGE_CURVE('',#2688,#2689,#270,.T.);
#3422=EDGE_CURVE('',#2689,#2690,#1626,.T.);
#3423=EDGE_CURVE('',#2690,#2691,#271,.T.);
#3424=EDGE_CURVE('',#2691,#2688,#1627,.T.);
#3425=EDGE_CURVE('',#2688,#2692,#272,.T.);
#3426=EDGE_CURVE('',#2692,#2689,#273,.T.);
#3427=EDGE_CURVE('',#2636,#2691,#1628,.T.);
#3428=EDGE_CURVE('',#2688,#2635,#1629,.T.);
#3429=EDGE_CURVE('',#2693,#2694,#274,.T.);
#3430=EDGE_CURVE('',#2694,#2668,#1630,.T.);
#3431=EDGE_CURVE('',#2667,#2693,#1631,.T.);
#3432=EDGE_CURVE('',#2693,#2695,#275,.T.);
#3433=EDGE_CURVE('',#2695,#2694,#276,.T.);
#3434=EDGE_CURVE('',#2693,#2651,#1632,.T.);
#3435=EDGE_CURVE('',#2695,#2696,#1633,.T.);
#3436=EDGE_CURVE('',#2696,#2697,#277,.T.);
#3437=EDGE_CURVE('',#2697,#2694,#1634,.T.);
#3438=EDGE_CURVE('',#2650,#2695,#1635,.T.);
#3439=EDGE_CURVE('',#2698,#2699,#278,.T.);
#3440=EDGE_CURVE('',#2698,#2700,#1636,.T.);
#3441=EDGE_CURVE('',#2701,#2700,#279,.T.);
#3442=EDGE_CURVE('',#2701,#2702,#1637,.T.);
#3443=EDGE_CURVE('',#2702,#2703,#1638,.T.);
#3444=EDGE_CURVE('',#2703,#2699,#1639,.T.);
#3445=EDGE_CURVE('',#2658,#2622,#1640,.T.);
#3446=EDGE_CURVE('',#2656,#2696,#1641,.T.);
#3447=EDGE_CURVE('',#2640,#2704,#1642,.T.);
#3448=EDGE_CURVE('',#2692,#2704,#1643,.T.);
#3449=EDGE_CURVE('',#2634,#2692,#1644,.T.);
#3450=EDGE_CURVE('',#2704,#2705,#280,.T.);
#3451=EDGE_CURVE('',#2705,#2689,#1645,.T.);
#3452=EDGE_CURVE('',#2621,#2659,#1646,.T.);
#3453=EDGE_CURVE('',#2660,#2620,#1647,.T.);
#3454=EDGE_CURVE('',#2697,#2669,#1648,.T.);
#3455=EDGE_CURVE('',#2706,#2662,#1649,.T.);
#3456=EDGE_CURVE('',#2705,#2706,#1650,.T.);
#3457=EDGE_CURVE('',#2690,#2706,#1651,.T.);
#3458=EDGE_CURVE('',#2698,#2686,#1652,.T.);
#3459=EDGE_CURVE('',#2700,#2685,#1653,.T.);
#3460=EDGE_CURVE('',#2701,#2684,#1654,.T.);
#3461=EDGE_CURVE('',#2702,#2683,#1655,.T.);
#3462=EDGE_CURVE('',#2703,#2682,#1656,.T.);
#3463=EDGE_CURVE('',#2699,#2687,#1657,.T.);
#3464=ORIENTED_EDGE('',*,*,#2707,.F.);
#3465=ORIENTED_EDGE('',*,*,#2708,.T.);
#3466=ORIENTED_EDGE('',*,*,#2709,.T.);
#3467=ORIENTED_EDGE('',*,*,#2710,.F.);
#3468=ORIENTED_EDGE('',*,*,#2711,.F.);
#3469=ORIENTED_EDGE('',*,*,#2712,.T.);
#3470=ORIENTED_EDGE('',*,*,#2713,.T.);
#3471=ORIENTED_EDGE('',*,*,#2708,.F.);
#3472=ORIENTED_EDGE('',*,*,#2714,.F.);
#3473=ORIENTED_EDGE('',*,*,#2715,.T.);
#3474=ORIENTED_EDGE('',*,*,#2716,.T.);
#3475=ORIENTED_EDGE('',*,*,#2712,.F.);
#3476=ORIENTED_EDGE('',*,*,#2717,.F.);
#3477=ORIENTED_EDGE('',*,*,#2718,.T.);
#3478=ORIENTED_EDGE('',*,*,#2719,.T.);
#3479=ORIENTED_EDGE('',*,*,#2715,.F.);
#3480=ORIENTED_EDGE('',*,*,#2720,.F.);
#3481=ORIENTED_EDGE('',*,*,#2721,.T.);
#3482=ORIENTED_EDGE('',*,*,#2722,.T.);
#3483=ORIENTED_EDGE('',*,*,#2718,.F.);
#3484=ORIENTED_EDGE('',*,*,#2723,.F.);
#3485=ORIENTED_EDGE('',*,*,#2724,.T.);
#3486=ORIENTED_EDGE('',*,*,#2725,.T.);
#3487=ORIENTED_EDGE('',*,*,#2721,.F.);
#3488=ORIENTED_EDGE('',*,*,#2726,.F.);
#3489=ORIENTED_EDGE('',*,*,#2727,.T.);
#3490=ORIENTED_EDGE('',*,*,#2728,.T.);
#3491=ORIENTED_EDGE('',*,*,#2724,.F.);
#3492=ORIENTED_EDGE('',*,*,#2729,.F.);
#3493=ORIENTED_EDGE('',*,*,#2730,.T.);
#3494=ORIENTED_EDGE('',*,*,#2731,.T.);
#3495=ORIENTED_EDGE('',*,*,#2727,.F.);
#3496=ORIENTED_EDGE('',*,*,#2732,.F.);
#3497=ORIENTED_EDGE('',*,*,#2733,.T.);
#3498=ORIENTED_EDGE('',*,*,#2734,.T.);
#3499=ORIENTED_EDGE('',*,*,#2730,.F.);
#3500=ORIENTED_EDGE('',*,*,#2735,.F.);
#3501=ORIENTED_EDGE('',*,*,#2710,.T.);
#3502=ORIENTED_EDGE('',*,*,#2736,.T.);
#3503=ORIENTED_EDGE('',*,*,#2733,.F.);
#3504=ORIENTED_EDGE('',*,*,#2736,.F.);
#3505=ORIENTED_EDGE('',*,*,#2709,.F.);
#3506=ORIENTED_EDGE('',*,*,#2713,.F.);
#3507=ORIENTED_EDGE('',*,*,#2716,.F.);
#3508=ORIENTED_EDGE('',*,*,#2719,.F.);
#3509=ORIENTED_EDGE('',*,*,#2722,.F.);
#3510=ORIENTED_EDGE('',*,*,#2725,.F.);
#3511=ORIENTED_EDGE('',*,*,#2728,.F.);
#3512=ORIENTED_EDGE('',*,*,#2731,.F.);
#3513=ORIENTED_EDGE('',*,*,#2734,.F.);
#3514=ORIENTED_EDGE('',*,*,#2737,.T.);
#3515=ORIENTED_EDGE('',*,*,#2738,.T.);
#3516=ORIENTED_EDGE('',*,*,#2739,.T.);
#3517=ORIENTED_EDGE('',*,*,#2740,.T.);
#3518=ORIENTED_EDGE('',*,*,#2738,.F.);
#3519=ORIENTED_EDGE('',*,*,#2741,.F.);
#3520=ORIENTED_EDGE('',*,*,#2742,.F.);
#3521=ORIENTED_EDGE('',*,*,#2743,.F.);
#3522=ORIENTED_EDGE('',*,*,#2744,.T.);
#3523=ORIENTED_EDGE('',*,*,#2745,.T.);
#3524=ORIENTED_EDGE('',*,*,#2746,.T.);
#3525=ORIENTED_EDGE('',*,*,#2747,.T.);
#3526=ORIENTED_EDGE('',*,*,#2740,.F.);
#3527=ORIENTED_EDGE('',*,*,#2748,.F.);
#3528=ORIENTED_EDGE('',*,*,#2745,.F.);
#3529=ORIENTED_EDGE('',*,*,#2749,.F.);
#3530=ORIENTED_EDGE('',*,*,#2750,.T.);
#3531=ORIENTED_EDGE('',*,*,#2751,.T.);
#3532=ORIENTED_EDGE('',*,*,#2752,.T.);
#3533=ORIENTED_EDGE('',*,*,#2742,.T.);
#3534=ORIENTED_EDGE('',*,*,#2751,.F.);
#3535=ORIENTED_EDGE('',*,*,#2753,.F.);
#3536=ORIENTED_EDGE('',*,*,#2754,.F.);
#3537=ORIENTED_EDGE('',*,*,#2755,.F.);
#3538=ORIENTED_EDGE('',*,*,#2756,.T.);
#3539=ORIENTED_EDGE('',*,*,#2757,.T.);
#3540=ORIENTED_EDGE('',*,*,#2758,.T.);
#3541=ORIENTED_EDGE('',*,*,#2754,.T.);
#3542=ORIENTED_EDGE('',*,*,#2747,.F.);
#3543=ORIENTED_EDGE('',*,*,#2759,.F.);
#3544=ORIENTED_EDGE('',*,*,#2757,.F.);
#3545=ORIENTED_EDGE('',*,*,#2760,.F.);
#3546=ORIENTED_EDGE('',*,*,#2761,.F.);
#3547=ORIENTED_EDGE('',*,*,#2762,.T.);
#3548=ORIENTED_EDGE('',*,*,#2763,.F.);
#3549=ORIENTED_EDGE('',*,*,#2762,.F.);
#3550=ORIENTED_EDGE('',*,*,#2764,.F.);
#3551=ORIENTED_EDGE('',*,*,#2765,.T.);
#3552=ORIENTED_EDGE('',*,*,#2766,.F.);
#3553=ORIENTED_EDGE('',*,*,#2765,.F.);
#3554=ORIENTED_EDGE('',*,*,#2767,.F.);
#3555=ORIENTED_EDGE('',*,*,#2768,.T.);
#3556=ORIENTED_EDGE('',*,*,#2769,.F.);
#3557=ORIENTED_EDGE('',*,*,#2768,.F.);
#3558=ORIENTED_EDGE('',*,*,#2770,.F.);
#3559=ORIENTED_EDGE('',*,*,#2771,.T.);
#3560=ORIENTED_EDGE('',*,*,#2772,.F.);
#3561=ORIENTED_EDGE('',*,*,#2771,.F.);
#3562=ORIENTED_EDGE('',*,*,#2773,.F.);
#3563=ORIENTED_EDGE('',*,*,#2774,.F.);
#3564=ORIENTED_EDGE('',*,*,#2775,.F.);
#3565=ORIENTED_EDGE('',*,*,#2776,.F.);
#3566=ORIENTED_EDGE('',*,*,#2777,.F.);
#3567=ORIENTED_EDGE('',*,*,#2778,.F.);
#3568=ORIENTED_EDGE('',*,*,#2779,.F.);
#3569=ORIENTED_EDGE('',*,*,#2780,.F.);
#3570=ORIENTED_EDGE('',*,*,#2781,.T.);
#3571=ORIENTED_EDGE('',*,*,#2782,.T.);
#3572=ORIENTED_EDGE('',*,*,#2783,.T.);
#3573=ORIENTED_EDGE('',*,*,#2779,.T.);
#3574=ORIENTED_EDGE('',*,*,#2782,.F.);
#3575=ORIENTED_EDGE('',*,*,#2784,.F.);
#3576=ORIENTED_EDGE('',*,*,#2785,.F.);
#3577=ORIENTED_EDGE('',*,*,#2786,.F.);
#3578=ORIENTED_EDGE('',*,*,#2787,.T.);
#3579=ORIENTED_EDGE('',*,*,#2788,.T.);
#3580=ORIENTED_EDGE('',*,*,#2789,.T.);
#3581=ORIENTED_EDGE('',*,*,#2775,.T.);
#3582=ORIENTED_EDGE('',*,*,#2788,.F.);
#3583=ORIENTED_EDGE('',*,*,#2790,.F.);
#3584=ORIENTED_EDGE('',*,*,#2791,.F.);
#3585=ORIENTED_EDGE('',*,*,#2792,.F.);
#3586=ORIENTED_EDGE('',*,*,#2793,.T.);
#3587=ORIENTED_EDGE('',*,*,#2773,.T.);
#3588=ORIENTED_EDGE('',*,*,#2794,.T.);
#3589=ORIENTED_EDGE('',*,*,#2791,.T.);
#3590=ORIENTED_EDGE('',*,*,#2795,.T.);
#3591=ORIENTED_EDGE('',*,*,#2777,.T.);
#3592=ORIENTED_EDGE('',*,*,#2796,.T.);
#3593=ORIENTED_EDGE('',*,*,#2785,.T.);
#3594=ORIENTED_EDGE('',*,*,#2797,.T.);
#3595=ORIENTED_EDGE('',*,*,#2798,.T.);
#3596=ORIENTED_EDGE('',*,*,#2799,.T.);
#3597=ORIENTED_EDGE('',*,*,#2800,.T.);
#3598=ORIENTED_EDGE('',*,*,#2801,.T.);
#3599=ORIENTED_EDGE('',*,*,#2797,.F.);
#3600=ORIENTED_EDGE('',*,*,#2802,.T.);
#3601=ORIENTED_EDGE('',*,*,#2800,.F.);
#3602=ORIENTED_EDGE('',*,*,#2803,.T.);
#3603=ORIENTED_EDGE('',*,*,#2801,.F.);
#3604=ORIENTED_EDGE('',*,*,#2804,.F.);
#3605=ORIENTED_EDGE('',*,*,#2805,.F.);
#3606=ORIENTED_EDGE('',*,*,#2806,.F.);
#3607=ORIENTED_EDGE('',*,*,#2807,.T.);
#3608=ORIENTED_EDGE('',*,*,#2808,.F.);
#3609=ORIENTED_EDGE('',*,*,#2809,.F.);
#3610=ORIENTED_EDGE('',*,*,#2810,.F.);
#3611=ORIENTED_EDGE('',*,*,#2811,.F.);
#3612=ORIENTED_EDGE('',*,*,#2812,.T.);
#3613=ORIENTED_EDGE('',*,*,#2813,.T.);
#3614=ORIENTED_EDGE('',*,*,#2814,.T.);
#3615=ORIENTED_EDGE('',*,*,#2815,.T.);
#3616=ORIENTED_EDGE('',*,*,#2816,.T.);
#3617=ORIENTED_EDGE('',*,*,#2817,.T.);
#3618=ORIENTED_EDGE('',*,*,#2818,.T.);
#3619=ORIENTED_EDGE('',*,*,#2819,.T.);
#3620=ORIENTED_EDGE('',*,*,#2820,.T.);
#3621=ORIENTED_EDGE('',*,*,#2821,.T.);
#3622=ORIENTED_EDGE('',*,*,#2798,.F.);
#3623=ORIENTED_EDGE('',*,*,#2803,.F.);
#3624=ORIENTED_EDGE('',*,*,#2799,.F.);
#3625=ORIENTED_EDGE('',*,*,#2821,.F.);
#3626=ORIENTED_EDGE('',*,*,#2822,.T.);
#3627=ORIENTED_EDGE('',*,*,#2823,.T.);
#3628=ORIENTED_EDGE('',*,*,#2824,.T.);
#3629=ORIENTED_EDGE('',*,*,#2811,.T.);
#3630=ORIENTED_EDGE('',*,*,#2824,.F.);
#3631=ORIENTED_EDGE('',*,*,#2825,.T.);
#3632=ORIENTED_EDGE('',*,*,#2826,.T.);
#3633=ORIENTED_EDGE('',*,*,#2822,.F.);
#3634=ORIENTED_EDGE('',*,*,#2823,.F.);
#3635=ORIENTED_EDGE('',*,*,#2826,.F.);
#3636=ORIENTED_EDGE('',*,*,#2820,.F.);
#3637=ORIENTED_EDGE('',*,*,#2825,.F.);
#3638=ORIENTED_EDGE('',*,*,#2827,.T.);
#3639=ORIENTED_EDGE('',*,*,#2828,.T.);
#3640=ORIENTED_EDGE('',*,*,#2829,.T.);
#3641=ORIENTED_EDGE('',*,*,#2830,.T.);
#3642=ORIENTED_EDGE('',*,*,#2828,.F.);
#3643=ORIENTED_EDGE('',*,*,#2831,.T.);
#3644=ORIENTED_EDGE('',*,*,#2832,.F.);
#3645=ORIENTED_EDGE('',*,*,#2833,.F.);
#3646=ORIENTED_EDGE('',*,*,#2834,.F.);
#3647=ORIENTED_EDGE('',*,*,#2835,.F.);
#3648=ORIENTED_EDGE('',*,*,#2836,.F.);
#3649=ORIENTED_EDGE('',*,*,#2837,.T.);
#3650=ORIENTED_EDGE('',*,*,#2838,.F.);
#3651=ORIENTED_EDGE('',*,*,#2839,.T.);
#3652=ORIENTED_EDGE('',*,*,#2840,.T.);
#3653=ORIENTED_EDGE('',*,*,#2841,.T.);
#3654=ORIENTED_EDGE('',*,*,#2842,.F.);
#3655=ORIENTED_EDGE('',*,*,#2843,.T.);
#3656=ORIENTED_EDGE('',*,*,#2844,.F.);
#3657=ORIENTED_EDGE('',*,*,#2845,.T.);
#3658=ORIENTED_EDGE('',*,*,#2846,.T.);
#3659=ORIENTED_EDGE('',*,*,#2847,.T.);
#3660=ORIENTED_EDGE('',*,*,#2848,.F.);
#3661=ORIENTED_EDGE('',*,*,#2849,.T.);
#3662=ORIENTED_EDGE('',*,*,#2850,.F.);
#3663=ORIENTED_EDGE('',*,*,#2851,.T.);
#3664=ORIENTED_EDGE('',*,*,#2852,.T.);
#3665=ORIENTED_EDGE('',*,*,#2853,.T.);
#3666=ORIENTED_EDGE('',*,*,#2854,.F.);
#3667=ORIENTED_EDGE('',*,*,#2855,.T.);
#3668=ORIENTED_EDGE('',*,*,#2856,.T.);
#3669=ORIENTED_EDGE('',*,*,#2857,.T.);
#3670=ORIENTED_EDGE('',*,*,#2858,.T.);
#3671=ORIENTED_EDGE('',*,*,#2838,.T.);
#3672=ORIENTED_EDGE('',*,*,#2859,.T.);
#3673=ORIENTED_EDGE('',*,*,#2860,.T.);
#3674=ORIENTED_EDGE('',*,*,#2861,.T.);
#3675=ORIENTED_EDGE('',*,*,#2850,.T.);
#3676=ORIENTED_EDGE('',*,*,#2862,.T.);
#3677=ORIENTED_EDGE('',*,*,#2863,.T.);
#3678=ORIENTED_EDGE('',*,*,#2864,.T.);
#3679=ORIENTED_EDGE('',*,*,#2848,.T.);
#3680=ORIENTED_EDGE('',*,*,#2865,.T.);
#3681=ORIENTED_EDGE('',*,*,#2866,.T.);
#3682=ORIENTED_EDGE('',*,*,#2867,.T.);
#3683=ORIENTED_EDGE('',*,*,#2844,.T.);
#3684=ORIENTED_EDGE('',*,*,#2868,.T.);
#3685=ORIENTED_EDGE('',*,*,#2869,.T.);
#3686=ORIENTED_EDGE('',*,*,#2870,.T.);
#3687=ORIENTED_EDGE('',*,*,#2842,.T.);
#3688=ORIENTED_EDGE('',*,*,#2871,.T.);
#3689=ORIENTED_EDGE('',*,*,#2872,.T.);
#3690=ORIENTED_EDGE('',*,*,#2873,.T.);
#3691=ORIENTED_EDGE('',*,*,#2874,.T.);
#3692=ORIENTED_EDGE('',*,*,#2875,.T.);
#3693=ORIENTED_EDGE('',*,*,#2876,.T.);
#3694=ORIENTED_EDGE('',*,*,#2874,.F.);
#3695=ORIENTED_EDGE('',*,*,#2877,.T.);
#3696=ORIENTED_EDGE('',*,*,#2878,.T.);
#3697=ORIENTED_EDGE('',*,*,#2879,.T.);
#3698=ORIENTED_EDGE('',*,*,#2880,.F.);
#3699=ORIENTED_EDGE('',*,*,#2881,.T.);
#3700=ORIENTED_EDGE('',*,*,#2882,.T.);
#3701=ORIENTED_EDGE('',*,*,#2883,.F.);
#3702=ORIENTED_EDGE('',*,*,#2884,.T.);
#3703=ORIENTED_EDGE('',*,*,#2885,.T.);
#3704=ORIENTED_EDGE('',*,*,#2886,.T.);
#3705=ORIENTED_EDGE('',*,*,#2887,.T.);
#3706=ORIENTED_EDGE('',*,*,#2885,.F.);
#3707=ORIENTED_EDGE('',*,*,#2888,.T.);
#3708=ORIENTED_EDGE('',*,*,#2889,.T.);
#3709=ORIENTED_EDGE('',*,*,#2890,.T.);
#3710=ORIENTED_EDGE('',*,*,#2891,.F.);
#3711=ORIENTED_EDGE('',*,*,#2892,.T.);
#3712=ORIENTED_EDGE('',*,*,#2893,.T.);
#3713=ORIENTED_EDGE('',*,*,#2894,.F.);
#3714=ORIENTED_EDGE('',*,*,#2895,.T.);
#3715=ORIENTED_EDGE('',*,*,#2896,.T.);
#3716=ORIENTED_EDGE('',*,*,#2897,.T.);
#3717=ORIENTED_EDGE('',*,*,#2898,.T.);
#3718=ORIENTED_EDGE('',*,*,#2896,.F.);
#3719=ORIENTED_EDGE('',*,*,#2899,.F.);
#3720=ORIENTED_EDGE('',*,*,#2900,.F.);
#3721=ORIENTED_EDGE('',*,*,#2901,.F.);
#3722=ORIENTED_EDGE('',*,*,#2902,.T.);
#3723=ORIENTED_EDGE('',*,*,#2903,.T.);
#3724=ORIENTED_EDGE('',*,*,#2904,.T.);
#3725=ORIENTED_EDGE('',*,*,#2905,.T.);
#3726=ORIENTED_EDGE('',*,*,#2903,.F.);
#3727=ORIENTED_EDGE('',*,*,#2906,.T.);
#3728=ORIENTED_EDGE('',*,*,#2907,.F.);
#3729=ORIENTED_EDGE('',*,*,#2908,.T.);
#3730=ORIENTED_EDGE('',*,*,#2902,.F.);
#3731=ORIENTED_EDGE('',*,*,#2909,.F.);
#3732=ORIENTED_EDGE('',*,*,#2899,.T.);
#3733=ORIENTED_EDGE('',*,*,#2895,.F.);
#3734=ORIENTED_EDGE('',*,*,#2910,.T.);
#3735=ORIENTED_EDGE('',*,*,#2911,.F.);
#3736=ORIENTED_EDGE('',*,*,#2912,.T.);
#3737=ORIENTED_EDGE('',*,*,#2913,.F.);
#3738=ORIENTED_EDGE('',*,*,#2914,.F.);
#3739=ORIENTED_EDGE('',*,*,#2915,.F.);
#3740=ORIENTED_EDGE('',*,*,#2916,.F.);
#3741=ORIENTED_EDGE('',*,*,#2890,.F.);
#3742=ORIENTED_EDGE('',*,*,#2917,.F.);
#3743=ORIENTED_EDGE('',*,*,#2918,.T.);
#3744=ORIENTED_EDGE('',*,*,#2919,.T.);
#3745=ORIENTED_EDGE('',*,*,#2920,.F.);
#3746=ORIENTED_EDGE('',*,*,#2921,.F.);
#3747=ORIENTED_EDGE('',*,*,#2922,.F.);
#3748=ORIENTED_EDGE('',*,*,#2906,.F.);
#3749=ORIENTED_EDGE('',*,*,#2923,.T.);
#3750=ORIENTED_EDGE('',*,*,#2907,.T.);
#3751=ORIENTED_EDGE('',*,*,#2922,.T.);
#3752=ORIENTED_EDGE('',*,*,#2924,.F.);
#3753=ORIENTED_EDGE('',*,*,#2925,.T.);
#3754=ORIENTED_EDGE('',*,*,#2926,.T.);
#3755=ORIENTED_EDGE('',*,*,#2911,.T.);
#3756=ORIENTED_EDGE('',*,*,#2927,.T.);
#3757=ORIENTED_EDGE('',*,*,#2926,.F.);
#3758=ORIENTED_EDGE('',*,*,#2928,.F.);
#3759=ORIENTED_EDGE('',*,*,#2929,.F.);
#3760=ORIENTED_EDGE('',*,*,#2912,.F.);
#3761=ORIENTED_EDGE('',*,*,#2920,.T.);
#3762=ORIENTED_EDGE('',*,*,#2930,.T.);
#3763=ORIENTED_EDGE('',*,*,#2931,.T.);
#3764=ORIENTED_EDGE('',*,*,#2932,.T.);
#3765=ORIENTED_EDGE('',*,*,#2930,.F.);
#3766=ORIENTED_EDGE('',*,*,#2919,.F.);
#3767=ORIENTED_EDGE('',*,*,#2933,.F.);
#3768=ORIENTED_EDGE('',*,*,#2934,.F.);
#3769=ORIENTED_EDGE('',*,*,#2935,.T.);
#3770=ORIENTED_EDGE('',*,*,#2936,.T.);
#3771=ORIENTED_EDGE('',*,*,#2937,.T.);
#3772=ORIENTED_EDGE('',*,*,#2938,.T.);
#3773=ORIENTED_EDGE('',*,*,#2936,.F.);
#3774=ORIENTED_EDGE('',*,*,#2939,.F.);
#3775=ORIENTED_EDGE('',*,*,#2940,.F.);
#3776=ORIENTED_EDGE('',*,*,#2941,.F.);
#3777=ORIENTED_EDGE('',*,*,#2942,.T.);
#3778=ORIENTED_EDGE('',*,*,#2943,.T.);
#3779=ORIENTED_EDGE('',*,*,#2944,.T.);
#3780=ORIENTED_EDGE('',*,*,#2940,.T.);
#3781=ORIENTED_EDGE('',*,*,#2943,.F.);
#3782=ORIENTED_EDGE('',*,*,#2945,.F.);
#3783=ORIENTED_EDGE('',*,*,#2946,.F.);
#3784=ORIENTED_EDGE('',*,*,#2947,.F.);
#3785=ORIENTED_EDGE('',*,*,#2948,.T.);
#3786=ORIENTED_EDGE('',*,*,#2949,.T.);
#3787=ORIENTED_EDGE('',*,*,#2950,.T.);
#3788=ORIENTED_EDGE('',*,*,#2951,.T.);
#3789=ORIENTED_EDGE('',*,*,#2949,.F.);
#3790=ORIENTED_EDGE('',*,*,#2952,.T.);
#3791=ORIENTED_EDGE('',*,*,#2953,.F.);
#3792=ORIENTED_EDGE('',*,*,#2954,.T.);
#3793=ORIENTED_EDGE('',*,*,#2948,.F.);
#3794=ORIENTED_EDGE('',*,*,#2955,.F.);
#3795=ORIENTED_EDGE('',*,*,#2945,.T.);
#3796=ORIENTED_EDGE('',*,*,#2942,.F.);
#3797=ORIENTED_EDGE('',*,*,#2939,.T.);
#3798=ORIENTED_EDGE('',*,*,#2935,.F.);
#3799=ORIENTED_EDGE('',*,*,#2956,.T.);
#3800=ORIENTED_EDGE('',*,*,#2957,.F.);
#3801=ORIENTED_EDGE('',*,*,#2958,.F.);
#3802=ORIENTED_EDGE('',*,*,#2959,.F.);
#3803=ORIENTED_EDGE('',*,*,#2960,.F.);
#3804=ORIENTED_EDGE('',*,*,#2879,.F.);
#3805=ORIENTED_EDGE('',*,*,#2961,.F.);
#3806=ORIENTED_EDGE('',*,*,#2962,.T.);
#3807=ORIENTED_EDGE('',*,*,#2963,.T.);
#3808=ORIENTED_EDGE('',*,*,#2964,.F.);
#3809=ORIENTED_EDGE('',*,*,#2965,.F.);
#3810=ORIENTED_EDGE('',*,*,#2966,.F.);
#3811=ORIENTED_EDGE('',*,*,#2952,.F.);
#3812=ORIENTED_EDGE('',*,*,#2964,.T.);
#3813=ORIENTED_EDGE('',*,*,#2967,.T.);
#3814=ORIENTED_EDGE('',*,*,#2968,.T.);
#3815=ORIENTED_EDGE('',*,*,#2969,.T.);
#3816=ORIENTED_EDGE('',*,*,#2967,.F.);
#3817=ORIENTED_EDGE('',*,*,#2963,.F.);
#3818=ORIENTED_EDGE('',*,*,#2970,.F.);
#3819=ORIENTED_EDGE('',*,*,#2971,.F.);
#3820=ORIENTED_EDGE('',*,*,#2972,.T.);
#3821=ORIENTED_EDGE('',*,*,#2953,.T.);
#3822=ORIENTED_EDGE('',*,*,#2966,.T.);
#3823=ORIENTED_EDGE('',*,*,#2973,.F.);
#3824=ORIENTED_EDGE('',*,*,#2950,.F.);
#3825=ORIENTED_EDGE('',*,*,#2954,.F.);
#3826=ORIENTED_EDGE('',*,*,#2972,.F.);
#3827=ORIENTED_EDGE('',*,*,#2974,.F.);
#3828=ORIENTED_EDGE('',*,*,#2968,.F.);
#3829=ORIENTED_EDGE('',*,*,#2971,.T.);
#3830=ORIENTED_EDGE('',*,*,#2975,.F.);
#3831=ORIENTED_EDGE('',*,*,#2976,.T.);
#3832=ORIENTED_EDGE('',*,*,#2881,.F.);
#3833=ORIENTED_EDGE('',*,*,#2977,.F.);
#3834=ORIENTED_EDGE('',*,*,#2978,.F.);
#3835=ORIENTED_EDGE('',*,*,#2979,.F.);
#3836=ORIENTED_EDGE('',*,*,#2980,.F.);
#3837=ORIENTED_EDGE('',*,*,#2981,.T.);
#3838=ORIENTED_EDGE('',*,*,#2937,.F.);
#3839=ORIENTED_EDGE('',*,*,#2941,.T.);
#3840=ORIENTED_EDGE('',*,*,#2944,.F.);
#3841=ORIENTED_EDGE('',*,*,#2947,.T.);
#3842=ORIENTED_EDGE('',*,*,#2982,.T.);
#3843=ORIENTED_EDGE('',*,*,#2916,.T.);
#3844=ORIENTED_EDGE('',*,*,#2983,.T.);
#3845=ORIENTED_EDGE('',*,*,#2984,.T.);
#3846=ORIENTED_EDGE('',*,*,#2891,.T.);
#3847=ORIENTED_EDGE('',*,*,#2983,.F.);
#3848=ORIENTED_EDGE('',*,*,#2915,.T.);
#3849=ORIENTED_EDGE('',*,*,#2985,.F.);
#3850=ORIENTED_EDGE('',*,*,#2986,.T.);
#3851=ORIENTED_EDGE('',*,*,#2987,.T.);
#3852=ORIENTED_EDGE('',*,*,#2985,.T.);
#3853=ORIENTED_EDGE('',*,*,#2914,.T.);
#3854=ORIENTED_EDGE('',*,*,#2988,.T.);
#3855=ORIENTED_EDGE('',*,*,#2960,.T.);
#3856=ORIENTED_EDGE('',*,*,#2989,.T.);
#3857=ORIENTED_EDGE('',*,*,#2977,.T.);
#3858=ORIENTED_EDGE('',*,*,#2880,.T.);
#3859=ORIENTED_EDGE('',*,*,#2989,.F.);
#3860=ORIENTED_EDGE('',*,*,#2959,.T.);
#3861=ORIENTED_EDGE('',*,*,#2990,.F.);
#3862=ORIENTED_EDGE('',*,*,#2978,.T.);
#3863=ORIENTED_EDGE('',*,*,#2979,.T.);
#3864=ORIENTED_EDGE('',*,*,#2990,.T.);
#3865=ORIENTED_EDGE('',*,*,#2958,.T.);
#3866=ORIENTED_EDGE('',*,*,#2991,.T.);
#3867=ORIENTED_EDGE('',*,*,#2992,.F.);
#3868=ORIENTED_EDGE('',*,*,#2993,.F.);
#3869=ORIENTED_EDGE('',*,*,#2994,.F.);
#3870=ORIENTED_EDGE('',*,*,#2995,.F.);
#3871=ORIENTED_EDGE('',*,*,#2996,.T.);
#3872=ORIENTED_EDGE('',*,*,#2993,.T.);
#3873=ORIENTED_EDGE('',*,*,#2997,.T.);
#3874=ORIENTED_EDGE('',*,*,#2998,.F.);
#3875=ORIENTED_EDGE('',*,*,#2999,.F.);
#3876=ORIENTED_EDGE('',*,*,#3000,.F.);
#3877=ORIENTED_EDGE('',*,*,#3001,.F.);
#3878=ORIENTED_EDGE('',*,*,#3002,.T.);
#3879=ORIENTED_EDGE('',*,*,#2999,.T.);
#3880=ORIENTED_EDGE('',*,*,#3003,.T.);
#3881=ORIENTED_EDGE('',*,*,#3004,.T.);
#3882=ORIENTED_EDGE('',*,*,#3005,.T.);
#3883=ORIENTED_EDGE('',*,*,#3000,.T.);
#3884=ORIENTED_EDGE('',*,*,#3006,.T.);
#3885=ORIENTED_EDGE('',*,*,#2994,.T.);
#3886=ORIENTED_EDGE('',*,*,#3007,.T.);
#3887=ORIENTED_EDGE('',*,*,#2998,.T.);
#3888=ORIENTED_EDGE('',*,*,#3008,.T.);
#3889=ORIENTED_EDGE('',*,*,#3009,.T.);
#3890=ORIENTED_EDGE('',*,*,#3010,.T.);
#3891=ORIENTED_EDGE('',*,*,#2992,.T.);
#3892=ORIENTED_EDGE('',*,*,#3011,.T.);
#3893=ORIENTED_EDGE('',*,*,#3003,.F.);
#3894=ORIENTED_EDGE('',*,*,#3007,.F.);
#3895=ORIENTED_EDGE('',*,*,#2996,.F.);
#3896=ORIENTED_EDGE('',*,*,#3012,.T.);
#3897=ORIENTED_EDGE('',*,*,#3013,.F.);
#3898=ORIENTED_EDGE('',*,*,#3014,.F.);
#3899=ORIENTED_EDGE('',*,*,#3015,.F.);
#3900=ORIENTED_EDGE('',*,*,#3016,.T.);
#3901=ORIENTED_EDGE('',*,*,#3017,.T.);
#3902=ORIENTED_EDGE('',*,*,#2887,.F.);
#3903=ORIENTED_EDGE('',*,*,#3018,.T.);
#3904=ORIENTED_EDGE('',*,*,#2876,.F.);
#3905=ORIENTED_EDGE('',*,*,#3019,.F.);
#3906=ORIENTED_EDGE('',*,*,#3020,.F.);
#3907=ORIENTED_EDGE('',*,*,#3021,.F.);
#3908=ORIENTED_EDGE('',*,*,#3022,.T.);
#3909=ORIENTED_EDGE('',*,*,#3023,.T.);
#3910=ORIENTED_EDGE('',*,*,#3024,.T.);
#3911=ORIENTED_EDGE('',*,*,#3025,.T.);
#3912=ORIENTED_EDGE('',*,*,#3026,.T.);
#3913=ORIENTED_EDGE('',*,*,#3027,.T.);
#3914=ORIENTED_EDGE('',*,*,#3028,.T.);
#3915=ORIENTED_EDGE('',*,*,#3001,.T.);
#3916=ORIENTED_EDGE('',*,*,#3016,.F.);
#3917=ORIENTED_EDGE('',*,*,#3029,.F.);
#3918=ORIENTED_EDGE('',*,*,#3030,.T.);
#3919=ORIENTED_EDGE('',*,*,#3031,.F.);
#3920=ORIENTED_EDGE('',*,*,#2832,.T.);
#3921=ORIENTED_EDGE('',*,*,#3032,.T.);
#3922=ORIENTED_EDGE('',*,*,#3033,.T.);
#3923=ORIENTED_EDGE('',*,*,#3034,.T.);
#3924=ORIENTED_EDGE('',*,*,#2854,.T.);
#3925=ORIENTED_EDGE('',*,*,#3035,.T.);
#3926=ORIENTED_EDGE('',*,*,#3036,.T.);
#3927=ORIENTED_EDGE('',*,*,#3037,.T.);
#3928=ORIENTED_EDGE('',*,*,#2836,.T.);
#3929=ORIENTED_EDGE('',*,*,#3038,.F.);
#3930=ORIENTED_EDGE('',*,*,#3039,.T.);
#3931=ORIENTED_EDGE('',*,*,#3040,.F.);
#3932=ORIENTED_EDGE('',*,*,#3012,.F.);
#3933=ORIENTED_EDGE('',*,*,#2995,.T.);
#3934=ORIENTED_EDGE('',*,*,#3041,.T.);
#3935=ORIENTED_EDGE('',*,*,#3042,.T.);
#3936=ORIENTED_EDGE('',*,*,#3043,.F.);
#3937=ORIENTED_EDGE('',*,*,#2743,.T.);
#3938=ORIENTED_EDGE('',*,*,#2752,.F.);
#3939=ORIENTED_EDGE('',*,*,#2755,.T.);
#3940=ORIENTED_EDGE('',*,*,#2758,.F.);
#3941=ORIENTED_EDGE('',*,*,#2759,.T.);
#3942=ORIENTED_EDGE('',*,*,#2746,.F.);
#3943=ORIENTED_EDGE('',*,*,#2748,.T.);
#3944=ORIENTED_EDGE('',*,*,#2739,.F.);
#3945=ORIENTED_EDGE('',*,*,#2766,.T.);
#3946=ORIENTED_EDGE('',*,*,#2772,.T.);
#3947=ORIENTED_EDGE('',*,*,#2997,.F.);
#3948=ORIENTED_EDGE('',*,*,#3010,.F.);
#3949=ORIENTED_EDGE('',*,*,#3044,.T.);
#3950=ORIENTED_EDGE('',*,*,#3041,.F.);
#3951=ORIENTED_EDGE('',*,*,#2780,.T.);
#3952=ORIENTED_EDGE('',*,*,#2783,.F.);
#3953=ORIENTED_EDGE('',*,*,#2786,.T.);
#3954=ORIENTED_EDGE('',*,*,#2796,.F.);
#3955=ORIENTED_EDGE('',*,*,#3045,.T.);
#3956=ORIENTED_EDGE('',*,*,#3046,.T.);
#3957=ORIENTED_EDGE('',*,*,#3047,.T.);
#3958=ORIENTED_EDGE('',*,*,#2860,.F.);
#3959=ORIENTED_EDGE('',*,*,#3048,.T.);
#3960=ORIENTED_EDGE('',*,*,#3049,.T.);
#3961=ORIENTED_EDGE('',*,*,#3050,.T.);
#3962=ORIENTED_EDGE('',*,*,#2872,.F.);
#3963=ORIENTED_EDGE('',*,*,#2913,.T.);
#3964=ORIENTED_EDGE('',*,*,#2929,.T.);
#3965=ORIENTED_EDGE('',*,*,#3051,.T.);
#3966=ORIENTED_EDGE('',*,*,#2988,.F.);
#3967=ORIENTED_EDGE('',*,*,#3052,.T.);
#3968=ORIENTED_EDGE('',*,*,#3053,.T.);
#3969=ORIENTED_EDGE('',*,*,#3054,.T.);
#3970=ORIENTED_EDGE('',*,*,#2808,.T.);
#3971=ORIENTED_EDGE('',*,*,#3055,.T.);
#3972=ORIENTED_EDGE('',*,*,#2809,.T.);
#3973=ORIENTED_EDGE('',*,*,#3054,.F.);
#3974=ORIENTED_EDGE('',*,*,#3056,.T.);
#3975=ORIENTED_EDGE('',*,*,#2802,.F.);
#3976=ORIENTED_EDGE('',*,*,#2810,.T.);
#3977=ORIENTED_EDGE('',*,*,#3055,.F.);
#3978=ORIENTED_EDGE('',*,*,#3057,.T.);
#3979=ORIENTED_EDGE('',*,*,#3058,.T.);
#3980=ORIENTED_EDGE('',*,*,#2804,.T.);
#3981=ORIENTED_EDGE('',*,*,#3059,.T.);
#3982=ORIENTED_EDGE('',*,*,#2805,.T.);
#3983=ORIENTED_EDGE('',*,*,#3058,.F.);
#3984=ORIENTED_EDGE('',*,*,#3060,.T.);
#3985=ORIENTED_EDGE('',*,*,#3061,.T.);
#3986=ORIENTED_EDGE('',*,*,#2806,.T.);
#3987=ORIENTED_EDGE('',*,*,#3059,.F.);
#3988=ORIENTED_EDGE('',*,*,#3062,.T.);
#3989=ORIENTED_EDGE('',*,*,#3062,.F.);
#3990=ORIENTED_EDGE('',*,*,#3063,.F.);
#3991=ORIENTED_EDGE('',*,*,#3064,.T.);
#3992=ORIENTED_EDGE('',*,*,#3065,.F.);
#3993=ORIENTED_EDGE('',*,*,#2776,.T.);
#3994=ORIENTED_EDGE('',*,*,#2789,.F.);
#3995=ORIENTED_EDGE('',*,*,#2792,.T.);
#3996=ORIENTED_EDGE('',*,*,#2794,.F.);
#3997=ORIENTED_EDGE('',*,*,#3066,.F.);
#3998=ORIENTED_EDGE('',*,*,#3060,.F.);
#3999=ORIENTED_EDGE('',*,*,#3067,.T.);
#4000=ORIENTED_EDGE('',*,*,#3068,.T.);
#4001=ORIENTED_EDGE('',*,*,#3063,.T.);
#4002=ORIENTED_EDGE('',*,*,#3057,.F.);
#4003=ORIENTED_EDGE('',*,*,#3069,.F.);
#4004=ORIENTED_EDGE('',*,*,#3070,.T.);
#4005=ORIENTED_EDGE('',*,*,#3067,.F.);
#4006=ORIENTED_EDGE('',*,*,#2707,.T.);
#4007=ORIENTED_EDGE('',*,*,#2735,.T.);
#4008=ORIENTED_EDGE('',*,*,#2732,.T.);
#4009=ORIENTED_EDGE('',*,*,#2729,.T.);
#4010=ORIENTED_EDGE('',*,*,#2726,.T.);
#4011=ORIENTED_EDGE('',*,*,#2723,.T.);
#4012=ORIENTED_EDGE('',*,*,#2720,.T.);
#4013=ORIENTED_EDGE('',*,*,#2717,.T.);
#4014=ORIENTED_EDGE('',*,*,#2714,.T.);
#4015=ORIENTED_EDGE('',*,*,#2711,.T.);
#4016=ORIENTED_EDGE('',*,*,#2763,.T.);
#4017=ORIENTED_EDGE('',*,*,#2769,.T.);
#4018=ORIENTED_EDGE('',*,*,#3056,.F.);
#4019=ORIENTED_EDGE('',*,*,#3071,.T.);
#4020=ORIENTED_EDGE('',*,*,#3072,.T.);
#4021=ORIENTED_EDGE('',*,*,#3069,.T.);
#4022=ORIENTED_EDGE('',*,*,#3061,.F.);
#4023=ORIENTED_EDGE('',*,*,#3065,.T.);
#4024=ORIENTED_EDGE('',*,*,#3073,.T.);
#4025=ORIENTED_EDGE('',*,*,#3074,.F.);
#4026=ORIENTED_EDGE('',*,*,#3052,.F.);
#4027=ORIENTED_EDGE('',*,*,#2807,.F.);
#4028=ORIENTED_EDGE('',*,*,#2741,.T.);
#4029=ORIENTED_EDGE('',*,*,#2737,.F.);
#4030=ORIENTED_EDGE('',*,*,#2749,.T.);
#4031=ORIENTED_EDGE('',*,*,#2744,.F.);
#4032=ORIENTED_EDGE('',*,*,#2760,.T.);
#4033=ORIENTED_EDGE('',*,*,#2756,.F.);
#4034=ORIENTED_EDGE('',*,*,#2753,.T.);
#4035=ORIENTED_EDGE('',*,*,#2750,.F.);
#4036=ORIENTED_EDGE('',*,*,#2764,.T.);
#4037=ORIENTED_EDGE('',*,*,#2770,.T.);
#4038=ORIENTED_EDGE('',*,*,#2834,.T.);
#4039=ORIENTED_EDGE('',*,*,#3075,.F.);
#4040=ORIENTED_EDGE('',*,*,#3076,.T.);
#4041=ORIENTED_EDGE('',*,*,#3077,.F.);
#4042=ORIENTED_EDGE('',*,*,#3014,.T.);
#4043=ORIENTED_EDGE('',*,*,#3078,.F.);
#4044=ORIENTED_EDGE('',*,*,#3079,.T.);
#4045=ORIENTED_EDGE('',*,*,#3080,.F.);
#4046=ORIENTED_EDGE('',*,*,#3053,.F.);
#4047=ORIENTED_EDGE('',*,*,#3074,.T.);
#4048=ORIENTED_EDGE('',*,*,#3081,.T.);
#4049=ORIENTED_EDGE('',*,*,#3071,.F.);
#4050=ORIENTED_EDGE('',*,*,#2795,.F.);
#4051=ORIENTED_EDGE('',*,*,#2784,.T.);
#4052=ORIENTED_EDGE('',*,*,#2781,.F.);
#4053=ORIENTED_EDGE('',*,*,#2778,.T.);
#4054=ORIENTED_EDGE('',*,*,#3082,.F.);
#4055=ORIENTED_EDGE('',*,*,#3083,.T.);
#4056=ORIENTED_EDGE('',*,*,#3084,.F.);
#4057=ORIENTED_EDGE('',*,*,#3085,.F.);
#4058=ORIENTED_EDGE('',*,*,#3086,.T.);
#4059=ORIENTED_EDGE('',*,*,#3087,.F.);
#4060=ORIENTED_EDGE('',*,*,#3083,.F.);
#4061=ORIENTED_EDGE('',*,*,#3088,.F.);
#4062=ORIENTED_EDGE('',*,*,#3089,.F.);
#4063=ORIENTED_EDGE('',*,*,#3002,.F.);
#4064=ORIENTED_EDGE('',*,*,#3043,.T.);
#4065=ORIENTED_EDGE('',*,*,#3090,.T.);
#4066=ORIENTED_EDGE('',*,*,#3006,.F.);
#4067=ORIENTED_EDGE('',*,*,#2793,.F.);
#4068=ORIENTED_EDGE('',*,*,#2790,.T.);
#4069=ORIENTED_EDGE('',*,*,#2787,.F.);
#4070=ORIENTED_EDGE('',*,*,#2774,.T.);
#4071=ORIENTED_EDGE('',*,*,#3091,.T.);
#4072=ORIENTED_EDGE('',*,*,#3092,.T.);
#4073=ORIENTED_EDGE('',*,*,#3093,.T.);
#4074=ORIENTED_EDGE('',*,*,#2830,.F.);
#4075=ORIENTED_EDGE('',*,*,#3094,.T.);
#4076=ORIENTED_EDGE('',*,*,#3089,.T.);
#4077=ORIENTED_EDGE('',*,*,#3095,.T.);
#4078=ORIENTED_EDGE('',*,*,#2863,.F.);
#4079=ORIENTED_EDGE('',*,*,#2957,.T.);
#4080=ORIENTED_EDGE('',*,*,#3096,.T.);
#4081=ORIENTED_EDGE('',*,*,#2980,.T.);
#4082=ORIENTED_EDGE('',*,*,#2991,.F.);
#4083=ORIENTED_EDGE('',*,*,#3097,.T.);
#4084=ORIENTED_EDGE('',*,*,#3098,.F.);
#4085=ORIENTED_EDGE('',*,*,#3099,.F.);
#4086=ORIENTED_EDGE('',*,*,#3100,.T.);
#4087=ORIENTED_EDGE('',*,*,#3101,.F.);
#4088=ORIENTED_EDGE('',*,*,#3092,.F.);
#4089=ORIENTED_EDGE('',*,*,#3102,.F.);
#4090=ORIENTED_EDGE('',*,*,#3097,.F.);
#4091=ORIENTED_EDGE('',*,*,#3085,.T.);
#4092=ORIENTED_EDGE('',*,*,#3103,.F.);
#4093=ORIENTED_EDGE('',*,*,#3104,.T.);
#4094=ORIENTED_EDGE('',*,*,#3105,.F.);
#4095=ORIENTED_EDGE('',*,*,#3106,.T.);
#4096=ORIENTED_EDGE('',*,*,#3107,.F.);
#4097=ORIENTED_EDGE('',*,*,#3108,.T.);
#4098=ORIENTED_EDGE('',*,*,#3109,.F.);
#4099=ORIENTED_EDGE('',*,*,#3110,.T.);
#4100=ORIENTED_EDGE('',*,*,#3111,.F.);
#4101=ORIENTED_EDGE('',*,*,#3112,.T.);
#4102=ORIENTED_EDGE('',*,*,#3113,.F.);
#4103=ORIENTED_EDGE('',*,*,#3114,.T.);
#4104=ORIENTED_EDGE('',*,*,#3115,.F.);
#4105=ORIENTED_EDGE('',*,*,#3099,.T.);
#4106=ORIENTED_EDGE('',*,*,#3116,.F.);
#4107=ORIENTED_EDGE('',*,*,#3117,.T.);
#4108=ORIENTED_EDGE('',*,*,#3118,.F.);
#4109=ORIENTED_EDGE('',*,*,#3110,.F.);
#4110=ORIENTED_EDGE('',*,*,#3119,.T.);
#4111=ORIENTED_EDGE('',*,*,#3120,.F.);
#4112=ORIENTED_EDGE('',*,*,#3117,.F.);
#4113=ORIENTED_EDGE('',*,*,#3121,.F.);
#4114=ORIENTED_EDGE('',*,*,#3046,.F.);
#4115=ORIENTED_EDGE('',*,*,#3122,.T.);
#4116=ORIENTED_EDGE('',*,*,#3123,.F.);
#4117=ORIENTED_EDGE('',*,*,#3108,.F.);
#4118=ORIENTED_EDGE('',*,*,#3124,.T.);
#4119=ORIENTED_EDGE('',*,*,#3125,.F.);
#4120=ORIENTED_EDGE('',*,*,#3049,.F.);
#4121=ORIENTED_EDGE('',*,*,#3126,.F.);
#4122=ORIENTED_EDGE('',*,*,#3122,.F.);
#4123=ORIENTED_EDGE('',*,*,#3127,.T.);
#4124=ORIENTED_EDGE('',*,*,#3128,.F.);
#4125=ORIENTED_EDGE('',*,*,#3104,.F.);
#4126=ORIENTED_EDGE('',*,*,#3129,.T.);
#4127=ORIENTED_EDGE('',*,*,#3130,.F.);
#4128=ORIENTED_EDGE('',*,*,#3131,.F.);
#4129=ORIENTED_EDGE('',*,*,#3127,.F.);
#4130=ORIENTED_EDGE('',*,*,#3132,.F.);
#4131=ORIENTED_EDGE('',*,*,#3005,.F.);
#4132=ORIENTED_EDGE('',*,*,#3133,.T.);
#4133=ORIENTED_EDGE('',*,*,#3011,.F.);
#4134=ORIENTED_EDGE('',*,*,#3008,.F.);
#4135=ORIENTED_EDGE('',*,*,#2761,.T.);
#4136=ORIENTED_EDGE('',*,*,#2767,.T.);
#4137=ORIENTED_EDGE('',*,*,#3134,.T.);
#4138=ORIENTED_EDGE('',*,*,#3130,.T.);
#4139=ORIENTED_EDGE('',*,*,#3135,.T.);
#4140=ORIENTED_EDGE('',*,*,#2866,.F.);
#4141=ORIENTED_EDGE('',*,*,#3136,.T.);
#4142=ORIENTED_EDGE('',*,*,#3137,.T.);
#4143=ORIENTED_EDGE('',*,*,#3138,.T.);
#4144=ORIENTED_EDGE('',*,*,#2869,.F.);
#4145=ORIENTED_EDGE('',*,*,#3139,.T.);
#4146=ORIENTED_EDGE('',*,*,#3140,.F.);
#4147=ORIENTED_EDGE('',*,*,#3114,.F.);
#4148=ORIENTED_EDGE('',*,*,#3141,.T.);
#4149=ORIENTED_EDGE('',*,*,#3142,.F.);
#4150=ORIENTED_EDGE('',*,*,#3139,.F.);
#4151=ORIENTED_EDGE('',*,*,#3143,.F.);
#4152=ORIENTED_EDGE('',*,*,#3033,.F.);
#4153=ORIENTED_EDGE('',*,*,#3144,.T.);
#4154=ORIENTED_EDGE('',*,*,#3145,.F.);
#4155=ORIENTED_EDGE('',*,*,#3112,.F.);
#4156=ORIENTED_EDGE('',*,*,#3146,.T.);
#4157=ORIENTED_EDGE('',*,*,#3147,.F.);
#4158=ORIENTED_EDGE('',*,*,#3036,.F.);
#4159=ORIENTED_EDGE('',*,*,#3148,.F.);
#4160=ORIENTED_EDGE('',*,*,#3144,.F.);
#4161=ORIENTED_EDGE('',*,*,#3149,.T.);
#4162=ORIENTED_EDGE('',*,*,#3150,.F.);
#4163=ORIENTED_EDGE('',*,*,#3106,.F.);
#4164=ORIENTED_EDGE('',*,*,#3151,.T.);
#4165=ORIENTED_EDGE('',*,*,#3152,.F.);
#4166=ORIENTED_EDGE('',*,*,#3149,.F.);
#4167=ORIENTED_EDGE('',*,*,#3153,.F.);
#4168=ORIENTED_EDGE('',*,*,#3137,.F.);
#4169=ORIENTED_EDGE('',*,*,#2840,.F.);
#4170=ORIENTED_EDGE('',*,*,#3154,.F.);
#4171=ORIENTED_EDGE('',*,*,#3109,.T.);
#4172=ORIENTED_EDGE('',*,*,#3155,.T.);
#4173=ORIENTED_EDGE('',*,*,#3047,.F.);
#4174=ORIENTED_EDGE('',*,*,#3121,.T.);
#4175=ORIENTED_EDGE('',*,*,#3119,.F.);
#4176=ORIENTED_EDGE('',*,*,#3154,.T.);
#4177=ORIENTED_EDGE('',*,*,#2839,.F.);
#4178=ORIENTED_EDGE('',*,*,#2858,.F.);
#4179=ORIENTED_EDGE('',*,*,#2837,.F.);
#4180=ORIENTED_EDGE('',*,*,#3037,.F.);
#4181=ORIENTED_EDGE('',*,*,#3147,.T.);
#4182=ORIENTED_EDGE('',*,*,#3146,.F.);
#4183=ORIENTED_EDGE('',*,*,#3111,.T.);
#4184=ORIENTED_EDGE('',*,*,#3118,.T.);
#4185=ORIENTED_EDGE('',*,*,#3120,.T.);
#4186=ORIENTED_EDGE('',*,*,#3045,.F.);
#4187=ORIENTED_EDGE('',*,*,#2859,.F.);
#4188=ORIENTED_EDGE('',*,*,#2857,.F.);
#4189=ORIENTED_EDGE('',*,*,#3156,.F.);
#4190=ORIENTED_EDGE('',*,*,#3145,.T.);
#4191=ORIENTED_EDGE('',*,*,#3148,.T.);
#4192=ORIENTED_EDGE('',*,*,#3035,.F.);
#4193=ORIENTED_EDGE('',*,*,#2856,.F.);
#4194=ORIENTED_EDGE('',*,*,#3157,.F.);
#4195=ORIENTED_EDGE('',*,*,#3113,.T.);
#4196=ORIENTED_EDGE('',*,*,#3156,.T.);
#4197=ORIENTED_EDGE('',*,*,#2855,.F.);
#4198=ORIENTED_EDGE('',*,*,#3034,.F.);
#4199=ORIENTED_EDGE('',*,*,#3143,.T.);
#4200=ORIENTED_EDGE('',*,*,#3141,.F.);
#4201=ORIENTED_EDGE('',*,*,#3157,.T.);
#4202=ORIENTED_EDGE('',*,*,#3093,.F.);
#4203=ORIENTED_EDGE('',*,*,#3101,.T.);
#4204=ORIENTED_EDGE('',*,*,#3100,.F.);
#4205=ORIENTED_EDGE('',*,*,#3115,.T.);
#4206=ORIENTED_EDGE('',*,*,#3140,.T.);
#4207=ORIENTED_EDGE('',*,*,#3142,.T.);
#4208=ORIENTED_EDGE('',*,*,#3032,.F.);
#4209=ORIENTED_EDGE('',*,*,#2831,.F.);
#4210=ORIENTED_EDGE('',*,*,#2827,.F.);
#4211=ORIENTED_EDGE('',*,*,#2853,.F.);
#4212=ORIENTED_EDGE('',*,*,#3158,.F.);
#4213=ORIENTED_EDGE('',*,*,#3098,.T.);
#4214=ORIENTED_EDGE('',*,*,#3102,.T.);
#4215=ORIENTED_EDGE('',*,*,#3091,.F.);
#4216=ORIENTED_EDGE('',*,*,#2829,.F.);
#4217=ORIENTED_EDGE('',*,*,#2852,.F.);
#4218=ORIENTED_EDGE('',*,*,#3159,.F.);
#4219=ORIENTED_EDGE('',*,*,#3116,.T.);
#4220=ORIENTED_EDGE('',*,*,#3158,.T.);
#4221=ORIENTED_EDGE('',*,*,#3095,.F.);
#4222=ORIENTED_EDGE('',*,*,#3088,.T.);
#4223=ORIENTED_EDGE('',*,*,#3086,.F.);
#4224=ORIENTED_EDGE('',*,*,#3159,.T.);
#4225=ORIENTED_EDGE('',*,*,#2851,.F.);
#4226=ORIENTED_EDGE('',*,*,#2861,.F.);
#4227=ORIENTED_EDGE('',*,*,#3135,.F.);
#4228=ORIENTED_EDGE('',*,*,#3132,.T.);
#4229=ORIENTED_EDGE('',*,*,#3129,.F.);
#4230=ORIENTED_EDGE('',*,*,#3103,.T.);
#4231=ORIENTED_EDGE('',*,*,#3084,.T.);
#4232=ORIENTED_EDGE('',*,*,#3087,.T.);
#4233=ORIENTED_EDGE('',*,*,#3094,.F.);
#4234=ORIENTED_EDGE('',*,*,#2862,.F.);
#4235=ORIENTED_EDGE('',*,*,#2849,.F.);
#4236=ORIENTED_EDGE('',*,*,#2864,.F.);
#4237=ORIENTED_EDGE('',*,*,#2847,.F.);
#4238=ORIENTED_EDGE('',*,*,#3160,.F.);
#4239=ORIENTED_EDGE('',*,*,#3128,.T.);
#4240=ORIENTED_EDGE('',*,*,#3131,.T.);
#4241=ORIENTED_EDGE('',*,*,#3134,.F.);
#4242=ORIENTED_EDGE('',*,*,#2865,.F.);
#4243=ORIENTED_EDGE('',*,*,#2846,.F.);
#4244=ORIENTED_EDGE('',*,*,#3161,.F.);
#4245=ORIENTED_EDGE('',*,*,#3105,.T.);
#4246=ORIENTED_EDGE('',*,*,#3160,.T.);
#4247=ORIENTED_EDGE('',*,*,#3138,.F.);
#4248=ORIENTED_EDGE('',*,*,#3153,.T.);
#4249=ORIENTED_EDGE('',*,*,#3151,.F.);
#4250=ORIENTED_EDGE('',*,*,#3161,.T.);
#4251=ORIENTED_EDGE('',*,*,#2845,.F.);
#4252=ORIENTED_EDGE('',*,*,#2867,.F.);
#4253=ORIENTED_EDGE('',*,*,#3050,.F.);
#4254=ORIENTED_EDGE('',*,*,#3125,.T.);
#4255=ORIENTED_EDGE('',*,*,#3124,.F.);
#4256=ORIENTED_EDGE('',*,*,#3107,.T.);
#4257=ORIENTED_EDGE('',*,*,#3150,.T.);
#4258=ORIENTED_EDGE('',*,*,#3152,.T.);
#4259=ORIENTED_EDGE('',*,*,#3136,.F.);
#4260=ORIENTED_EDGE('',*,*,#2868,.F.);
#4261=ORIENTED_EDGE('',*,*,#2843,.F.);
#4262=ORIENTED_EDGE('',*,*,#2870,.F.);
#4263=ORIENTED_EDGE('',*,*,#2841,.F.);
#4264=ORIENTED_EDGE('',*,*,#3155,.F.);
#4265=ORIENTED_EDGE('',*,*,#3123,.T.);
#4266=ORIENTED_EDGE('',*,*,#3126,.T.);
#4267=ORIENTED_EDGE('',*,*,#3048,.F.);
#4268=ORIENTED_EDGE('',*,*,#2871,.F.);
#4269=ORIENTED_EDGE('',*,*,#3019,.T.);
#4270=ORIENTED_EDGE('',*,*,#3162,.T.);
#4271=ORIENTED_EDGE('',*,*,#3163,.T.);
#4272=ORIENTED_EDGE('',*,*,#3164,.T.);
#4273=ORIENTED_EDGE('',*,*,#3165,.T.);
#4274=ORIENTED_EDGE('',*,*,#3166,.T.);
#4275=ORIENTED_EDGE('',*,*,#3021,.T.);
#4276=ORIENTED_EDGE('',*,*,#3167,.T.);
#4277=ORIENTED_EDGE('',*,*,#3168,.T.);
#4278=ORIENTED_EDGE('',*,*,#3167,.F.);
#4279=ORIENTED_EDGE('',*,*,#3020,.T.);
#4280=ORIENTED_EDGE('',*,*,#3164,.F.);
#4281=ORIENTED_EDGE('',*,*,#3169,.T.);
#4282=ORIENTED_EDGE('',*,*,#3170,.T.);
#4283=ORIENTED_EDGE('',*,*,#3171,.T.);
#4284=ORIENTED_EDGE('',*,*,#3172,.T.);
#4285=ORIENTED_EDGE('',*,*,#3173,.T.);
#4286=ORIENTED_EDGE('',*,*,#3174,.T.);
#4287=ORIENTED_EDGE('',*,*,#3175,.T.);
#4288=ORIENTED_EDGE('',*,*,#3176,.T.);
#4289=ORIENTED_EDGE('',*,*,#3177,.T.);
#4290=ORIENTED_EDGE('',*,*,#3178,.T.);
#4291=ORIENTED_EDGE('',*,*,#3179,.T.);
#4292=ORIENTED_EDGE('',*,*,#3177,.F.);
#4293=ORIENTED_EDGE('',*,*,#3180,.T.);
#4294=ORIENTED_EDGE('',*,*,#3173,.F.);
#4295=ORIENTED_EDGE('',*,*,#3169,.F.);
#4296=ORIENTED_EDGE('',*,*,#3180,.F.);
#4297=ORIENTED_EDGE('',*,*,#3176,.F.);
#4298=ORIENTED_EDGE('',*,*,#3181,.F.);
#4299=ORIENTED_EDGE('',*,*,#3182,.T.);
#4300=ORIENTED_EDGE('',*,*,#2818,.F.);
#4301=ORIENTED_EDGE('',*,*,#3183,.F.);
#4302=ORIENTED_EDGE('',*,*,#3184,.T.);
#4303=ORIENTED_EDGE('',*,*,#3174,.F.);
#4304=ORIENTED_EDGE('',*,*,#3185,.F.);
#4305=ORIENTED_EDGE('',*,*,#3163,.F.);
#4306=ORIENTED_EDGE('',*,*,#3168,.F.);
#4307=ORIENTED_EDGE('',*,*,#3185,.T.);
#4308=ORIENTED_EDGE('',*,*,#3178,.F.);
#4309=ORIENTED_EDGE('',*,*,#3179,.F.);
#4310=ORIENTED_EDGE('',*,*,#3172,.F.);
#4311=ORIENTED_EDGE('',*,*,#3186,.T.);
#4312=ORIENTED_EDGE('',*,*,#3170,.F.);
#4313=ORIENTED_EDGE('',*,*,#3181,.T.);
#4314=ORIENTED_EDGE('',*,*,#3175,.F.);
#4315=ORIENTED_EDGE('',*,*,#3184,.F.);
#4316=ORIENTED_EDGE('',*,*,#3025,.F.);
#4317=ORIENTED_EDGE('',*,*,#3187,.T.);
#4318=ORIENTED_EDGE('',*,*,#2816,.F.);
#4319=ORIENTED_EDGE('',*,*,#3188,.F.);
#4320=ORIENTED_EDGE('',*,*,#3027,.F.);
#4321=ORIENTED_EDGE('',*,*,#3189,.T.);
#4322=ORIENTED_EDGE('',*,*,#2817,.F.);
#4323=ORIENTED_EDGE('',*,*,#3189,.F.);
#4324=ORIENTED_EDGE('',*,*,#3026,.F.);
#4325=ORIENTED_EDGE('',*,*,#3183,.T.);
#4326=ORIENTED_EDGE('',*,*,#2819,.F.);
#4327=ORIENTED_EDGE('',*,*,#3182,.F.);
#4328=ORIENTED_EDGE('',*,*,#3162,.F.);
#4329=ORIENTED_EDGE('',*,*,#3028,.F.);
#4330=ORIENTED_EDGE('',*,*,#3188,.T.);
#4331=ORIENTED_EDGE('',*,*,#3165,.F.);
#4332=ORIENTED_EDGE('',*,*,#3186,.F.);
#4333=ORIENTED_EDGE('',*,*,#3171,.F.);
#4334=ORIENTED_EDGE('',*,*,#3187,.F.);
#4335=ORIENTED_EDGE('',*,*,#3190,.T.);
#4336=ORIENTED_EDGE('',*,*,#2812,.F.);
#4337=ORIENTED_EDGE('',*,*,#3191,.F.);
#4338=ORIENTED_EDGE('',*,*,#2813,.F.);
#4339=ORIENTED_EDGE('',*,*,#3190,.F.);
#4340=ORIENTED_EDGE('',*,*,#3024,.F.);
#4341=ORIENTED_EDGE('',*,*,#3192,.T.);
#4342=ORIENTED_EDGE('',*,*,#2814,.F.);
#4343=ORIENTED_EDGE('',*,*,#3192,.F.);
#4344=ORIENTED_EDGE('',*,*,#3023,.F.);
#4345=ORIENTED_EDGE('',*,*,#3193,.T.);
#4346=ORIENTED_EDGE('',*,*,#2815,.F.);
#4347=ORIENTED_EDGE('',*,*,#3193,.F.);
#4348=ORIENTED_EDGE('',*,*,#3022,.F.);
#4349=ORIENTED_EDGE('',*,*,#3166,.F.);
#4350=ORIENTED_EDGE('',*,*,#3191,.T.);
#4351=ORIENTED_EDGE('',*,*,#3031,.T.);
#4352=ORIENTED_EDGE('',*,*,#3194,.T.);
#4353=ORIENTED_EDGE('',*,*,#3075,.T.);
#4354=ORIENTED_EDGE('',*,*,#2833,.T.);
#4355=ORIENTED_EDGE('',*,*,#3194,.F.);
#4356=ORIENTED_EDGE('',*,*,#3030,.F.);
#4357=ORIENTED_EDGE('',*,*,#3195,.F.);
#4358=ORIENTED_EDGE('',*,*,#3076,.F.);
#4359=ORIENTED_EDGE('',*,*,#3038,.T.);
#4360=ORIENTED_EDGE('',*,*,#2835,.T.);
#4361=ORIENTED_EDGE('',*,*,#3080,.T.);
#4362=ORIENTED_EDGE('',*,*,#3196,.T.);
#4363=ORIENTED_EDGE('',*,*,#3029,.T.);
#4364=ORIENTED_EDGE('',*,*,#3015,.T.);
#4365=ORIENTED_EDGE('',*,*,#3077,.T.);
#4366=ORIENTED_EDGE('',*,*,#3195,.T.);
#4367=ORIENTED_EDGE('',*,*,#3040,.T.);
#4368=ORIENTED_EDGE('',*,*,#3197,.T.);
#4369=ORIENTED_EDGE('',*,*,#3078,.T.);
#4370=ORIENTED_EDGE('',*,*,#3013,.T.);
#4371=ORIENTED_EDGE('',*,*,#3196,.F.);
#4372=ORIENTED_EDGE('',*,*,#3079,.F.);
#4373=ORIENTED_EDGE('',*,*,#3197,.F.);
#4374=ORIENTED_EDGE('',*,*,#3039,.F.);
#4375=ORIENTED_EDGE('',*,*,#2969,.F.);
#4376=ORIENTED_EDGE('',*,*,#2974,.T.);
#4377=ORIENTED_EDGE('',*,*,#2973,.T.);
#4378=ORIENTED_EDGE('',*,*,#2965,.T.);
#4379=ORIENTED_EDGE('',*,*,#2932,.F.);
#4380=ORIENTED_EDGE('',*,*,#3198,.T.);
#4381=ORIENTED_EDGE('',*,*,#2924,.T.);
#4382=ORIENTED_EDGE('',*,*,#2921,.T.);
#4383=ORIENTED_EDGE('',*,*,#2898,.F.);
#4384=ORIENTED_EDGE('',*,*,#3199,.F.);
#4385=ORIENTED_EDGE('',*,*,#2927,.F.);
#4386=ORIENTED_EDGE('',*,*,#2910,.F.);
#4387=ORIENTED_EDGE('',*,*,#2905,.F.);
#4388=ORIENTED_EDGE('',*,*,#3200,.F.);
#4389=ORIENTED_EDGE('',*,*,#2900,.T.);
#4390=ORIENTED_EDGE('',*,*,#2909,.T.);
#4391=ORIENTED_EDGE('',*,*,#2951,.F.);
#4392=ORIENTED_EDGE('',*,*,#2982,.F.);
#4393=ORIENTED_EDGE('',*,*,#2946,.T.);
#4394=ORIENTED_EDGE('',*,*,#2955,.T.);
#4395=ORIENTED_EDGE('',*,*,#2938,.F.);
#4396=ORIENTED_EDGE('',*,*,#2981,.F.);
#4397=ORIENTED_EDGE('',*,*,#3096,.F.);
#4398=ORIENTED_EDGE('',*,*,#2956,.F.);
#4399=ORIENTED_EDGE('',*,*,#3201,.F.);
#4400=ORIENTED_EDGE('',*,*,#3202,.T.);
#4401=ORIENTED_EDGE('',*,*,#3082,.T.);
#4402=ORIENTED_EDGE('',*,*,#3202,.F.);
#4403=ORIENTED_EDGE('',*,*,#3203,.F.);
#4404=ORIENTED_EDGE('',*,*,#3204,.T.);
#4405=ORIENTED_EDGE('',*,*,#3066,.T.);
#4406=ORIENTED_EDGE('',*,*,#3204,.F.);
#4407=ORIENTED_EDGE('',*,*,#3205,.F.);
#4408=ORIENTED_EDGE('',*,*,#3206,.F.);
#4409=ORIENTED_EDGE('',*,*,#3207,.F.);
#4410=ORIENTED_EDGE('',*,*,#3208,.T.);
#4411=ORIENTED_EDGE('',*,*,#3205,.T.);
#4412=ORIENTED_EDGE('',*,*,#3208,.F.);
#4413=ORIENTED_EDGE('',*,*,#3203,.T.);
#4414=ORIENTED_EDGE('',*,*,#3207,.T.);
#4415=ORIENTED_EDGE('',*,*,#3209,.F.);
#4416=ORIENTED_EDGE('',*,*,#3210,.T.);
#4417=ORIENTED_EDGE('',*,*,#3211,.F.);
#4418=ORIENTED_EDGE('',*,*,#3210,.F.);
#4419=ORIENTED_EDGE('',*,*,#3201,.T.);
#4420=ORIENTED_EDGE('',*,*,#3209,.T.);
#4421=ORIENTED_EDGE('',*,*,#3206,.T.);
#4422=ORIENTED_EDGE('',*,*,#3212,.T.);
#4423=ORIENTED_EDGE('',*,*,#3213,.F.);
#4424=ORIENTED_EDGE('',*,*,#3212,.F.);
#4425=ORIENTED_EDGE('',*,*,#3214,.F.);
#4426=ORIENTED_EDGE('',*,*,#3215,.T.);
#4427=ORIENTED_EDGE('',*,*,#3216,.F.);
#4428=ORIENTED_EDGE('',*,*,#3215,.F.);
#4429=ORIENTED_EDGE('',*,*,#3217,.T.);
#4430=ORIENTED_EDGE('',*,*,#3218,.T.);
#4431=ORIENTED_EDGE('',*,*,#3219,.T.);
#4432=ORIENTED_EDGE('',*,*,#3220,.T.);
#4433=ORIENTED_EDGE('',*,*,#3221,.T.);
#4434=ORIENTED_EDGE('',*,*,#3222,.T.);
#4435=ORIENTED_EDGE('',*,*,#3223,.T.);
#4436=ORIENTED_EDGE('',*,*,#3224,.T.);
#4437=ORIENTED_EDGE('',*,*,#3225,.T.);
#4438=ORIENTED_EDGE('',*,*,#3226,.T.);
#4439=ORIENTED_EDGE('',*,*,#3227,.T.);
#4440=ORIENTED_EDGE('',*,*,#3228,.T.);
#4441=ORIENTED_EDGE('',*,*,#3229,.T.);
#4442=ORIENTED_EDGE('',*,*,#3230,.T.);
#4443=ORIENTED_EDGE('',*,*,#3231,.T.);
#4444=ORIENTED_EDGE('',*,*,#3232,.T.);
#4445=ORIENTED_EDGE('',*,*,#3233,.T.);
#4446=ORIENTED_EDGE('',*,*,#3234,.T.);
#4447=ORIENTED_EDGE('',*,*,#3235,.T.);
#4448=ORIENTED_EDGE('',*,*,#3236,.T.);
#4449=ORIENTED_EDGE('',*,*,#3237,.T.);
#4450=ORIENTED_EDGE('',*,*,#3238,.T.);
#4451=ORIENTED_EDGE('',*,*,#3239,.F.);
#4452=ORIENTED_EDGE('',*,*,#3240,.T.);
#4453=ORIENTED_EDGE('',*,*,#3241,.T.);
#4454=ORIENTED_EDGE('',*,*,#3242,.T.);
#4455=ORIENTED_EDGE('',*,*,#3243,.T.);
#4456=ORIENTED_EDGE('',*,*,#3244,.T.);
#4457=ORIENTED_EDGE('',*,*,#3245,.T.);
#4458=ORIENTED_EDGE('',*,*,#3246,.T.);
#4459=ORIENTED_EDGE('',*,*,#3247,.F.);
#4460=ORIENTED_EDGE('',*,*,#3248,.T.);
#4461=ORIENTED_EDGE('',*,*,#3249,.T.);
#4462=ORIENTED_EDGE('',*,*,#3250,.F.);
#4463=ORIENTED_EDGE('',*,*,#3251,.T.);
#4464=ORIENTED_EDGE('',*,*,#3252,.T.);
#4465=ORIENTED_EDGE('',*,*,#3253,.T.);
#4466=ORIENTED_EDGE('',*,*,#3254,.F.);
#4467=ORIENTED_EDGE('',*,*,#3255,.T.);
#4468=ORIENTED_EDGE('',*,*,#3256,.T.);
#4469=ORIENTED_EDGE('',*,*,#3238,.F.);
#4470=ORIENTED_EDGE('',*,*,#3257,.F.);
#4471=ORIENTED_EDGE('',*,*,#3258,.T.);
#4472=ORIENTED_EDGE('',*,*,#3259,.F.);
#4473=ORIENTED_EDGE('',*,*,#3240,.F.);
#4474=ORIENTED_EDGE('',*,*,#3260,.F.);
#4475=ORIENTED_EDGE('',*,*,#3261,.F.);
#4476=ORIENTED_EDGE('',*,*,#3262,.T.);
#4477=ORIENTED_EDGE('',*,*,#3263,.F.);
#4478=ORIENTED_EDGE('',*,*,#3224,.F.);
#4479=ORIENTED_EDGE('',*,*,#3264,.F.);
#4480=ORIENTED_EDGE('',*,*,#3220,.F.);
#4481=ORIENTED_EDGE('',*,*,#3262,.F.);
#4482=ORIENTED_EDGE('',*,*,#3265,.F.);
#4483=ORIENTED_EDGE('',*,*,#3257,.T.);
#4484=ORIENTED_EDGE('',*,*,#3237,.F.);
#4485=ORIENTED_EDGE('',*,*,#3263,.T.);
#4486=ORIENTED_EDGE('',*,*,#3219,.F.);
#4487=ORIENTED_EDGE('',*,*,#3266,.T.);
#4488=ORIENTED_EDGE('',*,*,#3221,.F.);
#4489=ORIENTED_EDGE('',*,*,#3266,.F.);
#4490=ORIENTED_EDGE('',*,*,#3218,.F.);
#4491=ORIENTED_EDGE('',*,*,#3267,.T.);
#4492=ORIENTED_EDGE('',*,*,#3222,.F.);
#4493=ORIENTED_EDGE('',*,*,#3233,.F.);
#4494=ORIENTED_EDGE('',*,*,#3268,.F.);
#4495=ORIENTED_EDGE('',*,*,#3253,.F.);
#4496=ORIENTED_EDGE('',*,*,#3269,.T.);
#4497=ORIENTED_EDGE('',*,*,#3234,.F.);
#4498=ORIENTED_EDGE('',*,*,#3269,.F.);
#4499=ORIENTED_EDGE('',*,*,#3256,.F.);
#4500=ORIENTED_EDGE('',*,*,#3270,.T.);
#4501=ORIENTED_EDGE('',*,*,#3235,.F.);
#4502=ORIENTED_EDGE('',*,*,#3270,.F.);
#4503=ORIENTED_EDGE('',*,*,#3255,.F.);
#4504=ORIENTED_EDGE('',*,*,#3271,.T.);
#4505=ORIENTED_EDGE('',*,*,#3214,.T.);
#4506=ORIENTED_EDGE('',*,*,#3236,.F.);
#4507=ORIENTED_EDGE('',*,*,#3271,.F.);
#4508=ORIENTED_EDGE('',*,*,#3254,.T.);
#4509=ORIENTED_EDGE('',*,*,#3268,.T.);
#4510=ORIENTED_EDGE('',*,*,#3267,.F.);
#4511=ORIENTED_EDGE('',*,*,#3217,.F.);
#4512=ORIENTED_EDGE('',*,*,#3264,.T.);
#4513=ORIENTED_EDGE('',*,*,#3223,.F.);
#4514=ORIENTED_EDGE('',*,*,#3272,.F.);
#4515=ORIENTED_EDGE('',*,*,#3225,.F.);
#4516=ORIENTED_EDGE('',*,*,#3273,.T.);
#4517=ORIENTED_EDGE('',*,*,#3231,.F.);
#4518=ORIENTED_EDGE('',*,*,#3246,.F.);
#4519=ORIENTED_EDGE('',*,*,#3274,.F.);
#4520=ORIENTED_EDGE('',*,*,#3275,.T.);
#4521=ORIENTED_EDGE('',*,*,#3276,.F.);
#4522=ORIENTED_EDGE('',*,*,#3248,.F.);
#4523=ORIENTED_EDGE('',*,*,#3277,.F.);
#4524=ORIENTED_EDGE('',*,*,#3278,.F.);
#4525=ORIENTED_EDGE('',*,*,#3279,.T.);
#4526=ORIENTED_EDGE('',*,*,#3280,.T.);
#4527=ORIENTED_EDGE('',*,*,#3232,.F.);
#4528=ORIENTED_EDGE('',*,*,#3273,.F.);
#4529=ORIENTED_EDGE('',*,*,#3228,.F.);
#4530=ORIENTED_EDGE('',*,*,#3279,.F.);
#4531=ORIENTED_EDGE('',*,*,#3281,.F.);
#4532=ORIENTED_EDGE('',*,*,#3274,.T.);
#4533=ORIENTED_EDGE('',*,*,#3245,.F.);
#4534=ORIENTED_EDGE('',*,*,#3280,.F.);
#4535=ORIENTED_EDGE('',*,*,#3227,.F.);
#4536=ORIENTED_EDGE('',*,*,#3282,.T.);
#4537=ORIENTED_EDGE('',*,*,#3229,.F.);
#4538=ORIENTED_EDGE('',*,*,#3282,.F.);
#4539=ORIENTED_EDGE('',*,*,#3226,.F.);
#4540=ORIENTED_EDGE('',*,*,#3272,.T.);
#4541=ORIENTED_EDGE('',*,*,#3230,.F.);
#4542=ORIENTED_EDGE('',*,*,#3241,.F.);
#4543=ORIENTED_EDGE('',*,*,#3283,.F.);
#4544=ORIENTED_EDGE('',*,*,#3249,.F.);
#4545=ORIENTED_EDGE('',*,*,#3284,.T.);
#4546=ORIENTED_EDGE('',*,*,#3242,.F.);
#4547=ORIENTED_EDGE('',*,*,#3284,.F.);
#4548=ORIENTED_EDGE('',*,*,#3252,.F.);
#4549=ORIENTED_EDGE('',*,*,#3285,.T.);
#4550=ORIENTED_EDGE('',*,*,#3243,.F.);
#4551=ORIENTED_EDGE('',*,*,#3285,.F.);
#4552=ORIENTED_EDGE('',*,*,#3251,.F.);
#4553=ORIENTED_EDGE('',*,*,#3286,.T.);
#4554=ORIENTED_EDGE('',*,*,#3213,.T.);
#4555=ORIENTED_EDGE('',*,*,#3244,.F.);
#4556=ORIENTED_EDGE('',*,*,#3286,.F.);
#4557=ORIENTED_EDGE('',*,*,#3250,.T.);
#4558=ORIENTED_EDGE('',*,*,#3283,.T.);
#4559=ORIENTED_EDGE('',*,*,#3260,.T.);
#4560=ORIENTED_EDGE('',*,*,#3239,.T.);
#4561=ORIENTED_EDGE('',*,*,#3259,.T.);
#4562=ORIENTED_EDGE('',*,*,#3287,.F.);
#4563=ORIENTED_EDGE('',*,*,#3288,.T.);
#4564=ORIENTED_EDGE('',*,*,#2933,.T.);
#4565=ORIENTED_EDGE('',*,*,#2918,.F.);
#4566=ORIENTED_EDGE('',*,*,#3289,.F.);
#4567=ORIENTED_EDGE('',*,*,#3277,.T.);
#4568=ORIENTED_EDGE('',*,*,#3247,.T.);
#4569=ORIENTED_EDGE('',*,*,#3276,.T.);
#4570=ORIENTED_EDGE('',*,*,#3290,.F.);
#4571=ORIENTED_EDGE('',*,*,#2975,.T.);
#4572=ORIENTED_EDGE('',*,*,#2970,.T.);
#4573=ORIENTED_EDGE('',*,*,#2962,.F.);
#4574=ORIENTED_EDGE('',*,*,#3291,.F.);
#4575=ORIENTED_EDGE('',*,*,#2904,.F.);
#4576=ORIENTED_EDGE('',*,*,#2908,.F.);
#4577=ORIENTED_EDGE('',*,*,#2923,.F.);
#4578=ORIENTED_EDGE('',*,*,#3198,.F.);
#4579=ORIENTED_EDGE('',*,*,#2931,.F.);
#4580=ORIENTED_EDGE('',*,*,#2934,.T.);
#4581=ORIENTED_EDGE('',*,*,#3288,.F.);
#4582=ORIENTED_EDGE('',*,*,#3292,.T.);
#4583=ORIENTED_EDGE('',*,*,#2892,.F.);
#4584=ORIENTED_EDGE('',*,*,#2984,.F.);
#4585=ORIENTED_EDGE('',*,*,#2986,.F.);
#4586=ORIENTED_EDGE('',*,*,#2987,.F.);
#4587=ORIENTED_EDGE('',*,*,#3051,.F.);
#4588=ORIENTED_EDGE('',*,*,#2928,.T.);
#4589=ORIENTED_EDGE('',*,*,#2925,.F.);
#4590=ORIENTED_EDGE('',*,*,#3199,.T.);
#4591=ORIENTED_EDGE('',*,*,#2897,.F.);
#4592=ORIENTED_EDGE('',*,*,#2901,.T.);
#4593=ORIENTED_EDGE('',*,*,#3200,.T.);
#4594=ORIENTED_EDGE('',*,*,#3293,.F.);
#4595=ORIENTED_EDGE('',*,*,#3294,.T.);
#4596=ORIENTED_EDGE('',*,*,#3295,.F.);
#4597=ORIENTED_EDGE('',*,*,#3296,.T.);
#4598=ORIENTED_EDGE('',*,*,#3293,.T.);
#4599=ORIENTED_EDGE('',*,*,#3297,.T.);
#4600=ORIENTED_EDGE('',*,*,#3298,.T.);
#4601=ORIENTED_EDGE('',*,*,#3299,.F.);
#4602=ORIENTED_EDGE('',*,*,#3300,.T.);
#4603=ORIENTED_EDGE('',*,*,#3301,.T.);
#4604=ORIENTED_EDGE('',*,*,#3296,.F.);
#4605=ORIENTED_EDGE('',*,*,#3302,.F.);
#4606=ORIENTED_EDGE('',*,*,#3303,.F.);
#4607=ORIENTED_EDGE('',*,*,#3297,.F.);
#4608=ORIENTED_EDGE('',*,*,#3304,.F.);
#4609=ORIENTED_EDGE('',*,*,#3305,.T.);
#4610=ORIENTED_EDGE('',*,*,#3298,.F.);
#4611=ORIENTED_EDGE('',*,*,#3303,.T.);
#4612=ORIENTED_EDGE('',*,*,#3295,.T.);
#4613=ORIENTED_EDGE('',*,*,#3306,.F.);
#4614=ORIENTED_EDGE('',*,*,#3307,.T.);
#4615=ORIENTED_EDGE('',*,*,#3308,.F.);
#4616=ORIENTED_EDGE('',*,*,#3304,.T.);
#4617=ORIENTED_EDGE('',*,*,#3302,.T.);
#4618=ORIENTED_EDGE('',*,*,#3307,.F.);
#4619=ORIENTED_EDGE('',*,*,#3309,.F.);
#4620=ORIENTED_EDGE('',*,*,#3310,.F.);
#4621=ORIENTED_EDGE('',*,*,#3311,.F.);
#4622=ORIENTED_EDGE('',*,*,#3294,.F.);
#4623=ORIENTED_EDGE('',*,*,#3301,.F.);
#4624=ORIENTED_EDGE('',*,*,#3312,.T.);
#4625=ORIENTED_EDGE('',*,*,#3313,.F.);
#4626=ORIENTED_EDGE('',*,*,#3309,.T.);
#4627=ORIENTED_EDGE('',*,*,#3306,.T.);
#4628=ORIENTED_EDGE('',*,*,#3305,.F.);
#4629=ORIENTED_EDGE('',*,*,#3308,.T.);
#4630=ORIENTED_EDGE('',*,*,#3311,.T.);
#4631=ORIENTED_EDGE('',*,*,#3314,.T.);
#4632=ORIENTED_EDGE('',*,*,#3315,.T.);
#4633=ORIENTED_EDGE('',*,*,#3299,.T.);
#4634=ORIENTED_EDGE('',*,*,#3316,.T.);
#4635=ORIENTED_EDGE('',*,*,#2888,.F.);
#4636=ORIENTED_EDGE('',*,*,#2884,.F.);
#4637=ORIENTED_EDGE('',*,*,#3017,.F.);
#4638=ORIENTED_EDGE('',*,*,#2875,.F.);
#4639=ORIENTED_EDGE('',*,*,#2883,.T.);
#4640=ORIENTED_EDGE('',*,*,#3317,.T.);
#4641=ORIENTED_EDGE('',*,*,#3314,.F.);
#4642=ORIENTED_EDGE('',*,*,#3310,.T.);
#4643=ORIENTED_EDGE('',*,*,#3313,.T.);
#4644=ORIENTED_EDGE('',*,*,#3318,.T.);
#4645=ORIENTED_EDGE('',*,*,#2877,.F.);
#4646=ORIENTED_EDGE('',*,*,#2873,.F.);
#4647=ORIENTED_EDGE('',*,*,#3018,.F.);
#4648=ORIENTED_EDGE('',*,*,#2886,.F.);
#4649=ORIENTED_EDGE('',*,*,#2894,.T.);
#4650=ORIENTED_EDGE('',*,*,#3265,.T.);
#4651=ORIENTED_EDGE('',*,*,#3261,.T.);
#4652=ORIENTED_EDGE('',*,*,#3289,.T.);
#4653=ORIENTED_EDGE('',*,*,#2917,.T.);
#4654=ORIENTED_EDGE('',*,*,#2889,.F.);
#4655=ORIENTED_EDGE('',*,*,#3316,.F.);
#4656=ORIENTED_EDGE('',*,*,#3312,.F.);
#4657=ORIENTED_EDGE('',*,*,#3300,.F.);
#4658=ORIENTED_EDGE('',*,*,#3315,.F.);
#4659=ORIENTED_EDGE('',*,*,#3317,.F.);
#4660=ORIENTED_EDGE('',*,*,#2882,.F.);
#4661=ORIENTED_EDGE('',*,*,#2976,.F.);
#4662=ORIENTED_EDGE('',*,*,#3290,.T.);
#4663=ORIENTED_EDGE('',*,*,#3275,.F.);
#4664=ORIENTED_EDGE('',*,*,#3281,.T.);
#4665=ORIENTED_EDGE('',*,*,#3278,.T.);
#4666=ORIENTED_EDGE('',*,*,#3291,.T.);
#4667=ORIENTED_EDGE('',*,*,#2961,.T.);
#4668=ORIENTED_EDGE('',*,*,#2878,.F.);
#4669=ORIENTED_EDGE('',*,*,#3318,.F.);
#4670=ORIENTED_EDGE('',*,*,#2893,.F.);
#4671=ORIENTED_EDGE('',*,*,#3292,.F.);
#4672=ORIENTED_EDGE('',*,*,#3287,.T.);
#4673=ORIENTED_EDGE('',*,*,#3258,.F.);
#4674=ORIENTED_EDGE('',*,*,#3072,.F.);
#4675=ORIENTED_EDGE('',*,*,#3081,.F.);
#4676=ORIENTED_EDGE('',*,*,#3073,.F.);
#4677=ORIENTED_EDGE('',*,*,#3064,.F.);
#4678=ORIENTED_EDGE('',*,*,#3068,.F.);
#4679=ORIENTED_EDGE('',*,*,#3070,.F.);
#4680=ORIENTED_EDGE('',*,*,#3090,.F.);
#4681=ORIENTED_EDGE('',*,*,#3042,.F.);
#4682=ORIENTED_EDGE('',*,*,#3044,.F.);
#4683=ORIENTED_EDGE('',*,*,#3009,.F.);
#4684=ORIENTED_EDGE('',*,*,#3133,.F.);
#4685=ORIENTED_EDGE('',*,*,#3004,.F.);
#4686=ORIENTED_EDGE('',*,*,#3211,.T.);
#4687=ORIENTED_EDGE('',*,*,#3216,.T.);
#4688=ORIENTED_EDGE('',*,*,#3319,.T.);
#4689=ORIENTED_EDGE('',*,*,#3320,.T.);
#4690=ORIENTED_EDGE('',*,*,#3321,.T.);
#4691=ORIENTED_EDGE('',*,*,#3322,.T.);
#4692=ORIENTED_EDGE('',*,*,#3321,.F.);
#4693=ORIENTED_EDGE('',*,*,#3323,.F.);
#4694=ORIENTED_EDGE('',*,*,#3324,.F.);
#4695=ORIENTED_EDGE('',*,*,#3325,.F.);
#4696=ORIENTED_EDGE('',*,*,#3326,.F.);
#4697=ORIENTED_EDGE('',*,*,#3327,.F.);
#4698=ORIENTED_EDGE('',*,*,#3328,.T.);
#4699=ORIENTED_EDGE('',*,*,#3320,.F.);
#4700=ORIENTED_EDGE('',*,*,#3329,.T.);
#4701=ORIENTED_EDGE('',*,*,#3330,.T.);
#4702=ORIENTED_EDGE('',*,*,#3323,.T.);
#4703=ORIENTED_EDGE('',*,*,#3331,.T.);
#4704=ORIENTED_EDGE('',*,*,#3332,.T.);
#4705=ORIENTED_EDGE('',*,*,#3333,.T.);
#4706=ORIENTED_EDGE('',*,*,#3334,.T.);
#4707=ORIENTED_EDGE('',*,*,#3333,.F.);
#4708=ORIENTED_EDGE('',*,*,#3335,.T.);
#4709=ORIENTED_EDGE('',*,*,#3336,.T.);
#4710=ORIENTED_EDGE('',*,*,#3337,.T.);
#4711=ORIENTED_EDGE('',*,*,#3338,.T.);
#4712=ORIENTED_EDGE('',*,*,#3339,.T.);
#4713=ORIENTED_EDGE('',*,*,#3336,.F.);
#4714=ORIENTED_EDGE('',*,*,#3340,.T.);
#4715=ORIENTED_EDGE('',*,*,#3338,.F.);
#4716=ORIENTED_EDGE('',*,*,#3341,.F.);
#4717=ORIENTED_EDGE('',*,*,#3342,.F.);
#4718=ORIENTED_EDGE('',*,*,#3343,.F.);
#4719=ORIENTED_EDGE('',*,*,#3344,.T.);
#4720=ORIENTED_EDGE('',*,*,#3345,.F.);
#4721=ORIENTED_EDGE('',*,*,#3346,.F.);
#4722=ORIENTED_EDGE('',*,*,#3340,.F.);
#4723=ORIENTED_EDGE('',*,*,#3347,.F.);
#4724=ORIENTED_EDGE('',*,*,#3348,.F.);
#4725=ORIENTED_EDGE('',*,*,#3341,.T.);
#4726=ORIENTED_EDGE('',*,*,#3335,.F.);
#4727=ORIENTED_EDGE('',*,*,#3349,.T.);
#4728=ORIENTED_EDGE('',*,*,#3350,.T.);
#4729=ORIENTED_EDGE('',*,*,#3347,.T.);
#4730=ORIENTED_EDGE('',*,*,#3332,.F.);
#4731=ORIENTED_EDGE('',*,*,#3351,.F.);
#4732=ORIENTED_EDGE('',*,*,#3352,.F.);
#4733=ORIENTED_EDGE('',*,*,#3349,.F.);
#4734=ORIENTED_EDGE('',*,*,#3353,.T.);
#4735=ORIENTED_EDGE('',*,*,#3354,.T.);
#4736=ORIENTED_EDGE('',*,*,#3355,.T.);
#4737=ORIENTED_EDGE('',*,*,#3356,.T.);
#4738=ORIENTED_EDGE('',*,*,#3355,.F.);
#4739=ORIENTED_EDGE('',*,*,#3357,.T.);
#4740=ORIENTED_EDGE('',*,*,#3358,.T.);
#4741=ORIENTED_EDGE('',*,*,#3359,.T.);
#4742=ORIENTED_EDGE('',*,*,#3360,.T.);
#4743=ORIENTED_EDGE('',*,*,#3361,.T.);
#4744=ORIENTED_EDGE('',*,*,#3358,.F.);
#4745=ORIENTED_EDGE('',*,*,#3362,.T.);
#4746=ORIENTED_EDGE('',*,*,#3360,.F.);
#4747=ORIENTED_EDGE('',*,*,#3363,.F.);
#4748=ORIENTED_EDGE('',*,*,#3364,.F.);
#4749=ORIENTED_EDGE('',*,*,#3365,.F.);
#4750=ORIENTED_EDGE('',*,*,#3366,.T.);
#4751=ORIENTED_EDGE('',*,*,#3367,.F.);
#4752=ORIENTED_EDGE('',*,*,#3368,.F.);
#4753=ORIENTED_EDGE('',*,*,#3362,.F.);
#4754=ORIENTED_EDGE('',*,*,#3369,.F.);
#4755=ORIENTED_EDGE('',*,*,#3370,.F.);
#4756=ORIENTED_EDGE('',*,*,#3363,.T.);
#4757=ORIENTED_EDGE('',*,*,#3357,.F.);
#4758=ORIENTED_EDGE('',*,*,#3371,.T.);
#4759=ORIENTED_EDGE('',*,*,#3372,.T.);
#4760=ORIENTED_EDGE('',*,*,#3369,.T.);
#4761=ORIENTED_EDGE('',*,*,#3354,.F.);
#4762=ORIENTED_EDGE('',*,*,#3373,.F.);
#4763=ORIENTED_EDGE('',*,*,#3374,.F.);
#4764=ORIENTED_EDGE('',*,*,#3371,.F.);
#4765=ORIENTED_EDGE('',*,*,#3319,.F.);
#4766=ORIENTED_EDGE('',*,*,#3375,.F.);
#4767=ORIENTED_EDGE('',*,*,#3376,.F.);
#4768=ORIENTED_EDGE('',*,*,#3377,.F.);
#4769=ORIENTED_EDGE('',*,*,#3378,.T.);
#4770=ORIENTED_EDGE('',*,*,#3379,.F.);
#4771=ORIENTED_EDGE('',*,*,#3329,.F.);
#4772=ORIENTED_EDGE('',*,*,#3322,.F.);
#4773=ORIENTED_EDGE('',*,*,#3328,.F.);
#4774=ORIENTED_EDGE('',*,*,#3380,.F.);
#4775=ORIENTED_EDGE('',*,*,#3375,.T.);
#4776=ORIENTED_EDGE('',*,*,#3334,.F.);
#4777=ORIENTED_EDGE('',*,*,#3381,.T.);
#4778=ORIENTED_EDGE('',*,*,#3382,.T.);
#4779=ORIENTED_EDGE('',*,*,#3383,.T.);
#4780=ORIENTED_EDGE('',*,*,#3337,.F.);
#4781=ORIENTED_EDGE('',*,*,#3384,.T.);
#4782=ORIENTED_EDGE('',*,*,#3385,.T.);
#4783=ORIENTED_EDGE('',*,*,#3381,.F.);
#4784=ORIENTED_EDGE('',*,*,#3339,.F.);
#4785=ORIENTED_EDGE('',*,*,#3346,.T.);
#4786=ORIENTED_EDGE('',*,*,#3386,.T.);
#4787=ORIENTED_EDGE('',*,*,#3384,.F.);
#4788=ORIENTED_EDGE('',*,*,#3361,.F.);
#4789=ORIENTED_EDGE('',*,*,#3368,.T.);
#4790=ORIENTED_EDGE('',*,*,#3387,.T.);
#4791=ORIENTED_EDGE('',*,*,#3388,.T.);
#4792=ORIENTED_EDGE('',*,*,#3359,.F.);
#4793=ORIENTED_EDGE('',*,*,#3388,.F.);
#4794=ORIENTED_EDGE('',*,*,#3389,.T.);
#4795=ORIENTED_EDGE('',*,*,#3390,.T.);
#4796=ORIENTED_EDGE('',*,*,#3356,.F.);
#4797=ORIENTED_EDGE('',*,*,#3390,.F.);
#4798=ORIENTED_EDGE('',*,*,#3391,.T.);
#4799=ORIENTED_EDGE('',*,*,#3392,.T.);
#4800=ORIENTED_EDGE('',*,*,#3391,.F.);
#4801=ORIENTED_EDGE('',*,*,#3389,.F.);
#4802=ORIENTED_EDGE('',*,*,#3387,.F.);
#4803=ORIENTED_EDGE('',*,*,#3367,.T.);
#4804=ORIENTED_EDGE('',*,*,#3393,.T.);
#4805=ORIENTED_EDGE('',*,*,#3394,.F.);
#4806=ORIENTED_EDGE('',*,*,#3395,.T.);
#4807=ORIENTED_EDGE('',*,*,#3396,.T.);
#4808=ORIENTED_EDGE('',*,*,#3397,.F.);
#4809=ORIENTED_EDGE('',*,*,#3398,.T.);
#4810=ORIENTED_EDGE('',*,*,#3399,.F.);
#4811=ORIENTED_EDGE('',*,*,#3400,.F.);
#4812=ORIENTED_EDGE('',*,*,#3401,.F.);
#4813=ORIENTED_EDGE('',*,*,#3400,.T.);
#4814=ORIENTED_EDGE('',*,*,#3402,.F.);
#4815=ORIENTED_EDGE('',*,*,#3403,.F.);
#4816=ORIENTED_EDGE('',*,*,#3404,.F.);
#4817=ORIENTED_EDGE('',*,*,#3403,.T.);
#4818=ORIENTED_EDGE('',*,*,#3405,.F.);
#4819=ORIENTED_EDGE('',*,*,#3406,.F.);
#4820=ORIENTED_EDGE('',*,*,#3407,.F.);
#4821=ORIENTED_EDGE('',*,*,#3406,.T.);
#4822=ORIENTED_EDGE('',*,*,#3408,.F.);
#4823=ORIENTED_EDGE('',*,*,#3409,.F.);
#4824=ORIENTED_EDGE('',*,*,#3410,.F.);
#4825=ORIENTED_EDGE('',*,*,#3409,.T.);
#4826=ORIENTED_EDGE('',*,*,#3411,.F.);
#4827=ORIENTED_EDGE('',*,*,#3412,.F.);
#4828=ORIENTED_EDGE('',*,*,#3413,.F.);
#4829=ORIENTED_EDGE('',*,*,#3412,.T.);
#4830=ORIENTED_EDGE('',*,*,#3414,.F.);
#4831=ORIENTED_EDGE('',*,*,#3398,.F.);
#4832=ORIENTED_EDGE('',*,*,#3415,.T.);
#4833=ORIENTED_EDGE('',*,*,#3416,.T.);
#4834=ORIENTED_EDGE('',*,*,#3417,.T.);
#4835=ORIENTED_EDGE('',*,*,#3418,.T.);
#4836=ORIENTED_EDGE('',*,*,#3419,.T.);
#4837=ORIENTED_EDGE('',*,*,#3420,.T.);
#4838=ORIENTED_EDGE('',*,*,#3414,.T.);
#4839=ORIENTED_EDGE('',*,*,#3411,.T.);
#4840=ORIENTED_EDGE('',*,*,#3408,.T.);
#4841=ORIENTED_EDGE('',*,*,#3405,.T.);
#4842=ORIENTED_EDGE('',*,*,#3402,.T.);
#4843=ORIENTED_EDGE('',*,*,#3399,.T.);
#4844=ORIENTED_EDGE('',*,*,#3421,.T.);
#4845=ORIENTED_EDGE('',*,*,#3422,.T.);
#4846=ORIENTED_EDGE('',*,*,#3423,.T.);
#4847=ORIENTED_EDGE('',*,*,#3424,.T.);
#4848=ORIENTED_EDGE('',*,*,#3421,.F.);
#4849=ORIENTED_EDGE('',*,*,#3425,.T.);
#4850=ORIENTED_EDGE('',*,*,#3426,.T.);
#4851=ORIENTED_EDGE('',*,*,#3424,.F.);
#4852=ORIENTED_EDGE('',*,*,#3427,.F.);
#4853=ORIENTED_EDGE('',*,*,#3344,.F.);
#4854=ORIENTED_EDGE('',*,*,#3428,.F.);
#4855=ORIENTED_EDGE('',*,*,#3429,.T.);
#4856=ORIENTED_EDGE('',*,*,#3430,.T.);
#4857=ORIENTED_EDGE('',*,*,#3394,.T.);
#4858=ORIENTED_EDGE('',*,*,#3431,.T.);
#4859=ORIENTED_EDGE('',*,*,#3429,.F.);
#4860=ORIENTED_EDGE('',*,*,#3432,.T.);
#4861=ORIENTED_EDGE('',*,*,#3433,.T.);
#4862=ORIENTED_EDGE('',*,*,#3431,.F.);
#4863=ORIENTED_EDGE('',*,*,#3393,.F.);
#4864=ORIENTED_EDGE('',*,*,#3366,.F.);
#4865=ORIENTED_EDGE('',*,*,#3434,.F.);
#4866=ORIENTED_EDGE('',*,*,#3433,.F.);
#4867=ORIENTED_EDGE('',*,*,#3435,.T.);
#4868=ORIENTED_EDGE('',*,*,#3436,.T.);
#4869=ORIENTED_EDGE('',*,*,#3437,.T.);
#4870=ORIENTED_EDGE('',*,*,#3432,.F.);
#4871=ORIENTED_EDGE('',*,*,#3434,.T.);
#4872=ORIENTED_EDGE('',*,*,#3365,.T.);
#4873=ORIENTED_EDGE('',*,*,#3438,.T.);
#4874=ORIENTED_EDGE('',*,*,#3439,.F.);
#4875=ORIENTED_EDGE('',*,*,#3440,.T.);
#4876=ORIENTED_EDGE('',*,*,#3441,.F.);
#4877=ORIENTED_EDGE('',*,*,#3442,.T.);
#4878=ORIENTED_EDGE('',*,*,#3443,.T.);
#4879=ORIENTED_EDGE('',*,*,#3444,.T.);
#4880=ORIENTED_EDGE('',*,*,#3376,.T.);
#4881=ORIENTED_EDGE('',*,*,#3380,.T.);
#4882=ORIENTED_EDGE('',*,*,#3327,.T.);
#4883=ORIENTED_EDGE('',*,*,#3445,.F.);
#4884=ORIENTED_EDGE('',*,*,#3446,.T.);
#4885=ORIENTED_EDGE('',*,*,#3435,.F.);
#4886=ORIENTED_EDGE('',*,*,#3438,.F.);
#4887=ORIENTED_EDGE('',*,*,#3364,.T.);
#4888=ORIENTED_EDGE('',*,*,#3370,.T.);
#4889=ORIENTED_EDGE('',*,*,#3372,.F.);
#4890=ORIENTED_EDGE('',*,*,#3374,.T.);
#4891=ORIENTED_EDGE('',*,*,#3447,.T.);
#4892=ORIENTED_EDGE('',*,*,#3448,.F.);
#4893=ORIENTED_EDGE('',*,*,#3449,.F.);
#4894=ORIENTED_EDGE('',*,*,#3342,.T.);
#4895=ORIENTED_EDGE('',*,*,#3348,.T.);
#4896=ORIENTED_EDGE('',*,*,#3350,.F.);
#4897=ORIENTED_EDGE('',*,*,#3352,.T.);
#4898=ORIENTED_EDGE('',*,*,#3426,.F.);
#4899=ORIENTED_EDGE('',*,*,#3448,.T.);
#4900=ORIENTED_EDGE('',*,*,#3450,.T.);
#4901=ORIENTED_EDGE('',*,*,#3451,.T.);
#4902=ORIENTED_EDGE('',*,*,#3425,.F.);
#4903=ORIENTED_EDGE('',*,*,#3428,.T.);
#4904=ORIENTED_EDGE('',*,*,#3343,.T.);
#4905=ORIENTED_EDGE('',*,*,#3449,.T.);
#4906=ORIENTED_EDGE('',*,*,#3326,.T.);
#4907=ORIENTED_EDGE('',*,*,#3452,.T.);
#4908=ORIENTED_EDGE('',*,*,#3377,.T.);
#4909=ORIENTED_EDGE('',*,*,#3445,.T.);
#4910=ORIENTED_EDGE('',*,*,#3452,.F.);
#4911=ORIENTED_EDGE('',*,*,#3325,.T.);
#4912=ORIENTED_EDGE('',*,*,#3453,.F.);
#4913=ORIENTED_EDGE('',*,*,#3378,.F.);
#4914=ORIENTED_EDGE('',*,*,#3353,.F.);
#4915=ORIENTED_EDGE('',*,*,#3392,.F.);
#4916=ORIENTED_EDGE('',*,*,#3396,.F.);
#4917=ORIENTED_EDGE('',*,*,#3454,.F.);
#4918=ORIENTED_EDGE('',*,*,#3436,.F.);
#4919=ORIENTED_EDGE('',*,*,#3446,.F.);
#4920=ORIENTED_EDGE('',*,*,#3373,.T.);
#4921=ORIENTED_EDGE('',*,*,#3430,.F.);
#4922=ORIENTED_EDGE('',*,*,#3437,.F.);
#4923=ORIENTED_EDGE('',*,*,#3454,.T.);
#4924=ORIENTED_EDGE('',*,*,#3395,.F.);
#4925=ORIENTED_EDGE('',*,*,#3331,.F.);
#4926=ORIENTED_EDGE('',*,*,#3383,.F.);
#4927=ORIENTED_EDGE('',*,*,#3455,.F.);
#4928=ORIENTED_EDGE('',*,*,#3456,.F.);
#4929=ORIENTED_EDGE('',*,*,#3450,.F.);
#4930=ORIENTED_EDGE('',*,*,#3447,.F.);
#4931=ORIENTED_EDGE('',*,*,#3351,.T.);
#4932=ORIENTED_EDGE('',*,*,#3422,.F.);
#4933=ORIENTED_EDGE('',*,*,#3451,.F.);
#4934=ORIENTED_EDGE('',*,*,#3456,.T.);
#4935=ORIENTED_EDGE('',*,*,#3457,.F.);
#4936=ORIENTED_EDGE('',*,*,#3386,.F.);
#4937=ORIENTED_EDGE('',*,*,#3345,.T.);
#4938=ORIENTED_EDGE('',*,*,#3427,.T.);
#4939=ORIENTED_EDGE('',*,*,#3423,.F.);
#4940=ORIENTED_EDGE('',*,*,#3457,.T.);
#4941=ORIENTED_EDGE('',*,*,#3455,.T.);
#4942=ORIENTED_EDGE('',*,*,#3382,.F.);
#4943=ORIENTED_EDGE('',*,*,#3385,.F.);
#4944=ORIENTED_EDGE('',*,*,#3330,.F.);
#4945=ORIENTED_EDGE('',*,*,#3379,.T.);
#4946=ORIENTED_EDGE('',*,*,#3453,.T.);
#4947=ORIENTED_EDGE('',*,*,#3324,.T.);
#4948=ORIENTED_EDGE('',*,*,#3440,.F.);
#4949=ORIENTED_EDGE('',*,*,#3458,.T.);
#4950=ORIENTED_EDGE('',*,*,#3418,.F.);
#4951=ORIENTED_EDGE('',*,*,#3459,.F.);
#4952=ORIENTED_EDGE('',*,*,#3441,.T.);
#4953=ORIENTED_EDGE('',*,*,#3459,.T.);
#4954=ORIENTED_EDGE('',*,*,#3417,.F.);
#4955=ORIENTED_EDGE('',*,*,#3460,.F.);
#4956=ORIENTED_EDGE('',*,*,#3442,.F.);
#4957=ORIENTED_EDGE('',*,*,#3460,.T.);
#4958=ORIENTED_EDGE('',*,*,#3416,.F.);
#4959=ORIENTED_EDGE('',*,*,#3461,.F.);
#4960=ORIENTED_EDGE('',*,*,#3443,.F.);
#4961=ORIENTED_EDGE('',*,*,#3461,.T.);
#4962=ORIENTED_EDGE('',*,*,#3415,.F.);
#4963=ORIENTED_EDGE('',*,*,#3462,.F.);
#4964=ORIENTED_EDGE('',*,*,#3444,.F.);
#4965=ORIENTED_EDGE('',*,*,#3462,.T.);
#4966=ORIENTED_EDGE('',*,*,#3420,.F.);
#4967=ORIENTED_EDGE('',*,*,#3463,.F.);
#4968=ORIENTED_EDGE('',*,*,#3439,.T.);
#4969=ORIENTED_EDGE('',*,*,#3463,.T.);
#4970=ORIENTED_EDGE('',*,*,#3419,.F.);
#4971=ORIENTED_EDGE('',*,*,#3458,.F.);
#4972=ORIENTED_EDGE('',*,*,#3397,.T.);
#4973=ORIENTED_EDGE('',*,*,#3401,.T.);
#4974=ORIENTED_EDGE('',*,*,#3404,.T.);
#4975=ORIENTED_EDGE('',*,*,#3407,.T.);
#4976=ORIENTED_EDGE('',*,*,#3410,.T.);
#4977=ORIENTED_EDGE('',*,*,#3413,.T.);
#4978=B_SPLINE_SURFACE_WITH_KNOTS('',3,1,((#7190,#7191),(#7192,#7193),(#7194,
#7195),(#7196,#7197),(#7198,#7199)),.UNSPECIFIED.,.F.,.F.,.F.,(4,1,4),(2,
2),(0.,0.643933799578255,1.26878601026958),(0.,0.0499999999999998),
 .UNSPECIFIED.);
#4979=B_SPLINE_SURFACE_WITH_KNOTS('',3,1,((#7216,#7217),(#7218,#7219),(#7220,
#7221),(#7222,#7223),(#7224,#7225)),.UNSPECIFIED.,.F.,.F.,.F.,(4,1,4),(2,
2),(0.,0.603465896088463,1.23990267050214),(0.,0.0499999999999998),
 .UNSPECIFIED.);
#4980=B_SPLINE_SURFACE_WITH_KNOTS('',3,1,((#7245,#7246),(#7247,#7248),(#7249,
#7250),(#7251,#7252),(#7253,#7254)),.UNSPECIFIED.,.F.,.F.,.F.,(4,1,4),(2,
2),(0.,0.465401066945832,0.871055096869995),(0.,0.0499999999999998),
 .UNSPECIFIED.);
#4981=B_SPLINE_SURFACE_WITH_KNOTS('',3,1,((#7268,#7269),(#7270,#7271),(#7272,
#7273),(#7274,#7275),(#7276,#7277)),.UNSPECIFIED.,.F.,.F.,.F.,(4,1,4),(2,
2),(0.,0.489313971366819,0.982186550178419),(0.,0.0499999999999998),
 .UNSPECIFIED.);
#4982=B_SPLINE_SURFACE_WITH_KNOTS('',3,1,((#7291,#7292),(#7293,#7294),(#7295,
#7296),(#7297,#7298),(#7299,#7300)),.UNSPECIFIED.,.F.,.F.,.F.,(4,1,4),(2,
2),(0.,0.363859639112526,0.810635648758758),(0.,0.0499999999999998),
 .UNSPECIFIED.);
#4983=B_SPLINE_SURFACE_WITH_KNOTS('',3,3,((#7467,#7468,#7469,#7470,#7471),
(#7472,#7473,#7474,#7475,#7476),(#7477,#7478,#7479,#7480,#7481),(#7482,
#7483,#7484,#7485,#7486)),.UNSPECIFIED.,.F.,.F.,.F.,(4,4),(4,1,4),(0.,1.),
(2.66729281423935E-16,0.152115334629934,0.354935780803179),
 .UNSPECIFIED.);
#4984=ADVANCED_FACE('',(#532),#4978,.F.);
#4985=ADVANCED_FACE('',(#533),#4979,.F.);
#4986=ADVANCED_FACE('',(#534),#371,.F.);
#4987=ADVANCED_FACE('',(#535),#4980,.F.);
#4988=ADVANCED_FACE('',(#536),#4981,.F.);
#4989=ADVANCED_FACE('',(#537),#4982,.F.);
#4990=ADVANCED_FACE('',(#538),#372,.F.);
#4991=ADVANCED_FACE('',(#539),#373,.F.);
#4992=ADVANCED_FACE('',(#540),#374,.F.);
#4993=ADVANCED_FACE('',(#541),#375,.F.);
#4994=ADVANCED_FACE('',(#542),#376,.T.);
#4995=ADVANCED_FACE('',(#543),#281,.F.);
#4996=ADVANCED_FACE('',(#544),#377,.F.);
#4997=ADVANCED_FACE('',(#545),#282,.F.);
#4998=ADVANCED_FACE('',(#546),#378,.F.);
#4999=ADVANCED_FACE('',(#547),#283,.F.);
#5000=ADVANCED_FACE('',(#548),#379,.F.);
#5001=ADVANCED_FACE('',(#549),#284,.F.);
#5002=ADVANCED_FACE('',(#550),#380,.F.);
#5003=ADVANCED_FACE('',(#551),#285,.F.);
#5004=ADVANCED_FACE('',(#552),#286,.F.);
#5005=ADVANCED_FACE('',(#553),#287,.F.);
#5006=ADVANCED_FACE('',(#554),#288,.F.);
#5007=ADVANCED_FACE('',(#555),#381,.F.);
#5008=ADVANCED_FACE('',(#556),#382,.F.);
#5009=ADVANCED_FACE('',(#557),#289,.F.);
#5010=ADVANCED_FACE('',(#558),#383,.F.);
#5011=ADVANCED_FACE('',(#559),#290,.F.);
#5012=ADVANCED_FACE('',(#560),#384,.F.);
#5013=ADVANCED_FACE('',(#561),#291,.F.);
#5014=ADVANCED_FACE('',(#562),#292,.F.);
#5015=ADVANCED_FACE('',(#563),#79,.F.);
#5016=ADVANCED_FACE('',(#564),#4983,.T.);
#5017=ADVANCED_FACE('',(#565,#32,#33,#34),#385,.F.);
#5018=ADVANCED_FACE('',(#566),#26,.T.);
#5019=ADVANCED_FACE('',(#567),#80,.F.);
#5020=ADVANCED_FACE('',(#568),#27,.T.);
#5021=ADVANCED_FACE('',(#569),#386,.T.);
#5022=ADVANCED_FACE('',(#570),#387,.T.);
#5023=ADVANCED_FACE('',(#571),#293,.F.);
#5024=ADVANCED_FACE('',(#572,#35),#388,.F.);
#5025=ADVANCED_FACE('',(#573),#294,.F.);
#5026=ADVANCED_FACE('',(#574),#295,.F.);
#5027=ADVANCED_FACE('',(#575),#296,.F.);
#5028=ADVANCED_FACE('',(#576),#297,.F.);
#5029=ADVANCED_FACE('',(#577),#298,.F.);
#5030=ADVANCED_FACE('',(#578),#299,.F.);
#5031=ADVANCED_FACE('',(#579),#389,.T.);
#5032=ADVANCED_FACE('',(#580),#300,.F.);
#5033=ADVANCED_FACE('',(#581),#390,.T.);
#5034=ADVANCED_FACE('',(#582),#301,.F.);
#5035=ADVANCED_FACE('',(#583),#391,.F.);
#5036=ADVANCED_FACE('',(#584),#302,.T.);
#5037=ADVANCED_FACE('',(#585),#392,.T.);
#5038=ADVANCED_FACE('',(#586),#393,.T.);
#5039=ADVANCED_FACE('',(#587),#303,.T.);
#5040=ADVANCED_FACE('',(#588),#304,.F.);
#5041=ADVANCED_FACE('',(#589),#394,.T.);
#5042=ADVANCED_FACE('',(#590),#305,.F.);
#5043=ADVANCED_FACE('',(#591),#395,.T.);
#5044=ADVANCED_FACE('',(#592),#306,.F.);
#5045=ADVANCED_FACE('',(#593),#396,.F.);
#5046=ADVANCED_FACE('',(#594),#307,.F.);
#5047=ADVANCED_FACE('',(#595),#397,.F.);
#5048=ADVANCED_FACE('',(#596),#308,.T.);
#5049=ADVANCED_FACE('',(#597),#398,.T.);
#5050=ADVANCED_FACE('',(#598),#399,.T.);
#5051=ADVANCED_FACE('',(#599),#309,.F.);
#5052=ADVANCED_FACE('',(#600),#400,.T.);
#5053=ADVANCED_FACE('',(#601),#310,.T.);
#5054=ADVANCED_FACE('',(#602),#401,.T.);
#5055=ADVANCED_FACE('',(#603),#311,.F.);
#5056=ADVANCED_FACE('',(#604),#402,.F.);
#5057=ADVANCED_FACE('',(#605),#312,.F.);
#5058=ADVANCED_FACE('',(#606),#313,.F.);
#5059=ADVANCED_FACE('',(#607),#403,.F.);
#5060=ADVANCED_FACE('',(#608),#314,.F.);
#5061=ADVANCED_FACE('',(#609),#21,.F.);
#5062=ADVANCED_FACE('',(#610),#315,.F.);
#5063=ADVANCED_FACE('',(#611),#22,.F.);
#5064=ADVANCED_FACE('',(#612),#316,.F.);
#5065=ADVANCED_FACE('',(#613),#317,.F.);
#5066=ADVANCED_FACE('',(#614),#318,.F.);
#5067=ADVANCED_FACE('',(#615),#319,.F.);
#5068=ADVANCED_FACE('',(#616,#36,#37),#404,.T.);
#5069=ADVANCED_FACE('',(#617,#38,#39,#40),#405,.T.);
#5070=ADVANCED_FACE('',(#618,#41,#42,#43,#44),#406,.T.);
#5071=ADVANCED_FACE('',(#619),#320,.T.);
#5072=ADVANCED_FACE('',(#620),#28,.F.);
#5073=ADVANCED_FACE('',(#621),#321,.T.);
#5074=ADVANCED_FACE('',(#622),#29,.F.);
#5075=ADVANCED_FACE('',(#623),#322,.T.);
#5076=ADVANCED_FACE('',(#624,#45,#46),#407,.T.);
#5077=ADVANCED_FACE('',(#625),#323,.T.);
#5078=ADVANCED_FACE('',(#626,#47,#48,#49),#408,.T.);
#5079=ADVANCED_FACE('',(#627),#324,.T.);
#5080=ADVANCED_FACE('',(#628,#50,#51,#52,#53),#409,.T.);
#5081=ADVANCED_FACE('',(#629,#54,#55),#410,.T.);
#5082=ADVANCED_FACE('',(#630),#411,.T.);
#5083=ADVANCED_FACE('',(#631),#412,.T.);
#5084=ADVANCED_FACE('',(#632,#56,#57,#58,#59),#413,.T.);
#5085=ADVANCED_FACE('',(#633),#414,.T.);
#5086=ADVANCED_FACE('',(#634),#415,.T.);
#5087=ADVANCED_FACE('',(#635),#416,.T.);
#5088=ADVANCED_FACE('',(#636),#417,.T.);
#5089=ADVANCED_FACE('',(#637),#418,.T.);
#5090=ADVANCED_FACE('',(#638),#419,.T.);
#5091=ADVANCED_FACE('',(#639),#420,.T.);
#5092=ADVANCED_FACE('',(#640),#421,.T.);
#5093=ADVANCED_FACE('',(#641),#422,.T.);
#5094=ADVANCED_FACE('',(#642,#60,#61,#62,#63),#423,.T.);
#5095=ADVANCED_FACE('',(#643),#424,.T.);
#5096=ADVANCED_FACE('',(#644),#425,.T.);
#5097=ADVANCED_FACE('',(#645),#426,.T.);
#5098=ADVANCED_FACE('',(#646),#427,.T.);
#5099=ADVANCED_FACE('',(#647),#428,.T.);
#5100=ADVANCED_FACE('',(#648),#429,.T.);
#5101=ADVANCED_FACE('',(#649),#430,.T.);
#5102=ADVANCED_FACE('',(#650),#325,.T.);
#5103=ADVANCED_FACE('',(#651),#326,.F.);
#5104=ADVANCED_FACE('',(#652),#327,.T.);
#5105=ADVANCED_FACE('',(#653),#431,.T.);
#5106=ADVANCED_FACE('',(#654),#328,.T.);
#5107=ADVANCED_FACE('',(#655),#329,.F.);
#5108=ADVANCED_FACE('',(#656),#330,.T.);
#5109=ADVANCED_FACE('',(#657),#432,.T.);
#5110=ADVANCED_FACE('',(#658),#331,.T.);
#5111=ADVANCED_FACE('',(#659),#332,.F.);
#5112=ADVANCED_FACE('',(#660),#333,.T.);
#5113=ADVANCED_FACE('',(#661),#433,.T.);
#5114=ADVANCED_FACE('',(#662),#334,.T.);
#5115=ADVANCED_FACE('',(#663),#335,.F.);
#5116=ADVANCED_FACE('',(#664),#336,.T.);
#5117=ADVANCED_FACE('',(#665),#337,.F.);
#5118=ADVANCED_FACE('',(#666),#338,.F.);
#5119=ADVANCED_FACE('',(#667),#339,.F.);
#5120=ADVANCED_FACE('',(#668),#340,.T.);
#5121=ADVANCED_FACE('',(#669),#341,.T.);
#5122=ADVANCED_FACE('',(#670),#81,.T.);
#5123=ADVANCED_FACE('',(#671),#342,.F.);
#5124=ADVANCED_FACE('',(#672),#434,.F.);
#5125=ADVANCED_FACE('',(#673),#435,.T.);
#5126=ADVANCED_FACE('',(#674),#436,.F.);
#5127=ADVANCED_FACE('',(#675),#437,.F.);
#5128=ADVANCED_FACE('',(#676),#438,.F.);
#5129=ADVANCED_FACE('',(#677),#439,.F.);
#5130=ADVANCED_FACE('',(#678),#440,.F.);
#5131=ADVANCED_FACE('',(#679),#441,.F.);
#5132=ADVANCED_FACE('',(#680),#442,.F.);
#5133=ADVANCED_FACE('',(#681),#443,.F.);
#5134=ADVANCED_FACE('',(#682),#343,.F.);
#5135=ADVANCED_FACE('',(#683),#444,.F.);
#5136=ADVANCED_FACE('',(#684),#344,.F.);
#5137=ADVANCED_FACE('',(#685),#345,.F.);
#5138=ADVANCED_FACE('',(#686),#346,.F.);
#5139=ADVANCED_FACE('',(#687),#445,.F.);
#5140=ADVANCED_FACE('',(#688),#446,.T.);
#5141=ADVANCED_FACE('',(#689),#447,.T.);
#5142=ADVANCED_FACE('',(#690),#448,.F.);
#5143=ADVANCED_FACE('',(#691),#449,.T.);
#5144=ADVANCED_FACE('',(#692),#450,.T.);
#5145=ADVANCED_FACE('',(#693),#451,.T.);
#5146=ADVANCED_FACE('',(#694),#82,.F.);
#5147=ADVANCED_FACE('',(#695),#83,.F.);
#5148=ADVANCED_FACE('',(#696,#64),#452,.T.);
#5149=ADVANCED_FACE('',(#697),#347,.F.);
#5150=ADVANCED_FACE('',(#698,#65),#453,.T.);
#5151=ADVANCED_FACE('',(#699),#348,.F.);
#5152=ADVANCED_FACE('',(#700,#66),#454,.T.);
#5153=ADVANCED_FACE('',(#701),#349,.F.);
#5154=ADVANCED_FACE('',(#702),#350,.F.);
#5155=ADVANCED_FACE('',(#703),#455,.F.);
#5156=ADVANCED_FACE('',(#704),#456,.F.);
#5157=ADVANCED_FACE('',(#705),#457,.F.);
#5158=ADVANCED_FACE('',(#706),#458,.F.);
#5159=ADVANCED_FACE('',(#707),#459,.F.);
#5160=ADVANCED_FACE('',(#708),#460,.F.);
#5161=ADVANCED_FACE('',(#709),#461,.F.);
#5162=ADVANCED_FACE('',(#710),#462,.F.);
#5163=ADVANCED_FACE('',(#711),#463,.T.);
#5164=ADVANCED_FACE('',(#712),#464,.T.);
#5165=ADVANCED_FACE('',(#713),#465,.F.);
#5166=ADVANCED_FACE('',(#714),#466,.F.);
#5167=ADVANCED_FACE('',(#715,#67),#467,.F.);
#5168=ADVANCED_FACE('',(#716),#468,.F.);
#5169=ADVANCED_FACE('',(#717,#68),#469,.F.);
#5170=ADVANCED_FACE('',(#718),#470,.F.);
#5171=ADVANCED_FACE('',(#719,#69),#471,.F.);
#5172=ADVANCED_FACE('',(#720),#472,.F.);
#5173=ADVANCED_FACE('',(#721),#473,.F.);
#5174=ADVANCED_FACE('',(#722),#474,.F.);
#5175=ADVANCED_FACE('',(#723),#475,.F.);
#5176=ADVANCED_FACE('',(#724),#476,.F.);
#5177=ADVANCED_FACE('',(#725,#70),#477,.F.);
#5178=ADVANCED_FACE('',(#726),#478,.F.);
#5179=ADVANCED_FACE('',(#727,#71),#479,.F.);
#5180=ADVANCED_FACE('',(#728),#480,.F.);
#5181=ADVANCED_FACE('',(#729,#72),#481,.F.);
#5182=ADVANCED_FACE('',(#730),#482,.F.);
#5183=ADVANCED_FACE('',(#731),#483,.T.);
#5184=ADVANCED_FACE('',(#732),#484,.T.);
#5185=ADVANCED_FACE('',(#733),#485,.T.);
#5186=ADVANCED_FACE('',(#734),#351,.F.);
#5187=ADVANCED_FACE('',(#735),#486,.T.);
#5188=ADVANCED_FACE('',(#736),#487,.T.);
#5189=ADVANCED_FACE('',(#737),#352,.F.);
#5190=ADVANCED_FACE('',(#738),#488,.T.);
#5191=ADVANCED_FACE('',(#739),#489,.T.);
#5192=ADVANCED_FACE('',(#740),#490,.T.);
#5193=ADVANCED_FACE('',(#741),#491,.T.);
#5194=ADVANCED_FACE('',(#742),#492,.T.);
#5195=ADVANCED_FACE('',(#743),#493,.T.);
#5196=ADVANCED_FACE('',(#744),#494,.T.);
#5197=ADVANCED_FACE('',(#745,#73),#495,.T.);
#5198=ADVANCED_FACE('',(#746,#74),#496,.T.);
#5199=ADVANCED_FACE('',(#747),#353,.T.);
#5200=ADVANCED_FACE('',(#748),#497,.T.);
#5201=ADVANCED_FACE('',(#749),#498,.T.);
#5202=ADVANCED_FACE('',(#750),#354,.T.);
#5203=ADVANCED_FACE('',(#751),#30,.F.);
#5204=ADVANCED_FACE('',(#752),#355,.T.);
#5205=ADVANCED_FACE('',(#753),#499,.T.);
#5206=ADVANCED_FACE('',(#754),#500,.T.);
#5207=ADVANCED_FACE('',(#755),#356,.T.);
#5208=ADVANCED_FACE('',(#756),#501,.T.);
#5209=ADVANCED_FACE('',(#757),#357,.T.);
#5210=ADVANCED_FACE('',(#758),#31,.F.);
#5211=ADVANCED_FACE('',(#759),#358,.T.);
#5212=ADVANCED_FACE('',(#760),#502,.T.);
#5213=ADVANCED_FACE('',(#761),#503,.T.);
#5214=ADVANCED_FACE('',(#762),#359,.T.);
#5215=ADVANCED_FACE('',(#763),#504,.T.);
#5216=ADVANCED_FACE('',(#764),#505,.T.);
#5217=ADVANCED_FACE('',(#765),#506,.T.);
#5218=ADVANCED_FACE('',(#766),#507,.T.);
#5219=ADVANCED_FACE('',(#767),#13,.T.);
#5220=ADVANCED_FACE('',(#768),#508,.T.);
#5221=ADVANCED_FACE('',(#769),#509,.T.);
#5222=ADVANCED_FACE('',(#770),#14,.T.);
#5223=ADVANCED_FACE('',(#771),#510,.T.);
#5224=ADVANCED_FACE('',(#772),#511,.T.);
#5225=ADVANCED_FACE('',(#773),#512,.T.);
#5226=ADVANCED_FACE('',(#774),#513,.T.);
#5227=ADVANCED_FACE('',(#775),#514,.T.);
#5228=ADVANCED_FACE('',(#776),#360,.F.);
#5229=ADVANCED_FACE('',(#777),#515,.T.);
#5230=ADVANCED_FACE('',(#778),#361,.F.);
#5231=ADVANCED_FACE('',(#779,#75),#516,.T.);
#5232=ADVANCED_FACE('',(#780),#362,.F.);
#5233=ADVANCED_FACE('',(#781),#23,.F.);
#5234=ADVANCED_FACE('',(#782),#517,.T.);
#5235=ADVANCED_FACE('',(#783),#363,.F.);
#5236=ADVANCED_FACE('',(#784),#24,.F.);
#5237=ADVANCED_FACE('',(#785),#518,.T.);
#5238=ADVANCED_FACE('',(#786),#364,.F.);
#5239=ADVANCED_FACE('',(#787),#365,.F.);
#5240=ADVANCED_FACE('',(#788,#76,#77,#78),#519,.F.);
#5241=ADVANCED_FACE('',(#789),#366,.F.);
#5242=ADVANCED_FACE('',(#790),#367,.F.);
#5243=ADVANCED_FACE('',(#791),#368,.F.);
#5244=ADVANCED_FACE('',(#792),#520,.T.);
#5245=ADVANCED_FACE('',(#793),#521,.T.);
#5246=ADVANCED_FACE('',(#794),#522,.T.);
#5247=ADVANCED_FACE('',(#795),#523,.T.);
#5248=ADVANCED_FACE('',(#796),#524,.T.);
#5249=ADVANCED_FACE('',(#797),#525,.T.);
#5250=ADVANCED_FACE('',(#798),#526,.T.);
#5251=ADVANCED_FACE('',(#799),#527,.T.);
#5252=ADVANCED_FACE('',(#800),#369,.T.);
#5253=ADVANCED_FACE('',(#801),#528,.T.);
#5254=ADVANCED_FACE('',(#802),#529,.T.);
#5255=ADVANCED_FACE('',(#803),#530,.T.);
#5256=ADVANCED_FACE('',(#804),#370,.T.);
#5257=ADVANCED_FACE('',(#805),#531,.T.);
#5258=CLOSED_SHELL('',(#4984,#4985,#4986,#4987,#4988,#4989,#4990,#4991,
#4992,#4993,#4994,#4995,#4996,#4997,#4998,#4999,#5000,#5001,#5002,#5003,
#5004,#5005,#5006,#5007,#5008,#5009,#5010,#5011,#5012,#5013,#5014,#5015,
#5016,#5017,#5018,#5019,#5020,#5021,#5022,#5023,#5024,#5025,#5026,#5027,
#5028,#5029,#5030,#5031,#5032,#5033,#5034,#5035,#5036,#5037,#5038,#5039,
#5040,#5041,#5042,#5043,#5044,#5045,#5046,#5047,#5048,#5049,#5050,#5051,
#5052,#5053,#5054,#5055,#5056,#5057,#5058,#5059,#5060,#5061,#5062,#5063,
#5064,#5065,#5066,#5067,#5068,#5069,#5070,#5071,#5072,#5073,#5074,#5075,
#5076,#5077,#5078,#5079,#5080,#5081,#5082,#5083,#5084,#5085,#5086,#5087,
#5088,#5089,#5090,#5091,#5092,#5093,#5094,#5095,#5096,#5097,#5098,#5099,
#5100,#5101,#5102,#5103,#5104,#5105,#5106,#5107,#5108,#5109,#5110,#5111,
#5112,#5113,#5114,#5115,#5116,#5117,#5118,#5119,#5120,#5121,#5122,#5123,
#5124,#5125,#5126,#5127,#5128,#5129,#5130,#5131,#5132,#5133,#5134,#5135,
#5136,#5137,#5138,#5139,#5140,#5141,#5142,#5143,#5144,#5145,#5146,#5147,
#5148,#5149,#5150,#5151,#5152,#5153,#5154,#5155,#5156,#5157,#5158,#5159,
#5160,#5161,#5162,#5163,#5164,#5165,#5166,#5167,#5168,#5169,#5170,#5171,
#5172,#5173,#5174,#5175,#5176,#5177,#5178,#5179,#5180,#5181,#5182,#5183,
#5184,#5185,#5186,#5187,#5188,#5189,#5190,#5191,#5192,#5193,#5194,#5195,
#5196,#5197,#5198));
#5259=CLOSED_SHELL('',(#5199,#5200,#5201,#5202,#5203,#5204,#5205,#5206,
#5207,#5208,#5209,#5210,#5211,#5212,#5213,#5214,#5215,#5216,#5217,#5218,
#5219,#5220,#5221,#5222,#5223,#5224,#5225,#5226,#5227,#5228,#5229,#5230,
#5231,#5232,#5233,#5234,#5235,#5236,#5237,#5238,#5239,#5240,#5241,#5242,
#5243,#5244,#5245,#5246,#5247,#5248,#5249,#5250,#5251,#5252,#5253,#5254,
#5255,#5256,#5257));
#5260=DERIVED_UNIT_ELEMENT(#5262,1.);
#5261=DERIVED_UNIT_ELEMENT(#9050,-3.);
#5262=(
MASS_UNIT()
NAMED_UNIT(*)
SI_UNIT(.KILO.,.GRAM.)
);
#5263=DERIVED_UNIT((#5260,#5261));
#5264=MEASURE_REPRESENTATION_ITEM('density measure',
POSITIVE_RATIO_MEASURE(7850.),#5263);
#5265=PROPERTY_DEFINITION_REPRESENTATION(#5270,#5267);
#5266=PROPERTY_DEFINITION_REPRESENTATION(#5271,#5268);
#5267=REPRESENTATION('material name',(#5269),#9047);
#5268=REPRESENTATION('density',(#5264),#9047);
#5269=DESCRIPTIVE_REPRESENTATION_ITEM('PETG','PETG');
#5270=PROPERTY_DEFINITION('material property','material name',#9057);
#5271=PROPERTY_DEFINITION('material property','density of part',#9057);
#5272=AXIS2_PLACEMENT_3D('',#7189,#5734,#5735);
#5273=AXIS2_PLACEMENT_3D('',#7239,#5739,#5740);
#5274=AXIS2_PLACEMENT_3D('',#7314,#5747,#5748);
#5275=AXIS2_PLACEMENT_3D('',#7320,#5752,#5753);
#5276=AXIS2_PLACEMENT_3D('',#7326,#5757,#5758);
#5277=AXIS2_PLACEMENT_3D('',#7332,#5762,#5763);
#5278=AXIS2_PLACEMENT_3D('',#7335,#5766,#5767);
#5279=AXIS2_PLACEMENT_3D('',#7336,#5768,#5769);
#5280=AXIS2_PLACEMENT_3D('',#7339,#5770,#5771);
#5281=AXIS2_PLACEMENT_3D('',#7343,#5773,#5774);
#5282=AXIS2_PLACEMENT_3D('',#7345,#5776,#5777);
#5283=AXIS2_PLACEMENT_3D('',#7351,#5781,#5782);
#5284=AXIS2_PLACEMENT_3D('',#7354,#5783,#5784);
#5285=AXIS2_PLACEMENT_3D('',#7358,#5786,#5787);
#5286=AXIS2_PLACEMENT_3D('',#7360,#5789,#5790);
#5287=AXIS2_PLACEMENT_3D('',#7363,#5793,#5794);
#5288=AXIS2_PLACEMENT_3D('',#7365,#5795,#5796);
#5289=AXIS2_PLACEMENT_3D('',#7368,#5798,#5799);
#5290=AXIS2_PLACEMENT_3D('',#7369,#5800,#5801);
#5291=AXIS2_PLACEMENT_3D('',#7375,#5805,#5806);
#5292=AXIS2_PLACEMENT_3D('',#7377,#5807,#5808);
#5293=AXIS2_PLACEMENT_3D('',#7380,#5810,#5811);
#5294=AXIS2_PLACEMENT_3D('',#7381,#5812,#5813);
#5295=AXIS2_PLACEMENT_3D('',#7384,#5816,#5817);
#5296=AXIS2_PLACEMENT_3D('',#7386,#5818,#5819);
#5297=AXIS2_PLACEMENT_3D('',#7389,#5821,#5822);
#5298=AXIS2_PLACEMENT_3D('',#7390,#5823,#5824);
#5299=AXIS2_PLACEMENT_3D('',#7392,#5825,#5826);
#5300=AXIS2_PLACEMENT_3D('',#7395,#5828,#5829);
#5301=AXIS2_PLACEMENT_3D('',#7396,#5830,#5831);
#5302=AXIS2_PLACEMENT_3D('',#7398,#5832,#5833);
#5303=AXIS2_PLACEMENT_3D('',#7401,#5835,#5836);
#5304=AXIS2_PLACEMENT_3D('',#7402,#5837,#5838);
#5305=AXIS2_PLACEMENT_3D('',#7404,#5839,#5840);
#5306=AXIS2_PLACEMENT_3D('',#7407,#5842,#5843);
#5307=AXIS2_PLACEMENT_3D('',#7408,#5844,#5845);
#5308=AXIS2_PLACEMENT_3D('',#7417,#5850,#5851);
#5309=AXIS2_PLACEMENT_3D('',#7426,#5856,#5857);
#5310=AXIS2_PLACEMENT_3D('',#7428,#5858,#5859);
#5311=AXIS2_PLACEMENT_3D('',#7431,#5861,#5862);
#5312=AXIS2_PLACEMENT_3D('',#7432,#5863,#5864);
#5313=AXIS2_PLACEMENT_3D('',#7438,#5868,#5869);
#5314=AXIS2_PLACEMENT_3D('',#7440,#5870,#5871);
#5315=AXIS2_PLACEMENT_3D('',#7443,#5873,#5874);
#5316=AXIS2_PLACEMENT_3D('',#7444,#5875,#5876);
#5317=AXIS2_PLACEMENT_3D('',#7450,#5880,#5881);
#5318=AXIS2_PLACEMENT_3D('',#7451,#5882,#5883);
#5319=AXIS2_PLACEMENT_3D('',#7452,#5884,#5885);
#5320=AXIS2_PLACEMENT_3D('',#7453,#5886,#5887);
#5321=AXIS2_PLACEMENT_3D('',#7454,#5888,#5889);
#5322=AXIS2_PLACEMENT_3D('',#7455,#5890,#5891);
#5323=AXIS2_PLACEMENT_3D('',#7456,#5892,#5893);
#5324=AXIS2_PLACEMENT_3D('',#7459,#5894,#5895);
#5325=AXIS2_PLACEMENT_3D('',#7461,#5896,#5897);
#5326=AXIS2_PLACEMENT_3D('',#7463,#5898,#5899);
#5327=AXIS2_PLACEMENT_3D('',#7465,#5900,#5901);
#5328=AXIS2_PLACEMENT_3D('',#7466,#5902,#5903);
#5329=AXIS2_PLACEMENT_3D('',#7497,#5904,#5905);
#5330=AXIS2_PLACEMENT_3D('',#7501,#5907,#5908);
#5331=AXIS2_PLACEMENT_3D('',#7509,#5912,#5913);
#5332=AXIS2_PLACEMENT_3D('',#7512,#5915,#5916);
#5333=AXIS2_PLACEMENT_3D('',#7557,#5925,#5926);
#5334=AXIS2_PLACEMENT_3D('',#7561,#5927,#5928);
#5335=AXIS2_PLACEMENT_3D('',#7564,#5929,#5930);
#5336=AXIS2_PLACEMENT_3D('',#7565,#5931,#5932);
#5337=AXIS2_PLACEMENT_3D('',#7566,#5933,#5934);
#5338=AXIS2_PLACEMENT_3D('',#7595,#5935,#5936);
#5339=AXIS2_PLACEMENT_3D('',#7596,#5937,#5938);
#5340=AXIS2_PLACEMENT_3D('',#7597,#5939,#5940);
#5341=AXIS2_PLACEMENT_3D('',#7598,#5941,#5942);
#5342=AXIS2_PLACEMENT_3D('',#7599,#5943,#5944);
#5343=AXIS2_PLACEMENT_3D('',#7626,#5947,#5948);
#5344=AXIS2_PLACEMENT_3D('',#7628,#5949,#5950);
#5345=AXIS2_PLACEMENT_3D('',#7640,#5956,#5957);
#5346=AXIS2_PLACEMENT_3D('',#7644,#5959,#5960);
#5347=AXIS2_PLACEMENT_3D('',#7648,#5962,#5963);
#5348=AXIS2_PLACEMENT_3D('',#7652,#5965,#5966);
#5349=AXIS2_PLACEMENT_3D('',#7656,#5968,#5969);
#5350=AXIS2_PLACEMENT_3D('',#7660,#5971,#5972);
#5351=AXIS2_PLACEMENT_3D('',#7664,#5974,#5975);
#5352=AXIS2_PLACEMENT_3D('',#7668,#5977,#5978);
#5353=AXIS2_PLACEMENT_3D('',#7671,#5980,#5981);
#5354=AXIS2_PLACEMENT_3D('',#7676,#5983,#5984);
#5355=AXIS2_PLACEMENT_3D('',#7679,#5986,#5987);
#5356=AXIS2_PLACEMENT_3D('',#7680,#5988,#5989);
#5357=AXIS2_PLACEMENT_3D('',#7704,#5991,#5992);
#5358=AXIS2_PLACEMENT_3D('',#7728,#5994,#5995);
#5359=AXIS2_PLACEMENT_3D('',#7752,#5997,#5998);
#5360=AXIS2_PLACEMENT_3D('',#7776,#6000,#6001);
#5361=AXIS2_PLACEMENT_3D('',#7800,#6003,#6004);
#5362=AXIS2_PLACEMENT_3D('',#7803,#6005,#6006);
#5363=AXIS2_PLACEMENT_3D('',#7807,#6008,#6009);
#5364=AXIS2_PLACEMENT_3D('',#7809,#6011,#6012);
#5365=AXIS2_PLACEMENT_3D('',#7823,#6020,#6021);
#5366=AXIS2_PLACEMENT_3D('',#7826,#6022,#6023);
#5367=AXIS2_PLACEMENT_3D('',#7830,#6025,#6026);
#5368=AXIS2_PLACEMENT_3D('',#7832,#6028,#6029);
#5369=AXIS2_PLACEMENT_3D('',#7846,#6037,#6038);
#5370=AXIS2_PLACEMENT_3D('',#7849,#6039,#6040);
#5371=AXIS2_PLACEMENT_3D('',#7853,#6042,#6043);
#5372=AXIS2_PLACEMENT_3D('',#7855,#6045,#6046);
#5373=AXIS2_PLACEMENT_3D('',#7861,#6050,#6051);
#5374=AXIS2_PLACEMENT_3D('',#7864,#6052,#6053);
#5375=AXIS2_PLACEMENT_3D('',#7868,#6055,#6056);
#5376=AXIS2_PLACEMENT_3D('',#7870,#6058,#6059);
#5377=AXIS2_PLACEMENT_3D('',#7876,#6063,#6064);
#5378=AXIS2_PLACEMENT_3D('',#7881,#6067,#6068);
#5379=AXIS2_PLACEMENT_3D('',#7887,#6071,#6072);
#5380=AXIS2_PLACEMENT_3D('',#7890,#6074,#6075);
#5381=AXIS2_PLACEMENT_3D('',#7898,#6079,#6080);
#5382=AXIS2_PLACEMENT_3D('',#7901,#6082,#6083);
#5383=AXIS2_PLACEMENT_3D('',#7902,#6084,#6085);
#5384=AXIS2_PLACEMENT_3D('',#7904,#6086,#6087);
#5385=AXIS2_PLACEMENT_3D('',#7906,#6089,#6090);
#5386=AXIS2_PLACEMENT_3D('',#7909,#6091,#6092);
#5387=AXIS2_PLACEMENT_3D('',#7912,#6095,#6096);
#5388=AXIS2_PLACEMENT_3D('',#7916,#6099,#6100);
#5389=AXIS2_PLACEMENT_3D('',#7920,#6102,#6103);
#5390=AXIS2_PLACEMENT_3D('',#7922,#6105,#6106);
#5391=AXIS2_PLACEMENT_3D('',#7926,#6109,#6110);
#5392=AXIS2_PLACEMENT_3D('',#7929,#6111,#6112);
#5393=AXIS2_PLACEMENT_3D('',#7933,#6114,#6115);
#5394=AXIS2_PLACEMENT_3D('',#7935,#6117,#6118);
#5395=AXIS2_PLACEMENT_3D('',#7941,#6122,#6123);
#5396=AXIS2_PLACEMENT_3D('',#7943,#6124,#6125);
#5397=AXIS2_PLACEMENT_3D('',#7946,#6127,#6128);
#5398=AXIS2_PLACEMENT_3D('',#7947,#6129,#6130);
#5399=AXIS2_PLACEMENT_3D('',#7953,#6134,#6135);
#5400=AXIS2_PLACEMENT_3D('',#7956,#6136,#6137);
#5401=AXIS2_PLACEMENT_3D('',#7960,#6139,#6140);
#5402=AXIS2_PLACEMENT_3D('',#7962,#6142,#6143);
#5403=AXIS2_PLACEMENT_3D('',#7968,#6147,#6148);
#5404=AXIS2_PLACEMENT_3D('',#7975,#6152,#6153);
#5405=AXIS2_PLACEMENT_3D('',#7978,#6155,#6156);
#5406=AXIS2_PLACEMENT_3D('',#7986,#6160,#6161);
#5407=AXIS2_PLACEMENT_3D('',#7989,#6163,#6164);
#5408=AXIS2_PLACEMENT_3D('',#7990,#6165,#6166);
#5409=AXIS2_PLACEMENT_3D('',#7994,#6168,#6169);
#5410=AXIS2_PLACEMENT_3D('',#7996,#6171,#6172);
#5411=AXIS2_PLACEMENT_3D('',#8000,#6175,#6176);
#5412=AXIS2_PLACEMENT_3D('',#8002,#6177,#6178);
#5413=AXIS2_PLACEMENT_3D('',#8004,#6180,#6181);
#5414=AXIS2_PLACEMENT_3D('',#8010,#6185,#6186);
#5415=AXIS2_PLACEMENT_3D('',#8014,#6188,#6189);
#5416=AXIS2_PLACEMENT_3D('',#8019,#6193,#6194);
#5417=AXIS2_PLACEMENT_3D('',#8022,#6196,#6197);
#5418=AXIS2_PLACEMENT_3D('',#8023,#6198,#6199);
#5419=AXIS2_PLACEMENT_3D('',#8027,#6202,#6203);
#5420=AXIS2_PLACEMENT_3D('',#8029,#6204,#6205);
#5421=AXIS2_PLACEMENT_3D('',#8031,#6207,#6208);
#5422=AXIS2_PLACEMENT_3D('',#8033,#6210,#6211);
#5423=AXIS2_PLACEMENT_3D('',#8035,#6213,#6214);
#5424=AXIS2_PLACEMENT_3D('',#8037,#6216,#6217);
#5425=AXIS2_PLACEMENT_3D('',#8040,#6218,#6219);
#5426=AXIS2_PLACEMENT_3D('',#8042,#6220,#6221);
#5427=AXIS2_PLACEMENT_3D('',#8043,#6222,#6223);
#5428=AXIS2_PLACEMENT_3D('',#8044,#6224,#6225);
#5429=AXIS2_PLACEMENT_3D('',#8047,#6226,#6227);
#5430=AXIS2_PLACEMENT_3D('',#8050,#6230,#6231);
#5431=AXIS2_PLACEMENT_3D('',#8053,#6232,#6233);
#5432=AXIS2_PLACEMENT_3D('',#8055,#6234,#6235);
#5433=AXIS2_PLACEMENT_3D('',#8056,#6236,#6237);
#5434=AXIS2_PLACEMENT_3D('',#8057,#6238,#6239);
#5435=AXIS2_PLACEMENT_3D('',#8060,#6240,#6241);
#5436=AXIS2_PLACEMENT_3D('',#8063,#6244,#6245);
#5437=AXIS2_PLACEMENT_3D('',#8066,#6246,#6247);
#5438=AXIS2_PLACEMENT_3D('',#8069,#6250,#6251);
#5439=AXIS2_PLACEMENT_3D('',#8072,#6254,#6255);
#5440=AXIS2_PLACEMENT_3D('',#8075,#6256,#6257);
#5441=AXIS2_PLACEMENT_3D('',#8078,#6260,#6261);
#5442=AXIS2_PLACEMENT_3D('',#8110,#6279,#6280);
#5443=AXIS2_PLACEMENT_3D('',#8112,#6281,#6282);
#5444=AXIS2_PLACEMENT_3D('',#8115,#6284,#6285);
#5445=AXIS2_PLACEMENT_3D('',#8127,#6292,#6293);
#5446=AXIS2_PLACEMENT_3D('',#8130,#6295,#6296);
#5447=AXIS2_PLACEMENT_3D('',#8136,#6300,#6301);
#5448=AXIS2_PLACEMENT_3D('',#8149,#6310,#6311);
#5449=AXIS2_PLACEMENT_3D('',#8151,#6312,#6313);
#5450=AXIS2_PLACEMENT_3D('',#8154,#6315,#6316);
#5451=AXIS2_PLACEMENT_3D('',#8165,#6317,#6318);
#5452=AXIS2_PLACEMENT_3D('',#8166,#6319,#6320);
#5453=AXIS2_PLACEMENT_3D('',#8167,#6321,#6322);
#5454=AXIS2_PLACEMENT_3D('',#8170,#6324,#6325);
#5455=AXIS2_PLACEMENT_3D('',#8181,#6326,#6327);
#5456=AXIS2_PLACEMENT_3D('',#8182,#6328,#6329);
#5457=AXIS2_PLACEMENT_3D('',#8183,#6330,#6331);
#5458=AXIS2_PLACEMENT_3D('',#8185,#6332,#6333);
#5459=AXIS2_PLACEMENT_3D('',#8187,#6335,#6336);
#5460=AXIS2_PLACEMENT_3D('',#8194,#6340,#6341);
#5461=AXIS2_PLACEMENT_3D('',#8195,#6342,#6343);
#5462=AXIS2_PLACEMENT_3D('',#8198,#6345,#6346);
#5463=AXIS2_PLACEMENT_3D('',#8199,#6347,#6348);
#5464=AXIS2_PLACEMENT_3D('',#8203,#6351,#6352);
#5465=AXIS2_PLACEMENT_3D('',#8206,#6354,#6355);
#5466=AXIS2_PLACEMENT_3D('',#8207,#6356,#6357);
#5467=AXIS2_PLACEMENT_3D('',#8212,#6360,#6361);
#5468=AXIS2_PLACEMENT_3D('',#8215,#6363,#6364);
#5469=AXIS2_PLACEMENT_3D('',#8217,#6365,#6366);
#5470=AXIS2_PLACEMENT_3D('',#8220,#6368,#6369);
#5471=AXIS2_PLACEMENT_3D('',#8221,#6370,#6371);
#5472=AXIS2_PLACEMENT_3D('',#8224,#6373,#6374);
#5473=AXIS2_PLACEMENT_3D('',#8225,#6375,#6376);
#5474=AXIS2_PLACEMENT_3D('',#8234,#6381,#6382);
#5475=AXIS2_PLACEMENT_3D('',#8236,#6383,#6384);
#5476=AXIS2_PLACEMENT_3D('',#8238,#6385,#6386);
#5477=AXIS2_PLACEMENT_3D('',#8240,#6388,#6389);
#5478=AXIS2_PLACEMENT_3D('',#8250,#6397,#6398);
#5479=AXIS2_PLACEMENT_3D('',#8259,#6403,#6404);
#5480=AXIS2_PLACEMENT_3D('',#8260,#6405,#6406);
#5481=AXIS2_PLACEMENT_3D('',#8261,#6407,#6408);
#5482=AXIS2_PLACEMENT_3D('',#8262,#6409,#6410);
#5483=AXIS2_PLACEMENT_3D('',#8264,#6411,#6412);
#5484=AXIS2_PLACEMENT_3D('',#8272,#6416,#6417);
#5485=AXIS2_PLACEMENT_3D('',#8280,#6421,#6422);
#5486=AXIS2_PLACEMENT_3D('',#8287,#6426,#6427);
#5487=AXIS2_PLACEMENT_3D('',#8289,#6429,#6430);
#5488=AXIS2_PLACEMENT_3D('',#8295,#6434,#6435);
#5489=AXIS2_PLACEMENT_3D('',#8296,#6436,#6437);
#5490=AXIS2_PLACEMENT_3D('',#8297,#6438,#6439);
#5491=AXIS2_PLACEMENT_3D('',#8298,#6440,#6441);
#5492=AXIS2_PLACEMENT_3D('',#8304,#6445,#6446);
#5493=AXIS2_PLACEMENT_3D('',#8305,#6447,#6448);
#5494=AXIS2_PLACEMENT_3D('',#8306,#6449,#6450);
#5495=AXIS2_PLACEMENT_3D('',#8307,#6451,#6452);
#5496=AXIS2_PLACEMENT_3D('',#8313,#6456,#6457);
#5497=AXIS2_PLACEMENT_3D('',#8317,#6459,#6460);
#5498=AXIS2_PLACEMENT_3D('',#8318,#6461,#6462);
#5499=AXIS2_PLACEMENT_3D('',#8319,#6463,#6464);
#5500=AXIS2_PLACEMENT_3D('',#8328,#6471,#6472);
#5501=AXIS2_PLACEMENT_3D('',#8334,#6476,#6477);
#5502=AXIS2_PLACEMENT_3D('',#8335,#6478,#6479);
#5503=AXIS2_PLACEMENT_3D('',#8336,#6480,#6481);
#5504=AXIS2_PLACEMENT_3D('',#8337,#6482,#6483);
#5505=AXIS2_PLACEMENT_3D('',#8343,#6487,#6488);
#5506=AXIS2_PLACEMENT_3D('',#8344,#6489,#6490);
#5507=AXIS2_PLACEMENT_3D('',#8345,#6491,#6492);
#5508=AXIS2_PLACEMENT_3D('',#8346,#6493,#6494);
#5509=AXIS2_PLACEMENT_3D('',#8352,#6498,#6499);
#5510=AXIS2_PLACEMENT_3D('',#8353,#6500,#6501);
#5511=AXIS2_PLACEMENT_3D('',#8354,#6502,#6503);
#5512=AXIS2_PLACEMENT_3D('',#8355,#6504,#6505);
#5513=AXIS2_PLACEMENT_3D('',#8358,#6508,#6509);
#5514=AXIS2_PLACEMENT_3D('',#8359,#6510,#6511);
#5515=AXIS2_PLACEMENT_3D('',#8360,#6512,#6513);
#5516=AXIS2_PLACEMENT_3D('',#8362,#6515,#6516);
#5517=AXIS2_PLACEMENT_3D('',#8364,#6518,#6519);
#5518=AXIS2_PLACEMENT_3D('',#8365,#6520,#6521);
#5519=AXIS2_PLACEMENT_3D('',#8366,#6522,#6523);
#5520=AXIS2_PLACEMENT_3D('',#8368,#6525,#6526);
#5521=AXIS2_PLACEMENT_3D('',#8370,#6528,#6529);
#5522=AXIS2_PLACEMENT_3D('',#8371,#6530,#6531);
#5523=AXIS2_PLACEMENT_3D('',#8372,#6532,#6533);
#5524=AXIS2_PLACEMENT_3D('',#8374,#6535,#6536);
#5525=AXIS2_PLACEMENT_3D('',#8376,#6538,#6539);
#5526=AXIS2_PLACEMENT_3D('',#8377,#6540,#6541);
#5527=AXIS2_PLACEMENT_3D('',#8378,#6542,#6543);
#5528=AXIS2_PLACEMENT_3D('',#8379,#6544,#6545);
#5529=AXIS2_PLACEMENT_3D('',#8381,#6546,#6547);
#5530=AXIS2_PLACEMENT_3D('',#8384,#6549,#6550);
#5531=AXIS2_PLACEMENT_3D('',#8385,#6551,#6552);
#5532=AXIS2_PLACEMENT_3D('',#8389,#6554,#6555);
#5533=AXIS2_PLACEMENT_3D('',#8390,#6556,#6557);
#5534=AXIS2_PLACEMENT_3D('',#8391,#6558,#6559);
#5535=AXIS2_PLACEMENT_3D('',#8393,#6561,#6562);
#5536=AXIS2_PLACEMENT_3D('',#8398,#6564,#6565);
#5537=AXIS2_PLACEMENT_3D('',#8402,#6567,#6568);
#5538=AXIS2_PLACEMENT_3D('',#8417,#6569,#6570);
#5539=AXIS2_PLACEMENT_3D('',#8422,#6572,#6573);
#5540=AXIS2_PLACEMENT_3D('',#8440,#6575,#6576);
#5541=AXIS2_PLACEMENT_3D('',#8441,#6577,#6578);
#5542=AXIS2_PLACEMENT_3D('',#8442,#6579,#6580);
#5543=AXIS2_PLACEMENT_3D('',#8443,#6581,#6582);
#5544=AXIS2_PLACEMENT_3D('',#8444,#6583,#6584);
#5545=AXIS2_PLACEMENT_3D('',#8445,#6585,#6586);
#5546=AXIS2_PLACEMENT_3D('',#8446,#6587,#6588);
#5547=AXIS2_PLACEMENT_3D('',#8451,#6593,#6594);
#5548=AXIS2_PLACEMENT_3D('',#8453,#6596,#6597);
#5549=AXIS2_PLACEMENT_3D('',#8455,#6599,#6600);
#5550=AXIS2_PLACEMENT_3D('',#8458,#6603,#6604);
#5551=AXIS2_PLACEMENT_3D('',#8459,#6605,#6606);
#5552=AXIS2_PLACEMENT_3D('',#8460,#6607,#6608);
#5553=AXIS2_PLACEMENT_3D('',#8463,#6611,#6612);
#5554=AXIS2_PLACEMENT_3D('',#8465,#6614,#6615);
#5555=AXIS2_PLACEMENT_3D('',#8467,#6617,#6618);
#5556=AXIS2_PLACEMENT_3D('',#8468,#6619,#6620);
#5557=AXIS2_PLACEMENT_3D('',#8470,#6622,#6623);
#5558=AXIS2_PLACEMENT_3D('',#8472,#6625,#6626);
#5559=AXIS2_PLACEMENT_3D('',#8474,#6628,#6629);
#5560=AXIS2_PLACEMENT_3D('',#8475,#6630,#6631);
#5561=AXIS2_PLACEMENT_3D('',#8477,#6633,#6634);
#5562=AXIS2_PLACEMENT_3D('',#8478,#6635,#6636);
#5563=AXIS2_PLACEMENT_3D('',#8479,#6637,#6638);
#5564=AXIS2_PLACEMENT_3D('',#8481,#6640,#6641);
#5565=AXIS2_PLACEMENT_3D('',#8483,#6643,#6644);
#5566=AXIS2_PLACEMENT_3D('',#8485,#6646,#6647);
#5567=AXIS2_PLACEMENT_3D('',#8486,#6648,#6649);
#5568=AXIS2_PLACEMENT_3D('',#8487,#6650,#6651);
#5569=AXIS2_PLACEMENT_3D('',#8489,#6652,#6653);
#5570=AXIS2_PLACEMENT_3D('',#8490,#6654,#6655);
#5571=AXIS2_PLACEMENT_3D('',#8491,#6656,#6657);
#5572=AXIS2_PLACEMENT_3D('',#8493,#6658,#6659);
#5573=AXIS2_PLACEMENT_3D('',#8494,#6660,#6661);
#5574=AXIS2_PLACEMENT_3D('',#8495,#6662,#6663);
#5575=AXIS2_PLACEMENT_3D('',#8497,#6664,#6665);
#5576=AXIS2_PLACEMENT_3D('',#8499,#6666,#6667);
#5577=AXIS2_PLACEMENT_3D('',#8500,#6668,#6669);
#5578=AXIS2_PLACEMENT_3D('',#8502,#6670,#6671);
#5579=AXIS2_PLACEMENT_3D('',#8504,#6673,#6674);
#5580=AXIS2_PLACEMENT_3D('',#8505,#6675,#6676);
#5581=AXIS2_PLACEMENT_3D('',#8507,#6677,#6678);
#5582=AXIS2_PLACEMENT_3D('',#8510,#6680,#6681);
#5583=AXIS2_PLACEMENT_3D('',#8511,#6682,#6683);
#5584=AXIS2_PLACEMENT_3D('',#8512,#6684,#6685);
#5585=AXIS2_PLACEMENT_3D('',#8515,#6687,#6688);
#5586=AXIS2_PLACEMENT_3D('',#8516,#6689,#6690);
#5587=AXIS2_PLACEMENT_3D('',#8518,#6691,#6692);
#5588=AXIS2_PLACEMENT_3D('',#8521,#6694,#6695);
#5589=AXIS2_PLACEMENT_3D('',#8522,#6696,#6697);
#5590=AXIS2_PLACEMENT_3D('',#8531,#6702,#6703);
#5591=AXIS2_PLACEMENT_3D('',#8540,#6708,#6709);
#5592=AXIS2_PLACEMENT_3D('',#8549,#6714,#6715);
#5593=AXIS2_PLACEMENT_3D('',#8558,#6720,#6721);
#5594=AXIS2_PLACEMENT_3D('',#8567,#6726,#6727);
#5595=AXIS2_PLACEMENT_3D('',#8576,#6732,#6733);
#5596=AXIS2_PLACEMENT_3D('',#8585,#6738,#6739);
#5597=AXIS2_PLACEMENT_3D('',#8594,#6744,#6745);
#5598=AXIS2_PLACEMENT_3D('',#8603,#6750,#6751);
#5599=AXIS2_PLACEMENT_3D('',#8612,#6756,#6757);
#5600=AXIS2_PLACEMENT_3D('',#8618,#6761,#6762);
#5601=AXIS2_PLACEMENT_3D('',#8624,#6766,#6767);
#5602=AXIS2_PLACEMENT_3D('',#8628,#6771,#6772);
#5603=AXIS2_PLACEMENT_3D('',#8630,#6774,#6775);
#5604=AXIS2_PLACEMENT_3D('',#8634,#6779,#6780);
#5605=AXIS2_PLACEMENT_3D('',#8636,#6782,#6783);
#5606=AXIS2_PLACEMENT_3D('',#8638,#6785,#6786);
#5607=AXIS2_PLACEMENT_3D('',#8639,#6787,#6788);
#5608=AXIS2_PLACEMENT_3D('',#8640,#6789,#6790);
#5609=AXIS2_PLACEMENT_3D('',#8643,#6793,#6794);
#5610=AXIS2_PLACEMENT_3D('',#8649,#6798,#6799);
#5611=AXIS2_PLACEMENT_3D('',#8655,#6803,#6804);
#5612=AXIS2_PLACEMENT_3D('',#8658,#6807,#6808);
#5613=AXIS2_PLACEMENT_3D('',#8660,#6810,#6811);
#5614=AXIS2_PLACEMENT_3D('',#8663,#6814,#6815);
#5615=AXIS2_PLACEMENT_3D('',#8665,#6817,#6818);
#5616=AXIS2_PLACEMENT_3D('',#8667,#6820,#6821);
#5617=AXIS2_PLACEMENT_3D('',#8668,#6822,#6823);
#5618=AXIS2_PLACEMENT_3D('',#8673,#6827,#6828);
#5619=AXIS2_PLACEMENT_3D('',#8676,#6831,#6832);
#5620=AXIS2_PLACEMENT_3D('',#8678,#6834,#6835);
#5621=AXIS2_PLACEMENT_3D('',#8681,#6836,#6837);
#5622=AXIS2_PLACEMENT_3D('',#8685,#6839,#6840);
#5623=AXIS2_PLACEMENT_3D('',#8687,#6842,#6843);
#5624=AXIS2_PLACEMENT_3D('',#8691,#6845,#6846);
#5625=AXIS2_PLACEMENT_3D('',#8697,#6850,#6851);
#5626=AXIS2_PLACEMENT_3D('',#8701,#6854,#6855);
#5627=AXIS2_PLACEMENT_3D('',#8703,#6856,#6857);
#5628=AXIS2_PLACEMENT_3D('',#8705,#6859,#6860);
#5629=AXIS2_PLACEMENT_3D('',#8711,#6864,#6865);
#5630=AXIS2_PLACEMENT_3D('',#8717,#6869,#6870);
#5631=AXIS2_PLACEMENT_3D('',#8721,#6873,#6874);
#5632=AXIS2_PLACEMENT_3D('',#8725,#6877,#6878);
#5633=AXIS2_PLACEMENT_3D('',#8728,#6881,#6882);
#5634=AXIS2_PLACEMENT_3D('',#8730,#6884,#6885);
#5635=AXIS2_PLACEMENT_3D('',#8731,#6886,#6887);
#5636=AXIS2_PLACEMENT_3D('',#8732,#6888,#6889);
#5637=AXIS2_PLACEMENT_3D('',#8733,#6890,#6891);
#5638=AXIS2_PLACEMENT_3D('',#8736,#6892,#6893);
#5639=AXIS2_PLACEMENT_3D('',#8740,#6895,#6896);
#5640=AXIS2_PLACEMENT_3D('',#8742,#6898,#6899);
#5641=AXIS2_PLACEMENT_3D('',#8750,#6903,#6904);
#5642=AXIS2_PLACEMENT_3D('',#8754,#6907,#6908);
#5643=AXIS2_PLACEMENT_3D('',#8758,#6911,#6912);
#5644=AXIS2_PLACEMENT_3D('',#8761,#6913,#6914);
#5645=AXIS2_PLACEMENT_3D('',#8765,#6916,#6917);
#5646=AXIS2_PLACEMENT_3D('',#8777,#6919,#6920);
#5647=AXIS2_PLACEMENT_3D('',#8779,#6921,#6922);
#5648=AXIS2_PLACEMENT_3D('',#8780,#6923,#6924);
#5649=AXIS2_PLACEMENT_3D('',#8781,#6925,#6926);
#5650=AXIS2_PLACEMENT_3D('',#8784,#6927,#6928);
#5651=AXIS2_PLACEMENT_3D('',#8787,#6931,#6932);
#5652=AXIS2_PLACEMENT_3D('',#8793,#6935,#6936);
#5653=AXIS2_PLACEMENT_3D('',#8799,#6940,#6941);
#5654=AXIS2_PLACEMENT_3D('',#8803,#6944,#6945);
#5655=AXIS2_PLACEMENT_3D('',#8806,#6947,#6948);
#5656=AXIS2_PLACEMENT_3D('',#8807,#6949,#6950);
#5657=AXIS2_PLACEMENT_3D('',#8811,#6953,#6954);
#5658=AXIS2_PLACEMENT_3D('',#8814,#6955,#6956);
#5659=AXIS2_PLACEMENT_3D('',#8818,#6958,#6959);
#5660=AXIS2_PLACEMENT_3D('',#8830,#6961,#6962);
#5661=AXIS2_PLACEMENT_3D('',#8832,#6963,#6964);
#5662=AXIS2_PLACEMENT_3D('',#8833,#6965,#6966);
#5663=AXIS2_PLACEMENT_3D('',#8834,#6967,#6968);
#5664=AXIS2_PLACEMENT_3D('',#8837,#6969,#6970);
#5665=AXIS2_PLACEMENT_3D('',#8840,#6973,#6974);
#5666=AXIS2_PLACEMENT_3D('',#8846,#6977,#6978);
#5667=AXIS2_PLACEMENT_3D('',#8852,#6982,#6983);
#5668=AXIS2_PLACEMENT_3D('',#8856,#6986,#6987);
#5669=AXIS2_PLACEMENT_3D('',#8859,#6989,#6990);
#5670=AXIS2_PLACEMENT_3D('',#8860,#6991,#6992);
#5671=AXIS2_PLACEMENT_3D('',#8864,#6995,#6996);
#5672=AXIS2_PLACEMENT_3D('',#8870,#6999,#7000);
#5673=AXIS2_PLACEMENT_3D('',#8874,#7003,#7004);
#5674=AXIS2_PLACEMENT_3D('',#8876,#7006,#7007);
#5675=AXIS2_PLACEMENT_3D('',#8882,#7011,#7012);
#5676=AXIS2_PLACEMENT_3D('',#8885,#7014,#7015);
#5677=AXIS2_PLACEMENT_3D('',#8886,#7016,#7017);
#5678=AXIS2_PLACEMENT_3D('',#8888,#7019,#7020);
#5679=AXIS2_PLACEMENT_3D('',#8892,#7023,#7024);
#5680=AXIS2_PLACEMENT_3D('',#8894,#7025,#7026);
#5681=AXIS2_PLACEMENT_3D('',#8896,#7028,#7029);
#5682=AXIS2_PLACEMENT_3D('',#8900,#7032,#7033);
#5683=AXIS2_PLACEMENT_3D('',#8904,#7035,#7036);
#5684=AXIS2_PLACEMENT_3D('',#8908,#7039,#7040);
#5685=AXIS2_PLACEMENT_3D('',#8917,#7045,#7046);
#5686=AXIS2_PLACEMENT_3D('',#8923,#7050,#7051);
#5687=AXIS2_PLACEMENT_3D('',#8929,#7055,#7056);
#5688=AXIS2_PLACEMENT_3D('',#8931,#7057,#7058);
#5689=AXIS2_PLACEMENT_3D('',#8933,#7059,#7060);
#5690=AXIS2_PLACEMENT_3D('',#8935,#7062,#7063);
#5691=AXIS2_PLACEMENT_3D('',#8941,#7067,#7068);
#5692=AXIS2_PLACEMENT_3D('',#8942,#7069,#7070);
#5693=AXIS2_PLACEMENT_3D('',#8943,#7071,#7072);
#5694=AXIS2_PLACEMENT_3D('',#8944,#7073,#7074);
#5695=AXIS2_PLACEMENT_3D('',#8951,#7077,#7078);
#5696=AXIS2_PLACEMENT_3D('',#8955,#7080,#7081);
#5697=AXIS2_PLACEMENT_3D('',#8957,#7083,#7084);
#5698=AXIS2_PLACEMENT_3D('',#8960,#7085,#7086);
#5699=AXIS2_PLACEMENT_3D('',#8964,#7088,#7089);
#5700=AXIS2_PLACEMENT_3D('',#8966,#7091,#7092);
#5701=AXIS2_PLACEMENT_3D('',#8968,#7093,#7094);
#5702=AXIS2_PLACEMENT_3D('',#8969,#7095,#7096);
#5703=AXIS2_PLACEMENT_3D('',#8970,#7097,#7098);
#5704=AXIS2_PLACEMENT_3D('',#8973,#7101,#7102);
#5705=AXIS2_PLACEMENT_3D('',#8976,#7103,#7104);
#5706=AXIS2_PLACEMENT_3D('',#8979,#7107,#7108);
#5707=AXIS2_PLACEMENT_3D('',#8981,#7109,#7110);
#5708=AXIS2_PLACEMENT_3D('',#8982,#7111,#7112);
#5709=AXIS2_PLACEMENT_3D('',#8983,#7113,#7114);
#5710=AXIS2_PLACEMENT_3D('',#8985,#7116,#7117);
#5711=AXIS2_PLACEMENT_3D('',#8989,#7119,#7120);
#5712=AXIS2_PLACEMENT_3D('',#8991,#7122,#7123);
#5713=AXIS2_PLACEMENT_3D('',#8993,#7125,#7126);
#5714=AXIS2_PLACEMENT_3D('',#8996,#7127,#7128);
#5715=AXIS2_PLACEMENT_3D('',#9000,#7130,#7131);
#5716=AXIS2_PLACEMENT_3D('',#9012,#7140,#7141);
#5717=AXIS2_PLACEMENT_3D('',#9014,#7142,#7143);
#5718=AXIS2_PLACEMENT_3D('',#9016,#7145,#7146);
#5719=AXIS2_PLACEMENT_3D('',#9017,#7147,#7148);
#5720=AXIS2_PLACEMENT_3D('',#9019,#7150,#7151);
#5721=AXIS2_PLACEMENT_3D('',#9021,#7153,#7154);
#5722=AXIS2_PLACEMENT_3D('',#9023,#7156,#7157);
#5723=AXIS2_PLACEMENT_3D('',#9024,#7158,#7159);
#5724=AXIS2_PLACEMENT_3D('',#9028,#7162,#7163);
#5725=AXIS2_PLACEMENT_3D('',#9030,#7165,#7166);
#5726=AXIS2_PLACEMENT_3D('',#9031,#7167,#7168);
#5727=AXIS2_PLACEMENT_3D('',#9032,#7169,#7170);
#5728=AXIS2_PLACEMENT_3D('',#9035,#7173,#7174);
#5729=AXIS2_PLACEMENT_3D('',#9037,#7176,#7177);
#5730=AXIS2_PLACEMENT_3D('',#9039,#7179,#7180);
#5731=AXIS2_PLACEMENT_3D('',#9041,#7182,#7183);
#5732=AXIS2_PLACEMENT_3D('',#9043,#7185,#7186);
#5733=AXIS2_PLACEMENT_3D('',#9044,#7187,#7188);
#5734=DIRECTION('axis',(0.,0.,1.));
#5735=DIRECTION('refdir',(1.,0.,0.));
#5736=DIRECTION('',(0.,1.,0.));
#5737=DIRECTION('',(0.,1.,0.));
#5738=DIRECTION('',(0.,1.,0.));
#5739=DIRECTION('center_axis',(0.,0.,-1.));
#5740=DIRECTION('ref_axis',(-1.,0.,0.));
#5741=DIRECTION('',(-1.,0.,0.));
#5742=DIRECTION('',(0.,1.,0.));
#5743=DIRECTION('',(-1.,0.,0.));
#5744=DIRECTION('',(0.,1.,0.));
#5745=DIRECTION('',(0.,1.,0.));
#5746=DIRECTION('',(0.,1.,0.));
#5747=DIRECTION('center_axis',(1.,0.,2.78644210102E-16));
#5748=DIRECTION('ref_axis',(2.78644210102E-16,0.,-1.));
#5749=DIRECTION('',(2.78644210102E-16,0.,-1.));
#5750=DIRECTION('',(0.,1.,0.));
#5751=DIRECTION('',(2.78644210102E-16,0.,-1.));
#5752=DIRECTION('center_axis',(0.,0.,1.));
#5753=DIRECTION('ref_axis',(1.,0.,0.));
#5754=DIRECTION('',(1.,0.,0.));
#5755=DIRECTION('',(0.,1.,0.));
#5756=DIRECTION('',(1.,0.,0.));
#5757=DIRECTION('center_axis',(-1.,0.,-4.35581753722667E-16));
#5758=DIRECTION('ref_axis',(-4.35581753722667E-16,0.,1.));
#5759=DIRECTION('',(-4.35581753722667E-16,0.,1.));
#5760=DIRECTION('',(0.,1.,0.));
#5761=DIRECTION('',(-4.35581753722667E-16,0.,1.));
#5762=DIRECTION('center_axis',(0.,0.,-1.));
#5763=DIRECTION('ref_axis',(-1.,0.,0.));
#5764=DIRECTION('',(-1.,0.,0.));
#5765=DIRECTION('',(-1.,0.,0.));
#5766=DIRECTION('center_axis',(0.,-1.,0.));
#5767=DIRECTION('ref_axis',(1.,0.,0.));
#5768=DIRECTION('center_axis',(0.,-1.,0.));
#5769=DIRECTION('ref_axis',(-0.707106781186551,0.,0.707106781186544));
#5770=DIRECTION('center_axis',(0.,1.,0.));
#5771=DIRECTION('ref_axis',(-0.707106781186551,0.,0.707106781186544));
#5772=DIRECTION('',(0.,-1.,0.));
#5773=DIRECTION('center_axis',(0.,-1.,0.));
#5774=DIRECTION('ref_axis',(-0.707106781186551,0.,0.707106781186544));
#5775=DIRECTION('',(0.,1.,0.));
#5776=DIRECTION('center_axis',(0.,0.,1.));
#5777=DIRECTION('ref_axis',(-1.,0.,0.));
#5778=DIRECTION('',(-1.,0.,0.));
#5779=DIRECTION('',(0.,1.,0.));
#5780=DIRECTION('',(1.,0.,0.));
#5781=DIRECTION('center_axis',(0.,-1.,0.));
#5782=DIRECTION('ref_axis',(-0.707106781186551,0.,-0.707106781186544));
#5783=DIRECTION('center_axis',(0.,1.,0.));
#5784=DIRECTION('ref_axis',(-0.707106781186551,0.,-0.707106781186544));
#5785=DIRECTION('',(0.,-1.,0.));
#5786=DIRECTION('center_axis',(0.,-1.,0.));
#5787=DIRECTION('ref_axis',(-0.707106781186551,0.,-0.707106781186544));
#5788=DIRECTION('',(0.,1.,0.));
#5789=DIRECTION('center_axis',(-1.,0.,0.));
#5790=DIRECTION('ref_axis',(0.,0.,-1.));
#5791=DIRECTION('',(0.,0.,1.));
#5792=DIRECTION('',(0.,0.,-1.));
#5793=DIRECTION('center_axis',(0.,-1.,0.));
#5794=DIRECTION('ref_axis',(0.707106781186549,0.,0.707106781186546));
#5795=DIRECTION('center_axis',(0.,1.,0.));
#5796=DIRECTION('ref_axis',(0.707106781186549,0.,0.707106781186546));
#5797=DIRECTION('',(0.,-1.,0.));
#5798=DIRECTION('center_axis',(0.,-1.,0.));
#5799=DIRECTION('ref_axis',(0.707106781186549,0.,0.707106781186546));
#5800=DIRECTION('center_axis',(1.,0.,0.));
#5801=DIRECTION('ref_axis',(0.,0.,1.));
#5802=DIRECTION('',(0.,0.,1.));
#5803=DIRECTION('',(0.,1.,0.));
#5804=DIRECTION('',(0.,0.,-1.));
#5805=DIRECTION('center_axis',(0.,-1.,0.));
#5806=DIRECTION('ref_axis',(0.707106781186549,0.,-0.707106781186546));
#5807=DIRECTION('center_axis',(0.,1.,0.));
#5808=DIRECTION('ref_axis',(0.707106781186549,0.,-0.707106781186546));
#5809=DIRECTION('',(0.,-1.,0.));
#5810=DIRECTION('center_axis',(0.,-1.,0.));
#5811=DIRECTION('ref_axis',(0.707106781186549,0.,-0.707106781186546));
#5812=DIRECTION('center_axis',(0.,0.,-1.));
#5813=DIRECTION('ref_axis',(1.,0.,0.));
#5814=DIRECTION('',(-1.,0.,0.));
#5815=DIRECTION('',(1.,0.,0.));
#5816=DIRECTION('center_axis',(0.,-1.,0.));
#5817=DIRECTION('ref_axis',(-1.,0.,0.));
#5818=DIRECTION('center_axis',(0.,-1.,0.));
#5819=DIRECTION('ref_axis',(-1.,0.,0.));
#5820=DIRECTION('',(0.,-1.,0.));
#5821=DIRECTION('center_axis',(0.,1.,0.));
#5822=DIRECTION('ref_axis',(-1.,0.,0.));
#5823=DIRECTION('center_axis',(0.,-1.,0.));
#5824=DIRECTION('ref_axis',(-1.,0.,0.));
#5825=DIRECTION('center_axis',(0.,-1.,0.));
#5826=DIRECTION('ref_axis',(-1.,0.,0.));
#5827=DIRECTION('',(0.,-1.,0.));
#5828=DIRECTION('center_axis',(0.,1.,0.));
#5829=DIRECTION('ref_axis',(-1.,0.,0.));
#5830=DIRECTION('center_axis',(0.,-1.,0.));
#5831=DIRECTION('ref_axis',(-1.,0.,0.));
#5832=DIRECTION('center_axis',(0.,-1.,0.));
#5833=DIRECTION('ref_axis',(-1.,0.,0.));
#5834=DIRECTION('',(0.,-1.,0.));
#5835=DIRECTION('center_axis',(0.,1.,0.));
#5836=DIRECTION('ref_axis',(-1.,0.,0.));
#5837=DIRECTION('center_axis',(0.,-1.,0.));
#5838=DIRECTION('ref_axis',(-1.,0.,0.));
#5839=DIRECTION('center_axis',(0.,-1.,0.));
#5840=DIRECTION('ref_axis',(-1.,0.,0.));
#5841=DIRECTION('',(0.,-1.,0.));
#5842=DIRECTION('center_axis',(0.,1.,0.));
#5843=DIRECTION('ref_axis',(-1.,0.,0.));
#5844=DIRECTION('center_axis',(0.,0.,1.));
#5845=DIRECTION('ref_axis',(0.,1.,0.));
#5846=DIRECTION('',(-1.,0.,0.));
#5847=DIRECTION('',(-9.34924652315921E-17,1.,0.));
#5848=DIRECTION('',(1.,0.,0.));
#5849=DIRECTION('',(0.,-1.,0.));
#5850=DIRECTION('center_axis',(0.,0.,1.));
#5851=DIRECTION('ref_axis',(0.,1.,0.));
#5852=DIRECTION('',(-1.,0.,0.));
#5853=DIRECTION('',(0.,1.,0.));
#5854=DIRECTION('',(1.,0.,0.));
#5855=DIRECTION('',(0.,-1.,0.));
#5856=DIRECTION('center_axis',(-1.,0.,0.));
#5857=DIRECTION('ref_axis',(0.,-0.707106781186547,-0.707106781186547));
#5858=DIRECTION('center_axis',(1.,0.,0.));
#5859=DIRECTION('ref_axis',(0.,-0.707106781186547,0.707106781186547));
#5860=DIRECTION('',(-1.,0.,0.));
#5861=DIRECTION('center_axis',(-1.,0.,0.));
#5862=DIRECTION('ref_axis',(0.,-0.707106781186547,-0.707106781186547));
#5863=DIRECTION('center_axis',(0.,0.,-1.));
#5864=DIRECTION('ref_axis',(0.,-1.,0.));
#5865=DIRECTION('',(0.,-1.,0.));
#5866=DIRECTION('',(1.,0.,0.));
#5867=DIRECTION('',(0.,1.,0.));
#5868=DIRECTION('center_axis',(-1.,0.,0.));
#5869=DIRECTION('ref_axis',(0.,-0.707106781186547,-0.707106781186547));
#5870=DIRECTION('center_axis',(1.,9.34924652315921E-17,0.));
#5871=DIRECTION('ref_axis',(0.,-0.707106781186547,0.707106781186547));
#5872=DIRECTION('',(-1.,0.,0.));
#5873=DIRECTION('center_axis',(-1.,0.,0.));
#5874=DIRECTION('ref_axis',(0.,-0.707106781186547,-0.707106781186547));
#5875=DIRECTION('center_axis',(0.,0.,-1.));
#5876=DIRECTION('ref_axis',(0.,-1.,0.));
#5877=DIRECTION('',(9.34924652315921E-17,-1.,0.));
#5878=DIRECTION('',(1.,0.,0.));
#5879=DIRECTION('',(0.,1.,0.));
#5880=DIRECTION('center_axis',(-1.,0.,0.));
#5881=DIRECTION('ref_axis',(0.,0.707106781186547,-0.707106781186547));
#5882=DIRECTION('center_axis',(1.,9.34924652315921E-17,0.));
#5883=DIRECTION('ref_axis',(0.,0.707106781186547,-0.707106781186547));
#5884=DIRECTION('center_axis',(-1.,0.,0.));
#5885=DIRECTION('ref_axis',(0.,0.707106781186547,0.707106781186547));
#5886=DIRECTION('center_axis',(-1.,0.,0.));
#5887=DIRECTION('ref_axis',(0.,0.707106781186547,-0.707106781186547));
#5888=DIRECTION('center_axis',(1.,0.,0.));
#5889=DIRECTION('ref_axis',(0.,0.707106781186547,-0.707106781186547));
#5890=DIRECTION('center_axis',(-1.,0.,0.));
#5891=DIRECTION('ref_axis',(0.,0.707106781186547,0.707106781186547));
#5892=DIRECTION('center_axis',(0.,0.,1.));
#5893=DIRECTION('ref_axis',(2.83276944882399E-16,1.,0.));
#5894=DIRECTION('center_axis',(-0.918642982006156,-0.395088688285097,-5.09949295016774E-16));
#5895=DIRECTION('ref_axis',(-5.55111512312578E-16,0.,1.));
#5896=DIRECTION('center_axis',(0.,0.,1.));
#5897=DIRECTION('ref_axis',(-1.83697019872103E-16,1.,0.));
#5898=DIRECTION('center_axis',(0.,0.,1.));
#5899=DIRECTION('ref_axis',(-1.83697019872103E-16,1.,0.));
#5900=DIRECTION('center_axis',(0.918642982006155,-0.395088688285098,5.09949295016774E-16));
#5901=DIRECTION('ref_axis',(0.237053212971059,0.551185789203695,0.799999999999999));
#5902=DIRECTION('center_axis',(0.,0.,-1.));
#5903=DIRECTION('ref_axis',(-1.83697019872103E-16,1.,0.));
#5904=DIRECTION('center_axis',(0.,0.,1.));
#5905=DIRECTION('ref_axis',(1.,0.,0.));
#5906=DIRECTION('',(1.,0.,0.));
#5907=DIRECTION('center_axis',(0.,0.,1.));
#5908=DIRECTION('ref_axis',(-0.707106781186547,-0.707106781186547,0.));
#5909=DIRECTION('',(0.,-1.,0.));
#5910=DIRECTION('',(1.,0.,0.));
#5911=DIRECTION('',(0.,1.,0.));
#5912=DIRECTION('center_axis',(0.,0.,1.));
#5913=DIRECTION('ref_axis',(0.707106781186547,-0.707106781186547,0.));
#5914=DIRECTION('',(1.,0.,0.));
#5915=DIRECTION('center_axis',(0.,0.,-1.));
#5916=DIRECTION('ref_axis',(1.,0.,0.));
#5917=DIRECTION('',(0.,1.,0.));
#5918=DIRECTION('',(-1.,0.,0.));
#5919=DIRECTION('',(0.,-1.,0.));
#5920=DIRECTION('',(1.,0.,0.));
#5921=DIRECTION('',(0.,1.,0.));
#5922=DIRECTION('',(-1.,0.,0.));
#5923=DIRECTION('',(0.,-1.,0.));
#5924=DIRECTION('',(1.,0.,0.));
#5925=DIRECTION('center_axis',(0.,0.,1.));
#5926=DIRECTION('ref_axis',(-0.999985276917081,-0.00542641217271203,0.));
#5927=DIRECTION('center_axis',(0.,0.,1.));
#5928=DIRECTION('ref_axis',(1.,0.,0.));
#5929=DIRECTION('center_axis',(0.,0.,1.));
#5930=DIRECTION('ref_axis',(1.,0.,0.));
#5931=DIRECTION('center_axis',(0.,0.,1.));
#5932=DIRECTION('ref_axis',(1.,0.,0.));
#5933=DIRECTION('center_axis',(0.,-1.,0.));
#5934=DIRECTION('ref_axis',(-1.,0.,0.));
#5935=DIRECTION('center_axis',(0.,0.,1.));
#5936=DIRECTION('ref_axis',(-1.,0.,0.));
#5937=DIRECTION('center_axis',(0.,-1.,0.));
#5938=DIRECTION('ref_axis',(1.,0.,0.));
#5939=DIRECTION('center_axis',(0.,0.,-1.));
#5940=DIRECTION('ref_axis',(-1.,0.,0.));
#5941=DIRECTION('center_axis',(0.,0.,-1.));
#5942=DIRECTION('ref_axis',(-1.,0.,0.));
#5943=DIRECTION('center_axis',(9.34924652315921E-17,-1.,-9.62759304617558E-33));
#5944=DIRECTION('ref_axis',(-0.707106781186547,-6.61091561551062E-17,0.707106781186547));
#5945=DIRECTION('',(9.34924652315921E-17,-1.,-9.62759304617558E-33));
#5946=DIRECTION('',(-9.34924652315921E-17,1.,9.62759304617558E-33));
#5947=DIRECTION('center_axis',(1.02977208081174E-16,0.,1.));
#5948=DIRECTION('ref_axis',(1.,0.,-1.02977208081174E-16));
#5949=DIRECTION('center_axis',(0.,0.,1.));
#5950=DIRECTION('ref_axis',(1.,0.,0.));
#5951=DIRECTION('',(-1.,0.,0.));
#5952=DIRECTION('',(0.,-1.,0.));
#5953=DIRECTION('',(-1.,0.,1.02977208081174E-16));
#5954=DIRECTION('',(0.,1.,0.));
#5955=DIRECTION('',(-1.,0.,0.));
#5956=DIRECTION('center_axis',(0.,0.,1.));
#5957=DIRECTION('ref_axis',(1.,0.,0.));
#5958=DIRECTION('',(0.,1.,0.));
#5959=DIRECTION('center_axis',(0.,0.,-1.));
#5960=DIRECTION('ref_axis',(1.,0.,0.));
#5961=DIRECTION('',(1.07009448156642E-16,-1.,0.));
#5962=DIRECTION('center_axis',(0.,0.,-1.));
#5963=DIRECTION('ref_axis',(1.,0.,0.));
#5964=DIRECTION('',(0.,1.,0.));
#5965=DIRECTION('center_axis',(0.,0.,1.));
#5966=DIRECTION('ref_axis',(1.,0.,0.));
#5967=DIRECTION('',(1.,0.,-1.02977208081174E-16));
#5968=DIRECTION('center_axis',(0.,0.,-1.));
#5969=DIRECTION('ref_axis',(1.,0.,0.));
#5970=DIRECTION('',(-1.,0.,0.));
#5971=DIRECTION('center_axis',(0.,0.,-1.));
#5972=DIRECTION('ref_axis',(1.,0.,0.));
#5973=DIRECTION('',(1.,0.,-1.02977208081174E-16));
#5974=DIRECTION('center_axis',(0.,0.,1.));
#5975=DIRECTION('ref_axis',(1.,0.,0.));
#5976=DIRECTION('',(9.34924652315921E-17,-1.,-9.62759304617558E-33));
#5977=DIRECTION('center_axis',(0.,0.,-1.));
#5978=DIRECTION('ref_axis',(1.,0.,0.));
#5979=DIRECTION('',(0.,1.,0.));
#5980=DIRECTION('center_axis',(0.,0.,-1.));
#5981=DIRECTION('ref_axis',(1.,0.,0.));
#5982=DIRECTION('',(1.,0.,-1.02977208081174E-16));
#5983=DIRECTION('center_axis',(0.,0.,-1.));
#5984=DIRECTION('ref_axis',(1.,0.,0.));
#5985=DIRECTION('',(1.,-1.08314441426845E-16,0.));
#5986=DIRECTION('center_axis',(0.,0.,-1.));
#5987=DIRECTION('ref_axis',(1.,0.,0.));
#5988=DIRECTION('center_axis',(0.,1.,0.));
#5989=DIRECTION('ref_axis',(0.707106781186547,0.,0.707106781186547));
#5990=DIRECTION('',(0.,-1.,0.));
#5991=DIRECTION('center_axis',(9.34924652315921E-17,-1.,-9.62759304617558E-33));
#5992=DIRECTION('ref_axis',(-0.707106781186547,-6.61091561551062E-17,0.707106781186547));
#5993=DIRECTION('',(-9.34924652315921E-17,1.,9.62759304617558E-33));
#5994=DIRECTION('center_axis',(1.,0.,-1.02977208081174E-16));
#5995=DIRECTION('ref_axis',(1.57009245868377E-16,-0.707106781186547,0.707106781186547));
#5996=DIRECTION('',(-1.,0.,1.02977208081174E-16));
#5997=DIRECTION('center_axis',(1.,0.,-1.02977208081174E-16));
#5998=DIRECTION('ref_axis',(1.57009245868377E-16,-0.707106781186547,0.707106781186547));
#5999=DIRECTION('',(-1.,0.,1.02977208081174E-16));
#6000=DIRECTION('center_axis',(0.,1.,0.));
#6001=DIRECTION('ref_axis',(0.707106781186547,0.,0.707106781186547));
#6002=DIRECTION('',(0.,-1.,0.));
#6003=DIRECTION('center_axis',(-3.46944695195361E-16,1.,0.));
#6004=DIRECTION('ref_axis',(0.707106781186547,0.,-0.707106781186547));
#6005=DIRECTION('center_axis',(0.,-1.,0.));
#6006=DIRECTION('ref_axis',(0.707106781186547,0.,-0.707106781186547));
#6007=DIRECTION('',(-3.46944695195361E-16,1.,0.));
#6008=DIRECTION('center_axis',(0.,1.,0.));
#6009=DIRECTION('ref_axis',(0.707106781186547,0.,-0.707106781186547));
#6010=DIRECTION('',(3.46944695195361E-16,-1.,0.));
#6011=DIRECTION('center_axis',(-1.,-3.46944695195361E-16,0.));
#6012=DIRECTION('ref_axis',(3.46944695195361E-16,-1.,0.));
#6013=DIRECTION('',(0.,0.,1.));
#6014=DIRECTION('',(-3.46944695195361E-16,1.,0.));
#6015=DIRECTION('',(0.,0.,-1.));
#6016=DIRECTION('',(3.46944695195361E-16,-1.,0.));
#6017=DIRECTION('',(0.,0.,1.));
#6018=DIRECTION('',(-3.46944695195361E-16,1.,0.));
#6019=DIRECTION('',(0.,0.,1.));
#6020=DIRECTION('center_axis',(0.,-1.,0.));
#6021=DIRECTION('ref_axis',(-0.707106781186547,0.,-0.707106781186547));
#6022=DIRECTION('center_axis',(0.,1.,0.));
#6023=DIRECTION('ref_axis',(-0.707106781186547,0.,-0.707106781186547));
#6024=DIRECTION('',(0.,-1.,0.));
#6025=DIRECTION('center_axis',(0.,-1.,0.));
#6026=DIRECTION('ref_axis',(-0.707106781186547,0.,-0.707106781186547));
#6027=DIRECTION('',(0.,1.,0.));
#6028=DIRECTION('center_axis',(1.,0.,0.));
#6029=DIRECTION('ref_axis',(0.,1.,0.));
#6030=DIRECTION('',(0.,0.,1.));
#6031=DIRECTION('',(0.,-1.,0.));
#6032=DIRECTION('',(0.,0.,-1.));
#6033=DIRECTION('',(0.,1.,0.));
#6034=DIRECTION('',(0.,0.,1.));
#6035=DIRECTION('',(0.,-1.,0.));
#6036=DIRECTION('',(0.,0.,1.));
#6037=DIRECTION('center_axis',(3.33275204390291E-16,-1.,0.));
#6038=DIRECTION('ref_axis',(-0.707106781186547,-3.14018491736755E-16,0.707106781186547));
#6039=DIRECTION('center_axis',(-2.59052048247122E-16,1.,0.));
#6040=DIRECTION('ref_axis',(-0.707106781186547,-3.14018491736755E-16,0.707106781186547));
#6041=DIRECTION('',(3.33275204390291E-16,-1.,0.));
#6042=DIRECTION('center_axis',(3.70074354638746E-17,-1.,0.));
#6043=DIRECTION('ref_axis',(-0.707106781186547,-3.14018491736755E-16,0.707106781186547));
#6044=DIRECTION('',(-3.33275204390291E-16,1.,0.));
#6045=DIRECTION('center_axis',(0.,0.,1.));
#6046=DIRECTION('ref_axis',(1.,0.,0.));
#6047=DIRECTION('',(-1.,-2.59052048247122E-16,0.));
#6048=DIRECTION('',(0.,1.,0.));
#6049=DIRECTION('',(1.,3.70074354638746E-17,0.));
#6050=DIRECTION('center_axis',(0.,1.,0.));
#6051=DIRECTION('ref_axis',(0.707106781186547,0.,0.707106781186547));
#6052=DIRECTION('center_axis',(2.59052048247122E-16,-1.,0.));
#6053=DIRECTION('ref_axis',(0.707106781186547,0.,0.707106781186547));
#6054=DIRECTION('',(0.,-1.,0.));
#6055=DIRECTION('center_axis',(-3.70074354638746E-17,1.,0.));
#6056=DIRECTION('ref_axis',(0.707106781186547,0.,0.707106781186547));
#6057=DIRECTION('',(0.,1.,0.));
#6058=DIRECTION('center_axis',(0.,0.,1.));
#6059=DIRECTION('ref_axis',(1.,0.,0.));
#6060=DIRECTION('',(-1.,-2.51371274711013E-16,0.));
#6061=DIRECTION('',(-3.33275204390291E-16,1.,0.));
#6062=DIRECTION('',(1.,4.18952124518355E-17,0.));
#6063=DIRECTION('center_axis',(-2.59052048247122E-16,1.,0.));
#6064=DIRECTION('ref_axis',(1.,2.59052048247122E-16,0.));
#6065=DIRECTION('',(0.,0.,1.));
#6066=DIRECTION('',(0.,0.,-1.));
#6067=DIRECTION('center_axis',(-2.59052048247122E-16,1.,0.));
#6068=DIRECTION('ref_axis',(-0.707106781186547,-3.14018491736755E-16,-0.707106781186547));
#6069=DIRECTION('',(1.,2.59052048247122E-16,0.));
#6070=DIRECTION('',(0.,0.,1.));
#6071=DIRECTION('center_axis',(-2.59052048247122E-16,1.,0.));
#6072=DIRECTION('ref_axis',(0.707106781186547,0.,0.707106781186547));
#6073=DIRECTION('',(1.,2.59052048247122E-16,0.));
#6074=DIRECTION('center_axis',(-2.59052048247122E-16,1.,0.));
#6075=DIRECTION('ref_axis',(-0.707106781186547,0.,0.707106781186547));
#6076=DIRECTION('',(-1.,-2.59052048247122E-16,0.));
#6077=DIRECTION('',(0.,0.,1.));
#6078=DIRECTION('',(1.,2.59052048247122E-16,0.));
#6079=DIRECTION('center_axis',(-2.59052048247122E-16,1.,0.));
#6080=DIRECTION('ref_axis',(0.658724631355539,1.47560667353086E-16,-0.752384117353303));
#6081=DIRECTION('',(-0.132163720091018,-3.42372823935374E-17,-0.991227900682635));
#6082=DIRECTION('center_axis',(2.59052048247122E-16,-1.,0.));
#6083=DIRECTION('ref_axis',(-0.707106781186547,-3.14018491736755E-16,0.707106781186547));
#6084=DIRECTION('center_axis',(3.33275204390291E-16,-1.,0.));
#6085=DIRECTION('ref_axis',(-0.707106781186547,-3.14018491736755E-16,0.707106781186547));
#6086=DIRECTION('center_axis',(-3.70074354638746E-17,1.,0.));
#6087=DIRECTION('ref_axis',(-0.707106781186547,-3.14018491736755E-16,0.707106781186547));
#6088=DIRECTION('',(-3.33275204390291E-16,1.,0.));
#6089=DIRECTION('center_axis',(-3.33275204390291E-16,1.,0.));
#6090=DIRECTION('ref_axis',(-0.707106781186547,-3.14018491736755E-16,-0.707106781186547));
#6091=DIRECTION('center_axis',(3.70074354638746E-17,-1.,0.));
#6092=DIRECTION('ref_axis',(-0.707106781186547,-3.14018491736755E-16,-0.707106781186547));
#6093=DIRECTION('',(-3.33275204390291E-16,1.,0.));
#6094=DIRECTION('',(3.33275204390291E-16,-1.,0.));
#6095=DIRECTION('center_axis',(0.,0.,1.));
#6096=DIRECTION('ref_axis',(1.,0.,0.));
#6097=DIRECTION('',(-1.,-3.70074354638746E-17,0.));
#6098=DIRECTION('',(0.,-1.,0.));
#6099=DIRECTION('center_axis',(3.33275204390291E-16,-1.,0.));
#6100=DIRECTION('ref_axis',(0.658724631355539,1.47560667353086E-16,-0.752384117353303));
#6101=DIRECTION('',(3.33275204390291E-16,-1.,0.));
#6102=DIRECTION('center_axis',(3.70074354638746E-17,-1.,0.));
#6103=DIRECTION('ref_axis',(0.658724631355539,1.47560667353086E-16,-0.752384117353303));
#6104=DIRECTION('',(-3.33275204390291E-16,1.,0.));
#6105=DIRECTION('center_axis',(0.,0.,1.));
#6106=DIRECTION('ref_axis',(1.,0.,0.));
#6107=DIRECTION('',(0.,1.,0.));
#6108=DIRECTION('',(-1.,-3.70074354638746E-17,0.));
#6109=DIRECTION('center_axis',(0.,1.,0.));
#6110=DIRECTION('ref_axis',(0.707106781186547,0.,-0.707106781186547));
#6111=DIRECTION('center_axis',(1.48029741855498E-16,-1.,0.));
#6112=DIRECTION('ref_axis',(0.707106781186547,0.,-0.707106781186547));
#6113=DIRECTION('',(0.,1.,0.));
#6114=DIRECTION('center_axis',(7.40148709277491E-17,1.,0.));
#6115=DIRECTION('ref_axis',(0.707106781186547,0.,-0.707106781186547));
#6116=DIRECTION('',(0.,-1.,0.));
#6117=DIRECTION('center_axis',(1.,0.,0.));
#6118=DIRECTION('ref_axis',(0.,1.,0.));
#6119=DIRECTION('',(0.,0.,-1.));
#6120=DIRECTION('',(0.,-1.,0.));
#6121=DIRECTION('',(0.,0.,1.));
#6122=DIRECTION('center_axis',(0.,1.,0.));
#6123=DIRECTION('ref_axis',(0.707106781186547,0.,0.707106781186547));
#6124=DIRECTION('center_axis',(1.48029741855498E-16,-1.,0.));
#6125=DIRECTION('ref_axis',(0.707106781186547,0.,0.707106781186547));
#6126=DIRECTION('',(0.,1.,0.));
#6127=DIRECTION('center_axis',(7.40148709277491E-17,1.,0.));
#6128=DIRECTION('ref_axis',(0.707106781186547,0.,0.707106781186547));
#6129=DIRECTION('center_axis',(0.,0.,1.));
#6130=DIRECTION('ref_axis',(1.,0.,0.));
#6131=DIRECTION('',(1.,1.48029741855498E-16,0.));
#6132=DIRECTION('',(0.,-1.,0.));
#6133=DIRECTION('',(-1.,7.40148709277491E-17,0.));
#6134=DIRECTION('center_axis',(0.,-1.,0.));
#6135=DIRECTION('ref_axis',(-0.707106781186547,0.,0.707106781186547));
#6136=DIRECTION('center_axis',(-1.48029741855498E-16,1.,0.));
#6137=DIRECTION('ref_axis',(-0.707106781186547,0.,0.707106781186547));
#6138=DIRECTION('',(0.,1.,0.));
#6139=DIRECTION('center_axis',(-7.40148709277491E-17,-1.,0.));
#6140=DIRECTION('ref_axis',(-0.707106781186547,0.,0.707106781186547));
#6141=DIRECTION('',(0.,-1.,0.));
#6142=DIRECTION('center_axis',(0.,0.,1.));
#6143=DIRECTION('ref_axis',(1.,0.,0.));
#6144=DIRECTION('',(1.,1.67580849807342E-16,0.));
#6145=DIRECTION('',(0.,-1.,0.));
#6146=DIRECTION('',(-1.,8.3790424903671E-17,0.));
#6147=DIRECTION('center_axis',(1.48029741855498E-16,-1.,0.));
#6148=DIRECTION('ref_axis',(-1.,-1.48029741855498E-16,0.));
#6149=DIRECTION('',(0.,0.,1.));
#6150=DIRECTION('',(-1.,-1.48029741855498E-16,0.));
#6151=DIRECTION('',(0.,0.,1.));
#6152=DIRECTION('center_axis',(1.48029741855498E-16,-1.,0.));
#6153=DIRECTION('ref_axis',(-0.707106781186547,0.,0.707106781186547));
#6154=DIRECTION('',(-1.,-1.48029741855498E-16,0.));
#6155=DIRECTION('center_axis',(1.48029741855498E-16,-1.,0.));
#6156=DIRECTION('ref_axis',(0.707106781186547,0.,0.707106781186547));
#6157=DIRECTION('',(1.,1.48029741855498E-16,0.));
#6158=DIRECTION('',(0.,0.,1.));
#6159=DIRECTION('',(-1.,-1.48029741855498E-16,0.));
#6160=DIRECTION('center_axis',(1.48029741855498E-16,-1.,0.));
#6161=DIRECTION('ref_axis',(-0.658724631355539,0.,-0.752384117353303));
#6162=DIRECTION('',(0.132163720091018,1.95641613677357E-17,-0.991227900682635));
#6163=DIRECTION('center_axis',(-1.48029741855498E-16,1.,0.));
#6164=DIRECTION('ref_axis',(0.707106781186547,0.,0.707106781186547));
#6165=DIRECTION('center_axis',(0.,1.,0.));
#6166=DIRECTION('ref_axis',(-0.658724631355539,0.,-0.752384117353303));
#6167=DIRECTION('',(0.,1.,0.));
#6168=DIRECTION('center_axis',(7.40148709277491E-17,1.,0.));
#6169=DIRECTION('ref_axis',(-0.658724631355539,0.,-0.752384117353303));
#6170=DIRECTION('',(0.,-1.,0.));
#6171=DIRECTION('center_axis',(0.,0.,1.));
#6172=DIRECTION('ref_axis',(1.,0.,0.));
#6173=DIRECTION('',(0.,-1.,0.));
#6174=DIRECTION('',(1.,-7.40148709277491E-17,0.));
#6175=DIRECTION('center_axis',(0.,1.,0.));
#6176=DIRECTION('ref_axis',(0.707106781186547,0.,0.707106781186547));
#6177=DIRECTION('center_axis',(-7.40148709277491E-17,-1.,0.));
#6178=DIRECTION('ref_axis',(0.707106781186547,0.,0.707106781186547));
#6179=DIRECTION('',(0.,-1.,0.));
#6180=DIRECTION('center_axis',(7.40148709277491E-17,1.,0.));
#6181=DIRECTION('ref_axis',(1.,-7.40148709277491E-17,0.));
#6182=DIRECTION('',(-0.132163720091018,9.78208068386787E-18,0.991227900682635));
#6183=DIRECTION('',(0.,0.,1.));
#6184=DIRECTION('',(1.,-7.40148709277491E-17,0.));
#6185=DIRECTION('center_axis',(7.40148709277491E-17,1.,0.));
#6186=DIRECTION('ref_axis',(0.707106781186547,0.,0.707106781186547));
#6187=DIRECTION('',(1.,-7.40148709277491E-17,0.));
#6188=DIRECTION('center_axis',(7.40148709277491E-17,1.,0.));
#6189=DIRECTION('ref_axis',(-0.707106781186547,0.,0.707106781186547));
#6190=DIRECTION('',(0.,0.,-1.));
#6191=DIRECTION('',(1.,-7.40148709277491E-17,0.));
#6192=DIRECTION('',(0.,0.,1.));
#6193=DIRECTION('center_axis',(0.,-1.,0.));
#6194=DIRECTION('ref_axis',(-0.707106781186547,0.,0.707106781186547));
#6195=DIRECTION('',(0.,-1.,0.));
#6196=DIRECTION('center_axis',(3.70074354638746E-17,-1.,0.));
#6197=DIRECTION('ref_axis',(-0.707106781186547,0.,0.707106781186547));
#6198=DIRECTION('center_axis',(0.,0.,1.));
#6199=DIRECTION('ref_axis',(1.,0.,0.));
#6200=DIRECTION('',(0.,1.,0.));
#6201=DIRECTION('',(-1.,-3.70074354638746E-17,0.));
#6202=DIRECTION('center_axis',(0.,1.,0.));
#6203=DIRECTION('ref_axis',(0.707106781186547,0.,0.707106781186547));
#6204=DIRECTION('center_axis',(3.70074354638746E-17,-1.,0.));
#6205=DIRECTION('ref_axis',(0.707106781186547,0.,0.707106781186547));
#6206=DIRECTION('',(0.,-1.,0.));
#6207=DIRECTION('center_axis',(-3.46944695195361E-16,1.,0.));
#6208=DIRECTION('ref_axis',(0.707106781186547,0.,0.707106781186547));
#6209=DIRECTION('',(-3.46944695195361E-16,1.,0.));
#6210=DIRECTION('center_axis',(0.,0.,1.));
#6211=DIRECTION('ref_axis',(1.,0.,0.));
#6212=DIRECTION('',(9.34924652315921E-17,-1.,0.));
#6213=DIRECTION('center_axis',(9.34924652315921E-17,-1.,0.));
#6214=DIRECTION('ref_axis',(-0.707106781186547,0.,0.707106781186547));
#6215=DIRECTION('',(-9.34924652315921E-17,1.,0.));
#6216=DIRECTION('center_axis',(-0.816496580927727,-0.408248290463862,-0.408248290463862));
#6217=DIRECTION('ref_axis',(0.577350269189625,-0.577350269189628,-0.577350269189625));
#6218=DIRECTION('center_axis',(0.,0.,1.));
#6219=DIRECTION('ref_axis',(1.,0.,0.));
#6220=DIRECTION('center_axis',(3.5527136788005E-15,1.,0.));
#6221=DIRECTION('ref_axis',(0.,0.,-1.));
#6222=DIRECTION('center_axis',(-1.,0.,0.));
#6223=DIRECTION('ref_axis',(0.,-1.,0.));
#6224=DIRECTION('center_axis',(0.,1.,0.));
#6225=DIRECTION('ref_axis',(0.707106781186547,0.,-0.707106781186547));
#6226=DIRECTION('center_axis',(0.,-1.,0.));
#6227=DIRECTION('ref_axis',(0.707106781186547,0.,-0.707106781186547));
#6228=DIRECTION('',(0.,-1.,0.));
#6229=DIRECTION('',(0.,1.,0.));
#6230=DIRECTION('center_axis',(0.408248290463863,-0.816496580927725,0.408248290463865));
#6231=DIRECTION('ref_axis',(-0.577350269189626,-0.577350269189626,-0.577350269189627));
#6232=DIRECTION('center_axis',(1.,0.,0.));
#6233=DIRECTION('ref_axis',(0.,0.,-1.));
#6234=DIRECTION('center_axis',(0.,1.,0.));
#6235=DIRECTION('ref_axis',(-1.,0.,0.));
#6236=DIRECTION('center_axis',(0.,0.,1.));
#6237=DIRECTION('ref_axis',(0.,-1.,0.));
#6238=DIRECTION('center_axis',(9.34924652315921E-17,-1.,0.));
#6239=DIRECTION('ref_axis',(-0.707106781186547,0.,-0.707106781186547));
#6240=DIRECTION('center_axis',(0.,-1.,0.));
#6241=DIRECTION('ref_axis',(-0.707106781186547,0.,-0.707106781186547));
#6242=DIRECTION('',(9.34924652315921E-17,-1.,0.));
#6243=DIRECTION('',(-9.34924652315921E-17,1.,0.));
#6244=DIRECTION('center_axis',(0.,0.,1.));
#6245=DIRECTION('ref_axis',(-0.707106781186547,-0.707106781186547,0.));
#6246=DIRECTION('center_axis',(0.,0.,1.));
#6247=DIRECTION('ref_axis',(-0.707106781186547,-0.707106781186547,0.));
#6248=DIRECTION('',(0.,0.,-1.));
#6249=DIRECTION('',(0.,0.,1.));
#6250=DIRECTION('center_axis',(1.,0.,0.));
#6251=DIRECTION('ref_axis',(0.,-0.707106781186547,-0.707106781186547));
#6252=DIRECTION('',(-1.,0.,0.));
#6253=DIRECTION('',(1.,0.,0.));
#6254=DIRECTION('center_axis',(0.,0.,1.));
#6255=DIRECTION('ref_axis',(0.707106781186547,-0.707106781186547,0.));
#6256=DIRECTION('center_axis',(0.,0.,1.));
#6257=DIRECTION('ref_axis',(0.707106781186547,-0.707106781186547,0.));
#6258=DIRECTION('',(0.,0.,-1.));
#6259=DIRECTION('',(0.,0.,1.));
#6260=DIRECTION('center_axis',(0.,0.,1.));
#6261=DIRECTION('ref_axis',(1.,0.,0.));
#6262=DIRECTION('',(-1.,0.,0.));
#6263=DIRECTION('',(0.,-1.,0.));
#6264=DIRECTION('',(1.,0.,0.));
#6265=DIRECTION('',(0.,1.,0.));
#6266=DIRECTION('',(-1.,0.,0.));
#6267=DIRECTION('',(1.,0.,0.));
#6268=DIRECTION('',(-1.,0.,0.));
#6269=DIRECTION('',(0.,1.,0.));
#6270=DIRECTION('',(1.,0.,0.));
#6271=DIRECTION('',(0.,-1.,0.));
#6272=DIRECTION('',(-1.,0.,0.));
#6273=DIRECTION('',(0.,1.,0.));
#6274=DIRECTION('',(1.,0.,0.));
#6275=DIRECTION('',(1.,0.,0.));
#6276=DIRECTION('',(1.,0.,0.));
#6277=DIRECTION('',(0.,-1.,0.));
#6278=DIRECTION('',(-1.,0.,0.));
#6279=DIRECTION('center_axis',(0.,-1.,0.));
#6280=DIRECTION('ref_axis',(1.,0.,0.));
#6281=DIRECTION('center_axis',(0.,-1.,0.));
#6282=DIRECTION('ref_axis',(-0.707106781186547,0.,-0.707106781186547));
#6283=DIRECTION('',(0.,0.,1.));
#6284=DIRECTION('center_axis',(0.,-1.,0.));
#6285=DIRECTION('ref_axis',(-0.707106781186547,0.,0.707106781186547));
#6286=DIRECTION('',(0.,0.,1.));
#6287=DIRECTION('',(1.,0.,0.));
#6288=DIRECTION('',(0.,0.,-1.));
#6289=DIRECTION('',(0.,0.,1.));
#6290=DIRECTION('',(1.,0.,0.));
#6291=DIRECTION('',(0.,0.,-1.));
#6292=DIRECTION('center_axis',(0.,-1.,0.));
#6293=DIRECTION('ref_axis',(0.707106781186547,0.,0.707106781186547));
#6294=DIRECTION('',(0.,0.,-1.));
#6295=DIRECTION('center_axis',(0.,-1.,0.));
#6296=DIRECTION('ref_axis',(0.707106781186547,0.,-0.707106781186547));
#6297=DIRECTION('',(0.,0.,1.));
#6298=DIRECTION('',(-1.,0.,0.));
#6299=DIRECTION('',(0.,0.,1.));
#6300=DIRECTION('center_axis',(-1.,0.,0.));
#6301=DIRECTION('ref_axis',(0.,-1.,0.));
#6302=DIRECTION('',(0.,1.,0.));
#6303=DIRECTION('',(0.,0.,1.));
#6304=DIRECTION('',(0.,-1.,0.));
#6305=DIRECTION('',(0.,0.,-1.));
#6306=DIRECTION('',(0.,0.,1.));
#6307=DIRECTION('',(0.,-1.,0.));
#6308=DIRECTION('',(0.,0.,-1.));
#6309=DIRECTION('',(0.,0.,-1.));
#6310=DIRECTION('center_axis',(0.,-1.,0.));
#6311=DIRECTION('ref_axis',(0.707106781186547,0.,-0.707106781186547));
#6312=DIRECTION('center_axis',(0.,-1.,0.));
#6313=DIRECTION('ref_axis',(0.707106781186547,0.,-0.707106781186547));
#6314=DIRECTION('',(0.,-1.,0.));
#6315=DIRECTION('center_axis',(0.,1.,0.));
#6316=DIRECTION('ref_axis',(1.,0.,0.));
#6317=DIRECTION('center_axis',(1.,0.,0.));
#6318=DIRECTION('ref_axis',(0.,-1.,0.));
#6319=DIRECTION('center_axis',(0.,0.,-1.));
#6320=DIRECTION('ref_axis',(0.707106781186547,-0.707106781186547,0.));
#6321=DIRECTION('center_axis',(-1.,0.,0.));
#6322=DIRECTION('ref_axis',(0.,-0.707106781186547,-0.707106781186547));
#6323=DIRECTION('',(-1.,0.,0.));
#6324=DIRECTION('center_axis',(1.,0.,0.));
#6325=DIRECTION('ref_axis',(0.,-1.,0.));
#6326=DIRECTION('center_axis',(0.,-1.,0.));
#6327=DIRECTION('ref_axis',(-1.,0.,0.));
#6328=DIRECTION('center_axis',(0.,0.,-1.));
#6329=DIRECTION('ref_axis',(-0.707106781186547,-0.707106781186547,0.));
#6330=DIRECTION('center_axis',(0.,1.,0.));
#6331=DIRECTION('ref_axis',(-0.707106781186547,0.,-0.707106781186547));
#6332=DIRECTION('center_axis',(0.,-1.,0.));
#6333=DIRECTION('ref_axis',(-0.707106781186547,0.,-0.707106781186547));
#6334=DIRECTION('',(0.,1.,0.));
#6335=DIRECTION('center_axis',(-1.,0.,0.));
#6336=DIRECTION('ref_axis',(0.,1.,0.));
#6337=DIRECTION('',(0.,0.,-1.));
#6338=DIRECTION('',(0.,1.,0.));
#6339=DIRECTION('',(0.,0.,1.));
#6340=DIRECTION('center_axis',(-1.,0.,0.));
#6341=DIRECTION('ref_axis',(0.,-1.,0.));
#6342=DIRECTION('center_axis',(0.,0.,-1.));
#6343=DIRECTION('ref_axis',(-0.707106781186547,-0.707106781186547,0.));
#6344=DIRECTION('',(0.,0.,1.));
#6345=DIRECTION('center_axis',(0.,0.,-1.));
#6346=DIRECTION('ref_axis',(-0.707106781186547,-0.707106781186547,0.));
#6347=DIRECTION('center_axis',(0.,-1.,0.));
#6348=DIRECTION('ref_axis',(-1.,0.,0.));
#6349=DIRECTION('',(0.,0.,-1.));
#6350=DIRECTION('',(-1.,0.,0.));
#6351=DIRECTION('center_axis',(0.,0.,1.));
#6352=DIRECTION('ref_axis',(0.707106781186547,-0.707106781186547,0.));
#6353=DIRECTION('',(0.,0.,1.));
#6354=DIRECTION('center_axis',(0.,0.,-1.));
#6355=DIRECTION('ref_axis',(0.707106781186547,-0.707106781186547,0.));
#6356=DIRECTION('center_axis',(0.,1.,0.));
#6357=DIRECTION('ref_axis',(1.,0.,0.));
#6358=DIRECTION('',(1.,0.,0.));
#6359=DIRECTION('',(0.,0.,1.));
#6360=DIRECTION('center_axis',(0.,1.,0.));
#6361=DIRECTION('ref_axis',(-0.707106781186547,0.,0.707106781186547));
#6362=DIRECTION('',(0.,0.,-1.));
#6363=DIRECTION('center_axis',(0.,1.,0.));
#6364=DIRECTION('ref_axis',(-0.707106781186547,0.,-0.707106781186547));
#6365=DIRECTION('center_axis',(0.,1.,0.));
#6366=DIRECTION('ref_axis',(0.707106781186547,0.,-0.707106781186547));
#6367=DIRECTION('',(0.,0.,1.));
#6368=DIRECTION('center_axis',(0.,1.,0.));
#6369=DIRECTION('ref_axis',(0.707106781186547,0.,0.707106781186547));
#6370=DIRECTION('center_axis',(1.,0.,0.));
#6371=DIRECTION('ref_axis',(0.,-1.,0.));
#6372=DIRECTION('',(0.,-1.,0.));
#6373=DIRECTION('center_axis',(1.,0.,0.));
#6374=DIRECTION('ref_axis',(0.,1.,0.));
#6375=DIRECTION('center_axis',(1.,0.,0.));
#6376=DIRECTION('ref_axis',(0.,1.,0.));
#6377=DIRECTION('',(0.,-1.,0.));
#6378=DIRECTION('',(0.,0.,1.));
#6379=DIRECTION('',(0.,-1.,0.));
#6380=DIRECTION('',(0.,0.,1.));
#6381=DIRECTION('center_axis',(0.,0.,1.));
#6382=DIRECTION('ref_axis',(1.,0.,0.));
#6383=DIRECTION('center_axis',(0.,0.,1.));
#6384=DIRECTION('ref_axis',(1.,0.,0.));
#6385=DIRECTION('center_axis',(0.,0.,-1.));
#6386=DIRECTION('ref_axis',(1.,0.,0.));
#6387=DIRECTION('',(-9.34924652315921E-17,1.,0.));
#6388=DIRECTION('center_axis',(1.,9.34924652315921E-17,0.));
#6389=DIRECTION('ref_axis',(-9.34924652315921E-17,1.,0.));
#6390=DIRECTION('',(9.34924652315921E-17,-1.,0.));
#6391=DIRECTION('',(0.,0.,1.));
#6392=DIRECTION('',(-9.34924652315921E-17,1.,0.));
#6393=DIRECTION('',(0.,0.,-1.));
#6394=DIRECTION('',(0.,0.,1.));
#6395=DIRECTION('',(0.,0.,-1.));
#6396=DIRECTION('',(-9.34924652315921E-17,1.,0.));
#6397=DIRECTION('center_axis',(1.,0.,0.));
#6398=DIRECTION('ref_axis',(0.,1.,0.));
#6399=DIRECTION('',(0.,-1.,0.));
#6400=DIRECTION('',(0.,0.,1.));
#6401=DIRECTION('',(0.,-1.,0.));
#6402=DIRECTION('',(0.,0.,1.));
#6403=DIRECTION('center_axis',(0.,0.,1.));
#6404=DIRECTION('ref_axis',(1.,0.,0.));
#6405=DIRECTION('center_axis',(0.,0.,1.));
#6406=DIRECTION('ref_axis',(1.,0.,0.));
#6407=DIRECTION('center_axis',(0.,0.,-1.));
#6408=DIRECTION('ref_axis',(1.,0.,0.));
#6409=DIRECTION('center_axis',(0.,0.,1.));
#6410=DIRECTION('ref_axis',(1.,0.,0.));
#6411=DIRECTION('center_axis',(0.,0.,1.));
#6412=DIRECTION('ref_axis',(1.,0.,0.));
#6413=DIRECTION('',(1.,0.,0.));
#6414=DIRECTION('',(-1.,0.,0.));
#6415=DIRECTION('',(1.,0.,0.));
#6416=DIRECTION('center_axis',(0.,0.,1.));
#6417=DIRECTION('ref_axis',(1.,0.,0.));
#6418=DIRECTION('',(-1.07009448156642E-16,1.,0.));
#6419=DIRECTION('',(1.07009448156642E-16,-1.,0.));
#6420=DIRECTION('',(-1.07009448156642E-16,1.,0.));
#6421=DIRECTION('center_axis',(0.,0.,1.));
#6422=DIRECTION('ref_axis',(1.,0.,0.));
#6423=DIRECTION('',(-1.,1.08314441426845E-16,0.));
#6424=DIRECTION('',(1.,-1.08314441426845E-16,0.));
#6425=DIRECTION('',(-1.,1.08314441426845E-16,0.));
#6426=DIRECTION('center_axis',(0.,0.,1.));
#6427=DIRECTION('ref_axis',(1.,0.,0.));
#6428=DIRECTION('',(0.,1.,0.));
#6429=DIRECTION('center_axis',(-1.,-1.07009448156642E-16,0.));
#6430=DIRECTION('ref_axis',(1.07009448156642E-16,-1.,0.));
#6431=DIRECTION('',(-1.07009448156642E-16,1.,0.));
#6432=DIRECTION('',(0.,0.,1.));
#6433=DIRECTION('',(0.,0.,1.));
#6434=DIRECTION('center_axis',(0.,0.,1.));
#6435=DIRECTION('ref_axis',(1.,0.,0.));
#6436=DIRECTION('center_axis',(0.,0.,1.));
#6437=DIRECTION('ref_axis',(1.,0.,0.));
#6438=DIRECTION('center_axis',(0.,0.,-1.));
#6439=DIRECTION('ref_axis',(1.,0.,0.));
#6440=DIRECTION('center_axis',(-1.,-1.07009448156642E-16,0.));
#6441=DIRECTION('ref_axis',(1.07009448156642E-16,-1.,0.));
#6442=DIRECTION('',(-1.07009448156642E-16,1.,0.));
#6443=DIRECTION('',(0.,0.,1.));
#6444=DIRECTION('',(0.,0.,1.));
#6445=DIRECTION('center_axis',(0.,0.,1.));
#6446=DIRECTION('ref_axis',(1.,0.,0.));
#6447=DIRECTION('center_axis',(0.,0.,1.));
#6448=DIRECTION('ref_axis',(1.,0.,0.));
#6449=DIRECTION('center_axis',(0.,0.,-1.));
#6450=DIRECTION('ref_axis',(1.,0.,0.));
#6451=DIRECTION('center_axis',(0.,1.,0.));
#6452=DIRECTION('ref_axis',(-1.,0.,0.));
#6453=DIRECTION('',(1.,0.,0.));
#6454=DIRECTION('',(0.,0.,1.));
#6455=DIRECTION('',(0.,0.,1.));
#6456=DIRECTION('center_axis',(0.,0.,1.));
#6457=DIRECTION('ref_axis',(1.,0.,0.));
#6458=DIRECTION('',(-1.,0.,0.));
#6459=DIRECTION('center_axis',(0.,0.,-1.));
#6460=DIRECTION('ref_axis',(1.,0.,0.));
#6461=DIRECTION('center_axis',(0.,0.,1.));
#6462=DIRECTION('ref_axis',(1.,0.,0.));
#6463=DIRECTION('center_axis',(0.,1.,0.));
#6464=DIRECTION('ref_axis',(-1.,0.,0.));
#6465=DIRECTION('',(1.,0.,0.));
#6466=DIRECTION('',(0.,0.,1.));
#6467=DIRECTION('',(0.,0.,-1.));
#6468=DIRECTION('',(0.,0.,1.));
#6469=DIRECTION('',(-1.,0.,0.));
#6470=DIRECTION('',(0.,0.,-1.));
#6471=DIRECTION('center_axis',(-1.08314441426845E-16,-1.,0.));
#6472=DIRECTION('ref_axis',(1.,-1.08314441426845E-16,0.));
#6473=DIRECTION('',(-1.,1.08314441426845E-16,0.));
#6474=DIRECTION('',(0.,0.,1.));
#6475=DIRECTION('',(0.,0.,1.));
#6476=DIRECTION('center_axis',(0.,0.,1.));
#6477=DIRECTION('ref_axis',(1.,0.,0.));
#6478=DIRECTION('center_axis',(0.,0.,1.));
#6479=DIRECTION('ref_axis',(1.,0.,0.));
#6480=DIRECTION('center_axis',(0.,0.,-1.));
#6481=DIRECTION('ref_axis',(1.,0.,0.));
#6482=DIRECTION('center_axis',(-1.08314441426845E-16,-1.,0.));
#6483=DIRECTION('ref_axis',(1.,-1.08314441426845E-16,0.));
#6484=DIRECTION('',(-1.,1.08314441426845E-16,0.));
#6485=DIRECTION('',(0.,0.,1.));
#6486=DIRECTION('',(0.,0.,1.));
#6487=DIRECTION('center_axis',(0.,0.,1.));
#6488=DIRECTION('ref_axis',(1.,0.,0.));
#6489=DIRECTION('center_axis',(0.,0.,1.));
#6490=DIRECTION('ref_axis',(1.,0.,0.));
#6491=DIRECTION('center_axis',(0.,0.,-1.));
#6492=DIRECTION('ref_axis',(1.,0.,0.));
#6493=DIRECTION('center_axis',(0.,1.,0.));
#6494=DIRECTION('ref_axis',(-1.,0.,0.));
#6495=DIRECTION('',(1.,0.,0.));
#6496=DIRECTION('',(0.,0.,1.));
#6497=DIRECTION('',(0.,0.,1.));
#6498=DIRECTION('center_axis',(0.,0.,1.));
#6499=DIRECTION('ref_axis',(1.,0.,0.));
#6500=DIRECTION('center_axis',(0.,0.,1.));
#6501=DIRECTION('ref_axis',(1.,0.,0.));
#6502=DIRECTION('center_axis',(0.,0.,-1.));
#6503=DIRECTION('ref_axis',(1.,0.,0.));
#6504=DIRECTION('center_axis',(1.,1.07009448156642E-16,0.));
#6505=DIRECTION('ref_axis',(1.07009448156642E-16,-1.,0.));
#6506=DIRECTION('',(0.,0.,-1.));
#6507=DIRECTION('',(0.,0.,-1.));
#6508=DIRECTION('center_axis',(0.,0.,-1.));
#6509=DIRECTION('ref_axis',(1.,0.,0.));
#6510=DIRECTION('center_axis',(0.,0.,-1.));
#6511=DIRECTION('ref_axis',(1.,0.,0.));
#6512=DIRECTION('center_axis',(0.,0.,-1.));
#6513=DIRECTION('ref_axis',(1.,0.,0.));
#6514=DIRECTION('',(0.,0.,-1.));
#6515=DIRECTION('center_axis',(1.08314441426845E-16,1.,0.));
#6516=DIRECTION('ref_axis',(1.,-1.08314441426845E-16,0.));
#6517=DIRECTION('',(0.,0.,-1.));
#6518=DIRECTION('center_axis',(0.,0.,-1.));
#6519=DIRECTION('ref_axis',(1.,0.,0.));
#6520=DIRECTION('center_axis',(0.,0.,-1.));
#6521=DIRECTION('ref_axis',(1.,0.,0.));
#6522=DIRECTION('center_axis',(0.,0.,-1.));
#6523=DIRECTION('ref_axis',(1.,0.,0.));
#6524=DIRECTION('',(0.,0.,-1.));
#6525=DIRECTION('center_axis',(-1.,0.,0.));
#6526=DIRECTION('ref_axis',(0.,1.,0.));
#6527=DIRECTION('',(0.,0.,-1.));
#6528=DIRECTION('center_axis',(0.,0.,-1.));
#6529=DIRECTION('ref_axis',(1.,0.,0.));
#6530=DIRECTION('center_axis',(0.,0.,-1.));
#6531=DIRECTION('ref_axis',(1.,0.,0.));
#6532=DIRECTION('center_axis',(0.,0.,-1.));
#6533=DIRECTION('ref_axis',(1.,0.,0.));
#6534=DIRECTION('',(0.,0.,-1.));
#6535=DIRECTION('center_axis',(0.,-1.,0.));
#6536=DIRECTION('ref_axis',(-1.,0.,0.));
#6537=DIRECTION('',(0.,0.,-1.));
#6538=DIRECTION('center_axis',(0.,0.,-1.));
#6539=DIRECTION('ref_axis',(1.,0.,0.));
#6540=DIRECTION('center_axis',(0.,0.,-1.));
#6541=DIRECTION('ref_axis',(1.,0.,0.));
#6542=DIRECTION('center_axis',(0.,0.,-1.));
#6543=DIRECTION('ref_axis',(1.,0.,0.));
#6544=DIRECTION('center_axis',(0.,-1.,0.));
#6545=DIRECTION('ref_axis',(-0.707106781186546,0.,-0.707106781186549));
#6546=DIRECTION('center_axis',(0.,1.,0.));
#6547=DIRECTION('ref_axis',(-0.707106781186546,0.,-0.707106781186549));
#6548=DIRECTION('',(0.,-1.,0.));
#6549=DIRECTION('center_axis',(-0.707106781186548,-0.707106781186548,0.));
#6550=DIRECTION('ref_axis',(-0.707106781186547,0.707106781186547,0.));
#6551=DIRECTION('center_axis',(0.,1.,0.));
#6552=DIRECTION('ref_axis',(0.707106781186546,0.,-0.707106781186549));
#6553=DIRECTION('',(0.,1.,0.));
#6554=DIRECTION('center_axis',(0.,1.,0.));
#6555=DIRECTION('ref_axis',(0.707106781186546,0.,-0.707106781186549));
#6556=DIRECTION('center_axis',(0.707106781186548,-0.707106781186548,0.));
#6557=DIRECTION('ref_axis',(-0.707106781186547,-0.707106781186547,0.));
#6558=DIRECTION('center_axis',(-1.,0.,0.));
#6559=DIRECTION('ref_axis',(0.,0.707106781186546,-0.707106781186549));
#6560=DIRECTION('',(-1.,0.,0.));
#6561=DIRECTION('center_axis',(0.,-1.,0.));
#6562=DIRECTION('ref_axis',(-0.534522483824847,0.,0.845154254728518));
#6563=DIRECTION('',(0.,1.,0.));
#6564=DIRECTION('center_axis',(0.,-1.,0.));
#6565=DIRECTION('ref_axis',(-0.534522483824847,0.,0.845154254728518));
#6566=DIRECTION('',(0.,-1.,0.));
#6567=DIRECTION('center_axis',(0.,1.,0.));
#6568=DIRECTION('ref_axis',(-0.534522483824847,0.,0.845154254728518));
#6569=DIRECTION('center_axis',(0.,-1.,0.));
#6570=DIRECTION('ref_axis',(0.534522483824847,0.,0.845154254728518));
#6571=DIRECTION('',(0.,1.,0.));
#6572=DIRECTION('center_axis',(0.,-1.,0.));
#6573=DIRECTION('ref_axis',(0.534522483824847,0.,0.845154254728518));
#6574=DIRECTION('',(0.,-1.,0.));
#6575=DIRECTION('center_axis',(0.,1.,0.));
#6576=DIRECTION('ref_axis',(0.534522483824847,0.,0.845154254728518));
#6577=DIRECTION('center_axis',(0.,1.,0.));
#6578=DIRECTION('ref_axis',(0.,0.,-1.));
#6579=DIRECTION('center_axis',(0.,-1.,0.));
#6580=DIRECTION('ref_axis',(0.,0.,-1.));
#6581=DIRECTION('center_axis',(0.,1.,0.));
#6582=DIRECTION('ref_axis',(0.,0.,-1.));
#6583=DIRECTION('center_axis',(0.,-1.,0.));
#6584=DIRECTION('ref_axis',(1.,0.,0.));
#6585=DIRECTION('center_axis',(0.,-1.,0.));
#6586=DIRECTION('ref_axis',(1.,0.,0.));
#6587=DIRECTION('center_axis',(-1.,0.,0.));
#6588=DIRECTION('ref_axis',(0.,1.,0.));
#6589=DIRECTION('',(0.,0.,-1.));
#6590=DIRECTION('',(0.,0.,-1.));
#6591=DIRECTION('',(0.,0.,1.));
#6592=DIRECTION('',(0.,0.,1.));
#6593=DIRECTION('center_axis',(0.,-1.,0.));
#6594=DIRECTION('ref_axis',(1.,0.,0.));
#6595=DIRECTION('',(0.,0.,-1.));
#6596=DIRECTION('center_axis',(0.,-1.,0.));
#6597=DIRECTION('ref_axis',(1.,0.,0.));
#6598=DIRECTION('',(0.,0.,1.));
#6599=DIRECTION('center_axis',(1.,0.,0.));
#6600=DIRECTION('ref_axis',(0.,-1.,0.));
#6601=DIRECTION('',(0.,0.,-1.));
#6602=DIRECTION('',(0.,0.,-1.));
#6603=DIRECTION('center_axis',(0.,1.,0.));
#6604=DIRECTION('ref_axis',(1.,0.,0.));
#6605=DIRECTION('center_axis',(0.,-1.,0.));
#6606=DIRECTION('ref_axis',(-1.,0.,0.));
#6607=DIRECTION('center_axis',(1.,0.,0.));
#6608=DIRECTION('ref_axis',(0.,-1.,0.));
#6609=DIRECTION('',(0.,0.,-1.));
#6610=DIRECTION('',(0.,0.,-1.));
#6611=DIRECTION('center_axis',(0.,1.,0.));
#6612=DIRECTION('ref_axis',(1.,0.,0.));
#6613=DIRECTION('',(0.,0.,-1.));
#6614=DIRECTION('center_axis',(-1.,0.,0.));
#6615=DIRECTION('ref_axis',(0.,1.,0.));
#6616=DIRECTION('',(0.,0.,-1.));
#6617=DIRECTION('center_axis',(0.,-1.,0.));
#6618=DIRECTION('ref_axis',(-1.,0.,0.));
#6619=DIRECTION('center_axis',(0.,1.,0.));
#6620=DIRECTION('ref_axis',(-0.707106781186547,0.,0.707106781186547));
#6621=DIRECTION('',(0.,1.,0.));
#6622=DIRECTION('center_axis',(-1.,0.,0.));
#6623=DIRECTION('ref_axis',(0.,0.,1.));
#6624=DIRECTION('',(0.,-1.,0.));
#6625=DIRECTION('center_axis',(0.,1.,0.));
#6626=DIRECTION('ref_axis',(0.707106781186547,0.,0.707106781186547));
#6627=DIRECTION('',(0.,-1.,0.));
#6628=DIRECTION('center_axis',(0.,1.,0.));
#6629=DIRECTION('ref_axis',(-0.707106781186547,0.,-0.707106781186547));
#6630=DIRECTION('center_axis',(0.,1.,0.));
#6631=DIRECTION('ref_axis',(0.707106781186547,0.,-0.707106781186547));
#6632=DIRECTION('',(0.,1.,0.));
#6633=DIRECTION('center_axis',(1.,0.,0.));
#6634=DIRECTION('ref_axis',(0.,0.,-1.));
#6635=DIRECTION('center_axis',(0.991227900682635,0.,0.132163720091018));
#6636=DIRECTION('ref_axis',(0.132163720091018,0.,-0.991227900682635));
#6637=DIRECTION('center_axis',(-0.991227900682635,-3.30351681197364E-16,
0.132163720091018));
#6638=DIRECTION('ref_axis',(0.132163720091018,0.,0.991227900682635));
#6639=DIRECTION('',(0.132163720091018,4.89104034193391E-18,0.991227900682635));
#6640=DIRECTION('center_axis',(-1.,-3.33275204390291E-16,0.));
#6641=DIRECTION('ref_axis',(3.33275204390291E-16,-1.,0.));
#6642=DIRECTION('',(0.,0.,1.));
#6643=DIRECTION('center_axis',(1.,0.,0.));
#6644=DIRECTION('ref_axis',(0.,1.,0.));
#6645=DIRECTION('',(0.,0.,1.));
#6646=DIRECTION('center_axis',(-1.,0.,0.));
#6647=DIRECTION('ref_axis',(0.,-1.,0.));
#6648=DIRECTION('center_axis',(0.,0.,1.));
#6649=DIRECTION('ref_axis',(1.,0.,0.));
#6650=DIRECTION('center_axis',(-1.,0.,0.));
#6651=DIRECTION('ref_axis',(0.,0.,1.));
#6652=DIRECTION('center_axis',(1.,0.,0.));
#6653=DIRECTION('ref_axis',(0.,1.,0.));
#6654=DIRECTION('center_axis',(0.,-1.,1.22464679914735E-16));
#6655=DIRECTION('ref_axis',(0.,-1.22464679914735E-16,-1.));
#6656=DIRECTION('center_axis',(1.,0.,0.));
#6657=DIRECTION('ref_axis',(0.,0.,-1.));
#6658=DIRECTION('center_axis',(-1.,0.,0.));
#6659=DIRECTION('ref_axis',(0.,-1.,0.));
#6660=DIRECTION('center_axis',(0.,-1.,-1.22464679914735E-16));
#6661=DIRECTION('ref_axis',(0.,-1.22464679914735E-16,1.));
#6662=DIRECTION('center_axis',(-1.,0.,0.));
#6663=DIRECTION('ref_axis',(0.,-1.,0.));
#6664=DIRECTION('center_axis',(1.,0.,0.));
#6665=DIRECTION('ref_axis',(0.,-1.,0.));
#6666=DIRECTION('center_axis',(-1.,0.,0.));
#6667=DIRECTION('ref_axis',(0.,1.,0.));
#6668=DIRECTION('center_axis',(-1.,0.,0.));
#6669=DIRECTION('ref_axis',(0.,-1.,0.));
#6670=DIRECTION('center_axis',(1.,0.,0.));
#6671=DIRECTION('ref_axis',(0.,-1.,0.));
#6672=DIRECTION('',(1.,0.,0.));
#6673=DIRECTION('center_axis',(-1.,0.,0.));
#6674=DIRECTION('ref_axis',(0.,-1.,0.));
#6675=DIRECTION('center_axis',(1.,0.,0.));
#6676=DIRECTION('ref_axis',(0.,1.,0.));
#6677=DIRECTION('center_axis',(-1.,0.,0.));
#6678=DIRECTION('ref_axis',(0.,1.,0.));
#6679=DIRECTION('',(-1.,0.,0.));
#6680=DIRECTION('center_axis',(1.,0.,0.));
#6681=DIRECTION('ref_axis',(0.,1.,0.));
#6682=DIRECTION('center_axis',(1.,0.,0.));
#6683=DIRECTION('ref_axis',(0.,1.,0.));
#6684=DIRECTION('center_axis',(1.,0.,0.));
#6685=DIRECTION('ref_axis',(0.,1.,0.));
#6686=DIRECTION('',(1.,0.,0.));
#6687=DIRECTION('center_axis',(-1.,0.,0.));
#6688=DIRECTION('ref_axis',(0.,1.,0.));
#6689=DIRECTION('center_axis',(1.,0.,0.));
#6690=DIRECTION('ref_axis',(0.,1.,0.));
#6691=DIRECTION('center_axis',(1.,0.,0.));
#6692=DIRECTION('ref_axis',(0.,1.,0.));
#6693=DIRECTION('',(1.,0.,0.));
#6694=DIRECTION('center_axis',(-1.,0.,0.));
#6695=DIRECTION('ref_axis',(0.,1.,0.));
#6696=DIRECTION('center_axis',(0.,0.,-1.));
#6697=DIRECTION('ref_axis',(-1.,0.,0.));
#6698=DIRECTION('',(1.,0.,0.));
#6699=DIRECTION('',(0.,1.,0.));
#6700=DIRECTION('',(-1.,-2.77555756156289E-16,0.));
#6701=DIRECTION('',(0.,-1.,0.));
#6702=DIRECTION('center_axis',(0.,0.,1.));
#6703=DIRECTION('ref_axis',(1.,0.,0.));
#6704=DIRECTION('',(1.,2.77555756156289E-16,0.));
#6705=DIRECTION('',(0.,-1.,0.));
#6706=DIRECTION('',(-1.,0.,0.));
#6707=DIRECTION('',(0.,1.,0.));
#6708=DIRECTION('center_axis',(0.,0.,-1.));
#6709=DIRECTION('ref_axis',(-1.,0.,0.));
#6710=DIRECTION('',(-1.,1.38777878078145E-16,0.));
#6711=DIRECTION('',(0.,-1.,0.));
#6712=DIRECTION('',(1.,1.38777878078145E-16,0.));
#6713=DIRECTION('',(0.,1.,0.));
#6714=DIRECTION('center_axis',(0.,0.,1.));
#6715=DIRECTION('ref_axis',(1.,0.,0.));
#6716=DIRECTION('',(-1.,-1.38777878078145E-16,0.));
#6717=DIRECTION('',(0.,1.,0.));
#6718=DIRECTION('',(1.,-1.38777878078145E-16,0.));
#6719=DIRECTION('',(0.,-1.,0.));
#6720=DIRECTION('center_axis',(0.,0.,1.));
#6721=DIRECTION('ref_axis',(1.,0.,0.));
#6722=DIRECTION('',(0.,1.,0.));
#6723=DIRECTION('',(1.,8.3790416952842E-16,0.));
#6724=DIRECTION('',(0.,-1.,0.));
#6725=DIRECTION('',(-1.,5.86532918669894E-16,0.));
#6726=DIRECTION('center_axis',(0.,0.,1.));
#6727=DIRECTION('ref_axis',(1.,0.,0.));
#6728=DIRECTION('',(0.,-1.,0.));
#6729=DIRECTION('',(-1.,5.86532918669894E-16,0.));
#6730=DIRECTION('',(0.,-1.,0.));
#6731=DIRECTION('',(1.,8.3790416952842E-16,0.));
#6732=DIRECTION('center_axis',(0.,0.,1.));
#6733=DIRECTION('ref_axis',(1.,0.,0.));
#6734=DIRECTION('',(0.,-1.,0.));
#6735=DIRECTION('',(-1.,-7.96008961051999E-16,0.));
#6736=DIRECTION('',(0.,1.,0.));
#6737=DIRECTION('',(1.,-6.28428127146315E-16,0.));
#6738=DIRECTION('center_axis',(0.,0.,1.));
#6739=DIRECTION('ref_axis',(1.,0.,0.));
#6740=DIRECTION('',(0.,1.,0.));
#6741=DIRECTION('',(1.,-6.28428127146315E-16,0.));
#6742=DIRECTION('',(0.,1.,0.));
#6743=DIRECTION('',(-1.,-7.96008961051999E-16,0.));
#6744=DIRECTION('center_axis',(0.,0.,1.));
#6745=DIRECTION('ref_axis',(1.,0.,0.));
#6746=DIRECTION('',(0.,1.,0.));
#6747=DIRECTION('',(1.,-6.28428127146315E-16,0.));
#6748=DIRECTION('',(0.,-1.,0.));
#6749=DIRECTION('',(1.,7.96008961051999E-16,0.));
#6750=DIRECTION('center_axis',(0.,0.,1.));
#6751=DIRECTION('ref_axis',(1.,0.,0.));
#6752=DIRECTION('',(0.,-1.,0.));
#6753=DIRECTION('',(-1.,5.86532918669894E-16,0.));
#6754=DIRECTION('',(0.,1.,0.));
#6755=DIRECTION('',(-1.,-8.3790416952842E-16,0.));
#6756=DIRECTION('center_axis',(-5.86532918669894E-16,-1.,0.));
#6757=DIRECTION('ref_axis',(1.,-5.86532918669894E-16,0.));
#6758=DIRECTION('',(0.,0.,1.));
#6759=DIRECTION('',(-1.,5.86532918669894E-16,0.));
#6760=DIRECTION('',(0.,0.,-1.));
#6761=DIRECTION('center_axis',(-8.3790416952842E-16,1.,0.));
#6762=DIRECTION('ref_axis',(-1.,-8.3790416952842E-16,0.));
#6763=DIRECTION('',(0.,0.,1.));
#6764=DIRECTION('',(-1.,-8.3790416952842E-16,0.));
#6765=DIRECTION('',(0.,0.,1.));
#6766=DIRECTION('center_axis',(-1.,0.,0.));
#6767=DIRECTION('ref_axis',(0.,-1.,0.));
#6768=DIRECTION('',(0.,0.,-1.));
#6769=DIRECTION('',(0.,0.,1.));
#6770=DIRECTION('',(0.,1.,0.));
#6771=DIRECTION('center_axis',(-2.77555756156289E-16,1.,0.));
#6772=DIRECTION('ref_axis',(-1.,-2.77555756156289E-16,0.));
#6773=DIRECTION('',(0.,0.,1.));
#6774=DIRECTION('center_axis',(1.,0.,0.));
#6775=DIRECTION('ref_axis',(0.,1.,0.));
#6776=DIRECTION('',(0.,0.,1.));
#6777=DIRECTION('',(0.,0.,1.));
#6778=DIRECTION('',(0.,0.,1.));
#6779=DIRECTION('center_axis',(-8.3790416952842E-16,1.,0.));
#6780=DIRECTION('ref_axis',(-1.,-8.3790416952842E-16,0.));
#6781=DIRECTION('',(0.,0.,1.));
#6782=DIRECTION('center_axis',(1.,0.,0.));
#6783=DIRECTION('ref_axis',(0.,1.,0.));
#6784=DIRECTION('',(0.,0.,1.));
#6785=DIRECTION('center_axis',(-5.86532918669894E-16,-1.,0.));
#6786=DIRECTION('ref_axis',(1.,-5.86532918669894E-16,0.));
#6787=DIRECTION('center_axis',(0.,-1.,0.));
#6788=DIRECTION('ref_axis',(1.,0.,0.));
#6789=DIRECTION('center_axis',(1.38777878078145E-16,1.,0.));
#6790=DIRECTION('ref_axis',(-1.,1.38777878078145E-16,0.));
#6791=DIRECTION('',(0.,0.,1.));
#6792=DIRECTION('',(0.,0.,1.));
#6793=DIRECTION('center_axis',(6.28428127146315E-16,1.,0.));
#6794=DIRECTION('ref_axis',(-1.,6.28428127146315E-16,0.));
#6795=DIRECTION('',(0.,0.,1.));
#6796=DIRECTION('',(1.,-6.28428127146315E-16,0.));
#6797=DIRECTION('',(0.,0.,-1.));
#6798=DIRECTION('center_axis',(7.96008961051999E-16,-1.,0.));
#6799=DIRECTION('ref_axis',(1.,7.96008961051999E-16,0.));
#6800=DIRECTION('',(0.,0.,1.));
#6801=DIRECTION('',(1.,7.96008961051999E-16,0.));
#6802=DIRECTION('',(0.,0.,1.));
#6803=DIRECTION('center_axis',(1.,0.,0.));
#6804=DIRECTION('ref_axis',(0.,1.,0.));
#6805=DIRECTION('',(0.,0.,1.));
#6806=DIRECTION('',(0.,-1.,0.));
#6807=DIRECTION('center_axis',(1.38777878078145E-16,-1.,0.));
#6808=DIRECTION('ref_axis',(1.,1.38777878078145E-16,0.));
#6809=DIRECTION('',(0.,0.,1.));
#6810=DIRECTION('center_axis',(-1.,0.,0.));
#6811=DIRECTION('ref_axis',(0.,-1.,0.));
#6812=DIRECTION('',(0.,0.,1.));
#6813=DIRECTION('',(0.,0.,1.));
#6814=DIRECTION('center_axis',(7.96008961051999E-16,-1.,0.));
#6815=DIRECTION('ref_axis',(1.,7.96008961051999E-16,0.));
#6816=DIRECTION('',(0.,0.,1.));
#6817=DIRECTION('center_axis',(-1.,0.,0.));
#6818=DIRECTION('ref_axis',(0.,-1.,0.));
#6819=DIRECTION('',(0.,0.,1.));
#6820=DIRECTION('center_axis',(6.28428127146315E-16,1.,0.));
#6821=DIRECTION('ref_axis',(-1.,6.28428127146315E-16,0.));
#6822=DIRECTION('center_axis',(-1.,0.,0.));
#6823=DIRECTION('ref_axis',(0.,-1.,0.));
#6824=DIRECTION('',(0.,1.,0.));
#6825=DIRECTION('',(0.,0.,1.));
#6826=DIRECTION('',(0.,1.,0.));
#6827=DIRECTION('center_axis',(1.,0.,0.));
#6828=DIRECTION('ref_axis',(0.,1.,0.));
#6829=DIRECTION('',(0.,-1.,0.));
#6830=DIRECTION('',(0.,-1.,0.));
#6831=DIRECTION('center_axis',(3.70074354638746E-17,-1.,0.));
#6832=DIRECTION('ref_axis',(-1.,-3.70074354638746E-17,0.));
#6833=DIRECTION('',(-1.,-3.70074354638746E-17,0.));
#6834=DIRECTION('center_axis',(1.48029736616688E-16,-1.,0.));
#6835=DIRECTION('ref_axis',(0.707106781186548,0.,-0.707106781186547));
#6836=DIRECTION('center_axis',(4.29763751467803E-16,1.,0.));
#6837=DIRECTION('ref_axis',(0.707106781186548,0.,-0.707106781186547));
#6838=DIRECTION('',(-1.48029736616688E-16,1.,0.));
#6839=DIRECTION('center_axis',(0.,-1.,0.));
#6840=DIRECTION('ref_axis',(0.707106781186548,0.,-0.707106781186547));
#6841=DIRECTION('',(1.48029736616688E-16,-1.,0.));
#6842=DIRECTION('center_axis',(4.29763751467803E-16,1.,0.));
#6843=DIRECTION('ref_axis',(-1.,4.29763751467803E-16,0.));
#6844=DIRECTION('',(-1.,4.29763751467803E-16,0.));
#6845=DIRECTION('center_axis',(4.29763751467803E-16,1.,0.));
#6846=DIRECTION('ref_axis',(-0.707106781186548,0.,-0.707106781186547));
#6847=DIRECTION('',(0.,0.,-1.));
#6848=DIRECTION('',(1.,-4.29763751467803E-16,0.));
#6849=DIRECTION('',(0.,0.,-1.));
#6850=DIRECTION('center_axis',(0.,0.,1.));
#6851=DIRECTION('ref_axis',(1.,0.,0.));
#6852=DIRECTION('',(1.,0.,0.));
#6853=DIRECTION('',(0.,1.,0.));
#6854=DIRECTION('center_axis',(0.,1.,0.));
#6855=DIRECTION('ref_axis',(-0.707106781186548,0.,-0.707106781186547));
#6856=DIRECTION('center_axis',(0.,-1.,0.));
#6857=DIRECTION('ref_axis',(-0.707106781186548,0.,-0.707106781186547));
#6858=DIRECTION('',(0.,-1.,0.));
#6859=DIRECTION('center_axis',(0.,-1.,0.));
#6860=DIRECTION('ref_axis',(1.,0.,0.));
#6861=DIRECTION('',(0.,0.,-1.));
#6862=DIRECTION('',(-1.,0.,0.));
#6863=DIRECTION('',(0.,0.,1.));
#6864=DIRECTION('center_axis',(0.,0.,1.));
#6865=DIRECTION('ref_axis',(1.,0.,0.));
#6866=DIRECTION('',(1.48029736616688E-16,-1.,0.));
#6867=DIRECTION('',(1.,0.,0.));
#6868=DIRECTION('',(0.,1.,0.));
#6869=DIRECTION('center_axis',(-1.,-1.48029736616688E-16,0.));
#6870=DIRECTION('ref_axis',(1.48029736616688E-16,-1.,0.));
#6871=DIRECTION('',(-1.48029736616688E-16,1.,0.));
#6872=DIRECTION('',(0.,0.,1.));
#6873=DIRECTION('center_axis',(1.,0.,0.));
#6874=DIRECTION('ref_axis',(0.,1.,0.));
#6875=DIRECTION('',(0.,0.,1.));
#6876=DIRECTION('',(0.,-1.,0.));
#6877=DIRECTION('center_axis',(0.,1.,0.));
#6878=DIRECTION('ref_axis',(-1.,0.,0.));
#6879=DIRECTION('',(1.,0.,0.));
#6880=DIRECTION('',(1.,0.,0.));
#6881=DIRECTION('center_axis',(0.,-1.,0.));
#6882=DIRECTION('ref_axis',(1.,0.,0.));
#6883=DIRECTION('',(-1.,0.,0.));
#6884=DIRECTION('center_axis',(0.,0.,1.));
#6885=DIRECTION('ref_axis',(1.,0.,0.));
#6886=DIRECTION('center_axis',(0.,0.,1.));
#6887=DIRECTION('ref_axis',(1.,0.,0.));
#6888=DIRECTION('center_axis',(1.,0.,0.));
#6889=DIRECTION('ref_axis',(0.,-1.,0.));
#6890=DIRECTION('center_axis',(-1.,0.,0.));
#6891=DIRECTION('ref_axis',(0.,-0.998758526924799,-0.0498137018801593));
#6892=DIRECTION('center_axis',(1.,0.,0.));
#6893=DIRECTION('ref_axis',(0.,-0.998758526924799,-0.0498137018801593));
#6894=DIRECTION('',(1.,0.,0.));
#6895=DIRECTION('center_axis',(-1.,0.,0.));
#6896=DIRECTION('ref_axis',(0.,-0.998758526924799,-0.0498137018801593));
#6897=DIRECTION('',(-1.,0.,0.));
#6898=DIRECTION('center_axis',(1.,0.,0.));
#6899=DIRECTION('ref_axis',(0.,-1.,0.));
#6900=DIRECTION('',(0.,-0.0995037190209986,0.995037190209989));
#6901=DIRECTION('',(0.,-1.,0.));
#6902=DIRECTION('',(0.,0.,-1.));
#6903=DIRECTION('center_axis',(1.,0.,0.));
#6904=DIRECTION('ref_axis',(0.,-0.707106781186547,0.707106781186547));
#6905=DIRECTION('',(0.,1.,0.));
#6906=DIRECTION('',(0.,0.,-1.));
#6907=DIRECTION('center_axis',(0.,-0.995037190209989,-0.0995037190209986));
#6908=DIRECTION('ref_axis',(0.,0.0995037190209986,-0.995037190209989));
#6909=DIRECTION('',(0.,0.0995037190209986,-0.995037190209989));
#6910=DIRECTION('',(1.,0.,0.));
#6911=DIRECTION('center_axis',(1.,0.,0.));
#6912=DIRECTION('ref_axis',(0.,0.998758526924799,-0.0498137018801599));
#6913=DIRECTION('center_axis',(1.,-1.77635683940025E-15,0.));
#6914=DIRECTION('ref_axis',(0.,0.998758526924799,-0.0498137018801599));
#6915=DIRECTION('',(1.,0.,0.));
#6916=DIRECTION('center_axis',(-1.,0.,0.));
#6917=DIRECTION('ref_axis',(0.,1.,0.));
#6918=DIRECTION('',(-1.,0.,0.));
#6919=DIRECTION('center_axis',(0.,0.,-1.));
#6920=DIRECTION('ref_axis',(0.707106781186547,0.707106781186547,0.));
#6921=DIRECTION('center_axis',(0.,1.,0.));
#6922=DIRECTION('ref_axis',(1.,0.,0.));
#6923=DIRECTION('center_axis',(0.,0.,1.));
#6924=DIRECTION('ref_axis',(0.707106781186548,0.707106781186548,0.));
#6925=DIRECTION('center_axis',(0.,-1.,0.));
#6926=DIRECTION('ref_axis',(0.998758526924799,0.,-0.0498137018801593));
#6927=DIRECTION('center_axis',(4.35207425653061E-14,1.,0.));
#6928=DIRECTION('ref_axis',(0.998758526924799,0.,-0.0498137018801593));
#6929=DIRECTION('',(0.,1.,0.));
#6930=DIRECTION('',(0.,-1.,0.));
#6931=DIRECTION('center_axis',(-4.35207425653061E-14,-1.,0.));
#6932=DIRECTION('ref_axis',(-1.,4.35207425653061E-14,0.));
#6933=DIRECTION('',(0.,0.,-1.));
#6934=DIRECTION('',(1.,-4.35207425653061E-14,0.));
#6935=DIRECTION('center_axis',(-4.35207425653061E-14,-1.,0.));
#6936=DIRECTION('ref_axis',(0.707106781186547,0.,0.707106781186547));
#6937=DIRECTION('',(0.,0.,-1.));
#6938=DIRECTION('',(-1.,4.35207425653061E-14,0.));
#6939=DIRECTION('',(-0.0995037190209986,4.33047573980343E-15,-0.995037190209989));
#6940=DIRECTION('center_axis',(1.,0.,0.));
#6941=DIRECTION('ref_axis',(0.,-1.,0.));
#6942=DIRECTION('',(0.,0.,-1.));
#6943=DIRECTION('',(0.,1.,0.));
#6944=DIRECTION('center_axis',(0.,0.,-1.));
#6945=DIRECTION('ref_axis',(0.707106781186547,0.707106781186547,0.));
#6946=DIRECTION('',(0.,0.,1.));
#6947=DIRECTION('center_axis',(0.,0.,1.));
#6948=DIRECTION('ref_axis',(0.707106781186547,0.707106781186547,0.));
#6949=DIRECTION('center_axis',(0.,1.,0.));
#6950=DIRECTION('ref_axis',(1.,0.,0.));
#6951=DIRECTION('',(0.,0.,-1.));
#6952=DIRECTION('',(-1.,0.,0.));
#6953=DIRECTION('center_axis',(-9.60192886162298E-17,1.,0.));
#6954=DIRECTION('ref_axis',(-0.998758526924799,-1.34739763622048E-16,-0.0498137018801599));
#6955=DIRECTION('center_axis',(4.35207425653061E-14,1.,0.));
#6956=DIRECTION('ref_axis',(-0.998758526924799,-1.34739763622048E-16,-0.0498137018801599));
#6957=DIRECTION('',(-9.60192886162298E-17,1.,0.));
#6958=DIRECTION('center_axis',(0.,-1.,0.));
#6959=DIRECTION('ref_axis',(-1.,0.,0.));
#6960=DIRECTION('',(9.60192886162298E-17,-1.,0.));
#6961=DIRECTION('center_axis',(0.,0.,-1.));
#6962=DIRECTION('ref_axis',(-0.707106781186547,0.707106781186547,0.));
#6963=DIRECTION('center_axis',(-1.,0.,0.));
#6964=DIRECTION('ref_axis',(0.,1.,0.));
#6965=DIRECTION('center_axis',(0.,0.,1.));
#6966=DIRECTION('ref_axis',(-0.707106781186548,0.707106781186548,0.));
#6967=DIRECTION('center_axis',(1.,0.,0.));
#6968=DIRECTION('ref_axis',(0.,0.998758526924799,-0.0498137018801599));
#6969=DIRECTION('center_axis',(-1.,1.77635683940025E-15,0.));
#6970=DIRECTION('ref_axis',(0.,0.998758526924799,-0.0498137018801599));
#6971=DIRECTION('',(-1.,0.,0.));
#6972=DIRECTION('',(1.,0.,0.));
#6973=DIRECTION('center_axis',(1.,-1.77635683940025E-15,0.));
#6974=DIRECTION('ref_axis',(-1.77635683940025E-15,-1.,0.));
#6975=DIRECTION('',(0.,0.,-1.));
#6976=DIRECTION('',(1.77635683940025E-15,1.,0.));
#6977=DIRECTION('center_axis',(1.,-1.77635683940025E-15,0.));
#6978=DIRECTION('ref_axis',(0.,0.707106781186547,0.707106781186547));
#6979=DIRECTION('',(0.,0.,-1.));
#6980=DIRECTION('',(-1.77635683940025E-15,-1.,0.));
#6981=DIRECTION('',(-1.76754111828712E-16,-0.0995037190209986,-0.995037190209989));
#6982=DIRECTION('center_axis',(0.,1.,0.));
#6983=DIRECTION('ref_axis',(1.,0.,0.));
#6984=DIRECTION('',(0.,0.,-1.));
#6985=DIRECTION('',(-1.,0.,0.));
#6986=DIRECTION('center_axis',(0.,0.,-1.));
#6987=DIRECTION('ref_axis',(-0.707106781186547,0.707106781186547,0.));
#6988=DIRECTION('',(0.,0.,1.));
#6989=DIRECTION('center_axis',(0.,0.,1.));
#6990=DIRECTION('ref_axis',(-0.707106781186547,0.707106781186547,0.));
#6991=DIRECTION('center_axis',(-1.,-9.60192886162298E-17,0.));
#6992=DIRECTION('ref_axis',(-9.60192886162298E-17,1.,0.));
#6993=DIRECTION('',(0.,0.,-1.));
#6994=DIRECTION('',(9.60192886162298E-17,-1.,0.));
#6995=DIRECTION('center_axis',(-1.,0.,0.));
#6996=DIRECTION('ref_axis',(0.,1.,0.));
#6997=DIRECTION('',(0.,0.,-1.));
#6998=DIRECTION('',(0.,-1.,0.));
#6999=DIRECTION('center_axis',(-1.,0.,0.));
#7000=DIRECTION('ref_axis',(0.,-0.707106781186547,0.707106781186547));
#7001=DIRECTION('',(0.,0.,-1.));
#7002=DIRECTION('',(0.,1.,0.));
#7003=DIRECTION('center_axis',(0.,-1.,0.));
#7004=DIRECTION('ref_axis',(-1.,0.,0.));
#7005=DIRECTION('',(1.,0.,0.));
#7006=DIRECTION('center_axis',(0.,0.995037190209989,-0.0995037190209986));
#7007=DIRECTION('ref_axis',(0.,0.0995037190209986,0.995037190209989));
#7008=DIRECTION('',(0.,-0.0995037190209986,-0.995037190209989));
#7009=DIRECTION('',(-1.,0.,0.));
#7010=DIRECTION('',(1.76754111828712E-16,0.0995037190209986,0.995037190209989));
#7011=DIRECTION('center_axis',(0.,0.,1.));
#7012=DIRECTION('ref_axis',(0.707106781186548,0.707106781186548,0.));
#7013=DIRECTION('',(-0.0995037190210003,0.,-0.995037190209989));
#7014=DIRECTION('center_axis',(0.,0.,1.));
#7015=DIRECTION('ref_axis',(0.707106781186548,0.707106781186548,0.));
#7016=DIRECTION('center_axis',(0.995037190209989,0.,-0.0995037190209986));
#7017=DIRECTION('ref_axis',(-0.0995037190209986,0.,-0.995037190209989));
#7018=DIRECTION('',(0.,1.,0.));
#7019=DIRECTION('center_axis',(0.,0.995037190209989,-0.0995037190209986));
#7020=DIRECTION('ref_axis',(0.,0.0995037190209986,0.995037190209989));
#7021=DIRECTION('',(-1.,0.,0.));
#7022=DIRECTION('',(0.,0.0995037190209986,0.995037190209989));
#7023=DIRECTION('center_axis',(0.,0.,1.));
#7024=DIRECTION('ref_axis',(-0.707106781186548,0.707106781186548,0.));
#7025=DIRECTION('center_axis',(0.,0.,1.));
#7026=DIRECTION('ref_axis',(-0.707106781186548,0.707106781186548,0.));
#7027=DIRECTION('',(-0.0995037190210003,0.,0.995037190209989));
#7028=DIRECTION('center_axis',(-0.995037190209989,-9.55427631506553E-17,
-0.0995037190209986));
#7029=DIRECTION('ref_axis',(-0.0995037190209986,0.,0.995037190209989));
#7030=DIRECTION('',(9.60192886162298E-17,-1.,0.));
#7031=DIRECTION('',(-0.0995037190209986,4.33047573980343E-15,0.995037190209989));
#7032=DIRECTION('center_axis',(0.,0.,-1.));
#7033=DIRECTION('ref_axis',(-1.,0.,0.));
#7034=DIRECTION('',(-1.,0.,0.));
#7035=DIRECTION('center_axis',(0.,0.,-1.));
#7036=DIRECTION('ref_axis',(-0.707106781186547,0.707106781186547,0.));
#7037=DIRECTION('',(3.27140314424443E-16,-1.,0.));
#7038=DIRECTION('',(-1.,4.35207425653061E-14,0.));
#7039=DIRECTION('center_axis',(-1.,0.,0.));
#7040=DIRECTION('ref_axis',(0.,-1.,0.));
#7041=DIRECTION('',(0.,1.,0.));
#7042=DIRECTION('',(0.,0.,1.));
#7043=DIRECTION('',(0.,-1.,0.));
#7044=DIRECTION('',(0.,0.,1.));
#7045=DIRECTION('center_axis',(0.,-1.,0.));
#7046=DIRECTION('ref_axis',(1.,0.,0.));
#7047=DIRECTION('',(-1.,0.,0.));
#7048=DIRECTION('',(1.,0.,0.));
#7049=DIRECTION('',(0.,0.,1.));
#7050=DIRECTION('center_axis',(1.,0.,0.));
#7051=DIRECTION('ref_axis',(0.,1.,0.));
#7052=DIRECTION('',(0.,-1.,0.));
#7053=DIRECTION('',(0.,1.,0.));
#7054=DIRECTION('',(0.,0.,1.));
#7055=DIRECTION('center_axis',(0.,0.,1.));
#7056=DIRECTION('ref_axis',(-1.,0.,0.));
#7057=DIRECTION('center_axis',(0.,0.,1.));
#7058=DIRECTION('ref_axis',(-1.,0.,0.));
#7059=DIRECTION('center_axis',(0.,0.,-1.));
#7060=DIRECTION('ref_axis',(-1.,0.,0.));
#7061=DIRECTION('',(0.,0.,1.));
#7062=DIRECTION('center_axis',(0.,1.,0.));
#7063=DIRECTION('ref_axis',(-1.,0.,0.));
#7064=DIRECTION('',(1.,0.,0.));
#7065=DIRECTION('',(-1.,0.,0.));
#7066=DIRECTION('',(0.,0.,1.));
#7067=DIRECTION('center_axis',(0.,0.,1.));
#7068=DIRECTION('ref_axis',(0.,-1.,0.));
#7069=DIRECTION('center_axis',(0.,0.,1.));
#7070=DIRECTION('ref_axis',(0.,-1.,0.));
#7071=DIRECTION('center_axis',(0.,0.,-1.));
#7072=DIRECTION('ref_axis',(0.,-1.,0.));
#7073=DIRECTION('center_axis',(0.,0.,1.));
#7074=DIRECTION('ref_axis',(-1.,0.,0.));
#7075=DIRECTION('',(-1.,0.,0.));
#7076=DIRECTION('',(0.,-1.,0.));
#7077=DIRECTION('center_axis',(0.,0.,1.));
#7078=DIRECTION('ref_axis',(-1.,0.,0.));
#7079=DIRECTION('',(1.,0.,0.));
#7080=DIRECTION('center_axis',(0.,0.,1.));
#7081=DIRECTION('ref_axis',(0.,-1.,0.));
#7082=DIRECTION('',(0.,1.,0.));
#7083=DIRECTION('center_axis',(0.,0.,-1.));
#7084=DIRECTION('ref_axis',(0.707106781186547,0.707106781186547,0.));
#7085=DIRECTION('center_axis',(0.,0.,1.));
#7086=DIRECTION('ref_axis',(1.,0.,0.));
#7087=DIRECTION('',(0.,0.,-1.));
#7088=DIRECTION('center_axis',(0.,0.,-1.));
#7089=DIRECTION('ref_axis',(0.707106781186547,0.707106781186547,0.));
#7090=DIRECTION('',(0.,0.,1.));
#7091=DIRECTION('center_axis',(0.408248290463864,-0.816496580927727,0.408248290463861));
#7092=DIRECTION('ref_axis',(0.577350269189625,0.577350269189625,0.577350269189628));
#7093=DIRECTION('center_axis',(0.,-1.,0.));
#7094=DIRECTION('ref_axis',(0.707106781186547,0.,0.707106781186547));
#7095=DIRECTION('center_axis',(-1.,0.,0.));
#7096=DIRECTION('ref_axis',(0.,0.707106781186547,0.707106781186547));
#7097=DIRECTION('center_axis',(-1.,0.,0.));
#7098=DIRECTION('ref_axis',(0.,1.,0.));
#7099=DIRECTION('',(0.,1.,0.));
#7100=DIRECTION('',(0.,-1.,0.));
#7101=DIRECTION('center_axis',(0.,0.,-1.));
#7102=DIRECTION('ref_axis',(-0.707106781186547,0.707106781186547,0.));
#7103=DIRECTION('center_axis',(0.,0.,1.));
#7104=DIRECTION('ref_axis',(0.,1.,0.));
#7105=DIRECTION('',(0.,0.,-1.));
#7106=DIRECTION('',(0.,0.,1.));
#7107=DIRECTION('center_axis',(-0.408248290463864,-0.816496580927727,0.408248290463861));
#7108=DIRECTION('ref_axis',(-0.577350269189625,0.577350269189625,0.577350269189628));
#7109=DIRECTION('center_axis',(1.,0.,0.));
#7110=DIRECTION('ref_axis',(0.,0.707106781186547,0.707106781186547));
#7111=DIRECTION('center_axis',(3.27140314424443E-16,-1.,0.));
#7112=DIRECTION('ref_axis',(-0.707106781186547,0.,0.707106781186547));
#7113=DIRECTION('center_axis',(0.,-1.,0.));
#7114=DIRECTION('ref_axis',(-1.,0.,0.));
#7115=DIRECTION('',(1.,0.,0.));
#7116=DIRECTION('center_axis',(-3.27140314424443E-16,1.,0.));
#7117=DIRECTION('ref_axis',(-0.707106781186547,0.,0.707106781186547));
#7118=DIRECTION('',(3.27140314424443E-16,-1.,0.));
#7119=DIRECTION('center_axis',(-4.35207425653061E-14,-1.,0.));
#7120=DIRECTION('ref_axis',(-0.707106781186547,0.,0.707106781186547));
#7121=DIRECTION('',(-3.27140314424443E-16,1.,0.));
#7122=DIRECTION('center_axis',(1.,0.,0.));
#7123=DIRECTION('ref_axis',(0.,0.707106781186547,0.707106781186547));
#7124=DIRECTION('',(-1.,0.,0.));
#7125=DIRECTION('center_axis',(0.,0.,1.));
#7126=DIRECTION('ref_axis',(1.,0.,0.));
#7127=DIRECTION('center_axis',(0.,0.,1.));
#7128=DIRECTION('ref_axis',(0.,-1.,0.));
#7129=DIRECTION('',(-1.,0.,0.));
#7130=DIRECTION('center_axis',(0.,0.,1.));
#7131=DIRECTION('ref_axis',(-1.,0.,0.));
#7132=DIRECTION('',(0.,1.,0.));
#7133=DIRECTION('',(1.,0.,0.));
#7134=DIRECTION('',(0.,-1.,0.));
#7135=DIRECTION('',(1.,0.,0.));
#7136=DIRECTION('',(1.,-4.35207425653061E-14,0.));
#7137=DIRECTION('',(-1.77635683940025E-15,-1.,0.));
#7138=DIRECTION('',(-1.,0.,0.));
#7139=DIRECTION('',(0.,1.,0.));
#7140=DIRECTION('center_axis',(1.,0.,0.));
#7141=DIRECTION('ref_axis',(0.,0.707106781186547,0.707106781186547));
#7142=DIRECTION('center_axis',(-1.,1.77635683940025E-15,0.));
#7143=DIRECTION('ref_axis',(0.,0.707106781186547,0.707106781186547));
#7144=DIRECTION('',(1.,0.,0.));
#7145=DIRECTION('center_axis',(0.,-1.,0.));
#7146=DIRECTION('ref_axis',(0.707106781186547,0.,0.707106781186547));
#7147=DIRECTION('center_axis',(-1.,0.,0.));
#7148=DIRECTION('ref_axis',(0.,-0.707106781186547,0.707106781186547));
#7149=DIRECTION('',(-1.,0.,0.));
#7150=DIRECTION('center_axis',(0.,1.,0.));
#7151=DIRECTION('ref_axis',(1.,0.,0.));
#7152=DIRECTION('',(1.,0.,0.));
#7153=DIRECTION('center_axis',(-4.35207425653061E-14,-1.,0.));
#7154=DIRECTION('ref_axis',(-1.,4.35207425653061E-14,0.));
#7155=DIRECTION('',(0.,0.,-1.));
#7156=DIRECTION('center_axis',(1.,3.27140314424443E-16,0.));
#7157=DIRECTION('ref_axis',(3.27140314424443E-16,-1.,0.));
#7158=DIRECTION('center_axis',(-1.,1.77635683940025E-15,0.));
#7159=DIRECTION('ref_axis',(1.77635683940025E-15,1.,0.));
#7160=DIRECTION('',(1.77635683940025E-15,1.,0.));
#7161=DIRECTION('',(0.,0.,-1.));
#7162=DIRECTION('center_axis',(0.,-1.,0.));
#7163=DIRECTION('ref_axis',(-1.,0.,0.));
#7164=DIRECTION('',(-1.,0.,0.));
#7165=DIRECTION('center_axis',(0.,0.,-1.));
#7166=DIRECTION('ref_axis',(-1.,0.,0.));
#7167=DIRECTION('center_axis',(0.,0.,-1.));
#7168=DIRECTION('ref_axis',(-1.,0.,0.));
#7169=DIRECTION('center_axis',(0.,-1.,0.));
#7170=DIRECTION('ref_axis',(1.,0.,0.));
#7171=DIRECTION('',(0.,0.,1.));
#7172=DIRECTION('',(0.,0.,1.));
#7173=DIRECTION('center_axis',(0.,0.,1.));
#7174=DIRECTION('ref_axis',(-1.,0.,0.));
#7175=DIRECTION('',(0.,0.,1.));
#7176=DIRECTION('center_axis',(-1.,0.,0.));
#7177=DIRECTION('ref_axis',(0.,-1.,0.));
#7178=DIRECTION('',(0.,0.,1.));
#7179=DIRECTION('center_axis',(0.,1.,0.));
#7180=DIRECTION('ref_axis',(-1.,0.,0.));
#7181=DIRECTION('',(0.,0.,1.));
#7182=DIRECTION('center_axis',(1.,0.,0.));
#7183=DIRECTION('ref_axis',(0.,1.,0.));
#7184=DIRECTION('',(0.,0.,1.));
#7185=DIRECTION('center_axis',(0.,0.,1.));
#7186=DIRECTION('ref_axis',(0.,-1.,0.));
#7187=DIRECTION('center_axis',(0.,0.,1.));
#7188=DIRECTION('ref_axis',(1.,0.,0.));
#7189=CARTESIAN_POINT('',(0.,0.,0.));
#7190=CARTESIAN_POINT('Ctrl Pts',(-2.61907947319076,-50.,41.6420374491517));
#7191=CARTESIAN_POINT('Ctrl Pts',(-2.61907947319076,-49.5,41.6420374491517));
#7192=CARTESIAN_POINT('Ctrl Pts',(-1.79285739607121,-50.,43.632217062719));
#7193=CARTESIAN_POINT('Ctrl Pts',(-1.79285739607121,-49.5,43.632217062719));
#7194=CARTESIAN_POINT('Ctrl Pts',(-0.164896550543681,-50.,47.5536016107451));
#7195=CARTESIAN_POINT('Ctrl Pts',(-0.164896550543681,-49.5,47.5536016107451));
#7196=CARTESIAN_POINT('Ctrl Pts',(2.33259538549102,-50.,50.9865392712447));
#7197=CARTESIAN_POINT('Ctrl Pts',(2.33259538549102,-49.5,50.9865392712447));
#7198=CARTESIAN_POINT('Ctrl Pts',(3.56256115180923,-50.,52.6771936991517));
#7199=CARTESIAN_POINT('Ctrl Pts',(3.56256115180923,-49.5,52.6771936991517));
#7200=CARTESIAN_POINT('',(-2.61907947319076,-50.,41.6420374491517));
#7201=CARTESIAN_POINT('',(3.56256115180923,-50.,52.6771936991517));
#7202=CARTESIAN_POINT('Ctrl Pts',(-2.61907947319076,-50.,41.6420374491517));
#7203=CARTESIAN_POINT('Ctrl Pts',(-1.79285739607121,-50.,43.632217062719));
#7204=CARTESIAN_POINT('Ctrl Pts',(-0.164896550543681,-50.,47.5536016107451));
#7205=CARTESIAN_POINT('Ctrl Pts',(2.33259538549102,-50.,50.9865392712447));
#7206=CARTESIAN_POINT('Ctrl Pts',(3.56256115180923,-50.,52.6771936991517));
#7207=CARTESIAN_POINT('',(-2.61907947319076,-49.5,41.6420374491517));
#7208=CARTESIAN_POINT('',(-2.61907947319076,-50.,41.6420374491517));
#7209=CARTESIAN_POINT('',(3.56256115180923,-49.5,52.6771936991517));
#7210=CARTESIAN_POINT('Ctrl Pts',(-2.61907947319076,-49.5,41.6420374491517));
#7211=CARTESIAN_POINT('Ctrl Pts',(-1.79285739607121,-49.5,43.632217062719));
#7212=CARTESIAN_POINT('Ctrl Pts',(-0.164896550543681,-49.5,47.5536016107451));
#7213=CARTESIAN_POINT('Ctrl Pts',(2.33259538549102,-49.5,50.9865392712447));
#7214=CARTESIAN_POINT('Ctrl Pts',(3.56256115180923,-49.5,52.6771936991517));
#7215=CARTESIAN_POINT('',(3.56256115180923,-50.,52.6771936991517));
#7216=CARTESIAN_POINT('Ctrl Pts',(-5.07025134819076,-50.,29.5326624491517));
#7217=CARTESIAN_POINT('Ctrl Pts',(-5.07025134819076,-49.5,29.5326624491517));
#7218=CARTESIAN_POINT('Ctrl Pts',(-4.92408842568396,-50.,31.5475443885192));
#7219=CARTESIAN_POINT('Ctrl Pts',(-4.92408842568396,-49.5,31.5475443885192));
#7220=CARTESIAN_POINT('Ctrl Pts',(-4.62377684367203,-50.,35.6873930751832));
#7221=CARTESIAN_POINT('Ctrl Pts',(-4.62377684367203,-49.5,35.6873930751832));
#7222=CARTESIAN_POINT('Ctrl Pts',(-3.29905405433693,-50.,39.6222778217464));
#7223=CARTESIAN_POINT('Ctrl Pts',(-3.29905405433693,-49.5,39.6222778217464));
#7224=CARTESIAN_POINT('Ctrl Pts',(-2.61907947319076,-50.,41.6420374491517));
#7225=CARTESIAN_POINT('Ctrl Pts',(-2.61907947319076,-49.5,41.6420374491517));
#7226=CARTESIAN_POINT('',(-5.07025134819076,-50.,29.5326624491517));
#7227=CARTESIAN_POINT('Ctrl Pts',(-5.07025134819076,-50.,29.5326624491517));
#7228=CARTESIAN_POINT('Ctrl Pts',(-4.92408842568396,-50.,31.5475443885192));
#7229=CARTESIAN_POINT('Ctrl Pts',(-4.62377684367203,-50.,35.6873930751832));
#7230=CARTESIAN_POINT('Ctrl Pts',(-3.29905405433693,-50.,39.6222778217464));
#7231=CARTESIAN_POINT('Ctrl Pts',(-2.61907947319076,-50.,41.6420374491517));
#7232=CARTESIAN_POINT('',(-5.07025134819076,-49.5,29.5326624491517));
#7233=CARTESIAN_POINT('',(-5.07025134819076,-50.,29.5326624491517));
#7234=CARTESIAN_POINT('Ctrl Pts',(-5.07025134819076,-49.5,29.5326624491517));
#7235=CARTESIAN_POINT('Ctrl Pts',(-4.92408842568396,-49.5,31.5475443885192));
#7236=CARTESIAN_POINT('Ctrl Pts',(-4.62377684367203,-49.5,35.6873930751832));
#7237=CARTESIAN_POINT('Ctrl Pts',(-3.29905405433693,-49.5,39.6222778217464));
#7238=CARTESIAN_POINT('Ctrl Pts',(-2.61907947319076,-49.5,41.6420374491517));
#7239=CARTESIAN_POINT('Origin',(0.22271740180924,-50.,29.5326624491517));
#7240=CARTESIAN_POINT('',(0.22271740180924,-50.,29.5326624491517));
#7241=CARTESIAN_POINT('',(25.1113587009046,-50.,29.5326624491517));
#7242=CARTESIAN_POINT('',(0.22271740180924,-49.5,29.5326624491517));
#7243=CARTESIAN_POINT('',(0.22271740180924,-50.,29.5326624491517));
#7244=CARTESIAN_POINT('',(0.22271740180924,-49.5,29.5326624491517));
#7245=CARTESIAN_POINT('Ctrl Pts',(1.46295177680924,-50.,38.1361780741517));
#7246=CARTESIAN_POINT('Ctrl Pts',(1.46295177680924,-49.5,38.1361780741517));
#7247=CARTESIAN_POINT('Ctrl Pts',(1.09661627957187,-50.,36.6242127644241));
#7248=CARTESIAN_POINT('Ctrl Pts',(1.09661627957187,-49.5,36.6242127644241));
#7249=CARTESIAN_POINT('Ctrl Pts',(0.410974529485051,-50.,33.7943845090409));
#7250=CARTESIAN_POINT('Ctrl Pts',(0.410974529485051,-49.5,33.7943845090409));
#7251=CARTESIAN_POINT('Ctrl Pts',(0.282533111512353,-50.,30.8867568875237));
#7252=CARTESIAN_POINT('Ctrl Pts',(0.282533111512353,-49.5,30.8867568875237));
#7253=CARTESIAN_POINT('Ctrl Pts',(0.22271740180924,-50.,29.5326624491517));
#7254=CARTESIAN_POINT('Ctrl Pts',(0.22271740180924,-49.5,29.5326624491517));
#7255=CARTESIAN_POINT('',(1.46295177680924,-50.,38.1361780741517));
#7256=CARTESIAN_POINT('Ctrl Pts',(1.46295177680924,-50.,38.1361780741517));
#7257=CARTESIAN_POINT('Ctrl Pts',(1.09661627957187,-50.,36.6242127644241));
#7258=CARTESIAN_POINT('Ctrl Pts',(0.410974529485051,-50.,33.7943845090409));
#7259=CARTESIAN_POINT('Ctrl Pts',(0.282533111512353,-50.,30.8867568875237));
#7260=CARTESIAN_POINT('Ctrl Pts',(0.22271740180924,-50.,29.5326624491517));
#7261=CARTESIAN_POINT('',(1.46295177680924,-49.5,38.1361780741517));
#7262=CARTESIAN_POINT('',(1.46295177680924,-50.,38.1361780741517));
#7263=CARTESIAN_POINT('Ctrl Pts',(1.46295177680924,-49.5,38.1361780741517));
#7264=CARTESIAN_POINT('Ctrl Pts',(1.09661627957187,-49.5,36.6242127644241));
#7265=CARTESIAN_POINT('Ctrl Pts',(0.410974529485051,-49.5,33.7943845090409));
#7266=CARTESIAN_POINT('Ctrl Pts',(0.282533111512353,-49.5,30.8867568875237));
#7267=CARTESIAN_POINT('Ctrl Pts',(0.22271740180924,-49.5,29.5326624491517));
#7268=CARTESIAN_POINT('Ctrl Pts',(5.12506115180924,-50.,47.2279749491517));
#7269=CARTESIAN_POINT('Ctrl Pts',(5.12506115180924,-49.5,47.2279749491517));
#7270=CARTESIAN_POINT('Ctrl Pts',(4.37113334198048,-50.,45.7769273009279));
#7271=CARTESIAN_POINT('Ctrl Pts',(4.37113334198048,-49.5,45.7769273009279));
#7272=CARTESIAN_POINT('Ctrl Pts',(2.85779467202421,-50.,42.8642790481663));
#7273=CARTESIAN_POINT('Ctrl Pts',(2.85779467202421,-49.5,42.8642790481663));
#7274=CARTESIAN_POINT('Ctrl Pts',(1.92902110331302,-50.,39.7160139425211));
#7275=CARTESIAN_POINT('Ctrl Pts',(1.92902110331302,-49.5,39.7160139425211));
#7276=CARTESIAN_POINT('Ctrl Pts',(1.46295177680924,-50.,38.1361780741517));
#7277=CARTESIAN_POINT('Ctrl Pts',(1.46295177680924,-49.5,38.1361780741517));
#7278=CARTESIAN_POINT('',(5.12506115180924,-50.,47.2279749491517));
#7279=CARTESIAN_POINT('Ctrl Pts',(5.12506115180924,-50.,47.2279749491517));
#7280=CARTESIAN_POINT('Ctrl Pts',(4.37113334198048,-50.,45.7769273009279));
#7281=CARTESIAN_POINT('Ctrl Pts',(2.85779467202421,-50.,42.8642790481663));
#7282=CARTESIAN_POINT('Ctrl Pts',(1.92902110331302,-50.,39.7160139425211));
#7283=CARTESIAN_POINT('Ctrl Pts',(1.46295177680924,-50.,38.1361780741517));
#7284=CARTESIAN_POINT('',(5.12506115180924,-49.5,47.2279749491517));
#7285=CARTESIAN_POINT('',(5.12506115180924,-50.,47.2279749491517));
#7286=CARTESIAN_POINT('Ctrl Pts',(5.12506115180924,-49.5,47.2279749491517));
#7287=CARTESIAN_POINT('Ctrl Pts',(4.37113334198048,-49.5,45.7769273009279));
#7288=CARTESIAN_POINT('Ctrl Pts',(2.85779467202421,-49.5,42.8642790481663));
#7289=CARTESIAN_POINT('Ctrl Pts',(1.92902110331302,-49.5,39.7160139425211));
#7290=CARTESIAN_POINT('Ctrl Pts',(1.46295177680924,-49.5,38.1361780741517));
#7291=CARTESIAN_POINT('Ctrl Pts',(9.85162365180923,-50.,53.7904749491517));
#7292=CARTESIAN_POINT('Ctrl Pts',(9.85162365180923,-49.5,53.7904749491517));
#7293=CARTESIAN_POINT('Ctrl Pts',(9.04021348119434,-50.,52.8847869968265));
#7294=CARTESIAN_POINT('Ctrl Pts',(9.04021348119434,-49.5,52.8847869968265));
#7295=CARTESIAN_POINT('Ctrl Pts',(7.23248891006532,-50.,50.8670228320598));
#7296=CARTESIAN_POINT('Ctrl Pts',(7.23248891006532,-49.5,50.8670228320598));
#7297=CARTESIAN_POINT('Ctrl Pts',(5.87385981146672,-50.,48.5209797349508));
#7298=CARTESIAN_POINT('Ctrl Pts',(5.87385981146672,-49.5,48.5209797349508));
#7299=CARTESIAN_POINT('Ctrl Pts',(5.12506115180924,-50.,47.2279749491517));
#7300=CARTESIAN_POINT('Ctrl Pts',(5.12506115180924,-49.5,47.2279749491517));
#7301=CARTESIAN_POINT('',(9.85162365180923,-50.,53.7904749491517));
#7302=CARTESIAN_POINT('Ctrl Pts',(9.85162365180923,-50.,53.7904749491517));
#7303=CARTESIAN_POINT('Ctrl Pts',(9.04021348119434,-50.,52.8847869968265));
#7304=CARTESIAN_POINT('Ctrl Pts',(7.23248891006532,-50.,50.8670228320598));
#7305=CARTESIAN_POINT('Ctrl Pts',(5.87385981146672,-50.,48.5209797349508));
#7306=CARTESIAN_POINT('Ctrl Pts',(5.12506115180924,-50.,47.2279749491517));
#7307=CARTESIAN_POINT('',(9.85162365180923,-49.5,53.7904749491517));
#7308=CARTESIAN_POINT('',(9.85162365180923,-50.,53.7904749491517));
#7309=CARTESIAN_POINT('Ctrl Pts',(9.85162365180923,-49.5,53.7904749491517));
#7310=CARTESIAN_POINT('Ctrl Pts',(9.04021348119434,-49.5,52.8847869968265));
#7311=CARTESIAN_POINT('Ctrl Pts',(7.23248891006532,-49.5,50.8670228320598));
#7312=CARTESIAN_POINT('Ctrl Pts',(5.87385981146672,-49.5,48.5209797349508));
#7313=CARTESIAN_POINT('Ctrl Pts',(5.12506115180924,-49.5,47.2279749491517));
#7314=CARTESIAN_POINT('Origin',(9.85162365180923,-50.,57.7748499491517));
#7315=CARTESIAN_POINT('',(9.85162365180923,-50.,57.7748499491517));
#7316=CARTESIAN_POINT('',(9.85162365180924,-50.,28.8874249745759));
#7317=CARTESIAN_POINT('',(9.85162365180923,-49.5,57.7748499491517));
#7318=CARTESIAN_POINT('',(9.85162365180923,-50.,57.7748499491517));
#7319=CARTESIAN_POINT('',(9.85162365180923,-49.5,57.7748499491517));
#7320=CARTESIAN_POINT('Origin',(-8.91790759819077,-50.,57.7748499491517));
#7321=CARTESIAN_POINT('',(-8.91790759819077,-50.,57.7748499491517));
#7322=CARTESIAN_POINT('',(20.5410462009046,-50.,57.7748499491517));
#7323=CARTESIAN_POINT('',(-8.91790759819077,-49.5,57.7748499491517));
#7324=CARTESIAN_POINT('',(-8.91790759819077,-50.,57.7748499491517));
#7325=CARTESIAN_POINT('',(-8.91790759819077,-49.5,57.7748499491517));
#7326=CARTESIAN_POINT('Origin',(-8.91790759819077,-50.,52.6771936991517));
#7327=CARTESIAN_POINT('',(-8.91790759819077,-50.,52.6771936991517));
#7328=CARTESIAN_POINT('',(-8.91790759819076,-50.,26.3385968495758));
#7329=CARTESIAN_POINT('',(-8.91790759819077,-49.5,52.6771936991517));
#7330=CARTESIAN_POINT('',(-8.91790759819077,-50.,52.6771936991517));
#7331=CARTESIAN_POINT('',(-8.91790759819077,-49.5,52.6771936991517));
#7332=CARTESIAN_POINT('Origin',(3.56256115180923,-50.,52.6771936991517));
#7333=CARTESIAN_POINT('',(26.7812805759046,-50.,52.6771936991517));
#7334=CARTESIAN_POINT('',(3.56256115180923,-49.5,52.6771936991517));
#7335=CARTESIAN_POINT('Origin',(0.466858026809231,-49.5,43.6537561991517));
#7336=CARTESIAN_POINT('Origin',(-35.,50.,74.));
#7337=CARTESIAN_POINT('',(-36.,50.,74.));
#7338=CARTESIAN_POINT('',(-35.,50.,75.));
#7339=CARTESIAN_POINT('Origin',(-35.,50.,74.));
#7340=CARTESIAN_POINT('',(-35.,47.5,75.));
#7341=CARTESIAN_POINT('',(-35.,50.,75.));
#7342=CARTESIAN_POINT('',(-36.,47.5,74.));
#7343=CARTESIAN_POINT('Origin',(-35.,47.5,74.));
#7344=CARTESIAN_POINT('',(-36.,50.,74.));
#7345=CARTESIAN_POINT('Origin',(-10.,50.,75.));
#7346=CARTESIAN_POINT('',(-11.,50.,75.));
#7347=CARTESIAN_POINT('',(-30.,50.,75.));
#7348=CARTESIAN_POINT('',(-11.,47.5,75.));
#7349=CARTESIAN_POINT('',(-11.,50.,75.));
#7350=CARTESIAN_POINT('',(-28.75,47.5,75.));
#7351=CARTESIAN_POINT('Origin',(-35.,50.,67.));
#7352=CARTESIAN_POINT('',(-35.,50.,66.));
#7353=CARTESIAN_POINT('',(-36.,50.,67.));
#7354=CARTESIAN_POINT('Origin',(-35.,50.,67.));
#7355=CARTESIAN_POINT('',(-36.,47.5,67.));
#7356=CARTESIAN_POINT('',(-36.,50.,67.));
#7357=CARTESIAN_POINT('',(-35.,47.5,66.));
#7358=CARTESIAN_POINT('Origin',(-35.,47.5,67.));
#7359=CARTESIAN_POINT('',(-35.,50.,66.));
#7360=CARTESIAN_POINT('Origin',(-36.,50.,75.));
#7361=CARTESIAN_POINT('',(-36.,47.5,37.5));
#7362=CARTESIAN_POINT('',(-36.,50.,37.5));
#7363=CARTESIAN_POINT('Origin',(-11.,50.,74.));
#7364=CARTESIAN_POINT('',(-10.,50.,74.));
#7365=CARTESIAN_POINT('Origin',(-11.,50.,74.));
#7366=CARTESIAN_POINT('',(-10.,47.5,74.));
#7367=CARTESIAN_POINT('',(-10.,50.,74.));
#7368=CARTESIAN_POINT('Origin',(-11.,47.5,74.));
#7369=CARTESIAN_POINT('Origin',(-10.,50.,66.));
#7370=CARTESIAN_POINT('',(-10.,50.,67.));
#7371=CARTESIAN_POINT('',(-10.,50.,33.));
#7372=CARTESIAN_POINT('',(-10.,47.5,67.));
#7373=CARTESIAN_POINT('',(-10.,50.,67.));
#7374=CARTESIAN_POINT('',(-10.,47.5,33.));
#7375=CARTESIAN_POINT('Origin',(-11.,50.,67.));
#7376=CARTESIAN_POINT('',(-11.,50.,66.));
#7377=CARTESIAN_POINT('Origin',(-11.,50.,67.));
#7378=CARTESIAN_POINT('',(-11.,47.5,66.));
#7379=CARTESIAN_POINT('',(-11.,50.,66.));
#7380=CARTESIAN_POINT('Origin',(-11.,47.5,67.));
#7381=CARTESIAN_POINT('Origin',(-36.,50.,66.));
#7382=CARTESIAN_POINT('',(-41.75,47.5,66.));
#7383=CARTESIAN_POINT('',(-43.,50.,66.));
#7384=CARTESIAN_POINT('Origin',(40.,50.,75.));
#7385=CARTESIAN_POINT('',(42.6,-47.5,75.));
#7386=CARTESIAN_POINT('Origin',(40.,-47.5,75.));
#7387=CARTESIAN_POINT('',(42.6,-50.,75.));
#7388=CARTESIAN_POINT('',(42.6,50.,75.));
#7389=CARTESIAN_POINT('Origin',(40.,-50.,75.));
#7390=CARTESIAN_POINT('Origin',(40.,50.,75.));
#7391=CARTESIAN_POINT('',(42.6,50.,75.));
#7392=CARTESIAN_POINT('Origin',(40.,50.,75.));
#7393=CARTESIAN_POINT('',(42.6,47.5,75.));
#7394=CARTESIAN_POINT('',(42.6,50.,75.));
#7395=CARTESIAN_POINT('Origin',(40.,47.5,75.));
#7396=CARTESIAN_POINT('Origin',(-40.,50.,75.));
#7397=CARTESIAN_POINT('',(-37.4,-47.5,75.));
#7398=CARTESIAN_POINT('Origin',(-40.,-47.5,75.));
#7399=CARTESIAN_POINT('',(-37.4,-50.,75.));
#7400=CARTESIAN_POINT('',(-37.4,50.,75.));
#7401=CARTESIAN_POINT('Origin',(-40.,-50.,75.));
#7402=CARTESIAN_POINT('Origin',(-40.,50.,75.));
#7403=CARTESIAN_POINT('',(-37.4,50.,75.));
#7404=CARTESIAN_POINT('Origin',(-40.,50.,75.));
#7405=CARTESIAN_POINT('',(-37.4,47.5,75.));
#7406=CARTESIAN_POINT('',(-37.4,50.,75.));
#7407=CARTESIAN_POINT('Origin',(-40.,47.5,75.));
#7408=CARTESIAN_POINT('Origin',(50.,-40.,80.));
#7409=CARTESIAN_POINT('',(-47.5,35.,80.));
#7410=CARTESIAN_POINT('',(-50.,35.,80.));
#7411=CARTESIAN_POINT('',(50.,35.,80.));
#7412=CARTESIAN_POINT('',(-47.5,-35.,80.));
#7413=CARTESIAN_POINT('',(-47.5,-43.75,80.));
#7414=CARTESIAN_POINT('',(-50.,-35.,80.));
#7415=CARTESIAN_POINT('',(50.,-35.,80.));
#7416=CARTESIAN_POINT('',(-50.,-45.,80.));
#7417=CARTESIAN_POINT('Origin',(50.,-40.,80.));
#7418=CARTESIAN_POINT('',(50.,35.,80.));
#7419=CARTESIAN_POINT('',(47.5,35.,80.));
#7420=CARTESIAN_POINT('',(50.,35.,80.));
#7421=CARTESIAN_POINT('',(50.,-35.,80.));
#7422=CARTESIAN_POINT('',(50.,5.,80.));
#7423=CARTESIAN_POINT('',(47.5,-35.,80.));
#7424=CARTESIAN_POINT('',(50.,-35.,80.));
#7425=CARTESIAN_POINT('',(47.5,3.75,80.));
#7426=CARTESIAN_POINT('Origin',(50.,-35.,75.));
#7427=CARTESIAN_POINT('',(50.,-35.,70.));
#7428=CARTESIAN_POINT('Origin',(50.,-35.,75.));
#7429=CARTESIAN_POINT('',(47.5,-35.,70.));
#7430=CARTESIAN_POINT('',(50.,-35.,70.));
#7431=CARTESIAN_POINT('Origin',(47.5,-35.,75.));
#7432=CARTESIAN_POINT('Origin',(50.,40.,70.));
#7433=CARTESIAN_POINT('',(50.,35.,70.));
#7434=CARTESIAN_POINT('',(50.,45.,70.));
#7435=CARTESIAN_POINT('',(47.5,35.,70.));
#7436=CARTESIAN_POINT('',(50.,35.,70.));
#7437=CARTESIAN_POINT('',(47.5,43.75,70.));
#7438=CARTESIAN_POINT('Origin',(50.,-35.,75.));
#7439=CARTESIAN_POINT('',(-47.5,-35.,70.));
#7440=CARTESIAN_POINT('Origin',(-47.5,-35.,75.));
#7441=CARTESIAN_POINT('',(-50.,-35.,70.));
#7442=CARTESIAN_POINT('',(50.,-35.,70.));
#7443=CARTESIAN_POINT('Origin',(-50.,-35.,75.));
#7444=CARTESIAN_POINT('Origin',(50.,40.,70.));
#7445=CARTESIAN_POINT('',(-47.5,35.,70.));
#7446=CARTESIAN_POINT('',(-47.5,-3.75,70.));
#7447=CARTESIAN_POINT('',(-50.,35.,70.));
#7448=CARTESIAN_POINT('',(50.,35.,70.));
#7449=CARTESIAN_POINT('',(-50.,-5.,70.));
#7450=CARTESIAN_POINT('Origin',(50.,35.,75.));
#7451=CARTESIAN_POINT('Origin',(-47.5,35.,75.));
#7452=CARTESIAN_POINT('Origin',(-50.,35.,75.));
#7453=CARTESIAN_POINT('Origin',(50.,35.,75.));
#7454=CARTESIAN_POINT('Origin',(50.,35.,75.));
#7455=CARTESIAN_POINT('Origin',(47.5,35.,75.));
#7456=CARTESIAN_POINT('Origin',(-3.73969860926349E-16,-43.5,-3.5));
#7457=CARTESIAN_POINT('',(1.7203144029786,-47.5,-2.5));
#7458=CARTESIAN_POINT('',(1.48326119000754,-46.9488142107963,-2.7));
#7459=CARTESIAN_POINT('Origin',(1.7203144029786,-47.5,-3.5));
#7460=CARTESIAN_POINT('',(3.75419341482066,-43.479627899215,-2.7));
#7461=CARTESIAN_POINT('Origin',(-3.73969860926349E-16,-43.5,-2.7));
#7462=CARTESIAN_POINT('',(-1.48326119000754,-46.9488142107963,-2.7));
#7463=CARTESIAN_POINT('Origin',(-3.73969860926349E-16,-43.5,-2.7));
#7464=CARTESIAN_POINT('',(-1.7203144029786,-47.5,-2.5));
#7465=CARTESIAN_POINT('Origin',(-1.7203144029786,-47.5,-3.5));
#7466=CARTESIAN_POINT('Origin',(-3.73969860926349E-16,-43.5,-2.5));
#7467=CARTESIAN_POINT('Ctrl Pts',(-1.72031440297861,-47.5,-2.5));
#7468=CARTESIAN_POINT('Ctrl Pts',(-1.25451545426758,-47.6430929714928,-2.5));
#7469=CARTESIAN_POINT('Ctrl Pts',(-0.0911190461565559,-47.8782310415806,
-2.47048211946887));
#7470=CARTESIAN_POINT('Ctrl Pts',(1.09924913803058,-47.6907906286571,-2.5));
#7471=CARTESIAN_POINT('Ctrl Pts',(1.72031440297861,-47.5,-2.5));
#7472=CARTESIAN_POINT('Ctrl Pts',(-1.63556773331756,-47.3029507408313,-2.5));
#7473=CARTESIAN_POINT('Ctrl Pts',(-1.19373097030286,-47.4548491525617,-2.511442175148));
#7474=CARTESIAN_POINT('Ctrl Pts',(-0.0869643506537236,-47.7064370861322,
-2.49698890779007));
#7475=CARTESIAN_POINT('Ctrl Pts',(1.04645204929798,-47.5054819564718,-2.51525623353067));
#7476=CARTESIAN_POINT('Ctrl Pts',(1.63556773331756,-47.3029507408313,-2.5));
#7477=CARTESIAN_POINT('Ctrl Pts',(-1.55105852573638,-47.1064536181313,-2.57129977824134));
#7478=CARTESIAN_POINT('Ctrl Pts',(-1.13301908834793,-47.2710343757803,-2.5819741510125));
#7479=CARTESIAN_POINT('Ctrl Pts',(-0.0827848058063596,-47.5410071802574,
-2.56520289659385));
#7480=CARTESIAN_POINT('Ctrl Pts',(0.993672609218477,-47.32589462833,-2.58553227526956));
#7481=CARTESIAN_POINT('Ctrl Pts',(1.55105852573639,-47.1064536181313,-2.57129977824134));
#7482=CARTESIAN_POINT('Ctrl Pts',(-1.48326119000754,-46.9488142107963,-2.7));
#7483=CARTESIAN_POINT('Ctrl Pts',(-1.08164768158538,-47.1215395865387,-2.7));
#7484=CARTESIAN_POINT('Ctrl Pts',(-0.0785113328190732,-47.4019516283068,
-2.66693997380513));
#7485=CARTESIAN_POINT('Ctrl Pts',(0.947776512111363,-47.1791147117861,-2.7));
#7486=CARTESIAN_POINT('Ctrl Pts',(1.48326119000755,-46.9488142107963,-2.7));
#7487=CARTESIAN_POINT('Ctrl Pts',(1.72031440297861,-47.5,-2.5));
#7488=CARTESIAN_POINT('Ctrl Pts',(1.09924913803058,-47.6907906286571,-2.5));
#7489=CARTESIAN_POINT('Ctrl Pts',(-0.0911190461565559,-47.8782310415806,
-2.47048211946887));
#7490=CARTESIAN_POINT('Ctrl Pts',(-1.25451545426758,-47.6430929714928,-2.5));
#7491=CARTESIAN_POINT('Ctrl Pts',(-1.72031440297861,-47.5,-2.5));
#7492=CARTESIAN_POINT('Ctrl Pts',(-1.48326119000754,-46.9488142107963,-2.7));
#7493=CARTESIAN_POINT('Ctrl Pts',(-1.08164768158538,-47.1215395865387,-2.7));
#7494=CARTESIAN_POINT('Ctrl Pts',(-0.0785113328190732,-47.4019516283068,
-2.66693997380513));
#7495=CARTESIAN_POINT('Ctrl Pts',(0.947776512111363,-47.1791147117861,-2.7));
#7496=CARTESIAN_POINT('Ctrl Pts',(1.48326119000755,-46.9488142107963,-2.7));
#7497=CARTESIAN_POINT('Origin',(0.,0.,-2.5));
#7498=CARTESIAN_POINT('',(-45.,-47.5,-2.5));
#7499=CARTESIAN_POINT('',(25.,-47.5,-2.5));
#7500=CARTESIAN_POINT('',(-47.5,-45.,-2.5));
#7501=CARTESIAN_POINT('Origin',(-45.,-45.,-2.5));
#7502=CARTESIAN_POINT('',(-47.5,50.,-2.5));
#7503=CARTESIAN_POINT('',(-47.5,-25.,-2.5));
#7504=CARTESIAN_POINT('',(47.5,50.,-2.5));
#7505=CARTESIAN_POINT('',(-25.,50.,-2.5));
#7506=CARTESIAN_POINT('',(47.5,-45.,-2.5));
#7507=CARTESIAN_POINT('',(47.5,25.,-2.5));
#7508=CARTESIAN_POINT('',(45.,-47.5,-2.5));
#7509=CARTESIAN_POINT('Origin',(45.,-45.,-2.5));
#7510=CARTESIAN_POINT('',(25.,-47.5,-2.5));
#7511=CARTESIAN_POINT('',(-4.35424868893542,43.5,-2.5));
#7512=CARTESIAN_POINT('Origin',(-6.03961325396085E-15,43.5,-2.5));
#7513=CARTESIAN_POINT('',(27.5,36.5,-2.5));
#7514=CARTESIAN_POINT('',(27.5,41.5,-2.5));
#7515=CARTESIAN_POINT('',(27.5,20.75,-2.5));
#7516=CARTESIAN_POINT('',(22.5,41.5,-2.5));
#7517=CARTESIAN_POINT('',(11.25,41.5,-2.5));
#7518=CARTESIAN_POINT('',(22.5,36.5,-2.5));
#7519=CARTESIAN_POINT('',(22.5,18.25,-2.5));
#7520=CARTESIAN_POINT('',(13.75,36.5,-2.5));
#7521=CARTESIAN_POINT('',(42.5,36.5,-2.5));
#7522=CARTESIAN_POINT('',(42.5,41.5,-2.5));
#7523=CARTESIAN_POINT('',(42.5,20.75,-2.5));
#7524=CARTESIAN_POINT('',(37.5,41.5,-2.5));
#7525=CARTESIAN_POINT('',(18.75,41.5,-2.5));
#7526=CARTESIAN_POINT('',(37.5,36.5,-2.5));
#7527=CARTESIAN_POINT('',(37.5,18.25,-2.5));
#7528=CARTESIAN_POINT('',(21.25,36.5,-2.5));
#7529=CARTESIAN_POINT('Ctrl Pts',(3.77885814484618,-43.4794940562531,-2.681351785948));
#7530=CARTESIAN_POINT('Ctrl Pts',(3.75835220109933,-39.700635911407,-2.681351785948));
#7531=CARTESIAN_POINT('Ctrl Pts',(-0.0205059437468517,-39.7211418551538,
-2.681351785948));
#7532=CARTESIAN_POINT('Ctrl Pts',(-3.79936408859303,-39.7416477989007,-2.681351785948));
#7533=CARTESIAN_POINT('Ctrl Pts',(-3.77885814484618,-43.5205059437468,-2.681351785948));
#7534=CARTESIAN_POINT('Ctrl Pts',(-3.75835220109933,-47.299364088593,-2.681351785948));
#7535=CARTESIAN_POINT('Ctrl Pts',(0.020505943746851,-47.2788581448462,-2.681351785948));
#7536=CARTESIAN_POINT('Ctrl Pts',(3.79936408859303,-47.2583522010993,-2.681351785948));
#7537=CARTESIAN_POINT('Ctrl Pts',(3.77885814484618,-43.4794940562531,-2.681351785948));
#7538=CARTESIAN_POINT('Ctrl Pts',(2.70474295250168,-43.4853227338239,-3.5));
#7539=CARTESIAN_POINT('Ctrl Pts',(2.69006568632556,-40.7805797813222,-3.5));
#7540=CARTESIAN_POINT('Ctrl Pts',(-0.0146772661761134,-40.7952570474983,
-3.5));
#7541=CARTESIAN_POINT('Ctrl Pts',(-2.71942021867779,-40.8099343136744,-3.5));
#7542=CARTESIAN_POINT('Ctrl Pts',(-2.70474295250168,-43.5146772661761,-3.5));
#7543=CARTESIAN_POINT('Ctrl Pts',(-2.69006568632557,-46.2194202186778,-3.5));
#7544=CARTESIAN_POINT('Ctrl Pts',(0.0146772661761126,-46.2047429525017,
-3.5));
#7545=CARTESIAN_POINT('Ctrl Pts',(2.71942021867779,-46.1900656863256,-3.5));
#7546=CARTESIAN_POINT('Ctrl Pts',(2.70474295250168,-43.4853227338239,-3.5));
#7547=CARTESIAN_POINT('Ctrl Pts',(1.35422875021967,-43.4926512884295,-3.5));
#7548=CARTESIAN_POINT('Ctrl Pts',(1.34688003864915,-42.1384225382098,-3.5));
#7549=CARTESIAN_POINT('Ctrl Pts',(-0.00734871157051879,-42.1457712497803,
-3.5));
#7550=CARTESIAN_POINT('Ctrl Pts',(-1.36157746179019,-42.1531199613508,-3.5));
#7551=CARTESIAN_POINT('Ctrl Pts',(-1.35422875021967,-43.5073487115705,-3.5));
#7552=CARTESIAN_POINT('Ctrl Pts',(-1.34688003864915,-44.8615774617902,-3.5));
#7553=CARTESIAN_POINT('Ctrl Pts',(0.00734871157051804,-44.8542287502197,
-3.5));
#7554=CARTESIAN_POINT('Ctrl Pts',(1.36157746179019,-44.8468800386491,-3.5));
#7555=CARTESIAN_POINT('Ctrl Pts',(1.35422875021967,-43.4926512884295,-3.5));
#7556=CARTESIAN_POINT('',(1.35422875021967,-43.4926512884295,-3.5));
#7557=CARTESIAN_POINT('Origin',(-3.73969860926349E-16,-43.5,-3.5));
#7558=CARTESIAN_POINT('Ctrl Pts',(1.35422875021967,-43.4926512884295,-3.5));
#7559=CARTESIAN_POINT('Ctrl Pts',(2.68754245277578,-43.4854160721992,-3.5));
#7560=CARTESIAN_POINT('Ctrl Pts',(3.75419341482066,-43.479627899215,-2.7));
#7561=CARTESIAN_POINT('Origin',(-6.03961325396085E-15,43.5,-3.5));
#7562=CARTESIAN_POINT('',(-3.75424868893542,43.5,-2.7));
#7563=CARTESIAN_POINT('',(3.7542486889354,43.5,-2.7));
#7564=CARTESIAN_POINT('Origin',(-6.03961325396085E-15,43.5,-2.7));
#7565=CARTESIAN_POINT('Origin',(-6.03961325396085E-15,43.5,-2.7));
#7566=CARTESIAN_POINT('Origin',(-4.35424868893542,43.5,-3.5));
#7567=CARTESIAN_POINT('Ctrl Pts',(3.7542486889354,43.5,-2.7));
#7568=CARTESIAN_POINT('Ctrl Pts',(3.7542486889354,47.2542486889354,-2.7));
#7569=CARTESIAN_POINT('Ctrl Pts',(-6.03961325396085E-15,47.2542486889354,
-2.7));
#7570=CARTESIAN_POINT('Ctrl Pts',(-3.75424868893541,47.2542486889354,-2.7));
#7571=CARTESIAN_POINT('Ctrl Pts',(-3.75424868893542,43.5,-2.7));
#7572=CARTESIAN_POINT('Ctrl Pts',(-3.75424868893541,39.7457513110646,-2.7));
#7573=CARTESIAN_POINT('Ctrl Pts',(-6.03961325396085E-15,39.7457513110646,
-2.7));
#7574=CARTESIAN_POINT('Ctrl Pts',(3.7542486889354,39.7457513110646,-2.7));
#7575=CARTESIAN_POINT('Ctrl Pts',(3.7542486889354,43.5,-2.7));
#7576=CARTESIAN_POINT('Ctrl Pts',(2.68758202226874,43.5,-3.5));
#7577=CARTESIAN_POINT('Ctrl Pts',(2.68758202226874,46.1875820222687,-3.5));
#7578=CARTESIAN_POINT('Ctrl Pts',(-6.03961325396085E-15,46.1875820222687,
-3.5));
#7579=CARTESIAN_POINT('Ctrl Pts',(-2.68758202226875,46.1875820222687,-3.5));
#7580=CARTESIAN_POINT('Ctrl Pts',(-2.68758202226875,43.5,-3.5));
#7581=CARTESIAN_POINT('Ctrl Pts',(-2.68758202226875,40.8124179777313,-3.5));
#7582=CARTESIAN_POINT('Ctrl Pts',(-6.03961325396085E-15,40.8124179777313,
-3.5));
#7583=CARTESIAN_POINT('Ctrl Pts',(2.68758202226874,40.8124179777313,-3.5));
#7584=CARTESIAN_POINT('Ctrl Pts',(2.68758202226874,43.5,-3.5));
#7585=CARTESIAN_POINT('Ctrl Pts',(1.3542486889354,43.5,-3.5));
#7586=CARTESIAN_POINT('Ctrl Pts',(1.3542486889354,44.8542486889354,-3.5));
#7587=CARTESIAN_POINT('Ctrl Pts',(-6.03961325396085E-15,44.8542486889354,
-3.5));
#7588=CARTESIAN_POINT('Ctrl Pts',(-1.35424868893542,44.8542486889354,-3.5));
#7589=CARTESIAN_POINT('Ctrl Pts',(-1.35424868893542,43.5,-3.5));
#7590=CARTESIAN_POINT('Ctrl Pts',(-1.35424868893542,42.1457513110646,-3.5));
#7591=CARTESIAN_POINT('Ctrl Pts',(-6.03961325396085E-15,42.1457513110646,
-3.5));
#7592=CARTESIAN_POINT('Ctrl Pts',(1.3542486889354,42.1457513110646,-3.5));
#7593=CARTESIAN_POINT('Ctrl Pts',(1.3542486889354,43.5,-3.5));
#7594=CARTESIAN_POINT('',(1.3542486889354,43.5,-3.5));
#7595=CARTESIAN_POINT('Origin',(-6.03961325396085E-15,43.5,-3.5));
#7596=CARTESIAN_POINT('Origin',(1.3542486889354,43.5,0.5));
#7597=CARTESIAN_POINT('Origin',(-3.33066907387547E-15,4.44089209850063E-15,
-3.5));
#7598=CARTESIAN_POINT('Origin',(-3.33066907387547E-15,4.44089209850063E-15,
-3.5));
#7599=CARTESIAN_POINT('Origin',(-45.,4.32402651696114E-15,50.));
#7600=CARTESIAN_POINT('',(-47.5,35.,50.));
#7601=CARTESIAN_POINT('',(-45.,35.2525512860841,52.5));
#7602=CARTESIAN_POINT('Ctrl Pts',(-47.5,35.,50.));
#7603=CARTESIAN_POINT('Ctrl Pts',(-47.5,35.,50.3139896862253));
#7604=CARTESIAN_POINT('Ctrl Pts',(-47.4372273107758,34.9995062129791,50.6488920050877));
#7605=CARTESIAN_POINT('Ctrl Pts',(-47.1820288454166,35.0033932726531,51.2648667475975));
#7606=CARTESIAN_POINT('Ctrl Pts',(-46.9896003132361,35.0084479890176,51.5459335926966));
#7607=CARTESIAN_POINT('Ctrl Pts',(-46.5440954935538,35.0345899481989,51.9914384123789));
#7608=CARTESIAN_POINT('Ctrl Pts',(-46.2609341463465,35.0576781503074,52.1843488334986));
#7609=CARTESIAN_POINT('Ctrl Pts',(-45.6439230702745,35.1346599052349,52.4385851898558));
#7610=CARTESIAN_POINT('Ctrl Pts',(-45.3101949426968,35.1892330085509,52.5));
#7611=CARTESIAN_POINT('Ctrl Pts',(-45.,35.2525512860841,52.5));
#7612=CARTESIAN_POINT('',(-45.,27.6568651670156,52.5));
#7613=CARTESIAN_POINT('',(-45.,4.32402651696114E-15,52.5));
#7614=CARTESIAN_POINT('',(-47.5,27.5,50.));
#7615=CARTESIAN_POINT('Ctrl Pts',(-45.,27.6568651670156,52.5));
#7616=CARTESIAN_POINT('Ctrl Pts',(-45.3124711585378,27.6174975014265,52.5));
#7617=CARTESIAN_POINT('Ctrl Pts',(-45.6468779420452,27.5836377904773,52.4377762679682));
#7618=CARTESIAN_POINT('Ctrl Pts',(-46.2632378720513,27.535883078528,52.18298747591));
#7619=CARTESIAN_POINT('Ctrl Pts',(-46.5451444957019,27.5215646697384,51.9903894102308));
#7620=CARTESIAN_POINT('Ctrl Pts',(-46.9896804620436,27.5052785547599,51.5458534438892));
#7621=CARTESIAN_POINT('Ctrl Pts',(-47.1820916183885,27.5021198048879,51.2647545127364));
#7622=CARTESIAN_POINT('Ctrl Pts',(-47.4372508505933,27.4996914880709,50.6487958927303));
#7623=CARTESIAN_POINT('Ctrl Pts',(-47.5,27.5,50.3139383842011));
#7624=CARTESIAN_POINT('Ctrl Pts',(-47.5,27.5,50.));
#7625=CARTESIAN_POINT('',(-47.5,4.09029535388216E-15,50.));
#7626=CARTESIAN_POINT('Origin',(-42.5,47.5,52.5));
#7627=CARTESIAN_POINT('',(-35.,47.5,52.5));
#7628=CARTESIAN_POINT('Origin',(-47.5,47.5,52.5));
#7629=CARTESIAN_POINT('',(-32.5,47.5,52.5));
#7630=CARTESIAN_POINT('',(-23.75,47.5,52.5));
#7631=CARTESIAN_POINT('',(-32.5,50.,52.5));
#7632=CARTESIAN_POINT('',(-32.5,47.5,52.5));
#7633=CARTESIAN_POINT('',(32.5,50.,52.5));
#7634=CARTESIAN_POINT('',(-46.25,50.,52.5));
#7635=CARTESIAN_POINT('',(32.5,47.5,52.5));
#7636=CARTESIAN_POINT('',(32.5,47.5,52.5));
#7637=CARTESIAN_POINT('',(35.,47.5,52.5));
#7638=CARTESIAN_POINT('',(-23.75,47.5,52.5));
#7639=CARTESIAN_POINT('',(45.,35.2525512860841,52.5));
#7640=CARTESIAN_POINT('Origin',(47.5,47.5,52.5));
#7641=CARTESIAN_POINT('',(45.,27.6568651670156,52.5));
#7642=CARTESIAN_POINT('',(45.,47.5,52.5));
#7643=CARTESIAN_POINT('',(41.,28.5857196806223,52.5));
#7644=CARTESIAN_POINT('Origin',(47.5,47.5,52.5));
#7645=CARTESIAN_POINT('',(41.,-28.5857196806223,52.5));
#7646=CARTESIAN_POINT('',(41.,14.2928598403111,52.5));
#7647=CARTESIAN_POINT('',(45.,-27.6568651670156,52.5));
#7648=CARTESIAN_POINT('Origin',(47.5,-47.5,52.5));
#7649=CARTESIAN_POINT('',(45.,-35.2525512860841,52.5));
#7650=CARTESIAN_POINT('',(45.,47.5,52.5));
#7651=CARTESIAN_POINT('',(35.2525512860841,-45.,52.5));
#7652=CARTESIAN_POINT('Origin',(47.5,-47.5,52.5));
#7653=CARTESIAN_POINT('',(27.6568651670156,-45.,52.5));
#7654=CARTESIAN_POINT('',(2.5,-45.,52.5));
#7655=CARTESIAN_POINT('',(28.4212159716611,-41.5,52.5));
#7656=CARTESIAN_POINT('Origin',(47.5,-47.5,52.5));
#7657=CARTESIAN_POINT('',(-28.4212159716611,-41.5,52.5));
#7658=CARTESIAN_POINT('',(14.2106079858305,-41.5,52.5));
#7659=CARTESIAN_POINT('',(-27.6568651670156,-45.,52.5));
#7660=CARTESIAN_POINT('Origin',(-47.5,-47.5,52.5));
#7661=CARTESIAN_POINT('',(-35.2525512860841,-45.,52.5));
#7662=CARTESIAN_POINT('',(2.5,-45.,52.5));
#7663=CARTESIAN_POINT('',(-45.,-35.2525512860841,52.5));
#7664=CARTESIAN_POINT('Origin',(-47.5,-47.5,52.5));
#7665=CARTESIAN_POINT('',(-45.,-27.6568651670156,52.5));
#7666=CARTESIAN_POINT('',(-45.,4.32402651696114E-15,52.5));
#7667=CARTESIAN_POINT('',(-41.,-28.5857196806223,52.5));
#7668=CARTESIAN_POINT('Origin',(-47.5,-47.5,52.5));
#7669=CARTESIAN_POINT('',(-41.,28.5857196806223,52.5));
#7670=CARTESIAN_POINT('',(-41.,-14.2928598403111,52.5));
#7671=CARTESIAN_POINT('Origin',(-47.5,47.5,52.5));
#7672=CARTESIAN_POINT('',(-27.5,47.5,52.5));
#7673=CARTESIAN_POINT('',(27.5,47.5,52.5));
#7674=CARTESIAN_POINT('',(-45.,47.5,52.5));
#7675=CARTESIAN_POINT('',(-28.4212159716611,41.5,52.5));
#7676=CARTESIAN_POINT('Origin',(-47.5,47.5,52.5));
#7677=CARTESIAN_POINT('',(28.4212159716611,41.5,52.5));
#7678=CARTESIAN_POINT('',(-14.2106079858305,41.5,52.5));
#7679=CARTESIAN_POINT('Origin',(47.5,47.5,52.5));
#7680=CARTESIAN_POINT('Origin',(45.,47.5,50.));
#7681=CARTESIAN_POINT('',(47.5,27.5,50.));
#7682=CARTESIAN_POINT('Ctrl Pts',(47.5,27.5,50.));
#7683=CARTESIAN_POINT('Ctrl Pts',(47.5,27.5,50.3139383842011));
#7684=CARTESIAN_POINT('Ctrl Pts',(47.4372508505933,27.4996914880709,50.6487958927303));
#7685=CARTESIAN_POINT('Ctrl Pts',(47.1820916183885,27.5021198048879,51.2647545127363));
#7686=CARTESIAN_POINT('Ctrl Pts',(46.9896804620436,27.5052785547599,51.5458534438892));
#7687=CARTESIAN_POINT('Ctrl Pts',(46.5451444957019,27.5215646697384,51.9903894102308));
#7688=CARTESIAN_POINT('Ctrl Pts',(46.2632378720513,27.535883078528,52.18298747591));
#7689=CARTESIAN_POINT('Ctrl Pts',(45.6468779420451,27.5836377904773,52.4377762679682));
#7690=CARTESIAN_POINT('Ctrl Pts',(45.3124711585378,27.6174975014265,52.5));
#7691=CARTESIAN_POINT('Ctrl Pts',(45.,27.6568651670156,52.5));
#7692=CARTESIAN_POINT('',(47.5,35.,50.));
#7693=CARTESIAN_POINT('Ctrl Pts',(45.,35.2525512860841,52.5));
#7694=CARTESIAN_POINT('Ctrl Pts',(45.3101949426968,35.1892330085509,52.5));
#7695=CARTESIAN_POINT('Ctrl Pts',(45.6439230702745,35.1346599052349,52.4385851898558));
#7696=CARTESIAN_POINT('Ctrl Pts',(46.2609341463465,35.0576781503074,52.1843488334986));
#7697=CARTESIAN_POINT('Ctrl Pts',(46.5440954935538,35.0345899481989,51.9914384123789));
#7698=CARTESIAN_POINT('Ctrl Pts',(46.9896003132361,35.0084479890176,51.5459335926966));
#7699=CARTESIAN_POINT('Ctrl Pts',(47.1820288454166,35.0033932726531,51.2648667475975));
#7700=CARTESIAN_POINT('Ctrl Pts',(47.4372273107758,34.9995062129791,50.6488920050877));
#7701=CARTESIAN_POINT('Ctrl Pts',(47.5,35.,50.3139896862252));
#7702=CARTESIAN_POINT('Ctrl Pts',(47.5,35.,50.));
#7703=CARTESIAN_POINT('',(47.5,47.5,50.));
#7704=CARTESIAN_POINT('Origin',(-45.,4.32402651696114E-15,50.));
#7705=CARTESIAN_POINT('',(-47.5,-27.5,50.));
#7706=CARTESIAN_POINT('Ctrl Pts',(-47.5,-27.5,50.));
#7707=CARTESIAN_POINT('Ctrl Pts',(-47.5,-27.5,50.3139383842011));
#7708=CARTESIAN_POINT('Ctrl Pts',(-47.4372508505933,-27.4996914880709,50.6487958927303));
#7709=CARTESIAN_POINT('Ctrl Pts',(-47.1820916183885,-27.5021198048879,51.2647545127364));
#7710=CARTESIAN_POINT('Ctrl Pts',(-46.9896804620436,-27.5052785547599,51.5458534438892));
#7711=CARTESIAN_POINT('Ctrl Pts',(-46.5451444957019,-27.5215646697384,51.9903894102308));
#7712=CARTESIAN_POINT('Ctrl Pts',(-46.2632378720512,-27.535883078528,52.18298747591));
#7713=CARTESIAN_POINT('Ctrl Pts',(-45.6468779420451,-27.5836377904773,52.4377762679682));
#7714=CARTESIAN_POINT('Ctrl Pts',(-45.3124711585378,-27.6174975014264,52.5));
#7715=CARTESIAN_POINT('Ctrl Pts',(-45.,-27.6568651670156,52.5));
#7716=CARTESIAN_POINT('',(-47.5,-35.,50.));
#7717=CARTESIAN_POINT('Ctrl Pts',(-45.,-35.2525512860841,52.5));
#7718=CARTESIAN_POINT('Ctrl Pts',(-45.3101949426968,-35.1892330085508,52.5));
#7719=CARTESIAN_POINT('Ctrl Pts',(-45.6439230702745,-35.1346599052349,52.4385851898558));
#7720=CARTESIAN_POINT('Ctrl Pts',(-46.2609341463465,-35.0576781503074,52.1843488334986));
#7721=CARTESIAN_POINT('Ctrl Pts',(-46.5440954935538,-35.0345899481989,51.9914384123789));
#7722=CARTESIAN_POINT('Ctrl Pts',(-46.9896003132361,-35.0084479890176,51.5459335926966));
#7723=CARTESIAN_POINT('Ctrl Pts',(-47.1820288454166,-35.0033932726531,51.2648667475975));
#7724=CARTESIAN_POINT('Ctrl Pts',(-47.4372273107758,-34.9995062129791,50.6488920050877));
#7725=CARTESIAN_POINT('Ctrl Pts',(-47.5,-35.,50.3139896862253));
#7726=CARTESIAN_POINT('Ctrl Pts',(-47.5,-35.,50.));
#7727=CARTESIAN_POINT('',(-47.5,4.09029535388216E-15,50.));
#7728=CARTESIAN_POINT('Origin',(2.5,-45.,50.));
#7729=CARTESIAN_POINT('',(-35.,-47.5,50.));
#7730=CARTESIAN_POINT('Ctrl Pts',(-35.,-47.5,50.));
#7731=CARTESIAN_POINT('Ctrl Pts',(-35.,-47.5,50.3139896862253));
#7732=CARTESIAN_POINT('Ctrl Pts',(-34.9995062129791,-47.4372273107758,50.6488920050877));
#7733=CARTESIAN_POINT('Ctrl Pts',(-35.0033932726531,-47.1820288454166,51.2648667475975));
#7734=CARTESIAN_POINT('Ctrl Pts',(-35.0084479890176,-46.9896003132361,51.5459335926966));
#7735=CARTESIAN_POINT('Ctrl Pts',(-35.0345899481989,-46.5440954935538,51.9914384123789));
#7736=CARTESIAN_POINT('Ctrl Pts',(-35.0576781503074,-46.2609341463465,52.1843488334986));
#7737=CARTESIAN_POINT('Ctrl Pts',(-35.1346599052349,-45.6439230702745,52.4385851898558));
#7738=CARTESIAN_POINT('Ctrl Pts',(-35.1892330085508,-45.3101949426968,52.5));
#7739=CARTESIAN_POINT('Ctrl Pts',(-35.2525512860841,-45.,52.5));
#7740=CARTESIAN_POINT('',(-27.5,-47.5,50.));
#7741=CARTESIAN_POINT('Ctrl Pts',(-27.6568651670156,-45.,52.5));
#7742=CARTESIAN_POINT('Ctrl Pts',(-27.6174975014264,-45.3124711585378,52.5));
#7743=CARTESIAN_POINT('Ctrl Pts',(-27.5836377904773,-45.6468779420452,52.4377762679682));
#7744=CARTESIAN_POINT('Ctrl Pts',(-27.535883078528,-46.2632378720513,52.18298747591));
#7745=CARTESIAN_POINT('Ctrl Pts',(-27.5215646697384,-46.5451444957019,51.9903894102308));
#7746=CARTESIAN_POINT('Ctrl Pts',(-27.5052785547599,-46.9896804620436,51.5458534438892));
#7747=CARTESIAN_POINT('Ctrl Pts',(-27.5021198048879,-47.1820916183885,51.2647545127364));
#7748=CARTESIAN_POINT('Ctrl Pts',(-27.4996914880709,-47.4372508505933,50.6487958927303));
#7749=CARTESIAN_POINT('Ctrl Pts',(-27.5,-47.5,50.3139383842011));
#7750=CARTESIAN_POINT('Ctrl Pts',(-27.5,-47.5,50.));
#7751=CARTESIAN_POINT('',(2.5,-47.5,50.));
#7752=CARTESIAN_POINT('Origin',(2.5,-45.,50.));
#7753=CARTESIAN_POINT('',(27.5,-47.5,50.));
#7754=CARTESIAN_POINT('Ctrl Pts',(27.5,-47.5,50.));
#7755=CARTESIAN_POINT('Ctrl Pts',(27.5,-47.5,50.3139383842011));
#7756=CARTESIAN_POINT('Ctrl Pts',(27.4996914880709,-47.4372508505933,50.6487958927303));
#7757=CARTESIAN_POINT('Ctrl Pts',(27.5021198048879,-47.1820916183885,51.2647545127364));
#7758=CARTESIAN_POINT('Ctrl Pts',(27.5052785547599,-46.9896804620436,51.5458534438892));
#7759=CARTESIAN_POINT('Ctrl Pts',(27.5215646697384,-46.5451444957019,51.9903894102308));
#7760=CARTESIAN_POINT('Ctrl Pts',(27.535883078528,-46.2632378720512,52.18298747591));
#7761=CARTESIAN_POINT('Ctrl Pts',(27.5836377904773,-45.6468779420451,52.4377762679682));
#7762=CARTESIAN_POINT('Ctrl Pts',(27.6174975014264,-45.3124711585378,52.5));
#7763=CARTESIAN_POINT('Ctrl Pts',(27.6568651670156,-45.,52.5));
#7764=CARTESIAN_POINT('',(35.,-47.5,50.));
#7765=CARTESIAN_POINT('Ctrl Pts',(35.2525512860841,-45.,52.5));
#7766=CARTESIAN_POINT('Ctrl Pts',(35.1892330085509,-45.3101949426968,52.5));
#7767=CARTESIAN_POINT('Ctrl Pts',(35.1346599052349,-45.6439230702745,52.4385851898558));
#7768=CARTESIAN_POINT('Ctrl Pts',(35.0576781503074,-46.2609341463465,52.1843488334986));
#7769=CARTESIAN_POINT('Ctrl Pts',(35.0345899481989,-46.5440954935538,51.9914384123789));
#7770=CARTESIAN_POINT('Ctrl Pts',(35.0084479890176,-46.9896003132362,51.5459335926966));
#7771=CARTESIAN_POINT('Ctrl Pts',(35.0033932726531,-47.1820288454165,51.2648667475976));
#7772=CARTESIAN_POINT('Ctrl Pts',(34.9995062129791,-47.4372273107758,50.6488920050877));
#7773=CARTESIAN_POINT('Ctrl Pts',(35.,-47.5,50.3139896862253));
#7774=CARTESIAN_POINT('Ctrl Pts',(35.,-47.5,50.));
#7775=CARTESIAN_POINT('',(2.5,-47.5,50.));
#7776=CARTESIAN_POINT('Origin',(45.,47.5,50.));
#7777=CARTESIAN_POINT('',(47.5,-35.,50.));
#7778=CARTESIAN_POINT('Ctrl Pts',(47.5,-35.,50.));
#7779=CARTESIAN_POINT('Ctrl Pts',(47.5,-35.,50.3139896862252));
#7780=CARTESIAN_POINT('Ctrl Pts',(47.4372273107758,-34.9995062129791,50.6488920050877));
#7781=CARTESIAN_POINT('Ctrl Pts',(47.1820288454166,-35.0033932726531,51.2648667475975));
#7782=CARTESIAN_POINT('Ctrl Pts',(46.9896003132361,-35.0084479890176,51.5459335926966));
#7783=CARTESIAN_POINT('Ctrl Pts',(46.5440954935538,-35.0345899481989,51.9914384123789));
#7784=CARTESIAN_POINT('Ctrl Pts',(46.2609341463465,-35.0576781503074,52.1843488334986));
#7785=CARTESIAN_POINT('Ctrl Pts',(45.6439230702745,-35.1346599052349,52.4385851898557));
#7786=CARTESIAN_POINT('Ctrl Pts',(45.3101949426968,-35.1892330085509,52.5));
#7787=CARTESIAN_POINT('Ctrl Pts',(45.,-35.2525512860841,52.5));
#7788=CARTESIAN_POINT('',(47.5,-27.5,50.));
#7789=CARTESIAN_POINT('Ctrl Pts',(45.,-27.6568651670156,52.5));
#7790=CARTESIAN_POINT('Ctrl Pts',(45.3124711585378,-27.6174975014265,52.5));
#7791=CARTESIAN_POINT('Ctrl Pts',(45.6468779420452,-27.5836377904773,52.4377762679682));
#7792=CARTESIAN_POINT('Ctrl Pts',(46.2632378720513,-27.535883078528,52.18298747591));
#7793=CARTESIAN_POINT('Ctrl Pts',(46.5451444957019,-27.5215646697384,51.9903894102308));
#7794=CARTESIAN_POINT('Ctrl Pts',(46.9896804620436,-27.5052785547599,51.5458534438892));
#7795=CARTESIAN_POINT('Ctrl Pts',(47.1820916183885,-27.5021198048879,51.2647545127364));
#7796=CARTESIAN_POINT('Ctrl Pts',(47.4372508505933,-27.4996914880709,50.6487958927303));
#7797=CARTESIAN_POINT('Ctrl Pts',(47.5,-27.5,50.3139383842011));
#7798=CARTESIAN_POINT('Ctrl Pts',(47.5,-27.5,50.));
#7799=CARTESIAN_POINT('',(47.5,47.5,50.));
#7800=CARTESIAN_POINT('Origin',(-20.,16.,2.5));
#7801=CARTESIAN_POINT('',(-20.,-32.,0.));
#7802=CARTESIAN_POINT('',(-17.5,-32.,2.5));
#7803=CARTESIAN_POINT('Origin',(-20.,-32.,2.5));
#7804=CARTESIAN_POINT('',(-17.5,32.,2.5));
#7805=CARTESIAN_POINT('',(-17.5,16.,2.5));
#7806=CARTESIAN_POINT('',(-20.,32.,0.));
#7807=CARTESIAN_POINT('Origin',(-20.,32.,2.5));
#7808=CARTESIAN_POINT('',(-20.,16.,0.));
#7809=CARTESIAN_POINT('Origin',(-17.5,32.,0.));
#7810=CARTESIAN_POINT('',(-17.5,-32.,23.));
#7811=CARTESIAN_POINT('',(-17.5,-32.,0.));
#7812=CARTESIAN_POINT('',(-17.5,-6.6625,23.));
#7813=CARTESIAN_POINT('',(-17.5,16.0000001192093,23.));
#7814=CARTESIAN_POINT('',(-17.5,-6.6625,18.));
#7815=CARTESIAN_POINT('',(-17.5,-6.6625,11.5));
#7816=CARTESIAN_POINT('',(-17.5,6.6625,18.));
#7817=CARTESIAN_POINT('',(-17.5,16.,18.));
#7818=CARTESIAN_POINT('',(-17.5,6.6625,23.));
#7819=CARTESIAN_POINT('',(-17.5,6.6625,11.5));
#7820=CARTESIAN_POINT('',(-17.5,32.,23.));
#7821=CARTESIAN_POINT('',(-17.5,16.0000001192093,23.));
#7822=CARTESIAN_POINT('',(-17.5,32.,0.));
#7823=CARTESIAN_POINT('Origin',(20.,-16.,2.5));
#7824=CARTESIAN_POINT('',(20.,32.,0.));
#7825=CARTESIAN_POINT('',(17.5,32.,2.5));
#7826=CARTESIAN_POINT('Origin',(20.,32.,2.5));
#7827=CARTESIAN_POINT('',(17.5,-32.,2.5));
#7828=CARTESIAN_POINT('',(17.5,-16.,2.5));
#7829=CARTESIAN_POINT('',(20.,-32.,0.));
#7830=CARTESIAN_POINT('Origin',(20.,-32.,2.5));
#7831=CARTESIAN_POINT('',(20.,-16.,0.));
#7832=CARTESIAN_POINT('Origin',(17.5,-32.,0.));
#7833=CARTESIAN_POINT('',(17.5,32.,23.));
#7834=CARTESIAN_POINT('',(17.5,32.,0.));
#7835=CARTESIAN_POINT('',(17.5,6.6625,23.));
#7836=CARTESIAN_POINT('',(17.5,-15.9999998807907,23.));
#7837=CARTESIAN_POINT('',(17.5,6.6625,18.));
#7838=CARTESIAN_POINT('',(17.5,6.6625,11.5));
#7839=CARTESIAN_POINT('',(17.5,-6.6625,18.));
#7840=CARTESIAN_POINT('',(17.5,-16.,18.));
#7841=CARTESIAN_POINT('',(17.5,-6.6625,23.));
#7842=CARTESIAN_POINT('',(17.5,-6.6625,11.5));
#7843=CARTESIAN_POINT('',(17.5,-32.,23.));
#7844=CARTESIAN_POINT('',(17.5,-15.9999998807907,23.));
#7845=CARTESIAN_POINT('',(17.5,-32.,0.));
#7846=CARTESIAN_POINT('Origin',(42.4999989382923,3.33125000000001,41.225));
#7847=CARTESIAN_POINT('',(39.9999989382923,6.66250000000001,41.225));
#7848=CARTESIAN_POINT('',(42.4999989382923,6.66250000000001,43.725));
#7849=CARTESIAN_POINT('Origin',(42.4999989382923,6.66250000000001,41.225));
#7850=CARTESIAN_POINT('',(42.4999989382923,-6.6625,43.725));
#7851=CARTESIAN_POINT('',(42.4999989382923,3.33125000000001,43.725));
#7852=CARTESIAN_POINT('',(39.9999989382923,-6.6625,41.225));
#7853=CARTESIAN_POINT('Origin',(42.4999989382923,-6.6625,41.225));
#7854=CARTESIAN_POINT('',(39.9999989382923,3.33125000000001,41.225));
#7855=CARTESIAN_POINT('Origin',(43.1874989382923,5.55111512312578E-15,43.725));
#7856=CARTESIAN_POINT('',(46.3749989382923,6.66250000000001,43.725));
#7857=CARTESIAN_POINT('',(30.3437494691461,6.66250000000001,43.725));
#7858=CARTESIAN_POINT('',(46.3749989382923,-6.6625,43.725));
#7859=CARTESIAN_POINT('',(46.3749989382923,-3.33125,43.725));
#7860=CARTESIAN_POINT('',(45.3437489382923,-6.6625,43.725));
#7861=CARTESIAN_POINT('Origin',(43.8749989382923,-3.33125,44.225));
#7862=CARTESIAN_POINT('',(46.3749989382923,6.66250000000001,44.225));
#7863=CARTESIAN_POINT('',(43.8749989382923,6.66250000000001,46.725));
#7864=CARTESIAN_POINT('Origin',(43.8749989382923,6.6625,44.225));
#7865=CARTESIAN_POINT('',(43.8749989382923,-6.6625,46.725));
#7866=CARTESIAN_POINT('',(43.8749989382923,-3.33125,46.725));
#7867=CARTESIAN_POINT('',(46.3749989382923,-6.6625,44.225));
#7868=CARTESIAN_POINT('Origin',(43.8749989382923,-6.6625,44.225));
#7869=CARTESIAN_POINT('',(46.3749989382923,-3.33125,44.225));
#7870=CARTESIAN_POINT('Origin',(41.6874989382923,5.55111512312578E-15,46.725));
#7871=CARTESIAN_POINT('',(39.4999989382923,6.66250000000001,46.725));
#7872=CARTESIAN_POINT('',(21.0000014528632,6.6625,46.725));
#7873=CARTESIAN_POINT('',(39.4999989382923,-6.6625,46.725));
#7874=CARTESIAN_POINT('',(39.4999989382923,3.33125000000001,46.725));
#7875=CARTESIAN_POINT('',(47.4999989382923,-6.6625,46.725));
#7876=CARTESIAN_POINT('Origin',(17.5,6.6625,23.));
#7877=CARTESIAN_POINT('',(46.3749989382923,6.66250000000001,36.725));
#7878=CARTESIAN_POINT('',(39.9999989382923,6.66250000000001,39.225));
#7879=CARTESIAN_POINT('',(39.9999989382923,6.66250000000001,29.8625));
#7880=CARTESIAN_POINT('',(42.4999989382923,6.66250000000001,36.725));
#7881=CARTESIAN_POINT('Origin',(42.4999989382923,6.66250000000001,39.225));
#7882=CARTESIAN_POINT('',(47.4999989382923,6.66250000000001,36.725));
#7883=CARTESIAN_POINT('',(23.7499994691461,6.6625,36.725));
#7884=CARTESIAN_POINT('',(47.5,6.66250000000001,18.));
#7885=CARTESIAN_POINT('',(47.5,6.66250000000001,11.5));
#7886=CARTESIAN_POINT('',(45.,6.66250000000001,20.5));
#7887=CARTESIAN_POINT('Origin',(45.,6.6625,18.));
#7888=CARTESIAN_POINT('',(20.,6.6625,20.5));
#7889=CARTESIAN_POINT('',(8.74999999999999,6.6625,20.5));
#7890=CARTESIAN_POINT('Origin',(20.,6.6625,18.));
#7891=CARTESIAN_POINT('',(21.0000014528632,6.6625,23.));
#7892=CARTESIAN_POINT('',(47.4999989382923,6.66250000000001,23.));
#7893=CARTESIAN_POINT('',(21.0000014528632,6.6625,36.725));
#7894=CARTESIAN_POINT('',(21.0000014528632,6.6625,23.));
#7895=CARTESIAN_POINT('',(33.8112079465553,6.66250000000001,36.725));
#7896=CARTESIAN_POINT('',(23.7499994691461,6.6625,36.725));
#7897=CARTESIAN_POINT('',(36.2892776982619,6.66250000000001,38.8945906997725));
#7898=CARTESIAN_POINT('Origin',(33.8112079465553,6.66250000000001,39.225));
#7899=CARTESIAN_POINT('',(36.9999989382923,6.66250000000001,44.225));
#7900=CARTESIAN_POINT('',(35.1894094279142,6.66250000000001,30.6455786721643));
#7901=CARTESIAN_POINT('Origin',(39.4999989382923,6.66250000000001,44.225));
#7902=CARTESIAN_POINT('Origin',(39.4999989382923,3.33125000000001,44.225));
#7903=CARTESIAN_POINT('',(36.9999989382923,-6.6625,44.225));
#7904=CARTESIAN_POINT('Origin',(39.4999989382923,-6.6625,44.225));
#7905=CARTESIAN_POINT('',(36.9999989382923,3.33125000000001,44.225));
#7906=CARTESIAN_POINT('Origin',(42.4999989382923,3.33125000000001,39.225));
#7907=CARTESIAN_POINT('',(39.9999989382923,-6.6625,39.225));
#7908=CARTESIAN_POINT('',(42.4999989382923,-6.6625,36.725));
#7909=CARTESIAN_POINT('Origin',(42.4999989382923,-6.6625,39.225));
#7910=CARTESIAN_POINT('',(42.4999989382923,3.33125000000001,36.725));
#7911=CARTESIAN_POINT('',(39.9999989382923,3.33125000000001,39.225));
#7912=CARTESIAN_POINT('Origin',(0.,2.22044604925031E-15,36.725));
#7913=CARTESIAN_POINT('',(47.4999989382923,-6.6625,36.725));
#7914=CARTESIAN_POINT('',(45.3437489382923,-6.6625,36.725));
#7915=CARTESIAN_POINT('',(47.5,23.75,36.725));
#7916=CARTESIAN_POINT('Origin',(33.8112079465553,1.66562500000001,39.225));
#7917=CARTESIAN_POINT('',(33.8112079465553,-6.6625,36.725));
#7918=CARTESIAN_POINT('',(33.8112079465553,1.66562500000001,36.725));
#7919=CARTESIAN_POINT('',(36.2892776982619,-6.6625,38.8945906997725));
#7920=CARTESIAN_POINT('Origin',(33.8112079465553,-6.6625,39.225));
#7921=CARTESIAN_POINT('',(36.2892776982619,1.66562500000001,38.8945906997725));
#7922=CARTESIAN_POINT('Origin',(0.,2.22044604925031E-15,36.725));
#7923=CARTESIAN_POINT('',(21.0000014528632,-6.6625,36.725));
#7924=CARTESIAN_POINT('',(21.0000014528632,3.33125,36.725));
#7925=CARTESIAN_POINT('',(10.5000007264316,-6.6625,36.725));
#7926=CARTESIAN_POINT('Origin',(-42.4999989382923,-3.33125,39.225));
#7927=CARTESIAN_POINT('',(-42.4999989382923,-6.66250000000001,36.725));
#7928=CARTESIAN_POINT('',(-39.9999989382923,-6.6625,39.225));
#7929=CARTESIAN_POINT('Origin',(-42.4999989382923,-6.6625,39.225));
#7930=CARTESIAN_POINT('',(-39.9999989382923,6.6625,39.225));
#7931=CARTESIAN_POINT('',(-39.9999989382923,-3.33125,39.225));
#7932=CARTESIAN_POINT('',(-42.4999989382923,6.6625,36.725));
#7933=CARTESIAN_POINT('Origin',(-42.4999989382923,6.6625,39.225));
#7934=CARTESIAN_POINT('',(-42.4999989382923,-3.33125,36.725));
#7935=CARTESIAN_POINT('Origin',(-39.9999989382923,-6.66250000000001,36.725));
#7936=CARTESIAN_POINT('',(-39.9999989382923,-6.6625,41.225));
#7937=CARTESIAN_POINT('',(-39.9999989382923,-6.6625,29.8625));
#7938=CARTESIAN_POINT('',(-39.9999989382923,6.6625,41.225));
#7939=CARTESIAN_POINT('',(-39.9999989382923,-3.33125,41.225));
#7940=CARTESIAN_POINT('',(-39.9999989382923,6.6625,29.8625));
#7941=CARTESIAN_POINT('Origin',(-42.4999989382923,-3.33125,41.225));
#7942=CARTESIAN_POINT('',(-42.4999989382923,-6.6625,43.725));
#7943=CARTESIAN_POINT('Origin',(-42.4999989382923,-6.6625,41.225));
#7944=CARTESIAN_POINT('',(-42.4999989382923,6.6625,43.725));
#7945=CARTESIAN_POINT('',(-42.4999989382923,-3.33125,43.725));
#7946=CARTESIAN_POINT('Origin',(-42.4999989382923,6.6625,41.225));
#7947=CARTESIAN_POINT('Origin',(-43.1874989382923,-2.22044604925031E-15,
43.725));
#7948=CARTESIAN_POINT('',(-46.3749989382923,-6.66250000000001,43.725));
#7949=CARTESIAN_POINT('',(-30.3437494691461,-6.6625,43.725));
#7950=CARTESIAN_POINT('',(-46.3749989382923,6.6625,43.725));
#7951=CARTESIAN_POINT('',(-46.3749989382923,3.33125,43.725));
#7952=CARTESIAN_POINT('',(-45.3437489382923,6.6625,43.725));
#7953=CARTESIAN_POINT('Origin',(-43.8749989382923,3.33125,44.225));
#7954=CARTESIAN_POINT('',(-46.3749989382923,-6.66250000000001,44.225));
#7955=CARTESIAN_POINT('',(-43.8749989382923,-6.6625,46.725));
#7956=CARTESIAN_POINT('Origin',(-43.8749989382923,-6.6625,44.225));
#7957=CARTESIAN_POINT('',(-43.8749989382923,6.6625,46.725));
#7958=CARTESIAN_POINT('',(-43.8749989382923,3.33125,46.725));
#7959=CARTESIAN_POINT('',(-46.3749989382923,6.6625,44.225));
#7960=CARTESIAN_POINT('Origin',(-43.8749989382923,6.6625,44.225));
#7961=CARTESIAN_POINT('',(-46.3749989382923,3.33125,44.225));
#7962=CARTESIAN_POINT('Origin',(-41.6874989382923,-2.22044604925031E-15,
46.725));
#7963=CARTESIAN_POINT('',(-39.4999989382923,-6.6625,46.725));
#7964=CARTESIAN_POINT('',(-21.0000014528632,-6.6625,46.725));
#7965=CARTESIAN_POINT('',(-39.4999989382923,6.6625,46.725));
#7966=CARTESIAN_POINT('',(-39.4999989382923,-3.33125,46.725));
#7967=CARTESIAN_POINT('',(-47.4999989382923,6.6625,46.725));
#7968=CARTESIAN_POINT('Origin',(-17.5,-6.6625,23.));
#7969=CARTESIAN_POINT('',(-46.3749989382923,-6.66250000000001,36.725));
#7970=CARTESIAN_POINT('',(-47.4999989382923,-6.66250000000001,36.725));
#7971=CARTESIAN_POINT('',(-23.7499994691461,-6.6625,36.725));
#7972=CARTESIAN_POINT('',(-47.5,-6.66250000000001,18.));
#7973=CARTESIAN_POINT('',(-47.5,-6.6625,11.5));
#7974=CARTESIAN_POINT('',(-45.,-6.66250000000001,20.5));
#7975=CARTESIAN_POINT('Origin',(-45.,-6.6625,18.));
#7976=CARTESIAN_POINT('',(-20.,-6.6625,20.5));
#7977=CARTESIAN_POINT('',(-8.75,-6.6625,20.5));
#7978=CARTESIAN_POINT('Origin',(-20.,-6.6625,18.));
#7979=CARTESIAN_POINT('',(-21.0000014528632,-6.6625,23.));
#7980=CARTESIAN_POINT('',(-47.4999989382923,-6.66250000000001,23.));
#7981=CARTESIAN_POINT('',(-21.0000014528632,-6.6625,36.725));
#7982=CARTESIAN_POINT('',(-21.0000014528632,-6.6625,23.));
#7983=CARTESIAN_POINT('',(-33.8112079465553,-6.6625,36.725));
#7984=CARTESIAN_POINT('',(-23.7499994691461,-6.6625,36.725));
#7985=CARTESIAN_POINT('',(-36.2892776982619,-6.6625,38.8945906997725));
#7986=CARTESIAN_POINT('Origin',(-33.8112079465553,-6.6625,39.225));
#7987=CARTESIAN_POINT('',(-36.9999989382923,-6.6625,44.225));
#7988=CARTESIAN_POINT('',(-35.1894094279142,-6.6625,30.6455786721643));
#7989=CARTESIAN_POINT('Origin',(-39.4999989382923,-6.6625,44.225));
#7990=CARTESIAN_POINT('Origin',(-33.8112079465553,-1.665625,39.225));
#7991=CARTESIAN_POINT('',(-33.8112079465553,6.6625,36.725));
#7992=CARTESIAN_POINT('',(-33.8112079465553,-1.665625,36.725));
#7993=CARTESIAN_POINT('',(-36.2892776982619,6.6625,38.8945906997725));
#7994=CARTESIAN_POINT('Origin',(-33.8112079465553,6.6625,39.225));
#7995=CARTESIAN_POINT('',(-36.2892776982619,-1.665625,38.8945906997725));
#7996=CARTESIAN_POINT('Origin',(0.,2.22044604925031E-15,36.725));
#7997=CARTESIAN_POINT('',(-21.0000014528632,6.6625,36.725));
#7998=CARTESIAN_POINT('',(-21.0000014528632,-3.33125,36.725));
#7999=CARTESIAN_POINT('',(-10.5000007264316,6.6625,36.725));
#8000=CARTESIAN_POINT('Origin',(-39.4999989382923,-3.33125,44.225));
#8001=CARTESIAN_POINT('',(-36.9999989382923,6.6625,44.225));
#8002=CARTESIAN_POINT('Origin',(-39.4999989382923,6.6625,44.225));
#8003=CARTESIAN_POINT('',(-36.9999989382923,-3.33125,44.225));
#8004=CARTESIAN_POINT('Origin',(-47.4999989382923,6.6625,23.));
#8005=CARTESIAN_POINT('',(-35.4514181522661,6.6625,32.6106441048035));
#8006=CARTESIAN_POINT('',(-21.0000014528632,6.6625,23.));
#8007=CARTESIAN_POINT('',(-21.0000014528632,6.6625,23.));
#8008=CARTESIAN_POINT('',(-47.4999989382923,6.6625,23.));
#8009=CARTESIAN_POINT('',(-20.,6.6625,20.5));
#8010=CARTESIAN_POINT('Origin',(-20.,6.66250000000001,18.));
#8011=CARTESIAN_POINT('',(-45.,6.6625,20.5));
#8012=CARTESIAN_POINT('',(-23.7499994691461,6.6625,20.5));
#8013=CARTESIAN_POINT('',(-47.5,6.6625,18.));
#8014=CARTESIAN_POINT('Origin',(-45.,6.6625,18.));
#8015=CARTESIAN_POINT('',(-47.4999989382923,6.6625,36.725));
#8016=CARTESIAN_POINT('',(-47.5,6.6625,11.5));
#8017=CARTESIAN_POINT('',(-45.3437489382923,6.6625,36.725));
#8018=CARTESIAN_POINT('',(-46.3749989382923,6.6625,36.725));
#8019=CARTESIAN_POINT('Origin',(20.,-16.,18.));
#8020=CARTESIAN_POINT('',(20.,-6.6625,20.5));
#8021=CARTESIAN_POINT('',(20.,-16.,20.5));
#8022=CARTESIAN_POINT('Origin',(20.,-6.6625,18.));
#8023=CARTESIAN_POINT('Origin',(0.,2.22044604925031E-15,20.5));
#8024=CARTESIAN_POINT('',(45.,-6.6625,20.5));
#8025=CARTESIAN_POINT('',(45.,23.75,20.5));
#8026=CARTESIAN_POINT('',(23.7499994691461,-6.6625,20.5));
#8027=CARTESIAN_POINT('Origin',(45.,23.75,18.));
#8028=CARTESIAN_POINT('',(47.5,-6.6625,18.));
#8029=CARTESIAN_POINT('Origin',(45.,-6.6625,18.));
#8030=CARTESIAN_POINT('',(47.5,23.75,18.));
#8031=CARTESIAN_POINT('Origin',(-20.,16.,18.));
#8032=CARTESIAN_POINT('',(-20.,16.,20.5));
#8033=CARTESIAN_POINT('Origin',(0.,2.22044604925031E-15,20.5));
#8034=CARTESIAN_POINT('',(-45.,-23.75,20.5));
#8035=CARTESIAN_POINT('Origin',(-45.,-23.75,18.));
#8036=CARTESIAN_POINT('',(-47.5,-23.75,18.));
#8037=CARTESIAN_POINT('Origin',(45.,-45.,2.5));
#8038=CARTESIAN_POINT('',(47.5,-45.,2.5));
#8039=CARTESIAN_POINT('',(45.,-47.5,2.5));
#8040=CARTESIAN_POINT('Origin',(45.,-45.,2.5));
#8041=CARTESIAN_POINT('',(45.,-45.,0.));
#8042=CARTESIAN_POINT('Origin',(45.,-45.,2.5));
#8043=CARTESIAN_POINT('Origin',(45.,-45.,2.5));
#8044=CARTESIAN_POINT('Origin',(45.,23.75,2.5));
#8045=CARTESIAN_POINT('',(45.,47.5,0.));
#8046=CARTESIAN_POINT('',(47.5,47.5,2.5));
#8047=CARTESIAN_POINT('Origin',(45.,47.5,2.5));
#8048=CARTESIAN_POINT('',(45.,23.75,0.));
#8049=CARTESIAN_POINT('',(47.5,23.75,2.5));
#8050=CARTESIAN_POINT('Origin',(-45.,-45.,2.5));
#8051=CARTESIAN_POINT('',(-45.,-45.,0.));
#8052=CARTESIAN_POINT('',(-45.,-47.5,2.5));
#8053=CARTESIAN_POINT('Origin',(-45.,-45.,2.5));
#8054=CARTESIAN_POINT('',(-47.5,-45.,2.5));
#8055=CARTESIAN_POINT('Origin',(-45.,-45.,2.5));
#8056=CARTESIAN_POINT('Origin',(-45.,-45.,2.5));
#8057=CARTESIAN_POINT('Origin',(-45.,-23.75,2.5));
#8058=CARTESIAN_POINT('',(-47.5,47.5,2.5));
#8059=CARTESIAN_POINT('',(-45.,47.5,0.));
#8060=CARTESIAN_POINT('Origin',(-45.,47.5,2.5));
#8061=CARTESIAN_POINT('',(-47.5,-23.75,2.5));
#8062=CARTESIAN_POINT('',(-45.,-23.75,0.));
#8063=CARTESIAN_POINT('Origin',(-45.,-45.,0.));
#8064=CARTESIAN_POINT('',(-47.5,-45.,90.));
#8065=CARTESIAN_POINT('',(-45.,-47.5,90.));
#8066=CARTESIAN_POINT('Origin',(-45.,-45.,90.));
#8067=CARTESIAN_POINT('',(-45.,-47.5,0.));
#8068=CARTESIAN_POINT('',(-47.5,-45.,0.));
#8069=CARTESIAN_POINT('Origin',(23.75,-45.,2.5));
#8070=CARTESIAN_POINT('',(23.75,-45.,0.));
#8071=CARTESIAN_POINT('',(23.75,-47.5,2.5));
#8072=CARTESIAN_POINT('Origin',(45.,-45.,0.));
#8073=CARTESIAN_POINT('',(45.,-47.5,90.));
#8074=CARTESIAN_POINT('',(47.5,-45.,90.));
#8075=CARTESIAN_POINT('Origin',(45.,-45.,90.));
#8076=CARTESIAN_POINT('',(47.5,-45.,0.));
#8077=CARTESIAN_POINT('',(45.,-47.5,0.));
#8078=CARTESIAN_POINT('Origin',(0.,0.,0.));
#8079=CARTESIAN_POINT('',(32.5,47.5,0.));
#8080=CARTESIAN_POINT('',(-23.75,47.5,0.));
#8081=CARTESIAN_POINT('',(32.5,50.,0.));
#8082=CARTESIAN_POINT('',(32.5,23.75,0.));
#8083=CARTESIAN_POINT('',(-32.5,50.,0.));
#8084=CARTESIAN_POINT('',(-3.75,50.,0.));
#8085=CARTESIAN_POINT('',(-32.5,47.5,0.));
#8086=CARTESIAN_POINT('',(-32.5,23.75,0.));
#8087=CARTESIAN_POINT('',(-23.75,47.5,0.));
#8088=CARTESIAN_POINT('',(-7.75,32.,0.));
#8089=CARTESIAN_POINT('',(-8.74999999999999,-32.,0.));
#8090=CARTESIAN_POINT('',(38.,31.,0.));
#8091=CARTESIAN_POINT('',(38.,36.5,0.));
#8092=CARTESIAN_POINT('',(38.,18.25,0.));
#8093=CARTESIAN_POINT('',(27.,31.,0.));
#8094=CARTESIAN_POINT('',(16.25,31.,0.));
#8095=CARTESIAN_POINT('',(27.,36.5,0.));
#8096=CARTESIAN_POINT('',(27.,20.75,0.));
#8097=CARTESIAN_POINT('',(22.5,36.5,0.));
#8098=CARTESIAN_POINT('',(13.75,36.5,0.));
#8099=CARTESIAN_POINT('',(22.5,41.5,0.));
#8100=CARTESIAN_POINT('',(22.5,18.25,0.));
#8101=CARTESIAN_POINT('',(27.5,41.5,0.));
#8102=CARTESIAN_POINT('',(11.25,41.5,0.));
#8103=CARTESIAN_POINT('',(37.5,41.5,0.));
#8104=CARTESIAN_POINT('',(16.25,41.5,0.));
#8105=CARTESIAN_POINT('',(42.5,41.5,0.));
#8106=CARTESIAN_POINT('',(18.75,41.5,0.));
#8107=CARTESIAN_POINT('',(42.5,36.5,0.));
#8108=CARTESIAN_POINT('',(42.5,20.75,0.));
#8109=CARTESIAN_POINT('',(21.25,36.5,0.));
#8110=CARTESIAN_POINT('Origin',(-47.5,47.5,0.));
#8111=CARTESIAN_POINT('',(-42.5,47.5,10.));
#8112=CARTESIAN_POINT('Origin',(-32.5,47.5,10.));
#8113=CARTESIAN_POINT('',(-42.5,47.5,42.5));
#8114=CARTESIAN_POINT('',(-42.5,47.5,0.));
#8115=CARTESIAN_POINT('Origin',(-32.5,47.5,42.5));
#8116=CARTESIAN_POINT('',(-35.,47.5,62.5));
#8117=CARTESIAN_POINT('',(-35.,47.5,55.));
#8118=CARTESIAN_POINT('',(-27.5,47.5,62.5));
#8119=CARTESIAN_POINT('',(-23.75,47.5,62.5));
#8120=CARTESIAN_POINT('',(-27.5,47.5,55.));
#8121=CARTESIAN_POINT('',(27.5,47.5,62.5));
#8122=CARTESIAN_POINT('',(27.5,47.5,55.));
#8123=CARTESIAN_POINT('',(35.,47.5,62.5));
#8124=CARTESIAN_POINT('',(-23.75,47.5,62.5));
#8125=CARTESIAN_POINT('',(35.,47.5,55.));
#8126=CARTESIAN_POINT('',(42.5,47.5,42.5));
#8127=CARTESIAN_POINT('Origin',(32.5,47.5,42.5));
#8128=CARTESIAN_POINT('',(42.5,47.5,10.));
#8129=CARTESIAN_POINT('',(42.5,47.5,26.25));
#8130=CARTESIAN_POINT('Origin',(32.5,47.5,10.));
#8131=CARTESIAN_POINT('',(47.5,47.5,90.));
#8132=CARTESIAN_POINT('',(47.5,47.5,0.));
#8133=CARTESIAN_POINT('',(-47.5,47.5,90.));
#8134=CARTESIAN_POINT('',(-23.75,47.5,90.));
#8135=CARTESIAN_POINT('',(-47.5,47.5,0.));
#8136=CARTESIAN_POINT('Origin',(47.5,47.5,0.));
#8137=CARTESIAN_POINT('',(47.5,23.75,90.));
#8138=CARTESIAN_POINT('',(47.5,35.,62.5));
#8139=CARTESIAN_POINT('',(47.5,35.,55.));
#8140=CARTESIAN_POINT('',(47.5,27.5,62.5));
#8141=CARTESIAN_POINT('',(47.5,23.75,62.5));
#8142=CARTESIAN_POINT('',(47.5,27.5,55.));
#8143=CARTESIAN_POINT('',(47.5,-27.5,62.5));
#8144=CARTESIAN_POINT('',(47.5,-27.5,55.));
#8145=CARTESIAN_POINT('',(47.5,-35.,62.5));
#8146=CARTESIAN_POINT('',(47.5,23.75,62.5));
#8147=CARTESIAN_POINT('',(47.5,-35.,55.));
#8148=CARTESIAN_POINT('',(47.5,-6.6625,11.5));
#8149=CARTESIAN_POINT('Origin',(47.5,25.,0.));
#8150=CARTESIAN_POINT('',(50.,50.,0.));
#8151=CARTESIAN_POINT('Origin',(47.5,50.,0.));
#8152=CARTESIAN_POINT('',(50.,-45.,0.));
#8153=CARTESIAN_POINT('',(50.,25.,0.));
#8154=CARTESIAN_POINT('Origin',(47.5,-45.,0.));
#8155=CARTESIAN_POINT('Ctrl Pts',(45.,-47.5,-2.5));
#8156=CARTESIAN_POINT('Ctrl Pts',(47.5,-47.5,-2.5));
#8157=CARTESIAN_POINT('Ctrl Pts',(47.5,-45.,-2.5));
#8158=CARTESIAN_POINT('Ctrl Pts',(45.,-50.,-2.5));
#8159=CARTESIAN_POINT('Ctrl Pts',(50.,-50.,-2.5));
#8160=CARTESIAN_POINT('Ctrl Pts',(50.,-45.,-2.5));
#8161=CARTESIAN_POINT('Ctrl Pts',(45.,-50.,0.));
#8162=CARTESIAN_POINT('Ctrl Pts',(50.,-50.,0.));
#8163=CARTESIAN_POINT('Ctrl Pts',(50.,-45.,0.));
#8164=CARTESIAN_POINT('',(45.,-50.,0.));
#8165=CARTESIAN_POINT('Origin',(45.,-47.5,0.));
#8166=CARTESIAN_POINT('Origin',(45.,-45.,0.));
#8167=CARTESIAN_POINT('Origin',(25.,-47.5,0.));
#8168=CARTESIAN_POINT('',(-45.,-50.,0.));
#8169=CARTESIAN_POINT('',(25.,-50.,0.));
#8170=CARTESIAN_POINT('Origin',(-45.,-47.5,0.));
#8171=CARTESIAN_POINT('Ctrl Pts',(-47.5,-45.,-2.5));
#8172=CARTESIAN_POINT('Ctrl Pts',(-47.5,-47.5,-2.5));
#8173=CARTESIAN_POINT('Ctrl Pts',(-45.,-47.5,-2.5));
#8174=CARTESIAN_POINT('Ctrl Pts',(-50.,-45.,-2.5));
#8175=CARTESIAN_POINT('Ctrl Pts',(-50.,-50.,-2.5));
#8176=CARTESIAN_POINT('Ctrl Pts',(-45.,-50.,-2.5));
#8177=CARTESIAN_POINT('Ctrl Pts',(-50.,-45.,0.));
#8178=CARTESIAN_POINT('Ctrl Pts',(-50.,-50.,0.));
#8179=CARTESIAN_POINT('Ctrl Pts',(-45.,-50.,0.));
#8180=CARTESIAN_POINT('',(-50.,-45.,0.));
#8181=CARTESIAN_POINT('Origin',(-47.5,-45.,0.));
#8182=CARTESIAN_POINT('Origin',(-45.,-45.,0.));
#8183=CARTESIAN_POINT('Origin',(-47.5,-25.,0.));
#8184=CARTESIAN_POINT('',(-50.,50.,0.));
#8185=CARTESIAN_POINT('Origin',(-47.5,50.,0.));
#8186=CARTESIAN_POINT('',(-50.,-25.,0.));
#8187=CARTESIAN_POINT('Origin',(-50.,-50.,0.));
#8188=CARTESIAN_POINT('',(-50.,-45.,90.));
#8189=CARTESIAN_POINT('',(-50.,-45.,0.));
#8190=CARTESIAN_POINT('',(-50.,50.,90.));
#8191=CARTESIAN_POINT('',(-50.,25.,90.));
#8192=CARTESIAN_POINT('',(-50.,50.,0.));
#8193=CARTESIAN_POINT('',(-50.,-1.16341445918998E-15,38.5625));
#8194=CARTESIAN_POINT('Origin',(-50.,0.,29.0625));
#8195=CARTESIAN_POINT('Origin',(-45.,-45.,0.));
#8196=CARTESIAN_POINT('',(-45.,-50.,90.));
#8197=CARTESIAN_POINT('',(-45.,-50.,0.));
#8198=CARTESIAN_POINT('Origin',(-45.,-45.,90.));
#8199=CARTESIAN_POINT('Origin',(50.,-50.,0.));
#8200=CARTESIAN_POINT('',(45.,-50.,90.));
#8201=CARTESIAN_POINT('',(45.,-50.,0.));
#8202=CARTESIAN_POINT('',(-25.,-50.,90.));
#8203=CARTESIAN_POINT('Origin',(45.,-45.,0.));
#8204=CARTESIAN_POINT('',(50.,-45.,90.));
#8205=CARTESIAN_POINT('',(50.,-45.,0.));
#8206=CARTESIAN_POINT('Origin',(45.,-45.,90.));
#8207=CARTESIAN_POINT('Origin',(-50.,50.,0.));
#8208=CARTESIAN_POINT('',(50.,50.,90.));
#8209=CARTESIAN_POINT('',(25.,50.,90.));
#8210=CARTESIAN_POINT('',(50.,50.,0.));
#8211=CARTESIAN_POINT('',(-42.5,50.,42.5));
#8212=CARTESIAN_POINT('Origin',(-32.5,50.,42.5));
#8213=CARTESIAN_POINT('',(-42.5,50.,10.));
#8214=CARTESIAN_POINT('',(-42.5,50.,0.));
#8215=CARTESIAN_POINT('Origin',(-32.5,50.,10.));
#8216=CARTESIAN_POINT('',(42.5,50.,10.));
#8217=CARTESIAN_POINT('Origin',(32.5,50.,10.));
#8218=CARTESIAN_POINT('',(42.5,50.,42.5));
#8219=CARTESIAN_POINT('',(42.5,50.,26.25));
#8220=CARTESIAN_POINT('Origin',(32.5,50.,42.5));
#8221=CARTESIAN_POINT('Origin',(50.,50.,0.));
#8222=CARTESIAN_POINT('',(50.,-25.,90.));
#8223=CARTESIAN_POINT('',(50.,-1.16341445918999E-15,19.5625));
#8224=CARTESIAN_POINT('Origin',(50.,0.,29.0625));
#8225=CARTESIAN_POINT('Origin',(-41.,-36.8229217479687,55.));
#8226=CARTESIAN_POINT('',(-41.,-28.5857196806223,62.5));
#8227=CARTESIAN_POINT('',(-41.,-36.8229217479687,62.5));
#8228=CARTESIAN_POINT('',(-41.,-18.4114608739843,62.5));
#8229=CARTESIAN_POINT('',(-41.,-36.8229217479687,55.));
#8230=CARTESIAN_POINT('',(-41.,-36.8229217479687,55.));
#8231=CARTESIAN_POINT('',(-41.,-28.5857196806223,55.));
#8232=CARTESIAN_POINT('',(-41.,-18.4114608739843,55.));
#8233=CARTESIAN_POINT('',(-41.,-28.5857196806223,55.));
#8234=CARTESIAN_POINT('Origin',(0.,0.,62.5));
#8235=CARTESIAN_POINT('',(-47.5,-35.,62.5));
#8236=CARTESIAN_POINT('Origin',(-47.5,-47.5,62.5));
#8237=CARTESIAN_POINT('',(-47.5,-27.5,62.5));
#8238=CARTESIAN_POINT('Origin',(-47.5,-47.5,62.5));
#8239=CARTESIAN_POINT('',(-47.5,-23.75,62.5));
#8240=CARTESIAN_POINT('Origin',(-47.5,-47.5,0.));
#8241=CARTESIAN_POINT('',(-47.5,-23.75,90.));
#8242=CARTESIAN_POINT('',(-47.5,27.5,62.5));
#8243=CARTESIAN_POINT('',(-47.5,27.5,55.));
#8244=CARTESIAN_POINT('',(-47.5,35.,62.5));
#8245=CARTESIAN_POINT('',(-47.5,-23.75,62.5));
#8246=CARTESIAN_POINT('',(-47.5,35.,55.));
#8247=CARTESIAN_POINT('',(-47.5,-35.,55.));
#8248=CARTESIAN_POINT('',(-47.5,-27.5,55.));
#8249=CARTESIAN_POINT('',(-47.5,-23.75,36.725));
#8250=CARTESIAN_POINT('Origin',(-41.,28.5857196806223,55.));
#8251=CARTESIAN_POINT('',(-41.,36.8229217479687,62.5));
#8252=CARTESIAN_POINT('',(-41.,28.5857196806223,62.5));
#8253=CARTESIAN_POINT('',(-41.,14.2928598403111,62.5));
#8254=CARTESIAN_POINT('',(-41.,28.5857196806223,55.));
#8255=CARTESIAN_POINT('',(-41.,28.5857196806223,55.));
#8256=CARTESIAN_POINT('',(-41.,36.8229217479687,55.));
#8257=CARTESIAN_POINT('',(-41.,14.2928598403111,55.));
#8258=CARTESIAN_POINT('',(-41.,36.8229217479687,55.));
#8259=CARTESIAN_POINT('Origin',(0.,0.,62.5));
#8260=CARTESIAN_POINT('Origin',(-47.5,47.5,62.5));
#8261=CARTESIAN_POINT('Origin',(-47.5,47.5,62.5));
#8262=CARTESIAN_POINT('Origin',(0.,0.,55.));
#8263=CARTESIAN_POINT('',(-36.5341439002693,-41.5,55.));
#8264=CARTESIAN_POINT('Origin',(-47.5,-47.5,55.));
#8265=CARTESIAN_POINT('',(-28.4212159716611,-41.5,55.));
#8266=CARTESIAN_POINT('',(-14.2106079858305,-41.5,55.));
#8267=CARTESIAN_POINT('',(28.4212159716611,-41.5,55.));
#8268=CARTESIAN_POINT('',(41.,-41.5,55.));
#8269=CARTESIAN_POINT('',(36.5341439002693,-41.5,55.));
#8270=CARTESIAN_POINT('',(18.2670719501347,-41.5,55.));
#8271=CARTESIAN_POINT('',(41.,-36.8229217479687,55.));
#8272=CARTESIAN_POINT('Origin',(47.5,-47.5,55.));
#8273=CARTESIAN_POINT('',(41.,-28.5857196806223,55.));
#8274=CARTESIAN_POINT('',(41.,-14.2928598403111,55.));
#8275=CARTESIAN_POINT('',(41.,28.5857196806223,55.));
#8276=CARTESIAN_POINT('',(41.,41.5,55.));
#8277=CARTESIAN_POINT('',(41.,36.8229217479687,55.));
#8278=CARTESIAN_POINT('',(41.,18.4114608739843,55.));
#8279=CARTESIAN_POINT('',(36.5341439002693,41.5,55.));
#8280=CARTESIAN_POINT('Origin',(47.5,47.5,55.));
#8281=CARTESIAN_POINT('',(28.4212159716611,41.5,55.));
#8282=CARTESIAN_POINT('',(14.2106079858305,41.5,55.));
#8283=CARTESIAN_POINT('',(-28.4212159716611,41.5,55.));
#8284=CARTESIAN_POINT('',(-41.,41.5,55.));
#8285=CARTESIAN_POINT('',(-36.5341439002693,41.5,55.));
#8286=CARTESIAN_POINT('',(-18.2670719501347,41.5,55.));
#8287=CARTESIAN_POINT('Origin',(-47.5,47.5,55.));
#8288=CARTESIAN_POINT('',(-41.,-41.5,55.));
#8289=CARTESIAN_POINT('Origin',(41.,36.8229217479687,55.));
#8290=CARTESIAN_POINT('',(41.,28.5857196806223,62.5));
#8291=CARTESIAN_POINT('',(41.,36.8229217479687,62.5));
#8292=CARTESIAN_POINT('',(41.,18.4114608739843,62.5));
#8293=CARTESIAN_POINT('',(41.,36.8229217479687,55.));
#8294=CARTESIAN_POINT('',(41.,28.5857196806223,55.));
#8295=CARTESIAN_POINT('Origin',(0.,0.,62.5));
#8296=CARTESIAN_POINT('Origin',(47.5,47.5,62.5));
#8297=CARTESIAN_POINT('Origin',(47.5,47.5,62.5));
#8298=CARTESIAN_POINT('Origin',(41.,-28.5857196806223,55.));
#8299=CARTESIAN_POINT('',(41.,-36.8229217479687,62.5));
#8300=CARTESIAN_POINT('',(41.,-28.5857196806223,62.5));
#8301=CARTESIAN_POINT('',(41.,-14.2928598403111,62.5));
#8302=CARTESIAN_POINT('',(41.,-28.5857196806223,55.));
#8303=CARTESIAN_POINT('',(41.,-36.8229217479687,55.));
#8304=CARTESIAN_POINT('Origin',(0.,0.,62.5));
#8305=CARTESIAN_POINT('Origin',(47.5,-47.5,62.5));
#8306=CARTESIAN_POINT('Origin',(47.5,-47.5,62.5));
#8307=CARTESIAN_POINT('Origin',(-28.4212159716611,-41.5,55.));
#8308=CARTESIAN_POINT('',(-36.5341439002693,-41.5,62.5));
#8309=CARTESIAN_POINT('',(-28.4212159716611,-41.5,62.5));
#8310=CARTESIAN_POINT('',(-14.2106079858305,-41.5,62.5));
#8311=CARTESIAN_POINT('',(-28.4212159716611,-41.5,55.));
#8312=CARTESIAN_POINT('',(-36.5341439002693,-41.5,55.));
#8313=CARTESIAN_POINT('Origin',(0.,0.,62.5));
#8314=CARTESIAN_POINT('',(-27.5,-47.5,62.5));
#8315=CARTESIAN_POINT('',(-35.,-47.5,62.5));
#8316=CARTESIAN_POINT('',(23.75,-47.5,62.5));
#8317=CARTESIAN_POINT('Origin',(-47.5,-47.5,62.5));
#8318=CARTESIAN_POINT('Origin',(-47.5,-47.5,62.5));
#8319=CARTESIAN_POINT('Origin',(47.5,-47.5,0.));
#8320=CARTESIAN_POINT('',(23.75,-47.5,90.));
#8321=CARTESIAN_POINT('',(-27.5,-47.5,55.));
#8322=CARTESIAN_POINT('',(-35.,-47.5,55.));
#8323=CARTESIAN_POINT('',(35.,-47.5,62.5));
#8324=CARTESIAN_POINT('',(35.,-47.5,55.));
#8325=CARTESIAN_POINT('',(27.5,-47.5,62.5));
#8326=CARTESIAN_POINT('',(23.75,-47.5,62.5));
#8327=CARTESIAN_POINT('',(27.5,-47.5,55.));
#8328=CARTESIAN_POINT('Origin',(-36.5341439002693,41.5,55.));
#8329=CARTESIAN_POINT('',(-28.4212159716611,41.5,62.5));
#8330=CARTESIAN_POINT('',(-36.5341439002693,41.5,62.5));
#8331=CARTESIAN_POINT('',(-18.2670719501347,41.5,62.5));
#8332=CARTESIAN_POINT('',(-36.5341439002693,41.5,55.));
#8333=CARTESIAN_POINT('',(-28.4212159716611,41.5,55.));
#8334=CARTESIAN_POINT('Origin',(0.,0.,62.5));
#8335=CARTESIAN_POINT('Origin',(-47.5,47.5,62.5));
#8336=CARTESIAN_POINT('Origin',(-47.5,47.5,62.5));
#8337=CARTESIAN_POINT('Origin',(28.4212159716611,41.5,55.));
#8338=CARTESIAN_POINT('',(36.5341439002693,41.5,62.5));
#8339=CARTESIAN_POINT('',(28.4212159716611,41.5,62.5));
#8340=CARTESIAN_POINT('',(14.2106079858305,41.5,62.5));
#8341=CARTESIAN_POINT('',(28.4212159716611,41.5,55.));
#8342=CARTESIAN_POINT('',(36.5341439002693,41.5,55.));
#8343=CARTESIAN_POINT('Origin',(0.,0.,62.5));
#8344=CARTESIAN_POINT('Origin',(47.5,47.5,62.5));
#8345=CARTESIAN_POINT('Origin',(47.5,47.5,62.5));
#8346=CARTESIAN_POINT('Origin',(36.5341439002693,-41.5,55.));
#8347=CARTESIAN_POINT('',(28.4212159716611,-41.5,62.5));
#8348=CARTESIAN_POINT('',(36.5341439002693,-41.5,62.5));
#8349=CARTESIAN_POINT('',(18.2670719501347,-41.5,62.5));
#8350=CARTESIAN_POINT('',(36.5341439002693,-41.5,55.));
#8351=CARTESIAN_POINT('',(28.4212159716611,-41.5,55.));
#8352=CARTESIAN_POINT('Origin',(0.,0.,62.5));
#8353=CARTESIAN_POINT('Origin',(47.5,-47.5,62.5));
#8354=CARTESIAN_POINT('Origin',(47.5,-47.5,62.5));
#8355=CARTESIAN_POINT('Origin',(41.,28.5857196806223,55.));
#8356=CARTESIAN_POINT('',(41.,28.5857196806223,55.));
#8357=CARTESIAN_POINT('',(41.,-28.5857196806223,55.));
#8358=CARTESIAN_POINT('Origin',(47.5,47.5,55.));
#8359=CARTESIAN_POINT('Origin',(47.5,47.5,55.));
#8360=CARTESIAN_POINT('Origin',(47.5,47.5,55.));
#8361=CARTESIAN_POINT('',(28.4212159716611,41.5,55.));
#8362=CARTESIAN_POINT('Origin',(-28.4212159716611,41.5,55.));
#8363=CARTESIAN_POINT('',(-28.4212159716611,41.5,55.));
#8364=CARTESIAN_POINT('Origin',(-47.5,47.5,55.));
#8365=CARTESIAN_POINT('Origin',(-47.5,47.5,55.));
#8366=CARTESIAN_POINT('Origin',(-47.5,47.5,55.));
#8367=CARTESIAN_POINT('',(-41.,28.5857196806223,55.));
#8368=CARTESIAN_POINT('Origin',(-41.,-28.5857196806223,55.));
#8369=CARTESIAN_POINT('',(-41.,-28.5857196806223,55.));
#8370=CARTESIAN_POINT('Origin',(-47.5,-47.5,55.));
#8371=CARTESIAN_POINT('Origin',(-47.5,-47.5,55.));
#8372=CARTESIAN_POINT('Origin',(-47.5,-47.5,55.));
#8373=CARTESIAN_POINT('',(-28.4212159716611,-41.5,55.));
#8374=CARTESIAN_POINT('Origin',(28.4212159716611,-41.5,55.));
#8375=CARTESIAN_POINT('',(28.4212159716611,-41.5,55.));
#8376=CARTESIAN_POINT('Origin',(47.5,-47.5,55.));
#8377=CARTESIAN_POINT('Origin',(47.5,-47.5,55.));
#8378=CARTESIAN_POINT('Origin',(47.5,-47.5,55.));
#8379=CARTESIAN_POINT('Origin',(38.,18.25,0.5));
#8380=CARTESIAN_POINT('',(37.5,36.5,0.5));
#8381=CARTESIAN_POINT('Origin',(38.,36.5,0.5));
#8382=CARTESIAN_POINT('',(37.5,31.5,0.5));
#8383=CARTESIAN_POINT('',(37.5,18.25,0.5));
#8384=CARTESIAN_POINT('Origin',(38.,31.,0.5));
#8385=CARTESIAN_POINT('Origin',(27.,20.75,0.5));
#8386=CARTESIAN_POINT('',(27.5,31.5,0.5));
#8387=CARTESIAN_POINT('',(27.5,36.5,0.5));
#8388=CARTESIAN_POINT('',(27.5,20.75,0.5));
#8389=CARTESIAN_POINT('Origin',(27.,36.5,0.5));
#8390=CARTESIAN_POINT('Origin',(27.,31.,0.5));
#8391=CARTESIAN_POINT('Origin',(16.25,31.,0.5));
#8392=CARTESIAN_POINT('',(16.25,31.5,0.5));
#8393=CARTESIAN_POINT('Origin',(28.,41.5,2.51316701949486));
#8394=CARTESIAN_POINT('',(28.2142857142857,32.,2.96492097094748));
#8395=CARTESIAN_POINT('',(28.2142857142857,41.5,2.96492097094748));
#8396=CARTESIAN_POINT('',(28.2142857142857,41.5,2.96492097094748));
#8397=CARTESIAN_POINT('',(27.5,41.5,2.51316701949486));
#8398=CARTESIAN_POINT('Origin',(28.,41.5,2.51316701949486));
#8399=CARTESIAN_POINT('',(27.5,31.5,2.51316701949486));
#8400=CARTESIAN_POINT('',(27.5,41.5,2.51316701949486));
#8401=CARTESIAN_POINT('',(27.5534761556884,31.5,2.73814803305206));
#8402=CARTESIAN_POINT('Origin',(28.,31.5,2.51316701949486));
#8403=CARTESIAN_POINT('Ctrl Pts',(27.5534761556884,31.5,2.73814803305206));
#8404=CARTESIAN_POINT('Ctrl Pts',(27.5744633543013,31.5,2.77980170176735));
#8405=CARTESIAN_POINT('Ctrl Pts',(27.6007896151584,31.5065178299617,2.81756498574627));
#8406=CARTESIAN_POINT('Ctrl Pts',(27.6656646586896,31.5328049327417,2.88843594783444));
#8407=CARTESIAN_POINT('Ctrl Pts',(27.7041235253389,31.5537150089948,2.91890419741759));
#8408=CARTESIAN_POINT('Ctrl Pts',(27.7974825076788,31.6131541047087,2.97452082765778));
#8409=CARTESIAN_POINT('Ctrl Pts',(27.8531723633088,31.654957287073,2.99428698631119));
#8410=CARTESIAN_POINT('Ctrl Pts',(27.9604277816515,31.7439571593301,3.01452155887972));
#8411=CARTESIAN_POINT('Ctrl Pts',(28.012851080316,31.7916838962609,3.01551315164821));
#8412=CARTESIAN_POINT('Ctrl Pts',(28.1148741278394,31.8914056893982,3.00263362638634));
#8413=CARTESIAN_POINT('Ctrl Pts',(28.1650350361991,31.9443016836892,2.98792224872921));
#8414=CARTESIAN_POINT('Ctrl Pts',(28.2124277139365,31.9978943261211,2.965798792631));
#8415=CARTESIAN_POINT('Ctrl Pts',(28.2133573940918,31.9989471645692,2.96536131187908));
#8416=CARTESIAN_POINT('Ctrl Pts',(28.2142857142857,32.,2.96492097094748));
#8417=CARTESIAN_POINT('Origin',(37.,41.5,2.51316701949486));
#8418=CARTESIAN_POINT('',(37.5,31.5,2.51316701949486));
#8419=CARTESIAN_POINT('',(37.5,41.5,2.51316701949486));
#8420=CARTESIAN_POINT('',(37.5,41.5,2.51316701949486));
#8421=CARTESIAN_POINT('',(36.7857142857143,41.5,2.96492097094748));
#8422=CARTESIAN_POINT('Origin',(37.,41.5,2.51316701949486));
#8423=CARTESIAN_POINT('',(36.7857142857143,32.,2.96492097094748));
#8424=CARTESIAN_POINT('',(36.7857142857143,41.5,2.96492097094748));
#8425=CARTESIAN_POINT('',(37.4465238443115,31.5,2.73814803305207));
#8426=CARTESIAN_POINT('Ctrl Pts',(36.7857142857143,32.,2.96492097094748));
#8427=CARTESIAN_POINT('Ctrl Pts',(36.7866426059082,31.9989471645691,2.96536131187912));
#8428=CARTESIAN_POINT('Ctrl Pts',(36.7875722860634,31.9978943261212,2.96579879263096));
#8429=CARTESIAN_POINT('Ctrl Pts',(36.8349649638009,31.9443016836891,2.98792224872922));
#8430=CARTESIAN_POINT('Ctrl Pts',(36.8851258721606,31.8914056893982,3.00263362638635));
#8431=CARTESIAN_POINT('Ctrl Pts',(36.987148919684,31.7916838962608,3.01551315164821));
#8432=CARTESIAN_POINT('Ctrl Pts',(37.0395722183485,31.7439571593301,3.01452155887972));
#8433=CARTESIAN_POINT('Ctrl Pts',(37.1468276366912,31.654957287073,2.99428698631119));
#8434=CARTESIAN_POINT('Ctrl Pts',(37.2025174923212,31.6131541047087,2.97452082765778));
#8435=CARTESIAN_POINT('Ctrl Pts',(37.2958764746611,31.5537150089948,2.91890419741759));
#8436=CARTESIAN_POINT('Ctrl Pts',(37.3343353413104,31.5328049327417,2.88843594783444));
#8437=CARTESIAN_POINT('Ctrl Pts',(37.3992103848416,31.5065178299617,2.81756498574628));
#8438=CARTESIAN_POINT('Ctrl Pts',(37.4255366456987,31.5,2.77980170176736));
#8439=CARTESIAN_POINT('Ctrl Pts',(37.4465238443115,31.5,2.73814803305207));
#8440=CARTESIAN_POINT('Origin',(37.,31.5,2.51316701949486));
#8441=CARTESIAN_POINT('Origin',(32.5,32.,12.));
#8442=CARTESIAN_POINT('Origin',(32.5,31.5,12.));
#8443=CARTESIAN_POINT('Origin',(32.5,32.,12.));
#8444=CARTESIAN_POINT('Origin',(32.5,41.5,12.));
#8445=CARTESIAN_POINT('Origin',(32.5,41.5,12.));
#8446=CARTESIAN_POINT('Origin',(37.5,36.5,0.));
#8447=CARTESIAN_POINT('',(37.5,36.5,0.));
#8448=CARTESIAN_POINT('',(37.5,41.5,0.));
#8449=CARTESIAN_POINT('',(37.5,41.5,2.));
#8450=CARTESIAN_POINT('',(37.5,31.5,2.));
#8451=CARTESIAN_POINT('Origin',(32.5,31.5,1.6698729810778));
#8452=CARTESIAN_POINT('',(27.5,31.5,2.));
#8453=CARTESIAN_POINT('Origin',(32.5,41.5,1.6698729810778));
#8454=CARTESIAN_POINT('',(27.5,41.5,2.));
#8455=CARTESIAN_POINT('Origin',(42.5,41.5,0.));
#8456=CARTESIAN_POINT('',(42.5,36.5,0.));
#8457=CARTESIAN_POINT('',(42.5,41.5,0.));
#8458=CARTESIAN_POINT('Origin',(37.5,41.5,0.));
#8459=CARTESIAN_POINT('Origin',(42.5,36.5,0.));
#8460=CARTESIAN_POINT('Origin',(27.5,41.5,0.));
#8461=CARTESIAN_POINT('',(27.5,41.5,0.));
#8462=CARTESIAN_POINT('',(27.5,36.5,0.));
#8463=CARTESIAN_POINT('Origin',(22.5,41.5,0.));
#8464=CARTESIAN_POINT('',(22.5,41.5,0.));
#8465=CARTESIAN_POINT('Origin',(22.5,36.5,0.));
#8466=CARTESIAN_POINT('',(22.5,36.5,0.));
#8467=CARTESIAN_POINT('Origin',(27.5,36.5,0.));
#8468=CARTESIAN_POINT('Origin',(-32.5,47.5,42.5));
#8469=CARTESIAN_POINT('',(-42.5,47.5,42.5));
#8470=CARTESIAN_POINT('Origin',(-42.5,47.5,0.));
#8471=CARTESIAN_POINT('',(-42.5,23.75,10.));
#8472=CARTESIAN_POINT('Origin',(32.5,47.5,42.5));
#8473=CARTESIAN_POINT('',(42.5,47.5,42.5));
#8474=CARTESIAN_POINT('Origin',(-32.5,23.75,10.));
#8475=CARTESIAN_POINT('Origin',(32.5,23.75,10.));
#8476=CARTESIAN_POINT('',(42.5,23.75,10.));
#8477=CARTESIAN_POINT('Origin',(42.5,47.5,52.5));
#8478=CARTESIAN_POINT('Origin',(-36.4999989382923,-3.33125,40.475));
#8479=CARTESIAN_POINT('Origin',(36.4999989382923,3.33125000000001,40.475));
#8480=CARTESIAN_POINT('',(35.4514181522661,-6.6625,32.6106441048035));
#8481=CARTESIAN_POINT('Origin',(39.9999989382923,6.66250000000001,36.725));
#8482=CARTESIAN_POINT('',(39.9999989382923,-6.6625,29.8625));
#8483=CARTESIAN_POINT('Origin',(46.3749989382923,-6.6625,36.725));
#8484=CARTESIAN_POINT('',(46.3749989382923,-6.6625,36.725));
#8485=CARTESIAN_POINT('Origin',(-46.3749989382923,6.6625,36.725));
#8486=CARTESIAN_POINT('Origin',(0.,2.22044604925031E-15,36.725));
#8487=CARTESIAN_POINT('Origin',(55.,0.,29.0625));
#8488=CARTESIAN_POINT('',(55.,-5.51091059616309E-16,24.5625));
#8489=CARTESIAN_POINT('Origin',(55.,0.,29.0625));
#8490=CARTESIAN_POINT('Origin',(55.,-1.16341445918999E-15,19.5625));
#8491=CARTESIAN_POINT('Origin',(-55.,0.,29.0625));
#8492=CARTESIAN_POINT('',(-55.,-5.51091059616309E-16,33.5625));
#8493=CARTESIAN_POINT('Origin',(-55.,0.,29.0625));
#8494=CARTESIAN_POINT('Origin',(-55.,-1.16341445918999E-15,38.5625));
#8495=CARTESIAN_POINT('Origin',(-47.5,0.,29.0625));
#8496=CARTESIAN_POINT('',(-47.5,3.25,29.0625));
#8497=CARTESIAN_POINT('Origin',(-47.5,0.,29.0625));
#8498=CARTESIAN_POINT('',(-47.5,-2.25,29.0625));
#8499=CARTESIAN_POINT('Origin',(-47.5,0.,29.0625));
#8500=CARTESIAN_POINT('Origin',(-50.,0.,29.0625));
#8501=CARTESIAN_POINT('',(-55.,3.25,29.0625));
#8502=CARTESIAN_POINT('Origin',(-55.,0.,29.0625));
#8503=CARTESIAN_POINT('',(-50.,3.25,29.0625));
#8504=CARTESIAN_POINT('Origin',(-55.,0.,29.0625));
#8505=CARTESIAN_POINT('Origin',(50.,0.,29.0625));
#8506=CARTESIAN_POINT('',(55.,-3.25,29.0625));
#8507=CARTESIAN_POINT('Origin',(55.,0.,29.0625));
#8508=CARTESIAN_POINT('',(50.,-3.25,29.0625));
#8509=CARTESIAN_POINT('',(50.,-3.25,29.0625));
#8510=CARTESIAN_POINT('Origin',(50.,0.,29.0625));
#8511=CARTESIAN_POINT('Origin',(55.,0.,29.0625));
#8512=CARTESIAN_POINT('Origin',(0.,0.,29.0625));
#8513=CARTESIAN_POINT('',(-45.5000014528632,-2.25,29.0625));
#8514=CARTESIAN_POINT('',(0.,-2.25,29.0625));
#8515=CARTESIAN_POINT('Origin',(-45.5000014528632,0.,29.0625));
#8516=CARTESIAN_POINT('Origin',(0.,0.,29.0625));
#8517=CARTESIAN_POINT('',(45.5000014528632,-2.25,29.0625));
#8518=CARTESIAN_POINT('Origin',(45.5000014528632,0.,29.0625));
#8519=CARTESIAN_POINT('',(50.,-2.25,29.0625));
#8520=CARTESIAN_POINT('',(0.,-2.25,29.0625));
#8521=CARTESIAN_POINT('Origin',(50.,0.,29.0625));
#8522=CARTESIAN_POINT('Origin',(0.,1.66533453693773E-15,22.0000003278255));
#8523=CARTESIAN_POINT('',(36.5000014528632,-5.8625,22.0000003278255));
#8524=CARTESIAN_POINT('',(44.5000014528632,-5.8625,22.0000003278255));
#8525=CARTESIAN_POINT('',(22.2500007264316,-5.8625,22.0000003278255));
#8526=CARTESIAN_POINT('',(44.5000014528632,5.86250000000001,22.0000003278255));
#8527=CARTESIAN_POINT('',(44.5000014528632,2.93125,22.0000003278255));
#8528=CARTESIAN_POINT('',(36.5000014528632,5.86250000000001,22.0000003278255));
#8529=CARTESIAN_POINT('',(18.2500007264316,5.8625,22.0000003278255));
#8530=CARTESIAN_POINT('',(36.5000014528632,-2.93125,22.0000003278255));
#8531=CARTESIAN_POINT('Origin',(0.,1.66533453693773E-15,36.125));
#8532=CARTESIAN_POINT('',(36.5000014528632,5.86250000000001,36.125));
#8533=CARTESIAN_POINT('',(44.5000014528632,5.86250000000001,36.125));
#8534=CARTESIAN_POINT('',(22.2500007264316,5.8625,36.125));
#8535=CARTESIAN_POINT('',(44.5000014528632,-5.8625,36.125));
#8536=CARTESIAN_POINT('',(44.5000014528632,-2.93125,36.125));
#8537=CARTESIAN_POINT('',(36.5000014528632,-5.8625,36.125));
#8538=CARTESIAN_POINT('',(18.2500007264316,-5.8625,36.125));
#8539=CARTESIAN_POINT('',(36.5000014528632,2.93125,36.125));
#8540=CARTESIAN_POINT('Origin',(0.,1.66533453693773E-15,22.0000003278255));
#8541=CARTESIAN_POINT('',(-36.5000014528632,5.8625,22.0000003278255));
#8542=CARTESIAN_POINT('',(-44.5000014528632,5.8625,22.0000003278255));
#8543=CARTESIAN_POINT('',(-22.2500007264316,5.8625,22.0000003278255));
#8544=CARTESIAN_POINT('',(-44.5000014528632,-5.86250000000001,22.0000003278255));
#8545=CARTESIAN_POINT('',(-44.5000014528632,-2.93125,22.0000003278255));
#8546=CARTESIAN_POINT('',(-36.5000014528632,-5.8625,22.0000003278255));
#8547=CARTESIAN_POINT('',(-18.2500007264316,-5.8625,22.0000003278255));
#8548=CARTESIAN_POINT('',(-36.5000014528632,2.93125,22.0000003278255));
#8549=CARTESIAN_POINT('Origin',(0.,1.66533453693773E-15,36.125));
#8550=CARTESIAN_POINT('',(-36.5000014528632,-5.8625,36.125));
#8551=CARTESIAN_POINT('',(-44.5000014528632,-5.86250000000001,36.125));
#8552=CARTESIAN_POINT('',(-22.2500007264316,-5.8625,36.125));
#8553=CARTESIAN_POINT('',(-44.5000014528632,5.8625,36.125));
#8554=CARTESIAN_POINT('',(-44.5000014528632,2.93125,36.125));
#8555=CARTESIAN_POINT('',(-36.5000014528632,5.8625,36.125));
#8556=CARTESIAN_POINT('',(-18.2500007264316,5.8625,36.125));
#8557=CARTESIAN_POINT('',(-36.5000014528632,-2.93125,36.125));
#8558=CARTESIAN_POINT('Origin',(0.,1.66533453693773E-15,35.125));
#8559=CARTESIAN_POINT('',(44.5000014528632,-5.06249999999999,35.125));
#8560=CARTESIAN_POINT('',(44.5000014528632,5.06250000000001,35.125));
#8561=CARTESIAN_POINT('',(44.5000014528632,-2.93125,35.125));
#8562=CARTESIAN_POINT('',(45.5000014528632,5.06250000000001,35.125));
#8563=CARTESIAN_POINT('',(22.7500007264316,5.06249999999999,35.125));
#8564=CARTESIAN_POINT('',(45.5000014528632,-5.06249999999999,35.125));
#8565=CARTESIAN_POINT('',(45.5000014528632,-2.53125,35.125));
#8566=CARTESIAN_POINT('',(22.2500007264316,-5.06249999999998,35.125));
#8567=CARTESIAN_POINT('Origin',(0.,1.66533453693773E-15,35.125));
#8568=CARTESIAN_POINT('',(36.5000014528632,5.0625,35.125));
#8569=CARTESIAN_POINT('',(36.5000014528632,-5.06249999999999,35.125));
#8570=CARTESIAN_POINT('',(36.5000014528632,2.93125,35.125));
#8571=CARTESIAN_POINT('',(21.0000014528632,-5.06249999999998,35.125));
#8572=CARTESIAN_POINT('',(10.5000007264316,-5.06249999999997,35.125));
#8573=CARTESIAN_POINT('',(21.0000014528632,5.06249999999999,35.125));
#8574=CARTESIAN_POINT('',(21.0000014528632,3.33125,35.125));
#8575=CARTESIAN_POINT('',(18.2500007264316,5.06249999999999,35.125));
#8576=CARTESIAN_POINT('Origin',(0.,1.66533453693773E-15,35.125));
#8577=CARTESIAN_POINT('',(-44.5000014528632,5.0625,35.125));
#8578=CARTESIAN_POINT('',(-44.5000014528632,-5.0625,35.125));
#8579=CARTESIAN_POINT('',(-44.5000014528632,2.93125,35.125));
#8580=CARTESIAN_POINT('',(-45.5000014528632,-5.0625,35.125));
#8581=CARTESIAN_POINT('',(-22.7500007264316,-5.06249999999999,35.125));
#8582=CARTESIAN_POINT('',(-45.5000014528632,5.0625,35.125));
#8583=CARTESIAN_POINT('',(-45.5000014528632,2.53125,35.125));
#8584=CARTESIAN_POINT('',(-22.2500007264316,5.06249999999999,35.125));
#8585=CARTESIAN_POINT('Origin',(0.,1.66533453693773E-15,35.125));
#8586=CARTESIAN_POINT('',(-36.5000014528632,-5.0625,35.125));
#8587=CARTESIAN_POINT('',(-36.5000014528632,5.06249999999999,35.125));
#8588=CARTESIAN_POINT('',(-36.5000014528632,-2.93125,35.125));
#8589=CARTESIAN_POINT('',(-21.0000014528632,5.06249999999998,35.125));
#8590=CARTESIAN_POINT('',(-10.5000007264316,5.06249999999998,35.125));
#8591=CARTESIAN_POINT('',(-21.0000014528632,-5.06249999999998,35.125));
#8592=CARTESIAN_POINT('',(-21.0000014528632,-3.33125,35.125));
#8593=CARTESIAN_POINT('',(-18.2500007264316,-5.06249999999998,35.125));
#8594=CARTESIAN_POINT('Origin',(-6.66133814775094E-15,2.38418582654276E-7,
23.));
#8595=CARTESIAN_POINT('',(-44.5000014528632,-5.0625,23.));
#8596=CARTESIAN_POINT('',(-44.5000014528632,5.0625,23.));
#8597=CARTESIAN_POINT('',(-44.5000014528632,2.93125011920929,23.));
#8598=CARTESIAN_POINT('',(-45.5000014528632,5.0625,23.));
#8599=CARTESIAN_POINT('',(-47.5000014528632,5.0625,23.));
#8600=CARTESIAN_POINT('',(-45.5000014528632,-5.0625,23.));
#8601=CARTESIAN_POINT('',(-45.5000014528632,5.0625,23.));
#8602=CARTESIAN_POINT('',(-47.5000014528632,-5.06250000000001,23.));
#8603=CARTESIAN_POINT('Origin',(-6.66133814775094E-15,2.38418582654276E-7,
23.));
#8604=CARTESIAN_POINT('',(44.5000014528632,5.06250000000001,23.));
#8605=CARTESIAN_POINT('',(44.5000014528632,-5.06249999999999,23.));
#8606=CARTESIAN_POINT('',(44.5000014528632,-2.93124988079071,23.));
#8607=CARTESIAN_POINT('',(45.5000014528632,-5.06249999999999,23.));
#8608=CARTESIAN_POINT('',(47.5000014528632,-5.0625,23.));
#8609=CARTESIAN_POINT('',(45.5000014528632,5.06250000000001,23.));
#8610=CARTESIAN_POINT('',(45.5000014528632,-5.06249999999999,23.));
#8611=CARTESIAN_POINT('',(47.5000014528632,5.06250000000001,23.));
#8612=CARTESIAN_POINT('Origin',(21.0000014528632,-5.06249999999998,23.));
#8613=CARTESIAN_POINT('',(36.5000014528632,-5.06249999999999,23.));
#8614=CARTESIAN_POINT('',(36.5000014528632,-5.06249999999999,23.));
#8615=CARTESIAN_POINT('',(21.0000014528632,-5.06249999999998,23.));
#8616=CARTESIAN_POINT('',(47.5000014528632,-5.0625,23.));
#8617=CARTESIAN_POINT('',(21.0000014528632,-5.06249999999998,23.));
#8618=CARTESIAN_POINT('Origin',(36.5000014528632,5.0625,23.));
#8619=CARTESIAN_POINT('',(21.0000014528632,5.06249999999999,23.));
#8620=CARTESIAN_POINT('',(21.0000014528632,5.06249999999999,23.));
#8621=CARTESIAN_POINT('',(36.5000014528632,5.0625,23.));
#8622=CARTESIAN_POINT('',(47.5000014528632,5.06250000000001,23.));
#8623=CARTESIAN_POINT('',(36.5000014528632,5.0625,23.));
#8624=CARTESIAN_POINT('Origin',(36.5000014528632,5.86250000000001,23.));
#8625=CARTESIAN_POINT('',(36.5000014528632,5.86250000000001,23.));
#8626=CARTESIAN_POINT('',(36.5000014528632,-5.8625,23.));
#8627=CARTESIAN_POINT('',(36.5000014528632,2.93125011920929,23.));
#8628=CARTESIAN_POINT('Origin',(44.5000014528632,5.86250000000001,23.));
#8629=CARTESIAN_POINT('',(44.5000014528632,5.86250000000001,23.));
#8630=CARTESIAN_POINT('Origin',(44.5000014528632,5.06250000000001,23.));
#8631=CARTESIAN_POINT('',(44.5000014528632,-5.8625,23.));
#8632=CARTESIAN_POINT('',(44.5000014528632,-5.06249999999999,23.));
#8633=CARTESIAN_POINT('',(44.5000014528632,5.06250000000001,23.));
#8634=CARTESIAN_POINT('Origin',(45.5000014528632,5.06250000000001,23.));
#8635=CARTESIAN_POINT('',(45.5000014528632,5.06250000000001,23.));
#8636=CARTESIAN_POINT('Origin',(45.5000014528632,-5.06249999999999,23.));
#8637=CARTESIAN_POINT('',(45.5000014528632,-5.06249999999999,23.));
#8638=CARTESIAN_POINT('Origin',(44.5000014528632,-5.06249999999999,23.));
#8639=CARTESIAN_POINT('Origin',(36.5000014528632,-5.8625,23.));
#8640=CARTESIAN_POINT('Origin',(-36.5000014528632,5.8625,23.));
#8641=CARTESIAN_POINT('',(-44.5000014528632,5.8625,23.));
#8642=CARTESIAN_POINT('',(-36.5000014528632,5.8625,23.));
#8643=CARTESIAN_POINT('Origin',(-21.0000014528632,5.06249999999998,23.));
#8644=CARTESIAN_POINT('',(-36.5000014528632,5.06249999999999,23.));
#8645=CARTESIAN_POINT('',(-36.5000014528632,5.06249999999999,23.));
#8646=CARTESIAN_POINT('',(-21.0000014528632,5.06249999999998,23.));
#8647=CARTESIAN_POINT('',(-47.5000014528632,5.0625,23.));
#8648=CARTESIAN_POINT('',(-21.0000014528632,5.06249999999998,23.));
#8649=CARTESIAN_POINT('Origin',(-36.5000014528632,-5.0625,23.));
#8650=CARTESIAN_POINT('',(-21.0000014528632,-5.06249999999998,23.));
#8651=CARTESIAN_POINT('',(-21.0000014528632,-5.06249999999998,23.));
#8652=CARTESIAN_POINT('',(-36.5000014528632,-5.0625,23.));
#8653=CARTESIAN_POINT('',(-47.5000014528632,-5.06250000000001,23.));
#8654=CARTESIAN_POINT('',(-36.5000014528632,-5.0625,23.));
#8655=CARTESIAN_POINT('Origin',(-36.5000014528632,-5.8625,23.));
#8656=CARTESIAN_POINT('',(-36.5000014528632,-5.8625,23.));
#8657=CARTESIAN_POINT('',(-36.5000014528632,-2.93124988079071,23.));
#8658=CARTESIAN_POINT('Origin',(-44.5000014528632,-5.86250000000001,23.));
#8659=CARTESIAN_POINT('',(-44.5000014528632,-5.86250000000001,23.));
#8660=CARTESIAN_POINT('Origin',(-44.5000014528632,-5.0625,23.));
#8661=CARTESIAN_POINT('',(-44.5000014528632,5.0625,23.));
#8662=CARTESIAN_POINT('',(-44.5000014528632,-5.0625,23.));
#8663=CARTESIAN_POINT('Origin',(-45.5000014528632,-5.0625,23.));
#8664=CARTESIAN_POINT('',(-45.5000014528632,-5.0625,23.));
#8665=CARTESIAN_POINT('Origin',(-45.5000014528632,5.0625,23.));
#8666=CARTESIAN_POINT('',(-45.5000014528632,5.0625,23.));
#8667=CARTESIAN_POINT('Origin',(-44.5000014528632,5.0625,23.));
#8668=CARTESIAN_POINT('Origin',(21.0000014528632,6.6625,23.));
#8669=CARTESIAN_POINT('',(21.0000014528632,-6.6625,23.));
#8670=CARTESIAN_POINT('',(21.0000014528632,3.33125011920929,23.));
#8671=CARTESIAN_POINT('',(21.0000014528632,-6.6625,23.));
#8672=CARTESIAN_POINT('',(21.0000014528632,3.33125011920929,23.));
#8673=CARTESIAN_POINT('Origin',(-21.0000014528632,-6.6625,23.));
#8674=CARTESIAN_POINT('',(-21.0000014528632,-3.33124988079071,23.));
#8675=CARTESIAN_POINT('',(-21.0000014528632,-3.33124988079071,23.));
#8676=CARTESIAN_POINT('Origin',(47.4999989382923,-6.6625,23.));
#8677=CARTESIAN_POINT('',(47.4999989382923,-6.6625,23.));
#8678=CARTESIAN_POINT('Origin',(14.5,16.0000002384186,-1.49011611383365E-8));
#8679=CARTESIAN_POINT('',(15.5,-30.,-1.49011611383365E-8));
#8680=CARTESIAN_POINT('',(14.5,-30.,-1.00000001490116));
#8681=CARTESIAN_POINT('Origin',(14.5,-30.,-1.49011611383365E-8));
#8682=CARTESIAN_POINT('',(15.5,30.,-1.49011611383365E-8));
#8683=CARTESIAN_POINT('',(15.5,16.0000002384186,-1.49011611383365E-8));
#8684=CARTESIAN_POINT('',(14.5,30.,-1.00000001490116));
#8685=CARTESIAN_POINT('Origin',(14.5,30.,-1.49011611383365E-8));
#8686=CARTESIAN_POINT('',(14.5,16.0000002384186,-1.00000001490116));
#8687=CARTESIAN_POINT('Origin',(15.5,-30.,0.));
#8688=CARTESIAN_POINT('',(-14.5,-30.,-1.00000001490116));
#8689=CARTESIAN_POINT('',(7.75,-30.,-1.00000001490116));
#8690=CARTESIAN_POINT('',(-15.5,-30.,-1.49011611383365E-8));
#8691=CARTESIAN_POINT('Origin',(-14.5,-30.,-1.49011611383365E-8));
#8692=CARTESIAN_POINT('',(-15.5,-30.,23.));
#8693=CARTESIAN_POINT('',(-15.5,-30.,0.));
#8694=CARTESIAN_POINT('',(15.5,-30.,23.));
#8695=CARTESIAN_POINT('',(7.74999999999999,-30.,23.));
#8696=CARTESIAN_POINT('',(15.5,-30.,0.));
#8697=CARTESIAN_POINT('Origin',(4.44089209850063E-15,0.,-1.00000001490116));
#8698=CARTESIAN_POINT('',(-14.5,30.,-1.00000001490116));
#8699=CARTESIAN_POINT('',(-7.74999999999999,30.,-1.00000001490116));
#8700=CARTESIAN_POINT('',(-14.5,-15.,-1.00000001490116));
#8701=CARTESIAN_POINT('Origin',(-14.5,-15.,-1.49011611383365E-8));
#8702=CARTESIAN_POINT('',(-15.5,30.,-1.49011611383365E-8));
#8703=CARTESIAN_POINT('Origin',(-14.5,30.,-1.49011611383365E-8));
#8704=CARTESIAN_POINT('',(-15.5,-15.,-1.49011611383365E-8));
#8705=CARTESIAN_POINT('Origin',(-15.5,30.,0.));
#8706=CARTESIAN_POINT('',(15.5,30.,4.));
#8707=CARTESIAN_POINT('',(15.5,30.,0.));
#8708=CARTESIAN_POINT('',(-15.5,30.,4.));
#8709=CARTESIAN_POINT('',(-7.75,30.,4.));
#8710=CARTESIAN_POINT('',(-15.5,30.,0.));
#8711=CARTESIAN_POINT('Origin',(-1.11022302462516E-15,31.0000002384186,
4.));
#8712=CARTESIAN_POINT('',(15.5,32.0000004768372,4.));
#8713=CARTESIAN_POINT('',(15.5,31.5000003576279,4.));
#8714=CARTESIAN_POINT('',(-15.5,32.,4.));
#8715=CARTESIAN_POINT('',(7.75,32.,4.));
#8716=CARTESIAN_POINT('',(-15.5,0.500000119209294,4.));
#8717=CARTESIAN_POINT('Origin',(15.5,32.0000004768372,0.));
#8718=CARTESIAN_POINT('',(15.5,32.0000004768372,23.));
#8719=CARTESIAN_POINT('',(15.5,16.0000003576279,23.));
#8720=CARTESIAN_POINT('',(15.5,32.0000004768372,0.));
#8721=CARTESIAN_POINT('Origin',(-15.5,-30.,0.));
#8722=CARTESIAN_POINT('',(-15.5,32.,23.));
#8723=CARTESIAN_POINT('',(-15.5,32.,0.));
#8724=CARTESIAN_POINT('',(-15.5,-14.9999998807907,23.));
#8725=CARTESIAN_POINT('Origin',(17.5,32.,0.));
#8726=CARTESIAN_POINT('',(8.74999999999999,32.,23.));
#8727=CARTESIAN_POINT('',(-7.75,32.,23.));
#8728=CARTESIAN_POINT('Origin',(-17.5,-32.,0.));
#8729=CARTESIAN_POINT('',(-8.75,-32.,23.));
#8730=CARTESIAN_POINT('Origin',(-6.66133814775094E-15,2.38418582654276E-7,
23.));
#8731=CARTESIAN_POINT('Origin',(0.,0.,90.));
#8732=CARTESIAN_POINT('Origin',(50.,50.,0.));
#8733=CARTESIAN_POINT('Origin',(22.5,-14.5,126.645895496989));
#8734=CARTESIAN_POINT('',(-30.,-47.5,126.645895496989));
#8735=CARTESIAN_POINT('',(-30.,-47.3362272769296,123.362272769296));
#8736=CARTESIAN_POINT('Origin',(-30.,-14.5,126.645895496989));
#8737=CARTESIAN_POINT('',(30.,-47.3362272769296,123.362272769296));
#8738=CARTESIAN_POINT('',(22.5,-47.3362272769296,123.362272769296));
#8739=CARTESIAN_POINT('',(30.,-47.5,126.645895496989));
#8740=CARTESIAN_POINT('Origin',(30.,-14.5,126.645895496989));
#8741=CARTESIAN_POINT('',(22.5,-47.5,126.645895496989));
#8742=CARTESIAN_POINT('Origin',(30.,-45.,130.));
#8743=CARTESIAN_POINT('',(30.,-47.,120.));
#8744=CARTESIAN_POINT('',(30.,-47.6101485148515,126.101485148515));
#8745=CARTESIAN_POINT('',(30.,-45.,120.));
#8746=CARTESIAN_POINT('',(30.,-45.,120.));
#8747=CARTESIAN_POINT('',(30.,-45.,127.5));
#8748=CARTESIAN_POINT('',(30.,-45.,130.));
#8749=CARTESIAN_POINT('',(30.,-42.5,130.));
#8750=CARTESIAN_POINT('Origin',(30.,-42.5,127.5));
#8751=CARTESIAN_POINT('',(30.,-47.5,130.));
#8752=CARTESIAN_POINT('',(30.,-22.5,130.));
#8753=CARTESIAN_POINT('',(30.,-47.5,130.));
#8754=CARTESIAN_POINT('Origin',(15.,-47.25,122.5));
#8755=CARTESIAN_POINT('',(-30.,-47.,120.));
#8756=CARTESIAN_POINT('',(-30.,-47.6225247524752,126.225247524752));
#8757=CARTESIAN_POINT('',(15.,-47.,120.));
#8758=CARTESIAN_POINT('Origin',(19.0625,14.5,126.645895496989));
#8759=CARTESIAN_POINT('',(15.,47.3362272769296,123.362272769296));
#8760=CARTESIAN_POINT('',(15.,47.5,126.645895496989));
#8761=CARTESIAN_POINT('Origin',(15.,14.5,126.645895496989));
#8762=CARTESIAN_POINT('',(45.,47.5,126.645895496989));
#8763=CARTESIAN_POINT('',(19.0625,47.5,126.645895496989));
#8764=CARTESIAN_POINT('',(45.,47.3362272769296,123.362272769296));
#8765=CARTESIAN_POINT('Origin',(45.,14.5,126.645895496989));
#8766=CARTESIAN_POINT('',(19.0625,47.3362272769297,123.362272769296));
#8767=CARTESIAN_POINT('Ctrl Pts',(45.,47.5,126.645895496989));
#8768=CARTESIAN_POINT('Ctrl Pts',(47.5,47.5,126.645895496989));
#8769=CARTESIAN_POINT('Ctrl Pts',(47.5,45.,126.645895496989));
#8770=CARTESIAN_POINT('Ctrl Pts',(45.,47.5,125.));
#8771=CARTESIAN_POINT('Ctrl Pts',(47.5,47.5,125.));
#8772=CARTESIAN_POINT('Ctrl Pts',(47.5,45.,125.));
#8773=CARTESIAN_POINT('Ctrl Pts',(45.,47.3362272769296,123.362272769296));
#8774=CARTESIAN_POINT('Ctrl Pts',(47.3362272769296,47.3362272769296,123.362272769296));
#8775=CARTESIAN_POINT('Ctrl Pts',(47.3362272769296,45.,123.362272769296));
#8776=CARTESIAN_POINT('',(47.5,45.,126.645895496989));
#8777=CARTESIAN_POINT('Origin',(45.,45.,126.645895496989));
#8778=CARTESIAN_POINT('',(47.3362272769296,45.,123.362272769296));
#8779=CARTESIAN_POINT('Origin',(14.5,45.,126.645895496989));
#8780=CARTESIAN_POINT('Origin',(45.,45.,123.362272769296));
#8781=CARTESIAN_POINT('Origin',(14.5,43.7937787871974,126.645895496989));
#8782=CARTESIAN_POINT('',(47.5,17.850230297579,126.645895496989));
#8783=CARTESIAN_POINT('',(47.3362272769296,17.850230297579,123.362272769296));
#8784=CARTESIAN_POINT('Origin',(14.5,17.850230297579,126.645895496989));
#8785=CARTESIAN_POINT('',(47.3362272769296,43.7937787871974,123.362272769296));
#8786=CARTESIAN_POINT('',(47.5,43.7937787871974,126.645895496989));
#8787=CARTESIAN_POINT('Origin',(47.5,17.850230297579,130.));
#8788=CARTESIAN_POINT('',(47.5,17.850230297579,130.));
#8789=CARTESIAN_POINT('',(47.5,17.850230297579,130.));
#8790=CARTESIAN_POINT('',(42.5,17.8502302975792,130.));
#8791=CARTESIAN_POINT('',(23.7500000000004,17.85023029758,130.));
#8792=CARTESIAN_POINT('',(45.,17.8502302975791,127.5));
#8793=CARTESIAN_POINT('Origin',(42.5,17.850230297579,127.5));
#8794=CARTESIAN_POINT('',(45.,17.8502302975791,120.));
#8795=CARTESIAN_POINT('',(45.,17.8502302975791,130.));
#8796=CARTESIAN_POINT('',(47.,17.850230297579,120.));
#8797=CARTESIAN_POINT('',(47.5,17.850230297579,120.));
#8798=CARTESIAN_POINT('',(47.6225247524752,17.850230297579,126.225247524752));
#8799=CARTESIAN_POINT('Origin',(47.5,47.5,130.));
#8800=CARTESIAN_POINT('',(47.5,45.,130.));
#8801=CARTESIAN_POINT('',(47.5,45.,130.));
#8802=CARTESIAN_POINT('',(47.5,23.75,130.));
#8803=CARTESIAN_POINT('Origin',(45.,45.,130.));
#8804=CARTESIAN_POINT('',(45.,47.5,130.));
#8805=CARTESIAN_POINT('',(45.,47.5,130.));
#8806=CARTESIAN_POINT('Origin',(45.,45.,130.));
#8807=CARTESIAN_POINT('Origin',(15.,47.5,130.));
#8808=CARTESIAN_POINT('',(15.,47.5,130.));
#8809=CARTESIAN_POINT('',(15.,47.5,130.));
#8810=CARTESIAN_POINT('',(7.5,47.5,130.));
#8811=CARTESIAN_POINT('Origin',(-14.5,21.5564515103816,126.645895496989));
#8812=CARTESIAN_POINT('',(-47.3362272769296,17.850230297579,123.362272769296));
#8813=CARTESIAN_POINT('',(-47.5,17.850230297579,126.645895496989));
#8814=CARTESIAN_POINT('Origin',(-14.5,17.8502302975789,126.645895496989));
#8815=CARTESIAN_POINT('',(-47.5,45.,126.645895496989));
#8816=CARTESIAN_POINT('',(-47.5,21.5564515103816,126.645895496989));
#8817=CARTESIAN_POINT('',(-47.3362272769296,45.,123.362272769296));
#8818=CARTESIAN_POINT('Origin',(-14.5,45.,126.645895496989));
#8819=CARTESIAN_POINT('',(-47.3362272769297,21.5564515103816,123.362272769296));
#8820=CARTESIAN_POINT('Ctrl Pts',(-47.5,45.,126.645895496989));
#8821=CARTESIAN_POINT('Ctrl Pts',(-47.5,47.5,126.645895496989));
#8822=CARTESIAN_POINT('Ctrl Pts',(-45.,47.5,126.645895496989));
#8823=CARTESIAN_POINT('Ctrl Pts',(-47.5,45.,125.));
#8824=CARTESIAN_POINT('Ctrl Pts',(-47.5,47.5,125.));
#8825=CARTESIAN_POINT('Ctrl Pts',(-45.,47.5,125.));
#8826=CARTESIAN_POINT('Ctrl Pts',(-47.3362272769296,45.,123.362272769296));
#8827=CARTESIAN_POINT('Ctrl Pts',(-47.3362272769296,47.3362272769296,123.362272769296));
#8828=CARTESIAN_POINT('Ctrl Pts',(-45.,47.3362272769296,123.362272769296));
#8829=CARTESIAN_POINT('',(-45.,47.5,126.645895496989));
#8830=CARTESIAN_POINT('Origin',(-45.,45.,126.645895496989));
#8831=CARTESIAN_POINT('',(-45.,47.3362272769296,123.362272769296));
#8832=CARTESIAN_POINT('Origin',(-45.,14.5,126.645895496989));
#8833=CARTESIAN_POINT('Origin',(-45.,45.,123.362272769296));
#8834=CARTESIAN_POINT('Origin',(-43.4375,14.5,126.645895496989));
#8835=CARTESIAN_POINT('',(-15.,47.5,126.645895496989));
#8836=CARTESIAN_POINT('',(-15.,47.3362272769296,123.362272769296));
#8837=CARTESIAN_POINT('Origin',(-15.,14.5,126.645895496989));
#8838=CARTESIAN_POINT('',(-43.4375,47.3362272769297,123.362272769296));
#8839=CARTESIAN_POINT('',(-43.4375,47.5,126.645895496989));
#8840=CARTESIAN_POINT('Origin',(-15.,47.5,130.));
#8841=CARTESIAN_POINT('',(-15.,47.5,130.));
#8842=CARTESIAN_POINT('',(-15.,47.5,130.));
#8843=CARTESIAN_POINT('',(-15.,42.5,130.));
#8844=CARTESIAN_POINT('',(-15.,23.75,130.));
#8845=CARTESIAN_POINT('',(-15.,45.,127.5));
#8846=CARTESIAN_POINT('Origin',(-15.,42.5,127.5));
#8847=CARTESIAN_POINT('',(-15.,45.,120.));
#8848=CARTESIAN_POINT('',(-15.,45.,130.));
#8849=CARTESIAN_POINT('',(-15.,47.,120.));
#8850=CARTESIAN_POINT('',(-15.,45.,120.));
#8851=CARTESIAN_POINT('',(-15.,47.6225247524752,126.225247524752));
#8852=CARTESIAN_POINT('Origin',(-47.5,47.5,130.));
#8853=CARTESIAN_POINT('',(-45.,47.5,130.));
#8854=CARTESIAN_POINT('',(-45.,47.5,130.));
#8855=CARTESIAN_POINT('',(-23.75,47.5,130.));
#8856=CARTESIAN_POINT('Origin',(-45.,45.,130.));
#8857=CARTESIAN_POINT('',(-47.5,45.,130.));
#8858=CARTESIAN_POINT('',(-47.5,45.,130.));
#8859=CARTESIAN_POINT('Origin',(-45.,45.,130.));
#8860=CARTESIAN_POINT('Origin',(-47.5,17.850230297579,130.));
#8861=CARTESIAN_POINT('',(-47.5,17.850230297579,130.));
#8862=CARTESIAN_POINT('',(-47.5,17.850230297579,130.));
#8863=CARTESIAN_POINT('',(-47.5,8.92511514878949,130.));
#8864=CARTESIAN_POINT('Origin',(-30.,-47.5,130.));
#8865=CARTESIAN_POINT('',(-30.,-47.5,130.));
#8866=CARTESIAN_POINT('',(-30.,-47.5,130.));
#8867=CARTESIAN_POINT('',(-30.,-42.5,130.));
#8868=CARTESIAN_POINT('',(-30.,-23.75,130.));
#8869=CARTESIAN_POINT('',(-30.,-45.,127.5));
#8870=CARTESIAN_POINT('Origin',(-30.,-42.5,127.5));
#8871=CARTESIAN_POINT('',(-30.,-45.,120.));
#8872=CARTESIAN_POINT('',(-30.,-45.,130.));
#8873=CARTESIAN_POINT('',(-30.,-45.,120.));
#8874=CARTESIAN_POINT('Origin',(30.,-47.5,130.));
#8875=CARTESIAN_POINT('',(15.,-47.5,130.));
#8876=CARTESIAN_POINT('Origin',(23.125,47.25,122.5));
#8877=CARTESIAN_POINT('',(45.,47.,120.));
#8878=CARTESIAN_POINT('',(45.,47.5,125.));
#8879=CARTESIAN_POINT('',(15.,47.,120.));
#8880=CARTESIAN_POINT('',(23.125,47.,120.));
#8881=CARTESIAN_POINT('',(15.,47.6101485148515,126.101485148515));
#8882=CARTESIAN_POINT('Origin',(45.,45.,122.5));
#8883=CARTESIAN_POINT('',(47.,45.,120.));
#8884=CARTESIAN_POINT('',(47.5,45.,125.));
#8885=CARTESIAN_POINT('Origin',(45.,45.,120.));
#8886=CARTESIAN_POINT('Origin',(47.25,40.0875575743947,122.5));
#8887=CARTESIAN_POINT('',(47.,40.0875575743947,120.));
#8888=CARTESIAN_POINT('Origin',(-39.375,47.25,122.5));
#8889=CARTESIAN_POINT('',(-45.,47.,120.));
#8890=CARTESIAN_POINT('',(-39.375,47.,120.));
#8891=CARTESIAN_POINT('',(-45.,47.,120.));
#8892=CARTESIAN_POINT('Origin',(-45.,45.,122.5));
#8893=CARTESIAN_POINT('',(-47.,45.,120.));
#8894=CARTESIAN_POINT('Origin',(-45.,45.,120.));
#8895=CARTESIAN_POINT('',(-47.,45.,120.));
#8896=CARTESIAN_POINT('Origin',(-47.25,25.2626727231842,122.5));
#8897=CARTESIAN_POINT('',(-47.,17.850230297579,120.));
#8898=CARTESIAN_POINT('',(-47.,25.2626727231842,120.));
#8899=CARTESIAN_POINT('',(-47.6101485148515,17.850230297579,126.101485148515));
#8900=CARTESIAN_POINT('Origin',(-31.25,32.6751151487894,120.));
#8901=CARTESIAN_POINT('',(-42.5,45.,120.));
#8902=CARTESIAN_POINT('',(-45.,45.,120.));
#8903=CARTESIAN_POINT('',(-45.,42.5,120.));
#8904=CARTESIAN_POINT('Origin',(-42.5,42.5,120.));
#8905=CARTESIAN_POINT('',(-45.,17.8502302975789,120.));
#8906=CARTESIAN_POINT('',(-45.,17.8502302975789,120.));
#8907=CARTESIAN_POINT('',(-47.5,17.850230297579,120.));
#8908=CARTESIAN_POINT('Origin',(49.,49.,132.5));
#8909=CARTESIAN_POINT('',(49.,-45.,132.5));
#8910=CARTESIAN_POINT('',(49.,49.,132.5));
#8911=CARTESIAN_POINT('',(49.,24.5,132.5));
#8912=CARTESIAN_POINT('',(49.,-45.,133.5));
#8913=CARTESIAN_POINT('',(49.,-45.,132.5));
#8914=CARTESIAN_POINT('',(49.,49.,133.5));
#8915=CARTESIAN_POINT('',(49.,-45.,133.5));
#8916=CARTESIAN_POINT('',(49.,49.,132.5));
#8917=CARTESIAN_POINT('Origin',(-49.,49.,132.5));
#8918=CARTESIAN_POINT('',(-49.,49.,132.5));
#8919=CARTESIAN_POINT('',(-24.5,49.,132.5));
#8920=CARTESIAN_POINT('',(-49.,49.,133.5));
#8921=CARTESIAN_POINT('',(49.,49.,133.5));
#8922=CARTESIAN_POINT('',(-49.,49.,132.5));
#8923=CARTESIAN_POINT('Origin',(-49.,-45.,132.5));
#8924=CARTESIAN_POINT('',(-49.,-45.,132.5));
#8925=CARTESIAN_POINT('',(-49.,-22.5,132.5));
#8926=CARTESIAN_POINT('',(-49.,-45.,133.5));
#8927=CARTESIAN_POINT('',(-49.,49.,133.5));
#8928=CARTESIAN_POINT('',(-49.,-45.,132.5));
#8929=CARTESIAN_POINT('Origin',(-45.,-45.,132.5));
#8930=CARTESIAN_POINT('',(-45.,-49.,132.5));
#8931=CARTESIAN_POINT('Origin',(-45.,-45.,132.5));
#8932=CARTESIAN_POINT('',(-45.,-49.,133.5));
#8933=CARTESIAN_POINT('Origin',(-45.,-45.,133.5));
#8934=CARTESIAN_POINT('',(-45.,-49.,132.5));
#8935=CARTESIAN_POINT('Origin',(45.,-49.,132.5));
#8936=CARTESIAN_POINT('',(45.,-49.,132.5));
#8937=CARTESIAN_POINT('',(22.5,-49.,132.5));
#8938=CARTESIAN_POINT('',(45.,-49.,133.5));
#8939=CARTESIAN_POINT('',(45.,-49.,133.5));
#8940=CARTESIAN_POINT('',(45.,-49.,132.5));
#8941=CARTESIAN_POINT('Origin',(45.,-45.,132.5));
#8942=CARTESIAN_POINT('Origin',(45.,-45.,132.5));
#8943=CARTESIAN_POINT('Origin',(45.,-45.,133.5));
#8944=CARTESIAN_POINT('Origin',(0.,0.,133.5));
#8945=CARTESIAN_POINT('',(50.,50.,133.5));
#8946=CARTESIAN_POINT('',(-50.,50.,133.5));
#8947=CARTESIAN_POINT('',(50.,50.,133.5));
#8948=CARTESIAN_POINT('',(-50.,-45.,133.5));
#8949=CARTESIAN_POINT('',(-50.,50.,133.5));
#8950=CARTESIAN_POINT('',(-45.,-50.,133.5));
#8951=CARTESIAN_POINT('Origin',(-45.,-45.,133.5));
#8952=CARTESIAN_POINT('',(45.,-50.,133.5));
#8953=CARTESIAN_POINT('',(-45.,-50.,133.5));
#8954=CARTESIAN_POINT('',(50.,-45.,133.5));
#8955=CARTESIAN_POINT('Origin',(45.,-45.,133.5));
#8956=CARTESIAN_POINT('',(50.,-45.,133.5));
#8957=CARTESIAN_POINT('Origin',(42.5,42.5,130.));
#8958=CARTESIAN_POINT('',(45.,42.5,127.5));
#8959=CARTESIAN_POINT('',(42.5,45.,127.5));
#8960=CARTESIAN_POINT('Origin',(42.5,42.5,127.5));
#8961=CARTESIAN_POINT('',(42.5,45.,120.));
#8962=CARTESIAN_POINT('',(42.5,45.,130.));
#8963=CARTESIAN_POINT('',(45.,42.5,120.));
#8964=CARTESIAN_POINT('Origin',(42.5,42.5,120.));
#8965=CARTESIAN_POINT('',(45.,42.5,130.));
#8966=CARTESIAN_POINT('Origin',(42.5,42.5,127.5));
#8967=CARTESIAN_POINT('',(42.5,42.5,130.));
#8968=CARTESIAN_POINT('Origin',(42.5,42.5,127.5));
#8969=CARTESIAN_POINT('Origin',(42.5,42.5,127.5));
#8970=CARTESIAN_POINT('Origin',(45.,17.8502302975791,130.));
#8971=CARTESIAN_POINT('',(45.,17.8502302975791,120.));
#8972=CARTESIAN_POINT('',(45.,8.92511514878955,127.5));
#8973=CARTESIAN_POINT('Origin',(-42.5,42.5,130.));
#8974=CARTESIAN_POINT('',(-42.5,45.,127.5));
#8975=CARTESIAN_POINT('',(-45.,42.5,127.5));
#8976=CARTESIAN_POINT('Origin',(-42.5,42.5,127.5));
#8977=CARTESIAN_POINT('',(-45.,42.5,130.));
#8978=CARTESIAN_POINT('',(-42.5,45.,130.));
#8979=CARTESIAN_POINT('Origin',(-42.5,42.5,127.5));
#8980=CARTESIAN_POINT('',(-42.5,42.5,130.));
#8981=CARTESIAN_POINT('Origin',(-42.5,42.5,127.5));
#8982=CARTESIAN_POINT('Origin',(-42.5,42.5,127.5));
#8983=CARTESIAN_POINT('Origin',(-15.,45.,130.));
#8984=CARTESIAN_POINT('',(-7.5,45.,127.5));
#8985=CARTESIAN_POINT('Origin',(-42.5,22.5,127.5));
#8986=CARTESIAN_POINT('',(-42.5,17.8502302975788,130.));
#8987=CARTESIAN_POINT('',(-42.5,22.5,130.));
#8988=CARTESIAN_POINT('',(-45.,17.8502302975789,127.5));
#8989=CARTESIAN_POINT('Origin',(-42.5,17.8502302975789,127.5));
#8990=CARTESIAN_POINT('',(-45.,22.5,127.5));
#8991=CARTESIAN_POINT('Origin',(-7.5,42.5,127.5));
#8992=CARTESIAN_POINT('',(-7.5,42.5,130.));
#8993=CARTESIAN_POINT('Origin',(0.,0.,130.));
#8994=CARTESIAN_POINT('',(45.,-50.,130.));
#8995=CARTESIAN_POINT('',(50.,-45.,130.));
#8996=CARTESIAN_POINT('Origin',(45.,-45.,130.));
#8997=CARTESIAN_POINT('',(-45.,-50.,130.));
#8998=CARTESIAN_POINT('',(45.,-50.,130.));
#8999=CARTESIAN_POINT('',(-50.,-45.,130.));
#9000=CARTESIAN_POINT('Origin',(-45.,-45.,130.));
#9001=CARTESIAN_POINT('',(-50.,50.,130.));
#9002=CARTESIAN_POINT('',(-50.,-45.,130.));
#9003=CARTESIAN_POINT('',(50.,50.,130.));
#9004=CARTESIAN_POINT('',(-50.,50.,130.));
#9005=CARTESIAN_POINT('',(50.,50.,130.));
#9006=CARTESIAN_POINT('',(-15.,-42.5,130.));
#9007=CARTESIAN_POINT('',(-22.4999999999996,17.8502302975779,130.));
#9008=CARTESIAN_POINT('',(15.,42.5,130.));
#9009=CARTESIAN_POINT('',(15.,22.5,130.));
#9010=CARTESIAN_POINT('',(22.5,42.5,130.));
#9011=CARTESIAN_POINT('',(42.5,8.92511514878955,130.));
#9012=CARTESIAN_POINT('Origin',(22.5,42.5,127.5));
#9013=CARTESIAN_POINT('',(15.,45.,127.5));
#9014=CARTESIAN_POINT('Origin',(15.,42.5,127.5));
#9015=CARTESIAN_POINT('',(22.5,45.,127.5));
#9016=CARTESIAN_POINT('Origin',(42.5,8.92511514878955,127.5));
#9017=CARTESIAN_POINT('Origin',(-15.,-42.5,127.5));
#9018=CARTESIAN_POINT('',(-15.,-45.,127.5));
#9019=CARTESIAN_POINT('Origin',(-30.,-45.,130.));
#9020=CARTESIAN_POINT('',(30.,-45.,120.));
#9021=CARTESIAN_POINT('Origin',(-45.,17.8502302975789,130.));
#9022=CARTESIAN_POINT('',(-45.,17.8502302975789,130.));
#9023=CARTESIAN_POINT('Origin',(-45.,45.,130.));
#9024=CARTESIAN_POINT('Origin',(15.,45.,130.));
#9025=CARTESIAN_POINT('',(15.,45.,120.));
#9026=CARTESIAN_POINT('',(15.,45.,120.));
#9027=CARTESIAN_POINT('',(15.,45.,130.));
#9028=CARTESIAN_POINT('Origin',(45.,45.,130.));
#9029=CARTESIAN_POINT('',(45.,45.,120.));
#9030=CARTESIAN_POINT('Origin',(31.25,32.6751151487895,120.));
#9031=CARTESIAN_POINT('Origin',(0.,-46.25,120.));
#9032=CARTESIAN_POINT('Origin',(-45.,-50.,130.));
#9033=CARTESIAN_POINT('',(45.,-50.,130.));
#9034=CARTESIAN_POINT('',(-45.,-50.,130.));
#9035=CARTESIAN_POINT('Origin',(-45.,-45.,130.));
#9036=CARTESIAN_POINT('',(-50.,-45.,130.));
#9037=CARTESIAN_POINT('Origin',(-50.,50.,130.));
#9038=CARTESIAN_POINT('',(-50.,50.,130.));
#9039=CARTESIAN_POINT('Origin',(50.,50.,130.));
#9040=CARTESIAN_POINT('',(50.,50.,130.));
#9041=CARTESIAN_POINT('Origin',(50.,-45.,130.));
#9042=CARTESIAN_POINT('',(50.,-45.,130.));
#9043=CARTESIAN_POINT('Origin',(45.,-45.,130.));
#9044=CARTESIAN_POINT('Origin',(0.,0.,132.5));
#9045=UNCERTAINTY_MEASURE_WITH_UNIT(LENGTH_MEASURE(0.01),#9049,
'DISTANCE_ACCURACY_VALUE',
'Maximum model space distance between geometric entities at asserted c
onnectivities');
#9046=UNCERTAINTY_MEASURE_WITH_UNIT(LENGTH_MEASURE(0.01),#9049,
'DISTANCE_ACCURACY_VALUE',
'Maximum model space distance between geometric entities at asserted c
onnectivities');
#9047=(
GEOMETRIC_REPRESENTATION_CONTEXT(3)
GLOBAL_UNCERTAINTY_ASSIGNED_CONTEXT((#9045))
GLOBAL_UNIT_ASSIGNED_CONTEXT((#9049,#9051,#9052))
REPRESENTATION_CONTEXT('','3D')
);
#9048=(
GEOMETRIC_REPRESENTATION_CONTEXT(3)
GLOBAL_UNCERTAINTY_ASSIGNED_CONTEXT((#9046))
GLOBAL_UNIT_ASSIGNED_CONTEXT((#9049,#9051,#9052))
REPRESENTATION_CONTEXT('','3D')
);
#9049=(
LENGTH_UNIT()
NAMED_UNIT(*)
SI_UNIT(.MILLI.,.METRE.)
);
#9050=(
LENGTH_UNIT()
NAMED_UNIT(*)
SI_UNIT($,.METRE.)
);
#9051=(
NAMED_UNIT(*)
PLANE_ANGLE_UNIT()
SI_UNIT($,.RADIAN.)
);
#9052=(
NAMED_UNIT(*)
SI_UNIT($,.STERADIAN.)
SOLID_ANGLE_UNIT()
);
#9053=SHAPE_DEFINITION_REPRESENTATION(#9054,#9055);
#9054=PRODUCT_DEFINITION_SHAPE('',$,#9057);
#9055=SHAPE_REPRESENTATION('',(#5272),#9047);
#9056=PRODUCT_DEFINITION_CONTEXT('part definition',#9061,'design');
#9057=PRODUCT_DEFINITION('(Unsaved)','(Unsaved)',#9058,#9056);
#9058=PRODUCT_DEFINITION_FORMATION('',$,#9063);
#9059=PRODUCT_RELATED_PRODUCT_CATEGORY('(Unsaved)','(Unsaved)',(#9063));
#9060=APPLICATION_PROTOCOL_DEFINITION('international standard',
'automotive_design',2009,#9061);
#9061=APPLICATION_CONTEXT(
'Core Data for Automotive Mechanical Design Process');
#9062=PRODUCT_CONTEXT('part definition',#9061,'mechanical');
#9063=PRODUCT('(Unsaved)','(Unsaved)',$,(#9062));
#9064=PRESENTATION_STYLE_ASSIGNMENT((#9065));
#9065=SURFACE_STYLE_USAGE(.BOTH.,#9066);
#9066=SURFACE_SIDE_STYLE('',(#9067));
#9067=SURFACE_STYLE_FILL_AREA(#9068);
#9068=FILL_AREA_STYLE('Steel - Satin',(#9069));
#9069=FILL_AREA_STYLE_COLOUR('Steel - Satin',#9070);
#9070=COLOUR_RGB('Steel - Satin',0.792156862745098,0.792156862745098,0.792156862745098);
ENDSEC;
END-ISO-10303-21;
