ISO-10303-21;
HEADER;
/* Generated by software containing ST-Developer
 * from STEP Tools, Inc. (www.steptools.com) 
 */

FILE_DESCRIPTION(
/* description */ (''),
/* implementation_level */ '2;1');

FILE_NAME(
/* name */ 'Chassis - 3.step',
/* time_stamp */ '2026-08-11T11:09:38-04:00',
/* author */ (''),
/* organization */ (''),
/* preprocessor_version */ 'ST-DEVELOPER v20.1',
/* originating_system */ 'Autodesk Translation Framework v15.8.0.0',
/* authorisation */ '');

FILE_SCHEMA (('AUTOMOTIVE_DESIGN { 1 0 10303 214 3 1 1 }'));
ENDSEC;

DATA;
#10=MECHANICAL_DESIGN_GEOMETRIC_PRESENTATION_REPRESENTATION('',(#15,#16),
#9842);
#11=SHAPE_REPRESENTATION_RELATIONSHIP('SRR','None',#9849,#12);
#12=ADVANCED_BREP_SHAPE_REPRESENTATION('',(#17,#18),#9841);
#13=CONICAL_SURFACE('',#6011,2.25,0.0996686524911618);
#14=CONICAL_SURFACE('',#6015,2.25,0.0996686524911618);
#15=STYLED_ITEM('',(#9858),#17);
#16=STYLED_ITEM('',(#9858),#18);
#17=MANIFOLD_SOLID_BREP('Chassis',#5596);
#18=MANIFOLD_SOLID_BREP('Roof',#5597);
#19=ELLIPSE('',#5866,0.707106781186548,0.5);
#20=ELLIPSE('',#5869,0.707106781186548,0.5);
#21=SPHERICAL_SURFACE('',#5760,2.5);
#22=SPHERICAL_SURFACE('',#5766,2.5);
#23=SPHERICAL_SURFACE('',#6036,2.5);
#24=SPHERICAL_SURFACE('',#6042,2.5);
#25=(
BOUNDED_CURVE()
B_SPLINE_CURVE(2,(#8352,#8353,#8354),.UNSPECIFIED.,.F.,.F.)
B_SPLINE_CURVE_WITH_KNOTS((3,3),(-1.5707963267949,-0.927428575437753),
 .UNSPECIFIED.)
CURVE()
GEOMETRIC_REPRESENTATION_ITEM()
RATIONAL_B_SPLINE_CURVE((1.,0.948088441479414,0.998746325407627))
REPRESENTATION_ITEM('')
);
#26=(
BOUNDED_SURFACE()
B_SPLINE_SURFACE(2,2,((#8323,#8324,#8325,#8326,#8327,#8328,#8329,#8330,
#8331),(#8332,#8333,#8334,#8335,#8336,#8337,#8338,#8339,#8340),(#8341,#8342,
#8343,#8344,#8345,#8346,#8347,#8348,#8349)),.UNSPECIFIED.,.F.,.T.,.F.)
B_SPLINE_SURFACE_WITH_KNOTS((3,3),(3,2,2,2,3),(0.919564890268252,1.5707963267949),
(-3.14159265358979,-1.5707963267949,0.,1.5707963267949,3.14159265358979),
 .UNSPECIFIED.)
GEOMETRIC_REPRESENTATION_ITEM()
RATIONAL_B_SPLINE_SURFACE(((1.,0.707106781186548,1.,0.707106781186548,1.,
0.707106781186548,1.,0.707106781186548,1.),(0.947453942544702,0.669951107635288,
0.947453942544702,0.669951107635288,0.947453942544702,0.669951107635288,
0.947453942544702,0.669951107635288,0.947453942544702),(1.,0.707106781186548,
1.,0.707106781186548,1.,0.707106781186548,1.,0.707106781186548,1.)))
REPRESENTATION_ITEM('')
SURFACE()
);
#27=(
BOUNDED_SURFACE()
B_SPLINE_SURFACE(2,2,((#8361,#8362,#8363,#8364,#8365,#8366,#8367,#8368,
#8369),(#8370,#8371,#8372,#8373,#8374,#8375,#8376,#8377,#8378),(#8379,#8380,
#8381,#8382,#8383,#8384,#8385,#8386,#8387)),.UNSPECIFIED.,.F.,.T.,.F.)
B_SPLINE_SURFACE_WITH_KNOTS((3,3),(3,2,2,2,3),(0.927295218001612,1.5707963267949),
(-3.14159265358979,-1.5707963267949,0.,1.5707963267949,3.14159265358979),
 .UNSPECIFIED.)
GEOMETRIC_REPRESENTATION_ITEM()
RATIONAL_B_SPLINE_SURFACE(((1.,0.707106781186548,1.,0.707106781186548,1.,
0.707106781186548,1.,0.707106781186548,1.),(0.948683298050514,0.670820393249937,
0.948683298050514,0.670820393249937,0.948683298050514,0.670820393249937,
0.948683298050514,0.670820393249937,0.948683298050514),(1.,0.707106781186548,
1.,0.707106781186548,1.,0.707106781186548,1.,0.707106781186548,1.)))
REPRESENTATION_ITEM('')
SURFACE()
);
#28=(
BOUNDED_SURFACE()
B_SPLINE_SURFACE(2,2,((#8949,#8950,#8951),(#8952,#8953,#8954),(#8955,#8956,
#8957)),.UNSPECIFIED.,.F.,.F.,.F.)
B_SPLINE_SURFACE_WITH_KNOTS((3,3),(3,3),(-1.5707963267949,0.),(-1.5707963267949,
0.),.UNSPECIFIED.)
GEOMETRIC_REPRESENTATION_ITEM()
RATIONAL_B_SPLINE_SURFACE(((1.,0.707106781186548,1.),(0.707106781186546,
0.499999999999999,0.707106781186546),(1.,0.707106781186548,1.)))
REPRESENTATION_ITEM('')
SURFACE()
);
#29=(
BOUNDED_SURFACE()
B_SPLINE_SURFACE(2,2,((#8965,#8966,#8967),(#8968,#8969,#8970),(#8971,#8972,
#8973)),.UNSPECIFIED.,.F.,.F.,.F.)
B_SPLINE_SURFACE_WITH_KNOTS((3,3),(3,3),(-1.5707963267949,0.),(-3.14159265358979,
-1.5707963267949),.UNSPECIFIED.)
GEOMETRIC_REPRESENTATION_ITEM()
RATIONAL_B_SPLINE_SURFACE(((1.,0.707106781186548,1.),(0.707106781186546,
0.499999999999999,0.707106781186546),(1.,0.707106781186548,1.)))
REPRESENTATION_ITEM('')
SURFACE()
);
#30=(
BOUNDED_SURFACE()
B_SPLINE_SURFACE(2,2,((#9561,#9562,#9563),(#9564,#9565,#9566),(#9567,#9568,
#9569)),.UNSPECIFIED.,.F.,.F.,.F.)
B_SPLINE_SURFACE_WITH_KNOTS((3,3),(3,3),(-3.22973970800046E-15,0.0996686524911617),
(1.5707963267949,3.14159265358979),.UNSPECIFIED.)
GEOMETRIC_REPRESENTATION_ITEM()
RATIONAL_B_SPLINE_SURFACE(((1.,0.707106781186548,1.),(0.998758526924834,
0.706228927156437,0.998758526924834),(1.,0.707106781186548,1.)))
REPRESENTATION_ITEM('')
SURFACE()
);
#31=(
BOUNDED_SURFACE()
B_SPLINE_SURFACE(2,2,((#9614,#9615,#9616),(#9617,#9618,#9619),(#9620,#9621,
#9622)),.UNSPECIFIED.,.F.,.F.,.F.)
B_SPLINE_SURFACE_WITH_KNOTS((3,3),(3,3),(-3.22973970800046E-15,0.0996686524911617),
(0.,1.5707963267949),.UNSPECIFIED.)
GEOMETRIC_REPRESENTATION_ITEM()
RATIONAL_B_SPLINE_SURFACE(((1.,0.707106781186548,1.),(0.998758526924834,
0.706228927156437,0.998758526924834),(1.,0.707106781186548,1.)))
REPRESENTATION_ITEM('')
SURFACE()
);
#32=FACE_BOUND('',#874,.T.);
#33=FACE_BOUND('',#875,.T.);
#34=FACE_BOUND('',#876,.T.);
#35=FACE_BOUND('',#884,.T.);
#36=FACE_BOUND('',#929,.T.);
#37=FACE_BOUND('',#930,.T.);
#38=FACE_BOUND('',#932,.T.);
#39=FACE_BOUND('',#933,.T.);
#40=FACE_BOUND('',#934,.T.);
#41=FACE_BOUND('',#936,.T.);
#42=FACE_BOUND('',#937,.T.);
#43=FACE_BOUND('',#938,.T.);
#44=FACE_BOUND('',#939,.T.);
#45=FACE_BOUND('',#946,.T.);
#46=FACE_BOUND('',#947,.T.);
#47=FACE_BOUND('',#950,.T.);
#48=FACE_BOUND('',#951,.T.);
#49=FACE_BOUND('',#952,.T.);
#50=FACE_BOUND('',#955,.T.);
#51=FACE_BOUND('',#956,.T.);
#52=FACE_BOUND('',#957,.T.);
#53=FACE_BOUND('',#958,.T.);
#54=FACE_BOUND('',#960,.T.);
#55=FACE_BOUND('',#961,.T.);
#56=FACE_BOUND('',#965,.T.);
#57=FACE_BOUND('',#966,.T.);
#58=FACE_BOUND('',#967,.T.);
#59=FACE_BOUND('',#968,.T.);
#60=FACE_BOUND('',#979,.T.);
#61=FACE_BOUND('',#980,.T.);
#62=FACE_BOUND('',#981,.T.);
#63=FACE_BOUND('',#982,.T.);
#64=FACE_BOUND('',#1037,.T.);
#65=FACE_BOUND('',#1040,.T.);
#66=FACE_BOUND('',#1043,.T.);
#67=FACE_BOUND('',#1059,.T.);
#68=FACE_BOUND('',#1062,.T.);
#69=FACE_BOUND('',#1065,.T.);
#70=FACE_BOUND('',#1072,.T.);
#71=FACE_BOUND('',#1075,.T.);
#72=FACE_BOUND('',#1078,.T.);
#73=FACE_BOUND('',#1095,.T.);
#74=FACE_BOUND('',#1097,.T.);
#75=FACE_BOUND('',#1131,.T.);
#76=FACE_BOUND('',#1141,.T.);
#77=FACE_BOUND('',#1142,.T.);
#78=FACE_BOUND('',#1143,.T.);
#79=TOROIDAL_SURFACE('',#5659,4.35424868893541,1.);
#80=TOROIDAL_SURFACE('',#5670,4.35424868893541,1.);
#81=TOROIDAL_SURFACE('',#5877,10.5,0.5);
#82=TOROIDAL_SURFACE('',#5904,9.5,5.);
#83=TOROIDAL_SURFACE('',#5907,9.5,5.);
#84=CIRCLE('',#5616,1.);
#85=CIRCLE('',#5617,1.);
#86=CIRCLE('',#5620,1.);
#87=CIRCLE('',#5621,1.);
#88=CIRCLE('',#5624,1.);
#89=CIRCLE('',#5625,1.);
#90=CIRCLE('',#5628,1.);
#91=CIRCLE('',#5629,1.);
#92=CIRCLE('',#5632,2.6);
#93=CIRCLE('',#5633,2.6);
#94=CIRCLE('',#5635,2.6);
#95=CIRCLE('',#5636,2.6);
#96=CIRCLE('',#5638,2.6);
#97=CIRCLE('',#5639,2.6);
#98=CIRCLE('',#5641,2.6);
#99=CIRCLE('',#5642,2.6);
#100=CIRCLE('',#5646,5.);
#101=CIRCLE('',#5647,5.);
#102=CIRCLE('',#5650,5.);
#103=CIRCLE('',#5651,5.);
#104=CIRCLE('',#5654,5.);
#105=CIRCLE('',#5655,5.);
#106=CIRCLE('',#5657,5.);
#107=CIRCLE('',#5658,5.);
#108=CIRCLE('',#5660,1.);
#109=CIRCLE('',#5661,3.75424868893541);
#110=CIRCLE('',#5662,3.75424868893541);
#111=CIRCLE('',#5663,1.);
#112=CIRCLE('',#5664,4.35424868893541);
#113=CIRCLE('',#5666,2.5);
#114=CIRCLE('',#5667,2.5);
#115=CIRCLE('',#5668,4.35424868893541);
#116=CIRCLE('',#5669,1.35424868893541);
#117=CIRCLE('',#5671,3.75424868893541);
#118=CIRCLE('',#5672,3.75424868893541);
#119=CIRCLE('',#5673,1.);
#120=CIRCLE('',#5674,1.35424868893541);
#121=CIRCLE('',#5675,4.);
#122=CIRCLE('',#5680,12.5);
#123=CIRCLE('',#5681,12.5);
#124=CIRCLE('',#5682,20.);
#125=CIRCLE('',#5683,20.);
#126=CIRCLE('',#5684,12.5);
#127=CIRCLE('',#5685,20.);
#128=CIRCLE('',#5686,20.);
#129=CIRCLE('',#5687,12.5);
#130=CIRCLE('',#5688,20.);
#131=CIRCLE('',#5689,20.);
#132=CIRCLE('',#5690,20.);
#133=CIRCLE('',#5691,20.);
#134=CIRCLE('',#5698,2.5);
#135=CIRCLE('',#5699,2.5);
#136=CIRCLE('',#5702,2.5);
#137=CIRCLE('',#5703,2.5);
#138=CIRCLE('',#5706,2.5);
#139=CIRCLE('',#5707,2.5);
#140=CIRCLE('',#5710,2.5);
#141=CIRCLE('',#5711,2.5);
#142=CIRCLE('',#5714,2.5);
#143=CIRCLE('',#5715,2.5);
#144=CIRCLE('',#5716,2.5);
#145=CIRCLE('',#5717,2.5);
#146=CIRCLE('',#5718,2.5);
#147=CIRCLE('',#5720,2.5);
#148=CIRCLE('',#5722,2.5);
#149=CIRCLE('',#5725,2.5);
#150=CIRCLE('',#5728,2.5);
#151=CIRCLE('',#5729,2.5);
#152=CIRCLE('',#5732,2.5);
#153=CIRCLE('',#5733,2.5);
#154=CIRCLE('',#5736,2.5);
#155=CIRCLE('',#5737,2.5);
#156=CIRCLE('',#5740,2.5);
#157=CIRCLE('',#5741,2.5);
#158=CIRCLE('',#5742,2.5);
#159=CIRCLE('',#5743,2.5);
#160=CIRCLE('',#5745,2.5);
#161=CIRCLE('',#5748,2.5);
#162=CIRCLE('',#5750,2.5);
#163=CIRCLE('',#5751,2.5);
#164=CIRCLE('',#5753,2.5);
#165=CIRCLE('',#5756,2.5);
#166=CIRCLE('',#5761,2.5);
#167=CIRCLE('',#5762,2.5);
#168=CIRCLE('',#5763,2.5);
#169=CIRCLE('',#5765,2.5);
#170=CIRCLE('',#5767,2.5);
#171=CIRCLE('',#5768,2.5);
#172=CIRCLE('',#5769,2.5);
#173=CIRCLE('',#5771,2.5);
#174=CIRCLE('',#5773,2.5);
#175=CIRCLE('',#5776,2.5);
#176=CIRCLE('',#5779,10.);
#177=CIRCLE('',#5780,10.);
#178=CIRCLE('',#5781,10.);
#179=CIRCLE('',#5782,10.);
#180=CIRCLE('',#5785,2.5);
#181=CIRCLE('',#5786,2.5);
#182=CIRCLE('',#5787,2.5);
#183=CIRCLE('',#5788,5.);
#184=CIRCLE('',#5790,2.5);
#185=CIRCLE('',#5791,2.5);
#186=CIRCLE('',#5792,5.);
#187=CIRCLE('',#5794,2.5);
#188=CIRCLE('',#5796,9.5);
#189=CIRCLE('',#5798,5.);
#190=CIRCLE('',#5801,5.);
#191=CIRCLE('',#5803,10.);
#192=CIRCLE('',#5804,10.);
#193=CIRCLE('',#5805,10.);
#194=CIRCLE('',#5806,10.);
#195=CIRCLE('',#5808,9.5);
#196=CIRCLE('',#5811,12.5);
#197=CIRCLE('',#5812,20.);
#198=CIRCLE('',#5816,12.5);
#199=CIRCLE('',#5817,20.);
#200=CIRCLE('',#5819,12.5);
#201=CIRCLE('',#5820,12.5);
#202=CIRCLE('',#5821,12.5);
#203=CIRCLE('',#5822,12.5);
#204=CIRCLE('',#5825,12.5);
#205=CIRCLE('',#5826,20.);
#206=CIRCLE('',#5829,12.5);
#207=CIRCLE('',#5830,20.);
#208=CIRCLE('',#5833,20.);
#209=CIRCLE('',#5834,12.5);
#210=CIRCLE('',#5838,12.5);
#211=CIRCLE('',#5839,20.);
#212=CIRCLE('',#5842,12.5);
#213=CIRCLE('',#5843,20.);
#214=CIRCLE('',#5846,12.5);
#215=CIRCLE('',#5847,20.);
#216=CIRCLE('',#5865,0.5);
#217=CIRCLE('',#5868,0.5);
#218=CIRCLE('',#5872,0.5);
#219=CIRCLE('',#5873,0.5);
#220=CIRCLE('',#5875,0.5);
#221=CIRCLE('',#5876,0.5);
#222=CIRCLE('',#5878,10.5);
#223=CIRCLE('',#5879,10.);
#224=CIRCLE('',#5881,10.);
#225=CIRCLE('',#5905,4.5);
#226=CIRCLE('',#5906,5.);
#227=CIRCLE('',#5908,4.5);
#228=CIRCLE('',#5909,5.);
#229=CIRCLE('',#5911,3.25);
#230=CIRCLE('',#5912,2.25);
#231=CIRCLE('',#5914,3.25);
#232=CIRCLE('',#5917,3.25);
#233=CIRCLE('',#5918,3.25);
#234=CIRCLE('',#5921,2.25);
#235=CIRCLE('',#5923,2.25);
#236=CIRCLE('',#5924,2.25);
#237=CIRCLE('',#5957,1.);
#238=CIRCLE('',#5958,1.);
#239=CIRCLE('',#5960,1.);
#240=CIRCLE('',#5963,1.);
#241=CIRCLE('',#5974,33.);
#242=CIRCLE('',#5975,33.);
#243=CIRCLE('',#5977,2.5);
#244=CIRCLE('',#5980,33.);
#245=CIRCLE('',#5981,33.);
#246=CIRCLE('',#5982,2.5);
#247=CIRCLE('',#5983,33.);
#248=CIRCLE('',#5984,2.33622727692964);
#249=CIRCLE('',#5986,33.);
#250=CIRCLE('',#5988,2.5);
#251=CIRCLE('',#5991,2.5);
#252=CIRCLE('',#5994,33.);
#253=CIRCLE('',#5995,33.);
#254=CIRCLE('',#5996,2.5);
#255=CIRCLE('',#5997,33.);
#256=CIRCLE('',#5998,2.33622727692964);
#257=CIRCLE('',#6000,33.);
#258=CIRCLE('',#6002,2.5);
#259=CIRCLE('',#6005,2.5);
#260=CIRCLE('',#6008,2.5);
#261=CIRCLE('',#6012,2.);
#262=CIRCLE('',#6016,2.);
#263=CIRCLE('',#6019,2.5);
#264=CIRCLE('',#6024,4.);
#265=CIRCLE('',#6025,4.);
#266=CIRCLE('',#6028,4.);
#267=CIRCLE('',#6029,4.);
#268=CIRCLE('',#6031,5.);
#269=CIRCLE('',#6032,5.);
#270=CIRCLE('',#6034,2.5);
#271=CIRCLE('',#6035,2.5);
#272=CIRCLE('',#6037,2.5);
#273=CIRCLE('',#6038,2.5);
#274=CIRCLE('',#6041,2.5);
#275=CIRCLE('',#6043,2.5);
#276=CIRCLE('',#6044,2.5);
#277=CIRCLE('',#6047,2.5);
#278=CIRCLE('',#6050,5.);
#279=CIRCLE('',#6051,5.);
#280=CIRCLE('',#6053,2.5);
#281=CYLINDRICAL_SURFACE('',#5615,1.);
#282=CYLINDRICAL_SURFACE('',#5619,1.);
#283=CYLINDRICAL_SURFACE('',#5623,1.);
#284=CYLINDRICAL_SURFACE('',#5627,1.);
#285=CYLINDRICAL_SURFACE('',#5631,2.6);
#286=CYLINDRICAL_SURFACE('',#5634,2.6);
#287=CYLINDRICAL_SURFACE('',#5637,2.6);
#288=CYLINDRICAL_SURFACE('',#5640,2.6);
#289=CYLINDRICAL_SURFACE('',#5645,5.);
#290=CYLINDRICAL_SURFACE('',#5649,5.);
#291=CYLINDRICAL_SURFACE('',#5653,5.);
#292=CYLINDRICAL_SURFACE('',#5656,5.);
#293=CYLINDRICAL_SURFACE('',#5678,2.5);
#294=CYLINDRICAL_SURFACE('',#5692,2.5);
#295=CYLINDRICAL_SURFACE('',#5693,2.5);
#296=CYLINDRICAL_SURFACE('',#5694,2.5);
#297=CYLINDRICAL_SURFACE('',#5695,2.5);
#298=CYLINDRICAL_SURFACE('',#5696,2.5);
#299=CYLINDRICAL_SURFACE('',#5697,2.5);
#300=CYLINDRICAL_SURFACE('',#5701,2.5);
#301=CYLINDRICAL_SURFACE('',#5705,2.5);
#302=CYLINDRICAL_SURFACE('',#5709,2.5);
#303=CYLINDRICAL_SURFACE('',#5719,2.5);
#304=CYLINDRICAL_SURFACE('',#5721,2.5);
#305=CYLINDRICAL_SURFACE('',#5724,2.5);
#306=CYLINDRICAL_SURFACE('',#5727,2.5);
#307=CYLINDRICAL_SURFACE('',#5731,2.5);
#308=CYLINDRICAL_SURFACE('',#5735,2.5);
#309=CYLINDRICAL_SURFACE('',#5744,2.5);
#310=CYLINDRICAL_SURFACE('',#5747,2.5);
#311=CYLINDRICAL_SURFACE('',#5752,2.5);
#312=CYLINDRICAL_SURFACE('',#5755,2.5);
#313=CYLINDRICAL_SURFACE('',#5757,2.5);
#314=CYLINDRICAL_SURFACE('',#5759,2.5);
#315=CYLINDRICAL_SURFACE('',#5764,2.5);
#316=CYLINDRICAL_SURFACE('',#5770,2.5);
#317=CYLINDRICAL_SURFACE('',#5772,2.5);
#318=CYLINDRICAL_SURFACE('',#5774,2.5);
#319=CYLINDRICAL_SURFACE('',#5775,2.5);
#320=CYLINDRICAL_SURFACE('',#5784,2.5);
#321=CYLINDRICAL_SURFACE('',#5789,2.5);
#322=CYLINDRICAL_SURFACE('',#5793,2.5);
#323=CYLINDRICAL_SURFACE('',#5797,5.);
#324=CYLINDRICAL_SURFACE('',#5800,5.);
#325=CYLINDRICAL_SURFACE('',#5849,20.);
#326=CYLINDRICAL_SURFACE('',#5850,12.5);
#327=CYLINDRICAL_SURFACE('',#5851,20.);
#328=CYLINDRICAL_SURFACE('',#5853,20.);
#329=CYLINDRICAL_SURFACE('',#5854,12.5);
#330=CYLINDRICAL_SURFACE('',#5855,20.);
#331=CYLINDRICAL_SURFACE('',#5857,20.);
#332=CYLINDRICAL_SURFACE('',#5858,12.5);
#333=CYLINDRICAL_SURFACE('',#5859,20.);
#334=CYLINDRICAL_SURFACE('',#5861,20.);
#335=CYLINDRICAL_SURFACE('',#5862,12.5);
#336=CYLINDRICAL_SURFACE('',#5863,20.);
#337=CYLINDRICAL_SURFACE('',#5864,0.5);
#338=CYLINDRICAL_SURFACE('',#5867,0.5);
#339=CYLINDRICAL_SURFACE('',#5870,0.5);
#340=CYLINDRICAL_SURFACE('',#5871,0.5);
#341=CYLINDRICAL_SURFACE('',#5874,0.5);
#342=CYLINDRICAL_SURFACE('',#5880,10.);
#343=CYLINDRICAL_SURFACE('',#5892,10.);
#344=CYLINDRICAL_SURFACE('',#5894,10.);
#345=CYLINDRICAL_SURFACE('',#5895,10.);
#346=CYLINDRICAL_SURFACE('',#5896,10.);
#347=CYLINDRICAL_SURFACE('',#5913,3.25);
#348=CYLINDRICAL_SURFACE('',#5916,3.25);
#349=CYLINDRICAL_SURFACE('',#5920,2.25);
#350=CYLINDRICAL_SURFACE('',#5922,2.25);
#351=CYLINDRICAL_SURFACE('',#5956,1.);
#352=CYLINDRICAL_SURFACE('',#5962,1.);
#353=CYLINDRICAL_SURFACE('',#5973,33.);
#354=CYLINDRICAL_SURFACE('',#5979,33.);
#355=CYLINDRICAL_SURFACE('',#5985,33.);
#356=CYLINDRICAL_SURFACE('',#5990,2.5);
#357=CYLINDRICAL_SURFACE('',#5993,33.);
#358=CYLINDRICAL_SURFACE('',#5999,33.);
#359=CYLINDRICAL_SURFACE('',#6004,2.5);
#360=CYLINDRICAL_SURFACE('',#6023,4.);
#361=CYLINDRICAL_SURFACE('',#6027,4.);
#362=CYLINDRICAL_SURFACE('',#6033,2.5);
#363=CYLINDRICAL_SURFACE('',#6040,2.5);
#364=CYLINDRICAL_SURFACE('',#6046,2.5);
#365=CYLINDRICAL_SURFACE('',#6048,2.5);
#366=CYLINDRICAL_SURFACE('',#6052,2.5);
#367=CYLINDRICAL_SURFACE('',#6054,2.5);
#368=CYLINDRICAL_SURFACE('',#6055,2.5);
#369=CYLINDRICAL_SURFACE('',#6064,5.);
#370=CYLINDRICAL_SURFACE('',#6068,5.);
#371=PLANE('',#5611);
#372=PLANE('',#5612);
#373=PLANE('',#5613);
#374=PLANE('',#5614);
#375=PLANE('',#5618);
#376=PLANE('',#5622);
#377=PLANE('',#5626);
#378=PLANE('',#5630);
#379=PLANE('',#5643);
#380=PLANE('',#5644);
#381=PLANE('',#5648);
#382=PLANE('',#5652);
#383=PLANE('',#5665);
#384=PLANE('',#5676);
#385=PLANE('',#5677);
#386=PLANE('',#5679);
#387=PLANE('',#5700);
#388=PLANE('',#5704);
#389=PLANE('',#5708);
#390=PLANE('',#5712);
#391=PLANE('',#5713);
#392=PLANE('',#5723);
#393=PLANE('',#5726);
#394=PLANE('',#5730);
#395=PLANE('',#5734);
#396=PLANE('',#5738);
#397=PLANE('',#5739);
#398=PLANE('',#5746);
#399=PLANE('',#5749);
#400=PLANE('',#5754);
#401=PLANE('',#5758);
#402=PLANE('',#5777);
#403=PLANE('',#5778);
#404=PLANE('',#5783);
#405=PLANE('',#5795);
#406=PLANE('',#5799);
#407=PLANE('',#5802);
#408=PLANE('',#5807);
#409=PLANE('',#5809);
#410=PLANE('',#5810);
#411=PLANE('',#5813);
#412=PLANE('',#5814);
#413=PLANE('',#5815);
#414=PLANE('',#5818);
#415=PLANE('',#5823);
#416=PLANE('',#5824);
#417=PLANE('',#5827);
#418=PLANE('',#5828);
#419=PLANE('',#5831);
#420=PLANE('',#5832);
#421=PLANE('',#5835);
#422=PLANE('',#5836);
#423=PLANE('',#5837);
#424=PLANE('',#5840);
#425=PLANE('',#5841);
#426=PLANE('',#5844);
#427=PLANE('',#5845);
#428=PLANE('',#5848);
#429=PLANE('',#5852);
#430=PLANE('',#5856);
#431=PLANE('',#5860);
#432=PLANE('',#5882);
#433=PLANE('',#5883);
#434=PLANE('',#5884);
#435=PLANE('',#5885);
#436=PLANE('',#5886);
#437=PLANE('',#5887);
#438=PLANE('',#5888);
#439=PLANE('',#5889);
#440=PLANE('',#5890);
#441=PLANE('',#5891);
#442=PLANE('',#5893);
#443=PLANE('',#5897);
#444=PLANE('',#5898);
#445=PLANE('',#5899);
#446=PLANE('',#5900);
#447=PLANE('',#5901);
#448=PLANE('',#5902);
#449=PLANE('',#5903);
#450=PLANE('',#5910);
#451=PLANE('',#5915);
#452=PLANE('',#5919);
#453=PLANE('',#5925);
#454=PLANE('',#5926);
#455=PLANE('',#5927);
#456=PLANE('',#5928);
#457=PLANE('',#5929);
#458=PLANE('',#5930);
#459=PLANE('',#5931);
#460=PLANE('',#5932);
#461=PLANE('',#5933);
#462=PLANE('',#5934);
#463=PLANE('',#5935);
#464=PLANE('',#5936);
#465=PLANE('',#5937);
#466=PLANE('',#5938);
#467=PLANE('',#5939);
#468=PLANE('',#5940);
#469=PLANE('',#5941);
#470=PLANE('',#5942);
#471=PLANE('',#5943);
#472=PLANE('',#5944);
#473=PLANE('',#5945);
#474=PLANE('',#5946);
#475=PLANE('',#5947);
#476=PLANE('',#5948);
#477=PLANE('',#5949);
#478=PLANE('',#5950);
#479=PLANE('',#5951);
#480=PLANE('',#5952);
#481=PLANE('',#5953);
#482=PLANE('',#5954);
#483=PLANE('',#5955);
#484=PLANE('',#5959);
#485=PLANE('',#5961);
#486=PLANE('',#5964);
#487=PLANE('',#5965);
#488=PLANE('',#5966);
#489=PLANE('',#5967);
#490=PLANE('',#5968);
#491=PLANE('',#5969);
#492=PLANE('',#5970);
#493=PLANE('',#5971);
#494=PLANE('',#5972);
#495=PLANE('',#5976);
#496=PLANE('',#5978);
#497=PLANE('',#5987);
#498=PLANE('',#5989);
#499=PLANE('',#5992);
#500=PLANE('',#6001);
#501=PLANE('',#6003);
#502=PLANE('',#6006);
#503=PLANE('',#6007);
#504=PLANE('',#6009);
#505=PLANE('',#6010);
#506=PLANE('',#6013);
#507=PLANE('',#6014);
#508=PLANE('',#6017);
#509=PLANE('',#6018);
#510=PLANE('',#6020);
#511=PLANE('',#6021);
#512=PLANE('',#6022);
#513=PLANE('',#6026);
#514=PLANE('',#6030);
#515=PLANE('',#6039);
#516=PLANE('',#6045);
#517=PLANE('',#6049);
#518=PLANE('',#6056);
#519=PLANE('',#6057);
#520=PLANE('',#6058);
#521=PLANE('',#6059);
#522=PLANE('',#6060);
#523=PLANE('',#6061);
#524=PLANE('',#6062);
#525=PLANE('',#6063);
#526=PLANE('',#6065);
#527=PLANE('',#6066);
#528=PLANE('',#6067);
#529=PLANE('',#6069);
#530=FACE_OUTER_BOUND('',#822,.T.);
#531=FACE_OUTER_BOUND('',#823,.T.);
#532=FACE_OUTER_BOUND('',#824,.T.);
#533=FACE_OUTER_BOUND('',#825,.T.);
#534=FACE_OUTER_BOUND('',#826,.T.);
#535=FACE_OUTER_BOUND('',#827,.T.);
#536=FACE_OUTER_BOUND('',#828,.T.);
#537=FACE_OUTER_BOUND('',#829,.T.);
#538=FACE_OUTER_BOUND('',#830,.T.);
#539=FACE_OUTER_BOUND('',#831,.T.);
#540=FACE_OUTER_BOUND('',#832,.T.);
#541=FACE_OUTER_BOUND('',#833,.T.);
#542=FACE_OUTER_BOUND('',#834,.T.);
#543=FACE_OUTER_BOUND('',#835,.T.);
#544=FACE_OUTER_BOUND('',#836,.T.);
#545=FACE_OUTER_BOUND('',#837,.T.);
#546=FACE_OUTER_BOUND('',#838,.T.);
#547=FACE_OUTER_BOUND('',#839,.T.);
#548=FACE_OUTER_BOUND('',#840,.T.);
#549=FACE_OUTER_BOUND('',#841,.T.);
#550=FACE_OUTER_BOUND('',#842,.T.);
#551=FACE_OUTER_BOUND('',#843,.T.);
#552=FACE_OUTER_BOUND('',#844,.T.);
#553=FACE_OUTER_BOUND('',#845,.T.);
#554=FACE_OUTER_BOUND('',#846,.T.);
#555=FACE_OUTER_BOUND('',#847,.T.);
#556=FACE_OUTER_BOUND('',#848,.T.);
#557=FACE_OUTER_BOUND('',#849,.T.);
#558=FACE_OUTER_BOUND('',#850,.T.);
#559=FACE_OUTER_BOUND('',#851,.T.);
#560=FACE_OUTER_BOUND('',#852,.T.);
#561=FACE_OUTER_BOUND('',#853,.T.);
#562=FACE_OUTER_BOUND('',#854,.T.);
#563=FACE_OUTER_BOUND('',#855,.T.);
#564=FACE_OUTER_BOUND('',#856,.T.);
#565=FACE_OUTER_BOUND('',#857,.T.);
#566=FACE_OUTER_BOUND('',#858,.T.);
#567=FACE_OUTER_BOUND('',#859,.T.);
#568=FACE_OUTER_BOUND('',#860,.T.);
#569=FACE_OUTER_BOUND('',#861,.T.);
#570=FACE_OUTER_BOUND('',#862,.T.);
#571=FACE_OUTER_BOUND('',#863,.T.);
#572=FACE_OUTER_BOUND('',#864,.T.);
#573=FACE_OUTER_BOUND('',#865,.T.);
#574=FACE_OUTER_BOUND('',#866,.T.);
#575=FACE_OUTER_BOUND('',#867,.T.);
#576=FACE_OUTER_BOUND('',#868,.T.);
#577=FACE_OUTER_BOUND('',#869,.T.);
#578=FACE_OUTER_BOUND('',#870,.T.);
#579=FACE_OUTER_BOUND('',#871,.T.);
#580=FACE_OUTER_BOUND('',#872,.T.);
#581=FACE_OUTER_BOUND('',#873,.T.);
#582=FACE_OUTER_BOUND('',#877,.T.);
#583=FACE_OUTER_BOUND('',#878,.T.);
#584=FACE_OUTER_BOUND('',#879,.T.);
#585=FACE_OUTER_BOUND('',#880,.T.);
#586=FACE_OUTER_BOUND('',#881,.T.);
#587=FACE_OUTER_BOUND('',#882,.T.);
#588=FACE_OUTER_BOUND('',#883,.T.);
#589=FACE_OUTER_BOUND('',#885,.T.);
#590=FACE_OUTER_BOUND('',#886,.T.);
#591=FACE_OUTER_BOUND('',#887,.T.);
#592=FACE_OUTER_BOUND('',#888,.T.);
#593=FACE_OUTER_BOUND('',#889,.T.);
#594=FACE_OUTER_BOUND('',#890,.T.);
#595=FACE_OUTER_BOUND('',#891,.T.);
#596=FACE_OUTER_BOUND('',#892,.T.);
#597=FACE_OUTER_BOUND('',#893,.T.);
#598=FACE_OUTER_BOUND('',#894,.T.);
#599=FACE_OUTER_BOUND('',#895,.T.);
#600=FACE_OUTER_BOUND('',#896,.T.);
#601=FACE_OUTER_BOUND('',#897,.T.);
#602=FACE_OUTER_BOUND('',#898,.T.);
#603=FACE_OUTER_BOUND('',#899,.T.);
#604=FACE_OUTER_BOUND('',#900,.T.);
#605=FACE_OUTER_BOUND('',#901,.T.);
#606=FACE_OUTER_BOUND('',#902,.T.);
#607=FACE_OUTER_BOUND('',#903,.T.);
#608=FACE_OUTER_BOUND('',#904,.T.);
#609=FACE_OUTER_BOUND('',#905,.T.);
#610=FACE_OUTER_BOUND('',#906,.T.);
#611=FACE_OUTER_BOUND('',#907,.T.);
#612=FACE_OUTER_BOUND('',#908,.T.);
#613=FACE_OUTER_BOUND('',#909,.T.);
#614=FACE_OUTER_BOUND('',#910,.T.);
#615=FACE_OUTER_BOUND('',#911,.T.);
#616=FACE_OUTER_BOUND('',#912,.T.);
#617=FACE_OUTER_BOUND('',#913,.T.);
#618=FACE_OUTER_BOUND('',#914,.T.);
#619=FACE_OUTER_BOUND('',#915,.T.);
#620=FACE_OUTER_BOUND('',#916,.T.);
#621=FACE_OUTER_BOUND('',#917,.T.);
#622=FACE_OUTER_BOUND('',#918,.T.);
#623=FACE_OUTER_BOUND('',#919,.T.);
#624=FACE_OUTER_BOUND('',#920,.T.);
#625=FACE_OUTER_BOUND('',#921,.T.);
#626=FACE_OUTER_BOUND('',#922,.T.);
#627=FACE_OUTER_BOUND('',#923,.T.);
#628=FACE_OUTER_BOUND('',#924,.T.);
#629=FACE_OUTER_BOUND('',#925,.T.);
#630=FACE_OUTER_BOUND('',#926,.T.);
#631=FACE_OUTER_BOUND('',#927,.T.);
#632=FACE_OUTER_BOUND('',#928,.T.);
#633=FACE_OUTER_BOUND('',#931,.T.);
#634=FACE_OUTER_BOUND('',#935,.T.);
#635=FACE_OUTER_BOUND('',#940,.T.);
#636=FACE_OUTER_BOUND('',#941,.T.);
#637=FACE_OUTER_BOUND('',#942,.T.);
#638=FACE_OUTER_BOUND('',#943,.T.);
#639=FACE_OUTER_BOUND('',#944,.T.);
#640=FACE_OUTER_BOUND('',#945,.T.);
#641=FACE_OUTER_BOUND('',#948,.T.);
#642=FACE_OUTER_BOUND('',#949,.T.);
#643=FACE_OUTER_BOUND('',#953,.T.);
#644=FACE_OUTER_BOUND('',#954,.T.);
#645=FACE_OUTER_BOUND('',#959,.T.);
#646=FACE_OUTER_BOUND('',#962,.T.);
#647=FACE_OUTER_BOUND('',#963,.T.);
#648=FACE_OUTER_BOUND('',#964,.T.);
#649=FACE_OUTER_BOUND('',#969,.T.);
#650=FACE_OUTER_BOUND('',#970,.T.);
#651=FACE_OUTER_BOUND('',#971,.T.);
#652=FACE_OUTER_BOUND('',#972,.T.);
#653=FACE_OUTER_BOUND('',#973,.T.);
#654=FACE_OUTER_BOUND('',#974,.T.);
#655=FACE_OUTER_BOUND('',#975,.T.);
#656=FACE_OUTER_BOUND('',#976,.T.);
#657=FACE_OUTER_BOUND('',#977,.T.);
#658=FACE_OUTER_BOUND('',#978,.T.);
#659=FACE_OUTER_BOUND('',#983,.T.);
#660=FACE_OUTER_BOUND('',#984,.T.);
#661=FACE_OUTER_BOUND('',#985,.T.);
#662=FACE_OUTER_BOUND('',#986,.T.);
#663=FACE_OUTER_BOUND('',#987,.T.);
#664=FACE_OUTER_BOUND('',#988,.T.);
#665=FACE_OUTER_BOUND('',#989,.T.);
#666=FACE_OUTER_BOUND('',#990,.T.);
#667=FACE_OUTER_BOUND('',#991,.T.);
#668=FACE_OUTER_BOUND('',#992,.T.);
#669=FACE_OUTER_BOUND('',#993,.T.);
#670=FACE_OUTER_BOUND('',#994,.T.);
#671=FACE_OUTER_BOUND('',#995,.T.);
#672=FACE_OUTER_BOUND('',#996,.T.);
#673=FACE_OUTER_BOUND('',#997,.T.);
#674=FACE_OUTER_BOUND('',#998,.T.);
#675=FACE_OUTER_BOUND('',#999,.T.);
#676=FACE_OUTER_BOUND('',#1000,.T.);
#677=FACE_OUTER_BOUND('',#1001,.T.);
#678=FACE_OUTER_BOUND('',#1002,.T.);
#679=FACE_OUTER_BOUND('',#1003,.T.);
#680=FACE_OUTER_BOUND('',#1004,.T.);
#681=FACE_OUTER_BOUND('',#1005,.T.);
#682=FACE_OUTER_BOUND('',#1006,.T.);
#683=FACE_OUTER_BOUND('',#1007,.T.);
#684=FACE_OUTER_BOUND('',#1008,.T.);
#685=FACE_OUTER_BOUND('',#1009,.T.);
#686=FACE_OUTER_BOUND('',#1010,.T.);
#687=FACE_OUTER_BOUND('',#1011,.T.);
#688=FACE_OUTER_BOUND('',#1012,.T.);
#689=FACE_OUTER_BOUND('',#1013,.T.);
#690=FACE_OUTER_BOUND('',#1014,.T.);
#691=FACE_OUTER_BOUND('',#1015,.T.);
#692=FACE_OUTER_BOUND('',#1016,.T.);
#693=FACE_OUTER_BOUND('',#1017,.T.);
#694=FACE_OUTER_BOUND('',#1018,.T.);
#695=FACE_OUTER_BOUND('',#1019,.T.);
#696=FACE_OUTER_BOUND('',#1020,.T.);
#697=FACE_OUTER_BOUND('',#1021,.T.);
#698=FACE_OUTER_BOUND('',#1022,.T.);
#699=FACE_OUTER_BOUND('',#1023,.T.);
#700=FACE_OUTER_BOUND('',#1024,.T.);
#701=FACE_OUTER_BOUND('',#1025,.T.);
#702=FACE_OUTER_BOUND('',#1026,.T.);
#703=FACE_OUTER_BOUND('',#1027,.T.);
#704=FACE_OUTER_BOUND('',#1028,.T.);
#705=FACE_OUTER_BOUND('',#1029,.T.);
#706=FACE_OUTER_BOUND('',#1030,.T.);
#707=FACE_OUTER_BOUND('',#1031,.T.);
#708=FACE_OUTER_BOUND('',#1032,.T.);
#709=FACE_OUTER_BOUND('',#1033,.T.);
#710=FACE_OUTER_BOUND('',#1034,.T.);
#711=FACE_OUTER_BOUND('',#1035,.T.);
#712=FACE_OUTER_BOUND('',#1036,.T.);
#713=FACE_OUTER_BOUND('',#1038,.T.);
#714=FACE_OUTER_BOUND('',#1039,.T.);
#715=FACE_OUTER_BOUND('',#1041,.T.);
#716=FACE_OUTER_BOUND('',#1042,.T.);
#717=FACE_OUTER_BOUND('',#1044,.T.);
#718=FACE_OUTER_BOUND('',#1045,.T.);
#719=FACE_OUTER_BOUND('',#1046,.T.);
#720=FACE_OUTER_BOUND('',#1047,.T.);
#721=FACE_OUTER_BOUND('',#1048,.T.);
#722=FACE_OUTER_BOUND('',#1049,.T.);
#723=FACE_OUTER_BOUND('',#1050,.T.);
#724=FACE_OUTER_BOUND('',#1051,.T.);
#725=FACE_OUTER_BOUND('',#1052,.T.);
#726=FACE_OUTER_BOUND('',#1053,.T.);
#727=FACE_OUTER_BOUND('',#1054,.T.);
#728=FACE_OUTER_BOUND('',#1055,.T.);
#729=FACE_OUTER_BOUND('',#1056,.T.);
#730=FACE_OUTER_BOUND('',#1057,.T.);
#731=FACE_OUTER_BOUND('',#1058,.T.);
#732=FACE_OUTER_BOUND('',#1060,.T.);
#733=FACE_OUTER_BOUND('',#1061,.T.);
#734=FACE_OUTER_BOUND('',#1063,.T.);
#735=FACE_OUTER_BOUND('',#1064,.T.);
#736=FACE_OUTER_BOUND('',#1066,.T.);
#737=FACE_OUTER_BOUND('',#1067,.T.);
#738=FACE_OUTER_BOUND('',#1068,.T.);
#739=FACE_OUTER_BOUND('',#1069,.T.);
#740=FACE_OUTER_BOUND('',#1070,.T.);
#741=FACE_OUTER_BOUND('',#1071,.T.);
#742=FACE_OUTER_BOUND('',#1073,.T.);
#743=FACE_OUTER_BOUND('',#1074,.T.);
#744=FACE_OUTER_BOUND('',#1076,.T.);
#745=FACE_OUTER_BOUND('',#1077,.T.);
#746=FACE_OUTER_BOUND('',#1079,.T.);
#747=FACE_OUTER_BOUND('',#1080,.T.);
#748=FACE_OUTER_BOUND('',#1081,.T.);
#749=FACE_OUTER_BOUND('',#1082,.T.);
#750=FACE_OUTER_BOUND('',#1083,.T.);
#751=FACE_OUTER_BOUND('',#1084,.T.);
#752=FACE_OUTER_BOUND('',#1085,.T.);
#753=FACE_OUTER_BOUND('',#1086,.T.);
#754=FACE_OUTER_BOUND('',#1087,.T.);
#755=FACE_OUTER_BOUND('',#1088,.T.);
#756=FACE_OUTER_BOUND('',#1089,.T.);
#757=FACE_OUTER_BOUND('',#1090,.T.);
#758=FACE_OUTER_BOUND('',#1091,.T.);
#759=FACE_OUTER_BOUND('',#1092,.T.);
#760=FACE_OUTER_BOUND('',#1093,.T.);
#761=FACE_OUTER_BOUND('',#1094,.T.);
#762=FACE_OUTER_BOUND('',#1096,.T.);
#763=FACE_OUTER_BOUND('',#1098,.T.);
#764=FACE_OUTER_BOUND('',#1099,.T.);
#765=FACE_OUTER_BOUND('',#1100,.T.);
#766=FACE_OUTER_BOUND('',#1101,.T.);
#767=FACE_OUTER_BOUND('',#1102,.T.);
#768=FACE_OUTER_BOUND('',#1103,.T.);
#769=FACE_OUTER_BOUND('',#1104,.T.);
#770=FACE_OUTER_BOUND('',#1105,.T.);
#771=FACE_OUTER_BOUND('',#1106,.T.);
#772=FACE_OUTER_BOUND('',#1107,.T.);
#773=FACE_OUTER_BOUND('',#1108,.T.);
#774=FACE_OUTER_BOUND('',#1109,.T.);
#775=FACE_OUTER_BOUND('',#1110,.T.);
#776=FACE_OUTER_BOUND('',#1111,.T.);
#777=FACE_OUTER_BOUND('',#1112,.T.);
#778=FACE_OUTER_BOUND('',#1113,.T.);
#779=FACE_OUTER_BOUND('',#1114,.T.);
#780=FACE_OUTER_BOUND('',#1115,.T.);
#781=FACE_OUTER_BOUND('',#1116,.T.);
#782=FACE_OUTER_BOUND('',#1117,.T.);
#783=FACE_OUTER_BOUND('',#1118,.T.);
#784=FACE_OUTER_BOUND('',#1119,.T.);
#785=FACE_OUTER_BOUND('',#1120,.T.);
#786=FACE_OUTER_BOUND('',#1121,.T.);
#787=FACE_OUTER_BOUND('',#1122,.T.);
#788=FACE_OUTER_BOUND('',#1123,.T.);
#789=FACE_OUTER_BOUND('',#1124,.T.);
#790=FACE_OUTER_BOUND('',#1125,.T.);
#791=FACE_OUTER_BOUND('',#1126,.T.);
#792=FACE_OUTER_BOUND('',#1127,.T.);
#793=FACE_OUTER_BOUND('',#1128,.T.);
#794=FACE_OUTER_BOUND('',#1129,.T.);
#795=FACE_OUTER_BOUND('',#1130,.T.);
#796=FACE_OUTER_BOUND('',#1132,.T.);
#797=FACE_OUTER_BOUND('',#1133,.T.);
#798=FACE_OUTER_BOUND('',#1134,.T.);
#799=FACE_OUTER_BOUND('',#1135,.T.);
#800=FACE_OUTER_BOUND('',#1136,.T.);
#801=FACE_OUTER_BOUND('',#1137,.T.);
#802=FACE_OUTER_BOUND('',#1138,.T.);
#803=FACE_OUTER_BOUND('',#1139,.T.);
#804=FACE_OUTER_BOUND('',#1140,.T.);
#805=FACE_OUTER_BOUND('',#1144,.T.);
#806=FACE_OUTER_BOUND('',#1145,.T.);
#807=FACE_OUTER_BOUND('',#1146,.T.);
#808=FACE_OUTER_BOUND('',#1147,.T.);
#809=FACE_OUTER_BOUND('',#1148,.T.);
#810=FACE_OUTER_BOUND('',#1149,.T.);
#811=FACE_OUTER_BOUND('',#1150,.T.);
#812=FACE_OUTER_BOUND('',#1151,.T.);
#813=FACE_OUTER_BOUND('',#1152,.T.);
#814=FACE_OUTER_BOUND('',#1153,.T.);
#815=FACE_OUTER_BOUND('',#1154,.T.);
#816=FACE_OUTER_BOUND('',#1155,.T.);
#817=FACE_OUTER_BOUND('',#1156,.T.);
#818=FACE_OUTER_BOUND('',#1157,.T.);
#819=FACE_OUTER_BOUND('',#1158,.T.);
#820=FACE_OUTER_BOUND('',#1159,.T.);
#821=FACE_OUTER_BOUND('',#1160,.T.);
#822=EDGE_LOOP('',(#3656,#3657,#3658,#3659));
#823=EDGE_LOOP('',(#3660,#3661,#3662,#3663));
#824=EDGE_LOOP('',(#3664,#3665,#3666,#3667));
#825=EDGE_LOOP('',(#3668,#3669,#3670,#3671));
#826=EDGE_LOOP('',(#3672,#3673,#3674,#3675));
#827=EDGE_LOOP('',(#3676,#3677,#3678,#3679));
#828=EDGE_LOOP('',(#3680,#3681,#3682,#3683));
#829=EDGE_LOOP('',(#3684,#3685,#3686,#3687));
#830=EDGE_LOOP('',(#3688,#3689,#3690,#3691));
#831=EDGE_LOOP('',(#3692,#3693,#3694,#3695));
#832=EDGE_LOOP('',(#3696,#3697,#3698,#3699));
#833=EDGE_LOOP('',(#3700,#3701,#3702,#3703));
#834=EDGE_LOOP('',(#3704,#3705,#3706,#3707));
#835=EDGE_LOOP('',(#3708,#3709,#3710,#3711));
#836=EDGE_LOOP('',(#3712,#3713,#3714,#3715));
#837=EDGE_LOOP('',(#3716,#3717,#3718,#3719));
#838=EDGE_LOOP('',(#3720,#3721,#3722,#3723));
#839=EDGE_LOOP('',(#3724,#3725,#3726,#3727));
#840=EDGE_LOOP('',(#3728,#3729,#3730,#3731));
#841=EDGE_LOOP('',(#3732,#3733,#3734,#3735));
#842=EDGE_LOOP('',(#3736,#3737,#3738,#3739));
#843=EDGE_LOOP('',(#3740,#3741,#3742,#3743));
#844=EDGE_LOOP('',(#3744,#3745,#3746,#3747));
#845=EDGE_LOOP('',(#3748,#3749,#3750,#3751));
#846=EDGE_LOOP('',(#3752,#3753,#3754,#3755));
#847=EDGE_LOOP('',(#3756,#3757,#3758,#3759));
#848=EDGE_LOOP('',(#3760,#3761,#3762,#3763));
#849=EDGE_LOOP('',(#3764,#3765,#3766,#3767));
#850=EDGE_LOOP('',(#3768,#3769,#3770,#3771,#3772,#3773,#3774,#3775,#3776,
#3777,#3778,#3779,#3780,#3781,#3782,#3783,#3784,#3785,#3786,#3787,#3788,
#3789,#3790,#3791,#3792,#3793,#3794,#3795));
#851=EDGE_LOOP('',(#3796,#3797,#3798,#3799));
#852=EDGE_LOOP('',(#3800,#3801,#3802,#3803));
#853=EDGE_LOOP('',(#3804,#3805,#3806,#3807));
#854=EDGE_LOOP('',(#3808,#3809,#3810,#3811));
#855=EDGE_LOOP('',(#3812,#3813,#3814,#3815));
#856=EDGE_LOOP('',(#3816,#3817,#3818,#3819));
#857=EDGE_LOOP('',(#3820,#3821,#3822,#3823));
#858=EDGE_LOOP('',(#3824,#3825,#3826,#3827));
#859=EDGE_LOOP('',(#3828,#3829,#3830,#3831));
#860=EDGE_LOOP('',(#3832,#3833,#3834,#3835));
#861=EDGE_LOOP('',(#3836,#3837,#3838,#3839));
#862=EDGE_LOOP('',(#3840,#3841,#3842,#3843));
#863=EDGE_LOOP('',(#3844,#3845,#3846,#3847));
#864=EDGE_LOOP('',(#3848,#3849,#3850,#3851));
#865=EDGE_LOOP('',(#3852,#3853,#3854,#3855));
#866=EDGE_LOOP('',(#3856,#3857,#3858,#3859));
#867=EDGE_LOOP('',(#3860,#3861,#3862,#3863));
#868=EDGE_LOOP('',(#3864,#3865,#3866,#3867));
#869=EDGE_LOOP('',(#3868,#3869,#3870,#3871));
#870=EDGE_LOOP('',(#3872,#3873,#3874,#3875));
#871=EDGE_LOOP('',(#3876,#3877,#3878,#3879,#3880));
#872=EDGE_LOOP('',(#3881,#3882,#3883,#3884));
#873=EDGE_LOOP('',(#3885,#3886,#3887,#3888,#3889,#3890,#3891,#3892));
#874=EDGE_LOOP('',(#3893));
#875=EDGE_LOOP('',(#3894,#3895,#3896,#3897));
#876=EDGE_LOOP('',(#3898,#3899,#3900,#3901));
#877=EDGE_LOOP('',(#3902,#3903,#3904,#3905,#3906,#3907));
#878=EDGE_LOOP('',(#3908,#3909,#3910,#3911,#3912));
#879=EDGE_LOOP('',(#3913,#3914,#3915,#3916,#3917));
#880=EDGE_LOOP('',(#3918));
#881=EDGE_LOOP('',(#3919));
#882=EDGE_LOOP('',(#3920,#3921,#3922,#3923));
#883=EDGE_LOOP('',(#3924,#3925,#3926,#3927,#3928,#3929,#3930,#3931,#3932,
#3933,#3934,#3935,#3936,#3937,#3938,#3939,#3940,#3941,#3942,#3943,#3944,
#3945,#3946,#3947));
#884=EDGE_LOOP('',(#3948,#3949,#3950,#3951));
#885=EDGE_LOOP('',(#3952,#3953,#3954,#3955));
#886=EDGE_LOOP('',(#3956,#3957,#3958,#3959));
#887=EDGE_LOOP('',(#3960,#3961,#3962,#3963));
#888=EDGE_LOOP('',(#3964,#3965,#3966,#3967));
#889=EDGE_LOOP('',(#3968,#3969,#3970,#3971));
#890=EDGE_LOOP('',(#3972,#3973,#3974,#3975));
#891=EDGE_LOOP('',(#3976,#3977,#3978,#3979,#3980,#3981,#3982,#3983));
#892=EDGE_LOOP('',(#3984,#3985,#3986,#3987));
#893=EDGE_LOOP('',(#3988,#3989,#3990,#3991,#3992,#3993,#3994,#3995));
#894=EDGE_LOOP('',(#3996,#3997,#3998,#3999));
#895=EDGE_LOOP('',(#4000,#4001,#4002,#4003));
#896=EDGE_LOOP('',(#4004,#4005,#4006,#4007));
#897=EDGE_LOOP('',(#4008,#4009,#4010,#4011));
#898=EDGE_LOOP('',(#4012,#4013,#4014,#4015,#4016,#4017,#4018,#4019,#4020,
#4021,#4022,#4023,#4024,#4025,#4026,#4027,#4028,#4029,#4030));
#899=EDGE_LOOP('',(#4031,#4032,#4033,#4034));
#900=EDGE_LOOP('',(#4035,#4036,#4037,#4038));
#901=EDGE_LOOP('',(#4039,#4040,#4041,#4042));
#902=EDGE_LOOP('',(#4043,#4044,#4045,#4046));
#903=EDGE_LOOP('',(#4047,#4048,#4049,#4050));
#904=EDGE_LOOP('',(#4051,#4052,#4053,#4054));
#905=EDGE_LOOP('',(#4055,#4056,#4057,#4058));
#906=EDGE_LOOP('',(#4059,#4060,#4061,#4062));
#907=EDGE_LOOP('',(#4063,#4064,#4065,#4066));
#908=EDGE_LOOP('',(#4067,#4068,#4069,#4070));
#909=EDGE_LOOP('',(#4071,#4072,#4073,#4074));
#910=EDGE_LOOP('',(#4075,#4076,#4077,#4078,#4079,#4080,#4081,#4082,#4083,
#4084,#4085,#4086,#4087,#4088,#4089,#4090,#4091,#4092,#4093));
#911=EDGE_LOOP('',(#4094,#4095,#4096,#4097));
#912=EDGE_LOOP('',(#4098,#4099,#4100,#4101));
#913=EDGE_LOOP('',(#4102,#4103,#4104,#4105));
#914=EDGE_LOOP('',(#4106,#4107,#4108,#4109,#4110,#4111,#4112,#4113,#4114,
#4115,#4116,#4117,#4118,#4119,#4120,#4121,#4122,#4123,#4124));
#915=EDGE_LOOP('',(#4125,#4126,#4127,#4128));
#916=EDGE_LOOP('',(#4129,#4130,#4131,#4132));
#917=EDGE_LOOP('',(#4133,#4134,#4135,#4136));
#918=EDGE_LOOP('',(#4137,#4138,#4139,#4140));
#919=EDGE_LOOP('',(#4141,#4142,#4143,#4144));
#920=EDGE_LOOP('',(#4145,#4146,#4147,#4148));
#921=EDGE_LOOP('',(#4149,#4150,#4151));
#922=EDGE_LOOP('',(#4152,#4153,#4154,#4155));
#923=EDGE_LOOP('',(#4156,#4157,#4158));
#924=EDGE_LOOP('',(#4159,#4160,#4161,#4162));
#925=EDGE_LOOP('',(#4163,#4164,#4165,#4166));
#926=EDGE_LOOP('',(#4167,#4168,#4169,#4170));
#927=EDGE_LOOP('',(#4171,#4172,#4173,#4174));
#928=EDGE_LOOP('',(#4175,#4176,#4177,#4178,#4179,#4180,#4181,#4182));
#929=EDGE_LOOP('',(#4183,#4184,#4185,#4186));
#930=EDGE_LOOP('',(#4187,#4188,#4189,#4190,#4191,#4192,#4193,#4194,#4195,
#4196));
#931=EDGE_LOOP('',(#4197,#4198,#4199,#4200,#4201,#4202,#4203,#4204,#4205,
#4206,#4207,#4208,#4209,#4210,#4211,#4212,#4213,#4214,#4215,#4216,#4217,
#4218));
#932=EDGE_LOOP('',(#4219,#4220,#4221,#4222,#4223,#4224,#4225,#4226));
#933=EDGE_LOOP('',(#4227));
#934=EDGE_LOOP('',(#4228));
#935=EDGE_LOOP('',(#4229,#4230,#4231,#4232));
#936=EDGE_LOOP('',(#4233,#4234,#4235,#4236));
#937=EDGE_LOOP('',(#4237,#4238,#4239,#4240));
#938=EDGE_LOOP('',(#4241,#4242,#4243,#4244));
#939=EDGE_LOOP('',(#4245,#4246,#4247,#4248));
#940=EDGE_LOOP('',(#4249,#4250,#4251,#4252));
#941=EDGE_LOOP('',(#4253,#4254,#4255,#4256));
#942=EDGE_LOOP('',(#4257,#4258,#4259,#4260,#4261,#4262));
#943=EDGE_LOOP('',(#4263,#4264,#4265,#4266));
#944=EDGE_LOOP('',(#4267,#4268,#4269,#4270));
#945=EDGE_LOOP('',(#4271,#4272,#4273,#4274));
#946=EDGE_LOOP('',(#4275,#4276,#4277,#4278));
#947=EDGE_LOOP('',(#4279));
#948=EDGE_LOOP('',(#4280,#4281,#4282,#4283));
#949=EDGE_LOOP('',(#4284,#4285,#4286,#4287));
#950=EDGE_LOOP('',(#4288,#4289,#4290,#4291,#4292,#4293,#4294,#4295,#4296,
#4297,#4298,#4299,#4300,#4301,#4302,#4303,#4304,#4305,#4306,#4307,#4308,
#4309,#4310,#4311,#4312,#4313,#4314,#4315));
#951=EDGE_LOOP('',(#4316));
#952=EDGE_LOOP('',(#4317));
#953=EDGE_LOOP('',(#4318,#4319,#4320,#4321));
#954=EDGE_LOOP('',(#4322,#4323,#4324,#4325,#4326,#4327));
#955=EDGE_LOOP('',(#4328,#4329,#4330,#4331,#4332,#4333,#4334,#4335));
#956=EDGE_LOOP('',(#4336));
#957=EDGE_LOOP('',(#4337));
#958=EDGE_LOOP('',(#4338,#4339,#4340,#4341,#4342,#4343,#4344,#4345));
#959=EDGE_LOOP('',(#4346,#4347,#4348,#4349));
#960=EDGE_LOOP('',(#4350,#4351,#4352,#4353));
#961=EDGE_LOOP('',(#4354));
#962=EDGE_LOOP('',(#4355,#4356,#4357,#4358));
#963=EDGE_LOOP('',(#4359,#4360,#4361,#4362));
#964=EDGE_LOOP('',(#4363,#4364,#4365,#4366));
#965=EDGE_LOOP('',(#4367,#4368,#4369,#4370));
#966=EDGE_LOOP('',(#4371,#4372,#4373,#4374));
#967=EDGE_LOOP('',(#4375,#4376,#4377,#4378));
#968=EDGE_LOOP('',(#4379,#4380,#4381,#4382));
#969=EDGE_LOOP('',(#4383,#4384,#4385,#4386));
#970=EDGE_LOOP('',(#4387,#4388,#4389,#4390));
#971=EDGE_LOOP('',(#4391,#4392,#4393,#4394,#4395,#4396,#4397,#4398,#4399,
#4400,#4401,#4402,#4403,#4404,#4405,#4406));
#972=EDGE_LOOP('',(#4407,#4408,#4409,#4410));
#973=EDGE_LOOP('',(#4411,#4412,#4413,#4414));
#974=EDGE_LOOP('',(#4415,#4416,#4417,#4418));
#975=EDGE_LOOP('',(#4419,#4420,#4421,#4422));
#976=EDGE_LOOP('',(#4423,#4424,#4425,#4426));
#977=EDGE_LOOP('',(#4427,#4428,#4429,#4430));
#978=EDGE_LOOP('',(#4431,#4432,#4433,#4434));
#979=EDGE_LOOP('',(#4435));
#980=EDGE_LOOP('',(#4436));
#981=EDGE_LOOP('',(#4437,#4438,#4439,#4440));
#982=EDGE_LOOP('',(#4441,#4442,#4443,#4444));
#983=EDGE_LOOP('',(#4445,#4446,#4447,#4448));
#984=EDGE_LOOP('',(#4449,#4450,#4451,#4452));
#985=EDGE_LOOP('',(#4453,#4454,#4455,#4456));
#986=EDGE_LOOP('',(#4457,#4458,#4459,#4460));
#987=EDGE_LOOP('',(#4461,#4462,#4463,#4464));
#988=EDGE_LOOP('',(#4465,#4466,#4467,#4468));
#989=EDGE_LOOP('',(#4469,#4470,#4471,#4472));
#990=EDGE_LOOP('',(#4473,#4474,#4475,#4476,#4477,#4478));
#991=EDGE_LOOP('',(#4479,#4480,#4481,#4482,#4483,#4484,#4485,#4486,#4487));
#992=EDGE_LOOP('',(#4488,#4489,#4490,#4491,#4492));
#993=EDGE_LOOP('',(#4493,#4494,#4495,#4496));
#994=EDGE_LOOP('',(#4497,#4498,#4499,#4500,#4501));
#995=EDGE_LOOP('',(#4502,#4503,#4504,#4505,#4506,#4507,#4508,#4509,#4510));
#996=EDGE_LOOP('',(#4511,#4512,#4513,#4514,#4515,#4516));
#997=EDGE_LOOP('',(#4517,#4518,#4519,#4520));
#998=EDGE_LOOP('',(#4521,#4522,#4523,#4524,#4525,#4526));
#999=EDGE_LOOP('',(#4527,#4528,#4529,#4530,#4531,#4532,#4533,#4534,#4535,
#4536));
#1000=EDGE_LOOP('',(#4537,#4538,#4539,#4540,#4541,#4542));
#1001=EDGE_LOOP('',(#4543,#4544,#4545,#4546));
#1002=EDGE_LOOP('',(#4547,#4548,#4549,#4550,#4551,#4552));
#1003=EDGE_LOOP('',(#4553,#4554,#4555,#4556,#4557,#4558,#4559,#4560,#4561,
#4562));
#1004=EDGE_LOOP('',(#4563,#4564,#4565,#4566,#4567,#4568));
#1005=EDGE_LOOP('',(#4569,#4570,#4571,#4572));
#1006=EDGE_LOOP('',(#4573,#4574,#4575,#4576));
#1007=EDGE_LOOP('',(#4577,#4578,#4579,#4580));
#1008=EDGE_LOOP('',(#4581,#4582,#4583,#4584,#4585));
#1009=EDGE_LOOP('',(#4586,#4587,#4588,#4589,#4590));
#1010=EDGE_LOOP('',(#4591,#4592,#4593,#4594));
#1011=EDGE_LOOP('',(#4595,#4596,#4597,#4598));
#1012=EDGE_LOOP('',(#4599,#4600,#4601,#4602,#4603,#4604,#4605));
#1013=EDGE_LOOP('',(#4606,#4607,#4608,#4609,#4610,#4611));
#1014=EDGE_LOOP('',(#4612,#4613,#4614,#4615,#4616,#4617));
#1015=EDGE_LOOP('',(#4618,#4619,#4620,#4621));
#1016=EDGE_LOOP('',(#4622,#4623,#4624,#4625));
#1017=EDGE_LOOP('',(#4626,#4627,#4628,#4629,#4630));
#1018=EDGE_LOOP('',(#4631,#4632,#4633,#4634,#4635,#4636,#4637));
#1019=EDGE_LOOP('',(#4638,#4639,#4640,#4641));
#1020=EDGE_LOOP('',(#4642,#4643,#4644,#4645));
#1021=EDGE_LOOP('',(#4646,#4647,#4648,#4649,#4650));
#1022=EDGE_LOOP('',(#4651,#4652,#4653,#4654));
#1023=EDGE_LOOP('',(#4655,#4656,#4657,#4658));
#1024=EDGE_LOOP('',(#4659,#4660,#4661,#4662));
#1025=EDGE_LOOP('',(#4663,#4664,#4665,#4666));
#1026=EDGE_LOOP('',(#4667,#4668,#4669,#4670));
#1027=EDGE_LOOP('',(#4671,#4672,#4673,#4674));
#1028=EDGE_LOOP('',(#4675,#4676,#4677,#4678));
#1029=EDGE_LOOP('',(#4679,#4680,#4681,#4682));
#1030=EDGE_LOOP('',(#4683,#4684,#4685,#4686));
#1031=EDGE_LOOP('',(#4687,#4688,#4689,#4690));
#1032=EDGE_LOOP('',(#4691,#4692,#4693,#4694));
#1033=EDGE_LOOP('',(#4695,#4696,#4697,#4698));
#1034=EDGE_LOOP('',(#4699,#4700,#4701,#4702));
#1035=EDGE_LOOP('',(#4703,#4704,#4705,#4706));
#1036=EDGE_LOOP('',(#4707));
#1037=EDGE_LOOP('',(#4708));
#1038=EDGE_LOOP('',(#4709,#4710,#4711,#4712));
#1039=EDGE_LOOP('',(#4713));
#1040=EDGE_LOOP('',(#4714));
#1041=EDGE_LOOP('',(#4715,#4716,#4717,#4718));
#1042=EDGE_LOOP('',(#4719));
#1043=EDGE_LOOP('',(#4720));
#1044=EDGE_LOOP('',(#4721,#4722,#4723,#4724));
#1045=EDGE_LOOP('',(#4725,#4726,#4727,#4728));
#1046=EDGE_LOOP('',(#4729,#4730,#4731,#4732));
#1047=EDGE_LOOP('',(#4733,#4734,#4735,#4736));
#1048=EDGE_LOOP('',(#4737,#4738,#4739,#4740));
#1049=EDGE_LOOP('',(#4741,#4742,#4743,#4744));
#1050=EDGE_LOOP('',(#4745,#4746,#4747,#4748));
#1051=EDGE_LOOP('',(#4749,#4750,#4751,#4752));
#1052=EDGE_LOOP('',(#4753,#4754,#4755,#4756));
#1053=EDGE_LOOP('',(#4757,#4758,#4759,#4760));
#1054=EDGE_LOOP('',(#4761,#4762,#4763,#4764));
#1055=EDGE_LOOP('',(#4765,#4766,#4767,#4768));
#1056=EDGE_LOOP('',(#4769,#4770,#4771,#4772));
#1057=EDGE_LOOP('',(#4773,#4774,#4775,#4776));
#1058=EDGE_LOOP('',(#4777,#4778,#4779,#4780));
#1059=EDGE_LOOP('',(#4781,#4782,#4783,#4784));
#1060=EDGE_LOOP('',(#4785,#4786,#4787,#4788));
#1061=EDGE_LOOP('',(#4789,#4790,#4791,#4792));
#1062=EDGE_LOOP('',(#4793,#4794,#4795,#4796));
#1063=EDGE_LOOP('',(#4797,#4798,#4799,#4800));
#1064=EDGE_LOOP('',(#4801,#4802,#4803,#4804));
#1065=EDGE_LOOP('',(#4805));
#1066=EDGE_LOOP('',(#4806,#4807,#4808,#4809));
#1067=EDGE_LOOP('',(#4810,#4811,#4812,#4813));
#1068=EDGE_LOOP('',(#4814,#4815,#4816,#4817));
#1069=EDGE_LOOP('',(#4818,#4819,#4820,#4821));
#1070=EDGE_LOOP('',(#4822,#4823,#4824,#4825));
#1071=EDGE_LOOP('',(#4826,#4827,#4828,#4829));
#1072=EDGE_LOOP('',(#4830,#4831,#4832,#4833));
#1073=EDGE_LOOP('',(#4834,#4835,#4836,#4837));
#1074=EDGE_LOOP('',(#4838,#4839,#4840,#4841));
#1075=EDGE_LOOP('',(#4842,#4843,#4844,#4845));
#1076=EDGE_LOOP('',(#4846,#4847,#4848,#4849));
#1077=EDGE_LOOP('',(#4850,#4851,#4852,#4853));
#1078=EDGE_LOOP('',(#4854));
#1079=EDGE_LOOP('',(#4855,#4856,#4857,#4858));
#1080=EDGE_LOOP('',(#4859,#4860,#4861,#4862,#4863,#4864,#4865,#4866));
#1081=EDGE_LOOP('',(#4867,#4868,#4869,#4870,#4871,#4872,#4873,#4874));
#1082=EDGE_LOOP('',(#4875,#4876,#4877,#4878,#4879,#4880,#4881,#4882,#4883,
#4884,#4885,#4886,#4887,#4888,#4889,#4890,#4891,#4892,#4893));
#1083=EDGE_LOOP('',(#4894,#4895,#4896,#4897));
#1084=EDGE_LOOP('',(#4898,#4899,#4900,#4901,#4902,#4903));
#1085=EDGE_LOOP('',(#4904,#4905,#4906,#4907));
#1086=EDGE_LOOP('',(#4908,#4909,#4910,#4911));
#1087=EDGE_LOOP('',(#4912,#4913,#4914,#4915,#4916,#4917));
#1088=EDGE_LOOP('',(#4918,#4919,#4920,#4921));
#1089=EDGE_LOOP('',(#4922,#4923,#4924,#4925,#4926,#4927));
#1090=EDGE_LOOP('',(#4928,#4929,#4930,#4931,#4932,#4933));
#1091=EDGE_LOOP('',(#4934,#4935,#4936,#4937,#4938,#4939,#4940,#4941,#4942,
#4943));
#1092=EDGE_LOOP('',(#4944,#4945,#4946,#4947,#4948,#4949));
#1093=EDGE_LOOP('',(#4950,#4951,#4952,#4953,#4954,#4955,#4956,#4957,#4958,
#4959,#4960,#4961,#4962,#4963,#4964,#4965,#4966,#4967,#4968,#4969,#4970,
#4971,#4972,#4973));
#1094=EDGE_LOOP('',(#4974,#4975,#4976,#4977,#4978,#4979));
#1095=EDGE_LOOP('',(#4980,#4981,#4982,#4983,#4984,#4985));
#1096=EDGE_LOOP('',(#4986));
#1097=EDGE_LOOP('',(#4987));
#1098=EDGE_LOOP('',(#4988,#4989,#4990,#4991));
#1099=EDGE_LOOP('',(#4992,#4993,#4994,#4995,#4996,#4997,#4998));
#1100=EDGE_LOOP('',(#4999,#5000,#5001,#5002));
#1101=EDGE_LOOP('',(#5003,#5004,#5005,#5006));
#1102=EDGE_LOOP('',(#5007,#5008,#5009,#5010));
#1103=EDGE_LOOP('',(#5011,#5012,#5013,#5014));
#1104=EDGE_LOOP('',(#5015,#5016,#5017,#5018,#5019,#5020,#5021));
#1105=EDGE_LOOP('',(#5022,#5023,#5024,#5025));
#1106=EDGE_LOOP('',(#5026,#5027,#5028,#5029));
#1107=EDGE_LOOP('',(#5030,#5031,#5032,#5033));
#1108=EDGE_LOOP('',(#5034,#5035,#5036,#5037));
#1109=EDGE_LOOP('',(#5038,#5039,#5040,#5041));
#1110=EDGE_LOOP('',(#5042,#5043,#5044,#5045));
#1111=EDGE_LOOP('',(#5046,#5047,#5048,#5049,#5050,#5051,#5052));
#1112=EDGE_LOOP('',(#5053,#5054,#5055,#5056));
#1113=EDGE_LOOP('',(#5057,#5058,#5059,#5060));
#1114=EDGE_LOOP('',(#5061,#5062,#5063,#5064));
#1115=EDGE_LOOP('',(#5065,#5066,#5067,#5068,#5069,#5070,#5071));
#1116=EDGE_LOOP('',(#5072,#5073,#5074,#5075));
#1117=EDGE_LOOP('',(#5076,#5077,#5078,#5079));
#1118=EDGE_LOOP('',(#5080,#5081,#5082,#5083));
#1119=EDGE_LOOP('',(#5084,#5085,#5086,#5087));
#1120=EDGE_LOOP('',(#5088,#5089,#5090,#5091));
#1121=EDGE_LOOP('',(#5092,#5093,#5094,#5095));
#1122=EDGE_LOOP('',(#5096,#5097,#5098,#5099));
#1123=EDGE_LOOP('',(#5100,#5101,#5102,#5103,#5104,#5105,#5106,#5107));
#1124=EDGE_LOOP('',(#5108,#5109,#5110,#5111));
#1125=EDGE_LOOP('',(#5112,#5113,#5114,#5115));
#1126=EDGE_LOOP('',(#5116,#5117,#5118,#5119));
#1127=EDGE_LOOP('',(#5120,#5121,#5122,#5123));
#1128=EDGE_LOOP('',(#5124,#5125,#5126,#5127));
#1129=EDGE_LOOP('',(#5128,#5129,#5130,#5131));
#1130=EDGE_LOOP('',(#5132,#5133,#5134,#5135,#5136,#5137));
#1131=EDGE_LOOP('',(#5138,#5139,#5140,#5141,#5142,#5143));
#1132=EDGE_LOOP('',(#5144,#5145,#5146,#5147));
#1133=EDGE_LOOP('',(#5148,#5149,#5150));
#1134=EDGE_LOOP('',(#5151,#5152,#5153,#5154));
#1135=EDGE_LOOP('',(#5155,#5156,#5157,#5158));
#1136=EDGE_LOOP('',(#5159,#5160,#5161));
#1137=EDGE_LOOP('',(#5162,#5163,#5164,#5165));
#1138=EDGE_LOOP('',(#5166,#5167,#5168,#5169));
#1139=EDGE_LOOP('',(#5170,#5171,#5172,#5173));
#1140=EDGE_LOOP('',(#5174,#5175,#5176,#5177,#5178,#5179));
#1141=EDGE_LOOP('',(#5180,#5181,#5182,#5183));
#1142=EDGE_LOOP('',(#5184,#5185,#5186,#5187,#5188,#5189,#5190));
#1143=EDGE_LOOP('',(#5191,#5192,#5193,#5194,#5195,#5196,#5197));
#1144=EDGE_LOOP('',(#5198,#5199,#5200,#5201));
#1145=EDGE_LOOP('',(#5202,#5203,#5204,#5205));
#1146=EDGE_LOOP('',(#5206,#5207,#5208,#5209));
#1147=EDGE_LOOP('',(#5210,#5211,#5212,#5213));
#1148=EDGE_LOOP('',(#5214,#5215,#5216,#5217,#5218,#5219,#5220));
#1149=EDGE_LOOP('',(#5221,#5222,#5223,#5224));
#1150=EDGE_LOOP('',(#5225,#5226,#5227,#5228,#5229,#5230,#5231));
#1151=EDGE_LOOP('',(#5232,#5233,#5234,#5235));
#1152=EDGE_LOOP('',(#5236,#5237,#5238,#5239,#5240,#5241,#5242,#5243));
#1153=EDGE_LOOP('',(#5244,#5245,#5246,#5247));
#1154=EDGE_LOOP('',(#5248,#5249,#5250,#5251));
#1155=EDGE_LOOP('',(#5252,#5253,#5254,#5255));
#1156=EDGE_LOOP('',(#5256,#5257,#5258,#5259));
#1157=EDGE_LOOP('',(#5260,#5261,#5262,#5263));
#1158=EDGE_LOOP('',(#5264,#5265,#5266,#5267));
#1159=EDGE_LOOP('',(#5268,#5269,#5270,#5271));
#1160=EDGE_LOOP('',(#5272,#5273,#5274,#5275,#5276,#5277));
#1161=LINE('',#7554,#1706);
#1162=LINE('',#7561,#1707);
#1163=LINE('',#7579,#1708);
#1164=LINE('',#7602,#1709);
#1165=LINE('',#7625,#1710);
#1166=LINE('',#7648,#1711);
#1167=LINE('',#7671,#1712);
#1168=LINE('',#7694,#1713);
#1169=LINE('',#7717,#1714);
#1170=LINE('',#7740,#1715);
#1171=LINE('',#7763,#1716);
#1172=LINE('',#7786,#1717);
#1173=LINE('',#7794,#1718);
#1174=LINE('',#7796,#1719);
#1175=LINE('',#7797,#1720);
#1176=LINE('',#7815,#1721);
#1177=LINE('',#7838,#1722);
#1178=LINE('',#7861,#1723);
#1179=LINE('',#7884,#1724);
#1180=LINE('',#7907,#1725);
#1181=LINE('',#7930,#1726);
#1182=LINE('',#7938,#1727);
#1183=LINE('',#7940,#1728);
#1184=LINE('',#7941,#1729);
#1185=LINE('',#7959,#1730);
#1186=LINE('',#7982,#1731);
#1187=LINE('',#8005,#1732);
#1188=LINE('',#8028,#1733);
#1189=LINE('',#8051,#1734);
#1190=LINE('',#8074,#1735);
#1191=LINE('',#8097,#1736);
#1192=LINE('',#8105,#1737);
#1193=LINE('',#8107,#1738);
#1194=LINE('',#8108,#1739);
#1195=LINE('',#8135,#1740);
#1196=LINE('',#8138,#1741);
#1197=LINE('',#8141,#1742);
#1198=LINE('',#8143,#1743);
#1199=LINE('',#8144,#1744);
#1200=LINE('',#8150,#1745);
#1201=LINE('',#8153,#1746);
#1202=LINE('',#8155,#1747);
#1203=LINE('',#8156,#1748);
#1204=LINE('',#8161,#1749);
#1205=LINE('',#8165,#1750);
#1206=LINE('',#8167,#1751);
#1207=LINE('',#8168,#1752);
#1208=LINE('',#8173,#1753);
#1209=LINE('',#8176,#1754);
#1210=LINE('',#8177,#1755);
#1211=LINE('',#8182,#1756);
#1212=LINE('',#8188,#1757);
#1213=LINE('',#8194,#1758);
#1214=LINE('',#8200,#1759);
#1215=LINE('',#8205,#1760);
#1216=LINE('',#8207,#1761);
#1217=LINE('',#8209,#1762);
#1218=LINE('',#8210,#1763);
#1219=LINE('',#8214,#1764);
#1220=LINE('',#8216,#1765);
#1221=LINE('',#8218,#1766);
#1222=LINE('',#8219,#1767);
#1223=LINE('',#8224,#1768);
#1224=LINE('',#8228,#1769);
#1225=LINE('',#8230,#1770);
#1226=LINE('',#8231,#1771);
#1227=LINE('',#8236,#1772);
#1228=LINE('',#8240,#1773);
#1229=LINE('',#8242,#1774);
#1230=LINE('',#8243,#1775);
#1231=LINE('',#8293,#1776);
#1232=LINE('',#8297,#1777);
#1233=LINE('',#8299,#1778);
#1234=LINE('',#8301,#1779);
#1235=LINE('',#8304,#1780);
#1236=LINE('',#8309,#1781);
#1237=LINE('',#8311,#1782);
#1238=LINE('',#8313,#1783);
#1239=LINE('',#8314,#1784);
#1240=LINE('',#8317,#1785);
#1241=LINE('',#8319,#1786);
#1242=LINE('',#8321,#1787);
#1243=LINE('',#8322,#1788);
#1244=LINE('',#8407,#1789);
#1245=LINE('',#8419,#1790);
#1246=LINE('',#8424,#1791);
#1247=LINE('',#8426,#1792);
#1248=LINE('',#8428,#1793);
#1249=LINE('',#8430,#1794);
#1250=LINE('',#8432,#1795);
#1251=LINE('',#8436,#1796);
#1252=LINE('',#8440,#1797);
#1253=LINE('',#8444,#1798);
#1254=LINE('',#8448,#1799);
#1255=LINE('',#8452,#1800);
#1256=LINE('',#8456,#1801);
#1257=LINE('',#8460,#1802);
#1258=LINE('',#8464,#1803);
#1259=LINE('',#8468,#1804);
#1260=LINE('',#8472,#1805);
#1261=LINE('',#8497,#1806);
#1262=LINE('',#8521,#1807);
#1263=LINE('',#8545,#1808);
#1264=LINE('',#8569,#1809);
#1265=LINE('',#8593,#1810);
#1266=LINE('',#8599,#1811);
#1267=LINE('',#8602,#1812);
#1268=LINE('',#8605,#1813);
#1269=LINE('',#8607,#1814);
#1270=LINE('',#8609,#1815);
#1271=LINE('',#8611,#1816);
#1272=LINE('',#8613,#1817);
#1273=LINE('',#8615,#1818);
#1274=LINE('',#8616,#1819);
#1275=LINE('',#8622,#1820);
#1276=LINE('',#8625,#1821);
#1277=LINE('',#8628,#1822);
#1278=LINE('',#8630,#1823);
#1279=LINE('',#8632,#1824);
#1280=LINE('',#8634,#1825);
#1281=LINE('',#8636,#1826);
#1282=LINE('',#8638,#1827);
#1283=LINE('',#8639,#1828);
#1284=LINE('',#8645,#1829);
#1285=LINE('',#8648,#1830);
#1286=LINE('',#8651,#1831);
#1287=LINE('',#8653,#1832);
#1288=LINE('',#8654,#1833);
#1289=LINE('',#8660,#1834);
#1290=LINE('',#8663,#1835);
#1291=LINE('',#8666,#1836);
#1292=LINE('',#8668,#1837);
#1293=LINE('',#8669,#1838);
#1294=LINE('',#8671,#1839);
#1295=LINE('',#8673,#1840);
#1296=LINE('',#8677,#1841);
#1297=LINE('',#8679,#1842);
#1298=LINE('',#8683,#1843);
#1299=LINE('',#8686,#1844);
#1300=LINE('',#8688,#1845);
#1301=LINE('',#8690,#1846);
#1302=LINE('',#8694,#1847);
#1303=LINE('',#8699,#1848);
#1304=LINE('',#8704,#1849);
#1305=LINE('',#8705,#1850);
#1306=LINE('',#8708,#1851);
#1307=LINE('',#8709,#1852);
#1308=LINE('',#8712,#1853);
#1309=LINE('',#8715,#1854);
#1310=LINE('',#8718,#1855);
#1311=LINE('',#8719,#1856);
#1312=LINE('',#8725,#1857);
#1313=LINE('',#8728,#1858);
#1314=LINE('',#8731,#1859);
#1315=LINE('',#8733,#1860);
#1316=LINE('',#8734,#1861);
#1317=LINE('',#8739,#1862);
#1318=LINE('',#8743,#1863);
#1319=LINE('',#8745,#1864);
#1320=LINE('',#8746,#1865);
#1321=LINE('',#8752,#1866);
#1322=LINE('',#8755,#1867);
#1323=LINE('',#8758,#1868);
#1324=LINE('',#8760,#1869);
#1325=LINE('',#8761,#1870);
#1326=LINE('',#8763,#1871);
#1327=LINE('',#8765,#1872);
#1328=LINE('',#8767,#1873);
#1329=LINE('',#8771,#1874);
#1330=LINE('',#8774,#1875);
#1331=LINE('',#8776,#1876);
#1332=LINE('',#8778,#1877);
#1333=LINE('',#8782,#1878);
#1334=LINE('',#8786,#1879);
#1335=LINE('',#8789,#1880);
#1336=LINE('',#8792,#1881);
#1337=LINE('',#8793,#1882);
#1338=LINE('',#8797,#1883);
#1339=LINE('',#8799,#1884);
#1340=LINE('',#8801,#1885);
#1341=LINE('',#8802,#1886);
#1342=LINE('',#8806,#1887);
#1343=LINE('',#8810,#1888);
#1344=LINE('',#8811,#1889);
#1345=LINE('',#8812,#1890);
#1346=LINE('',#8815,#1891);
#1347=LINE('',#8819,#1892);
#1348=LINE('',#8820,#1893);
#1349=LINE('',#8824,#1894);
#1350=LINE('',#8826,#1895);
#1351=LINE('',#8828,#1896);
#1352=LINE('',#8830,#1897);
#1353=LINE('',#8842,#1898);
#1354=LINE('',#8843,#1899);
#1355=LINE('',#8855,#1900);
#1356=LINE('',#8856,#1901);
#1357=LINE('',#8861,#1902);
#1358=LINE('',#8862,#1903);
#1359=LINE('',#8864,#1904);
#1360=LINE('',#8865,#1905);
#1361=LINE('',#8870,#1906);
#1362=LINE('',#8871,#1907);
#1363=LINE('',#8874,#1908);
#1364=LINE('',#8876,#1909);
#1365=LINE('',#8878,#1910);
#1366=LINE('',#8880,#1911);
#1367=LINE('',#8881,#1912);
#1368=LINE('',#8882,#1913);
#1369=LINE('',#8883,#1914);
#1370=LINE('',#8886,#1915);
#1371=LINE('',#8888,#1916);
#1372=LINE('',#8890,#1917);
#1373=LINE('',#8892,#1918);
#1374=LINE('',#8894,#1919);
#1375=LINE('',#8896,#1920);
#1376=LINE('',#8898,#1921);
#1377=LINE('',#8900,#1922);
#1378=LINE('',#8902,#1923);
#1379=LINE('',#8903,#1924);
#1380=LINE('',#8908,#1925);
#1381=LINE('',#8911,#1926);
#1382=LINE('',#8913,#1927);
#1383=LINE('',#8914,#1928);
#1384=LINE('',#8916,#1929);
#1385=LINE('',#8918,#1930);
#1386=LINE('',#8919,#1931);
#1387=LINE('',#8923,#1932);
#1388=LINE('',#8926,#1933);
#1389=LINE('',#8928,#1934);
#1390=LINE('',#8929,#1935);
#1391=LINE('',#8931,#1936);
#1392=LINE('',#8933,#1937);
#1393=LINE('',#8935,#1938);
#1394=LINE('',#8936,#1939);
#1395=LINE('',#8938,#1940);
#1396=LINE('',#8940,#1941);
#1397=LINE('',#8941,#1942);
#1398=LINE('',#8942,#1943);
#1399=LINE('',#8947,#1944);
#1400=LINE('',#8963,#1945);
#1401=LINE('',#8980,#1946);
#1402=LINE('',#8983,#1947);
#1403=LINE('',#8985,#1948);
#1404=LINE('',#8986,#1949);
#1405=LINE('',#8991,#1950);
#1406=LINE('',#8995,#1951);
#1407=LINE('',#8996,#1952);
#1408=LINE('',#8999,#1953);
#1409=LINE('',#9003,#1954);
#1410=LINE('',#9004,#1955);
#1411=LINE('',#9008,#1956);
#1412=LINE('',#9013,#1957);
#1413=LINE('',#9016,#1958);
#1414=LINE('',#9022,#1959);
#1415=LINE('',#9024,#1960);
#1416=LINE('',#9026,#1961);
#1417=LINE('',#9027,#1962);
#1418=LINE('',#9033,#1963);
#1419=LINE('',#9035,#1964);
#1420=LINE('',#9037,#1965);
#1421=LINE('',#9039,#1966);
#1422=LINE('',#9040,#1967);
#1423=LINE('',#9041,#1968);
#1424=LINE('',#9042,#1969);
#1425=LINE('',#9043,#1970);
#1426=LINE('',#9047,#1971);
#1427=LINE('',#9049,#1972);
#1428=LINE('',#9051,#1973);
#1429=LINE('',#9052,#1974);
#1430=LINE('',#9060,#1975);
#1431=LINE('',#9062,#1976);
#1432=LINE('',#9064,#1977);
#1433=LINE('',#9068,#1978);
#1434=LINE('',#9070,#1979);
#1435=LINE('',#9072,#1980);
#1436=LINE('',#9076,#1981);
#1437=LINE('',#9078,#1982);
#1438=LINE('',#9080,#1983);
#1439=LINE('',#9082,#1984);
#1440=LINE('',#9086,#1985);
#1441=LINE('',#9087,#1986);
#1442=LINE('',#9088,#1987);
#1443=LINE('',#9095,#1988);
#1444=LINE('',#9096,#1989);
#1445=LINE('',#9097,#1990);
#1446=LINE('',#9104,#1991);
#1447=LINE('',#9105,#1992);
#1448=LINE('',#9106,#1993);
#1449=LINE('',#9110,#1994);
#1450=LINE('',#9114,#1995);
#1451=LINE('',#9115,#1996);
#1452=LINE('',#9116,#1997);
#1453=LINE('',#9118,#1998);
#1454=LINE('',#9120,#1999);
#1455=LINE('',#9121,#2000);
#1456=LINE('',#9125,#2001);
#1457=LINE('',#9126,#2002);
#1458=LINE('',#9127,#2003);
#1459=LINE('',#9134,#2004);
#1460=LINE('',#9135,#2005);
#1461=LINE('',#9136,#2006);
#1462=LINE('',#9143,#2007);
#1463=LINE('',#9144,#2008);
#1464=LINE('',#9145,#2009);
#1465=LINE('',#9150,#2010);
#1466=LINE('',#9151,#2011);
#1467=LINE('',#9155,#2012);
#1468=LINE('',#9157,#2013);
#1469=LINE('',#9161,#2014);
#1470=LINE('',#9163,#2015);
#1471=LINE('',#9167,#2016);
#1472=LINE('',#9169,#2017);
#1473=LINE('',#9177,#2018);
#1474=LINE('',#9182,#2019);
#1475=LINE('',#9186,#2020);
#1476=LINE('',#9190,#2021);
#1477=LINE('',#9194,#2022);
#1478=LINE('',#9214,#2023);
#1479=LINE('',#9218,#2024);
#1480=LINE('',#9241,#2025);
#1481=LINE('',#9242,#2026);
#1482=LINE('',#9243,#2027);
#1483=LINE('',#9244,#2028);
#1484=LINE('',#9246,#2029);
#1485=LINE('',#9248,#2030);
#1486=LINE('',#9250,#2031);
#1487=LINE('',#9251,#2032);
#1488=LINE('',#9255,#2033);
#1489=LINE('',#9256,#2034);
#1490=LINE('',#9258,#2035);
#1491=LINE('',#9260,#2036);
#1492=LINE('',#9263,#2037);
#1493=LINE('',#9265,#2038);
#1494=LINE('',#9267,#2039);
#1495=LINE('',#9270,#2040);
#1496=LINE('',#9274,#2041);
#1497=LINE('',#9276,#2042);
#1498=LINE('',#9278,#2043);
#1499=LINE('',#9297,#2044);
#1500=LINE('',#9303,#2045);
#1501=LINE('',#9308,#2046);
#1502=LINE('',#9314,#2047);
#1503=LINE('',#9319,#2048);
#1504=LINE('',#9321,#2049);
#1505=LINE('',#9323,#2050);
#1506=LINE('',#9324,#2051);
#1507=LINE('',#9328,#2052);
#1508=LINE('',#9330,#2053);
#1509=LINE('',#9332,#2054);
#1510=LINE('',#9333,#2055);
#1511=LINE('',#9337,#2056);
#1512=LINE('',#9339,#2057);
#1513=LINE('',#9341,#2058);
#1514=LINE('',#9342,#2059);
#1515=LINE('',#9346,#2060);
#1516=LINE('',#9348,#2061);
#1517=LINE('',#9350,#2062);
#1518=LINE('',#9351,#2063);
#1519=LINE('',#9355,#2064);
#1520=LINE('',#9357,#2065);
#1521=LINE('',#9359,#2066);
#1522=LINE('',#9360,#2067);
#1523=LINE('',#9364,#2068);
#1524=LINE('',#9366,#2069);
#1525=LINE('',#9368,#2070);
#1526=LINE('',#9369,#2071);
#1527=LINE('',#9373,#2072);
#1528=LINE('',#9375,#2073);
#1529=LINE('',#9377,#2074);
#1530=LINE('',#9378,#2075);
#1531=LINE('',#9382,#2076);
#1532=LINE('',#9384,#2077);
#1533=LINE('',#9386,#2078);
#1534=LINE('',#9387,#2079);
#1535=LINE('',#9391,#2080);
#1536=LINE('',#9393,#2081);
#1537=LINE('',#9395,#2082);
#1538=LINE('',#9396,#2083);
#1539=LINE('',#9400,#2084);
#1540=LINE('',#9402,#2085);
#1541=LINE('',#9404,#2086);
#1542=LINE('',#9405,#2087);
#1543=LINE('',#9408,#2088);
#1544=LINE('',#9410,#2089);
#1545=LINE('',#9411,#2090);
#1546=LINE('',#9414,#2091);
#1547=LINE('',#9416,#2092);
#1548=LINE('',#9417,#2093);
#1549=LINE('',#9419,#2094);
#1550=LINE('',#9420,#2095);
#1551=LINE('',#9421,#2096);
#1552=LINE('',#9423,#2097);
#1553=LINE('',#9425,#2098);
#1554=LINE('',#9426,#2099);
#1555=LINE('',#9427,#2100);
#1556=LINE('',#9429,#2101);
#1557=LINE('',#9431,#2102);
#1558=LINE('',#9435,#2103);
#1559=LINE('',#9436,#2104);
#1560=LINE('',#9439,#2105);
#1561=LINE('',#9441,#2106);
#1562=LINE('',#9442,#2107);
#1563=LINE('',#9445,#2108);
#1564=LINE('',#9447,#2109);
#1565=LINE('',#9448,#2110);
#1566=LINE('',#9450,#2111);
#1567=LINE('',#9451,#2112);
#1568=LINE('',#9453,#2113);
#1569=LINE('',#9455,#2114);
#1570=LINE('',#9456,#2115);
#1571=LINE('',#9458,#2116);
#1572=LINE('',#9460,#2117);
#1573=LINE('',#9464,#2118);
#1574=LINE('',#9465,#2119);
#1575=LINE('',#9466,#2120);
#1576=LINE('',#9468,#2121);
#1577=LINE('',#9469,#2122);
#1578=LINE('',#9471,#2123);
#1579=LINE('',#9477,#2124);
#1580=LINE('',#9480,#2125);
#1581=LINE('',#9483,#2126);
#1582=LINE('',#9487,#2127);
#1583=LINE('',#9489,#2128);
#1584=LINE('',#9490,#2129);
#1585=LINE('',#9493,#2130);
#1586=LINE('',#9494,#2131);
#1587=LINE('',#9498,#2132);
#1588=LINE('',#9501,#2133);
#1589=LINE('',#9503,#2134);
#1590=LINE('',#9504,#2135);
#1591=LINE('',#9507,#2136);
#1592=LINE('',#9509,#2137);
#1593=LINE('',#9510,#2138);
#1594=LINE('',#9513,#2139);
#1595=LINE('',#9514,#2140);
#1596=LINE('',#9517,#2141);
#1597=LINE('',#9518,#2142);
#1598=LINE('',#9520,#2143);
#1599=LINE('',#9521,#2144);
#1600=LINE('',#9523,#2145);
#1601=LINE('',#9532,#2146);
#1602=LINE('',#9535,#2147);
#1603=LINE('',#9538,#2148);
#1604=LINE('',#9540,#2149);
#1605=LINE('',#9542,#2150);
#1606=LINE('',#9546,#2151);
#1607=LINE('',#9547,#2152);
#1608=LINE('',#9550,#2153);
#1609=LINE('',#9551,#2154);
#1610=LINE('',#9557,#2155);
#1611=LINE('',#9560,#2156);
#1612=LINE('',#9579,#2157);
#1613=LINE('',#9580,#2158);
#1614=LINE('',#9583,#2159);
#1615=LINE('',#9585,#2160);
#1616=LINE('',#9589,#2161);
#1617=LINE('',#9591,#2162);
#1618=LINE('',#9592,#2163);
#1619=LINE('',#9595,#2164);
#1620=LINE('',#9596,#2165);
#1621=LINE('',#9599,#2166);
#1622=LINE('',#9603,#2167);
#1623=LINE('',#9604,#2168);
#1624=LINE('',#9610,#2169);
#1625=LINE('',#9613,#2170);
#1626=LINE('',#9632,#2171);
#1627=LINE('',#9633,#2172);
#1628=LINE('',#9636,#2173);
#1629=LINE('',#9638,#2174);
#1630=LINE('',#9642,#2175);
#1631=LINE('',#9644,#2176);
#1632=LINE('',#9645,#2177);
#1633=LINE('',#9648,#2178);
#1634=LINE('',#9649,#2179);
#1635=LINE('',#9652,#2180);
#1636=LINE('',#9656,#2181);
#1637=LINE('',#9657,#2182);
#1638=LINE('',#9660,#2183);
#1639=LINE('',#9662,#2184);
#1640=LINE('',#9666,#2185);
#1641=LINE('',#9667,#2186);
#1642=LINE('',#9669,#2187);
#1643=LINE('',#9672,#2188);
#1644=LINE('',#9674,#2189);
#1645=LINE('',#9675,#2190);
#1646=LINE('',#9678,#2191);
#1647=LINE('',#9681,#2192);
#1648=LINE('',#9684,#2193);
#1649=LINE('',#9685,#2194);
#1650=LINE('',#9689,#2195);
#1651=LINE('',#9692,#2196);
#1652=LINE('',#9693,#2197);
#1653=LINE('',#9696,#2198);
#1654=LINE('',#9700,#2199);
#1655=LINE('',#9701,#2200);
#1656=LINE('',#9705,#2201);
#1657=LINE('',#9707,#2202);
#1658=LINE('',#9709,#2203);
#1659=LINE('',#9710,#2204);
#1660=LINE('',#9713,#2205);
#1661=LINE('',#9715,#2206);
#1662=LINE('',#9716,#2207);
#1663=LINE('',#9719,#2208);
#1664=LINE('',#9721,#2209);
#1665=LINE('',#9722,#2210);
#1666=LINE('',#9728,#2211);
#1667=LINE('',#9731,#2212);
#1668=LINE('',#9733,#2213);
#1669=LINE('',#9734,#2214);
#1670=LINE('',#9741,#2215);
#1671=LINE('',#9743,#2216);
#1672=LINE('',#9747,#2217);
#1673=LINE('',#9750,#2218);
#1674=LINE('',#9756,#2219);
#1675=LINE('',#9759,#2220);
#1676=LINE('',#9765,#2221);
#1677=LINE('',#9766,#2222);
#1678=LINE('',#9771,#2223);
#1679=LINE('',#9772,#2224);
#1680=LINE('',#9778,#2225);
#1681=LINE('',#9781,#2226);
#1682=LINE('',#9784,#2227);
#1683=LINE('',#9786,#2228);
#1684=LINE('',#9792,#2229);
#1685=LINE('',#9796,#2230);
#1686=LINE('',#9798,#2231);
#1687=LINE('',#9799,#2232);
#1688=LINE('',#9800,#2233);
#1689=LINE('',#9801,#2234);
#1690=LINE('',#9803,#2235);
#1691=LINE('',#9804,#2236);
#1692=LINE('',#9805,#2237);
#1693=LINE('',#9809,#2238);
#1694=LINE('',#9812,#2239);
#1695=LINE('',#9814,#2240);
#1696=LINE('',#9816,#2241);
#1697=LINE('',#9820,#2242);
#1698=LINE('',#9821,#2243);
#1699=LINE('',#9823,#2244);
#1700=LINE('',#9827,#2245);
#1701=LINE('',#9828,#2246);
#1702=LINE('',#9830,#2247);
#1703=LINE('',#9832,#2248);
#1704=LINE('',#9834,#2249);
#1705=LINE('',#9836,#2250);
#1706=VECTOR('',#6072,10.);
#1707=VECTOR('',#6073,10.);
#1708=VECTOR('',#6074,10.);
#1709=VECTOR('',#6075,10.);
#1710=VECTOR('',#6076,10.);
#1711=VECTOR('',#6077,10.);
#1712=VECTOR('',#6078,10.);
#1713=VECTOR('',#6079,10.);
#1714=VECTOR('',#6080,10.);
#1715=VECTOR('',#6081,10.);
#1716=VECTOR('',#6082,10.);
#1717=VECTOR('',#6083,10.);
#1718=VECTOR('',#6086,10.);
#1719=VECTOR('',#6087,10.);
#1720=VECTOR('',#6088,10.);
#1721=VECTOR('',#6089,10.);
#1722=VECTOR('',#6090,10.);
#1723=VECTOR('',#6091,10.);
#1724=VECTOR('',#6092,10.);
#1725=VECTOR('',#6093,10.);
#1726=VECTOR('',#6094,10.);
#1727=VECTOR('',#6097,10.);
#1728=VECTOR('',#6098,10.);
#1729=VECTOR('',#6099,10.);
#1730=VECTOR('',#6100,10.);
#1731=VECTOR('',#6101,10.);
#1732=VECTOR('',#6102,10.);
#1733=VECTOR('',#6103,10.);
#1734=VECTOR('',#6104,10.);
#1735=VECTOR('',#6105,10.);
#1736=VECTOR('',#6106,10.);
#1737=VECTOR('',#6109,10.);
#1738=VECTOR('',#6110,10.);
#1739=VECTOR('',#6111,10.);
#1740=VECTOR('',#6118,10.);
#1741=VECTOR('',#6121,10.);
#1742=VECTOR('',#6124,10.);
#1743=VECTOR('',#6125,10.);
#1744=VECTOR('',#6126,10.);
#1745=VECTOR('',#6131,10.);
#1746=VECTOR('',#6134,10.);
#1747=VECTOR('',#6137,10.);
#1748=VECTOR('',#6138,10.);
#1749=VECTOR('',#6143,10.);
#1750=VECTOR('',#6148,10.);
#1751=VECTOR('',#6149,10.);
#1752=VECTOR('',#6150,10.);
#1753=VECTOR('',#6155,10.);
#1754=VECTOR('',#6160,10.);
#1755=VECTOR('',#6161,10.);
#1756=VECTOR('',#6166,2.6);
#1757=VECTOR('',#6173,2.6);
#1758=VECTOR('',#6180,2.6);
#1759=VECTOR('',#6187,2.6);
#1760=VECTOR('',#6192,10.);
#1761=VECTOR('',#6193,10.);
#1762=VECTOR('',#6194,10.);
#1763=VECTOR('',#6195,10.);
#1764=VECTOR('',#6198,10.);
#1765=VECTOR('',#6199,10.);
#1766=VECTOR('',#6200,10.);
#1767=VECTOR('',#6201,10.);
#1768=VECTOR('',#6206,10.);
#1769=VECTOR('',#6211,10.);
#1770=VECTOR('',#6212,10.);
#1771=VECTOR('',#6213,10.);
#1772=VECTOR('',#6218,10.);
#1773=VECTOR('',#6223,10.);
#1774=VECTOR('',#6224,10.);
#1775=VECTOR('',#6225,10.);
#1776=VECTOR('',#6252,10.);
#1777=VECTOR('',#6255,10.);
#1778=VECTOR('',#6256,10.);
#1779=VECTOR('',#6257,10.);
#1780=VECTOR('',#6260,10.);
#1781=VECTOR('',#6263,10.);
#1782=VECTOR('',#6264,10.);
#1783=VECTOR('',#6265,10.);
#1784=VECTOR('',#6266,10.);
#1785=VECTOR('',#6267,10.);
#1786=VECTOR('',#6268,10.);
#1787=VECTOR('',#6269,10.);
#1788=VECTOR('',#6270,10.);
#1789=VECTOR('',#6291,10.);
#1790=VECTOR('',#6292,10.);
#1791=VECTOR('',#6297,10.);
#1792=VECTOR('',#6298,10.);
#1793=VECTOR('',#6299,10.);
#1794=VECTOR('',#6300,10.);
#1795=VECTOR('',#6301,10.);
#1796=VECTOR('',#6304,10.);
#1797=VECTOR('',#6307,10.);
#1798=VECTOR('',#6310,10.);
#1799=VECTOR('',#6313,10.);
#1800=VECTOR('',#6316,10.);
#1801=VECTOR('',#6319,10.);
#1802=VECTOR('',#6322,10.);
#1803=VECTOR('',#6325,10.);
#1804=VECTOR('',#6328,10.);
#1805=VECTOR('',#6331,10.);
#1806=VECTOR('',#6336,10.);
#1807=VECTOR('',#6339,10.);
#1808=VECTOR('',#6342,10.);
#1809=VECTOR('',#6345,10.);
#1810=VECTOR('',#6348,10.);
#1811=VECTOR('',#6353,10.);
#1812=VECTOR('',#6356,10.);
#1813=VECTOR('',#6359,10.);
#1814=VECTOR('',#6360,10.);
#1815=VECTOR('',#6361,10.);
#1816=VECTOR('',#6362,10.);
#1817=VECTOR('',#6363,10.);
#1818=VECTOR('',#6364,10.);
#1819=VECTOR('',#6365,10.);
#1820=VECTOR('',#6370,10.);
#1821=VECTOR('',#6373,10.);
#1822=VECTOR('',#6376,10.);
#1823=VECTOR('',#6377,10.);
#1824=VECTOR('',#6378,10.);
#1825=VECTOR('',#6379,10.);
#1826=VECTOR('',#6380,10.);
#1827=VECTOR('',#6381,10.);
#1828=VECTOR('',#6382,10.);
#1829=VECTOR('',#6387,10.);
#1830=VECTOR('',#6390,10.);
#1831=VECTOR('',#6393,10.);
#1832=VECTOR('',#6394,10.);
#1833=VECTOR('',#6395,10.);
#1834=VECTOR('',#6400,10.);
#1835=VECTOR('',#6403,10.);
#1836=VECTOR('',#6406,10.);
#1837=VECTOR('',#6407,10.);
#1838=VECTOR('',#6408,10.);
#1839=VECTOR('',#6411,10.);
#1840=VECTOR('',#6412,10.);
#1841=VECTOR('',#6415,10.);
#1842=VECTOR('',#6416,10.);
#1843=VECTOR('',#6419,10.);
#1844=VECTOR('',#6422,10.);
#1845=VECTOR('',#6423,10.);
#1846=VECTOR('',#6424,10.);
#1847=VECTOR('',#6427,10.);
#1848=VECTOR('',#6434,10.);
#1849=VECTOR('',#6439,10.);
#1850=VECTOR('',#6440,10.);
#1851=VECTOR('',#6443,10.);
#1852=VECTOR('',#6444,10.);
#1853=VECTOR('',#6447,10.);
#1854=VECTOR('',#6450,10.);
#1855=VECTOR('',#6453,10.);
#1856=VECTOR('',#6454,10.);
#1857=VECTOR('',#6459,10.);
#1858=VECTOR('',#6462,10.);
#1859=VECTOR('',#6465,10.);
#1860=VECTOR('',#6466,10.);
#1861=VECTOR('',#6467,10.);
#1862=VECTOR('',#6472,10.);
#1863=VECTOR('',#6477,10.);
#1864=VECTOR('',#6478,10.);
#1865=VECTOR('',#6479,10.);
#1866=VECTOR('',#6484,10.);
#1867=VECTOR('',#6487,10.);
#1868=VECTOR('',#6490,10.);
#1869=VECTOR('',#6491,10.);
#1870=VECTOR('',#6492,10.);
#1871=VECTOR('',#6495,10.);
#1872=VECTOR('',#6496,10.);
#1873=VECTOR('',#6497,10.);
#1874=VECTOR('',#6500,10.);
#1875=VECTOR('',#6503,10.);
#1876=VECTOR('',#6504,10.);
#1877=VECTOR('',#6505,10.);
#1878=VECTOR('',#6508,10.);
#1879=VECTOR('',#6513,10.);
#1880=VECTOR('',#6516,10.);
#1881=VECTOR('',#6519,10.);
#1882=VECTOR('',#6520,10.);
#1883=VECTOR('',#6525,10.);
#1884=VECTOR('',#6528,10.);
#1885=VECTOR('',#6529,10.);
#1886=VECTOR('',#6530,10.);
#1887=VECTOR('',#6533,10.);
#1888=VECTOR('',#6536,10.);
#1889=VECTOR('',#6537,10.);
#1890=VECTOR('',#6538,10.);
#1891=VECTOR('',#6541,10.);
#1892=VECTOR('',#6546,10.);
#1893=VECTOR('',#6547,10.);
#1894=VECTOR('',#6552,10.);
#1895=VECTOR('',#6555,10.);
#1896=VECTOR('',#6558,10.);
#1897=VECTOR('',#6561,10.);
#1898=VECTOR('',#6574,10.);
#1899=VECTOR('',#6575,10.);
#1900=VECTOR('',#6588,10.);
#1901=VECTOR('',#6589,10.);
#1902=VECTOR('',#6594,10.);
#1903=VECTOR('',#6595,10.);
#1904=VECTOR('',#6598,10.);
#1905=VECTOR('',#6599,10.);
#1906=VECTOR('',#6604,10.);
#1907=VECTOR('',#6605,10.);
#1908=VECTOR('',#6608,10.);
#1909=VECTOR('',#6609,10.);
#1910=VECTOR('',#6610,10.);
#1911=VECTOR('',#6611,10.);
#1912=VECTOR('',#6612,10.);
#1913=VECTOR('',#6613,10.);
#1914=VECTOR('',#6614,10.);
#1915=VECTOR('',#6615,10.);
#1916=VECTOR('',#6616,10.);
#1917=VECTOR('',#6617,10.);
#1918=VECTOR('',#6618,10.);
#1919=VECTOR('',#6619,10.);
#1920=VECTOR('',#6620,10.);
#1921=VECTOR('',#6621,10.);
#1922=VECTOR('',#6622,10.);
#1923=VECTOR('',#6623,10.);
#1924=VECTOR('',#6624,10.);
#1925=VECTOR('',#6629,10.);
#1926=VECTOR('',#6632,10.);
#1927=VECTOR('',#6633,10.);
#1928=VECTOR('',#6634,10.);
#1929=VECTOR('',#6635,10.);
#1930=VECTOR('',#6636,10.);
#1931=VECTOR('',#6637,10.);
#1932=VECTOR('',#6640,10.);
#1933=VECTOR('',#6643,10.);
#1934=VECTOR('',#6644,10.);
#1935=VECTOR('',#6645,10.);
#1936=VECTOR('',#6648,10.);
#1937=VECTOR('',#6649,10.);
#1938=VECTOR('',#6650,10.);
#1939=VECTOR('',#6651,10.);
#1940=VECTOR('',#6652,10.);
#1941=VECTOR('',#6653,10.);
#1942=VECTOR('',#6654,10.);
#1943=VECTOR('',#6655,10.);
#1944=VECTOR('',#6660,10.);
#1945=VECTOR('',#6669,10.);
#1946=VECTOR('',#6680,10.);
#1947=VECTOR('',#6683,10.);
#1948=VECTOR('',#6684,10.);
#1949=VECTOR('',#6685,10.);
#1950=VECTOR('',#6690,10.);
#1951=VECTOR('',#6695,10.);
#1952=VECTOR('',#6696,10.);
#1953=VECTOR('',#6699,10.);
#1954=VECTOR('',#6704,10.);
#1955=VECTOR('',#6705,10.);
#1956=VECTOR('',#6708,10.);
#1957=VECTOR('',#6713,10.);
#1958=VECTOR('',#6718,10.);
#1959=VECTOR('',#6723,10.);
#1960=VECTOR('',#6724,10.);
#1961=VECTOR('',#6725,10.);
#1962=VECTOR('',#6726,10.);
#1963=VECTOR('',#6733,10.);
#1964=VECTOR('',#6736,10.);
#1965=VECTOR('',#6737,10.);
#1966=VECTOR('',#6738,10.);
#1967=VECTOR('',#6739,10.);
#1968=VECTOR('',#6740,10.);
#1969=VECTOR('',#6741,10.);
#1970=VECTOR('',#6742,10.);
#1971=VECTOR('',#6745,10.);
#1972=VECTOR('',#6746,10.);
#1973=VECTOR('',#6747,10.);
#1974=VECTOR('',#6748,10.);
#1975=VECTOR('',#6759,10.);
#1976=VECTOR('',#6760,10.);
#1977=VECTOR('',#6761,10.);
#1978=VECTOR('',#6764,10.);
#1979=VECTOR('',#6765,10.);
#1980=VECTOR('',#6766,10.);
#1981=VECTOR('',#6769,10.);
#1982=VECTOR('',#6770,10.);
#1983=VECTOR('',#6771,10.);
#1984=VECTOR('',#6774,10.);
#1985=VECTOR('',#6777,10.);
#1986=VECTOR('',#6778,10.);
#1987=VECTOR('',#6779,10.);
#1988=VECTOR('',#6788,10.);
#1989=VECTOR('',#6789,10.);
#1990=VECTOR('',#6790,10.);
#1991=VECTOR('',#6799,10.);
#1992=VECTOR('',#6800,10.);
#1993=VECTOR('',#6801,10.);
#1994=VECTOR('',#6804,10.);
#1995=VECTOR('',#6811,10.);
#1996=VECTOR('',#6812,10.);
#1997=VECTOR('',#6813,10.);
#1998=VECTOR('',#6814,10.);
#1999=VECTOR('',#6815,10.);
#2000=VECTOR('',#6816,10.);
#2001=VECTOR('',#6819,10.);
#2002=VECTOR('',#6820,10.);
#2003=VECTOR('',#6821,10.);
#2004=VECTOR('',#6830,10.);
#2005=VECTOR('',#6831,10.);
#2006=VECTOR('',#6832,10.);
#2007=VECTOR('',#6841,10.);
#2008=VECTOR('',#6842,10.);
#2009=VECTOR('',#6843,10.);
#2010=VECTOR('',#6852,10.);
#2011=VECTOR('',#6853,10.);
#2012=VECTOR('',#6860,10.);
#2013=VECTOR('',#6863,10.);
#2014=VECTOR('',#6870,10.);
#2015=VECTOR('',#6873,10.);
#2016=VECTOR('',#6880,10.);
#2017=VECTOR('',#6883,10.);
#2018=VECTOR('',#6894,10.);
#2019=VECTOR('',#6899,10.);
#2020=VECTOR('',#6906,10.);
#2021=VECTOR('',#6909,10.);
#2022=VECTOR('',#6912,10.);
#2023=VECTOR('',#6917,10.);
#2024=VECTOR('',#6920,10.);
#2025=VECTOR('',#6935,10.);
#2026=VECTOR('',#6936,10.);
#2027=VECTOR('',#6937,10.);
#2028=VECTOR('',#6938,10.);
#2029=VECTOR('',#6941,10.);
#2030=VECTOR('',#6944,10.);
#2031=VECTOR('',#6947,10.);
#2032=VECTOR('',#6948,10.);
#2033=VECTOR('',#6955,10.);
#2034=VECTOR('',#6956,10.);
#2035=VECTOR('',#6959,10.);
#2036=VECTOR('',#6962,10.);
#2037=VECTOR('',#6967,10.);
#2038=VECTOR('',#6970,10.);
#2039=VECTOR('',#6973,10.);
#2040=VECTOR('',#6978,10.);
#2041=VECTOR('',#6985,10.);
#2042=VECTOR('',#6988,10.);
#2043=VECTOR('',#6991,10.);
#2044=VECTOR('',#7018,3.25);
#2045=VECTOR('',#7025,3.25);
#2046=VECTOR('',#7032,2.25);
#2047=VECTOR('',#7039,2.25);
#2048=VECTOR('',#7044,10.);
#2049=VECTOR('',#7045,10.);
#2050=VECTOR('',#7046,10.);
#2051=VECTOR('',#7047,10.);
#2052=VECTOR('',#7050,10.);
#2053=VECTOR('',#7051,10.);
#2054=VECTOR('',#7052,10.);
#2055=VECTOR('',#7053,10.);
#2056=VECTOR('',#7056,10.);
#2057=VECTOR('',#7057,10.);
#2058=VECTOR('',#7058,10.);
#2059=VECTOR('',#7059,10.);
#2060=VECTOR('',#7062,10.);
#2061=VECTOR('',#7063,10.);
#2062=VECTOR('',#7064,10.);
#2063=VECTOR('',#7065,10.);
#2064=VECTOR('',#7068,10.);
#2065=VECTOR('',#7069,10.);
#2066=VECTOR('',#7070,10.);
#2067=VECTOR('',#7071,10.);
#2068=VECTOR('',#7074,10.);
#2069=VECTOR('',#7075,10.);
#2070=VECTOR('',#7076,10.);
#2071=VECTOR('',#7077,10.);
#2072=VECTOR('',#7080,10.);
#2073=VECTOR('',#7081,10.);
#2074=VECTOR('',#7082,10.);
#2075=VECTOR('',#7083,10.);
#2076=VECTOR('',#7086,10.);
#2077=VECTOR('',#7087,10.);
#2078=VECTOR('',#7088,10.);
#2079=VECTOR('',#7089,10.);
#2080=VECTOR('',#7092,10.);
#2081=VECTOR('',#7093,10.);
#2082=VECTOR('',#7094,10.);
#2083=VECTOR('',#7095,10.);
#2084=VECTOR('',#7098,10.);
#2085=VECTOR('',#7099,10.);
#2086=VECTOR('',#7100,10.);
#2087=VECTOR('',#7101,10.);
#2088=VECTOR('',#7104,10.);
#2089=VECTOR('',#7105,10.);
#2090=VECTOR('',#7106,10.);
#2091=VECTOR('',#7109,10.);
#2092=VECTOR('',#7110,10.);
#2093=VECTOR('',#7111,10.);
#2094=VECTOR('',#7114,10.);
#2095=VECTOR('',#7115,10.);
#2096=VECTOR('',#7116,10.);
#2097=VECTOR('',#7119,10.);
#2098=VECTOR('',#7122,10.);
#2099=VECTOR('',#7123,10.);
#2100=VECTOR('',#7124,10.);
#2101=VECTOR('',#7127,10.);
#2102=VECTOR('',#7130,10.);
#2103=VECTOR('',#7137,10.);
#2104=VECTOR('',#7138,10.);
#2105=VECTOR('',#7141,10.);
#2106=VECTOR('',#7142,10.);
#2107=VECTOR('',#7143,10.);
#2108=VECTOR('',#7146,10.);
#2109=VECTOR('',#7147,10.);
#2110=VECTOR('',#7148,10.);
#2111=VECTOR('',#7151,10.);
#2112=VECTOR('',#7152,10.);
#2113=VECTOR('',#7155,10.);
#2114=VECTOR('',#7158,10.);
#2115=VECTOR('',#7159,10.);
#2116=VECTOR('',#7162,10.);
#2117=VECTOR('',#7165,10.);
#2118=VECTOR('',#7170,10.);
#2119=VECTOR('',#7171,10.);
#2120=VECTOR('',#7172,10.);
#2121=VECTOR('',#7175,10.);
#2122=VECTOR('',#7176,10.);
#2123=VECTOR('',#7179,10.);
#2124=VECTOR('',#7184,10.);
#2125=VECTOR('',#7187,10.);
#2126=VECTOR('',#7190,10.);
#2127=VECTOR('',#7193,10.);
#2128=VECTOR('',#7194,10.);
#2129=VECTOR('',#7195,10.);
#2130=VECTOR('',#7198,10.);
#2131=VECTOR('',#7199,10.);
#2132=VECTOR('',#7204,10.);
#2133=VECTOR('',#7207,10.);
#2134=VECTOR('',#7208,10.);
#2135=VECTOR('',#7209,10.);
#2136=VECTOR('',#7212,10.);
#2137=VECTOR('',#7213,10.);
#2138=VECTOR('',#7214,10.);
#2139=VECTOR('',#7217,10.);
#2140=VECTOR('',#7218,10.);
#2141=VECTOR('',#7221,10.);
#2142=VECTOR('',#7222,10.);
#2143=VECTOR('',#7225,10.);
#2144=VECTOR('',#7226,10.);
#2145=VECTOR('',#7229,10.);
#2146=VECTOR('',#7240,10.);
#2147=VECTOR('',#7243,10.);
#2148=VECTOR('',#7246,10.);
#2149=VECTOR('',#7247,10.);
#2150=VECTOR('',#7248,10.);
#2151=VECTOR('',#7251,10.);
#2152=VECTOR('',#7252,10.);
#2153=VECTOR('',#7255,10.);
#2154=VECTOR('',#7256,10.);
#2155=VECTOR('',#7261,10.);
#2156=VECTOR('',#7264,10.);
#2157=VECTOR('',#7275,10.);
#2158=VECTOR('',#7276,10.);
#2159=VECTOR('',#7279,10.);
#2160=VECTOR('',#7280,10.);
#2161=VECTOR('',#7283,10.);
#2162=VECTOR('',#7284,10.);
#2163=VECTOR('',#7285,10.);
#2164=VECTOR('',#7288,10.);
#2165=VECTOR('',#7289,10.);
#2166=VECTOR('',#7292,10.);
#2167=VECTOR('',#7297,10.);
#2168=VECTOR('',#7298,10.);
#2169=VECTOR('',#7303,10.);
#2170=VECTOR('',#7306,10.);
#2171=VECTOR('',#7317,10.);
#2172=VECTOR('',#7318,10.);
#2173=VECTOR('',#7321,10.);
#2174=VECTOR('',#7322,10.);
#2175=VECTOR('',#7325,10.);
#2176=VECTOR('',#7326,10.);
#2177=VECTOR('',#7327,10.);
#2178=VECTOR('',#7330,10.);
#2179=VECTOR('',#7331,10.);
#2180=VECTOR('',#7334,10.);
#2181=VECTOR('',#7339,10.);
#2182=VECTOR('',#7340,10.);
#2183=VECTOR('',#7343,10.);
#2184=VECTOR('',#7344,10.);
#2185=VECTOR('',#7347,10.);
#2186=VECTOR('',#7348,10.);
#2187=VECTOR('',#7351,10.);
#2188=VECTOR('',#7354,10.);
#2189=VECTOR('',#7355,10.);
#2190=VECTOR('',#7356,10.);
#2191=VECTOR('',#7359,10.);
#2192=VECTOR('',#7364,10.);
#2193=VECTOR('',#7367,10.);
#2194=VECTOR('',#7368,10.);
#2195=VECTOR('',#7373,10.);
#2196=VECTOR('',#7376,10.);
#2197=VECTOR('',#7377,10.);
#2198=VECTOR('',#7380,10.);
#2199=VECTOR('',#7383,10.);
#2200=VECTOR('',#7384,10.);
#2201=VECTOR('',#7387,10.);
#2202=VECTOR('',#7388,10.);
#2203=VECTOR('',#7389,10.);
#2204=VECTOR('',#7390,10.);
#2205=VECTOR('',#7393,10.);
#2206=VECTOR('',#7394,10.);
#2207=VECTOR('',#7395,10.);
#2208=VECTOR('',#7398,10.);
#2209=VECTOR('',#7399,10.);
#2210=VECTOR('',#7400,10.);
#2211=VECTOR('',#7407,10.);
#2212=VECTOR('',#7410,10.);
#2213=VECTOR('',#7411,10.);
#2214=VECTOR('',#7412,10.);
#2215=VECTOR('',#7421,10.);
#2216=VECTOR('',#7422,10.);
#2217=VECTOR('',#7425,10.);
#2218=VECTOR('',#7428,10.);
#2219=VECTOR('',#7433,10.);
#2220=VECTOR('',#7436,10.);
#2221=VECTOR('',#7445,10.);
#2222=VECTOR('',#7446,10.);
#2223=VECTOR('',#7451,10.);
#2224=VECTOR('',#7452,10.);
#2225=VECTOR('',#7461,10.);
#2226=VECTOR('',#7464,10.);
#2227=VECTOR('',#7467,10.);
#2228=VECTOR('',#7470,10.);
#2229=VECTOR('',#7475,10.);
#2230=VECTOR('',#7478,10.);
#2231=VECTOR('',#7479,10.);
#2232=VECTOR('',#7480,10.);
#2233=VECTOR('',#7481,10.);
#2234=VECTOR('',#7482,10.);
#2235=VECTOR('',#7483,10.);
#2236=VECTOR('',#7484,10.);
#2237=VECTOR('',#7485,10.);
#2238=VECTOR('',#7490,10.);
#2239=VECTOR('',#7495,10.);
#2240=VECTOR('',#7498,10.);
#2241=VECTOR('',#7501,10.);
#2242=VECTOR('',#7506,10.);
#2243=VECTOR('',#7507,10.);
#2244=VECTOR('',#7510,10.);
#2245=VECTOR('',#7517,10.);
#2246=VECTOR('',#7518,10.);
#2247=VECTOR('',#7521,10.);
#2248=VECTOR('',#7524,10.);
#2249=VECTOR('',#7527,10.);
#2250=VECTOR('',#7530,10.);
#2251=B_SPLINE_CURVE_WITH_KNOTS('',3,(#7548,#7549,#7550,#7551,#7552),
 .UNSPECIFIED.,.F.,.F.,(4,1,4),(0.,0.359838518509663,0.694037072510494),
 .UNSPECIFIED.);
#2252=B_SPLINE_CURVE_WITH_KNOTS('',3,(#7556,#7557,#7558,#7559,#7560),
 .UNSPECIFIED.,.F.,.F.,(4,1,4),(0.,0.359838518509663,0.694037072510494),
 .UNSPECIFIED.);
#2253=B_SPLINE_CURVE_WITH_KNOTS('',3,(#7573,#7574,#7575,#7576,#7577),
 .UNSPECIFIED.,.F.,.F.,(4,1,4),(0.,0.367722466533102,0.749999288507407),
 .UNSPECIFIED.);
#2254=B_SPLINE_CURVE_WITH_KNOTS('',3,(#7580,#7581,#7582,#7583,#7584),
 .UNSPECIFIED.,.F.,.F.,(4,1,4),(0.,0.367722466533102,0.749999288507407),
 .UNSPECIFIED.);
#2255=B_SPLINE_CURVE_WITH_KNOTS('',3,(#7596,#7597,#7598,#7599,#7600),
 .UNSPECIFIED.,.F.,.F.,(4,1,4),(0.,0.355844822742041,0.714699984513649),
 .UNSPECIFIED.);
#2256=B_SPLINE_CURVE_WITH_KNOTS('',3,(#7603,#7604,#7605,#7606,#7607),
 .UNSPECIFIED.,.F.,.F.,(4,1,4),(0.,0.355844822742041,0.714699984513649),
 .UNSPECIFIED.);
#2257=B_SPLINE_CURVE_WITH_KNOTS('',3,(#7619,#7620,#7621,#7622,#7623),
 .UNSPECIFIED.,.F.,.F.,(4,1,4),(0.,0.230852873786487,0.474382015241015),
 .UNSPECIFIED.);
#2258=B_SPLINE_CURVE_WITH_KNOTS('',3,(#7626,#7627,#7628,#7629,#7630),
 .UNSPECIFIED.,.F.,.F.,(4,1,4),(0.,0.230852873786487,0.474382015241015),
 .UNSPECIFIED.);
#2259=B_SPLINE_CURVE_WITH_KNOTS('',3,(#7642,#7643,#7644,#7645,#7646),
 .UNSPECIFIED.,.F.,.F.,(4,1,4),(0.,0.237350522234133,0.466237924510197),
 .UNSPECIFIED.);
#2260=B_SPLINE_CURVE_WITH_KNOTS('',3,(#7649,#7650,#7651,#7652,#7653),
 .UNSPECIFIED.,.F.,.F.,(4,1,4),(0.,0.237350522234133,0.466237924510197),
 .UNSPECIFIED.);
#2261=B_SPLINE_CURVE_WITH_KNOTS('',3,(#7665,#7666,#7667,#7668,#7669),
 .UNSPECIFIED.,.F.,.F.,(4,1,4),(0.,0.354183009649448,0.759818966205445),
 .UNSPECIFIED.);
#2262=B_SPLINE_CURVE_WITH_KNOTS('',3,(#7672,#7673,#7674,#7675,#7676),
 .UNSPECIFIED.,.F.,.F.,(4,1,4),(0.,0.354183009649448,0.759818966205445),
 .UNSPECIFIED.);
#2263=B_SPLINE_CURVE_WITH_KNOTS('',3,(#7688,#7689,#7690,#7691,#7692),
 .UNSPECIFIED.,.F.,.F.,(4,1,4),(0.,0.270580516092876,0.527504162149353),
 .UNSPECIFIED.);
#2264=B_SPLINE_CURVE_WITH_KNOTS('',3,(#7695,#7696,#7697,#7698,#7699),
 .UNSPECIFIED.,.F.,.F.,(4,1,4),(0.,0.270580516092876,0.527504162149353),
 .UNSPECIFIED.);
#2265=B_SPLINE_CURVE_WITH_KNOTS('',3,(#7711,#7712,#7713,#7714,#7715),
 .UNSPECIFIED.,.F.,.F.,(4,1,4),(0.,0.36991615170137,0.713639794600703),
 .UNSPECIFIED.);
#2266=B_SPLINE_CURVE_WITH_KNOTS('',3,(#7718,#7719,#7720,#7721,#7722),
 .UNSPECIFIED.,.F.,.F.,(4,1,4),(0.,0.36991615170137,0.713639794600703),
 .UNSPECIFIED.);
#2267=B_SPLINE_CURVE_WITH_KNOTS('',3,(#7734,#7735,#7736,#7737,#7738),
 .UNSPECIFIED.,.F.,.F.,(4,1,4),(0.,0.212620835449053,0.438569257776599),
 .UNSPECIFIED.);
#2268=B_SPLINE_CURVE_WITH_KNOTS('',3,(#7741,#7742,#7743,#7744,#7745),
 .UNSPECIFIED.,.F.,.F.,(4,1,4),(0.,0.212620835449053,0.438569257776599),
 .UNSPECIFIED.);
#2269=B_SPLINE_CURVE_WITH_KNOTS('',3,(#7757,#7758,#7759,#7760,#7761),
 .UNSPECIFIED.,.F.,.F.,(4,1,4),(0.,0.188337996546085,0.3879160512455),
 .UNSPECIFIED.);
#2270=B_SPLINE_CURVE_WITH_KNOTS('',3,(#7764,#7765,#7766,#7767,#7768),
 .UNSPECIFIED.,.F.,.F.,(4,1,4),(0.,0.188337996546085,0.3879160512455),
 .UNSPECIFIED.);
#2271=B_SPLINE_CURVE_WITH_KNOTS('',3,(#7780,#7781,#7782,#7783,#7784),
 .UNSPECIFIED.,.F.,.F.,(4,1,4),(0.,0.242829732590237,0.446684961573578),
 .UNSPECIFIED.);
#2272=B_SPLINE_CURVE_WITH_KNOTS('',3,(#7787,#7788,#7789,#7790,#7791),
 .UNSPECIFIED.,.F.,.F.,(4,1,4),(0.,0.242829732590237,0.446684961573578),
 .UNSPECIFIED.);
#2273=B_SPLINE_CURVE_WITH_KNOTS('',3,(#7809,#7810,#7811,#7812,#7813),
 .UNSPECIFIED.,.F.,.F.,(4,1,4),(0.,0.144362892865257,0.314422216764359),
 .UNSPECIFIED.);
#2274=B_SPLINE_CURVE_WITH_KNOTS('',3,(#7816,#7817,#7818,#7819,#7820),
 .UNSPECIFIED.,.F.,.F.,(4,1,4),(0.,0.144362892865257,0.314422216764359),
 .UNSPECIFIED.);
#2275=B_SPLINE_CURVE_WITH_KNOTS('',3,(#7832,#7833,#7834,#7835,#7836),
 .UNSPECIFIED.,.F.,.F.,(4,1,4),(0.,0.132637357231382,0.264676588510581),
 .UNSPECIFIED.);
#2276=B_SPLINE_CURVE_WITH_KNOTS('',3,(#7839,#7840,#7841,#7842,#7843),
 .UNSPECIFIED.,.F.,.F.,(4,1,4),(0.,0.132637357231382,0.264676588510581),
 .UNSPECIFIED.);
#2277=B_SPLINE_CURVE_WITH_KNOTS('',3,(#7855,#7856,#7857,#7858,#7859),
 .UNSPECIFIED.,.F.,.F.,(4,1,4),(0.,0.119053543034253,0.249256281358056),
 .UNSPECIFIED.);
#2278=B_SPLINE_CURVE_WITH_KNOTS('',3,(#7862,#7863,#7864,#7865,#7866),
 .UNSPECIFIED.,.F.,.F.,(4,1,4),(0.,0.119053543034253,0.249256281358056),
 .UNSPECIFIED.);
#2279=B_SPLINE_CURVE_WITH_KNOTS('',3,(#7878,#7879,#7880,#7881,#7882),
 .UNSPECIFIED.,.F.,.F.,(4,1,4),(0.,0.131647724446915,0.251112096311582),
 .UNSPECIFIED.);
#2280=B_SPLINE_CURVE_WITH_KNOTS('',3,(#7885,#7886,#7887,#7888,#7889),
 .UNSPECIFIED.,.F.,.F.,(4,1,4),(0.,0.131647724446915,0.251112096311582),
 .UNSPECIFIED.);
#2281=B_SPLINE_CURVE_WITH_KNOTS('',3,(#7901,#7902,#7903,#7904,#7905),
 .UNSPECIFIED.,.F.,.F.,(4,1,4),(0.,0.14824804965404,0.304102537175799),
 .UNSPECIFIED.);
#2282=B_SPLINE_CURVE_WITH_KNOTS('',3,(#7908,#7909,#7910,#7911,#7912),
 .UNSPECIFIED.,.F.,.F.,(4,1,4),(0.,0.14824804965404,0.304102537175799),
 .UNSPECIFIED.);
#2283=B_SPLINE_CURVE_WITH_KNOTS('',3,(#7924,#7925,#7926,#7927,#7928),
 .UNSPECIFIED.,.F.,.F.,(4,1,4),(0.,0.197434909814434,0.359604757169057),
 .UNSPECIFIED.);
#2284=B_SPLINE_CURVE_WITH_KNOTS('',3,(#7931,#7932,#7933,#7934,#7935),
 .UNSPECIFIED.,.F.,.F.,(4,1,4),(0.,0.197434909814434,0.359604757169057),
 .UNSPECIFIED.);
#2285=B_SPLINE_CURVE_WITH_KNOTS('',3,(#7953,#7954,#7955,#7956,#7957),
 .UNSPECIFIED.,.F.,.F.,(4,1,4),(0.,0.116176055032608,0.255836442960963),
 .UNSPECIFIED.);
#2286=B_SPLINE_CURVE_WITH_KNOTS('',3,(#7960,#7961,#7962,#7963,#7964),
 .UNSPECIFIED.,.F.,.F.,(4,1,4),(0.,0.116176055032608,0.255836442960963),
 .UNSPECIFIED.);
#2287=B_SPLINE_CURVE_WITH_KNOTS('',3,(#7976,#7977,#7978,#7979,#7980),
 .UNSPECIFIED.,.F.,.F.,(4,1,4),(0.,0.153327310001544,0.304342052152109),
 .UNSPECIFIED.);
#2288=B_SPLINE_CURVE_WITH_KNOTS('',3,(#7983,#7984,#7985,#7986,#7987),
 .UNSPECIFIED.,.F.,.F.,(4,1,4),(0.,0.153327310001544,0.304342052152109),
 .UNSPECIFIED.);
#2289=B_SPLINE_CURVE_WITH_KNOTS('',3,(#7999,#8000,#8001,#8002,#8003),
 .UNSPECIFIED.,.F.,.F.,(4,1,4),(0.,0.187622665970204,0.352850143709302),
 .UNSPECIFIED.);
#2290=B_SPLINE_CURVE_WITH_KNOTS('',3,(#8006,#8007,#8008,#8009,#8010),
 .UNSPECIFIED.,.F.,.F.,(4,1,4),(0.,0.187622665970204,0.352850143709302),
 .UNSPECIFIED.);
#2291=B_SPLINE_CURVE_WITH_KNOTS('',3,(#8022,#8023,#8024,#8025,#8026),
 .UNSPECIFIED.,.F.,.F.,(4,1,4),(0.,0.174667048476921,0.373094509862166),
 .UNSPECIFIED.);
#2292=B_SPLINE_CURVE_WITH_KNOTS('',3,(#8029,#8030,#8031,#8032,#8033),
 .UNSPECIFIED.,.F.,.F.,(4,1,4),(0.,0.174667048476921,0.373094509862166),
 .UNSPECIFIED.);
#2293=B_SPLINE_CURVE_WITH_KNOTS('',3,(#8045,#8046,#8047,#8048,#8049),
 .UNSPECIFIED.,.F.,.F.,(4,1,4),(0.,0.159777868869639,0.321497215951587),
 .UNSPECIFIED.);
#2294=B_SPLINE_CURVE_WITH_KNOTS('',3,(#8052,#8053,#8054,#8055,#8056),
 .UNSPECIFIED.,.F.,.F.,(4,1,4),(0.,0.159777868869639,0.321497215951587),
 .UNSPECIFIED.);
#2295=B_SPLINE_CURVE_WITH_KNOTS('',3,(#8068,#8069,#8070,#8071,#8072),
 .UNSPECIFIED.,.F.,.F.,(4,1,4),(0.,0.147076440204764,0.296002221454765),
 .UNSPECIFIED.);
#2296=B_SPLINE_CURVE_WITH_KNOTS('',3,(#8075,#8076,#8077,#8078,#8079),
 .UNSPECIFIED.,.F.,.F.,(4,1,4),(0.,0.147076440204764,0.296002221454765),
 .UNSPECIFIED.);
#2297=B_SPLINE_CURVE_WITH_KNOTS('',3,(#8091,#8092,#8093,#8094,#8095),
 .UNSPECIFIED.,.F.,.F.,(4,1,4),(0.,0.185228576698117,0.344364073104264),
 .UNSPECIFIED.);
#2298=B_SPLINE_CURVE_WITH_KNOTS('',3,(#8098,#8099,#8100,#8101,#8102),
 .UNSPECIFIED.,.F.,.F.,(4,1,4),(0.,0.185228576698117,0.344364073104264),
 .UNSPECIFIED.);
#2299=B_SPLINE_CURVE_WITH_KNOTS('',3,(#8119,#8120,#8121,#8122,#8123),
 .UNSPECIFIED.,.F.,.F.,(4,1,4),(0.,0.327806681680456,0.668158765497207),
 .UNSPECIFIED.);
#2300=B_SPLINE_CURVE_WITH_KNOTS('',3,(#8124,#8125,#8126,#8127,#8128),
 .UNSPECIFIED.,.F.,.F.,(4,1,4),(0.,0.327806681680456,0.668158765497207),
 .UNSPECIFIED.);
#2301=B_SPLINE_CURVE_WITH_KNOTS('',3,(#8281,#8282,#8283,#8284,#8285),
 .UNSPECIFIED.,.F.,.F.,(4,1,4),(-0.354935780803179,-0.152115334629934,-2.66729281423935E-16),
 .UNSPECIFIED.);
#2302=B_SPLINE_CURVE_WITH_KNOTS('',3,(#8286,#8287,#8288,#8289,#8290),
 .UNSPECIFIED.,.F.,.F.,(4,1,4),(2.66729281423935E-16,0.152115334629934,
0.354935780803179),.UNSPECIFIED.);
#2303=B_SPLINE_CURVE_WITH_KNOTS('',3,(#8396,#8397,#8398,#8399,#8400,#8401,
#8402,#8403,#8404,#8405),.UNSPECIFIED.,.F.,.F.,(4,2,2,2,4),(0.,0.0941969058675709,
0.188393811735142,0.283371228035031,0.378348644334921),.UNSPECIFIED.);
#2304=B_SPLINE_CURVE_WITH_KNOTS('',3,(#8409,#8410,#8411,#8412,#8413,#8414,
#8415,#8416,#8417,#8418),.UNSPECIFIED.,.F.,.F.,(4,2,2,2,4),(-0.377327825348371,
-0.282845427934501,-0.188363030520632,-0.094181515260316,0.),
 .UNSPECIFIED.);
#2305=B_SPLINE_CURVE_WITH_KNOTS('',3,(#8476,#8477,#8478,#8479,#8480,#8481,
#8482,#8483,#8484,#8485),.UNSPECIFIED.,.F.,.F.,(4,2,2,2,4),(0.,0.0941815152603159,
0.188363030520632,0.282845427934501,0.377327825348371),.UNSPECIFIED.);
#2306=B_SPLINE_CURVE_WITH_KNOTS('',3,(#8487,#8488,#8489,#8490,#8491,#8492,
#8493,#8494,#8495,#8496),.UNSPECIFIED.,.F.,.F.,(4,2,2,2,4),(-0.378348644334921,
-0.283371228035031,-0.188393811735142,-0.0941969058675709,0.),
 .UNSPECIFIED.);
#2307=B_SPLINE_CURVE_WITH_KNOTS('',3,(#8500,#8501,#8502,#8503,#8504,#8505,
#8506,#8507,#8508,#8509),.UNSPECIFIED.,.F.,.F.,(4,2,2,2,4),(0.,0.0941815152603159,
0.188363030520632,0.282845427934501,0.377327825348371),.UNSPECIFIED.);
#2308=B_SPLINE_CURVE_WITH_KNOTS('',3,(#8511,#8512,#8513,#8514,#8515,#8516,
#8517,#8518,#8519,#8520),.UNSPECIFIED.,.F.,.F.,(4,2,2,2,4),(-0.378348644334921,
-0.283371228035031,-0.188393811735142,-0.0941969058675709,0.),
 .UNSPECIFIED.);
#2309=B_SPLINE_CURVE_WITH_KNOTS('',3,(#8524,#8525,#8526,#8527,#8528,#8529,
#8530,#8531,#8532,#8533),.UNSPECIFIED.,.F.,.F.,(4,2,2,2,4),(0.,0.0941969058675708,
0.188393811735142,0.283371228035031,0.378348644334921),.UNSPECIFIED.);
#2310=B_SPLINE_CURVE_WITH_KNOTS('',3,(#8535,#8536,#8537,#8538,#8539,#8540,
#8541,#8542,#8543,#8544),.UNSPECIFIED.,.F.,.F.,(4,2,2,2,4),(-0.37732782534837,
-0.282845427934501,-0.188363030520632,-0.0941815152603158,0.),
 .UNSPECIFIED.);
#2311=B_SPLINE_CURVE_WITH_KNOTS('',3,(#8548,#8549,#8550,#8551,#8552,#8553,
#8554,#8555,#8556,#8557),.UNSPECIFIED.,.F.,.F.,(4,2,2,2,4),(0.,0.0941815152603159,
0.188363030520632,0.282845427934501,0.377327825348371),.UNSPECIFIED.);
#2312=B_SPLINE_CURVE_WITH_KNOTS('',3,(#8559,#8560,#8561,#8562,#8563,#8564,
#8565,#8566,#8567,#8568),.UNSPECIFIED.,.F.,.F.,(4,2,2,2,4),(-0.378348644334921,
-0.283371228035031,-0.188393811735142,-0.0941969058675709,0.),
 .UNSPECIFIED.);
#2313=B_SPLINE_CURVE_WITH_KNOTS('',3,(#8572,#8573,#8574,#8575,#8576,#8577,
#8578,#8579,#8580,#8581),.UNSPECIFIED.,.F.,.F.,(4,2,2,2,4),(0.,0.0941969058675709,
0.188393811735142,0.283371228035031,0.378348644334921),.UNSPECIFIED.);
#2314=B_SPLINE_CURVE_WITH_KNOTS('',3,(#8583,#8584,#8585,#8586,#8587,#8588,
#8589,#8590,#8591,#8592),.UNSPECIFIED.,.F.,.F.,(4,2,2,2,4),(-0.377327825348371,
-0.282845427934501,-0.188363030520632,-0.094181515260316,0.),
 .UNSPECIFIED.);
#2315=B_SPLINE_CURVE_WITH_KNOTS('',3,(#9197,#9198,#9199,#9200,#9201,#9202,
#9203,#9204,#9205,#9206,#9207,#9208,#9209,#9210),.UNSPECIFIED.,.F.,.F.,
(4,2,2,2,2,2,4),(-0.0945143703657128,-0.0803949180159113,-0.0643828823761424,
-0.0430035443571505,-0.0220240117925605,0.,0.000441330586580477),
 .UNSPECIFIED.);
#2316=B_SPLINE_CURVE_WITH_KNOTS('',3,(#9220,#9221,#9222,#9223,#9224,#9225,
#9226,#9227,#9228,#9229,#9230,#9231,#9232,#9233),.UNSPECIFIED.,.F.,.F.,
(4,2,2,2,2,2,4),(-0.0941029102031058,-0.0936655431767384,-0.0718393275494339,
-0.051048210752559,-0.0298608791271175,-0.0139926465000468,0.),
 .UNSPECIFIED.);
#2317=VERTEX_POINT('',#7546);
#2318=VERTEX_POINT('',#7547);
#2319=VERTEX_POINT('',#7553);
#2320=VERTEX_POINT('',#7555);
#2321=VERTEX_POINT('',#7572);
#2322=VERTEX_POINT('',#7578);
#2323=VERTEX_POINT('',#7595);
#2324=VERTEX_POINT('',#7601);
#2325=VERTEX_POINT('',#7618);
#2326=VERTEX_POINT('',#7624);
#2327=VERTEX_POINT('',#7641);
#2328=VERTEX_POINT('',#7647);
#2329=VERTEX_POINT('',#7664);
#2330=VERTEX_POINT('',#7670);
#2331=VERTEX_POINT('',#7687);
#2332=VERTEX_POINT('',#7693);
#2333=VERTEX_POINT('',#7710);
#2334=VERTEX_POINT('',#7716);
#2335=VERTEX_POINT('',#7733);
#2336=VERTEX_POINT('',#7739);
#2337=VERTEX_POINT('',#7756);
#2338=VERTEX_POINT('',#7762);
#2339=VERTEX_POINT('',#7779);
#2340=VERTEX_POINT('',#7785);
#2341=VERTEX_POINT('',#7793);
#2342=VERTEX_POINT('',#7795);
#2343=VERTEX_POINT('',#7808);
#2344=VERTEX_POINT('',#7814);
#2345=VERTEX_POINT('',#7831);
#2346=VERTEX_POINT('',#7837);
#2347=VERTEX_POINT('',#7854);
#2348=VERTEX_POINT('',#7860);
#2349=VERTEX_POINT('',#7877);
#2350=VERTEX_POINT('',#7883);
#2351=VERTEX_POINT('',#7900);
#2352=VERTEX_POINT('',#7906);
#2353=VERTEX_POINT('',#7923);
#2354=VERTEX_POINT('',#7929);
#2355=VERTEX_POINT('',#7937);
#2356=VERTEX_POINT('',#7939);
#2357=VERTEX_POINT('',#7952);
#2358=VERTEX_POINT('',#7958);
#2359=VERTEX_POINT('',#7975);
#2360=VERTEX_POINT('',#7981);
#2361=VERTEX_POINT('',#7998);
#2362=VERTEX_POINT('',#8004);
#2363=VERTEX_POINT('',#8021);
#2364=VERTEX_POINT('',#8027);
#2365=VERTEX_POINT('',#8044);
#2366=VERTEX_POINT('',#8050);
#2367=VERTEX_POINT('',#8067);
#2368=VERTEX_POINT('',#8073);
#2369=VERTEX_POINT('',#8090);
#2370=VERTEX_POINT('',#8096);
#2371=VERTEX_POINT('',#8104);
#2372=VERTEX_POINT('',#8106);
#2373=VERTEX_POINT('',#8131);
#2374=VERTEX_POINT('',#8132);
#2375=VERTEX_POINT('',#8134);
#2376=VERTEX_POINT('',#8136);
#2377=VERTEX_POINT('',#8140);
#2378=VERTEX_POINT('',#8142);
#2379=VERTEX_POINT('',#8146);
#2380=VERTEX_POINT('',#8147);
#2381=VERTEX_POINT('',#8149);
#2382=VERTEX_POINT('',#8151);
#2383=VERTEX_POINT('',#8158);
#2384=VERTEX_POINT('',#8160);
#2385=VERTEX_POINT('',#8164);
#2386=VERTEX_POINT('',#8166);
#2387=VERTEX_POINT('',#8170);
#2388=VERTEX_POINT('',#8172);
#2389=VERTEX_POINT('',#8179);
#2390=VERTEX_POINT('',#8181);
#2391=VERTEX_POINT('',#8185);
#2392=VERTEX_POINT('',#8187);
#2393=VERTEX_POINT('',#8191);
#2394=VERTEX_POINT('',#8193);
#2395=VERTEX_POINT('',#8197);
#2396=VERTEX_POINT('',#8199);
#2397=VERTEX_POINT('',#8203);
#2398=VERTEX_POINT('',#8204);
#2399=VERTEX_POINT('',#8206);
#2400=VERTEX_POINT('',#8208);
#2401=VERTEX_POINT('',#8212);
#2402=VERTEX_POINT('',#8213);
#2403=VERTEX_POINT('',#8215);
#2404=VERTEX_POINT('',#8217);
#2405=VERTEX_POINT('',#8221);
#2406=VERTEX_POINT('',#8223);
#2407=VERTEX_POINT('',#8227);
#2408=VERTEX_POINT('',#8229);
#2409=VERTEX_POINT('',#8233);
#2410=VERTEX_POINT('',#8235);
#2411=VERTEX_POINT('',#8239);
#2412=VERTEX_POINT('',#8241);
#2413=VERTEX_POINT('',#8251);
#2414=VERTEX_POINT('',#8252);
#2415=VERTEX_POINT('',#8254);
#2416=VERTEX_POINT('',#8256);
#2417=VERTEX_POINT('',#8258);
#2418=VERTEX_POINT('',#8292);
#2419=VERTEX_POINT('',#8294);
#2420=VERTEX_POINT('',#8296);
#2421=VERTEX_POINT('',#8298);
#2422=VERTEX_POINT('',#8300);
#2423=VERTEX_POINT('',#8302);
#2424=VERTEX_POINT('',#8305);
#2425=VERTEX_POINT('',#8307);
#2426=VERTEX_POINT('',#8308);
#2427=VERTEX_POINT('',#8310);
#2428=VERTEX_POINT('',#8312);
#2429=VERTEX_POINT('',#8315);
#2430=VERTEX_POINT('',#8316);
#2431=VERTEX_POINT('',#8318);
#2432=VERTEX_POINT('',#8320);
#2433=VERTEX_POINT('',#8350);
#2434=VERTEX_POINT('',#8356);
#2435=VERTEX_POINT('',#8357);
#2436=VERTEX_POINT('',#8388);
#2437=VERTEX_POINT('',#8394);
#2438=VERTEX_POINT('',#8395);
#2439=VERTEX_POINT('',#8406);
#2440=VERTEX_POINT('',#8408);
#2441=VERTEX_POINT('',#8421);
#2442=VERTEX_POINT('',#8423);
#2443=VERTEX_POINT('',#8425);
#2444=VERTEX_POINT('',#8427);
#2445=VERTEX_POINT('',#8429);
#2446=VERTEX_POINT('',#8431);
#2447=VERTEX_POINT('',#8433);
#2448=VERTEX_POINT('',#8435);
#2449=VERTEX_POINT('',#8437);
#2450=VERTEX_POINT('',#8439);
#2451=VERTEX_POINT('',#8441);
#2452=VERTEX_POINT('',#8443);
#2453=VERTEX_POINT('',#8445);
#2454=VERTEX_POINT('',#8447);
#2455=VERTEX_POINT('',#8449);
#2456=VERTEX_POINT('',#8451);
#2457=VERTEX_POINT('',#8453);
#2458=VERTEX_POINT('',#8455);
#2459=VERTEX_POINT('',#8457);
#2460=VERTEX_POINT('',#8459);
#2461=VERTEX_POINT('',#8461);
#2462=VERTEX_POINT('',#8463);
#2463=VERTEX_POINT('',#8466);
#2464=VERTEX_POINT('',#8467);
#2465=VERTEX_POINT('',#8469);
#2466=VERTEX_POINT('',#8471);
#2467=VERTEX_POINT('',#8475);
#2468=VERTEX_POINT('',#8486);
#2469=VERTEX_POINT('',#8499);
#2470=VERTEX_POINT('',#8510);
#2471=VERTEX_POINT('',#8523);
#2472=VERTEX_POINT('',#8534);
#2473=VERTEX_POINT('',#8547);
#2474=VERTEX_POINT('',#8558);
#2475=VERTEX_POINT('',#8571);
#2476=VERTEX_POINT('',#8582);
#2477=VERTEX_POINT('',#8595);
#2478=VERTEX_POINT('',#8596);
#2479=VERTEX_POINT('',#8598);
#2480=VERTEX_POINT('',#8600);
#2481=VERTEX_POINT('',#8604);
#2482=VERTEX_POINT('',#8606);
#2483=VERTEX_POINT('',#8608);
#2484=VERTEX_POINT('',#8610);
#2485=VERTEX_POINT('',#8612);
#2486=VERTEX_POINT('',#8614);
#2487=VERTEX_POINT('',#8618);
#2488=VERTEX_POINT('',#8619);
#2489=VERTEX_POINT('',#8621);
#2490=VERTEX_POINT('',#8623);
#2491=VERTEX_POINT('',#8627);
#2492=VERTEX_POINT('',#8629);
#2493=VERTEX_POINT('',#8631);
#2494=VERTEX_POINT('',#8633);
#2495=VERTEX_POINT('',#8635);
#2496=VERTEX_POINT('',#8637);
#2497=VERTEX_POINT('',#8641);
#2498=VERTEX_POINT('',#8642);
#2499=VERTEX_POINT('',#8644);
#2500=VERTEX_POINT('',#8646);
#2501=VERTEX_POINT('',#8650);
#2502=VERTEX_POINT('',#8652);
#2503=VERTEX_POINT('',#8656);
#2504=VERTEX_POINT('',#8657);
#2505=VERTEX_POINT('',#8659);
#2506=VERTEX_POINT('',#8661);
#2507=VERTEX_POINT('',#8665);
#2508=VERTEX_POINT('',#8667);
#2509=VERTEX_POINT('',#8672);
#2510=VERTEX_POINT('',#8674);
#2511=VERTEX_POINT('',#8676);
#2512=VERTEX_POINT('',#8678);
#2513=VERTEX_POINT('',#8680);
#2514=VERTEX_POINT('',#8682);
#2515=VERTEX_POINT('',#8685);
#2516=VERTEX_POINT('',#8687);
#2517=VERTEX_POINT('',#8689);
#2518=VERTEX_POINT('',#8691);
#2519=VERTEX_POINT('',#8693);
#2520=VERTEX_POINT('',#8697);
#2521=VERTEX_POINT('',#8701);
#2522=VERTEX_POINT('',#8702);
#2523=VERTEX_POINT('',#8707);
#2524=VERTEX_POINT('',#8711);
#2525=VERTEX_POINT('',#8713);
#2526=VERTEX_POINT('',#8717);
#2527=VERTEX_POINT('',#8721);
#2528=VERTEX_POINT('',#8722);
#2529=VERTEX_POINT('',#8724);
#2530=VERTEX_POINT('',#8726);
#2531=VERTEX_POINT('',#8730);
#2532=VERTEX_POINT('',#8732);
#2533=VERTEX_POINT('',#8736);
#2534=VERTEX_POINT('',#8738);
#2535=VERTEX_POINT('',#8742);
#2536=VERTEX_POINT('',#8744);
#2537=VERTEX_POINT('',#8748);
#2538=VERTEX_POINT('',#8749);
#2539=VERTEX_POINT('',#8751);
#2540=VERTEX_POINT('',#8753);
#2541=VERTEX_POINT('',#8757);
#2542=VERTEX_POINT('',#8759);
#2543=VERTEX_POINT('',#8764);
#2544=VERTEX_POINT('',#8766);
#2545=VERTEX_POINT('',#8768);
#2546=VERTEX_POINT('',#8770);
#2547=VERTEX_POINT('',#8773);
#2548=VERTEX_POINT('',#8775);
#2549=VERTEX_POINT('',#8777);
#2550=VERTEX_POINT('',#8779);
#2551=VERTEX_POINT('',#8781);
#2552=VERTEX_POINT('',#8785);
#2553=VERTEX_POINT('',#8787);
#2554=VERTEX_POINT('',#8791);
#2555=VERTEX_POINT('',#8795);
#2556=VERTEX_POINT('',#8800);
#2557=VERTEX_POINT('',#8803);
#2558=VERTEX_POINT('',#8805);
#2559=VERTEX_POINT('',#8807);
#2560=VERTEX_POINT('',#8809);
#2561=VERTEX_POINT('',#8814);
#2562=VERTEX_POINT('',#8818);
#2563=VERTEX_POINT('',#8822);
#2564=VERTEX_POINT('',#8832);
#2565=VERTEX_POINT('',#8833);
#2566=VERTEX_POINT('',#8835);
#2567=VERTEX_POINT('',#8839);
#2568=VERTEX_POINT('',#8840);
#2569=VERTEX_POINT('',#8845);
#2570=VERTEX_POINT('',#8846);
#2571=VERTEX_POINT('',#8848);
#2572=VERTEX_POINT('',#8852);
#2573=VERTEX_POINT('',#8853);
#2574=VERTEX_POINT('',#8858);
#2575=VERTEX_POINT('',#8859);
#2576=VERTEX_POINT('',#8867);
#2577=VERTEX_POINT('',#8868);
#2578=VERTEX_POINT('',#8873);
#2579=VERTEX_POINT('',#8875);
#2580=VERTEX_POINT('',#8877);
#2581=VERTEX_POINT('',#8879);
#2582=VERTEX_POINT('',#8884);
#2583=VERTEX_POINT('',#8885);
#2584=VERTEX_POINT('',#8887);
#2585=VERTEX_POINT('',#8889);
#2586=VERTEX_POINT('',#8891);
#2587=VERTEX_POINT('',#8893);
#2588=VERTEX_POINT('',#8895);
#2589=VERTEX_POINT('',#8897);
#2590=VERTEX_POINT('',#8899);
#2591=VERTEX_POINT('',#8901);
#2592=VERTEX_POINT('',#8905);
#2593=VERTEX_POINT('',#8907);
#2594=VERTEX_POINT('',#8910);
#2595=VERTEX_POINT('',#8912);
#2596=VERTEX_POINT('',#8915);
#2597=VERTEX_POINT('',#8917);
#2598=VERTEX_POINT('',#8920);
#2599=VERTEX_POINT('',#8922);
#2600=VERTEX_POINT('',#8925);
#2601=VERTEX_POINT('',#8927);
#2602=VERTEX_POINT('',#8932);
#2603=VERTEX_POINT('',#8934);
#2604=VERTEX_POINT('',#8937);
#2605=VERTEX_POINT('',#8939);
#2606=VERTEX_POINT('',#8944);
#2607=VERTEX_POINT('',#8946);
#2608=VERTEX_POINT('',#8958);
#2609=VERTEX_POINT('',#8962);
#2610=VERTEX_POINT('',#8974);
#2611=VERTEX_POINT('',#8978);
#2612=VERTEX_POINT('',#8982);
#2613=VERTEX_POINT('',#8984);
#2614=VERTEX_POINT('',#8987);
#2615=VERTEX_POINT('',#8990);
#2616=VERTEX_POINT('',#8994);
#2617=VERTEX_POINT('',#8998);
#2618=VERTEX_POINT('',#9002);
#2619=VERTEX_POINT('',#9005);
#2620=VERTEX_POINT('',#9007);
#2621=VERTEX_POINT('',#9010);
#2622=VERTEX_POINT('',#9012);
#2623=VERTEX_POINT('',#9017);
#2624=VERTEX_POINT('',#9020);
#2625=VERTEX_POINT('',#9021);
#2626=VERTEX_POINT('',#9023);
#2627=VERTEX_POINT('',#9025);
#2628=VERTEX_POINT('',#9029);
#2629=VERTEX_POINT('',#9031);
#2630=VERTEX_POINT('',#9036);
#2631=VERTEX_POINT('',#9038);
#2632=VERTEX_POINT('',#9045);
#2633=VERTEX_POINT('',#9046);
#2634=VERTEX_POINT('',#9048);
#2635=VERTEX_POINT('',#9050);
#2636=VERTEX_POINT('',#9057);
#2637=VERTEX_POINT('',#9059);
#2638=VERTEX_POINT('',#9061);
#2639=VERTEX_POINT('',#9063);
#2640=VERTEX_POINT('',#9065);
#2641=VERTEX_POINT('',#9067);
#2642=VERTEX_POINT('',#9069);
#2643=VERTEX_POINT('',#9071);
#2644=VERTEX_POINT('',#9073);
#2645=VERTEX_POINT('',#9075);
#2646=VERTEX_POINT('',#9077);
#2647=VERTEX_POINT('',#9079);
#2648=VERTEX_POINT('',#9084);
#2649=VERTEX_POINT('',#9085);
#2650=VERTEX_POINT('',#9093);
#2651=VERTEX_POINT('',#9094);
#2652=VERTEX_POINT('',#9102);
#2653=VERTEX_POINT('',#9103);
#2654=VERTEX_POINT('',#9108);
#2655=VERTEX_POINT('',#9109);
#2656=VERTEX_POINT('',#9117);
#2657=VERTEX_POINT('',#9119);
#2658=VERTEX_POINT('',#9123);
#2659=VERTEX_POINT('',#9124);
#2660=VERTEX_POINT('',#9132);
#2661=VERTEX_POINT('',#9133);
#2662=VERTEX_POINT('',#9141);
#2663=VERTEX_POINT('',#9142);
#2664=VERTEX_POINT('',#9174);
#2665=VERTEX_POINT('',#9176);
#2666=VERTEX_POINT('',#9180);
#2667=VERTEX_POINT('',#9181);
#2668=VERTEX_POINT('',#9188);
#2669=VERTEX_POINT('',#9189);
#2670=VERTEX_POINT('',#9191);
#2671=VERTEX_POINT('',#9193);
#2672=VERTEX_POINT('',#9195);
#2673=VERTEX_POINT('',#9212);
#2674=VERTEX_POINT('',#9213);
#2675=VERTEX_POINT('',#9215);
#2676=VERTEX_POINT('',#9217);
#2677=VERTEX_POINT('',#9219);
#2678=VERTEX_POINT('',#9282);
#2679=VERTEX_POINT('',#9286);
#2680=VERTEX_POINT('',#9290);
#2681=VERTEX_POINT('',#9292);
#2682=VERTEX_POINT('',#9295);
#2683=VERTEX_POINT('',#9300);
#2684=VERTEX_POINT('',#9302);
#2685=VERTEX_POINT('',#9307);
#2686=VERTEX_POINT('',#9311);
#2687=VERTEX_POINT('',#9313);
#2688=VERTEX_POINT('',#9317);
#2689=VERTEX_POINT('',#9318);
#2690=VERTEX_POINT('',#9320);
#2691=VERTEX_POINT('',#9322);
#2692=VERTEX_POINT('',#9326);
#2693=VERTEX_POINT('',#9327);
#2694=VERTEX_POINT('',#9329);
#2695=VERTEX_POINT('',#9331);
#2696=VERTEX_POINT('',#9335);
#2697=VERTEX_POINT('',#9336);
#2698=VERTEX_POINT('',#9338);
#2699=VERTEX_POINT('',#9340);
#2700=VERTEX_POINT('',#9344);
#2701=VERTEX_POINT('',#9345);
#2702=VERTEX_POINT('',#9347);
#2703=VERTEX_POINT('',#9349);
#2704=VERTEX_POINT('',#9353);
#2705=VERTEX_POINT('',#9354);
#2706=VERTEX_POINT('',#9356);
#2707=VERTEX_POINT('',#9358);
#2708=VERTEX_POINT('',#9362);
#2709=VERTEX_POINT('',#9363);
#2710=VERTEX_POINT('',#9365);
#2711=VERTEX_POINT('',#9367);
#2712=VERTEX_POINT('',#9371);
#2713=VERTEX_POINT('',#9372);
#2714=VERTEX_POINT('',#9374);
#2715=VERTEX_POINT('',#9376);
#2716=VERTEX_POINT('',#9380);
#2717=VERTEX_POINT('',#9381);
#2718=VERTEX_POINT('',#9383);
#2719=VERTEX_POINT('',#9385);
#2720=VERTEX_POINT('',#9389);
#2721=VERTEX_POINT('',#9390);
#2722=VERTEX_POINT('',#9392);
#2723=VERTEX_POINT('',#9394);
#2724=VERTEX_POINT('',#9398);
#2725=VERTEX_POINT('',#9399);
#2726=VERTEX_POINT('',#9401);
#2727=VERTEX_POINT('',#9403);
#2728=VERTEX_POINT('',#9407);
#2729=VERTEX_POINT('',#9409);
#2730=VERTEX_POINT('',#9413);
#2731=VERTEX_POINT('',#9415);
#2732=VERTEX_POINT('',#9438);
#2733=VERTEX_POINT('',#9440);
#2734=VERTEX_POINT('',#9444);
#2735=VERTEX_POINT('',#9446);
#2736=VERTEX_POINT('',#9463);
#2737=VERTEX_POINT('',#9473);
#2738=VERTEX_POINT('',#9474);
#2739=VERTEX_POINT('',#9476);
#2740=VERTEX_POINT('',#9478);
#2741=VERTEX_POINT('',#9482);
#2742=VERTEX_POINT('',#9484);
#2743=VERTEX_POINT('',#9486);
#2744=VERTEX_POINT('',#9488);
#2745=VERTEX_POINT('',#9492);
#2746=VERTEX_POINT('',#9496);
#2747=VERTEX_POINT('',#9500);
#2748=VERTEX_POINT('',#9502);
#2749=VERTEX_POINT('',#9506);
#2750=VERTEX_POINT('',#9508);
#2751=VERTEX_POINT('',#9512);
#2752=VERTEX_POINT('',#9516);
#2753=VERTEX_POINT('',#9528);
#2754=VERTEX_POINT('',#9529);
#2755=VERTEX_POINT('',#9531);
#2756=VERTEX_POINT('',#9533);
#2757=VERTEX_POINT('',#9537);
#2758=VERTEX_POINT('',#9539);
#2759=VERTEX_POINT('',#9541);
#2760=VERTEX_POINT('',#9543);
#2761=VERTEX_POINT('',#9545);
#2762=VERTEX_POINT('',#9549);
#2763=VERTEX_POINT('',#9553);
#2764=VERTEX_POINT('',#9554);
#2765=VERTEX_POINT('',#9556);
#2766=VERTEX_POINT('',#9558);
#2767=VERTEX_POINT('',#9570);
#2768=VERTEX_POINT('',#9572);
#2769=VERTEX_POINT('',#9576);
#2770=VERTEX_POINT('',#9577);
#2771=VERTEX_POINT('',#9582);
#2772=VERTEX_POINT('',#9584);
#2773=VERTEX_POINT('',#9586);
#2774=VERTEX_POINT('',#9588);
#2775=VERTEX_POINT('',#9590);
#2776=VERTEX_POINT('',#9594);
#2777=VERTEX_POINT('',#9598);
#2778=VERTEX_POINT('',#9602);
#2779=VERTEX_POINT('',#9606);
#2780=VERTEX_POINT('',#9607);
#2781=VERTEX_POINT('',#9609);
#2782=VERTEX_POINT('',#9611);
#2783=VERTEX_POINT('',#9623);
#2784=VERTEX_POINT('',#9625);
#2785=VERTEX_POINT('',#9629);
#2786=VERTEX_POINT('',#9630);
#2787=VERTEX_POINT('',#9635);
#2788=VERTEX_POINT('',#9637);
#2789=VERTEX_POINT('',#9639);
#2790=VERTEX_POINT('',#9641);
#2791=VERTEX_POINT('',#9643);
#2792=VERTEX_POINT('',#9647);
#2793=VERTEX_POINT('',#9651);
#2794=VERTEX_POINT('',#9655);
#2795=VERTEX_POINT('',#9659);
#2796=VERTEX_POINT('',#9661);
#2797=VERTEX_POINT('',#9663);
#2798=VERTEX_POINT('',#9665);
#2799=VERTEX_POINT('',#9671);
#2800=VERTEX_POINT('',#9673);
#2801=VERTEX_POINT('',#9677);
#2802=VERTEX_POINT('',#9683);
#2803=VERTEX_POINT('',#9687);
#2804=VERTEX_POINT('',#9691);
#2805=VERTEX_POINT('',#9695);
#2806=VERTEX_POINT('',#9697);
#2807=VERTEX_POINT('',#9699);
#2808=VERTEX_POINT('',#9703);
#2809=VERTEX_POINT('',#9704);
#2810=VERTEX_POINT('',#9706);
#2811=VERTEX_POINT('',#9708);
#2812=VERTEX_POINT('',#9712);
#2813=VERTEX_POINT('',#9714);
#2814=VERTEX_POINT('',#9718);
#2815=VERTEX_POINT('',#9720);
#2816=VERTEX_POINT('',#9724);
#2817=VERTEX_POINT('',#9726);
#2818=VERTEX_POINT('',#9730);
#2819=VERTEX_POINT('',#9732);
#2820=VERTEX_POINT('',#9739);
#2821=VERTEX_POINT('',#9740);
#2822=VERTEX_POINT('',#9742);
#2823=VERTEX_POINT('',#9744);
#2824=VERTEX_POINT('',#9746);
#2825=VERTEX_POINT('',#9748);
#2826=VERTEX_POINT('',#9752);
#2827=VERTEX_POINT('',#9753);
#2828=VERTEX_POINT('',#9755);
#2829=VERTEX_POINT('',#9757);
#2830=VERTEX_POINT('',#9761);
#2831=VERTEX_POINT('',#9768);
#2832=VERTEX_POINT('',#9769);
#2833=VERTEX_POINT('',#9774);
#2834=VERTEX_POINT('',#9780);
#2835=VERTEX_POINT('',#9782);
#2836=VERTEX_POINT('',#9788);
#2837=VERTEX_POINT('',#9789);
#2838=VERTEX_POINT('',#9791);
#2839=VERTEX_POINT('',#9793);
#2840=VERTEX_POINT('',#9795);
#2841=VERTEX_POINT('',#9797);
#2842=VERTEX_POINT('',#9802);
#2843=VERTEX_POINT('',#9807);
#2844=VERTEX_POINT('',#9819);
#2845=EDGE_CURVE('',#2317,#2318,#2251,.T.);
#2846=EDGE_CURVE('',#2317,#2319,#1161,.T.);
#2847=EDGE_CURVE('',#2319,#2320,#2252,.T.);
#2848=EDGE_CURVE('',#2318,#2320,#1162,.T.);
#2849=EDGE_CURVE('',#2321,#2317,#2253,.T.);
#2850=EDGE_CURVE('',#2321,#2322,#1163,.T.);
#2851=EDGE_CURVE('',#2322,#2319,#2254,.T.);
#2852=EDGE_CURVE('',#2323,#2321,#2255,.T.);
#2853=EDGE_CURVE('',#2323,#2324,#1164,.T.);
#2854=EDGE_CURVE('',#2324,#2322,#2256,.T.);
#2855=EDGE_CURVE('',#2325,#2323,#2257,.T.);
#2856=EDGE_CURVE('',#2325,#2326,#1165,.T.);
#2857=EDGE_CURVE('',#2326,#2324,#2258,.T.);
#2858=EDGE_CURVE('',#2327,#2325,#2259,.T.);
#2859=EDGE_CURVE('',#2327,#2328,#1166,.T.);
#2860=EDGE_CURVE('',#2328,#2326,#2260,.T.);
#2861=EDGE_CURVE('',#2329,#2327,#2261,.T.);
#2862=EDGE_CURVE('',#2329,#2330,#1167,.T.);
#2863=EDGE_CURVE('',#2330,#2328,#2262,.T.);
#2864=EDGE_CURVE('',#2331,#2329,#2263,.T.);
#2865=EDGE_CURVE('',#2331,#2332,#1168,.T.);
#2866=EDGE_CURVE('',#2332,#2330,#2264,.T.);
#2867=EDGE_CURVE('',#2333,#2331,#2265,.T.);
#2868=EDGE_CURVE('',#2333,#2334,#1169,.T.);
#2869=EDGE_CURVE('',#2334,#2332,#2266,.T.);
#2870=EDGE_CURVE('',#2335,#2333,#2267,.T.);
#2871=EDGE_CURVE('',#2335,#2336,#1170,.T.);
#2872=EDGE_CURVE('',#2336,#2334,#2268,.T.);
#2873=EDGE_CURVE('',#2337,#2335,#2269,.T.);
#2874=EDGE_CURVE('',#2337,#2338,#1171,.T.);
#2875=EDGE_CURVE('',#2338,#2336,#2270,.T.);
#2876=EDGE_CURVE('',#2339,#2337,#2271,.T.);
#2877=EDGE_CURVE('',#2339,#2340,#1172,.T.);
#2878=EDGE_CURVE('',#2340,#2338,#2272,.T.);
#2879=EDGE_CURVE('',#2341,#2339,#1173,.T.);
#2880=EDGE_CURVE('',#2341,#2342,#1174,.T.);
#2881=EDGE_CURVE('',#2342,#2340,#1175,.T.);
#2882=EDGE_CURVE('',#2343,#2341,#2273,.T.);
#2883=EDGE_CURVE('',#2343,#2344,#1176,.T.);
#2884=EDGE_CURVE('',#2344,#2342,#2274,.T.);
#2885=EDGE_CURVE('',#2345,#2343,#2275,.T.);
#2886=EDGE_CURVE('',#2345,#2346,#1177,.T.);
#2887=EDGE_CURVE('',#2346,#2344,#2276,.T.);
#2888=EDGE_CURVE('',#2347,#2345,#2277,.T.);
#2889=EDGE_CURVE('',#2347,#2348,#1178,.T.);
#2890=EDGE_CURVE('',#2348,#2346,#2278,.T.);
#2891=EDGE_CURVE('',#2349,#2347,#2279,.T.);
#2892=EDGE_CURVE('',#2349,#2350,#1179,.T.);
#2893=EDGE_CURVE('',#2350,#2348,#2280,.T.);
#2894=EDGE_CURVE('',#2351,#2349,#2281,.T.);
#2895=EDGE_CURVE('',#2351,#2352,#1180,.T.);
#2896=EDGE_CURVE('',#2352,#2350,#2282,.T.);
#2897=EDGE_CURVE('',#2353,#2351,#2283,.T.);
#2898=EDGE_CURVE('',#2353,#2354,#1181,.T.);
#2899=EDGE_CURVE('',#2354,#2352,#2284,.T.);
#2900=EDGE_CURVE('',#2355,#2353,#1182,.T.);
#2901=EDGE_CURVE('',#2355,#2356,#1183,.T.);
#2902=EDGE_CURVE('',#2356,#2354,#1184,.T.);
#2903=EDGE_CURVE('',#2357,#2355,#2285,.T.);
#2904=EDGE_CURVE('',#2357,#2358,#1185,.T.);
#2905=EDGE_CURVE('',#2358,#2356,#2286,.T.);
#2906=EDGE_CURVE('',#2359,#2357,#2287,.T.);
#2907=EDGE_CURVE('',#2359,#2360,#1186,.T.);
#2908=EDGE_CURVE('',#2360,#2358,#2288,.T.);
#2909=EDGE_CURVE('',#2361,#2359,#2289,.T.);
#2910=EDGE_CURVE('',#2361,#2362,#1187,.T.);
#2911=EDGE_CURVE('',#2362,#2360,#2290,.T.);
#2912=EDGE_CURVE('',#2363,#2361,#2291,.T.);
#2913=EDGE_CURVE('',#2363,#2364,#1188,.T.);
#2914=EDGE_CURVE('',#2364,#2362,#2292,.T.);
#2915=EDGE_CURVE('',#2365,#2363,#2293,.T.);
#2916=EDGE_CURVE('',#2365,#2366,#1189,.T.);
#2917=EDGE_CURVE('',#2366,#2364,#2294,.T.);
#2918=EDGE_CURVE('',#2367,#2365,#2295,.T.);
#2919=EDGE_CURVE('',#2367,#2368,#1190,.T.);
#2920=EDGE_CURVE('',#2368,#2366,#2296,.T.);
#2921=EDGE_CURVE('',#2369,#2367,#2297,.T.);
#2922=EDGE_CURVE('',#2369,#2370,#1191,.T.);
#2923=EDGE_CURVE('',#2370,#2368,#2298,.T.);
#2924=EDGE_CURVE('',#2371,#2369,#1192,.T.);
#2925=EDGE_CURVE('',#2371,#2372,#1193,.T.);
#2926=EDGE_CURVE('',#2372,#2370,#1194,.T.);
#2927=EDGE_CURVE('',#2318,#2371,#2299,.T.);
#2928=EDGE_CURVE('',#2320,#2372,#2300,.T.);
#2929=EDGE_CURVE('',#2373,#2374,#84,.T.);
#2930=EDGE_CURVE('',#2374,#2375,#1195,.T.);
#2931=EDGE_CURVE('',#2375,#2376,#85,.T.);
#2932=EDGE_CURVE('',#2376,#2373,#1196,.T.);
#2933=EDGE_CURVE('',#2377,#2374,#1197,.T.);
#2934=EDGE_CURVE('',#2378,#2377,#1198,.T.);
#2935=EDGE_CURVE('',#2375,#2378,#1199,.T.);
#2936=EDGE_CURVE('',#2379,#2380,#86,.T.);
#2937=EDGE_CURVE('',#2380,#2381,#1200,.T.);
#2938=EDGE_CURVE('',#2381,#2382,#87,.T.);
#2939=EDGE_CURVE('',#2382,#2379,#1201,.T.);
#2940=EDGE_CURVE('',#2381,#2376,#1202,.T.);
#2941=EDGE_CURVE('',#2373,#2380,#1203,.T.);
#2942=EDGE_CURVE('',#2377,#2383,#88,.T.);
#2943=EDGE_CURVE('',#2383,#2384,#1204,.T.);
#2944=EDGE_CURVE('',#2384,#2378,#89,.T.);
#2945=EDGE_CURVE('',#2385,#2383,#1205,.T.);
#2946=EDGE_CURVE('',#2386,#2385,#1206,.T.);
#2947=EDGE_CURVE('',#2384,#2386,#1207,.T.);
#2948=EDGE_CURVE('',#2385,#2387,#90,.T.);
#2949=EDGE_CURVE('',#2387,#2388,#1208,.T.);
#2950=EDGE_CURVE('',#2388,#2386,#91,.T.);
#2951=EDGE_CURVE('',#2388,#2382,#1209,.T.);
#2952=EDGE_CURVE('',#2379,#2387,#1210,.T.);
#2953=EDGE_CURVE('',#2389,#2389,#92,.T.);
#2954=EDGE_CURVE('',#2389,#2390,#1211,.T.);
#2955=EDGE_CURVE('',#2390,#2390,#93,.T.);
#2956=EDGE_CURVE('',#2391,#2391,#94,.T.);
#2957=EDGE_CURVE('',#2391,#2392,#1212,.T.);
#2958=EDGE_CURVE('',#2392,#2392,#95,.T.);
#2959=EDGE_CURVE('',#2393,#2393,#96,.T.);
#2960=EDGE_CURVE('',#2393,#2394,#1213,.T.);
#2961=EDGE_CURVE('',#2394,#2394,#97,.T.);
#2962=EDGE_CURVE('',#2395,#2395,#98,.T.);
#2963=EDGE_CURVE('',#2395,#2396,#1214,.T.);
#2964=EDGE_CURVE('',#2396,#2396,#99,.T.);
#2965=EDGE_CURVE('',#2397,#2398,#1215,.T.);
#2966=EDGE_CURVE('',#2399,#2397,#1216,.T.);
#2967=EDGE_CURVE('',#2400,#2399,#1217,.T.);
#2968=EDGE_CURVE('',#2398,#2400,#1218,.T.);
#2969=EDGE_CURVE('',#2401,#2402,#1219,.T.);
#2970=EDGE_CURVE('',#2403,#2401,#1220,.T.);
#2971=EDGE_CURVE('',#2404,#2403,#1221,.T.);
#2972=EDGE_CURVE('',#2402,#2404,#1222,.T.);
#2973=EDGE_CURVE('',#2403,#2405,#100,.T.);
#2974=EDGE_CURVE('',#2405,#2406,#1223,.T.);
#2975=EDGE_CURVE('',#2406,#2404,#101,.T.);
#2976=EDGE_CURVE('',#2407,#2405,#1224,.T.);
#2977=EDGE_CURVE('',#2408,#2407,#1225,.T.);
#2978=EDGE_CURVE('',#2406,#2408,#1226,.T.);
#2979=EDGE_CURVE('',#2399,#2409,#102,.T.);
#2980=EDGE_CURVE('',#2409,#2410,#1227,.T.);
#2981=EDGE_CURVE('',#2410,#2400,#103,.T.);
#2982=EDGE_CURVE('',#2411,#2409,#1228,.T.);
#2983=EDGE_CURVE('',#2412,#2411,#1229,.T.);
#2984=EDGE_CURVE('',#2410,#2412,#1230,.T.);
#2985=EDGE_CURVE('',#2411,#2397,#104,.T.);
#2986=EDGE_CURVE('',#2398,#2412,#105,.T.);
#2987=EDGE_CURVE('',#2407,#2401,#106,.T.);
#2988=EDGE_CURVE('',#2402,#2408,#107,.T.);
#2989=EDGE_CURVE('',#2413,#2414,#108,.T.);
#2990=EDGE_CURVE('',#2414,#2415,#109,.T.);
#2991=EDGE_CURVE('',#2415,#2416,#110,.T.);
#2992=EDGE_CURVE('',#2416,#2417,#111,.T.);
#2993=EDGE_CURVE('',#2417,#2413,#112,.T.);
#2994=EDGE_CURVE('',#2413,#2417,#2301,.T.);
#2995=EDGE_CURVE('',#2416,#2414,#2302,.T.);
#2996=EDGE_CURVE('',#2418,#2417,#1231,.T.);
#2997=EDGE_CURVE('',#2419,#2418,#113,.T.);
#2998=EDGE_CURVE('',#2420,#2419,#1232,.T.);
#2999=EDGE_CURVE('',#2420,#2421,#1233,.T.);
#3000=EDGE_CURVE('',#2422,#2421,#1234,.T.);
#3001=EDGE_CURVE('',#2423,#2422,#114,.T.);
#3002=EDGE_CURVE('',#2413,#2423,#1235,.T.);
#3003=EDGE_CURVE('',#2424,#2424,#115,.T.);
#3004=EDGE_CURVE('',#2425,#2426,#1236,.T.);
#3005=EDGE_CURVE('',#2426,#2427,#1237,.T.);
#3006=EDGE_CURVE('',#2427,#2428,#1238,.T.);
#3007=EDGE_CURVE('',#2428,#2425,#1239,.T.);
#3008=EDGE_CURVE('',#2429,#2430,#1240,.T.);
#3009=EDGE_CURVE('',#2430,#2431,#1241,.T.);
#3010=EDGE_CURVE('',#2431,#2432,#1242,.T.);
#3011=EDGE_CURVE('',#2432,#2429,#1243,.T.);
#3012=EDGE_CURVE('',#2433,#2433,#116,.T.);
#3013=EDGE_CURVE('',#2433,#2415,#25,.T.);
#3014=EDGE_CURVE('',#2434,#2435,#117,.T.);
#3015=EDGE_CURVE('',#2435,#2434,#118,.T.);
#3016=EDGE_CURVE('',#2434,#2424,#119,.T.);
#3017=EDGE_CURVE('',#2436,#2436,#120,.T.);
#3018=EDGE_CURVE('',#2436,#2435,#121,.T.);
#3019=EDGE_CURVE('',#2437,#2438,#2303,.T.);
#3020=EDGE_CURVE('',#2438,#2439,#1244,.T.);
#3021=EDGE_CURVE('',#2439,#2440,#2304,.T.);
#3022=EDGE_CURVE('',#2440,#2437,#1245,.T.);
#3023=EDGE_CURVE('',#2438,#2441,#122,.T.);
#3024=EDGE_CURVE('',#2442,#2441,#1246,.T.);
#3025=EDGE_CURVE('',#2443,#2442,#1247,.T.);
#3026=EDGE_CURVE('',#2444,#2443,#1248,.T.);
#3027=EDGE_CURVE('',#2445,#2444,#1249,.T.);
#3028=EDGE_CURVE('',#2446,#2445,#1250,.T.);
#3029=EDGE_CURVE('',#2446,#2447,#123,.T.);
#3030=EDGE_CURVE('',#2448,#2447,#1251,.T.);
#3031=EDGE_CURVE('',#2448,#2449,#124,.T.);
#3032=EDGE_CURVE('',#2449,#2450,#1252,.T.);
#3033=EDGE_CURVE('',#2450,#2451,#125,.T.);
#3034=EDGE_CURVE('',#2452,#2451,#1253,.T.);
#3035=EDGE_CURVE('',#2452,#2453,#126,.T.);
#3036=EDGE_CURVE('',#2454,#2453,#1254,.T.);
#3037=EDGE_CURVE('',#2454,#2455,#127,.T.);
#3038=EDGE_CURVE('',#2455,#2456,#1255,.T.);
#3039=EDGE_CURVE('',#2456,#2457,#128,.T.);
#3040=EDGE_CURVE('',#2458,#2457,#1256,.T.);
#3041=EDGE_CURVE('',#2458,#2459,#129,.T.);
#3042=EDGE_CURVE('',#2460,#2459,#1257,.T.);
#3043=EDGE_CURVE('',#2460,#2461,#130,.T.);
#3044=EDGE_CURVE('',#2461,#2462,#1258,.T.);
#3045=EDGE_CURVE('',#2462,#2439,#131,.T.);
#3046=EDGE_CURVE('',#2463,#2464,#1259,.T.);
#3047=EDGE_CURVE('',#2463,#2465,#132,.T.);
#3048=EDGE_CURVE('',#2465,#2466,#1260,.T.);
#3049=EDGE_CURVE('',#2466,#2464,#133,.T.);
#3050=EDGE_CURVE('',#2467,#2448,#2305,.T.);
#3051=EDGE_CURVE('',#2447,#2468,#2306,.T.);
#3052=EDGE_CURVE('',#2468,#2467,#1261,.T.);
#3053=EDGE_CURVE('',#2469,#2460,#2307,.T.);
#3054=EDGE_CURVE('',#2459,#2470,#2308,.T.);
#3055=EDGE_CURVE('',#2470,#2469,#1262,.T.);
#3056=EDGE_CURVE('',#2471,#2458,#2309,.T.);
#3057=EDGE_CURVE('',#2457,#2472,#2310,.T.);
#3058=EDGE_CURVE('',#2472,#2471,#1263,.T.);
#3059=EDGE_CURVE('',#2473,#2454,#2311,.T.);
#3060=EDGE_CURVE('',#2453,#2474,#2312,.T.);
#3061=EDGE_CURVE('',#2474,#2473,#1264,.T.);
#3062=EDGE_CURVE('',#2475,#2452,#2313,.T.);
#3063=EDGE_CURVE('',#2451,#2476,#2314,.T.);
#3064=EDGE_CURVE('',#2476,#2475,#1265,.T.);
#3065=EDGE_CURVE('',#2477,#2478,#134,.T.);
#3066=EDGE_CURVE('',#2478,#2479,#1266,.T.);
#3067=EDGE_CURVE('',#2479,#2480,#135,.T.);
#3068=EDGE_CURVE('',#2480,#2477,#1267,.T.);
#3069=EDGE_CURVE('',#2478,#2481,#1268,.T.);
#3070=EDGE_CURVE('',#2481,#2482,#1269,.T.);
#3071=EDGE_CURVE('',#2482,#2483,#1270,.T.);
#3072=EDGE_CURVE('',#2484,#2483,#1271,.T.);
#3073=EDGE_CURVE('',#2484,#2485,#1272,.T.);
#3074=EDGE_CURVE('',#2485,#2486,#1273,.T.);
#3075=EDGE_CURVE('',#2479,#2486,#1274,.T.);
#3076=EDGE_CURVE('',#2487,#2488,#136,.T.);
#3077=EDGE_CURVE('',#2488,#2489,#1275,.T.);
#3078=EDGE_CURVE('',#2489,#2490,#137,.T.);
#3079=EDGE_CURVE('',#2490,#2487,#1276,.T.);
#3080=EDGE_CURVE('',#2488,#2491,#1277,.T.);
#3081=EDGE_CURVE('',#2491,#2492,#1278,.T.);
#3082=EDGE_CURVE('',#2492,#2493,#1279,.T.);
#3083=EDGE_CURVE('',#2494,#2493,#1280,.T.);
#3084=EDGE_CURVE('',#2494,#2495,#1281,.T.);
#3085=EDGE_CURVE('',#2495,#2496,#1282,.T.);
#3086=EDGE_CURVE('',#2489,#2496,#1283,.T.);
#3087=EDGE_CURVE('',#2497,#2498,#138,.T.);
#3088=EDGE_CURVE('',#2498,#2499,#1284,.T.);
#3089=EDGE_CURVE('',#2499,#2500,#139,.T.);
#3090=EDGE_CURVE('',#2500,#2497,#1285,.T.);
#3091=EDGE_CURVE('',#2501,#2498,#1286,.T.);
#3092=EDGE_CURVE('',#2502,#2501,#1287,.T.);
#3093=EDGE_CURVE('',#2499,#2502,#1288,.T.);
#3094=EDGE_CURVE('',#2503,#2504,#140,.T.);
#3095=EDGE_CURVE('',#2504,#2505,#1289,.T.);
#3096=EDGE_CURVE('',#2505,#2506,#141,.T.);
#3097=EDGE_CURVE('',#2506,#2503,#1290,.T.);
#3098=EDGE_CURVE('',#2504,#2507,#1291,.T.);
#3099=EDGE_CURVE('',#2508,#2507,#1292,.T.);
#3100=EDGE_CURVE('',#2508,#2505,#1293,.T.);
#3101=EDGE_CURVE('',#2501,#2503,#1294,.T.);
#3102=EDGE_CURVE('',#2497,#2509,#1295,.T.);
#3103=EDGE_CURVE('',#2510,#2509,#142,.T.);
#3104=EDGE_CURVE('',#2510,#2511,#1296,.T.);
#3105=EDGE_CURVE('',#2512,#2511,#1297,.T.);
#3106=EDGE_CURVE('',#2513,#2512,#143,.T.);
#3107=EDGE_CURVE('',#2514,#2513,#1298,.T.);
#3108=EDGE_CURVE('',#2493,#2514,#144,.T.);
#3109=EDGE_CURVE('',#2515,#2492,#1299,.T.);
#3110=EDGE_CURVE('',#2515,#2516,#1300,.T.);
#3111=EDGE_CURVE('',#2516,#2517,#1301,.T.);
#3112=EDGE_CURVE('',#2518,#2517,#145,.T.);
#3113=EDGE_CURVE('',#2519,#2518,#1302,.T.);
#3114=EDGE_CURVE('',#2507,#2519,#146,.T.);
#3115=EDGE_CURVE('',#2520,#2508,#147,.T.);
#3116=EDGE_CURVE('',#2520,#2519,#1303,.T.);
#3117=EDGE_CURVE('',#2521,#2522,#148,.T.);
#3118=EDGE_CURVE('',#2522,#2510,#1304,.T.);
#3119=EDGE_CURVE('',#2509,#2521,#1305,.T.);
#3120=EDGE_CURVE('',#2523,#2522,#1306,.T.);
#3121=EDGE_CURVE('',#2511,#2523,#1307,.T.);
#3122=EDGE_CURVE('',#2517,#2524,#1308,.T.);
#3123=EDGE_CURVE('',#2524,#2525,#149,.T.);
#3124=EDGE_CURVE('',#2525,#2518,#1309,.T.);
#3125=EDGE_CURVE('',#2526,#2516,#1310,.T.);
#3126=EDGE_CURVE('',#2524,#2526,#1311,.T.);
#3127=EDGE_CURVE('',#2527,#2528,#150,.T.);
#3128=EDGE_CURVE('',#2528,#2529,#1312,.T.);
#3129=EDGE_CURVE('',#2529,#2530,#151,.T.);
#3130=EDGE_CURVE('',#2530,#2527,#1313,.T.);
#3131=EDGE_CURVE('',#2531,#2528,#1314,.T.);
#3132=EDGE_CURVE('',#2532,#2531,#1315,.T.);
#3133=EDGE_CURVE('',#2529,#2532,#1316,.T.);
#3134=EDGE_CURVE('',#2531,#2533,#152,.T.);
#3135=EDGE_CURVE('',#2533,#2534,#1317,.T.);
#3136=EDGE_CURVE('',#2534,#2532,#153,.T.);
#3137=EDGE_CURVE('',#2535,#2533,#1318,.T.);
#3138=EDGE_CURVE('',#2536,#2535,#1319,.T.);
#3139=EDGE_CURVE('',#2534,#2536,#1320,.T.);
#3140=EDGE_CURVE('',#2537,#2538,#154,.T.);
#3141=EDGE_CURVE('',#2538,#2539,#1321,.T.);
#3142=EDGE_CURVE('',#2539,#2540,#155,.T.);
#3143=EDGE_CURVE('',#2540,#2537,#1322,.T.);
#3144=EDGE_CURVE('',#2538,#2541,#1323,.T.);
#3145=EDGE_CURVE('',#2542,#2541,#1324,.T.);
#3146=EDGE_CURVE('',#2542,#2539,#1325,.T.);
#3147=EDGE_CURVE('',#2535,#2537,#1326,.T.);
#3148=EDGE_CURVE('',#2527,#2543,#1327,.T.);
#3149=EDGE_CURVE('',#2544,#2543,#1328,.T.);
#3150=EDGE_CURVE('',#2545,#2544,#156,.T.);
#3151=EDGE_CURVE('',#2546,#2545,#1329,.T.);
#3152=EDGE_CURVE('',#2483,#2546,#157,.T.);
#3153=EDGE_CURVE('',#2547,#2482,#1330,.T.);
#3154=EDGE_CURVE('',#2547,#2548,#1331,.T.);
#3155=EDGE_CURVE('',#2548,#2549,#1332,.T.);
#3156=EDGE_CURVE('',#2550,#2549,#158,.T.);
#3157=EDGE_CURVE('',#2551,#2550,#1333,.T.);
#3158=EDGE_CURVE('',#2541,#2551,#159,.T.);
#3159=EDGE_CURVE('',#2549,#2552,#1334,.T.);
#3160=EDGE_CURVE('',#2552,#2553,#160,.T.);
#3161=EDGE_CURVE('',#2553,#2550,#1335,.T.);
#3162=EDGE_CURVE('',#2554,#2548,#1336,.T.);
#3163=EDGE_CURVE('',#2552,#2554,#1337,.T.);
#3164=EDGE_CURVE('',#2555,#2542,#161,.T.);
#3165=EDGE_CURVE('',#2555,#2551,#1338,.T.);
#3166=EDGE_CURVE('',#2553,#2555,#1339,.T.);
#3167=EDGE_CURVE('',#2556,#2554,#1340,.T.);
#3168=EDGE_CURVE('',#2556,#2485,#1341,.T.);
#3169=EDGE_CURVE('',#2557,#2484,#162,.T.);
#3170=EDGE_CURVE('',#2558,#2557,#1342,.T.);
#3171=EDGE_CURVE('',#2559,#2558,#163,.T.);
#3172=EDGE_CURVE('',#2560,#2559,#1343,.T.);
#3173=EDGE_CURVE('',#2560,#2530,#1344,.T.);
#3174=EDGE_CURVE('',#2536,#2540,#1345,.T.);
#3175=EDGE_CURVE('',#2514,#2561,#1346,.T.);
#3176=EDGE_CURVE('',#2561,#2494,#164,.T.);
#3177=EDGE_CURVE('',#2562,#2513,#1347,.T.);
#3178=EDGE_CURVE('',#2562,#2561,#1348,.T.);
#3179=EDGE_CURVE('',#2563,#2562,#165,.T.);
#3180=EDGE_CURVE('',#2512,#2563,#1349,.T.);
#3181=EDGE_CURVE('',#2546,#2557,#1350,.T.);
#3182=EDGE_CURVE('',#2558,#2545,#1351,.T.);
#3183=EDGE_CURVE('',#2544,#2559,#1352,.T.);
#3184=EDGE_CURVE('',#2564,#2565,#166,.F.);
#3185=EDGE_CURVE('',#2566,#2564,#167,.F.);
#3186=EDGE_CURVE('',#2565,#2566,#168,.F.);
#3187=EDGE_CURVE('',#2567,#2568,#169,.T.);
#3188=EDGE_CURVE('',#2567,#2566,#1353,.T.);
#3189=EDGE_CURVE('',#2564,#2568,#1354,.T.);
#3190=EDGE_CURVE('',#2569,#2570,#170,.F.);
#3191=EDGE_CURVE('',#2571,#2569,#171,.F.);
#3192=EDGE_CURVE('',#2570,#2571,#172,.F.);
#3193=EDGE_CURVE('',#2572,#2573,#173,.T.);
#3194=EDGE_CURVE('',#2572,#2571,#1355,.T.);
#3195=EDGE_CURVE('',#2569,#2573,#1356,.T.);
#3196=EDGE_CURVE('',#2574,#2575,#174,.T.);
#3197=EDGE_CURVE('',#2575,#2570,#1357,.T.);
#3198=EDGE_CURVE('',#2571,#2574,#1358,.T.);
#3199=EDGE_CURVE('',#2566,#2569,#1359,.T.);
#3200=EDGE_CURVE('',#2570,#2565,#1360,.T.);
#3201=EDGE_CURVE('',#2576,#2577,#175,.T.);
#3202=EDGE_CURVE('',#2577,#2564,#1361,.T.);
#3203=EDGE_CURVE('',#2565,#2576,#1362,.T.);
#3204=EDGE_CURVE('',#2567,#2578,#1363,.T.);
#3205=EDGE_CURVE('',#2579,#2578,#1364,.T.);
#3206=EDGE_CURVE('',#2580,#2579,#1365,.T.);
#3207=EDGE_CURVE('',#2581,#2580,#1366,.T.);
#3208=EDGE_CURVE('',#2581,#2573,#1367,.T.);
#3209=EDGE_CURVE('',#2480,#2487,#1368,.T.);
#3210=EDGE_CURVE('',#2490,#2477,#1369,.T.);
#3211=EDGE_CURVE('',#2582,#2583,#1370,.T.);
#3212=EDGE_CURVE('',#2584,#2582,#1371,.T.);
#3213=EDGE_CURVE('',#2585,#2584,#1372,.T.);
#3214=EDGE_CURVE('',#2585,#2586,#1373,.T.);
#3215=EDGE_CURVE('',#2586,#2587,#1374,.T.);
#3216=EDGE_CURVE('',#2587,#2588,#1375,.T.);
#3217=EDGE_CURVE('',#2588,#2589,#1376,.T.);
#3218=EDGE_CURVE('',#2589,#2590,#1377,.T.);
#3219=EDGE_CURVE('',#2590,#2591,#1378,.T.);
#3220=EDGE_CURVE('',#2591,#2583,#1379,.T.);
#3221=EDGE_CURVE('',#2592,#2581,#176,.T.);
#3222=EDGE_CURVE('',#2592,#2593,#1380,.T.);
#3223=EDGE_CURVE('',#2442,#2593,#177,.T.);
#3224=EDGE_CURVE('',#2441,#2594,#1381,.T.);
#3225=EDGE_CURVE('',#2594,#2595,#1382,.T.);
#3226=EDGE_CURVE('',#2595,#2463,#1383,.T.);
#3227=EDGE_CURVE('',#2464,#2596,#1384,.T.);
#3228=EDGE_CURVE('',#2596,#2597,#1385,.T.);
#3229=EDGE_CURVE('',#2597,#2446,#1386,.T.);
#3230=EDGE_CURVE('',#2598,#2445,#178,.T.);
#3231=EDGE_CURVE('',#2598,#2599,#1387,.T.);
#3232=EDGE_CURVE('',#2578,#2599,#179,.T.);
#3233=EDGE_CURVE('',#2568,#2600,#1388,.T.);
#3234=EDGE_CURVE('',#2600,#2601,#1389,.T.);
#3235=EDGE_CURVE('',#2572,#2601,#1390,.T.);
#3236=EDGE_CURVE('',#2577,#2600,#1391,.T.);
#3237=EDGE_CURVE('',#2468,#2602,#1392,.T.);
#3238=EDGE_CURVE('',#2602,#2603,#1393,.T.);
#3239=EDGE_CURVE('',#2603,#2467,#1394,.T.);
#3240=EDGE_CURVE('',#2476,#2604,#1395,.T.);
#3241=EDGE_CURVE('',#2604,#2605,#1396,.T.);
#3242=EDGE_CURVE('',#2605,#2475,#1397,.T.);
#3243=EDGE_CURVE('',#2523,#2563,#1398,.T.);
#3244=EDGE_CURVE('',#2421,#2606,#180,.T.);
#3245=EDGE_CURVE('',#2606,#2607,#1399,.T.);
#3246=EDGE_CURVE('',#2607,#2422,#181,.T.);
#3247=EDGE_CURVE('',#2608,#2423,#182,.T.);
#3248=EDGE_CURVE('',#2607,#2608,#183,.T.);
#3249=EDGE_CURVE('',#2608,#2609,#1400,.T.);
#3250=EDGE_CURVE('',#2609,#2418,#184,.T.);
#3251=EDGE_CURVE('',#2610,#2419,#185,.T.);
#3252=EDGE_CURVE('',#2609,#2610,#186,.T.);
#3253=EDGE_CURVE('',#2611,#2420,#187,.T.);
#3254=EDGE_CURVE('',#2610,#2611,#1401,.T.);
#3255=EDGE_CURVE('',#2612,#2610,#1402,.T.);
#3256=EDGE_CURVE('',#2612,#2613,#1403,.T.);
#3257=EDGE_CURVE('',#2611,#2613,#1404,.T.);
#3258=EDGE_CURVE('',#2614,#2614,#188,.T.);
#3259=EDGE_CURVE('',#2609,#2615,#1405,.T.);
#3260=EDGE_CURVE('',#2615,#2612,#189,.T.);
#3261=EDGE_CURVE('',#2616,#2608,#1406,.T.);
#3262=EDGE_CURVE('',#2616,#2615,#1407,.T.);
#3263=EDGE_CURVE('',#2607,#2617,#1408,.T.);
#3264=EDGE_CURVE('',#2617,#2616,#190,.T.);
#3265=EDGE_CURVE('',#2613,#2618,#1409,.T.);
#3266=EDGE_CURVE('',#2606,#2618,#1410,.T.);
#3267=EDGE_CURVE('',#2619,#2443,#191,.T.);
#3268=EDGE_CURVE('',#2619,#2620,#1411,.T.);
#3269=EDGE_CURVE('',#2580,#2620,#192,.T.);
#3270=EDGE_CURVE('',#2621,#2579,#193,.T.);
#3271=EDGE_CURVE('',#2621,#2622,#1412,.T.);
#3272=EDGE_CURVE('',#2444,#2622,#194,.T.);
#3273=EDGE_CURVE('',#2618,#2617,#1413,.T.);
#3274=EDGE_CURVE('',#2623,#2623,#195,.T.);
#3275=EDGE_CURVE('',#2624,#2625,#1414,.T.);
#3276=EDGE_CURVE('',#2626,#2625,#1415,.T.);
#3277=EDGE_CURVE('',#2627,#2626,#1416,.T.);
#3278=EDGE_CURVE('',#2627,#2624,#1417,.T.);
#3279=EDGE_CURVE('',#2625,#2628,#196,.T.);
#3280=EDGE_CURVE('',#2629,#2624,#197,.T.);
#3281=EDGE_CURVE('',#2628,#2629,#1418,.T.);
#3282=EDGE_CURVE('',#2601,#2574,#1419,.T.);
#3283=EDGE_CURVE('',#2440,#2630,#1420,.T.);
#3284=EDGE_CURVE('',#2630,#2631,#1421,.T.);
#3285=EDGE_CURVE('',#2631,#2437,#1422,.T.);
#3286=EDGE_CURVE('',#2470,#2628,#1423,.T.);
#3287=EDGE_CURVE('',#2629,#2469,#1424,.T.);
#3288=EDGE_CURVE('',#2543,#2560,#1425,.T.);
#3289=EDGE_CURVE('',#2632,#2633,#1426,.T.);
#3290=EDGE_CURVE('',#2634,#2633,#1427,.T.);
#3291=EDGE_CURVE('',#2635,#2634,#1428,.T.);
#3292=EDGE_CURVE('',#2635,#2632,#1429,.T.);
#3293=EDGE_CURVE('',#2631,#2632,#198,.T.);
#3294=EDGE_CURVE('',#2633,#2630,#199,.T.);
#3295=EDGE_CURVE('',#2636,#2626,#200,.T.);
#3296=EDGE_CURVE('',#2636,#2637,#1430,.T.);
#3297=EDGE_CURVE('',#2638,#2637,#1431,.T.);
#3298=EDGE_CURVE('',#2638,#2639,#1432,.T.);
#3299=EDGE_CURVE('',#2640,#2639,#201,.T.);
#3300=EDGE_CURVE('',#2640,#2641,#1433,.T.);
#3301=EDGE_CURVE('',#2642,#2641,#1434,.T.);
#3302=EDGE_CURVE('',#2642,#2643,#1435,.T.);
#3303=EDGE_CURVE('',#2644,#2643,#202,.T.);
#3304=EDGE_CURVE('',#2644,#2645,#1436,.T.);
#3305=EDGE_CURVE('',#2646,#2645,#1437,.T.);
#3306=EDGE_CURVE('',#2646,#2647,#1438,.T.);
#3307=EDGE_CURVE('',#2635,#2647,#203,.T.);
#3308=EDGE_CURVE('',#2627,#2634,#1439,.T.);
#3309=EDGE_CURVE('',#2648,#2649,#1440,.T.);
#3310=EDGE_CURVE('',#2643,#2649,#1441,.T.);
#3311=EDGE_CURVE('',#2642,#2648,#1442,.T.);
#3312=EDGE_CURVE('',#2649,#2602,#204,.T.);
#3313=EDGE_CURVE('',#2603,#2648,#205,.T.);
#3314=EDGE_CURVE('',#2650,#2651,#1443,.T.);
#3315=EDGE_CURVE('',#2641,#2651,#1444,.T.);
#3316=EDGE_CURVE('',#2640,#2650,#1445,.T.);
#3317=EDGE_CURVE('',#2605,#2650,#206,.T.);
#3318=EDGE_CURVE('',#2651,#2604,#207,.T.);
#3319=EDGE_CURVE('',#2652,#2653,#1446,.T.);
#3320=EDGE_CURVE('',#2637,#2653,#1447,.T.);
#3321=EDGE_CURVE('',#2636,#2652,#1448,.T.);
#3322=EDGE_CURVE('',#2654,#2655,#1449,.T.);
#3323=EDGE_CURVE('',#2653,#2654,#208,.T.);
#3324=EDGE_CURVE('',#2655,#2652,#209,.T.);
#3325=EDGE_CURVE('',#2575,#2576,#1450,.T.);
#3326=EDGE_CURVE('',#2472,#2654,#1451,.T.);
#3327=EDGE_CURVE('',#2655,#2471,#1452,.T.);
#3328=EDGE_CURVE('',#2474,#2656,#1453,.T.);
#3329=EDGE_CURVE('',#2656,#2657,#1454,.T.);
#3330=EDGE_CURVE('',#2657,#2473,#1455,.T.);
#3331=EDGE_CURVE('',#2658,#2659,#1456,.T.);
#3332=EDGE_CURVE('',#2647,#2659,#1457,.T.);
#3333=EDGE_CURVE('',#2646,#2658,#1458,.T.);
#3334=EDGE_CURVE('',#2659,#2594,#210,.T.);
#3335=EDGE_CURVE('',#2595,#2658,#211,.T.);
#3336=EDGE_CURVE('',#2660,#2661,#1459,.T.);
#3337=EDGE_CURVE('',#2645,#2661,#1460,.T.);
#3338=EDGE_CURVE('',#2644,#2660,#1461,.T.);
#3339=EDGE_CURVE('',#2597,#2660,#212,.T.);
#3340=EDGE_CURVE('',#2661,#2596,#213,.T.);
#3341=EDGE_CURVE('',#2662,#2663,#1462,.T.);
#3342=EDGE_CURVE('',#2639,#2663,#1463,.T.);
#3343=EDGE_CURVE('',#2638,#2662,#1464,.T.);
#3344=EDGE_CURVE('',#2663,#2656,#214,.T.);
#3345=EDGE_CURVE('',#2657,#2662,#215,.T.);
#3346=EDGE_CURVE('',#2642,#2449,#1465,.T.);
#3347=EDGE_CURVE('',#2641,#2450,#1466,.T.);
#3348=EDGE_CURVE('',#2645,#2466,#1467,.T.);
#3349=EDGE_CURVE('',#2646,#2465,#1468,.T.);
#3350=EDGE_CURVE('',#2634,#2462,#1469,.T.);
#3351=EDGE_CURVE('',#2627,#2461,#1470,.T.);
#3352=EDGE_CURVE('',#2637,#2456,#1471,.T.);
#3353=EDGE_CURVE('',#2638,#2455,#1472,.T.);
#3354=EDGE_CURVE('',#2583,#2664,#216,.T.);
#3355=EDGE_CURVE('',#2664,#2665,#1473,.T.);
#3356=EDGE_CURVE('',#2665,#2582,#19,.T.);
#3357=EDGE_CURVE('',#2666,#2667,#1474,.T.);
#3358=EDGE_CURVE('',#2667,#2585,#217,.T.);
#3359=EDGE_CURVE('',#2584,#2666,#20,.T.);
#3360=EDGE_CURVE('',#2665,#2666,#1475,.T.);
#3361=EDGE_CURVE('',#2668,#2669,#1476,.T.);
#3362=EDGE_CURVE('',#2669,#2670,#218,.T.);
#3363=EDGE_CURVE('',#2670,#2671,#1477,.T.);
#3364=EDGE_CURVE('',#2671,#2672,#219,.T.);
#3365=EDGE_CURVE('',#2672,#2668,#2315,.T.);
#3366=EDGE_CURVE('',#2673,#2674,#1478,.T.);
#3367=EDGE_CURVE('',#2674,#2675,#220,.T.);
#3368=EDGE_CURVE('',#2675,#2676,#1479,.T.);
#3369=EDGE_CURVE('',#2676,#2677,#2316,.T.);
#3370=EDGE_CURVE('',#2677,#2673,#221,.T.);
#3371=EDGE_CURVE('',#2672,#2677,#222,.T.);
#3372=EDGE_CURVE('',#2676,#2668,#223,.T.);
#3373=EDGE_CURVE('',#2669,#2675,#224,.T.);
#3374=EDGE_CURVE('',#2664,#2432,#1480,.T.);
#3375=EDGE_CURVE('',#2589,#2431,#1481,.T.);
#3376=EDGE_CURVE('',#2589,#2674,#1482,.T.);
#3377=EDGE_CURVE('',#2665,#2673,#1483,.T.);
#3378=EDGE_CURVE('',#2671,#2666,#1484,.T.);
#3379=EDGE_CURVE('',#2588,#2670,#1485,.T.);
#3380=EDGE_CURVE('',#2591,#2429,#1486,.T.);
#3381=EDGE_CURVE('',#2590,#2430,#1487,.T.);
#3382=EDGE_CURVE('',#2588,#2426,#1488,.T.);
#3383=EDGE_CURVE('',#2667,#2425,#1489,.T.);
#3384=EDGE_CURVE('',#2587,#2427,#1490,.T.);
#3385=EDGE_CURVE('',#2586,#2428,#1491,.T.);
#3386=EDGE_CURVE('',#2593,#2619,#1492,.T.);
#3387=EDGE_CURVE('',#2620,#2592,#1493,.T.);
#3388=EDGE_CURVE('',#2622,#2598,#1494,.T.);
#3389=EDGE_CURVE('',#2599,#2621,#1495,.T.);
#3390=EDGE_CURVE('',#2525,#2520,#1496,.T.);
#3391=EDGE_CURVE('',#2521,#2500,#1497,.T.);
#3392=EDGE_CURVE('',#2502,#2506,#1498,.T.);
#3393=EDGE_CURVE('',#2678,#2678,#225,.T.);
#3394=EDGE_CURVE('',#2678,#2623,#226,.T.);
#3395=EDGE_CURVE('',#2679,#2679,#227,.T.);
#3396=EDGE_CURVE('',#2679,#2614,#228,.T.);
#3397=EDGE_CURVE('',#2680,#2680,#229,.T.);
#3398=EDGE_CURVE('',#2681,#2681,#230,.T.);
#3399=EDGE_CURVE('',#2682,#2682,#231,.T.);
#3400=EDGE_CURVE('',#2682,#2680,#1499,.T.);
#3401=EDGE_CURVE('',#2683,#2683,#232,.T.);
#3402=EDGE_CURVE('',#2683,#2684,#1500,.T.);
#3403=EDGE_CURVE('',#2684,#2684,#233,.T.);
#3404=EDGE_CURVE('',#2681,#2685,#1501,.T.);
#3405=EDGE_CURVE('',#2685,#2685,#234,.T.);
#3406=EDGE_CURVE('',#2686,#2686,#235,.T.);
#3407=EDGE_CURVE('',#2686,#2687,#1502,.T.);
#3408=EDGE_CURVE('',#2687,#2687,#236,.T.);
#3409=EDGE_CURVE('',#2688,#2689,#1503,.T.);
#3410=EDGE_CURVE('',#2689,#2690,#1504,.T.);
#3411=EDGE_CURVE('',#2690,#2691,#1505,.T.);
#3412=EDGE_CURVE('',#2691,#2688,#1506,.T.);
#3413=EDGE_CURVE('',#2692,#2693,#1507,.T.);
#3414=EDGE_CURVE('',#2693,#2694,#1508,.T.);
#3415=EDGE_CURVE('',#2694,#2695,#1509,.T.);
#3416=EDGE_CURVE('',#2695,#2692,#1510,.T.);
#3417=EDGE_CURVE('',#2696,#2697,#1511,.T.);
#3418=EDGE_CURVE('',#2697,#2698,#1512,.T.);
#3419=EDGE_CURVE('',#2698,#2699,#1513,.T.);
#3420=EDGE_CURVE('',#2699,#2696,#1514,.T.);
#3421=EDGE_CURVE('',#2700,#2701,#1515,.T.);
#3422=EDGE_CURVE('',#2701,#2702,#1516,.T.);
#3423=EDGE_CURVE('',#2702,#2703,#1517,.T.);
#3424=EDGE_CURVE('',#2703,#2700,#1518,.T.);
#3425=EDGE_CURVE('',#2704,#2705,#1519,.T.);
#3426=EDGE_CURVE('',#2705,#2706,#1520,.T.);
#3427=EDGE_CURVE('',#2706,#2707,#1521,.T.);
#3428=EDGE_CURVE('',#2707,#2704,#1522,.T.);
#3429=EDGE_CURVE('',#2708,#2709,#1523,.T.);
#3430=EDGE_CURVE('',#2709,#2710,#1524,.T.);
#3431=EDGE_CURVE('',#2711,#2710,#1525,.T.);
#3432=EDGE_CURVE('',#2711,#2708,#1526,.T.);
#3433=EDGE_CURVE('',#2712,#2713,#1527,.T.);
#3434=EDGE_CURVE('',#2713,#2714,#1528,.T.);
#3435=EDGE_CURVE('',#2714,#2715,#1529,.T.);
#3436=EDGE_CURVE('',#2715,#2712,#1530,.T.);
#3437=EDGE_CURVE('',#2716,#2717,#1531,.T.);
#3438=EDGE_CURVE('',#2717,#2718,#1532,.T.);
#3439=EDGE_CURVE('',#2719,#2718,#1533,.T.);
#3440=EDGE_CURVE('',#2719,#2716,#1534,.T.);
#3441=EDGE_CURVE('',#2720,#2721,#1535,.T.);
#3442=EDGE_CURVE('',#2722,#2721,#1536,.T.);
#3443=EDGE_CURVE('',#2722,#2723,#1537,.T.);
#3444=EDGE_CURVE('',#2723,#2720,#1538,.T.);
#3445=EDGE_CURVE('',#2724,#2725,#1539,.T.);
#3446=EDGE_CURVE('',#2726,#2725,#1540,.T.);
#3447=EDGE_CURVE('',#2726,#2727,#1541,.T.);
#3448=EDGE_CURVE('',#2727,#2724,#1542,.T.);
#3449=EDGE_CURVE('',#2728,#2709,#1543,.T.);
#3450=EDGE_CURVE('',#2728,#2729,#1544,.T.);
#3451=EDGE_CURVE('',#2710,#2729,#1545,.T.);
#3452=EDGE_CURVE('',#2730,#2711,#1546,.T.);
#3453=EDGE_CURVE('',#2731,#2730,#1547,.T.);
#3454=EDGE_CURVE('',#2731,#2708,#1548,.T.);
#3455=EDGE_CURVE('',#2692,#2691,#1549,.T.);
#3456=EDGE_CURVE('',#2688,#2695,#1550,.T.);
#3457=EDGE_CURVE('',#2728,#2731,#1551,.T.);
#3458=EDGE_CURVE('',#2690,#2693,#1552,.T.);
#3459=EDGE_CURVE('',#2689,#2694,#1553,.T.);
#3460=EDGE_CURVE('',#2725,#2704,#1554,.T.);
#3461=EDGE_CURVE('',#2724,#2705,#1555,.T.);
#3462=EDGE_CURVE('',#2727,#2706,#1556,.T.);
#3463=EDGE_CURVE('',#2726,#2707,#1557,.T.);
#3464=EDGE_CURVE('',#2697,#2702,#1558,.T.);
#3465=EDGE_CURVE('',#2696,#2703,#1559,.T.);
#3466=EDGE_CURVE('',#2732,#2717,#1560,.T.);
#3467=EDGE_CURVE('',#2732,#2733,#1561,.T.);
#3468=EDGE_CURVE('',#2718,#2733,#1562,.T.);
#3469=EDGE_CURVE('',#2734,#2719,#1563,.T.);
#3470=EDGE_CURVE('',#2735,#2734,#1564,.T.);
#3471=EDGE_CURVE('',#2735,#2716,#1565,.T.);
#3472=EDGE_CURVE('',#2699,#2700,#1566,.T.);
#3473=EDGE_CURVE('',#2732,#2735,#1567,.T.);
#3474=EDGE_CURVE('',#2698,#2701,#1568,.T.);
#3475=EDGE_CURVE('',#2721,#2712,#1569,.T.);
#3476=EDGE_CURVE('',#2720,#2713,#1570,.T.);
#3477=EDGE_CURVE('',#2723,#2714,#1571,.T.);
#3478=EDGE_CURVE('',#2722,#2715,#1572,.T.);
#3479=EDGE_CURVE('',#2736,#2729,#1573,.T.);
#3480=EDGE_CURVE('',#2736,#2526,#1574,.T.);
#3481=EDGE_CURVE('',#2730,#2515,#1575,.T.);
#3482=EDGE_CURVE('',#2556,#2733,#1576,.T.);
#3483=EDGE_CURVE('',#2734,#2547,#1577,.T.);
#3484=EDGE_CURVE('',#2736,#2495,#1578,.T.);
#3485=EDGE_CURVE('',#2737,#2738,#237,.T.);
#3486=EDGE_CURVE('',#2737,#2739,#1579,.T.);
#3487=EDGE_CURVE('',#2740,#2739,#238,.T.);
#3488=EDGE_CURVE('',#2740,#2738,#1580,.T.);
#3489=EDGE_CURVE('',#2738,#2741,#1581,.T.);
#3490=EDGE_CURVE('',#2741,#2742,#239,.T.);
#3491=EDGE_CURVE('',#2743,#2742,#1582,.T.);
#3492=EDGE_CURVE('',#2743,#2744,#1583,.T.);
#3493=EDGE_CURVE('',#2744,#2737,#1584,.T.);
#3494=EDGE_CURVE('',#2745,#2740,#1585,.T.);
#3495=EDGE_CURVE('',#2741,#2745,#1586,.T.);
#3496=EDGE_CURVE('',#2746,#2745,#240,.T.);
#3497=EDGE_CURVE('',#2746,#2742,#1587,.T.);
#3498=EDGE_CURVE('',#2747,#2739,#1588,.T.);
#3499=EDGE_CURVE('',#2747,#2748,#1589,.T.);
#3500=EDGE_CURVE('',#2746,#2748,#1590,.T.);
#3501=EDGE_CURVE('',#2749,#2747,#1591,.T.);
#3502=EDGE_CURVE('',#2750,#2749,#1592,.T.);
#3503=EDGE_CURVE('',#2748,#2750,#1593,.T.);
#3504=EDGE_CURVE('',#2744,#2751,#1594,.T.);
#3505=EDGE_CURVE('',#2749,#2751,#1595,.T.);
#3506=EDGE_CURVE('',#2750,#2752,#1596,.T.);
#3507=EDGE_CURVE('',#2752,#2743,#1597,.T.);
#3508=EDGE_CURVE('',#2751,#2491,#1598,.T.);
#3509=EDGE_CURVE('',#2486,#2752,#1599,.T.);
#3510=EDGE_CURVE('',#2496,#2481,#1600,.T.);
#3511=EDGE_CURVE('',#2753,#2754,#241,.T.);
#3512=EDGE_CURVE('',#2754,#2755,#1601,.T.);
#3513=EDGE_CURVE('',#2755,#2756,#242,.T.);
#3514=EDGE_CURVE('',#2756,#2753,#1602,.T.);
#3515=EDGE_CURVE('',#2757,#2755,#1603,.T.);
#3516=EDGE_CURVE('',#2758,#2757,#1604,.T.);
#3517=EDGE_CURVE('',#2759,#2758,#1605,.T.);
#3518=EDGE_CURVE('',#2760,#2759,#243,.T.);
#3519=EDGE_CURVE('',#2761,#2760,#1606,.T.);
#3520=EDGE_CURVE('',#2761,#2756,#1607,.T.);
#3521=EDGE_CURVE('',#2754,#2762,#1608,.T.);
#3522=EDGE_CURVE('',#2762,#2757,#1609,.T.);
#3523=EDGE_CURVE('',#2763,#2764,#244,.T.);
#3524=EDGE_CURVE('',#2764,#2765,#1610,.T.);
#3525=EDGE_CURVE('',#2765,#2766,#245,.T.);
#3526=EDGE_CURVE('',#2766,#2763,#1611,.T.);
#3527=EDGE_CURVE('',#2765,#2767,#246,.T.);
#3528=EDGE_CURVE('',#2767,#2768,#247,.T.);
#3529=EDGE_CURVE('',#2768,#2766,#248,.T.);
#3530=EDGE_CURVE('',#2769,#2770,#249,.T.);
#3531=EDGE_CURVE('',#2770,#2768,#1612,.T.);
#3532=EDGE_CURVE('',#2767,#2769,#1613,.T.);
#3533=EDGE_CURVE('',#2771,#2769,#1614,.T.);
#3534=EDGE_CURVE('',#2772,#2771,#1615,.T.);
#3535=EDGE_CURVE('',#2773,#2772,#250,.T.);
#3536=EDGE_CURVE('',#2773,#2774,#1616,.T.);
#3537=EDGE_CURVE('',#2775,#2774,#1617,.T.);
#3538=EDGE_CURVE('',#2770,#2775,#1618,.T.);
#3539=EDGE_CURVE('',#2776,#2767,#1619,.T.);
#3540=EDGE_CURVE('',#2771,#2776,#1620,.T.);
#3541=EDGE_CURVE('',#2765,#2777,#1621,.T.);
#3542=EDGE_CURVE('',#2777,#2776,#251,.F.);
#3543=EDGE_CURVE('',#2778,#2764,#1622,.T.);
#3544=EDGE_CURVE('',#2777,#2778,#1623,.T.);
#3545=EDGE_CURVE('',#2779,#2780,#252,.T.);
#3546=EDGE_CURVE('',#2780,#2781,#1624,.T.);
#3547=EDGE_CURVE('',#2781,#2782,#253,.T.);
#3548=EDGE_CURVE('',#2782,#2779,#1625,.T.);
#3549=EDGE_CURVE('',#2781,#2783,#254,.T.);
#3550=EDGE_CURVE('',#2783,#2784,#255,.T.);
#3551=EDGE_CURVE('',#2784,#2782,#256,.T.);
#3552=EDGE_CURVE('',#2785,#2786,#257,.T.);
#3553=EDGE_CURVE('',#2786,#2784,#1626,.T.);
#3554=EDGE_CURVE('',#2783,#2785,#1627,.T.);
#3555=EDGE_CURVE('',#2787,#2785,#1628,.T.);
#3556=EDGE_CURVE('',#2788,#2787,#1629,.T.);
#3557=EDGE_CURVE('',#2789,#2788,#258,.T.);
#3558=EDGE_CURVE('',#2789,#2790,#1630,.T.);
#3559=EDGE_CURVE('',#2791,#2790,#1631,.T.);
#3560=EDGE_CURVE('',#2786,#2791,#1632,.T.);
#3561=EDGE_CURVE('',#2792,#2783,#1633,.T.);
#3562=EDGE_CURVE('',#2787,#2792,#1634,.T.);
#3563=EDGE_CURVE('',#2781,#2793,#1635,.T.);
#3564=EDGE_CURVE('',#2793,#2792,#259,.F.);
#3565=EDGE_CURVE('',#2794,#2780,#1636,.T.);
#3566=EDGE_CURVE('',#2793,#2794,#1637,.T.);
#3567=EDGE_CURVE('',#2795,#2753,#1638,.T.);
#3568=EDGE_CURVE('',#2796,#2795,#1639,.T.);
#3569=EDGE_CURVE('',#2797,#2796,#260,.T.);
#3570=EDGE_CURVE('',#2797,#2798,#1640,.T.);
#3571=EDGE_CURVE('',#2762,#2798,#1641,.T.);
#3572=EDGE_CURVE('',#2795,#2761,#1642,.T.);
#3573=EDGE_CURVE('',#2766,#2799,#1643,.T.);
#3574=EDGE_CURVE('',#2799,#2800,#1644,.T.);
#3575=EDGE_CURVE('',#2800,#2763,#1645,.T.);
#3576=EDGE_CURVE('',#2768,#2801,#1646,.T.);
#3577=EDGE_CURVE('',#2801,#2799,#261,.T.);
#3578=EDGE_CURVE('',#2775,#2801,#1647,.T.);
#3579=EDGE_CURVE('',#2791,#2802,#1648,.T.);
#3580=EDGE_CURVE('',#2802,#2784,#1649,.T.);
#3581=EDGE_CURVE('',#2802,#2803,#262,.T.);
#3582=EDGE_CURVE('',#2803,#2782,#1650,.T.);
#3583=EDGE_CURVE('',#2803,#2804,#1651,.T.);
#3584=EDGE_CURVE('',#2804,#2779,#1652,.T.);
#3585=EDGE_CURVE('',#2790,#2805,#1653,.T.);
#3586=EDGE_CURVE('',#2806,#2805,#263,.T.);
#3587=EDGE_CURVE('',#2806,#2807,#1654,.T.);
#3588=EDGE_CURVE('',#2807,#2804,#1655,.T.);
#3589=EDGE_CURVE('',#2808,#2809,#1656,.T.);
#3590=EDGE_CURVE('',#2808,#2810,#1657,.T.);
#3591=EDGE_CURVE('',#2811,#2810,#1658,.T.);
#3592=EDGE_CURVE('',#2809,#2811,#1659,.T.);
#3593=EDGE_CURVE('',#2809,#2812,#1660,.T.);
#3594=EDGE_CURVE('',#2813,#2811,#1661,.T.);
#3595=EDGE_CURVE('',#2812,#2813,#1662,.T.);
#3596=EDGE_CURVE('',#2812,#2814,#1663,.T.);
#3597=EDGE_CURVE('',#2815,#2813,#1664,.T.);
#3598=EDGE_CURVE('',#2814,#2815,#1665,.T.);
#3599=EDGE_CURVE('',#2814,#2816,#264,.T.);
#3600=EDGE_CURVE('',#2817,#2815,#265,.T.);
#3601=EDGE_CURVE('',#2816,#2817,#1666,.T.);
#3602=EDGE_CURVE('',#2816,#2818,#1667,.T.);
#3603=EDGE_CURVE('',#2819,#2817,#1668,.T.);
#3604=EDGE_CURVE('',#2818,#2819,#1669,.T.);
#3605=EDGE_CURVE('',#2818,#2808,#266,.T.);
#3606=EDGE_CURVE('',#2810,#2819,#267,.T.);
#3607=EDGE_CURVE('',#2820,#2821,#1670,.T.);
#3608=EDGE_CURVE('',#2821,#2822,#1671,.T.);
#3609=EDGE_CURVE('',#2822,#2823,#268,.T.);
#3610=EDGE_CURVE('',#2823,#2824,#1672,.T.);
#3611=EDGE_CURVE('',#2824,#2825,#269,.T.);
#3612=EDGE_CURVE('',#2825,#2820,#1673,.T.);
#3613=EDGE_CURVE('',#2826,#2827,#270,.T.);
#3614=EDGE_CURVE('',#2827,#2828,#1674,.T.);
#3615=EDGE_CURVE('',#2828,#2829,#271,.T.);
#3616=EDGE_CURVE('',#2829,#2826,#1675,.T.);
#3617=EDGE_CURVE('',#2826,#2830,#272,.T.);
#3618=EDGE_CURVE('',#2830,#2827,#273,.T.);
#3619=EDGE_CURVE('',#2774,#2829,#1676,.T.);
#3620=EDGE_CURVE('',#2826,#2773,#1677,.T.);
#3621=EDGE_CURVE('',#2831,#2832,#274,.T.);
#3622=EDGE_CURVE('',#2832,#2806,#1678,.T.);
#3623=EDGE_CURVE('',#2805,#2831,#1679,.T.);
#3624=EDGE_CURVE('',#2831,#2833,#275,.T.);
#3625=EDGE_CURVE('',#2833,#2832,#276,.T.);
#3626=EDGE_CURVE('',#2831,#2789,#1680,.T.);
#3627=EDGE_CURVE('',#2833,#2834,#1681,.T.);
#3628=EDGE_CURVE('',#2834,#2835,#277,.T.);
#3629=EDGE_CURVE('',#2835,#2832,#1682,.T.);
#3630=EDGE_CURVE('',#2788,#2833,#1683,.T.);
#3631=EDGE_CURVE('',#2836,#2837,#278,.T.);
#3632=EDGE_CURVE('',#2836,#2838,#1684,.T.);
#3633=EDGE_CURVE('',#2839,#2838,#279,.T.);
#3634=EDGE_CURVE('',#2839,#2840,#1685,.T.);
#3635=EDGE_CURVE('',#2840,#2841,#1686,.T.);
#3636=EDGE_CURVE('',#2841,#2837,#1687,.T.);
#3637=EDGE_CURVE('',#2796,#2760,#1688,.T.);
#3638=EDGE_CURVE('',#2794,#2834,#1689,.T.);
#3639=EDGE_CURVE('',#2778,#2842,#1690,.T.);
#3640=EDGE_CURVE('',#2830,#2842,#1691,.T.);
#3641=EDGE_CURVE('',#2772,#2830,#1692,.T.);
#3642=EDGE_CURVE('',#2842,#2843,#280,.T.);
#3643=EDGE_CURVE('',#2843,#2827,#1693,.T.);
#3644=EDGE_CURVE('',#2759,#2797,#1694,.T.);
#3645=EDGE_CURVE('',#2798,#2758,#1695,.T.);
#3646=EDGE_CURVE('',#2835,#2807,#1696,.T.);
#3647=EDGE_CURVE('',#2844,#2800,#1697,.T.);
#3648=EDGE_CURVE('',#2843,#2844,#1698,.T.);
#3649=EDGE_CURVE('',#2828,#2844,#1699,.T.);
#3650=EDGE_CURVE('',#2836,#2824,#1700,.T.);
#3651=EDGE_CURVE('',#2838,#2823,#1701,.T.);
#3652=EDGE_CURVE('',#2839,#2822,#1702,.T.);
#3653=EDGE_CURVE('',#2840,#2821,#1703,.T.);
#3654=EDGE_CURVE('',#2841,#2820,#1704,.T.);
#3655=EDGE_CURVE('',#2837,#2825,#1705,.T.);
#3656=ORIENTED_EDGE('',*,*,#2845,.F.);
#3657=ORIENTED_EDGE('',*,*,#2846,.T.);
#3658=ORIENTED_EDGE('',*,*,#2847,.T.);
#3659=ORIENTED_EDGE('',*,*,#2848,.F.);
#3660=ORIENTED_EDGE('',*,*,#2849,.F.);
#3661=ORIENTED_EDGE('',*,*,#2850,.T.);
#3662=ORIENTED_EDGE('',*,*,#2851,.T.);
#3663=ORIENTED_EDGE('',*,*,#2846,.F.);
#3664=ORIENTED_EDGE('',*,*,#2852,.F.);
#3665=ORIENTED_EDGE('',*,*,#2853,.T.);
#3666=ORIENTED_EDGE('',*,*,#2854,.T.);
#3667=ORIENTED_EDGE('',*,*,#2850,.F.);
#3668=ORIENTED_EDGE('',*,*,#2855,.F.);
#3669=ORIENTED_EDGE('',*,*,#2856,.T.);
#3670=ORIENTED_EDGE('',*,*,#2857,.T.);
#3671=ORIENTED_EDGE('',*,*,#2853,.F.);
#3672=ORIENTED_EDGE('',*,*,#2858,.F.);
#3673=ORIENTED_EDGE('',*,*,#2859,.T.);
#3674=ORIENTED_EDGE('',*,*,#2860,.T.);
#3675=ORIENTED_EDGE('',*,*,#2856,.F.);
#3676=ORIENTED_EDGE('',*,*,#2861,.F.);
#3677=ORIENTED_EDGE('',*,*,#2862,.T.);
#3678=ORIENTED_EDGE('',*,*,#2863,.T.);
#3679=ORIENTED_EDGE('',*,*,#2859,.F.);
#3680=ORIENTED_EDGE('',*,*,#2864,.F.);
#3681=ORIENTED_EDGE('',*,*,#2865,.T.);
#3682=ORIENTED_EDGE('',*,*,#2866,.T.);
#3683=ORIENTED_EDGE('',*,*,#2862,.F.);
#3684=ORIENTED_EDGE('',*,*,#2867,.F.);
#3685=ORIENTED_EDGE('',*,*,#2868,.T.);
#3686=ORIENTED_EDGE('',*,*,#2869,.T.);
#3687=ORIENTED_EDGE('',*,*,#2865,.F.);
#3688=ORIENTED_EDGE('',*,*,#2870,.F.);
#3689=ORIENTED_EDGE('',*,*,#2871,.T.);
#3690=ORIENTED_EDGE('',*,*,#2872,.T.);
#3691=ORIENTED_EDGE('',*,*,#2868,.F.);
#3692=ORIENTED_EDGE('',*,*,#2873,.F.);
#3693=ORIENTED_EDGE('',*,*,#2874,.T.);
#3694=ORIENTED_EDGE('',*,*,#2875,.T.);
#3695=ORIENTED_EDGE('',*,*,#2871,.F.);
#3696=ORIENTED_EDGE('',*,*,#2876,.F.);
#3697=ORIENTED_EDGE('',*,*,#2877,.T.);
#3698=ORIENTED_EDGE('',*,*,#2878,.T.);
#3699=ORIENTED_EDGE('',*,*,#2874,.F.);
#3700=ORIENTED_EDGE('',*,*,#2879,.F.);
#3701=ORIENTED_EDGE('',*,*,#2880,.T.);
#3702=ORIENTED_EDGE('',*,*,#2881,.T.);
#3703=ORIENTED_EDGE('',*,*,#2877,.F.);
#3704=ORIENTED_EDGE('',*,*,#2882,.F.);
#3705=ORIENTED_EDGE('',*,*,#2883,.T.);
#3706=ORIENTED_EDGE('',*,*,#2884,.T.);
#3707=ORIENTED_EDGE('',*,*,#2880,.F.);
#3708=ORIENTED_EDGE('',*,*,#2885,.F.);
#3709=ORIENTED_EDGE('',*,*,#2886,.T.);
#3710=ORIENTED_EDGE('',*,*,#2887,.T.);
#3711=ORIENTED_EDGE('',*,*,#2883,.F.);
#3712=ORIENTED_EDGE('',*,*,#2888,.F.);
#3713=ORIENTED_EDGE('',*,*,#2889,.T.);
#3714=ORIENTED_EDGE('',*,*,#2890,.T.);
#3715=ORIENTED_EDGE('',*,*,#2886,.F.);
#3716=ORIENTED_EDGE('',*,*,#2891,.F.);
#3717=ORIENTED_EDGE('',*,*,#2892,.T.);
#3718=ORIENTED_EDGE('',*,*,#2893,.T.);
#3719=ORIENTED_EDGE('',*,*,#2889,.F.);
#3720=ORIENTED_EDGE('',*,*,#2894,.F.);
#3721=ORIENTED_EDGE('',*,*,#2895,.T.);
#3722=ORIENTED_EDGE('',*,*,#2896,.T.);
#3723=ORIENTED_EDGE('',*,*,#2892,.F.);
#3724=ORIENTED_EDGE('',*,*,#2897,.F.);
#3725=ORIENTED_EDGE('',*,*,#2898,.T.);
#3726=ORIENTED_EDGE('',*,*,#2899,.T.);
#3727=ORIENTED_EDGE('',*,*,#2895,.F.);
#3728=ORIENTED_EDGE('',*,*,#2900,.F.);
#3729=ORIENTED_EDGE('',*,*,#2901,.T.);
#3730=ORIENTED_EDGE('',*,*,#2902,.T.);
#3731=ORIENTED_EDGE('',*,*,#2898,.F.);
#3732=ORIENTED_EDGE('',*,*,#2903,.F.);
#3733=ORIENTED_EDGE('',*,*,#2904,.T.);
#3734=ORIENTED_EDGE('',*,*,#2905,.T.);
#3735=ORIENTED_EDGE('',*,*,#2901,.F.);
#3736=ORIENTED_EDGE('',*,*,#2906,.F.);
#3737=ORIENTED_EDGE('',*,*,#2907,.T.);
#3738=ORIENTED_EDGE('',*,*,#2908,.T.);
#3739=ORIENTED_EDGE('',*,*,#2904,.F.);
#3740=ORIENTED_EDGE('',*,*,#2909,.F.);
#3741=ORIENTED_EDGE('',*,*,#2910,.T.);
#3742=ORIENTED_EDGE('',*,*,#2911,.T.);
#3743=ORIENTED_EDGE('',*,*,#2907,.F.);
#3744=ORIENTED_EDGE('',*,*,#2912,.F.);
#3745=ORIENTED_EDGE('',*,*,#2913,.T.);
#3746=ORIENTED_EDGE('',*,*,#2914,.T.);
#3747=ORIENTED_EDGE('',*,*,#2910,.F.);
#3748=ORIENTED_EDGE('',*,*,#2915,.F.);
#3749=ORIENTED_EDGE('',*,*,#2916,.T.);
#3750=ORIENTED_EDGE('',*,*,#2917,.T.);
#3751=ORIENTED_EDGE('',*,*,#2913,.F.);
#3752=ORIENTED_EDGE('',*,*,#2918,.F.);
#3753=ORIENTED_EDGE('',*,*,#2919,.T.);
#3754=ORIENTED_EDGE('',*,*,#2920,.T.);
#3755=ORIENTED_EDGE('',*,*,#2916,.F.);
#3756=ORIENTED_EDGE('',*,*,#2921,.F.);
#3757=ORIENTED_EDGE('',*,*,#2922,.T.);
#3758=ORIENTED_EDGE('',*,*,#2923,.T.);
#3759=ORIENTED_EDGE('',*,*,#2919,.F.);
#3760=ORIENTED_EDGE('',*,*,#2924,.F.);
#3761=ORIENTED_EDGE('',*,*,#2925,.T.);
#3762=ORIENTED_EDGE('',*,*,#2926,.T.);
#3763=ORIENTED_EDGE('',*,*,#2922,.F.);
#3764=ORIENTED_EDGE('',*,*,#2927,.F.);
#3765=ORIENTED_EDGE('',*,*,#2848,.T.);
#3766=ORIENTED_EDGE('',*,*,#2928,.T.);
#3767=ORIENTED_EDGE('',*,*,#2925,.F.);
#3768=ORIENTED_EDGE('',*,*,#2928,.F.);
#3769=ORIENTED_EDGE('',*,*,#2847,.F.);
#3770=ORIENTED_EDGE('',*,*,#2851,.F.);
#3771=ORIENTED_EDGE('',*,*,#2854,.F.);
#3772=ORIENTED_EDGE('',*,*,#2857,.F.);
#3773=ORIENTED_EDGE('',*,*,#2860,.F.);
#3774=ORIENTED_EDGE('',*,*,#2863,.F.);
#3775=ORIENTED_EDGE('',*,*,#2866,.F.);
#3776=ORIENTED_EDGE('',*,*,#2869,.F.);
#3777=ORIENTED_EDGE('',*,*,#2872,.F.);
#3778=ORIENTED_EDGE('',*,*,#2875,.F.);
#3779=ORIENTED_EDGE('',*,*,#2878,.F.);
#3780=ORIENTED_EDGE('',*,*,#2881,.F.);
#3781=ORIENTED_EDGE('',*,*,#2884,.F.);
#3782=ORIENTED_EDGE('',*,*,#2887,.F.);
#3783=ORIENTED_EDGE('',*,*,#2890,.F.);
#3784=ORIENTED_EDGE('',*,*,#2893,.F.);
#3785=ORIENTED_EDGE('',*,*,#2896,.F.);
#3786=ORIENTED_EDGE('',*,*,#2899,.F.);
#3787=ORIENTED_EDGE('',*,*,#2902,.F.);
#3788=ORIENTED_EDGE('',*,*,#2905,.F.);
#3789=ORIENTED_EDGE('',*,*,#2908,.F.);
#3790=ORIENTED_EDGE('',*,*,#2911,.F.);
#3791=ORIENTED_EDGE('',*,*,#2914,.F.);
#3792=ORIENTED_EDGE('',*,*,#2917,.F.);
#3793=ORIENTED_EDGE('',*,*,#2920,.F.);
#3794=ORIENTED_EDGE('',*,*,#2923,.F.);
#3795=ORIENTED_EDGE('',*,*,#2926,.F.);
#3796=ORIENTED_EDGE('',*,*,#2929,.T.);
#3797=ORIENTED_EDGE('',*,*,#2930,.T.);
#3798=ORIENTED_EDGE('',*,*,#2931,.T.);
#3799=ORIENTED_EDGE('',*,*,#2932,.T.);
#3800=ORIENTED_EDGE('',*,*,#2930,.F.);
#3801=ORIENTED_EDGE('',*,*,#2933,.F.);
#3802=ORIENTED_EDGE('',*,*,#2934,.F.);
#3803=ORIENTED_EDGE('',*,*,#2935,.F.);
#3804=ORIENTED_EDGE('',*,*,#2936,.T.);
#3805=ORIENTED_EDGE('',*,*,#2937,.T.);
#3806=ORIENTED_EDGE('',*,*,#2938,.T.);
#3807=ORIENTED_EDGE('',*,*,#2939,.T.);
#3808=ORIENTED_EDGE('',*,*,#2932,.F.);
#3809=ORIENTED_EDGE('',*,*,#2940,.F.);
#3810=ORIENTED_EDGE('',*,*,#2937,.F.);
#3811=ORIENTED_EDGE('',*,*,#2941,.F.);
#3812=ORIENTED_EDGE('',*,*,#2942,.T.);
#3813=ORIENTED_EDGE('',*,*,#2943,.T.);
#3814=ORIENTED_EDGE('',*,*,#2944,.T.);
#3815=ORIENTED_EDGE('',*,*,#2934,.T.);
#3816=ORIENTED_EDGE('',*,*,#2943,.F.);
#3817=ORIENTED_EDGE('',*,*,#2945,.F.);
#3818=ORIENTED_EDGE('',*,*,#2946,.F.);
#3819=ORIENTED_EDGE('',*,*,#2947,.F.);
#3820=ORIENTED_EDGE('',*,*,#2948,.T.);
#3821=ORIENTED_EDGE('',*,*,#2949,.T.);
#3822=ORIENTED_EDGE('',*,*,#2950,.T.);
#3823=ORIENTED_EDGE('',*,*,#2946,.T.);
#3824=ORIENTED_EDGE('',*,*,#2939,.F.);
#3825=ORIENTED_EDGE('',*,*,#2951,.F.);
#3826=ORIENTED_EDGE('',*,*,#2949,.F.);
#3827=ORIENTED_EDGE('',*,*,#2952,.F.);
#3828=ORIENTED_EDGE('',*,*,#2953,.F.);
#3829=ORIENTED_EDGE('',*,*,#2954,.T.);
#3830=ORIENTED_EDGE('',*,*,#2955,.F.);
#3831=ORIENTED_EDGE('',*,*,#2954,.F.);
#3832=ORIENTED_EDGE('',*,*,#2956,.F.);
#3833=ORIENTED_EDGE('',*,*,#2957,.T.);
#3834=ORIENTED_EDGE('',*,*,#2958,.F.);
#3835=ORIENTED_EDGE('',*,*,#2957,.F.);
#3836=ORIENTED_EDGE('',*,*,#2959,.F.);
#3837=ORIENTED_EDGE('',*,*,#2960,.T.);
#3838=ORIENTED_EDGE('',*,*,#2961,.F.);
#3839=ORIENTED_EDGE('',*,*,#2960,.F.);
#3840=ORIENTED_EDGE('',*,*,#2962,.F.);
#3841=ORIENTED_EDGE('',*,*,#2963,.T.);
#3842=ORIENTED_EDGE('',*,*,#2964,.F.);
#3843=ORIENTED_EDGE('',*,*,#2963,.F.);
#3844=ORIENTED_EDGE('',*,*,#2965,.F.);
#3845=ORIENTED_EDGE('',*,*,#2966,.F.);
#3846=ORIENTED_EDGE('',*,*,#2967,.F.);
#3847=ORIENTED_EDGE('',*,*,#2968,.F.);
#3848=ORIENTED_EDGE('',*,*,#2969,.F.);
#3849=ORIENTED_EDGE('',*,*,#2970,.F.);
#3850=ORIENTED_EDGE('',*,*,#2971,.F.);
#3851=ORIENTED_EDGE('',*,*,#2972,.F.);
#3852=ORIENTED_EDGE('',*,*,#2973,.T.);
#3853=ORIENTED_EDGE('',*,*,#2974,.T.);
#3854=ORIENTED_EDGE('',*,*,#2975,.T.);
#3855=ORIENTED_EDGE('',*,*,#2971,.T.);
#3856=ORIENTED_EDGE('',*,*,#2974,.F.);
#3857=ORIENTED_EDGE('',*,*,#2976,.F.);
#3858=ORIENTED_EDGE('',*,*,#2977,.F.);
#3859=ORIENTED_EDGE('',*,*,#2978,.F.);
#3860=ORIENTED_EDGE('',*,*,#2979,.T.);
#3861=ORIENTED_EDGE('',*,*,#2980,.T.);
#3862=ORIENTED_EDGE('',*,*,#2981,.T.);
#3863=ORIENTED_EDGE('',*,*,#2967,.T.);
#3864=ORIENTED_EDGE('',*,*,#2980,.F.);
#3865=ORIENTED_EDGE('',*,*,#2982,.F.);
#3866=ORIENTED_EDGE('',*,*,#2983,.F.);
#3867=ORIENTED_EDGE('',*,*,#2984,.F.);
#3868=ORIENTED_EDGE('',*,*,#2985,.T.);
#3869=ORIENTED_EDGE('',*,*,#2965,.T.);
#3870=ORIENTED_EDGE('',*,*,#2986,.T.);
#3871=ORIENTED_EDGE('',*,*,#2983,.T.);
#3872=ORIENTED_EDGE('',*,*,#2987,.T.);
#3873=ORIENTED_EDGE('',*,*,#2969,.T.);
#3874=ORIENTED_EDGE('',*,*,#2988,.T.);
#3875=ORIENTED_EDGE('',*,*,#2977,.T.);
#3876=ORIENTED_EDGE('',*,*,#2989,.T.);
#3877=ORIENTED_EDGE('',*,*,#2990,.T.);
#3878=ORIENTED_EDGE('',*,*,#2991,.T.);
#3879=ORIENTED_EDGE('',*,*,#2992,.T.);
#3880=ORIENTED_EDGE('',*,*,#2993,.T.);
#3881=ORIENTED_EDGE('',*,*,#2989,.F.);
#3882=ORIENTED_EDGE('',*,*,#2994,.T.);
#3883=ORIENTED_EDGE('',*,*,#2992,.F.);
#3884=ORIENTED_EDGE('',*,*,#2995,.T.);
#3885=ORIENTED_EDGE('',*,*,#2993,.F.);
#3886=ORIENTED_EDGE('',*,*,#2996,.F.);
#3887=ORIENTED_EDGE('',*,*,#2997,.F.);
#3888=ORIENTED_EDGE('',*,*,#2998,.F.);
#3889=ORIENTED_EDGE('',*,*,#2999,.T.);
#3890=ORIENTED_EDGE('',*,*,#3000,.F.);
#3891=ORIENTED_EDGE('',*,*,#3001,.F.);
#3892=ORIENTED_EDGE('',*,*,#3002,.F.);
#3893=ORIENTED_EDGE('',*,*,#3003,.F.);
#3894=ORIENTED_EDGE('',*,*,#3004,.T.);
#3895=ORIENTED_EDGE('',*,*,#3005,.T.);
#3896=ORIENTED_EDGE('',*,*,#3006,.T.);
#3897=ORIENTED_EDGE('',*,*,#3007,.T.);
#3898=ORIENTED_EDGE('',*,*,#3008,.T.);
#3899=ORIENTED_EDGE('',*,*,#3009,.T.);
#3900=ORIENTED_EDGE('',*,*,#3010,.T.);
#3901=ORIENTED_EDGE('',*,*,#3011,.T.);
#3902=ORIENTED_EDGE('',*,*,#3012,.T.);
#3903=ORIENTED_EDGE('',*,*,#3013,.T.);
#3904=ORIENTED_EDGE('',*,*,#2990,.F.);
#3905=ORIENTED_EDGE('',*,*,#2995,.F.);
#3906=ORIENTED_EDGE('',*,*,#2991,.F.);
#3907=ORIENTED_EDGE('',*,*,#3013,.F.);
#3908=ORIENTED_EDGE('',*,*,#3014,.T.);
#3909=ORIENTED_EDGE('',*,*,#3015,.T.);
#3910=ORIENTED_EDGE('',*,*,#3016,.T.);
#3911=ORIENTED_EDGE('',*,*,#3003,.T.);
#3912=ORIENTED_EDGE('',*,*,#3016,.F.);
#3913=ORIENTED_EDGE('',*,*,#3017,.T.);
#3914=ORIENTED_EDGE('',*,*,#3018,.T.);
#3915=ORIENTED_EDGE('',*,*,#3014,.F.);
#3916=ORIENTED_EDGE('',*,*,#3015,.F.);
#3917=ORIENTED_EDGE('',*,*,#3018,.F.);
#3918=ORIENTED_EDGE('',*,*,#3012,.F.);
#3919=ORIENTED_EDGE('',*,*,#3017,.F.);
#3920=ORIENTED_EDGE('',*,*,#3019,.T.);
#3921=ORIENTED_EDGE('',*,*,#3020,.T.);
#3922=ORIENTED_EDGE('',*,*,#3021,.T.);
#3923=ORIENTED_EDGE('',*,*,#3022,.T.);
#3924=ORIENTED_EDGE('',*,*,#3020,.F.);
#3925=ORIENTED_EDGE('',*,*,#3023,.T.);
#3926=ORIENTED_EDGE('',*,*,#3024,.F.);
#3927=ORIENTED_EDGE('',*,*,#3025,.F.);
#3928=ORIENTED_EDGE('',*,*,#3026,.F.);
#3929=ORIENTED_EDGE('',*,*,#3027,.F.);
#3930=ORIENTED_EDGE('',*,*,#3028,.F.);
#3931=ORIENTED_EDGE('',*,*,#3029,.T.);
#3932=ORIENTED_EDGE('',*,*,#3030,.F.);
#3933=ORIENTED_EDGE('',*,*,#3031,.T.);
#3934=ORIENTED_EDGE('',*,*,#3032,.T.);
#3935=ORIENTED_EDGE('',*,*,#3033,.T.);
#3936=ORIENTED_EDGE('',*,*,#3034,.F.);
#3937=ORIENTED_EDGE('',*,*,#3035,.T.);
#3938=ORIENTED_EDGE('',*,*,#3036,.F.);
#3939=ORIENTED_EDGE('',*,*,#3037,.T.);
#3940=ORIENTED_EDGE('',*,*,#3038,.T.);
#3941=ORIENTED_EDGE('',*,*,#3039,.T.);
#3942=ORIENTED_EDGE('',*,*,#3040,.F.);
#3943=ORIENTED_EDGE('',*,*,#3041,.T.);
#3944=ORIENTED_EDGE('',*,*,#3042,.F.);
#3945=ORIENTED_EDGE('',*,*,#3043,.T.);
#3946=ORIENTED_EDGE('',*,*,#3044,.T.);
#3947=ORIENTED_EDGE('',*,*,#3045,.T.);
#3948=ORIENTED_EDGE('',*,*,#3046,.F.);
#3949=ORIENTED_EDGE('',*,*,#3047,.T.);
#3950=ORIENTED_EDGE('',*,*,#3048,.T.);
#3951=ORIENTED_EDGE('',*,*,#3049,.T.);
#3952=ORIENTED_EDGE('',*,*,#3050,.T.);
#3953=ORIENTED_EDGE('',*,*,#3030,.T.);
#3954=ORIENTED_EDGE('',*,*,#3051,.T.);
#3955=ORIENTED_EDGE('',*,*,#3052,.T.);
#3956=ORIENTED_EDGE('',*,*,#3053,.T.);
#3957=ORIENTED_EDGE('',*,*,#3042,.T.);
#3958=ORIENTED_EDGE('',*,*,#3054,.T.);
#3959=ORIENTED_EDGE('',*,*,#3055,.T.);
#3960=ORIENTED_EDGE('',*,*,#3056,.T.);
#3961=ORIENTED_EDGE('',*,*,#3040,.T.);
#3962=ORIENTED_EDGE('',*,*,#3057,.T.);
#3963=ORIENTED_EDGE('',*,*,#3058,.T.);
#3964=ORIENTED_EDGE('',*,*,#3059,.T.);
#3965=ORIENTED_EDGE('',*,*,#3036,.T.);
#3966=ORIENTED_EDGE('',*,*,#3060,.T.);
#3967=ORIENTED_EDGE('',*,*,#3061,.T.);
#3968=ORIENTED_EDGE('',*,*,#3062,.T.);
#3969=ORIENTED_EDGE('',*,*,#3034,.T.);
#3970=ORIENTED_EDGE('',*,*,#3063,.T.);
#3971=ORIENTED_EDGE('',*,*,#3064,.T.);
#3972=ORIENTED_EDGE('',*,*,#3065,.T.);
#3973=ORIENTED_EDGE('',*,*,#3066,.T.);
#3974=ORIENTED_EDGE('',*,*,#3067,.T.);
#3975=ORIENTED_EDGE('',*,*,#3068,.T.);
#3976=ORIENTED_EDGE('',*,*,#3066,.F.);
#3977=ORIENTED_EDGE('',*,*,#3069,.T.);
#3978=ORIENTED_EDGE('',*,*,#3070,.T.);
#3979=ORIENTED_EDGE('',*,*,#3071,.T.);
#3980=ORIENTED_EDGE('',*,*,#3072,.F.);
#3981=ORIENTED_EDGE('',*,*,#3073,.T.);
#3982=ORIENTED_EDGE('',*,*,#3074,.T.);
#3983=ORIENTED_EDGE('',*,*,#3075,.F.);
#3984=ORIENTED_EDGE('',*,*,#3076,.T.);
#3985=ORIENTED_EDGE('',*,*,#3077,.T.);
#3986=ORIENTED_EDGE('',*,*,#3078,.T.);
#3987=ORIENTED_EDGE('',*,*,#3079,.T.);
#3988=ORIENTED_EDGE('',*,*,#3077,.F.);
#3989=ORIENTED_EDGE('',*,*,#3080,.T.);
#3990=ORIENTED_EDGE('',*,*,#3081,.T.);
#3991=ORIENTED_EDGE('',*,*,#3082,.T.);
#3992=ORIENTED_EDGE('',*,*,#3083,.F.);
#3993=ORIENTED_EDGE('',*,*,#3084,.T.);
#3994=ORIENTED_EDGE('',*,*,#3085,.T.);
#3995=ORIENTED_EDGE('',*,*,#3086,.F.);
#3996=ORIENTED_EDGE('',*,*,#3087,.T.);
#3997=ORIENTED_EDGE('',*,*,#3088,.T.);
#3998=ORIENTED_EDGE('',*,*,#3089,.T.);
#3999=ORIENTED_EDGE('',*,*,#3090,.T.);
#4000=ORIENTED_EDGE('',*,*,#3088,.F.);
#4001=ORIENTED_EDGE('',*,*,#3091,.F.);
#4002=ORIENTED_EDGE('',*,*,#3092,.F.);
#4003=ORIENTED_EDGE('',*,*,#3093,.F.);
#4004=ORIENTED_EDGE('',*,*,#3094,.T.);
#4005=ORIENTED_EDGE('',*,*,#3095,.T.);
#4006=ORIENTED_EDGE('',*,*,#3096,.T.);
#4007=ORIENTED_EDGE('',*,*,#3097,.T.);
#4008=ORIENTED_EDGE('',*,*,#3095,.F.);
#4009=ORIENTED_EDGE('',*,*,#3098,.T.);
#4010=ORIENTED_EDGE('',*,*,#3099,.F.);
#4011=ORIENTED_EDGE('',*,*,#3100,.T.);
#4012=ORIENTED_EDGE('',*,*,#3094,.F.);
#4013=ORIENTED_EDGE('',*,*,#3101,.F.);
#4014=ORIENTED_EDGE('',*,*,#3091,.T.);
#4015=ORIENTED_EDGE('',*,*,#3087,.F.);
#4016=ORIENTED_EDGE('',*,*,#3102,.T.);
#4017=ORIENTED_EDGE('',*,*,#3103,.F.);
#4018=ORIENTED_EDGE('',*,*,#3104,.T.);
#4019=ORIENTED_EDGE('',*,*,#3105,.F.);
#4020=ORIENTED_EDGE('',*,*,#3106,.F.);
#4021=ORIENTED_EDGE('',*,*,#3107,.F.);
#4022=ORIENTED_EDGE('',*,*,#3108,.F.);
#4023=ORIENTED_EDGE('',*,*,#3082,.F.);
#4024=ORIENTED_EDGE('',*,*,#3109,.F.);
#4025=ORIENTED_EDGE('',*,*,#3110,.T.);
#4026=ORIENTED_EDGE('',*,*,#3111,.T.);
#4027=ORIENTED_EDGE('',*,*,#3112,.F.);
#4028=ORIENTED_EDGE('',*,*,#3113,.F.);
#4029=ORIENTED_EDGE('',*,*,#3114,.F.);
#4030=ORIENTED_EDGE('',*,*,#3098,.F.);
#4031=ORIENTED_EDGE('',*,*,#3115,.T.);
#4032=ORIENTED_EDGE('',*,*,#3099,.T.);
#4033=ORIENTED_EDGE('',*,*,#3114,.T.);
#4034=ORIENTED_EDGE('',*,*,#3116,.F.);
#4035=ORIENTED_EDGE('',*,*,#3117,.T.);
#4036=ORIENTED_EDGE('',*,*,#3118,.T.);
#4037=ORIENTED_EDGE('',*,*,#3103,.T.);
#4038=ORIENTED_EDGE('',*,*,#3119,.T.);
#4039=ORIENTED_EDGE('',*,*,#3118,.F.);
#4040=ORIENTED_EDGE('',*,*,#3120,.F.);
#4041=ORIENTED_EDGE('',*,*,#3121,.F.);
#4042=ORIENTED_EDGE('',*,*,#3104,.F.);
#4043=ORIENTED_EDGE('',*,*,#3112,.T.);
#4044=ORIENTED_EDGE('',*,*,#3122,.T.);
#4045=ORIENTED_EDGE('',*,*,#3123,.T.);
#4046=ORIENTED_EDGE('',*,*,#3124,.T.);
#4047=ORIENTED_EDGE('',*,*,#3122,.F.);
#4048=ORIENTED_EDGE('',*,*,#3111,.F.);
#4049=ORIENTED_EDGE('',*,*,#3125,.F.);
#4050=ORIENTED_EDGE('',*,*,#3126,.F.);
#4051=ORIENTED_EDGE('',*,*,#3127,.T.);
#4052=ORIENTED_EDGE('',*,*,#3128,.T.);
#4053=ORIENTED_EDGE('',*,*,#3129,.T.);
#4054=ORIENTED_EDGE('',*,*,#3130,.T.);
#4055=ORIENTED_EDGE('',*,*,#3128,.F.);
#4056=ORIENTED_EDGE('',*,*,#3131,.F.);
#4057=ORIENTED_EDGE('',*,*,#3132,.F.);
#4058=ORIENTED_EDGE('',*,*,#3133,.F.);
#4059=ORIENTED_EDGE('',*,*,#3134,.T.);
#4060=ORIENTED_EDGE('',*,*,#3135,.T.);
#4061=ORIENTED_EDGE('',*,*,#3136,.T.);
#4062=ORIENTED_EDGE('',*,*,#3132,.T.);
#4063=ORIENTED_EDGE('',*,*,#3135,.F.);
#4064=ORIENTED_EDGE('',*,*,#3137,.F.);
#4065=ORIENTED_EDGE('',*,*,#3138,.F.);
#4066=ORIENTED_EDGE('',*,*,#3139,.F.);
#4067=ORIENTED_EDGE('',*,*,#3140,.T.);
#4068=ORIENTED_EDGE('',*,*,#3141,.T.);
#4069=ORIENTED_EDGE('',*,*,#3142,.T.);
#4070=ORIENTED_EDGE('',*,*,#3143,.T.);
#4071=ORIENTED_EDGE('',*,*,#3141,.F.);
#4072=ORIENTED_EDGE('',*,*,#3144,.T.);
#4073=ORIENTED_EDGE('',*,*,#3145,.F.);
#4074=ORIENTED_EDGE('',*,*,#3146,.T.);
#4075=ORIENTED_EDGE('',*,*,#3140,.F.);
#4076=ORIENTED_EDGE('',*,*,#3147,.F.);
#4077=ORIENTED_EDGE('',*,*,#3137,.T.);
#4078=ORIENTED_EDGE('',*,*,#3134,.F.);
#4079=ORIENTED_EDGE('',*,*,#3131,.T.);
#4080=ORIENTED_EDGE('',*,*,#3127,.F.);
#4081=ORIENTED_EDGE('',*,*,#3148,.T.);
#4082=ORIENTED_EDGE('',*,*,#3149,.F.);
#4083=ORIENTED_EDGE('',*,*,#3150,.F.);
#4084=ORIENTED_EDGE('',*,*,#3151,.F.);
#4085=ORIENTED_EDGE('',*,*,#3152,.F.);
#4086=ORIENTED_EDGE('',*,*,#3071,.F.);
#4087=ORIENTED_EDGE('',*,*,#3153,.F.);
#4088=ORIENTED_EDGE('',*,*,#3154,.T.);
#4089=ORIENTED_EDGE('',*,*,#3155,.T.);
#4090=ORIENTED_EDGE('',*,*,#3156,.F.);
#4091=ORIENTED_EDGE('',*,*,#3157,.F.);
#4092=ORIENTED_EDGE('',*,*,#3158,.F.);
#4093=ORIENTED_EDGE('',*,*,#3144,.F.);
#4094=ORIENTED_EDGE('',*,*,#3156,.T.);
#4095=ORIENTED_EDGE('',*,*,#3159,.T.);
#4096=ORIENTED_EDGE('',*,*,#3160,.T.);
#4097=ORIENTED_EDGE('',*,*,#3161,.T.);
#4098=ORIENTED_EDGE('',*,*,#3159,.F.);
#4099=ORIENTED_EDGE('',*,*,#3155,.F.);
#4100=ORIENTED_EDGE('',*,*,#3162,.F.);
#4101=ORIENTED_EDGE('',*,*,#3163,.F.);
#4102=ORIENTED_EDGE('',*,*,#3164,.T.);
#4103=ORIENTED_EDGE('',*,*,#3145,.T.);
#4104=ORIENTED_EDGE('',*,*,#3158,.T.);
#4105=ORIENTED_EDGE('',*,*,#3165,.F.);
#4106=ORIENTED_EDGE('',*,*,#3142,.F.);
#4107=ORIENTED_EDGE('',*,*,#3146,.F.);
#4108=ORIENTED_EDGE('',*,*,#3164,.F.);
#4109=ORIENTED_EDGE('',*,*,#3166,.F.);
#4110=ORIENTED_EDGE('',*,*,#3160,.F.);
#4111=ORIENTED_EDGE('',*,*,#3163,.T.);
#4112=ORIENTED_EDGE('',*,*,#3167,.F.);
#4113=ORIENTED_EDGE('',*,*,#3168,.T.);
#4114=ORIENTED_EDGE('',*,*,#3073,.F.);
#4115=ORIENTED_EDGE('',*,*,#3169,.F.);
#4116=ORIENTED_EDGE('',*,*,#3170,.F.);
#4117=ORIENTED_EDGE('',*,*,#3171,.F.);
#4118=ORIENTED_EDGE('',*,*,#3172,.F.);
#4119=ORIENTED_EDGE('',*,*,#3173,.T.);
#4120=ORIENTED_EDGE('',*,*,#3129,.F.);
#4121=ORIENTED_EDGE('',*,*,#3133,.T.);
#4122=ORIENTED_EDGE('',*,*,#3136,.F.);
#4123=ORIENTED_EDGE('',*,*,#3139,.T.);
#4124=ORIENTED_EDGE('',*,*,#3174,.T.);
#4125=ORIENTED_EDGE('',*,*,#3108,.T.);
#4126=ORIENTED_EDGE('',*,*,#3175,.T.);
#4127=ORIENTED_EDGE('',*,*,#3176,.T.);
#4128=ORIENTED_EDGE('',*,*,#3083,.T.);
#4129=ORIENTED_EDGE('',*,*,#3175,.F.);
#4130=ORIENTED_EDGE('',*,*,#3107,.T.);
#4131=ORIENTED_EDGE('',*,*,#3177,.F.);
#4132=ORIENTED_EDGE('',*,*,#3178,.T.);
#4133=ORIENTED_EDGE('',*,*,#3179,.T.);
#4134=ORIENTED_EDGE('',*,*,#3177,.T.);
#4135=ORIENTED_EDGE('',*,*,#3106,.T.);
#4136=ORIENTED_EDGE('',*,*,#3180,.T.);
#4137=ORIENTED_EDGE('',*,*,#3152,.T.);
#4138=ORIENTED_EDGE('',*,*,#3181,.T.);
#4139=ORIENTED_EDGE('',*,*,#3169,.T.);
#4140=ORIENTED_EDGE('',*,*,#3072,.T.);
#4141=ORIENTED_EDGE('',*,*,#3181,.F.);
#4142=ORIENTED_EDGE('',*,*,#3151,.T.);
#4143=ORIENTED_EDGE('',*,*,#3182,.F.);
#4144=ORIENTED_EDGE('',*,*,#3170,.T.);
#4145=ORIENTED_EDGE('',*,*,#3171,.T.);
#4146=ORIENTED_EDGE('',*,*,#3182,.T.);
#4147=ORIENTED_EDGE('',*,*,#3150,.T.);
#4148=ORIENTED_EDGE('',*,*,#3183,.T.);
#4149=ORIENTED_EDGE('',*,*,#3184,.F.);
#4150=ORIENTED_EDGE('',*,*,#3185,.F.);
#4151=ORIENTED_EDGE('',*,*,#3186,.F.);
#4152=ORIENTED_EDGE('',*,*,#3187,.F.);
#4153=ORIENTED_EDGE('',*,*,#3188,.T.);
#4154=ORIENTED_EDGE('',*,*,#3185,.T.);
#4155=ORIENTED_EDGE('',*,*,#3189,.T.);
#4156=ORIENTED_EDGE('',*,*,#3190,.F.);
#4157=ORIENTED_EDGE('',*,*,#3191,.F.);
#4158=ORIENTED_EDGE('',*,*,#3192,.F.);
#4159=ORIENTED_EDGE('',*,*,#3193,.F.);
#4160=ORIENTED_EDGE('',*,*,#3194,.T.);
#4161=ORIENTED_EDGE('',*,*,#3191,.T.);
#4162=ORIENTED_EDGE('',*,*,#3195,.T.);
#4163=ORIENTED_EDGE('',*,*,#3196,.T.);
#4164=ORIENTED_EDGE('',*,*,#3197,.T.);
#4165=ORIENTED_EDGE('',*,*,#3192,.T.);
#4166=ORIENTED_EDGE('',*,*,#3198,.T.);
#4167=ORIENTED_EDGE('',*,*,#3186,.T.);
#4168=ORIENTED_EDGE('',*,*,#3199,.T.);
#4169=ORIENTED_EDGE('',*,*,#3190,.T.);
#4170=ORIENTED_EDGE('',*,*,#3200,.T.);
#4171=ORIENTED_EDGE('',*,*,#3201,.T.);
#4172=ORIENTED_EDGE('',*,*,#3202,.T.);
#4173=ORIENTED_EDGE('',*,*,#3184,.T.);
#4174=ORIENTED_EDGE('',*,*,#3203,.T.);
#4175=ORIENTED_EDGE('',*,*,#3195,.F.);
#4176=ORIENTED_EDGE('',*,*,#3199,.F.);
#4177=ORIENTED_EDGE('',*,*,#3188,.F.);
#4178=ORIENTED_EDGE('',*,*,#3204,.T.);
#4179=ORIENTED_EDGE('',*,*,#3205,.F.);
#4180=ORIENTED_EDGE('',*,*,#3206,.F.);
#4181=ORIENTED_EDGE('',*,*,#3207,.F.);
#4182=ORIENTED_EDGE('',*,*,#3208,.T.);
#4183=ORIENTED_EDGE('',*,*,#3209,.T.);
#4184=ORIENTED_EDGE('',*,*,#3079,.F.);
#4185=ORIENTED_EDGE('',*,*,#3210,.T.);
#4186=ORIENTED_EDGE('',*,*,#3068,.F.);
#4187=ORIENTED_EDGE('',*,*,#3211,.F.);
#4188=ORIENTED_EDGE('',*,*,#3212,.F.);
#4189=ORIENTED_EDGE('',*,*,#3213,.F.);
#4190=ORIENTED_EDGE('',*,*,#3214,.T.);
#4191=ORIENTED_EDGE('',*,*,#3215,.T.);
#4192=ORIENTED_EDGE('',*,*,#3216,.T.);
#4193=ORIENTED_EDGE('',*,*,#3217,.T.);
#4194=ORIENTED_EDGE('',*,*,#3218,.T.);
#4195=ORIENTED_EDGE('',*,*,#3219,.T.);
#4196=ORIENTED_EDGE('',*,*,#3220,.T.);
#4197=ORIENTED_EDGE('',*,*,#3193,.T.);
#4198=ORIENTED_EDGE('',*,*,#3208,.F.);
#4199=ORIENTED_EDGE('',*,*,#3221,.F.);
#4200=ORIENTED_EDGE('',*,*,#3222,.T.);
#4201=ORIENTED_EDGE('',*,*,#3223,.F.);
#4202=ORIENTED_EDGE('',*,*,#3024,.T.);
#4203=ORIENTED_EDGE('',*,*,#3224,.T.);
#4204=ORIENTED_EDGE('',*,*,#3225,.T.);
#4205=ORIENTED_EDGE('',*,*,#3226,.T.);
#4206=ORIENTED_EDGE('',*,*,#3046,.T.);
#4207=ORIENTED_EDGE('',*,*,#3227,.T.);
#4208=ORIENTED_EDGE('',*,*,#3228,.T.);
#4209=ORIENTED_EDGE('',*,*,#3229,.T.);
#4210=ORIENTED_EDGE('',*,*,#3028,.T.);
#4211=ORIENTED_EDGE('',*,*,#3230,.F.);
#4212=ORIENTED_EDGE('',*,*,#3231,.T.);
#4213=ORIENTED_EDGE('',*,*,#3232,.F.);
#4214=ORIENTED_EDGE('',*,*,#3204,.F.);
#4215=ORIENTED_EDGE('',*,*,#3187,.T.);
#4216=ORIENTED_EDGE('',*,*,#3233,.T.);
#4217=ORIENTED_EDGE('',*,*,#3234,.T.);
#4218=ORIENTED_EDGE('',*,*,#3235,.F.);
#4219=ORIENTED_EDGE('',*,*,#2935,.T.);
#4220=ORIENTED_EDGE('',*,*,#2944,.F.);
#4221=ORIENTED_EDGE('',*,*,#2947,.T.);
#4222=ORIENTED_EDGE('',*,*,#2950,.F.);
#4223=ORIENTED_EDGE('',*,*,#2951,.T.);
#4224=ORIENTED_EDGE('',*,*,#2938,.F.);
#4225=ORIENTED_EDGE('',*,*,#2940,.T.);
#4226=ORIENTED_EDGE('',*,*,#2931,.F.);
#4227=ORIENTED_EDGE('',*,*,#2958,.T.);
#4228=ORIENTED_EDGE('',*,*,#2964,.T.);
#4229=ORIENTED_EDGE('',*,*,#3189,.F.);
#4230=ORIENTED_EDGE('',*,*,#3202,.F.);
#4231=ORIENTED_EDGE('',*,*,#3236,.T.);
#4232=ORIENTED_EDGE('',*,*,#3233,.F.);
#4233=ORIENTED_EDGE('',*,*,#2972,.T.);
#4234=ORIENTED_EDGE('',*,*,#2975,.F.);
#4235=ORIENTED_EDGE('',*,*,#2978,.T.);
#4236=ORIENTED_EDGE('',*,*,#2988,.F.);
#4237=ORIENTED_EDGE('',*,*,#3237,.T.);
#4238=ORIENTED_EDGE('',*,*,#3238,.T.);
#4239=ORIENTED_EDGE('',*,*,#3239,.T.);
#4240=ORIENTED_EDGE('',*,*,#3052,.F.);
#4241=ORIENTED_EDGE('',*,*,#3240,.T.);
#4242=ORIENTED_EDGE('',*,*,#3241,.T.);
#4243=ORIENTED_EDGE('',*,*,#3242,.T.);
#4244=ORIENTED_EDGE('',*,*,#3064,.F.);
#4245=ORIENTED_EDGE('',*,*,#3105,.T.);
#4246=ORIENTED_EDGE('',*,*,#3121,.T.);
#4247=ORIENTED_EDGE('',*,*,#3243,.T.);
#4248=ORIENTED_EDGE('',*,*,#3180,.F.);
#4249=ORIENTED_EDGE('',*,*,#3244,.T.);
#4250=ORIENTED_EDGE('',*,*,#3245,.T.);
#4251=ORIENTED_EDGE('',*,*,#3246,.T.);
#4252=ORIENTED_EDGE('',*,*,#3000,.T.);
#4253=ORIENTED_EDGE('',*,*,#3247,.T.);
#4254=ORIENTED_EDGE('',*,*,#3001,.T.);
#4255=ORIENTED_EDGE('',*,*,#3246,.F.);
#4256=ORIENTED_EDGE('',*,*,#3248,.T.);
#4257=ORIENTED_EDGE('',*,*,#2994,.F.);
#4258=ORIENTED_EDGE('',*,*,#3002,.T.);
#4259=ORIENTED_EDGE('',*,*,#3247,.F.);
#4260=ORIENTED_EDGE('',*,*,#3249,.T.);
#4261=ORIENTED_EDGE('',*,*,#3250,.T.);
#4262=ORIENTED_EDGE('',*,*,#2996,.T.);
#4263=ORIENTED_EDGE('',*,*,#3251,.T.);
#4264=ORIENTED_EDGE('',*,*,#2997,.T.);
#4265=ORIENTED_EDGE('',*,*,#3250,.F.);
#4266=ORIENTED_EDGE('',*,*,#3252,.T.);
#4267=ORIENTED_EDGE('',*,*,#3253,.T.);
#4268=ORIENTED_EDGE('',*,*,#2998,.T.);
#4269=ORIENTED_EDGE('',*,*,#3251,.F.);
#4270=ORIENTED_EDGE('',*,*,#3254,.T.);
#4271=ORIENTED_EDGE('',*,*,#3254,.F.);
#4272=ORIENTED_EDGE('',*,*,#3255,.F.);
#4273=ORIENTED_EDGE('',*,*,#3256,.T.);
#4274=ORIENTED_EDGE('',*,*,#3257,.F.);
#4275=ORIENTED_EDGE('',*,*,#2968,.T.);
#4276=ORIENTED_EDGE('',*,*,#2981,.F.);
#4277=ORIENTED_EDGE('',*,*,#2984,.T.);
#4278=ORIENTED_EDGE('',*,*,#2986,.F.);
#4279=ORIENTED_EDGE('',*,*,#3258,.F.);
#4280=ORIENTED_EDGE('',*,*,#3252,.F.);
#4281=ORIENTED_EDGE('',*,*,#3259,.T.);
#4282=ORIENTED_EDGE('',*,*,#3260,.T.);
#4283=ORIENTED_EDGE('',*,*,#3255,.T.);
#4284=ORIENTED_EDGE('',*,*,#3249,.F.);
#4285=ORIENTED_EDGE('',*,*,#3261,.F.);
#4286=ORIENTED_EDGE('',*,*,#3262,.T.);
#4287=ORIENTED_EDGE('',*,*,#3259,.F.);
#4288=ORIENTED_EDGE('',*,*,#2845,.T.);
#4289=ORIENTED_EDGE('',*,*,#2927,.T.);
#4290=ORIENTED_EDGE('',*,*,#2924,.T.);
#4291=ORIENTED_EDGE('',*,*,#2921,.T.);
#4292=ORIENTED_EDGE('',*,*,#2918,.T.);
#4293=ORIENTED_EDGE('',*,*,#2915,.T.);
#4294=ORIENTED_EDGE('',*,*,#2912,.T.);
#4295=ORIENTED_EDGE('',*,*,#2909,.T.);
#4296=ORIENTED_EDGE('',*,*,#2906,.T.);
#4297=ORIENTED_EDGE('',*,*,#2903,.T.);
#4298=ORIENTED_EDGE('',*,*,#2900,.T.);
#4299=ORIENTED_EDGE('',*,*,#2897,.T.);
#4300=ORIENTED_EDGE('',*,*,#2894,.T.);
#4301=ORIENTED_EDGE('',*,*,#2891,.T.);
#4302=ORIENTED_EDGE('',*,*,#2888,.T.);
#4303=ORIENTED_EDGE('',*,*,#2885,.T.);
#4304=ORIENTED_EDGE('',*,*,#2882,.T.);
#4305=ORIENTED_EDGE('',*,*,#2879,.T.);
#4306=ORIENTED_EDGE('',*,*,#2876,.T.);
#4307=ORIENTED_EDGE('',*,*,#2873,.T.);
#4308=ORIENTED_EDGE('',*,*,#2870,.T.);
#4309=ORIENTED_EDGE('',*,*,#2867,.T.);
#4310=ORIENTED_EDGE('',*,*,#2864,.T.);
#4311=ORIENTED_EDGE('',*,*,#2861,.T.);
#4312=ORIENTED_EDGE('',*,*,#2858,.T.);
#4313=ORIENTED_EDGE('',*,*,#2855,.T.);
#4314=ORIENTED_EDGE('',*,*,#2852,.T.);
#4315=ORIENTED_EDGE('',*,*,#2849,.T.);
#4316=ORIENTED_EDGE('',*,*,#2955,.T.);
#4317=ORIENTED_EDGE('',*,*,#2961,.T.);
#4318=ORIENTED_EDGE('',*,*,#3248,.F.);
#4319=ORIENTED_EDGE('',*,*,#3263,.T.);
#4320=ORIENTED_EDGE('',*,*,#3264,.T.);
#4321=ORIENTED_EDGE('',*,*,#3261,.T.);
#4322=ORIENTED_EDGE('',*,*,#3253,.F.);
#4323=ORIENTED_EDGE('',*,*,#3257,.T.);
#4324=ORIENTED_EDGE('',*,*,#3265,.T.);
#4325=ORIENTED_EDGE('',*,*,#3266,.F.);
#4326=ORIENTED_EDGE('',*,*,#3244,.F.);
#4327=ORIENTED_EDGE('',*,*,#2999,.F.);
#4328=ORIENTED_EDGE('',*,*,#2933,.T.);
#4329=ORIENTED_EDGE('',*,*,#2929,.F.);
#4330=ORIENTED_EDGE('',*,*,#2941,.T.);
#4331=ORIENTED_EDGE('',*,*,#2936,.F.);
#4332=ORIENTED_EDGE('',*,*,#2952,.T.);
#4333=ORIENTED_EDGE('',*,*,#2948,.F.);
#4334=ORIENTED_EDGE('',*,*,#2945,.T.);
#4335=ORIENTED_EDGE('',*,*,#2942,.F.);
#4336=ORIENTED_EDGE('',*,*,#2956,.T.);
#4337=ORIENTED_EDGE('',*,*,#2962,.T.);
#4338=ORIENTED_EDGE('',*,*,#3026,.T.);
#4339=ORIENTED_EDGE('',*,*,#3267,.F.);
#4340=ORIENTED_EDGE('',*,*,#3268,.T.);
#4341=ORIENTED_EDGE('',*,*,#3269,.F.);
#4342=ORIENTED_EDGE('',*,*,#3206,.T.);
#4343=ORIENTED_EDGE('',*,*,#3270,.F.);
#4344=ORIENTED_EDGE('',*,*,#3271,.T.);
#4345=ORIENTED_EDGE('',*,*,#3272,.F.);
#4346=ORIENTED_EDGE('',*,*,#3245,.F.);
#4347=ORIENTED_EDGE('',*,*,#3266,.T.);
#4348=ORIENTED_EDGE('',*,*,#3273,.T.);
#4349=ORIENTED_EDGE('',*,*,#3263,.F.);
#4350=ORIENTED_EDGE('',*,*,#2987,.F.);
#4351=ORIENTED_EDGE('',*,*,#2976,.T.);
#4352=ORIENTED_EDGE('',*,*,#2973,.F.);
#4353=ORIENTED_EDGE('',*,*,#2970,.T.);
#4354=ORIENTED_EDGE('',*,*,#3274,.F.);
#4355=ORIENTED_EDGE('',*,*,#3275,.T.);
#4356=ORIENTED_EDGE('',*,*,#3276,.F.);
#4357=ORIENTED_EDGE('',*,*,#3277,.F.);
#4358=ORIENTED_EDGE('',*,*,#3278,.T.);
#4359=ORIENTED_EDGE('',*,*,#3279,.F.);
#4360=ORIENTED_EDGE('',*,*,#3275,.F.);
#4361=ORIENTED_EDGE('',*,*,#3280,.F.);
#4362=ORIENTED_EDGE('',*,*,#3281,.F.);
#4363=ORIENTED_EDGE('',*,*,#3194,.F.);
#4364=ORIENTED_EDGE('',*,*,#3235,.T.);
#4365=ORIENTED_EDGE('',*,*,#3282,.T.);
#4366=ORIENTED_EDGE('',*,*,#3198,.F.);
#4367=ORIENTED_EDGE('',*,*,#2985,.F.);
#4368=ORIENTED_EDGE('',*,*,#2982,.T.);
#4369=ORIENTED_EDGE('',*,*,#2979,.F.);
#4370=ORIENTED_EDGE('',*,*,#2966,.T.);
#4371=ORIENTED_EDGE('',*,*,#3283,.T.);
#4372=ORIENTED_EDGE('',*,*,#3284,.T.);
#4373=ORIENTED_EDGE('',*,*,#3285,.T.);
#4374=ORIENTED_EDGE('',*,*,#3022,.F.);
#4375=ORIENTED_EDGE('',*,*,#3286,.T.);
#4376=ORIENTED_EDGE('',*,*,#3281,.T.);
#4377=ORIENTED_EDGE('',*,*,#3287,.T.);
#4378=ORIENTED_EDGE('',*,*,#3055,.F.);
#4379=ORIENTED_EDGE('',*,*,#3149,.T.);
#4380=ORIENTED_EDGE('',*,*,#3288,.T.);
#4381=ORIENTED_EDGE('',*,*,#3172,.T.);
#4382=ORIENTED_EDGE('',*,*,#3183,.F.);
#4383=ORIENTED_EDGE('',*,*,#3289,.T.);
#4384=ORIENTED_EDGE('',*,*,#3290,.F.);
#4385=ORIENTED_EDGE('',*,*,#3291,.F.);
#4386=ORIENTED_EDGE('',*,*,#3292,.T.);
#4387=ORIENTED_EDGE('',*,*,#3293,.F.);
#4388=ORIENTED_EDGE('',*,*,#3284,.F.);
#4389=ORIENTED_EDGE('',*,*,#3294,.F.);
#4390=ORIENTED_EDGE('',*,*,#3289,.F.);
#4391=ORIENTED_EDGE('',*,*,#3277,.T.);
#4392=ORIENTED_EDGE('',*,*,#3295,.F.);
#4393=ORIENTED_EDGE('',*,*,#3296,.T.);
#4394=ORIENTED_EDGE('',*,*,#3297,.F.);
#4395=ORIENTED_EDGE('',*,*,#3298,.T.);
#4396=ORIENTED_EDGE('',*,*,#3299,.F.);
#4397=ORIENTED_EDGE('',*,*,#3300,.T.);
#4398=ORIENTED_EDGE('',*,*,#3301,.F.);
#4399=ORIENTED_EDGE('',*,*,#3302,.T.);
#4400=ORIENTED_EDGE('',*,*,#3303,.F.);
#4401=ORIENTED_EDGE('',*,*,#3304,.T.);
#4402=ORIENTED_EDGE('',*,*,#3305,.F.);
#4403=ORIENTED_EDGE('',*,*,#3306,.T.);
#4404=ORIENTED_EDGE('',*,*,#3307,.F.);
#4405=ORIENTED_EDGE('',*,*,#3291,.T.);
#4406=ORIENTED_EDGE('',*,*,#3308,.F.);
#4407=ORIENTED_EDGE('',*,*,#3309,.T.);
#4408=ORIENTED_EDGE('',*,*,#3310,.F.);
#4409=ORIENTED_EDGE('',*,*,#3302,.F.);
#4410=ORIENTED_EDGE('',*,*,#3311,.T.);
#4411=ORIENTED_EDGE('',*,*,#3312,.F.);
#4412=ORIENTED_EDGE('',*,*,#3309,.F.);
#4413=ORIENTED_EDGE('',*,*,#3313,.F.);
#4414=ORIENTED_EDGE('',*,*,#3238,.F.);
#4415=ORIENTED_EDGE('',*,*,#3314,.T.);
#4416=ORIENTED_EDGE('',*,*,#3315,.F.);
#4417=ORIENTED_EDGE('',*,*,#3300,.F.);
#4418=ORIENTED_EDGE('',*,*,#3316,.T.);
#4419=ORIENTED_EDGE('',*,*,#3317,.F.);
#4420=ORIENTED_EDGE('',*,*,#3241,.F.);
#4421=ORIENTED_EDGE('',*,*,#3318,.F.);
#4422=ORIENTED_EDGE('',*,*,#3314,.F.);
#4423=ORIENTED_EDGE('',*,*,#3319,.T.);
#4424=ORIENTED_EDGE('',*,*,#3320,.F.);
#4425=ORIENTED_EDGE('',*,*,#3296,.F.);
#4426=ORIENTED_EDGE('',*,*,#3321,.T.);
#4427=ORIENTED_EDGE('',*,*,#3322,.F.);
#4428=ORIENTED_EDGE('',*,*,#3323,.F.);
#4429=ORIENTED_EDGE('',*,*,#3319,.F.);
#4430=ORIENTED_EDGE('',*,*,#3324,.F.);
#4431=ORIENTED_EDGE('',*,*,#3197,.F.);
#4432=ORIENTED_EDGE('',*,*,#3325,.T.);
#4433=ORIENTED_EDGE('',*,*,#3203,.F.);
#4434=ORIENTED_EDGE('',*,*,#3200,.F.);
#4435=ORIENTED_EDGE('',*,*,#2953,.T.);
#4436=ORIENTED_EDGE('',*,*,#2959,.T.);
#4437=ORIENTED_EDGE('',*,*,#3326,.T.);
#4438=ORIENTED_EDGE('',*,*,#3322,.T.);
#4439=ORIENTED_EDGE('',*,*,#3327,.T.);
#4440=ORIENTED_EDGE('',*,*,#3058,.F.);
#4441=ORIENTED_EDGE('',*,*,#3328,.T.);
#4442=ORIENTED_EDGE('',*,*,#3329,.T.);
#4443=ORIENTED_EDGE('',*,*,#3330,.T.);
#4444=ORIENTED_EDGE('',*,*,#3061,.F.);
#4445=ORIENTED_EDGE('',*,*,#3331,.T.);
#4446=ORIENTED_EDGE('',*,*,#3332,.F.);
#4447=ORIENTED_EDGE('',*,*,#3306,.F.);
#4448=ORIENTED_EDGE('',*,*,#3333,.T.);
#4449=ORIENTED_EDGE('',*,*,#3334,.F.);
#4450=ORIENTED_EDGE('',*,*,#3331,.F.);
#4451=ORIENTED_EDGE('',*,*,#3335,.F.);
#4452=ORIENTED_EDGE('',*,*,#3225,.F.);
#4453=ORIENTED_EDGE('',*,*,#3336,.T.);
#4454=ORIENTED_EDGE('',*,*,#3337,.F.);
#4455=ORIENTED_EDGE('',*,*,#3304,.F.);
#4456=ORIENTED_EDGE('',*,*,#3338,.T.);
#4457=ORIENTED_EDGE('',*,*,#3339,.F.);
#4458=ORIENTED_EDGE('',*,*,#3228,.F.);
#4459=ORIENTED_EDGE('',*,*,#3340,.F.);
#4460=ORIENTED_EDGE('',*,*,#3336,.F.);
#4461=ORIENTED_EDGE('',*,*,#3341,.T.);
#4462=ORIENTED_EDGE('',*,*,#3342,.F.);
#4463=ORIENTED_EDGE('',*,*,#3298,.F.);
#4464=ORIENTED_EDGE('',*,*,#3343,.T.);
#4465=ORIENTED_EDGE('',*,*,#3344,.F.);
#4466=ORIENTED_EDGE('',*,*,#3341,.F.);
#4467=ORIENTED_EDGE('',*,*,#3345,.F.);
#4468=ORIENTED_EDGE('',*,*,#3329,.F.);
#4469=ORIENTED_EDGE('',*,*,#3032,.F.);
#4470=ORIENTED_EDGE('',*,*,#3346,.F.);
#4471=ORIENTED_EDGE('',*,*,#3301,.T.);
#4472=ORIENTED_EDGE('',*,*,#3347,.T.);
#4473=ORIENTED_EDGE('',*,*,#3239,.F.);
#4474=ORIENTED_EDGE('',*,*,#3313,.T.);
#4475=ORIENTED_EDGE('',*,*,#3311,.F.);
#4476=ORIENTED_EDGE('',*,*,#3346,.T.);
#4477=ORIENTED_EDGE('',*,*,#3031,.F.);
#4478=ORIENTED_EDGE('',*,*,#3050,.F.);
#4479=ORIENTED_EDGE('',*,*,#3029,.F.);
#4480=ORIENTED_EDGE('',*,*,#3229,.F.);
#4481=ORIENTED_EDGE('',*,*,#3339,.T.);
#4482=ORIENTED_EDGE('',*,*,#3338,.F.);
#4483=ORIENTED_EDGE('',*,*,#3303,.T.);
#4484=ORIENTED_EDGE('',*,*,#3310,.T.);
#4485=ORIENTED_EDGE('',*,*,#3312,.T.);
#4486=ORIENTED_EDGE('',*,*,#3237,.F.);
#4487=ORIENTED_EDGE('',*,*,#3051,.F.);
#4488=ORIENTED_EDGE('',*,*,#3049,.F.);
#4489=ORIENTED_EDGE('',*,*,#3348,.F.);
#4490=ORIENTED_EDGE('',*,*,#3337,.T.);
#4491=ORIENTED_EDGE('',*,*,#3340,.T.);
#4492=ORIENTED_EDGE('',*,*,#3227,.F.);
#4493=ORIENTED_EDGE('',*,*,#3048,.F.);
#4494=ORIENTED_EDGE('',*,*,#3349,.F.);
#4495=ORIENTED_EDGE('',*,*,#3305,.T.);
#4496=ORIENTED_EDGE('',*,*,#3348,.T.);
#4497=ORIENTED_EDGE('',*,*,#3047,.F.);
#4498=ORIENTED_EDGE('',*,*,#3226,.F.);
#4499=ORIENTED_EDGE('',*,*,#3335,.T.);
#4500=ORIENTED_EDGE('',*,*,#3333,.F.);
#4501=ORIENTED_EDGE('',*,*,#3349,.T.);
#4502=ORIENTED_EDGE('',*,*,#3285,.F.);
#4503=ORIENTED_EDGE('',*,*,#3293,.T.);
#4504=ORIENTED_EDGE('',*,*,#3292,.F.);
#4505=ORIENTED_EDGE('',*,*,#3307,.T.);
#4506=ORIENTED_EDGE('',*,*,#3332,.T.);
#4507=ORIENTED_EDGE('',*,*,#3334,.T.);
#4508=ORIENTED_EDGE('',*,*,#3224,.F.);
#4509=ORIENTED_EDGE('',*,*,#3023,.F.);
#4510=ORIENTED_EDGE('',*,*,#3019,.F.);
#4511=ORIENTED_EDGE('',*,*,#3045,.F.);
#4512=ORIENTED_EDGE('',*,*,#3350,.F.);
#4513=ORIENTED_EDGE('',*,*,#3290,.T.);
#4514=ORIENTED_EDGE('',*,*,#3294,.T.);
#4515=ORIENTED_EDGE('',*,*,#3283,.F.);
#4516=ORIENTED_EDGE('',*,*,#3021,.F.);
#4517=ORIENTED_EDGE('',*,*,#3044,.F.);
#4518=ORIENTED_EDGE('',*,*,#3351,.F.);
#4519=ORIENTED_EDGE('',*,*,#3308,.T.);
#4520=ORIENTED_EDGE('',*,*,#3350,.T.);
#4521=ORIENTED_EDGE('',*,*,#3287,.F.);
#4522=ORIENTED_EDGE('',*,*,#3280,.T.);
#4523=ORIENTED_EDGE('',*,*,#3278,.F.);
#4524=ORIENTED_EDGE('',*,*,#3351,.T.);
#4525=ORIENTED_EDGE('',*,*,#3043,.F.);
#4526=ORIENTED_EDGE('',*,*,#3053,.F.);
#4527=ORIENTED_EDGE('',*,*,#3327,.F.);
#4528=ORIENTED_EDGE('',*,*,#3324,.T.);
#4529=ORIENTED_EDGE('',*,*,#3321,.F.);
#4530=ORIENTED_EDGE('',*,*,#3295,.T.);
#4531=ORIENTED_EDGE('',*,*,#3276,.T.);
#4532=ORIENTED_EDGE('',*,*,#3279,.T.);
#4533=ORIENTED_EDGE('',*,*,#3286,.F.);
#4534=ORIENTED_EDGE('',*,*,#3054,.F.);
#4535=ORIENTED_EDGE('',*,*,#3041,.F.);
#4536=ORIENTED_EDGE('',*,*,#3056,.F.);
#4537=ORIENTED_EDGE('',*,*,#3039,.F.);
#4538=ORIENTED_EDGE('',*,*,#3352,.F.);
#4539=ORIENTED_EDGE('',*,*,#3320,.T.);
#4540=ORIENTED_EDGE('',*,*,#3323,.T.);
#4541=ORIENTED_EDGE('',*,*,#3326,.F.);
#4542=ORIENTED_EDGE('',*,*,#3057,.F.);
#4543=ORIENTED_EDGE('',*,*,#3038,.F.);
#4544=ORIENTED_EDGE('',*,*,#3353,.F.);
#4545=ORIENTED_EDGE('',*,*,#3297,.T.);
#4546=ORIENTED_EDGE('',*,*,#3352,.T.);
#4547=ORIENTED_EDGE('',*,*,#3330,.F.);
#4548=ORIENTED_EDGE('',*,*,#3345,.T.);
#4549=ORIENTED_EDGE('',*,*,#3343,.F.);
#4550=ORIENTED_EDGE('',*,*,#3353,.T.);
#4551=ORIENTED_EDGE('',*,*,#3037,.F.);
#4552=ORIENTED_EDGE('',*,*,#3059,.F.);
#4553=ORIENTED_EDGE('',*,*,#3242,.F.);
#4554=ORIENTED_EDGE('',*,*,#3317,.T.);
#4555=ORIENTED_EDGE('',*,*,#3316,.F.);
#4556=ORIENTED_EDGE('',*,*,#3299,.T.);
#4557=ORIENTED_EDGE('',*,*,#3342,.T.);
#4558=ORIENTED_EDGE('',*,*,#3344,.T.);
#4559=ORIENTED_EDGE('',*,*,#3328,.F.);
#4560=ORIENTED_EDGE('',*,*,#3060,.F.);
#4561=ORIENTED_EDGE('',*,*,#3035,.F.);
#4562=ORIENTED_EDGE('',*,*,#3062,.F.);
#4563=ORIENTED_EDGE('',*,*,#3033,.F.);
#4564=ORIENTED_EDGE('',*,*,#3347,.F.);
#4565=ORIENTED_EDGE('',*,*,#3315,.T.);
#4566=ORIENTED_EDGE('',*,*,#3318,.T.);
#4567=ORIENTED_EDGE('',*,*,#3240,.F.);
#4568=ORIENTED_EDGE('',*,*,#3063,.F.);
#4569=ORIENTED_EDGE('',*,*,#3211,.T.);
#4570=ORIENTED_EDGE('',*,*,#3354,.T.);
#4571=ORIENTED_EDGE('',*,*,#3355,.T.);
#4572=ORIENTED_EDGE('',*,*,#3356,.T.);
#4573=ORIENTED_EDGE('',*,*,#3357,.T.);
#4574=ORIENTED_EDGE('',*,*,#3358,.T.);
#4575=ORIENTED_EDGE('',*,*,#3213,.T.);
#4576=ORIENTED_EDGE('',*,*,#3359,.T.);
#4577=ORIENTED_EDGE('',*,*,#3360,.T.);
#4578=ORIENTED_EDGE('',*,*,#3359,.F.);
#4579=ORIENTED_EDGE('',*,*,#3212,.T.);
#4580=ORIENTED_EDGE('',*,*,#3356,.F.);
#4581=ORIENTED_EDGE('',*,*,#3361,.T.);
#4582=ORIENTED_EDGE('',*,*,#3362,.T.);
#4583=ORIENTED_EDGE('',*,*,#3363,.T.);
#4584=ORIENTED_EDGE('',*,*,#3364,.T.);
#4585=ORIENTED_EDGE('',*,*,#3365,.T.);
#4586=ORIENTED_EDGE('',*,*,#3366,.T.);
#4587=ORIENTED_EDGE('',*,*,#3367,.T.);
#4588=ORIENTED_EDGE('',*,*,#3368,.T.);
#4589=ORIENTED_EDGE('',*,*,#3369,.T.);
#4590=ORIENTED_EDGE('',*,*,#3370,.T.);
#4591=ORIENTED_EDGE('',*,*,#3371,.T.);
#4592=ORIENTED_EDGE('',*,*,#3369,.F.);
#4593=ORIENTED_EDGE('',*,*,#3372,.T.);
#4594=ORIENTED_EDGE('',*,*,#3365,.F.);
#4595=ORIENTED_EDGE('',*,*,#3361,.F.);
#4596=ORIENTED_EDGE('',*,*,#3372,.F.);
#4597=ORIENTED_EDGE('',*,*,#3368,.F.);
#4598=ORIENTED_EDGE('',*,*,#3373,.F.);
#4599=ORIENTED_EDGE('',*,*,#3374,.T.);
#4600=ORIENTED_EDGE('',*,*,#3010,.F.);
#4601=ORIENTED_EDGE('',*,*,#3375,.F.);
#4602=ORIENTED_EDGE('',*,*,#3376,.T.);
#4603=ORIENTED_EDGE('',*,*,#3366,.F.);
#4604=ORIENTED_EDGE('',*,*,#3377,.F.);
#4605=ORIENTED_EDGE('',*,*,#3355,.F.);
#4606=ORIENTED_EDGE('',*,*,#3360,.F.);
#4607=ORIENTED_EDGE('',*,*,#3377,.T.);
#4608=ORIENTED_EDGE('',*,*,#3370,.F.);
#4609=ORIENTED_EDGE('',*,*,#3371,.F.);
#4610=ORIENTED_EDGE('',*,*,#3364,.F.);
#4611=ORIENTED_EDGE('',*,*,#3378,.T.);
#4612=ORIENTED_EDGE('',*,*,#3362,.F.);
#4613=ORIENTED_EDGE('',*,*,#3373,.T.);
#4614=ORIENTED_EDGE('',*,*,#3367,.F.);
#4615=ORIENTED_EDGE('',*,*,#3376,.F.);
#4616=ORIENTED_EDGE('',*,*,#3217,.F.);
#4617=ORIENTED_EDGE('',*,*,#3379,.T.);
#4618=ORIENTED_EDGE('',*,*,#3008,.F.);
#4619=ORIENTED_EDGE('',*,*,#3380,.F.);
#4620=ORIENTED_EDGE('',*,*,#3219,.F.);
#4621=ORIENTED_EDGE('',*,*,#3381,.T.);
#4622=ORIENTED_EDGE('',*,*,#3009,.F.);
#4623=ORIENTED_EDGE('',*,*,#3381,.F.);
#4624=ORIENTED_EDGE('',*,*,#3218,.F.);
#4625=ORIENTED_EDGE('',*,*,#3375,.T.);
#4626=ORIENTED_EDGE('',*,*,#3011,.F.);
#4627=ORIENTED_EDGE('',*,*,#3374,.F.);
#4628=ORIENTED_EDGE('',*,*,#3354,.F.);
#4629=ORIENTED_EDGE('',*,*,#3220,.F.);
#4630=ORIENTED_EDGE('',*,*,#3380,.T.);
#4631=ORIENTED_EDGE('',*,*,#3357,.F.);
#4632=ORIENTED_EDGE('',*,*,#3378,.F.);
#4633=ORIENTED_EDGE('',*,*,#3363,.F.);
#4634=ORIENTED_EDGE('',*,*,#3379,.F.);
#4635=ORIENTED_EDGE('',*,*,#3382,.T.);
#4636=ORIENTED_EDGE('',*,*,#3004,.F.);
#4637=ORIENTED_EDGE('',*,*,#3383,.F.);
#4638=ORIENTED_EDGE('',*,*,#3005,.F.);
#4639=ORIENTED_EDGE('',*,*,#3382,.F.);
#4640=ORIENTED_EDGE('',*,*,#3216,.F.);
#4641=ORIENTED_EDGE('',*,*,#3384,.T.);
#4642=ORIENTED_EDGE('',*,*,#3006,.F.);
#4643=ORIENTED_EDGE('',*,*,#3384,.F.);
#4644=ORIENTED_EDGE('',*,*,#3215,.F.);
#4645=ORIENTED_EDGE('',*,*,#3385,.T.);
#4646=ORIENTED_EDGE('',*,*,#3007,.F.);
#4647=ORIENTED_EDGE('',*,*,#3385,.F.);
#4648=ORIENTED_EDGE('',*,*,#3214,.F.);
#4649=ORIENTED_EDGE('',*,*,#3358,.F.);
#4650=ORIENTED_EDGE('',*,*,#3383,.T.);
#4651=ORIENTED_EDGE('',*,*,#3223,.T.);
#4652=ORIENTED_EDGE('',*,*,#3386,.T.);
#4653=ORIENTED_EDGE('',*,*,#3267,.T.);
#4654=ORIENTED_EDGE('',*,*,#3025,.T.);
#4655=ORIENTED_EDGE('',*,*,#3386,.F.);
#4656=ORIENTED_EDGE('',*,*,#3222,.F.);
#4657=ORIENTED_EDGE('',*,*,#3387,.F.);
#4658=ORIENTED_EDGE('',*,*,#3268,.F.);
#4659=ORIENTED_EDGE('',*,*,#3230,.T.);
#4660=ORIENTED_EDGE('',*,*,#3027,.T.);
#4661=ORIENTED_EDGE('',*,*,#3272,.T.);
#4662=ORIENTED_EDGE('',*,*,#3388,.T.);
#4663=ORIENTED_EDGE('',*,*,#3221,.T.);
#4664=ORIENTED_EDGE('',*,*,#3207,.T.);
#4665=ORIENTED_EDGE('',*,*,#3269,.T.);
#4666=ORIENTED_EDGE('',*,*,#3387,.T.);
#4667=ORIENTED_EDGE('',*,*,#3232,.T.);
#4668=ORIENTED_EDGE('',*,*,#3389,.T.);
#4669=ORIENTED_EDGE('',*,*,#3270,.T.);
#4670=ORIENTED_EDGE('',*,*,#3205,.T.);
#4671=ORIENTED_EDGE('',*,*,#3388,.F.);
#4672=ORIENTED_EDGE('',*,*,#3271,.F.);
#4673=ORIENTED_EDGE('',*,*,#3389,.F.);
#4674=ORIENTED_EDGE('',*,*,#3231,.F.);
#4675=ORIENTED_EDGE('',*,*,#3161,.F.);
#4676=ORIENTED_EDGE('',*,*,#3166,.T.);
#4677=ORIENTED_EDGE('',*,*,#3165,.T.);
#4678=ORIENTED_EDGE('',*,*,#3157,.T.);
#4679=ORIENTED_EDGE('',*,*,#3124,.F.);
#4680=ORIENTED_EDGE('',*,*,#3390,.T.);
#4681=ORIENTED_EDGE('',*,*,#3116,.T.);
#4682=ORIENTED_EDGE('',*,*,#3113,.T.);
#4683=ORIENTED_EDGE('',*,*,#3090,.F.);
#4684=ORIENTED_EDGE('',*,*,#3391,.F.);
#4685=ORIENTED_EDGE('',*,*,#3119,.F.);
#4686=ORIENTED_EDGE('',*,*,#3102,.F.);
#4687=ORIENTED_EDGE('',*,*,#3097,.F.);
#4688=ORIENTED_EDGE('',*,*,#3392,.F.);
#4689=ORIENTED_EDGE('',*,*,#3092,.T.);
#4690=ORIENTED_EDGE('',*,*,#3101,.T.);
#4691=ORIENTED_EDGE('',*,*,#3143,.F.);
#4692=ORIENTED_EDGE('',*,*,#3174,.F.);
#4693=ORIENTED_EDGE('',*,*,#3138,.T.);
#4694=ORIENTED_EDGE('',*,*,#3147,.T.);
#4695=ORIENTED_EDGE('',*,*,#3130,.F.);
#4696=ORIENTED_EDGE('',*,*,#3173,.F.);
#4697=ORIENTED_EDGE('',*,*,#3288,.F.);
#4698=ORIENTED_EDGE('',*,*,#3148,.F.);
#4699=ORIENTED_EDGE('',*,*,#3393,.F.);
#4700=ORIENTED_EDGE('',*,*,#3394,.T.);
#4701=ORIENTED_EDGE('',*,*,#3274,.T.);
#4702=ORIENTED_EDGE('',*,*,#3394,.F.);
#4703=ORIENTED_EDGE('',*,*,#3395,.F.);
#4704=ORIENTED_EDGE('',*,*,#3396,.T.);
#4705=ORIENTED_EDGE('',*,*,#3258,.T.);
#4706=ORIENTED_EDGE('',*,*,#3396,.F.);
#4707=ORIENTED_EDGE('',*,*,#3397,.F.);
#4708=ORIENTED_EDGE('',*,*,#3398,.F.);
#4709=ORIENTED_EDGE('',*,*,#3399,.F.);
#4710=ORIENTED_EDGE('',*,*,#3400,.T.);
#4711=ORIENTED_EDGE('',*,*,#3397,.T.);
#4712=ORIENTED_EDGE('',*,*,#3400,.F.);
#4713=ORIENTED_EDGE('',*,*,#3395,.T.);
#4714=ORIENTED_EDGE('',*,*,#3399,.T.);
#4715=ORIENTED_EDGE('',*,*,#3401,.F.);
#4716=ORIENTED_EDGE('',*,*,#3402,.T.);
#4717=ORIENTED_EDGE('',*,*,#3403,.F.);
#4718=ORIENTED_EDGE('',*,*,#3402,.F.);
#4719=ORIENTED_EDGE('',*,*,#3393,.T.);
#4720=ORIENTED_EDGE('',*,*,#3401,.T.);
#4721=ORIENTED_EDGE('',*,*,#3398,.T.);
#4722=ORIENTED_EDGE('',*,*,#3404,.T.);
#4723=ORIENTED_EDGE('',*,*,#3405,.F.);
#4724=ORIENTED_EDGE('',*,*,#3404,.F.);
#4725=ORIENTED_EDGE('',*,*,#3406,.F.);
#4726=ORIENTED_EDGE('',*,*,#3407,.T.);
#4727=ORIENTED_EDGE('',*,*,#3408,.F.);
#4728=ORIENTED_EDGE('',*,*,#3407,.F.);
#4729=ORIENTED_EDGE('',*,*,#3409,.T.);
#4730=ORIENTED_EDGE('',*,*,#3410,.T.);
#4731=ORIENTED_EDGE('',*,*,#3411,.T.);
#4732=ORIENTED_EDGE('',*,*,#3412,.T.);
#4733=ORIENTED_EDGE('',*,*,#3413,.T.);
#4734=ORIENTED_EDGE('',*,*,#3414,.T.);
#4735=ORIENTED_EDGE('',*,*,#3415,.T.);
#4736=ORIENTED_EDGE('',*,*,#3416,.T.);
#4737=ORIENTED_EDGE('',*,*,#3417,.T.);
#4738=ORIENTED_EDGE('',*,*,#3418,.T.);
#4739=ORIENTED_EDGE('',*,*,#3419,.T.);
#4740=ORIENTED_EDGE('',*,*,#3420,.T.);
#4741=ORIENTED_EDGE('',*,*,#3421,.T.);
#4742=ORIENTED_EDGE('',*,*,#3422,.T.);
#4743=ORIENTED_EDGE('',*,*,#3423,.T.);
#4744=ORIENTED_EDGE('',*,*,#3424,.T.);
#4745=ORIENTED_EDGE('',*,*,#3425,.T.);
#4746=ORIENTED_EDGE('',*,*,#3426,.T.);
#4747=ORIENTED_EDGE('',*,*,#3427,.T.);
#4748=ORIENTED_EDGE('',*,*,#3428,.T.);
#4749=ORIENTED_EDGE('',*,*,#3429,.T.);
#4750=ORIENTED_EDGE('',*,*,#3430,.T.);
#4751=ORIENTED_EDGE('',*,*,#3431,.F.);
#4752=ORIENTED_EDGE('',*,*,#3432,.T.);
#4753=ORIENTED_EDGE('',*,*,#3433,.T.);
#4754=ORIENTED_EDGE('',*,*,#3434,.T.);
#4755=ORIENTED_EDGE('',*,*,#3435,.T.);
#4756=ORIENTED_EDGE('',*,*,#3436,.T.);
#4757=ORIENTED_EDGE('',*,*,#3437,.T.);
#4758=ORIENTED_EDGE('',*,*,#3438,.T.);
#4759=ORIENTED_EDGE('',*,*,#3439,.F.);
#4760=ORIENTED_EDGE('',*,*,#3440,.T.);
#4761=ORIENTED_EDGE('',*,*,#3441,.T.);
#4762=ORIENTED_EDGE('',*,*,#3442,.F.);
#4763=ORIENTED_EDGE('',*,*,#3443,.T.);
#4764=ORIENTED_EDGE('',*,*,#3444,.T.);
#4765=ORIENTED_EDGE('',*,*,#3445,.T.);
#4766=ORIENTED_EDGE('',*,*,#3446,.F.);
#4767=ORIENTED_EDGE('',*,*,#3447,.T.);
#4768=ORIENTED_EDGE('',*,*,#3448,.T.);
#4769=ORIENTED_EDGE('',*,*,#3430,.F.);
#4770=ORIENTED_EDGE('',*,*,#3449,.F.);
#4771=ORIENTED_EDGE('',*,*,#3450,.T.);
#4772=ORIENTED_EDGE('',*,*,#3451,.F.);
#4773=ORIENTED_EDGE('',*,*,#3432,.F.);
#4774=ORIENTED_EDGE('',*,*,#3452,.F.);
#4775=ORIENTED_EDGE('',*,*,#3453,.F.);
#4776=ORIENTED_EDGE('',*,*,#3454,.T.);
#4777=ORIENTED_EDGE('',*,*,#3455,.F.);
#4778=ORIENTED_EDGE('',*,*,#3416,.F.);
#4779=ORIENTED_EDGE('',*,*,#3456,.F.);
#4780=ORIENTED_EDGE('',*,*,#3412,.F.);
#4781=ORIENTED_EDGE('',*,*,#3454,.F.);
#4782=ORIENTED_EDGE('',*,*,#3457,.F.);
#4783=ORIENTED_EDGE('',*,*,#3449,.T.);
#4784=ORIENTED_EDGE('',*,*,#3429,.F.);
#4785=ORIENTED_EDGE('',*,*,#3455,.T.);
#4786=ORIENTED_EDGE('',*,*,#3411,.F.);
#4787=ORIENTED_EDGE('',*,*,#3458,.T.);
#4788=ORIENTED_EDGE('',*,*,#3413,.F.);
#4789=ORIENTED_EDGE('',*,*,#3458,.F.);
#4790=ORIENTED_EDGE('',*,*,#3410,.F.);
#4791=ORIENTED_EDGE('',*,*,#3459,.T.);
#4792=ORIENTED_EDGE('',*,*,#3414,.F.);
#4793=ORIENTED_EDGE('',*,*,#3425,.F.);
#4794=ORIENTED_EDGE('',*,*,#3460,.F.);
#4795=ORIENTED_EDGE('',*,*,#3445,.F.);
#4796=ORIENTED_EDGE('',*,*,#3461,.T.);
#4797=ORIENTED_EDGE('',*,*,#3426,.F.);
#4798=ORIENTED_EDGE('',*,*,#3461,.F.);
#4799=ORIENTED_EDGE('',*,*,#3448,.F.);
#4800=ORIENTED_EDGE('',*,*,#3462,.T.);
#4801=ORIENTED_EDGE('',*,*,#3427,.F.);
#4802=ORIENTED_EDGE('',*,*,#3462,.F.);
#4803=ORIENTED_EDGE('',*,*,#3447,.F.);
#4804=ORIENTED_EDGE('',*,*,#3463,.T.);
#4805=ORIENTED_EDGE('',*,*,#3406,.T.);
#4806=ORIENTED_EDGE('',*,*,#3428,.F.);
#4807=ORIENTED_EDGE('',*,*,#3463,.F.);
#4808=ORIENTED_EDGE('',*,*,#3446,.T.);
#4809=ORIENTED_EDGE('',*,*,#3460,.T.);
#4810=ORIENTED_EDGE('',*,*,#3459,.F.);
#4811=ORIENTED_EDGE('',*,*,#3409,.F.);
#4812=ORIENTED_EDGE('',*,*,#3456,.T.);
#4813=ORIENTED_EDGE('',*,*,#3415,.F.);
#4814=ORIENTED_EDGE('',*,*,#3464,.F.);
#4815=ORIENTED_EDGE('',*,*,#3417,.F.);
#4816=ORIENTED_EDGE('',*,*,#3465,.T.);
#4817=ORIENTED_EDGE('',*,*,#3423,.F.);
#4818=ORIENTED_EDGE('',*,*,#3438,.F.);
#4819=ORIENTED_EDGE('',*,*,#3466,.F.);
#4820=ORIENTED_EDGE('',*,*,#3467,.T.);
#4821=ORIENTED_EDGE('',*,*,#3468,.F.);
#4822=ORIENTED_EDGE('',*,*,#3440,.F.);
#4823=ORIENTED_EDGE('',*,*,#3469,.F.);
#4824=ORIENTED_EDGE('',*,*,#3470,.F.);
#4825=ORIENTED_EDGE('',*,*,#3471,.T.);
#4826=ORIENTED_EDGE('',*,*,#3472,.T.);
#4827=ORIENTED_EDGE('',*,*,#3424,.F.);
#4828=ORIENTED_EDGE('',*,*,#3465,.F.);
#4829=ORIENTED_EDGE('',*,*,#3420,.F.);
#4830=ORIENTED_EDGE('',*,*,#3471,.F.);
#4831=ORIENTED_EDGE('',*,*,#3473,.F.);
#4832=ORIENTED_EDGE('',*,*,#3466,.T.);
#4833=ORIENTED_EDGE('',*,*,#3437,.F.);
#4834=ORIENTED_EDGE('',*,*,#3472,.F.);
#4835=ORIENTED_EDGE('',*,*,#3419,.F.);
#4836=ORIENTED_EDGE('',*,*,#3474,.T.);
#4837=ORIENTED_EDGE('',*,*,#3421,.F.);
#4838=ORIENTED_EDGE('',*,*,#3474,.F.);
#4839=ORIENTED_EDGE('',*,*,#3418,.F.);
#4840=ORIENTED_EDGE('',*,*,#3464,.T.);
#4841=ORIENTED_EDGE('',*,*,#3422,.F.);
#4842=ORIENTED_EDGE('',*,*,#3433,.F.);
#4843=ORIENTED_EDGE('',*,*,#3475,.F.);
#4844=ORIENTED_EDGE('',*,*,#3441,.F.);
#4845=ORIENTED_EDGE('',*,*,#3476,.T.);
#4846=ORIENTED_EDGE('',*,*,#3434,.F.);
#4847=ORIENTED_EDGE('',*,*,#3476,.F.);
#4848=ORIENTED_EDGE('',*,*,#3444,.F.);
#4849=ORIENTED_EDGE('',*,*,#3477,.T.);
#4850=ORIENTED_EDGE('',*,*,#3435,.F.);
#4851=ORIENTED_EDGE('',*,*,#3477,.F.);
#4852=ORIENTED_EDGE('',*,*,#3443,.F.);
#4853=ORIENTED_EDGE('',*,*,#3478,.T.);
#4854=ORIENTED_EDGE('',*,*,#3405,.T.);
#4855=ORIENTED_EDGE('',*,*,#3436,.F.);
#4856=ORIENTED_EDGE('',*,*,#3478,.F.);
#4857=ORIENTED_EDGE('',*,*,#3442,.T.);
#4858=ORIENTED_EDGE('',*,*,#3475,.T.);
#4859=ORIENTED_EDGE('',*,*,#3452,.T.);
#4860=ORIENTED_EDGE('',*,*,#3431,.T.);
#4861=ORIENTED_EDGE('',*,*,#3451,.T.);
#4862=ORIENTED_EDGE('',*,*,#3479,.F.);
#4863=ORIENTED_EDGE('',*,*,#3480,.T.);
#4864=ORIENTED_EDGE('',*,*,#3125,.T.);
#4865=ORIENTED_EDGE('',*,*,#3110,.F.);
#4866=ORIENTED_EDGE('',*,*,#3481,.F.);
#4867=ORIENTED_EDGE('',*,*,#3469,.T.);
#4868=ORIENTED_EDGE('',*,*,#3439,.T.);
#4869=ORIENTED_EDGE('',*,*,#3468,.T.);
#4870=ORIENTED_EDGE('',*,*,#3482,.F.);
#4871=ORIENTED_EDGE('',*,*,#3167,.T.);
#4872=ORIENTED_EDGE('',*,*,#3162,.T.);
#4873=ORIENTED_EDGE('',*,*,#3154,.F.);
#4874=ORIENTED_EDGE('',*,*,#3483,.F.);
#4875=ORIENTED_EDGE('',*,*,#3096,.F.);
#4876=ORIENTED_EDGE('',*,*,#3100,.F.);
#4877=ORIENTED_EDGE('',*,*,#3115,.F.);
#4878=ORIENTED_EDGE('',*,*,#3390,.F.);
#4879=ORIENTED_EDGE('',*,*,#3123,.F.);
#4880=ORIENTED_EDGE('',*,*,#3126,.T.);
#4881=ORIENTED_EDGE('',*,*,#3480,.F.);
#4882=ORIENTED_EDGE('',*,*,#3484,.T.);
#4883=ORIENTED_EDGE('',*,*,#3084,.F.);
#4884=ORIENTED_EDGE('',*,*,#3176,.F.);
#4885=ORIENTED_EDGE('',*,*,#3178,.F.);
#4886=ORIENTED_EDGE('',*,*,#3179,.F.);
#4887=ORIENTED_EDGE('',*,*,#3243,.F.);
#4888=ORIENTED_EDGE('',*,*,#3120,.T.);
#4889=ORIENTED_EDGE('',*,*,#3117,.F.);
#4890=ORIENTED_EDGE('',*,*,#3391,.T.);
#4891=ORIENTED_EDGE('',*,*,#3089,.F.);
#4892=ORIENTED_EDGE('',*,*,#3093,.T.);
#4893=ORIENTED_EDGE('',*,*,#3392,.T.);
#4894=ORIENTED_EDGE('',*,*,#3485,.F.);
#4895=ORIENTED_EDGE('',*,*,#3486,.T.);
#4896=ORIENTED_EDGE('',*,*,#3487,.F.);
#4897=ORIENTED_EDGE('',*,*,#3488,.T.);
#4898=ORIENTED_EDGE('',*,*,#3485,.T.);
#4899=ORIENTED_EDGE('',*,*,#3489,.T.);
#4900=ORIENTED_EDGE('',*,*,#3490,.T.);
#4901=ORIENTED_EDGE('',*,*,#3491,.F.);
#4902=ORIENTED_EDGE('',*,*,#3492,.T.);
#4903=ORIENTED_EDGE('',*,*,#3493,.T.);
#4904=ORIENTED_EDGE('',*,*,#3488,.F.);
#4905=ORIENTED_EDGE('',*,*,#3494,.F.);
#4906=ORIENTED_EDGE('',*,*,#3495,.F.);
#4907=ORIENTED_EDGE('',*,*,#3489,.F.);
#4908=ORIENTED_EDGE('',*,*,#3496,.F.);
#4909=ORIENTED_EDGE('',*,*,#3497,.T.);
#4910=ORIENTED_EDGE('',*,*,#3490,.F.);
#4911=ORIENTED_EDGE('',*,*,#3495,.T.);
#4912=ORIENTED_EDGE('',*,*,#3487,.T.);
#4913=ORIENTED_EDGE('',*,*,#3498,.F.);
#4914=ORIENTED_EDGE('',*,*,#3499,.T.);
#4915=ORIENTED_EDGE('',*,*,#3500,.F.);
#4916=ORIENTED_EDGE('',*,*,#3496,.T.);
#4917=ORIENTED_EDGE('',*,*,#3494,.T.);
#4918=ORIENTED_EDGE('',*,*,#3499,.F.);
#4919=ORIENTED_EDGE('',*,*,#3501,.F.);
#4920=ORIENTED_EDGE('',*,*,#3502,.F.);
#4921=ORIENTED_EDGE('',*,*,#3503,.F.);
#4922=ORIENTED_EDGE('',*,*,#3486,.F.);
#4923=ORIENTED_EDGE('',*,*,#3493,.F.);
#4924=ORIENTED_EDGE('',*,*,#3504,.T.);
#4925=ORIENTED_EDGE('',*,*,#3505,.F.);
#4926=ORIENTED_EDGE('',*,*,#3501,.T.);
#4927=ORIENTED_EDGE('',*,*,#3498,.T.);
#4928=ORIENTED_EDGE('',*,*,#3497,.F.);
#4929=ORIENTED_EDGE('',*,*,#3500,.T.);
#4930=ORIENTED_EDGE('',*,*,#3503,.T.);
#4931=ORIENTED_EDGE('',*,*,#3506,.T.);
#4932=ORIENTED_EDGE('',*,*,#3507,.T.);
#4933=ORIENTED_EDGE('',*,*,#3491,.T.);
#4934=ORIENTED_EDGE('',*,*,#3508,.T.);
#4935=ORIENTED_EDGE('',*,*,#3080,.F.);
#4936=ORIENTED_EDGE('',*,*,#3076,.F.);
#4937=ORIENTED_EDGE('',*,*,#3209,.F.);
#4938=ORIENTED_EDGE('',*,*,#3067,.F.);
#4939=ORIENTED_EDGE('',*,*,#3075,.T.);
#4940=ORIENTED_EDGE('',*,*,#3509,.T.);
#4941=ORIENTED_EDGE('',*,*,#3506,.F.);
#4942=ORIENTED_EDGE('',*,*,#3502,.T.);
#4943=ORIENTED_EDGE('',*,*,#3505,.T.);
#4944=ORIENTED_EDGE('',*,*,#3510,.T.);
#4945=ORIENTED_EDGE('',*,*,#3069,.F.);
#4946=ORIENTED_EDGE('',*,*,#3065,.F.);
#4947=ORIENTED_EDGE('',*,*,#3210,.F.);
#4948=ORIENTED_EDGE('',*,*,#3078,.F.);
#4949=ORIENTED_EDGE('',*,*,#3086,.T.);
#4950=ORIENTED_EDGE('',*,*,#3457,.T.);
#4951=ORIENTED_EDGE('',*,*,#3453,.T.);
#4952=ORIENTED_EDGE('',*,*,#3481,.T.);
#4953=ORIENTED_EDGE('',*,*,#3109,.T.);
#4954=ORIENTED_EDGE('',*,*,#3081,.F.);
#4955=ORIENTED_EDGE('',*,*,#3508,.F.);
#4956=ORIENTED_EDGE('',*,*,#3504,.F.);
#4957=ORIENTED_EDGE('',*,*,#3492,.F.);
#4958=ORIENTED_EDGE('',*,*,#3507,.F.);
#4959=ORIENTED_EDGE('',*,*,#3509,.F.);
#4960=ORIENTED_EDGE('',*,*,#3074,.F.);
#4961=ORIENTED_EDGE('',*,*,#3168,.F.);
#4962=ORIENTED_EDGE('',*,*,#3482,.T.);
#4963=ORIENTED_EDGE('',*,*,#3467,.F.);
#4964=ORIENTED_EDGE('',*,*,#3473,.T.);
#4965=ORIENTED_EDGE('',*,*,#3470,.T.);
#4966=ORIENTED_EDGE('',*,*,#3483,.T.);
#4967=ORIENTED_EDGE('',*,*,#3153,.T.);
#4968=ORIENTED_EDGE('',*,*,#3070,.F.);
#4969=ORIENTED_EDGE('',*,*,#3510,.F.);
#4970=ORIENTED_EDGE('',*,*,#3085,.F.);
#4971=ORIENTED_EDGE('',*,*,#3484,.F.);
#4972=ORIENTED_EDGE('',*,*,#3479,.T.);
#4973=ORIENTED_EDGE('',*,*,#3450,.F.);
#4974=ORIENTED_EDGE('',*,*,#3264,.F.);
#4975=ORIENTED_EDGE('',*,*,#3273,.F.);
#4976=ORIENTED_EDGE('',*,*,#3265,.F.);
#4977=ORIENTED_EDGE('',*,*,#3256,.F.);
#4978=ORIENTED_EDGE('',*,*,#3260,.F.);
#4979=ORIENTED_EDGE('',*,*,#3262,.F.);
#4980=ORIENTED_EDGE('',*,*,#3282,.F.);
#4981=ORIENTED_EDGE('',*,*,#3234,.F.);
#4982=ORIENTED_EDGE('',*,*,#3236,.F.);
#4983=ORIENTED_EDGE('',*,*,#3201,.F.);
#4984=ORIENTED_EDGE('',*,*,#3325,.F.);
#4985=ORIENTED_EDGE('',*,*,#3196,.F.);
#4986=ORIENTED_EDGE('',*,*,#3403,.T.);
#4987=ORIENTED_EDGE('',*,*,#3408,.T.);
#4988=ORIENTED_EDGE('',*,*,#3511,.T.);
#4989=ORIENTED_EDGE('',*,*,#3512,.T.);
#4990=ORIENTED_EDGE('',*,*,#3513,.T.);
#4991=ORIENTED_EDGE('',*,*,#3514,.T.);
#4992=ORIENTED_EDGE('',*,*,#3513,.F.);
#4993=ORIENTED_EDGE('',*,*,#3515,.F.);
#4994=ORIENTED_EDGE('',*,*,#3516,.F.);
#4995=ORIENTED_EDGE('',*,*,#3517,.F.);
#4996=ORIENTED_EDGE('',*,*,#3518,.F.);
#4997=ORIENTED_EDGE('',*,*,#3519,.F.);
#4998=ORIENTED_EDGE('',*,*,#3520,.T.);
#4999=ORIENTED_EDGE('',*,*,#3512,.F.);
#5000=ORIENTED_EDGE('',*,*,#3521,.T.);
#5001=ORIENTED_EDGE('',*,*,#3522,.T.);
#5002=ORIENTED_EDGE('',*,*,#3515,.T.);
#5003=ORIENTED_EDGE('',*,*,#3523,.T.);
#5004=ORIENTED_EDGE('',*,*,#3524,.T.);
#5005=ORIENTED_EDGE('',*,*,#3525,.T.);
#5006=ORIENTED_EDGE('',*,*,#3526,.T.);
#5007=ORIENTED_EDGE('',*,*,#3525,.F.);
#5008=ORIENTED_EDGE('',*,*,#3527,.T.);
#5009=ORIENTED_EDGE('',*,*,#3528,.T.);
#5010=ORIENTED_EDGE('',*,*,#3529,.T.);
#5011=ORIENTED_EDGE('',*,*,#3530,.T.);
#5012=ORIENTED_EDGE('',*,*,#3531,.T.);
#5013=ORIENTED_EDGE('',*,*,#3528,.F.);
#5014=ORIENTED_EDGE('',*,*,#3532,.T.);
#5015=ORIENTED_EDGE('',*,*,#3530,.F.);
#5016=ORIENTED_EDGE('',*,*,#3533,.F.);
#5017=ORIENTED_EDGE('',*,*,#3534,.F.);
#5018=ORIENTED_EDGE('',*,*,#3535,.F.);
#5019=ORIENTED_EDGE('',*,*,#3536,.T.);
#5020=ORIENTED_EDGE('',*,*,#3537,.F.);
#5021=ORIENTED_EDGE('',*,*,#3538,.F.);
#5022=ORIENTED_EDGE('',*,*,#3532,.F.);
#5023=ORIENTED_EDGE('',*,*,#3539,.F.);
#5024=ORIENTED_EDGE('',*,*,#3540,.F.);
#5025=ORIENTED_EDGE('',*,*,#3533,.T.);
#5026=ORIENTED_EDGE('',*,*,#3527,.F.);
#5027=ORIENTED_EDGE('',*,*,#3541,.T.);
#5028=ORIENTED_EDGE('',*,*,#3542,.T.);
#5029=ORIENTED_EDGE('',*,*,#3539,.T.);
#5030=ORIENTED_EDGE('',*,*,#3524,.F.);
#5031=ORIENTED_EDGE('',*,*,#3543,.F.);
#5032=ORIENTED_EDGE('',*,*,#3544,.F.);
#5033=ORIENTED_EDGE('',*,*,#3541,.F.);
#5034=ORIENTED_EDGE('',*,*,#3545,.T.);
#5035=ORIENTED_EDGE('',*,*,#3546,.T.);
#5036=ORIENTED_EDGE('',*,*,#3547,.T.);
#5037=ORIENTED_EDGE('',*,*,#3548,.T.);
#5038=ORIENTED_EDGE('',*,*,#3547,.F.);
#5039=ORIENTED_EDGE('',*,*,#3549,.T.);
#5040=ORIENTED_EDGE('',*,*,#3550,.T.);
#5041=ORIENTED_EDGE('',*,*,#3551,.T.);
#5042=ORIENTED_EDGE('',*,*,#3552,.T.);
#5043=ORIENTED_EDGE('',*,*,#3553,.T.);
#5044=ORIENTED_EDGE('',*,*,#3550,.F.);
#5045=ORIENTED_EDGE('',*,*,#3554,.T.);
#5046=ORIENTED_EDGE('',*,*,#3552,.F.);
#5047=ORIENTED_EDGE('',*,*,#3555,.F.);
#5048=ORIENTED_EDGE('',*,*,#3556,.F.);
#5049=ORIENTED_EDGE('',*,*,#3557,.F.);
#5050=ORIENTED_EDGE('',*,*,#3558,.T.);
#5051=ORIENTED_EDGE('',*,*,#3559,.F.);
#5052=ORIENTED_EDGE('',*,*,#3560,.F.);
#5053=ORIENTED_EDGE('',*,*,#3554,.F.);
#5054=ORIENTED_EDGE('',*,*,#3561,.F.);
#5055=ORIENTED_EDGE('',*,*,#3562,.F.);
#5056=ORIENTED_EDGE('',*,*,#3555,.T.);
#5057=ORIENTED_EDGE('',*,*,#3549,.F.);
#5058=ORIENTED_EDGE('',*,*,#3563,.T.);
#5059=ORIENTED_EDGE('',*,*,#3564,.T.);
#5060=ORIENTED_EDGE('',*,*,#3561,.T.);
#5061=ORIENTED_EDGE('',*,*,#3546,.F.);
#5062=ORIENTED_EDGE('',*,*,#3565,.F.);
#5063=ORIENTED_EDGE('',*,*,#3566,.F.);
#5064=ORIENTED_EDGE('',*,*,#3563,.F.);
#5065=ORIENTED_EDGE('',*,*,#3511,.F.);
#5066=ORIENTED_EDGE('',*,*,#3567,.F.);
#5067=ORIENTED_EDGE('',*,*,#3568,.F.);
#5068=ORIENTED_EDGE('',*,*,#3569,.F.);
#5069=ORIENTED_EDGE('',*,*,#3570,.T.);
#5070=ORIENTED_EDGE('',*,*,#3571,.F.);
#5071=ORIENTED_EDGE('',*,*,#3521,.F.);
#5072=ORIENTED_EDGE('',*,*,#3514,.F.);
#5073=ORIENTED_EDGE('',*,*,#3520,.F.);
#5074=ORIENTED_EDGE('',*,*,#3572,.F.);
#5075=ORIENTED_EDGE('',*,*,#3567,.T.);
#5076=ORIENTED_EDGE('',*,*,#3526,.F.);
#5077=ORIENTED_EDGE('',*,*,#3573,.T.);
#5078=ORIENTED_EDGE('',*,*,#3574,.T.);
#5079=ORIENTED_EDGE('',*,*,#3575,.T.);
#5080=ORIENTED_EDGE('',*,*,#3529,.F.);
#5081=ORIENTED_EDGE('',*,*,#3576,.T.);
#5082=ORIENTED_EDGE('',*,*,#3577,.T.);
#5083=ORIENTED_EDGE('',*,*,#3573,.F.);
#5084=ORIENTED_EDGE('',*,*,#3531,.F.);
#5085=ORIENTED_EDGE('',*,*,#3538,.T.);
#5086=ORIENTED_EDGE('',*,*,#3578,.T.);
#5087=ORIENTED_EDGE('',*,*,#3576,.F.);
#5088=ORIENTED_EDGE('',*,*,#3553,.F.);
#5089=ORIENTED_EDGE('',*,*,#3560,.T.);
#5090=ORIENTED_EDGE('',*,*,#3579,.T.);
#5091=ORIENTED_EDGE('',*,*,#3580,.T.);
#5092=ORIENTED_EDGE('',*,*,#3551,.F.);
#5093=ORIENTED_EDGE('',*,*,#3580,.F.);
#5094=ORIENTED_EDGE('',*,*,#3581,.T.);
#5095=ORIENTED_EDGE('',*,*,#3582,.T.);
#5096=ORIENTED_EDGE('',*,*,#3548,.F.);
#5097=ORIENTED_EDGE('',*,*,#3582,.F.);
#5098=ORIENTED_EDGE('',*,*,#3583,.T.);
#5099=ORIENTED_EDGE('',*,*,#3584,.T.);
#5100=ORIENTED_EDGE('',*,*,#3583,.F.);
#5101=ORIENTED_EDGE('',*,*,#3581,.F.);
#5102=ORIENTED_EDGE('',*,*,#3579,.F.);
#5103=ORIENTED_EDGE('',*,*,#3559,.T.);
#5104=ORIENTED_EDGE('',*,*,#3585,.T.);
#5105=ORIENTED_EDGE('',*,*,#3586,.F.);
#5106=ORIENTED_EDGE('',*,*,#3587,.T.);
#5107=ORIENTED_EDGE('',*,*,#3588,.T.);
#5108=ORIENTED_EDGE('',*,*,#3589,.F.);
#5109=ORIENTED_EDGE('',*,*,#3590,.T.);
#5110=ORIENTED_EDGE('',*,*,#3591,.F.);
#5111=ORIENTED_EDGE('',*,*,#3592,.F.);
#5112=ORIENTED_EDGE('',*,*,#3593,.F.);
#5113=ORIENTED_EDGE('',*,*,#3592,.T.);
#5114=ORIENTED_EDGE('',*,*,#3594,.F.);
#5115=ORIENTED_EDGE('',*,*,#3595,.F.);
#5116=ORIENTED_EDGE('',*,*,#3596,.F.);
#5117=ORIENTED_EDGE('',*,*,#3595,.T.);
#5118=ORIENTED_EDGE('',*,*,#3597,.F.);
#5119=ORIENTED_EDGE('',*,*,#3598,.F.);
#5120=ORIENTED_EDGE('',*,*,#3599,.F.);
#5121=ORIENTED_EDGE('',*,*,#3598,.T.);
#5122=ORIENTED_EDGE('',*,*,#3600,.F.);
#5123=ORIENTED_EDGE('',*,*,#3601,.F.);
#5124=ORIENTED_EDGE('',*,*,#3602,.F.);
#5125=ORIENTED_EDGE('',*,*,#3601,.T.);
#5126=ORIENTED_EDGE('',*,*,#3603,.F.);
#5127=ORIENTED_EDGE('',*,*,#3604,.F.);
#5128=ORIENTED_EDGE('',*,*,#3605,.F.);
#5129=ORIENTED_EDGE('',*,*,#3604,.T.);
#5130=ORIENTED_EDGE('',*,*,#3606,.F.);
#5131=ORIENTED_EDGE('',*,*,#3590,.F.);
#5132=ORIENTED_EDGE('',*,*,#3607,.T.);
#5133=ORIENTED_EDGE('',*,*,#3608,.T.);
#5134=ORIENTED_EDGE('',*,*,#3609,.T.);
#5135=ORIENTED_EDGE('',*,*,#3610,.T.);
#5136=ORIENTED_EDGE('',*,*,#3611,.T.);
#5137=ORIENTED_EDGE('',*,*,#3612,.T.);
#5138=ORIENTED_EDGE('',*,*,#3606,.T.);
#5139=ORIENTED_EDGE('',*,*,#3603,.T.);
#5140=ORIENTED_EDGE('',*,*,#3600,.T.);
#5141=ORIENTED_EDGE('',*,*,#3597,.T.);
#5142=ORIENTED_EDGE('',*,*,#3594,.T.);
#5143=ORIENTED_EDGE('',*,*,#3591,.T.);
#5144=ORIENTED_EDGE('',*,*,#3613,.T.);
#5145=ORIENTED_EDGE('',*,*,#3614,.T.);
#5146=ORIENTED_EDGE('',*,*,#3615,.T.);
#5147=ORIENTED_EDGE('',*,*,#3616,.T.);
#5148=ORIENTED_EDGE('',*,*,#3613,.F.);
#5149=ORIENTED_EDGE('',*,*,#3617,.T.);
#5150=ORIENTED_EDGE('',*,*,#3618,.T.);
#5151=ORIENTED_EDGE('',*,*,#3616,.F.);
#5152=ORIENTED_EDGE('',*,*,#3619,.F.);
#5153=ORIENTED_EDGE('',*,*,#3536,.F.);
#5154=ORIENTED_EDGE('',*,*,#3620,.F.);
#5155=ORIENTED_EDGE('',*,*,#3621,.T.);
#5156=ORIENTED_EDGE('',*,*,#3622,.T.);
#5157=ORIENTED_EDGE('',*,*,#3586,.T.);
#5158=ORIENTED_EDGE('',*,*,#3623,.T.);
#5159=ORIENTED_EDGE('',*,*,#3621,.F.);
#5160=ORIENTED_EDGE('',*,*,#3624,.T.);
#5161=ORIENTED_EDGE('',*,*,#3625,.T.);
#5162=ORIENTED_EDGE('',*,*,#3623,.F.);
#5163=ORIENTED_EDGE('',*,*,#3585,.F.);
#5164=ORIENTED_EDGE('',*,*,#3558,.F.);
#5165=ORIENTED_EDGE('',*,*,#3626,.F.);
#5166=ORIENTED_EDGE('',*,*,#3625,.F.);
#5167=ORIENTED_EDGE('',*,*,#3627,.T.);
#5168=ORIENTED_EDGE('',*,*,#3628,.T.);
#5169=ORIENTED_EDGE('',*,*,#3629,.T.);
#5170=ORIENTED_EDGE('',*,*,#3624,.F.);
#5171=ORIENTED_EDGE('',*,*,#3626,.T.);
#5172=ORIENTED_EDGE('',*,*,#3557,.T.);
#5173=ORIENTED_EDGE('',*,*,#3630,.T.);
#5174=ORIENTED_EDGE('',*,*,#3631,.F.);
#5175=ORIENTED_EDGE('',*,*,#3632,.T.);
#5176=ORIENTED_EDGE('',*,*,#3633,.F.);
#5177=ORIENTED_EDGE('',*,*,#3634,.T.);
#5178=ORIENTED_EDGE('',*,*,#3635,.T.);
#5179=ORIENTED_EDGE('',*,*,#3636,.T.);
#5180=ORIENTED_EDGE('',*,*,#3568,.T.);
#5181=ORIENTED_EDGE('',*,*,#3572,.T.);
#5182=ORIENTED_EDGE('',*,*,#3519,.T.);
#5183=ORIENTED_EDGE('',*,*,#3637,.F.);
#5184=ORIENTED_EDGE('',*,*,#3638,.T.);
#5185=ORIENTED_EDGE('',*,*,#3627,.F.);
#5186=ORIENTED_EDGE('',*,*,#3630,.F.);
#5187=ORIENTED_EDGE('',*,*,#3556,.T.);
#5188=ORIENTED_EDGE('',*,*,#3562,.T.);
#5189=ORIENTED_EDGE('',*,*,#3564,.F.);
#5190=ORIENTED_EDGE('',*,*,#3566,.T.);
#5191=ORIENTED_EDGE('',*,*,#3639,.T.);
#5192=ORIENTED_EDGE('',*,*,#3640,.F.);
#5193=ORIENTED_EDGE('',*,*,#3641,.F.);
#5194=ORIENTED_EDGE('',*,*,#3534,.T.);
#5195=ORIENTED_EDGE('',*,*,#3540,.T.);
#5196=ORIENTED_EDGE('',*,*,#3542,.F.);
#5197=ORIENTED_EDGE('',*,*,#3544,.T.);
#5198=ORIENTED_EDGE('',*,*,#3618,.F.);
#5199=ORIENTED_EDGE('',*,*,#3640,.T.);
#5200=ORIENTED_EDGE('',*,*,#3642,.T.);
#5201=ORIENTED_EDGE('',*,*,#3643,.T.);
#5202=ORIENTED_EDGE('',*,*,#3617,.F.);
#5203=ORIENTED_EDGE('',*,*,#3620,.T.);
#5204=ORIENTED_EDGE('',*,*,#3535,.T.);
#5205=ORIENTED_EDGE('',*,*,#3641,.T.);
#5206=ORIENTED_EDGE('',*,*,#3518,.T.);
#5207=ORIENTED_EDGE('',*,*,#3644,.T.);
#5208=ORIENTED_EDGE('',*,*,#3569,.T.);
#5209=ORIENTED_EDGE('',*,*,#3637,.T.);
#5210=ORIENTED_EDGE('',*,*,#3644,.F.);
#5211=ORIENTED_EDGE('',*,*,#3517,.T.);
#5212=ORIENTED_EDGE('',*,*,#3645,.F.);
#5213=ORIENTED_EDGE('',*,*,#3570,.F.);
#5214=ORIENTED_EDGE('',*,*,#3545,.F.);
#5215=ORIENTED_EDGE('',*,*,#3584,.F.);
#5216=ORIENTED_EDGE('',*,*,#3588,.F.);
#5217=ORIENTED_EDGE('',*,*,#3646,.F.);
#5218=ORIENTED_EDGE('',*,*,#3628,.F.);
#5219=ORIENTED_EDGE('',*,*,#3638,.F.);
#5220=ORIENTED_EDGE('',*,*,#3565,.T.);
#5221=ORIENTED_EDGE('',*,*,#3622,.F.);
#5222=ORIENTED_EDGE('',*,*,#3629,.F.);
#5223=ORIENTED_EDGE('',*,*,#3646,.T.);
#5224=ORIENTED_EDGE('',*,*,#3587,.F.);
#5225=ORIENTED_EDGE('',*,*,#3523,.F.);
#5226=ORIENTED_EDGE('',*,*,#3575,.F.);
#5227=ORIENTED_EDGE('',*,*,#3647,.F.);
#5228=ORIENTED_EDGE('',*,*,#3648,.F.);
#5229=ORIENTED_EDGE('',*,*,#3642,.F.);
#5230=ORIENTED_EDGE('',*,*,#3639,.F.);
#5231=ORIENTED_EDGE('',*,*,#3543,.T.);
#5232=ORIENTED_EDGE('',*,*,#3614,.F.);
#5233=ORIENTED_EDGE('',*,*,#3643,.F.);
#5234=ORIENTED_EDGE('',*,*,#3648,.T.);
#5235=ORIENTED_EDGE('',*,*,#3649,.F.);
#5236=ORIENTED_EDGE('',*,*,#3578,.F.);
#5237=ORIENTED_EDGE('',*,*,#3537,.T.);
#5238=ORIENTED_EDGE('',*,*,#3619,.T.);
#5239=ORIENTED_EDGE('',*,*,#3615,.F.);
#5240=ORIENTED_EDGE('',*,*,#3649,.T.);
#5241=ORIENTED_EDGE('',*,*,#3647,.T.);
#5242=ORIENTED_EDGE('',*,*,#3574,.F.);
#5243=ORIENTED_EDGE('',*,*,#3577,.F.);
#5244=ORIENTED_EDGE('',*,*,#3522,.F.);
#5245=ORIENTED_EDGE('',*,*,#3571,.T.);
#5246=ORIENTED_EDGE('',*,*,#3645,.T.);
#5247=ORIENTED_EDGE('',*,*,#3516,.T.);
#5248=ORIENTED_EDGE('',*,*,#3632,.F.);
#5249=ORIENTED_EDGE('',*,*,#3650,.T.);
#5250=ORIENTED_EDGE('',*,*,#3610,.F.);
#5251=ORIENTED_EDGE('',*,*,#3651,.F.);
#5252=ORIENTED_EDGE('',*,*,#3633,.T.);
#5253=ORIENTED_EDGE('',*,*,#3651,.T.);
#5254=ORIENTED_EDGE('',*,*,#3609,.F.);
#5255=ORIENTED_EDGE('',*,*,#3652,.F.);
#5256=ORIENTED_EDGE('',*,*,#3634,.F.);
#5257=ORIENTED_EDGE('',*,*,#3652,.T.);
#5258=ORIENTED_EDGE('',*,*,#3608,.F.);
#5259=ORIENTED_EDGE('',*,*,#3653,.F.);
#5260=ORIENTED_EDGE('',*,*,#3635,.F.);
#5261=ORIENTED_EDGE('',*,*,#3653,.T.);
#5262=ORIENTED_EDGE('',*,*,#3607,.F.);
#5263=ORIENTED_EDGE('',*,*,#3654,.F.);
#5264=ORIENTED_EDGE('',*,*,#3636,.F.);
#5265=ORIENTED_EDGE('',*,*,#3654,.T.);
#5266=ORIENTED_EDGE('',*,*,#3612,.F.);
#5267=ORIENTED_EDGE('',*,*,#3655,.F.);
#5268=ORIENTED_EDGE('',*,*,#3631,.T.);
#5269=ORIENTED_EDGE('',*,*,#3655,.T.);
#5270=ORIENTED_EDGE('',*,*,#3611,.F.);
#5271=ORIENTED_EDGE('',*,*,#3650,.F.);
#5272=ORIENTED_EDGE('',*,*,#3589,.T.);
#5273=ORIENTED_EDGE('',*,*,#3593,.T.);
#5274=ORIENTED_EDGE('',*,*,#3596,.T.);
#5275=ORIENTED_EDGE('',*,*,#3599,.T.);
#5276=ORIENTED_EDGE('',*,*,#3602,.T.);
#5277=ORIENTED_EDGE('',*,*,#3605,.T.);
#5278=B_SPLINE_SURFACE_WITH_KNOTS('',3,1,((#7536,#7537),(#7538,#7539),(#7540,
#7541),(#7542,#7543),(#7544,#7545)),.UNSPECIFIED.,.F.,.F.,.F.,(4,1,4),(2,
2),(0.,0.359838518509663,0.694037072510494),(0.,0.0499999999999998),
 .UNSPECIFIED.);
#5279=B_SPLINE_SURFACE_WITH_KNOTS('',3,1,((#7562,#7563),(#7564,#7565),(#7566,
#7567),(#7568,#7569),(#7570,#7571)),.UNSPECIFIED.,.F.,.F.,.F.,(4,1,4),(2,
2),(0.,0.367722466533102,0.749999288507407),(0.,0.0499999999999998),
 .UNSPECIFIED.);
#5280=B_SPLINE_SURFACE_WITH_KNOTS('',3,1,((#7585,#7586),(#7587,#7588),(#7589,
#7590),(#7591,#7592),(#7593,#7594)),.UNSPECIFIED.,.F.,.F.,.F.,(4,1,4),(2,
2),(0.,0.355844822742041,0.714699984513649),(0.,0.0499999999999998),
 .UNSPECIFIED.);
#5281=B_SPLINE_SURFACE_WITH_KNOTS('',3,1,((#7608,#7609),(#7610,#7611),(#7612,
#7613),(#7614,#7615),(#7616,#7617)),.UNSPECIFIED.,.F.,.F.,.F.,(4,1,4),(2,
2),(0.,0.230852873786487,0.474382015241015),(0.,0.0499999999999998),
 .UNSPECIFIED.);
#5282=B_SPLINE_SURFACE_WITH_KNOTS('',3,1,((#7631,#7632),(#7633,#7634),(#7635,
#7636),(#7637,#7638),(#7639,#7640)),.UNSPECIFIED.,.F.,.F.,.F.,(4,1,4),(2,
2),(0.,0.237350522234133,0.466237924510197),(0.,0.0499999999999998),
 .UNSPECIFIED.);
#5283=B_SPLINE_SURFACE_WITH_KNOTS('',3,1,((#7654,#7655),(#7656,#7657),(#7658,
#7659),(#7660,#7661),(#7662,#7663)),.UNSPECIFIED.,.F.,.F.,.F.,(4,1,4),(2,
2),(0.,0.354183009649448,0.759818966205445),(0.,0.0499999999999998),
 .UNSPECIFIED.);
#5284=B_SPLINE_SURFACE_WITH_KNOTS('',3,1,((#7677,#7678),(#7679,#7680),(#7681,
#7682),(#7683,#7684),(#7685,#7686)),.UNSPECIFIED.,.F.,.F.,.F.,(4,1,4),(2,
2),(0.,0.270580516092876,0.527504162149353),(0.,0.0499999999999998),
 .UNSPECIFIED.);
#5285=B_SPLINE_SURFACE_WITH_KNOTS('',3,1,((#7700,#7701),(#7702,#7703),(#7704,
#7705),(#7706,#7707),(#7708,#7709)),.UNSPECIFIED.,.F.,.F.,.F.,(4,1,4),(2,
2),(0.,0.36991615170137,0.713639794600703),(0.,0.0499999999999998),
 .UNSPECIFIED.);
#5286=B_SPLINE_SURFACE_WITH_KNOTS('',3,1,((#7723,#7724),(#7725,#7726),(#7727,
#7728),(#7729,#7730),(#7731,#7732)),.UNSPECIFIED.,.F.,.F.,.F.,(4,1,4),(2,
2),(0.,0.212620835449053,0.438569257776599),(0.,0.0499999999999998),
 .UNSPECIFIED.);
#5287=B_SPLINE_SURFACE_WITH_KNOTS('',3,1,((#7746,#7747),(#7748,#7749),(#7750,
#7751),(#7752,#7753),(#7754,#7755)),.UNSPECIFIED.,.F.,.F.,.F.,(4,1,4),(2,
2),(0.,0.188337996546085,0.3879160512455),(0.,0.0499999999999998),
 .UNSPECIFIED.);
#5288=B_SPLINE_SURFACE_WITH_KNOTS('',3,1,((#7769,#7770),(#7771,#7772),(#7773,
#7774),(#7775,#7776),(#7777,#7778)),.UNSPECIFIED.,.F.,.F.,.F.,(4,1,4),(2,
2),(0.,0.242829732590237,0.446684961573578),(0.,0.0499999999999998),
 .UNSPECIFIED.);
#5289=B_SPLINE_SURFACE_WITH_KNOTS('',3,1,((#7798,#7799),(#7800,#7801),(#7802,
#7803),(#7804,#7805),(#7806,#7807)),.UNSPECIFIED.,.F.,.F.,.F.,(4,1,4),(2,
2),(0.,0.144362892865257,0.314422216764359),(0.,0.0499999999999998),
 .UNSPECIFIED.);
#5290=B_SPLINE_SURFACE_WITH_KNOTS('',3,1,((#7821,#7822),(#7823,#7824),(#7825,
#7826),(#7827,#7828),(#7829,#7830)),.UNSPECIFIED.,.F.,.F.,.F.,(4,1,4),(2,
2),(0.,0.132637357231382,0.264676588510581),(0.,0.0499999999999998),
 .UNSPECIFIED.);
#5291=B_SPLINE_SURFACE_WITH_KNOTS('',3,1,((#7844,#7845),(#7846,#7847),(#7848,
#7849),(#7850,#7851),(#7852,#7853)),.UNSPECIFIED.,.F.,.F.,.F.,(4,1,4),(2,
2),(0.,0.119053543034253,0.249256281358056),(0.,0.0499999999999998),
 .UNSPECIFIED.);
#5292=B_SPLINE_SURFACE_WITH_KNOTS('',3,1,((#7867,#7868),(#7869,#7870),(#7871,
#7872),(#7873,#7874),(#7875,#7876)),.UNSPECIFIED.,.F.,.F.,.F.,(4,1,4),(2,
2),(0.,0.131647724446915,0.251112096311582),(0.,0.0499999999999998),
 .UNSPECIFIED.);
#5293=B_SPLINE_SURFACE_WITH_KNOTS('',3,1,((#7890,#7891),(#7892,#7893),(#7894,
#7895),(#7896,#7897),(#7898,#7899)),.UNSPECIFIED.,.F.,.F.,.F.,(4,1,4),(2,
2),(0.,0.14824804965404,0.304102537175799),(0.,0.0499999999999998),
 .UNSPECIFIED.);
#5294=B_SPLINE_SURFACE_WITH_KNOTS('',3,1,((#7913,#7914),(#7915,#7916),(#7917,
#7918),(#7919,#7920),(#7921,#7922)),.UNSPECIFIED.,.F.,.F.,.F.,(4,1,4),(2,
2),(0.,0.197434909814434,0.359604757169057),(0.,0.0499999999999998),
 .UNSPECIFIED.);
#5295=B_SPLINE_SURFACE_WITH_KNOTS('',3,1,((#7942,#7943),(#7944,#7945),(#7946,
#7947),(#7948,#7949),(#7950,#7951)),.UNSPECIFIED.,.F.,.F.,.F.,(4,1,4),(2,
2),(0.,0.116176055032608,0.255836442960963),(0.,0.0499999999999998),
 .UNSPECIFIED.);
#5296=B_SPLINE_SURFACE_WITH_KNOTS('',3,1,((#7965,#7966),(#7967,#7968),(#7969,
#7970),(#7971,#7972),(#7973,#7974)),.UNSPECIFIED.,.F.,.F.,.F.,(4,1,4),(2,
2),(0.,0.153327310001544,0.304342052152109),(0.,0.0499999999999998),
 .UNSPECIFIED.);
#5297=B_SPLINE_SURFACE_WITH_KNOTS('',3,1,((#7988,#7989),(#7990,#7991),(#7992,
#7993),(#7994,#7995),(#7996,#7997)),.UNSPECIFIED.,.F.,.F.,.F.,(4,1,4),(2,
2),(0.,0.187622665970204,0.352850143709302),(0.,0.0499999999999998),
 .UNSPECIFIED.);
#5298=B_SPLINE_SURFACE_WITH_KNOTS('',3,1,((#8011,#8012),(#8013,#8014),(#8015,
#8016),(#8017,#8018),(#8019,#8020)),.UNSPECIFIED.,.F.,.F.,.F.,(4,1,4),(2,
2),(0.,0.174667048476921,0.373094509862166),(0.,0.0499999999999998),
 .UNSPECIFIED.);
#5299=B_SPLINE_SURFACE_WITH_KNOTS('',3,1,((#8034,#8035),(#8036,#8037),(#8038,
#8039),(#8040,#8041),(#8042,#8043)),.UNSPECIFIED.,.F.,.F.,.F.,(4,1,4),(2,
2),(0.,0.159777868869639,0.321497215951587),(0.,0.0499999999999998),
 .UNSPECIFIED.);
#5300=B_SPLINE_SURFACE_WITH_KNOTS('',3,1,((#8057,#8058),(#8059,#8060),(#8061,
#8062),(#8063,#8064),(#8065,#8066)),.UNSPECIFIED.,.F.,.F.,.F.,(4,1,4),(2,
2),(0.,0.147076440204764,0.296002221454765),(0.,0.0499999999999998),
 .UNSPECIFIED.);
#5301=B_SPLINE_SURFACE_WITH_KNOTS('',3,1,((#8080,#8081),(#8082,#8083),(#8084,
#8085),(#8086,#8087),(#8088,#8089)),.UNSPECIFIED.,.F.,.F.,.F.,(4,1,4),(2,
2),(0.,0.185228576698117,0.344364073104264),(0.,0.0499999999999998),
 .UNSPECIFIED.);
#5302=B_SPLINE_SURFACE_WITH_KNOTS('',3,1,((#8109,#8110),(#8111,#8112),(#8113,
#8114),(#8115,#8116),(#8117,#8118)),.UNSPECIFIED.,.F.,.F.,.F.,(4,1,4),(2,
2),(0.,0.327806681680456,0.668158765497207),(0.,0.0499999999999998),
 .UNSPECIFIED.);
#5303=B_SPLINE_SURFACE_WITH_KNOTS('',3,3,((#8261,#8262,#8263,#8264,#8265),
(#8266,#8267,#8268,#8269,#8270),(#8271,#8272,#8273,#8274,#8275),(#8276,
#8277,#8278,#8279,#8280)),.UNSPECIFIED.,.F.,.F.,.F.,(4,4),(4,1,4),(0.,1.),
(2.66729281423935E-16,0.152115334629934,0.354935780803179),
 .UNSPECIFIED.);
#5304=ADVANCED_FACE('',(#530),#5278,.F.);
#5305=ADVANCED_FACE('',(#531),#5279,.F.);
#5306=ADVANCED_FACE('',(#532),#5280,.F.);
#5307=ADVANCED_FACE('',(#533),#5281,.F.);
#5308=ADVANCED_FACE('',(#534),#5282,.F.);
#5309=ADVANCED_FACE('',(#535),#5283,.F.);
#5310=ADVANCED_FACE('',(#536),#5284,.F.);
#5311=ADVANCED_FACE('',(#537),#5285,.F.);
#5312=ADVANCED_FACE('',(#538),#5286,.F.);
#5313=ADVANCED_FACE('',(#539),#5287,.F.);
#5314=ADVANCED_FACE('',(#540),#5288,.F.);
#5315=ADVANCED_FACE('',(#541),#371,.F.);
#5316=ADVANCED_FACE('',(#542),#5289,.F.);
#5317=ADVANCED_FACE('',(#543),#5290,.F.);
#5318=ADVANCED_FACE('',(#544),#5291,.F.);
#5319=ADVANCED_FACE('',(#545),#5292,.F.);
#5320=ADVANCED_FACE('',(#546),#5293,.F.);
#5321=ADVANCED_FACE('',(#547),#5294,.F.);
#5322=ADVANCED_FACE('',(#548),#372,.F.);
#5323=ADVANCED_FACE('',(#549),#5295,.F.);
#5324=ADVANCED_FACE('',(#550),#5296,.F.);
#5325=ADVANCED_FACE('',(#551),#5297,.F.);
#5326=ADVANCED_FACE('',(#552),#5298,.F.);
#5327=ADVANCED_FACE('',(#553),#5299,.F.);
#5328=ADVANCED_FACE('',(#554),#5300,.F.);
#5329=ADVANCED_FACE('',(#555),#5301,.F.);
#5330=ADVANCED_FACE('',(#556),#373,.F.);
#5331=ADVANCED_FACE('',(#557),#5302,.F.);
#5332=ADVANCED_FACE('',(#558),#374,.T.);
#5333=ADVANCED_FACE('',(#559),#281,.F.);
#5334=ADVANCED_FACE('',(#560),#375,.F.);
#5335=ADVANCED_FACE('',(#561),#282,.F.);
#5336=ADVANCED_FACE('',(#562),#376,.F.);
#5337=ADVANCED_FACE('',(#563),#283,.F.);
#5338=ADVANCED_FACE('',(#564),#377,.F.);
#5339=ADVANCED_FACE('',(#565),#284,.F.);
#5340=ADVANCED_FACE('',(#566),#378,.F.);
#5341=ADVANCED_FACE('',(#567),#285,.F.);
#5342=ADVANCED_FACE('',(#568),#286,.F.);
#5343=ADVANCED_FACE('',(#569),#287,.F.);
#5344=ADVANCED_FACE('',(#570),#288,.F.);
#5345=ADVANCED_FACE('',(#571),#379,.F.);
#5346=ADVANCED_FACE('',(#572),#380,.F.);
#5347=ADVANCED_FACE('',(#573),#289,.F.);
#5348=ADVANCED_FACE('',(#574),#381,.F.);
#5349=ADVANCED_FACE('',(#575),#290,.F.);
#5350=ADVANCED_FACE('',(#576),#382,.F.);
#5351=ADVANCED_FACE('',(#577),#291,.F.);
#5352=ADVANCED_FACE('',(#578),#292,.F.);
#5353=ADVANCED_FACE('',(#579),#79,.F.);
#5354=ADVANCED_FACE('',(#580),#5303,.T.);
#5355=ADVANCED_FACE('',(#581,#32,#33,#34),#383,.F.);
#5356=ADVANCED_FACE('',(#582),#26,.T.);
#5357=ADVANCED_FACE('',(#583),#80,.F.);
#5358=ADVANCED_FACE('',(#584),#27,.T.);
#5359=ADVANCED_FACE('',(#585),#384,.T.);
#5360=ADVANCED_FACE('',(#586),#385,.T.);
#5361=ADVANCED_FACE('',(#587),#293,.F.);
#5362=ADVANCED_FACE('',(#588,#35),#386,.F.);
#5363=ADVANCED_FACE('',(#589),#294,.F.);
#5364=ADVANCED_FACE('',(#590),#295,.F.);
#5365=ADVANCED_FACE('',(#591),#296,.F.);
#5366=ADVANCED_FACE('',(#592),#297,.F.);
#5367=ADVANCED_FACE('',(#593),#298,.F.);
#5368=ADVANCED_FACE('',(#594),#299,.F.);
#5369=ADVANCED_FACE('',(#595),#387,.T.);
#5370=ADVANCED_FACE('',(#596),#300,.F.);
#5371=ADVANCED_FACE('',(#597),#388,.T.);
#5372=ADVANCED_FACE('',(#598),#301,.F.);
#5373=ADVANCED_FACE('',(#599),#389,.F.);
#5374=ADVANCED_FACE('',(#600),#302,.T.);
#5375=ADVANCED_FACE('',(#601),#390,.T.);
#5376=ADVANCED_FACE('',(#602),#391,.T.);
#5377=ADVANCED_FACE('',(#603),#303,.T.);
#5378=ADVANCED_FACE('',(#604),#304,.F.);
#5379=ADVANCED_FACE('',(#605),#392,.T.);
#5380=ADVANCED_FACE('',(#606),#305,.F.);
#5381=ADVANCED_FACE('',(#607),#393,.T.);
#5382=ADVANCED_FACE('',(#608),#306,.F.);
#5383=ADVANCED_FACE('',(#609),#394,.F.);
#5384=ADVANCED_FACE('',(#610),#307,.F.);
#5385=ADVANCED_FACE('',(#611),#395,.F.);
#5386=ADVANCED_FACE('',(#612),#308,.T.);
#5387=ADVANCED_FACE('',(#613),#396,.T.);
#5388=ADVANCED_FACE('',(#614),#397,.T.);
#5389=ADVANCED_FACE('',(#615),#309,.F.);
#5390=ADVANCED_FACE('',(#616),#398,.T.);
#5391=ADVANCED_FACE('',(#617),#310,.T.);
#5392=ADVANCED_FACE('',(#618),#399,.T.);
#5393=ADVANCED_FACE('',(#619),#311,.F.);
#5394=ADVANCED_FACE('',(#620),#400,.F.);
#5395=ADVANCED_FACE('',(#621),#312,.F.);
#5396=ADVANCED_FACE('',(#622),#313,.F.);
#5397=ADVANCED_FACE('',(#623),#401,.F.);
#5398=ADVANCED_FACE('',(#624),#314,.F.);
#5399=ADVANCED_FACE('',(#625),#21,.F.);
#5400=ADVANCED_FACE('',(#626),#315,.F.);
#5401=ADVANCED_FACE('',(#627),#22,.F.);
#5402=ADVANCED_FACE('',(#628),#316,.F.);
#5403=ADVANCED_FACE('',(#629),#317,.F.);
#5404=ADVANCED_FACE('',(#630),#318,.F.);
#5405=ADVANCED_FACE('',(#631),#319,.F.);
#5406=ADVANCED_FACE('',(#632,#36,#37),#402,.T.);
#5407=ADVANCED_FACE('',(#633,#38,#39,#40),#403,.T.);
#5408=ADVANCED_FACE('',(#634,#41,#42,#43,#44),#404,.T.);
#5409=ADVANCED_FACE('',(#635),#320,.T.);
#5410=ADVANCED_FACE('',(#636),#28,.F.);
#5411=ADVANCED_FACE('',(#637),#321,.T.);
#5412=ADVANCED_FACE('',(#638),#29,.F.);
#5413=ADVANCED_FACE('',(#639),#322,.T.);
#5414=ADVANCED_FACE('',(#640,#45,#46),#405,.T.);
#5415=ADVANCED_FACE('',(#641),#323,.T.);
#5416=ADVANCED_FACE('',(#642,#47,#48,#49),#406,.T.);
#5417=ADVANCED_FACE('',(#643),#324,.T.);
#5418=ADVANCED_FACE('',(#644,#50,#51,#52,#53),#407,.T.);
#5419=ADVANCED_FACE('',(#645,#54,#55),#408,.T.);
#5420=ADVANCED_FACE('',(#646),#409,.T.);
#5421=ADVANCED_FACE('',(#647),#410,.T.);
#5422=ADVANCED_FACE('',(#648,#56,#57,#58,#59),#411,.T.);
#5423=ADVANCED_FACE('',(#649),#412,.T.);
#5424=ADVANCED_FACE('',(#650),#413,.T.);
#5425=ADVANCED_FACE('',(#651),#414,.T.);
#5426=ADVANCED_FACE('',(#652),#415,.T.);
#5427=ADVANCED_FACE('',(#653),#416,.T.);
#5428=ADVANCED_FACE('',(#654),#417,.T.);
#5429=ADVANCED_FACE('',(#655),#418,.T.);
#5430=ADVANCED_FACE('',(#656),#419,.T.);
#5431=ADVANCED_FACE('',(#657),#420,.T.);
#5432=ADVANCED_FACE('',(#658,#60,#61,#62,#63),#421,.T.);
#5433=ADVANCED_FACE('',(#659),#422,.T.);
#5434=ADVANCED_FACE('',(#660),#423,.T.);
#5435=ADVANCED_FACE('',(#661),#424,.T.);
#5436=ADVANCED_FACE('',(#662),#425,.T.);
#5437=ADVANCED_FACE('',(#663),#426,.T.);
#5438=ADVANCED_FACE('',(#664),#427,.T.);
#5439=ADVANCED_FACE('',(#665),#428,.T.);
#5440=ADVANCED_FACE('',(#666),#325,.T.);
#5441=ADVANCED_FACE('',(#667),#326,.F.);
#5442=ADVANCED_FACE('',(#668),#327,.T.);
#5443=ADVANCED_FACE('',(#669),#429,.T.);
#5444=ADVANCED_FACE('',(#670),#328,.T.);
#5445=ADVANCED_FACE('',(#671),#329,.F.);
#5446=ADVANCED_FACE('',(#672),#330,.T.);
#5447=ADVANCED_FACE('',(#673),#430,.T.);
#5448=ADVANCED_FACE('',(#674),#331,.T.);
#5449=ADVANCED_FACE('',(#675),#332,.F.);
#5450=ADVANCED_FACE('',(#676),#333,.T.);
#5451=ADVANCED_FACE('',(#677),#431,.T.);
#5452=ADVANCED_FACE('',(#678),#334,.T.);
#5453=ADVANCED_FACE('',(#679),#335,.F.);
#5454=ADVANCED_FACE('',(#680),#336,.T.);
#5455=ADVANCED_FACE('',(#681),#337,.F.);
#5456=ADVANCED_FACE('',(#682),#338,.F.);
#5457=ADVANCED_FACE('',(#683),#339,.F.);
#5458=ADVANCED_FACE('',(#684),#340,.T.);
#5459=ADVANCED_FACE('',(#685),#341,.T.);
#5460=ADVANCED_FACE('',(#686),#81,.T.);
#5461=ADVANCED_FACE('',(#687),#342,.F.);
#5462=ADVANCED_FACE('',(#688),#432,.F.);
#5463=ADVANCED_FACE('',(#689),#433,.T.);
#5464=ADVANCED_FACE('',(#690),#434,.F.);
#5465=ADVANCED_FACE('',(#691),#435,.F.);
#5466=ADVANCED_FACE('',(#692),#436,.F.);
#5467=ADVANCED_FACE('',(#693),#437,.F.);
#5468=ADVANCED_FACE('',(#694),#438,.F.);
#5469=ADVANCED_FACE('',(#695),#439,.F.);
#5470=ADVANCED_FACE('',(#696),#440,.F.);
#5471=ADVANCED_FACE('',(#697),#441,.F.);
#5472=ADVANCED_FACE('',(#698),#343,.F.);
#5473=ADVANCED_FACE('',(#699),#442,.F.);
#5474=ADVANCED_FACE('',(#700),#344,.F.);
#5475=ADVANCED_FACE('',(#701),#345,.F.);
#5476=ADVANCED_FACE('',(#702),#346,.F.);
#5477=ADVANCED_FACE('',(#703),#443,.F.);
#5478=ADVANCED_FACE('',(#704),#444,.T.);
#5479=ADVANCED_FACE('',(#705),#445,.T.);
#5480=ADVANCED_FACE('',(#706),#446,.F.);
#5481=ADVANCED_FACE('',(#707),#447,.T.);
#5482=ADVANCED_FACE('',(#708),#448,.T.);
#5483=ADVANCED_FACE('',(#709),#449,.T.);
#5484=ADVANCED_FACE('',(#710),#82,.F.);
#5485=ADVANCED_FACE('',(#711),#83,.F.);
#5486=ADVANCED_FACE('',(#712,#64),#450,.T.);
#5487=ADVANCED_FACE('',(#713),#347,.F.);
#5488=ADVANCED_FACE('',(#714,#65),#451,.T.);
#5489=ADVANCED_FACE('',(#715),#348,.F.);
#5490=ADVANCED_FACE('',(#716,#66),#452,.T.);
#5491=ADVANCED_FACE('',(#717),#349,.F.);
#5492=ADVANCED_FACE('',(#718),#350,.F.);
#5493=ADVANCED_FACE('',(#719),#453,.F.);
#5494=ADVANCED_FACE('',(#720),#454,.F.);
#5495=ADVANCED_FACE('',(#721),#455,.F.);
#5496=ADVANCED_FACE('',(#722),#456,.F.);
#5497=ADVANCED_FACE('',(#723),#457,.F.);
#5498=ADVANCED_FACE('',(#724),#458,.F.);
#5499=ADVANCED_FACE('',(#725),#459,.F.);
#5500=ADVANCED_FACE('',(#726),#460,.F.);
#5501=ADVANCED_FACE('',(#727),#461,.T.);
#5502=ADVANCED_FACE('',(#728),#462,.T.);
#5503=ADVANCED_FACE('',(#729),#463,.F.);
#5504=ADVANCED_FACE('',(#730),#464,.F.);
#5505=ADVANCED_FACE('',(#731,#67),#465,.F.);
#5506=ADVANCED_FACE('',(#732),#466,.F.);
#5507=ADVANCED_FACE('',(#733,#68),#467,.F.);
#5508=ADVANCED_FACE('',(#734),#468,.F.);
#5509=ADVANCED_FACE('',(#735,#69),#469,.F.);
#5510=ADVANCED_FACE('',(#736),#470,.F.);
#5511=ADVANCED_FACE('',(#737),#471,.F.);
#5512=ADVANCED_FACE('',(#738),#472,.F.);
#5513=ADVANCED_FACE('',(#739),#473,.F.);
#5514=ADVANCED_FACE('',(#740),#474,.F.);
#5515=ADVANCED_FACE('',(#741,#70),#475,.F.);
#5516=ADVANCED_FACE('',(#742),#476,.F.);
#5517=ADVANCED_FACE('',(#743,#71),#477,.F.);
#5518=ADVANCED_FACE('',(#744),#478,.F.);
#5519=ADVANCED_FACE('',(#745,#72),#479,.F.);
#5520=ADVANCED_FACE('',(#746),#480,.F.);
#5521=ADVANCED_FACE('',(#747),#481,.T.);
#5522=ADVANCED_FACE('',(#748),#482,.T.);
#5523=ADVANCED_FACE('',(#749),#483,.T.);
#5524=ADVANCED_FACE('',(#750),#351,.F.);
#5525=ADVANCED_FACE('',(#751),#484,.T.);
#5526=ADVANCED_FACE('',(#752),#485,.T.);
#5527=ADVANCED_FACE('',(#753),#352,.F.);
#5528=ADVANCED_FACE('',(#754),#486,.T.);
#5529=ADVANCED_FACE('',(#755),#487,.T.);
#5530=ADVANCED_FACE('',(#756),#488,.T.);
#5531=ADVANCED_FACE('',(#757),#489,.T.);
#5532=ADVANCED_FACE('',(#758),#490,.T.);
#5533=ADVANCED_FACE('',(#759),#491,.T.);
#5534=ADVANCED_FACE('',(#760),#492,.T.);
#5535=ADVANCED_FACE('',(#761,#73),#493,.T.);
#5536=ADVANCED_FACE('',(#762,#74),#494,.T.);
#5537=ADVANCED_FACE('',(#763),#353,.T.);
#5538=ADVANCED_FACE('',(#764),#495,.T.);
#5539=ADVANCED_FACE('',(#765),#496,.T.);
#5540=ADVANCED_FACE('',(#766),#354,.T.);
#5541=ADVANCED_FACE('',(#767),#30,.F.);
#5542=ADVANCED_FACE('',(#768),#355,.T.);
#5543=ADVANCED_FACE('',(#769),#497,.T.);
#5544=ADVANCED_FACE('',(#770),#498,.T.);
#5545=ADVANCED_FACE('',(#771),#356,.T.);
#5546=ADVANCED_FACE('',(#772),#499,.T.);
#5547=ADVANCED_FACE('',(#773),#357,.T.);
#5548=ADVANCED_FACE('',(#774),#31,.F.);
#5549=ADVANCED_FACE('',(#775),#358,.T.);
#5550=ADVANCED_FACE('',(#776),#500,.T.);
#5551=ADVANCED_FACE('',(#777),#501,.T.);
#5552=ADVANCED_FACE('',(#778),#359,.T.);
#5553=ADVANCED_FACE('',(#779),#502,.T.);
#5554=ADVANCED_FACE('',(#780),#503,.T.);
#5555=ADVANCED_FACE('',(#781),#504,.T.);
#5556=ADVANCED_FACE('',(#782),#505,.T.);
#5557=ADVANCED_FACE('',(#783),#13,.T.);
#5558=ADVANCED_FACE('',(#784),#506,.T.);
#5559=ADVANCED_FACE('',(#785),#507,.T.);
#5560=ADVANCED_FACE('',(#786),#14,.T.);
#5561=ADVANCED_FACE('',(#787),#508,.T.);
#5562=ADVANCED_FACE('',(#788),#509,.T.);
#5563=ADVANCED_FACE('',(#789),#510,.T.);
#5564=ADVANCED_FACE('',(#790),#511,.T.);
#5565=ADVANCED_FACE('',(#791),#512,.T.);
#5566=ADVANCED_FACE('',(#792),#360,.F.);
#5567=ADVANCED_FACE('',(#793),#513,.T.);
#5568=ADVANCED_FACE('',(#794),#361,.F.);
#5569=ADVANCED_FACE('',(#795,#75),#514,.T.);
#5570=ADVANCED_FACE('',(#796),#362,.F.);
#5571=ADVANCED_FACE('',(#797),#23,.F.);
#5572=ADVANCED_FACE('',(#798),#515,.T.);
#5573=ADVANCED_FACE('',(#799),#363,.F.);
#5574=ADVANCED_FACE('',(#800),#24,.F.);
#5575=ADVANCED_FACE('',(#801),#516,.T.);
#5576=ADVANCED_FACE('',(#802),#364,.F.);
#5577=ADVANCED_FACE('',(#803),#365,.F.);
#5578=ADVANCED_FACE('',(#804,#76,#77,#78),#517,.F.);
#5579=ADVANCED_FACE('',(#805),#366,.F.);
#5580=ADVANCED_FACE('',(#806),#367,.F.);
#5581=ADVANCED_FACE('',(#807),#368,.F.);
#5582=ADVANCED_FACE('',(#808),#518,.T.);
#5583=ADVANCED_FACE('',(#809),#519,.T.);
#5584=ADVANCED_FACE('',(#810),#520,.T.);
#5585=ADVANCED_FACE('',(#811),#521,.T.);
#5586=ADVANCED_FACE('',(#812),#522,.T.);
#5587=ADVANCED_FACE('',(#813),#523,.T.);
#5588=ADVANCED_FACE('',(#814),#524,.T.);
#5589=ADVANCED_FACE('',(#815),#525,.T.);
#5590=ADVANCED_FACE('',(#816),#369,.T.);
#5591=ADVANCED_FACE('',(#817),#526,.T.);
#5592=ADVANCED_FACE('',(#818),#527,.T.);
#5593=ADVANCED_FACE('',(#819),#528,.T.);
#5594=ADVANCED_FACE('',(#820),#370,.T.);
#5595=ADVANCED_FACE('',(#821),#529,.T.);
#5596=CLOSED_SHELL('',(#5304,#5305,#5306,#5307,#5308,#5309,#5310,#5311,
#5312,#5313,#5314,#5315,#5316,#5317,#5318,#5319,#5320,#5321,#5322,#5323,
#5324,#5325,#5326,#5327,#5328,#5329,#5330,#5331,#5332,#5333,#5334,#5335,
#5336,#5337,#5338,#5339,#5340,#5341,#5342,#5343,#5344,#5345,#5346,#5347,
#5348,#5349,#5350,#5351,#5352,#5353,#5354,#5355,#5356,#5357,#5358,#5359,
#5360,#5361,#5362,#5363,#5364,#5365,#5366,#5367,#5368,#5369,#5370,#5371,
#5372,#5373,#5374,#5375,#5376,#5377,#5378,#5379,#5380,#5381,#5382,#5383,
#5384,#5385,#5386,#5387,#5388,#5389,#5390,#5391,#5392,#5393,#5394,#5395,
#5396,#5397,#5398,#5399,#5400,#5401,#5402,#5403,#5404,#5405,#5406,#5407,
#5408,#5409,#5410,#5411,#5412,#5413,#5414,#5415,#5416,#5417,#5418,#5419,
#5420,#5421,#5422,#5423,#5424,#5425,#5426,#5427,#5428,#5429,#5430,#5431,
#5432,#5433,#5434,#5435,#5436,#5437,#5438,#5439,#5440,#5441,#5442,#5443,
#5444,#5445,#5446,#5447,#5448,#5449,#5450,#5451,#5452,#5453,#5454,#5455,
#5456,#5457,#5458,#5459,#5460,#5461,#5462,#5463,#5464,#5465,#5466,#5467,
#5468,#5469,#5470,#5471,#5472,#5473,#5474,#5475,#5476,#5477,#5478,#5479,
#5480,#5481,#5482,#5483,#5484,#5485,#5486,#5487,#5488,#5489,#5490,#5491,
#5492,#5493,#5494,#5495,#5496,#5497,#5498,#5499,#5500,#5501,#5502,#5503,
#5504,#5505,#5506,#5507,#5508,#5509,#5510,#5511,#5512,#5513,#5514,#5515,
#5516,#5517,#5518,#5519,#5520,#5521,#5522,#5523,#5524,#5525,#5526,#5527,
#5528,#5529,#5530,#5531,#5532,#5533,#5534,#5535,#5536));
#5597=CLOSED_SHELL('',(#5537,#5538,#5539,#5540,#5541,#5542,#5543,#5544,
#5545,#5546,#5547,#5548,#5549,#5550,#5551,#5552,#5553,#5554,#5555,#5556,
#5557,#5558,#5559,#5560,#5561,#5562,#5563,#5564,#5565,#5566,#5567,#5568,
#5569,#5570,#5571,#5572,#5573,#5574,#5575,#5576,#5577,#5578,#5579,#5580,
#5581,#5582,#5583,#5584,#5585,#5586,#5587,#5588,#5589,#5590,#5591,#5592,
#5593,#5594,#5595));
#5598=DERIVED_UNIT_ELEMENT(#5600,1.);
#5599=DERIVED_UNIT_ELEMENT(#9844,-3.);
#5600=(
MASS_UNIT()
NAMED_UNIT(*)
SI_UNIT(.KILO.,.GRAM.)
);
#5601=DERIVED_UNIT((#5598,#5599));
#5602=MEASURE_REPRESENTATION_ITEM('density measure',
POSITIVE_RATIO_MEASURE(7850.),#5601);
#5603=PROPERTY_DEFINITION_REPRESENTATION(#5608,#5605);
#5604=PROPERTY_DEFINITION_REPRESENTATION(#5609,#5606);
#5605=REPRESENTATION('material name',(#5607),#9841);
#5606=REPRESENTATION('density',(#5602),#9841);
#5607=DESCRIPTIVE_REPRESENTATION_ITEM('PETG','PETG');
#5608=PROPERTY_DEFINITION('material property','material name',#9851);
#5609=PROPERTY_DEFINITION('material property','density of part',#9851);
#5610=AXIS2_PLACEMENT_3D('',#7535,#6070,#6071);
#5611=AXIS2_PLACEMENT_3D('',#7792,#6084,#6085);
#5612=AXIS2_PLACEMENT_3D('',#7936,#6095,#6096);
#5613=AXIS2_PLACEMENT_3D('',#8103,#6107,#6108);
#5614=AXIS2_PLACEMENT_3D('',#8129,#6112,#6113);
#5615=AXIS2_PLACEMENT_3D('',#8130,#6114,#6115);
#5616=AXIS2_PLACEMENT_3D('',#8133,#6116,#6117);
#5617=AXIS2_PLACEMENT_3D('',#8137,#6119,#6120);
#5618=AXIS2_PLACEMENT_3D('',#8139,#6122,#6123);
#5619=AXIS2_PLACEMENT_3D('',#8145,#6127,#6128);
#5620=AXIS2_PLACEMENT_3D('',#8148,#6129,#6130);
#5621=AXIS2_PLACEMENT_3D('',#8152,#6132,#6133);
#5622=AXIS2_PLACEMENT_3D('',#8154,#6135,#6136);
#5623=AXIS2_PLACEMENT_3D('',#8157,#6139,#6140);
#5624=AXIS2_PLACEMENT_3D('',#8159,#6141,#6142);
#5625=AXIS2_PLACEMENT_3D('',#8162,#6144,#6145);
#5626=AXIS2_PLACEMENT_3D('',#8163,#6146,#6147);
#5627=AXIS2_PLACEMENT_3D('',#8169,#6151,#6152);
#5628=AXIS2_PLACEMENT_3D('',#8171,#6153,#6154);
#5629=AXIS2_PLACEMENT_3D('',#8174,#6156,#6157);
#5630=AXIS2_PLACEMENT_3D('',#8175,#6158,#6159);
#5631=AXIS2_PLACEMENT_3D('',#8178,#6162,#6163);
#5632=AXIS2_PLACEMENT_3D('',#8180,#6164,#6165);
#5633=AXIS2_PLACEMENT_3D('',#8183,#6167,#6168);
#5634=AXIS2_PLACEMENT_3D('',#8184,#6169,#6170);
#5635=AXIS2_PLACEMENT_3D('',#8186,#6171,#6172);
#5636=AXIS2_PLACEMENT_3D('',#8189,#6174,#6175);
#5637=AXIS2_PLACEMENT_3D('',#8190,#6176,#6177);
#5638=AXIS2_PLACEMENT_3D('',#8192,#6178,#6179);
#5639=AXIS2_PLACEMENT_3D('',#8195,#6181,#6182);
#5640=AXIS2_PLACEMENT_3D('',#8196,#6183,#6184);
#5641=AXIS2_PLACEMENT_3D('',#8198,#6185,#6186);
#5642=AXIS2_PLACEMENT_3D('',#8201,#6188,#6189);
#5643=AXIS2_PLACEMENT_3D('',#8202,#6190,#6191);
#5644=AXIS2_PLACEMENT_3D('',#8211,#6196,#6197);
#5645=AXIS2_PLACEMENT_3D('',#8220,#6202,#6203);
#5646=AXIS2_PLACEMENT_3D('',#8222,#6204,#6205);
#5647=AXIS2_PLACEMENT_3D('',#8225,#6207,#6208);
#5648=AXIS2_PLACEMENT_3D('',#8226,#6209,#6210);
#5649=AXIS2_PLACEMENT_3D('',#8232,#6214,#6215);
#5650=AXIS2_PLACEMENT_3D('',#8234,#6216,#6217);
#5651=AXIS2_PLACEMENT_3D('',#8237,#6219,#6220);
#5652=AXIS2_PLACEMENT_3D('',#8238,#6221,#6222);
#5653=AXIS2_PLACEMENT_3D('',#8244,#6226,#6227);
#5654=AXIS2_PLACEMENT_3D('',#8245,#6228,#6229);
#5655=AXIS2_PLACEMENT_3D('',#8246,#6230,#6231);
#5656=AXIS2_PLACEMENT_3D('',#8247,#6232,#6233);
#5657=AXIS2_PLACEMENT_3D('',#8248,#6234,#6235);
#5658=AXIS2_PLACEMENT_3D('',#8249,#6236,#6237);
#5659=AXIS2_PLACEMENT_3D('',#8250,#6238,#6239);
#5660=AXIS2_PLACEMENT_3D('',#8253,#6240,#6241);
#5661=AXIS2_PLACEMENT_3D('',#8255,#6242,#6243);
#5662=AXIS2_PLACEMENT_3D('',#8257,#6244,#6245);
#5663=AXIS2_PLACEMENT_3D('',#8259,#6246,#6247);
#5664=AXIS2_PLACEMENT_3D('',#8260,#6248,#6249);
#5665=AXIS2_PLACEMENT_3D('',#8291,#6250,#6251);
#5666=AXIS2_PLACEMENT_3D('',#8295,#6253,#6254);
#5667=AXIS2_PLACEMENT_3D('',#8303,#6258,#6259);
#5668=AXIS2_PLACEMENT_3D('',#8306,#6261,#6262);
#5669=AXIS2_PLACEMENT_3D('',#8351,#6271,#6272);
#5670=AXIS2_PLACEMENT_3D('',#8355,#6273,#6274);
#5671=AXIS2_PLACEMENT_3D('',#8358,#6275,#6276);
#5672=AXIS2_PLACEMENT_3D('',#8359,#6277,#6278);
#5673=AXIS2_PLACEMENT_3D('',#8360,#6279,#6280);
#5674=AXIS2_PLACEMENT_3D('',#8389,#6281,#6282);
#5675=AXIS2_PLACEMENT_3D('',#8390,#6283,#6284);
#5676=AXIS2_PLACEMENT_3D('',#8391,#6285,#6286);
#5677=AXIS2_PLACEMENT_3D('',#8392,#6287,#6288);
#5678=AXIS2_PLACEMENT_3D('',#8393,#6289,#6290);
#5679=AXIS2_PLACEMENT_3D('',#8420,#6293,#6294);
#5680=AXIS2_PLACEMENT_3D('',#8422,#6295,#6296);
#5681=AXIS2_PLACEMENT_3D('',#8434,#6302,#6303);
#5682=AXIS2_PLACEMENT_3D('',#8438,#6305,#6306);
#5683=AXIS2_PLACEMENT_3D('',#8442,#6308,#6309);
#5684=AXIS2_PLACEMENT_3D('',#8446,#6311,#6312);
#5685=AXIS2_PLACEMENT_3D('',#8450,#6314,#6315);
#5686=AXIS2_PLACEMENT_3D('',#8454,#6317,#6318);
#5687=AXIS2_PLACEMENT_3D('',#8458,#6320,#6321);
#5688=AXIS2_PLACEMENT_3D('',#8462,#6323,#6324);
#5689=AXIS2_PLACEMENT_3D('',#8465,#6326,#6327);
#5690=AXIS2_PLACEMENT_3D('',#8470,#6329,#6330);
#5691=AXIS2_PLACEMENT_3D('',#8473,#6332,#6333);
#5692=AXIS2_PLACEMENT_3D('',#8474,#6334,#6335);
#5693=AXIS2_PLACEMENT_3D('',#8498,#6337,#6338);
#5694=AXIS2_PLACEMENT_3D('',#8522,#6340,#6341);
#5695=AXIS2_PLACEMENT_3D('',#8546,#6343,#6344);
#5696=AXIS2_PLACEMENT_3D('',#8570,#6346,#6347);
#5697=AXIS2_PLACEMENT_3D('',#8594,#6349,#6350);
#5698=AXIS2_PLACEMENT_3D('',#8597,#6351,#6352);
#5699=AXIS2_PLACEMENT_3D('',#8601,#6354,#6355);
#5700=AXIS2_PLACEMENT_3D('',#8603,#6357,#6358);
#5701=AXIS2_PLACEMENT_3D('',#8617,#6366,#6367);
#5702=AXIS2_PLACEMENT_3D('',#8620,#6368,#6369);
#5703=AXIS2_PLACEMENT_3D('',#8624,#6371,#6372);
#5704=AXIS2_PLACEMENT_3D('',#8626,#6374,#6375);
#5705=AXIS2_PLACEMENT_3D('',#8640,#6383,#6384);
#5706=AXIS2_PLACEMENT_3D('',#8643,#6385,#6386);
#5707=AXIS2_PLACEMENT_3D('',#8647,#6388,#6389);
#5708=AXIS2_PLACEMENT_3D('',#8649,#6391,#6392);
#5709=AXIS2_PLACEMENT_3D('',#8655,#6396,#6397);
#5710=AXIS2_PLACEMENT_3D('',#8658,#6398,#6399);
#5711=AXIS2_PLACEMENT_3D('',#8662,#6401,#6402);
#5712=AXIS2_PLACEMENT_3D('',#8664,#6404,#6405);
#5713=AXIS2_PLACEMENT_3D('',#8670,#6409,#6410);
#5714=AXIS2_PLACEMENT_3D('',#8675,#6413,#6414);
#5715=AXIS2_PLACEMENT_3D('',#8681,#6417,#6418);
#5716=AXIS2_PLACEMENT_3D('',#8684,#6420,#6421);
#5717=AXIS2_PLACEMENT_3D('',#8692,#6425,#6426);
#5718=AXIS2_PLACEMENT_3D('',#8695,#6428,#6429);
#5719=AXIS2_PLACEMENT_3D('',#8696,#6430,#6431);
#5720=AXIS2_PLACEMENT_3D('',#8698,#6432,#6433);
#5721=AXIS2_PLACEMENT_3D('',#8700,#6435,#6436);
#5722=AXIS2_PLACEMENT_3D('',#8703,#6437,#6438);
#5723=AXIS2_PLACEMENT_3D('',#8706,#6441,#6442);
#5724=AXIS2_PLACEMENT_3D('',#8710,#6445,#6446);
#5725=AXIS2_PLACEMENT_3D('',#8714,#6448,#6449);
#5726=AXIS2_PLACEMENT_3D('',#8716,#6451,#6452);
#5727=AXIS2_PLACEMENT_3D('',#8720,#6455,#6456);
#5728=AXIS2_PLACEMENT_3D('',#8723,#6457,#6458);
#5729=AXIS2_PLACEMENT_3D('',#8727,#6460,#6461);
#5730=AXIS2_PLACEMENT_3D('',#8729,#6463,#6464);
#5731=AXIS2_PLACEMENT_3D('',#8735,#6468,#6469);
#5732=AXIS2_PLACEMENT_3D('',#8737,#6470,#6471);
#5733=AXIS2_PLACEMENT_3D('',#8740,#6473,#6474);
#5734=AXIS2_PLACEMENT_3D('',#8741,#6475,#6476);
#5735=AXIS2_PLACEMENT_3D('',#8747,#6480,#6481);
#5736=AXIS2_PLACEMENT_3D('',#8750,#6482,#6483);
#5737=AXIS2_PLACEMENT_3D('',#8754,#6485,#6486);
#5738=AXIS2_PLACEMENT_3D('',#8756,#6488,#6489);
#5739=AXIS2_PLACEMENT_3D('',#8762,#6493,#6494);
#5740=AXIS2_PLACEMENT_3D('',#8769,#6498,#6499);
#5741=AXIS2_PLACEMENT_3D('',#8772,#6501,#6502);
#5742=AXIS2_PLACEMENT_3D('',#8780,#6506,#6507);
#5743=AXIS2_PLACEMENT_3D('',#8783,#6509,#6510);
#5744=AXIS2_PLACEMENT_3D('',#8784,#6511,#6512);
#5745=AXIS2_PLACEMENT_3D('',#8788,#6514,#6515);
#5746=AXIS2_PLACEMENT_3D('',#8790,#6517,#6518);
#5747=AXIS2_PLACEMENT_3D('',#8794,#6521,#6522);
#5748=AXIS2_PLACEMENT_3D('',#8796,#6523,#6524);
#5749=AXIS2_PLACEMENT_3D('',#8798,#6526,#6527);
#5750=AXIS2_PLACEMENT_3D('',#8804,#6531,#6532);
#5751=AXIS2_PLACEMENT_3D('',#8808,#6534,#6535);
#5752=AXIS2_PLACEMENT_3D('',#8813,#6539,#6540);
#5753=AXIS2_PLACEMENT_3D('',#8816,#6542,#6543);
#5754=AXIS2_PLACEMENT_3D('',#8817,#6544,#6545);
#5755=AXIS2_PLACEMENT_3D('',#8821,#6548,#6549);
#5756=AXIS2_PLACEMENT_3D('',#8823,#6550,#6551);
#5757=AXIS2_PLACEMENT_3D('',#8825,#6553,#6554);
#5758=AXIS2_PLACEMENT_3D('',#8827,#6556,#6557);
#5759=AXIS2_PLACEMENT_3D('',#8829,#6559,#6560);
#5760=AXIS2_PLACEMENT_3D('',#8831,#6562,#6563);
#5761=AXIS2_PLACEMENT_3D('',#8834,#6564,#6565);
#5762=AXIS2_PLACEMENT_3D('',#8836,#6566,#6567);
#5763=AXIS2_PLACEMENT_3D('',#8837,#6568,#6569);
#5764=AXIS2_PLACEMENT_3D('',#8838,#6570,#6571);
#5765=AXIS2_PLACEMENT_3D('',#8841,#6572,#6573);
#5766=AXIS2_PLACEMENT_3D('',#8844,#6576,#6577);
#5767=AXIS2_PLACEMENT_3D('',#8847,#6578,#6579);
#5768=AXIS2_PLACEMENT_3D('',#8849,#6580,#6581);
#5769=AXIS2_PLACEMENT_3D('',#8850,#6582,#6583);
#5770=AXIS2_PLACEMENT_3D('',#8851,#6584,#6585);
#5771=AXIS2_PLACEMENT_3D('',#8854,#6586,#6587);
#5772=AXIS2_PLACEMENT_3D('',#8857,#6590,#6591);
#5773=AXIS2_PLACEMENT_3D('',#8860,#6592,#6593);
#5774=AXIS2_PLACEMENT_3D('',#8863,#6596,#6597);
#5775=AXIS2_PLACEMENT_3D('',#8866,#6600,#6601);
#5776=AXIS2_PLACEMENT_3D('',#8869,#6602,#6603);
#5777=AXIS2_PLACEMENT_3D('',#8872,#6606,#6607);
#5778=AXIS2_PLACEMENT_3D('',#8904,#6625,#6626);
#5779=AXIS2_PLACEMENT_3D('',#8906,#6627,#6628);
#5780=AXIS2_PLACEMENT_3D('',#8909,#6630,#6631);
#5781=AXIS2_PLACEMENT_3D('',#8921,#6638,#6639);
#5782=AXIS2_PLACEMENT_3D('',#8924,#6641,#6642);
#5783=AXIS2_PLACEMENT_3D('',#8930,#6646,#6647);
#5784=AXIS2_PLACEMENT_3D('',#8943,#6656,#6657);
#5785=AXIS2_PLACEMENT_3D('',#8945,#6658,#6659);
#5786=AXIS2_PLACEMENT_3D('',#8948,#6661,#6662);
#5787=AXIS2_PLACEMENT_3D('',#8959,#6663,#6664);
#5788=AXIS2_PLACEMENT_3D('',#8960,#6665,#6666);
#5789=AXIS2_PLACEMENT_3D('',#8961,#6667,#6668);
#5790=AXIS2_PLACEMENT_3D('',#8964,#6670,#6671);
#5791=AXIS2_PLACEMENT_3D('',#8975,#6672,#6673);
#5792=AXIS2_PLACEMENT_3D('',#8976,#6674,#6675);
#5793=AXIS2_PLACEMENT_3D('',#8977,#6676,#6677);
#5794=AXIS2_PLACEMENT_3D('',#8979,#6678,#6679);
#5795=AXIS2_PLACEMENT_3D('',#8981,#6681,#6682);
#5796=AXIS2_PLACEMENT_3D('',#8988,#6686,#6687);
#5797=AXIS2_PLACEMENT_3D('',#8989,#6688,#6689);
#5798=AXIS2_PLACEMENT_3D('',#8992,#6691,#6692);
#5799=AXIS2_PLACEMENT_3D('',#8993,#6693,#6694);
#5800=AXIS2_PLACEMENT_3D('',#8997,#6697,#6698);
#5801=AXIS2_PLACEMENT_3D('',#9000,#6700,#6701);
#5802=AXIS2_PLACEMENT_3D('',#9001,#6702,#6703);
#5803=AXIS2_PLACEMENT_3D('',#9006,#6706,#6707);
#5804=AXIS2_PLACEMENT_3D('',#9009,#6709,#6710);
#5805=AXIS2_PLACEMENT_3D('',#9011,#6711,#6712);
#5806=AXIS2_PLACEMENT_3D('',#9014,#6714,#6715);
#5807=AXIS2_PLACEMENT_3D('',#9015,#6716,#6717);
#5808=AXIS2_PLACEMENT_3D('',#9018,#6719,#6720);
#5809=AXIS2_PLACEMENT_3D('',#9019,#6721,#6722);
#5810=AXIS2_PLACEMENT_3D('',#9028,#6727,#6728);
#5811=AXIS2_PLACEMENT_3D('',#9030,#6729,#6730);
#5812=AXIS2_PLACEMENT_3D('',#9032,#6731,#6732);
#5813=AXIS2_PLACEMENT_3D('',#9034,#6734,#6735);
#5814=AXIS2_PLACEMENT_3D('',#9044,#6743,#6744);
#5815=AXIS2_PLACEMENT_3D('',#9053,#6749,#6750);
#5816=AXIS2_PLACEMENT_3D('',#9054,#6751,#6752);
#5817=AXIS2_PLACEMENT_3D('',#9055,#6753,#6754);
#5818=AXIS2_PLACEMENT_3D('',#9056,#6755,#6756);
#5819=AXIS2_PLACEMENT_3D('',#9058,#6757,#6758);
#5820=AXIS2_PLACEMENT_3D('',#9066,#6762,#6763);
#5821=AXIS2_PLACEMENT_3D('',#9074,#6767,#6768);
#5822=AXIS2_PLACEMENT_3D('',#9081,#6772,#6773);
#5823=AXIS2_PLACEMENT_3D('',#9083,#6775,#6776);
#5824=AXIS2_PLACEMENT_3D('',#9089,#6780,#6781);
#5825=AXIS2_PLACEMENT_3D('',#9090,#6782,#6783);
#5826=AXIS2_PLACEMENT_3D('',#9091,#6784,#6785);
#5827=AXIS2_PLACEMENT_3D('',#9092,#6786,#6787);
#5828=AXIS2_PLACEMENT_3D('',#9098,#6791,#6792);
#5829=AXIS2_PLACEMENT_3D('',#9099,#6793,#6794);
#5830=AXIS2_PLACEMENT_3D('',#9100,#6795,#6796);
#5831=AXIS2_PLACEMENT_3D('',#9101,#6797,#6798);
#5832=AXIS2_PLACEMENT_3D('',#9107,#6802,#6803);
#5833=AXIS2_PLACEMENT_3D('',#9111,#6805,#6806);
#5834=AXIS2_PLACEMENT_3D('',#9112,#6807,#6808);
#5835=AXIS2_PLACEMENT_3D('',#9113,#6809,#6810);
#5836=AXIS2_PLACEMENT_3D('',#9122,#6817,#6818);
#5837=AXIS2_PLACEMENT_3D('',#9128,#6822,#6823);
#5838=AXIS2_PLACEMENT_3D('',#9129,#6824,#6825);
#5839=AXIS2_PLACEMENT_3D('',#9130,#6826,#6827);
#5840=AXIS2_PLACEMENT_3D('',#9131,#6828,#6829);
#5841=AXIS2_PLACEMENT_3D('',#9137,#6833,#6834);
#5842=AXIS2_PLACEMENT_3D('',#9138,#6835,#6836);
#5843=AXIS2_PLACEMENT_3D('',#9139,#6837,#6838);
#5844=AXIS2_PLACEMENT_3D('',#9140,#6839,#6840);
#5845=AXIS2_PLACEMENT_3D('',#9146,#6844,#6845);
#5846=AXIS2_PLACEMENT_3D('',#9147,#6846,#6847);
#5847=AXIS2_PLACEMENT_3D('',#9148,#6848,#6849);
#5848=AXIS2_PLACEMENT_3D('',#9149,#6850,#6851);
#5849=AXIS2_PLACEMENT_3D('',#9152,#6854,#6855);
#5850=AXIS2_PLACEMENT_3D('',#9153,#6856,#6857);
#5851=AXIS2_PLACEMENT_3D('',#9154,#6858,#6859);
#5852=AXIS2_PLACEMENT_3D('',#9156,#6861,#6862);
#5853=AXIS2_PLACEMENT_3D('',#9158,#6864,#6865);
#5854=AXIS2_PLACEMENT_3D('',#9159,#6866,#6867);
#5855=AXIS2_PLACEMENT_3D('',#9160,#6868,#6869);
#5856=AXIS2_PLACEMENT_3D('',#9162,#6871,#6872);
#5857=AXIS2_PLACEMENT_3D('',#9164,#6874,#6875);
#5858=AXIS2_PLACEMENT_3D('',#9165,#6876,#6877);
#5859=AXIS2_PLACEMENT_3D('',#9166,#6878,#6879);
#5860=AXIS2_PLACEMENT_3D('',#9168,#6881,#6882);
#5861=AXIS2_PLACEMENT_3D('',#9170,#6884,#6885);
#5862=AXIS2_PLACEMENT_3D('',#9171,#6886,#6887);
#5863=AXIS2_PLACEMENT_3D('',#9172,#6888,#6889);
#5864=AXIS2_PLACEMENT_3D('',#9173,#6890,#6891);
#5865=AXIS2_PLACEMENT_3D('',#9175,#6892,#6893);
#5866=AXIS2_PLACEMENT_3D('',#9178,#6895,#6896);
#5867=AXIS2_PLACEMENT_3D('',#9179,#6897,#6898);
#5868=AXIS2_PLACEMENT_3D('',#9183,#6900,#6901);
#5869=AXIS2_PLACEMENT_3D('',#9184,#6902,#6903);
#5870=AXIS2_PLACEMENT_3D('',#9185,#6904,#6905);
#5871=AXIS2_PLACEMENT_3D('',#9187,#6907,#6908);
#5872=AXIS2_PLACEMENT_3D('',#9192,#6910,#6911);
#5873=AXIS2_PLACEMENT_3D('',#9196,#6913,#6914);
#5874=AXIS2_PLACEMENT_3D('',#9211,#6915,#6916);
#5875=AXIS2_PLACEMENT_3D('',#9216,#6918,#6919);
#5876=AXIS2_PLACEMENT_3D('',#9234,#6921,#6922);
#5877=AXIS2_PLACEMENT_3D('',#9235,#6923,#6924);
#5878=AXIS2_PLACEMENT_3D('',#9236,#6925,#6926);
#5879=AXIS2_PLACEMENT_3D('',#9237,#6927,#6928);
#5880=AXIS2_PLACEMENT_3D('',#9238,#6929,#6930);
#5881=AXIS2_PLACEMENT_3D('',#9239,#6931,#6932);
#5882=AXIS2_PLACEMENT_3D('',#9240,#6933,#6934);
#5883=AXIS2_PLACEMENT_3D('',#9245,#6939,#6940);
#5884=AXIS2_PLACEMENT_3D('',#9247,#6942,#6943);
#5885=AXIS2_PLACEMENT_3D('',#9249,#6945,#6946);
#5886=AXIS2_PLACEMENT_3D('',#9252,#6949,#6950);
#5887=AXIS2_PLACEMENT_3D('',#9253,#6951,#6952);
#5888=AXIS2_PLACEMENT_3D('',#9254,#6953,#6954);
#5889=AXIS2_PLACEMENT_3D('',#9257,#6957,#6958);
#5890=AXIS2_PLACEMENT_3D('',#9259,#6960,#6961);
#5891=AXIS2_PLACEMENT_3D('',#9261,#6963,#6964);
#5892=AXIS2_PLACEMENT_3D('',#9262,#6965,#6966);
#5893=AXIS2_PLACEMENT_3D('',#9264,#6968,#6969);
#5894=AXIS2_PLACEMENT_3D('',#9266,#6971,#6972);
#5895=AXIS2_PLACEMENT_3D('',#9268,#6974,#6975);
#5896=AXIS2_PLACEMENT_3D('',#9269,#6976,#6977);
#5897=AXIS2_PLACEMENT_3D('',#9271,#6979,#6980);
#5898=AXIS2_PLACEMENT_3D('',#9272,#6981,#6982);
#5899=AXIS2_PLACEMENT_3D('',#9273,#6983,#6984);
#5900=AXIS2_PLACEMENT_3D('',#9275,#6986,#6987);
#5901=AXIS2_PLACEMENT_3D('',#9277,#6989,#6990);
#5902=AXIS2_PLACEMENT_3D('',#9279,#6992,#6993);
#5903=AXIS2_PLACEMENT_3D('',#9280,#6994,#6995);
#5904=AXIS2_PLACEMENT_3D('',#9281,#6996,#6997);
#5905=AXIS2_PLACEMENT_3D('',#9283,#6998,#6999);
#5906=AXIS2_PLACEMENT_3D('',#9284,#7000,#7001);
#5907=AXIS2_PLACEMENT_3D('',#9285,#7002,#7003);
#5908=AXIS2_PLACEMENT_3D('',#9287,#7004,#7005);
#5909=AXIS2_PLACEMENT_3D('',#9288,#7006,#7007);
#5910=AXIS2_PLACEMENT_3D('',#9289,#7008,#7009);
#5911=AXIS2_PLACEMENT_3D('',#9291,#7010,#7011);
#5912=AXIS2_PLACEMENT_3D('',#9293,#7012,#7013);
#5913=AXIS2_PLACEMENT_3D('',#9294,#7014,#7015);
#5914=AXIS2_PLACEMENT_3D('',#9296,#7016,#7017);
#5915=AXIS2_PLACEMENT_3D('',#9298,#7019,#7020);
#5916=AXIS2_PLACEMENT_3D('',#9299,#7021,#7022);
#5917=AXIS2_PLACEMENT_3D('',#9301,#7023,#7024);
#5918=AXIS2_PLACEMENT_3D('',#9304,#7026,#7027);
#5919=AXIS2_PLACEMENT_3D('',#9305,#7028,#7029);
#5920=AXIS2_PLACEMENT_3D('',#9306,#7030,#7031);
#5921=AXIS2_PLACEMENT_3D('',#9309,#7033,#7034);
#5922=AXIS2_PLACEMENT_3D('',#9310,#7035,#7036);
#5923=AXIS2_PLACEMENT_3D('',#9312,#7037,#7038);
#5924=AXIS2_PLACEMENT_3D('',#9315,#7040,#7041);
#5925=AXIS2_PLACEMENT_3D('',#9316,#7042,#7043);
#5926=AXIS2_PLACEMENT_3D('',#9325,#7048,#7049);
#5927=AXIS2_PLACEMENT_3D('',#9334,#7054,#7055);
#5928=AXIS2_PLACEMENT_3D('',#9343,#7060,#7061);
#5929=AXIS2_PLACEMENT_3D('',#9352,#7066,#7067);
#5930=AXIS2_PLACEMENT_3D('',#9361,#7072,#7073);
#5931=AXIS2_PLACEMENT_3D('',#9370,#7078,#7079);
#5932=AXIS2_PLACEMENT_3D('',#9379,#7084,#7085);
#5933=AXIS2_PLACEMENT_3D('',#9388,#7090,#7091);
#5934=AXIS2_PLACEMENT_3D('',#9397,#7096,#7097);
#5935=AXIS2_PLACEMENT_3D('',#9406,#7102,#7103);
#5936=AXIS2_PLACEMENT_3D('',#9412,#7107,#7108);
#5937=AXIS2_PLACEMENT_3D('',#9418,#7112,#7113);
#5938=AXIS2_PLACEMENT_3D('',#9422,#7117,#7118);
#5939=AXIS2_PLACEMENT_3D('',#9424,#7120,#7121);
#5940=AXIS2_PLACEMENT_3D('',#9428,#7125,#7126);
#5941=AXIS2_PLACEMENT_3D('',#9430,#7128,#7129);
#5942=AXIS2_PLACEMENT_3D('',#9432,#7131,#7132);
#5943=AXIS2_PLACEMENT_3D('',#9433,#7133,#7134);
#5944=AXIS2_PLACEMENT_3D('',#9434,#7135,#7136);
#5945=AXIS2_PLACEMENT_3D('',#9437,#7139,#7140);
#5946=AXIS2_PLACEMENT_3D('',#9443,#7144,#7145);
#5947=AXIS2_PLACEMENT_3D('',#9449,#7149,#7150);
#5948=AXIS2_PLACEMENT_3D('',#9452,#7153,#7154);
#5949=AXIS2_PLACEMENT_3D('',#9454,#7156,#7157);
#5950=AXIS2_PLACEMENT_3D('',#9457,#7160,#7161);
#5951=AXIS2_PLACEMENT_3D('',#9459,#7163,#7164);
#5952=AXIS2_PLACEMENT_3D('',#9461,#7166,#7167);
#5953=AXIS2_PLACEMENT_3D('',#9462,#7168,#7169);
#5954=AXIS2_PLACEMENT_3D('',#9467,#7173,#7174);
#5955=AXIS2_PLACEMENT_3D('',#9470,#7177,#7178);
#5956=AXIS2_PLACEMENT_3D('',#9472,#7180,#7181);
#5957=AXIS2_PLACEMENT_3D('',#9475,#7182,#7183);
#5958=AXIS2_PLACEMENT_3D('',#9479,#7185,#7186);
#5959=AXIS2_PLACEMENT_3D('',#9481,#7188,#7189);
#5960=AXIS2_PLACEMENT_3D('',#9485,#7191,#7192);
#5961=AXIS2_PLACEMENT_3D('',#9491,#7196,#7197);
#5962=AXIS2_PLACEMENT_3D('',#9495,#7200,#7201);
#5963=AXIS2_PLACEMENT_3D('',#9497,#7202,#7203);
#5964=AXIS2_PLACEMENT_3D('',#9499,#7205,#7206);
#5965=AXIS2_PLACEMENT_3D('',#9505,#7210,#7211);
#5966=AXIS2_PLACEMENT_3D('',#9511,#7215,#7216);
#5967=AXIS2_PLACEMENT_3D('',#9515,#7219,#7220);
#5968=AXIS2_PLACEMENT_3D('',#9519,#7223,#7224);
#5969=AXIS2_PLACEMENT_3D('',#9522,#7227,#7228);
#5970=AXIS2_PLACEMENT_3D('',#9524,#7230,#7231);
#5971=AXIS2_PLACEMENT_3D('',#9525,#7232,#7233);
#5972=AXIS2_PLACEMENT_3D('',#9526,#7234,#7235);
#5973=AXIS2_PLACEMENT_3D('',#9527,#7236,#7237);
#5974=AXIS2_PLACEMENT_3D('',#9530,#7238,#7239);
#5975=AXIS2_PLACEMENT_3D('',#9534,#7241,#7242);
#5976=AXIS2_PLACEMENT_3D('',#9536,#7244,#7245);
#5977=AXIS2_PLACEMENT_3D('',#9544,#7249,#7250);
#5978=AXIS2_PLACEMENT_3D('',#9548,#7253,#7254);
#5979=AXIS2_PLACEMENT_3D('',#9552,#7257,#7258);
#5980=AXIS2_PLACEMENT_3D('',#9555,#7259,#7260);
#5981=AXIS2_PLACEMENT_3D('',#9559,#7262,#7263);
#5982=AXIS2_PLACEMENT_3D('',#9571,#7265,#7266);
#5983=AXIS2_PLACEMENT_3D('',#9573,#7267,#7268);
#5984=AXIS2_PLACEMENT_3D('',#9574,#7269,#7270);
#5985=AXIS2_PLACEMENT_3D('',#9575,#7271,#7272);
#5986=AXIS2_PLACEMENT_3D('',#9578,#7273,#7274);
#5987=AXIS2_PLACEMENT_3D('',#9581,#7277,#7278);
#5988=AXIS2_PLACEMENT_3D('',#9587,#7281,#7282);
#5989=AXIS2_PLACEMENT_3D('',#9593,#7286,#7287);
#5990=AXIS2_PLACEMENT_3D('',#9597,#7290,#7291);
#5991=AXIS2_PLACEMENT_3D('',#9600,#7293,#7294);
#5992=AXIS2_PLACEMENT_3D('',#9601,#7295,#7296);
#5993=AXIS2_PLACEMENT_3D('',#9605,#7299,#7300);
#5994=AXIS2_PLACEMENT_3D('',#9608,#7301,#7302);
#5995=AXIS2_PLACEMENT_3D('',#9612,#7304,#7305);
#5996=AXIS2_PLACEMENT_3D('',#9624,#7307,#7308);
#5997=AXIS2_PLACEMENT_3D('',#9626,#7309,#7310);
#5998=AXIS2_PLACEMENT_3D('',#9627,#7311,#7312);
#5999=AXIS2_PLACEMENT_3D('',#9628,#7313,#7314);
#6000=AXIS2_PLACEMENT_3D('',#9631,#7315,#7316);
#6001=AXIS2_PLACEMENT_3D('',#9634,#7319,#7320);
#6002=AXIS2_PLACEMENT_3D('',#9640,#7323,#7324);
#6003=AXIS2_PLACEMENT_3D('',#9646,#7328,#7329);
#6004=AXIS2_PLACEMENT_3D('',#9650,#7332,#7333);
#6005=AXIS2_PLACEMENT_3D('',#9653,#7335,#7336);
#6006=AXIS2_PLACEMENT_3D('',#9654,#7337,#7338);
#6007=AXIS2_PLACEMENT_3D('',#9658,#7341,#7342);
#6008=AXIS2_PLACEMENT_3D('',#9664,#7345,#7346);
#6009=AXIS2_PLACEMENT_3D('',#9668,#7349,#7350);
#6010=AXIS2_PLACEMENT_3D('',#9670,#7352,#7353);
#6011=AXIS2_PLACEMENT_3D('',#9676,#7357,#7358);
#6012=AXIS2_PLACEMENT_3D('',#9679,#7360,#7361);
#6013=AXIS2_PLACEMENT_3D('',#9680,#7362,#7363);
#6014=AXIS2_PLACEMENT_3D('',#9682,#7365,#7366);
#6015=AXIS2_PLACEMENT_3D('',#9686,#7369,#7370);
#6016=AXIS2_PLACEMENT_3D('',#9688,#7371,#7372);
#6017=AXIS2_PLACEMENT_3D('',#9690,#7374,#7375);
#6018=AXIS2_PLACEMENT_3D('',#9694,#7378,#7379);
#6019=AXIS2_PLACEMENT_3D('',#9698,#7381,#7382);
#6020=AXIS2_PLACEMENT_3D('',#9702,#7385,#7386);
#6021=AXIS2_PLACEMENT_3D('',#9711,#7391,#7392);
#6022=AXIS2_PLACEMENT_3D('',#9717,#7396,#7397);
#6023=AXIS2_PLACEMENT_3D('',#9723,#7401,#7402);
#6024=AXIS2_PLACEMENT_3D('',#9725,#7403,#7404);
#6025=AXIS2_PLACEMENT_3D('',#9727,#7405,#7406);
#6026=AXIS2_PLACEMENT_3D('',#9729,#7408,#7409);
#6027=AXIS2_PLACEMENT_3D('',#9735,#7413,#7414);
#6028=AXIS2_PLACEMENT_3D('',#9736,#7415,#7416);
#6029=AXIS2_PLACEMENT_3D('',#9737,#7417,#7418);
#6030=AXIS2_PLACEMENT_3D('',#9738,#7419,#7420);
#6031=AXIS2_PLACEMENT_3D('',#9745,#7423,#7424);
#6032=AXIS2_PLACEMENT_3D('',#9749,#7426,#7427);
#6033=AXIS2_PLACEMENT_3D('',#9751,#7429,#7430);
#6034=AXIS2_PLACEMENT_3D('',#9754,#7431,#7432);
#6035=AXIS2_PLACEMENT_3D('',#9758,#7434,#7435);
#6036=AXIS2_PLACEMENT_3D('',#9760,#7437,#7438);
#6037=AXIS2_PLACEMENT_3D('',#9762,#7439,#7440);
#6038=AXIS2_PLACEMENT_3D('',#9763,#7441,#7442);
#6039=AXIS2_PLACEMENT_3D('',#9764,#7443,#7444);
#6040=AXIS2_PLACEMENT_3D('',#9767,#7447,#7448);
#6041=AXIS2_PLACEMENT_3D('',#9770,#7449,#7450);
#6042=AXIS2_PLACEMENT_3D('',#9773,#7453,#7454);
#6043=AXIS2_PLACEMENT_3D('',#9775,#7455,#7456);
#6044=AXIS2_PLACEMENT_3D('',#9776,#7457,#7458);
#6045=AXIS2_PLACEMENT_3D('',#9777,#7459,#7460);
#6046=AXIS2_PLACEMENT_3D('',#9779,#7462,#7463);
#6047=AXIS2_PLACEMENT_3D('',#9783,#7465,#7466);
#6048=AXIS2_PLACEMENT_3D('',#9785,#7468,#7469);
#6049=AXIS2_PLACEMENT_3D('',#9787,#7471,#7472);
#6050=AXIS2_PLACEMENT_3D('',#9790,#7473,#7474);
#6051=AXIS2_PLACEMENT_3D('',#9794,#7476,#7477);
#6052=AXIS2_PLACEMENT_3D('',#9806,#7486,#7487);
#6053=AXIS2_PLACEMENT_3D('',#9808,#7488,#7489);
#6054=AXIS2_PLACEMENT_3D('',#9810,#7491,#7492);
#6055=AXIS2_PLACEMENT_3D('',#9811,#7493,#7494);
#6056=AXIS2_PLACEMENT_3D('',#9813,#7496,#7497);
#6057=AXIS2_PLACEMENT_3D('',#9815,#7499,#7500);
#6058=AXIS2_PLACEMENT_3D('',#9817,#7502,#7503);
#6059=AXIS2_PLACEMENT_3D('',#9818,#7504,#7505);
#6060=AXIS2_PLACEMENT_3D('',#9822,#7508,#7509);
#6061=AXIS2_PLACEMENT_3D('',#9824,#7511,#7512);
#6062=AXIS2_PLACEMENT_3D('',#9825,#7513,#7514);
#6063=AXIS2_PLACEMENT_3D('',#9826,#7515,#7516);
#6064=AXIS2_PLACEMENT_3D('',#9829,#7519,#7520);
#6065=AXIS2_PLACEMENT_3D('',#9831,#7522,#7523);
#6066=AXIS2_PLACEMENT_3D('',#9833,#7525,#7526);
#6067=AXIS2_PLACEMENT_3D('',#9835,#7528,#7529);
#6068=AXIS2_PLACEMENT_3D('',#9837,#7531,#7532);
#6069=AXIS2_PLACEMENT_3D('',#9838,#7533,#7534);
#6070=DIRECTION('axis',(0.,0.,1.));
#6071=DIRECTION('refdir',(1.,0.,0.));
#6072=DIRECTION('',(0.,1.,0.));
#6073=DIRECTION('',(0.,1.,0.));
#6074=DIRECTION('',(0.,1.,0.));
#6075=DIRECTION('',(0.,1.,0.));
#6076=DIRECTION('',(0.,1.,0.));
#6077=DIRECTION('',(0.,1.,0.));
#6078=DIRECTION('',(0.,1.,0.));
#6079=DIRECTION('',(0.,1.,0.));
#6080=DIRECTION('',(0.,1.,0.));
#6081=DIRECTION('',(0.,1.,0.));
#6082=DIRECTION('',(0.,1.,0.));
#6083=DIRECTION('',(0.,1.,0.));
#6084=DIRECTION('center_axis',(-0.167484506399239,0.,-0.985874708122794));
#6085=DIRECTION('ref_axis',(-0.985874708122794,0.,0.167484506399239));
#6086=DIRECTION('',(-0.985874708122794,0.,0.167484506399239));
#6087=DIRECTION('',(0.,1.,0.));
#6088=DIRECTION('',(-0.985874708122793,0.,0.167484506399239));
#6089=DIRECTION('',(0.,1.,0.));
#6090=DIRECTION('',(0.,1.,0.));
#6091=DIRECTION('',(0.,1.,0.));
#6092=DIRECTION('',(0.,1.,0.));
#6093=DIRECTION('',(0.,1.,0.));
#6094=DIRECTION('',(0.,1.,0.));
#6095=DIRECTION('center_axis',(-0.99096136115902,0.,0.134147607842487));
#6096=DIRECTION('ref_axis',(0.134147607842487,0.,0.99096136115902));
#6097=DIRECTION('',(0.134147607842487,0.,0.99096136115902));
#6098=DIRECTION('',(0.,1.,0.));
#6099=DIRECTION('',(0.134147607842487,0.,0.99096136115902));
#6100=DIRECTION('',(0.,1.,0.));
#6101=DIRECTION('',(0.,1.,0.));
#6102=DIRECTION('',(0.,1.,0.));
#6103=DIRECTION('',(0.,1.,0.));
#6104=DIRECTION('',(0.,1.,0.));
#6105=DIRECTION('',(0.,1.,0.));
#6106=DIRECTION('',(0.,1.,0.));
#6107=DIRECTION('center_axis',(-0.120440362597218,0.,0.992720564437672));
#6108=DIRECTION('ref_axis',(0.992720564437672,0.,0.120440362597218));
#6109=DIRECTION('',(0.992720564437672,0.,0.120440362597218));
#6110=DIRECTION('',(0.,1.,0.));
#6111=DIRECTION('',(0.992720564437672,0.,0.120440362597218));
#6112=DIRECTION('center_axis',(0.,-1.,0.));
#6113=DIRECTION('ref_axis',(1.,0.,0.));
#6114=DIRECTION('center_axis',(0.,-1.,0.));
#6115=DIRECTION('ref_axis',(-0.707106781186551,0.,0.707106781186544));
#6116=DIRECTION('center_axis',(0.,1.,0.));
#6117=DIRECTION('ref_axis',(-0.707106781186551,0.,0.707106781186544));
#6118=DIRECTION('',(0.,-1.,0.));
#6119=DIRECTION('center_axis',(0.,-1.,0.));
#6120=DIRECTION('ref_axis',(-0.707106781186551,0.,0.707106781186544));
#6121=DIRECTION('',(0.,1.,0.));
#6122=DIRECTION('center_axis',(0.,0.,1.));
#6123=DIRECTION('ref_axis',(-1.,0.,0.));
#6124=DIRECTION('',(-1.,0.,0.));
#6125=DIRECTION('',(0.,1.,0.));
#6126=DIRECTION('',(1.,0.,0.));
#6127=DIRECTION('center_axis',(0.,-1.,0.));
#6128=DIRECTION('ref_axis',(-0.707106781186551,0.,-0.707106781186544));
#6129=DIRECTION('center_axis',(0.,1.,0.));
#6130=DIRECTION('ref_axis',(-0.707106781186551,0.,-0.707106781186544));
#6131=DIRECTION('',(0.,-1.,0.));
#6132=DIRECTION('center_axis',(0.,-1.,0.));
#6133=DIRECTION('ref_axis',(-0.707106781186551,0.,-0.707106781186544));
#6134=DIRECTION('',(0.,1.,0.));
#6135=DIRECTION('center_axis',(-1.,0.,0.));
#6136=DIRECTION('ref_axis',(0.,0.,-1.));
#6137=DIRECTION('',(0.,0.,1.));
#6138=DIRECTION('',(0.,0.,-1.));
#6139=DIRECTION('center_axis',(0.,-1.,0.));
#6140=DIRECTION('ref_axis',(0.707106781186549,0.,0.707106781186546));
#6141=DIRECTION('center_axis',(0.,1.,0.));
#6142=DIRECTION('ref_axis',(0.707106781186549,0.,0.707106781186546));
#6143=DIRECTION('',(0.,-1.,0.));
#6144=DIRECTION('center_axis',(0.,-1.,0.));
#6145=DIRECTION('ref_axis',(0.707106781186549,0.,0.707106781186546));
#6146=DIRECTION('center_axis',(1.,0.,0.));
#6147=DIRECTION('ref_axis',(0.,0.,1.));
#6148=DIRECTION('',(0.,0.,1.));
#6149=DIRECTION('',(0.,1.,0.));
#6150=DIRECTION('',(0.,0.,-1.));
#6151=DIRECTION('center_axis',(0.,-1.,0.));
#6152=DIRECTION('ref_axis',(0.707106781186549,0.,-0.707106781186546));
#6153=DIRECTION('center_axis',(0.,1.,0.));
#6154=DIRECTION('ref_axis',(0.707106781186549,0.,-0.707106781186546));
#6155=DIRECTION('',(0.,-1.,0.));
#6156=DIRECTION('center_axis',(0.,-1.,0.));
#6157=DIRECTION('ref_axis',(0.707106781186549,0.,-0.707106781186546));
#6158=DIRECTION('center_axis',(0.,0.,-1.));
#6159=DIRECTION('ref_axis',(1.,0.,0.));
#6160=DIRECTION('',(-1.,0.,0.));
#6161=DIRECTION('',(1.,0.,0.));
#6162=DIRECTION('center_axis',(0.,-1.,0.));
#6163=DIRECTION('ref_axis',(-1.,0.,0.));
#6164=DIRECTION('center_axis',(0.,-1.,0.));
#6165=DIRECTION('ref_axis',(-1.,0.,0.));
#6166=DIRECTION('',(0.,-1.,0.));
#6167=DIRECTION('center_axis',(0.,1.,0.));
#6168=DIRECTION('ref_axis',(-1.,0.,0.));
#6169=DIRECTION('center_axis',(0.,-1.,0.));
#6170=DIRECTION('ref_axis',(-1.,0.,0.));
#6171=DIRECTION('center_axis',(0.,-1.,0.));
#6172=DIRECTION('ref_axis',(-1.,0.,0.));
#6173=DIRECTION('',(0.,-1.,0.));
#6174=DIRECTION('center_axis',(0.,1.,0.));
#6175=DIRECTION('ref_axis',(-1.,0.,0.));
#6176=DIRECTION('center_axis',(0.,-1.,0.));
#6177=DIRECTION('ref_axis',(-1.,0.,0.));
#6178=DIRECTION('center_axis',(0.,-1.,0.));
#6179=DIRECTION('ref_axis',(-1.,0.,0.));
#6180=DIRECTION('',(0.,-1.,0.));
#6181=DIRECTION('center_axis',(0.,1.,0.));
#6182=DIRECTION('ref_axis',(-1.,0.,0.));
#6183=DIRECTION('center_axis',(0.,-1.,0.));
#6184=DIRECTION('ref_axis',(-1.,0.,0.));
#6185=DIRECTION('center_axis',(0.,-1.,0.));
#6186=DIRECTION('ref_axis',(-1.,0.,0.));
#6187=DIRECTION('',(0.,-1.,0.));
#6188=DIRECTION('center_axis',(0.,1.,0.));
#6189=DIRECTION('ref_axis',(-1.,0.,0.));
#6190=DIRECTION('center_axis',(0.,0.,1.));
#6191=DIRECTION('ref_axis',(0.,1.,0.));
#6192=DIRECTION('',(-1.,0.,0.));
#6193=DIRECTION('',(-9.34924652315921E-17,1.,0.));
#6194=DIRECTION('',(1.,0.,0.));
#6195=DIRECTION('',(0.,-1.,0.));
#6196=DIRECTION('center_axis',(0.,0.,1.));
#6197=DIRECTION('ref_axis',(0.,1.,0.));
#6198=DIRECTION('',(-1.,0.,0.));
#6199=DIRECTION('',(0.,1.,0.));
#6200=DIRECTION('',(1.,0.,0.));
#6201=DIRECTION('',(0.,-1.,0.));
#6202=DIRECTION('center_axis',(-1.,0.,0.));
#6203=DIRECTION('ref_axis',(0.,-0.707106781186547,-0.707106781186547));
#6204=DIRECTION('center_axis',(1.,0.,0.));
#6205=DIRECTION('ref_axis',(0.,-0.707106781186547,0.707106781186547));
#6206=DIRECTION('',(-1.,0.,0.));
#6207=DIRECTION('center_axis',(-1.,0.,0.));
#6208=DIRECTION('ref_axis',(0.,-0.707106781186547,-0.707106781186547));
#6209=DIRECTION('center_axis',(0.,0.,-1.));
#6210=DIRECTION('ref_axis',(0.,-1.,0.));
#6211=DIRECTION('',(0.,-1.,0.));
#6212=DIRECTION('',(1.,0.,0.));
#6213=DIRECTION('',(0.,1.,0.));
#6214=DIRECTION('center_axis',(-1.,0.,0.));
#6215=DIRECTION('ref_axis',(0.,-0.707106781186547,-0.707106781186547));
#6216=DIRECTION('center_axis',(1.,9.34924652315921E-17,0.));
#6217=DIRECTION('ref_axis',(0.,-0.707106781186547,0.707106781186547));
#6218=DIRECTION('',(-1.,0.,0.));
#6219=DIRECTION('center_axis',(-1.,0.,0.));
#6220=DIRECTION('ref_axis',(0.,-0.707106781186547,-0.707106781186547));
#6221=DIRECTION('center_axis',(0.,0.,-1.));
#6222=DIRECTION('ref_axis',(0.,-1.,0.));
#6223=DIRECTION('',(9.34924652315921E-17,-1.,0.));
#6224=DIRECTION('',(1.,0.,0.));
#6225=DIRECTION('',(0.,1.,0.));
#6226=DIRECTION('center_axis',(-1.,0.,0.));
#6227=DIRECTION('ref_axis',(0.,0.707106781186547,-0.707106781186547));
#6228=DIRECTION('center_axis',(1.,9.34924652315921E-17,0.));
#6229=DIRECTION('ref_axis',(0.,0.707106781186547,-0.707106781186547));
#6230=DIRECTION('center_axis',(-1.,0.,0.));
#6231=DIRECTION('ref_axis',(0.,0.707106781186547,0.707106781186547));
#6232=DIRECTION('center_axis',(-1.,0.,0.));
#6233=DIRECTION('ref_axis',(0.,0.707106781186547,-0.707106781186547));
#6234=DIRECTION('center_axis',(1.,0.,0.));
#6235=DIRECTION('ref_axis',(0.,0.707106781186547,-0.707106781186547));
#6236=DIRECTION('center_axis',(-1.,0.,0.));
#6237=DIRECTION('ref_axis',(0.,0.707106781186547,0.707106781186547));
#6238=DIRECTION('center_axis',(0.,0.,1.));
#6239=DIRECTION('ref_axis',(2.83276944882399E-16,1.,0.));
#6240=DIRECTION('center_axis',(-0.918642982006156,-0.395088688285097,-5.09949295016774E-16));
#6241=DIRECTION('ref_axis',(-5.55111512312578E-16,0.,1.));
#6242=DIRECTION('center_axis',(0.,0.,1.));
#6243=DIRECTION('ref_axis',(-1.83697019872103E-16,1.,0.));
#6244=DIRECTION('center_axis',(0.,0.,1.));
#6245=DIRECTION('ref_axis',(-1.83697019872103E-16,1.,0.));
#6246=DIRECTION('center_axis',(0.918642982006155,-0.395088688285098,5.09949295016774E-16));
#6247=DIRECTION('ref_axis',(0.237053212971059,0.551185789203695,0.799999999999999));
#6248=DIRECTION('center_axis',(0.,0.,-1.));
#6249=DIRECTION('ref_axis',(-1.83697019872103E-16,1.,0.));
#6250=DIRECTION('center_axis',(0.,0.,1.));
#6251=DIRECTION('ref_axis',(1.,0.,0.));
#6252=DIRECTION('',(1.,0.,0.));
#6253=DIRECTION('center_axis',(0.,0.,1.));
#6254=DIRECTION('ref_axis',(-0.707106781186547,-0.707106781186547,0.));
#6255=DIRECTION('',(0.,-1.,0.));
#6256=DIRECTION('',(1.,0.,0.));
#6257=DIRECTION('',(0.,1.,0.));
#6258=DIRECTION('center_axis',(0.,0.,1.));
#6259=DIRECTION('ref_axis',(0.707106781186547,-0.707106781186547,0.));
#6260=DIRECTION('',(1.,0.,0.));
#6261=DIRECTION('center_axis',(0.,0.,-1.));
#6262=DIRECTION('ref_axis',(1.,0.,0.));
#6263=DIRECTION('',(0.,1.,0.));
#6264=DIRECTION('',(-1.,0.,0.));
#6265=DIRECTION('',(0.,-1.,0.));
#6266=DIRECTION('',(1.,0.,0.));
#6267=DIRECTION('',(0.,1.,0.));
#6268=DIRECTION('',(-1.,0.,0.));
#6269=DIRECTION('',(0.,-1.,0.));
#6270=DIRECTION('',(1.,0.,0.));
#6271=DIRECTION('center_axis',(0.,0.,1.));
#6272=DIRECTION('ref_axis',(-0.999985276917081,-0.00542641217271203,0.));
#6273=DIRECTION('center_axis',(0.,0.,1.));
#6274=DIRECTION('ref_axis',(1.,0.,0.));
#6275=DIRECTION('center_axis',(0.,0.,1.));
#6276=DIRECTION('ref_axis',(1.,0.,0.));
#6277=DIRECTION('center_axis',(0.,0.,1.));
#6278=DIRECTION('ref_axis',(1.,0.,0.));
#6279=DIRECTION('center_axis',(0.,-1.,0.));
#6280=DIRECTION('ref_axis',(-1.,0.,0.));
#6281=DIRECTION('center_axis',(0.,0.,1.));
#6282=DIRECTION('ref_axis',(-1.,0.,0.));
#6283=DIRECTION('center_axis',(0.,-1.,0.));
#6284=DIRECTION('ref_axis',(1.,0.,0.));
#6285=DIRECTION('center_axis',(0.,0.,-1.));
#6286=DIRECTION('ref_axis',(-1.,0.,0.));
#6287=DIRECTION('center_axis',(0.,0.,-1.));
#6288=DIRECTION('ref_axis',(-1.,0.,0.));
#6289=DIRECTION('center_axis',(9.34924652315921E-17,-1.,-9.62759304617558E-33));
#6290=DIRECTION('ref_axis',(-0.707106781186547,-6.61091561551062E-17,0.707106781186547));
#6291=DIRECTION('',(9.34924652315921E-17,-1.,-9.62759304617558E-33));
#6292=DIRECTION('',(-9.34924652315921E-17,1.,9.62759304617558E-33));
#6293=DIRECTION('center_axis',(1.02977208081174E-16,0.,1.));
#6294=DIRECTION('ref_axis',(1.,0.,-1.02977208081174E-16));
#6295=DIRECTION('center_axis',(0.,0.,1.));
#6296=DIRECTION('ref_axis',(1.,0.,0.));
#6297=DIRECTION('',(-1.,0.,0.));
#6298=DIRECTION('',(0.,-1.,0.));
#6299=DIRECTION('',(-1.,0.,1.02977208081174E-16));
#6300=DIRECTION('',(0.,1.,0.));
#6301=DIRECTION('',(-1.,0.,0.));
#6302=DIRECTION('center_axis',(0.,0.,1.));
#6303=DIRECTION('ref_axis',(1.,0.,0.));
#6304=DIRECTION('',(0.,1.,0.));
#6305=DIRECTION('center_axis',(0.,0.,-1.));
#6306=DIRECTION('ref_axis',(1.,0.,0.));
#6307=DIRECTION('',(1.07009448156642E-16,-1.,0.));
#6308=DIRECTION('center_axis',(0.,0.,-1.));
#6309=DIRECTION('ref_axis',(1.,0.,0.));
#6310=DIRECTION('',(0.,1.,0.));
#6311=DIRECTION('center_axis',(0.,0.,1.));
#6312=DIRECTION('ref_axis',(1.,0.,0.));
#6313=DIRECTION('',(1.,0.,-1.02977208081174E-16));
#6314=DIRECTION('center_axis',(0.,0.,-1.));
#6315=DIRECTION('ref_axis',(1.,0.,0.));
#6316=DIRECTION('',(-1.,0.,0.));
#6317=DIRECTION('center_axis',(0.,0.,-1.));
#6318=DIRECTION('ref_axis',(1.,0.,0.));
#6319=DIRECTION('',(1.,0.,-1.02977208081174E-16));
#6320=DIRECTION('center_axis',(0.,0.,1.));
#6321=DIRECTION('ref_axis',(1.,0.,0.));
#6322=DIRECTION('',(9.34924652315921E-17,-1.,-9.62759304617558E-33));
#6323=DIRECTION('center_axis',(0.,0.,-1.));
#6324=DIRECTION('ref_axis',(1.,0.,0.));
#6325=DIRECTION('',(0.,1.,0.));
#6326=DIRECTION('center_axis',(0.,0.,-1.));
#6327=DIRECTION('ref_axis',(1.,0.,0.));
#6328=DIRECTION('',(1.,0.,-1.02977208081174E-16));
#6329=DIRECTION('center_axis',(0.,0.,-1.));
#6330=DIRECTION('ref_axis',(1.,0.,0.));
#6331=DIRECTION('',(1.,-1.08314441426845E-16,0.));
#6332=DIRECTION('center_axis',(0.,0.,-1.));
#6333=DIRECTION('ref_axis',(1.,0.,0.));
#6334=DIRECTION('center_axis',(0.,1.,0.));
#6335=DIRECTION('ref_axis',(0.707106781186547,0.,0.707106781186547));
#6336=DIRECTION('',(0.,-1.,0.));
#6337=DIRECTION('center_axis',(9.34924652315921E-17,-1.,-9.62759304617558E-33));
#6338=DIRECTION('ref_axis',(-0.707106781186547,-6.61091561551062E-17,0.707106781186547));
#6339=DIRECTION('',(-9.34924652315921E-17,1.,9.62759304617558E-33));
#6340=DIRECTION('center_axis',(1.,0.,-1.02977208081174E-16));
#6341=DIRECTION('ref_axis',(1.57009245868377E-16,-0.707106781186547,0.707106781186547));
#6342=DIRECTION('',(-1.,0.,1.02977208081174E-16));
#6343=DIRECTION('center_axis',(1.,0.,-1.02977208081174E-16));
#6344=DIRECTION('ref_axis',(1.57009245868377E-16,-0.707106781186547,0.707106781186547));
#6345=DIRECTION('',(-1.,0.,1.02977208081174E-16));
#6346=DIRECTION('center_axis',(0.,1.,0.));
#6347=DIRECTION('ref_axis',(0.707106781186547,0.,0.707106781186547));
#6348=DIRECTION('',(0.,-1.,0.));
#6349=DIRECTION('center_axis',(-3.46944695195361E-16,1.,0.));
#6350=DIRECTION('ref_axis',(0.707106781186547,0.,-0.707106781186547));
#6351=DIRECTION('center_axis',(0.,-1.,0.));
#6352=DIRECTION('ref_axis',(0.707106781186547,0.,-0.707106781186547));
#6353=DIRECTION('',(-3.46944695195361E-16,1.,0.));
#6354=DIRECTION('center_axis',(0.,1.,0.));
#6355=DIRECTION('ref_axis',(0.707106781186547,0.,-0.707106781186547));
#6356=DIRECTION('',(3.46944695195361E-16,-1.,0.));
#6357=DIRECTION('center_axis',(-1.,-3.46944695195361E-16,0.));
#6358=DIRECTION('ref_axis',(3.46944695195361E-16,-1.,0.));
#6359=DIRECTION('',(0.,0.,1.));
#6360=DIRECTION('',(-3.46944695195361E-16,1.,0.));
#6361=DIRECTION('',(0.,0.,-1.));
#6362=DIRECTION('',(3.46944695195361E-16,-1.,0.));
#6363=DIRECTION('',(0.,0.,1.));
#6364=DIRECTION('',(-3.46944695195361E-16,1.,0.));
#6365=DIRECTION('',(0.,0.,1.));
#6366=DIRECTION('center_axis',(0.,-1.,0.));
#6367=DIRECTION('ref_axis',(-0.707106781186547,0.,-0.707106781186547));
#6368=DIRECTION('center_axis',(0.,1.,0.));
#6369=DIRECTION('ref_axis',(-0.707106781186547,0.,-0.707106781186547));
#6370=DIRECTION('',(0.,-1.,0.));
#6371=DIRECTION('center_axis',(0.,-1.,0.));
#6372=DIRECTION('ref_axis',(-0.707106781186547,0.,-0.707106781186547));
#6373=DIRECTION('',(0.,1.,0.));
#6374=DIRECTION('center_axis',(1.,0.,0.));
#6375=DIRECTION('ref_axis',(0.,1.,0.));
#6376=DIRECTION('',(0.,0.,1.));
#6377=DIRECTION('',(0.,-1.,0.));
#6378=DIRECTION('',(0.,0.,-1.));
#6379=DIRECTION('',(0.,1.,0.));
#6380=DIRECTION('',(0.,0.,1.));
#6381=DIRECTION('',(0.,-1.,0.));
#6382=DIRECTION('',(0.,0.,1.));
#6383=DIRECTION('center_axis',(3.33275204390291E-16,-1.,0.));
#6384=DIRECTION('ref_axis',(-0.707106781186547,-3.14018491736755E-16,0.707106781186547));
#6385=DIRECTION('center_axis',(-2.59052048247122E-16,1.,0.));
#6386=DIRECTION('ref_axis',(-0.707106781186547,-3.14018491736755E-16,0.707106781186547));
#6387=DIRECTION('',(3.33275204390291E-16,-1.,0.));
#6388=DIRECTION('center_axis',(3.70074354638746E-17,-1.,0.));
#6389=DIRECTION('ref_axis',(-0.707106781186547,-3.14018491736755E-16,0.707106781186547));
#6390=DIRECTION('',(-3.33275204390291E-16,1.,0.));
#6391=DIRECTION('center_axis',(0.,0.,1.));
#6392=DIRECTION('ref_axis',(1.,0.,0.));
#6393=DIRECTION('',(-1.,-2.59052048247122E-16,0.));
#6394=DIRECTION('',(0.,1.,0.));
#6395=DIRECTION('',(1.,3.70074354638746E-17,0.));
#6396=DIRECTION('center_axis',(0.,1.,0.));
#6397=DIRECTION('ref_axis',(0.707106781186547,0.,0.707106781186547));
#6398=DIRECTION('center_axis',(2.59052048247122E-16,-1.,0.));
#6399=DIRECTION('ref_axis',(0.707106781186547,0.,0.707106781186547));
#6400=DIRECTION('',(0.,-1.,0.));
#6401=DIRECTION('center_axis',(-3.70074354638746E-17,1.,0.));
#6402=DIRECTION('ref_axis',(0.707106781186547,0.,0.707106781186547));
#6403=DIRECTION('',(0.,1.,0.));
#6404=DIRECTION('center_axis',(0.,0.,1.));
#6405=DIRECTION('ref_axis',(1.,0.,0.));
#6406=DIRECTION('',(-1.,-2.51371274711013E-16,0.));
#6407=DIRECTION('',(-3.33275204390291E-16,1.,0.));
#6408=DIRECTION('',(1.,4.18952124518355E-17,0.));
#6409=DIRECTION('center_axis',(-2.59052048247122E-16,1.,0.));
#6410=DIRECTION('ref_axis',(1.,2.59052048247122E-16,0.));
#6411=DIRECTION('',(0.,0.,1.));
#6412=DIRECTION('',(0.,0.,-1.));
#6413=DIRECTION('center_axis',(-2.59052048247122E-16,1.,0.));
#6414=DIRECTION('ref_axis',(-0.707106781186547,-3.14018491736755E-16,-0.707106781186547));
#6415=DIRECTION('',(1.,2.59052048247122E-16,0.));
#6416=DIRECTION('',(0.,0.,1.));
#6417=DIRECTION('center_axis',(-2.59052048247122E-16,1.,0.));
#6418=DIRECTION('ref_axis',(0.707106781186547,0.,0.707106781186547));
#6419=DIRECTION('',(1.,2.59052048247122E-16,0.));
#6420=DIRECTION('center_axis',(-2.59052048247122E-16,1.,0.));
#6421=DIRECTION('ref_axis',(-0.707106781186547,0.,0.707106781186547));
#6422=DIRECTION('',(-1.,-2.59052048247122E-16,0.));
#6423=DIRECTION('',(0.,0.,1.));
#6424=DIRECTION('',(1.,2.59052048247122E-16,0.));
#6425=DIRECTION('center_axis',(-2.59052048247122E-16,1.,0.));
#6426=DIRECTION('ref_axis',(0.658724631355539,1.47560667353086E-16,-0.752384117353303));
#6427=DIRECTION('',(-0.132163720091018,-3.42372823935374E-17,-0.991227900682635));
#6428=DIRECTION('center_axis',(2.59052048247122E-16,-1.,0.));
#6429=DIRECTION('ref_axis',(-0.707106781186547,-3.14018491736755E-16,0.707106781186547));
#6430=DIRECTION('center_axis',(3.33275204390291E-16,-1.,0.));
#6431=DIRECTION('ref_axis',(-0.707106781186547,-3.14018491736755E-16,0.707106781186547));
#6432=DIRECTION('center_axis',(-3.70074354638746E-17,1.,0.));
#6433=DIRECTION('ref_axis',(-0.707106781186547,-3.14018491736755E-16,0.707106781186547));
#6434=DIRECTION('',(-3.33275204390291E-16,1.,0.));
#6435=DIRECTION('center_axis',(-3.33275204390291E-16,1.,0.));
#6436=DIRECTION('ref_axis',(-0.707106781186547,-3.14018491736755E-16,-0.707106781186547));
#6437=DIRECTION('center_axis',(3.70074354638746E-17,-1.,0.));
#6438=DIRECTION('ref_axis',(-0.707106781186547,-3.14018491736755E-16,-0.707106781186547));
#6439=DIRECTION('',(-3.33275204390291E-16,1.,0.));
#6440=DIRECTION('',(3.33275204390291E-16,-1.,0.));
#6441=DIRECTION('center_axis',(0.,0.,1.));
#6442=DIRECTION('ref_axis',(1.,0.,0.));
#6443=DIRECTION('',(-1.,-3.70074354638746E-17,0.));
#6444=DIRECTION('',(0.,-1.,0.));
#6445=DIRECTION('center_axis',(3.33275204390291E-16,-1.,0.));
#6446=DIRECTION('ref_axis',(0.658724631355539,1.47560667353086E-16,-0.752384117353303));
#6447=DIRECTION('',(3.33275204390291E-16,-1.,0.));
#6448=DIRECTION('center_axis',(3.70074354638746E-17,-1.,0.));
#6449=DIRECTION('ref_axis',(0.658724631355539,1.47560667353086E-16,-0.752384117353303));
#6450=DIRECTION('',(-3.33275204390291E-16,1.,0.));
#6451=DIRECTION('center_axis',(0.,0.,1.));
#6452=DIRECTION('ref_axis',(1.,0.,0.));
#6453=DIRECTION('',(0.,1.,0.));
#6454=DIRECTION('',(-1.,-3.70074354638746E-17,0.));
#6455=DIRECTION('center_axis',(0.,1.,0.));
#6456=DIRECTION('ref_axis',(0.707106781186547,0.,-0.707106781186547));
#6457=DIRECTION('center_axis',(1.48029741855498E-16,-1.,0.));
#6458=DIRECTION('ref_axis',(0.707106781186547,0.,-0.707106781186547));
#6459=DIRECTION('',(0.,1.,0.));
#6460=DIRECTION('center_axis',(7.40148709277491E-17,1.,0.));
#6461=DIRECTION('ref_axis',(0.707106781186547,0.,-0.707106781186547));
#6462=DIRECTION('',(0.,-1.,0.));
#6463=DIRECTION('center_axis',(1.,0.,0.));
#6464=DIRECTION('ref_axis',(0.,1.,0.));
#6465=DIRECTION('',(0.,0.,-1.));
#6466=DIRECTION('',(0.,-1.,0.));
#6467=DIRECTION('',(0.,0.,1.));
#6468=DIRECTION('center_axis',(0.,1.,0.));
#6469=DIRECTION('ref_axis',(0.707106781186547,0.,0.707106781186547));
#6470=DIRECTION('center_axis',(1.48029741855498E-16,-1.,0.));
#6471=DIRECTION('ref_axis',(0.707106781186547,0.,0.707106781186547));
#6472=DIRECTION('',(0.,1.,0.));
#6473=DIRECTION('center_axis',(7.40148709277491E-17,1.,0.));
#6474=DIRECTION('ref_axis',(0.707106781186547,0.,0.707106781186547));
#6475=DIRECTION('center_axis',(0.,0.,1.));
#6476=DIRECTION('ref_axis',(1.,0.,0.));
#6477=DIRECTION('',(1.,1.48029741855498E-16,0.));
#6478=DIRECTION('',(0.,-1.,0.));
#6479=DIRECTION('',(-1.,7.40148709277491E-17,0.));
#6480=DIRECTION('center_axis',(0.,-1.,0.));
#6481=DIRECTION('ref_axis',(-0.707106781186547,0.,0.707106781186547));
#6482=DIRECTION('center_axis',(-1.48029741855498E-16,1.,0.));
#6483=DIRECTION('ref_axis',(-0.707106781186547,0.,0.707106781186547));
#6484=DIRECTION('',(0.,1.,0.));
#6485=DIRECTION('center_axis',(-7.40148709277491E-17,-1.,0.));
#6486=DIRECTION('ref_axis',(-0.707106781186547,0.,0.707106781186547));
#6487=DIRECTION('',(0.,-1.,0.));
#6488=DIRECTION('center_axis',(0.,0.,1.));
#6489=DIRECTION('ref_axis',(1.,0.,0.));
#6490=DIRECTION('',(1.,1.67580849807342E-16,0.));
#6491=DIRECTION('',(0.,-1.,0.));
#6492=DIRECTION('',(-1.,8.3790424903671E-17,0.));
#6493=DIRECTION('center_axis',(1.48029741855498E-16,-1.,0.));
#6494=DIRECTION('ref_axis',(-1.,-1.48029741855498E-16,0.));
#6495=DIRECTION('',(0.,0.,1.));
#6496=DIRECTION('',(-1.,-1.48029741855498E-16,0.));
#6497=DIRECTION('',(0.,0.,1.));
#6498=DIRECTION('center_axis',(1.48029741855498E-16,-1.,0.));
#6499=DIRECTION('ref_axis',(-0.707106781186547,0.,0.707106781186547));
#6500=DIRECTION('',(-1.,-1.48029741855498E-16,0.));
#6501=DIRECTION('center_axis',(1.48029741855498E-16,-1.,0.));
#6502=DIRECTION('ref_axis',(0.707106781186547,0.,0.707106781186547));
#6503=DIRECTION('',(1.,1.48029741855498E-16,0.));
#6504=DIRECTION('',(0.,0.,1.));
#6505=DIRECTION('',(-1.,-1.48029741855498E-16,0.));
#6506=DIRECTION('center_axis',(1.48029741855498E-16,-1.,0.));
#6507=DIRECTION('ref_axis',(-0.658724631355539,0.,-0.752384117353303));
#6508=DIRECTION('',(0.132163720091018,1.95641613677357E-17,-0.991227900682635));
#6509=DIRECTION('center_axis',(-1.48029741855498E-16,1.,0.));
#6510=DIRECTION('ref_axis',(0.707106781186547,0.,0.707106781186547));
#6511=DIRECTION('center_axis',(0.,1.,0.));
#6512=DIRECTION('ref_axis',(-0.658724631355539,0.,-0.752384117353303));
#6513=DIRECTION('',(0.,1.,0.));
#6514=DIRECTION('center_axis',(7.40148709277491E-17,1.,0.));
#6515=DIRECTION('ref_axis',(-0.658724631355539,0.,-0.752384117353303));
#6516=DIRECTION('',(0.,-1.,0.));
#6517=DIRECTION('center_axis',(0.,0.,1.));
#6518=DIRECTION('ref_axis',(1.,0.,0.));
#6519=DIRECTION('',(0.,-1.,0.));
#6520=DIRECTION('',(1.,-7.40148709277491E-17,0.));
#6521=DIRECTION('center_axis',(0.,1.,0.));
#6522=DIRECTION('ref_axis',(0.707106781186547,0.,0.707106781186547));
#6523=DIRECTION('center_axis',(-7.40148709277491E-17,-1.,0.));
#6524=DIRECTION('ref_axis',(0.707106781186547,0.,0.707106781186547));
#6525=DIRECTION('',(0.,-1.,0.));
#6526=DIRECTION('center_axis',(7.40148709277491E-17,1.,0.));
#6527=DIRECTION('ref_axis',(1.,-7.40148709277491E-17,0.));
#6528=DIRECTION('',(-0.132163720091018,9.78208068386787E-18,0.991227900682635));
#6529=DIRECTION('',(0.,0.,1.));
#6530=DIRECTION('',(1.,-7.40148709277491E-17,0.));
#6531=DIRECTION('center_axis',(7.40148709277491E-17,1.,0.));
#6532=DIRECTION('ref_axis',(0.707106781186547,0.,0.707106781186547));
#6533=DIRECTION('',(1.,-7.40148709277491E-17,0.));
#6534=DIRECTION('center_axis',(7.40148709277491E-17,1.,0.));
#6535=DIRECTION('ref_axis',(-0.707106781186547,0.,0.707106781186547));
#6536=DIRECTION('',(0.,0.,-1.));
#6537=DIRECTION('',(1.,-7.40148709277491E-17,0.));
#6538=DIRECTION('',(0.,0.,1.));
#6539=DIRECTION('center_axis',(0.,-1.,0.));
#6540=DIRECTION('ref_axis',(-0.707106781186547,0.,0.707106781186547));
#6541=DIRECTION('',(0.,-1.,0.));
#6542=DIRECTION('center_axis',(3.70074354638746E-17,-1.,0.));
#6543=DIRECTION('ref_axis',(-0.707106781186547,0.,0.707106781186547));
#6544=DIRECTION('center_axis',(0.,0.,1.));
#6545=DIRECTION('ref_axis',(1.,0.,0.));
#6546=DIRECTION('',(0.,1.,0.));
#6547=DIRECTION('',(-1.,-3.70074354638746E-17,0.));
#6548=DIRECTION('center_axis',(0.,1.,0.));
#6549=DIRECTION('ref_axis',(0.707106781186547,0.,0.707106781186547));
#6550=DIRECTION('center_axis',(3.70074354638746E-17,-1.,0.));
#6551=DIRECTION('ref_axis',(0.707106781186547,0.,0.707106781186547));
#6552=DIRECTION('',(0.,-1.,0.));
#6553=DIRECTION('center_axis',(-3.46944695195361E-16,1.,0.));
#6554=DIRECTION('ref_axis',(0.707106781186547,0.,0.707106781186547));
#6555=DIRECTION('',(-3.46944695195361E-16,1.,0.));
#6556=DIRECTION('center_axis',(0.,0.,1.));
#6557=DIRECTION('ref_axis',(1.,0.,0.));
#6558=DIRECTION('',(9.34924652315921E-17,-1.,0.));
#6559=DIRECTION('center_axis',(9.34924652315921E-17,-1.,0.));
#6560=DIRECTION('ref_axis',(-0.707106781186547,0.,0.707106781186547));
#6561=DIRECTION('',(-9.34924652315921E-17,1.,0.));
#6562=DIRECTION('center_axis',(-0.816496580927727,-0.408248290463862,-0.408248290463862));
#6563=DIRECTION('ref_axis',(0.577350269189625,-0.577350269189628,-0.577350269189625));
#6564=DIRECTION('center_axis',(0.,0.,1.));
#6565=DIRECTION('ref_axis',(1.,0.,0.));
#6566=DIRECTION('center_axis',(3.5527136788005E-15,1.,0.));
#6567=DIRECTION('ref_axis',(0.,0.,-1.));
#6568=DIRECTION('center_axis',(-1.,0.,0.));
#6569=DIRECTION('ref_axis',(0.,-1.,0.));
#6570=DIRECTION('center_axis',(0.,1.,0.));
#6571=DIRECTION('ref_axis',(0.707106781186547,0.,-0.707106781186547));
#6572=DIRECTION('center_axis',(0.,-1.,0.));
#6573=DIRECTION('ref_axis',(0.707106781186547,0.,-0.707106781186547));
#6574=DIRECTION('',(0.,-1.,0.));
#6575=DIRECTION('',(0.,1.,0.));
#6576=DIRECTION('center_axis',(0.408248290463863,-0.816496580927725,0.408248290463865));
#6577=DIRECTION('ref_axis',(-0.577350269189626,-0.577350269189626,-0.577350269189627));
#6578=DIRECTION('center_axis',(1.,0.,0.));
#6579=DIRECTION('ref_axis',(0.,0.,-1.));
#6580=DIRECTION('center_axis',(0.,1.,0.));
#6581=DIRECTION('ref_axis',(-1.,0.,0.));
#6582=DIRECTION('center_axis',(0.,0.,1.));
#6583=DIRECTION('ref_axis',(0.,-1.,0.));
#6584=DIRECTION('center_axis',(9.34924652315921E-17,-1.,0.));
#6585=DIRECTION('ref_axis',(-0.707106781186547,0.,-0.707106781186547));
#6586=DIRECTION('center_axis',(0.,-1.,0.));
#6587=DIRECTION('ref_axis',(-0.707106781186547,0.,-0.707106781186547));
#6588=DIRECTION('',(9.34924652315921E-17,-1.,0.));
#6589=DIRECTION('',(-9.34924652315921E-17,1.,0.));
#6590=DIRECTION('center_axis',(0.,0.,1.));
#6591=DIRECTION('ref_axis',(-0.707106781186547,-0.707106781186547,0.));
#6592=DIRECTION('center_axis',(0.,0.,1.));
#6593=DIRECTION('ref_axis',(-0.707106781186547,-0.707106781186547,0.));
#6594=DIRECTION('',(0.,0.,-1.));
#6595=DIRECTION('',(0.,0.,1.));
#6596=DIRECTION('center_axis',(1.,0.,0.));
#6597=DIRECTION('ref_axis',(0.,-0.707106781186547,-0.707106781186547));
#6598=DIRECTION('',(-1.,0.,0.));
#6599=DIRECTION('',(1.,0.,0.));
#6600=DIRECTION('center_axis',(0.,0.,1.));
#6601=DIRECTION('ref_axis',(0.707106781186547,-0.707106781186547,0.));
#6602=DIRECTION('center_axis',(0.,0.,1.));
#6603=DIRECTION('ref_axis',(0.707106781186547,-0.707106781186547,0.));
#6604=DIRECTION('',(0.,0.,-1.));
#6605=DIRECTION('',(0.,0.,1.));
#6606=DIRECTION('center_axis',(0.,0.,1.));
#6607=DIRECTION('ref_axis',(1.,0.,0.));
#6608=DIRECTION('',(-1.,0.,0.));
#6609=DIRECTION('',(0.,-1.,0.));
#6610=DIRECTION('',(1.,0.,0.));
#6611=DIRECTION('',(0.,1.,0.));
#6612=DIRECTION('',(-1.,0.,0.));
#6613=DIRECTION('',(1.,0.,0.));
#6614=DIRECTION('',(-1.,0.,0.));
#6615=DIRECTION('',(0.,1.,0.));
#6616=DIRECTION('',(1.,0.,0.));
#6617=DIRECTION('',(0.,-1.,0.));
#6618=DIRECTION('',(-1.,0.,0.));
#6619=DIRECTION('',(0.,1.,0.));
#6620=DIRECTION('',(1.,0.,0.));
#6621=DIRECTION('',(1.,0.,0.));
#6622=DIRECTION('',(1.,0.,0.));
#6623=DIRECTION('',(0.,-1.,0.));
#6624=DIRECTION('',(-1.,0.,0.));
#6625=DIRECTION('center_axis',(0.,-1.,0.));
#6626=DIRECTION('ref_axis',(1.,0.,0.));
#6627=DIRECTION('center_axis',(0.,-1.,0.));
#6628=DIRECTION('ref_axis',(-0.707106781186547,0.,-0.707106781186547));
#6629=DIRECTION('',(0.,0.,1.));
#6630=DIRECTION('center_axis',(0.,-1.,0.));
#6631=DIRECTION('ref_axis',(-0.707106781186547,0.,0.707106781186547));
#6632=DIRECTION('',(0.,0.,1.));
#6633=DIRECTION('',(1.,0.,0.));
#6634=DIRECTION('',(0.,0.,-1.));
#6635=DIRECTION('',(0.,0.,1.));
#6636=DIRECTION('',(1.,0.,0.));
#6637=DIRECTION('',(0.,0.,-1.));
#6638=DIRECTION('center_axis',(0.,-1.,0.));
#6639=DIRECTION('ref_axis',(0.707106781186547,0.,0.707106781186547));
#6640=DIRECTION('',(0.,0.,-1.));
#6641=DIRECTION('center_axis',(0.,-1.,0.));
#6642=DIRECTION('ref_axis',(0.707106781186547,0.,-0.707106781186547));
#6643=DIRECTION('',(0.,0.,1.));
#6644=DIRECTION('',(-1.,0.,0.));
#6645=DIRECTION('',(0.,0.,1.));
#6646=DIRECTION('center_axis',(-1.,0.,0.));
#6647=DIRECTION('ref_axis',(0.,-1.,0.));
#6648=DIRECTION('',(0.,1.,0.));
#6649=DIRECTION('',(0.,0.,1.));
#6650=DIRECTION('',(0.,-1.,0.));
#6651=DIRECTION('',(0.,0.,-1.));
#6652=DIRECTION('',(0.,0.,1.));
#6653=DIRECTION('',(0.,-1.,0.));
#6654=DIRECTION('',(0.,0.,-1.));
#6655=DIRECTION('',(0.,0.,-1.));
#6656=DIRECTION('center_axis',(0.,-1.,0.));
#6657=DIRECTION('ref_axis',(0.707106781186547,0.,-0.707106781186547));
#6658=DIRECTION('center_axis',(0.,-1.,0.));
#6659=DIRECTION('ref_axis',(0.707106781186547,0.,-0.707106781186547));
#6660=DIRECTION('',(0.,-1.,0.));
#6661=DIRECTION('center_axis',(0.,1.,0.));
#6662=DIRECTION('ref_axis',(1.,0.,0.));
#6663=DIRECTION('center_axis',(1.,0.,0.));
#6664=DIRECTION('ref_axis',(0.,-1.,0.));
#6665=DIRECTION('center_axis',(0.,0.,-1.));
#6666=DIRECTION('ref_axis',(0.707106781186547,-0.707106781186547,0.));
#6667=DIRECTION('center_axis',(-1.,0.,0.));
#6668=DIRECTION('ref_axis',(0.,-0.707106781186547,-0.707106781186547));
#6669=DIRECTION('',(-1.,0.,0.));
#6670=DIRECTION('center_axis',(1.,0.,0.));
#6671=DIRECTION('ref_axis',(0.,-1.,0.));
#6672=DIRECTION('center_axis',(0.,-1.,0.));
#6673=DIRECTION('ref_axis',(-1.,0.,0.));
#6674=DIRECTION('center_axis',(0.,0.,-1.));
#6675=DIRECTION('ref_axis',(-0.707106781186547,-0.707106781186547,0.));
#6676=DIRECTION('center_axis',(0.,1.,0.));
#6677=DIRECTION('ref_axis',(-0.707106781186547,0.,-0.707106781186547));
#6678=DIRECTION('center_axis',(0.,-1.,0.));
#6679=DIRECTION('ref_axis',(-0.707106781186547,0.,-0.707106781186547));
#6680=DIRECTION('',(0.,1.,0.));
#6681=DIRECTION('center_axis',(-1.,0.,0.));
#6682=DIRECTION('ref_axis',(0.,1.,0.));
#6683=DIRECTION('',(0.,0.,-1.));
#6684=DIRECTION('',(0.,1.,0.));
#6685=DIRECTION('',(0.,0.,1.));
#6686=DIRECTION('center_axis',(-1.,0.,0.));
#6687=DIRECTION('ref_axis',(0.,-1.,0.));
#6688=DIRECTION('center_axis',(0.,0.,-1.));
#6689=DIRECTION('ref_axis',(-0.707106781186547,-0.707106781186547,0.));
#6690=DIRECTION('',(0.,0.,1.));
#6691=DIRECTION('center_axis',(0.,0.,-1.));
#6692=DIRECTION('ref_axis',(-0.707106781186547,-0.707106781186547,0.));
#6693=DIRECTION('center_axis',(0.,-1.,0.));
#6694=DIRECTION('ref_axis',(-1.,0.,0.));
#6695=DIRECTION('',(0.,0.,-1.));
#6696=DIRECTION('',(-1.,0.,0.));
#6697=DIRECTION('center_axis',(0.,0.,1.));
#6698=DIRECTION('ref_axis',(0.707106781186547,-0.707106781186547,0.));
#6699=DIRECTION('',(0.,0.,1.));
#6700=DIRECTION('center_axis',(0.,0.,-1.));
#6701=DIRECTION('ref_axis',(0.707106781186547,-0.707106781186547,0.));
#6702=DIRECTION('center_axis',(0.,1.,0.));
#6703=DIRECTION('ref_axis',(1.,0.,0.));
#6704=DIRECTION('',(1.,0.,0.));
#6705=DIRECTION('',(0.,0.,1.));
#6706=DIRECTION('center_axis',(0.,1.,0.));
#6707=DIRECTION('ref_axis',(-0.707106781186547,0.,0.707106781186547));
#6708=DIRECTION('',(0.,0.,-1.));
#6709=DIRECTION('center_axis',(0.,1.,0.));
#6710=DIRECTION('ref_axis',(-0.707106781186547,0.,-0.707106781186547));
#6711=DIRECTION('center_axis',(0.,1.,0.));
#6712=DIRECTION('ref_axis',(0.707106781186547,0.,-0.707106781186547));
#6713=DIRECTION('',(0.,0.,1.));
#6714=DIRECTION('center_axis',(0.,1.,0.));
#6715=DIRECTION('ref_axis',(0.707106781186547,0.,0.707106781186547));
#6716=DIRECTION('center_axis',(1.,0.,0.));
#6717=DIRECTION('ref_axis',(0.,-1.,0.));
#6718=DIRECTION('',(0.,-1.,0.));
#6719=DIRECTION('center_axis',(1.,0.,0.));
#6720=DIRECTION('ref_axis',(0.,1.,0.));
#6721=DIRECTION('center_axis',(1.,0.,0.));
#6722=DIRECTION('ref_axis',(0.,1.,0.));
#6723=DIRECTION('',(0.,-1.,0.));
#6724=DIRECTION('',(0.,0.,1.));
#6725=DIRECTION('',(0.,-1.,0.));
#6726=DIRECTION('',(0.,0.,1.));
#6727=DIRECTION('center_axis',(0.,0.,1.));
#6728=DIRECTION('ref_axis',(1.,0.,0.));
#6729=DIRECTION('center_axis',(0.,0.,1.));
#6730=DIRECTION('ref_axis',(1.,0.,0.));
#6731=DIRECTION('center_axis',(0.,0.,-1.));
#6732=DIRECTION('ref_axis',(1.,0.,0.));
#6733=DIRECTION('',(-9.34924652315921E-17,1.,0.));
#6734=DIRECTION('center_axis',(1.,9.34924652315921E-17,0.));
#6735=DIRECTION('ref_axis',(-9.34924652315921E-17,1.,0.));
#6736=DIRECTION('',(9.34924652315921E-17,-1.,0.));
#6737=DIRECTION('',(0.,0.,1.));
#6738=DIRECTION('',(-9.34924652315921E-17,1.,0.));
#6739=DIRECTION('',(0.,0.,-1.));
#6740=DIRECTION('',(0.,0.,1.));
#6741=DIRECTION('',(0.,0.,-1.));
#6742=DIRECTION('',(-9.34924652315921E-17,1.,0.));
#6743=DIRECTION('center_axis',(1.,0.,0.));
#6744=DIRECTION('ref_axis',(0.,1.,0.));
#6745=DIRECTION('',(0.,-1.,0.));
#6746=DIRECTION('',(0.,0.,1.));
#6747=DIRECTION('',(0.,-1.,0.));
#6748=DIRECTION('',(0.,0.,1.));
#6749=DIRECTION('center_axis',(0.,0.,1.));
#6750=DIRECTION('ref_axis',(1.,0.,0.));
#6751=DIRECTION('center_axis',(0.,0.,1.));
#6752=DIRECTION('ref_axis',(1.,0.,0.));
#6753=DIRECTION('center_axis',(0.,0.,-1.));
#6754=DIRECTION('ref_axis',(1.,0.,0.));
#6755=DIRECTION('center_axis',(0.,0.,1.));
#6756=DIRECTION('ref_axis',(1.,0.,0.));
#6757=DIRECTION('center_axis',(0.,0.,1.));
#6758=DIRECTION('ref_axis',(1.,0.,0.));
#6759=DIRECTION('',(1.,0.,0.));
#6760=DIRECTION('',(-1.,0.,0.));
#6761=DIRECTION('',(1.,0.,0.));
#6762=DIRECTION('center_axis',(0.,0.,1.));
#6763=DIRECTION('ref_axis',(1.,0.,0.));
#6764=DIRECTION('',(-1.07009448156642E-16,1.,0.));
#6765=DIRECTION('',(1.07009448156642E-16,-1.,0.));
#6766=DIRECTION('',(-1.07009448156642E-16,1.,0.));
#6767=DIRECTION('center_axis',(0.,0.,1.));
#6768=DIRECTION('ref_axis',(1.,0.,0.));
#6769=DIRECTION('',(-1.,1.08314441426845E-16,0.));
#6770=DIRECTION('',(1.,-1.08314441426845E-16,0.));
#6771=DIRECTION('',(-1.,1.08314441426845E-16,0.));
#6772=DIRECTION('center_axis',(0.,0.,1.));
#6773=DIRECTION('ref_axis',(1.,0.,0.));
#6774=DIRECTION('',(0.,1.,0.));
#6775=DIRECTION('center_axis',(-1.,-1.07009448156642E-16,0.));
#6776=DIRECTION('ref_axis',(1.07009448156642E-16,-1.,0.));
#6777=DIRECTION('',(-1.07009448156642E-16,1.,0.));
#6778=DIRECTION('',(0.,0.,1.));
#6779=DIRECTION('',(0.,0.,1.));
#6780=DIRECTION('center_axis',(0.,0.,1.));
#6781=DIRECTION('ref_axis',(1.,0.,0.));
#6782=DIRECTION('center_axis',(0.,0.,1.));
#6783=DIRECTION('ref_axis',(1.,0.,0.));
#6784=DIRECTION('center_axis',(0.,0.,-1.));
#6785=DIRECTION('ref_axis',(1.,0.,0.));
#6786=DIRECTION('center_axis',(-1.,-1.07009448156642E-16,0.));
#6787=DIRECTION('ref_axis',(1.07009448156642E-16,-1.,0.));
#6788=DIRECTION('',(-1.07009448156642E-16,1.,0.));
#6789=DIRECTION('',(0.,0.,1.));
#6790=DIRECTION('',(0.,0.,1.));
#6791=DIRECTION('center_axis',(0.,0.,1.));
#6792=DIRECTION('ref_axis',(1.,0.,0.));
#6793=DIRECTION('center_axis',(0.,0.,1.));
#6794=DIRECTION('ref_axis',(1.,0.,0.));
#6795=DIRECTION('center_axis',(0.,0.,-1.));
#6796=DIRECTION('ref_axis',(1.,0.,0.));
#6797=DIRECTION('center_axis',(0.,1.,0.));
#6798=DIRECTION('ref_axis',(-1.,0.,0.));
#6799=DIRECTION('',(1.,0.,0.));
#6800=DIRECTION('',(0.,0.,1.));
#6801=DIRECTION('',(0.,0.,1.));
#6802=DIRECTION('center_axis',(0.,0.,1.));
#6803=DIRECTION('ref_axis',(1.,0.,0.));
#6804=DIRECTION('',(-1.,0.,0.));
#6805=DIRECTION('center_axis',(0.,0.,-1.));
#6806=DIRECTION('ref_axis',(1.,0.,0.));
#6807=DIRECTION('center_axis',(0.,0.,1.));
#6808=DIRECTION('ref_axis',(1.,0.,0.));
#6809=DIRECTION('center_axis',(0.,1.,0.));
#6810=DIRECTION('ref_axis',(-1.,0.,0.));
#6811=DIRECTION('',(1.,0.,0.));
#6812=DIRECTION('',(0.,0.,1.));
#6813=DIRECTION('',(0.,0.,-1.));
#6814=DIRECTION('',(0.,0.,1.));
#6815=DIRECTION('',(-1.,0.,0.));
#6816=DIRECTION('',(0.,0.,-1.));
#6817=DIRECTION('center_axis',(-1.08314441426845E-16,-1.,0.));
#6818=DIRECTION('ref_axis',(1.,-1.08314441426845E-16,0.));
#6819=DIRECTION('',(-1.,1.08314441426845E-16,0.));
#6820=DIRECTION('',(0.,0.,1.));
#6821=DIRECTION('',(0.,0.,1.));
#6822=DIRECTION('center_axis',(0.,0.,1.));
#6823=DIRECTION('ref_axis',(1.,0.,0.));
#6824=DIRECTION('center_axis',(0.,0.,1.));
#6825=DIRECTION('ref_axis',(1.,0.,0.));
#6826=DIRECTION('center_axis',(0.,0.,-1.));
#6827=DIRECTION('ref_axis',(1.,0.,0.));
#6828=DIRECTION('center_axis',(-1.08314441426845E-16,-1.,0.));
#6829=DIRECTION('ref_axis',(1.,-1.08314441426845E-16,0.));
#6830=DIRECTION('',(-1.,1.08314441426845E-16,0.));
#6831=DIRECTION('',(0.,0.,1.));
#6832=DIRECTION('',(0.,0.,1.));
#6833=DIRECTION('center_axis',(0.,0.,1.));
#6834=DIRECTION('ref_axis',(1.,0.,0.));
#6835=DIRECTION('center_axis',(0.,0.,1.));
#6836=DIRECTION('ref_axis',(1.,0.,0.));
#6837=DIRECTION('center_axis',(0.,0.,-1.));
#6838=DIRECTION('ref_axis',(1.,0.,0.));
#6839=DIRECTION('center_axis',(0.,1.,0.));
#6840=DIRECTION('ref_axis',(-1.,0.,0.));
#6841=DIRECTION('',(1.,0.,0.));
#6842=DIRECTION('',(0.,0.,1.));
#6843=DIRECTION('',(0.,0.,1.));
#6844=DIRECTION('center_axis',(0.,0.,1.));
#6845=DIRECTION('ref_axis',(1.,0.,0.));
#6846=DIRECTION('center_axis',(0.,0.,1.));
#6847=DIRECTION('ref_axis',(1.,0.,0.));
#6848=DIRECTION('center_axis',(0.,0.,-1.));
#6849=DIRECTION('ref_axis',(1.,0.,0.));
#6850=DIRECTION('center_axis',(1.,1.07009448156642E-16,0.));
#6851=DIRECTION('ref_axis',(1.07009448156642E-16,-1.,0.));
#6852=DIRECTION('',(0.,0.,-1.));
#6853=DIRECTION('',(0.,0.,-1.));
#6854=DIRECTION('center_axis',(0.,0.,-1.));
#6855=DIRECTION('ref_axis',(1.,0.,0.));
#6856=DIRECTION('center_axis',(0.,0.,-1.));
#6857=DIRECTION('ref_axis',(1.,0.,0.));
#6858=DIRECTION('center_axis',(0.,0.,-1.));
#6859=DIRECTION('ref_axis',(1.,0.,0.));
#6860=DIRECTION('',(0.,0.,-1.));
#6861=DIRECTION('center_axis',(1.08314441426845E-16,1.,0.));
#6862=DIRECTION('ref_axis',(1.,-1.08314441426845E-16,0.));
#6863=DIRECTION('',(0.,0.,-1.));
#6864=DIRECTION('center_axis',(0.,0.,-1.));
#6865=DIRECTION('ref_axis',(1.,0.,0.));
#6866=DIRECTION('center_axis',(0.,0.,-1.));
#6867=DIRECTION('ref_axis',(1.,0.,0.));
#6868=DIRECTION('center_axis',(0.,0.,-1.));
#6869=DIRECTION('ref_axis',(1.,0.,0.));
#6870=DIRECTION('',(0.,0.,-1.));
#6871=DIRECTION('center_axis',(-1.,0.,0.));
#6872=DIRECTION('ref_axis',(0.,1.,0.));
#6873=DIRECTION('',(0.,0.,-1.));
#6874=DIRECTION('center_axis',(0.,0.,-1.));
#6875=DIRECTION('ref_axis',(1.,0.,0.));
#6876=DIRECTION('center_axis',(0.,0.,-1.));
#6877=DIRECTION('ref_axis',(1.,0.,0.));
#6878=DIRECTION('center_axis',(0.,0.,-1.));
#6879=DIRECTION('ref_axis',(1.,0.,0.));
#6880=DIRECTION('',(0.,0.,-1.));
#6881=DIRECTION('center_axis',(0.,-1.,0.));
#6882=DIRECTION('ref_axis',(-1.,0.,0.));
#6883=DIRECTION('',(0.,0.,-1.));
#6884=DIRECTION('center_axis',(0.,0.,-1.));
#6885=DIRECTION('ref_axis',(1.,0.,0.));
#6886=DIRECTION('center_axis',(0.,0.,-1.));
#6887=DIRECTION('ref_axis',(1.,0.,0.));
#6888=DIRECTION('center_axis',(0.,0.,-1.));
#6889=DIRECTION('ref_axis',(1.,0.,0.));
#6890=DIRECTION('center_axis',(0.,-1.,0.));
#6891=DIRECTION('ref_axis',(-0.707106781186546,0.,-0.707106781186549));
#6892=DIRECTION('center_axis',(0.,1.,0.));
#6893=DIRECTION('ref_axis',(-0.707106781186546,0.,-0.707106781186549));
#6894=DIRECTION('',(0.,-1.,0.));
#6895=DIRECTION('center_axis',(-0.707106781186548,-0.707106781186548,0.));
#6896=DIRECTION('ref_axis',(-0.707106781186547,0.707106781186547,0.));
#6897=DIRECTION('center_axis',(0.,1.,0.));
#6898=DIRECTION('ref_axis',(0.707106781186546,0.,-0.707106781186549));
#6899=DIRECTION('',(0.,1.,0.));
#6900=DIRECTION('center_axis',(0.,1.,0.));
#6901=DIRECTION('ref_axis',(0.707106781186546,0.,-0.707106781186549));
#6902=DIRECTION('center_axis',(0.707106781186548,-0.707106781186548,0.));
#6903=DIRECTION('ref_axis',(-0.707106781186547,-0.707106781186547,0.));
#6904=DIRECTION('center_axis',(-1.,0.,0.));
#6905=DIRECTION('ref_axis',(0.,0.707106781186546,-0.707106781186549));
#6906=DIRECTION('',(-1.,0.,0.));
#6907=DIRECTION('center_axis',(0.,-1.,0.));
#6908=DIRECTION('ref_axis',(-0.534522483824847,0.,0.845154254728518));
#6909=DIRECTION('',(0.,1.,0.));
#6910=DIRECTION('center_axis',(0.,-1.,0.));
#6911=DIRECTION('ref_axis',(-0.534522483824847,0.,0.845154254728518));
#6912=DIRECTION('',(0.,-1.,0.));
#6913=DIRECTION('center_axis',(0.,1.,0.));
#6914=DIRECTION('ref_axis',(-0.534522483824847,0.,0.845154254728518));
#6915=DIRECTION('center_axis',(0.,-1.,0.));
#6916=DIRECTION('ref_axis',(0.534522483824847,0.,0.845154254728518));
#6917=DIRECTION('',(0.,1.,0.));
#6918=DIRECTION('center_axis',(0.,-1.,0.));
#6919=DIRECTION('ref_axis',(0.534522483824847,0.,0.845154254728518));
#6920=DIRECTION('',(0.,-1.,0.));
#6921=DIRECTION('center_axis',(0.,1.,0.));
#6922=DIRECTION('ref_axis',(0.534522483824847,0.,0.845154254728518));
#6923=DIRECTION('center_axis',(0.,1.,0.));
#6924=DIRECTION('ref_axis',(0.,0.,-1.));
#6925=DIRECTION('center_axis',(0.,-1.,0.));
#6926=DIRECTION('ref_axis',(0.,0.,-1.));
#6927=DIRECTION('center_axis',(0.,1.,0.));
#6928=DIRECTION('ref_axis',(0.,0.,-1.));
#6929=DIRECTION('center_axis',(0.,-1.,0.));
#6930=DIRECTION('ref_axis',(1.,0.,0.));
#6931=DIRECTION('center_axis',(0.,-1.,0.));
#6932=DIRECTION('ref_axis',(1.,0.,0.));
#6933=DIRECTION('center_axis',(-1.,0.,0.));
#6934=DIRECTION('ref_axis',(0.,1.,0.));
#6935=DIRECTION('',(0.,0.,-1.));
#6936=DIRECTION('',(0.,0.,-1.));
#6937=DIRECTION('',(0.,0.,1.));
#6938=DIRECTION('',(0.,0.,1.));
#6939=DIRECTION('center_axis',(0.,-1.,0.));
#6940=DIRECTION('ref_axis',(1.,0.,0.));
#6941=DIRECTION('',(0.,0.,-1.));
#6942=DIRECTION('center_axis',(0.,-1.,0.));
#6943=DIRECTION('ref_axis',(1.,0.,0.));
#6944=DIRECTION('',(0.,0.,1.));
#6945=DIRECTION('center_axis',(1.,0.,0.));
#6946=DIRECTION('ref_axis',(0.,-1.,0.));
#6947=DIRECTION('',(0.,0.,-1.));
#6948=DIRECTION('',(0.,0.,-1.));
#6949=DIRECTION('center_axis',(0.,1.,0.));
#6950=DIRECTION('ref_axis',(1.,0.,0.));
#6951=DIRECTION('center_axis',(0.,-1.,0.));
#6952=DIRECTION('ref_axis',(-1.,0.,0.));
#6953=DIRECTION('center_axis',(1.,0.,0.));
#6954=DIRECTION('ref_axis',(0.,-1.,0.));
#6955=DIRECTION('',(0.,0.,-1.));
#6956=DIRECTION('',(0.,0.,-1.));
#6957=DIRECTION('center_axis',(0.,1.,0.));
#6958=DIRECTION('ref_axis',(1.,0.,0.));
#6959=DIRECTION('',(0.,0.,-1.));
#6960=DIRECTION('center_axis',(-1.,0.,0.));
#6961=DIRECTION('ref_axis',(0.,1.,0.));
#6962=DIRECTION('',(0.,0.,-1.));
#6963=DIRECTION('center_axis',(0.,-1.,0.));
#6964=DIRECTION('ref_axis',(-1.,0.,0.));
#6965=DIRECTION('center_axis',(0.,1.,0.));
#6966=DIRECTION('ref_axis',(-0.707106781186547,0.,0.707106781186547));
#6967=DIRECTION('',(0.,1.,0.));
#6968=DIRECTION('center_axis',(-1.,0.,0.));
#6969=DIRECTION('ref_axis',(0.,0.,1.));
#6970=DIRECTION('',(0.,-1.,0.));
#6971=DIRECTION('center_axis',(0.,1.,0.));
#6972=DIRECTION('ref_axis',(0.707106781186547,0.,0.707106781186547));
#6973=DIRECTION('',(0.,-1.,0.));
#6974=DIRECTION('center_axis',(0.,1.,0.));
#6975=DIRECTION('ref_axis',(-0.707106781186547,0.,-0.707106781186547));
#6976=DIRECTION('center_axis',(0.,1.,0.));
#6977=DIRECTION('ref_axis',(0.707106781186547,0.,-0.707106781186547));
#6978=DIRECTION('',(0.,1.,0.));
#6979=DIRECTION('center_axis',(1.,0.,0.));
#6980=DIRECTION('ref_axis',(0.,0.,-1.));
#6981=DIRECTION('center_axis',(0.991227900682635,0.,0.132163720091018));
#6982=DIRECTION('ref_axis',(0.132163720091018,0.,-0.991227900682635));
#6983=DIRECTION('center_axis',(-0.991227900682635,-3.30351681197364E-16,
0.132163720091018));
#6984=DIRECTION('ref_axis',(0.132163720091018,0.,0.991227900682635));
#6985=DIRECTION('',(0.132163720091018,4.89104034193391E-18,0.991227900682635));
#6986=DIRECTION('center_axis',(-1.,-3.33275204390291E-16,0.));
#6987=DIRECTION('ref_axis',(3.33275204390291E-16,-1.,0.));
#6988=DIRECTION('',(0.,0.,1.));
#6989=DIRECTION('center_axis',(1.,0.,0.));
#6990=DIRECTION('ref_axis',(0.,1.,0.));
#6991=DIRECTION('',(0.,0.,1.));
#6992=DIRECTION('center_axis',(-1.,0.,0.));
#6993=DIRECTION('ref_axis',(0.,-1.,0.));
#6994=DIRECTION('center_axis',(0.,0.,1.));
#6995=DIRECTION('ref_axis',(1.,0.,0.));
#6996=DIRECTION('center_axis',(-1.,0.,0.));
#6997=DIRECTION('ref_axis',(0.,0.,1.));
#6998=DIRECTION('center_axis',(1.,0.,0.));
#6999=DIRECTION('ref_axis',(0.,1.,0.));
#7000=DIRECTION('center_axis',(0.,-1.,1.22464679914735E-16));
#7001=DIRECTION('ref_axis',(0.,-1.22464679914735E-16,-1.));
#7002=DIRECTION('center_axis',(1.,0.,0.));
#7003=DIRECTION('ref_axis',(0.,0.,-1.));
#7004=DIRECTION('center_axis',(-1.,0.,0.));
#7005=DIRECTION('ref_axis',(0.,-1.,0.));
#7006=DIRECTION('center_axis',(0.,-1.,-1.22464679914735E-16));
#7007=DIRECTION('ref_axis',(0.,-1.22464679914735E-16,1.));
#7008=DIRECTION('center_axis',(-1.,0.,0.));
#7009=DIRECTION('ref_axis',(0.,-1.,0.));
#7010=DIRECTION('center_axis',(1.,0.,0.));
#7011=DIRECTION('ref_axis',(0.,-1.,0.));
#7012=DIRECTION('center_axis',(-1.,0.,0.));
#7013=DIRECTION('ref_axis',(0.,1.,0.));
#7014=DIRECTION('center_axis',(-1.,0.,0.));
#7015=DIRECTION('ref_axis',(0.,-1.,0.));
#7016=DIRECTION('center_axis',(1.,0.,0.));
#7017=DIRECTION('ref_axis',(0.,-1.,0.));
#7018=DIRECTION('',(1.,0.,0.));
#7019=DIRECTION('center_axis',(-1.,0.,0.));
#7020=DIRECTION('ref_axis',(0.,-1.,0.));
#7021=DIRECTION('center_axis',(1.,0.,0.));
#7022=DIRECTION('ref_axis',(0.,1.,0.));
#7023=DIRECTION('center_axis',(-1.,0.,0.));
#7024=DIRECTION('ref_axis',(0.,1.,0.));
#7025=DIRECTION('',(-1.,0.,0.));
#7026=DIRECTION('center_axis',(1.,0.,0.));
#7027=DIRECTION('ref_axis',(0.,1.,0.));
#7028=DIRECTION('center_axis',(1.,0.,0.));
#7029=DIRECTION('ref_axis',(0.,1.,0.));
#7030=DIRECTION('center_axis',(1.,0.,0.));
#7031=DIRECTION('ref_axis',(0.,1.,0.));
#7032=DIRECTION('',(1.,0.,0.));
#7033=DIRECTION('center_axis',(-1.,0.,0.));
#7034=DIRECTION('ref_axis',(0.,1.,0.));
#7035=DIRECTION('center_axis',(1.,0.,0.));
#7036=DIRECTION('ref_axis',(0.,1.,0.));
#7037=DIRECTION('center_axis',(1.,0.,0.));
#7038=DIRECTION('ref_axis',(0.,1.,0.));
#7039=DIRECTION('',(1.,0.,0.));
#7040=DIRECTION('center_axis',(-1.,0.,0.));
#7041=DIRECTION('ref_axis',(0.,1.,0.));
#7042=DIRECTION('center_axis',(0.,0.,-1.));
#7043=DIRECTION('ref_axis',(-1.,0.,0.));
#7044=DIRECTION('',(1.,0.,0.));
#7045=DIRECTION('',(0.,1.,0.));
#7046=DIRECTION('',(-1.,-2.77555756156289E-16,0.));
#7047=DIRECTION('',(0.,-1.,0.));
#7048=DIRECTION('center_axis',(0.,0.,1.));
#7049=DIRECTION('ref_axis',(1.,0.,0.));
#7050=DIRECTION('',(1.,2.77555756156289E-16,0.));
#7051=DIRECTION('',(0.,-1.,0.));
#7052=DIRECTION('',(-1.,0.,0.));
#7053=DIRECTION('',(0.,1.,0.));
#7054=DIRECTION('center_axis',(0.,0.,-1.));
#7055=DIRECTION('ref_axis',(-1.,0.,0.));
#7056=DIRECTION('',(-1.,1.38777878078145E-16,0.));
#7057=DIRECTION('',(0.,-1.,0.));
#7058=DIRECTION('',(1.,1.38777878078145E-16,0.));
#7059=DIRECTION('',(0.,1.,0.));
#7060=DIRECTION('center_axis',(0.,0.,1.));
#7061=DIRECTION('ref_axis',(1.,0.,0.));
#7062=DIRECTION('',(-1.,-1.38777878078145E-16,0.));
#7063=DIRECTION('',(0.,1.,0.));
#7064=DIRECTION('',(1.,-1.38777878078145E-16,0.));
#7065=DIRECTION('',(0.,-1.,0.));
#7066=DIRECTION('center_axis',(0.,0.,1.));
#7067=DIRECTION('ref_axis',(1.,0.,0.));
#7068=DIRECTION('',(0.,1.,0.));
#7069=DIRECTION('',(1.,8.3790416952842E-16,0.));
#7070=DIRECTION('',(0.,-1.,0.));
#7071=DIRECTION('',(-1.,5.86532918669894E-16,0.));
#7072=DIRECTION('center_axis',(0.,0.,1.));
#7073=DIRECTION('ref_axis',(1.,0.,0.));
#7074=DIRECTION('',(0.,-1.,0.));
#7075=DIRECTION('',(-1.,5.86532918669894E-16,0.));
#7076=DIRECTION('',(0.,-1.,0.));
#7077=DIRECTION('',(1.,8.3790416952842E-16,0.));
#7078=DIRECTION('center_axis',(0.,0.,1.));
#7079=DIRECTION('ref_axis',(1.,0.,0.));
#7080=DIRECTION('',(0.,-1.,0.));
#7081=DIRECTION('',(-1.,-7.96008961051999E-16,0.));
#7082=DIRECTION('',(0.,1.,0.));
#7083=DIRECTION('',(1.,-6.28428127146315E-16,0.));
#7084=DIRECTION('center_axis',(0.,0.,1.));
#7085=DIRECTION('ref_axis',(1.,0.,0.));
#7086=DIRECTION('',(0.,1.,0.));
#7087=DIRECTION('',(1.,-6.28428127146315E-16,0.));
#7088=DIRECTION('',(0.,1.,0.));
#7089=DIRECTION('',(-1.,-7.96008961051999E-16,0.));
#7090=DIRECTION('center_axis',(0.,0.,1.));
#7091=DIRECTION('ref_axis',(1.,0.,0.));
#7092=DIRECTION('',(0.,1.,0.));
#7093=DIRECTION('',(1.,-6.28428127146315E-16,0.));
#7094=DIRECTION('',(0.,-1.,0.));
#7095=DIRECTION('',(1.,7.96008961051999E-16,0.));
#7096=DIRECTION('center_axis',(0.,0.,1.));
#7097=DIRECTION('ref_axis',(1.,0.,0.));
#7098=DIRECTION('',(0.,-1.,0.));
#7099=DIRECTION('',(-1.,5.86532918669894E-16,0.));
#7100=DIRECTION('',(0.,1.,0.));
#7101=DIRECTION('',(-1.,-8.3790416952842E-16,0.));
#7102=DIRECTION('center_axis',(-5.86532918669894E-16,-1.,0.));
#7103=DIRECTION('ref_axis',(1.,-5.86532918669894E-16,0.));
#7104=DIRECTION('',(0.,0.,1.));
#7105=DIRECTION('',(-1.,5.86532918669894E-16,0.));
#7106=DIRECTION('',(0.,0.,-1.));
#7107=DIRECTION('center_axis',(-8.3790416952842E-16,1.,0.));
#7108=DIRECTION('ref_axis',(-1.,-8.3790416952842E-16,0.));
#7109=DIRECTION('',(0.,0.,1.));
#7110=DIRECTION('',(-1.,-8.3790416952842E-16,0.));
#7111=DIRECTION('',(0.,0.,1.));
#7112=DIRECTION('center_axis',(-1.,0.,0.));
#7113=DIRECTION('ref_axis',(0.,-1.,0.));
#7114=DIRECTION('',(0.,0.,-1.));
#7115=DIRECTION('',(0.,0.,1.));
#7116=DIRECTION('',(0.,1.,0.));
#7117=DIRECTION('center_axis',(-2.77555756156289E-16,1.,0.));
#7118=DIRECTION('ref_axis',(-1.,-2.77555756156289E-16,0.));
#7119=DIRECTION('',(0.,0.,1.));
#7120=DIRECTION('center_axis',(1.,0.,0.));
#7121=DIRECTION('ref_axis',(0.,1.,0.));
#7122=DIRECTION('',(0.,0.,1.));
#7123=DIRECTION('',(0.,0.,1.));
#7124=DIRECTION('',(0.,0.,1.));
#7125=DIRECTION('center_axis',(-8.3790416952842E-16,1.,0.));
#7126=DIRECTION('ref_axis',(-1.,-8.3790416952842E-16,0.));
#7127=DIRECTION('',(0.,0.,1.));
#7128=DIRECTION('center_axis',(1.,0.,0.));
#7129=DIRECTION('ref_axis',(0.,1.,0.));
#7130=DIRECTION('',(0.,0.,1.));
#7131=DIRECTION('center_axis',(-5.86532918669894E-16,-1.,0.));
#7132=DIRECTION('ref_axis',(1.,-5.86532918669894E-16,0.));
#7133=DIRECTION('center_axis',(0.,-1.,0.));
#7134=DIRECTION('ref_axis',(1.,0.,0.));
#7135=DIRECTION('center_axis',(1.38777878078145E-16,1.,0.));
#7136=DIRECTION('ref_axis',(-1.,1.38777878078145E-16,0.));
#7137=DIRECTION('',(0.,0.,1.));
#7138=DIRECTION('',(0.,0.,1.));
#7139=DIRECTION('center_axis',(6.28428127146315E-16,1.,0.));
#7140=DIRECTION('ref_axis',(-1.,6.28428127146315E-16,0.));
#7141=DIRECTION('',(0.,0.,1.));
#7142=DIRECTION('',(1.,-6.28428127146315E-16,0.));
#7143=DIRECTION('',(0.,0.,-1.));
#7144=DIRECTION('center_axis',(7.96008961051999E-16,-1.,0.));
#7145=DIRECTION('ref_axis',(1.,7.96008961051999E-16,0.));
#7146=DIRECTION('',(0.,0.,1.));
#7147=DIRECTION('',(1.,7.96008961051999E-16,0.));
#7148=DIRECTION('',(0.,0.,1.));
#7149=DIRECTION('center_axis',(1.,0.,0.));
#7150=DIRECTION('ref_axis',(0.,1.,0.));
#7151=DIRECTION('',(0.,0.,1.));
#7152=DIRECTION('',(0.,-1.,0.));
#7153=DIRECTION('center_axis',(1.38777878078145E-16,-1.,0.));
#7154=DIRECTION('ref_axis',(1.,1.38777878078145E-16,0.));
#7155=DIRECTION('',(0.,0.,1.));
#7156=DIRECTION('center_axis',(-1.,0.,0.));
#7157=DIRECTION('ref_axis',(0.,-1.,0.));
#7158=DIRECTION('',(0.,0.,1.));
#7159=DIRECTION('',(0.,0.,1.));
#7160=DIRECTION('center_axis',(7.96008961051999E-16,-1.,0.));
#7161=DIRECTION('ref_axis',(1.,7.96008961051999E-16,0.));
#7162=DIRECTION('',(0.,0.,1.));
#7163=DIRECTION('center_axis',(-1.,0.,0.));
#7164=DIRECTION('ref_axis',(0.,-1.,0.));
#7165=DIRECTION('',(0.,0.,1.));
#7166=DIRECTION('center_axis',(6.28428127146315E-16,1.,0.));
#7167=DIRECTION('ref_axis',(-1.,6.28428127146315E-16,0.));
#7168=DIRECTION('center_axis',(-1.,0.,0.));
#7169=DIRECTION('ref_axis',(0.,-1.,0.));
#7170=DIRECTION('',(0.,1.,0.));
#7171=DIRECTION('',(0.,0.,1.));
#7172=DIRECTION('',(0.,1.,0.));
#7173=DIRECTION('center_axis',(1.,0.,0.));
#7174=DIRECTION('ref_axis',(0.,1.,0.));
#7175=DIRECTION('',(0.,-1.,0.));
#7176=DIRECTION('',(0.,-1.,0.));
#7177=DIRECTION('center_axis',(3.70074354638746E-17,-1.,0.));
#7178=DIRECTION('ref_axis',(-1.,-3.70074354638746E-17,0.));
#7179=DIRECTION('',(-1.,-3.70074354638746E-17,0.));
#7180=DIRECTION('center_axis',(1.48029736616688E-16,-1.,0.));
#7181=DIRECTION('ref_axis',(0.707106781186548,0.,-0.707106781186547));
#7182=DIRECTION('center_axis',(4.29763751467803E-16,1.,0.));
#7183=DIRECTION('ref_axis',(0.707106781186548,0.,-0.707106781186547));
#7184=DIRECTION('',(-1.48029736616688E-16,1.,0.));
#7185=DIRECTION('center_axis',(0.,-1.,0.));
#7186=DIRECTION('ref_axis',(0.707106781186548,0.,-0.707106781186547));
#7187=DIRECTION('',(1.48029736616688E-16,-1.,0.));
#7188=DIRECTION('center_axis',(4.29763751467803E-16,1.,0.));
#7189=DIRECTION('ref_axis',(-1.,4.29763751467803E-16,0.));
#7190=DIRECTION('',(-1.,4.29763751467803E-16,0.));
#7191=DIRECTION('center_axis',(4.29763751467803E-16,1.,0.));
#7192=DIRECTION('ref_axis',(-0.707106781186548,0.,-0.707106781186547));
#7193=DIRECTION('',(0.,0.,-1.));
#7194=DIRECTION('',(1.,-4.29763751467803E-16,0.));
#7195=DIRECTION('',(0.,0.,-1.));
#7196=DIRECTION('center_axis',(0.,0.,1.));
#7197=DIRECTION('ref_axis',(1.,0.,0.));
#7198=DIRECTION('',(1.,0.,0.));
#7199=DIRECTION('',(0.,1.,0.));
#7200=DIRECTION('center_axis',(0.,1.,0.));
#7201=DIRECTION('ref_axis',(-0.707106781186548,0.,-0.707106781186547));
#7202=DIRECTION('center_axis',(0.,-1.,0.));
#7203=DIRECTION('ref_axis',(-0.707106781186548,0.,-0.707106781186547));
#7204=DIRECTION('',(0.,-1.,0.));
#7205=DIRECTION('center_axis',(0.,-1.,0.));
#7206=DIRECTION('ref_axis',(1.,0.,0.));
#7207=DIRECTION('',(0.,0.,-1.));
#7208=DIRECTION('',(-1.,0.,0.));
#7209=DIRECTION('',(0.,0.,1.));
#7210=DIRECTION('center_axis',(0.,0.,1.));
#7211=DIRECTION('ref_axis',(1.,0.,0.));
#7212=DIRECTION('',(1.48029736616688E-16,-1.,0.));
#7213=DIRECTION('',(1.,0.,0.));
#7214=DIRECTION('',(0.,1.,0.));
#7215=DIRECTION('center_axis',(-1.,-1.48029736616688E-16,0.));
#7216=DIRECTION('ref_axis',(1.48029736616688E-16,-1.,0.));
#7217=DIRECTION('',(-1.48029736616688E-16,1.,0.));
#7218=DIRECTION('',(0.,0.,1.));
#7219=DIRECTION('center_axis',(1.,0.,0.));
#7220=DIRECTION('ref_axis',(0.,1.,0.));
#7221=DIRECTION('',(0.,0.,1.));
#7222=DIRECTION('',(0.,-1.,0.));
#7223=DIRECTION('center_axis',(0.,1.,0.));
#7224=DIRECTION('ref_axis',(-1.,0.,0.));
#7225=DIRECTION('',(1.,0.,0.));
#7226=DIRECTION('',(1.,0.,0.));
#7227=DIRECTION('center_axis',(0.,-1.,0.));
#7228=DIRECTION('ref_axis',(1.,0.,0.));
#7229=DIRECTION('',(-1.,0.,0.));
#7230=DIRECTION('center_axis',(0.,0.,1.));
#7231=DIRECTION('ref_axis',(1.,0.,0.));
#7232=DIRECTION('center_axis',(0.,0.,1.));
#7233=DIRECTION('ref_axis',(1.,0.,0.));
#7234=DIRECTION('center_axis',(1.,0.,0.));
#7235=DIRECTION('ref_axis',(0.,-1.,0.));
#7236=DIRECTION('center_axis',(-1.,0.,0.));
#7237=DIRECTION('ref_axis',(0.,-0.998758526924799,-0.0498137018801593));
#7238=DIRECTION('center_axis',(1.,0.,0.));
#7239=DIRECTION('ref_axis',(0.,-0.998758526924799,-0.0498137018801593));
#7240=DIRECTION('',(1.,0.,0.));
#7241=DIRECTION('center_axis',(-1.,0.,0.));
#7242=DIRECTION('ref_axis',(0.,-0.998758526924799,-0.0498137018801593));
#7243=DIRECTION('',(-1.,0.,0.));
#7244=DIRECTION('center_axis',(1.,0.,0.));
#7245=DIRECTION('ref_axis',(0.,-1.,0.));
#7246=DIRECTION('',(0.,-0.0995037190209986,0.995037190209989));
#7247=DIRECTION('',(0.,-1.,0.));
#7248=DIRECTION('',(0.,0.,-1.));
#7249=DIRECTION('center_axis',(1.,0.,0.));
#7250=DIRECTION('ref_axis',(0.,-0.707106781186547,0.707106781186547));
#7251=DIRECTION('',(0.,1.,0.));
#7252=DIRECTION('',(0.,0.,-1.));
#7253=DIRECTION('center_axis',(0.,-0.995037190209989,-0.0995037190209986));
#7254=DIRECTION('ref_axis',(0.,0.0995037190209986,-0.995037190209989));
#7255=DIRECTION('',(0.,0.0995037190209986,-0.995037190209989));
#7256=DIRECTION('',(1.,0.,0.));
#7257=DIRECTION('center_axis',(1.,0.,0.));
#7258=DIRECTION('ref_axis',(0.,0.998758526924799,-0.0498137018801599));
#7259=DIRECTION('center_axis',(1.,-1.77635683940025E-15,0.));
#7260=DIRECTION('ref_axis',(0.,0.998758526924799,-0.0498137018801599));
#7261=DIRECTION('',(1.,0.,0.));
#7262=DIRECTION('center_axis',(-1.,0.,0.));
#7263=DIRECTION('ref_axis',(0.,1.,0.));
#7264=DIRECTION('',(-1.,0.,0.));
#7265=DIRECTION('center_axis',(0.,0.,-1.));
#7266=DIRECTION('ref_axis',(0.707106781186547,0.707106781186547,0.));
#7267=DIRECTION('center_axis',(0.,1.,0.));
#7268=DIRECTION('ref_axis',(1.,0.,0.));
#7269=DIRECTION('center_axis',(0.,0.,1.));
#7270=DIRECTION('ref_axis',(0.707106781186548,0.707106781186548,0.));
#7271=DIRECTION('center_axis',(0.,-1.,0.));
#7272=DIRECTION('ref_axis',(0.998758526924799,0.,-0.0498137018801593));
#7273=DIRECTION('center_axis',(4.35207425653061E-14,1.,0.));
#7274=DIRECTION('ref_axis',(0.998758526924799,0.,-0.0498137018801593));
#7275=DIRECTION('',(0.,1.,0.));
#7276=DIRECTION('',(0.,-1.,0.));
#7277=DIRECTION('center_axis',(-4.35207425653061E-14,-1.,0.));
#7278=DIRECTION('ref_axis',(-1.,4.35207425653061E-14,0.));
#7279=DIRECTION('',(0.,0.,-1.));
#7280=DIRECTION('',(1.,-4.35207425653061E-14,0.));
#7281=DIRECTION('center_axis',(-4.35207425653061E-14,-1.,0.));
#7282=DIRECTION('ref_axis',(0.707106781186547,0.,0.707106781186547));
#7283=DIRECTION('',(0.,0.,-1.));
#7284=DIRECTION('',(-1.,4.35207425653061E-14,0.));
#7285=DIRECTION('',(-0.0995037190209986,4.33047573980343E-15,-0.995037190209989));
#7286=DIRECTION('center_axis',(1.,0.,0.));
#7287=DIRECTION('ref_axis',(0.,-1.,0.));
#7288=DIRECTION('',(0.,0.,-1.));
#7289=DIRECTION('',(0.,1.,0.));
#7290=DIRECTION('center_axis',(0.,0.,-1.));
#7291=DIRECTION('ref_axis',(0.707106781186547,0.707106781186547,0.));
#7292=DIRECTION('',(0.,0.,1.));
#7293=DIRECTION('center_axis',(0.,0.,1.));
#7294=DIRECTION('ref_axis',(0.707106781186547,0.707106781186547,0.));
#7295=DIRECTION('center_axis',(0.,1.,0.));
#7296=DIRECTION('ref_axis',(1.,0.,0.));
#7297=DIRECTION('',(0.,0.,-1.));
#7298=DIRECTION('',(-1.,0.,0.));
#7299=DIRECTION('center_axis',(-9.60192886162298E-17,1.,0.));
#7300=DIRECTION('ref_axis',(-0.998758526924799,-1.34739763622048E-16,-0.0498137018801599));
#7301=DIRECTION('center_axis',(4.35207425653061E-14,1.,0.));
#7302=DIRECTION('ref_axis',(-0.998758526924799,-1.34739763622048E-16,-0.0498137018801599));
#7303=DIRECTION('',(-9.60192886162298E-17,1.,0.));
#7304=DIRECTION('center_axis',(0.,-1.,0.));
#7305=DIRECTION('ref_axis',(-1.,0.,0.));
#7306=DIRECTION('',(9.60192886162298E-17,-1.,0.));
#7307=DIRECTION('center_axis',(0.,0.,-1.));
#7308=DIRECTION('ref_axis',(-0.707106781186547,0.707106781186547,0.));
#7309=DIRECTION('center_axis',(-1.,0.,0.));
#7310=DIRECTION('ref_axis',(0.,1.,0.));
#7311=DIRECTION('center_axis',(0.,0.,1.));
#7312=DIRECTION('ref_axis',(-0.707106781186548,0.707106781186548,0.));
#7313=DIRECTION('center_axis',(1.,0.,0.));
#7314=DIRECTION('ref_axis',(0.,0.998758526924799,-0.0498137018801599));
#7315=DIRECTION('center_axis',(-1.,1.77635683940025E-15,0.));
#7316=DIRECTION('ref_axis',(0.,0.998758526924799,-0.0498137018801599));
#7317=DIRECTION('',(-1.,0.,0.));
#7318=DIRECTION('',(1.,0.,0.));
#7319=DIRECTION('center_axis',(1.,-1.77635683940025E-15,0.));
#7320=DIRECTION('ref_axis',(-1.77635683940025E-15,-1.,0.));
#7321=DIRECTION('',(0.,0.,-1.));
#7322=DIRECTION('',(1.77635683940025E-15,1.,0.));
#7323=DIRECTION('center_axis',(1.,-1.77635683940025E-15,0.));
#7324=DIRECTION('ref_axis',(0.,0.707106781186547,0.707106781186547));
#7325=DIRECTION('',(0.,0.,-1.));
#7326=DIRECTION('',(-1.77635683940025E-15,-1.,0.));
#7327=DIRECTION('',(-1.76754111828712E-16,-0.0995037190209986,-0.995037190209989));
#7328=DIRECTION('center_axis',(0.,1.,0.));
#7329=DIRECTION('ref_axis',(1.,0.,0.));
#7330=DIRECTION('',(0.,0.,-1.));
#7331=DIRECTION('',(-1.,0.,0.));
#7332=DIRECTION('center_axis',(0.,0.,-1.));
#7333=DIRECTION('ref_axis',(-0.707106781186547,0.707106781186547,0.));
#7334=DIRECTION('',(0.,0.,1.));
#7335=DIRECTION('center_axis',(0.,0.,1.));
#7336=DIRECTION('ref_axis',(-0.707106781186547,0.707106781186547,0.));
#7337=DIRECTION('center_axis',(-1.,-9.60192886162298E-17,0.));
#7338=DIRECTION('ref_axis',(-9.60192886162298E-17,1.,0.));
#7339=DIRECTION('',(0.,0.,-1.));
#7340=DIRECTION('',(9.60192886162298E-17,-1.,0.));
#7341=DIRECTION('center_axis',(-1.,0.,0.));
#7342=DIRECTION('ref_axis',(0.,1.,0.));
#7343=DIRECTION('',(0.,0.,-1.));
#7344=DIRECTION('',(0.,-1.,0.));
#7345=DIRECTION('center_axis',(-1.,0.,0.));
#7346=DIRECTION('ref_axis',(0.,-0.707106781186547,0.707106781186547));
#7347=DIRECTION('',(0.,0.,-1.));
#7348=DIRECTION('',(0.,1.,0.));
#7349=DIRECTION('center_axis',(0.,-1.,0.));
#7350=DIRECTION('ref_axis',(-1.,0.,0.));
#7351=DIRECTION('',(1.,0.,0.));
#7352=DIRECTION('center_axis',(0.,0.995037190209989,-0.0995037190209986));
#7353=DIRECTION('ref_axis',(0.,0.0995037190209986,0.995037190209989));
#7354=DIRECTION('',(0.,-0.0995037190209986,-0.995037190209989));
#7355=DIRECTION('',(-1.,0.,0.));
#7356=DIRECTION('',(1.76754111828712E-16,0.0995037190209986,0.995037190209989));
#7357=DIRECTION('center_axis',(0.,0.,1.));
#7358=DIRECTION('ref_axis',(0.707106781186548,0.707106781186548,0.));
#7359=DIRECTION('',(-0.0995037190210003,0.,-0.995037190209989));
#7360=DIRECTION('center_axis',(0.,0.,1.));
#7361=DIRECTION('ref_axis',(0.707106781186548,0.707106781186548,0.));
#7362=DIRECTION('center_axis',(0.995037190209989,0.,-0.0995037190209986));
#7363=DIRECTION('ref_axis',(-0.0995037190209986,0.,-0.995037190209989));
#7364=DIRECTION('',(0.,1.,0.));
#7365=DIRECTION('center_axis',(0.,0.995037190209989,-0.0995037190209986));
#7366=DIRECTION('ref_axis',(0.,0.0995037190209986,0.995037190209989));
#7367=DIRECTION('',(-1.,0.,0.));
#7368=DIRECTION('',(0.,0.0995037190209986,0.995037190209989));
#7369=DIRECTION('center_axis',(0.,0.,1.));
#7370=DIRECTION('ref_axis',(-0.707106781186548,0.707106781186548,0.));
#7371=DIRECTION('center_axis',(0.,0.,1.));
#7372=DIRECTION('ref_axis',(-0.707106781186548,0.707106781186548,0.));
#7373=DIRECTION('',(-0.0995037190210003,0.,0.995037190209989));
#7374=DIRECTION('center_axis',(-0.995037190209989,-9.55427631506553E-17,
-0.0995037190209986));
#7375=DIRECTION('ref_axis',(-0.0995037190209986,0.,0.995037190209989));
#7376=DIRECTION('',(9.60192886162298E-17,-1.,0.));
#7377=DIRECTION('',(-0.0995037190209986,4.33047573980343E-15,0.995037190209989));
#7378=DIRECTION('center_axis',(0.,0.,-1.));
#7379=DIRECTION('ref_axis',(-1.,0.,0.));
#7380=DIRECTION('',(-1.,0.,0.));
#7381=DIRECTION('center_axis',(0.,0.,-1.));
#7382=DIRECTION('ref_axis',(-0.707106781186547,0.707106781186547,0.));
#7383=DIRECTION('',(3.27140314424443E-16,-1.,0.));
#7384=DIRECTION('',(-1.,4.35207425653061E-14,0.));
#7385=DIRECTION('center_axis',(-1.,0.,0.));
#7386=DIRECTION('ref_axis',(0.,-1.,0.));
#7387=DIRECTION('',(0.,1.,0.));
#7388=DIRECTION('',(0.,0.,1.));
#7389=DIRECTION('',(0.,-1.,0.));
#7390=DIRECTION('',(0.,0.,1.));
#7391=DIRECTION('center_axis',(0.,-1.,0.));
#7392=DIRECTION('ref_axis',(1.,0.,0.));
#7393=DIRECTION('',(-1.,0.,0.));
#7394=DIRECTION('',(1.,0.,0.));
#7395=DIRECTION('',(0.,0.,1.));
#7396=DIRECTION('center_axis',(1.,0.,0.));
#7397=DIRECTION('ref_axis',(0.,1.,0.));
#7398=DIRECTION('',(0.,-1.,0.));
#7399=DIRECTION('',(0.,1.,0.));
#7400=DIRECTION('',(0.,0.,1.));
#7401=DIRECTION('center_axis',(0.,0.,1.));
#7402=DIRECTION('ref_axis',(-1.,0.,0.));
#7403=DIRECTION('center_axis',(0.,0.,1.));
#7404=DIRECTION('ref_axis',(-1.,0.,0.));
#7405=DIRECTION('center_axis',(0.,0.,-1.));
#7406=DIRECTION('ref_axis',(-1.,0.,0.));
#7407=DIRECTION('',(0.,0.,1.));
#7408=DIRECTION('center_axis',(0.,1.,0.));
#7409=DIRECTION('ref_axis',(-1.,0.,0.));
#7410=DIRECTION('',(1.,0.,0.));
#7411=DIRECTION('',(-1.,0.,0.));
#7412=DIRECTION('',(0.,0.,1.));
#7413=DIRECTION('center_axis',(0.,0.,1.));
#7414=DIRECTION('ref_axis',(0.,-1.,0.));
#7415=DIRECTION('center_axis',(0.,0.,1.));
#7416=DIRECTION('ref_axis',(0.,-1.,0.));
#7417=DIRECTION('center_axis',(0.,0.,-1.));
#7418=DIRECTION('ref_axis',(0.,-1.,0.));
#7419=DIRECTION('center_axis',(0.,0.,1.));
#7420=DIRECTION('ref_axis',(-1.,0.,0.));
#7421=DIRECTION('',(-1.,0.,0.));
#7422=DIRECTION('',(0.,-1.,0.));
#7423=DIRECTION('center_axis',(0.,0.,1.));
#7424=DIRECTION('ref_axis',(-1.,0.,0.));
#7425=DIRECTION('',(1.,0.,0.));
#7426=DIRECTION('center_axis',(0.,0.,1.));
#7427=DIRECTION('ref_axis',(0.,-1.,0.));
#7428=DIRECTION('',(0.,1.,0.));
#7429=DIRECTION('center_axis',(0.,0.,-1.));
#7430=DIRECTION('ref_axis',(0.707106781186547,0.707106781186547,0.));
#7431=DIRECTION('center_axis',(0.,0.,1.));
#7432=DIRECTION('ref_axis',(1.,0.,0.));
#7433=DIRECTION('',(0.,0.,-1.));
#7434=DIRECTION('center_axis',(0.,0.,-1.));
#7435=DIRECTION('ref_axis',(0.707106781186547,0.707106781186547,0.));
#7436=DIRECTION('',(0.,0.,1.));
#7437=DIRECTION('center_axis',(0.408248290463864,-0.816496580927727,0.408248290463861));
#7438=DIRECTION('ref_axis',(0.577350269189625,0.577350269189625,0.577350269189628));
#7439=DIRECTION('center_axis',(0.,-1.,0.));
#7440=DIRECTION('ref_axis',(0.707106781186547,0.,0.707106781186547));
#7441=DIRECTION('center_axis',(-1.,0.,0.));
#7442=DIRECTION('ref_axis',(0.,0.707106781186547,0.707106781186547));
#7443=DIRECTION('center_axis',(-1.,0.,0.));
#7444=DIRECTION('ref_axis',(0.,1.,0.));
#7445=DIRECTION('',(0.,1.,0.));
#7446=DIRECTION('',(0.,-1.,0.));
#7447=DIRECTION('center_axis',(0.,0.,-1.));
#7448=DIRECTION('ref_axis',(-0.707106781186547,0.707106781186547,0.));
#7449=DIRECTION('center_axis',(0.,0.,1.));
#7450=DIRECTION('ref_axis',(0.,1.,0.));
#7451=DIRECTION('',(0.,0.,-1.));
#7452=DIRECTION('',(0.,0.,1.));
#7453=DIRECTION('center_axis',(-0.408248290463864,-0.816496580927727,0.408248290463861));
#7454=DIRECTION('ref_axis',(-0.577350269189625,0.577350269189625,0.577350269189628));
#7455=DIRECTION('center_axis',(1.,0.,0.));
#7456=DIRECTION('ref_axis',(0.,0.707106781186547,0.707106781186547));
#7457=DIRECTION('center_axis',(3.27140314424443E-16,-1.,0.));
#7458=DIRECTION('ref_axis',(-0.707106781186547,0.,0.707106781186547));
#7459=DIRECTION('center_axis',(0.,-1.,0.));
#7460=DIRECTION('ref_axis',(-1.,0.,0.));
#7461=DIRECTION('',(1.,0.,0.));
#7462=DIRECTION('center_axis',(-3.27140314424443E-16,1.,0.));
#7463=DIRECTION('ref_axis',(-0.707106781186547,0.,0.707106781186547));
#7464=DIRECTION('',(3.27140314424443E-16,-1.,0.));
#7465=DIRECTION('center_axis',(-4.35207425653061E-14,-1.,0.));
#7466=DIRECTION('ref_axis',(-0.707106781186547,0.,0.707106781186547));
#7467=DIRECTION('',(-3.27140314424443E-16,1.,0.));
#7468=DIRECTION('center_axis',(1.,0.,0.));
#7469=DIRECTION('ref_axis',(0.,0.707106781186547,0.707106781186547));
#7470=DIRECTION('',(-1.,0.,0.));
#7471=DIRECTION('center_axis',(0.,0.,1.));
#7472=DIRECTION('ref_axis',(1.,0.,0.));
#7473=DIRECTION('center_axis',(0.,0.,1.));
#7474=DIRECTION('ref_axis',(0.,-1.,0.));
#7475=DIRECTION('',(-1.,0.,0.));
#7476=DIRECTION('center_axis',(0.,0.,1.));
#7477=DIRECTION('ref_axis',(-1.,0.,0.));
#7478=DIRECTION('',(0.,1.,0.));
#7479=DIRECTION('',(1.,0.,0.));
#7480=DIRECTION('',(0.,-1.,0.));
#7481=DIRECTION('',(1.,0.,0.));
#7482=DIRECTION('',(1.,-4.35207425653061E-14,0.));
#7483=DIRECTION('',(-1.77635683940025E-15,-1.,0.));
#7484=DIRECTION('',(-1.,0.,0.));
#7485=DIRECTION('',(0.,1.,0.));
#7486=DIRECTION('center_axis',(1.,0.,0.));
#7487=DIRECTION('ref_axis',(0.,0.707106781186547,0.707106781186547));
#7488=DIRECTION('center_axis',(-1.,1.77635683940025E-15,0.));
#7489=DIRECTION('ref_axis',(0.,0.707106781186547,0.707106781186547));
#7490=DIRECTION('',(1.,0.,0.));
#7491=DIRECTION('center_axis',(0.,-1.,0.));
#7492=DIRECTION('ref_axis',(0.707106781186547,0.,0.707106781186547));
#7493=DIRECTION('center_axis',(-1.,0.,0.));
#7494=DIRECTION('ref_axis',(0.,-0.707106781186547,0.707106781186547));
#7495=DIRECTION('',(-1.,0.,0.));
#7496=DIRECTION('center_axis',(0.,1.,0.));
#7497=DIRECTION('ref_axis',(1.,0.,0.));
#7498=DIRECTION('',(1.,0.,0.));
#7499=DIRECTION('center_axis',(-4.35207425653061E-14,-1.,0.));
#7500=DIRECTION('ref_axis',(-1.,4.35207425653061E-14,0.));
#7501=DIRECTION('',(0.,0.,-1.));
#7502=DIRECTION('center_axis',(1.,3.27140314424443E-16,0.));
#7503=DIRECTION('ref_axis',(3.27140314424443E-16,-1.,0.));
#7504=DIRECTION('center_axis',(-1.,1.77635683940025E-15,0.));
#7505=DIRECTION('ref_axis',(1.77635683940025E-15,1.,0.));
#7506=DIRECTION('',(1.77635683940025E-15,1.,0.));
#7507=DIRECTION('',(0.,0.,-1.));
#7508=DIRECTION('center_axis',(0.,-1.,0.));
#7509=DIRECTION('ref_axis',(-1.,0.,0.));
#7510=DIRECTION('',(-1.,0.,0.));
#7511=DIRECTION('center_axis',(0.,0.,-1.));
#7512=DIRECTION('ref_axis',(-1.,0.,0.));
#7513=DIRECTION('center_axis',(0.,0.,-1.));
#7514=DIRECTION('ref_axis',(-1.,0.,0.));
#7515=DIRECTION('center_axis',(0.,-1.,0.));
#7516=DIRECTION('ref_axis',(1.,0.,0.));
#7517=DIRECTION('',(0.,0.,1.));
#7518=DIRECTION('',(0.,0.,1.));
#7519=DIRECTION('center_axis',(0.,0.,1.));
#7520=DIRECTION('ref_axis',(-1.,0.,0.));
#7521=DIRECTION('',(0.,0.,1.));
#7522=DIRECTION('center_axis',(-1.,0.,0.));
#7523=DIRECTION('ref_axis',(0.,-1.,0.));
#7524=DIRECTION('',(0.,0.,1.));
#7525=DIRECTION('center_axis',(0.,1.,0.));
#7526=DIRECTION('ref_axis',(-1.,0.,0.));
#7527=DIRECTION('',(0.,0.,1.));
#7528=DIRECTION('center_axis',(1.,0.,0.));
#7529=DIRECTION('ref_axis',(0.,1.,0.));
#7530=DIRECTION('',(0.,0.,1.));
#7531=DIRECTION('center_axis',(0.,0.,1.));
#7532=DIRECTION('ref_axis',(0.,-1.,0.));
#7533=DIRECTION('center_axis',(0.,0.,1.));
#7534=DIRECTION('ref_axis',(1.,0.,0.));
#7535=CARTESIAN_POINT('',(0.,0.,0.));
#7536=CARTESIAN_POINT('Ctrl Pts',(0.17388927680924,-50.,29.0443811991517));
#7537=CARTESIAN_POINT('Ctrl Pts',(0.17388927680924,-49.5,29.0443811991517));
#7538=CARTESIAN_POINT('Ctrl Pts',(-1.04922582737928,-50.,29.1229997042125));
#7539=CARTESIAN_POINT('Ctrl Pts',(-1.04922582737928,-49.5,29.1229997042125));
#7540=CARTESIAN_POINT('Ctrl Pts',(-3.40830408773393,-50.,29.2746348246645));
#7541=CARTESIAN_POINT('Ctrl Pts',(-3.40830408773393,-49.5,29.2746348246645));
#7542=CARTESIAN_POINT('Ctrl Pts',(-5.34084831377213,-50.,30.6286922381252));
#7543=CARTESIAN_POINT('Ctrl Pts',(-5.34084831377213,-49.5,30.6286922381252));
#7544=CARTESIAN_POINT('Ctrl Pts',(-6.27142322319076,-50.,31.2807093241517));
#7545=CARTESIAN_POINT('Ctrl Pts',(-6.27142322319076,-49.5,31.2807093241517));
#7546=CARTESIAN_POINT('',(0.17388927680924,-50.,29.0443811991517));
#7547=CARTESIAN_POINT('',(-6.27142322319076,-50.,31.2807093241517));
#7548=CARTESIAN_POINT('Ctrl Pts',(0.17388927680924,-50.,29.0443811991517));
#7549=CARTESIAN_POINT('Ctrl Pts',(-1.04922582737928,-50.,29.1229997042125));
#7550=CARTESIAN_POINT('Ctrl Pts',(-3.40830408773393,-50.,29.2746348246645));
#7551=CARTESIAN_POINT('Ctrl Pts',(-5.34084831377213,-50.,30.6286922381252));
#7552=CARTESIAN_POINT('Ctrl Pts',(-6.27142322319076,-50.,31.2807093241517));
#7553=CARTESIAN_POINT('',(0.17388927680924,-49.5,29.0443811991517));
#7554=CARTESIAN_POINT('',(0.17388927680924,-50.,29.0443811991517));
#7555=CARTESIAN_POINT('',(-6.27142322319076,-49.5,31.2807093241517));
#7556=CARTESIAN_POINT('Ctrl Pts',(0.17388927680924,-49.5,29.0443811991517));
#7557=CARTESIAN_POINT('Ctrl Pts',(-1.04922582737928,-49.5,29.1229997042125));
#7558=CARTESIAN_POINT('Ctrl Pts',(-3.40830408773393,-49.5,29.2746348246645));
#7559=CARTESIAN_POINT('Ctrl Pts',(-5.34084831377213,-49.5,30.6286922381252));
#7560=CARTESIAN_POINT('Ctrl Pts',(-6.27142322319076,-49.5,31.2807093241517));
#7561=CARTESIAN_POINT('',(-6.27142322319076,-50.,31.2807093241517));
#7562=CARTESIAN_POINT('Ctrl Pts',(7.02935802680924,-50.,31.7006311991517));
#7563=CARTESIAN_POINT('Ctrl Pts',(7.02935802680924,-49.5,31.7006311991517));
#7564=CARTESIAN_POINT('Ctrl Pts',(6.04243480724585,-50.,30.92597338786));
#7565=CARTESIAN_POINT('Ctrl Pts',(6.04243480724585,-49.5,30.92597338786));
#7566=CARTESIAN_POINT('Ctrl Pts',(4.02952621489759,-50.,29.3459970193148));
#7567=CARTESIAN_POINT('Ctrl Pts',(4.02952621489759,-49.5,29.3459970193148));
#7568=CARTESIAN_POINT('Ctrl Pts',(1.47562179746809,-50.,29.1462121360776));
#7569=CARTESIAN_POINT('Ctrl Pts',(1.47562179746809,-49.5,29.1462121360776));
#7570=CARTESIAN_POINT('Ctrl Pts',(0.17388927680924,-50.,29.0443811991517));
#7571=CARTESIAN_POINT('Ctrl Pts',(0.17388927680924,-49.5,29.0443811991517));
#7572=CARTESIAN_POINT('',(7.02935802680924,-50.,31.7006311991517));
#7573=CARTESIAN_POINT('Ctrl Pts',(7.02935802680924,-50.,31.7006311991517));
#7574=CARTESIAN_POINT('Ctrl Pts',(6.04243480724585,-50.,30.92597338786));
#7575=CARTESIAN_POINT('Ctrl Pts',(4.02952621489759,-50.,29.3459970193148));
#7576=CARTESIAN_POINT('Ctrl Pts',(1.47562179746809,-50.,29.1462121360776));
#7577=CARTESIAN_POINT('Ctrl Pts',(0.17388927680924,-50.,29.0443811991517));
#7578=CARTESIAN_POINT('',(7.02935802680924,-49.5,31.7006311991517));
#7579=CARTESIAN_POINT('',(7.02935802680924,-50.,31.7006311991517));
#7580=CARTESIAN_POINT('Ctrl Pts',(7.02935802680924,-49.5,31.7006311991517));
#7581=CARTESIAN_POINT('Ctrl Pts',(6.04243480724585,-49.5,30.92597338786));
#7582=CARTESIAN_POINT('Ctrl Pts',(4.02952621489759,-49.5,29.3459970193148));
#7583=CARTESIAN_POINT('Ctrl Pts',(1.47562179746809,-49.5,29.1462121360776));
#7584=CARTESIAN_POINT('Ctrl Pts',(0.17388927680924,-49.5,29.0443811991517));
#7585=CARTESIAN_POINT('Ctrl Pts',(9.78326427680924,-50.,38.1264124491517));
#7586=CARTESIAN_POINT('Ctrl Pts',(9.78326427680924,-49.5,38.1264124491517));
#7587=CARTESIAN_POINT('Ctrl Pts',(9.66659708947364,-50.,36.9144413311645));
#7588=CARTESIAN_POINT('Ctrl Pts',(9.66659708947364,-49.5,36.9144413311645));
#7589=CARTESIAN_POINT('Ctrl Pts',(9.43227574586242,-50.,34.4802461879507));
#7590=CARTESIAN_POINT('Ctrl Pts',(9.43227574586242,-49.5,34.4802461879507));
#7591=CARTESIAN_POINT('Ctrl Pts',(7.83257659436811,-50.,32.6297676202473));
#7592=CARTESIAN_POINT('Ctrl Pts',(7.83257659436811,-49.5,32.6297676202473));
#7593=CARTESIAN_POINT('Ctrl Pts',(7.02935802680924,-50.,31.7006311991517));
#7594=CARTESIAN_POINT('Ctrl Pts',(7.02935802680924,-49.5,31.7006311991517));
#7595=CARTESIAN_POINT('',(9.78326427680924,-50.,38.1264124491517));
#7596=CARTESIAN_POINT('Ctrl Pts',(9.78326427680924,-50.,38.1264124491517));
#7597=CARTESIAN_POINT('Ctrl Pts',(9.66659708947364,-50.,36.9144413311645));
#7598=CARTESIAN_POINT('Ctrl Pts',(9.43227574586242,-50.,34.4802461879507));
#7599=CARTESIAN_POINT('Ctrl Pts',(7.83257659436811,-50.,32.6297676202473));
#7600=CARTESIAN_POINT('Ctrl Pts',(7.02935802680924,-50.,31.7006311991517));
#7601=CARTESIAN_POINT('',(9.78326427680924,-49.5,38.1264124491517));
#7602=CARTESIAN_POINT('',(9.78326427680924,-50.,38.1264124491517));
#7603=CARTESIAN_POINT('Ctrl Pts',(9.78326427680924,-49.5,38.1264124491517));
#7604=CARTESIAN_POINT('Ctrl Pts',(9.66659708947364,-49.5,36.9144413311645));
#7605=CARTESIAN_POINT('Ctrl Pts',(9.43227574586242,-49.5,34.4802461879507));
#7606=CARTESIAN_POINT('Ctrl Pts',(7.83257659436811,-49.5,32.6297676202473));
#7607=CARTESIAN_POINT('Ctrl Pts',(7.02935802680924,-49.5,31.7006311991517));
#7608=CARTESIAN_POINT('Ctrl Pts',(8.30865490180924,-50.,42.5600061991517));
#7609=CARTESIAN_POINT('Ctrl Pts',(8.30865490180924,-49.5,42.5600061991517));
#7610=CARTESIAN_POINT('Ctrl Pts',(8.73866384157003,-50.,41.9052778551882));
#7611=CARTESIAN_POINT('Ctrl Pts',(8.73866384157003,-49.5,41.9052778551882));
#7612=CARTESIAN_POINT('Ctrl Pts',(9.62229376598693,-50.,40.559869647136));
#7613=CARTESIAN_POINT('Ctrl Pts',(9.62229376598693,-49.5,40.559869647136));
#7614=CARTESIAN_POINT('Ctrl Pts',(9.7286600128492,-50.,38.9518874911043));
#7615=CARTESIAN_POINT('Ctrl Pts',(9.7286600128492,-49.5,38.9518874911043));
#7616=CARTESIAN_POINT('Ctrl Pts',(9.78326427680924,-50.,38.1264124491517));
#7617=CARTESIAN_POINT('Ctrl Pts',(9.78326427680924,-49.5,38.1264124491517));
#7618=CARTESIAN_POINT('',(8.30865490180924,-50.,42.5600061991517));
#7619=CARTESIAN_POINT('Ctrl Pts',(8.30865490180924,-50.,42.5600061991517));
#7620=CARTESIAN_POINT('Ctrl Pts',(8.73866384157003,-50.,41.9052778551882));
#7621=CARTESIAN_POINT('Ctrl Pts',(9.62229376598693,-50.,40.559869647136));
#7622=CARTESIAN_POINT('Ctrl Pts',(9.7286600128492,-50.,38.9518874911043));
#7623=CARTESIAN_POINT('Ctrl Pts',(9.78326427680924,-50.,38.1264124491517));
#7624=CARTESIAN_POINT('',(8.30865490180924,-49.5,42.5600061991517));
#7625=CARTESIAN_POINT('',(8.30865490180924,-50.,42.5600061991517));
#7626=CARTESIAN_POINT('Ctrl Pts',(8.30865490180924,-49.5,42.5600061991517));
#7627=CARTESIAN_POINT('Ctrl Pts',(8.73866384157003,-49.5,41.9052778551882));
#7628=CARTESIAN_POINT('Ctrl Pts',(9.62229376598693,-49.5,40.559869647136));
#7629=CARTESIAN_POINT('Ctrl Pts',(9.7286600128492,-49.5,38.9518874911043));
#7630=CARTESIAN_POINT('Ctrl Pts',(9.78326427680924,-49.5,38.1264124491517));
#7631=CARTESIAN_POINT('Ctrl Pts',(4.37310802680924,-50.,44.9232874491517));
#7632=CARTESIAN_POINT('Ctrl Pts',(4.37310802680924,-49.5,44.9232874491517));
#7633=CARTESIAN_POINT('Ctrl Pts',(5.14766981808297,-50.,44.6987045374989));
#7634=CARTESIAN_POINT('Ctrl Pts',(5.14766981808297,-49.5,44.6987045374989));
#7635=CARTESIAN_POINT('Ctrl Pts',(6.66917513675308,-50.,44.2575465841737));
#7636=CARTESIAN_POINT('Ctrl Pts',(6.66917513675308,-49.5,44.2575465841737));
#7637=CARTESIAN_POINT('Ctrl Pts',(7.76881517788092,-50.,43.1189638345795));
#7638=CARTESIAN_POINT('Ctrl Pts',(7.76881517788092,-49.5,43.1189638345795));
#7639=CARTESIAN_POINT('Ctrl Pts',(8.30865490180924,-50.,42.5600061991517));
#7640=CARTESIAN_POINT('Ctrl Pts',(8.30865490180924,-49.5,42.5600061991517));
#7641=CARTESIAN_POINT('',(4.37310802680924,-50.,44.9232874491517));
#7642=CARTESIAN_POINT('Ctrl Pts',(4.37310802680924,-50.,44.9232874491517));
#7643=CARTESIAN_POINT('Ctrl Pts',(5.14766981808297,-50.,44.6987045374989));
#7644=CARTESIAN_POINT('Ctrl Pts',(6.66917513675308,-50.,44.2575465841737));
#7645=CARTESIAN_POINT('Ctrl Pts',(7.76881517788092,-50.,43.1189638345795));
#7646=CARTESIAN_POINT('Ctrl Pts',(8.30865490180924,-50.,42.5600061991517));
#7647=CARTESIAN_POINT('',(4.37310802680924,-49.5,44.9232874491517));
#7648=CARTESIAN_POINT('',(4.37310802680924,-50.,44.9232874491517));
#7649=CARTESIAN_POINT('Ctrl Pts',(4.37310802680924,-49.5,44.9232874491517));
#7650=CARTESIAN_POINT('Ctrl Pts',(5.14766981808297,-49.5,44.6987045374989));
#7651=CARTESIAN_POINT('Ctrl Pts',(6.66917513675308,-49.5,44.2575465841737));
#7652=CARTESIAN_POINT('Ctrl Pts',(7.76881517788092,-49.5,43.1189638345795));
#7653=CARTESIAN_POINT('Ctrl Pts',(8.30865490180924,-49.5,42.5600061991517));
#7654=CARTESIAN_POINT('Ctrl Pts',(8.49420177680923,-50.,50.9389124491517));
#7655=CARTESIAN_POINT('Ctrl Pts',(8.49420177680923,-49.5,50.9389124491517));
#7656=CARTESIAN_POINT('Ctrl Pts',(8.28040275627232,-50.,49.7242894203642));
#7657=CARTESIAN_POINT('Ctrl Pts',(8.28040275627232,-49.5,49.7242894203642));
#7658=CARTESIAN_POINT('Ctrl Pts',(7.82174565998508,-50.,47.1185923967377));
#7659=CARTESIAN_POINT('Ctrl Pts',(7.82174565998508,-49.5,47.1185923967377));
#7660=CARTESIAN_POINT('Ctrl Pts',(5.57340449287396,-50.,45.6873621507594));
#7661=CARTESIAN_POINT('Ctrl Pts',(5.57340449287396,-49.5,45.6873621507594));
#7662=CARTESIAN_POINT('Ctrl Pts',(4.37310802680924,-50.,44.9232874491517));
#7663=CARTESIAN_POINT('Ctrl Pts',(4.37310802680924,-49.5,44.9232874491517));
#7664=CARTESIAN_POINT('',(8.49420177680923,-50.,50.9389124491517));
#7665=CARTESIAN_POINT('Ctrl Pts',(8.49420177680923,-50.,50.9389124491517));
#7666=CARTESIAN_POINT('Ctrl Pts',(8.28040275627232,-50.,49.7242894203642));
#7667=CARTESIAN_POINT('Ctrl Pts',(7.82174565998508,-50.,47.1185923967377));
#7668=CARTESIAN_POINT('Ctrl Pts',(5.57340449287396,-50.,45.6873621507594));
#7669=CARTESIAN_POINT('Ctrl Pts',(4.37310802680924,-50.,44.9232874491517));
#7670=CARTESIAN_POINT('',(8.49420177680923,-49.5,50.9389124491517));
#7671=CARTESIAN_POINT('',(8.49420177680923,-50.,50.9389124491517));
#7672=CARTESIAN_POINT('Ctrl Pts',(8.49420177680923,-49.5,50.9389124491517));
#7673=CARTESIAN_POINT('Ctrl Pts',(8.28040275627232,-49.5,49.7242894203642));
#7674=CARTESIAN_POINT('Ctrl Pts',(7.82174565998508,-49.5,47.1185923967377));
#7675=CARTESIAN_POINT('Ctrl Pts',(5.57340449287396,-49.5,45.6873621507594));
#7676=CARTESIAN_POINT('Ctrl Pts',(4.37310802680924,-49.5,44.9232874491517));
#7677=CARTESIAN_POINT('Ctrl Pts',(6.48248302680923,-50.,55.7045374491517));
#7678=CARTESIAN_POINT('Ctrl Pts',(6.48248302680923,-49.5,55.7045374491517));
#7679=CARTESIAN_POINT('Ctrl Pts',(7.06911897602163,-50.,54.990665415327));
#7680=CARTESIAN_POINT('Ctrl Pts',(7.06911897602163,-49.5,54.990665415327));
#7681=CARTESIAN_POINT('Ctrl Pts',(8.21278190247476,-50.,53.5989522405495));
#7682=CARTESIAN_POINT('Ctrl Pts',(8.21278190247476,-49.5,53.5989522405495));
#7683=CARTESIAN_POINT('Ctrl Pts',(8.40202832320342,-50.,51.8101553024927));
#7684=CARTESIAN_POINT('Ctrl Pts',(8.40202832320342,-49.5,51.8101553024927));
#7685=CARTESIAN_POINT('Ctrl Pts',(8.49420177680923,-50.,50.9389124491517));
#7686=CARTESIAN_POINT('Ctrl Pts',(8.49420177680923,-49.5,50.9389124491517));
#7687=CARTESIAN_POINT('',(6.48248302680923,-50.,55.7045374491517));
#7688=CARTESIAN_POINT('Ctrl Pts',(6.48248302680923,-50.,55.7045374491517));
#7689=CARTESIAN_POINT('Ctrl Pts',(7.06911897602163,-50.,54.990665415327));
#7690=CARTESIAN_POINT('Ctrl Pts',(8.21278190247476,-50.,53.5989522405495));
#7691=CARTESIAN_POINT('Ctrl Pts',(8.40202832320342,-50.,51.8101553024927));
#7692=CARTESIAN_POINT('Ctrl Pts',(8.49420177680923,-50.,50.9389124491517));
#7693=CARTESIAN_POINT('',(6.48248302680923,-49.5,55.7045374491517));
#7694=CARTESIAN_POINT('',(6.48248302680923,-50.,55.7045374491517));
#7695=CARTESIAN_POINT('Ctrl Pts',(6.48248302680923,-49.5,55.7045374491517));
#7696=CARTESIAN_POINT('Ctrl Pts',(7.06911897602163,-49.5,54.990665415327));
#7697=CARTESIAN_POINT('Ctrl Pts',(8.21278190247476,-49.5,53.5989522405495));
#7698=CARTESIAN_POINT('Ctrl Pts',(8.40202832320342,-49.5,51.8101553024927));
#7699=CARTESIAN_POINT('Ctrl Pts',(8.49420177680923,-49.5,50.9389124491517));
#7700=CARTESIAN_POINT('Ctrl Pts',(-0.0018919731907685,-50.,58.2826624491517));
#7701=CARTESIAN_POINT('Ctrl Pts',(-0.0018919731907685,-49.5,58.2826624491517));
#7702=CARTESIAN_POINT('Ctrl Pts',(1.26277346882289,-50.,58.1919125879356));
#7703=CARTESIAN_POINT('Ctrl Pts',(1.26277346882289,-49.5,58.1919125879356));
#7704=CARTESIAN_POINT('Ctrl Pts',(3.7025576797211,-50.,58.0168385555625));
#7705=CARTESIAN_POINT('Ctrl Pts',(3.7025576797211,-49.5,58.0168385555625));
#7706=CARTESIAN_POINT('Ctrl Pts',(5.57879557800874,-50.,56.4562114068354));
#7707=CARTESIAN_POINT('Ctrl Pts',(5.57879557800874,-49.5,56.4562114068354));
#7708=CARTESIAN_POINT('Ctrl Pts',(6.48248302680923,-50.,55.7045374491517));
#7709=CARTESIAN_POINT('Ctrl Pts',(6.48248302680923,-49.5,55.7045374491517));
#7710=CARTESIAN_POINT('',(-0.0018919731907685,-50.,58.2826624491517));
#7711=CARTESIAN_POINT('Ctrl Pts',(-0.0018919731907685,-50.,58.2826624491517));
#7712=CARTESIAN_POINT('Ctrl Pts',(1.26277346882289,-50.,58.1919125879356));
#7713=CARTESIAN_POINT('Ctrl Pts',(3.7025576797211,-50.,58.0168385555625));
#7714=CARTESIAN_POINT('Ctrl Pts',(5.57879557800874,-50.,56.4562114068354));
#7715=CARTESIAN_POINT('Ctrl Pts',(6.48248302680923,-50.,55.7045374491517));
#7716=CARTESIAN_POINT('',(-0.0018919731907685,-49.5,58.2826624491517));
#7717=CARTESIAN_POINT('',(-0.0018919731907685,-50.,58.2826624491517));
#7718=CARTESIAN_POINT('Ctrl Pts',(-0.0018919731907685,-49.5,58.2826624491517));
#7719=CARTESIAN_POINT('Ctrl Pts',(1.26277346882289,-49.5,58.1919125879356));
#7720=CARTESIAN_POINT('Ctrl Pts',(3.7025576797211,-49.5,58.0168385555625));
#7721=CARTESIAN_POINT('Ctrl Pts',(5.57879557800874,-49.5,56.4562114068354));
#7722=CARTESIAN_POINT('Ctrl Pts',(6.48248302680923,-49.5,55.7045374491517));
#7723=CARTESIAN_POINT('Ctrl Pts',(-4.26947009819077,-50.,57.3939905741517));
#7724=CARTESIAN_POINT('Ctrl Pts',(-4.26947009819077,-49.5,57.3939905741517));
#7725=CARTESIAN_POINT('Ctrl Pts',(-3.60428232754928,-50.,57.6531201655658));
#7726=CARTESIAN_POINT('Ctrl Pts',(-3.60428232754928,-49.5,57.6531201655658));
#7727=CARTESIAN_POINT('Ctrl Pts',(-2.23221121214719,-50.,58.187622216291));
#7728=CARTESIAN_POINT('Ctrl Pts',(-2.23221121214719,-49.5,58.187622216291));
#7729=CARTESIAN_POINT('Ctrl Pts',(-0.760242169757395,-50.,58.2503469949276));
#7730=CARTESIAN_POINT('Ctrl Pts',(-0.760242169757395,-49.5,58.2503469949276));
#7731=CARTESIAN_POINT('Ctrl Pts',(-0.0018919731907685,-50.,58.2826624491517));
#7732=CARTESIAN_POINT('Ctrl Pts',(-0.0018919731907685,-49.5,58.2826624491517));
#7733=CARTESIAN_POINT('',(-4.26947009819077,-50.,57.3939905741517));
#7734=CARTESIAN_POINT('Ctrl Pts',(-4.26947009819077,-50.,57.3939905741517));
#7735=CARTESIAN_POINT('Ctrl Pts',(-3.60428232754928,-50.,57.6531201655658));
#7736=CARTESIAN_POINT('Ctrl Pts',(-2.23221121214719,-50.,58.187622216291));
#7737=CARTESIAN_POINT('Ctrl Pts',(-0.760242169757395,-50.,58.2503469949276));
#7738=CARTESIAN_POINT('Ctrl Pts',(-0.0018919731907685,-50.,58.2826624491517));
#7739=CARTESIAN_POINT('',(-4.26947009819077,-49.5,57.3939905741517));
#7740=CARTESIAN_POINT('',(-4.26947009819077,-50.,57.3939905741517));
#7741=CARTESIAN_POINT('Ctrl Pts',(-4.26947009819077,-49.5,57.3939905741517));
#7742=CARTESIAN_POINT('Ctrl Pts',(-3.60428232754928,-49.5,57.6531201655658));
#7743=CARTESIAN_POINT('Ctrl Pts',(-2.23221121214719,-49.5,58.187622216291));
#7744=CARTESIAN_POINT('Ctrl Pts',(-0.760242169757395,-49.5,58.2503469949276));
#7745=CARTESIAN_POINT('Ctrl Pts',(-0.0018919731907685,-49.5,58.2826624491517));
#7746=CARTESIAN_POINT('Ctrl Pts',(-7.23822009819077,-50.,54.9525843241517));
#7747=CARTESIAN_POINT('Ctrl Pts',(-7.23822009819077,-49.5,54.9525843241517));
#7748=CARTESIAN_POINT('Ctrl Pts',(-6.83967340111293,-50.,55.4464979428528));
#7749=CARTESIAN_POINT('Ctrl Pts',(-6.83967340111293,-49.5,55.4464979428528));
#7750=CARTESIAN_POINT('Ctrl Pts',(-6.01879464163468,-50.,56.4638020670158));
#7751=CARTESIAN_POINT('Ctrl Pts',(-6.01879464163468,-49.5,56.4638020670158));
#7752=CARTESIAN_POINT('Ctrl Pts',(-4.86373442507614,-50.,57.0779955524496));
#7753=CARTESIAN_POINT('Ctrl Pts',(-4.86373442507614,-49.5,57.0779955524496));
#7754=CARTESIAN_POINT('Ctrl Pts',(-4.26947009819077,-50.,57.3939905741517));
#7755=CARTESIAN_POINT('Ctrl Pts',(-4.26947009819077,-49.5,57.3939905741517));
#7756=CARTESIAN_POINT('',(-7.23822009819077,-50.,54.9525843241517));
#7757=CARTESIAN_POINT('Ctrl Pts',(-7.23822009819077,-50.,54.9525843241517));
#7758=CARTESIAN_POINT('Ctrl Pts',(-6.83967340111293,-50.,55.4464979428528));
#7759=CARTESIAN_POINT('Ctrl Pts',(-6.01879464163468,-50.,56.4638020670158));
#7760=CARTESIAN_POINT('Ctrl Pts',(-4.86373442507614,-50.,57.0779955524496));
#7761=CARTESIAN_POINT('Ctrl Pts',(-4.26947009819077,-50.,57.3939905741517));
#7762=CARTESIAN_POINT('',(-7.23822009819077,-49.5,54.9525843241517));
#7763=CARTESIAN_POINT('',(-7.23822009819077,-50.,54.9525843241517));
#7764=CARTESIAN_POINT('Ctrl Pts',(-7.23822009819077,-49.5,54.9525843241517));
#7765=CARTESIAN_POINT('Ctrl Pts',(-6.83967340111293,-49.5,55.4464979428528));
#7766=CARTESIAN_POINT('Ctrl Pts',(-6.01879464163468,-49.5,56.4638020670158));
#7767=CARTESIAN_POINT('Ctrl Pts',(-4.86373442507614,-49.5,57.0779955524496));
#7768=CARTESIAN_POINT('Ctrl Pts',(-4.26947009819077,-49.5,57.3939905741517));
#7769=CARTESIAN_POINT('Ctrl Pts',(-8.83001697319077,-50.,50.8021936991517));
#7770=CARTESIAN_POINT('Ctrl Pts',(-8.83001697319077,-49.5,50.8021936991517));
#7771=CARTESIAN_POINT('Ctrl Pts',(-8.64992171966835,-50.,51.5969173304345));
#7772=CARTESIAN_POINT('Ctrl Pts',(-8.64992171966835,-49.5,51.5969173304345));
#7773=CARTESIAN_POINT('Ctrl Pts',(-8.31863674669104,-50.,53.0588103651735));
#7774=CARTESIAN_POINT('Ctrl Pts',(-8.31863674669104,-49.5,53.0588103651735));
#7775=CARTESIAN_POINT('Ctrl Pts',(-7.57678270581211,-50.,54.3591456255838));
#7776=CARTESIAN_POINT('Ctrl Pts',(-7.57678270581211,-49.5,54.3591456255838));
#7777=CARTESIAN_POINT('Ctrl Pts',(-7.23822009819077,-50.,54.9525843241517));
#7778=CARTESIAN_POINT('Ctrl Pts',(-7.23822009819077,-49.5,54.9525843241517));
#7779=CARTESIAN_POINT('',(-8.83001697319077,-50.,50.8021936991517));
#7780=CARTESIAN_POINT('Ctrl Pts',(-8.83001697319077,-50.,50.8021936991517));
#7781=CARTESIAN_POINT('Ctrl Pts',(-8.64992171966835,-50.,51.5969173304345));
#7782=CARTESIAN_POINT('Ctrl Pts',(-8.31863674669104,-50.,53.0588103651735));
#7783=CARTESIAN_POINT('Ctrl Pts',(-7.57678270581211,-50.,54.3591456255838));
#7784=CARTESIAN_POINT('Ctrl Pts',(-7.23822009819077,-50.,54.9525843241517));
#7785=CARTESIAN_POINT('',(-8.83001697319077,-49.5,50.8021936991517));
#7786=CARTESIAN_POINT('',(-8.83001697319077,-50.,50.8021936991517));
#7787=CARTESIAN_POINT('Ctrl Pts',(-8.83001697319077,-49.5,50.8021936991517));
#7788=CARTESIAN_POINT('Ctrl Pts',(-8.64992171966835,-49.5,51.5969173304345));
#7789=CARTESIAN_POINT('Ctrl Pts',(-8.31863674669104,-49.5,53.0588103651735));
#7790=CARTESIAN_POINT('Ctrl Pts',(-7.57678270581211,-49.5,54.3591456255838));
#7791=CARTESIAN_POINT('Ctrl Pts',(-7.23822009819077,-49.5,54.9525843241517));
#7792=CARTESIAN_POINT('Origin',(-3.77142322319077,-50.,49.9428186991517));
#7793=CARTESIAN_POINT('',(-3.77142322319077,-50.,49.9428186991517));
#7794=CARTESIAN_POINT('',(26.483363301364,-50.,44.803009405405));
#7795=CARTESIAN_POINT('',(-3.77142322319077,-49.5,49.9428186991517));
#7796=CARTESIAN_POINT('',(-3.77142322319077,-50.,49.9428186991517));
#7797=CARTESIAN_POINT('',(-3.77142322319077,-49.5,49.9428186991517));
#7798=CARTESIAN_POINT('Ctrl Pts',(-2.56048572319077,-50.,52.7943811991517));
#7799=CARTESIAN_POINT('Ctrl Pts',(-2.56048572319077,-49.5,52.7943811991517));
#7800=CARTESIAN_POINT('Ctrl Pts',(-2.86204710190927,-50.,52.4092829139683));
#7801=CARTESIAN_POINT('Ctrl Pts',(-2.86204710190927,-49.5,52.4092829139683));
#7802=CARTESIAN_POINT('Ctrl Pts',(-3.51884744239348,-50.,51.5705392860435));
#7803=CARTESIAN_POINT('Ctrl Pts',(-3.51884744239348,-49.5,51.5705392860435));
#7804=CARTESIAN_POINT('Ctrl Pts',(-3.68276583810886,-50.,50.5141698018674));
#7805=CARTESIAN_POINT('Ctrl Pts',(-3.68276583810886,-49.5,50.5141698018674));
#7806=CARTESIAN_POINT('Ctrl Pts',(-3.77142322319077,-50.,49.9428186991517));
#7807=CARTESIAN_POINT('Ctrl Pts',(-3.77142322319077,-49.5,49.9428186991517));
#7808=CARTESIAN_POINT('',(-2.56048572319077,-50.,52.7943811991517));
#7809=CARTESIAN_POINT('Ctrl Pts',(-2.56048572319077,-50.,52.7943811991517));
#7810=CARTESIAN_POINT('Ctrl Pts',(-2.86204710190927,-50.,52.4092829139683));
#7811=CARTESIAN_POINT('Ctrl Pts',(-3.51884744239348,-50.,51.5705392860435));
#7812=CARTESIAN_POINT('Ctrl Pts',(-3.68276583810886,-50.,50.5141698018674));
#7813=CARTESIAN_POINT('Ctrl Pts',(-3.77142322319077,-50.,49.9428186991517));
#7814=CARTESIAN_POINT('',(-2.56048572319077,-49.5,52.7943811991517));
#7815=CARTESIAN_POINT('',(-2.56048572319077,-50.,52.7943811991517));
#7816=CARTESIAN_POINT('Ctrl Pts',(-2.56048572319077,-49.5,52.7943811991517));
#7817=CARTESIAN_POINT('Ctrl Pts',(-2.86204710190927,-49.5,52.4092829139683));
#7818=CARTESIAN_POINT('Ctrl Pts',(-3.51884744239348,-49.5,51.5705392860435));
#7819=CARTESIAN_POINT('Ctrl Pts',(-3.68276583810886,-49.5,50.5141698018674));
#7820=CARTESIAN_POINT('Ctrl Pts',(-3.77142322319077,-49.5,49.9428186991517));
#7821=CARTESIAN_POINT('Ctrl Pts',(-0.158141973190769,-50.,53.7709436991517));
#7822=CARTESIAN_POINT('Ctrl Pts',(-0.158141973190769,-49.5,53.7709436991517));
#7823=CARTESIAN_POINT('Ctrl Pts',(-0.609425086760926,-50.,53.7306226566162));
#7824=CARTESIAN_POINT('Ctrl Pts',(-0.609425086760926,-49.5,53.7306226566162));
#7825=CARTESIAN_POINT('Ctrl Pts',(-1.50995626022072,-50.,53.6501623986147));
#7826=CARTESIAN_POINT('Ctrl Pts',(-1.50995626022072,-49.5,53.6501623986147));
#7827=CARTESIAN_POINT('Ctrl Pts',(-2.21083719442724,-50.,53.0792115136578));
#7828=CARTESIAN_POINT('Ctrl Pts',(-2.21083719442724,-49.5,53.0792115136578));
#7829=CARTESIAN_POINT('Ctrl Pts',(-2.56048572319077,-50.,52.7943811991517));
#7830=CARTESIAN_POINT('Ctrl Pts',(-2.56048572319077,-49.5,52.7943811991517));
#7831=CARTESIAN_POINT('',(-0.158141973190769,-50.,53.7709436991517));
#7832=CARTESIAN_POINT('Ctrl Pts',(-0.158141973190769,-50.,53.7709436991517));
#7833=CARTESIAN_POINT('Ctrl Pts',(-0.609425086760926,-50.,53.7306226566162));
#7834=CARTESIAN_POINT('Ctrl Pts',(-1.50995626022072,-50.,53.6501623986147));
#7835=CARTESIAN_POINT('Ctrl Pts',(-2.21083719442724,-50.,53.0792115136578));
#7836=CARTESIAN_POINT('Ctrl Pts',(-2.56048572319077,-50.,52.7943811991517));
#7837=CARTESIAN_POINT('',(-0.158141973190769,-49.5,53.7709436991517));
#7838=CARTESIAN_POINT('',(-0.158141973190769,-50.,53.7709436991517));
#7839=CARTESIAN_POINT('Ctrl Pts',(-0.158141973190769,-49.5,53.7709436991517));
#7840=CARTESIAN_POINT('Ctrl Pts',(-0.609425086760926,-49.5,53.7306226566162));
#7841=CARTESIAN_POINT('Ctrl Pts',(-1.50995626022072,-49.5,53.6501623986147));
#7842=CARTESIAN_POINT('Ctrl Pts',(-2.21083719442724,-49.5,53.0792115136578));
#7843=CARTESIAN_POINT('Ctrl Pts',(-2.56048572319077,-49.5,52.7943811991517));
#7844=CARTESIAN_POINT('Ctrl Pts',(2.12701427680923,-50.,52.9115686991517));
#7845=CARTESIAN_POINT('Ctrl Pts',(2.12701427680923,-49.5,52.9115686991517));
#7846=CARTESIAN_POINT('Ctrl Pts',(1.80714629654096,-50.,53.1620825919308));
#7847=CARTESIAN_POINT('Ctrl Pts',(1.80714629654096,-49.5,53.1620825919308));
#7848=CARTESIAN_POINT('Ctrl Pts',(1.13745515375623,-50.,53.686570647903));
#7849=CARTESIAN_POINT('Ctrl Pts',(1.13745515375623,-49.5,53.686570647903));
#7850=CARTESIAN_POINT('Ctrl Pts',(0.286412734810062,-50.,53.7419930042321));
#7851=CARTESIAN_POINT('Ctrl Pts',(0.286412734810062,-49.5,53.7419930042321));
#7852=CARTESIAN_POINT('Ctrl Pts',(-0.158141973190769,-50.,53.7709436991517));
#7853=CARTESIAN_POINT('Ctrl Pts',(-0.158141973190769,-49.5,53.7709436991517));
#7854=CARTESIAN_POINT('',(2.12701427680923,-50.,52.9115686991517));
#7855=CARTESIAN_POINT('Ctrl Pts',(2.12701427680923,-50.,52.9115686991517));
#7856=CARTESIAN_POINT('Ctrl Pts',(1.80714629654096,-50.,53.1620825919308));
#7857=CARTESIAN_POINT('Ctrl Pts',(1.13745515375623,-50.,53.686570647903));
#7858=CARTESIAN_POINT('Ctrl Pts',(0.286412734810062,-50.,53.7419930042321));
#7859=CARTESIAN_POINT('Ctrl Pts',(-0.158141973190769,-50.,53.7709436991517));
#7860=CARTESIAN_POINT('',(2.12701427680923,-49.5,52.9115686991517));
#7861=CARTESIAN_POINT('',(2.12701427680923,-50.,52.9115686991517));
#7862=CARTESIAN_POINT('Ctrl Pts',(2.12701427680923,-49.5,52.9115686991517));
#7863=CARTESIAN_POINT('Ctrl Pts',(1.80714629654096,-49.5,53.1620825919308));
#7864=CARTESIAN_POINT('Ctrl Pts',(1.13745515375623,-49.5,53.686570647903));
#7865=CARTESIAN_POINT('Ctrl Pts',(0.286412734810062,-49.5,53.7419930042321));
#7866=CARTESIAN_POINT('Ctrl Pts',(-0.158141973190769,-49.5,53.7709436991517));
#7867=CARTESIAN_POINT('Ctrl Pts',(2.98638927680923,-50.,50.6068811991517));
#7868=CARTESIAN_POINT('Ctrl Pts',(2.98638927680923,-49.5,50.6068811991517));
#7869=CARTESIAN_POINT('Ctrl Pts',(2.95806263933428,-50.,51.0564593419758));
#7870=CARTESIAN_POINT('Ctrl Pts',(2.95806263933428,-49.5,51.0564593419758));
#7871=CARTESIAN_POINT('Ctrl Pts',(2.90403085604538,-50.,51.9140093708482));
#7872=CARTESIAN_POINT('Ctrl Pts',(2.90403085604538,-49.5,51.9140093708482));
#7873=CARTESIAN_POINT('Ctrl Pts',(2.37750454140619,-50.,52.5899810950062));
#7874=CARTESIAN_POINT('Ctrl Pts',(2.37750454140619,-49.5,52.5899810950062));
#7875=CARTESIAN_POINT('Ctrl Pts',(2.12701427680923,-50.,52.9115686991517));
#7876=CARTESIAN_POINT('Ctrl Pts',(2.12701427680923,-49.5,52.9115686991517));
#7877=CARTESIAN_POINT('',(2.98638927680923,-50.,50.6068811991517));
#7878=CARTESIAN_POINT('Ctrl Pts',(2.98638927680923,-50.,50.6068811991517));
#7879=CARTESIAN_POINT('Ctrl Pts',(2.95806263933428,-50.,51.0564593419758));
#7880=CARTESIAN_POINT('Ctrl Pts',(2.90403085604538,-50.,51.9140093708482));
#7881=CARTESIAN_POINT('Ctrl Pts',(2.37750454140619,-50.,52.5899810950062));
#7882=CARTESIAN_POINT('Ctrl Pts',(2.12701427680923,-50.,52.9115686991517));
#7883=CARTESIAN_POINT('',(2.98638927680923,-49.5,50.6068811991517));
#7884=CARTESIAN_POINT('',(2.98638927680923,-50.,50.6068811991517));
#7885=CARTESIAN_POINT('Ctrl Pts',(2.98638927680923,-49.5,50.6068811991517));
#7886=CARTESIAN_POINT('Ctrl Pts',(2.95806263933428,-49.5,51.0564593419758));
#7887=CARTESIAN_POINT('Ctrl Pts',(2.90403085604538,-49.5,51.9140093708482));
#7888=CARTESIAN_POINT('Ctrl Pts',(2.37750454140619,-49.5,52.5899810950062));
#7889=CARTESIAN_POINT('Ctrl Pts',(2.12701427680923,-49.5,52.9115686991517));
#7890=CARTESIAN_POINT('Ctrl Pts',(1.81451427680924,-50.,47.8822718241517));
#7891=CARTESIAN_POINT('Ctrl Pts',(1.81451427680924,-49.5,47.8822718241517));
#7892=CARTESIAN_POINT('Ctrl Pts',(2.15625154534829,-50.,48.2589171135612));
#7893=CARTESIAN_POINT('Ctrl Pts',(2.15625154534829,-49.5,48.2589171135612));
#7894=CARTESIAN_POINT('Ctrl Pts',(2.85726023081006,-50.,49.0315329313885));
#7895=CARTESIAN_POINT('Ctrl Pts',(2.85726023081006,-49.5,49.0315329313885));
#7896=CARTESIAN_POINT('Ctrl Pts',(2.94263444710181,-50.,50.0730811183681));
#7897=CARTESIAN_POINT('Ctrl Pts',(2.94263444710181,-49.5,50.0730811183681));
#7898=CARTESIAN_POINT('Ctrl Pts',(2.98638927680923,-50.,50.6068811991517));
#7899=CARTESIAN_POINT('Ctrl Pts',(2.98638927680923,-49.5,50.6068811991517));
#7900=CARTESIAN_POINT('',(1.81451427680924,-50.,47.8822718241517));
#7901=CARTESIAN_POINT('Ctrl Pts',(1.81451427680924,-50.,47.8822718241517));
#7902=CARTESIAN_POINT('Ctrl Pts',(2.15625154534829,-50.,48.2589171135612));
#7903=CARTESIAN_POINT('Ctrl Pts',(2.85726023081006,-50.,49.0315329313885));
#7904=CARTESIAN_POINT('Ctrl Pts',(2.94263444710181,-50.,50.0730811183681));
#7905=CARTESIAN_POINT('Ctrl Pts',(2.98638927680923,-50.,50.6068811991517));
#7906=CARTESIAN_POINT('',(1.81451427680924,-49.5,47.8822718241517));
#7907=CARTESIAN_POINT('',(1.81451427680924,-50.,47.8822718241517));
#7908=CARTESIAN_POINT('Ctrl Pts',(1.81451427680924,-49.5,47.8822718241517));
#7909=CARTESIAN_POINT('Ctrl Pts',(2.15625154534829,-49.5,48.2589171135612));
#7910=CARTESIAN_POINT('Ctrl Pts',(2.85726023081006,-49.5,49.0315329313885));
#7911=CARTESIAN_POINT('Ctrl Pts',(2.94263444710181,-49.5,50.0730811183681));
#7912=CARTESIAN_POINT('Ctrl Pts',(2.98638927680923,-49.5,50.6068811991517));
#7913=CARTESIAN_POINT('Ctrl Pts',(-1.58392322319077,-50.,46.9154749491517));
#7914=CARTESIAN_POINT('Ctrl Pts',(-1.58392322319077,-49.5,46.9154749491517));
#7915=CARTESIAN_POINT('Ctrl Pts',(-0.909936813699037,-50.,46.9216690858246));
#7916=CARTESIAN_POINT('Ctrl Pts',(-0.909936813699037,-49.5,46.9216690858246));
#7917=CARTESIAN_POINT('Ctrl Pts',(0.317651151105744,-50.,46.9329509863569));
#7918=CARTESIAN_POINT('Ctrl Pts',(0.317651151105744,-49.5,46.9329509863569));
#7919=CARTESIAN_POINT('Ctrl Pts',(1.34928261834686,-50.,47.5872187226381));
#7920=CARTESIAN_POINT('Ctrl Pts',(1.34928261834686,-49.5,47.5872187226381));
#7921=CARTESIAN_POINT('Ctrl Pts',(1.81451427680924,-50.,47.8822718241517));
#7922=CARTESIAN_POINT('Ctrl Pts',(1.81451427680924,-49.5,47.8822718241517));
#7923=CARTESIAN_POINT('',(-1.58392322319077,-50.,46.9154749491517));
#7924=CARTESIAN_POINT('Ctrl Pts',(-1.58392322319077,-50.,46.9154749491517));
#7925=CARTESIAN_POINT('Ctrl Pts',(-0.909936813699037,-50.,46.9216690858246));
#7926=CARTESIAN_POINT('Ctrl Pts',(0.317651151105744,-50.,46.9329509863569));
#7927=CARTESIAN_POINT('Ctrl Pts',(1.34928261834686,-50.,47.5872187226381));
#7928=CARTESIAN_POINT('Ctrl Pts',(1.81451427680924,-50.,47.8822718241517));
#7929=CARTESIAN_POINT('',(-1.58392322319077,-49.5,46.9154749491517));
#7930=CARTESIAN_POINT('',(-1.58392322319077,-50.,46.9154749491517));
#7931=CARTESIAN_POINT('Ctrl Pts',(-1.58392322319077,-49.5,46.9154749491517));
#7932=CARTESIAN_POINT('Ctrl Pts',(-0.909936813699037,-49.5,46.9216690858246));
#7933=CARTESIAN_POINT('Ctrl Pts',(0.317651151105744,-49.5,46.9329509863569));
#7934=CARTESIAN_POINT('Ctrl Pts',(1.34928261834686,-49.5,47.5872187226381));
#7935=CARTESIAN_POINT('Ctrl Pts',(1.81451427680924,-49.5,47.8822718241517));
#7936=CARTESIAN_POINT('Origin',(-2.18939197319076,-50.,42.4428186991517));
#7937=CARTESIAN_POINT('',(-2.18939197319076,-50.,42.4428186991517));
#7938=CARTESIAN_POINT('',(-4.54087285648204,-50.,25.0722018516129));
#7939=CARTESIAN_POINT('',(-2.18939197319076,-49.5,42.4428186991517));
#7940=CARTESIAN_POINT('',(-2.18939197319076,-50.,42.4428186991517));
#7941=CARTESIAN_POINT('',(-2.18939197319076,-49.5,42.4428186991517));
#7942=CARTESIAN_POINT('Ctrl Pts',(0.330139276809236,-50.,42.8529749491517));
#7943=CARTESIAN_POINT('Ctrl Pts',(0.330139276809236,-49.5,42.8529749491517));
#7944=CARTESIAN_POINT('Ctrl Pts',(-0.0574191469991892,-50.,42.830401473937));
#7945=CARTESIAN_POINT('Ctrl Pts',(-0.0574191469991892,-49.5,42.830401473937));
#7946=CARTESIAN_POINT('Ctrl Pts',(-0.91087873950193,-50.,42.7806914230786));
#7947=CARTESIAN_POINT('Ctrl Pts',(-0.91087873950193,-49.5,42.7806914230786));
#7948=CARTESIAN_POINT('Ctrl Pts',(-1.73791514646876,-50.,42.5621304913295));
#7949=CARTESIAN_POINT('Ctrl Pts',(-1.73791514646876,-49.5,42.5621304913295));
#7950=CARTESIAN_POINT('Ctrl Pts',(-2.18939197319076,-50.,42.4428186991517));
#7951=CARTESIAN_POINT('Ctrl Pts',(-2.18939197319076,-49.5,42.4428186991517));
#7952=CARTESIAN_POINT('',(0.330139276809236,-50.,42.8529749491517));
#7953=CARTESIAN_POINT('Ctrl Pts',(0.330139276809236,-50.,42.8529749491517));
#7954=CARTESIAN_POINT('Ctrl Pts',(-0.0574191469991892,-50.,42.830401473937));
#7955=CARTESIAN_POINT('Ctrl Pts',(-0.91087873950193,-50.,42.7806914230786));
#7956=CARTESIAN_POINT('Ctrl Pts',(-1.73791514646876,-50.,42.5621304913295));
#7957=CARTESIAN_POINT('Ctrl Pts',(-2.18939197319076,-50.,42.4428186991517));
#7958=CARTESIAN_POINT('',(0.330139276809236,-49.5,42.8529749491517));
#7959=CARTESIAN_POINT('',(0.330139276809236,-50.,42.8529749491517));
#7960=CARTESIAN_POINT('Ctrl Pts',(0.330139276809236,-49.5,42.8529749491517));
#7961=CARTESIAN_POINT('Ctrl Pts',(-0.0574191469991892,-49.5,42.830401473937));
#7962=CARTESIAN_POINT('Ctrl Pts',(-0.91087873950193,-49.5,42.7806914230786));
#7963=CARTESIAN_POINT('Ctrl Pts',(-1.73791514646876,-49.5,42.5621304913295));
#7964=CARTESIAN_POINT('Ctrl Pts',(-2.18939197319076,-49.5,42.4428186991517));
#7965=CARTESIAN_POINT('Ctrl Pts',(3.04498302680924,-50.,41.6420374491517));
#7966=CARTESIAN_POINT('Ctrl Pts',(3.04498302680924,-49.5,41.6420374491517));
#7967=CARTESIAN_POINT('Ctrl Pts',(2.65560118443723,-50.,41.9952216822364));
#7968=CARTESIAN_POINT('Ctrl Pts',(2.65560118443723,-49.5,41.9952216822364));
#7969=CARTESIAN_POINT('Ctrl Pts',(1.88271037341945,-50.,42.696263227175));
#7970=CARTESIAN_POINT('Ctrl Pts',(1.88271037341945,-49.5,42.696263227175));
#7971=CARTESIAN_POINT('Ctrl Pts',(0.845034687964925,-50.,42.8010029997213));
#7972=CARTESIAN_POINT('Ctrl Pts',(0.845034687964925,-49.5,42.8010029997213));
#7973=CARTESIAN_POINT('Ctrl Pts',(0.330139276809236,-50.,42.8529749491517));
#7974=CARTESIAN_POINT('Ctrl Pts',(0.330139276809236,-49.5,42.8529749491517));
#7975=CARTESIAN_POINT('',(3.04498302680924,-50.,41.6420374491517));
#7976=CARTESIAN_POINT('Ctrl Pts',(3.04498302680924,-50.,41.6420374491517));
#7977=CARTESIAN_POINT('Ctrl Pts',(2.65560118443723,-50.,41.9952216822364));
#7978=CARTESIAN_POINT('Ctrl Pts',(1.88271037341945,-50.,42.696263227175));
#7979=CARTESIAN_POINT('Ctrl Pts',(0.845034687964925,-50.,42.8010029997213));
#7980=CARTESIAN_POINT('Ctrl Pts',(0.330139276809236,-50.,42.8529749491517));
#7981=CARTESIAN_POINT('',(3.04498302680924,-49.5,41.6420374491517));
#7982=CARTESIAN_POINT('',(3.04498302680924,-50.,41.6420374491517));
#7983=CARTESIAN_POINT('Ctrl Pts',(3.04498302680924,-49.5,41.6420374491517));
#7984=CARTESIAN_POINT('Ctrl Pts',(2.65560118443723,-49.5,41.9952216822364));
#7985=CARTESIAN_POINT('Ctrl Pts',(1.88271037341945,-49.5,42.696263227175));
#7986=CARTESIAN_POINT('Ctrl Pts',(0.845034687964925,-49.5,42.8010029997213));
#7987=CARTESIAN_POINT('Ctrl Pts',(0.330139276809236,-49.5,42.8529749491517));
#7988=CARTESIAN_POINT('Ctrl Pts',(4.15826427680924,-50.,38.3607874491517));
#7989=CARTESIAN_POINT('Ctrl Pts',(4.15826427680924,-49.5,38.3607874491517));
#7990=CARTESIAN_POINT('Ctrl Pts',(4.12485126640247,-50.,39.0002304727665));
#7991=CARTESIAN_POINT('Ctrl Pts',(4.12485126640247,-49.5,39.0002304727665));
#7992=CARTESIAN_POINT('Ctrl Pts',(4.06201351989234,-50.,40.2027907370591));
#7993=CARTESIAN_POINT('Ctrl Pts',(4.06201351989234,-49.5,40.2027907370591));
#7994=CARTESIAN_POINT('Ctrl Pts',(3.36933863724089,-50.,41.1830268796187));
#7995=CARTESIAN_POINT('Ctrl Pts',(3.36933863724089,-49.5,41.1830268796187));
#7996=CARTESIAN_POINT('Ctrl Pts',(3.04498302680924,-50.,41.6420374491517));
#7997=CARTESIAN_POINT('Ctrl Pts',(3.04498302680924,-49.5,41.6420374491517));
#7998=CARTESIAN_POINT('',(4.15826427680924,-50.,38.3607874491517));
#7999=CARTESIAN_POINT('Ctrl Pts',(4.15826427680924,-50.,38.3607874491517));
#8000=CARTESIAN_POINT('Ctrl Pts',(4.12485126640247,-50.,39.0002304727665));
#8001=CARTESIAN_POINT('Ctrl Pts',(4.06201351989234,-50.,40.2027907370591));
#8002=CARTESIAN_POINT('Ctrl Pts',(3.36933863724089,-50.,41.1830268796187));
#8003=CARTESIAN_POINT('Ctrl Pts',(3.04498302680924,-50.,41.6420374491517));
#8004=CARTESIAN_POINT('',(4.15826427680924,-49.5,38.3607874491517));
#8005=CARTESIAN_POINT('',(4.15826427680924,-50.,38.3607874491517));
#8006=CARTESIAN_POINT('Ctrl Pts',(4.15826427680924,-49.5,38.3607874491517));
#8007=CARTESIAN_POINT('Ctrl Pts',(4.12485126640247,-49.5,39.0002304727665));
#8008=CARTESIAN_POINT('Ctrl Pts',(4.06201351989234,-49.5,40.2027907370591));
#8009=CARTESIAN_POINT('Ctrl Pts',(3.36933863724089,-49.5,41.1830268796187));
#8010=CARTESIAN_POINT('Ctrl Pts',(3.04498302680924,-49.5,41.6420374491517));
#8011=CARTESIAN_POINT('Ctrl Pts',(2.99615490180924,-50.,34.8842249491517));
#8012=CARTESIAN_POINT('Ctrl Pts',(2.99615490180924,-49.5,34.8842249491517));
#8013=CARTESIAN_POINT('Ctrl Pts',(3.33473421731415,-50.,35.3720709465543));
#8014=CARTESIAN_POINT('Ctrl Pts',(3.33473421731415,-49.5,35.3720709465543));
#8015=CARTESIAN_POINT('Ctrl Pts',(4.05795067324723,-50.,36.4141259012598));
#8016=CARTESIAN_POINT('Ctrl Pts',(4.05795067324723,-49.5,36.4141259012598));
#8017=CARTESIAN_POINT('Ctrl Pts',(4.12343626546652,-50.,37.6849234779357));
#8018=CARTESIAN_POINT('Ctrl Pts',(4.12343626546652,-49.5,37.6849234779357));
#8019=CARTESIAN_POINT('Ctrl Pts',(4.15826427680924,-50.,38.3607874491517));
#8020=CARTESIAN_POINT('Ctrl Pts',(4.15826427680924,-49.5,38.3607874491517));
#8021=CARTESIAN_POINT('',(2.99615490180924,-50.,34.8842249491517));
#8022=CARTESIAN_POINT('Ctrl Pts',(2.99615490180924,-50.,34.8842249491517));
#8023=CARTESIAN_POINT('Ctrl Pts',(3.33473421731415,-50.,35.3720709465543));
#8024=CARTESIAN_POINT('Ctrl Pts',(4.05795067324723,-50.,36.4141259012598));
#8025=CARTESIAN_POINT('Ctrl Pts',(4.12343626546652,-50.,37.6849234779357));
#8026=CARTESIAN_POINT('Ctrl Pts',(4.15826427680924,-50.,38.3607874491517));
#8027=CARTESIAN_POINT('',(2.99615490180924,-49.5,34.8842249491517));
#8028=CARTESIAN_POINT('',(2.99615490180924,-50.,34.8842249491517));
#8029=CARTESIAN_POINT('Ctrl Pts',(2.99615490180924,-49.5,34.8842249491517));
#8030=CARTESIAN_POINT('Ctrl Pts',(3.33473421731415,-49.5,35.3720709465543));
#8031=CARTESIAN_POINT('Ctrl Pts',(4.05795067324723,-49.5,36.4141259012598));
#8032=CARTESIAN_POINT('Ctrl Pts',(4.12343626546652,-49.5,37.6849234779357));
#8033=CARTESIAN_POINT('Ctrl Pts',(4.15826427680924,-49.5,38.3607874491517));
#8034=CARTESIAN_POINT('Ctrl Pts',(0.13482677680924,-50.,33.5951624491517));
#8035=CARTESIAN_POINT('Ctrl Pts',(0.13482677680924,-49.5,33.5951624491517));
#8036=CARTESIAN_POINT('Ctrl Pts',(0.680007442177994,-50.,33.6501591172037));
#8037=CARTESIAN_POINT('Ctrl Pts',(0.680007442177994,-49.5,33.6501591172037));
#8038=CARTESIAN_POINT('Ctrl Pts',(1.77699332230443,-50.,33.7608207237854));
#8039=CARTESIAN_POINT('Ctrl Pts',(1.77699332230443,-49.5,33.7608207237854));
#8040=CARTESIAN_POINT('Ctrl Pts',(2.58813491717302,-50.,34.5082523279013));
#8041=CARTESIAN_POINT('Ctrl Pts',(2.58813491717302,-49.5,34.5082523279013));
#8042=CARTESIAN_POINT('Ctrl Pts',(2.99615490180924,-50.,34.8842249491517));
#8043=CARTESIAN_POINT('Ctrl Pts',(2.99615490180924,-49.5,34.8842249491517));
#8044=CARTESIAN_POINT('',(0.13482677680924,-50.,33.5951624491517));
#8045=CARTESIAN_POINT('Ctrl Pts',(0.13482677680924,-50.,33.5951624491517));
#8046=CARTESIAN_POINT('Ctrl Pts',(0.680007442177994,-50.,33.6501591172037));
#8047=CARTESIAN_POINT('Ctrl Pts',(1.77699332230443,-50.,33.7608207237854));
#8048=CARTESIAN_POINT('Ctrl Pts',(2.58813491717302,-50.,34.5082523279013));
#8049=CARTESIAN_POINT('Ctrl Pts',(2.99615490180924,-50.,34.8842249491517));
#8050=CARTESIAN_POINT('',(0.13482677680924,-49.5,33.5951624491517));
#8051=CARTESIAN_POINT('',(0.13482677680924,-50.,33.5951624491517));
#8052=CARTESIAN_POINT('Ctrl Pts',(0.13482677680924,-49.5,33.5951624491517));
#8053=CARTESIAN_POINT('Ctrl Pts',(0.680007442177994,-49.5,33.6501591172037));
#8054=CARTESIAN_POINT('Ctrl Pts',(1.77699332230443,-49.5,33.7608207237854));
#8055=CARTESIAN_POINT('Ctrl Pts',(2.58813491717302,-49.5,34.5082523279013));
#8056=CARTESIAN_POINT('Ctrl Pts',(2.99615490180924,-49.5,34.8842249491517));
#8057=CARTESIAN_POINT('Ctrl Pts',(-2.56048572319076,-50.,34.6693811991517));
#8058=CARTESIAN_POINT('Ctrl Pts',(-2.56048572319076,-49.5,34.6693811991517));
#8059=CARTESIAN_POINT('Ctrl Pts',(-2.16823231459629,-50.,34.3560708696355));
#8060=CARTESIAN_POINT('Ctrl Pts',(-2.16823231459629,-49.5,34.3560708696355));
#8061=CARTESIAN_POINT('Ctrl Pts',(-1.37879329801743,-50.,33.7255106425018));
#8062=CARTESIAN_POINT('Ctrl Pts',(-1.37879329801743,-49.5,33.7255106425018));
#8063=CARTESIAN_POINT('Ctrl Pts',(-0.371810366254155,-50.,33.6387924441423));
#8064=CARTESIAN_POINT('Ctrl Pts',(-0.371810366254155,-49.5,33.6387924441423));
#8065=CARTESIAN_POINT('Ctrl Pts',(0.13482677680924,-50.,33.5951624491517));
#8066=CARTESIAN_POINT('Ctrl Pts',(0.13482677680924,-49.5,33.5951624491517));
#8067=CARTESIAN_POINT('',(-2.56048572319076,-50.,34.6693811991517));
#8068=CARTESIAN_POINT('Ctrl Pts',(-2.56048572319076,-50.,34.6693811991517));
#8069=CARTESIAN_POINT('Ctrl Pts',(-2.16823231459629,-50.,34.3560708696355));
#8070=CARTESIAN_POINT('Ctrl Pts',(-1.37879329801743,-50.,33.7255106425018));
#8071=CARTESIAN_POINT('Ctrl Pts',(-0.371810366254155,-50.,33.6387924441423));
#8072=CARTESIAN_POINT('Ctrl Pts',(0.13482677680924,-50.,33.5951624491517));
#8073=CARTESIAN_POINT('',(-2.56048572319076,-49.5,34.6693811991517));
#8074=CARTESIAN_POINT('',(-2.56048572319076,-50.,34.6693811991517));
#8075=CARTESIAN_POINT('Ctrl Pts',(-2.56048572319076,-49.5,34.6693811991517));
#8076=CARTESIAN_POINT('Ctrl Pts',(-2.16823231459629,-49.5,34.3560708696355));
#8077=CARTESIAN_POINT('Ctrl Pts',(-1.37879329801743,-49.5,33.7255106425018));
#8078=CARTESIAN_POINT('Ctrl Pts',(-0.371810366254155,-49.5,33.6387924441423));
#8079=CARTESIAN_POINT('Ctrl Pts',(0.13482677680924,-49.5,33.5951624491517));
#8080=CARTESIAN_POINT('Ctrl Pts',(-3.92767322319076,-50.,37.7748499491517));
#8081=CARTESIAN_POINT('Ctrl Pts',(-3.92767322319076,-49.5,37.7748499491517));
#8082=CARTESIAN_POINT('Ctrl Pts',(-3.82315011591805,-50.,37.1539286292533));
#8083=CARTESIAN_POINT('Ctrl Pts',(-3.82315011591805,-49.5,37.1539286292533));
#8084=CARTESIAN_POINT('Ctrl Pts',(-3.62882803238444,-50.,35.9995549434587));
#8085=CARTESIAN_POINT('Ctrl Pts',(-3.62882803238444,-49.5,35.9995549434587));
#8086=CARTESIAN_POINT('Ctrl Pts',(-2.89814476800492,-50.,35.0897943870171));
#8087=CARTESIAN_POINT('Ctrl Pts',(-2.89814476800492,-49.5,35.0897943870171));
#8088=CARTESIAN_POINT('Ctrl Pts',(-2.56048572319076,-50.,34.6693811991517));
#8089=CARTESIAN_POINT('Ctrl Pts',(-2.56048572319076,-49.5,34.6693811991517));
#8090=CARTESIAN_POINT('',(-3.92767322319076,-50.,37.7748499491517));
#8091=CARTESIAN_POINT('Ctrl Pts',(-3.92767322319076,-50.,37.7748499491517));
#8092=CARTESIAN_POINT('Ctrl Pts',(-3.82315011591805,-50.,37.1539286292533));
#8093=CARTESIAN_POINT('Ctrl Pts',(-3.62882803238444,-50.,35.9995549434587));
#8094=CARTESIAN_POINT('Ctrl Pts',(-2.89814476800492,-50.,35.0897943870171));
#8095=CARTESIAN_POINT('Ctrl Pts',(-2.56048572319076,-50.,34.6693811991517));
#8096=CARTESIAN_POINT('',(-3.92767322319076,-49.5,37.7748499491517));
#8097=CARTESIAN_POINT('',(-3.92767322319076,-50.,37.7748499491517));
#8098=CARTESIAN_POINT('Ctrl Pts',(-3.92767322319076,-49.5,37.7748499491517));
#8099=CARTESIAN_POINT('Ctrl Pts',(-3.82315011591805,-49.5,37.1539286292533));
#8100=CARTESIAN_POINT('Ctrl Pts',(-3.62882803238444,-49.5,35.9995549434587));
#8101=CARTESIAN_POINT('Ctrl Pts',(-2.89814476800492,-49.5,35.0897943870171));
#8102=CARTESIAN_POINT('Ctrl Pts',(-2.56048572319076,-49.5,34.6693811991517));
#8103=CARTESIAN_POINT('Origin',(-9.24017322319076,-50.,37.1303186991517));
#8104=CARTESIAN_POINT('',(-9.24017322319076,-50.,37.1303186991517));
#8105=CARTESIAN_POINT('',(17.730530192824,-50.,40.4024996283006));
#8106=CARTESIAN_POINT('',(-9.24017322319076,-49.5,37.1303186991517));
#8107=CARTESIAN_POINT('',(-9.24017322319076,-50.,37.1303186991517));
#8108=CARTESIAN_POINT('',(-9.24017322319076,-49.5,37.1303186991517));
#8109=CARTESIAN_POINT('Ctrl Pts',(-6.27142322319076,-50.,31.2807093241517));
#8110=CARTESIAN_POINT('Ctrl Pts',(-6.27142322319076,-49.5,31.2807093241517));
#8111=CARTESIAN_POINT('Ctrl Pts',(-7.03594383328315,-50.,32.0944552113583));
#8112=CARTESIAN_POINT('Ctrl Pts',(-7.03594383328315,-49.5,32.0944552113583));
#8113=CARTESIAN_POINT('Ctrl Pts',(-8.59424381795049,-50.,33.7530896377131));
#8114=CARTESIAN_POINT('Ctrl Pts',(-8.59424381795049,-49.5,33.7530896377131));
#8115=CARTESIAN_POINT('Ctrl Pts',(-9.0221850684559,-50.,35.9905719632896));
#8116=CARTESIAN_POINT('Ctrl Pts',(-9.0221850684559,-49.5,35.9905719632896));
#8117=CARTESIAN_POINT('Ctrl Pts',(-9.24017322319076,-50.,37.1303186991517));
#8118=CARTESIAN_POINT('Ctrl Pts',(-9.24017322319076,-49.5,37.1303186991517));
#8119=CARTESIAN_POINT('Ctrl Pts',(-6.27142322319076,-50.,31.2807093241517));
#8120=CARTESIAN_POINT('Ctrl Pts',(-7.03594383328315,-50.,32.0944552113583));
#8121=CARTESIAN_POINT('Ctrl Pts',(-8.59424381795049,-50.,33.7530896377131));
#8122=CARTESIAN_POINT('Ctrl Pts',(-9.0221850684559,-50.,35.9905719632896));
#8123=CARTESIAN_POINT('Ctrl Pts',(-9.24017322319076,-50.,37.1303186991517));
#8124=CARTESIAN_POINT('Ctrl Pts',(-6.27142322319076,-49.5,31.2807093241517));
#8125=CARTESIAN_POINT('Ctrl Pts',(-7.03594383328315,-49.5,32.0944552113583));
#8126=CARTESIAN_POINT('Ctrl Pts',(-8.59424381795049,-49.5,33.7530896377131));
#8127=CARTESIAN_POINT('Ctrl Pts',(-9.0221850684559,-49.5,35.9905719632896));
#8128=CARTESIAN_POINT('Ctrl Pts',(-9.24017322319076,-49.5,37.1303186991517));
#8129=CARTESIAN_POINT('Origin',(0.271545526809237,-49.5,43.6635218241517));
#8130=CARTESIAN_POINT('Origin',(-35.,50.,74.));
#8131=CARTESIAN_POINT('',(-36.,50.,74.));
#8132=CARTESIAN_POINT('',(-35.,50.,75.));
#8133=CARTESIAN_POINT('Origin',(-35.,50.,74.));
#8134=CARTESIAN_POINT('',(-35.,47.5,75.));
#8135=CARTESIAN_POINT('',(-35.,50.,75.));
#8136=CARTESIAN_POINT('',(-36.,47.5,74.));
#8137=CARTESIAN_POINT('Origin',(-35.,47.5,74.));
#8138=CARTESIAN_POINT('',(-36.,50.,74.));
#8139=CARTESIAN_POINT('Origin',(-10.,50.,75.));
#8140=CARTESIAN_POINT('',(-11.,50.,75.));
#8141=CARTESIAN_POINT('',(-30.,50.,75.));
#8142=CARTESIAN_POINT('',(-11.,47.5,75.));
#8143=CARTESIAN_POINT('',(-11.,50.,75.));
#8144=CARTESIAN_POINT('',(-28.75,47.5,75.));
#8145=CARTESIAN_POINT('Origin',(-35.,50.,67.));
#8146=CARTESIAN_POINT('',(-35.,50.,66.));
#8147=CARTESIAN_POINT('',(-36.,50.,67.));
#8148=CARTESIAN_POINT('Origin',(-35.,50.,67.));
#8149=CARTESIAN_POINT('',(-36.,47.5,67.));
#8150=CARTESIAN_POINT('',(-36.,50.,67.));
#8151=CARTESIAN_POINT('',(-35.,47.5,66.));
#8152=CARTESIAN_POINT('Origin',(-35.,47.5,67.));
#8153=CARTESIAN_POINT('',(-35.,50.,66.));
#8154=CARTESIAN_POINT('Origin',(-36.,50.,75.));
#8155=CARTESIAN_POINT('',(-36.,47.5,37.5));
#8156=CARTESIAN_POINT('',(-36.,50.,37.5));
#8157=CARTESIAN_POINT('Origin',(-11.,50.,74.));
#8158=CARTESIAN_POINT('',(-10.,50.,74.));
#8159=CARTESIAN_POINT('Origin',(-11.,50.,74.));
#8160=CARTESIAN_POINT('',(-10.,47.5,74.));
#8161=CARTESIAN_POINT('',(-10.,50.,74.));
#8162=CARTESIAN_POINT('Origin',(-11.,47.5,74.));
#8163=CARTESIAN_POINT('Origin',(-10.,50.,66.));
#8164=CARTESIAN_POINT('',(-10.,50.,67.));
#8165=CARTESIAN_POINT('',(-10.,50.,33.));
#8166=CARTESIAN_POINT('',(-10.,47.5,67.));
#8167=CARTESIAN_POINT('',(-10.,50.,67.));
#8168=CARTESIAN_POINT('',(-10.,47.5,33.));
#8169=CARTESIAN_POINT('Origin',(-11.,50.,67.));
#8170=CARTESIAN_POINT('',(-11.,50.,66.));
#8171=CARTESIAN_POINT('Origin',(-11.,50.,67.));
#8172=CARTESIAN_POINT('',(-11.,47.5,66.));
#8173=CARTESIAN_POINT('',(-11.,50.,66.));
#8174=CARTESIAN_POINT('Origin',(-11.,47.5,67.));
#8175=CARTESIAN_POINT('Origin',(-36.,50.,66.));
#8176=CARTESIAN_POINT('',(-41.75,47.5,66.));
#8177=CARTESIAN_POINT('',(-43.,50.,66.));
#8178=CARTESIAN_POINT('Origin',(40.,50.,75.));
#8179=CARTESIAN_POINT('',(42.6,-47.5,75.));
#8180=CARTESIAN_POINT('Origin',(40.,-47.5,75.));
#8181=CARTESIAN_POINT('',(42.6,-50.,75.));
#8182=CARTESIAN_POINT('',(42.6,50.,75.));
#8183=CARTESIAN_POINT('Origin',(40.,-50.,75.));
#8184=CARTESIAN_POINT('Origin',(40.,50.,75.));
#8185=CARTESIAN_POINT('',(42.6,50.,75.));
#8186=CARTESIAN_POINT('Origin',(40.,50.,75.));
#8187=CARTESIAN_POINT('',(42.6,47.5,75.));
#8188=CARTESIAN_POINT('',(42.6,50.,75.));
#8189=CARTESIAN_POINT('Origin',(40.,47.5,75.));
#8190=CARTESIAN_POINT('Origin',(-40.,50.,75.));
#8191=CARTESIAN_POINT('',(-37.4,-47.5,75.));
#8192=CARTESIAN_POINT('Origin',(-40.,-47.5,75.));
#8193=CARTESIAN_POINT('',(-37.4,-50.,75.));
#8194=CARTESIAN_POINT('',(-37.4,50.,75.));
#8195=CARTESIAN_POINT('Origin',(-40.,-50.,75.));
#8196=CARTESIAN_POINT('Origin',(-40.,50.,75.));
#8197=CARTESIAN_POINT('',(-37.4,50.,75.));
#8198=CARTESIAN_POINT('Origin',(-40.,50.,75.));
#8199=CARTESIAN_POINT('',(-37.4,47.5,75.));
#8200=CARTESIAN_POINT('',(-37.4,50.,75.));
#8201=CARTESIAN_POINT('Origin',(-40.,47.5,75.));
#8202=CARTESIAN_POINT('Origin',(50.,-40.,80.));
#8203=CARTESIAN_POINT('',(-47.5,35.,80.));
#8204=CARTESIAN_POINT('',(-50.,35.,80.));
#8205=CARTESIAN_POINT('',(50.,35.,80.));
#8206=CARTESIAN_POINT('',(-47.5,-35.,80.));
#8207=CARTESIAN_POINT('',(-47.5,-43.75,80.));
#8208=CARTESIAN_POINT('',(-50.,-35.,80.));
#8209=CARTESIAN_POINT('',(50.,-35.,80.));
#8210=CARTESIAN_POINT('',(-50.,-45.,80.));
#8211=CARTESIAN_POINT('Origin',(50.,-40.,80.));
#8212=CARTESIAN_POINT('',(50.,35.,80.));
#8213=CARTESIAN_POINT('',(47.5,35.,80.));
#8214=CARTESIAN_POINT('',(50.,35.,80.));
#8215=CARTESIAN_POINT('',(50.,-35.,80.));
#8216=CARTESIAN_POINT('',(50.,5.,80.));
#8217=CARTESIAN_POINT('',(47.5,-35.,80.));
#8218=CARTESIAN_POINT('',(50.,-35.,80.));
#8219=CARTESIAN_POINT('',(47.5,3.75,80.));
#8220=CARTESIAN_POINT('Origin',(50.,-35.,75.));
#8221=CARTESIAN_POINT('',(50.,-35.,70.));
#8222=CARTESIAN_POINT('Origin',(50.,-35.,75.));
#8223=CARTESIAN_POINT('',(47.5,-35.,70.));
#8224=CARTESIAN_POINT('',(50.,-35.,70.));
#8225=CARTESIAN_POINT('Origin',(47.5,-35.,75.));
#8226=CARTESIAN_POINT('Origin',(50.,40.,70.));
#8227=CARTESIAN_POINT('',(50.,35.,70.));
#8228=CARTESIAN_POINT('',(50.,45.,70.));
#8229=CARTESIAN_POINT('',(47.5,35.,70.));
#8230=CARTESIAN_POINT('',(50.,35.,70.));
#8231=CARTESIAN_POINT('',(47.5,43.75,70.));
#8232=CARTESIAN_POINT('Origin',(50.,-35.,75.));
#8233=CARTESIAN_POINT('',(-47.5,-35.,70.));
#8234=CARTESIAN_POINT('Origin',(-47.5,-35.,75.));
#8235=CARTESIAN_POINT('',(-50.,-35.,70.));
#8236=CARTESIAN_POINT('',(50.,-35.,70.));
#8237=CARTESIAN_POINT('Origin',(-50.,-35.,75.));
#8238=CARTESIAN_POINT('Origin',(50.,40.,70.));
#8239=CARTESIAN_POINT('',(-47.5,35.,70.));
#8240=CARTESIAN_POINT('',(-47.5,-3.75,70.));
#8241=CARTESIAN_POINT('',(-50.,35.,70.));
#8242=CARTESIAN_POINT('',(50.,35.,70.));
#8243=CARTESIAN_POINT('',(-50.,-5.,70.));
#8244=CARTESIAN_POINT('Origin',(50.,35.,75.));
#8245=CARTESIAN_POINT('Origin',(-47.5,35.,75.));
#8246=CARTESIAN_POINT('Origin',(-50.,35.,75.));
#8247=CARTESIAN_POINT('Origin',(50.,35.,75.));
#8248=CARTESIAN_POINT('Origin',(50.,35.,75.));
#8249=CARTESIAN_POINT('Origin',(47.5,35.,75.));
#8250=CARTESIAN_POINT('Origin',(-3.73969860926349E-16,-43.5,-3.5));
#8251=CARTESIAN_POINT('',(1.7203144029786,-47.5,-2.5));
#8252=CARTESIAN_POINT('',(1.48326119000754,-46.9488142107963,-2.7));
#8253=CARTESIAN_POINT('Origin',(1.7203144029786,-47.5,-3.5));
#8254=CARTESIAN_POINT('',(3.75419341482066,-43.479627899215,-2.7));
#8255=CARTESIAN_POINT('Origin',(-3.73969860926349E-16,-43.5,-2.7));
#8256=CARTESIAN_POINT('',(-1.48326119000754,-46.9488142107963,-2.7));
#8257=CARTESIAN_POINT('Origin',(-3.73969860926349E-16,-43.5,-2.7));
#8258=CARTESIAN_POINT('',(-1.7203144029786,-47.5,-2.5));
#8259=CARTESIAN_POINT('Origin',(-1.7203144029786,-47.5,-3.5));
#8260=CARTESIAN_POINT('Origin',(-3.73969860926349E-16,-43.5,-2.5));
#8261=CARTESIAN_POINT('Ctrl Pts',(-1.72031440297861,-47.5,-2.5));
#8262=CARTESIAN_POINT('Ctrl Pts',(-1.25451545426758,-47.6430929714928,-2.5));
#8263=CARTESIAN_POINT('Ctrl Pts',(-0.0911190461565559,-47.8782310415806,
-2.47048211946887));
#8264=CARTESIAN_POINT('Ctrl Pts',(1.09924913803058,-47.6907906286571,-2.5));
#8265=CARTESIAN_POINT('Ctrl Pts',(1.72031440297861,-47.5,-2.5));
#8266=CARTESIAN_POINT('Ctrl Pts',(-1.63556773331756,-47.3029507408313,-2.5));
#8267=CARTESIAN_POINT('Ctrl Pts',(-1.19373097030286,-47.4548491525617,-2.511442175148));
#8268=CARTESIAN_POINT('Ctrl Pts',(-0.0869643506537236,-47.7064370861322,
-2.49698890779007));
#8269=CARTESIAN_POINT('Ctrl Pts',(1.04645204929798,-47.5054819564718,-2.51525623353067));
#8270=CARTESIAN_POINT('Ctrl Pts',(1.63556773331756,-47.3029507408313,-2.5));
#8271=CARTESIAN_POINT('Ctrl Pts',(-1.55105852573638,-47.1064536181313,-2.57129977824134));
#8272=CARTESIAN_POINT('Ctrl Pts',(-1.13301908834793,-47.2710343757803,-2.5819741510125));
#8273=CARTESIAN_POINT('Ctrl Pts',(-0.0827848058063596,-47.5410071802574,
-2.56520289659385));
#8274=CARTESIAN_POINT('Ctrl Pts',(0.993672609218477,-47.32589462833,-2.58553227526956));
#8275=CARTESIAN_POINT('Ctrl Pts',(1.55105852573639,-47.1064536181313,-2.57129977824134));
#8276=CARTESIAN_POINT('Ctrl Pts',(-1.48326119000754,-46.9488142107963,-2.7));
#8277=CARTESIAN_POINT('Ctrl Pts',(-1.08164768158538,-47.1215395865387,-2.7));
#8278=CARTESIAN_POINT('Ctrl Pts',(-0.0785113328190732,-47.4019516283068,
-2.66693997380513));
#8279=CARTESIAN_POINT('Ctrl Pts',(0.947776512111363,-47.1791147117861,-2.7));
#8280=CARTESIAN_POINT('Ctrl Pts',(1.48326119000755,-46.9488142107963,-2.7));
#8281=CARTESIAN_POINT('Ctrl Pts',(1.72031440297861,-47.5,-2.5));
#8282=CARTESIAN_POINT('Ctrl Pts',(1.09924913803058,-47.6907906286571,-2.5));
#8283=CARTESIAN_POINT('Ctrl Pts',(-0.0911190461565559,-47.8782310415806,
-2.47048211946887));
#8284=CARTESIAN_POINT('Ctrl Pts',(-1.25451545426758,-47.6430929714928,-2.5));
#8285=CARTESIAN_POINT('Ctrl Pts',(-1.72031440297861,-47.5,-2.5));
#8286=CARTESIAN_POINT('Ctrl Pts',(-1.48326119000754,-46.9488142107963,-2.7));
#8287=CARTESIAN_POINT('Ctrl Pts',(-1.08164768158538,-47.1215395865387,-2.7));
#8288=CARTESIAN_POINT('Ctrl Pts',(-0.0785113328190732,-47.4019516283068,
-2.66693997380513));
#8289=CARTESIAN_POINT('Ctrl Pts',(0.947776512111363,-47.1791147117861,-2.7));
#8290=CARTESIAN_POINT('Ctrl Pts',(1.48326119000755,-46.9488142107963,-2.7));
#8291=CARTESIAN_POINT('Origin',(0.,0.,-2.5));
#8292=CARTESIAN_POINT('',(-45.,-47.5,-2.5));
#8293=CARTESIAN_POINT('',(25.,-47.5,-2.5));
#8294=CARTESIAN_POINT('',(-47.5,-45.,-2.5));
#8295=CARTESIAN_POINT('Origin',(-45.,-45.,-2.5));
#8296=CARTESIAN_POINT('',(-47.5,50.,-2.5));
#8297=CARTESIAN_POINT('',(-47.5,-25.,-2.5));
#8298=CARTESIAN_POINT('',(47.5,50.,-2.5));
#8299=CARTESIAN_POINT('',(-25.,50.,-2.5));
#8300=CARTESIAN_POINT('',(47.5,-45.,-2.5));
#8301=CARTESIAN_POINT('',(47.5,25.,-2.5));
#8302=CARTESIAN_POINT('',(45.,-47.5,-2.5));
#8303=CARTESIAN_POINT('Origin',(45.,-45.,-2.5));
#8304=CARTESIAN_POINT('',(25.,-47.5,-2.5));
#8305=CARTESIAN_POINT('',(-4.35424868893542,43.5,-2.5));
#8306=CARTESIAN_POINT('Origin',(-6.03961325396085E-15,43.5,-2.5));
#8307=CARTESIAN_POINT('',(27.5,36.5,-2.5));
#8308=CARTESIAN_POINT('',(27.5,41.5,-2.5));
#8309=CARTESIAN_POINT('',(27.5,20.75,-2.5));
#8310=CARTESIAN_POINT('',(22.5,41.5,-2.5));
#8311=CARTESIAN_POINT('',(11.25,41.5,-2.5));
#8312=CARTESIAN_POINT('',(22.5,36.5,-2.5));
#8313=CARTESIAN_POINT('',(22.5,18.25,-2.5));
#8314=CARTESIAN_POINT('',(13.75,36.5,-2.5));
#8315=CARTESIAN_POINT('',(42.5,36.5,-2.5));
#8316=CARTESIAN_POINT('',(42.5,41.5,-2.5));
#8317=CARTESIAN_POINT('',(42.5,20.75,-2.5));
#8318=CARTESIAN_POINT('',(37.5,41.5,-2.5));
#8319=CARTESIAN_POINT('',(18.75,41.5,-2.5));
#8320=CARTESIAN_POINT('',(37.5,36.5,-2.5));
#8321=CARTESIAN_POINT('',(37.5,18.25,-2.5));
#8322=CARTESIAN_POINT('',(21.25,36.5,-2.5));
#8323=CARTESIAN_POINT('Ctrl Pts',(3.77885814484618,-43.4794940562531,-2.681351785948));
#8324=CARTESIAN_POINT('Ctrl Pts',(3.75835220109933,-39.700635911407,-2.681351785948));
#8325=CARTESIAN_POINT('Ctrl Pts',(-0.0205059437468517,-39.7211418551538,
-2.681351785948));
#8326=CARTESIAN_POINT('Ctrl Pts',(-3.79936408859303,-39.7416477989007,-2.681351785948));
#8327=CARTESIAN_POINT('Ctrl Pts',(-3.77885814484618,-43.5205059437468,-2.681351785948));
#8328=CARTESIAN_POINT('Ctrl Pts',(-3.75835220109933,-47.299364088593,-2.681351785948));
#8329=CARTESIAN_POINT('Ctrl Pts',(0.020505943746851,-47.2788581448462,-2.681351785948));
#8330=CARTESIAN_POINT('Ctrl Pts',(3.79936408859303,-47.2583522010993,-2.681351785948));
#8331=CARTESIAN_POINT('Ctrl Pts',(3.77885814484618,-43.4794940562531,-2.681351785948));
#8332=CARTESIAN_POINT('Ctrl Pts',(2.70474295250168,-43.4853227338239,-3.5));
#8333=CARTESIAN_POINT('Ctrl Pts',(2.69006568632556,-40.7805797813222,-3.5));
#8334=CARTESIAN_POINT('Ctrl Pts',(-0.0146772661761134,-40.7952570474983,
-3.5));
#8335=CARTESIAN_POINT('Ctrl Pts',(-2.71942021867779,-40.8099343136744,-3.5));
#8336=CARTESIAN_POINT('Ctrl Pts',(-2.70474295250168,-43.5146772661761,-3.5));
#8337=CARTESIAN_POINT('Ctrl Pts',(-2.69006568632557,-46.2194202186778,-3.5));
#8338=CARTESIAN_POINT('Ctrl Pts',(0.0146772661761126,-46.2047429525017,
-3.5));
#8339=CARTESIAN_POINT('Ctrl Pts',(2.71942021867779,-46.1900656863256,-3.5));
#8340=CARTESIAN_POINT('Ctrl Pts',(2.70474295250168,-43.4853227338239,-3.5));
#8341=CARTESIAN_POINT('Ctrl Pts',(1.35422875021967,-43.4926512884295,-3.5));
#8342=CARTESIAN_POINT('Ctrl Pts',(1.34688003864915,-42.1384225382098,-3.5));
#8343=CARTESIAN_POINT('Ctrl Pts',(-0.00734871157051879,-42.1457712497803,
-3.5));
#8344=CARTESIAN_POINT('Ctrl Pts',(-1.36157746179019,-42.1531199613508,-3.5));
#8345=CARTESIAN_POINT('Ctrl Pts',(-1.35422875021967,-43.5073487115705,-3.5));
#8346=CARTESIAN_POINT('Ctrl Pts',(-1.34688003864915,-44.8615774617902,-3.5));
#8347=CARTESIAN_POINT('Ctrl Pts',(0.00734871157051804,-44.8542287502197,
-3.5));
#8348=CARTESIAN_POINT('Ctrl Pts',(1.36157746179019,-44.8468800386491,-3.5));
#8349=CARTESIAN_POINT('Ctrl Pts',(1.35422875021967,-43.4926512884295,-3.5));
#8350=CARTESIAN_POINT('',(1.35422875021967,-43.4926512884295,-3.5));
#8351=CARTESIAN_POINT('Origin',(-3.73969860926349E-16,-43.5,-3.5));
#8352=CARTESIAN_POINT('Ctrl Pts',(1.35422875021967,-43.4926512884295,-3.5));
#8353=CARTESIAN_POINT('Ctrl Pts',(2.68754245277578,-43.4854160721992,-3.5));
#8354=CARTESIAN_POINT('Ctrl Pts',(3.75419341482066,-43.479627899215,-2.7));
#8355=CARTESIAN_POINT('Origin',(-6.03961325396085E-15,43.5,-3.5));
#8356=CARTESIAN_POINT('',(-3.75424868893542,43.5,-2.7));
#8357=CARTESIAN_POINT('',(3.7542486889354,43.5,-2.7));
#8358=CARTESIAN_POINT('Origin',(-6.03961325396085E-15,43.5,-2.7));
#8359=CARTESIAN_POINT('Origin',(-6.03961325396085E-15,43.5,-2.7));
#8360=CARTESIAN_POINT('Origin',(-4.35424868893542,43.5,-3.5));
#8361=CARTESIAN_POINT('Ctrl Pts',(3.7542486889354,43.5,-2.7));
#8362=CARTESIAN_POINT('Ctrl Pts',(3.7542486889354,47.2542486889354,-2.7));
#8363=CARTESIAN_POINT('Ctrl Pts',(-6.03961325396085E-15,47.2542486889354,
-2.7));
#8364=CARTESIAN_POINT('Ctrl Pts',(-3.75424868893541,47.2542486889354,-2.7));
#8365=CARTESIAN_POINT('Ctrl Pts',(-3.75424868893542,43.5,-2.7));
#8366=CARTESIAN_POINT('Ctrl Pts',(-3.75424868893541,39.7457513110646,-2.7));
#8367=CARTESIAN_POINT('Ctrl Pts',(-6.03961325396085E-15,39.7457513110646,
-2.7));
#8368=CARTESIAN_POINT('Ctrl Pts',(3.7542486889354,39.7457513110646,-2.7));
#8369=CARTESIAN_POINT('Ctrl Pts',(3.7542486889354,43.5,-2.7));
#8370=CARTESIAN_POINT('Ctrl Pts',(2.68758202226874,43.5,-3.5));
#8371=CARTESIAN_POINT('Ctrl Pts',(2.68758202226874,46.1875820222687,-3.5));
#8372=CARTESIAN_POINT('Ctrl Pts',(-6.03961325396085E-15,46.1875820222687,
-3.5));
#8373=CARTESIAN_POINT('Ctrl Pts',(-2.68758202226875,46.1875820222687,-3.5));
#8374=CARTESIAN_POINT('Ctrl Pts',(-2.68758202226875,43.5,-3.5));
#8375=CARTESIAN_POINT('Ctrl Pts',(-2.68758202226875,40.8124179777313,-3.5));
#8376=CARTESIAN_POINT('Ctrl Pts',(-6.03961325396085E-15,40.8124179777313,
-3.5));
#8377=CARTESIAN_POINT('Ctrl Pts',(2.68758202226874,40.8124179777313,-3.5));
#8378=CARTESIAN_POINT('Ctrl Pts',(2.68758202226874,43.5,-3.5));
#8379=CARTESIAN_POINT('Ctrl Pts',(1.3542486889354,43.5,-3.5));
#8380=CARTESIAN_POINT('Ctrl Pts',(1.3542486889354,44.8542486889354,-3.5));
#8381=CARTESIAN_POINT('Ctrl Pts',(-6.03961325396085E-15,44.8542486889354,
-3.5));
#8382=CARTESIAN_POINT('Ctrl Pts',(-1.35424868893542,44.8542486889354,-3.5));
#8383=CARTESIAN_POINT('Ctrl Pts',(-1.35424868893542,43.5,-3.5));
#8384=CARTESIAN_POINT('Ctrl Pts',(-1.35424868893542,42.1457513110646,-3.5));
#8385=CARTESIAN_POINT('Ctrl Pts',(-6.03961325396085E-15,42.1457513110646,
-3.5));
#8386=CARTESIAN_POINT('Ctrl Pts',(1.3542486889354,42.1457513110646,-3.5));
#8387=CARTESIAN_POINT('Ctrl Pts',(1.3542486889354,43.5,-3.5));
#8388=CARTESIAN_POINT('',(1.3542486889354,43.5,-3.5));
#8389=CARTESIAN_POINT('Origin',(-6.03961325396085E-15,43.5,-3.5));
#8390=CARTESIAN_POINT('Origin',(1.3542486889354,43.5,0.5));
#8391=CARTESIAN_POINT('Origin',(-3.33066907387547E-15,4.44089209850063E-15,
-3.5));
#8392=CARTESIAN_POINT('Origin',(-3.33066907387547E-15,4.44089209850063E-15,
-3.5));
#8393=CARTESIAN_POINT('Origin',(-45.,4.32402651696114E-15,50.));
#8394=CARTESIAN_POINT('',(-47.5,35.,50.));
#8395=CARTESIAN_POINT('',(-45.,35.2525512860841,52.5));
#8396=CARTESIAN_POINT('Ctrl Pts',(-47.5,35.,50.));
#8397=CARTESIAN_POINT('Ctrl Pts',(-47.5,35.,50.3139896862253));
#8398=CARTESIAN_POINT('Ctrl Pts',(-47.4372273107758,34.9995062129791,50.6488920050877));
#8399=CARTESIAN_POINT('Ctrl Pts',(-47.1820288454166,35.0033932726531,51.2648667475975));
#8400=CARTESIAN_POINT('Ctrl Pts',(-46.9896003132361,35.0084479890176,51.5459335926966));
#8401=CARTESIAN_POINT('Ctrl Pts',(-46.5440954935538,35.0345899481989,51.9914384123789));
#8402=CARTESIAN_POINT('Ctrl Pts',(-46.2609341463465,35.0576781503074,52.1843488334986));
#8403=CARTESIAN_POINT('Ctrl Pts',(-45.6439230702745,35.1346599052349,52.4385851898558));
#8404=CARTESIAN_POINT('Ctrl Pts',(-45.3101949426968,35.1892330085509,52.5));
#8405=CARTESIAN_POINT('Ctrl Pts',(-45.,35.2525512860841,52.5));
#8406=CARTESIAN_POINT('',(-45.,27.6568651670156,52.5));
#8407=CARTESIAN_POINT('',(-45.,4.32402651696114E-15,52.5));
#8408=CARTESIAN_POINT('',(-47.5,27.5,50.));
#8409=CARTESIAN_POINT('Ctrl Pts',(-45.,27.6568651670156,52.5));
#8410=CARTESIAN_POINT('Ctrl Pts',(-45.3124711585378,27.6174975014265,52.5));
#8411=CARTESIAN_POINT('Ctrl Pts',(-45.6468779420452,27.5836377904773,52.4377762679682));
#8412=CARTESIAN_POINT('Ctrl Pts',(-46.2632378720513,27.535883078528,52.18298747591));
#8413=CARTESIAN_POINT('Ctrl Pts',(-46.5451444957019,27.5215646697384,51.9903894102308));
#8414=CARTESIAN_POINT('Ctrl Pts',(-46.9896804620436,27.5052785547599,51.5458534438892));
#8415=CARTESIAN_POINT('Ctrl Pts',(-47.1820916183885,27.5021198048879,51.2647545127364));
#8416=CARTESIAN_POINT('Ctrl Pts',(-47.4372508505933,27.4996914880709,50.6487958927303));
#8417=CARTESIAN_POINT('Ctrl Pts',(-47.5,27.5,50.3139383842011));
#8418=CARTESIAN_POINT('Ctrl Pts',(-47.5,27.5,50.));
#8419=CARTESIAN_POINT('',(-47.5,4.09029535388216E-15,50.));
#8420=CARTESIAN_POINT('Origin',(-42.5,47.5,52.5));
#8421=CARTESIAN_POINT('',(-35.,47.5,52.5));
#8422=CARTESIAN_POINT('Origin',(-47.5,47.5,52.5));
#8423=CARTESIAN_POINT('',(-32.5,47.5,52.5));
#8424=CARTESIAN_POINT('',(-23.75,47.5,52.5));
#8425=CARTESIAN_POINT('',(-32.5,50.,52.5));
#8426=CARTESIAN_POINT('',(-32.5,47.5,52.5));
#8427=CARTESIAN_POINT('',(32.5,50.,52.5));
#8428=CARTESIAN_POINT('',(-46.25,50.,52.5));
#8429=CARTESIAN_POINT('',(32.5,47.5,52.5));
#8430=CARTESIAN_POINT('',(32.5,47.5,52.5));
#8431=CARTESIAN_POINT('',(35.,47.5,52.5));
#8432=CARTESIAN_POINT('',(-23.75,47.5,52.5));
#8433=CARTESIAN_POINT('',(45.,35.2525512860841,52.5));
#8434=CARTESIAN_POINT('Origin',(47.5,47.5,52.5));
#8435=CARTESIAN_POINT('',(45.,27.6568651670156,52.5));
#8436=CARTESIAN_POINT('',(45.,47.5,52.5));
#8437=CARTESIAN_POINT('',(41.,28.5857196806223,52.5));
#8438=CARTESIAN_POINT('Origin',(47.5,47.5,52.5));
#8439=CARTESIAN_POINT('',(41.,-28.5857196806223,52.5));
#8440=CARTESIAN_POINT('',(41.,14.2928598403111,52.5));
#8441=CARTESIAN_POINT('',(45.,-27.6568651670156,52.5));
#8442=CARTESIAN_POINT('Origin',(47.5,-47.5,52.5));
#8443=CARTESIAN_POINT('',(45.,-35.2525512860841,52.5));
#8444=CARTESIAN_POINT('',(45.,47.5,52.5));
#8445=CARTESIAN_POINT('',(35.2525512860841,-45.,52.5));
#8446=CARTESIAN_POINT('Origin',(47.5,-47.5,52.5));
#8447=CARTESIAN_POINT('',(27.6568651670156,-45.,52.5));
#8448=CARTESIAN_POINT('',(2.5,-45.,52.5));
#8449=CARTESIAN_POINT('',(28.4212159716611,-41.5,52.5));
#8450=CARTESIAN_POINT('Origin',(47.5,-47.5,52.5));
#8451=CARTESIAN_POINT('',(-28.4212159716611,-41.5,52.5));
#8452=CARTESIAN_POINT('',(14.2106079858305,-41.5,52.5));
#8453=CARTESIAN_POINT('',(-27.6568651670156,-45.,52.5));
#8454=CARTESIAN_POINT('Origin',(-47.5,-47.5,52.5));
#8455=CARTESIAN_POINT('',(-35.2525512860841,-45.,52.5));
#8456=CARTESIAN_POINT('',(2.5,-45.,52.5));
#8457=CARTESIAN_POINT('',(-45.,-35.2525512860841,52.5));
#8458=CARTESIAN_POINT('Origin',(-47.5,-47.5,52.5));
#8459=CARTESIAN_POINT('',(-45.,-27.6568651670156,52.5));
#8460=CARTESIAN_POINT('',(-45.,4.32402651696114E-15,52.5));
#8461=CARTESIAN_POINT('',(-41.,-28.5857196806223,52.5));
#8462=CARTESIAN_POINT('Origin',(-47.5,-47.5,52.5));
#8463=CARTESIAN_POINT('',(-41.,28.5857196806223,52.5));
#8464=CARTESIAN_POINT('',(-41.,-14.2928598403111,52.5));
#8465=CARTESIAN_POINT('Origin',(-47.5,47.5,52.5));
#8466=CARTESIAN_POINT('',(-27.5,47.5,52.5));
#8467=CARTESIAN_POINT('',(27.5,47.5,52.5));
#8468=CARTESIAN_POINT('',(-45.,47.5,52.5));
#8469=CARTESIAN_POINT('',(-28.4212159716611,41.5,52.5));
#8470=CARTESIAN_POINT('Origin',(-47.5,47.5,52.5));
#8471=CARTESIAN_POINT('',(28.4212159716611,41.5,52.5));
#8472=CARTESIAN_POINT('',(-14.2106079858305,41.5,52.5));
#8473=CARTESIAN_POINT('Origin',(47.5,47.5,52.5));
#8474=CARTESIAN_POINT('Origin',(45.,47.5,50.));
#8475=CARTESIAN_POINT('',(47.5,27.5,50.));
#8476=CARTESIAN_POINT('Ctrl Pts',(47.5,27.5,50.));
#8477=CARTESIAN_POINT('Ctrl Pts',(47.5,27.5,50.3139383842011));
#8478=CARTESIAN_POINT('Ctrl Pts',(47.4372508505933,27.4996914880709,50.6487958927303));
#8479=CARTESIAN_POINT('Ctrl Pts',(47.1820916183885,27.5021198048879,51.2647545127363));
#8480=CARTESIAN_POINT('Ctrl Pts',(46.9896804620436,27.5052785547599,51.5458534438892));
#8481=CARTESIAN_POINT('Ctrl Pts',(46.5451444957019,27.5215646697384,51.9903894102308));
#8482=CARTESIAN_POINT('Ctrl Pts',(46.2632378720513,27.535883078528,52.18298747591));
#8483=CARTESIAN_POINT('Ctrl Pts',(45.6468779420451,27.5836377904773,52.4377762679682));
#8484=CARTESIAN_POINT('Ctrl Pts',(45.3124711585378,27.6174975014265,52.5));
#8485=CARTESIAN_POINT('Ctrl Pts',(45.,27.6568651670156,52.5));
#8486=CARTESIAN_POINT('',(47.5,35.,50.));
#8487=CARTESIAN_POINT('Ctrl Pts',(45.,35.2525512860841,52.5));
#8488=CARTESIAN_POINT('Ctrl Pts',(45.3101949426968,35.1892330085509,52.5));
#8489=CARTESIAN_POINT('Ctrl Pts',(45.6439230702745,35.1346599052349,52.4385851898558));
#8490=CARTESIAN_POINT('Ctrl Pts',(46.2609341463465,35.0576781503074,52.1843488334986));
#8491=CARTESIAN_POINT('Ctrl Pts',(46.5440954935538,35.0345899481989,51.9914384123789));
#8492=CARTESIAN_POINT('Ctrl Pts',(46.9896003132361,35.0084479890176,51.5459335926966));
#8493=CARTESIAN_POINT('Ctrl Pts',(47.1820288454166,35.0033932726531,51.2648667475975));
#8494=CARTESIAN_POINT('Ctrl Pts',(47.4372273107758,34.9995062129791,50.6488920050877));
#8495=CARTESIAN_POINT('Ctrl Pts',(47.5,35.,50.3139896862252));
#8496=CARTESIAN_POINT('Ctrl Pts',(47.5,35.,50.));
#8497=CARTESIAN_POINT('',(47.5,47.5,50.));
#8498=CARTESIAN_POINT('Origin',(-45.,4.32402651696114E-15,50.));
#8499=CARTESIAN_POINT('',(-47.5,-27.5,50.));
#8500=CARTESIAN_POINT('Ctrl Pts',(-47.5,-27.5,50.));
#8501=CARTESIAN_POINT('Ctrl Pts',(-47.5,-27.5,50.3139383842011));
#8502=CARTESIAN_POINT('Ctrl Pts',(-47.4372508505933,-27.4996914880709,50.6487958927303));
#8503=CARTESIAN_POINT('Ctrl Pts',(-47.1820916183885,-27.5021198048879,51.2647545127364));
#8504=CARTESIAN_POINT('Ctrl Pts',(-46.9896804620436,-27.5052785547599,51.5458534438892));
#8505=CARTESIAN_POINT('Ctrl Pts',(-46.5451444957019,-27.5215646697384,51.9903894102308));
#8506=CARTESIAN_POINT('Ctrl Pts',(-46.2632378720512,-27.535883078528,52.18298747591));
#8507=CARTESIAN_POINT('Ctrl Pts',(-45.6468779420451,-27.5836377904773,52.4377762679682));
#8508=CARTESIAN_POINT('Ctrl Pts',(-45.3124711585378,-27.6174975014264,52.5));
#8509=CARTESIAN_POINT('Ctrl Pts',(-45.,-27.6568651670156,52.5));
#8510=CARTESIAN_POINT('',(-47.5,-35.,50.));
#8511=CARTESIAN_POINT('Ctrl Pts',(-45.,-35.2525512860841,52.5));
#8512=CARTESIAN_POINT('Ctrl Pts',(-45.3101949426968,-35.1892330085508,52.5));
#8513=CARTESIAN_POINT('Ctrl Pts',(-45.6439230702745,-35.1346599052349,52.4385851898558));
#8514=CARTESIAN_POINT('Ctrl Pts',(-46.2609341463465,-35.0576781503074,52.1843488334986));
#8515=CARTESIAN_POINT('Ctrl Pts',(-46.5440954935538,-35.0345899481989,51.9914384123789));
#8516=CARTESIAN_POINT('Ctrl Pts',(-46.9896003132361,-35.0084479890176,51.5459335926966));
#8517=CARTESIAN_POINT('Ctrl Pts',(-47.1820288454166,-35.0033932726531,51.2648667475975));
#8518=CARTESIAN_POINT('Ctrl Pts',(-47.4372273107758,-34.9995062129791,50.6488920050877));
#8519=CARTESIAN_POINT('Ctrl Pts',(-47.5,-35.,50.3139896862253));
#8520=CARTESIAN_POINT('Ctrl Pts',(-47.5,-35.,50.));
#8521=CARTESIAN_POINT('',(-47.5,4.09029535388216E-15,50.));
#8522=CARTESIAN_POINT('Origin',(2.5,-45.,50.));
#8523=CARTESIAN_POINT('',(-35.,-47.5,50.));
#8524=CARTESIAN_POINT('Ctrl Pts',(-35.,-47.5,50.));
#8525=CARTESIAN_POINT('Ctrl Pts',(-35.,-47.5,50.3139896862253));
#8526=CARTESIAN_POINT('Ctrl Pts',(-34.9995062129791,-47.4372273107758,50.6488920050877));
#8527=CARTESIAN_POINT('Ctrl Pts',(-35.0033932726531,-47.1820288454166,51.2648667475975));
#8528=CARTESIAN_POINT('Ctrl Pts',(-35.0084479890176,-46.9896003132361,51.5459335926966));
#8529=CARTESIAN_POINT('Ctrl Pts',(-35.0345899481989,-46.5440954935538,51.9914384123789));
#8530=CARTESIAN_POINT('Ctrl Pts',(-35.0576781503074,-46.2609341463465,52.1843488334986));
#8531=CARTESIAN_POINT('Ctrl Pts',(-35.1346599052349,-45.6439230702745,52.4385851898558));
#8532=CARTESIAN_POINT('Ctrl Pts',(-35.1892330085508,-45.3101949426968,52.5));
#8533=CARTESIAN_POINT('Ctrl Pts',(-35.2525512860841,-45.,52.5));
#8534=CARTESIAN_POINT('',(-27.5,-47.5,50.));
#8535=CARTESIAN_POINT('Ctrl Pts',(-27.6568651670156,-45.,52.5));
#8536=CARTESIAN_POINT('Ctrl Pts',(-27.6174975014264,-45.3124711585378,52.5));
#8537=CARTESIAN_POINT('Ctrl Pts',(-27.5836377904773,-45.6468779420452,52.4377762679682));
#8538=CARTESIAN_POINT('Ctrl Pts',(-27.535883078528,-46.2632378720513,52.18298747591));
#8539=CARTESIAN_POINT('Ctrl Pts',(-27.5215646697384,-46.5451444957019,51.9903894102308));
#8540=CARTESIAN_POINT('Ctrl Pts',(-27.5052785547599,-46.9896804620436,51.5458534438892));
#8541=CARTESIAN_POINT('Ctrl Pts',(-27.5021198048879,-47.1820916183885,51.2647545127364));
#8542=CARTESIAN_POINT('Ctrl Pts',(-27.4996914880709,-47.4372508505933,50.6487958927303));
#8543=CARTESIAN_POINT('Ctrl Pts',(-27.5,-47.5,50.3139383842011));
#8544=CARTESIAN_POINT('Ctrl Pts',(-27.5,-47.5,50.));
#8545=CARTESIAN_POINT('',(2.5,-47.5,50.));
#8546=CARTESIAN_POINT('Origin',(2.5,-45.,50.));
#8547=CARTESIAN_POINT('',(27.5,-47.5,50.));
#8548=CARTESIAN_POINT('Ctrl Pts',(27.5,-47.5,50.));
#8549=CARTESIAN_POINT('Ctrl Pts',(27.5,-47.5,50.3139383842011));
#8550=CARTESIAN_POINT('Ctrl Pts',(27.4996914880709,-47.4372508505933,50.6487958927303));
#8551=CARTESIAN_POINT('Ctrl Pts',(27.5021198048879,-47.1820916183885,51.2647545127364));
#8552=CARTESIAN_POINT('Ctrl Pts',(27.5052785547599,-46.9896804620436,51.5458534438892));
#8553=CARTESIAN_POINT('Ctrl Pts',(27.5215646697384,-46.5451444957019,51.9903894102308));
#8554=CARTESIAN_POINT('Ctrl Pts',(27.535883078528,-46.2632378720512,52.18298747591));
#8555=CARTESIAN_POINT('Ctrl Pts',(27.5836377904773,-45.6468779420451,52.4377762679682));
#8556=CARTESIAN_POINT('Ctrl Pts',(27.6174975014264,-45.3124711585378,52.5));
#8557=CARTESIAN_POINT('Ctrl Pts',(27.6568651670156,-45.,52.5));
#8558=CARTESIAN_POINT('',(35.,-47.5,50.));
#8559=CARTESIAN_POINT('Ctrl Pts',(35.2525512860841,-45.,52.5));
#8560=CARTESIAN_POINT('Ctrl Pts',(35.1892330085509,-45.3101949426968,52.5));
#8561=CARTESIAN_POINT('Ctrl Pts',(35.1346599052349,-45.6439230702745,52.4385851898558));
#8562=CARTESIAN_POINT('Ctrl Pts',(35.0576781503074,-46.2609341463465,52.1843488334986));
#8563=CARTESIAN_POINT('Ctrl Pts',(35.0345899481989,-46.5440954935538,51.9914384123789));
#8564=CARTESIAN_POINT('Ctrl Pts',(35.0084479890176,-46.9896003132362,51.5459335926966));
#8565=CARTESIAN_POINT('Ctrl Pts',(35.0033932726531,-47.1820288454165,51.2648667475976));
#8566=CARTESIAN_POINT('Ctrl Pts',(34.9995062129791,-47.4372273107758,50.6488920050877));
#8567=CARTESIAN_POINT('Ctrl Pts',(35.,-47.5,50.3139896862253));
#8568=CARTESIAN_POINT('Ctrl Pts',(35.,-47.5,50.));
#8569=CARTESIAN_POINT('',(2.5,-47.5,50.));
#8570=CARTESIAN_POINT('Origin',(45.,47.5,50.));
#8571=CARTESIAN_POINT('',(47.5,-35.,50.));
#8572=CARTESIAN_POINT('Ctrl Pts',(47.5,-35.,50.));
#8573=CARTESIAN_POINT('Ctrl Pts',(47.5,-35.,50.3139896862252));
#8574=CARTESIAN_POINT('Ctrl Pts',(47.4372273107758,-34.9995062129791,50.6488920050877));
#8575=CARTESIAN_POINT('Ctrl Pts',(47.1820288454166,-35.0033932726531,51.2648667475975));
#8576=CARTESIAN_POINT('Ctrl Pts',(46.9896003132361,-35.0084479890176,51.5459335926966));
#8577=CARTESIAN_POINT('Ctrl Pts',(46.5440954935538,-35.0345899481989,51.9914384123789));
#8578=CARTESIAN_POINT('Ctrl Pts',(46.2609341463465,-35.0576781503074,52.1843488334986));
#8579=CARTESIAN_POINT('Ctrl Pts',(45.6439230702745,-35.1346599052349,52.4385851898557));
#8580=CARTESIAN_POINT('Ctrl Pts',(45.3101949426968,-35.1892330085509,52.5));
#8581=CARTESIAN_POINT('Ctrl Pts',(45.,-35.2525512860841,52.5));
#8582=CARTESIAN_POINT('',(47.5,-27.5,50.));
#8583=CARTESIAN_POINT('Ctrl Pts',(45.,-27.6568651670156,52.5));
#8584=CARTESIAN_POINT('Ctrl Pts',(45.3124711585378,-27.6174975014265,52.5));
#8585=CARTESIAN_POINT('Ctrl Pts',(45.6468779420452,-27.5836377904773,52.4377762679682));
#8586=CARTESIAN_POINT('Ctrl Pts',(46.2632378720513,-27.535883078528,52.18298747591));
#8587=CARTESIAN_POINT('Ctrl Pts',(46.5451444957019,-27.5215646697384,51.9903894102308));
#8588=CARTESIAN_POINT('Ctrl Pts',(46.9896804620436,-27.5052785547599,51.5458534438892));
#8589=CARTESIAN_POINT('Ctrl Pts',(47.1820916183885,-27.5021198048879,51.2647545127364));
#8590=CARTESIAN_POINT('Ctrl Pts',(47.4372508505933,-27.4996914880709,50.6487958927303));
#8591=CARTESIAN_POINT('Ctrl Pts',(47.5,-27.5,50.3139383842011));
#8592=CARTESIAN_POINT('Ctrl Pts',(47.5,-27.5,50.));
#8593=CARTESIAN_POINT('',(47.5,47.5,50.));
#8594=CARTESIAN_POINT('Origin',(-20.,16.,2.5));
#8595=CARTESIAN_POINT('',(-20.,-32.,0.));
#8596=CARTESIAN_POINT('',(-17.5,-32.,2.5));
#8597=CARTESIAN_POINT('Origin',(-20.,-32.,2.5));
#8598=CARTESIAN_POINT('',(-17.5,32.,2.5));
#8599=CARTESIAN_POINT('',(-17.5,16.,2.5));
#8600=CARTESIAN_POINT('',(-20.,32.,0.));
#8601=CARTESIAN_POINT('Origin',(-20.,32.,2.5));
#8602=CARTESIAN_POINT('',(-20.,16.,0.));
#8603=CARTESIAN_POINT('Origin',(-17.5,32.,0.));
#8604=CARTESIAN_POINT('',(-17.5,-32.,23.));
#8605=CARTESIAN_POINT('',(-17.5,-32.,0.));
#8606=CARTESIAN_POINT('',(-17.5,-6.6625,23.));
#8607=CARTESIAN_POINT('',(-17.5,16.0000001192093,23.));
#8608=CARTESIAN_POINT('',(-17.5,-6.6625,18.));
#8609=CARTESIAN_POINT('',(-17.5,-6.6625,11.5));
#8610=CARTESIAN_POINT('',(-17.5,6.6625,18.));
#8611=CARTESIAN_POINT('',(-17.5,16.,18.));
#8612=CARTESIAN_POINT('',(-17.5,6.6625,23.));
#8613=CARTESIAN_POINT('',(-17.5,6.6625,11.5));
#8614=CARTESIAN_POINT('',(-17.5,32.,23.));
#8615=CARTESIAN_POINT('',(-17.5,16.0000001192093,23.));
#8616=CARTESIAN_POINT('',(-17.5,32.,0.));
#8617=CARTESIAN_POINT('Origin',(20.,-16.,2.5));
#8618=CARTESIAN_POINT('',(20.,32.,0.));
#8619=CARTESIAN_POINT('',(17.5,32.,2.5));
#8620=CARTESIAN_POINT('Origin',(20.,32.,2.5));
#8621=CARTESIAN_POINT('',(17.5,-32.,2.5));
#8622=CARTESIAN_POINT('',(17.5,-16.,2.5));
#8623=CARTESIAN_POINT('',(20.,-32.,0.));
#8624=CARTESIAN_POINT('Origin',(20.,-32.,2.5));
#8625=CARTESIAN_POINT('',(20.,-16.,0.));
#8626=CARTESIAN_POINT('Origin',(17.5,-32.,0.));
#8627=CARTESIAN_POINT('',(17.5,32.,23.));
#8628=CARTESIAN_POINT('',(17.5,32.,0.));
#8629=CARTESIAN_POINT('',(17.5,6.6625,23.));
#8630=CARTESIAN_POINT('',(17.5,-15.9999998807907,23.));
#8631=CARTESIAN_POINT('',(17.5,6.6625,18.));
#8632=CARTESIAN_POINT('',(17.5,6.6625,11.5));
#8633=CARTESIAN_POINT('',(17.5,-6.6625,18.));
#8634=CARTESIAN_POINT('',(17.5,-16.,18.));
#8635=CARTESIAN_POINT('',(17.5,-6.6625,23.));
#8636=CARTESIAN_POINT('',(17.5,-6.6625,11.5));
#8637=CARTESIAN_POINT('',(17.5,-32.,23.));
#8638=CARTESIAN_POINT('',(17.5,-15.9999998807907,23.));
#8639=CARTESIAN_POINT('',(17.5,-32.,0.));
#8640=CARTESIAN_POINT('Origin',(42.4999989382923,3.33125000000001,41.225));
#8641=CARTESIAN_POINT('',(39.9999989382923,6.66250000000001,41.225));
#8642=CARTESIAN_POINT('',(42.4999989382923,6.66250000000001,43.725));
#8643=CARTESIAN_POINT('Origin',(42.4999989382923,6.66250000000001,41.225));
#8644=CARTESIAN_POINT('',(42.4999989382923,-6.6625,43.725));
#8645=CARTESIAN_POINT('',(42.4999989382923,3.33125000000001,43.725));
#8646=CARTESIAN_POINT('',(39.9999989382923,-6.6625,41.225));
#8647=CARTESIAN_POINT('Origin',(42.4999989382923,-6.6625,41.225));
#8648=CARTESIAN_POINT('',(39.9999989382923,3.33125000000001,41.225));
#8649=CARTESIAN_POINT('Origin',(43.1874989382923,5.55111512312578E-15,43.725));
#8650=CARTESIAN_POINT('',(46.3749989382923,6.66250000000001,43.725));
#8651=CARTESIAN_POINT('',(30.3437494691461,6.66250000000001,43.725));
#8652=CARTESIAN_POINT('',(46.3749989382923,-6.6625,43.725));
#8653=CARTESIAN_POINT('',(46.3749989382923,-3.33125,43.725));
#8654=CARTESIAN_POINT('',(45.3437489382923,-6.6625,43.725));
#8655=CARTESIAN_POINT('Origin',(43.8749989382923,-3.33125,44.225));
#8656=CARTESIAN_POINT('',(46.3749989382923,6.66250000000001,44.225));
#8657=CARTESIAN_POINT('',(43.8749989382923,6.66250000000001,46.725));
#8658=CARTESIAN_POINT('Origin',(43.8749989382923,6.6625,44.225));
#8659=CARTESIAN_POINT('',(43.8749989382923,-6.6625,46.725));
#8660=CARTESIAN_POINT('',(43.8749989382923,-3.33125,46.725));
#8661=CARTESIAN_POINT('',(46.3749989382923,-6.6625,44.225));
#8662=CARTESIAN_POINT('Origin',(43.8749989382923,-6.6625,44.225));
#8663=CARTESIAN_POINT('',(46.3749989382923,-3.33125,44.225));
#8664=CARTESIAN_POINT('Origin',(41.6874989382923,5.55111512312578E-15,46.725));
#8665=CARTESIAN_POINT('',(39.4999989382923,6.66250000000001,46.725));
#8666=CARTESIAN_POINT('',(21.0000014528632,6.6625,46.725));
#8667=CARTESIAN_POINT('',(39.4999989382923,-6.6625,46.725));
#8668=CARTESIAN_POINT('',(39.4999989382923,3.33125000000001,46.725));
#8669=CARTESIAN_POINT('',(47.4999989382923,-6.6625,46.725));
#8670=CARTESIAN_POINT('Origin',(17.5,6.6625,23.));
#8671=CARTESIAN_POINT('',(46.3749989382923,6.66250000000001,36.725));
#8672=CARTESIAN_POINT('',(39.9999989382923,6.66250000000001,39.225));
#8673=CARTESIAN_POINT('',(39.9999989382923,6.66250000000001,29.8625));
#8674=CARTESIAN_POINT('',(42.4999989382923,6.66250000000001,36.725));
#8675=CARTESIAN_POINT('Origin',(42.4999989382923,6.66250000000001,39.225));
#8676=CARTESIAN_POINT('',(47.4999989382923,6.66250000000001,36.725));
#8677=CARTESIAN_POINT('',(23.7499994691461,6.6625,36.725));
#8678=CARTESIAN_POINT('',(47.5,6.66250000000001,18.));
#8679=CARTESIAN_POINT('',(47.5,6.66250000000001,11.5));
#8680=CARTESIAN_POINT('',(45.,6.66250000000001,20.5));
#8681=CARTESIAN_POINT('Origin',(45.,6.6625,18.));
#8682=CARTESIAN_POINT('',(20.,6.6625,20.5));
#8683=CARTESIAN_POINT('',(8.74999999999999,6.6625,20.5));
#8684=CARTESIAN_POINT('Origin',(20.,6.6625,18.));
#8685=CARTESIAN_POINT('',(21.0000014528632,6.6625,23.));
#8686=CARTESIAN_POINT('',(47.4999989382923,6.66250000000001,23.));
#8687=CARTESIAN_POINT('',(21.0000014528632,6.6625,36.725));
#8688=CARTESIAN_POINT('',(21.0000014528632,6.6625,23.));
#8689=CARTESIAN_POINT('',(33.8112079465553,6.66250000000001,36.725));
#8690=CARTESIAN_POINT('',(23.7499994691461,6.6625,36.725));
#8691=CARTESIAN_POINT('',(36.2892776982619,6.66250000000001,38.8945906997725));
#8692=CARTESIAN_POINT('Origin',(33.8112079465553,6.66250000000001,39.225));
#8693=CARTESIAN_POINT('',(36.9999989382923,6.66250000000001,44.225));
#8694=CARTESIAN_POINT('',(35.1894094279142,6.66250000000001,30.6455786721643));
#8695=CARTESIAN_POINT('Origin',(39.4999989382923,6.66250000000001,44.225));
#8696=CARTESIAN_POINT('Origin',(39.4999989382923,3.33125000000001,44.225));
#8697=CARTESIAN_POINT('',(36.9999989382923,-6.6625,44.225));
#8698=CARTESIAN_POINT('Origin',(39.4999989382923,-6.6625,44.225));
#8699=CARTESIAN_POINT('',(36.9999989382923,3.33125000000001,44.225));
#8700=CARTESIAN_POINT('Origin',(42.4999989382923,3.33125000000001,39.225));
#8701=CARTESIAN_POINT('',(39.9999989382923,-6.6625,39.225));
#8702=CARTESIAN_POINT('',(42.4999989382923,-6.6625,36.725));
#8703=CARTESIAN_POINT('Origin',(42.4999989382923,-6.6625,39.225));
#8704=CARTESIAN_POINT('',(42.4999989382923,3.33125000000001,36.725));
#8705=CARTESIAN_POINT('',(39.9999989382923,3.33125000000001,39.225));
#8706=CARTESIAN_POINT('Origin',(0.,2.22044604925031E-15,36.725));
#8707=CARTESIAN_POINT('',(47.4999989382923,-6.6625,36.725));
#8708=CARTESIAN_POINT('',(45.3437489382923,-6.6625,36.725));
#8709=CARTESIAN_POINT('',(47.5,23.75,36.725));
#8710=CARTESIAN_POINT('Origin',(33.8112079465553,1.66562500000001,39.225));
#8711=CARTESIAN_POINT('',(33.8112079465553,-6.6625,36.725));
#8712=CARTESIAN_POINT('',(33.8112079465553,1.66562500000001,36.725));
#8713=CARTESIAN_POINT('',(36.2892776982619,-6.6625,38.8945906997725));
#8714=CARTESIAN_POINT('Origin',(33.8112079465553,-6.6625,39.225));
#8715=CARTESIAN_POINT('',(36.2892776982619,1.66562500000001,38.8945906997725));
#8716=CARTESIAN_POINT('Origin',(0.,2.22044604925031E-15,36.725));
#8717=CARTESIAN_POINT('',(21.0000014528632,-6.6625,36.725));
#8718=CARTESIAN_POINT('',(21.0000014528632,3.33125,36.725));
#8719=CARTESIAN_POINT('',(10.5000007264316,-6.6625,36.725));
#8720=CARTESIAN_POINT('Origin',(-42.4999989382923,-3.33125,39.225));
#8721=CARTESIAN_POINT('',(-42.4999989382923,-6.66250000000001,36.725));
#8722=CARTESIAN_POINT('',(-39.9999989382923,-6.6625,39.225));
#8723=CARTESIAN_POINT('Origin',(-42.4999989382923,-6.6625,39.225));
#8724=CARTESIAN_POINT('',(-39.9999989382923,6.6625,39.225));
#8725=CARTESIAN_POINT('',(-39.9999989382923,-3.33125,39.225));
#8726=CARTESIAN_POINT('',(-42.4999989382923,6.6625,36.725));
#8727=CARTESIAN_POINT('Origin',(-42.4999989382923,6.6625,39.225));
#8728=CARTESIAN_POINT('',(-42.4999989382923,-3.33125,36.725));
#8729=CARTESIAN_POINT('Origin',(-39.9999989382923,-6.66250000000001,36.725));
#8730=CARTESIAN_POINT('',(-39.9999989382923,-6.6625,41.225));
#8731=CARTESIAN_POINT('',(-39.9999989382923,-6.6625,29.8625));
#8732=CARTESIAN_POINT('',(-39.9999989382923,6.6625,41.225));
#8733=CARTESIAN_POINT('',(-39.9999989382923,-3.33125,41.225));
#8734=CARTESIAN_POINT('',(-39.9999989382923,6.6625,29.8625));
#8735=CARTESIAN_POINT('Origin',(-42.4999989382923,-3.33125,41.225));
#8736=CARTESIAN_POINT('',(-42.4999989382923,-6.6625,43.725));
#8737=CARTESIAN_POINT('Origin',(-42.4999989382923,-6.6625,41.225));
#8738=CARTESIAN_POINT('',(-42.4999989382923,6.6625,43.725));
#8739=CARTESIAN_POINT('',(-42.4999989382923,-3.33125,43.725));
#8740=CARTESIAN_POINT('Origin',(-42.4999989382923,6.6625,41.225));
#8741=CARTESIAN_POINT('Origin',(-43.1874989382923,-2.22044604925031E-15,
43.725));
#8742=CARTESIAN_POINT('',(-46.3749989382923,-6.66250000000001,43.725));
#8743=CARTESIAN_POINT('',(-30.3437494691461,-6.6625,43.725));
#8744=CARTESIAN_POINT('',(-46.3749989382923,6.6625,43.725));
#8745=CARTESIAN_POINT('',(-46.3749989382923,3.33125,43.725));
#8746=CARTESIAN_POINT('',(-45.3437489382923,6.6625,43.725));
#8747=CARTESIAN_POINT('Origin',(-43.8749989382923,3.33125,44.225));
#8748=CARTESIAN_POINT('',(-46.3749989382923,-6.66250000000001,44.225));
#8749=CARTESIAN_POINT('',(-43.8749989382923,-6.6625,46.725));
#8750=CARTESIAN_POINT('Origin',(-43.8749989382923,-6.6625,44.225));
#8751=CARTESIAN_POINT('',(-43.8749989382923,6.6625,46.725));
#8752=CARTESIAN_POINT('',(-43.8749989382923,3.33125,46.725));
#8753=CARTESIAN_POINT('',(-46.3749989382923,6.6625,44.225));
#8754=CARTESIAN_POINT('Origin',(-43.8749989382923,6.6625,44.225));
#8755=CARTESIAN_POINT('',(-46.3749989382923,3.33125,44.225));
#8756=CARTESIAN_POINT('Origin',(-41.6874989382923,-2.22044604925031E-15,
46.725));
#8757=CARTESIAN_POINT('',(-39.4999989382923,-6.6625,46.725));
#8758=CARTESIAN_POINT('',(-21.0000014528632,-6.6625,46.725));
#8759=CARTESIAN_POINT('',(-39.4999989382923,6.6625,46.725));
#8760=CARTESIAN_POINT('',(-39.4999989382923,-3.33125,46.725));
#8761=CARTESIAN_POINT('',(-47.4999989382923,6.6625,46.725));
#8762=CARTESIAN_POINT('Origin',(-17.5,-6.6625,23.));
#8763=CARTESIAN_POINT('',(-46.3749989382923,-6.66250000000001,36.725));
#8764=CARTESIAN_POINT('',(-47.4999989382923,-6.66250000000001,36.725));
#8765=CARTESIAN_POINT('',(-23.7499994691461,-6.6625,36.725));
#8766=CARTESIAN_POINT('',(-47.5,-6.66250000000001,18.));
#8767=CARTESIAN_POINT('',(-47.5,-6.6625,11.5));
#8768=CARTESIAN_POINT('',(-45.,-6.66250000000001,20.5));
#8769=CARTESIAN_POINT('Origin',(-45.,-6.6625,18.));
#8770=CARTESIAN_POINT('',(-20.,-6.6625,20.5));
#8771=CARTESIAN_POINT('',(-8.75,-6.6625,20.5));
#8772=CARTESIAN_POINT('Origin',(-20.,-6.6625,18.));
#8773=CARTESIAN_POINT('',(-21.0000014528632,-6.6625,23.));
#8774=CARTESIAN_POINT('',(-47.4999989382923,-6.66250000000001,23.));
#8775=CARTESIAN_POINT('',(-21.0000014528632,-6.6625,36.725));
#8776=CARTESIAN_POINT('',(-21.0000014528632,-6.6625,23.));
#8777=CARTESIAN_POINT('',(-33.8112079465553,-6.6625,36.725));
#8778=CARTESIAN_POINT('',(-23.7499994691461,-6.6625,36.725));
#8779=CARTESIAN_POINT('',(-36.2892776982619,-6.6625,38.8945906997725));
#8780=CARTESIAN_POINT('Origin',(-33.8112079465553,-6.6625,39.225));
#8781=CARTESIAN_POINT('',(-36.9999989382923,-6.6625,44.225));
#8782=CARTESIAN_POINT('',(-35.1894094279142,-6.6625,30.6455786721643));
#8783=CARTESIAN_POINT('Origin',(-39.4999989382923,-6.6625,44.225));
#8784=CARTESIAN_POINT('Origin',(-33.8112079465553,-1.665625,39.225));
#8785=CARTESIAN_POINT('',(-33.8112079465553,6.6625,36.725));
#8786=CARTESIAN_POINT('',(-33.8112079465553,-1.665625,36.725));
#8787=CARTESIAN_POINT('',(-36.2892776982619,6.6625,38.8945906997725));
#8788=CARTESIAN_POINT('Origin',(-33.8112079465553,6.6625,39.225));
#8789=CARTESIAN_POINT('',(-36.2892776982619,-1.665625,38.8945906997725));
#8790=CARTESIAN_POINT('Origin',(0.,2.22044604925031E-15,36.725));
#8791=CARTESIAN_POINT('',(-21.0000014528632,6.6625,36.725));
#8792=CARTESIAN_POINT('',(-21.0000014528632,-3.33125,36.725));
#8793=CARTESIAN_POINT('',(-10.5000007264316,6.6625,36.725));
#8794=CARTESIAN_POINT('Origin',(-39.4999989382923,-3.33125,44.225));
#8795=CARTESIAN_POINT('',(-36.9999989382923,6.6625,44.225));
#8796=CARTESIAN_POINT('Origin',(-39.4999989382923,6.6625,44.225));
#8797=CARTESIAN_POINT('',(-36.9999989382923,-3.33125,44.225));
#8798=CARTESIAN_POINT('Origin',(-47.4999989382923,6.6625,23.));
#8799=CARTESIAN_POINT('',(-35.4514181522661,6.6625,32.6106441048035));
#8800=CARTESIAN_POINT('',(-21.0000014528632,6.6625,23.));
#8801=CARTESIAN_POINT('',(-21.0000014528632,6.6625,23.));
#8802=CARTESIAN_POINT('',(-47.4999989382923,6.6625,23.));
#8803=CARTESIAN_POINT('',(-20.,6.6625,20.5));
#8804=CARTESIAN_POINT('Origin',(-20.,6.66250000000001,18.));
#8805=CARTESIAN_POINT('',(-45.,6.6625,20.5));
#8806=CARTESIAN_POINT('',(-23.7499994691461,6.6625,20.5));
#8807=CARTESIAN_POINT('',(-47.5,6.6625,18.));
#8808=CARTESIAN_POINT('Origin',(-45.,6.6625,18.));
#8809=CARTESIAN_POINT('',(-47.4999989382923,6.6625,36.725));
#8810=CARTESIAN_POINT('',(-47.5,6.6625,11.5));
#8811=CARTESIAN_POINT('',(-45.3437489382923,6.6625,36.725));
#8812=CARTESIAN_POINT('',(-46.3749989382923,6.6625,36.725));
#8813=CARTESIAN_POINT('Origin',(20.,-16.,18.));
#8814=CARTESIAN_POINT('',(20.,-6.6625,20.5));
#8815=CARTESIAN_POINT('',(20.,-16.,20.5));
#8816=CARTESIAN_POINT('Origin',(20.,-6.6625,18.));
#8817=CARTESIAN_POINT('Origin',(0.,2.22044604925031E-15,20.5));
#8818=CARTESIAN_POINT('',(45.,-6.6625,20.5));
#8819=CARTESIAN_POINT('',(45.,23.75,20.5));
#8820=CARTESIAN_POINT('',(23.7499994691461,-6.6625,20.5));
#8821=CARTESIAN_POINT('Origin',(45.,23.75,18.));
#8822=CARTESIAN_POINT('',(47.5,-6.6625,18.));
#8823=CARTESIAN_POINT('Origin',(45.,-6.6625,18.));
#8824=CARTESIAN_POINT('',(47.5,23.75,18.));
#8825=CARTESIAN_POINT('Origin',(-20.,16.,18.));
#8826=CARTESIAN_POINT('',(-20.,16.,20.5));
#8827=CARTESIAN_POINT('Origin',(0.,2.22044604925031E-15,20.5));
#8828=CARTESIAN_POINT('',(-45.,-23.75,20.5));
#8829=CARTESIAN_POINT('Origin',(-45.,-23.75,18.));
#8830=CARTESIAN_POINT('',(-47.5,-23.75,18.));
#8831=CARTESIAN_POINT('Origin',(45.,-45.,2.5));
#8832=CARTESIAN_POINT('',(47.5,-45.,2.5));
#8833=CARTESIAN_POINT('',(45.,-47.5,2.5));
#8834=CARTESIAN_POINT('Origin',(45.,-45.,2.5));
#8835=CARTESIAN_POINT('',(45.,-45.,0.));
#8836=CARTESIAN_POINT('Origin',(45.,-45.,2.5));
#8837=CARTESIAN_POINT('Origin',(45.,-45.,2.5));
#8838=CARTESIAN_POINT('Origin',(45.,23.75,2.5));
#8839=CARTESIAN_POINT('',(45.,47.5,0.));
#8840=CARTESIAN_POINT('',(47.5,47.5,2.5));
#8841=CARTESIAN_POINT('Origin',(45.,47.5,2.5));
#8842=CARTESIAN_POINT('',(45.,23.75,0.));
#8843=CARTESIAN_POINT('',(47.5,23.75,2.5));
#8844=CARTESIAN_POINT('Origin',(-45.,-45.,2.5));
#8845=CARTESIAN_POINT('',(-45.,-45.,0.));
#8846=CARTESIAN_POINT('',(-45.,-47.5,2.5));
#8847=CARTESIAN_POINT('Origin',(-45.,-45.,2.5));
#8848=CARTESIAN_POINT('',(-47.5,-45.,2.5));
#8849=CARTESIAN_POINT('Origin',(-45.,-45.,2.5));
#8850=CARTESIAN_POINT('Origin',(-45.,-45.,2.5));
#8851=CARTESIAN_POINT('Origin',(-45.,-23.75,2.5));
#8852=CARTESIAN_POINT('',(-47.5,47.5,2.5));
#8853=CARTESIAN_POINT('',(-45.,47.5,0.));
#8854=CARTESIAN_POINT('Origin',(-45.,47.5,2.5));
#8855=CARTESIAN_POINT('',(-47.5,-23.75,2.5));
#8856=CARTESIAN_POINT('',(-45.,-23.75,0.));
#8857=CARTESIAN_POINT('Origin',(-45.,-45.,0.));
#8858=CARTESIAN_POINT('',(-47.5,-45.,90.));
#8859=CARTESIAN_POINT('',(-45.,-47.5,90.));
#8860=CARTESIAN_POINT('Origin',(-45.,-45.,90.));
#8861=CARTESIAN_POINT('',(-45.,-47.5,0.));
#8862=CARTESIAN_POINT('',(-47.5,-45.,0.));
#8863=CARTESIAN_POINT('Origin',(23.75,-45.,2.5));
#8864=CARTESIAN_POINT('',(23.75,-45.,0.));
#8865=CARTESIAN_POINT('',(23.75,-47.5,2.5));
#8866=CARTESIAN_POINT('Origin',(45.,-45.,0.));
#8867=CARTESIAN_POINT('',(45.,-47.5,90.));
#8868=CARTESIAN_POINT('',(47.5,-45.,90.));
#8869=CARTESIAN_POINT('Origin',(45.,-45.,90.));
#8870=CARTESIAN_POINT('',(47.5,-45.,0.));
#8871=CARTESIAN_POINT('',(45.,-47.5,0.));
#8872=CARTESIAN_POINT('Origin',(0.,0.,0.));
#8873=CARTESIAN_POINT('',(32.5,47.5,0.));
#8874=CARTESIAN_POINT('',(-23.75,47.5,0.));
#8875=CARTESIAN_POINT('',(32.5,50.,0.));
#8876=CARTESIAN_POINT('',(32.5,23.75,0.));
#8877=CARTESIAN_POINT('',(-32.5,50.,0.));
#8878=CARTESIAN_POINT('',(-3.75,50.,0.));
#8879=CARTESIAN_POINT('',(-32.5,47.5,0.));
#8880=CARTESIAN_POINT('',(-32.5,23.75,0.));
#8881=CARTESIAN_POINT('',(-23.75,47.5,0.));
#8882=CARTESIAN_POINT('',(-7.75,32.,0.));
#8883=CARTESIAN_POINT('',(-8.74999999999999,-32.,0.));
#8884=CARTESIAN_POINT('',(38.,31.,0.));
#8885=CARTESIAN_POINT('',(38.,36.5,0.));
#8886=CARTESIAN_POINT('',(38.,18.25,0.));
#8887=CARTESIAN_POINT('',(27.,31.,0.));
#8888=CARTESIAN_POINT('',(16.25,31.,0.));
#8889=CARTESIAN_POINT('',(27.,36.5,0.));
#8890=CARTESIAN_POINT('',(27.,20.75,0.));
#8891=CARTESIAN_POINT('',(22.5,36.5,0.));
#8892=CARTESIAN_POINT('',(13.75,36.5,0.));
#8893=CARTESIAN_POINT('',(22.5,41.5,0.));
#8894=CARTESIAN_POINT('',(22.5,18.25,0.));
#8895=CARTESIAN_POINT('',(27.5,41.5,0.));
#8896=CARTESIAN_POINT('',(11.25,41.5,0.));
#8897=CARTESIAN_POINT('',(37.5,41.5,0.));
#8898=CARTESIAN_POINT('',(16.25,41.5,0.));
#8899=CARTESIAN_POINT('',(42.5,41.5,0.));
#8900=CARTESIAN_POINT('',(18.75,41.5,0.));
#8901=CARTESIAN_POINT('',(42.5,36.5,0.));
#8902=CARTESIAN_POINT('',(42.5,20.75,0.));
#8903=CARTESIAN_POINT('',(21.25,36.5,0.));
#8904=CARTESIAN_POINT('Origin',(-47.5,47.5,0.));
#8905=CARTESIAN_POINT('',(-42.5,47.5,10.));
#8906=CARTESIAN_POINT('Origin',(-32.5,47.5,10.));
#8907=CARTESIAN_POINT('',(-42.5,47.5,42.5));
#8908=CARTESIAN_POINT('',(-42.5,47.5,0.));
#8909=CARTESIAN_POINT('Origin',(-32.5,47.5,42.5));
#8910=CARTESIAN_POINT('',(-35.,47.5,62.5));
#8911=CARTESIAN_POINT('',(-35.,47.5,55.));
#8912=CARTESIAN_POINT('',(-27.5,47.5,62.5));
#8913=CARTESIAN_POINT('',(-23.75,47.5,62.5));
#8914=CARTESIAN_POINT('',(-27.5,47.5,55.));
#8915=CARTESIAN_POINT('',(27.5,47.5,62.5));
#8916=CARTESIAN_POINT('',(27.5,47.5,55.));
#8917=CARTESIAN_POINT('',(35.,47.5,62.5));
#8918=CARTESIAN_POINT('',(-23.75,47.5,62.5));
#8919=CARTESIAN_POINT('',(35.,47.5,55.));
#8920=CARTESIAN_POINT('',(42.5,47.5,42.5));
#8921=CARTESIAN_POINT('Origin',(32.5,47.5,42.5));
#8922=CARTESIAN_POINT('',(42.5,47.5,10.));
#8923=CARTESIAN_POINT('',(42.5,47.5,26.25));
#8924=CARTESIAN_POINT('Origin',(32.5,47.5,10.));
#8925=CARTESIAN_POINT('',(47.5,47.5,90.));
#8926=CARTESIAN_POINT('',(47.5,47.5,0.));
#8927=CARTESIAN_POINT('',(-47.5,47.5,90.));
#8928=CARTESIAN_POINT('',(-23.75,47.5,90.));
#8929=CARTESIAN_POINT('',(-47.5,47.5,0.));
#8930=CARTESIAN_POINT('Origin',(47.5,47.5,0.));
#8931=CARTESIAN_POINT('',(47.5,23.75,90.));
#8932=CARTESIAN_POINT('',(47.5,35.,62.5));
#8933=CARTESIAN_POINT('',(47.5,35.,55.));
#8934=CARTESIAN_POINT('',(47.5,27.5,62.5));
#8935=CARTESIAN_POINT('',(47.5,23.75,62.5));
#8936=CARTESIAN_POINT('',(47.5,27.5,55.));
#8937=CARTESIAN_POINT('',(47.5,-27.5,62.5));
#8938=CARTESIAN_POINT('',(47.5,-27.5,55.));
#8939=CARTESIAN_POINT('',(47.5,-35.,62.5));
#8940=CARTESIAN_POINT('',(47.5,23.75,62.5));
#8941=CARTESIAN_POINT('',(47.5,-35.,55.));
#8942=CARTESIAN_POINT('',(47.5,-6.6625,11.5));
#8943=CARTESIAN_POINT('Origin',(47.5,25.,0.));
#8944=CARTESIAN_POINT('',(50.,50.,0.));
#8945=CARTESIAN_POINT('Origin',(47.5,50.,0.));
#8946=CARTESIAN_POINT('',(50.,-45.,0.));
#8947=CARTESIAN_POINT('',(50.,25.,0.));
#8948=CARTESIAN_POINT('Origin',(47.5,-45.,0.));
#8949=CARTESIAN_POINT('Ctrl Pts',(45.,-47.5,-2.5));
#8950=CARTESIAN_POINT('Ctrl Pts',(47.5,-47.5,-2.5));
#8951=CARTESIAN_POINT('Ctrl Pts',(47.5,-45.,-2.5));
#8952=CARTESIAN_POINT('Ctrl Pts',(45.,-50.,-2.5));
#8953=CARTESIAN_POINT('Ctrl Pts',(50.,-50.,-2.5));
#8954=CARTESIAN_POINT('Ctrl Pts',(50.,-45.,-2.5));
#8955=CARTESIAN_POINT('Ctrl Pts',(45.,-50.,0.));
#8956=CARTESIAN_POINT('Ctrl Pts',(50.,-50.,0.));
#8957=CARTESIAN_POINT('Ctrl Pts',(50.,-45.,0.));
#8958=CARTESIAN_POINT('',(45.,-50.,0.));
#8959=CARTESIAN_POINT('Origin',(45.,-47.5,0.));
#8960=CARTESIAN_POINT('Origin',(45.,-45.,0.));
#8961=CARTESIAN_POINT('Origin',(25.,-47.5,0.));
#8962=CARTESIAN_POINT('',(-45.,-50.,0.));
#8963=CARTESIAN_POINT('',(25.,-50.,0.));
#8964=CARTESIAN_POINT('Origin',(-45.,-47.5,0.));
#8965=CARTESIAN_POINT('Ctrl Pts',(-47.5,-45.,-2.5));
#8966=CARTESIAN_POINT('Ctrl Pts',(-47.5,-47.5,-2.5));
#8967=CARTESIAN_POINT('Ctrl Pts',(-45.,-47.5,-2.5));
#8968=CARTESIAN_POINT('Ctrl Pts',(-50.,-45.,-2.5));
#8969=CARTESIAN_POINT('Ctrl Pts',(-50.,-50.,-2.5));
#8970=CARTESIAN_POINT('Ctrl Pts',(-45.,-50.,-2.5));
#8971=CARTESIAN_POINT('Ctrl Pts',(-50.,-45.,0.));
#8972=CARTESIAN_POINT('Ctrl Pts',(-50.,-50.,0.));
#8973=CARTESIAN_POINT('Ctrl Pts',(-45.,-50.,0.));
#8974=CARTESIAN_POINT('',(-50.,-45.,0.));
#8975=CARTESIAN_POINT('Origin',(-47.5,-45.,0.));
#8976=CARTESIAN_POINT('Origin',(-45.,-45.,0.));
#8977=CARTESIAN_POINT('Origin',(-47.5,-25.,0.));
#8978=CARTESIAN_POINT('',(-50.,50.,0.));
#8979=CARTESIAN_POINT('Origin',(-47.5,50.,0.));
#8980=CARTESIAN_POINT('',(-50.,-25.,0.));
#8981=CARTESIAN_POINT('Origin',(-50.,-50.,0.));
#8982=CARTESIAN_POINT('',(-50.,-45.,90.));
#8983=CARTESIAN_POINT('',(-50.,-45.,0.));
#8984=CARTESIAN_POINT('',(-50.,50.,90.));
#8985=CARTESIAN_POINT('',(-50.,25.,90.));
#8986=CARTESIAN_POINT('',(-50.,50.,0.));
#8987=CARTESIAN_POINT('',(-50.,-1.16341445918998E-15,38.5625));
#8988=CARTESIAN_POINT('Origin',(-50.,0.,29.0625));
#8989=CARTESIAN_POINT('Origin',(-45.,-45.,0.));
#8990=CARTESIAN_POINT('',(-45.,-50.,90.));
#8991=CARTESIAN_POINT('',(-45.,-50.,0.));
#8992=CARTESIAN_POINT('Origin',(-45.,-45.,90.));
#8993=CARTESIAN_POINT('Origin',(50.,-50.,0.));
#8994=CARTESIAN_POINT('',(45.,-50.,90.));
#8995=CARTESIAN_POINT('',(45.,-50.,0.));
#8996=CARTESIAN_POINT('',(-25.,-50.,90.));
#8997=CARTESIAN_POINT('Origin',(45.,-45.,0.));
#8998=CARTESIAN_POINT('',(50.,-45.,90.));
#8999=CARTESIAN_POINT('',(50.,-45.,0.));
#9000=CARTESIAN_POINT('Origin',(45.,-45.,90.));
#9001=CARTESIAN_POINT('Origin',(-50.,50.,0.));
#9002=CARTESIAN_POINT('',(50.,50.,90.));
#9003=CARTESIAN_POINT('',(25.,50.,90.));
#9004=CARTESIAN_POINT('',(50.,50.,0.));
#9005=CARTESIAN_POINT('',(-42.5,50.,42.5));
#9006=CARTESIAN_POINT('Origin',(-32.5,50.,42.5));
#9007=CARTESIAN_POINT('',(-42.5,50.,10.));
#9008=CARTESIAN_POINT('',(-42.5,50.,0.));
#9009=CARTESIAN_POINT('Origin',(-32.5,50.,10.));
#9010=CARTESIAN_POINT('',(42.5,50.,10.));
#9011=CARTESIAN_POINT('Origin',(32.5,50.,10.));
#9012=CARTESIAN_POINT('',(42.5,50.,42.5));
#9013=CARTESIAN_POINT('',(42.5,50.,26.25));
#9014=CARTESIAN_POINT('Origin',(32.5,50.,42.5));
#9015=CARTESIAN_POINT('Origin',(50.,50.,0.));
#9016=CARTESIAN_POINT('',(50.,-25.,90.));
#9017=CARTESIAN_POINT('',(50.,-1.16341445918999E-15,19.5625));
#9018=CARTESIAN_POINT('Origin',(50.,0.,29.0625));
#9019=CARTESIAN_POINT('Origin',(-41.,-36.8229217479687,55.));
#9020=CARTESIAN_POINT('',(-41.,-28.5857196806223,62.5));
#9021=CARTESIAN_POINT('',(-41.,-36.8229217479687,62.5));
#9022=CARTESIAN_POINT('',(-41.,-18.4114608739843,62.5));
#9023=CARTESIAN_POINT('',(-41.,-36.8229217479687,55.));
#9024=CARTESIAN_POINT('',(-41.,-36.8229217479687,55.));
#9025=CARTESIAN_POINT('',(-41.,-28.5857196806223,55.));
#9026=CARTESIAN_POINT('',(-41.,-18.4114608739843,55.));
#9027=CARTESIAN_POINT('',(-41.,-28.5857196806223,55.));
#9028=CARTESIAN_POINT('Origin',(0.,0.,62.5));
#9029=CARTESIAN_POINT('',(-47.5,-35.,62.5));
#9030=CARTESIAN_POINT('Origin',(-47.5,-47.5,62.5));
#9031=CARTESIAN_POINT('',(-47.5,-27.5,62.5));
#9032=CARTESIAN_POINT('Origin',(-47.5,-47.5,62.5));
#9033=CARTESIAN_POINT('',(-47.5,-23.75,62.5));
#9034=CARTESIAN_POINT('Origin',(-47.5,-47.5,0.));
#9035=CARTESIAN_POINT('',(-47.5,-23.75,90.));
#9036=CARTESIAN_POINT('',(-47.5,27.5,62.5));
#9037=CARTESIAN_POINT('',(-47.5,27.5,55.));
#9038=CARTESIAN_POINT('',(-47.5,35.,62.5));
#9039=CARTESIAN_POINT('',(-47.5,-23.75,62.5));
#9040=CARTESIAN_POINT('',(-47.5,35.,55.));
#9041=CARTESIAN_POINT('',(-47.5,-35.,55.));
#9042=CARTESIAN_POINT('',(-47.5,-27.5,55.));
#9043=CARTESIAN_POINT('',(-47.5,-23.75,36.725));
#9044=CARTESIAN_POINT('Origin',(-41.,28.5857196806223,55.));
#9045=CARTESIAN_POINT('',(-41.,36.8229217479687,62.5));
#9046=CARTESIAN_POINT('',(-41.,28.5857196806223,62.5));
#9047=CARTESIAN_POINT('',(-41.,14.2928598403111,62.5));
#9048=CARTESIAN_POINT('',(-41.,28.5857196806223,55.));
#9049=CARTESIAN_POINT('',(-41.,28.5857196806223,55.));
#9050=CARTESIAN_POINT('',(-41.,36.8229217479687,55.));
#9051=CARTESIAN_POINT('',(-41.,14.2928598403111,55.));
#9052=CARTESIAN_POINT('',(-41.,36.8229217479687,55.));
#9053=CARTESIAN_POINT('Origin',(0.,0.,62.5));
#9054=CARTESIAN_POINT('Origin',(-47.5,47.5,62.5));
#9055=CARTESIAN_POINT('Origin',(-47.5,47.5,62.5));
#9056=CARTESIAN_POINT('Origin',(0.,0.,55.));
#9057=CARTESIAN_POINT('',(-36.5341439002693,-41.5,55.));
#9058=CARTESIAN_POINT('Origin',(-47.5,-47.5,55.));
#9059=CARTESIAN_POINT('',(-28.4212159716611,-41.5,55.));
#9060=CARTESIAN_POINT('',(-14.2106079858305,-41.5,55.));
#9061=CARTESIAN_POINT('',(28.4212159716611,-41.5,55.));
#9062=CARTESIAN_POINT('',(41.,-41.5,55.));
#9063=CARTESIAN_POINT('',(36.5341439002693,-41.5,55.));
#9064=CARTESIAN_POINT('',(18.2670719501347,-41.5,55.));
#9065=CARTESIAN_POINT('',(41.,-36.8229217479687,55.));
#9066=CARTESIAN_POINT('Origin',(47.5,-47.5,55.));
#9067=CARTESIAN_POINT('',(41.,-28.5857196806223,55.));
#9068=CARTESIAN_POINT('',(41.,-14.2928598403111,55.));
#9069=CARTESIAN_POINT('',(41.,28.5857196806223,55.));
#9070=CARTESIAN_POINT('',(41.,41.5,55.));
#9071=CARTESIAN_POINT('',(41.,36.8229217479687,55.));
#9072=CARTESIAN_POINT('',(41.,18.4114608739843,55.));
#9073=CARTESIAN_POINT('',(36.5341439002693,41.5,55.));
#9074=CARTESIAN_POINT('Origin',(47.5,47.5,55.));
#9075=CARTESIAN_POINT('',(28.4212159716611,41.5,55.));
#9076=CARTESIAN_POINT('',(14.2106079858305,41.5,55.));
#9077=CARTESIAN_POINT('',(-28.4212159716611,41.5,55.));
#9078=CARTESIAN_POINT('',(-41.,41.5,55.));
#9079=CARTESIAN_POINT('',(-36.5341439002693,41.5,55.));
#9080=CARTESIAN_POINT('',(-18.2670719501347,41.5,55.));
#9081=CARTESIAN_POINT('Origin',(-47.5,47.5,55.));
#9082=CARTESIAN_POINT('',(-41.,-41.5,55.));
#9083=CARTESIAN_POINT('Origin',(41.,36.8229217479687,55.));
#9084=CARTESIAN_POINT('',(41.,28.5857196806223,62.5));
#9085=CARTESIAN_POINT('',(41.,36.8229217479687,62.5));
#9086=CARTESIAN_POINT('',(41.,18.4114608739843,62.5));
#9087=CARTESIAN_POINT('',(41.,36.8229217479687,55.));
#9088=CARTESIAN_POINT('',(41.,28.5857196806223,55.));
#9089=CARTESIAN_POINT('Origin',(0.,0.,62.5));
#9090=CARTESIAN_POINT('Origin',(47.5,47.5,62.5));
#9091=CARTESIAN_POINT('Origin',(47.5,47.5,62.5));
#9092=CARTESIAN_POINT('Origin',(41.,-28.5857196806223,55.));
#9093=CARTESIAN_POINT('',(41.,-36.8229217479687,62.5));
#9094=CARTESIAN_POINT('',(41.,-28.5857196806223,62.5));
#9095=CARTESIAN_POINT('',(41.,-14.2928598403111,62.5));
#9096=CARTESIAN_POINT('',(41.,-28.5857196806223,55.));
#9097=CARTESIAN_POINT('',(41.,-36.8229217479687,55.));
#9098=CARTESIAN_POINT('Origin',(0.,0.,62.5));
#9099=CARTESIAN_POINT('Origin',(47.5,-47.5,62.5));
#9100=CARTESIAN_POINT('Origin',(47.5,-47.5,62.5));
#9101=CARTESIAN_POINT('Origin',(-28.4212159716611,-41.5,55.));
#9102=CARTESIAN_POINT('',(-36.5341439002693,-41.5,62.5));
#9103=CARTESIAN_POINT('',(-28.4212159716611,-41.5,62.5));
#9104=CARTESIAN_POINT('',(-14.2106079858305,-41.5,62.5));
#9105=CARTESIAN_POINT('',(-28.4212159716611,-41.5,55.));
#9106=CARTESIAN_POINT('',(-36.5341439002693,-41.5,55.));
#9107=CARTESIAN_POINT('Origin',(0.,0.,62.5));
#9108=CARTESIAN_POINT('',(-27.5,-47.5,62.5));
#9109=CARTESIAN_POINT('',(-35.,-47.5,62.5));
#9110=CARTESIAN_POINT('',(23.75,-47.5,62.5));
#9111=CARTESIAN_POINT('Origin',(-47.5,-47.5,62.5));
#9112=CARTESIAN_POINT('Origin',(-47.5,-47.5,62.5));
#9113=CARTESIAN_POINT('Origin',(47.5,-47.5,0.));
#9114=CARTESIAN_POINT('',(23.75,-47.5,90.));
#9115=CARTESIAN_POINT('',(-27.5,-47.5,55.));
#9116=CARTESIAN_POINT('',(-35.,-47.5,55.));
#9117=CARTESIAN_POINT('',(35.,-47.5,62.5));
#9118=CARTESIAN_POINT('',(35.,-47.5,55.));
#9119=CARTESIAN_POINT('',(27.5,-47.5,62.5));
#9120=CARTESIAN_POINT('',(23.75,-47.5,62.5));
#9121=CARTESIAN_POINT('',(27.5,-47.5,55.));
#9122=CARTESIAN_POINT('Origin',(-36.5341439002693,41.5,55.));
#9123=CARTESIAN_POINT('',(-28.4212159716611,41.5,62.5));
#9124=CARTESIAN_POINT('',(-36.5341439002693,41.5,62.5));
#9125=CARTESIAN_POINT('',(-18.2670719501347,41.5,62.5));
#9126=CARTESIAN_POINT('',(-36.5341439002693,41.5,55.));
#9127=CARTESIAN_POINT('',(-28.4212159716611,41.5,55.));
#9128=CARTESIAN_POINT('Origin',(0.,0.,62.5));
#9129=CARTESIAN_POINT('Origin',(-47.5,47.5,62.5));
#9130=CARTESIAN_POINT('Origin',(-47.5,47.5,62.5));
#9131=CARTESIAN_POINT('Origin',(28.4212159716611,41.5,55.));
#9132=CARTESIAN_POINT('',(36.5341439002693,41.5,62.5));
#9133=CARTESIAN_POINT('',(28.4212159716611,41.5,62.5));
#9134=CARTESIAN_POINT('',(14.2106079858305,41.5,62.5));
#9135=CARTESIAN_POINT('',(28.4212159716611,41.5,55.));
#9136=CARTESIAN_POINT('',(36.5341439002693,41.5,55.));
#9137=CARTESIAN_POINT('Origin',(0.,0.,62.5));
#9138=CARTESIAN_POINT('Origin',(47.5,47.5,62.5));
#9139=CARTESIAN_POINT('Origin',(47.5,47.5,62.5));
#9140=CARTESIAN_POINT('Origin',(36.5341439002693,-41.5,55.));
#9141=CARTESIAN_POINT('',(28.4212159716611,-41.5,62.5));
#9142=CARTESIAN_POINT('',(36.5341439002693,-41.5,62.5));
#9143=CARTESIAN_POINT('',(18.2670719501347,-41.5,62.5));
#9144=CARTESIAN_POINT('',(36.5341439002693,-41.5,55.));
#9145=CARTESIAN_POINT('',(28.4212159716611,-41.5,55.));
#9146=CARTESIAN_POINT('Origin',(0.,0.,62.5));
#9147=CARTESIAN_POINT('Origin',(47.5,-47.5,62.5));
#9148=CARTESIAN_POINT('Origin',(47.5,-47.5,62.5));
#9149=CARTESIAN_POINT('Origin',(41.,28.5857196806223,55.));
#9150=CARTESIAN_POINT('',(41.,28.5857196806223,55.));
#9151=CARTESIAN_POINT('',(41.,-28.5857196806223,55.));
#9152=CARTESIAN_POINT('Origin',(47.5,47.5,55.));
#9153=CARTESIAN_POINT('Origin',(47.5,47.5,55.));
#9154=CARTESIAN_POINT('Origin',(47.5,47.5,55.));
#9155=CARTESIAN_POINT('',(28.4212159716611,41.5,55.));
#9156=CARTESIAN_POINT('Origin',(-28.4212159716611,41.5,55.));
#9157=CARTESIAN_POINT('',(-28.4212159716611,41.5,55.));
#9158=CARTESIAN_POINT('Origin',(-47.5,47.5,55.));
#9159=CARTESIAN_POINT('Origin',(-47.5,47.5,55.));
#9160=CARTESIAN_POINT('Origin',(-47.5,47.5,55.));
#9161=CARTESIAN_POINT('',(-41.,28.5857196806223,55.));
#9162=CARTESIAN_POINT('Origin',(-41.,-28.5857196806223,55.));
#9163=CARTESIAN_POINT('',(-41.,-28.5857196806223,55.));
#9164=CARTESIAN_POINT('Origin',(-47.5,-47.5,55.));
#9165=CARTESIAN_POINT('Origin',(-47.5,-47.5,55.));
#9166=CARTESIAN_POINT('Origin',(-47.5,-47.5,55.));
#9167=CARTESIAN_POINT('',(-28.4212159716611,-41.5,55.));
#9168=CARTESIAN_POINT('Origin',(28.4212159716611,-41.5,55.));
#9169=CARTESIAN_POINT('',(28.4212159716611,-41.5,55.));
#9170=CARTESIAN_POINT('Origin',(47.5,-47.5,55.));
#9171=CARTESIAN_POINT('Origin',(47.5,-47.5,55.));
#9172=CARTESIAN_POINT('Origin',(47.5,-47.5,55.));
#9173=CARTESIAN_POINT('Origin',(38.,18.25,0.5));
#9174=CARTESIAN_POINT('',(37.5,36.5,0.5));
#9175=CARTESIAN_POINT('Origin',(38.,36.5,0.5));
#9176=CARTESIAN_POINT('',(37.5,31.5,0.5));
#9177=CARTESIAN_POINT('',(37.5,18.25,0.5));
#9178=CARTESIAN_POINT('Origin',(38.,31.,0.5));
#9179=CARTESIAN_POINT('Origin',(27.,20.75,0.5));
#9180=CARTESIAN_POINT('',(27.5,31.5,0.5));
#9181=CARTESIAN_POINT('',(27.5,36.5,0.5));
#9182=CARTESIAN_POINT('',(27.5,20.75,0.5));
#9183=CARTESIAN_POINT('Origin',(27.,36.5,0.5));
#9184=CARTESIAN_POINT('Origin',(27.,31.,0.5));
#9185=CARTESIAN_POINT('Origin',(16.25,31.,0.5));
#9186=CARTESIAN_POINT('',(16.25,31.5,0.5));
#9187=CARTESIAN_POINT('Origin',(28.,41.5,2.51316701949486));
#9188=CARTESIAN_POINT('',(28.2142857142857,32.,2.96492097094748));
#9189=CARTESIAN_POINT('',(28.2142857142857,41.5,2.96492097094748));
#9190=CARTESIAN_POINT('',(28.2142857142857,41.5,2.96492097094748));
#9191=CARTESIAN_POINT('',(27.5,41.5,2.51316701949486));
#9192=CARTESIAN_POINT('Origin',(28.,41.5,2.51316701949486));
#9193=CARTESIAN_POINT('',(27.5,31.5,2.51316701949486));
#9194=CARTESIAN_POINT('',(27.5,41.5,2.51316701949486));
#9195=CARTESIAN_POINT('',(27.5534761556884,31.5,2.73814803305206));
#9196=CARTESIAN_POINT('Origin',(28.,31.5,2.51316701949486));
#9197=CARTESIAN_POINT('Ctrl Pts',(27.5534761556884,31.5,2.73814803305206));
#9198=CARTESIAN_POINT('Ctrl Pts',(27.5744633543013,31.5,2.77980170176735));
#9199=CARTESIAN_POINT('Ctrl Pts',(27.6007896151584,31.5065178299617,2.81756498574627));
#9200=CARTESIAN_POINT('Ctrl Pts',(27.6656646586896,31.5328049327417,2.88843594783444));
#9201=CARTESIAN_POINT('Ctrl Pts',(27.7041235253389,31.5537150089948,2.91890419741759));
#9202=CARTESIAN_POINT('Ctrl Pts',(27.7974825076788,31.6131541047087,2.97452082765778));
#9203=CARTESIAN_POINT('Ctrl Pts',(27.8531723633088,31.654957287073,2.99428698631119));
#9204=CARTESIAN_POINT('Ctrl Pts',(27.9604277816515,31.7439571593301,3.01452155887972));
#9205=CARTESIAN_POINT('Ctrl Pts',(28.012851080316,31.7916838962609,3.01551315164821));
#9206=CARTESIAN_POINT('Ctrl Pts',(28.1148741278394,31.8914056893982,3.00263362638634));
#9207=CARTESIAN_POINT('Ctrl Pts',(28.1650350361991,31.9443016836892,2.98792224872921));
#9208=CARTESIAN_POINT('Ctrl Pts',(28.2124277139365,31.9978943261211,2.965798792631));
#9209=CARTESIAN_POINT('Ctrl Pts',(28.2133573940918,31.9989471645692,2.96536131187908));
#9210=CARTESIAN_POINT('Ctrl Pts',(28.2142857142857,32.,2.96492097094748));
#9211=CARTESIAN_POINT('Origin',(37.,41.5,2.51316701949486));
#9212=CARTESIAN_POINT('',(37.5,31.5,2.51316701949486));
#9213=CARTESIAN_POINT('',(37.5,41.5,2.51316701949486));
#9214=CARTESIAN_POINT('',(37.5,41.5,2.51316701949486));
#9215=CARTESIAN_POINT('',(36.7857142857143,41.5,2.96492097094748));
#9216=CARTESIAN_POINT('Origin',(37.,41.5,2.51316701949486));
#9217=CARTESIAN_POINT('',(36.7857142857143,32.,2.96492097094748));
#9218=CARTESIAN_POINT('',(36.7857142857143,41.5,2.96492097094748));
#9219=CARTESIAN_POINT('',(37.4465238443115,31.5,2.73814803305207));
#9220=CARTESIAN_POINT('Ctrl Pts',(36.7857142857143,32.,2.96492097094748));
#9221=CARTESIAN_POINT('Ctrl Pts',(36.7866426059082,31.9989471645691,2.96536131187912));
#9222=CARTESIAN_POINT('Ctrl Pts',(36.7875722860634,31.9978943261212,2.96579879263096));
#9223=CARTESIAN_POINT('Ctrl Pts',(36.8349649638009,31.9443016836891,2.98792224872922));
#9224=CARTESIAN_POINT('Ctrl Pts',(36.8851258721606,31.8914056893982,3.00263362638635));
#9225=CARTESIAN_POINT('Ctrl Pts',(36.987148919684,31.7916838962608,3.01551315164821));
#9226=CARTESIAN_POINT('Ctrl Pts',(37.0395722183485,31.7439571593301,3.01452155887972));
#9227=CARTESIAN_POINT('Ctrl Pts',(37.1468276366912,31.654957287073,2.99428698631119));
#9228=CARTESIAN_POINT('Ctrl Pts',(37.2025174923212,31.6131541047087,2.97452082765778));
#9229=CARTESIAN_POINT('Ctrl Pts',(37.2958764746611,31.5537150089948,2.91890419741759));
#9230=CARTESIAN_POINT('Ctrl Pts',(37.3343353413104,31.5328049327417,2.88843594783444));
#9231=CARTESIAN_POINT('Ctrl Pts',(37.3992103848416,31.5065178299617,2.81756498574628));
#9232=CARTESIAN_POINT('Ctrl Pts',(37.4255366456987,31.5,2.77980170176736));
#9233=CARTESIAN_POINT('Ctrl Pts',(37.4465238443115,31.5,2.73814803305207));
#9234=CARTESIAN_POINT('Origin',(37.,31.5,2.51316701949486));
#9235=CARTESIAN_POINT('Origin',(32.5,32.,12.));
#9236=CARTESIAN_POINT('Origin',(32.5,31.5,12.));
#9237=CARTESIAN_POINT('Origin',(32.5,32.,12.));
#9238=CARTESIAN_POINT('Origin',(32.5,41.5,12.));
#9239=CARTESIAN_POINT('Origin',(32.5,41.5,12.));
#9240=CARTESIAN_POINT('Origin',(37.5,36.5,0.));
#9241=CARTESIAN_POINT('',(37.5,36.5,0.));
#9242=CARTESIAN_POINT('',(37.5,41.5,0.));
#9243=CARTESIAN_POINT('',(37.5,41.5,2.));
#9244=CARTESIAN_POINT('',(37.5,31.5,2.));
#9245=CARTESIAN_POINT('Origin',(32.5,31.5,1.6698729810778));
#9246=CARTESIAN_POINT('',(27.5,31.5,2.));
#9247=CARTESIAN_POINT('Origin',(32.5,41.5,1.6698729810778));
#9248=CARTESIAN_POINT('',(27.5,41.5,2.));
#9249=CARTESIAN_POINT('Origin',(42.5,41.5,0.));
#9250=CARTESIAN_POINT('',(42.5,36.5,0.));
#9251=CARTESIAN_POINT('',(42.5,41.5,0.));
#9252=CARTESIAN_POINT('Origin',(37.5,41.5,0.));
#9253=CARTESIAN_POINT('Origin',(42.5,36.5,0.));
#9254=CARTESIAN_POINT('Origin',(27.5,41.5,0.));
#9255=CARTESIAN_POINT('',(27.5,41.5,0.));
#9256=CARTESIAN_POINT('',(27.5,36.5,0.));
#9257=CARTESIAN_POINT('Origin',(22.5,41.5,0.));
#9258=CARTESIAN_POINT('',(22.5,41.5,0.));
#9259=CARTESIAN_POINT('Origin',(22.5,36.5,0.));
#9260=CARTESIAN_POINT('',(22.5,36.5,0.));
#9261=CARTESIAN_POINT('Origin',(27.5,36.5,0.));
#9262=CARTESIAN_POINT('Origin',(-32.5,47.5,42.5));
#9263=CARTESIAN_POINT('',(-42.5,47.5,42.5));
#9264=CARTESIAN_POINT('Origin',(-42.5,47.5,0.));
#9265=CARTESIAN_POINT('',(-42.5,23.75,10.));
#9266=CARTESIAN_POINT('Origin',(32.5,47.5,42.5));
#9267=CARTESIAN_POINT('',(42.5,47.5,42.5));
#9268=CARTESIAN_POINT('Origin',(-32.5,23.75,10.));
#9269=CARTESIAN_POINT('Origin',(32.5,23.75,10.));
#9270=CARTESIAN_POINT('',(42.5,23.75,10.));
#9271=CARTESIAN_POINT('Origin',(42.5,47.5,52.5));
#9272=CARTESIAN_POINT('Origin',(-36.4999989382923,-3.33125,40.475));
#9273=CARTESIAN_POINT('Origin',(36.4999989382923,3.33125000000001,40.475));
#9274=CARTESIAN_POINT('',(35.4514181522661,-6.6625,32.6106441048035));
#9275=CARTESIAN_POINT('Origin',(39.9999989382923,6.66250000000001,36.725));
#9276=CARTESIAN_POINT('',(39.9999989382923,-6.6625,29.8625));
#9277=CARTESIAN_POINT('Origin',(46.3749989382923,-6.6625,36.725));
#9278=CARTESIAN_POINT('',(46.3749989382923,-6.6625,36.725));
#9279=CARTESIAN_POINT('Origin',(-46.3749989382923,6.6625,36.725));
#9280=CARTESIAN_POINT('Origin',(0.,2.22044604925031E-15,36.725));
#9281=CARTESIAN_POINT('Origin',(55.,0.,29.0625));
#9282=CARTESIAN_POINT('',(55.,-5.51091059616309E-16,24.5625));
#9283=CARTESIAN_POINT('Origin',(55.,0.,29.0625));
#9284=CARTESIAN_POINT('Origin',(55.,-1.16341445918999E-15,19.5625));
#9285=CARTESIAN_POINT('Origin',(-55.,0.,29.0625));
#9286=CARTESIAN_POINT('',(-55.,-5.51091059616309E-16,33.5625));
#9287=CARTESIAN_POINT('Origin',(-55.,0.,29.0625));
#9288=CARTESIAN_POINT('Origin',(-55.,-1.16341445918999E-15,38.5625));
#9289=CARTESIAN_POINT('Origin',(-47.5,0.,29.0625));
#9290=CARTESIAN_POINT('',(-47.5,3.25,29.0625));
#9291=CARTESIAN_POINT('Origin',(-47.5,0.,29.0625));
#9292=CARTESIAN_POINT('',(-47.5,-2.25,29.0625));
#9293=CARTESIAN_POINT('Origin',(-47.5,0.,29.0625));
#9294=CARTESIAN_POINT('Origin',(-50.,0.,29.0625));
#9295=CARTESIAN_POINT('',(-55.,3.25,29.0625));
#9296=CARTESIAN_POINT('Origin',(-55.,0.,29.0625));
#9297=CARTESIAN_POINT('',(-50.,3.25,29.0625));
#9298=CARTESIAN_POINT('Origin',(-55.,0.,29.0625));
#9299=CARTESIAN_POINT('Origin',(50.,0.,29.0625));
#9300=CARTESIAN_POINT('',(55.,-3.25,29.0625));
#9301=CARTESIAN_POINT('Origin',(55.,0.,29.0625));
#9302=CARTESIAN_POINT('',(50.,-3.25,29.0625));
#9303=CARTESIAN_POINT('',(50.,-3.25,29.0625));
#9304=CARTESIAN_POINT('Origin',(50.,0.,29.0625));
#9305=CARTESIAN_POINT('Origin',(55.,0.,29.0625));
#9306=CARTESIAN_POINT('Origin',(0.,0.,29.0625));
#9307=CARTESIAN_POINT('',(-45.5000014528632,-2.25,29.0625));
#9308=CARTESIAN_POINT('',(0.,-2.25,29.0625));
#9309=CARTESIAN_POINT('Origin',(-45.5000014528632,0.,29.0625));
#9310=CARTESIAN_POINT('Origin',(0.,0.,29.0625));
#9311=CARTESIAN_POINT('',(45.5000014528632,-2.25,29.0625));
#9312=CARTESIAN_POINT('Origin',(45.5000014528632,0.,29.0625));
#9313=CARTESIAN_POINT('',(50.,-2.25,29.0625));
#9314=CARTESIAN_POINT('',(0.,-2.25,29.0625));
#9315=CARTESIAN_POINT('Origin',(50.,0.,29.0625));
#9316=CARTESIAN_POINT('Origin',(0.,1.66533453693773E-15,22.0000003278255));
#9317=CARTESIAN_POINT('',(36.5000014528632,-5.8625,22.0000003278255));
#9318=CARTESIAN_POINT('',(44.5000014528632,-5.8625,22.0000003278255));
#9319=CARTESIAN_POINT('',(22.2500007264316,-5.8625,22.0000003278255));
#9320=CARTESIAN_POINT('',(44.5000014528632,5.86250000000001,22.0000003278255));
#9321=CARTESIAN_POINT('',(44.5000014528632,2.93125,22.0000003278255));
#9322=CARTESIAN_POINT('',(36.5000014528632,5.86250000000001,22.0000003278255));
#9323=CARTESIAN_POINT('',(18.2500007264316,5.8625,22.0000003278255));
#9324=CARTESIAN_POINT('',(36.5000014528632,-2.93125,22.0000003278255));
#9325=CARTESIAN_POINT('Origin',(0.,1.66533453693773E-15,36.125));
#9326=CARTESIAN_POINT('',(36.5000014528632,5.86250000000001,36.125));
#9327=CARTESIAN_POINT('',(44.5000014528632,5.86250000000001,36.125));
#9328=CARTESIAN_POINT('',(22.2500007264316,5.8625,36.125));
#9329=CARTESIAN_POINT('',(44.5000014528632,-5.8625,36.125));
#9330=CARTESIAN_POINT('',(44.5000014528632,-2.93125,36.125));
#9331=CARTESIAN_POINT('',(36.5000014528632,-5.8625,36.125));
#9332=CARTESIAN_POINT('',(18.2500007264316,-5.8625,36.125));
#9333=CARTESIAN_POINT('',(36.5000014528632,2.93125,36.125));
#9334=CARTESIAN_POINT('Origin',(0.,1.66533453693773E-15,22.0000003278255));
#9335=CARTESIAN_POINT('',(-36.5000014528632,5.8625,22.0000003278255));
#9336=CARTESIAN_POINT('',(-44.5000014528632,5.8625,22.0000003278255));
#9337=CARTESIAN_POINT('',(-22.2500007264316,5.8625,22.0000003278255));
#9338=CARTESIAN_POINT('',(-44.5000014528632,-5.86250000000001,22.0000003278255));
#9339=CARTESIAN_POINT('',(-44.5000014528632,-2.93125,22.0000003278255));
#9340=CARTESIAN_POINT('',(-36.5000014528632,-5.8625,22.0000003278255));
#9341=CARTESIAN_POINT('',(-18.2500007264316,-5.8625,22.0000003278255));
#9342=CARTESIAN_POINT('',(-36.5000014528632,2.93125,22.0000003278255));
#9343=CARTESIAN_POINT('Origin',(0.,1.66533453693773E-15,36.125));
#9344=CARTESIAN_POINT('',(-36.5000014528632,-5.8625,36.125));
#9345=CARTESIAN_POINT('',(-44.5000014528632,-5.86250000000001,36.125));
#9346=CARTESIAN_POINT('',(-22.2500007264316,-5.8625,36.125));
#9347=CARTESIAN_POINT('',(-44.5000014528632,5.8625,36.125));
#9348=CARTESIAN_POINT('',(-44.5000014528632,2.93125,36.125));
#9349=CARTESIAN_POINT('',(-36.5000014528632,5.8625,36.125));
#9350=CARTESIAN_POINT('',(-18.2500007264316,5.8625,36.125));
#9351=CARTESIAN_POINT('',(-36.5000014528632,-2.93125,36.125));
#9352=CARTESIAN_POINT('Origin',(0.,1.66533453693773E-15,35.125));
#9353=CARTESIAN_POINT('',(44.5000014528632,-5.06249999999999,35.125));
#9354=CARTESIAN_POINT('',(44.5000014528632,5.06250000000001,35.125));
#9355=CARTESIAN_POINT('',(44.5000014528632,-2.93125,35.125));
#9356=CARTESIAN_POINT('',(45.5000014528632,5.06250000000001,35.125));
#9357=CARTESIAN_POINT('',(22.7500007264316,5.06249999999999,35.125));
#9358=CARTESIAN_POINT('',(45.5000014528632,-5.06249999999999,35.125));
#9359=CARTESIAN_POINT('',(45.5000014528632,-2.53125,35.125));
#9360=CARTESIAN_POINT('',(22.2500007264316,-5.06249999999998,35.125));
#9361=CARTESIAN_POINT('Origin',(0.,1.66533453693773E-15,35.125));
#9362=CARTESIAN_POINT('',(36.5000014528632,5.0625,35.125));
#9363=CARTESIAN_POINT('',(36.5000014528632,-5.06249999999999,35.125));
#9364=CARTESIAN_POINT('',(36.5000014528632,2.93125,35.125));
#9365=CARTESIAN_POINT('',(21.0000014528632,-5.06249999999998,35.125));
#9366=CARTESIAN_POINT('',(10.5000007264316,-5.06249999999997,35.125));
#9367=CARTESIAN_POINT('',(21.0000014528632,5.06249999999999,35.125));
#9368=CARTESIAN_POINT('',(21.0000014528632,3.33125,35.125));
#9369=CARTESIAN_POINT('',(18.2500007264316,5.06249999999999,35.125));
#9370=CARTESIAN_POINT('Origin',(0.,1.66533453693773E-15,35.125));
#9371=CARTESIAN_POINT('',(-44.5000014528632,5.0625,35.125));
#9372=CARTESIAN_POINT('',(-44.5000014528632,-5.0625,35.125));
#9373=CARTESIAN_POINT('',(-44.5000014528632,2.93125,35.125));
#9374=CARTESIAN_POINT('',(-45.5000014528632,-5.0625,35.125));
#9375=CARTESIAN_POINT('',(-22.7500007264316,-5.06249999999999,35.125));
#9376=CARTESIAN_POINT('',(-45.5000014528632,5.0625,35.125));
#9377=CARTESIAN_POINT('',(-45.5000014528632,2.53125,35.125));
#9378=CARTESIAN_POINT('',(-22.2500007264316,5.06249999999999,35.125));
#9379=CARTESIAN_POINT('Origin',(0.,1.66533453693773E-15,35.125));
#9380=CARTESIAN_POINT('',(-36.5000014528632,-5.0625,35.125));
#9381=CARTESIAN_POINT('',(-36.5000014528632,5.06249999999999,35.125));
#9382=CARTESIAN_POINT('',(-36.5000014528632,-2.93125,35.125));
#9383=CARTESIAN_POINT('',(-21.0000014528632,5.06249999999998,35.125));
#9384=CARTESIAN_POINT('',(-10.5000007264316,5.06249999999998,35.125));
#9385=CARTESIAN_POINT('',(-21.0000014528632,-5.06249999999998,35.125));
#9386=CARTESIAN_POINT('',(-21.0000014528632,-3.33125,35.125));
#9387=CARTESIAN_POINT('',(-18.2500007264316,-5.06249999999998,35.125));
#9388=CARTESIAN_POINT('Origin',(-6.66133814775094E-15,2.38418582654276E-7,
23.));
#9389=CARTESIAN_POINT('',(-44.5000014528632,-5.0625,23.));
#9390=CARTESIAN_POINT('',(-44.5000014528632,5.0625,23.));
#9391=CARTESIAN_POINT('',(-44.5000014528632,2.93125011920929,23.));
#9392=CARTESIAN_POINT('',(-45.5000014528632,5.0625,23.));
#9393=CARTESIAN_POINT('',(-47.5000014528632,5.0625,23.));
#9394=CARTESIAN_POINT('',(-45.5000014528632,-5.0625,23.));
#9395=CARTESIAN_POINT('',(-45.5000014528632,5.0625,23.));
#9396=CARTESIAN_POINT('',(-47.5000014528632,-5.06250000000001,23.));
#9397=CARTESIAN_POINT('Origin',(-6.66133814775094E-15,2.38418582654276E-7,
23.));
#9398=CARTESIAN_POINT('',(44.5000014528632,5.06250000000001,23.));
#9399=CARTESIAN_POINT('',(44.5000014528632,-5.06249999999999,23.));
#9400=CARTESIAN_POINT('',(44.5000014528632,-2.93124988079071,23.));
#9401=CARTESIAN_POINT('',(45.5000014528632,-5.06249999999999,23.));
#9402=CARTESIAN_POINT('',(47.5000014528632,-5.0625,23.));
#9403=CARTESIAN_POINT('',(45.5000014528632,5.06250000000001,23.));
#9404=CARTESIAN_POINT('',(45.5000014528632,-5.06249999999999,23.));
#9405=CARTESIAN_POINT('',(47.5000014528632,5.06250000000001,23.));
#9406=CARTESIAN_POINT('Origin',(21.0000014528632,-5.06249999999998,23.));
#9407=CARTESIAN_POINT('',(36.5000014528632,-5.06249999999999,23.));
#9408=CARTESIAN_POINT('',(36.5000014528632,-5.06249999999999,23.));
#9409=CARTESIAN_POINT('',(21.0000014528632,-5.06249999999998,23.));
#9410=CARTESIAN_POINT('',(47.5000014528632,-5.0625,23.));
#9411=CARTESIAN_POINT('',(21.0000014528632,-5.06249999999998,23.));
#9412=CARTESIAN_POINT('Origin',(36.5000014528632,5.0625,23.));
#9413=CARTESIAN_POINT('',(21.0000014528632,5.06249999999999,23.));
#9414=CARTESIAN_POINT('',(21.0000014528632,5.06249999999999,23.));
#9415=CARTESIAN_POINT('',(36.5000014528632,5.0625,23.));
#9416=CARTESIAN_POINT('',(47.5000014528632,5.06250000000001,23.));
#9417=CARTESIAN_POINT('',(36.5000014528632,5.0625,23.));
#9418=CARTESIAN_POINT('Origin',(36.5000014528632,5.86250000000001,23.));
#9419=CARTESIAN_POINT('',(36.5000014528632,5.86250000000001,23.));
#9420=CARTESIAN_POINT('',(36.5000014528632,-5.8625,23.));
#9421=CARTESIAN_POINT('',(36.5000014528632,2.93125011920929,23.));
#9422=CARTESIAN_POINT('Origin',(44.5000014528632,5.86250000000001,23.));
#9423=CARTESIAN_POINT('',(44.5000014528632,5.86250000000001,23.));
#9424=CARTESIAN_POINT('Origin',(44.5000014528632,5.06250000000001,23.));
#9425=CARTESIAN_POINT('',(44.5000014528632,-5.8625,23.));
#9426=CARTESIAN_POINT('',(44.5000014528632,-5.06249999999999,23.));
#9427=CARTESIAN_POINT('',(44.5000014528632,5.06250000000001,23.));
#9428=CARTESIAN_POINT('Origin',(45.5000014528632,5.06250000000001,23.));
#9429=CARTESIAN_POINT('',(45.5000014528632,5.06250000000001,23.));
#9430=CARTESIAN_POINT('Origin',(45.5000014528632,-5.06249999999999,23.));
#9431=CARTESIAN_POINT('',(45.5000014528632,-5.06249999999999,23.));
#9432=CARTESIAN_POINT('Origin',(44.5000014528632,-5.06249999999999,23.));
#9433=CARTESIAN_POINT('Origin',(36.5000014528632,-5.8625,23.));
#9434=CARTESIAN_POINT('Origin',(-36.5000014528632,5.8625,23.));
#9435=CARTESIAN_POINT('',(-44.5000014528632,5.8625,23.));
#9436=CARTESIAN_POINT('',(-36.5000014528632,5.8625,23.));
#9437=CARTESIAN_POINT('Origin',(-21.0000014528632,5.06249999999998,23.));
#9438=CARTESIAN_POINT('',(-36.5000014528632,5.06249999999999,23.));
#9439=CARTESIAN_POINT('',(-36.5000014528632,5.06249999999999,23.));
#9440=CARTESIAN_POINT('',(-21.0000014528632,5.06249999999998,23.));
#9441=CARTESIAN_POINT('',(-47.5000014528632,5.0625,23.));
#9442=CARTESIAN_POINT('',(-21.0000014528632,5.06249999999998,23.));
#9443=CARTESIAN_POINT('Origin',(-36.5000014528632,-5.0625,23.));
#9444=CARTESIAN_POINT('',(-21.0000014528632,-5.06249999999998,23.));
#9445=CARTESIAN_POINT('',(-21.0000014528632,-5.06249999999998,23.));
#9446=CARTESIAN_POINT('',(-36.5000014528632,-5.0625,23.));
#9447=CARTESIAN_POINT('',(-47.5000014528632,-5.06250000000001,23.));
#9448=CARTESIAN_POINT('',(-36.5000014528632,-5.0625,23.));
#9449=CARTESIAN_POINT('Origin',(-36.5000014528632,-5.8625,23.));
#9450=CARTESIAN_POINT('',(-36.5000014528632,-5.8625,23.));
#9451=CARTESIAN_POINT('',(-36.5000014528632,-2.93124988079071,23.));
#9452=CARTESIAN_POINT('Origin',(-44.5000014528632,-5.86250000000001,23.));
#9453=CARTESIAN_POINT('',(-44.5000014528632,-5.86250000000001,23.));
#9454=CARTESIAN_POINT('Origin',(-44.5000014528632,-5.0625,23.));
#9455=CARTESIAN_POINT('',(-44.5000014528632,5.0625,23.));
#9456=CARTESIAN_POINT('',(-44.5000014528632,-5.0625,23.));
#9457=CARTESIAN_POINT('Origin',(-45.5000014528632,-5.0625,23.));
#9458=CARTESIAN_POINT('',(-45.5000014528632,-5.0625,23.));
#9459=CARTESIAN_POINT('Origin',(-45.5000014528632,5.0625,23.));
#9460=CARTESIAN_POINT('',(-45.5000014528632,5.0625,23.));
#9461=CARTESIAN_POINT('Origin',(-44.5000014528632,5.0625,23.));
#9462=CARTESIAN_POINT('Origin',(21.0000014528632,6.6625,23.));
#9463=CARTESIAN_POINT('',(21.0000014528632,-6.6625,23.));
#9464=CARTESIAN_POINT('',(21.0000014528632,3.33125011920929,23.));
#9465=CARTESIAN_POINT('',(21.0000014528632,-6.6625,23.));
#9466=CARTESIAN_POINT('',(21.0000014528632,3.33125011920929,23.));
#9467=CARTESIAN_POINT('Origin',(-21.0000014528632,-6.6625,23.));
#9468=CARTESIAN_POINT('',(-21.0000014528632,-3.33124988079071,23.));
#9469=CARTESIAN_POINT('',(-21.0000014528632,-3.33124988079071,23.));
#9470=CARTESIAN_POINT('Origin',(47.4999989382923,-6.6625,23.));
#9471=CARTESIAN_POINT('',(47.4999989382923,-6.6625,23.));
#9472=CARTESIAN_POINT('Origin',(14.5,16.0000002384186,-1.49011611383365E-8));
#9473=CARTESIAN_POINT('',(15.5,-30.,-1.49011611383365E-8));
#9474=CARTESIAN_POINT('',(14.5,-30.,-1.00000001490116));
#9475=CARTESIAN_POINT('Origin',(14.5,-30.,-1.49011611383365E-8));
#9476=CARTESIAN_POINT('',(15.5,30.,-1.49011611383365E-8));
#9477=CARTESIAN_POINT('',(15.5,16.0000002384186,-1.49011611383365E-8));
#9478=CARTESIAN_POINT('',(14.5,30.,-1.00000001490116));
#9479=CARTESIAN_POINT('Origin',(14.5,30.,-1.49011611383365E-8));
#9480=CARTESIAN_POINT('',(14.5,16.0000002384186,-1.00000001490116));
#9481=CARTESIAN_POINT('Origin',(15.5,-30.,0.));
#9482=CARTESIAN_POINT('',(-14.5,-30.,-1.00000001490116));
#9483=CARTESIAN_POINT('',(7.75,-30.,-1.00000001490116));
#9484=CARTESIAN_POINT('',(-15.5,-30.,-1.49011611383365E-8));
#9485=CARTESIAN_POINT('Origin',(-14.5,-30.,-1.49011611383365E-8));
#9486=CARTESIAN_POINT('',(-15.5,-30.,23.));
#9487=CARTESIAN_POINT('',(-15.5,-30.,0.));
#9488=CARTESIAN_POINT('',(15.5,-30.,23.));
#9489=CARTESIAN_POINT('',(7.74999999999999,-30.,23.));
#9490=CARTESIAN_POINT('',(15.5,-30.,0.));
#9491=CARTESIAN_POINT('Origin',(4.44089209850063E-15,0.,-1.00000001490116));
#9492=CARTESIAN_POINT('',(-14.5,30.,-1.00000001490116));
#9493=CARTESIAN_POINT('',(-7.74999999999999,30.,-1.00000001490116));
#9494=CARTESIAN_POINT('',(-14.5,-15.,-1.00000001490116));
#9495=CARTESIAN_POINT('Origin',(-14.5,-15.,-1.49011611383365E-8));
#9496=CARTESIAN_POINT('',(-15.5,30.,-1.49011611383365E-8));
#9497=CARTESIAN_POINT('Origin',(-14.5,30.,-1.49011611383365E-8));
#9498=CARTESIAN_POINT('',(-15.5,-15.,-1.49011611383365E-8));
#9499=CARTESIAN_POINT('Origin',(-15.5,30.,0.));
#9500=CARTESIAN_POINT('',(15.5,30.,4.));
#9501=CARTESIAN_POINT('',(15.5,30.,0.));
#9502=CARTESIAN_POINT('',(-15.5,30.,4.));
#9503=CARTESIAN_POINT('',(-7.75,30.,4.));
#9504=CARTESIAN_POINT('',(-15.5,30.,0.));
#9505=CARTESIAN_POINT('Origin',(-1.11022302462516E-15,31.0000002384186,
4.));
#9506=CARTESIAN_POINT('',(15.5,32.0000004768372,4.));
#9507=CARTESIAN_POINT('',(15.5,31.5000003576279,4.));
#9508=CARTESIAN_POINT('',(-15.5,32.,4.));
#9509=CARTESIAN_POINT('',(7.75,32.,4.));
#9510=CARTESIAN_POINT('',(-15.5,0.500000119209294,4.));
#9511=CARTESIAN_POINT('Origin',(15.5,32.0000004768372,0.));
#9512=CARTESIAN_POINT('',(15.5,32.0000004768372,23.));
#9513=CARTESIAN_POINT('',(15.5,16.0000003576279,23.));
#9514=CARTESIAN_POINT('',(15.5,32.0000004768372,0.));
#9515=CARTESIAN_POINT('Origin',(-15.5,-30.,0.));
#9516=CARTESIAN_POINT('',(-15.5,32.,23.));
#9517=CARTESIAN_POINT('',(-15.5,32.,0.));
#9518=CARTESIAN_POINT('',(-15.5,-14.9999998807907,23.));
#9519=CARTESIAN_POINT('Origin',(17.5,32.,0.));
#9520=CARTESIAN_POINT('',(8.74999999999999,32.,23.));
#9521=CARTESIAN_POINT('',(-7.75,32.,23.));
#9522=CARTESIAN_POINT('Origin',(-17.5,-32.,0.));
#9523=CARTESIAN_POINT('',(-8.75,-32.,23.));
#9524=CARTESIAN_POINT('Origin',(-6.66133814775094E-15,2.38418582654276E-7,
23.));
#9525=CARTESIAN_POINT('Origin',(0.,0.,90.));
#9526=CARTESIAN_POINT('Origin',(50.,50.,0.));
#9527=CARTESIAN_POINT('Origin',(22.5,-14.5,126.645895496989));
#9528=CARTESIAN_POINT('',(-30.,-47.5,126.645895496989));
#9529=CARTESIAN_POINT('',(-30.,-47.3362272769296,123.362272769296));
#9530=CARTESIAN_POINT('Origin',(-30.,-14.5,126.645895496989));
#9531=CARTESIAN_POINT('',(30.,-47.3362272769296,123.362272769296));
#9532=CARTESIAN_POINT('',(22.5,-47.3362272769296,123.362272769296));
#9533=CARTESIAN_POINT('',(30.,-47.5,126.645895496989));
#9534=CARTESIAN_POINT('Origin',(30.,-14.5,126.645895496989));
#9535=CARTESIAN_POINT('',(22.5,-47.5,126.645895496989));
#9536=CARTESIAN_POINT('Origin',(30.,-45.,130.));
#9537=CARTESIAN_POINT('',(30.,-47.,120.));
#9538=CARTESIAN_POINT('',(30.,-47.6101485148515,126.101485148515));
#9539=CARTESIAN_POINT('',(30.,-45.,120.));
#9540=CARTESIAN_POINT('',(30.,-45.,120.));
#9541=CARTESIAN_POINT('',(30.,-45.,127.5));
#9542=CARTESIAN_POINT('',(30.,-45.,130.));
#9543=CARTESIAN_POINT('',(30.,-42.5,130.));
#9544=CARTESIAN_POINT('Origin',(30.,-42.5,127.5));
#9545=CARTESIAN_POINT('',(30.,-47.5,130.));
#9546=CARTESIAN_POINT('',(30.,-22.5,130.));
#9547=CARTESIAN_POINT('',(30.,-47.5,130.));
#9548=CARTESIAN_POINT('Origin',(15.,-47.25,122.5));
#9549=CARTESIAN_POINT('',(-30.,-47.,120.));
#9550=CARTESIAN_POINT('',(-30.,-47.6225247524752,126.225247524752));
#9551=CARTESIAN_POINT('',(15.,-47.,120.));
#9552=CARTESIAN_POINT('Origin',(19.0625,14.5,126.645895496989));
#9553=CARTESIAN_POINT('',(15.,47.3362272769296,123.362272769296));
#9554=CARTESIAN_POINT('',(15.,47.5,126.645895496989));
#9555=CARTESIAN_POINT('Origin',(15.,14.5,126.645895496989));
#9556=CARTESIAN_POINT('',(45.,47.5,126.645895496989));
#9557=CARTESIAN_POINT('',(19.0625,47.5,126.645895496989));
#9558=CARTESIAN_POINT('',(45.,47.3362272769296,123.362272769296));
#9559=CARTESIAN_POINT('Origin',(45.,14.5,126.645895496989));
#9560=CARTESIAN_POINT('',(19.0625,47.3362272769297,123.362272769296));
#9561=CARTESIAN_POINT('Ctrl Pts',(45.,47.5,126.645895496989));
#9562=CARTESIAN_POINT('Ctrl Pts',(47.5,47.5,126.645895496989));
#9563=CARTESIAN_POINT('Ctrl Pts',(47.5,45.,126.645895496989));
#9564=CARTESIAN_POINT('Ctrl Pts',(45.,47.5,125.));
#9565=CARTESIAN_POINT('Ctrl Pts',(47.5,47.5,125.));
#9566=CARTESIAN_POINT('Ctrl Pts',(47.5,45.,125.));
#9567=CARTESIAN_POINT('Ctrl Pts',(45.,47.3362272769296,123.362272769296));
#9568=CARTESIAN_POINT('Ctrl Pts',(47.3362272769296,47.3362272769296,123.362272769296));
#9569=CARTESIAN_POINT('Ctrl Pts',(47.3362272769296,45.,123.362272769296));
#9570=CARTESIAN_POINT('',(47.5,45.,126.645895496989));
#9571=CARTESIAN_POINT('Origin',(45.,45.,126.645895496989));
#9572=CARTESIAN_POINT('',(47.3362272769296,45.,123.362272769296));
#9573=CARTESIAN_POINT('Origin',(14.5,45.,126.645895496989));
#9574=CARTESIAN_POINT('Origin',(45.,45.,123.362272769296));
#9575=CARTESIAN_POINT('Origin',(14.5,43.7937787871974,126.645895496989));
#9576=CARTESIAN_POINT('',(47.5,17.850230297579,126.645895496989));
#9577=CARTESIAN_POINT('',(47.3362272769296,17.850230297579,123.362272769296));
#9578=CARTESIAN_POINT('Origin',(14.5,17.850230297579,126.645895496989));
#9579=CARTESIAN_POINT('',(47.3362272769296,43.7937787871974,123.362272769296));
#9580=CARTESIAN_POINT('',(47.5,43.7937787871974,126.645895496989));
#9581=CARTESIAN_POINT('Origin',(47.5,17.850230297579,130.));
#9582=CARTESIAN_POINT('',(47.5,17.850230297579,130.));
#9583=CARTESIAN_POINT('',(47.5,17.850230297579,130.));
#9584=CARTESIAN_POINT('',(42.5,17.8502302975792,130.));
#9585=CARTESIAN_POINT('',(23.7500000000004,17.85023029758,130.));
#9586=CARTESIAN_POINT('',(45.,17.8502302975791,127.5));
#9587=CARTESIAN_POINT('Origin',(42.5,17.850230297579,127.5));
#9588=CARTESIAN_POINT('',(45.,17.8502302975791,120.));
#9589=CARTESIAN_POINT('',(45.,17.8502302975791,130.));
#9590=CARTESIAN_POINT('',(47.,17.850230297579,120.));
#9591=CARTESIAN_POINT('',(47.5,17.850230297579,120.));
#9592=CARTESIAN_POINT('',(47.6225247524752,17.850230297579,126.225247524752));
#9593=CARTESIAN_POINT('Origin',(47.5,47.5,130.));
#9594=CARTESIAN_POINT('',(47.5,45.,130.));
#9595=CARTESIAN_POINT('',(47.5,45.,130.));
#9596=CARTESIAN_POINT('',(47.5,23.75,130.));
#9597=CARTESIAN_POINT('Origin',(45.,45.,130.));
#9598=CARTESIAN_POINT('',(45.,47.5,130.));
#9599=CARTESIAN_POINT('',(45.,47.5,130.));
#9600=CARTESIAN_POINT('Origin',(45.,45.,130.));
#9601=CARTESIAN_POINT('Origin',(15.,47.5,130.));
#9602=CARTESIAN_POINT('',(15.,47.5,130.));
#9603=CARTESIAN_POINT('',(15.,47.5,130.));
#9604=CARTESIAN_POINT('',(7.5,47.5,130.));
#9605=CARTESIAN_POINT('Origin',(-14.5,21.5564515103816,126.645895496989));
#9606=CARTESIAN_POINT('',(-47.3362272769296,17.850230297579,123.362272769296));
#9607=CARTESIAN_POINT('',(-47.5,17.850230297579,126.645895496989));
#9608=CARTESIAN_POINT('Origin',(-14.5,17.8502302975789,126.645895496989));
#9609=CARTESIAN_POINT('',(-47.5,45.,126.645895496989));
#9610=CARTESIAN_POINT('',(-47.5,21.5564515103816,126.645895496989));
#9611=CARTESIAN_POINT('',(-47.3362272769296,45.,123.362272769296));
#9612=CARTESIAN_POINT('Origin',(-14.5,45.,126.645895496989));
#9613=CARTESIAN_POINT('',(-47.3362272769297,21.5564515103816,123.362272769296));
#9614=CARTESIAN_POINT('Ctrl Pts',(-47.5,45.,126.645895496989));
#9615=CARTESIAN_POINT('Ctrl Pts',(-47.5,47.5,126.645895496989));
#9616=CARTESIAN_POINT('Ctrl Pts',(-45.,47.5,126.645895496989));
#9617=CARTESIAN_POINT('Ctrl Pts',(-47.5,45.,125.));
#9618=CARTESIAN_POINT('Ctrl Pts',(-47.5,47.5,125.));
#9619=CARTESIAN_POINT('Ctrl Pts',(-45.,47.5,125.));
#9620=CARTESIAN_POINT('Ctrl Pts',(-47.3362272769296,45.,123.362272769296));
#9621=CARTESIAN_POINT('Ctrl Pts',(-47.3362272769296,47.3362272769296,123.362272769296));
#9622=CARTESIAN_POINT('Ctrl Pts',(-45.,47.3362272769296,123.362272769296));
#9623=CARTESIAN_POINT('',(-45.,47.5,126.645895496989));
#9624=CARTESIAN_POINT('Origin',(-45.,45.,126.645895496989));
#9625=CARTESIAN_POINT('',(-45.,47.3362272769296,123.362272769296));
#9626=CARTESIAN_POINT('Origin',(-45.,14.5,126.645895496989));
#9627=CARTESIAN_POINT('Origin',(-45.,45.,123.362272769296));
#9628=CARTESIAN_POINT('Origin',(-43.4375,14.5,126.645895496989));
#9629=CARTESIAN_POINT('',(-15.,47.5,126.645895496989));
#9630=CARTESIAN_POINT('',(-15.,47.3362272769296,123.362272769296));
#9631=CARTESIAN_POINT('Origin',(-15.,14.5,126.645895496989));
#9632=CARTESIAN_POINT('',(-43.4375,47.3362272769297,123.362272769296));
#9633=CARTESIAN_POINT('',(-43.4375,47.5,126.645895496989));
#9634=CARTESIAN_POINT('Origin',(-15.,47.5,130.));
#9635=CARTESIAN_POINT('',(-15.,47.5,130.));
#9636=CARTESIAN_POINT('',(-15.,47.5,130.));
#9637=CARTESIAN_POINT('',(-15.,42.5,130.));
#9638=CARTESIAN_POINT('',(-15.,23.75,130.));
#9639=CARTESIAN_POINT('',(-15.,45.,127.5));
#9640=CARTESIAN_POINT('Origin',(-15.,42.5,127.5));
#9641=CARTESIAN_POINT('',(-15.,45.,120.));
#9642=CARTESIAN_POINT('',(-15.,45.,130.));
#9643=CARTESIAN_POINT('',(-15.,47.,120.));
#9644=CARTESIAN_POINT('',(-15.,45.,120.));
#9645=CARTESIAN_POINT('',(-15.,47.6225247524752,126.225247524752));
#9646=CARTESIAN_POINT('Origin',(-47.5,47.5,130.));
#9647=CARTESIAN_POINT('',(-45.,47.5,130.));
#9648=CARTESIAN_POINT('',(-45.,47.5,130.));
#9649=CARTESIAN_POINT('',(-23.75,47.5,130.));
#9650=CARTESIAN_POINT('Origin',(-45.,45.,130.));
#9651=CARTESIAN_POINT('',(-47.5,45.,130.));
#9652=CARTESIAN_POINT('',(-47.5,45.,130.));
#9653=CARTESIAN_POINT('Origin',(-45.,45.,130.));
#9654=CARTESIAN_POINT('Origin',(-47.5,17.850230297579,130.));
#9655=CARTESIAN_POINT('',(-47.5,17.850230297579,130.));
#9656=CARTESIAN_POINT('',(-47.5,17.850230297579,130.));
#9657=CARTESIAN_POINT('',(-47.5,8.92511514878949,130.));
#9658=CARTESIAN_POINT('Origin',(-30.,-47.5,130.));
#9659=CARTESIAN_POINT('',(-30.,-47.5,130.));
#9660=CARTESIAN_POINT('',(-30.,-47.5,130.));
#9661=CARTESIAN_POINT('',(-30.,-42.5,130.));
#9662=CARTESIAN_POINT('',(-30.,-23.75,130.));
#9663=CARTESIAN_POINT('',(-30.,-45.,127.5));
#9664=CARTESIAN_POINT('Origin',(-30.,-42.5,127.5));
#9665=CARTESIAN_POINT('',(-30.,-45.,120.));
#9666=CARTESIAN_POINT('',(-30.,-45.,130.));
#9667=CARTESIAN_POINT('',(-30.,-45.,120.));
#9668=CARTESIAN_POINT('Origin',(30.,-47.5,130.));
#9669=CARTESIAN_POINT('',(15.,-47.5,130.));
#9670=CARTESIAN_POINT('Origin',(23.125,47.25,122.5));
#9671=CARTESIAN_POINT('',(45.,47.,120.));
#9672=CARTESIAN_POINT('',(45.,47.5,125.));
#9673=CARTESIAN_POINT('',(15.,47.,120.));
#9674=CARTESIAN_POINT('',(23.125,47.,120.));
#9675=CARTESIAN_POINT('',(15.,47.6101485148515,126.101485148515));
#9676=CARTESIAN_POINT('Origin',(45.,45.,122.5));
#9677=CARTESIAN_POINT('',(47.,45.,120.));
#9678=CARTESIAN_POINT('',(47.5,45.,125.));
#9679=CARTESIAN_POINT('Origin',(45.,45.,120.));
#9680=CARTESIAN_POINT('Origin',(47.25,40.0875575743947,122.5));
#9681=CARTESIAN_POINT('',(47.,40.0875575743947,120.));
#9682=CARTESIAN_POINT('Origin',(-39.375,47.25,122.5));
#9683=CARTESIAN_POINT('',(-45.,47.,120.));
#9684=CARTESIAN_POINT('',(-39.375,47.,120.));
#9685=CARTESIAN_POINT('',(-45.,47.,120.));
#9686=CARTESIAN_POINT('Origin',(-45.,45.,122.5));
#9687=CARTESIAN_POINT('',(-47.,45.,120.));
#9688=CARTESIAN_POINT('Origin',(-45.,45.,120.));
#9689=CARTESIAN_POINT('',(-47.,45.,120.));
#9690=CARTESIAN_POINT('Origin',(-47.25,25.2626727231842,122.5));
#9691=CARTESIAN_POINT('',(-47.,17.850230297579,120.));
#9692=CARTESIAN_POINT('',(-47.,25.2626727231842,120.));
#9693=CARTESIAN_POINT('',(-47.6101485148515,17.850230297579,126.101485148515));
#9694=CARTESIAN_POINT('Origin',(-31.25,32.6751151487894,120.));
#9695=CARTESIAN_POINT('',(-42.5,45.,120.));
#9696=CARTESIAN_POINT('',(-45.,45.,120.));
#9697=CARTESIAN_POINT('',(-45.,42.5,120.));
#9698=CARTESIAN_POINT('Origin',(-42.5,42.5,120.));
#9699=CARTESIAN_POINT('',(-45.,17.8502302975789,120.));
#9700=CARTESIAN_POINT('',(-45.,17.8502302975789,120.));
#9701=CARTESIAN_POINT('',(-47.5,17.850230297579,120.));
#9702=CARTESIAN_POINT('Origin',(49.,49.,132.5));
#9703=CARTESIAN_POINT('',(49.,-45.,132.5));
#9704=CARTESIAN_POINT('',(49.,49.,132.5));
#9705=CARTESIAN_POINT('',(49.,24.5,132.5));
#9706=CARTESIAN_POINT('',(49.,-45.,133.5));
#9707=CARTESIAN_POINT('',(49.,-45.,132.5));
#9708=CARTESIAN_POINT('',(49.,49.,133.5));
#9709=CARTESIAN_POINT('',(49.,-45.,133.5));
#9710=CARTESIAN_POINT('',(49.,49.,132.5));
#9711=CARTESIAN_POINT('Origin',(-49.,49.,132.5));
#9712=CARTESIAN_POINT('',(-49.,49.,132.5));
#9713=CARTESIAN_POINT('',(-24.5,49.,132.5));
#9714=CARTESIAN_POINT('',(-49.,49.,133.5));
#9715=CARTESIAN_POINT('',(49.,49.,133.5));
#9716=CARTESIAN_POINT('',(-49.,49.,132.5));
#9717=CARTESIAN_POINT('Origin',(-49.,-45.,132.5));
#9718=CARTESIAN_POINT('',(-49.,-45.,132.5));
#9719=CARTESIAN_POINT('',(-49.,-22.5,132.5));
#9720=CARTESIAN_POINT('',(-49.,-45.,133.5));
#9721=CARTESIAN_POINT('',(-49.,49.,133.5));
#9722=CARTESIAN_POINT('',(-49.,-45.,132.5));
#9723=CARTESIAN_POINT('Origin',(-45.,-45.,132.5));
#9724=CARTESIAN_POINT('',(-45.,-49.,132.5));
#9725=CARTESIAN_POINT('Origin',(-45.,-45.,132.5));
#9726=CARTESIAN_POINT('',(-45.,-49.,133.5));
#9727=CARTESIAN_POINT('Origin',(-45.,-45.,133.5));
#9728=CARTESIAN_POINT('',(-45.,-49.,132.5));
#9729=CARTESIAN_POINT('Origin',(45.,-49.,132.5));
#9730=CARTESIAN_POINT('',(45.,-49.,132.5));
#9731=CARTESIAN_POINT('',(22.5,-49.,132.5));
#9732=CARTESIAN_POINT('',(45.,-49.,133.5));
#9733=CARTESIAN_POINT('',(45.,-49.,133.5));
#9734=CARTESIAN_POINT('',(45.,-49.,132.5));
#9735=CARTESIAN_POINT('Origin',(45.,-45.,132.5));
#9736=CARTESIAN_POINT('Origin',(45.,-45.,132.5));
#9737=CARTESIAN_POINT('Origin',(45.,-45.,133.5));
#9738=CARTESIAN_POINT('Origin',(0.,0.,133.5));
#9739=CARTESIAN_POINT('',(50.,50.,133.5));
#9740=CARTESIAN_POINT('',(-50.,50.,133.5));
#9741=CARTESIAN_POINT('',(50.,50.,133.5));
#9742=CARTESIAN_POINT('',(-50.,-45.,133.5));
#9743=CARTESIAN_POINT('',(-50.,50.,133.5));
#9744=CARTESIAN_POINT('',(-45.,-50.,133.5));
#9745=CARTESIAN_POINT('Origin',(-45.,-45.,133.5));
#9746=CARTESIAN_POINT('',(45.,-50.,133.5));
#9747=CARTESIAN_POINT('',(-45.,-50.,133.5));
#9748=CARTESIAN_POINT('',(50.,-45.,133.5));
#9749=CARTESIAN_POINT('Origin',(45.,-45.,133.5));
#9750=CARTESIAN_POINT('',(50.,-45.,133.5));
#9751=CARTESIAN_POINT('Origin',(42.5,42.5,130.));
#9752=CARTESIAN_POINT('',(45.,42.5,127.5));
#9753=CARTESIAN_POINT('',(42.5,45.,127.5));
#9754=CARTESIAN_POINT('Origin',(42.5,42.5,127.5));
#9755=CARTESIAN_POINT('',(42.5,45.,120.));
#9756=CARTESIAN_POINT('',(42.5,45.,130.));
#9757=CARTESIAN_POINT('',(45.,42.5,120.));
#9758=CARTESIAN_POINT('Origin',(42.5,42.5,120.));
#9759=CARTESIAN_POINT('',(45.,42.5,130.));
#9760=CARTESIAN_POINT('Origin',(42.5,42.5,127.5));
#9761=CARTESIAN_POINT('',(42.5,42.5,130.));
#9762=CARTESIAN_POINT('Origin',(42.5,42.5,127.5));
#9763=CARTESIAN_POINT('Origin',(42.5,42.5,127.5));
#9764=CARTESIAN_POINT('Origin',(45.,17.8502302975791,130.));
#9765=CARTESIAN_POINT('',(45.,17.8502302975791,120.));
#9766=CARTESIAN_POINT('',(45.,8.92511514878955,127.5));
#9767=CARTESIAN_POINT('Origin',(-42.5,42.5,130.));
#9768=CARTESIAN_POINT('',(-42.5,45.,127.5));
#9769=CARTESIAN_POINT('',(-45.,42.5,127.5));
#9770=CARTESIAN_POINT('Origin',(-42.5,42.5,127.5));
#9771=CARTESIAN_POINT('',(-45.,42.5,130.));
#9772=CARTESIAN_POINT('',(-42.5,45.,130.));
#9773=CARTESIAN_POINT('Origin',(-42.5,42.5,127.5));
#9774=CARTESIAN_POINT('',(-42.5,42.5,130.));
#9775=CARTESIAN_POINT('Origin',(-42.5,42.5,127.5));
#9776=CARTESIAN_POINT('Origin',(-42.5,42.5,127.5));
#9777=CARTESIAN_POINT('Origin',(-15.,45.,130.));
#9778=CARTESIAN_POINT('',(-7.5,45.,127.5));
#9779=CARTESIAN_POINT('Origin',(-42.5,22.5,127.5));
#9780=CARTESIAN_POINT('',(-42.5,17.8502302975788,130.));
#9781=CARTESIAN_POINT('',(-42.5,22.5,130.));
#9782=CARTESIAN_POINT('',(-45.,17.8502302975789,127.5));
#9783=CARTESIAN_POINT('Origin',(-42.5,17.8502302975789,127.5));
#9784=CARTESIAN_POINT('',(-45.,22.5,127.5));
#9785=CARTESIAN_POINT('Origin',(-7.5,42.5,127.5));
#9786=CARTESIAN_POINT('',(-7.5,42.5,130.));
#9787=CARTESIAN_POINT('Origin',(0.,0.,130.));
#9788=CARTESIAN_POINT('',(45.,-50.,130.));
#9789=CARTESIAN_POINT('',(50.,-45.,130.));
#9790=CARTESIAN_POINT('Origin',(45.,-45.,130.));
#9791=CARTESIAN_POINT('',(-45.,-50.,130.));
#9792=CARTESIAN_POINT('',(45.,-50.,130.));
#9793=CARTESIAN_POINT('',(-50.,-45.,130.));
#9794=CARTESIAN_POINT('Origin',(-45.,-45.,130.));
#9795=CARTESIAN_POINT('',(-50.,50.,130.));
#9796=CARTESIAN_POINT('',(-50.,-45.,130.));
#9797=CARTESIAN_POINT('',(50.,50.,130.));
#9798=CARTESIAN_POINT('',(-50.,50.,130.));
#9799=CARTESIAN_POINT('',(50.,50.,130.));
#9800=CARTESIAN_POINT('',(-15.,-42.5,130.));
#9801=CARTESIAN_POINT('',(-22.4999999999996,17.8502302975779,130.));
#9802=CARTESIAN_POINT('',(15.,42.5,130.));
#9803=CARTESIAN_POINT('',(15.,22.5,130.));
#9804=CARTESIAN_POINT('',(22.5,42.5,130.));
#9805=CARTESIAN_POINT('',(42.5,8.92511514878955,130.));
#9806=CARTESIAN_POINT('Origin',(22.5,42.5,127.5));
#9807=CARTESIAN_POINT('',(15.,45.,127.5));
#9808=CARTESIAN_POINT('Origin',(15.,42.5,127.5));
#9809=CARTESIAN_POINT('',(22.5,45.,127.5));
#9810=CARTESIAN_POINT('Origin',(42.5,8.92511514878955,127.5));
#9811=CARTESIAN_POINT('Origin',(-15.,-42.5,127.5));
#9812=CARTESIAN_POINT('',(-15.,-45.,127.5));
#9813=CARTESIAN_POINT('Origin',(-30.,-45.,130.));
#9814=CARTESIAN_POINT('',(30.,-45.,120.));
#9815=CARTESIAN_POINT('Origin',(-45.,17.8502302975789,130.));
#9816=CARTESIAN_POINT('',(-45.,17.8502302975789,130.));
#9817=CARTESIAN_POINT('Origin',(-45.,45.,130.));
#9818=CARTESIAN_POINT('Origin',(15.,45.,130.));
#9819=CARTESIAN_POINT('',(15.,45.,120.));
#9820=CARTESIAN_POINT('',(15.,45.,120.));
#9821=CARTESIAN_POINT('',(15.,45.,130.));
#9822=CARTESIAN_POINT('Origin',(45.,45.,130.));
#9823=CARTESIAN_POINT('',(45.,45.,120.));
#9824=CARTESIAN_POINT('Origin',(31.25,32.6751151487895,120.));
#9825=CARTESIAN_POINT('Origin',(0.,-46.25,120.));
#9826=CARTESIAN_POINT('Origin',(-45.,-50.,130.));
#9827=CARTESIAN_POINT('',(45.,-50.,130.));
#9828=CARTESIAN_POINT('',(-45.,-50.,130.));
#9829=CARTESIAN_POINT('Origin',(-45.,-45.,130.));
#9830=CARTESIAN_POINT('',(-50.,-45.,130.));
#9831=CARTESIAN_POINT('Origin',(-50.,50.,130.));
#9832=CARTESIAN_POINT('',(-50.,50.,130.));
#9833=CARTESIAN_POINT('Origin',(50.,50.,130.));
#9834=CARTESIAN_POINT('',(50.,50.,130.));
#9835=CARTESIAN_POINT('Origin',(50.,-45.,130.));
#9836=CARTESIAN_POINT('',(50.,-45.,130.));
#9837=CARTESIAN_POINT('Origin',(45.,-45.,130.));
#9838=CARTESIAN_POINT('Origin',(0.,0.,132.5));
#9839=UNCERTAINTY_MEASURE_WITH_UNIT(LENGTH_MEASURE(0.01),#9843,
'DISTANCE_ACCURACY_VALUE',
'Maximum model space distance between geometric entities at asserted c
onnectivities');
#9840=UNCERTAINTY_MEASURE_WITH_UNIT(LENGTH_MEASURE(0.01),#9843,
'DISTANCE_ACCURACY_VALUE',
'Maximum model space distance between geometric entities at asserted c
onnectivities');
#9841=(
GEOMETRIC_REPRESENTATION_CONTEXT(3)
GLOBAL_UNCERTAINTY_ASSIGNED_CONTEXT((#9839))
GLOBAL_UNIT_ASSIGNED_CONTEXT((#9843,#9845,#9846))
REPRESENTATION_CONTEXT('','3D')
);
#9842=(
GEOMETRIC_REPRESENTATION_CONTEXT(3)
GLOBAL_UNCERTAINTY_ASSIGNED_CONTEXT((#9840))
GLOBAL_UNIT_ASSIGNED_CONTEXT((#9843,#9845,#9846))
REPRESENTATION_CONTEXT('','3D')
);
#9843=(
LENGTH_UNIT()
NAMED_UNIT(*)
SI_UNIT(.MILLI.,.METRE.)
);
#9844=(
LENGTH_UNIT()
NAMED_UNIT(*)
SI_UNIT($,.METRE.)
);
#9845=(
NAMED_UNIT(*)
PLANE_ANGLE_UNIT()
SI_UNIT($,.RADIAN.)
);
#9846=(
NAMED_UNIT(*)
SI_UNIT($,.STERADIAN.)
SOLID_ANGLE_UNIT()
);
#9847=SHAPE_DEFINITION_REPRESENTATION(#9848,#9849);
#9848=PRODUCT_DEFINITION_SHAPE('',$,#9851);
#9849=SHAPE_REPRESENTATION('',(#5610),#9841);
#9850=PRODUCT_DEFINITION_CONTEXT('part definition',#9855,'design');
#9851=PRODUCT_DEFINITION('(Unsaved)','(Unsaved)',#9852,#9850);
#9852=PRODUCT_DEFINITION_FORMATION('',$,#9857);
#9853=PRODUCT_RELATED_PRODUCT_CATEGORY('(Unsaved)','(Unsaved)',(#9857));
#9854=APPLICATION_PROTOCOL_DEFINITION('international standard',
'automotive_design',2009,#9855);
#9855=APPLICATION_CONTEXT(
'Core Data for Automotive Mechanical Design Process');
#9856=PRODUCT_CONTEXT('part definition',#9855,'mechanical');
#9857=PRODUCT('(Unsaved)','(Unsaved)',$,(#9856));
#9858=PRESENTATION_STYLE_ASSIGNMENT((#9859));
#9859=SURFACE_STYLE_USAGE(.BOTH.,#9860);
#9860=SURFACE_SIDE_STYLE('',(#9861));
#9861=SURFACE_STYLE_FILL_AREA(#9862);
#9862=FILL_AREA_STYLE('Steel - Satin',(#9863));
#9863=FILL_AREA_STYLE_COLOUR('Steel - Satin',#9864);
#9864=COLOUR_RGB('Steel - Satin',0.792156862745098,0.792156862745098,0.792156862745098);
ENDSEC;
END-ISO-10303-21;
