ISO-10303-21;
HEADER;
/* Generated by software containing ST-Developer
 * from STEP Tools, Inc. (www.steptools.com) 
 */

FILE_DESCRIPTION(
/* description */ (''),
/* implementation_level */ '2;1');

FILE_NAME(
/* name */ 'Chassis - 1.step',
/* time_stamp */ '2026-08-11T11:10:43-04:00',
/* author */ (''),
/* organization */ (''),
/* preprocessor_version */ 'ST-DEVELOPER v20.1',
/* originating_system */ 'Autodesk Translation Framework v15.8.0.0',
/* authorisation */ '');

FILE_SCHEMA (('AUTOMOTIVE_DESIGN { 1 0 10303 214 3 1 1 }'));
ENDSEC;

DATA;
#10=MECHANICAL_DESIGN_GEOMETRIC_PRESENTATION_REPRESENTATION('',(#15,#16),
#8962);
#11=SHAPE_REPRESENTATION_RELATIONSHIP('SRR','None',#8969,#12);
#12=ADVANCED_BREP_SHAPE_REPRESENTATION('',(#17,#18),#8961);
#13=CONICAL_SURFACE('',#5637,2.25,0.0996686524911618);
#14=CONICAL_SURFACE('',#5641,2.25,0.0996686524911618);
#15=STYLED_ITEM('',(#8978),#17);
#16=STYLED_ITEM('',(#8978),#18);
#17=MANIFOLD_SOLID_BREP('Chassis',#5220);
#18=MANIFOLD_SOLID_BREP('Roof',#5221);
#19=ELLIPSE('',#5492,0.707106781186548,0.5);
#20=ELLIPSE('',#5495,0.707106781186548,0.5);
#21=SPHERICAL_SURFACE('',#5386,2.5);
#22=SPHERICAL_SURFACE('',#5392,2.5);
#23=SPHERICAL_SURFACE('',#5662,2.5);
#24=SPHERICAL_SURFACE('',#5668,2.5);
#25=(
BOUNDED_CURVE()
B_SPLINE_CURVE(2,(#7472,#7473,#7474),.UNSPECIFIED.,.F.,.F.)
B_SPLINE_CURVE_WITH_KNOTS((3,3),(-1.5707963267949,-0.927428575437753),
 .UNSPECIFIED.)
CURVE()
GEOMETRIC_REPRESENTATION_ITEM()
RATIONAL_B_SPLINE_CURVE((1.,0.948088441479414,0.998746325407627))
REPRESENTATION_ITEM('')
);
#26=(
BOUNDED_SURFACE()
B_SPLINE_SURFACE(2,2,((#7443,#7444,#7445,#7446,#7447,#7448,#7449,#7450,
#7451),(#7452,#7453,#7454,#7455,#7456,#7457,#7458,#7459,#7460),(#7461,#7462,
#7463,#7464,#7465,#7466,#7467,#7468,#7469)),.UNSPECIFIED.,.F.,.T.,.F.)
B_SPLINE_SURFACE_WITH_KNOTS((3,3),(3,2,2,2,3),(0.919564890268252,1.5707963267949),
(-3.14159265358979,-1.5707963267949,0.,1.5707963267949,3.14159265358979),
 .UNSPECIFIED.)
GEOMETRIC_REPRESENTATION_ITEM()
RATIONAL_B_SPLINE_SURFACE(((1.,0.707106781186548,1.,0.707106781186548,1.,
0.707106781186548,1.,0.707106781186548,1.),(0.947453942544702,0.669951107635288,
0.947453942544702,0.669951107635288,0.947453942544702,0.669951107635288,
0.947453942544702,0.669951107635288,0.947453942544702),(1.,0.707106781186548,
1.,0.707106781186548,1.,0.707106781186548,1.,0.707106781186548,1.)))
REPRESENTATION_ITEM('')
SURFACE()
);
#27=(
BOUNDED_SURFACE()
B_SPLINE_SURFACE(2,2,((#7481,#7482,#7483,#7484,#7485,#7486,#7487,#7488,
#7489),(#7490,#7491,#7492,#7493,#7494,#7495,#7496,#7497,#7498),(#7499,#7500,
#7501,#7502,#7503,#7504,#7505,#7506,#7507)),.UNSPECIFIED.,.F.,.T.,.F.)
B_SPLINE_SURFACE_WITH_KNOTS((3,3),(3,2,2,2,3),(0.927295218001612,1.5707963267949),
(-3.14159265358979,-1.5707963267949,0.,1.5707963267949,3.14159265358979),
 .UNSPECIFIED.)
GEOMETRIC_REPRESENTATION_ITEM()
RATIONAL_B_SPLINE_SURFACE(((1.,0.707106781186548,1.,0.707106781186548,1.,
0.707106781186548,1.,0.707106781186548,1.),(0.948683298050514,0.670820393249937,
0.948683298050514,0.670820393249937,0.948683298050514,0.670820393249937,
0.948683298050514,0.670820393249937,0.948683298050514),(1.,0.707106781186548,
1.,0.707106781186548,1.,0.707106781186548,1.,0.707106781186548,1.)))
REPRESENTATION_ITEM('')
SURFACE()
);
#28=(
BOUNDED_SURFACE()
B_SPLINE_SURFACE(2,2,((#8069,#8070,#8071),(#8072,#8073,#8074),(#8075,#8076,
#8077)),.UNSPECIFIED.,.F.,.F.,.F.)
B_SPLINE_SURFACE_WITH_KNOTS((3,3),(3,3),(-1.5707963267949,0.),(-1.5707963267949,
0.),.UNSPECIFIED.)
GEOMETRIC_REPRESENTATION_ITEM()
RATIONAL_B_SPLINE_SURFACE(((1.,0.707106781186548,1.),(0.707106781186546,
0.499999999999999,0.707106781186546),(1.,0.707106781186548,1.)))
REPRESENTATION_ITEM('')
SURFACE()
);
#29=(
BOUNDED_SURFACE()
B_SPLINE_SURFACE(2,2,((#8085,#8086,#8087),(#8088,#8089,#8090),(#8091,#8092,
#8093)),.UNSPECIFIED.,.F.,.F.,.F.)
B_SPLINE_SURFACE_WITH_KNOTS((3,3),(3,3),(-1.5707963267949,0.),(-3.14159265358979,
-1.5707963267949),.UNSPECIFIED.)
GEOMETRIC_REPRESENTATION_ITEM()
RATIONAL_B_SPLINE_SURFACE(((1.,0.707106781186548,1.),(0.707106781186546,
0.499999999999999,0.707106781186546),(1.,0.707106781186548,1.)))
REPRESENTATION_ITEM('')
SURFACE()
);
#30=(
BOUNDED_SURFACE()
B_SPLINE_SURFACE(2,2,((#8681,#8682,#8683),(#8684,#8685,#8686),(#8687,#8688,
#8689)),.UNSPECIFIED.,.F.,.F.,.F.)
B_SPLINE_SURFACE_WITH_KNOTS((3,3),(3,3),(-3.22973970800046E-15,0.0996686524911617),
(1.5707963267949,3.14159265358979),.UNSPECIFIED.)
GEOMETRIC_REPRESENTATION_ITEM()
RATIONAL_B_SPLINE_SURFACE(((1.,0.707106781186548,1.),(0.998758526924834,
0.706228927156437,0.998758526924834),(1.,0.707106781186548,1.)))
REPRESENTATION_ITEM('')
SURFACE()
);
#31=(
BOUNDED_SURFACE()
B_SPLINE_SURFACE(2,2,((#8734,#8735,#8736),(#8737,#8738,#8739),(#8740,#8741,
#8742)),.UNSPECIFIED.,.F.,.F.,.F.)
B_SPLINE_SURFACE_WITH_KNOTS((3,3),(3,3),(-3.22973970800046E-15,0.0996686524911617),
(0.,1.5707963267949),.UNSPECIFIED.)
GEOMETRIC_REPRESENTATION_ITEM()
RATIONAL_B_SPLINE_SURFACE(((1.,0.707106781186548,1.),(0.998758526924834,
0.706228927156437,0.998758526924834),(1.,0.707106781186548,1.)))
REPRESENTATION_ITEM('')
SURFACE()
);
#32=FACE_BOUND('',#701,.T.);
#33=FACE_BOUND('',#702,.T.);
#34=FACE_BOUND('',#703,.T.);
#35=FACE_BOUND('',#711,.T.);
#36=FACE_BOUND('',#756,.T.);
#37=FACE_BOUND('',#757,.T.);
#38=FACE_BOUND('',#759,.T.);
#39=FACE_BOUND('',#760,.T.);
#40=FACE_BOUND('',#761,.T.);
#41=FACE_BOUND('',#763,.T.);
#42=FACE_BOUND('',#764,.T.);
#43=FACE_BOUND('',#765,.T.);
#44=FACE_BOUND('',#766,.T.);
#45=FACE_BOUND('',#773,.T.);
#46=FACE_BOUND('',#774,.T.);
#47=FACE_BOUND('',#777,.T.);
#48=FACE_BOUND('',#778,.T.);
#49=FACE_BOUND('',#779,.T.);
#50=FACE_BOUND('',#782,.T.);
#51=FACE_BOUND('',#783,.T.);
#52=FACE_BOUND('',#784,.T.);
#53=FACE_BOUND('',#785,.T.);
#54=FACE_BOUND('',#787,.T.);
#55=FACE_BOUND('',#788,.T.);
#56=FACE_BOUND('',#792,.T.);
#57=FACE_BOUND('',#793,.T.);
#58=FACE_BOUND('',#794,.T.);
#59=FACE_BOUND('',#795,.T.);
#60=FACE_BOUND('',#806,.T.);
#61=FACE_BOUND('',#807,.T.);
#62=FACE_BOUND('',#808,.T.);
#63=FACE_BOUND('',#809,.T.);
#64=FACE_BOUND('',#864,.T.);
#65=FACE_BOUND('',#867,.T.);
#66=FACE_BOUND('',#870,.T.);
#67=FACE_BOUND('',#886,.T.);
#68=FACE_BOUND('',#889,.T.);
#69=FACE_BOUND('',#892,.T.);
#70=FACE_BOUND('',#899,.T.);
#71=FACE_BOUND('',#902,.T.);
#72=FACE_BOUND('',#905,.T.);
#73=FACE_BOUND('',#922,.T.);
#74=FACE_BOUND('',#924,.T.);
#75=FACE_BOUND('',#958,.T.);
#76=FACE_BOUND('',#968,.T.);
#77=FACE_BOUND('',#969,.T.);
#78=FACE_BOUND('',#970,.T.);
#79=TOROIDAL_SURFACE('',#5285,4.35424868893541,1.);
#80=TOROIDAL_SURFACE('',#5296,4.35424868893541,1.);
#81=TOROIDAL_SURFACE('',#5503,10.5,0.5);
#82=TOROIDAL_SURFACE('',#5530,9.5,5.);
#83=TOROIDAL_SURFACE('',#5533,9.5,5.);
#84=CIRCLE('',#5242,1.);
#85=CIRCLE('',#5243,1.);
#86=CIRCLE('',#5246,1.);
#87=CIRCLE('',#5247,1.);
#88=CIRCLE('',#5250,1.);
#89=CIRCLE('',#5251,1.);
#90=CIRCLE('',#5254,1.);
#91=CIRCLE('',#5255,1.);
#92=CIRCLE('',#5258,2.6);
#93=CIRCLE('',#5259,2.6);
#94=CIRCLE('',#5261,2.6);
#95=CIRCLE('',#5262,2.6);
#96=CIRCLE('',#5264,2.6);
#97=CIRCLE('',#5265,2.6);
#98=CIRCLE('',#5267,2.6);
#99=CIRCLE('',#5268,2.6);
#100=CIRCLE('',#5272,5.);
#101=CIRCLE('',#5273,5.);
#102=CIRCLE('',#5276,5.);
#103=CIRCLE('',#5277,5.);
#104=CIRCLE('',#5280,5.);
#105=CIRCLE('',#5281,5.);
#106=CIRCLE('',#5283,5.);
#107=CIRCLE('',#5284,5.);
#108=CIRCLE('',#5286,1.);
#109=CIRCLE('',#5287,3.75424868893541);
#110=CIRCLE('',#5288,3.75424868893541);
#111=CIRCLE('',#5289,1.);
#112=CIRCLE('',#5290,4.35424868893541);
#113=CIRCLE('',#5292,2.5);
#114=CIRCLE('',#5293,2.5);
#115=CIRCLE('',#5294,4.35424868893541);
#116=CIRCLE('',#5295,1.35424868893541);
#117=CIRCLE('',#5297,3.75424868893541);
#118=CIRCLE('',#5298,3.75424868893541);
#119=CIRCLE('',#5299,1.);
#120=CIRCLE('',#5300,1.35424868893541);
#121=CIRCLE('',#5301,4.);
#122=CIRCLE('',#5306,12.5);
#123=CIRCLE('',#5307,12.5);
#124=CIRCLE('',#5308,20.);
#125=CIRCLE('',#5309,20.);
#126=CIRCLE('',#5310,12.5);
#127=CIRCLE('',#5311,20.);
#128=CIRCLE('',#5312,20.);
#129=CIRCLE('',#5313,12.5);
#130=CIRCLE('',#5314,20.);
#131=CIRCLE('',#5315,20.);
#132=CIRCLE('',#5316,20.);
#133=CIRCLE('',#5317,20.);
#134=CIRCLE('',#5324,2.5);
#135=CIRCLE('',#5325,2.5);
#136=CIRCLE('',#5328,2.5);
#137=CIRCLE('',#5329,2.5);
#138=CIRCLE('',#5332,2.5);
#139=CIRCLE('',#5333,2.5);
#140=CIRCLE('',#5336,2.5);
#141=CIRCLE('',#5337,2.5);
#142=CIRCLE('',#5340,2.5);
#143=CIRCLE('',#5341,2.5);
#144=CIRCLE('',#5342,2.5);
#145=CIRCLE('',#5343,2.5);
#146=CIRCLE('',#5344,2.5);
#147=CIRCLE('',#5346,2.5);
#148=CIRCLE('',#5348,2.5);
#149=CIRCLE('',#5351,2.5);
#150=CIRCLE('',#5354,2.5);
#151=CIRCLE('',#5355,2.5);
#152=CIRCLE('',#5358,2.5);
#153=CIRCLE('',#5359,2.5);
#154=CIRCLE('',#5362,2.5);
#155=CIRCLE('',#5363,2.5);
#156=CIRCLE('',#5366,2.5);
#157=CIRCLE('',#5367,2.5);
#158=CIRCLE('',#5368,2.5);
#159=CIRCLE('',#5369,2.5);
#160=CIRCLE('',#5371,2.5);
#161=CIRCLE('',#5374,2.5);
#162=CIRCLE('',#5376,2.5);
#163=CIRCLE('',#5377,2.5);
#164=CIRCLE('',#5379,2.5);
#165=CIRCLE('',#5382,2.5);
#166=CIRCLE('',#5387,2.5);
#167=CIRCLE('',#5388,2.5);
#168=CIRCLE('',#5389,2.5);
#169=CIRCLE('',#5391,2.5);
#170=CIRCLE('',#5393,2.5);
#171=CIRCLE('',#5394,2.5);
#172=CIRCLE('',#5395,2.5);
#173=CIRCLE('',#5397,2.5);
#174=CIRCLE('',#5399,2.5);
#175=CIRCLE('',#5402,2.5);
#176=CIRCLE('',#5405,10.);
#177=CIRCLE('',#5406,10.);
#178=CIRCLE('',#5407,10.);
#179=CIRCLE('',#5408,10.);
#180=CIRCLE('',#5411,2.5);
#181=CIRCLE('',#5412,2.5);
#182=CIRCLE('',#5413,2.5);
#183=CIRCLE('',#5414,5.);
#184=CIRCLE('',#5416,2.5);
#185=CIRCLE('',#5417,2.5);
#186=CIRCLE('',#5418,5.);
#187=CIRCLE('',#5420,2.5);
#188=CIRCLE('',#5422,9.5);
#189=CIRCLE('',#5424,5.);
#190=CIRCLE('',#5427,5.);
#191=CIRCLE('',#5429,10.);
#192=CIRCLE('',#5430,10.);
#193=CIRCLE('',#5431,10.);
#194=CIRCLE('',#5432,10.);
#195=CIRCLE('',#5434,9.5);
#196=CIRCLE('',#5437,12.5);
#197=CIRCLE('',#5438,20.);
#198=CIRCLE('',#5442,12.5);
#199=CIRCLE('',#5443,20.);
#200=CIRCLE('',#5445,12.5);
#201=CIRCLE('',#5446,12.5);
#202=CIRCLE('',#5447,12.5);
#203=CIRCLE('',#5448,12.5);
#204=CIRCLE('',#5451,12.5);
#205=CIRCLE('',#5452,20.);
#206=CIRCLE('',#5455,12.5);
#207=CIRCLE('',#5456,20.);
#208=CIRCLE('',#5459,20.);
#209=CIRCLE('',#5460,12.5);
#210=CIRCLE('',#5464,12.5);
#211=CIRCLE('',#5465,20.);
#212=CIRCLE('',#5468,12.5);
#213=CIRCLE('',#5469,20.);
#214=CIRCLE('',#5472,12.5);
#215=CIRCLE('',#5473,20.);
#216=CIRCLE('',#5491,0.5);
#217=CIRCLE('',#5494,0.5);
#218=CIRCLE('',#5498,0.5);
#219=CIRCLE('',#5499,0.5);
#220=CIRCLE('',#5501,0.5);
#221=CIRCLE('',#5502,0.5);
#222=CIRCLE('',#5504,10.5);
#223=CIRCLE('',#5505,10.);
#224=CIRCLE('',#5507,10.);
#225=CIRCLE('',#5531,4.5);
#226=CIRCLE('',#5532,5.);
#227=CIRCLE('',#5534,4.5);
#228=CIRCLE('',#5535,5.);
#229=CIRCLE('',#5537,3.25);
#230=CIRCLE('',#5538,2.25);
#231=CIRCLE('',#5540,3.25);
#232=CIRCLE('',#5543,3.25);
#233=CIRCLE('',#5544,3.25);
#234=CIRCLE('',#5547,2.25);
#235=CIRCLE('',#5549,2.25);
#236=CIRCLE('',#5550,2.25);
#237=CIRCLE('',#5583,1.);
#238=CIRCLE('',#5584,1.);
#239=CIRCLE('',#5586,1.);
#240=CIRCLE('',#5589,1.);
#241=CIRCLE('',#5600,33.);
#242=CIRCLE('',#5601,33.);
#243=CIRCLE('',#5603,2.5);
#244=CIRCLE('',#5606,33.);
#245=CIRCLE('',#5607,33.);
#246=CIRCLE('',#5608,2.5);
#247=CIRCLE('',#5609,33.);
#248=CIRCLE('',#5610,2.33622727692964);
#249=CIRCLE('',#5612,33.);
#250=CIRCLE('',#5614,2.5);
#251=CIRCLE('',#5617,2.5);
#252=CIRCLE('',#5620,33.);
#253=CIRCLE('',#5621,33.);
#254=CIRCLE('',#5622,2.5);
#255=CIRCLE('',#5623,33.);
#256=CIRCLE('',#5624,2.33622727692964);
#257=CIRCLE('',#5626,33.);
#258=CIRCLE('',#5628,2.5);
#259=CIRCLE('',#5631,2.5);
#260=CIRCLE('',#5634,2.5);
#261=CIRCLE('',#5638,2.);
#262=CIRCLE('',#5642,2.);
#263=CIRCLE('',#5645,2.5);
#264=CIRCLE('',#5650,4.);
#265=CIRCLE('',#5651,4.);
#266=CIRCLE('',#5654,4.);
#267=CIRCLE('',#5655,4.);
#268=CIRCLE('',#5657,5.);
#269=CIRCLE('',#5658,5.);
#270=CIRCLE('',#5660,2.5);
#271=CIRCLE('',#5661,2.5);
#272=CIRCLE('',#5663,2.5);
#273=CIRCLE('',#5664,2.5);
#274=CIRCLE('',#5667,2.5);
#275=CIRCLE('',#5669,2.5);
#276=CIRCLE('',#5670,2.5);
#277=CIRCLE('',#5673,2.5);
#278=CIRCLE('',#5676,5.);
#279=CIRCLE('',#5677,5.);
#280=CIRCLE('',#5679,2.5);
#281=CYLINDRICAL_SURFACE('',#5241,1.);
#282=CYLINDRICAL_SURFACE('',#5245,1.);
#283=CYLINDRICAL_SURFACE('',#5249,1.);
#284=CYLINDRICAL_SURFACE('',#5253,1.);
#285=CYLINDRICAL_SURFACE('',#5257,2.6);
#286=CYLINDRICAL_SURFACE('',#5260,2.6);
#287=CYLINDRICAL_SURFACE('',#5263,2.6);
#288=CYLINDRICAL_SURFACE('',#5266,2.6);
#289=CYLINDRICAL_SURFACE('',#5271,5.);
#290=CYLINDRICAL_SURFACE('',#5275,5.);
#291=CYLINDRICAL_SURFACE('',#5279,5.);
#292=CYLINDRICAL_SURFACE('',#5282,5.);
#293=CYLINDRICAL_SURFACE('',#5304,2.5);
#294=CYLINDRICAL_SURFACE('',#5318,2.5);
#295=CYLINDRICAL_SURFACE('',#5319,2.5);
#296=CYLINDRICAL_SURFACE('',#5320,2.5);
#297=CYLINDRICAL_SURFACE('',#5321,2.5);
#298=CYLINDRICAL_SURFACE('',#5322,2.5);
#299=CYLINDRICAL_SURFACE('',#5323,2.5);
#300=CYLINDRICAL_SURFACE('',#5327,2.5);
#301=CYLINDRICAL_SURFACE('',#5331,2.5);
#302=CYLINDRICAL_SURFACE('',#5335,2.5);
#303=CYLINDRICAL_SURFACE('',#5345,2.5);
#304=CYLINDRICAL_SURFACE('',#5347,2.5);
#305=CYLINDRICAL_SURFACE('',#5350,2.5);
#306=CYLINDRICAL_SURFACE('',#5353,2.5);
#307=CYLINDRICAL_SURFACE('',#5357,2.5);
#308=CYLINDRICAL_SURFACE('',#5361,2.5);
#309=CYLINDRICAL_SURFACE('',#5370,2.5);
#310=CYLINDRICAL_SURFACE('',#5373,2.5);
#311=CYLINDRICAL_SURFACE('',#5378,2.5);
#312=CYLINDRICAL_SURFACE('',#5381,2.5);
#313=CYLINDRICAL_SURFACE('',#5383,2.5);
#314=CYLINDRICAL_SURFACE('',#5385,2.5);
#315=CYLINDRICAL_SURFACE('',#5390,2.5);
#316=CYLINDRICAL_SURFACE('',#5396,2.5);
#317=CYLINDRICAL_SURFACE('',#5398,2.5);
#318=CYLINDRICAL_SURFACE('',#5400,2.5);
#319=CYLINDRICAL_SURFACE('',#5401,2.5);
#320=CYLINDRICAL_SURFACE('',#5410,2.5);
#321=CYLINDRICAL_SURFACE('',#5415,2.5);
#322=CYLINDRICAL_SURFACE('',#5419,2.5);
#323=CYLINDRICAL_SURFACE('',#5423,5.);
#324=CYLINDRICAL_SURFACE('',#5426,5.);
#325=CYLINDRICAL_SURFACE('',#5475,20.);
#326=CYLINDRICAL_SURFACE('',#5476,12.5);
#327=CYLINDRICAL_SURFACE('',#5477,20.);
#328=CYLINDRICAL_SURFACE('',#5479,20.);
#329=CYLINDRICAL_SURFACE('',#5480,12.5);
#330=CYLINDRICAL_SURFACE('',#5481,20.);
#331=CYLINDRICAL_SURFACE('',#5483,20.);
#332=CYLINDRICAL_SURFACE('',#5484,12.5);
#333=CYLINDRICAL_SURFACE('',#5485,20.);
#334=CYLINDRICAL_SURFACE('',#5487,20.);
#335=CYLINDRICAL_SURFACE('',#5488,12.5);
#336=CYLINDRICAL_SURFACE('',#5489,20.);
#337=CYLINDRICAL_SURFACE('',#5490,0.5);
#338=CYLINDRICAL_SURFACE('',#5493,0.5);
#339=CYLINDRICAL_SURFACE('',#5496,0.5);
#340=CYLINDRICAL_SURFACE('',#5497,0.5);
#341=CYLINDRICAL_SURFACE('',#5500,0.5);
#342=CYLINDRICAL_SURFACE('',#5506,10.);
#343=CYLINDRICAL_SURFACE('',#5518,10.);
#344=CYLINDRICAL_SURFACE('',#5520,10.);
#345=CYLINDRICAL_SURFACE('',#5521,10.);
#346=CYLINDRICAL_SURFACE('',#5522,10.);
#347=CYLINDRICAL_SURFACE('',#5539,3.25);
#348=CYLINDRICAL_SURFACE('',#5542,3.25);
#349=CYLINDRICAL_SURFACE('',#5546,2.25);
#350=CYLINDRICAL_SURFACE('',#5548,2.25);
#351=CYLINDRICAL_SURFACE('',#5582,1.);
#352=CYLINDRICAL_SURFACE('',#5588,1.);
#353=CYLINDRICAL_SURFACE('',#5599,33.);
#354=CYLINDRICAL_SURFACE('',#5605,33.);
#355=CYLINDRICAL_SURFACE('',#5611,33.);
#356=CYLINDRICAL_SURFACE('',#5616,2.5);
#357=CYLINDRICAL_SURFACE('',#5619,33.);
#358=CYLINDRICAL_SURFACE('',#5625,33.);
#359=CYLINDRICAL_SURFACE('',#5630,2.5);
#360=CYLINDRICAL_SURFACE('',#5649,4.);
#361=CYLINDRICAL_SURFACE('',#5653,4.);
#362=CYLINDRICAL_SURFACE('',#5659,2.5);
#363=CYLINDRICAL_SURFACE('',#5666,2.5);
#364=CYLINDRICAL_SURFACE('',#5672,2.5);
#365=CYLINDRICAL_SURFACE('',#5674,2.5);
#366=CYLINDRICAL_SURFACE('',#5678,2.5);
#367=CYLINDRICAL_SURFACE('',#5680,2.5);
#368=CYLINDRICAL_SURFACE('',#5681,2.5);
#369=CYLINDRICAL_SURFACE('',#5690,5.);
#370=CYLINDRICAL_SURFACE('',#5694,5.);
#371=B_SPLINE_CURVE_WITH_KNOTS('',3,(#7170,#7171,#7172,#7173,#7174),
 .UNSPECIFIED.,.F.,.F.,(4,1,4),(0.,0.30055495828141,0.579788336696535),
 .UNSPECIFIED.);
#372=B_SPLINE_CURVE_WITH_KNOTS('',3,(#7177,#7178,#7179,#7180,#7181),
 .UNSPECIFIED.,.F.,.F.,(4,1,4),(0.,0.30055495828141,0.579788336696535),
 .UNSPECIFIED.);
#373=B_SPLINE_CURVE_WITH_KNOTS('',3,(#7193,#7194,#7195,#7196,#7197),
 .UNSPECIFIED.,.F.,.F.,(4,1,4),(0.,0.246160225745436,0.539501155520136),
 .UNSPECIFIED.);
#374=B_SPLINE_CURVE_WITH_KNOTS('',3,(#7200,#7201,#7202,#7203,#7204),
 .UNSPECIFIED.,.F.,.F.,(4,1,4),(0.,0.246160225745436,0.539501155520136),
 .UNSPECIFIED.);
#375=B_SPLINE_CURVE_WITH_KNOTS('',3,(#7222,#7223,#7224,#7225,#7226),
 .UNSPECIFIED.,.F.,.F.,(4,1,4),(0.,0.408887663357967,0.826977895594095),
 .UNSPECIFIED.);
#376=B_SPLINE_CURVE_WITH_KNOTS('',3,(#7229,#7230,#7231,#7232,#7233),
 .UNSPECIFIED.,.F.,.F.,(4,1,4),(0.,0.408887663357967,0.826977895594095),
 .UNSPECIFIED.);
#377=B_SPLINE_CURVE_WITH_KNOTS('',3,(#7401,#7402,#7403,#7404,#7405),
 .UNSPECIFIED.,.F.,.F.,(4,1,4),(-0.354935780803179,-0.152115334629934,-2.66729281423935E-16),
 .UNSPECIFIED.);
#378=B_SPLINE_CURVE_WITH_KNOTS('',3,(#7406,#7407,#7408,#7409,#7410),
 .UNSPECIFIED.,.F.,.F.,(4,1,4),(2.66729281423935E-16,0.152115334629934,
0.354935780803179),.UNSPECIFIED.);
#379=B_SPLINE_CURVE_WITH_KNOTS('',3,(#7516,#7517,#7518,#7519,#7520,#7521,
#7522,#7523,#7524,#7525),.UNSPECIFIED.,.F.,.F.,(4,2,2,2,4),(0.,0.0941969058675709,
0.188393811735142,0.283371228035031,0.378348644334921),.UNSPECIFIED.);
#380=B_SPLINE_CURVE_WITH_KNOTS('',3,(#7529,#7530,#7531,#7532,#7533,#7534,
#7535,#7536,#7537,#7538),.UNSPECIFIED.,.F.,.F.,(4,2,2,2,4),(-0.377327825348371,
-0.282845427934501,-0.188363030520632,-0.094181515260316,0.),
 .UNSPECIFIED.);
#381=B_SPLINE_CURVE_WITH_KNOTS('',3,(#7596,#7597,#7598,#7599,#7600,#7601,
#7602,#7603,#7604,#7605),.UNSPECIFIED.,.F.,.F.,(4,2,2,2,4),(0.,0.0941815152603159,
0.188363030520632,0.282845427934501,0.377327825348371),.UNSPECIFIED.);
#382=B_SPLINE_CURVE_WITH_KNOTS('',3,(#7607,#7608,#7609,#7610,#7611,#7612,
#7613,#7614,#7615,#7616),.UNSPECIFIED.,.F.,.F.,(4,2,2,2,4),(-0.378348644334921,
-0.283371228035031,-0.188393811735142,-0.0941969058675709,0.),
 .UNSPECIFIED.);
#383=B_SPLINE_CURVE_WITH_KNOTS('',3,(#7620,#7621,#7622,#7623,#7624,#7625,
#7626,#7627,#7628,#7629),.UNSPECIFIED.,.F.,.F.,(4,2,2,2,4),(0.,0.0941815152603159,
0.188363030520632,0.282845427934501,0.377327825348371),.UNSPECIFIED.);
#384=B_SPLINE_CURVE_WITH_KNOTS('',3,(#7631,#7632,#7633,#7634,#7635,#7636,
#7637,#7638,#7639,#7640),.UNSPECIFIED.,.F.,.F.,(4,2,2,2,4),(-0.378348644334921,
-0.283371228035031,-0.188393811735142,-0.0941969058675709,0.),
 .UNSPECIFIED.);
#385=B_SPLINE_CURVE_WITH_KNOTS('',3,(#7644,#7645,#7646,#7647,#7648,#7649,
#7650,#7651,#7652,#7653),.UNSPECIFIED.,.F.,.F.,(4,2,2,2,4),(0.,0.0941969058675708,
0.188393811735142,0.283371228035031,0.378348644334921),.UNSPECIFIED.);
#386=B_SPLINE_CURVE_WITH_KNOTS('',3,(#7655,#7656,#7657,#7658,#7659,#7660,
#7661,#7662,#7663,#7664),.UNSPECIFIED.,.F.,.F.,(4,2,2,2,4),(-0.37732782534837,
-0.282845427934501,-0.188363030520632,-0.0941815152603158,0.),
 .UNSPECIFIED.);
#387=B_SPLINE_CURVE_WITH_KNOTS('',3,(#7668,#7669,#7670,#7671,#7672,#7673,
#7674,#7675,#7676,#7677),.UNSPECIFIED.,.F.,.F.,(4,2,2,2,4),(0.,0.0941815152603159,
0.188363030520632,0.282845427934501,0.377327825348371),.UNSPECIFIED.);
#388=B_SPLINE_CURVE_WITH_KNOTS('',3,(#7679,#7680,#7681,#7682,#7683,#7684,
#7685,#7686,#7687,#7688),.UNSPECIFIED.,.F.,.F.,(4,2,2,2,4),(-0.378348644334921,
-0.283371228035031,-0.188393811735142,-0.0941969058675709,0.),
 .UNSPECIFIED.);
#389=B_SPLINE_CURVE_WITH_KNOTS('',3,(#7692,#7693,#7694,#7695,#7696,#7697,
#7698,#7699,#7700,#7701),.UNSPECIFIED.,.F.,.F.,(4,2,2,2,4),(0.,0.0941969058675709,
0.188393811735142,0.283371228035031,0.378348644334921),.UNSPECIFIED.);
#390=B_SPLINE_CURVE_WITH_KNOTS('',3,(#7703,#7704,#7705,#7706,#7707,#7708,
#7709,#7710,#7711,#7712),.UNSPECIFIED.,.F.,.F.,(4,2,2,2,4),(-0.377327825348371,
-0.282845427934501,-0.188363030520632,-0.094181515260316,0.),
 .UNSPECIFIED.);
#391=B_SPLINE_CURVE_WITH_KNOTS('',3,(#8317,#8318,#8319,#8320,#8321,#8322,
#8323,#8324,#8325,#8326,#8327,#8328,#8329,#8330),.UNSPECIFIED.,.F.,.F.,
(4,2,2,2,2,2,4),(-0.0945143703657128,-0.0803949180159113,-0.0643828823761424,
-0.0430035443571505,-0.0220240117925605,0.,0.000441330586580477),
 .UNSPECIFIED.);
#392=B_SPLINE_CURVE_WITH_KNOTS('',3,(#8340,#8341,#8342,#8343,#8344,#8345,
#8346,#8347,#8348,#8349,#8350,#8351,#8352,#8353),.UNSPECIFIED.,.F.,.F.,
(4,2,2,2,2,2,4),(-0.0941029102031058,-0.0936655431767384,-0.0718393275494339,
-0.051048210752559,-0.0298608791271175,-0.0139926465000468,0.),
 .UNSPECIFIED.);
#393=B_SPLINE_SURFACE_WITH_KNOTS('',3,1,((#7159,#7160),(#7161,#7162),(#7163,
#7164),(#7165,#7166),(#7167,#7168)),.UNSPECIFIED.,.F.,.F.,.F.,(4,1,4),(2,
2),(0.,0.30055495828141,0.579788336696535),(0.,0.0499999999999998),
 .UNSPECIFIED.);
#394=B_SPLINE_SURFACE_WITH_KNOTS('',3,1,((#7182,#7183),(#7184,#7185),(#7186,
#7187),(#7188,#7189),(#7190,#7191)),.UNSPECIFIED.,.F.,.F.,.F.,(4,1,4),(2,
2),(0.,0.246160225745436,0.539501155520136),(0.,0.0499999999999998),
 .UNSPECIFIED.);
#395=B_SPLINE_SURFACE_WITH_KNOTS('',3,1,((#7211,#7212),(#7213,#7214),(#7215,
#7216),(#7217,#7218),(#7219,#7220)),.UNSPECIFIED.,.F.,.F.,.F.,(4,1,4),(2,
2),(0.,0.408887663357967,0.826977895594095),(0.,0.0499999999999998),
 .UNSPECIFIED.);
#396=B_SPLINE_SURFACE_WITH_KNOTS('',3,3,((#7381,#7382,#7383,#7384,#7385),
(#7386,#7387,#7388,#7389,#7390),(#7391,#7392,#7393,#7394,#7395),(#7396,
#7397,#7398,#7399,#7400)),.UNSPECIFIED.,.F.,.F.,.F.,(4,4),(4,1,4),(0.,1.),
(2.66729281423935E-16,0.152115334629934,0.354935780803179),
 .UNSPECIFIED.);
#397=FACE_OUTER_BOUND('',#669,.T.);
#398=FACE_OUTER_BOUND('',#670,.T.);
#399=FACE_OUTER_BOUND('',#671,.T.);
#400=FACE_OUTER_BOUND('',#672,.T.);
#401=FACE_OUTER_BOUND('',#673,.T.);
#402=FACE_OUTER_BOUND('',#674,.T.);
#403=FACE_OUTER_BOUND('',#675,.T.);
#404=FACE_OUTER_BOUND('',#676,.T.);
#405=FACE_OUTER_BOUND('',#677,.T.);
#406=FACE_OUTER_BOUND('',#678,.T.);
#407=FACE_OUTER_BOUND('',#679,.T.);
#408=FACE_OUTER_BOUND('',#680,.T.);
#409=FACE_OUTER_BOUND('',#681,.T.);
#410=FACE_OUTER_BOUND('',#682,.T.);
#411=FACE_OUTER_BOUND('',#683,.T.);
#412=FACE_OUTER_BOUND('',#684,.T.);
#413=FACE_OUTER_BOUND('',#685,.T.);
#414=FACE_OUTER_BOUND('',#686,.T.);
#415=FACE_OUTER_BOUND('',#687,.T.);
#416=FACE_OUTER_BOUND('',#688,.T.);
#417=FACE_OUTER_BOUND('',#689,.T.);
#418=FACE_OUTER_BOUND('',#690,.T.);
#419=FACE_OUTER_BOUND('',#691,.T.);
#420=FACE_OUTER_BOUND('',#692,.T.);
#421=FACE_OUTER_BOUND('',#693,.T.);
#422=FACE_OUTER_BOUND('',#694,.T.);
#423=FACE_OUTER_BOUND('',#695,.T.);
#424=FACE_OUTER_BOUND('',#696,.T.);
#425=FACE_OUTER_BOUND('',#697,.T.);
#426=FACE_OUTER_BOUND('',#698,.T.);
#427=FACE_OUTER_BOUND('',#699,.T.);
#428=FACE_OUTER_BOUND('',#700,.T.);
#429=FACE_OUTER_BOUND('',#704,.T.);
#430=FACE_OUTER_BOUND('',#705,.T.);
#431=FACE_OUTER_BOUND('',#706,.T.);
#432=FACE_OUTER_BOUND('',#707,.T.);
#433=FACE_OUTER_BOUND('',#708,.T.);
#434=FACE_OUTER_BOUND('',#709,.T.);
#435=FACE_OUTER_BOUND('',#710,.T.);
#436=FACE_OUTER_BOUND('',#712,.T.);
#437=FACE_OUTER_BOUND('',#713,.T.);
#438=FACE_OUTER_BOUND('',#714,.T.);
#439=FACE_OUTER_BOUND('',#715,.T.);
#440=FACE_OUTER_BOUND('',#716,.T.);
#441=FACE_OUTER_BOUND('',#717,.T.);
#442=FACE_OUTER_BOUND('',#718,.T.);
#443=FACE_OUTER_BOUND('',#719,.T.);
#444=FACE_OUTER_BOUND('',#720,.T.);
#445=FACE_OUTER_BOUND('',#721,.T.);
#446=FACE_OUTER_BOUND('',#722,.T.);
#447=FACE_OUTER_BOUND('',#723,.T.);
#448=FACE_OUTER_BOUND('',#724,.T.);
#449=FACE_OUTER_BOUND('',#725,.T.);
#450=FACE_OUTER_BOUND('',#726,.T.);
#451=FACE_OUTER_BOUND('',#727,.T.);
#452=FACE_OUTER_BOUND('',#728,.T.);
#453=FACE_OUTER_BOUND('',#729,.T.);
#454=FACE_OUTER_BOUND('',#730,.T.);
#455=FACE_OUTER_BOUND('',#731,.T.);
#456=FACE_OUTER_BOUND('',#732,.T.);
#457=FACE_OUTER_BOUND('',#733,.T.);
#458=FACE_OUTER_BOUND('',#734,.T.);
#459=FACE_OUTER_BOUND('',#735,.T.);
#460=FACE_OUTER_BOUND('',#736,.T.);
#461=FACE_OUTER_BOUND('',#737,.T.);
#462=FACE_OUTER_BOUND('',#738,.T.);
#463=FACE_OUTER_BOUND('',#739,.T.);
#464=FACE_OUTER_BOUND('',#740,.T.);
#465=FACE_OUTER_BOUND('',#741,.T.);
#466=FACE_OUTER_BOUND('',#742,.T.);
#467=FACE_OUTER_BOUND('',#743,.T.);
#468=FACE_OUTER_BOUND('',#744,.T.);
#469=FACE_OUTER_BOUND('',#745,.T.);
#470=FACE_OUTER_BOUND('',#746,.T.);
#471=FACE_OUTER_BOUND('',#747,.T.);
#472=FACE_OUTER_BOUND('',#748,.T.);
#473=FACE_OUTER_BOUND('',#749,.T.);
#474=FACE_OUTER_BOUND('',#750,.T.);
#475=FACE_OUTER_BOUND('',#751,.T.);
#476=FACE_OUTER_BOUND('',#752,.T.);
#477=FACE_OUTER_BOUND('',#753,.T.);
#478=FACE_OUTER_BOUND('',#754,.T.);
#479=FACE_OUTER_BOUND('',#755,.T.);
#480=FACE_OUTER_BOUND('',#758,.T.);
#481=FACE_OUTER_BOUND('',#762,.T.);
#482=FACE_OUTER_BOUND('',#767,.T.);
#483=FACE_OUTER_BOUND('',#768,.T.);
#484=FACE_OUTER_BOUND('',#769,.T.);
#485=FACE_OUTER_BOUND('',#770,.T.);
#486=FACE_OUTER_BOUND('',#771,.T.);
#487=FACE_OUTER_BOUND('',#772,.T.);
#488=FACE_OUTER_BOUND('',#775,.T.);
#489=FACE_OUTER_BOUND('',#776,.T.);
#490=FACE_OUTER_BOUND('',#780,.T.);
#491=FACE_OUTER_BOUND('',#781,.T.);
#492=FACE_OUTER_BOUND('',#786,.T.);
#493=FACE_OUTER_BOUND('',#789,.T.);
#494=FACE_OUTER_BOUND('',#790,.T.);
#495=FACE_OUTER_BOUND('',#791,.T.);
#496=FACE_OUTER_BOUND('',#796,.T.);
#497=FACE_OUTER_BOUND('',#797,.T.);
#498=FACE_OUTER_BOUND('',#798,.T.);
#499=FACE_OUTER_BOUND('',#799,.T.);
#500=FACE_OUTER_BOUND('',#800,.T.);
#501=FACE_OUTER_BOUND('',#801,.T.);
#502=FACE_OUTER_BOUND('',#802,.T.);
#503=FACE_OUTER_BOUND('',#803,.T.);
#504=FACE_OUTER_BOUND('',#804,.T.);
#505=FACE_OUTER_BOUND('',#805,.T.);
#506=FACE_OUTER_BOUND('',#810,.T.);
#507=FACE_OUTER_BOUND('',#811,.T.);
#508=FACE_OUTER_BOUND('',#812,.T.);
#509=FACE_OUTER_BOUND('',#813,.T.);
#510=FACE_OUTER_BOUND('',#814,.T.);
#511=FACE_OUTER_BOUND('',#815,.T.);
#512=FACE_OUTER_BOUND('',#816,.T.);
#513=FACE_OUTER_BOUND('',#817,.T.);
#514=FACE_OUTER_BOUND('',#818,.T.);
#515=FACE_OUTER_BOUND('',#819,.T.);
#516=FACE_OUTER_BOUND('',#820,.T.);
#517=FACE_OUTER_BOUND('',#821,.T.);
#518=FACE_OUTER_BOUND('',#822,.T.);
#519=FACE_OUTER_BOUND('',#823,.T.);
#520=FACE_OUTER_BOUND('',#824,.T.);
#521=FACE_OUTER_BOUND('',#825,.T.);
#522=FACE_OUTER_BOUND('',#826,.T.);
#523=FACE_OUTER_BOUND('',#827,.T.);
#524=FACE_OUTER_BOUND('',#828,.T.);
#525=FACE_OUTER_BOUND('',#829,.T.);
#526=FACE_OUTER_BOUND('',#830,.T.);
#527=FACE_OUTER_BOUND('',#831,.T.);
#528=FACE_OUTER_BOUND('',#832,.T.);
#529=FACE_OUTER_BOUND('',#833,.T.);
#530=FACE_OUTER_BOUND('',#834,.T.);
#531=FACE_OUTER_BOUND('',#835,.T.);
#532=FACE_OUTER_BOUND('',#836,.T.);
#533=FACE_OUTER_BOUND('',#837,.T.);
#534=FACE_OUTER_BOUND('',#838,.T.);
#535=FACE_OUTER_BOUND('',#839,.T.);
#536=FACE_OUTER_BOUND('',#840,.T.);
#537=FACE_OUTER_BOUND('',#841,.T.);
#538=FACE_OUTER_BOUND('',#842,.T.);
#539=FACE_OUTER_BOUND('',#843,.T.);
#540=FACE_OUTER_BOUND('',#844,.T.);
#541=FACE_OUTER_BOUND('',#845,.T.);
#542=FACE_OUTER_BOUND('',#846,.T.);
#543=FACE_OUTER_BOUND('',#847,.T.);
#544=FACE_OUTER_BOUND('',#848,.T.);
#545=FACE_OUTER_BOUND('',#849,.T.);
#546=FACE_OUTER_BOUND('',#850,.T.);
#547=FACE_OUTER_BOUND('',#851,.T.);
#548=FACE_OUTER_BOUND('',#852,.T.);
#549=FACE_OUTER_BOUND('',#853,.T.);
#550=FACE_OUTER_BOUND('',#854,.T.);
#551=FACE_OUTER_BOUND('',#855,.T.);
#552=FACE_OUTER_BOUND('',#856,.T.);
#553=FACE_OUTER_BOUND('',#857,.T.);
#554=FACE_OUTER_BOUND('',#858,.T.);
#555=FACE_OUTER_BOUND('',#859,.T.);
#556=FACE_OUTER_BOUND('',#860,.T.);
#557=FACE_OUTER_BOUND('',#861,.T.);
#558=FACE_OUTER_BOUND('',#862,.T.);
#559=FACE_OUTER_BOUND('',#863,.T.);
#560=FACE_OUTER_BOUND('',#865,.T.);
#561=FACE_OUTER_BOUND('',#866,.T.);
#562=FACE_OUTER_BOUND('',#868,.T.);
#563=FACE_OUTER_BOUND('',#869,.T.);
#564=FACE_OUTER_BOUND('',#871,.T.);
#565=FACE_OUTER_BOUND('',#872,.T.);
#566=FACE_OUTER_BOUND('',#873,.T.);
#567=FACE_OUTER_BOUND('',#874,.T.);
#568=FACE_OUTER_BOUND('',#875,.T.);
#569=FACE_OUTER_BOUND('',#876,.T.);
#570=FACE_OUTER_BOUND('',#877,.T.);
#571=FACE_OUTER_BOUND('',#878,.T.);
#572=FACE_OUTER_BOUND('',#879,.T.);
#573=FACE_OUTER_BOUND('',#880,.T.);
#574=FACE_OUTER_BOUND('',#881,.T.);
#575=FACE_OUTER_BOUND('',#882,.T.);
#576=FACE_OUTER_BOUND('',#883,.T.);
#577=FACE_OUTER_BOUND('',#884,.T.);
#578=FACE_OUTER_BOUND('',#885,.T.);
#579=FACE_OUTER_BOUND('',#887,.T.);
#580=FACE_OUTER_BOUND('',#888,.T.);
#581=FACE_OUTER_BOUND('',#890,.T.);
#582=FACE_OUTER_BOUND('',#891,.T.);
#583=FACE_OUTER_BOUND('',#893,.T.);
#584=FACE_OUTER_BOUND('',#894,.T.);
#585=FACE_OUTER_BOUND('',#895,.T.);
#586=FACE_OUTER_BOUND('',#896,.T.);
#587=FACE_OUTER_BOUND('',#897,.T.);
#588=FACE_OUTER_BOUND('',#898,.T.);
#589=FACE_OUTER_BOUND('',#900,.T.);
#590=FACE_OUTER_BOUND('',#901,.T.);
#591=FACE_OUTER_BOUND('',#903,.T.);
#592=FACE_OUTER_BOUND('',#904,.T.);
#593=FACE_OUTER_BOUND('',#906,.T.);
#594=FACE_OUTER_BOUND('',#907,.T.);
#595=FACE_OUTER_BOUND('',#908,.T.);
#596=FACE_OUTER_BOUND('',#909,.T.);
#597=FACE_OUTER_BOUND('',#910,.T.);
#598=FACE_OUTER_BOUND('',#911,.T.);
#599=FACE_OUTER_BOUND('',#912,.T.);
#600=FACE_OUTER_BOUND('',#913,.T.);
#601=FACE_OUTER_BOUND('',#914,.T.);
#602=FACE_OUTER_BOUND('',#915,.T.);
#603=FACE_OUTER_BOUND('',#916,.T.);
#604=FACE_OUTER_BOUND('',#917,.T.);
#605=FACE_OUTER_BOUND('',#918,.T.);
#606=FACE_OUTER_BOUND('',#919,.T.);
#607=FACE_OUTER_BOUND('',#920,.T.);
#608=FACE_OUTER_BOUND('',#921,.T.);
#609=FACE_OUTER_BOUND('',#923,.T.);
#610=FACE_OUTER_BOUND('',#925,.T.);
#611=FACE_OUTER_BOUND('',#926,.T.);
#612=FACE_OUTER_BOUND('',#927,.T.);
#613=FACE_OUTER_BOUND('',#928,.T.);
#614=FACE_OUTER_BOUND('',#929,.T.);
#615=FACE_OUTER_BOUND('',#930,.T.);
#616=FACE_OUTER_BOUND('',#931,.T.);
#617=FACE_OUTER_BOUND('',#932,.T.);
#618=FACE_OUTER_BOUND('',#933,.T.);
#619=FACE_OUTER_BOUND('',#934,.T.);
#620=FACE_OUTER_BOUND('',#935,.T.);
#621=FACE_OUTER_BOUND('',#936,.T.);
#622=FACE_OUTER_BOUND('',#937,.T.);
#623=FACE_OUTER_BOUND('',#938,.T.);
#624=FACE_OUTER_BOUND('',#939,.T.);
#625=FACE_OUTER_BOUND('',#940,.T.);
#626=FACE_OUTER_BOUND('',#941,.T.);
#627=FACE_OUTER_BOUND('',#942,.T.);
#628=FACE_OUTER_BOUND('',#943,.T.);
#629=FACE_OUTER_BOUND('',#944,.T.);
#630=FACE_OUTER_BOUND('',#945,.T.);
#631=FACE_OUTER_BOUND('',#946,.T.);
#632=FACE_OUTER_BOUND('',#947,.T.);
#633=FACE_OUTER_BOUND('',#948,.T.);
#634=FACE_OUTER_BOUND('',#949,.T.);
#635=FACE_OUTER_BOUND('',#950,.T.);
#636=FACE_OUTER_BOUND('',#951,.T.);
#637=FACE_OUTER_BOUND('',#952,.T.);
#638=FACE_OUTER_BOUND('',#953,.T.);
#639=FACE_OUTER_BOUND('',#954,.T.);
#640=FACE_OUTER_BOUND('',#955,.T.);
#641=FACE_OUTER_BOUND('',#956,.T.);
#642=FACE_OUTER_BOUND('',#957,.T.);
#643=FACE_OUTER_BOUND('',#959,.T.);
#644=FACE_OUTER_BOUND('',#960,.T.);
#645=FACE_OUTER_BOUND('',#961,.T.);
#646=FACE_OUTER_BOUND('',#962,.T.);
#647=FACE_OUTER_BOUND('',#963,.T.);
#648=FACE_OUTER_BOUND('',#964,.T.);
#649=FACE_OUTER_BOUND('',#965,.T.);
#650=FACE_OUTER_BOUND('',#966,.T.);
#651=FACE_OUTER_BOUND('',#967,.T.);
#652=FACE_OUTER_BOUND('',#971,.T.);
#653=FACE_OUTER_BOUND('',#972,.T.);
#654=FACE_OUTER_BOUND('',#973,.T.);
#655=FACE_OUTER_BOUND('',#974,.T.);
#656=FACE_OUTER_BOUND('',#975,.T.);
#657=FACE_OUTER_BOUND('',#976,.T.);
#658=FACE_OUTER_BOUND('',#977,.T.);
#659=FACE_OUTER_BOUND('',#978,.T.);
#660=FACE_OUTER_BOUND('',#979,.T.);
#661=FACE_OUTER_BOUND('',#980,.T.);
#662=FACE_OUTER_BOUND('',#981,.T.);
#663=FACE_OUTER_BOUND('',#982,.T.);
#664=FACE_OUTER_BOUND('',#983,.T.);
#665=FACE_OUTER_BOUND('',#984,.T.);
#666=FACE_OUTER_BOUND('',#985,.T.);
#667=FACE_OUTER_BOUND('',#986,.T.);
#668=FACE_OUTER_BOUND('',#987,.T.);
#669=EDGE_LOOP('',(#3285,#3286,#3287,#3288));
#670=EDGE_LOOP('',(#3289,#3290,#3291,#3292));
#671=EDGE_LOOP('',(#3293,#3294,#3295,#3296));
#672=EDGE_LOOP('',(#3297,#3298,#3299,#3300));
#673=EDGE_LOOP('',(#3301,#3302,#3303,#3304));
#674=EDGE_LOOP('',(#3305,#3306,#3307,#3308));
#675=EDGE_LOOP('',(#3309,#3310,#3311,#3312));
#676=EDGE_LOOP('',(#3313,#3314,#3315,#3316));
#677=EDGE_LOOP('',(#3317,#3318,#3319,#3320,#3321,#3322,#3323,#3324));
#678=EDGE_LOOP('',(#3325,#3326,#3327,#3328));
#679=EDGE_LOOP('',(#3329,#3330,#3331,#3332));
#680=EDGE_LOOP('',(#3333,#3334,#3335,#3336));
#681=EDGE_LOOP('',(#3337,#3338,#3339,#3340));
#682=EDGE_LOOP('',(#3341,#3342,#3343,#3344));
#683=EDGE_LOOP('',(#3345,#3346,#3347,#3348));
#684=EDGE_LOOP('',(#3349,#3350,#3351,#3352));
#685=EDGE_LOOP('',(#3353,#3354,#3355,#3356));
#686=EDGE_LOOP('',(#3357,#3358,#3359,#3360));
#687=EDGE_LOOP('',(#3361,#3362,#3363,#3364));
#688=EDGE_LOOP('',(#3365,#3366,#3367,#3368));
#689=EDGE_LOOP('',(#3369,#3370,#3371,#3372));
#690=EDGE_LOOP('',(#3373,#3374,#3375,#3376));
#691=EDGE_LOOP('',(#3377,#3378,#3379,#3380));
#692=EDGE_LOOP('',(#3381,#3382,#3383,#3384));
#693=EDGE_LOOP('',(#3385,#3386,#3387,#3388));
#694=EDGE_LOOP('',(#3389,#3390,#3391,#3392));
#695=EDGE_LOOP('',(#3393,#3394,#3395,#3396));
#696=EDGE_LOOP('',(#3397,#3398,#3399,#3400));
#697=EDGE_LOOP('',(#3401,#3402,#3403,#3404));
#698=EDGE_LOOP('',(#3405,#3406,#3407,#3408,#3409));
#699=EDGE_LOOP('',(#3410,#3411,#3412,#3413));
#700=EDGE_LOOP('',(#3414,#3415,#3416,#3417,#3418,#3419,#3420,#3421));
#701=EDGE_LOOP('',(#3422));
#702=EDGE_LOOP('',(#3423,#3424,#3425,#3426));
#703=EDGE_LOOP('',(#3427,#3428,#3429,#3430));
#704=EDGE_LOOP('',(#3431,#3432,#3433,#3434,#3435,#3436));
#705=EDGE_LOOP('',(#3437,#3438,#3439,#3440,#3441));
#706=EDGE_LOOP('',(#3442,#3443,#3444,#3445,#3446));
#707=EDGE_LOOP('',(#3447));
#708=EDGE_LOOP('',(#3448));
#709=EDGE_LOOP('',(#3449,#3450,#3451,#3452));
#710=EDGE_LOOP('',(#3453,#3454,#3455,#3456,#3457,#3458,#3459,#3460,#3461,
#3462,#3463,#3464,#3465,#3466,#3467,#3468,#3469,#3470,#3471,#3472,#3473,
#3474,#3475,#3476));
#711=EDGE_LOOP('',(#3477,#3478,#3479,#3480));
#712=EDGE_LOOP('',(#3481,#3482,#3483,#3484));
#713=EDGE_LOOP('',(#3485,#3486,#3487,#3488));
#714=EDGE_LOOP('',(#3489,#3490,#3491,#3492));
#715=EDGE_LOOP('',(#3493,#3494,#3495,#3496));
#716=EDGE_LOOP('',(#3497,#3498,#3499,#3500));
#717=EDGE_LOOP('',(#3501,#3502,#3503,#3504));
#718=EDGE_LOOP('',(#3505,#3506,#3507,#3508,#3509,#3510,#3511,#3512));
#719=EDGE_LOOP('',(#3513,#3514,#3515,#3516));
#720=EDGE_LOOP('',(#3517,#3518,#3519,#3520,#3521,#3522,#3523,#3524));
#721=EDGE_LOOP('',(#3525,#3526,#3527,#3528));
#722=EDGE_LOOP('',(#3529,#3530,#3531,#3532));
#723=EDGE_LOOP('',(#3533,#3534,#3535,#3536));
#724=EDGE_LOOP('',(#3537,#3538,#3539,#3540));
#725=EDGE_LOOP('',(#3541,#3542,#3543,#3544,#3545,#3546,#3547,#3548,#3549,
#3550,#3551,#3552,#3553,#3554,#3555,#3556,#3557,#3558,#3559));
#726=EDGE_LOOP('',(#3560,#3561,#3562,#3563));
#727=EDGE_LOOP('',(#3564,#3565,#3566,#3567));
#728=EDGE_LOOP('',(#3568,#3569,#3570,#3571));
#729=EDGE_LOOP('',(#3572,#3573,#3574,#3575));
#730=EDGE_LOOP('',(#3576,#3577,#3578,#3579));
#731=EDGE_LOOP('',(#3580,#3581,#3582,#3583));
#732=EDGE_LOOP('',(#3584,#3585,#3586,#3587));
#733=EDGE_LOOP('',(#3588,#3589,#3590,#3591));
#734=EDGE_LOOP('',(#3592,#3593,#3594,#3595));
#735=EDGE_LOOP('',(#3596,#3597,#3598,#3599));
#736=EDGE_LOOP('',(#3600,#3601,#3602,#3603));
#737=EDGE_LOOP('',(#3604,#3605,#3606,#3607,#3608,#3609,#3610,#3611,#3612,
#3613,#3614,#3615,#3616,#3617,#3618,#3619,#3620,#3621,#3622));
#738=EDGE_LOOP('',(#3623,#3624,#3625,#3626));
#739=EDGE_LOOP('',(#3627,#3628,#3629,#3630));
#740=EDGE_LOOP('',(#3631,#3632,#3633,#3634));
#741=EDGE_LOOP('',(#3635,#3636,#3637,#3638,#3639,#3640,#3641,#3642,#3643,
#3644,#3645,#3646,#3647,#3648,#3649,#3650,#3651,#3652,#3653));
#742=EDGE_LOOP('',(#3654,#3655,#3656,#3657));
#743=EDGE_LOOP('',(#3658,#3659,#3660,#3661));
#744=EDGE_LOOP('',(#3662,#3663,#3664,#3665));
#745=EDGE_LOOP('',(#3666,#3667,#3668,#3669));
#746=EDGE_LOOP('',(#3670,#3671,#3672,#3673));
#747=EDGE_LOOP('',(#3674,#3675,#3676,#3677));
#748=EDGE_LOOP('',(#3678,#3679,#3680));
#749=EDGE_LOOP('',(#3681,#3682,#3683,#3684));
#750=EDGE_LOOP('',(#3685,#3686,#3687));
#751=EDGE_LOOP('',(#3688,#3689,#3690,#3691));
#752=EDGE_LOOP('',(#3692,#3693,#3694,#3695));
#753=EDGE_LOOP('',(#3696,#3697,#3698,#3699));
#754=EDGE_LOOP('',(#3700,#3701,#3702,#3703));
#755=EDGE_LOOP('',(#3704,#3705,#3706,#3707,#3708,#3709,#3710,#3711));
#756=EDGE_LOOP('',(#3712,#3713,#3714,#3715));
#757=EDGE_LOOP('',(#3716,#3717,#3718,#3719,#3720,#3721,#3722,#3723,#3724,
#3725));
#758=EDGE_LOOP('',(#3726,#3727,#3728,#3729,#3730,#3731,#3732,#3733,#3734,
#3735,#3736,#3737,#3738,#3739,#3740,#3741,#3742,#3743,#3744,#3745,#3746,
#3747));
#759=EDGE_LOOP('',(#3748,#3749,#3750,#3751,#3752,#3753,#3754,#3755));
#760=EDGE_LOOP('',(#3756));
#761=EDGE_LOOP('',(#3757));
#762=EDGE_LOOP('',(#3758,#3759,#3760,#3761));
#763=EDGE_LOOP('',(#3762,#3763,#3764,#3765));
#764=EDGE_LOOP('',(#3766,#3767,#3768,#3769));
#765=EDGE_LOOP('',(#3770,#3771,#3772,#3773));
#766=EDGE_LOOP('',(#3774,#3775,#3776,#3777));
#767=EDGE_LOOP('',(#3778,#3779,#3780,#3781));
#768=EDGE_LOOP('',(#3782,#3783,#3784,#3785));
#769=EDGE_LOOP('',(#3786,#3787,#3788,#3789,#3790,#3791));
#770=EDGE_LOOP('',(#3792,#3793,#3794,#3795));
#771=EDGE_LOOP('',(#3796,#3797,#3798,#3799));
#772=EDGE_LOOP('',(#3800,#3801,#3802,#3803));
#773=EDGE_LOOP('',(#3804,#3805,#3806,#3807));
#774=EDGE_LOOP('',(#3808));
#775=EDGE_LOOP('',(#3809,#3810,#3811,#3812));
#776=EDGE_LOOP('',(#3813,#3814,#3815,#3816));
#777=EDGE_LOOP('',(#3817,#3818,#3819,#3820,#3821,#3822,#3823,#3824));
#778=EDGE_LOOP('',(#3825));
#779=EDGE_LOOP('',(#3826));
#780=EDGE_LOOP('',(#3827,#3828,#3829,#3830));
#781=EDGE_LOOP('',(#3831,#3832,#3833,#3834,#3835,#3836));
#782=EDGE_LOOP('',(#3837,#3838,#3839,#3840,#3841,#3842,#3843,#3844));
#783=EDGE_LOOP('',(#3845));
#784=EDGE_LOOP('',(#3846));
#785=EDGE_LOOP('',(#3847,#3848,#3849,#3850,#3851,#3852,#3853,#3854));
#786=EDGE_LOOP('',(#3855,#3856,#3857,#3858));
#787=EDGE_LOOP('',(#3859,#3860,#3861,#3862));
#788=EDGE_LOOP('',(#3863));
#789=EDGE_LOOP('',(#3864,#3865,#3866,#3867));
#790=EDGE_LOOP('',(#3868,#3869,#3870,#3871));
#791=EDGE_LOOP('',(#3872,#3873,#3874,#3875));
#792=EDGE_LOOP('',(#3876,#3877,#3878,#3879));
#793=EDGE_LOOP('',(#3880,#3881,#3882,#3883));
#794=EDGE_LOOP('',(#3884,#3885,#3886,#3887));
#795=EDGE_LOOP('',(#3888,#3889,#3890,#3891));
#796=EDGE_LOOP('',(#3892,#3893,#3894,#3895));
#797=EDGE_LOOP('',(#3896,#3897,#3898,#3899));
#798=EDGE_LOOP('',(#3900,#3901,#3902,#3903,#3904,#3905,#3906,#3907,#3908,
#3909,#3910,#3911,#3912,#3913,#3914,#3915));
#799=EDGE_LOOP('',(#3916,#3917,#3918,#3919));
#800=EDGE_LOOP('',(#3920,#3921,#3922,#3923));
#801=EDGE_LOOP('',(#3924,#3925,#3926,#3927));
#802=EDGE_LOOP('',(#3928,#3929,#3930,#3931));
#803=EDGE_LOOP('',(#3932,#3933,#3934,#3935));
#804=EDGE_LOOP('',(#3936,#3937,#3938,#3939));
#805=EDGE_LOOP('',(#3940,#3941,#3942,#3943));
#806=EDGE_LOOP('',(#3944));
#807=EDGE_LOOP('',(#3945));
#808=EDGE_LOOP('',(#3946,#3947,#3948,#3949));
#809=EDGE_LOOP('',(#3950,#3951,#3952,#3953));
#810=EDGE_LOOP('',(#3954,#3955,#3956,#3957));
#811=EDGE_LOOP('',(#3958,#3959,#3960,#3961));
#812=EDGE_LOOP('',(#3962,#3963,#3964,#3965));
#813=EDGE_LOOP('',(#3966,#3967,#3968,#3969));
#814=EDGE_LOOP('',(#3970,#3971,#3972,#3973));
#815=EDGE_LOOP('',(#3974,#3975,#3976,#3977));
#816=EDGE_LOOP('',(#3978,#3979,#3980,#3981));
#817=EDGE_LOOP('',(#3982,#3983,#3984,#3985,#3986,#3987));
#818=EDGE_LOOP('',(#3988,#3989,#3990,#3991,#3992,#3993,#3994,#3995,#3996));
#819=EDGE_LOOP('',(#3997,#3998,#3999,#4000,#4001));
#820=EDGE_LOOP('',(#4002,#4003,#4004,#4005));
#821=EDGE_LOOP('',(#4006,#4007,#4008,#4009,#4010));
#822=EDGE_LOOP('',(#4011,#4012,#4013,#4014,#4015,#4016,#4017,#4018,#4019));
#823=EDGE_LOOP('',(#4020,#4021,#4022,#4023,#4024,#4025));
#824=EDGE_LOOP('',(#4026,#4027,#4028,#4029));
#825=EDGE_LOOP('',(#4030,#4031,#4032,#4033,#4034,#4035));
#826=EDGE_LOOP('',(#4036,#4037,#4038,#4039,#4040,#4041,#4042,#4043,#4044,
#4045));
#827=EDGE_LOOP('',(#4046,#4047,#4048,#4049,#4050,#4051));
#828=EDGE_LOOP('',(#4052,#4053,#4054,#4055));
#829=EDGE_LOOP('',(#4056,#4057,#4058,#4059,#4060,#4061));
#830=EDGE_LOOP('',(#4062,#4063,#4064,#4065,#4066,#4067,#4068,#4069,#4070,
#4071));
#831=EDGE_LOOP('',(#4072,#4073,#4074,#4075,#4076,#4077));
#832=EDGE_LOOP('',(#4078,#4079,#4080,#4081));
#833=EDGE_LOOP('',(#4082,#4083,#4084,#4085));
#834=EDGE_LOOP('',(#4086,#4087,#4088,#4089));
#835=EDGE_LOOP('',(#4090,#4091,#4092,#4093,#4094));
#836=EDGE_LOOP('',(#4095,#4096,#4097,#4098,#4099));
#837=EDGE_LOOP('',(#4100,#4101,#4102,#4103));
#838=EDGE_LOOP('',(#4104,#4105,#4106,#4107));
#839=EDGE_LOOP('',(#4108,#4109,#4110,#4111,#4112,#4113,#4114));
#840=EDGE_LOOP('',(#4115,#4116,#4117,#4118,#4119,#4120));
#841=EDGE_LOOP('',(#4121,#4122,#4123,#4124,#4125,#4126));
#842=EDGE_LOOP('',(#4127,#4128,#4129,#4130));
#843=EDGE_LOOP('',(#4131,#4132,#4133,#4134));
#844=EDGE_LOOP('',(#4135,#4136,#4137,#4138,#4139));
#845=EDGE_LOOP('',(#4140,#4141,#4142,#4143,#4144,#4145,#4146));
#846=EDGE_LOOP('',(#4147,#4148,#4149,#4150));
#847=EDGE_LOOP('',(#4151,#4152,#4153,#4154));
#848=EDGE_LOOP('',(#4155,#4156,#4157,#4158,#4159));
#849=EDGE_LOOP('',(#4160,#4161,#4162,#4163));
#850=EDGE_LOOP('',(#4164,#4165,#4166,#4167));
#851=EDGE_LOOP('',(#4168,#4169,#4170,#4171));
#852=EDGE_LOOP('',(#4172,#4173,#4174,#4175));
#853=EDGE_LOOP('',(#4176,#4177,#4178,#4179));
#854=EDGE_LOOP('',(#4180,#4181,#4182,#4183));
#855=EDGE_LOOP('',(#4184,#4185,#4186,#4187));
#856=EDGE_LOOP('',(#4188,#4189,#4190,#4191));
#857=EDGE_LOOP('',(#4192,#4193,#4194,#4195));
#858=EDGE_LOOP('',(#4196,#4197,#4198,#4199));
#859=EDGE_LOOP('',(#4200,#4201,#4202,#4203));
#860=EDGE_LOOP('',(#4204,#4205,#4206,#4207));
#861=EDGE_LOOP('',(#4208,#4209,#4210,#4211));
#862=EDGE_LOOP('',(#4212,#4213,#4214,#4215));
#863=EDGE_LOOP('',(#4216));
#864=EDGE_LOOP('',(#4217));
#865=EDGE_LOOP('',(#4218,#4219,#4220,#4221));
#866=EDGE_LOOP('',(#4222));
#867=EDGE_LOOP('',(#4223));
#868=EDGE_LOOP('',(#4224,#4225,#4226,#4227));
#869=EDGE_LOOP('',(#4228));
#870=EDGE_LOOP('',(#4229));
#871=EDGE_LOOP('',(#4230,#4231,#4232,#4233));
#872=EDGE_LOOP('',(#4234,#4235,#4236,#4237));
#873=EDGE_LOOP('',(#4238,#4239,#4240,#4241));
#874=EDGE_LOOP('',(#4242,#4243,#4244,#4245));
#875=EDGE_LOOP('',(#4246,#4247,#4248,#4249));
#876=EDGE_LOOP('',(#4250,#4251,#4252,#4253));
#877=EDGE_LOOP('',(#4254,#4255,#4256,#4257));
#878=EDGE_LOOP('',(#4258,#4259,#4260,#4261));
#879=EDGE_LOOP('',(#4262,#4263,#4264,#4265));
#880=EDGE_LOOP('',(#4266,#4267,#4268,#4269));
#881=EDGE_LOOP('',(#4270,#4271,#4272,#4273));
#882=EDGE_LOOP('',(#4274,#4275,#4276,#4277));
#883=EDGE_LOOP('',(#4278,#4279,#4280,#4281));
#884=EDGE_LOOP('',(#4282,#4283,#4284,#4285));
#885=EDGE_LOOP('',(#4286,#4287,#4288,#4289));
#886=EDGE_LOOP('',(#4290,#4291,#4292,#4293));
#887=EDGE_LOOP('',(#4294,#4295,#4296,#4297));
#888=EDGE_LOOP('',(#4298,#4299,#4300,#4301));
#889=EDGE_LOOP('',(#4302,#4303,#4304,#4305));
#890=EDGE_LOOP('',(#4306,#4307,#4308,#4309));
#891=EDGE_LOOP('',(#4310,#4311,#4312,#4313));
#892=EDGE_LOOP('',(#4314));
#893=EDGE_LOOP('',(#4315,#4316,#4317,#4318));
#894=EDGE_LOOP('',(#4319,#4320,#4321,#4322));
#895=EDGE_LOOP('',(#4323,#4324,#4325,#4326));
#896=EDGE_LOOP('',(#4327,#4328,#4329,#4330));
#897=EDGE_LOOP('',(#4331,#4332,#4333,#4334));
#898=EDGE_LOOP('',(#4335,#4336,#4337,#4338));
#899=EDGE_LOOP('',(#4339,#4340,#4341,#4342));
#900=EDGE_LOOP('',(#4343,#4344,#4345,#4346));
#901=EDGE_LOOP('',(#4347,#4348,#4349,#4350));
#902=EDGE_LOOP('',(#4351,#4352,#4353,#4354));
#903=EDGE_LOOP('',(#4355,#4356,#4357,#4358));
#904=EDGE_LOOP('',(#4359,#4360,#4361,#4362));
#905=EDGE_LOOP('',(#4363));
#906=EDGE_LOOP('',(#4364,#4365,#4366,#4367));
#907=EDGE_LOOP('',(#4368,#4369,#4370,#4371,#4372,#4373,#4374,#4375));
#908=EDGE_LOOP('',(#4376,#4377,#4378,#4379,#4380,#4381,#4382,#4383));
#909=EDGE_LOOP('',(#4384,#4385,#4386,#4387,#4388,#4389,#4390,#4391,#4392,
#4393,#4394,#4395,#4396,#4397,#4398,#4399,#4400,#4401,#4402));
#910=EDGE_LOOP('',(#4403,#4404,#4405,#4406));
#911=EDGE_LOOP('',(#4407,#4408,#4409,#4410,#4411,#4412));
#912=EDGE_LOOP('',(#4413,#4414,#4415,#4416));
#913=EDGE_LOOP('',(#4417,#4418,#4419,#4420));
#914=EDGE_LOOP('',(#4421,#4422,#4423,#4424,#4425,#4426));
#915=EDGE_LOOP('',(#4427,#4428,#4429,#4430));
#916=EDGE_LOOP('',(#4431,#4432,#4433,#4434,#4435,#4436));
#917=EDGE_LOOP('',(#4437,#4438,#4439,#4440,#4441,#4442));
#918=EDGE_LOOP('',(#4443,#4444,#4445,#4446,#4447,#4448,#4449,#4450,#4451,
#4452));
#919=EDGE_LOOP('',(#4453,#4454,#4455,#4456,#4457,#4458));
#920=EDGE_LOOP('',(#4459,#4460,#4461,#4462,#4463,#4464,#4465,#4466,#4467,
#4468,#4469,#4470,#4471,#4472,#4473,#4474,#4475,#4476,#4477,#4478,#4479,
#4480,#4481,#4482));
#921=EDGE_LOOP('',(#4483,#4484,#4485,#4486,#4487,#4488));
#922=EDGE_LOOP('',(#4489,#4490,#4491,#4492,#4493,#4494));
#923=EDGE_LOOP('',(#4495));
#924=EDGE_LOOP('',(#4496));
#925=EDGE_LOOP('',(#4497,#4498,#4499,#4500));
#926=EDGE_LOOP('',(#4501,#4502,#4503,#4504,#4505,#4506,#4507));
#927=EDGE_LOOP('',(#4508,#4509,#4510,#4511));
#928=EDGE_LOOP('',(#4512,#4513,#4514,#4515));
#929=EDGE_LOOP('',(#4516,#4517,#4518,#4519));
#930=EDGE_LOOP('',(#4520,#4521,#4522,#4523));
#931=EDGE_LOOP('',(#4524,#4525,#4526,#4527,#4528,#4529,#4530));
#932=EDGE_LOOP('',(#4531,#4532,#4533,#4534));
#933=EDGE_LOOP('',(#4535,#4536,#4537,#4538));
#934=EDGE_LOOP('',(#4539,#4540,#4541,#4542));
#935=EDGE_LOOP('',(#4543,#4544,#4545,#4546));
#936=EDGE_LOOP('',(#4547,#4548,#4549,#4550));
#937=EDGE_LOOP('',(#4551,#4552,#4553,#4554));
#938=EDGE_LOOP('',(#4555,#4556,#4557,#4558,#4559,#4560,#4561));
#939=EDGE_LOOP('',(#4562,#4563,#4564,#4565));
#940=EDGE_LOOP('',(#4566,#4567,#4568,#4569));
#941=EDGE_LOOP('',(#4570,#4571,#4572,#4573));
#942=EDGE_LOOP('',(#4574,#4575,#4576,#4577,#4578,#4579,#4580));
#943=EDGE_LOOP('',(#4581,#4582,#4583,#4584));
#944=EDGE_LOOP('',(#4585,#4586,#4587,#4588));
#945=EDGE_LOOP('',(#4589,#4590,#4591,#4592));
#946=EDGE_LOOP('',(#4593,#4594,#4595,#4596));
#947=EDGE_LOOP('',(#4597,#4598,#4599,#4600));
#948=EDGE_LOOP('',(#4601,#4602,#4603,#4604));
#949=EDGE_LOOP('',(#4605,#4606,#4607,#4608));
#950=EDGE_LOOP('',(#4609,#4610,#4611,#4612,#4613,#4614,#4615,#4616));
#951=EDGE_LOOP('',(#4617,#4618,#4619,#4620));
#952=EDGE_LOOP('',(#4621,#4622,#4623,#4624));
#953=EDGE_LOOP('',(#4625,#4626,#4627,#4628));
#954=EDGE_LOOP('',(#4629,#4630,#4631,#4632));
#955=EDGE_LOOP('',(#4633,#4634,#4635,#4636));
#956=EDGE_LOOP('',(#4637,#4638,#4639,#4640));
#957=EDGE_LOOP('',(#4641,#4642,#4643,#4644,#4645,#4646));
#958=EDGE_LOOP('',(#4647,#4648,#4649,#4650,#4651,#4652));
#959=EDGE_LOOP('',(#4653,#4654,#4655,#4656));
#960=EDGE_LOOP('',(#4657,#4658,#4659));
#961=EDGE_LOOP('',(#4660,#4661,#4662,#4663));
#962=EDGE_LOOP('',(#4664,#4665,#4666,#4667));
#963=EDGE_LOOP('',(#4668,#4669,#4670));
#964=EDGE_LOOP('',(#4671,#4672,#4673,#4674));
#965=EDGE_LOOP('',(#4675,#4676,#4677,#4678));
#966=EDGE_LOOP('',(#4679,#4680,#4681,#4682));
#967=EDGE_LOOP('',(#4683,#4684,#4685,#4686,#4687,#4688));
#968=EDGE_LOOP('',(#4689,#4690,#4691,#4692));
#969=EDGE_LOOP('',(#4693,#4694,#4695,#4696,#4697,#4698,#4699));
#970=EDGE_LOOP('',(#4700,#4701,#4702,#4703,#4704,#4705,#4706));
#971=EDGE_LOOP('',(#4707,#4708,#4709,#4710));
#972=EDGE_LOOP('',(#4711,#4712,#4713,#4714));
#973=EDGE_LOOP('',(#4715,#4716,#4717,#4718));
#974=EDGE_LOOP('',(#4719,#4720,#4721,#4722));
#975=EDGE_LOOP('',(#4723,#4724,#4725,#4726,#4727,#4728,#4729));
#976=EDGE_LOOP('',(#4730,#4731,#4732,#4733));
#977=EDGE_LOOP('',(#4734,#4735,#4736,#4737,#4738,#4739,#4740));
#978=EDGE_LOOP('',(#4741,#4742,#4743,#4744));
#979=EDGE_LOOP('',(#4745,#4746,#4747,#4748,#4749,#4750,#4751,#4752));
#980=EDGE_LOOP('',(#4753,#4754,#4755,#4756));
#981=EDGE_LOOP('',(#4757,#4758,#4759,#4760));
#982=EDGE_LOOP('',(#4761,#4762,#4763,#4764));
#983=EDGE_LOOP('',(#4765,#4766,#4767,#4768));
#984=EDGE_LOOP('',(#4769,#4770,#4771,#4772));
#985=EDGE_LOOP('',(#4773,#4774,#4775,#4776));
#986=EDGE_LOOP('',(#4777,#4778,#4779,#4780));
#987=EDGE_LOOP('',(#4781,#4782,#4783,#4784,#4785,#4786));
#988=LINE('',#7153,#1517);
#989=LINE('',#7155,#1518);
#990=LINE('',#7157,#1519);
#991=LINE('',#7158,#1520);
#992=LINE('',#7176,#1521);
#993=LINE('',#7199,#1522);
#994=LINE('',#7207,#1523);
#995=LINE('',#7209,#1524);
#996=LINE('',#7210,#1525);
#997=LINE('',#7228,#1526);
#998=LINE('',#7236,#1527);
#999=LINE('',#7238,#1528);
#1000=LINE('',#7239,#1529);
#1001=LINE('',#7242,#1530);
#1002=LINE('',#7244,#1531);
#1003=LINE('',#7245,#1532);
#1004=LINE('',#7247,#1533);
#1005=LINE('',#7248,#1534);
#1006=LINE('',#7255,#1535);
#1007=LINE('',#7258,#1536);
#1008=LINE('',#7261,#1537);
#1009=LINE('',#7263,#1538);
#1010=LINE('',#7264,#1539);
#1011=LINE('',#7270,#1540);
#1012=LINE('',#7273,#1541);
#1013=LINE('',#7275,#1542);
#1014=LINE('',#7276,#1543);
#1015=LINE('',#7281,#1544);
#1016=LINE('',#7285,#1545);
#1017=LINE('',#7287,#1546);
#1018=LINE('',#7288,#1547);
#1019=LINE('',#7293,#1548);
#1020=LINE('',#7296,#1549);
#1021=LINE('',#7297,#1550);
#1022=LINE('',#7302,#1551);
#1023=LINE('',#7308,#1552);
#1024=LINE('',#7314,#1553);
#1025=LINE('',#7320,#1554);
#1026=LINE('',#7325,#1555);
#1027=LINE('',#7327,#1556);
#1028=LINE('',#7329,#1557);
#1029=LINE('',#7330,#1558);
#1030=LINE('',#7334,#1559);
#1031=LINE('',#7336,#1560);
#1032=LINE('',#7338,#1561);
#1033=LINE('',#7339,#1562);
#1034=LINE('',#7344,#1563);
#1035=LINE('',#7348,#1564);
#1036=LINE('',#7350,#1565);
#1037=LINE('',#7351,#1566);
#1038=LINE('',#7356,#1567);
#1039=LINE('',#7360,#1568);
#1040=LINE('',#7362,#1569);
#1041=LINE('',#7363,#1570);
#1042=LINE('',#7413,#1571);
#1043=LINE('',#7417,#1572);
#1044=LINE('',#7419,#1573);
#1045=LINE('',#7421,#1574);
#1046=LINE('',#7424,#1575);
#1047=LINE('',#7429,#1576);
#1048=LINE('',#7431,#1577);
#1049=LINE('',#7433,#1578);
#1050=LINE('',#7434,#1579);
#1051=LINE('',#7437,#1580);
#1052=LINE('',#7439,#1581);
#1053=LINE('',#7441,#1582);
#1054=LINE('',#7442,#1583);
#1055=LINE('',#7527,#1584);
#1056=LINE('',#7539,#1585);
#1057=LINE('',#7544,#1586);
#1058=LINE('',#7546,#1587);
#1059=LINE('',#7548,#1588);
#1060=LINE('',#7550,#1589);
#1061=LINE('',#7552,#1590);
#1062=LINE('',#7556,#1591);
#1063=LINE('',#7560,#1592);
#1064=LINE('',#7564,#1593);
#1065=LINE('',#7568,#1594);
#1066=LINE('',#7572,#1595);
#1067=LINE('',#7576,#1596);
#1068=LINE('',#7580,#1597);
#1069=LINE('',#7584,#1598);
#1070=LINE('',#7588,#1599);
#1071=LINE('',#7592,#1600);
#1072=LINE('',#7617,#1601);
#1073=LINE('',#7641,#1602);
#1074=LINE('',#7665,#1603);
#1075=LINE('',#7689,#1604);
#1076=LINE('',#7713,#1605);
#1077=LINE('',#7719,#1606);
#1078=LINE('',#7722,#1607);
#1079=LINE('',#7725,#1608);
#1080=LINE('',#7727,#1609);
#1081=LINE('',#7729,#1610);
#1082=LINE('',#7731,#1611);
#1083=LINE('',#7733,#1612);
#1084=LINE('',#7735,#1613);
#1085=LINE('',#7736,#1614);
#1086=LINE('',#7742,#1615);
#1087=LINE('',#7745,#1616);
#1088=LINE('',#7748,#1617);
#1089=LINE('',#7750,#1618);
#1090=LINE('',#7752,#1619);
#1091=LINE('',#7754,#1620);
#1092=LINE('',#7756,#1621);
#1093=LINE('',#7758,#1622);
#1094=LINE('',#7759,#1623);
#1095=LINE('',#7765,#1624);
#1096=LINE('',#7768,#1625);
#1097=LINE('',#7771,#1626);
#1098=LINE('',#7773,#1627);
#1099=LINE('',#7774,#1628);
#1100=LINE('',#7780,#1629);
#1101=LINE('',#7783,#1630);
#1102=LINE('',#7786,#1631);
#1103=LINE('',#7788,#1632);
#1104=LINE('',#7789,#1633);
#1105=LINE('',#7791,#1634);
#1106=LINE('',#7793,#1635);
#1107=LINE('',#7797,#1636);
#1108=LINE('',#7799,#1637);
#1109=LINE('',#7803,#1638);
#1110=LINE('',#7806,#1639);
#1111=LINE('',#7808,#1640);
#1112=LINE('',#7810,#1641);
#1113=LINE('',#7814,#1642);
#1114=LINE('',#7819,#1643);
#1115=LINE('',#7824,#1644);
#1116=LINE('',#7825,#1645);
#1117=LINE('',#7828,#1646);
#1118=LINE('',#7829,#1647);
#1119=LINE('',#7832,#1648);
#1120=LINE('',#7835,#1649);
#1121=LINE('',#7838,#1650);
#1122=LINE('',#7839,#1651);
#1123=LINE('',#7845,#1652);
#1124=LINE('',#7848,#1653);
#1125=LINE('',#7851,#1654);
#1126=LINE('',#7853,#1655);
#1127=LINE('',#7854,#1656);
#1128=LINE('',#7859,#1657);
#1129=LINE('',#7863,#1658);
#1130=LINE('',#7865,#1659);
#1131=LINE('',#7866,#1660);
#1132=LINE('',#7872,#1661);
#1133=LINE('',#7875,#1662);
#1134=LINE('',#7878,#1663);
#1135=LINE('',#7880,#1664);
#1136=LINE('',#7881,#1665);
#1137=LINE('',#7883,#1666);
#1138=LINE('',#7885,#1667);
#1139=LINE('',#7887,#1668);
#1140=LINE('',#7891,#1669);
#1141=LINE('',#7894,#1670);
#1142=LINE('',#7896,#1671);
#1143=LINE('',#7898,#1672);
#1144=LINE('',#7902,#1673);
#1145=LINE('',#7906,#1674);
#1146=LINE('',#7909,#1675);
#1147=LINE('',#7912,#1676);
#1148=LINE('',#7913,#1677);
#1149=LINE('',#7917,#1678);
#1150=LINE('',#7919,#1679);
#1151=LINE('',#7921,#1680);
#1152=LINE('',#7922,#1681);
#1153=LINE('',#7926,#1682);
#1154=LINE('',#7930,#1683);
#1155=LINE('',#7931,#1684);
#1156=LINE('',#7932,#1685);
#1157=LINE('',#7935,#1686);
#1158=LINE('',#7939,#1687);
#1159=LINE('',#7940,#1688);
#1160=LINE('',#7944,#1689);
#1161=LINE('',#7946,#1690);
#1162=LINE('',#7948,#1691);
#1163=LINE('',#7950,#1692);
#1164=LINE('',#7962,#1693);
#1165=LINE('',#7963,#1694);
#1166=LINE('',#7975,#1695);
#1167=LINE('',#7976,#1696);
#1168=LINE('',#7981,#1697);
#1169=LINE('',#7982,#1698);
#1170=LINE('',#7984,#1699);
#1171=LINE('',#7985,#1700);
#1172=LINE('',#7990,#1701);
#1173=LINE('',#7991,#1702);
#1174=LINE('',#7994,#1703);
#1175=LINE('',#7996,#1704);
#1176=LINE('',#7998,#1705);
#1177=LINE('',#8000,#1706);
#1178=LINE('',#8001,#1707);
#1179=LINE('',#8002,#1708);
#1180=LINE('',#8003,#1709);
#1181=LINE('',#8006,#1710);
#1182=LINE('',#8008,#1711);
#1183=LINE('',#8010,#1712);
#1184=LINE('',#8012,#1713);
#1185=LINE('',#8014,#1714);
#1186=LINE('',#8016,#1715);
#1187=LINE('',#8018,#1716);
#1188=LINE('',#8020,#1717);
#1189=LINE('',#8022,#1718);
#1190=LINE('',#8023,#1719);
#1191=LINE('',#8028,#1720);
#1192=LINE('',#8031,#1721);
#1193=LINE('',#8033,#1722);
#1194=LINE('',#8034,#1723);
#1195=LINE('',#8036,#1724);
#1196=LINE('',#8038,#1725);
#1197=LINE('',#8039,#1726);
#1198=LINE('',#8043,#1727);
#1199=LINE('',#8046,#1728);
#1200=LINE('',#8048,#1729);
#1201=LINE('',#8049,#1730);
#1202=LINE('',#8051,#1731);
#1203=LINE('',#8053,#1732);
#1204=LINE('',#8055,#1733);
#1205=LINE('',#8056,#1734);
#1206=LINE('',#8058,#1735);
#1207=LINE('',#8060,#1736);
#1208=LINE('',#8061,#1737);
#1209=LINE('',#8062,#1738);
#1210=LINE('',#8067,#1739);
#1211=LINE('',#8083,#1740);
#1212=LINE('',#8100,#1741);
#1213=LINE('',#8103,#1742);
#1214=LINE('',#8105,#1743);
#1215=LINE('',#8106,#1744);
#1216=LINE('',#8111,#1745);
#1217=LINE('',#8115,#1746);
#1218=LINE('',#8116,#1747);
#1219=LINE('',#8119,#1748);
#1220=LINE('',#8123,#1749);
#1221=LINE('',#8124,#1750);
#1222=LINE('',#8128,#1751);
#1223=LINE('',#8133,#1752);
#1224=LINE('',#8136,#1753);
#1225=LINE('',#8142,#1754);
#1226=LINE('',#8144,#1755);
#1227=LINE('',#8146,#1756);
#1228=LINE('',#8147,#1757);
#1229=LINE('',#8153,#1758);
#1230=LINE('',#8155,#1759);
#1231=LINE('',#8157,#1760);
#1232=LINE('',#8159,#1761);
#1233=LINE('',#8160,#1762);
#1234=LINE('',#8161,#1763);
#1235=LINE('',#8162,#1764);
#1236=LINE('',#8163,#1765);
#1237=LINE('',#8167,#1766);
#1238=LINE('',#8169,#1767);
#1239=LINE('',#8171,#1768);
#1240=LINE('',#8172,#1769);
#1241=LINE('',#8180,#1770);
#1242=LINE('',#8182,#1771);
#1243=LINE('',#8184,#1772);
#1244=LINE('',#8188,#1773);
#1245=LINE('',#8190,#1774);
#1246=LINE('',#8192,#1775);
#1247=LINE('',#8196,#1776);
#1248=LINE('',#8198,#1777);
#1249=LINE('',#8200,#1778);
#1250=LINE('',#8202,#1779);
#1251=LINE('',#8206,#1780);
#1252=LINE('',#8207,#1781);
#1253=LINE('',#8208,#1782);
#1254=LINE('',#8215,#1783);
#1255=LINE('',#8216,#1784);
#1256=LINE('',#8217,#1785);
#1257=LINE('',#8224,#1786);
#1258=LINE('',#8225,#1787);
#1259=LINE('',#8226,#1788);
#1260=LINE('',#8230,#1789);
#1261=LINE('',#8234,#1790);
#1262=LINE('',#8235,#1791);
#1263=LINE('',#8236,#1792);
#1264=LINE('',#8238,#1793);
#1265=LINE('',#8240,#1794);
#1266=LINE('',#8241,#1795);
#1267=LINE('',#8245,#1796);
#1268=LINE('',#8246,#1797);
#1269=LINE('',#8247,#1798);
#1270=LINE('',#8254,#1799);
#1271=LINE('',#8255,#1800);
#1272=LINE('',#8256,#1801);
#1273=LINE('',#8263,#1802);
#1274=LINE('',#8264,#1803);
#1275=LINE('',#8265,#1804);
#1276=LINE('',#8270,#1805);
#1277=LINE('',#8271,#1806);
#1278=LINE('',#8275,#1807);
#1279=LINE('',#8277,#1808);
#1280=LINE('',#8281,#1809);
#1281=LINE('',#8283,#1810);
#1282=LINE('',#8287,#1811);
#1283=LINE('',#8289,#1812);
#1284=LINE('',#8297,#1813);
#1285=LINE('',#8302,#1814);
#1286=LINE('',#8306,#1815);
#1287=LINE('',#8310,#1816);
#1288=LINE('',#8314,#1817);
#1289=LINE('',#8334,#1818);
#1290=LINE('',#8338,#1819);
#1291=LINE('',#8361,#1820);
#1292=LINE('',#8362,#1821);
#1293=LINE('',#8363,#1822);
#1294=LINE('',#8364,#1823);
#1295=LINE('',#8366,#1824);
#1296=LINE('',#8368,#1825);
#1297=LINE('',#8370,#1826);
#1298=LINE('',#8371,#1827);
#1299=LINE('',#8375,#1828);
#1300=LINE('',#8376,#1829);
#1301=LINE('',#8378,#1830);
#1302=LINE('',#8380,#1831);
#1303=LINE('',#8383,#1832);
#1304=LINE('',#8385,#1833);
#1305=LINE('',#8387,#1834);
#1306=LINE('',#8390,#1835);
#1307=LINE('',#8394,#1836);
#1308=LINE('',#8396,#1837);
#1309=LINE('',#8398,#1838);
#1310=LINE('',#8417,#1839);
#1311=LINE('',#8423,#1840);
#1312=LINE('',#8428,#1841);
#1313=LINE('',#8434,#1842);
#1314=LINE('',#8439,#1843);
#1315=LINE('',#8441,#1844);
#1316=LINE('',#8443,#1845);
#1317=LINE('',#8444,#1846);
#1318=LINE('',#8448,#1847);
#1319=LINE('',#8450,#1848);
#1320=LINE('',#8452,#1849);
#1321=LINE('',#8453,#1850);
#1322=LINE('',#8457,#1851);
#1323=LINE('',#8459,#1852);
#1324=LINE('',#8461,#1853);
#1325=LINE('',#8462,#1854);
#1326=LINE('',#8466,#1855);
#1327=LINE('',#8468,#1856);
#1328=LINE('',#8470,#1857);
#1329=LINE('',#8471,#1858);
#1330=LINE('',#8475,#1859);
#1331=LINE('',#8477,#1860);
#1332=LINE('',#8479,#1861);
#1333=LINE('',#8480,#1862);
#1334=LINE('',#8484,#1863);
#1335=LINE('',#8486,#1864);
#1336=LINE('',#8488,#1865);
#1337=LINE('',#8489,#1866);
#1338=LINE('',#8493,#1867);
#1339=LINE('',#8495,#1868);
#1340=LINE('',#8497,#1869);
#1341=LINE('',#8498,#1870);
#1342=LINE('',#8502,#1871);
#1343=LINE('',#8504,#1872);
#1344=LINE('',#8506,#1873);
#1345=LINE('',#8507,#1874);
#1346=LINE('',#8511,#1875);
#1347=LINE('',#8513,#1876);
#1348=LINE('',#8515,#1877);
#1349=LINE('',#8516,#1878);
#1350=LINE('',#8520,#1879);
#1351=LINE('',#8522,#1880);
#1352=LINE('',#8524,#1881);
#1353=LINE('',#8525,#1882);
#1354=LINE('',#8528,#1883);
#1355=LINE('',#8530,#1884);
#1356=LINE('',#8531,#1885);
#1357=LINE('',#8534,#1886);
#1358=LINE('',#8536,#1887);
#1359=LINE('',#8537,#1888);
#1360=LINE('',#8539,#1889);
#1361=LINE('',#8540,#1890);
#1362=LINE('',#8541,#1891);
#1363=LINE('',#8543,#1892);
#1364=LINE('',#8545,#1893);
#1365=LINE('',#8546,#1894);
#1366=LINE('',#8547,#1895);
#1367=LINE('',#8549,#1896);
#1368=LINE('',#8551,#1897);
#1369=LINE('',#8555,#1898);
#1370=LINE('',#8556,#1899);
#1371=LINE('',#8559,#1900);
#1372=LINE('',#8561,#1901);
#1373=LINE('',#8562,#1902);
#1374=LINE('',#8565,#1903);
#1375=LINE('',#8567,#1904);
#1376=LINE('',#8568,#1905);
#1377=LINE('',#8570,#1906);
#1378=LINE('',#8571,#1907);
#1379=LINE('',#8573,#1908);
#1380=LINE('',#8575,#1909);
#1381=LINE('',#8576,#1910);
#1382=LINE('',#8578,#1911);
#1383=LINE('',#8580,#1912);
#1384=LINE('',#8584,#1913);
#1385=LINE('',#8585,#1914);
#1386=LINE('',#8586,#1915);
#1387=LINE('',#8588,#1916);
#1388=LINE('',#8589,#1917);
#1389=LINE('',#8591,#1918);
#1390=LINE('',#8597,#1919);
#1391=LINE('',#8600,#1920);
#1392=LINE('',#8603,#1921);
#1393=LINE('',#8607,#1922);
#1394=LINE('',#8609,#1923);
#1395=LINE('',#8610,#1924);
#1396=LINE('',#8613,#1925);
#1397=LINE('',#8614,#1926);
#1398=LINE('',#8618,#1927);
#1399=LINE('',#8621,#1928);
#1400=LINE('',#8623,#1929);
#1401=LINE('',#8624,#1930);
#1402=LINE('',#8627,#1931);
#1403=LINE('',#8629,#1932);
#1404=LINE('',#8630,#1933);
#1405=LINE('',#8633,#1934);
#1406=LINE('',#8634,#1935);
#1407=LINE('',#8637,#1936);
#1408=LINE('',#8638,#1937);
#1409=LINE('',#8640,#1938);
#1410=LINE('',#8641,#1939);
#1411=LINE('',#8643,#1940);
#1412=LINE('',#8652,#1941);
#1413=LINE('',#8655,#1942);
#1414=LINE('',#8658,#1943);
#1415=LINE('',#8660,#1944);
#1416=LINE('',#8662,#1945);
#1417=LINE('',#8666,#1946);
#1418=LINE('',#8667,#1947);
#1419=LINE('',#8670,#1948);
#1420=LINE('',#8671,#1949);
#1421=LINE('',#8677,#1950);
#1422=LINE('',#8680,#1951);
#1423=LINE('',#8699,#1952);
#1424=LINE('',#8700,#1953);
#1425=LINE('',#8703,#1954);
#1426=LINE('',#8705,#1955);
#1427=LINE('',#8709,#1956);
#1428=LINE('',#8711,#1957);
#1429=LINE('',#8712,#1958);
#1430=LINE('',#8715,#1959);
#1431=LINE('',#8716,#1960);
#1432=LINE('',#8719,#1961);
#1433=LINE('',#8723,#1962);
#1434=LINE('',#8724,#1963);
#1435=LINE('',#8730,#1964);
#1436=LINE('',#8733,#1965);
#1437=LINE('',#8752,#1966);
#1438=LINE('',#8753,#1967);
#1439=LINE('',#8756,#1968);
#1440=LINE('',#8758,#1969);
#1441=LINE('',#8762,#1970);
#1442=LINE('',#8764,#1971);
#1443=LINE('',#8765,#1972);
#1444=LINE('',#8768,#1973);
#1445=LINE('',#8769,#1974);
#1446=LINE('',#8772,#1975);
#1447=LINE('',#8776,#1976);
#1448=LINE('',#8777,#1977);
#1449=LINE('',#8780,#1978);
#1450=LINE('',#8782,#1979);
#1451=LINE('',#8786,#1980);
#1452=LINE('',#8787,#1981);
#1453=LINE('',#8789,#1982);
#1454=LINE('',#8792,#1983);
#1455=LINE('',#8794,#1984);
#1456=LINE('',#8795,#1985);
#1457=LINE('',#8798,#1986);
#1458=LINE('',#8801,#1987);
#1459=LINE('',#8804,#1988);
#1460=LINE('',#8805,#1989);
#1461=LINE('',#8809,#1990);
#1462=LINE('',#8812,#1991);
#1463=LINE('',#8813,#1992);
#1464=LINE('',#8816,#1993);
#1465=LINE('',#8820,#1994);
#1466=LINE('',#8821,#1995);
#1467=LINE('',#8825,#1996);
#1468=LINE('',#8827,#1997);
#1469=LINE('',#8829,#1998);
#1470=LINE('',#8830,#1999);
#1471=LINE('',#8833,#2000);
#1472=LINE('',#8835,#2001);
#1473=LINE('',#8836,#2002);
#1474=LINE('',#8839,#2003);
#1475=LINE('',#8841,#2004);
#1476=LINE('',#8842,#2005);
#1477=LINE('',#8848,#2006);
#1478=LINE('',#8851,#2007);
#1479=LINE('',#8853,#2008);
#1480=LINE('',#8854,#2009);
#1481=LINE('',#8861,#2010);
#1482=LINE('',#8863,#2011);
#1483=LINE('',#8867,#2012);
#1484=LINE('',#8870,#2013);
#1485=LINE('',#8876,#2014);
#1486=LINE('',#8879,#2015);
#1487=LINE('',#8885,#2016);
#1488=LINE('',#8886,#2017);
#1489=LINE('',#8891,#2018);
#1490=LINE('',#8892,#2019);
#1491=LINE('',#8898,#2020);
#1492=LINE('',#8901,#2021);
#1493=LINE('',#8904,#2022);
#1494=LINE('',#8906,#2023);
#1495=LINE('',#8912,#2024);
#1496=LINE('',#8916,#2025);
#1497=LINE('',#8918,#2026);
#1498=LINE('',#8919,#2027);
#1499=LINE('',#8920,#2028);
#1500=LINE('',#8921,#2029);
#1501=LINE('',#8923,#2030);
#1502=LINE('',#8924,#2031);
#1503=LINE('',#8925,#2032);
#1504=LINE('',#8929,#2033);
#1505=LINE('',#8932,#2034);
#1506=LINE('',#8934,#2035);
#1507=LINE('',#8936,#2036);
#1508=LINE('',#8940,#2037);
#1509=LINE('',#8941,#2038);
#1510=LINE('',#8943,#2039);
#1511=LINE('',#8947,#2040);
#1512=LINE('',#8948,#2041);
#1513=LINE('',#8950,#2042);
#1514=LINE('',#8952,#2043);
#1515=LINE('',#8954,#2044);
#1516=LINE('',#8956,#2045);
#1517=VECTOR('',#5700,10.);
#1518=VECTOR('',#5701,10.);
#1519=VECTOR('',#5702,10.);
#1520=VECTOR('',#5703,10.);
#1521=VECTOR('',#5704,10.);
#1522=VECTOR('',#5705,10.);
#1523=VECTOR('',#5708,10.);
#1524=VECTOR('',#5709,10.);
#1525=VECTOR('',#5710,10.);
#1526=VECTOR('',#5711,10.);
#1527=VECTOR('',#5714,10.);
#1528=VECTOR('',#5715,10.);
#1529=VECTOR('',#5716,10.);
#1530=VECTOR('',#5719,10.);
#1531=VECTOR('',#5720,10.);
#1532=VECTOR('',#5721,10.);
#1533=VECTOR('',#5724,10.);
#1534=VECTOR('',#5725,10.);
#1535=VECTOR('',#5732,10.);
#1536=VECTOR('',#5735,10.);
#1537=VECTOR('',#5738,10.);
#1538=VECTOR('',#5739,10.);
#1539=VECTOR('',#5740,10.);
#1540=VECTOR('',#5745,10.);
#1541=VECTOR('',#5748,10.);
#1542=VECTOR('',#5751,10.);
#1543=VECTOR('',#5752,10.);
#1544=VECTOR('',#5757,10.);
#1545=VECTOR('',#5762,10.);
#1546=VECTOR('',#5763,10.);
#1547=VECTOR('',#5764,10.);
#1548=VECTOR('',#5769,10.);
#1549=VECTOR('',#5774,10.);
#1550=VECTOR('',#5775,10.);
#1551=VECTOR('',#5780,2.6);
#1552=VECTOR('',#5787,2.6);
#1553=VECTOR('',#5794,2.6);
#1554=VECTOR('',#5801,2.6);
#1555=VECTOR('',#5806,10.);
#1556=VECTOR('',#5807,10.);
#1557=VECTOR('',#5808,10.);
#1558=VECTOR('',#5809,10.);
#1559=VECTOR('',#5812,10.);
#1560=VECTOR('',#5813,10.);
#1561=VECTOR('',#5814,10.);
#1562=VECTOR('',#5815,10.);
#1563=VECTOR('',#5820,10.);
#1564=VECTOR('',#5825,10.);
#1565=VECTOR('',#5826,10.);
#1566=VECTOR('',#5827,10.);
#1567=VECTOR('',#5832,10.);
#1568=VECTOR('',#5837,10.);
#1569=VECTOR('',#5838,10.);
#1570=VECTOR('',#5839,10.);
#1571=VECTOR('',#5866,10.);
#1572=VECTOR('',#5869,10.);
#1573=VECTOR('',#5870,10.);
#1574=VECTOR('',#5871,10.);
#1575=VECTOR('',#5874,10.);
#1576=VECTOR('',#5877,10.);
#1577=VECTOR('',#5878,10.);
#1578=VECTOR('',#5879,10.);
#1579=VECTOR('',#5880,10.);
#1580=VECTOR('',#5881,10.);
#1581=VECTOR('',#5882,10.);
#1582=VECTOR('',#5883,10.);
#1583=VECTOR('',#5884,10.);
#1584=VECTOR('',#5905,10.);
#1585=VECTOR('',#5906,10.);
#1586=VECTOR('',#5911,10.);
#1587=VECTOR('',#5912,10.);
#1588=VECTOR('',#5913,10.);
#1589=VECTOR('',#5914,10.);
#1590=VECTOR('',#5915,10.);
#1591=VECTOR('',#5918,10.);
#1592=VECTOR('',#5921,10.);
#1593=VECTOR('',#5924,10.);
#1594=VECTOR('',#5927,10.);
#1595=VECTOR('',#5930,10.);
#1596=VECTOR('',#5933,10.);
#1597=VECTOR('',#5936,10.);
#1598=VECTOR('',#5939,10.);
#1599=VECTOR('',#5942,10.);
#1600=VECTOR('',#5945,10.);
#1601=VECTOR('',#5950,10.);
#1602=VECTOR('',#5953,10.);
#1603=VECTOR('',#5956,10.);
#1604=VECTOR('',#5959,10.);
#1605=VECTOR('',#5962,10.);
#1606=VECTOR('',#5967,10.);
#1607=VECTOR('',#5970,10.);
#1608=VECTOR('',#5973,10.);
#1609=VECTOR('',#5974,10.);
#1610=VECTOR('',#5975,10.);
#1611=VECTOR('',#5976,10.);
#1612=VECTOR('',#5977,10.);
#1613=VECTOR('',#5978,10.);
#1614=VECTOR('',#5979,10.);
#1615=VECTOR('',#5984,10.);
#1616=VECTOR('',#5987,10.);
#1617=VECTOR('',#5990,10.);
#1618=VECTOR('',#5991,10.);
#1619=VECTOR('',#5992,10.);
#1620=VECTOR('',#5993,10.);
#1621=VECTOR('',#5994,10.);
#1622=VECTOR('',#5995,10.);
#1623=VECTOR('',#5996,10.);
#1624=VECTOR('',#6001,10.);
#1625=VECTOR('',#6004,10.);
#1626=VECTOR('',#6007,10.);
#1627=VECTOR('',#6008,10.);
#1628=VECTOR('',#6009,10.);
#1629=VECTOR('',#6014,10.);
#1630=VECTOR('',#6017,10.);
#1631=VECTOR('',#6020,10.);
#1632=VECTOR('',#6021,10.);
#1633=VECTOR('',#6022,10.);
#1634=VECTOR('',#6025,10.);
#1635=VECTOR('',#6026,10.);
#1636=VECTOR('',#6029,10.);
#1637=VECTOR('',#6030,10.);
#1638=VECTOR('',#6033,10.);
#1639=VECTOR('',#6036,10.);
#1640=VECTOR('',#6037,10.);
#1641=VECTOR('',#6038,10.);
#1642=VECTOR('',#6041,10.);
#1643=VECTOR('',#6048,10.);
#1644=VECTOR('',#6053,10.);
#1645=VECTOR('',#6054,10.);
#1646=VECTOR('',#6057,10.);
#1647=VECTOR('',#6058,10.);
#1648=VECTOR('',#6061,10.);
#1649=VECTOR('',#6064,10.);
#1650=VECTOR('',#6067,10.);
#1651=VECTOR('',#6068,10.);
#1652=VECTOR('',#6073,10.);
#1653=VECTOR('',#6076,10.);
#1654=VECTOR('',#6079,10.);
#1655=VECTOR('',#6080,10.);
#1656=VECTOR('',#6081,10.);
#1657=VECTOR('',#6086,10.);
#1658=VECTOR('',#6091,10.);
#1659=VECTOR('',#6092,10.);
#1660=VECTOR('',#6093,10.);
#1661=VECTOR('',#6098,10.);
#1662=VECTOR('',#6101,10.);
#1663=VECTOR('',#6104,10.);
#1664=VECTOR('',#6105,10.);
#1665=VECTOR('',#6106,10.);
#1666=VECTOR('',#6109,10.);
#1667=VECTOR('',#6110,10.);
#1668=VECTOR('',#6111,10.);
#1669=VECTOR('',#6114,10.);
#1670=VECTOR('',#6117,10.);
#1671=VECTOR('',#6118,10.);
#1672=VECTOR('',#6119,10.);
#1673=VECTOR('',#6122,10.);
#1674=VECTOR('',#6127,10.);
#1675=VECTOR('',#6130,10.);
#1676=VECTOR('',#6133,10.);
#1677=VECTOR('',#6134,10.);
#1678=VECTOR('',#6139,10.);
#1679=VECTOR('',#6142,10.);
#1680=VECTOR('',#6143,10.);
#1681=VECTOR('',#6144,10.);
#1682=VECTOR('',#6147,10.);
#1683=VECTOR('',#6150,10.);
#1684=VECTOR('',#6151,10.);
#1685=VECTOR('',#6152,10.);
#1686=VECTOR('',#6155,10.);
#1687=VECTOR('',#6160,10.);
#1688=VECTOR('',#6161,10.);
#1689=VECTOR('',#6166,10.);
#1690=VECTOR('',#6169,10.);
#1691=VECTOR('',#6172,10.);
#1692=VECTOR('',#6175,10.);
#1693=VECTOR('',#6188,10.);
#1694=VECTOR('',#6189,10.);
#1695=VECTOR('',#6202,10.);
#1696=VECTOR('',#6203,10.);
#1697=VECTOR('',#6208,10.);
#1698=VECTOR('',#6209,10.);
#1699=VECTOR('',#6212,10.);
#1700=VECTOR('',#6213,10.);
#1701=VECTOR('',#6218,10.);
#1702=VECTOR('',#6219,10.);
#1703=VECTOR('',#6222,10.);
#1704=VECTOR('',#6223,10.);
#1705=VECTOR('',#6224,10.);
#1706=VECTOR('',#6225,10.);
#1707=VECTOR('',#6226,10.);
#1708=VECTOR('',#6227,10.);
#1709=VECTOR('',#6228,10.);
#1710=VECTOR('',#6229,10.);
#1711=VECTOR('',#6230,10.);
#1712=VECTOR('',#6231,10.);
#1713=VECTOR('',#6232,10.);
#1714=VECTOR('',#6233,10.);
#1715=VECTOR('',#6234,10.);
#1716=VECTOR('',#6235,10.);
#1717=VECTOR('',#6236,10.);
#1718=VECTOR('',#6237,10.);
#1719=VECTOR('',#6238,10.);
#1720=VECTOR('',#6243,10.);
#1721=VECTOR('',#6246,10.);
#1722=VECTOR('',#6247,10.);
#1723=VECTOR('',#6248,10.);
#1724=VECTOR('',#6249,10.);
#1725=VECTOR('',#6250,10.);
#1726=VECTOR('',#6251,10.);
#1727=VECTOR('',#6254,10.);
#1728=VECTOR('',#6257,10.);
#1729=VECTOR('',#6258,10.);
#1730=VECTOR('',#6259,10.);
#1731=VECTOR('',#6262,10.);
#1732=VECTOR('',#6263,10.);
#1733=VECTOR('',#6264,10.);
#1734=VECTOR('',#6265,10.);
#1735=VECTOR('',#6266,10.);
#1736=VECTOR('',#6267,10.);
#1737=VECTOR('',#6268,10.);
#1738=VECTOR('',#6269,10.);
#1739=VECTOR('',#6274,10.);
#1740=VECTOR('',#6283,10.);
#1741=VECTOR('',#6294,10.);
#1742=VECTOR('',#6297,10.);
#1743=VECTOR('',#6298,10.);
#1744=VECTOR('',#6299,10.);
#1745=VECTOR('',#6304,10.);
#1746=VECTOR('',#6309,10.);
#1747=VECTOR('',#6310,10.);
#1748=VECTOR('',#6313,10.);
#1749=VECTOR('',#6318,10.);
#1750=VECTOR('',#6319,10.);
#1751=VECTOR('',#6322,10.);
#1752=VECTOR('',#6327,10.);
#1753=VECTOR('',#6332,10.);
#1754=VECTOR('',#6337,10.);
#1755=VECTOR('',#6338,10.);
#1756=VECTOR('',#6339,10.);
#1757=VECTOR('',#6340,10.);
#1758=VECTOR('',#6347,10.);
#1759=VECTOR('',#6350,10.);
#1760=VECTOR('',#6351,10.);
#1761=VECTOR('',#6352,10.);
#1762=VECTOR('',#6353,10.);
#1763=VECTOR('',#6354,10.);
#1764=VECTOR('',#6355,10.);
#1765=VECTOR('',#6356,10.);
#1766=VECTOR('',#6359,10.);
#1767=VECTOR('',#6360,10.);
#1768=VECTOR('',#6361,10.);
#1769=VECTOR('',#6362,10.);
#1770=VECTOR('',#6373,10.);
#1771=VECTOR('',#6374,10.);
#1772=VECTOR('',#6375,10.);
#1773=VECTOR('',#6378,10.);
#1774=VECTOR('',#6379,10.);
#1775=VECTOR('',#6380,10.);
#1776=VECTOR('',#6383,10.);
#1777=VECTOR('',#6384,10.);
#1778=VECTOR('',#6385,10.);
#1779=VECTOR('',#6388,10.);
#1780=VECTOR('',#6391,10.);
#1781=VECTOR('',#6392,10.);
#1782=VECTOR('',#6393,10.);
#1783=VECTOR('',#6402,10.);
#1784=VECTOR('',#6403,10.);
#1785=VECTOR('',#6404,10.);
#1786=VECTOR('',#6413,10.);
#1787=VECTOR('',#6414,10.);
#1788=VECTOR('',#6415,10.);
#1789=VECTOR('',#6418,10.);
#1790=VECTOR('',#6425,10.);
#1791=VECTOR('',#6426,10.);
#1792=VECTOR('',#6427,10.);
#1793=VECTOR('',#6428,10.);
#1794=VECTOR('',#6429,10.);
#1795=VECTOR('',#6430,10.);
#1796=VECTOR('',#6433,10.);
#1797=VECTOR('',#6434,10.);
#1798=VECTOR('',#6435,10.);
#1799=VECTOR('',#6444,10.);
#1800=VECTOR('',#6445,10.);
#1801=VECTOR('',#6446,10.);
#1802=VECTOR('',#6455,10.);
#1803=VECTOR('',#6456,10.);
#1804=VECTOR('',#6457,10.);
#1805=VECTOR('',#6466,10.);
#1806=VECTOR('',#6467,10.);
#1807=VECTOR('',#6474,10.);
#1808=VECTOR('',#6477,10.);
#1809=VECTOR('',#6484,10.);
#1810=VECTOR('',#6487,10.);
#1811=VECTOR('',#6494,10.);
#1812=VECTOR('',#6497,10.);
#1813=VECTOR('',#6508,10.);
#1814=VECTOR('',#6513,10.);
#1815=VECTOR('',#6520,10.);
#1816=VECTOR('',#6523,10.);
#1817=VECTOR('',#6526,10.);
#1818=VECTOR('',#6531,10.);
#1819=VECTOR('',#6534,10.);
#1820=VECTOR('',#6549,10.);
#1821=VECTOR('',#6550,10.);
#1822=VECTOR('',#6551,10.);
#1823=VECTOR('',#6552,10.);
#1824=VECTOR('',#6555,10.);
#1825=VECTOR('',#6558,10.);
#1826=VECTOR('',#6561,10.);
#1827=VECTOR('',#6562,10.);
#1828=VECTOR('',#6569,10.);
#1829=VECTOR('',#6570,10.);
#1830=VECTOR('',#6573,10.);
#1831=VECTOR('',#6576,10.);
#1832=VECTOR('',#6581,10.);
#1833=VECTOR('',#6584,10.);
#1834=VECTOR('',#6587,10.);
#1835=VECTOR('',#6592,10.);
#1836=VECTOR('',#6599,10.);
#1837=VECTOR('',#6602,10.);
#1838=VECTOR('',#6605,10.);
#1839=VECTOR('',#6632,3.25);
#1840=VECTOR('',#6639,3.25);
#1841=VECTOR('',#6646,2.25);
#1842=VECTOR('',#6653,2.25);
#1843=VECTOR('',#6658,10.);
#1844=VECTOR('',#6659,10.);
#1845=VECTOR('',#6660,10.);
#1846=VECTOR('',#6661,10.);
#1847=VECTOR('',#6664,10.);
#1848=VECTOR('',#6665,10.);
#1849=VECTOR('',#6666,10.);
#1850=VECTOR('',#6667,10.);
#1851=VECTOR('',#6670,10.);
#1852=VECTOR('',#6671,10.);
#1853=VECTOR('',#6672,10.);
#1854=VECTOR('',#6673,10.);
#1855=VECTOR('',#6676,10.);
#1856=VECTOR('',#6677,10.);
#1857=VECTOR('',#6678,10.);
#1858=VECTOR('',#6679,10.);
#1859=VECTOR('',#6682,10.);
#1860=VECTOR('',#6683,10.);
#1861=VECTOR('',#6684,10.);
#1862=VECTOR('',#6685,10.);
#1863=VECTOR('',#6688,10.);
#1864=VECTOR('',#6689,10.);
#1865=VECTOR('',#6690,10.);
#1866=VECTOR('',#6691,10.);
#1867=VECTOR('',#6694,10.);
#1868=VECTOR('',#6695,10.);
#1869=VECTOR('',#6696,10.);
#1870=VECTOR('',#6697,10.);
#1871=VECTOR('',#6700,10.);
#1872=VECTOR('',#6701,10.);
#1873=VECTOR('',#6702,10.);
#1874=VECTOR('',#6703,10.);
#1875=VECTOR('',#6706,10.);
#1876=VECTOR('',#6707,10.);
#1877=VECTOR('',#6708,10.);
#1878=VECTOR('',#6709,10.);
#1879=VECTOR('',#6712,10.);
#1880=VECTOR('',#6713,10.);
#1881=VECTOR('',#6714,10.);
#1882=VECTOR('',#6715,10.);
#1883=VECTOR('',#6718,10.);
#1884=VECTOR('',#6719,10.);
#1885=VECTOR('',#6720,10.);
#1886=VECTOR('',#6723,10.);
#1887=VECTOR('',#6724,10.);
#1888=VECTOR('',#6725,10.);
#1889=VECTOR('',#6728,10.);
#1890=VECTOR('',#6729,10.);
#1891=VECTOR('',#6730,10.);
#1892=VECTOR('',#6733,10.);
#1893=VECTOR('',#6736,10.);
#1894=VECTOR('',#6737,10.);
#1895=VECTOR('',#6738,10.);
#1896=VECTOR('',#6741,10.);
#1897=VECTOR('',#6744,10.);
#1898=VECTOR('',#6751,10.);
#1899=VECTOR('',#6752,10.);
#1900=VECTOR('',#6755,10.);
#1901=VECTOR('',#6756,10.);
#1902=VECTOR('',#6757,10.);
#1903=VECTOR('',#6760,10.);
#1904=VECTOR('',#6761,10.);
#1905=VECTOR('',#6762,10.);
#1906=VECTOR('',#6765,10.);
#1907=VECTOR('',#6766,10.);
#1908=VECTOR('',#6769,10.);
#1909=VECTOR('',#6772,10.);
#1910=VECTOR('',#6773,10.);
#1911=VECTOR('',#6776,10.);
#1912=VECTOR('',#6779,10.);
#1913=VECTOR('',#6784,10.);
#1914=VECTOR('',#6785,10.);
#1915=VECTOR('',#6786,10.);
#1916=VECTOR('',#6789,10.);
#1917=VECTOR('',#6790,10.);
#1918=VECTOR('',#6793,10.);
#1919=VECTOR('',#6798,10.);
#1920=VECTOR('',#6801,10.);
#1921=VECTOR('',#6804,10.);
#1922=VECTOR('',#6807,10.);
#1923=VECTOR('',#6808,10.);
#1924=VECTOR('',#6809,10.);
#1925=VECTOR('',#6812,10.);
#1926=VECTOR('',#6813,10.);
#1927=VECTOR('',#6818,10.);
#1928=VECTOR('',#6821,10.);
#1929=VECTOR('',#6822,10.);
#1930=VECTOR('',#6823,10.);
#1931=VECTOR('',#6826,10.);
#1932=VECTOR('',#6827,10.);
#1933=VECTOR('',#6828,10.);
#1934=VECTOR('',#6831,10.);
#1935=VECTOR('',#6832,10.);
#1936=VECTOR('',#6835,10.);
#1937=VECTOR('',#6836,10.);
#1938=VECTOR('',#6839,10.);
#1939=VECTOR('',#6840,10.);
#1940=VECTOR('',#6843,10.);
#1941=VECTOR('',#6854,10.);
#1942=VECTOR('',#6857,10.);
#1943=VECTOR('',#6860,10.);
#1944=VECTOR('',#6861,10.);
#1945=VECTOR('',#6862,10.);
#1946=VECTOR('',#6865,10.);
#1947=VECTOR('',#6866,10.);
#1948=VECTOR('',#6869,10.);
#1949=VECTOR('',#6870,10.);
#1950=VECTOR('',#6875,10.);
#1951=VECTOR('',#6878,10.);
#1952=VECTOR('',#6889,10.);
#1953=VECTOR('',#6890,10.);
#1954=VECTOR('',#6893,10.);
#1955=VECTOR('',#6894,10.);
#1956=VECTOR('',#6897,10.);
#1957=VECTOR('',#6898,10.);
#1958=VECTOR('',#6899,10.);
#1959=VECTOR('',#6902,10.);
#1960=VECTOR('',#6903,10.);
#1961=VECTOR('',#6906,10.);
#1962=VECTOR('',#6911,10.);
#1963=VECTOR('',#6912,10.);
#1964=VECTOR('',#6917,10.);
#1965=VECTOR('',#6920,10.);
#1966=VECTOR('',#6931,10.);
#1967=VECTOR('',#6932,10.);
#1968=VECTOR('',#6935,10.);
#1969=VECTOR('',#6936,10.);
#1970=VECTOR('',#6939,10.);
#1971=VECTOR('',#6940,10.);
#1972=VECTOR('',#6941,10.);
#1973=VECTOR('',#6944,10.);
#1974=VECTOR('',#6945,10.);
#1975=VECTOR('',#6948,10.);
#1976=VECTOR('',#6953,10.);
#1977=VECTOR('',#6954,10.);
#1978=VECTOR('',#6957,10.);
#1979=VECTOR('',#6958,10.);
#1980=VECTOR('',#6961,10.);
#1981=VECTOR('',#6962,10.);
#1982=VECTOR('',#6965,10.);
#1983=VECTOR('',#6968,10.);
#1984=VECTOR('',#6969,10.);
#1985=VECTOR('',#6970,10.);
#1986=VECTOR('',#6973,10.);
#1987=VECTOR('',#6978,10.);
#1988=VECTOR('',#6981,10.);
#1989=VECTOR('',#6982,10.);
#1990=VECTOR('',#6987,10.);
#1991=VECTOR('',#6990,10.);
#1992=VECTOR('',#6991,10.);
#1993=VECTOR('',#6994,10.);
#1994=VECTOR('',#6997,10.);
#1995=VECTOR('',#6998,10.);
#1996=VECTOR('',#7001,10.);
#1997=VECTOR('',#7002,10.);
#1998=VECTOR('',#7003,10.);
#1999=VECTOR('',#7004,10.);
#2000=VECTOR('',#7007,10.);
#2001=VECTOR('',#7008,10.);
#2002=VECTOR('',#7009,10.);
#2003=VECTOR('',#7012,10.);
#2004=VECTOR('',#7013,10.);
#2005=VECTOR('',#7014,10.);
#2006=VECTOR('',#7021,10.);
#2007=VECTOR('',#7024,10.);
#2008=VECTOR('',#7025,10.);
#2009=VECTOR('',#7026,10.);
#2010=VECTOR('',#7035,10.);
#2011=VECTOR('',#7036,10.);
#2012=VECTOR('',#7039,10.);
#2013=VECTOR('',#7042,10.);
#2014=VECTOR('',#7047,10.);
#2015=VECTOR('',#7050,10.);
#2016=VECTOR('',#7059,10.);
#2017=VECTOR('',#7060,10.);
#2018=VECTOR('',#7065,10.);
#2019=VECTOR('',#7066,10.);
#2020=VECTOR('',#7075,10.);
#2021=VECTOR('',#7078,10.);
#2022=VECTOR('',#7081,10.);
#2023=VECTOR('',#7084,10.);
#2024=VECTOR('',#7089,10.);
#2025=VECTOR('',#7092,10.);
#2026=VECTOR('',#7093,10.);
#2027=VECTOR('',#7094,10.);
#2028=VECTOR('',#7095,10.);
#2029=VECTOR('',#7096,10.);
#2030=VECTOR('',#7097,10.);
#2031=VECTOR('',#7098,10.);
#2032=VECTOR('',#7099,10.);
#2033=VECTOR('',#7104,10.);
#2034=VECTOR('',#7109,10.);
#2035=VECTOR('',#7112,10.);
#2036=VECTOR('',#7115,10.);
#2037=VECTOR('',#7120,10.);
#2038=VECTOR('',#7121,10.);
#2039=VECTOR('',#7124,10.);
#2040=VECTOR('',#7131,10.);
#2041=VECTOR('',#7132,10.);
#2042=VECTOR('',#7135,10.);
#2043=VECTOR('',#7138,10.);
#2044=VECTOR('',#7141,10.);
#2045=VECTOR('',#7144,10.);
#2046=VERTEX_POINT('',#7151);
#2047=VERTEX_POINT('',#7152);
#2048=VERTEX_POINT('',#7154);
#2049=VERTEX_POINT('',#7156);
#2050=VERTEX_POINT('',#7169);
#2051=VERTEX_POINT('',#7175);
#2052=VERTEX_POINT('',#7192);
#2053=VERTEX_POINT('',#7198);
#2054=VERTEX_POINT('',#7206);
#2055=VERTEX_POINT('',#7208);
#2056=VERTEX_POINT('',#7221);
#2057=VERTEX_POINT('',#7227);
#2058=VERTEX_POINT('',#7235);
#2059=VERTEX_POINT('',#7237);
#2060=VERTEX_POINT('',#7241);
#2061=VERTEX_POINT('',#7243);
#2062=VERTEX_POINT('',#7251);
#2063=VERTEX_POINT('',#7252);
#2064=VERTEX_POINT('',#7254);
#2065=VERTEX_POINT('',#7256);
#2066=VERTEX_POINT('',#7260);
#2067=VERTEX_POINT('',#7262);
#2068=VERTEX_POINT('',#7266);
#2069=VERTEX_POINT('',#7267);
#2070=VERTEX_POINT('',#7269);
#2071=VERTEX_POINT('',#7271);
#2072=VERTEX_POINT('',#7278);
#2073=VERTEX_POINT('',#7280);
#2074=VERTEX_POINT('',#7284);
#2075=VERTEX_POINT('',#7286);
#2076=VERTEX_POINT('',#7290);
#2077=VERTEX_POINT('',#7292);
#2078=VERTEX_POINT('',#7299);
#2079=VERTEX_POINT('',#7301);
#2080=VERTEX_POINT('',#7305);
#2081=VERTEX_POINT('',#7307);
#2082=VERTEX_POINT('',#7311);
#2083=VERTEX_POINT('',#7313);
#2084=VERTEX_POINT('',#7317);
#2085=VERTEX_POINT('',#7319);
#2086=VERTEX_POINT('',#7323);
#2087=VERTEX_POINT('',#7324);
#2088=VERTEX_POINT('',#7326);
#2089=VERTEX_POINT('',#7328);
#2090=VERTEX_POINT('',#7332);
#2091=VERTEX_POINT('',#7333);
#2092=VERTEX_POINT('',#7335);
#2093=VERTEX_POINT('',#7337);
#2094=VERTEX_POINT('',#7341);
#2095=VERTEX_POINT('',#7343);
#2096=VERTEX_POINT('',#7347);
#2097=VERTEX_POINT('',#7349);
#2098=VERTEX_POINT('',#7353);
#2099=VERTEX_POINT('',#7355);
#2100=VERTEX_POINT('',#7359);
#2101=VERTEX_POINT('',#7361);
#2102=VERTEX_POINT('',#7371);
#2103=VERTEX_POINT('',#7372);
#2104=VERTEX_POINT('',#7374);
#2105=VERTEX_POINT('',#7376);
#2106=VERTEX_POINT('',#7378);
#2107=VERTEX_POINT('',#7412);
#2108=VERTEX_POINT('',#7414);
#2109=VERTEX_POINT('',#7416);
#2110=VERTEX_POINT('',#7418);
#2111=VERTEX_POINT('',#7420);
#2112=VERTEX_POINT('',#7422);
#2113=VERTEX_POINT('',#7425);
#2114=VERTEX_POINT('',#7427);
#2115=VERTEX_POINT('',#7428);
#2116=VERTEX_POINT('',#7430);
#2117=VERTEX_POINT('',#7432);
#2118=VERTEX_POINT('',#7435);
#2119=VERTEX_POINT('',#7436);
#2120=VERTEX_POINT('',#7438);
#2121=VERTEX_POINT('',#7440);
#2122=VERTEX_POINT('',#7470);
#2123=VERTEX_POINT('',#7476);
#2124=VERTEX_POINT('',#7477);
#2125=VERTEX_POINT('',#7508);
#2126=VERTEX_POINT('',#7514);
#2127=VERTEX_POINT('',#7515);
#2128=VERTEX_POINT('',#7526);
#2129=VERTEX_POINT('',#7528);
#2130=VERTEX_POINT('',#7541);
#2131=VERTEX_POINT('',#7543);
#2132=VERTEX_POINT('',#7545);
#2133=VERTEX_POINT('',#7547);
#2134=VERTEX_POINT('',#7549);
#2135=VERTEX_POINT('',#7551);
#2136=VERTEX_POINT('',#7553);
#2137=VERTEX_POINT('',#7555);
#2138=VERTEX_POINT('',#7557);
#2139=VERTEX_POINT('',#7559);
#2140=VERTEX_POINT('',#7561);
#2141=VERTEX_POINT('',#7563);
#2142=VERTEX_POINT('',#7565);
#2143=VERTEX_POINT('',#7567);
#2144=VERTEX_POINT('',#7569);
#2145=VERTEX_POINT('',#7571);
#2146=VERTEX_POINT('',#7573);
#2147=VERTEX_POINT('',#7575);
#2148=VERTEX_POINT('',#7577);
#2149=VERTEX_POINT('',#7579);
#2150=VERTEX_POINT('',#7581);
#2151=VERTEX_POINT('',#7583);
#2152=VERTEX_POINT('',#7586);
#2153=VERTEX_POINT('',#7587);
#2154=VERTEX_POINT('',#7589);
#2155=VERTEX_POINT('',#7591);
#2156=VERTEX_POINT('',#7595);
#2157=VERTEX_POINT('',#7606);
#2158=VERTEX_POINT('',#7619);
#2159=VERTEX_POINT('',#7630);
#2160=VERTEX_POINT('',#7643);
#2161=VERTEX_POINT('',#7654);
#2162=VERTEX_POINT('',#7667);
#2163=VERTEX_POINT('',#7678);
#2164=VERTEX_POINT('',#7691);
#2165=VERTEX_POINT('',#7702);
#2166=VERTEX_POINT('',#7715);
#2167=VERTEX_POINT('',#7716);
#2168=VERTEX_POINT('',#7718);
#2169=VERTEX_POINT('',#7720);
#2170=VERTEX_POINT('',#7724);
#2171=VERTEX_POINT('',#7726);
#2172=VERTEX_POINT('',#7728);
#2173=VERTEX_POINT('',#7730);
#2174=VERTEX_POINT('',#7732);
#2175=VERTEX_POINT('',#7734);
#2176=VERTEX_POINT('',#7738);
#2177=VERTEX_POINT('',#7739);
#2178=VERTEX_POINT('',#7741);
#2179=VERTEX_POINT('',#7743);
#2180=VERTEX_POINT('',#7747);
#2181=VERTEX_POINT('',#7749);
#2182=VERTEX_POINT('',#7751);
#2183=VERTEX_POINT('',#7753);
#2184=VERTEX_POINT('',#7755);
#2185=VERTEX_POINT('',#7757);
#2186=VERTEX_POINT('',#7761);
#2187=VERTEX_POINT('',#7762);
#2188=VERTEX_POINT('',#7764);
#2189=VERTEX_POINT('',#7766);
#2190=VERTEX_POINT('',#7770);
#2191=VERTEX_POINT('',#7772);
#2192=VERTEX_POINT('',#7776);
#2193=VERTEX_POINT('',#7777);
#2194=VERTEX_POINT('',#7779);
#2195=VERTEX_POINT('',#7781);
#2196=VERTEX_POINT('',#7785);
#2197=VERTEX_POINT('',#7787);
#2198=VERTEX_POINT('',#7792);
#2199=VERTEX_POINT('',#7794);
#2200=VERTEX_POINT('',#7796);
#2201=VERTEX_POINT('',#7798);
#2202=VERTEX_POINT('',#7800);
#2203=VERTEX_POINT('',#7802);
#2204=VERTEX_POINT('',#7805);
#2205=VERTEX_POINT('',#7807);
#2206=VERTEX_POINT('',#7809);
#2207=VERTEX_POINT('',#7811);
#2208=VERTEX_POINT('',#7813);
#2209=VERTEX_POINT('',#7817);
#2210=VERTEX_POINT('',#7821);
#2211=VERTEX_POINT('',#7822);
#2212=VERTEX_POINT('',#7827);
#2213=VERTEX_POINT('',#7831);
#2214=VERTEX_POINT('',#7833);
#2215=VERTEX_POINT('',#7837);
#2216=VERTEX_POINT('',#7841);
#2217=VERTEX_POINT('',#7842);
#2218=VERTEX_POINT('',#7844);
#2219=VERTEX_POINT('',#7846);
#2220=VERTEX_POINT('',#7850);
#2221=VERTEX_POINT('',#7852);
#2222=VERTEX_POINT('',#7856);
#2223=VERTEX_POINT('',#7858);
#2224=VERTEX_POINT('',#7862);
#2225=VERTEX_POINT('',#7864);
#2226=VERTEX_POINT('',#7868);
#2227=VERTEX_POINT('',#7869);
#2228=VERTEX_POINT('',#7871);
#2229=VERTEX_POINT('',#7873);
#2230=VERTEX_POINT('',#7877);
#2231=VERTEX_POINT('',#7879);
#2232=VERTEX_POINT('',#7884);
#2233=VERTEX_POINT('',#7886);
#2234=VERTEX_POINT('',#7888);
#2235=VERTEX_POINT('',#7890);
#2236=VERTEX_POINT('',#7893);
#2237=VERTEX_POINT('',#7895);
#2238=VERTEX_POINT('',#7897);
#2239=VERTEX_POINT('',#7899);
#2240=VERTEX_POINT('',#7901);
#2241=VERTEX_POINT('',#7905);
#2242=VERTEX_POINT('',#7907);
#2243=VERTEX_POINT('',#7911);
#2244=VERTEX_POINT('',#7915);
#2245=VERTEX_POINT('',#7920);
#2246=VERTEX_POINT('',#7923);
#2247=VERTEX_POINT('',#7925);
#2248=VERTEX_POINT('',#7927);
#2249=VERTEX_POINT('',#7929);
#2250=VERTEX_POINT('',#7934);
#2251=VERTEX_POINT('',#7938);
#2252=VERTEX_POINT('',#7942);
#2253=VERTEX_POINT('',#7952);
#2254=VERTEX_POINT('',#7953);
#2255=VERTEX_POINT('',#7955);
#2256=VERTEX_POINT('',#7959);
#2257=VERTEX_POINT('',#7960);
#2258=VERTEX_POINT('',#7965);
#2259=VERTEX_POINT('',#7966);
#2260=VERTEX_POINT('',#7968);
#2261=VERTEX_POINT('',#7972);
#2262=VERTEX_POINT('',#7973);
#2263=VERTEX_POINT('',#7978);
#2264=VERTEX_POINT('',#7979);
#2265=VERTEX_POINT('',#7987);
#2266=VERTEX_POINT('',#7988);
#2267=VERTEX_POINT('',#7993);
#2268=VERTEX_POINT('',#7995);
#2269=VERTEX_POINT('',#7997);
#2270=VERTEX_POINT('',#7999);
#2271=VERTEX_POINT('',#8004);
#2272=VERTEX_POINT('',#8005);
#2273=VERTEX_POINT('',#8007);
#2274=VERTEX_POINT('',#8009);
#2275=VERTEX_POINT('',#8011);
#2276=VERTEX_POINT('',#8013);
#2277=VERTEX_POINT('',#8015);
#2278=VERTEX_POINT('',#8017);
#2279=VERTEX_POINT('',#8019);
#2280=VERTEX_POINT('',#8021);
#2281=VERTEX_POINT('',#8025);
#2282=VERTEX_POINT('',#8027);
#2283=VERTEX_POINT('',#8030);
#2284=VERTEX_POINT('',#8032);
#2285=VERTEX_POINT('',#8035);
#2286=VERTEX_POINT('',#8037);
#2287=VERTEX_POINT('',#8040);
#2288=VERTEX_POINT('',#8042);
#2289=VERTEX_POINT('',#8045);
#2290=VERTEX_POINT('',#8047);
#2291=VERTEX_POINT('',#8052);
#2292=VERTEX_POINT('',#8054);
#2293=VERTEX_POINT('',#8057);
#2294=VERTEX_POINT('',#8059);
#2295=VERTEX_POINT('',#8064);
#2296=VERTEX_POINT('',#8066);
#2297=VERTEX_POINT('',#8078);
#2298=VERTEX_POINT('',#8082);
#2299=VERTEX_POINT('',#8094);
#2300=VERTEX_POINT('',#8098);
#2301=VERTEX_POINT('',#8102);
#2302=VERTEX_POINT('',#8104);
#2303=VERTEX_POINT('',#8107);
#2304=VERTEX_POINT('',#8110);
#2305=VERTEX_POINT('',#8114);
#2306=VERTEX_POINT('',#8118);
#2307=VERTEX_POINT('',#8122);
#2308=VERTEX_POINT('',#8125);
#2309=VERTEX_POINT('',#8127);
#2310=VERTEX_POINT('',#8130);
#2311=VERTEX_POINT('',#8132);
#2312=VERTEX_POINT('',#8137);
#2313=VERTEX_POINT('',#8140);
#2314=VERTEX_POINT('',#8141);
#2315=VERTEX_POINT('',#8143);
#2316=VERTEX_POINT('',#8145);
#2317=VERTEX_POINT('',#8149);
#2318=VERTEX_POINT('',#8151);
#2319=VERTEX_POINT('',#8156);
#2320=VERTEX_POINT('',#8158);
#2321=VERTEX_POINT('',#8165);
#2322=VERTEX_POINT('',#8166);
#2323=VERTEX_POINT('',#8168);
#2324=VERTEX_POINT('',#8170);
#2325=VERTEX_POINT('',#8177);
#2326=VERTEX_POINT('',#8179);
#2327=VERTEX_POINT('',#8181);
#2328=VERTEX_POINT('',#8183);
#2329=VERTEX_POINT('',#8185);
#2330=VERTEX_POINT('',#8187);
#2331=VERTEX_POINT('',#8189);
#2332=VERTEX_POINT('',#8191);
#2333=VERTEX_POINT('',#8193);
#2334=VERTEX_POINT('',#8195);
#2335=VERTEX_POINT('',#8197);
#2336=VERTEX_POINT('',#8199);
#2337=VERTEX_POINT('',#8204);
#2338=VERTEX_POINT('',#8205);
#2339=VERTEX_POINT('',#8213);
#2340=VERTEX_POINT('',#8214);
#2341=VERTEX_POINT('',#8222);
#2342=VERTEX_POINT('',#8223);
#2343=VERTEX_POINT('',#8228);
#2344=VERTEX_POINT('',#8229);
#2345=VERTEX_POINT('',#8237);
#2346=VERTEX_POINT('',#8239);
#2347=VERTEX_POINT('',#8243);
#2348=VERTEX_POINT('',#8244);
#2349=VERTEX_POINT('',#8252);
#2350=VERTEX_POINT('',#8253);
#2351=VERTEX_POINT('',#8261);
#2352=VERTEX_POINT('',#8262);
#2353=VERTEX_POINT('',#8294);
#2354=VERTEX_POINT('',#8296);
#2355=VERTEX_POINT('',#8300);
#2356=VERTEX_POINT('',#8301);
#2357=VERTEX_POINT('',#8308);
#2358=VERTEX_POINT('',#8309);
#2359=VERTEX_POINT('',#8311);
#2360=VERTEX_POINT('',#8313);
#2361=VERTEX_POINT('',#8315);
#2362=VERTEX_POINT('',#8332);
#2363=VERTEX_POINT('',#8333);
#2364=VERTEX_POINT('',#8335);
#2365=VERTEX_POINT('',#8337);
#2366=VERTEX_POINT('',#8339);
#2367=VERTEX_POINT('',#8402);
#2368=VERTEX_POINT('',#8406);
#2369=VERTEX_POINT('',#8410);
#2370=VERTEX_POINT('',#8412);
#2371=VERTEX_POINT('',#8415);
#2372=VERTEX_POINT('',#8420);
#2373=VERTEX_POINT('',#8422);
#2374=VERTEX_POINT('',#8427);
#2375=VERTEX_POINT('',#8431);
#2376=VERTEX_POINT('',#8433);
#2377=VERTEX_POINT('',#8437);
#2378=VERTEX_POINT('',#8438);
#2379=VERTEX_POINT('',#8440);
#2380=VERTEX_POINT('',#8442);
#2381=VERTEX_POINT('',#8446);
#2382=VERTEX_POINT('',#8447);
#2383=VERTEX_POINT('',#8449);
#2384=VERTEX_POINT('',#8451);
#2385=VERTEX_POINT('',#8455);
#2386=VERTEX_POINT('',#8456);
#2387=VERTEX_POINT('',#8458);
#2388=VERTEX_POINT('',#8460);
#2389=VERTEX_POINT('',#8464);
#2390=VERTEX_POINT('',#8465);
#2391=VERTEX_POINT('',#8467);
#2392=VERTEX_POINT('',#8469);
#2393=VERTEX_POINT('',#8473);
#2394=VERTEX_POINT('',#8474);
#2395=VERTEX_POINT('',#8476);
#2396=VERTEX_POINT('',#8478);
#2397=VERTEX_POINT('',#8482);
#2398=VERTEX_POINT('',#8483);
#2399=VERTEX_POINT('',#8485);
#2400=VERTEX_POINT('',#8487);
#2401=VERTEX_POINT('',#8491);
#2402=VERTEX_POINT('',#8492);
#2403=VERTEX_POINT('',#8494);
#2404=VERTEX_POINT('',#8496);
#2405=VERTEX_POINT('',#8500);
#2406=VERTEX_POINT('',#8501);
#2407=VERTEX_POINT('',#8503);
#2408=VERTEX_POINT('',#8505);
#2409=VERTEX_POINT('',#8509);
#2410=VERTEX_POINT('',#8510);
#2411=VERTEX_POINT('',#8512);
#2412=VERTEX_POINT('',#8514);
#2413=VERTEX_POINT('',#8518);
#2414=VERTEX_POINT('',#8519);
#2415=VERTEX_POINT('',#8521);
#2416=VERTEX_POINT('',#8523);
#2417=VERTEX_POINT('',#8527);
#2418=VERTEX_POINT('',#8529);
#2419=VERTEX_POINT('',#8533);
#2420=VERTEX_POINT('',#8535);
#2421=VERTEX_POINT('',#8558);
#2422=VERTEX_POINT('',#8560);
#2423=VERTEX_POINT('',#8564);
#2424=VERTEX_POINT('',#8566);
#2425=VERTEX_POINT('',#8583);
#2426=VERTEX_POINT('',#8593);
#2427=VERTEX_POINT('',#8594);
#2428=VERTEX_POINT('',#8596);
#2429=VERTEX_POINT('',#8598);
#2430=VERTEX_POINT('',#8602);
#2431=VERTEX_POINT('',#8604);
#2432=VERTEX_POINT('',#8606);
#2433=VERTEX_POINT('',#8608);
#2434=VERTEX_POINT('',#8612);
#2435=VERTEX_POINT('',#8616);
#2436=VERTEX_POINT('',#8620);
#2437=VERTEX_POINT('',#8622);
#2438=VERTEX_POINT('',#8626);
#2439=VERTEX_POINT('',#8628);
#2440=VERTEX_POINT('',#8632);
#2441=VERTEX_POINT('',#8636);
#2442=VERTEX_POINT('',#8648);
#2443=VERTEX_POINT('',#8649);
#2444=VERTEX_POINT('',#8651);
#2445=VERTEX_POINT('',#8653);
#2446=VERTEX_POINT('',#8657);
#2447=VERTEX_POINT('',#8659);
#2448=VERTEX_POINT('',#8661);
#2449=VERTEX_POINT('',#8663);
#2450=VERTEX_POINT('',#8665);
#2451=VERTEX_POINT('',#8669);
#2452=VERTEX_POINT('',#8673);
#2453=VERTEX_POINT('',#8674);
#2454=VERTEX_POINT('',#8676);
#2455=VERTEX_POINT('',#8678);
#2456=VERTEX_POINT('',#8690);
#2457=VERTEX_POINT('',#8692);
#2458=VERTEX_POINT('',#8696);
#2459=VERTEX_POINT('',#8697);
#2460=VERTEX_POINT('',#8702);
#2461=VERTEX_POINT('',#8704);
#2462=VERTEX_POINT('',#8706);
#2463=VERTEX_POINT('',#8708);
#2464=VERTEX_POINT('',#8710);
#2465=VERTEX_POINT('',#8714);
#2466=VERTEX_POINT('',#8718);
#2467=VERTEX_POINT('',#8722);
#2468=VERTEX_POINT('',#8726);
#2469=VERTEX_POINT('',#8727);
#2470=VERTEX_POINT('',#8729);
#2471=VERTEX_POINT('',#8731);
#2472=VERTEX_POINT('',#8743);
#2473=VERTEX_POINT('',#8745);
#2474=VERTEX_POINT('',#8749);
#2475=VERTEX_POINT('',#8750);
#2476=VERTEX_POINT('',#8755);
#2477=VERTEX_POINT('',#8757);
#2478=VERTEX_POINT('',#8759);
#2479=VERTEX_POINT('',#8761);
#2480=VERTEX_POINT('',#8763);
#2481=VERTEX_POINT('',#8767);
#2482=VERTEX_POINT('',#8771);
#2483=VERTEX_POINT('',#8775);
#2484=VERTEX_POINT('',#8779);
#2485=VERTEX_POINT('',#8781);
#2486=VERTEX_POINT('',#8783);
#2487=VERTEX_POINT('',#8785);
#2488=VERTEX_POINT('',#8791);
#2489=VERTEX_POINT('',#8793);
#2490=VERTEX_POINT('',#8797);
#2491=VERTEX_POINT('',#8803);
#2492=VERTEX_POINT('',#8807);
#2493=VERTEX_POINT('',#8811);
#2494=VERTEX_POINT('',#8815);
#2495=VERTEX_POINT('',#8817);
#2496=VERTEX_POINT('',#8819);
#2497=VERTEX_POINT('',#8823);
#2498=VERTEX_POINT('',#8824);
#2499=VERTEX_POINT('',#8826);
#2500=VERTEX_POINT('',#8828);
#2501=VERTEX_POINT('',#8832);
#2502=VERTEX_POINT('',#8834);
#2503=VERTEX_POINT('',#8838);
#2504=VERTEX_POINT('',#8840);
#2505=VERTEX_POINT('',#8844);
#2506=VERTEX_POINT('',#8846);
#2507=VERTEX_POINT('',#8850);
#2508=VERTEX_POINT('',#8852);
#2509=VERTEX_POINT('',#8859);
#2510=VERTEX_POINT('',#8860);
#2511=VERTEX_POINT('',#8862);
#2512=VERTEX_POINT('',#8864);
#2513=VERTEX_POINT('',#8866);
#2514=VERTEX_POINT('',#8868);
#2515=VERTEX_POINT('',#8872);
#2516=VERTEX_POINT('',#8873);
#2517=VERTEX_POINT('',#8875);
#2518=VERTEX_POINT('',#8877);
#2519=VERTEX_POINT('',#8881);
#2520=VERTEX_POINT('',#8888);
#2521=VERTEX_POINT('',#8889);
#2522=VERTEX_POINT('',#8894);
#2523=VERTEX_POINT('',#8900);
#2524=VERTEX_POINT('',#8902);
#2525=VERTEX_POINT('',#8908);
#2526=VERTEX_POINT('',#8909);
#2527=VERTEX_POINT('',#8911);
#2528=VERTEX_POINT('',#8913);
#2529=VERTEX_POINT('',#8915);
#2530=VERTEX_POINT('',#8917);
#2531=VERTEX_POINT('',#8922);
#2532=VERTEX_POINT('',#8927);
#2533=VERTEX_POINT('',#8939);
#2534=EDGE_CURVE('',#2046,#2047,#988,.T.);
#2535=EDGE_CURVE('',#2046,#2048,#989,.T.);
#2536=EDGE_CURVE('',#2048,#2049,#990,.T.);
#2537=EDGE_CURVE('',#2047,#2049,#991,.T.);
#2538=EDGE_CURVE('',#2050,#2046,#371,.T.);
#2539=EDGE_CURVE('',#2050,#2051,#992,.T.);
#2540=EDGE_CURVE('',#2051,#2048,#372,.T.);
#2541=EDGE_CURVE('',#2052,#2050,#373,.T.);
#2542=EDGE_CURVE('',#2052,#2053,#993,.T.);
#2543=EDGE_CURVE('',#2053,#2051,#374,.T.);
#2544=EDGE_CURVE('',#2054,#2052,#994,.T.);
#2545=EDGE_CURVE('',#2054,#2055,#995,.T.);
#2546=EDGE_CURVE('',#2055,#2053,#996,.T.);
#2547=EDGE_CURVE('',#2056,#2054,#375,.T.);
#2548=EDGE_CURVE('',#2056,#2057,#997,.T.);
#2549=EDGE_CURVE('',#2057,#2055,#376,.T.);
#2550=EDGE_CURVE('',#2058,#2056,#998,.T.);
#2551=EDGE_CURVE('',#2058,#2059,#999,.T.);
#2552=EDGE_CURVE('',#2059,#2057,#1000,.T.);
#2553=EDGE_CURVE('',#2060,#2058,#1001,.T.);
#2554=EDGE_CURVE('',#2060,#2061,#1002,.T.);
#2555=EDGE_CURVE('',#2061,#2059,#1003,.T.);
#2556=EDGE_CURVE('',#2047,#2060,#1004,.T.);
#2557=EDGE_CURVE('',#2049,#2061,#1005,.T.);
#2558=EDGE_CURVE('',#2062,#2063,#84,.T.);
#2559=EDGE_CURVE('',#2063,#2064,#1006,.T.);
#2560=EDGE_CURVE('',#2064,#2065,#85,.T.);
#2561=EDGE_CURVE('',#2065,#2062,#1007,.T.);
#2562=EDGE_CURVE('',#2066,#2063,#1008,.T.);
#2563=EDGE_CURVE('',#2067,#2066,#1009,.T.);
#2564=EDGE_CURVE('',#2064,#2067,#1010,.T.);
#2565=EDGE_CURVE('',#2068,#2069,#86,.T.);
#2566=EDGE_CURVE('',#2069,#2070,#1011,.T.);
#2567=EDGE_CURVE('',#2070,#2071,#87,.T.);
#2568=EDGE_CURVE('',#2071,#2068,#1012,.T.);
#2569=EDGE_CURVE('',#2070,#2065,#1013,.T.);
#2570=EDGE_CURVE('',#2062,#2069,#1014,.T.);
#2571=EDGE_CURVE('',#2066,#2072,#88,.T.);
#2572=EDGE_CURVE('',#2072,#2073,#1015,.T.);
#2573=EDGE_CURVE('',#2073,#2067,#89,.T.);
#2574=EDGE_CURVE('',#2074,#2072,#1016,.T.);
#2575=EDGE_CURVE('',#2075,#2074,#1017,.T.);
#2576=EDGE_CURVE('',#2073,#2075,#1018,.T.);
#2577=EDGE_CURVE('',#2074,#2076,#90,.T.);
#2578=EDGE_CURVE('',#2076,#2077,#1019,.T.);
#2579=EDGE_CURVE('',#2077,#2075,#91,.T.);
#2580=EDGE_CURVE('',#2077,#2071,#1020,.T.);
#2581=EDGE_CURVE('',#2068,#2076,#1021,.T.);
#2582=EDGE_CURVE('',#2078,#2078,#92,.T.);
#2583=EDGE_CURVE('',#2078,#2079,#1022,.T.);
#2584=EDGE_CURVE('',#2079,#2079,#93,.T.);
#2585=EDGE_CURVE('',#2080,#2080,#94,.T.);
#2586=EDGE_CURVE('',#2080,#2081,#1023,.T.);
#2587=EDGE_CURVE('',#2081,#2081,#95,.T.);
#2588=EDGE_CURVE('',#2082,#2082,#96,.T.);
#2589=EDGE_CURVE('',#2082,#2083,#1024,.T.);
#2590=EDGE_CURVE('',#2083,#2083,#97,.T.);
#2591=EDGE_CURVE('',#2084,#2084,#98,.T.);
#2592=EDGE_CURVE('',#2084,#2085,#1025,.T.);
#2593=EDGE_CURVE('',#2085,#2085,#99,.T.);
#2594=EDGE_CURVE('',#2086,#2087,#1026,.T.);
#2595=EDGE_CURVE('',#2088,#2086,#1027,.T.);
#2596=EDGE_CURVE('',#2089,#2088,#1028,.T.);
#2597=EDGE_CURVE('',#2087,#2089,#1029,.T.);
#2598=EDGE_CURVE('',#2090,#2091,#1030,.T.);
#2599=EDGE_CURVE('',#2092,#2090,#1031,.T.);
#2600=EDGE_CURVE('',#2093,#2092,#1032,.T.);
#2601=EDGE_CURVE('',#2091,#2093,#1033,.T.);
#2602=EDGE_CURVE('',#2092,#2094,#100,.T.);
#2603=EDGE_CURVE('',#2094,#2095,#1034,.T.);
#2604=EDGE_CURVE('',#2095,#2093,#101,.T.);
#2605=EDGE_CURVE('',#2096,#2094,#1035,.T.);
#2606=EDGE_CURVE('',#2097,#2096,#1036,.T.);
#2607=EDGE_CURVE('',#2095,#2097,#1037,.T.);
#2608=EDGE_CURVE('',#2088,#2098,#102,.T.);
#2609=EDGE_CURVE('',#2098,#2099,#1038,.T.);
#2610=EDGE_CURVE('',#2099,#2089,#103,.T.);
#2611=EDGE_CURVE('',#2100,#2098,#1039,.T.);
#2612=EDGE_CURVE('',#2101,#2100,#1040,.T.);
#2613=EDGE_CURVE('',#2099,#2101,#1041,.T.);
#2614=EDGE_CURVE('',#2100,#2086,#104,.T.);
#2615=EDGE_CURVE('',#2087,#2101,#105,.T.);
#2616=EDGE_CURVE('',#2096,#2090,#106,.T.);
#2617=EDGE_CURVE('',#2091,#2097,#107,.T.);
#2618=EDGE_CURVE('',#2102,#2103,#108,.T.);
#2619=EDGE_CURVE('',#2103,#2104,#109,.T.);
#2620=EDGE_CURVE('',#2104,#2105,#110,.T.);
#2621=EDGE_CURVE('',#2105,#2106,#111,.T.);
#2622=EDGE_CURVE('',#2106,#2102,#112,.T.);
#2623=EDGE_CURVE('',#2102,#2106,#377,.T.);
#2624=EDGE_CURVE('',#2105,#2103,#378,.T.);
#2625=EDGE_CURVE('',#2107,#2106,#1042,.T.);
#2626=EDGE_CURVE('',#2108,#2107,#113,.T.);
#2627=EDGE_CURVE('',#2109,#2108,#1043,.T.);
#2628=EDGE_CURVE('',#2109,#2110,#1044,.T.);
#2629=EDGE_CURVE('',#2111,#2110,#1045,.T.);
#2630=EDGE_CURVE('',#2112,#2111,#114,.T.);
#2631=EDGE_CURVE('',#2102,#2112,#1046,.T.);
#2632=EDGE_CURVE('',#2113,#2113,#115,.T.);
#2633=EDGE_CURVE('',#2114,#2115,#1047,.T.);
#2634=EDGE_CURVE('',#2115,#2116,#1048,.T.);
#2635=EDGE_CURVE('',#2116,#2117,#1049,.T.);
#2636=EDGE_CURVE('',#2117,#2114,#1050,.T.);
#2637=EDGE_CURVE('',#2118,#2119,#1051,.T.);
#2638=EDGE_CURVE('',#2119,#2120,#1052,.T.);
#2639=EDGE_CURVE('',#2120,#2121,#1053,.T.);
#2640=EDGE_CURVE('',#2121,#2118,#1054,.T.);
#2641=EDGE_CURVE('',#2122,#2122,#116,.T.);
#2642=EDGE_CURVE('',#2122,#2104,#25,.T.);
#2643=EDGE_CURVE('',#2123,#2124,#117,.T.);
#2644=EDGE_CURVE('',#2124,#2123,#118,.T.);
#2645=EDGE_CURVE('',#2123,#2113,#119,.T.);
#2646=EDGE_CURVE('',#2125,#2125,#120,.T.);
#2647=EDGE_CURVE('',#2125,#2124,#121,.T.);
#2648=EDGE_CURVE('',#2126,#2127,#379,.T.);
#2649=EDGE_CURVE('',#2127,#2128,#1055,.T.);
#2650=EDGE_CURVE('',#2128,#2129,#380,.T.);
#2651=EDGE_CURVE('',#2129,#2126,#1056,.T.);
#2652=EDGE_CURVE('',#2127,#2130,#122,.T.);
#2653=EDGE_CURVE('',#2131,#2130,#1057,.T.);
#2654=EDGE_CURVE('',#2132,#2131,#1058,.T.);
#2655=EDGE_CURVE('',#2133,#2132,#1059,.T.);
#2656=EDGE_CURVE('',#2134,#2133,#1060,.T.);
#2657=EDGE_CURVE('',#2135,#2134,#1061,.T.);
#2658=EDGE_CURVE('',#2135,#2136,#123,.T.);
#2659=EDGE_CURVE('',#2137,#2136,#1062,.T.);
#2660=EDGE_CURVE('',#2137,#2138,#124,.T.);
#2661=EDGE_CURVE('',#2138,#2139,#1063,.T.);
#2662=EDGE_CURVE('',#2139,#2140,#125,.T.);
#2663=EDGE_CURVE('',#2141,#2140,#1064,.T.);
#2664=EDGE_CURVE('',#2141,#2142,#126,.T.);
#2665=EDGE_CURVE('',#2143,#2142,#1065,.T.);
#2666=EDGE_CURVE('',#2143,#2144,#127,.T.);
#2667=EDGE_CURVE('',#2144,#2145,#1066,.T.);
#2668=EDGE_CURVE('',#2145,#2146,#128,.T.);
#2669=EDGE_CURVE('',#2147,#2146,#1067,.T.);
#2670=EDGE_CURVE('',#2147,#2148,#129,.T.);
#2671=EDGE_CURVE('',#2149,#2148,#1068,.T.);
#2672=EDGE_CURVE('',#2149,#2150,#130,.T.);
#2673=EDGE_CURVE('',#2150,#2151,#1069,.T.);
#2674=EDGE_CURVE('',#2151,#2128,#131,.T.);
#2675=EDGE_CURVE('',#2152,#2153,#1070,.T.);
#2676=EDGE_CURVE('',#2152,#2154,#132,.T.);
#2677=EDGE_CURVE('',#2154,#2155,#1071,.T.);
#2678=EDGE_CURVE('',#2155,#2153,#133,.T.);
#2679=EDGE_CURVE('',#2156,#2137,#381,.T.);
#2680=EDGE_CURVE('',#2136,#2157,#382,.T.);
#2681=EDGE_CURVE('',#2157,#2156,#1072,.T.);
#2682=EDGE_CURVE('',#2158,#2149,#383,.T.);
#2683=EDGE_CURVE('',#2148,#2159,#384,.T.);
#2684=EDGE_CURVE('',#2159,#2158,#1073,.T.);
#2685=EDGE_CURVE('',#2160,#2147,#385,.T.);
#2686=EDGE_CURVE('',#2146,#2161,#386,.T.);
#2687=EDGE_CURVE('',#2161,#2160,#1074,.T.);
#2688=EDGE_CURVE('',#2162,#2143,#387,.T.);
#2689=EDGE_CURVE('',#2142,#2163,#388,.T.);
#2690=EDGE_CURVE('',#2163,#2162,#1075,.T.);
#2691=EDGE_CURVE('',#2164,#2141,#389,.T.);
#2692=EDGE_CURVE('',#2140,#2165,#390,.T.);
#2693=EDGE_CURVE('',#2165,#2164,#1076,.T.);
#2694=EDGE_CURVE('',#2166,#2167,#134,.T.);
#2695=EDGE_CURVE('',#2167,#2168,#1077,.T.);
#2696=EDGE_CURVE('',#2168,#2169,#135,.T.);
#2697=EDGE_CURVE('',#2169,#2166,#1078,.T.);
#2698=EDGE_CURVE('',#2167,#2170,#1079,.T.);
#2699=EDGE_CURVE('',#2170,#2171,#1080,.T.);
#2700=EDGE_CURVE('',#2171,#2172,#1081,.T.);
#2701=EDGE_CURVE('',#2173,#2172,#1082,.T.);
#2702=EDGE_CURVE('',#2173,#2174,#1083,.T.);
#2703=EDGE_CURVE('',#2174,#2175,#1084,.T.);
#2704=EDGE_CURVE('',#2168,#2175,#1085,.T.);
#2705=EDGE_CURVE('',#2176,#2177,#136,.T.);
#2706=EDGE_CURVE('',#2177,#2178,#1086,.T.);
#2707=EDGE_CURVE('',#2178,#2179,#137,.T.);
#2708=EDGE_CURVE('',#2179,#2176,#1087,.T.);
#2709=EDGE_CURVE('',#2177,#2180,#1088,.T.);
#2710=EDGE_CURVE('',#2180,#2181,#1089,.T.);
#2711=EDGE_CURVE('',#2181,#2182,#1090,.T.);
#2712=EDGE_CURVE('',#2183,#2182,#1091,.T.);
#2713=EDGE_CURVE('',#2183,#2184,#1092,.T.);
#2714=EDGE_CURVE('',#2184,#2185,#1093,.T.);
#2715=EDGE_CURVE('',#2178,#2185,#1094,.T.);
#2716=EDGE_CURVE('',#2186,#2187,#138,.T.);
#2717=EDGE_CURVE('',#2187,#2188,#1095,.T.);
#2718=EDGE_CURVE('',#2188,#2189,#139,.T.);
#2719=EDGE_CURVE('',#2189,#2186,#1096,.T.);
#2720=EDGE_CURVE('',#2190,#2187,#1097,.T.);
#2721=EDGE_CURVE('',#2191,#2190,#1098,.T.);
#2722=EDGE_CURVE('',#2188,#2191,#1099,.T.);
#2723=EDGE_CURVE('',#2192,#2193,#140,.T.);
#2724=EDGE_CURVE('',#2193,#2194,#1100,.T.);
#2725=EDGE_CURVE('',#2194,#2195,#141,.T.);
#2726=EDGE_CURVE('',#2195,#2192,#1101,.T.);
#2727=EDGE_CURVE('',#2193,#2196,#1102,.T.);
#2728=EDGE_CURVE('',#2197,#2196,#1103,.T.);
#2729=EDGE_CURVE('',#2197,#2194,#1104,.T.);
#2730=EDGE_CURVE('',#2190,#2192,#1105,.T.);
#2731=EDGE_CURVE('',#2186,#2198,#1106,.T.);
#2732=EDGE_CURVE('',#2199,#2198,#142,.T.);
#2733=EDGE_CURVE('',#2199,#2200,#1107,.T.);
#2734=EDGE_CURVE('',#2201,#2200,#1108,.T.);
#2735=EDGE_CURVE('',#2202,#2201,#143,.T.);
#2736=EDGE_CURVE('',#2203,#2202,#1109,.T.);
#2737=EDGE_CURVE('',#2182,#2203,#144,.T.);
#2738=EDGE_CURVE('',#2204,#2181,#1110,.T.);
#2739=EDGE_CURVE('',#2204,#2205,#1111,.T.);
#2740=EDGE_CURVE('',#2205,#2206,#1112,.T.);
#2741=EDGE_CURVE('',#2207,#2206,#145,.T.);
#2742=EDGE_CURVE('',#2208,#2207,#1113,.T.);
#2743=EDGE_CURVE('',#2196,#2208,#146,.T.);
#2744=EDGE_CURVE('',#2209,#2197,#147,.T.);
#2745=EDGE_CURVE('',#2209,#2208,#1114,.T.);
#2746=EDGE_CURVE('',#2210,#2211,#148,.T.);
#2747=EDGE_CURVE('',#2211,#2199,#1115,.T.);
#2748=EDGE_CURVE('',#2198,#2210,#1116,.T.);
#2749=EDGE_CURVE('',#2212,#2211,#1117,.T.);
#2750=EDGE_CURVE('',#2200,#2212,#1118,.T.);
#2751=EDGE_CURVE('',#2206,#2213,#1119,.T.);
#2752=EDGE_CURVE('',#2213,#2214,#149,.T.);
#2753=EDGE_CURVE('',#2214,#2207,#1120,.T.);
#2754=EDGE_CURVE('',#2215,#2205,#1121,.T.);
#2755=EDGE_CURVE('',#2213,#2215,#1122,.T.);
#2756=EDGE_CURVE('',#2216,#2217,#150,.T.);
#2757=EDGE_CURVE('',#2217,#2218,#1123,.T.);
#2758=EDGE_CURVE('',#2218,#2219,#151,.T.);
#2759=EDGE_CURVE('',#2219,#2216,#1124,.T.);
#2760=EDGE_CURVE('',#2220,#2217,#1125,.T.);
#2761=EDGE_CURVE('',#2221,#2220,#1126,.T.);
#2762=EDGE_CURVE('',#2218,#2221,#1127,.T.);
#2763=EDGE_CURVE('',#2220,#2222,#152,.T.);
#2764=EDGE_CURVE('',#2222,#2223,#1128,.T.);
#2765=EDGE_CURVE('',#2223,#2221,#153,.T.);
#2766=EDGE_CURVE('',#2224,#2222,#1129,.T.);
#2767=EDGE_CURVE('',#2225,#2224,#1130,.T.);
#2768=EDGE_CURVE('',#2223,#2225,#1131,.T.);
#2769=EDGE_CURVE('',#2226,#2227,#154,.T.);
#2770=EDGE_CURVE('',#2227,#2228,#1132,.T.);
#2771=EDGE_CURVE('',#2228,#2229,#155,.T.);
#2772=EDGE_CURVE('',#2229,#2226,#1133,.T.);
#2773=EDGE_CURVE('',#2227,#2230,#1134,.T.);
#2774=EDGE_CURVE('',#2231,#2230,#1135,.T.);
#2775=EDGE_CURVE('',#2231,#2228,#1136,.T.);
#2776=EDGE_CURVE('',#2224,#2226,#1137,.T.);
#2777=EDGE_CURVE('',#2216,#2232,#1138,.T.);
#2778=EDGE_CURVE('',#2233,#2232,#1139,.T.);
#2779=EDGE_CURVE('',#2234,#2233,#156,.T.);
#2780=EDGE_CURVE('',#2235,#2234,#1140,.T.);
#2781=EDGE_CURVE('',#2172,#2235,#157,.T.);
#2782=EDGE_CURVE('',#2236,#2171,#1141,.T.);
#2783=EDGE_CURVE('',#2236,#2237,#1142,.T.);
#2784=EDGE_CURVE('',#2237,#2238,#1143,.T.);
#2785=EDGE_CURVE('',#2239,#2238,#158,.T.);
#2786=EDGE_CURVE('',#2240,#2239,#1144,.T.);
#2787=EDGE_CURVE('',#2230,#2240,#159,.T.);
#2788=EDGE_CURVE('',#2238,#2241,#1145,.T.);
#2789=EDGE_CURVE('',#2241,#2242,#160,.T.);
#2790=EDGE_CURVE('',#2242,#2239,#1146,.T.);
#2791=EDGE_CURVE('',#2243,#2237,#1147,.T.);
#2792=EDGE_CURVE('',#2241,#2243,#1148,.T.);
#2793=EDGE_CURVE('',#2244,#2231,#161,.T.);
#2794=EDGE_CURVE('',#2244,#2240,#1149,.T.);
#2795=EDGE_CURVE('',#2242,#2244,#1150,.T.);
#2796=EDGE_CURVE('',#2245,#2243,#1151,.T.);
#2797=EDGE_CURVE('',#2245,#2174,#1152,.T.);
#2798=EDGE_CURVE('',#2246,#2173,#162,.T.);
#2799=EDGE_CURVE('',#2247,#2246,#1153,.T.);
#2800=EDGE_CURVE('',#2248,#2247,#163,.T.);
#2801=EDGE_CURVE('',#2249,#2248,#1154,.T.);
#2802=EDGE_CURVE('',#2249,#2219,#1155,.T.);
#2803=EDGE_CURVE('',#2225,#2229,#1156,.T.);
#2804=EDGE_CURVE('',#2203,#2250,#1157,.T.);
#2805=EDGE_CURVE('',#2250,#2183,#164,.T.);
#2806=EDGE_CURVE('',#2251,#2202,#1158,.T.);
#2807=EDGE_CURVE('',#2251,#2250,#1159,.T.);
#2808=EDGE_CURVE('',#2252,#2251,#165,.T.);
#2809=EDGE_CURVE('',#2201,#2252,#1160,.T.);
#2810=EDGE_CURVE('',#2235,#2246,#1161,.T.);
#2811=EDGE_CURVE('',#2247,#2234,#1162,.T.);
#2812=EDGE_CURVE('',#2233,#2248,#1163,.T.);
#2813=EDGE_CURVE('',#2253,#2254,#166,.F.);
#2814=EDGE_CURVE('',#2255,#2253,#167,.F.);
#2815=EDGE_CURVE('',#2254,#2255,#168,.F.);
#2816=EDGE_CURVE('',#2256,#2257,#169,.T.);
#2817=EDGE_CURVE('',#2256,#2255,#1164,.T.);
#2818=EDGE_CURVE('',#2253,#2257,#1165,.T.);
#2819=EDGE_CURVE('',#2258,#2259,#170,.F.);
#2820=EDGE_CURVE('',#2260,#2258,#171,.F.);
#2821=EDGE_CURVE('',#2259,#2260,#172,.F.);
#2822=EDGE_CURVE('',#2261,#2262,#173,.T.);
#2823=EDGE_CURVE('',#2261,#2260,#1166,.T.);
#2824=EDGE_CURVE('',#2258,#2262,#1167,.T.);
#2825=EDGE_CURVE('',#2263,#2264,#174,.T.);
#2826=EDGE_CURVE('',#2264,#2259,#1168,.T.);
#2827=EDGE_CURVE('',#2260,#2263,#1169,.T.);
#2828=EDGE_CURVE('',#2255,#2258,#1170,.T.);
#2829=EDGE_CURVE('',#2259,#2254,#1171,.T.);
#2830=EDGE_CURVE('',#2265,#2266,#175,.T.);
#2831=EDGE_CURVE('',#2266,#2253,#1172,.T.);
#2832=EDGE_CURVE('',#2254,#2265,#1173,.T.);
#2833=EDGE_CURVE('',#2256,#2267,#1174,.T.);
#2834=EDGE_CURVE('',#2268,#2267,#1175,.T.);
#2835=EDGE_CURVE('',#2269,#2268,#1176,.T.);
#2836=EDGE_CURVE('',#2270,#2269,#1177,.T.);
#2837=EDGE_CURVE('',#2270,#2262,#1178,.T.);
#2838=EDGE_CURVE('',#2169,#2176,#1179,.T.);
#2839=EDGE_CURVE('',#2179,#2166,#1180,.T.);
#2840=EDGE_CURVE('',#2271,#2272,#1181,.T.);
#2841=EDGE_CURVE('',#2273,#2271,#1182,.T.);
#2842=EDGE_CURVE('',#2274,#2273,#1183,.T.);
#2843=EDGE_CURVE('',#2274,#2275,#1184,.T.);
#2844=EDGE_CURVE('',#2275,#2276,#1185,.T.);
#2845=EDGE_CURVE('',#2276,#2277,#1186,.T.);
#2846=EDGE_CURVE('',#2277,#2278,#1187,.T.);
#2847=EDGE_CURVE('',#2278,#2279,#1188,.T.);
#2848=EDGE_CURVE('',#2279,#2280,#1189,.T.);
#2849=EDGE_CURVE('',#2280,#2272,#1190,.T.);
#2850=EDGE_CURVE('',#2281,#2270,#176,.T.);
#2851=EDGE_CURVE('',#2281,#2282,#1191,.T.);
#2852=EDGE_CURVE('',#2131,#2282,#177,.T.);
#2853=EDGE_CURVE('',#2130,#2283,#1192,.T.);
#2854=EDGE_CURVE('',#2283,#2284,#1193,.T.);
#2855=EDGE_CURVE('',#2284,#2152,#1194,.T.);
#2856=EDGE_CURVE('',#2153,#2285,#1195,.T.);
#2857=EDGE_CURVE('',#2285,#2286,#1196,.T.);
#2858=EDGE_CURVE('',#2286,#2135,#1197,.T.);
#2859=EDGE_CURVE('',#2287,#2134,#178,.T.);
#2860=EDGE_CURVE('',#2287,#2288,#1198,.T.);
#2861=EDGE_CURVE('',#2267,#2288,#179,.T.);
#2862=EDGE_CURVE('',#2257,#2289,#1199,.T.);
#2863=EDGE_CURVE('',#2289,#2290,#1200,.T.);
#2864=EDGE_CURVE('',#2261,#2290,#1201,.T.);
#2865=EDGE_CURVE('',#2266,#2289,#1202,.T.);
#2866=EDGE_CURVE('',#2157,#2291,#1203,.T.);
#2867=EDGE_CURVE('',#2291,#2292,#1204,.T.);
#2868=EDGE_CURVE('',#2292,#2156,#1205,.T.);
#2869=EDGE_CURVE('',#2165,#2293,#1206,.T.);
#2870=EDGE_CURVE('',#2293,#2294,#1207,.T.);
#2871=EDGE_CURVE('',#2294,#2164,#1208,.T.);
#2872=EDGE_CURVE('',#2212,#2252,#1209,.T.);
#2873=EDGE_CURVE('',#2110,#2295,#180,.T.);
#2874=EDGE_CURVE('',#2295,#2296,#1210,.T.);
#2875=EDGE_CURVE('',#2296,#2111,#181,.T.);
#2876=EDGE_CURVE('',#2297,#2112,#182,.T.);
#2877=EDGE_CURVE('',#2296,#2297,#183,.T.);
#2878=EDGE_CURVE('',#2297,#2298,#1211,.T.);
#2879=EDGE_CURVE('',#2298,#2107,#184,.T.);
#2880=EDGE_CURVE('',#2299,#2108,#185,.T.);
#2881=EDGE_CURVE('',#2298,#2299,#186,.T.);
#2882=EDGE_CURVE('',#2300,#2109,#187,.T.);
#2883=EDGE_CURVE('',#2299,#2300,#1212,.T.);
#2884=EDGE_CURVE('',#2301,#2299,#1213,.T.);
#2885=EDGE_CURVE('',#2301,#2302,#1214,.T.);
#2886=EDGE_CURVE('',#2300,#2302,#1215,.T.);
#2887=EDGE_CURVE('',#2303,#2303,#188,.T.);
#2888=EDGE_CURVE('',#2298,#2304,#1216,.T.);
#2889=EDGE_CURVE('',#2304,#2301,#189,.T.);
#2890=EDGE_CURVE('',#2305,#2297,#1217,.T.);
#2891=EDGE_CURVE('',#2305,#2304,#1218,.T.);
#2892=EDGE_CURVE('',#2296,#2306,#1219,.T.);
#2893=EDGE_CURVE('',#2306,#2305,#190,.T.);
#2894=EDGE_CURVE('',#2302,#2307,#1220,.T.);
#2895=EDGE_CURVE('',#2295,#2307,#1221,.T.);
#2896=EDGE_CURVE('',#2308,#2132,#191,.T.);
#2897=EDGE_CURVE('',#2308,#2309,#1222,.T.);
#2898=EDGE_CURVE('',#2269,#2309,#192,.T.);
#2899=EDGE_CURVE('',#2310,#2268,#193,.T.);
#2900=EDGE_CURVE('',#2310,#2311,#1223,.T.);
#2901=EDGE_CURVE('',#2133,#2311,#194,.T.);
#2902=EDGE_CURVE('',#2307,#2306,#1224,.T.);
#2903=EDGE_CURVE('',#2312,#2312,#195,.T.);
#2904=EDGE_CURVE('',#2313,#2314,#1225,.T.);
#2905=EDGE_CURVE('',#2315,#2314,#1226,.T.);
#2906=EDGE_CURVE('',#2316,#2315,#1227,.T.);
#2907=EDGE_CURVE('',#2316,#2313,#1228,.T.);
#2908=EDGE_CURVE('',#2314,#2317,#196,.T.);
#2909=EDGE_CURVE('',#2318,#2313,#197,.T.);
#2910=EDGE_CURVE('',#2317,#2318,#1229,.T.);
#2911=EDGE_CURVE('',#2290,#2263,#1230,.T.);
#2912=EDGE_CURVE('',#2129,#2319,#1231,.T.);
#2913=EDGE_CURVE('',#2319,#2320,#1232,.T.);
#2914=EDGE_CURVE('',#2320,#2126,#1233,.T.);
#2915=EDGE_CURVE('',#2159,#2317,#1234,.T.);
#2916=EDGE_CURVE('',#2318,#2158,#1235,.T.);
#2917=EDGE_CURVE('',#2232,#2249,#1236,.T.);
#2918=EDGE_CURVE('',#2321,#2322,#1237,.T.);
#2919=EDGE_CURVE('',#2323,#2322,#1238,.T.);
#2920=EDGE_CURVE('',#2324,#2323,#1239,.T.);
#2921=EDGE_CURVE('',#2324,#2321,#1240,.T.);
#2922=EDGE_CURVE('',#2320,#2321,#198,.T.);
#2923=EDGE_CURVE('',#2322,#2319,#199,.T.);
#2924=EDGE_CURVE('',#2325,#2315,#200,.T.);
#2925=EDGE_CURVE('',#2325,#2326,#1241,.T.);
#2926=EDGE_CURVE('',#2327,#2326,#1242,.T.);
#2927=EDGE_CURVE('',#2327,#2328,#1243,.T.);
#2928=EDGE_CURVE('',#2329,#2328,#201,.T.);
#2929=EDGE_CURVE('',#2329,#2330,#1244,.T.);
#2930=EDGE_CURVE('',#2331,#2330,#1245,.T.);
#2931=EDGE_CURVE('',#2331,#2332,#1246,.T.);
#2932=EDGE_CURVE('',#2333,#2332,#202,.T.);
#2933=EDGE_CURVE('',#2333,#2334,#1247,.T.);
#2934=EDGE_CURVE('',#2335,#2334,#1248,.T.);
#2935=EDGE_CURVE('',#2335,#2336,#1249,.T.);
#2936=EDGE_CURVE('',#2324,#2336,#203,.T.);
#2937=EDGE_CURVE('',#2316,#2323,#1250,.T.);
#2938=EDGE_CURVE('',#2337,#2338,#1251,.T.);
#2939=EDGE_CURVE('',#2332,#2338,#1252,.T.);
#2940=EDGE_CURVE('',#2331,#2337,#1253,.T.);
#2941=EDGE_CURVE('',#2338,#2291,#204,.T.);
#2942=EDGE_CURVE('',#2292,#2337,#205,.T.);
#2943=EDGE_CURVE('',#2339,#2340,#1254,.T.);
#2944=EDGE_CURVE('',#2330,#2340,#1255,.T.);
#2945=EDGE_CURVE('',#2329,#2339,#1256,.T.);
#2946=EDGE_CURVE('',#2294,#2339,#206,.T.);
#2947=EDGE_CURVE('',#2340,#2293,#207,.T.);
#2948=EDGE_CURVE('',#2341,#2342,#1257,.T.);
#2949=EDGE_CURVE('',#2326,#2342,#1258,.T.);
#2950=EDGE_CURVE('',#2325,#2341,#1259,.T.);
#2951=EDGE_CURVE('',#2343,#2344,#1260,.T.);
#2952=EDGE_CURVE('',#2342,#2343,#208,.T.);
#2953=EDGE_CURVE('',#2344,#2341,#209,.T.);
#2954=EDGE_CURVE('',#2264,#2265,#1261,.T.);
#2955=EDGE_CURVE('',#2161,#2343,#1262,.T.);
#2956=EDGE_CURVE('',#2344,#2160,#1263,.T.);
#2957=EDGE_CURVE('',#2163,#2345,#1264,.T.);
#2958=EDGE_CURVE('',#2345,#2346,#1265,.T.);
#2959=EDGE_CURVE('',#2346,#2162,#1266,.T.);
#2960=EDGE_CURVE('',#2347,#2348,#1267,.T.);
#2961=EDGE_CURVE('',#2336,#2348,#1268,.T.);
#2962=EDGE_CURVE('',#2335,#2347,#1269,.T.);
#2963=EDGE_CURVE('',#2348,#2283,#210,.T.);
#2964=EDGE_CURVE('',#2284,#2347,#211,.T.);
#2965=EDGE_CURVE('',#2349,#2350,#1270,.T.);
#2966=EDGE_CURVE('',#2334,#2350,#1271,.T.);
#2967=EDGE_CURVE('',#2333,#2349,#1272,.T.);
#2968=EDGE_CURVE('',#2286,#2349,#212,.T.);
#2969=EDGE_CURVE('',#2350,#2285,#213,.T.);
#2970=EDGE_CURVE('',#2351,#2352,#1273,.T.);
#2971=EDGE_CURVE('',#2328,#2352,#1274,.T.);
#2972=EDGE_CURVE('',#2327,#2351,#1275,.T.);
#2973=EDGE_CURVE('',#2352,#2345,#214,.T.);
#2974=EDGE_CURVE('',#2346,#2351,#215,.T.);
#2975=EDGE_CURVE('',#2331,#2138,#1276,.T.);
#2976=EDGE_CURVE('',#2330,#2139,#1277,.T.);
#2977=EDGE_CURVE('',#2334,#2155,#1278,.T.);
#2978=EDGE_CURVE('',#2335,#2154,#1279,.T.);
#2979=EDGE_CURVE('',#2323,#2151,#1280,.T.);
#2980=EDGE_CURVE('',#2316,#2150,#1281,.T.);
#2981=EDGE_CURVE('',#2326,#2145,#1282,.T.);
#2982=EDGE_CURVE('',#2327,#2144,#1283,.T.);
#2983=EDGE_CURVE('',#2272,#2353,#216,.T.);
#2984=EDGE_CURVE('',#2353,#2354,#1284,.T.);
#2985=EDGE_CURVE('',#2354,#2271,#19,.T.);
#2986=EDGE_CURVE('',#2355,#2356,#1285,.T.);
#2987=EDGE_CURVE('',#2356,#2274,#217,.T.);
#2988=EDGE_CURVE('',#2273,#2355,#20,.T.);
#2989=EDGE_CURVE('',#2354,#2355,#1286,.T.);
#2990=EDGE_CURVE('',#2357,#2358,#1287,.T.);
#2991=EDGE_CURVE('',#2358,#2359,#218,.T.);
#2992=EDGE_CURVE('',#2359,#2360,#1288,.T.);
#2993=EDGE_CURVE('',#2360,#2361,#219,.T.);
#2994=EDGE_CURVE('',#2361,#2357,#391,.T.);
#2995=EDGE_CURVE('',#2362,#2363,#1289,.T.);
#2996=EDGE_CURVE('',#2363,#2364,#220,.T.);
#2997=EDGE_CURVE('',#2364,#2365,#1290,.T.);
#2998=EDGE_CURVE('',#2365,#2366,#392,.T.);
#2999=EDGE_CURVE('',#2366,#2362,#221,.T.);
#3000=EDGE_CURVE('',#2361,#2366,#222,.T.);
#3001=EDGE_CURVE('',#2365,#2357,#223,.T.);
#3002=EDGE_CURVE('',#2358,#2364,#224,.T.);
#3003=EDGE_CURVE('',#2353,#2121,#1291,.T.);
#3004=EDGE_CURVE('',#2278,#2120,#1292,.T.);
#3005=EDGE_CURVE('',#2278,#2363,#1293,.T.);
#3006=EDGE_CURVE('',#2354,#2362,#1294,.T.);
#3007=EDGE_CURVE('',#2360,#2355,#1295,.T.);
#3008=EDGE_CURVE('',#2277,#2359,#1296,.T.);
#3009=EDGE_CURVE('',#2280,#2118,#1297,.T.);
#3010=EDGE_CURVE('',#2279,#2119,#1298,.T.);
#3011=EDGE_CURVE('',#2277,#2115,#1299,.T.);
#3012=EDGE_CURVE('',#2356,#2114,#1300,.T.);
#3013=EDGE_CURVE('',#2276,#2116,#1301,.T.);
#3014=EDGE_CURVE('',#2275,#2117,#1302,.T.);
#3015=EDGE_CURVE('',#2282,#2308,#1303,.T.);
#3016=EDGE_CURVE('',#2309,#2281,#1304,.T.);
#3017=EDGE_CURVE('',#2311,#2287,#1305,.T.);
#3018=EDGE_CURVE('',#2288,#2310,#1306,.T.);
#3019=EDGE_CURVE('',#2214,#2209,#1307,.T.);
#3020=EDGE_CURVE('',#2210,#2189,#1308,.T.);
#3021=EDGE_CURVE('',#2191,#2195,#1309,.T.);
#3022=EDGE_CURVE('',#2367,#2367,#225,.T.);
#3023=EDGE_CURVE('',#2367,#2312,#226,.T.);
#3024=EDGE_CURVE('',#2368,#2368,#227,.T.);
#3025=EDGE_CURVE('',#2368,#2303,#228,.T.);
#3026=EDGE_CURVE('',#2369,#2369,#229,.T.);
#3027=EDGE_CURVE('',#2370,#2370,#230,.T.);
#3028=EDGE_CURVE('',#2371,#2371,#231,.T.);
#3029=EDGE_CURVE('',#2371,#2369,#1310,.T.);
#3030=EDGE_CURVE('',#2372,#2372,#232,.T.);
#3031=EDGE_CURVE('',#2372,#2373,#1311,.T.);
#3032=EDGE_CURVE('',#2373,#2373,#233,.T.);
#3033=EDGE_CURVE('',#2370,#2374,#1312,.T.);
#3034=EDGE_CURVE('',#2374,#2374,#234,.T.);
#3035=EDGE_CURVE('',#2375,#2375,#235,.T.);
#3036=EDGE_CURVE('',#2375,#2376,#1313,.T.);
#3037=EDGE_CURVE('',#2376,#2376,#236,.T.);
#3038=EDGE_CURVE('',#2377,#2378,#1314,.T.);
#3039=EDGE_CURVE('',#2378,#2379,#1315,.T.);
#3040=EDGE_CURVE('',#2379,#2380,#1316,.T.);
#3041=EDGE_CURVE('',#2380,#2377,#1317,.T.);
#3042=EDGE_CURVE('',#2381,#2382,#1318,.T.);
#3043=EDGE_CURVE('',#2382,#2383,#1319,.T.);
#3044=EDGE_CURVE('',#2383,#2384,#1320,.T.);
#3045=EDGE_CURVE('',#2384,#2381,#1321,.T.);
#3046=EDGE_CURVE('',#2385,#2386,#1322,.T.);
#3047=EDGE_CURVE('',#2386,#2387,#1323,.T.);
#3048=EDGE_CURVE('',#2387,#2388,#1324,.T.);
#3049=EDGE_CURVE('',#2388,#2385,#1325,.T.);
#3050=EDGE_CURVE('',#2389,#2390,#1326,.T.);
#3051=EDGE_CURVE('',#2390,#2391,#1327,.T.);
#3052=EDGE_CURVE('',#2391,#2392,#1328,.T.);
#3053=EDGE_CURVE('',#2392,#2389,#1329,.T.);
#3054=EDGE_CURVE('',#2393,#2394,#1330,.T.);
#3055=EDGE_CURVE('',#2394,#2395,#1331,.T.);
#3056=EDGE_CURVE('',#2395,#2396,#1332,.T.);
#3057=EDGE_CURVE('',#2396,#2393,#1333,.T.);
#3058=EDGE_CURVE('',#2397,#2398,#1334,.T.);
#3059=EDGE_CURVE('',#2398,#2399,#1335,.T.);
#3060=EDGE_CURVE('',#2400,#2399,#1336,.T.);
#3061=EDGE_CURVE('',#2400,#2397,#1337,.T.);
#3062=EDGE_CURVE('',#2401,#2402,#1338,.T.);
#3063=EDGE_CURVE('',#2402,#2403,#1339,.T.);
#3064=EDGE_CURVE('',#2403,#2404,#1340,.T.);
#3065=EDGE_CURVE('',#2404,#2401,#1341,.T.);
#3066=EDGE_CURVE('',#2405,#2406,#1342,.T.);
#3067=EDGE_CURVE('',#2406,#2407,#1343,.T.);
#3068=EDGE_CURVE('',#2408,#2407,#1344,.T.);
#3069=EDGE_CURVE('',#2408,#2405,#1345,.T.);
#3070=EDGE_CURVE('',#2409,#2410,#1346,.T.);
#3071=EDGE_CURVE('',#2411,#2410,#1347,.T.);
#3072=EDGE_CURVE('',#2411,#2412,#1348,.T.);
#3073=EDGE_CURVE('',#2412,#2409,#1349,.T.);
#3074=EDGE_CURVE('',#2413,#2414,#1350,.T.);
#3075=EDGE_CURVE('',#2415,#2414,#1351,.T.);
#3076=EDGE_CURVE('',#2415,#2416,#1352,.T.);
#3077=EDGE_CURVE('',#2416,#2413,#1353,.T.);
#3078=EDGE_CURVE('',#2417,#2398,#1354,.T.);
#3079=EDGE_CURVE('',#2417,#2418,#1355,.T.);
#3080=EDGE_CURVE('',#2399,#2418,#1356,.T.);
#3081=EDGE_CURVE('',#2419,#2400,#1357,.T.);
#3082=EDGE_CURVE('',#2420,#2419,#1358,.T.);
#3083=EDGE_CURVE('',#2420,#2397,#1359,.T.);
#3084=EDGE_CURVE('',#2381,#2380,#1360,.T.);
#3085=EDGE_CURVE('',#2377,#2384,#1361,.T.);
#3086=EDGE_CURVE('',#2417,#2420,#1362,.T.);
#3087=EDGE_CURVE('',#2379,#2382,#1363,.T.);
#3088=EDGE_CURVE('',#2378,#2383,#1364,.T.);
#3089=EDGE_CURVE('',#2414,#2393,#1365,.T.);
#3090=EDGE_CURVE('',#2413,#2394,#1366,.T.);
#3091=EDGE_CURVE('',#2416,#2395,#1367,.T.);
#3092=EDGE_CURVE('',#2415,#2396,#1368,.T.);
#3093=EDGE_CURVE('',#2386,#2391,#1369,.T.);
#3094=EDGE_CURVE('',#2385,#2392,#1370,.T.);
#3095=EDGE_CURVE('',#2421,#2406,#1371,.T.);
#3096=EDGE_CURVE('',#2421,#2422,#1372,.T.);
#3097=EDGE_CURVE('',#2407,#2422,#1373,.T.);
#3098=EDGE_CURVE('',#2423,#2408,#1374,.T.);
#3099=EDGE_CURVE('',#2424,#2423,#1375,.T.);
#3100=EDGE_CURVE('',#2424,#2405,#1376,.T.);
#3101=EDGE_CURVE('',#2388,#2389,#1377,.T.);
#3102=EDGE_CURVE('',#2421,#2424,#1378,.T.);
#3103=EDGE_CURVE('',#2387,#2390,#1379,.T.);
#3104=EDGE_CURVE('',#2410,#2401,#1380,.T.);
#3105=EDGE_CURVE('',#2409,#2402,#1381,.T.);
#3106=EDGE_CURVE('',#2412,#2403,#1382,.T.);
#3107=EDGE_CURVE('',#2411,#2404,#1383,.T.);
#3108=EDGE_CURVE('',#2425,#2418,#1384,.T.);
#3109=EDGE_CURVE('',#2425,#2215,#1385,.T.);
#3110=EDGE_CURVE('',#2419,#2204,#1386,.T.);
#3111=EDGE_CURVE('',#2245,#2422,#1387,.T.);
#3112=EDGE_CURVE('',#2423,#2236,#1388,.T.);
#3113=EDGE_CURVE('',#2425,#2184,#1389,.T.);
#3114=EDGE_CURVE('',#2426,#2427,#237,.T.);
#3115=EDGE_CURVE('',#2426,#2428,#1390,.T.);
#3116=EDGE_CURVE('',#2429,#2428,#238,.T.);
#3117=EDGE_CURVE('',#2429,#2427,#1391,.T.);
#3118=EDGE_CURVE('',#2427,#2430,#1392,.T.);
#3119=EDGE_CURVE('',#2430,#2431,#239,.T.);
#3120=EDGE_CURVE('',#2432,#2431,#1393,.T.);
#3121=EDGE_CURVE('',#2432,#2433,#1394,.T.);
#3122=EDGE_CURVE('',#2433,#2426,#1395,.T.);
#3123=EDGE_CURVE('',#2434,#2429,#1396,.T.);
#3124=EDGE_CURVE('',#2430,#2434,#1397,.T.);
#3125=EDGE_CURVE('',#2435,#2434,#240,.T.);
#3126=EDGE_CURVE('',#2435,#2431,#1398,.T.);
#3127=EDGE_CURVE('',#2436,#2428,#1399,.T.);
#3128=EDGE_CURVE('',#2436,#2437,#1400,.T.);
#3129=EDGE_CURVE('',#2435,#2437,#1401,.T.);
#3130=EDGE_CURVE('',#2438,#2436,#1402,.T.);
#3131=EDGE_CURVE('',#2439,#2438,#1403,.T.);
#3132=EDGE_CURVE('',#2437,#2439,#1404,.T.);
#3133=EDGE_CURVE('',#2433,#2440,#1405,.T.);
#3134=EDGE_CURVE('',#2438,#2440,#1406,.T.);
#3135=EDGE_CURVE('',#2439,#2441,#1407,.T.);
#3136=EDGE_CURVE('',#2441,#2432,#1408,.T.);
#3137=EDGE_CURVE('',#2440,#2180,#1409,.T.);
#3138=EDGE_CURVE('',#2175,#2441,#1410,.T.);
#3139=EDGE_CURVE('',#2185,#2170,#1411,.T.);
#3140=EDGE_CURVE('',#2442,#2443,#241,.T.);
#3141=EDGE_CURVE('',#2443,#2444,#1412,.T.);
#3142=EDGE_CURVE('',#2444,#2445,#242,.T.);
#3143=EDGE_CURVE('',#2445,#2442,#1413,.T.);
#3144=EDGE_CURVE('',#2446,#2444,#1414,.T.);
#3145=EDGE_CURVE('',#2447,#2446,#1415,.T.);
#3146=EDGE_CURVE('',#2448,#2447,#1416,.T.);
#3147=EDGE_CURVE('',#2449,#2448,#243,.T.);
#3148=EDGE_CURVE('',#2450,#2449,#1417,.T.);
#3149=EDGE_CURVE('',#2450,#2445,#1418,.T.);
#3150=EDGE_CURVE('',#2443,#2451,#1419,.T.);
#3151=EDGE_CURVE('',#2451,#2446,#1420,.T.);
#3152=EDGE_CURVE('',#2452,#2453,#244,.T.);
#3153=EDGE_CURVE('',#2453,#2454,#1421,.T.);
#3154=EDGE_CURVE('',#2454,#2455,#245,.T.);
#3155=EDGE_CURVE('',#2455,#2452,#1422,.T.);
#3156=EDGE_CURVE('',#2454,#2456,#246,.T.);
#3157=EDGE_CURVE('',#2456,#2457,#247,.T.);
#3158=EDGE_CURVE('',#2457,#2455,#248,.T.);
#3159=EDGE_CURVE('',#2458,#2459,#249,.T.);
#3160=EDGE_CURVE('',#2459,#2457,#1423,.T.);
#3161=EDGE_CURVE('',#2456,#2458,#1424,.T.);
#3162=EDGE_CURVE('',#2460,#2458,#1425,.T.);
#3163=EDGE_CURVE('',#2461,#2460,#1426,.T.);
#3164=EDGE_CURVE('',#2462,#2461,#250,.T.);
#3165=EDGE_CURVE('',#2462,#2463,#1427,.T.);
#3166=EDGE_CURVE('',#2464,#2463,#1428,.T.);
#3167=EDGE_CURVE('',#2459,#2464,#1429,.T.);
#3168=EDGE_CURVE('',#2465,#2456,#1430,.T.);
#3169=EDGE_CURVE('',#2460,#2465,#1431,.T.);
#3170=EDGE_CURVE('',#2454,#2466,#1432,.T.);
#3171=EDGE_CURVE('',#2466,#2465,#251,.F.);
#3172=EDGE_CURVE('',#2467,#2453,#1433,.T.);
#3173=EDGE_CURVE('',#2466,#2467,#1434,.T.);
#3174=EDGE_CURVE('',#2468,#2469,#252,.T.);
#3175=EDGE_CURVE('',#2469,#2470,#1435,.T.);
#3176=EDGE_CURVE('',#2470,#2471,#253,.T.);
#3177=EDGE_CURVE('',#2471,#2468,#1436,.T.);
#3178=EDGE_CURVE('',#2470,#2472,#254,.T.);
#3179=EDGE_CURVE('',#2472,#2473,#255,.T.);
#3180=EDGE_CURVE('',#2473,#2471,#256,.T.);
#3181=EDGE_CURVE('',#2474,#2475,#257,.T.);
#3182=EDGE_CURVE('',#2475,#2473,#1437,.T.);
#3183=EDGE_CURVE('',#2472,#2474,#1438,.T.);
#3184=EDGE_CURVE('',#2476,#2474,#1439,.T.);
#3185=EDGE_CURVE('',#2477,#2476,#1440,.T.);
#3186=EDGE_CURVE('',#2478,#2477,#258,.T.);
#3187=EDGE_CURVE('',#2478,#2479,#1441,.T.);
#3188=EDGE_CURVE('',#2480,#2479,#1442,.T.);
#3189=EDGE_CURVE('',#2475,#2480,#1443,.T.);
#3190=EDGE_CURVE('',#2481,#2472,#1444,.T.);
#3191=EDGE_CURVE('',#2476,#2481,#1445,.T.);
#3192=EDGE_CURVE('',#2470,#2482,#1446,.T.);
#3193=EDGE_CURVE('',#2482,#2481,#259,.F.);
#3194=EDGE_CURVE('',#2483,#2469,#1447,.T.);
#3195=EDGE_CURVE('',#2482,#2483,#1448,.T.);
#3196=EDGE_CURVE('',#2484,#2442,#1449,.T.);
#3197=EDGE_CURVE('',#2485,#2484,#1450,.T.);
#3198=EDGE_CURVE('',#2486,#2485,#260,.T.);
#3199=EDGE_CURVE('',#2486,#2487,#1451,.T.);
#3200=EDGE_CURVE('',#2451,#2487,#1452,.T.);
#3201=EDGE_CURVE('',#2484,#2450,#1453,.T.);
#3202=EDGE_CURVE('',#2455,#2488,#1454,.T.);
#3203=EDGE_CURVE('',#2488,#2489,#1455,.T.);
#3204=EDGE_CURVE('',#2489,#2452,#1456,.T.);
#3205=EDGE_CURVE('',#2457,#2490,#1457,.T.);
#3206=EDGE_CURVE('',#2490,#2488,#261,.T.);
#3207=EDGE_CURVE('',#2464,#2490,#1458,.T.);
#3208=EDGE_CURVE('',#2480,#2491,#1459,.T.);
#3209=EDGE_CURVE('',#2491,#2473,#1460,.T.);
#3210=EDGE_CURVE('',#2491,#2492,#262,.T.);
#3211=EDGE_CURVE('',#2492,#2471,#1461,.T.);
#3212=EDGE_CURVE('',#2492,#2493,#1462,.T.);
#3213=EDGE_CURVE('',#2493,#2468,#1463,.T.);
#3214=EDGE_CURVE('',#2479,#2494,#1464,.T.);
#3215=EDGE_CURVE('',#2495,#2494,#263,.T.);
#3216=EDGE_CURVE('',#2495,#2496,#1465,.T.);
#3217=EDGE_CURVE('',#2496,#2493,#1466,.T.);
#3218=EDGE_CURVE('',#2497,#2498,#1467,.T.);
#3219=EDGE_CURVE('',#2497,#2499,#1468,.T.);
#3220=EDGE_CURVE('',#2500,#2499,#1469,.T.);
#3221=EDGE_CURVE('',#2498,#2500,#1470,.T.);
#3222=EDGE_CURVE('',#2498,#2501,#1471,.T.);
#3223=EDGE_CURVE('',#2502,#2500,#1472,.T.);
#3224=EDGE_CURVE('',#2501,#2502,#1473,.T.);
#3225=EDGE_CURVE('',#2501,#2503,#1474,.T.);
#3226=EDGE_CURVE('',#2504,#2502,#1475,.T.);
#3227=EDGE_CURVE('',#2503,#2504,#1476,.T.);
#3228=EDGE_CURVE('',#2503,#2505,#264,.T.);
#3229=EDGE_CURVE('',#2506,#2504,#265,.T.);
#3230=EDGE_CURVE('',#2505,#2506,#1477,.T.);
#3231=EDGE_CURVE('',#2505,#2507,#1478,.T.);
#3232=EDGE_CURVE('',#2508,#2506,#1479,.T.);
#3233=EDGE_CURVE('',#2507,#2508,#1480,.T.);
#3234=EDGE_CURVE('',#2507,#2497,#266,.T.);
#3235=EDGE_CURVE('',#2499,#2508,#267,.T.);
#3236=EDGE_CURVE('',#2509,#2510,#1481,.T.);
#3237=EDGE_CURVE('',#2510,#2511,#1482,.T.);
#3238=EDGE_CURVE('',#2511,#2512,#268,.T.);
#3239=EDGE_CURVE('',#2512,#2513,#1483,.T.);
#3240=EDGE_CURVE('',#2513,#2514,#269,.T.);
#3241=EDGE_CURVE('',#2514,#2509,#1484,.T.);
#3242=EDGE_CURVE('',#2515,#2516,#270,.T.);
#3243=EDGE_CURVE('',#2516,#2517,#1485,.T.);
#3244=EDGE_CURVE('',#2517,#2518,#271,.T.);
#3245=EDGE_CURVE('',#2518,#2515,#1486,.T.);
#3246=EDGE_CURVE('',#2515,#2519,#272,.T.);
#3247=EDGE_CURVE('',#2519,#2516,#273,.T.);
#3248=EDGE_CURVE('',#2463,#2518,#1487,.T.);
#3249=EDGE_CURVE('',#2515,#2462,#1488,.T.);
#3250=EDGE_CURVE('',#2520,#2521,#274,.T.);
#3251=EDGE_CURVE('',#2521,#2495,#1489,.T.);
#3252=EDGE_CURVE('',#2494,#2520,#1490,.T.);
#3253=EDGE_CURVE('',#2520,#2522,#275,.T.);
#3254=EDGE_CURVE('',#2522,#2521,#276,.T.);
#3255=EDGE_CURVE('',#2520,#2478,#1491,.T.);
#3256=EDGE_CURVE('',#2522,#2523,#1492,.T.);
#3257=EDGE_CURVE('',#2523,#2524,#277,.T.);
#3258=EDGE_CURVE('',#2524,#2521,#1493,.T.);
#3259=EDGE_CURVE('',#2477,#2522,#1494,.T.);
#3260=EDGE_CURVE('',#2525,#2526,#278,.T.);
#3261=EDGE_CURVE('',#2525,#2527,#1495,.T.);
#3262=EDGE_CURVE('',#2528,#2527,#279,.T.);
#3263=EDGE_CURVE('',#2528,#2529,#1496,.T.);
#3264=EDGE_CURVE('',#2529,#2530,#1497,.T.);
#3265=EDGE_CURVE('',#2530,#2526,#1498,.T.);
#3266=EDGE_CURVE('',#2485,#2449,#1499,.T.);
#3267=EDGE_CURVE('',#2483,#2523,#1500,.T.);
#3268=EDGE_CURVE('',#2467,#2531,#1501,.T.);
#3269=EDGE_CURVE('',#2519,#2531,#1502,.T.);
#3270=EDGE_CURVE('',#2461,#2519,#1503,.T.);
#3271=EDGE_CURVE('',#2531,#2532,#280,.T.);
#3272=EDGE_CURVE('',#2532,#2516,#1504,.T.);
#3273=EDGE_CURVE('',#2448,#2486,#1505,.T.);
#3274=EDGE_CURVE('',#2487,#2447,#1506,.T.);
#3275=EDGE_CURVE('',#2524,#2496,#1507,.T.);
#3276=EDGE_CURVE('',#2533,#2489,#1508,.T.);
#3277=EDGE_CURVE('',#2532,#2533,#1509,.T.);
#3278=EDGE_CURVE('',#2517,#2533,#1510,.T.);
#3279=EDGE_CURVE('',#2525,#2513,#1511,.T.);
#3280=EDGE_CURVE('',#2527,#2512,#1512,.T.);
#3281=EDGE_CURVE('',#2528,#2511,#1513,.T.);
#3282=EDGE_CURVE('',#2529,#2510,#1514,.T.);
#3283=EDGE_CURVE('',#2530,#2509,#1515,.T.);
#3284=EDGE_CURVE('',#2526,#2514,#1516,.T.);
#3285=ORIENTED_EDGE('',*,*,#2534,.F.);
#3286=ORIENTED_EDGE('',*,*,#2535,.T.);
#3287=ORIENTED_EDGE('',*,*,#2536,.T.);
#3288=ORIENTED_EDGE('',*,*,#2537,.F.);
#3289=ORIENTED_EDGE('',*,*,#2538,.F.);
#3290=ORIENTED_EDGE('',*,*,#2539,.T.);
#3291=ORIENTED_EDGE('',*,*,#2540,.T.);
#3292=ORIENTED_EDGE('',*,*,#2535,.F.);
#3293=ORIENTED_EDGE('',*,*,#2541,.F.);
#3294=ORIENTED_EDGE('',*,*,#2542,.T.);
#3295=ORIENTED_EDGE('',*,*,#2543,.T.);
#3296=ORIENTED_EDGE('',*,*,#2539,.F.);
#3297=ORIENTED_EDGE('',*,*,#2544,.F.);
#3298=ORIENTED_EDGE('',*,*,#2545,.T.);
#3299=ORIENTED_EDGE('',*,*,#2546,.T.);
#3300=ORIENTED_EDGE('',*,*,#2542,.F.);
#3301=ORIENTED_EDGE('',*,*,#2547,.F.);
#3302=ORIENTED_EDGE('',*,*,#2548,.T.);
#3303=ORIENTED_EDGE('',*,*,#2549,.T.);
#3304=ORIENTED_EDGE('',*,*,#2545,.F.);
#3305=ORIENTED_EDGE('',*,*,#2550,.F.);
#3306=ORIENTED_EDGE('',*,*,#2551,.T.);
#3307=ORIENTED_EDGE('',*,*,#2552,.T.);
#3308=ORIENTED_EDGE('',*,*,#2548,.F.);
#3309=ORIENTED_EDGE('',*,*,#2553,.F.);
#3310=ORIENTED_EDGE('',*,*,#2554,.T.);
#3311=ORIENTED_EDGE('',*,*,#2555,.T.);
#3312=ORIENTED_EDGE('',*,*,#2551,.F.);
#3313=ORIENTED_EDGE('',*,*,#2556,.F.);
#3314=ORIENTED_EDGE('',*,*,#2537,.T.);
#3315=ORIENTED_EDGE('',*,*,#2557,.T.);
#3316=ORIENTED_EDGE('',*,*,#2554,.F.);
#3317=ORIENTED_EDGE('',*,*,#2557,.F.);
#3318=ORIENTED_EDGE('',*,*,#2536,.F.);
#3319=ORIENTED_EDGE('',*,*,#2540,.F.);
#3320=ORIENTED_EDGE('',*,*,#2543,.F.);
#3321=ORIENTED_EDGE('',*,*,#2546,.F.);
#3322=ORIENTED_EDGE('',*,*,#2549,.F.);
#3323=ORIENTED_EDGE('',*,*,#2552,.F.);
#3324=ORIENTED_EDGE('',*,*,#2555,.F.);
#3325=ORIENTED_EDGE('',*,*,#2558,.T.);
#3326=ORIENTED_EDGE('',*,*,#2559,.T.);
#3327=ORIENTED_EDGE('',*,*,#2560,.T.);
#3328=ORIENTED_EDGE('',*,*,#2561,.T.);
#3329=ORIENTED_EDGE('',*,*,#2559,.F.);
#3330=ORIENTED_EDGE('',*,*,#2562,.F.);
#3331=ORIENTED_EDGE('',*,*,#2563,.F.);
#3332=ORIENTED_EDGE('',*,*,#2564,.F.);
#3333=ORIENTED_EDGE('',*,*,#2565,.T.);
#3334=ORIENTED_EDGE('',*,*,#2566,.T.);
#3335=ORIENTED_EDGE('',*,*,#2567,.T.);
#3336=ORIENTED_EDGE('',*,*,#2568,.T.);
#3337=ORIENTED_EDGE('',*,*,#2561,.F.);
#3338=ORIENTED_EDGE('',*,*,#2569,.F.);
#3339=ORIENTED_EDGE('',*,*,#2566,.F.);
#3340=ORIENTED_EDGE('',*,*,#2570,.F.);
#3341=ORIENTED_EDGE('',*,*,#2571,.T.);
#3342=ORIENTED_EDGE('',*,*,#2572,.T.);
#3343=ORIENTED_EDGE('',*,*,#2573,.T.);
#3344=ORIENTED_EDGE('',*,*,#2563,.T.);
#3345=ORIENTED_EDGE('',*,*,#2572,.F.);
#3346=ORIENTED_EDGE('',*,*,#2574,.F.);
#3347=ORIENTED_EDGE('',*,*,#2575,.F.);
#3348=ORIENTED_EDGE('',*,*,#2576,.F.);
#3349=ORIENTED_EDGE('',*,*,#2577,.T.);
#3350=ORIENTED_EDGE('',*,*,#2578,.T.);
#3351=ORIENTED_EDGE('',*,*,#2579,.T.);
#3352=ORIENTED_EDGE('',*,*,#2575,.T.);
#3353=ORIENTED_EDGE('',*,*,#2568,.F.);
#3354=ORIENTED_EDGE('',*,*,#2580,.F.);
#3355=ORIENTED_EDGE('',*,*,#2578,.F.);
#3356=ORIENTED_EDGE('',*,*,#2581,.F.);
#3357=ORIENTED_EDGE('',*,*,#2582,.F.);
#3358=ORIENTED_EDGE('',*,*,#2583,.T.);
#3359=ORIENTED_EDGE('',*,*,#2584,.F.);
#3360=ORIENTED_EDGE('',*,*,#2583,.F.);
#3361=ORIENTED_EDGE('',*,*,#2585,.F.);
#3362=ORIENTED_EDGE('',*,*,#2586,.T.);
#3363=ORIENTED_EDGE('',*,*,#2587,.F.);
#3364=ORIENTED_EDGE('',*,*,#2586,.F.);
#3365=ORIENTED_EDGE('',*,*,#2588,.F.);
#3366=ORIENTED_EDGE('',*,*,#2589,.T.);
#3367=ORIENTED_EDGE('',*,*,#2590,.F.);
#3368=ORIENTED_EDGE('',*,*,#2589,.F.);
#3369=ORIENTED_EDGE('',*,*,#2591,.F.);
#3370=ORIENTED_EDGE('',*,*,#2592,.T.);
#3371=ORIENTED_EDGE('',*,*,#2593,.F.);
#3372=ORIENTED_EDGE('',*,*,#2592,.F.);
#3373=ORIENTED_EDGE('',*,*,#2594,.F.);
#3374=ORIENTED_EDGE('',*,*,#2595,.F.);
#3375=ORIENTED_EDGE('',*,*,#2596,.F.);
#3376=ORIENTED_EDGE('',*,*,#2597,.F.);
#3377=ORIENTED_EDGE('',*,*,#2598,.F.);
#3378=ORIENTED_EDGE('',*,*,#2599,.F.);
#3379=ORIENTED_EDGE('',*,*,#2600,.F.);
#3380=ORIENTED_EDGE('',*,*,#2601,.F.);
#3381=ORIENTED_EDGE('',*,*,#2602,.T.);
#3382=ORIENTED_EDGE('',*,*,#2603,.T.);
#3383=ORIENTED_EDGE('',*,*,#2604,.T.);
#3384=ORIENTED_EDGE('',*,*,#2600,.T.);
#3385=ORIENTED_EDGE('',*,*,#2603,.F.);
#3386=ORIENTED_EDGE('',*,*,#2605,.F.);
#3387=ORIENTED_EDGE('',*,*,#2606,.F.);
#3388=ORIENTED_EDGE('',*,*,#2607,.F.);
#3389=ORIENTED_EDGE('',*,*,#2608,.T.);
#3390=ORIENTED_EDGE('',*,*,#2609,.T.);
#3391=ORIENTED_EDGE('',*,*,#2610,.T.);
#3392=ORIENTED_EDGE('',*,*,#2596,.T.);
#3393=ORIENTED_EDGE('',*,*,#2609,.F.);
#3394=ORIENTED_EDGE('',*,*,#2611,.F.);
#3395=ORIENTED_EDGE('',*,*,#2612,.F.);
#3396=ORIENTED_EDGE('',*,*,#2613,.F.);
#3397=ORIENTED_EDGE('',*,*,#2614,.T.);
#3398=ORIENTED_EDGE('',*,*,#2594,.T.);
#3399=ORIENTED_EDGE('',*,*,#2615,.T.);
#3400=ORIENTED_EDGE('',*,*,#2612,.T.);
#3401=ORIENTED_EDGE('',*,*,#2616,.T.);
#3402=ORIENTED_EDGE('',*,*,#2598,.T.);
#3403=ORIENTED_EDGE('',*,*,#2617,.T.);
#3404=ORIENTED_EDGE('',*,*,#2606,.T.);
#3405=ORIENTED_EDGE('',*,*,#2618,.T.);
#3406=ORIENTED_EDGE('',*,*,#2619,.T.);
#3407=ORIENTED_EDGE('',*,*,#2620,.T.);
#3408=ORIENTED_EDGE('',*,*,#2621,.T.);
#3409=ORIENTED_EDGE('',*,*,#2622,.T.);
#3410=ORIENTED_EDGE('',*,*,#2618,.F.);
#3411=ORIENTED_EDGE('',*,*,#2623,.T.);
#3412=ORIENTED_EDGE('',*,*,#2621,.F.);
#3413=ORIENTED_EDGE('',*,*,#2624,.T.);
#3414=ORIENTED_EDGE('',*,*,#2622,.F.);
#3415=ORIENTED_EDGE('',*,*,#2625,.F.);
#3416=ORIENTED_EDGE('',*,*,#2626,.F.);
#3417=ORIENTED_EDGE('',*,*,#2627,.F.);
#3418=ORIENTED_EDGE('',*,*,#2628,.T.);
#3419=ORIENTED_EDGE('',*,*,#2629,.F.);
#3420=ORIENTED_EDGE('',*,*,#2630,.F.);
#3421=ORIENTED_EDGE('',*,*,#2631,.F.);
#3422=ORIENTED_EDGE('',*,*,#2632,.F.);
#3423=ORIENTED_EDGE('',*,*,#2633,.T.);
#3424=ORIENTED_EDGE('',*,*,#2634,.T.);
#3425=ORIENTED_EDGE('',*,*,#2635,.T.);
#3426=ORIENTED_EDGE('',*,*,#2636,.T.);
#3427=ORIENTED_EDGE('',*,*,#2637,.T.);
#3428=ORIENTED_EDGE('',*,*,#2638,.T.);
#3429=ORIENTED_EDGE('',*,*,#2639,.T.);
#3430=ORIENTED_EDGE('',*,*,#2640,.T.);
#3431=ORIENTED_EDGE('',*,*,#2641,.T.);
#3432=ORIENTED_EDGE('',*,*,#2642,.T.);
#3433=ORIENTED_EDGE('',*,*,#2619,.F.);
#3434=ORIENTED_EDGE('',*,*,#2624,.F.);
#3435=ORIENTED_EDGE('',*,*,#2620,.F.);
#3436=ORIENTED_EDGE('',*,*,#2642,.F.);
#3437=ORIENTED_EDGE('',*,*,#2643,.T.);
#3438=ORIENTED_EDGE('',*,*,#2644,.T.);
#3439=ORIENTED_EDGE('',*,*,#2645,.T.);
#3440=ORIENTED_EDGE('',*,*,#2632,.T.);
#3441=ORIENTED_EDGE('',*,*,#2645,.F.);
#3442=ORIENTED_EDGE('',*,*,#2646,.T.);
#3443=ORIENTED_EDGE('',*,*,#2647,.T.);
#3444=ORIENTED_EDGE('',*,*,#2643,.F.);
#3445=ORIENTED_EDGE('',*,*,#2644,.F.);
#3446=ORIENTED_EDGE('',*,*,#2647,.F.);
#3447=ORIENTED_EDGE('',*,*,#2641,.F.);
#3448=ORIENTED_EDGE('',*,*,#2646,.F.);
#3449=ORIENTED_EDGE('',*,*,#2648,.T.);
#3450=ORIENTED_EDGE('',*,*,#2649,.T.);
#3451=ORIENTED_EDGE('',*,*,#2650,.T.);
#3452=ORIENTED_EDGE('',*,*,#2651,.T.);
#3453=ORIENTED_EDGE('',*,*,#2649,.F.);
#3454=ORIENTED_EDGE('',*,*,#2652,.T.);
#3455=ORIENTED_EDGE('',*,*,#2653,.F.);
#3456=ORIENTED_EDGE('',*,*,#2654,.F.);
#3457=ORIENTED_EDGE('',*,*,#2655,.F.);
#3458=ORIENTED_EDGE('',*,*,#2656,.F.);
#3459=ORIENTED_EDGE('',*,*,#2657,.F.);
#3460=ORIENTED_EDGE('',*,*,#2658,.T.);
#3461=ORIENTED_EDGE('',*,*,#2659,.F.);
#3462=ORIENTED_EDGE('',*,*,#2660,.T.);
#3463=ORIENTED_EDGE('',*,*,#2661,.T.);
#3464=ORIENTED_EDGE('',*,*,#2662,.T.);
#3465=ORIENTED_EDGE('',*,*,#2663,.F.);
#3466=ORIENTED_EDGE('',*,*,#2664,.T.);
#3467=ORIENTED_EDGE('',*,*,#2665,.F.);
#3468=ORIENTED_EDGE('',*,*,#2666,.T.);
#3469=ORIENTED_EDGE('',*,*,#2667,.T.);
#3470=ORIENTED_EDGE('',*,*,#2668,.T.);
#3471=ORIENTED_EDGE('',*,*,#2669,.F.);
#3472=ORIENTED_EDGE('',*,*,#2670,.T.);
#3473=ORIENTED_EDGE('',*,*,#2671,.F.);
#3474=ORIENTED_EDGE('',*,*,#2672,.T.);
#3475=ORIENTED_EDGE('',*,*,#2673,.T.);
#3476=ORIENTED_EDGE('',*,*,#2674,.T.);
#3477=ORIENTED_EDGE('',*,*,#2675,.F.);
#3478=ORIENTED_EDGE('',*,*,#2676,.T.);
#3479=ORIENTED_EDGE('',*,*,#2677,.T.);
#3480=ORIENTED_EDGE('',*,*,#2678,.T.);
#3481=ORIENTED_EDGE('',*,*,#2679,.T.);
#3482=ORIENTED_EDGE('',*,*,#2659,.T.);
#3483=ORIENTED_EDGE('',*,*,#2680,.T.);
#3484=ORIENTED_EDGE('',*,*,#2681,.T.);
#3485=ORIENTED_EDGE('',*,*,#2682,.T.);
#3486=ORIENTED_EDGE('',*,*,#2671,.T.);
#3487=ORIENTED_EDGE('',*,*,#2683,.T.);
#3488=ORIENTED_EDGE('',*,*,#2684,.T.);
#3489=ORIENTED_EDGE('',*,*,#2685,.T.);
#3490=ORIENTED_EDGE('',*,*,#2669,.T.);
#3491=ORIENTED_EDGE('',*,*,#2686,.T.);
#3492=ORIENTED_EDGE('',*,*,#2687,.T.);
#3493=ORIENTED_EDGE('',*,*,#2688,.T.);
#3494=ORIENTED_EDGE('',*,*,#2665,.T.);
#3495=ORIENTED_EDGE('',*,*,#2689,.T.);
#3496=ORIENTED_EDGE('',*,*,#2690,.T.);
#3497=ORIENTED_EDGE('',*,*,#2691,.T.);
#3498=ORIENTED_EDGE('',*,*,#2663,.T.);
#3499=ORIENTED_EDGE('',*,*,#2692,.T.);
#3500=ORIENTED_EDGE('',*,*,#2693,.T.);
#3501=ORIENTED_EDGE('',*,*,#2694,.T.);
#3502=ORIENTED_EDGE('',*,*,#2695,.T.);
#3503=ORIENTED_EDGE('',*,*,#2696,.T.);
#3504=ORIENTED_EDGE('',*,*,#2697,.T.);
#3505=ORIENTED_EDGE('',*,*,#2695,.F.);
#3506=ORIENTED_EDGE('',*,*,#2698,.T.);
#3507=ORIENTED_EDGE('',*,*,#2699,.T.);
#3508=ORIENTED_EDGE('',*,*,#2700,.T.);
#3509=ORIENTED_EDGE('',*,*,#2701,.F.);
#3510=ORIENTED_EDGE('',*,*,#2702,.T.);
#3511=ORIENTED_EDGE('',*,*,#2703,.T.);
#3512=ORIENTED_EDGE('',*,*,#2704,.F.);
#3513=ORIENTED_EDGE('',*,*,#2705,.T.);
#3514=ORIENTED_EDGE('',*,*,#2706,.T.);
#3515=ORIENTED_EDGE('',*,*,#2707,.T.);
#3516=ORIENTED_EDGE('',*,*,#2708,.T.);
#3517=ORIENTED_EDGE('',*,*,#2706,.F.);
#3518=ORIENTED_EDGE('',*,*,#2709,.T.);
#3519=ORIENTED_EDGE('',*,*,#2710,.T.);
#3520=ORIENTED_EDGE('',*,*,#2711,.T.);
#3521=ORIENTED_EDGE('',*,*,#2712,.F.);
#3522=ORIENTED_EDGE('',*,*,#2713,.T.);
#3523=ORIENTED_EDGE('',*,*,#2714,.T.);
#3524=ORIENTED_EDGE('',*,*,#2715,.F.);
#3525=ORIENTED_EDGE('',*,*,#2716,.T.);
#3526=ORIENTED_EDGE('',*,*,#2717,.T.);
#3527=ORIENTED_EDGE('',*,*,#2718,.T.);
#3528=ORIENTED_EDGE('',*,*,#2719,.T.);
#3529=ORIENTED_EDGE('',*,*,#2717,.F.);
#3530=ORIENTED_EDGE('',*,*,#2720,.F.);
#3531=ORIENTED_EDGE('',*,*,#2721,.F.);
#3532=ORIENTED_EDGE('',*,*,#2722,.F.);
#3533=ORIENTED_EDGE('',*,*,#2723,.T.);
#3534=ORIENTED_EDGE('',*,*,#2724,.T.);
#3535=ORIENTED_EDGE('',*,*,#2725,.T.);
#3536=ORIENTED_EDGE('',*,*,#2726,.T.);
#3537=ORIENTED_EDGE('',*,*,#2724,.F.);
#3538=ORIENTED_EDGE('',*,*,#2727,.T.);
#3539=ORIENTED_EDGE('',*,*,#2728,.F.);
#3540=ORIENTED_EDGE('',*,*,#2729,.T.);
#3541=ORIENTED_EDGE('',*,*,#2723,.F.);
#3542=ORIENTED_EDGE('',*,*,#2730,.F.);
#3543=ORIENTED_EDGE('',*,*,#2720,.T.);
#3544=ORIENTED_EDGE('',*,*,#2716,.F.);
#3545=ORIENTED_EDGE('',*,*,#2731,.T.);
#3546=ORIENTED_EDGE('',*,*,#2732,.F.);
#3547=ORIENTED_EDGE('',*,*,#2733,.T.);
#3548=ORIENTED_EDGE('',*,*,#2734,.F.);
#3549=ORIENTED_EDGE('',*,*,#2735,.F.);
#3550=ORIENTED_EDGE('',*,*,#2736,.F.);
#3551=ORIENTED_EDGE('',*,*,#2737,.F.);
#3552=ORIENTED_EDGE('',*,*,#2711,.F.);
#3553=ORIENTED_EDGE('',*,*,#2738,.F.);
#3554=ORIENTED_EDGE('',*,*,#2739,.T.);
#3555=ORIENTED_EDGE('',*,*,#2740,.T.);
#3556=ORIENTED_EDGE('',*,*,#2741,.F.);
#3557=ORIENTED_EDGE('',*,*,#2742,.F.);
#3558=ORIENTED_EDGE('',*,*,#2743,.F.);
#3559=ORIENTED_EDGE('',*,*,#2727,.F.);
#3560=ORIENTED_EDGE('',*,*,#2744,.T.);
#3561=ORIENTED_EDGE('',*,*,#2728,.T.);
#3562=ORIENTED_EDGE('',*,*,#2743,.T.);
#3563=ORIENTED_EDGE('',*,*,#2745,.F.);
#3564=ORIENTED_EDGE('',*,*,#2746,.T.);
#3565=ORIENTED_EDGE('',*,*,#2747,.T.);
#3566=ORIENTED_EDGE('',*,*,#2732,.T.);
#3567=ORIENTED_EDGE('',*,*,#2748,.T.);
#3568=ORIENTED_EDGE('',*,*,#2747,.F.);
#3569=ORIENTED_EDGE('',*,*,#2749,.F.);
#3570=ORIENTED_EDGE('',*,*,#2750,.F.);
#3571=ORIENTED_EDGE('',*,*,#2733,.F.);
#3572=ORIENTED_EDGE('',*,*,#2741,.T.);
#3573=ORIENTED_EDGE('',*,*,#2751,.T.);
#3574=ORIENTED_EDGE('',*,*,#2752,.T.);
#3575=ORIENTED_EDGE('',*,*,#2753,.T.);
#3576=ORIENTED_EDGE('',*,*,#2751,.F.);
#3577=ORIENTED_EDGE('',*,*,#2740,.F.);
#3578=ORIENTED_EDGE('',*,*,#2754,.F.);
#3579=ORIENTED_EDGE('',*,*,#2755,.F.);
#3580=ORIENTED_EDGE('',*,*,#2756,.T.);
#3581=ORIENTED_EDGE('',*,*,#2757,.T.);
#3582=ORIENTED_EDGE('',*,*,#2758,.T.);
#3583=ORIENTED_EDGE('',*,*,#2759,.T.);
#3584=ORIENTED_EDGE('',*,*,#2757,.F.);
#3585=ORIENTED_EDGE('',*,*,#2760,.F.);
#3586=ORIENTED_EDGE('',*,*,#2761,.F.);
#3587=ORIENTED_EDGE('',*,*,#2762,.F.);
#3588=ORIENTED_EDGE('',*,*,#2763,.T.);
#3589=ORIENTED_EDGE('',*,*,#2764,.T.);
#3590=ORIENTED_EDGE('',*,*,#2765,.T.);
#3591=ORIENTED_EDGE('',*,*,#2761,.T.);
#3592=ORIENTED_EDGE('',*,*,#2764,.F.);
#3593=ORIENTED_EDGE('',*,*,#2766,.F.);
#3594=ORIENTED_EDGE('',*,*,#2767,.F.);
#3595=ORIENTED_EDGE('',*,*,#2768,.F.);
#3596=ORIENTED_EDGE('',*,*,#2769,.T.);
#3597=ORIENTED_EDGE('',*,*,#2770,.T.);
#3598=ORIENTED_EDGE('',*,*,#2771,.T.);
#3599=ORIENTED_EDGE('',*,*,#2772,.T.);
#3600=ORIENTED_EDGE('',*,*,#2770,.F.);
#3601=ORIENTED_EDGE('',*,*,#2773,.T.);
#3602=ORIENTED_EDGE('',*,*,#2774,.F.);
#3603=ORIENTED_EDGE('',*,*,#2775,.T.);
#3604=ORIENTED_EDGE('',*,*,#2769,.F.);
#3605=ORIENTED_EDGE('',*,*,#2776,.F.);
#3606=ORIENTED_EDGE('',*,*,#2766,.T.);
#3607=ORIENTED_EDGE('',*,*,#2763,.F.);
#3608=ORIENTED_EDGE('',*,*,#2760,.T.);
#3609=ORIENTED_EDGE('',*,*,#2756,.F.);
#3610=ORIENTED_EDGE('',*,*,#2777,.T.);
#3611=ORIENTED_EDGE('',*,*,#2778,.F.);
#3612=ORIENTED_EDGE('',*,*,#2779,.F.);
#3613=ORIENTED_EDGE('',*,*,#2780,.F.);
#3614=ORIENTED_EDGE('',*,*,#2781,.F.);
#3615=ORIENTED_EDGE('',*,*,#2700,.F.);
#3616=ORIENTED_EDGE('',*,*,#2782,.F.);
#3617=ORIENTED_EDGE('',*,*,#2783,.T.);
#3618=ORIENTED_EDGE('',*,*,#2784,.T.);
#3619=ORIENTED_EDGE('',*,*,#2785,.F.);
#3620=ORIENTED_EDGE('',*,*,#2786,.F.);
#3621=ORIENTED_EDGE('',*,*,#2787,.F.);
#3622=ORIENTED_EDGE('',*,*,#2773,.F.);
#3623=ORIENTED_EDGE('',*,*,#2785,.T.);
#3624=ORIENTED_EDGE('',*,*,#2788,.T.);
#3625=ORIENTED_EDGE('',*,*,#2789,.T.);
#3626=ORIENTED_EDGE('',*,*,#2790,.T.);
#3627=ORIENTED_EDGE('',*,*,#2788,.F.);
#3628=ORIENTED_EDGE('',*,*,#2784,.F.);
#3629=ORIENTED_EDGE('',*,*,#2791,.F.);
#3630=ORIENTED_EDGE('',*,*,#2792,.F.);
#3631=ORIENTED_EDGE('',*,*,#2793,.T.);
#3632=ORIENTED_EDGE('',*,*,#2774,.T.);
#3633=ORIENTED_EDGE('',*,*,#2787,.T.);
#3634=ORIENTED_EDGE('',*,*,#2794,.F.);
#3635=ORIENTED_EDGE('',*,*,#2771,.F.);
#3636=ORIENTED_EDGE('',*,*,#2775,.F.);
#3637=ORIENTED_EDGE('',*,*,#2793,.F.);
#3638=ORIENTED_EDGE('',*,*,#2795,.F.);
#3639=ORIENTED_EDGE('',*,*,#2789,.F.);
#3640=ORIENTED_EDGE('',*,*,#2792,.T.);
#3641=ORIENTED_EDGE('',*,*,#2796,.F.);
#3642=ORIENTED_EDGE('',*,*,#2797,.T.);
#3643=ORIENTED_EDGE('',*,*,#2702,.F.);
#3644=ORIENTED_EDGE('',*,*,#2798,.F.);
#3645=ORIENTED_EDGE('',*,*,#2799,.F.);
#3646=ORIENTED_EDGE('',*,*,#2800,.F.);
#3647=ORIENTED_EDGE('',*,*,#2801,.F.);
#3648=ORIENTED_EDGE('',*,*,#2802,.T.);
#3649=ORIENTED_EDGE('',*,*,#2758,.F.);
#3650=ORIENTED_EDGE('',*,*,#2762,.T.);
#3651=ORIENTED_EDGE('',*,*,#2765,.F.);
#3652=ORIENTED_EDGE('',*,*,#2768,.T.);
#3653=ORIENTED_EDGE('',*,*,#2803,.T.);
#3654=ORIENTED_EDGE('',*,*,#2737,.T.);
#3655=ORIENTED_EDGE('',*,*,#2804,.T.);
#3656=ORIENTED_EDGE('',*,*,#2805,.T.);
#3657=ORIENTED_EDGE('',*,*,#2712,.T.);
#3658=ORIENTED_EDGE('',*,*,#2804,.F.);
#3659=ORIENTED_EDGE('',*,*,#2736,.T.);
#3660=ORIENTED_EDGE('',*,*,#2806,.F.);
#3661=ORIENTED_EDGE('',*,*,#2807,.T.);
#3662=ORIENTED_EDGE('',*,*,#2808,.T.);
#3663=ORIENTED_EDGE('',*,*,#2806,.T.);
#3664=ORIENTED_EDGE('',*,*,#2735,.T.);
#3665=ORIENTED_EDGE('',*,*,#2809,.T.);
#3666=ORIENTED_EDGE('',*,*,#2781,.T.);
#3667=ORIENTED_EDGE('',*,*,#2810,.T.);
#3668=ORIENTED_EDGE('',*,*,#2798,.T.);
#3669=ORIENTED_EDGE('',*,*,#2701,.T.);
#3670=ORIENTED_EDGE('',*,*,#2810,.F.);
#3671=ORIENTED_EDGE('',*,*,#2780,.T.);
#3672=ORIENTED_EDGE('',*,*,#2811,.F.);
#3673=ORIENTED_EDGE('',*,*,#2799,.T.);
#3674=ORIENTED_EDGE('',*,*,#2800,.T.);
#3675=ORIENTED_EDGE('',*,*,#2811,.T.);
#3676=ORIENTED_EDGE('',*,*,#2779,.T.);
#3677=ORIENTED_EDGE('',*,*,#2812,.T.);
#3678=ORIENTED_EDGE('',*,*,#2813,.F.);
#3679=ORIENTED_EDGE('',*,*,#2814,.F.);
#3680=ORIENTED_EDGE('',*,*,#2815,.F.);
#3681=ORIENTED_EDGE('',*,*,#2816,.F.);
#3682=ORIENTED_EDGE('',*,*,#2817,.T.);
#3683=ORIENTED_EDGE('',*,*,#2814,.T.);
#3684=ORIENTED_EDGE('',*,*,#2818,.T.);
#3685=ORIENTED_EDGE('',*,*,#2819,.F.);
#3686=ORIENTED_EDGE('',*,*,#2820,.F.);
#3687=ORIENTED_EDGE('',*,*,#2821,.F.);
#3688=ORIENTED_EDGE('',*,*,#2822,.F.);
#3689=ORIENTED_EDGE('',*,*,#2823,.T.);
#3690=ORIENTED_EDGE('',*,*,#2820,.T.);
#3691=ORIENTED_EDGE('',*,*,#2824,.T.);
#3692=ORIENTED_EDGE('',*,*,#2825,.T.);
#3693=ORIENTED_EDGE('',*,*,#2826,.T.);
#3694=ORIENTED_EDGE('',*,*,#2821,.T.);
#3695=ORIENTED_EDGE('',*,*,#2827,.T.);
#3696=ORIENTED_EDGE('',*,*,#2815,.T.);
#3697=ORIENTED_EDGE('',*,*,#2828,.T.);
#3698=ORIENTED_EDGE('',*,*,#2819,.T.);
#3699=ORIENTED_EDGE('',*,*,#2829,.T.);
#3700=ORIENTED_EDGE('',*,*,#2830,.T.);
#3701=ORIENTED_EDGE('',*,*,#2831,.T.);
#3702=ORIENTED_EDGE('',*,*,#2813,.T.);
#3703=ORIENTED_EDGE('',*,*,#2832,.T.);
#3704=ORIENTED_EDGE('',*,*,#2824,.F.);
#3705=ORIENTED_EDGE('',*,*,#2828,.F.);
#3706=ORIENTED_EDGE('',*,*,#2817,.F.);
#3707=ORIENTED_EDGE('',*,*,#2833,.T.);
#3708=ORIENTED_EDGE('',*,*,#2834,.F.);
#3709=ORIENTED_EDGE('',*,*,#2835,.F.);
#3710=ORIENTED_EDGE('',*,*,#2836,.F.);
#3711=ORIENTED_EDGE('',*,*,#2837,.T.);
#3712=ORIENTED_EDGE('',*,*,#2838,.T.);
#3713=ORIENTED_EDGE('',*,*,#2708,.F.);
#3714=ORIENTED_EDGE('',*,*,#2839,.T.);
#3715=ORIENTED_EDGE('',*,*,#2697,.F.);
#3716=ORIENTED_EDGE('',*,*,#2840,.F.);
#3717=ORIENTED_EDGE('',*,*,#2841,.F.);
#3718=ORIENTED_EDGE('',*,*,#2842,.F.);
#3719=ORIENTED_EDGE('',*,*,#2843,.T.);
#3720=ORIENTED_EDGE('',*,*,#2844,.T.);
#3721=ORIENTED_EDGE('',*,*,#2845,.T.);
#3722=ORIENTED_EDGE('',*,*,#2846,.T.);
#3723=ORIENTED_EDGE('',*,*,#2847,.T.);
#3724=ORIENTED_EDGE('',*,*,#2848,.T.);
#3725=ORIENTED_EDGE('',*,*,#2849,.T.);
#3726=ORIENTED_EDGE('',*,*,#2822,.T.);
#3727=ORIENTED_EDGE('',*,*,#2837,.F.);
#3728=ORIENTED_EDGE('',*,*,#2850,.F.);
#3729=ORIENTED_EDGE('',*,*,#2851,.T.);
#3730=ORIENTED_EDGE('',*,*,#2852,.F.);
#3731=ORIENTED_EDGE('',*,*,#2653,.T.);
#3732=ORIENTED_EDGE('',*,*,#2853,.T.);
#3733=ORIENTED_EDGE('',*,*,#2854,.T.);
#3734=ORIENTED_EDGE('',*,*,#2855,.T.);
#3735=ORIENTED_EDGE('',*,*,#2675,.T.);
#3736=ORIENTED_EDGE('',*,*,#2856,.T.);
#3737=ORIENTED_EDGE('',*,*,#2857,.T.);
#3738=ORIENTED_EDGE('',*,*,#2858,.T.);
#3739=ORIENTED_EDGE('',*,*,#2657,.T.);
#3740=ORIENTED_EDGE('',*,*,#2859,.F.);
#3741=ORIENTED_EDGE('',*,*,#2860,.T.);
#3742=ORIENTED_EDGE('',*,*,#2861,.F.);
#3743=ORIENTED_EDGE('',*,*,#2833,.F.);
#3744=ORIENTED_EDGE('',*,*,#2816,.T.);
#3745=ORIENTED_EDGE('',*,*,#2862,.T.);
#3746=ORIENTED_EDGE('',*,*,#2863,.T.);
#3747=ORIENTED_EDGE('',*,*,#2864,.F.);
#3748=ORIENTED_EDGE('',*,*,#2564,.T.);
#3749=ORIENTED_EDGE('',*,*,#2573,.F.);
#3750=ORIENTED_EDGE('',*,*,#2576,.T.);
#3751=ORIENTED_EDGE('',*,*,#2579,.F.);
#3752=ORIENTED_EDGE('',*,*,#2580,.T.);
#3753=ORIENTED_EDGE('',*,*,#2567,.F.);
#3754=ORIENTED_EDGE('',*,*,#2569,.T.);
#3755=ORIENTED_EDGE('',*,*,#2560,.F.);
#3756=ORIENTED_EDGE('',*,*,#2587,.T.);
#3757=ORIENTED_EDGE('',*,*,#2593,.T.);
#3758=ORIENTED_EDGE('',*,*,#2818,.F.);
#3759=ORIENTED_EDGE('',*,*,#2831,.F.);
#3760=ORIENTED_EDGE('',*,*,#2865,.T.);
#3761=ORIENTED_EDGE('',*,*,#2862,.F.);
#3762=ORIENTED_EDGE('',*,*,#2601,.T.);
#3763=ORIENTED_EDGE('',*,*,#2604,.F.);
#3764=ORIENTED_EDGE('',*,*,#2607,.T.);
#3765=ORIENTED_EDGE('',*,*,#2617,.F.);
#3766=ORIENTED_EDGE('',*,*,#2866,.T.);
#3767=ORIENTED_EDGE('',*,*,#2867,.T.);
#3768=ORIENTED_EDGE('',*,*,#2868,.T.);
#3769=ORIENTED_EDGE('',*,*,#2681,.F.);
#3770=ORIENTED_EDGE('',*,*,#2869,.T.);
#3771=ORIENTED_EDGE('',*,*,#2870,.T.);
#3772=ORIENTED_EDGE('',*,*,#2871,.T.);
#3773=ORIENTED_EDGE('',*,*,#2693,.F.);
#3774=ORIENTED_EDGE('',*,*,#2734,.T.);
#3775=ORIENTED_EDGE('',*,*,#2750,.T.);
#3776=ORIENTED_EDGE('',*,*,#2872,.T.);
#3777=ORIENTED_EDGE('',*,*,#2809,.F.);
#3778=ORIENTED_EDGE('',*,*,#2873,.T.);
#3779=ORIENTED_EDGE('',*,*,#2874,.T.);
#3780=ORIENTED_EDGE('',*,*,#2875,.T.);
#3781=ORIENTED_EDGE('',*,*,#2629,.T.);
#3782=ORIENTED_EDGE('',*,*,#2876,.T.);
#3783=ORIENTED_EDGE('',*,*,#2630,.T.);
#3784=ORIENTED_EDGE('',*,*,#2875,.F.);
#3785=ORIENTED_EDGE('',*,*,#2877,.T.);
#3786=ORIENTED_EDGE('',*,*,#2623,.F.);
#3787=ORIENTED_EDGE('',*,*,#2631,.T.);
#3788=ORIENTED_EDGE('',*,*,#2876,.F.);
#3789=ORIENTED_EDGE('',*,*,#2878,.T.);
#3790=ORIENTED_EDGE('',*,*,#2879,.T.);
#3791=ORIENTED_EDGE('',*,*,#2625,.T.);
#3792=ORIENTED_EDGE('',*,*,#2880,.T.);
#3793=ORIENTED_EDGE('',*,*,#2626,.T.);
#3794=ORIENTED_EDGE('',*,*,#2879,.F.);
#3795=ORIENTED_EDGE('',*,*,#2881,.T.);
#3796=ORIENTED_EDGE('',*,*,#2882,.T.);
#3797=ORIENTED_EDGE('',*,*,#2627,.T.);
#3798=ORIENTED_EDGE('',*,*,#2880,.F.);
#3799=ORIENTED_EDGE('',*,*,#2883,.T.);
#3800=ORIENTED_EDGE('',*,*,#2883,.F.);
#3801=ORIENTED_EDGE('',*,*,#2884,.F.);
#3802=ORIENTED_EDGE('',*,*,#2885,.T.);
#3803=ORIENTED_EDGE('',*,*,#2886,.F.);
#3804=ORIENTED_EDGE('',*,*,#2597,.T.);
#3805=ORIENTED_EDGE('',*,*,#2610,.F.);
#3806=ORIENTED_EDGE('',*,*,#2613,.T.);
#3807=ORIENTED_EDGE('',*,*,#2615,.F.);
#3808=ORIENTED_EDGE('',*,*,#2887,.F.);
#3809=ORIENTED_EDGE('',*,*,#2881,.F.);
#3810=ORIENTED_EDGE('',*,*,#2888,.T.);
#3811=ORIENTED_EDGE('',*,*,#2889,.T.);
#3812=ORIENTED_EDGE('',*,*,#2884,.T.);
#3813=ORIENTED_EDGE('',*,*,#2878,.F.);
#3814=ORIENTED_EDGE('',*,*,#2890,.F.);
#3815=ORIENTED_EDGE('',*,*,#2891,.T.);
#3816=ORIENTED_EDGE('',*,*,#2888,.F.);
#3817=ORIENTED_EDGE('',*,*,#2534,.T.);
#3818=ORIENTED_EDGE('',*,*,#2556,.T.);
#3819=ORIENTED_EDGE('',*,*,#2553,.T.);
#3820=ORIENTED_EDGE('',*,*,#2550,.T.);
#3821=ORIENTED_EDGE('',*,*,#2547,.T.);
#3822=ORIENTED_EDGE('',*,*,#2544,.T.);
#3823=ORIENTED_EDGE('',*,*,#2541,.T.);
#3824=ORIENTED_EDGE('',*,*,#2538,.T.);
#3825=ORIENTED_EDGE('',*,*,#2584,.T.);
#3826=ORIENTED_EDGE('',*,*,#2590,.T.);
#3827=ORIENTED_EDGE('',*,*,#2877,.F.);
#3828=ORIENTED_EDGE('',*,*,#2892,.T.);
#3829=ORIENTED_EDGE('',*,*,#2893,.T.);
#3830=ORIENTED_EDGE('',*,*,#2890,.T.);
#3831=ORIENTED_EDGE('',*,*,#2882,.F.);
#3832=ORIENTED_EDGE('',*,*,#2886,.T.);
#3833=ORIENTED_EDGE('',*,*,#2894,.T.);
#3834=ORIENTED_EDGE('',*,*,#2895,.F.);
#3835=ORIENTED_EDGE('',*,*,#2873,.F.);
#3836=ORIENTED_EDGE('',*,*,#2628,.F.);
#3837=ORIENTED_EDGE('',*,*,#2562,.T.);
#3838=ORIENTED_EDGE('',*,*,#2558,.F.);
#3839=ORIENTED_EDGE('',*,*,#2570,.T.);
#3840=ORIENTED_EDGE('',*,*,#2565,.F.);
#3841=ORIENTED_EDGE('',*,*,#2581,.T.);
#3842=ORIENTED_EDGE('',*,*,#2577,.F.);
#3843=ORIENTED_EDGE('',*,*,#2574,.T.);
#3844=ORIENTED_EDGE('',*,*,#2571,.F.);
#3845=ORIENTED_EDGE('',*,*,#2585,.T.);
#3846=ORIENTED_EDGE('',*,*,#2591,.T.);
#3847=ORIENTED_EDGE('',*,*,#2655,.T.);
#3848=ORIENTED_EDGE('',*,*,#2896,.F.);
#3849=ORIENTED_EDGE('',*,*,#2897,.T.);
#3850=ORIENTED_EDGE('',*,*,#2898,.F.);
#3851=ORIENTED_EDGE('',*,*,#2835,.T.);
#3852=ORIENTED_EDGE('',*,*,#2899,.F.);
#3853=ORIENTED_EDGE('',*,*,#2900,.T.);
#3854=ORIENTED_EDGE('',*,*,#2901,.F.);
#3855=ORIENTED_EDGE('',*,*,#2874,.F.);
#3856=ORIENTED_EDGE('',*,*,#2895,.T.);
#3857=ORIENTED_EDGE('',*,*,#2902,.T.);
#3858=ORIENTED_EDGE('',*,*,#2892,.F.);
#3859=ORIENTED_EDGE('',*,*,#2616,.F.);
#3860=ORIENTED_EDGE('',*,*,#2605,.T.);
#3861=ORIENTED_EDGE('',*,*,#2602,.F.);
#3862=ORIENTED_EDGE('',*,*,#2599,.T.);
#3863=ORIENTED_EDGE('',*,*,#2903,.F.);
#3864=ORIENTED_EDGE('',*,*,#2904,.T.);
#3865=ORIENTED_EDGE('',*,*,#2905,.F.);
#3866=ORIENTED_EDGE('',*,*,#2906,.F.);
#3867=ORIENTED_EDGE('',*,*,#2907,.T.);
#3868=ORIENTED_EDGE('',*,*,#2908,.F.);
#3869=ORIENTED_EDGE('',*,*,#2904,.F.);
#3870=ORIENTED_EDGE('',*,*,#2909,.F.);
#3871=ORIENTED_EDGE('',*,*,#2910,.F.);
#3872=ORIENTED_EDGE('',*,*,#2823,.F.);
#3873=ORIENTED_EDGE('',*,*,#2864,.T.);
#3874=ORIENTED_EDGE('',*,*,#2911,.T.);
#3875=ORIENTED_EDGE('',*,*,#2827,.F.);
#3876=ORIENTED_EDGE('',*,*,#2614,.F.);
#3877=ORIENTED_EDGE('',*,*,#2611,.T.);
#3878=ORIENTED_EDGE('',*,*,#2608,.F.);
#3879=ORIENTED_EDGE('',*,*,#2595,.T.);
#3880=ORIENTED_EDGE('',*,*,#2912,.T.);
#3881=ORIENTED_EDGE('',*,*,#2913,.T.);
#3882=ORIENTED_EDGE('',*,*,#2914,.T.);
#3883=ORIENTED_EDGE('',*,*,#2651,.F.);
#3884=ORIENTED_EDGE('',*,*,#2915,.T.);
#3885=ORIENTED_EDGE('',*,*,#2910,.T.);
#3886=ORIENTED_EDGE('',*,*,#2916,.T.);
#3887=ORIENTED_EDGE('',*,*,#2684,.F.);
#3888=ORIENTED_EDGE('',*,*,#2778,.T.);
#3889=ORIENTED_EDGE('',*,*,#2917,.T.);
#3890=ORIENTED_EDGE('',*,*,#2801,.T.);
#3891=ORIENTED_EDGE('',*,*,#2812,.F.);
#3892=ORIENTED_EDGE('',*,*,#2918,.T.);
#3893=ORIENTED_EDGE('',*,*,#2919,.F.);
#3894=ORIENTED_EDGE('',*,*,#2920,.F.);
#3895=ORIENTED_EDGE('',*,*,#2921,.T.);
#3896=ORIENTED_EDGE('',*,*,#2922,.F.);
#3897=ORIENTED_EDGE('',*,*,#2913,.F.);
#3898=ORIENTED_EDGE('',*,*,#2923,.F.);
#3899=ORIENTED_EDGE('',*,*,#2918,.F.);
#3900=ORIENTED_EDGE('',*,*,#2906,.T.);
#3901=ORIENTED_EDGE('',*,*,#2924,.F.);
#3902=ORIENTED_EDGE('',*,*,#2925,.T.);
#3903=ORIENTED_EDGE('',*,*,#2926,.F.);
#3904=ORIENTED_EDGE('',*,*,#2927,.T.);
#3905=ORIENTED_EDGE('',*,*,#2928,.F.);
#3906=ORIENTED_EDGE('',*,*,#2929,.T.);
#3907=ORIENTED_EDGE('',*,*,#2930,.F.);
#3908=ORIENTED_EDGE('',*,*,#2931,.T.);
#3909=ORIENTED_EDGE('',*,*,#2932,.F.);
#3910=ORIENTED_EDGE('',*,*,#2933,.T.);
#3911=ORIENTED_EDGE('',*,*,#2934,.F.);
#3912=ORIENTED_EDGE('',*,*,#2935,.T.);
#3913=ORIENTED_EDGE('',*,*,#2936,.F.);
#3914=ORIENTED_EDGE('',*,*,#2920,.T.);
#3915=ORIENTED_EDGE('',*,*,#2937,.F.);
#3916=ORIENTED_EDGE('',*,*,#2938,.T.);
#3917=ORIENTED_EDGE('',*,*,#2939,.F.);
#3918=ORIENTED_EDGE('',*,*,#2931,.F.);
#3919=ORIENTED_EDGE('',*,*,#2940,.T.);
#3920=ORIENTED_EDGE('',*,*,#2941,.F.);
#3921=ORIENTED_EDGE('',*,*,#2938,.F.);
#3922=ORIENTED_EDGE('',*,*,#2942,.F.);
#3923=ORIENTED_EDGE('',*,*,#2867,.F.);
#3924=ORIENTED_EDGE('',*,*,#2943,.T.);
#3925=ORIENTED_EDGE('',*,*,#2944,.F.);
#3926=ORIENTED_EDGE('',*,*,#2929,.F.);
#3927=ORIENTED_EDGE('',*,*,#2945,.T.);
#3928=ORIENTED_EDGE('',*,*,#2946,.F.);
#3929=ORIENTED_EDGE('',*,*,#2870,.F.);
#3930=ORIENTED_EDGE('',*,*,#2947,.F.);
#3931=ORIENTED_EDGE('',*,*,#2943,.F.);
#3932=ORIENTED_EDGE('',*,*,#2948,.T.);
#3933=ORIENTED_EDGE('',*,*,#2949,.F.);
#3934=ORIENTED_EDGE('',*,*,#2925,.F.);
#3935=ORIENTED_EDGE('',*,*,#2950,.T.);
#3936=ORIENTED_EDGE('',*,*,#2951,.F.);
#3937=ORIENTED_EDGE('',*,*,#2952,.F.);
#3938=ORIENTED_EDGE('',*,*,#2948,.F.);
#3939=ORIENTED_EDGE('',*,*,#2953,.F.);
#3940=ORIENTED_EDGE('',*,*,#2826,.F.);
#3941=ORIENTED_EDGE('',*,*,#2954,.T.);
#3942=ORIENTED_EDGE('',*,*,#2832,.F.);
#3943=ORIENTED_EDGE('',*,*,#2829,.F.);
#3944=ORIENTED_EDGE('',*,*,#2582,.T.);
#3945=ORIENTED_EDGE('',*,*,#2588,.T.);
#3946=ORIENTED_EDGE('',*,*,#2955,.T.);
#3947=ORIENTED_EDGE('',*,*,#2951,.T.);
#3948=ORIENTED_EDGE('',*,*,#2956,.T.);
#3949=ORIENTED_EDGE('',*,*,#2687,.F.);
#3950=ORIENTED_EDGE('',*,*,#2957,.T.);
#3951=ORIENTED_EDGE('',*,*,#2958,.T.);
#3952=ORIENTED_EDGE('',*,*,#2959,.T.);
#3953=ORIENTED_EDGE('',*,*,#2690,.F.);
#3954=ORIENTED_EDGE('',*,*,#2960,.T.);
#3955=ORIENTED_EDGE('',*,*,#2961,.F.);
#3956=ORIENTED_EDGE('',*,*,#2935,.F.);
#3957=ORIENTED_EDGE('',*,*,#2962,.T.);
#3958=ORIENTED_EDGE('',*,*,#2963,.F.);
#3959=ORIENTED_EDGE('',*,*,#2960,.F.);
#3960=ORIENTED_EDGE('',*,*,#2964,.F.);
#3961=ORIENTED_EDGE('',*,*,#2854,.F.);
#3962=ORIENTED_EDGE('',*,*,#2965,.T.);
#3963=ORIENTED_EDGE('',*,*,#2966,.F.);
#3964=ORIENTED_EDGE('',*,*,#2933,.F.);
#3965=ORIENTED_EDGE('',*,*,#2967,.T.);
#3966=ORIENTED_EDGE('',*,*,#2968,.F.);
#3967=ORIENTED_EDGE('',*,*,#2857,.F.);
#3968=ORIENTED_EDGE('',*,*,#2969,.F.);
#3969=ORIENTED_EDGE('',*,*,#2965,.F.);
#3970=ORIENTED_EDGE('',*,*,#2970,.T.);
#3971=ORIENTED_EDGE('',*,*,#2971,.F.);
#3972=ORIENTED_EDGE('',*,*,#2927,.F.);
#3973=ORIENTED_EDGE('',*,*,#2972,.T.);
#3974=ORIENTED_EDGE('',*,*,#2973,.F.);
#3975=ORIENTED_EDGE('',*,*,#2970,.F.);
#3976=ORIENTED_EDGE('',*,*,#2974,.F.);
#3977=ORIENTED_EDGE('',*,*,#2958,.F.);
#3978=ORIENTED_EDGE('',*,*,#2661,.F.);
#3979=ORIENTED_EDGE('',*,*,#2975,.F.);
#3980=ORIENTED_EDGE('',*,*,#2930,.T.);
#3981=ORIENTED_EDGE('',*,*,#2976,.T.);
#3982=ORIENTED_EDGE('',*,*,#2868,.F.);
#3983=ORIENTED_EDGE('',*,*,#2942,.T.);
#3984=ORIENTED_EDGE('',*,*,#2940,.F.);
#3985=ORIENTED_EDGE('',*,*,#2975,.T.);
#3986=ORIENTED_EDGE('',*,*,#2660,.F.);
#3987=ORIENTED_EDGE('',*,*,#2679,.F.);
#3988=ORIENTED_EDGE('',*,*,#2658,.F.);
#3989=ORIENTED_EDGE('',*,*,#2858,.F.);
#3990=ORIENTED_EDGE('',*,*,#2968,.T.);
#3991=ORIENTED_EDGE('',*,*,#2967,.F.);
#3992=ORIENTED_EDGE('',*,*,#2932,.T.);
#3993=ORIENTED_EDGE('',*,*,#2939,.T.);
#3994=ORIENTED_EDGE('',*,*,#2941,.T.);
#3995=ORIENTED_EDGE('',*,*,#2866,.F.);
#3996=ORIENTED_EDGE('',*,*,#2680,.F.);
#3997=ORIENTED_EDGE('',*,*,#2678,.F.);
#3998=ORIENTED_EDGE('',*,*,#2977,.F.);
#3999=ORIENTED_EDGE('',*,*,#2966,.T.);
#4000=ORIENTED_EDGE('',*,*,#2969,.T.);
#4001=ORIENTED_EDGE('',*,*,#2856,.F.);
#4002=ORIENTED_EDGE('',*,*,#2677,.F.);
#4003=ORIENTED_EDGE('',*,*,#2978,.F.);
#4004=ORIENTED_EDGE('',*,*,#2934,.T.);
#4005=ORIENTED_EDGE('',*,*,#2977,.T.);
#4006=ORIENTED_EDGE('',*,*,#2676,.F.);
#4007=ORIENTED_EDGE('',*,*,#2855,.F.);
#4008=ORIENTED_EDGE('',*,*,#2964,.T.);
#4009=ORIENTED_EDGE('',*,*,#2962,.F.);
#4010=ORIENTED_EDGE('',*,*,#2978,.T.);
#4011=ORIENTED_EDGE('',*,*,#2914,.F.);
#4012=ORIENTED_EDGE('',*,*,#2922,.T.);
#4013=ORIENTED_EDGE('',*,*,#2921,.F.);
#4014=ORIENTED_EDGE('',*,*,#2936,.T.);
#4015=ORIENTED_EDGE('',*,*,#2961,.T.);
#4016=ORIENTED_EDGE('',*,*,#2963,.T.);
#4017=ORIENTED_EDGE('',*,*,#2853,.F.);
#4018=ORIENTED_EDGE('',*,*,#2652,.F.);
#4019=ORIENTED_EDGE('',*,*,#2648,.F.);
#4020=ORIENTED_EDGE('',*,*,#2674,.F.);
#4021=ORIENTED_EDGE('',*,*,#2979,.F.);
#4022=ORIENTED_EDGE('',*,*,#2919,.T.);
#4023=ORIENTED_EDGE('',*,*,#2923,.T.);
#4024=ORIENTED_EDGE('',*,*,#2912,.F.);
#4025=ORIENTED_EDGE('',*,*,#2650,.F.);
#4026=ORIENTED_EDGE('',*,*,#2673,.F.);
#4027=ORIENTED_EDGE('',*,*,#2980,.F.);
#4028=ORIENTED_EDGE('',*,*,#2937,.T.);
#4029=ORIENTED_EDGE('',*,*,#2979,.T.);
#4030=ORIENTED_EDGE('',*,*,#2916,.F.);
#4031=ORIENTED_EDGE('',*,*,#2909,.T.);
#4032=ORIENTED_EDGE('',*,*,#2907,.F.);
#4033=ORIENTED_EDGE('',*,*,#2980,.T.);
#4034=ORIENTED_EDGE('',*,*,#2672,.F.);
#4035=ORIENTED_EDGE('',*,*,#2682,.F.);
#4036=ORIENTED_EDGE('',*,*,#2956,.F.);
#4037=ORIENTED_EDGE('',*,*,#2953,.T.);
#4038=ORIENTED_EDGE('',*,*,#2950,.F.);
#4039=ORIENTED_EDGE('',*,*,#2924,.T.);
#4040=ORIENTED_EDGE('',*,*,#2905,.T.);
#4041=ORIENTED_EDGE('',*,*,#2908,.T.);
#4042=ORIENTED_EDGE('',*,*,#2915,.F.);
#4043=ORIENTED_EDGE('',*,*,#2683,.F.);
#4044=ORIENTED_EDGE('',*,*,#2670,.F.);
#4045=ORIENTED_EDGE('',*,*,#2685,.F.);
#4046=ORIENTED_EDGE('',*,*,#2668,.F.);
#4047=ORIENTED_EDGE('',*,*,#2981,.F.);
#4048=ORIENTED_EDGE('',*,*,#2949,.T.);
#4049=ORIENTED_EDGE('',*,*,#2952,.T.);
#4050=ORIENTED_EDGE('',*,*,#2955,.F.);
#4051=ORIENTED_EDGE('',*,*,#2686,.F.);
#4052=ORIENTED_EDGE('',*,*,#2667,.F.);
#4053=ORIENTED_EDGE('',*,*,#2982,.F.);
#4054=ORIENTED_EDGE('',*,*,#2926,.T.);
#4055=ORIENTED_EDGE('',*,*,#2981,.T.);
#4056=ORIENTED_EDGE('',*,*,#2959,.F.);
#4057=ORIENTED_EDGE('',*,*,#2974,.T.);
#4058=ORIENTED_EDGE('',*,*,#2972,.F.);
#4059=ORIENTED_EDGE('',*,*,#2982,.T.);
#4060=ORIENTED_EDGE('',*,*,#2666,.F.);
#4061=ORIENTED_EDGE('',*,*,#2688,.F.);
#4062=ORIENTED_EDGE('',*,*,#2871,.F.);
#4063=ORIENTED_EDGE('',*,*,#2946,.T.);
#4064=ORIENTED_EDGE('',*,*,#2945,.F.);
#4065=ORIENTED_EDGE('',*,*,#2928,.T.);
#4066=ORIENTED_EDGE('',*,*,#2971,.T.);
#4067=ORIENTED_EDGE('',*,*,#2973,.T.);
#4068=ORIENTED_EDGE('',*,*,#2957,.F.);
#4069=ORIENTED_EDGE('',*,*,#2689,.F.);
#4070=ORIENTED_EDGE('',*,*,#2664,.F.);
#4071=ORIENTED_EDGE('',*,*,#2691,.F.);
#4072=ORIENTED_EDGE('',*,*,#2662,.F.);
#4073=ORIENTED_EDGE('',*,*,#2976,.F.);
#4074=ORIENTED_EDGE('',*,*,#2944,.T.);
#4075=ORIENTED_EDGE('',*,*,#2947,.T.);
#4076=ORIENTED_EDGE('',*,*,#2869,.F.);
#4077=ORIENTED_EDGE('',*,*,#2692,.F.);
#4078=ORIENTED_EDGE('',*,*,#2840,.T.);
#4079=ORIENTED_EDGE('',*,*,#2983,.T.);
#4080=ORIENTED_EDGE('',*,*,#2984,.T.);
#4081=ORIENTED_EDGE('',*,*,#2985,.T.);
#4082=ORIENTED_EDGE('',*,*,#2986,.T.);
#4083=ORIENTED_EDGE('',*,*,#2987,.T.);
#4084=ORIENTED_EDGE('',*,*,#2842,.T.);
#4085=ORIENTED_EDGE('',*,*,#2988,.T.);
#4086=ORIENTED_EDGE('',*,*,#2989,.T.);
#4087=ORIENTED_EDGE('',*,*,#2988,.F.);
#4088=ORIENTED_EDGE('',*,*,#2841,.T.);
#4089=ORIENTED_EDGE('',*,*,#2985,.F.);
#4090=ORIENTED_EDGE('',*,*,#2990,.T.);
#4091=ORIENTED_EDGE('',*,*,#2991,.T.);
#4092=ORIENTED_EDGE('',*,*,#2992,.T.);
#4093=ORIENTED_EDGE('',*,*,#2993,.T.);
#4094=ORIENTED_EDGE('',*,*,#2994,.T.);
#4095=ORIENTED_EDGE('',*,*,#2995,.T.);
#4096=ORIENTED_EDGE('',*,*,#2996,.T.);
#4097=ORIENTED_EDGE('',*,*,#2997,.T.);
#4098=ORIENTED_EDGE('',*,*,#2998,.T.);
#4099=ORIENTED_EDGE('',*,*,#2999,.T.);
#4100=ORIENTED_EDGE('',*,*,#3000,.T.);
#4101=ORIENTED_EDGE('',*,*,#2998,.F.);
#4102=ORIENTED_EDGE('',*,*,#3001,.T.);
#4103=ORIENTED_EDGE('',*,*,#2994,.F.);
#4104=ORIENTED_EDGE('',*,*,#2990,.F.);
#4105=ORIENTED_EDGE('',*,*,#3001,.F.);
#4106=ORIENTED_EDGE('',*,*,#2997,.F.);
#4107=ORIENTED_EDGE('',*,*,#3002,.F.);
#4108=ORIENTED_EDGE('',*,*,#3003,.T.);
#4109=ORIENTED_EDGE('',*,*,#2639,.F.);
#4110=ORIENTED_EDGE('',*,*,#3004,.F.);
#4111=ORIENTED_EDGE('',*,*,#3005,.T.);
#4112=ORIENTED_EDGE('',*,*,#2995,.F.);
#4113=ORIENTED_EDGE('',*,*,#3006,.F.);
#4114=ORIENTED_EDGE('',*,*,#2984,.F.);
#4115=ORIENTED_EDGE('',*,*,#2989,.F.);
#4116=ORIENTED_EDGE('',*,*,#3006,.T.);
#4117=ORIENTED_EDGE('',*,*,#2999,.F.);
#4118=ORIENTED_EDGE('',*,*,#3000,.F.);
#4119=ORIENTED_EDGE('',*,*,#2993,.F.);
#4120=ORIENTED_EDGE('',*,*,#3007,.T.);
#4121=ORIENTED_EDGE('',*,*,#2991,.F.);
#4122=ORIENTED_EDGE('',*,*,#3002,.T.);
#4123=ORIENTED_EDGE('',*,*,#2996,.F.);
#4124=ORIENTED_EDGE('',*,*,#3005,.F.);
#4125=ORIENTED_EDGE('',*,*,#2846,.F.);
#4126=ORIENTED_EDGE('',*,*,#3008,.T.);
#4127=ORIENTED_EDGE('',*,*,#2637,.F.);
#4128=ORIENTED_EDGE('',*,*,#3009,.F.);
#4129=ORIENTED_EDGE('',*,*,#2848,.F.);
#4130=ORIENTED_EDGE('',*,*,#3010,.T.);
#4131=ORIENTED_EDGE('',*,*,#2638,.F.);
#4132=ORIENTED_EDGE('',*,*,#3010,.F.);
#4133=ORIENTED_EDGE('',*,*,#2847,.F.);
#4134=ORIENTED_EDGE('',*,*,#3004,.T.);
#4135=ORIENTED_EDGE('',*,*,#2640,.F.);
#4136=ORIENTED_EDGE('',*,*,#3003,.F.);
#4137=ORIENTED_EDGE('',*,*,#2983,.F.);
#4138=ORIENTED_EDGE('',*,*,#2849,.F.);
#4139=ORIENTED_EDGE('',*,*,#3009,.T.);
#4140=ORIENTED_EDGE('',*,*,#2986,.F.);
#4141=ORIENTED_EDGE('',*,*,#3007,.F.);
#4142=ORIENTED_EDGE('',*,*,#2992,.F.);
#4143=ORIENTED_EDGE('',*,*,#3008,.F.);
#4144=ORIENTED_EDGE('',*,*,#3011,.T.);
#4145=ORIENTED_EDGE('',*,*,#2633,.F.);
#4146=ORIENTED_EDGE('',*,*,#3012,.F.);
#4147=ORIENTED_EDGE('',*,*,#2634,.F.);
#4148=ORIENTED_EDGE('',*,*,#3011,.F.);
#4149=ORIENTED_EDGE('',*,*,#2845,.F.);
#4150=ORIENTED_EDGE('',*,*,#3013,.T.);
#4151=ORIENTED_EDGE('',*,*,#2635,.F.);
#4152=ORIENTED_EDGE('',*,*,#3013,.F.);
#4153=ORIENTED_EDGE('',*,*,#2844,.F.);
#4154=ORIENTED_EDGE('',*,*,#3014,.T.);
#4155=ORIENTED_EDGE('',*,*,#2636,.F.);
#4156=ORIENTED_EDGE('',*,*,#3014,.F.);
#4157=ORIENTED_EDGE('',*,*,#2843,.F.);
#4158=ORIENTED_EDGE('',*,*,#2987,.F.);
#4159=ORIENTED_EDGE('',*,*,#3012,.T.);
#4160=ORIENTED_EDGE('',*,*,#2852,.T.);
#4161=ORIENTED_EDGE('',*,*,#3015,.T.);
#4162=ORIENTED_EDGE('',*,*,#2896,.T.);
#4163=ORIENTED_EDGE('',*,*,#2654,.T.);
#4164=ORIENTED_EDGE('',*,*,#3015,.F.);
#4165=ORIENTED_EDGE('',*,*,#2851,.F.);
#4166=ORIENTED_EDGE('',*,*,#3016,.F.);
#4167=ORIENTED_EDGE('',*,*,#2897,.F.);
#4168=ORIENTED_EDGE('',*,*,#2859,.T.);
#4169=ORIENTED_EDGE('',*,*,#2656,.T.);
#4170=ORIENTED_EDGE('',*,*,#2901,.T.);
#4171=ORIENTED_EDGE('',*,*,#3017,.T.);
#4172=ORIENTED_EDGE('',*,*,#2850,.T.);
#4173=ORIENTED_EDGE('',*,*,#2836,.T.);
#4174=ORIENTED_EDGE('',*,*,#2898,.T.);
#4175=ORIENTED_EDGE('',*,*,#3016,.T.);
#4176=ORIENTED_EDGE('',*,*,#2861,.T.);
#4177=ORIENTED_EDGE('',*,*,#3018,.T.);
#4178=ORIENTED_EDGE('',*,*,#2899,.T.);
#4179=ORIENTED_EDGE('',*,*,#2834,.T.);
#4180=ORIENTED_EDGE('',*,*,#3017,.F.);
#4181=ORIENTED_EDGE('',*,*,#2900,.F.);
#4182=ORIENTED_EDGE('',*,*,#3018,.F.);
#4183=ORIENTED_EDGE('',*,*,#2860,.F.);
#4184=ORIENTED_EDGE('',*,*,#2790,.F.);
#4185=ORIENTED_EDGE('',*,*,#2795,.T.);
#4186=ORIENTED_EDGE('',*,*,#2794,.T.);
#4187=ORIENTED_EDGE('',*,*,#2786,.T.);
#4188=ORIENTED_EDGE('',*,*,#2753,.F.);
#4189=ORIENTED_EDGE('',*,*,#3019,.T.);
#4190=ORIENTED_EDGE('',*,*,#2745,.T.);
#4191=ORIENTED_EDGE('',*,*,#2742,.T.);
#4192=ORIENTED_EDGE('',*,*,#2719,.F.);
#4193=ORIENTED_EDGE('',*,*,#3020,.F.);
#4194=ORIENTED_EDGE('',*,*,#2748,.F.);
#4195=ORIENTED_EDGE('',*,*,#2731,.F.);
#4196=ORIENTED_EDGE('',*,*,#2726,.F.);
#4197=ORIENTED_EDGE('',*,*,#3021,.F.);
#4198=ORIENTED_EDGE('',*,*,#2721,.T.);
#4199=ORIENTED_EDGE('',*,*,#2730,.T.);
#4200=ORIENTED_EDGE('',*,*,#2772,.F.);
#4201=ORIENTED_EDGE('',*,*,#2803,.F.);
#4202=ORIENTED_EDGE('',*,*,#2767,.T.);
#4203=ORIENTED_EDGE('',*,*,#2776,.T.);
#4204=ORIENTED_EDGE('',*,*,#2759,.F.);
#4205=ORIENTED_EDGE('',*,*,#2802,.F.);
#4206=ORIENTED_EDGE('',*,*,#2917,.F.);
#4207=ORIENTED_EDGE('',*,*,#2777,.F.);
#4208=ORIENTED_EDGE('',*,*,#3022,.F.);
#4209=ORIENTED_EDGE('',*,*,#3023,.T.);
#4210=ORIENTED_EDGE('',*,*,#2903,.T.);
#4211=ORIENTED_EDGE('',*,*,#3023,.F.);
#4212=ORIENTED_EDGE('',*,*,#3024,.F.);
#4213=ORIENTED_EDGE('',*,*,#3025,.T.);
#4214=ORIENTED_EDGE('',*,*,#2887,.T.);
#4215=ORIENTED_EDGE('',*,*,#3025,.F.);
#4216=ORIENTED_EDGE('',*,*,#3026,.F.);
#4217=ORIENTED_EDGE('',*,*,#3027,.F.);
#4218=ORIENTED_EDGE('',*,*,#3028,.F.);
#4219=ORIENTED_EDGE('',*,*,#3029,.T.);
#4220=ORIENTED_EDGE('',*,*,#3026,.T.);
#4221=ORIENTED_EDGE('',*,*,#3029,.F.);
#4222=ORIENTED_EDGE('',*,*,#3024,.T.);
#4223=ORIENTED_EDGE('',*,*,#3028,.T.);
#4224=ORIENTED_EDGE('',*,*,#3030,.F.);
#4225=ORIENTED_EDGE('',*,*,#3031,.T.);
#4226=ORIENTED_EDGE('',*,*,#3032,.F.);
#4227=ORIENTED_EDGE('',*,*,#3031,.F.);
#4228=ORIENTED_EDGE('',*,*,#3022,.T.);
#4229=ORIENTED_EDGE('',*,*,#3030,.T.);
#4230=ORIENTED_EDGE('',*,*,#3027,.T.);
#4231=ORIENTED_EDGE('',*,*,#3033,.T.);
#4232=ORIENTED_EDGE('',*,*,#3034,.F.);
#4233=ORIENTED_EDGE('',*,*,#3033,.F.);
#4234=ORIENTED_EDGE('',*,*,#3035,.F.);
#4235=ORIENTED_EDGE('',*,*,#3036,.T.);
#4236=ORIENTED_EDGE('',*,*,#3037,.F.);
#4237=ORIENTED_EDGE('',*,*,#3036,.F.);
#4238=ORIENTED_EDGE('',*,*,#3038,.T.);
#4239=ORIENTED_EDGE('',*,*,#3039,.T.);
#4240=ORIENTED_EDGE('',*,*,#3040,.T.);
#4241=ORIENTED_EDGE('',*,*,#3041,.T.);
#4242=ORIENTED_EDGE('',*,*,#3042,.T.);
#4243=ORIENTED_EDGE('',*,*,#3043,.T.);
#4244=ORIENTED_EDGE('',*,*,#3044,.T.);
#4245=ORIENTED_EDGE('',*,*,#3045,.T.);
#4246=ORIENTED_EDGE('',*,*,#3046,.T.);
#4247=ORIENTED_EDGE('',*,*,#3047,.T.);
#4248=ORIENTED_EDGE('',*,*,#3048,.T.);
#4249=ORIENTED_EDGE('',*,*,#3049,.T.);
#4250=ORIENTED_EDGE('',*,*,#3050,.T.);
#4251=ORIENTED_EDGE('',*,*,#3051,.T.);
#4252=ORIENTED_EDGE('',*,*,#3052,.T.);
#4253=ORIENTED_EDGE('',*,*,#3053,.T.);
#4254=ORIENTED_EDGE('',*,*,#3054,.T.);
#4255=ORIENTED_EDGE('',*,*,#3055,.T.);
#4256=ORIENTED_EDGE('',*,*,#3056,.T.);
#4257=ORIENTED_EDGE('',*,*,#3057,.T.);
#4258=ORIENTED_EDGE('',*,*,#3058,.T.);
#4259=ORIENTED_EDGE('',*,*,#3059,.T.);
#4260=ORIENTED_EDGE('',*,*,#3060,.F.);
#4261=ORIENTED_EDGE('',*,*,#3061,.T.);
#4262=ORIENTED_EDGE('',*,*,#3062,.T.);
#4263=ORIENTED_EDGE('',*,*,#3063,.T.);
#4264=ORIENTED_EDGE('',*,*,#3064,.T.);
#4265=ORIENTED_EDGE('',*,*,#3065,.T.);
#4266=ORIENTED_EDGE('',*,*,#3066,.T.);
#4267=ORIENTED_EDGE('',*,*,#3067,.T.);
#4268=ORIENTED_EDGE('',*,*,#3068,.F.);
#4269=ORIENTED_EDGE('',*,*,#3069,.T.);
#4270=ORIENTED_EDGE('',*,*,#3070,.T.);
#4271=ORIENTED_EDGE('',*,*,#3071,.F.);
#4272=ORIENTED_EDGE('',*,*,#3072,.T.);
#4273=ORIENTED_EDGE('',*,*,#3073,.T.);
#4274=ORIENTED_EDGE('',*,*,#3074,.T.);
#4275=ORIENTED_EDGE('',*,*,#3075,.F.);
#4276=ORIENTED_EDGE('',*,*,#3076,.T.);
#4277=ORIENTED_EDGE('',*,*,#3077,.T.);
#4278=ORIENTED_EDGE('',*,*,#3059,.F.);
#4279=ORIENTED_EDGE('',*,*,#3078,.F.);
#4280=ORIENTED_EDGE('',*,*,#3079,.T.);
#4281=ORIENTED_EDGE('',*,*,#3080,.F.);
#4282=ORIENTED_EDGE('',*,*,#3061,.F.);
#4283=ORIENTED_EDGE('',*,*,#3081,.F.);
#4284=ORIENTED_EDGE('',*,*,#3082,.F.);
#4285=ORIENTED_EDGE('',*,*,#3083,.T.);
#4286=ORIENTED_EDGE('',*,*,#3084,.F.);
#4287=ORIENTED_EDGE('',*,*,#3045,.F.);
#4288=ORIENTED_EDGE('',*,*,#3085,.F.);
#4289=ORIENTED_EDGE('',*,*,#3041,.F.);
#4290=ORIENTED_EDGE('',*,*,#3083,.F.);
#4291=ORIENTED_EDGE('',*,*,#3086,.F.);
#4292=ORIENTED_EDGE('',*,*,#3078,.T.);
#4293=ORIENTED_EDGE('',*,*,#3058,.F.);
#4294=ORIENTED_EDGE('',*,*,#3084,.T.);
#4295=ORIENTED_EDGE('',*,*,#3040,.F.);
#4296=ORIENTED_EDGE('',*,*,#3087,.T.);
#4297=ORIENTED_EDGE('',*,*,#3042,.F.);
#4298=ORIENTED_EDGE('',*,*,#3087,.F.);
#4299=ORIENTED_EDGE('',*,*,#3039,.F.);
#4300=ORIENTED_EDGE('',*,*,#3088,.T.);
#4301=ORIENTED_EDGE('',*,*,#3043,.F.);
#4302=ORIENTED_EDGE('',*,*,#3054,.F.);
#4303=ORIENTED_EDGE('',*,*,#3089,.F.);
#4304=ORIENTED_EDGE('',*,*,#3074,.F.);
#4305=ORIENTED_EDGE('',*,*,#3090,.T.);
#4306=ORIENTED_EDGE('',*,*,#3055,.F.);
#4307=ORIENTED_EDGE('',*,*,#3090,.F.);
#4308=ORIENTED_EDGE('',*,*,#3077,.F.);
#4309=ORIENTED_EDGE('',*,*,#3091,.T.);
#4310=ORIENTED_EDGE('',*,*,#3056,.F.);
#4311=ORIENTED_EDGE('',*,*,#3091,.F.);
#4312=ORIENTED_EDGE('',*,*,#3076,.F.);
#4313=ORIENTED_EDGE('',*,*,#3092,.T.);
#4314=ORIENTED_EDGE('',*,*,#3035,.T.);
#4315=ORIENTED_EDGE('',*,*,#3057,.F.);
#4316=ORIENTED_EDGE('',*,*,#3092,.F.);
#4317=ORIENTED_EDGE('',*,*,#3075,.T.);
#4318=ORIENTED_EDGE('',*,*,#3089,.T.);
#4319=ORIENTED_EDGE('',*,*,#3088,.F.);
#4320=ORIENTED_EDGE('',*,*,#3038,.F.);
#4321=ORIENTED_EDGE('',*,*,#3085,.T.);
#4322=ORIENTED_EDGE('',*,*,#3044,.F.);
#4323=ORIENTED_EDGE('',*,*,#3093,.F.);
#4324=ORIENTED_EDGE('',*,*,#3046,.F.);
#4325=ORIENTED_EDGE('',*,*,#3094,.T.);
#4326=ORIENTED_EDGE('',*,*,#3052,.F.);
#4327=ORIENTED_EDGE('',*,*,#3067,.F.);
#4328=ORIENTED_EDGE('',*,*,#3095,.F.);
#4329=ORIENTED_EDGE('',*,*,#3096,.T.);
#4330=ORIENTED_EDGE('',*,*,#3097,.F.);
#4331=ORIENTED_EDGE('',*,*,#3069,.F.);
#4332=ORIENTED_EDGE('',*,*,#3098,.F.);
#4333=ORIENTED_EDGE('',*,*,#3099,.F.);
#4334=ORIENTED_EDGE('',*,*,#3100,.T.);
#4335=ORIENTED_EDGE('',*,*,#3101,.T.);
#4336=ORIENTED_EDGE('',*,*,#3053,.F.);
#4337=ORIENTED_EDGE('',*,*,#3094,.F.);
#4338=ORIENTED_EDGE('',*,*,#3049,.F.);
#4339=ORIENTED_EDGE('',*,*,#3100,.F.);
#4340=ORIENTED_EDGE('',*,*,#3102,.F.);
#4341=ORIENTED_EDGE('',*,*,#3095,.T.);
#4342=ORIENTED_EDGE('',*,*,#3066,.F.);
#4343=ORIENTED_EDGE('',*,*,#3101,.F.);
#4344=ORIENTED_EDGE('',*,*,#3048,.F.);
#4345=ORIENTED_EDGE('',*,*,#3103,.T.);
#4346=ORIENTED_EDGE('',*,*,#3050,.F.);
#4347=ORIENTED_EDGE('',*,*,#3103,.F.);
#4348=ORIENTED_EDGE('',*,*,#3047,.F.);
#4349=ORIENTED_EDGE('',*,*,#3093,.T.);
#4350=ORIENTED_EDGE('',*,*,#3051,.F.);
#4351=ORIENTED_EDGE('',*,*,#3062,.F.);
#4352=ORIENTED_EDGE('',*,*,#3104,.F.);
#4353=ORIENTED_EDGE('',*,*,#3070,.F.);
#4354=ORIENTED_EDGE('',*,*,#3105,.T.);
#4355=ORIENTED_EDGE('',*,*,#3063,.F.);
#4356=ORIENTED_EDGE('',*,*,#3105,.F.);
#4357=ORIENTED_EDGE('',*,*,#3073,.F.);
#4358=ORIENTED_EDGE('',*,*,#3106,.T.);
#4359=ORIENTED_EDGE('',*,*,#3064,.F.);
#4360=ORIENTED_EDGE('',*,*,#3106,.F.);
#4361=ORIENTED_EDGE('',*,*,#3072,.F.);
#4362=ORIENTED_EDGE('',*,*,#3107,.T.);
#4363=ORIENTED_EDGE('',*,*,#3034,.T.);
#4364=ORIENTED_EDGE('',*,*,#3065,.F.);
#4365=ORIENTED_EDGE('',*,*,#3107,.F.);
#4366=ORIENTED_EDGE('',*,*,#3071,.T.);
#4367=ORIENTED_EDGE('',*,*,#3104,.T.);
#4368=ORIENTED_EDGE('',*,*,#3081,.T.);
#4369=ORIENTED_EDGE('',*,*,#3060,.T.);
#4370=ORIENTED_EDGE('',*,*,#3080,.T.);
#4371=ORIENTED_EDGE('',*,*,#3108,.F.);
#4372=ORIENTED_EDGE('',*,*,#3109,.T.);
#4373=ORIENTED_EDGE('',*,*,#2754,.T.);
#4374=ORIENTED_EDGE('',*,*,#2739,.F.);
#4375=ORIENTED_EDGE('',*,*,#3110,.F.);
#4376=ORIENTED_EDGE('',*,*,#3098,.T.);
#4377=ORIENTED_EDGE('',*,*,#3068,.T.);
#4378=ORIENTED_EDGE('',*,*,#3097,.T.);
#4379=ORIENTED_EDGE('',*,*,#3111,.F.);
#4380=ORIENTED_EDGE('',*,*,#2796,.T.);
#4381=ORIENTED_EDGE('',*,*,#2791,.T.);
#4382=ORIENTED_EDGE('',*,*,#2783,.F.);
#4383=ORIENTED_EDGE('',*,*,#3112,.F.);
#4384=ORIENTED_EDGE('',*,*,#2725,.F.);
#4385=ORIENTED_EDGE('',*,*,#2729,.F.);
#4386=ORIENTED_EDGE('',*,*,#2744,.F.);
#4387=ORIENTED_EDGE('',*,*,#3019,.F.);
#4388=ORIENTED_EDGE('',*,*,#2752,.F.);
#4389=ORIENTED_EDGE('',*,*,#2755,.T.);
#4390=ORIENTED_EDGE('',*,*,#3109,.F.);
#4391=ORIENTED_EDGE('',*,*,#3113,.T.);
#4392=ORIENTED_EDGE('',*,*,#2713,.F.);
#4393=ORIENTED_EDGE('',*,*,#2805,.F.);
#4394=ORIENTED_EDGE('',*,*,#2807,.F.);
#4395=ORIENTED_EDGE('',*,*,#2808,.F.);
#4396=ORIENTED_EDGE('',*,*,#2872,.F.);
#4397=ORIENTED_EDGE('',*,*,#2749,.T.);
#4398=ORIENTED_EDGE('',*,*,#2746,.F.);
#4399=ORIENTED_EDGE('',*,*,#3020,.T.);
#4400=ORIENTED_EDGE('',*,*,#2718,.F.);
#4401=ORIENTED_EDGE('',*,*,#2722,.T.);
#4402=ORIENTED_EDGE('',*,*,#3021,.T.);
#4403=ORIENTED_EDGE('',*,*,#3114,.F.);
#4404=ORIENTED_EDGE('',*,*,#3115,.T.);
#4405=ORIENTED_EDGE('',*,*,#3116,.F.);
#4406=ORIENTED_EDGE('',*,*,#3117,.T.);
#4407=ORIENTED_EDGE('',*,*,#3114,.T.);
#4408=ORIENTED_EDGE('',*,*,#3118,.T.);
#4409=ORIENTED_EDGE('',*,*,#3119,.T.);
#4410=ORIENTED_EDGE('',*,*,#3120,.F.);
#4411=ORIENTED_EDGE('',*,*,#3121,.T.);
#4412=ORIENTED_EDGE('',*,*,#3122,.T.);
#4413=ORIENTED_EDGE('',*,*,#3117,.F.);
#4414=ORIENTED_EDGE('',*,*,#3123,.F.);
#4415=ORIENTED_EDGE('',*,*,#3124,.F.);
#4416=ORIENTED_EDGE('',*,*,#3118,.F.);
#4417=ORIENTED_EDGE('',*,*,#3125,.F.);
#4418=ORIENTED_EDGE('',*,*,#3126,.T.);
#4419=ORIENTED_EDGE('',*,*,#3119,.F.);
#4420=ORIENTED_EDGE('',*,*,#3124,.T.);
#4421=ORIENTED_EDGE('',*,*,#3116,.T.);
#4422=ORIENTED_EDGE('',*,*,#3127,.F.);
#4423=ORIENTED_EDGE('',*,*,#3128,.T.);
#4424=ORIENTED_EDGE('',*,*,#3129,.F.);
#4425=ORIENTED_EDGE('',*,*,#3125,.T.);
#4426=ORIENTED_EDGE('',*,*,#3123,.T.);
#4427=ORIENTED_EDGE('',*,*,#3128,.F.);
#4428=ORIENTED_EDGE('',*,*,#3130,.F.);
#4429=ORIENTED_EDGE('',*,*,#3131,.F.);
#4430=ORIENTED_EDGE('',*,*,#3132,.F.);
#4431=ORIENTED_EDGE('',*,*,#3115,.F.);
#4432=ORIENTED_EDGE('',*,*,#3122,.F.);
#4433=ORIENTED_EDGE('',*,*,#3133,.T.);
#4434=ORIENTED_EDGE('',*,*,#3134,.F.);
#4435=ORIENTED_EDGE('',*,*,#3130,.T.);
#4436=ORIENTED_EDGE('',*,*,#3127,.T.);
#4437=ORIENTED_EDGE('',*,*,#3126,.F.);
#4438=ORIENTED_EDGE('',*,*,#3129,.T.);
#4439=ORIENTED_EDGE('',*,*,#3132,.T.);
#4440=ORIENTED_EDGE('',*,*,#3135,.T.);
#4441=ORIENTED_EDGE('',*,*,#3136,.T.);
#4442=ORIENTED_EDGE('',*,*,#3120,.T.);
#4443=ORIENTED_EDGE('',*,*,#3137,.T.);
#4444=ORIENTED_EDGE('',*,*,#2709,.F.);
#4445=ORIENTED_EDGE('',*,*,#2705,.F.);
#4446=ORIENTED_EDGE('',*,*,#2838,.F.);
#4447=ORIENTED_EDGE('',*,*,#2696,.F.);
#4448=ORIENTED_EDGE('',*,*,#2704,.T.);
#4449=ORIENTED_EDGE('',*,*,#3138,.T.);
#4450=ORIENTED_EDGE('',*,*,#3135,.F.);
#4451=ORIENTED_EDGE('',*,*,#3131,.T.);
#4452=ORIENTED_EDGE('',*,*,#3134,.T.);
#4453=ORIENTED_EDGE('',*,*,#3139,.T.);
#4454=ORIENTED_EDGE('',*,*,#2698,.F.);
#4455=ORIENTED_EDGE('',*,*,#2694,.F.);
#4456=ORIENTED_EDGE('',*,*,#2839,.F.);
#4457=ORIENTED_EDGE('',*,*,#2707,.F.);
#4458=ORIENTED_EDGE('',*,*,#2715,.T.);
#4459=ORIENTED_EDGE('',*,*,#3086,.T.);
#4460=ORIENTED_EDGE('',*,*,#3082,.T.);
#4461=ORIENTED_EDGE('',*,*,#3110,.T.);
#4462=ORIENTED_EDGE('',*,*,#2738,.T.);
#4463=ORIENTED_EDGE('',*,*,#2710,.F.);
#4464=ORIENTED_EDGE('',*,*,#3137,.F.);
#4465=ORIENTED_EDGE('',*,*,#3133,.F.);
#4466=ORIENTED_EDGE('',*,*,#3121,.F.);
#4467=ORIENTED_EDGE('',*,*,#3136,.F.);
#4468=ORIENTED_EDGE('',*,*,#3138,.F.);
#4469=ORIENTED_EDGE('',*,*,#2703,.F.);
#4470=ORIENTED_EDGE('',*,*,#2797,.F.);
#4471=ORIENTED_EDGE('',*,*,#3111,.T.);
#4472=ORIENTED_EDGE('',*,*,#3096,.F.);
#4473=ORIENTED_EDGE('',*,*,#3102,.T.);
#4474=ORIENTED_EDGE('',*,*,#3099,.T.);
#4475=ORIENTED_EDGE('',*,*,#3112,.T.);
#4476=ORIENTED_EDGE('',*,*,#2782,.T.);
#4477=ORIENTED_EDGE('',*,*,#2699,.F.);
#4478=ORIENTED_EDGE('',*,*,#3139,.F.);
#4479=ORIENTED_EDGE('',*,*,#2714,.F.);
#4480=ORIENTED_EDGE('',*,*,#3113,.F.);
#4481=ORIENTED_EDGE('',*,*,#3108,.T.);
#4482=ORIENTED_EDGE('',*,*,#3079,.F.);
#4483=ORIENTED_EDGE('',*,*,#2893,.F.);
#4484=ORIENTED_EDGE('',*,*,#2902,.F.);
#4485=ORIENTED_EDGE('',*,*,#2894,.F.);
#4486=ORIENTED_EDGE('',*,*,#2885,.F.);
#4487=ORIENTED_EDGE('',*,*,#2889,.F.);
#4488=ORIENTED_EDGE('',*,*,#2891,.F.);
#4489=ORIENTED_EDGE('',*,*,#2911,.F.);
#4490=ORIENTED_EDGE('',*,*,#2863,.F.);
#4491=ORIENTED_EDGE('',*,*,#2865,.F.);
#4492=ORIENTED_EDGE('',*,*,#2830,.F.);
#4493=ORIENTED_EDGE('',*,*,#2954,.F.);
#4494=ORIENTED_EDGE('',*,*,#2825,.F.);
#4495=ORIENTED_EDGE('',*,*,#3032,.T.);
#4496=ORIENTED_EDGE('',*,*,#3037,.T.);
#4497=ORIENTED_EDGE('',*,*,#3140,.T.);
#4498=ORIENTED_EDGE('',*,*,#3141,.T.);
#4499=ORIENTED_EDGE('',*,*,#3142,.T.);
#4500=ORIENTED_EDGE('',*,*,#3143,.T.);
#4501=ORIENTED_EDGE('',*,*,#3142,.F.);
#4502=ORIENTED_EDGE('',*,*,#3144,.F.);
#4503=ORIENTED_EDGE('',*,*,#3145,.F.);
#4504=ORIENTED_EDGE('',*,*,#3146,.F.);
#4505=ORIENTED_EDGE('',*,*,#3147,.F.);
#4506=ORIENTED_EDGE('',*,*,#3148,.F.);
#4507=ORIENTED_EDGE('',*,*,#3149,.T.);
#4508=ORIENTED_EDGE('',*,*,#3141,.F.);
#4509=ORIENTED_EDGE('',*,*,#3150,.T.);
#4510=ORIENTED_EDGE('',*,*,#3151,.T.);
#4511=ORIENTED_EDGE('',*,*,#3144,.T.);
#4512=ORIENTED_EDGE('',*,*,#3152,.T.);
#4513=ORIENTED_EDGE('',*,*,#3153,.T.);
#4514=ORIENTED_EDGE('',*,*,#3154,.T.);
#4515=ORIENTED_EDGE('',*,*,#3155,.T.);
#4516=ORIENTED_EDGE('',*,*,#3154,.F.);
#4517=ORIENTED_EDGE('',*,*,#3156,.T.);
#4518=ORIENTED_EDGE('',*,*,#3157,.T.);
#4519=ORIENTED_EDGE('',*,*,#3158,.T.);
#4520=ORIENTED_EDGE('',*,*,#3159,.T.);
#4521=ORIENTED_EDGE('',*,*,#3160,.T.);
#4522=ORIENTED_EDGE('',*,*,#3157,.F.);
#4523=ORIENTED_EDGE('',*,*,#3161,.T.);
#4524=ORIENTED_EDGE('',*,*,#3159,.F.);
#4525=ORIENTED_EDGE('',*,*,#3162,.F.);
#4526=ORIENTED_EDGE('',*,*,#3163,.F.);
#4527=ORIENTED_EDGE('',*,*,#3164,.F.);
#4528=ORIENTED_EDGE('',*,*,#3165,.T.);
#4529=ORIENTED_EDGE('',*,*,#3166,.F.);
#4530=ORIENTED_EDGE('',*,*,#3167,.F.);
#4531=ORIENTED_EDGE('',*,*,#3161,.F.);
#4532=ORIENTED_EDGE('',*,*,#3168,.F.);
#4533=ORIENTED_EDGE('',*,*,#3169,.F.);
#4534=ORIENTED_EDGE('',*,*,#3162,.T.);
#4535=ORIENTED_EDGE('',*,*,#3156,.F.);
#4536=ORIENTED_EDGE('',*,*,#3170,.T.);
#4537=ORIENTED_EDGE('',*,*,#3171,.T.);
#4538=ORIENTED_EDGE('',*,*,#3168,.T.);
#4539=ORIENTED_EDGE('',*,*,#3153,.F.);
#4540=ORIENTED_EDGE('',*,*,#3172,.F.);
#4541=ORIENTED_EDGE('',*,*,#3173,.F.);
#4542=ORIENTED_EDGE('',*,*,#3170,.F.);
#4543=ORIENTED_EDGE('',*,*,#3174,.T.);
#4544=ORIENTED_EDGE('',*,*,#3175,.T.);
#4545=ORIENTED_EDGE('',*,*,#3176,.T.);
#4546=ORIENTED_EDGE('',*,*,#3177,.T.);
#4547=ORIENTED_EDGE('',*,*,#3176,.F.);
#4548=ORIENTED_EDGE('',*,*,#3178,.T.);
#4549=ORIENTED_EDGE('',*,*,#3179,.T.);
#4550=ORIENTED_EDGE('',*,*,#3180,.T.);
#4551=ORIENTED_EDGE('',*,*,#3181,.T.);
#4552=ORIENTED_EDGE('',*,*,#3182,.T.);
#4553=ORIENTED_EDGE('',*,*,#3179,.F.);
#4554=ORIENTED_EDGE('',*,*,#3183,.T.);
#4555=ORIENTED_EDGE('',*,*,#3181,.F.);
#4556=ORIENTED_EDGE('',*,*,#3184,.F.);
#4557=ORIENTED_EDGE('',*,*,#3185,.F.);
#4558=ORIENTED_EDGE('',*,*,#3186,.F.);
#4559=ORIENTED_EDGE('',*,*,#3187,.T.);
#4560=ORIENTED_EDGE('',*,*,#3188,.F.);
#4561=ORIENTED_EDGE('',*,*,#3189,.F.);
#4562=ORIENTED_EDGE('',*,*,#3183,.F.);
#4563=ORIENTED_EDGE('',*,*,#3190,.F.);
#4564=ORIENTED_EDGE('',*,*,#3191,.F.);
#4565=ORIENTED_EDGE('',*,*,#3184,.T.);
#4566=ORIENTED_EDGE('',*,*,#3178,.F.);
#4567=ORIENTED_EDGE('',*,*,#3192,.T.);
#4568=ORIENTED_EDGE('',*,*,#3193,.T.);
#4569=ORIENTED_EDGE('',*,*,#3190,.T.);
#4570=ORIENTED_EDGE('',*,*,#3175,.F.);
#4571=ORIENTED_EDGE('',*,*,#3194,.F.);
#4572=ORIENTED_EDGE('',*,*,#3195,.F.);
#4573=ORIENTED_EDGE('',*,*,#3192,.F.);
#4574=ORIENTED_EDGE('',*,*,#3140,.F.);
#4575=ORIENTED_EDGE('',*,*,#3196,.F.);
#4576=ORIENTED_EDGE('',*,*,#3197,.F.);
#4577=ORIENTED_EDGE('',*,*,#3198,.F.);
#4578=ORIENTED_EDGE('',*,*,#3199,.T.);
#4579=ORIENTED_EDGE('',*,*,#3200,.F.);
#4580=ORIENTED_EDGE('',*,*,#3150,.F.);
#4581=ORIENTED_EDGE('',*,*,#3143,.F.);
#4582=ORIENTED_EDGE('',*,*,#3149,.F.);
#4583=ORIENTED_EDGE('',*,*,#3201,.F.);
#4584=ORIENTED_EDGE('',*,*,#3196,.T.);
#4585=ORIENTED_EDGE('',*,*,#3155,.F.);
#4586=ORIENTED_EDGE('',*,*,#3202,.T.);
#4587=ORIENTED_EDGE('',*,*,#3203,.T.);
#4588=ORIENTED_EDGE('',*,*,#3204,.T.);
#4589=ORIENTED_EDGE('',*,*,#3158,.F.);
#4590=ORIENTED_EDGE('',*,*,#3205,.T.);
#4591=ORIENTED_EDGE('',*,*,#3206,.T.);
#4592=ORIENTED_EDGE('',*,*,#3202,.F.);
#4593=ORIENTED_EDGE('',*,*,#3160,.F.);
#4594=ORIENTED_EDGE('',*,*,#3167,.T.);
#4595=ORIENTED_EDGE('',*,*,#3207,.T.);
#4596=ORIENTED_EDGE('',*,*,#3205,.F.);
#4597=ORIENTED_EDGE('',*,*,#3182,.F.);
#4598=ORIENTED_EDGE('',*,*,#3189,.T.);
#4599=ORIENTED_EDGE('',*,*,#3208,.T.);
#4600=ORIENTED_EDGE('',*,*,#3209,.T.);
#4601=ORIENTED_EDGE('',*,*,#3180,.F.);
#4602=ORIENTED_EDGE('',*,*,#3209,.F.);
#4603=ORIENTED_EDGE('',*,*,#3210,.T.);
#4604=ORIENTED_EDGE('',*,*,#3211,.T.);
#4605=ORIENTED_EDGE('',*,*,#3177,.F.);
#4606=ORIENTED_EDGE('',*,*,#3211,.F.);
#4607=ORIENTED_EDGE('',*,*,#3212,.T.);
#4608=ORIENTED_EDGE('',*,*,#3213,.T.);
#4609=ORIENTED_EDGE('',*,*,#3212,.F.);
#4610=ORIENTED_EDGE('',*,*,#3210,.F.);
#4611=ORIENTED_EDGE('',*,*,#3208,.F.);
#4612=ORIENTED_EDGE('',*,*,#3188,.T.);
#4613=ORIENTED_EDGE('',*,*,#3214,.T.);
#4614=ORIENTED_EDGE('',*,*,#3215,.F.);
#4615=ORIENTED_EDGE('',*,*,#3216,.T.);
#4616=ORIENTED_EDGE('',*,*,#3217,.T.);
#4617=ORIENTED_EDGE('',*,*,#3218,.F.);
#4618=ORIENTED_EDGE('',*,*,#3219,.T.);
#4619=ORIENTED_EDGE('',*,*,#3220,.F.);
#4620=ORIENTED_EDGE('',*,*,#3221,.F.);
#4621=ORIENTED_EDGE('',*,*,#3222,.F.);
#4622=ORIENTED_EDGE('',*,*,#3221,.T.);
#4623=ORIENTED_EDGE('',*,*,#3223,.F.);
#4624=ORIENTED_EDGE('',*,*,#3224,.F.);
#4625=ORIENTED_EDGE('',*,*,#3225,.F.);
#4626=ORIENTED_EDGE('',*,*,#3224,.T.);
#4627=ORIENTED_EDGE('',*,*,#3226,.F.);
#4628=ORIENTED_EDGE('',*,*,#3227,.F.);
#4629=ORIENTED_EDGE('',*,*,#3228,.F.);
#4630=ORIENTED_EDGE('',*,*,#3227,.T.);
#4631=ORIENTED_EDGE('',*,*,#3229,.F.);
#4632=ORIENTED_EDGE('',*,*,#3230,.F.);
#4633=ORIENTED_EDGE('',*,*,#3231,.F.);
#4634=ORIENTED_EDGE('',*,*,#3230,.T.);
#4635=ORIENTED_EDGE('',*,*,#3232,.F.);
#4636=ORIENTED_EDGE('',*,*,#3233,.F.);
#4637=ORIENTED_EDGE('',*,*,#3234,.F.);
#4638=ORIENTED_EDGE('',*,*,#3233,.T.);
#4639=ORIENTED_EDGE('',*,*,#3235,.F.);
#4640=ORIENTED_EDGE('',*,*,#3219,.F.);
#4641=ORIENTED_EDGE('',*,*,#3236,.T.);
#4642=ORIENTED_EDGE('',*,*,#3237,.T.);
#4643=ORIENTED_EDGE('',*,*,#3238,.T.);
#4644=ORIENTED_EDGE('',*,*,#3239,.T.);
#4645=ORIENTED_EDGE('',*,*,#3240,.T.);
#4646=ORIENTED_EDGE('',*,*,#3241,.T.);
#4647=ORIENTED_EDGE('',*,*,#3235,.T.);
#4648=ORIENTED_EDGE('',*,*,#3232,.T.);
#4649=ORIENTED_EDGE('',*,*,#3229,.T.);
#4650=ORIENTED_EDGE('',*,*,#3226,.T.);
#4651=ORIENTED_EDGE('',*,*,#3223,.T.);
#4652=ORIENTED_EDGE('',*,*,#3220,.T.);
#4653=ORIENTED_EDGE('',*,*,#3242,.T.);
#4654=ORIENTED_EDGE('',*,*,#3243,.T.);
#4655=ORIENTED_EDGE('',*,*,#3244,.T.);
#4656=ORIENTED_EDGE('',*,*,#3245,.T.);
#4657=ORIENTED_EDGE('',*,*,#3242,.F.);
#4658=ORIENTED_EDGE('',*,*,#3246,.T.);
#4659=ORIENTED_EDGE('',*,*,#3247,.T.);
#4660=ORIENTED_EDGE('',*,*,#3245,.F.);
#4661=ORIENTED_EDGE('',*,*,#3248,.F.);
#4662=ORIENTED_EDGE('',*,*,#3165,.F.);
#4663=ORIENTED_EDGE('',*,*,#3249,.F.);
#4664=ORIENTED_EDGE('',*,*,#3250,.T.);
#4665=ORIENTED_EDGE('',*,*,#3251,.T.);
#4666=ORIENTED_EDGE('',*,*,#3215,.T.);
#4667=ORIENTED_EDGE('',*,*,#3252,.T.);
#4668=ORIENTED_EDGE('',*,*,#3250,.F.);
#4669=ORIENTED_EDGE('',*,*,#3253,.T.);
#4670=ORIENTED_EDGE('',*,*,#3254,.T.);
#4671=ORIENTED_EDGE('',*,*,#3252,.F.);
#4672=ORIENTED_EDGE('',*,*,#3214,.F.);
#4673=ORIENTED_EDGE('',*,*,#3187,.F.);
#4674=ORIENTED_EDGE('',*,*,#3255,.F.);
#4675=ORIENTED_EDGE('',*,*,#3254,.F.);
#4676=ORIENTED_EDGE('',*,*,#3256,.T.);
#4677=ORIENTED_EDGE('',*,*,#3257,.T.);
#4678=ORIENTED_EDGE('',*,*,#3258,.T.);
#4679=ORIENTED_EDGE('',*,*,#3253,.F.);
#4680=ORIENTED_EDGE('',*,*,#3255,.T.);
#4681=ORIENTED_EDGE('',*,*,#3186,.T.);
#4682=ORIENTED_EDGE('',*,*,#3259,.T.);
#4683=ORIENTED_EDGE('',*,*,#3260,.F.);
#4684=ORIENTED_EDGE('',*,*,#3261,.T.);
#4685=ORIENTED_EDGE('',*,*,#3262,.F.);
#4686=ORIENTED_EDGE('',*,*,#3263,.T.);
#4687=ORIENTED_EDGE('',*,*,#3264,.T.);
#4688=ORIENTED_EDGE('',*,*,#3265,.T.);
#4689=ORIENTED_EDGE('',*,*,#3197,.T.);
#4690=ORIENTED_EDGE('',*,*,#3201,.T.);
#4691=ORIENTED_EDGE('',*,*,#3148,.T.);
#4692=ORIENTED_EDGE('',*,*,#3266,.F.);
#4693=ORIENTED_EDGE('',*,*,#3267,.T.);
#4694=ORIENTED_EDGE('',*,*,#3256,.F.);
#4695=ORIENTED_EDGE('',*,*,#3259,.F.);
#4696=ORIENTED_EDGE('',*,*,#3185,.T.);
#4697=ORIENTED_EDGE('',*,*,#3191,.T.);
#4698=ORIENTED_EDGE('',*,*,#3193,.F.);
#4699=ORIENTED_EDGE('',*,*,#3195,.T.);
#4700=ORIENTED_EDGE('',*,*,#3268,.T.);
#4701=ORIENTED_EDGE('',*,*,#3269,.F.);
#4702=ORIENTED_EDGE('',*,*,#3270,.F.);
#4703=ORIENTED_EDGE('',*,*,#3163,.T.);
#4704=ORIENTED_EDGE('',*,*,#3169,.T.);
#4705=ORIENTED_EDGE('',*,*,#3171,.F.);
#4706=ORIENTED_EDGE('',*,*,#3173,.T.);
#4707=ORIENTED_EDGE('',*,*,#3247,.F.);
#4708=ORIENTED_EDGE('',*,*,#3269,.T.);
#4709=ORIENTED_EDGE('',*,*,#3271,.T.);
#4710=ORIENTED_EDGE('',*,*,#3272,.T.);
#4711=ORIENTED_EDGE('',*,*,#3246,.F.);
#4712=ORIENTED_EDGE('',*,*,#3249,.T.);
#4713=ORIENTED_EDGE('',*,*,#3164,.T.);
#4714=ORIENTED_EDGE('',*,*,#3270,.T.);
#4715=ORIENTED_EDGE('',*,*,#3147,.T.);
#4716=ORIENTED_EDGE('',*,*,#3273,.T.);
#4717=ORIENTED_EDGE('',*,*,#3198,.T.);
#4718=ORIENTED_EDGE('',*,*,#3266,.T.);
#4719=ORIENTED_EDGE('',*,*,#3273,.F.);
#4720=ORIENTED_EDGE('',*,*,#3146,.T.);
#4721=ORIENTED_EDGE('',*,*,#3274,.F.);
#4722=ORIENTED_EDGE('',*,*,#3199,.F.);
#4723=ORIENTED_EDGE('',*,*,#3174,.F.);
#4724=ORIENTED_EDGE('',*,*,#3213,.F.);
#4725=ORIENTED_EDGE('',*,*,#3217,.F.);
#4726=ORIENTED_EDGE('',*,*,#3275,.F.);
#4727=ORIENTED_EDGE('',*,*,#3257,.F.);
#4728=ORIENTED_EDGE('',*,*,#3267,.F.);
#4729=ORIENTED_EDGE('',*,*,#3194,.T.);
#4730=ORIENTED_EDGE('',*,*,#3251,.F.);
#4731=ORIENTED_EDGE('',*,*,#3258,.F.);
#4732=ORIENTED_EDGE('',*,*,#3275,.T.);
#4733=ORIENTED_EDGE('',*,*,#3216,.F.);
#4734=ORIENTED_EDGE('',*,*,#3152,.F.);
#4735=ORIENTED_EDGE('',*,*,#3204,.F.);
#4736=ORIENTED_EDGE('',*,*,#3276,.F.);
#4737=ORIENTED_EDGE('',*,*,#3277,.F.);
#4738=ORIENTED_EDGE('',*,*,#3271,.F.);
#4739=ORIENTED_EDGE('',*,*,#3268,.F.);
#4740=ORIENTED_EDGE('',*,*,#3172,.T.);
#4741=ORIENTED_EDGE('',*,*,#3243,.F.);
#4742=ORIENTED_EDGE('',*,*,#3272,.F.);
#4743=ORIENTED_EDGE('',*,*,#3277,.T.);
#4744=ORIENTED_EDGE('',*,*,#3278,.F.);
#4745=ORIENTED_EDGE('',*,*,#3207,.F.);
#4746=ORIENTED_EDGE('',*,*,#3166,.T.);
#4747=ORIENTED_EDGE('',*,*,#3248,.T.);
#4748=ORIENTED_EDGE('',*,*,#3244,.F.);
#4749=ORIENTED_EDGE('',*,*,#3278,.T.);
#4750=ORIENTED_EDGE('',*,*,#3276,.T.);
#4751=ORIENTED_EDGE('',*,*,#3203,.F.);
#4752=ORIENTED_EDGE('',*,*,#3206,.F.);
#4753=ORIENTED_EDGE('',*,*,#3151,.F.);
#4754=ORIENTED_EDGE('',*,*,#3200,.T.);
#4755=ORIENTED_EDGE('',*,*,#3274,.T.);
#4756=ORIENTED_EDGE('',*,*,#3145,.T.);
#4757=ORIENTED_EDGE('',*,*,#3261,.F.);
#4758=ORIENTED_EDGE('',*,*,#3279,.T.);
#4759=ORIENTED_EDGE('',*,*,#3239,.F.);
#4760=ORIENTED_EDGE('',*,*,#3280,.F.);
#4761=ORIENTED_EDGE('',*,*,#3262,.T.);
#4762=ORIENTED_EDGE('',*,*,#3280,.T.);
#4763=ORIENTED_EDGE('',*,*,#3238,.F.);
#4764=ORIENTED_EDGE('',*,*,#3281,.F.);
#4765=ORIENTED_EDGE('',*,*,#3263,.F.);
#4766=ORIENTED_EDGE('',*,*,#3281,.T.);
#4767=ORIENTED_EDGE('',*,*,#3237,.F.);
#4768=ORIENTED_EDGE('',*,*,#3282,.F.);
#4769=ORIENTED_EDGE('',*,*,#3264,.F.);
#4770=ORIENTED_EDGE('',*,*,#3282,.T.);
#4771=ORIENTED_EDGE('',*,*,#3236,.F.);
#4772=ORIENTED_EDGE('',*,*,#3283,.F.);
#4773=ORIENTED_EDGE('',*,*,#3265,.F.);
#4774=ORIENTED_EDGE('',*,*,#3283,.T.);
#4775=ORIENTED_EDGE('',*,*,#3241,.F.);
#4776=ORIENTED_EDGE('',*,*,#3284,.F.);
#4777=ORIENTED_EDGE('',*,*,#3260,.T.);
#4778=ORIENTED_EDGE('',*,*,#3284,.T.);
#4779=ORIENTED_EDGE('',*,*,#3240,.F.);
#4780=ORIENTED_EDGE('',*,*,#3279,.F.);
#4781=ORIENTED_EDGE('',*,*,#3218,.T.);
#4782=ORIENTED_EDGE('',*,*,#3222,.T.);
#4783=ORIENTED_EDGE('',*,*,#3225,.T.);
#4784=ORIENTED_EDGE('',*,*,#3228,.T.);
#4785=ORIENTED_EDGE('',*,*,#3231,.T.);
#4786=ORIENTED_EDGE('',*,*,#3234,.T.);
#4787=PLANE('',#5235);
#4788=PLANE('',#5236);
#4789=PLANE('',#5237);
#4790=PLANE('',#5238);
#4791=PLANE('',#5239);
#4792=PLANE('',#5240);
#4793=PLANE('',#5244);
#4794=PLANE('',#5248);
#4795=PLANE('',#5252);
#4796=PLANE('',#5256);
#4797=PLANE('',#5269);
#4798=PLANE('',#5270);
#4799=PLANE('',#5274);
#4800=PLANE('',#5278);
#4801=PLANE('',#5291);
#4802=PLANE('',#5302);
#4803=PLANE('',#5303);
#4804=PLANE('',#5305);
#4805=PLANE('',#5326);
#4806=PLANE('',#5330);
#4807=PLANE('',#5334);
#4808=PLANE('',#5338);
#4809=PLANE('',#5339);
#4810=PLANE('',#5349);
#4811=PLANE('',#5352);
#4812=PLANE('',#5356);
#4813=PLANE('',#5360);
#4814=PLANE('',#5364);
#4815=PLANE('',#5365);
#4816=PLANE('',#5372);
#4817=PLANE('',#5375);
#4818=PLANE('',#5380);
#4819=PLANE('',#5384);
#4820=PLANE('',#5403);
#4821=PLANE('',#5404);
#4822=PLANE('',#5409);
#4823=PLANE('',#5421);
#4824=PLANE('',#5425);
#4825=PLANE('',#5428);
#4826=PLANE('',#5433);
#4827=PLANE('',#5435);
#4828=PLANE('',#5436);
#4829=PLANE('',#5439);
#4830=PLANE('',#5440);
#4831=PLANE('',#5441);
#4832=PLANE('',#5444);
#4833=PLANE('',#5449);
#4834=PLANE('',#5450);
#4835=PLANE('',#5453);
#4836=PLANE('',#5454);
#4837=PLANE('',#5457);
#4838=PLANE('',#5458);
#4839=PLANE('',#5461);
#4840=PLANE('',#5462);
#4841=PLANE('',#5463);
#4842=PLANE('',#5466);
#4843=PLANE('',#5467);
#4844=PLANE('',#5470);
#4845=PLANE('',#5471);
#4846=PLANE('',#5474);
#4847=PLANE('',#5478);
#4848=PLANE('',#5482);
#4849=PLANE('',#5486);
#4850=PLANE('',#5508);
#4851=PLANE('',#5509);
#4852=PLANE('',#5510);
#4853=PLANE('',#5511);
#4854=PLANE('',#5512);
#4855=PLANE('',#5513);
#4856=PLANE('',#5514);
#4857=PLANE('',#5515);
#4858=PLANE('',#5516);
#4859=PLANE('',#5517);
#4860=PLANE('',#5519);
#4861=PLANE('',#5523);
#4862=PLANE('',#5524);
#4863=PLANE('',#5525);
#4864=PLANE('',#5526);
#4865=PLANE('',#5527);
#4866=PLANE('',#5528);
#4867=PLANE('',#5529);
#4868=PLANE('',#5536);
#4869=PLANE('',#5541);
#4870=PLANE('',#5545);
#4871=PLANE('',#5551);
#4872=PLANE('',#5552);
#4873=PLANE('',#5553);
#4874=PLANE('',#5554);
#4875=PLANE('',#5555);
#4876=PLANE('',#5556);
#4877=PLANE('',#5557);
#4878=PLANE('',#5558);
#4879=PLANE('',#5559);
#4880=PLANE('',#5560);
#4881=PLANE('',#5561);
#4882=PLANE('',#5562);
#4883=PLANE('',#5563);
#4884=PLANE('',#5564);
#4885=PLANE('',#5565);
#4886=PLANE('',#5566);
#4887=PLANE('',#5567);
#4888=PLANE('',#5568);
#4889=PLANE('',#5569);
#4890=PLANE('',#5570);
#4891=PLANE('',#5571);
#4892=PLANE('',#5572);
#4893=PLANE('',#5573);
#4894=PLANE('',#5574);
#4895=PLANE('',#5575);
#4896=PLANE('',#5576);
#4897=PLANE('',#5577);
#4898=PLANE('',#5578);
#4899=PLANE('',#5579);
#4900=PLANE('',#5580);
#4901=PLANE('',#5581);
#4902=PLANE('',#5585);
#4903=PLANE('',#5587);
#4904=PLANE('',#5590);
#4905=PLANE('',#5591);
#4906=PLANE('',#5592);
#4907=PLANE('',#5593);
#4908=PLANE('',#5594);
#4909=PLANE('',#5595);
#4910=PLANE('',#5596);
#4911=PLANE('',#5597);
#4912=PLANE('',#5598);
#4913=PLANE('',#5602);
#4914=PLANE('',#5604);
#4915=PLANE('',#5613);
#4916=PLANE('',#5615);
#4917=PLANE('',#5618);
#4918=PLANE('',#5627);
#4919=PLANE('',#5629);
#4920=PLANE('',#5632);
#4921=PLANE('',#5633);
#4922=PLANE('',#5635);
#4923=PLANE('',#5636);
#4924=PLANE('',#5639);
#4925=PLANE('',#5640);
#4926=PLANE('',#5643);
#4927=PLANE('',#5644);
#4928=PLANE('',#5646);
#4929=PLANE('',#5647);
#4930=PLANE('',#5648);
#4931=PLANE('',#5652);
#4932=PLANE('',#5656);
#4933=PLANE('',#5665);
#4934=PLANE('',#5671);
#4935=PLANE('',#5675);
#4936=PLANE('',#5682);
#4937=PLANE('',#5683);
#4938=PLANE('',#5684);
#4939=PLANE('',#5685);
#4940=PLANE('',#5686);
#4941=PLANE('',#5687);
#4942=PLANE('',#5688);
#4943=PLANE('',#5689);
#4944=PLANE('',#5691);
#4945=PLANE('',#5692);
#4946=PLANE('',#5693);
#4947=PLANE('',#5695);
#4948=ADVANCED_FACE('',(#397),#4787,.F.);
#4949=ADVANCED_FACE('',(#398),#393,.F.);
#4950=ADVANCED_FACE('',(#399),#394,.F.);
#4951=ADVANCED_FACE('',(#400),#4788,.F.);
#4952=ADVANCED_FACE('',(#401),#395,.F.);
#4953=ADVANCED_FACE('',(#402),#4789,.F.);
#4954=ADVANCED_FACE('',(#403),#4790,.F.);
#4955=ADVANCED_FACE('',(#404),#4791,.F.);
#4956=ADVANCED_FACE('',(#405),#4792,.T.);
#4957=ADVANCED_FACE('',(#406),#281,.F.);
#4958=ADVANCED_FACE('',(#407),#4793,.F.);
#4959=ADVANCED_FACE('',(#408),#282,.F.);
#4960=ADVANCED_FACE('',(#409),#4794,.F.);
#4961=ADVANCED_FACE('',(#410),#283,.F.);
#4962=ADVANCED_FACE('',(#411),#4795,.F.);
#4963=ADVANCED_FACE('',(#412),#284,.F.);
#4964=ADVANCED_FACE('',(#413),#4796,.F.);
#4965=ADVANCED_FACE('',(#414),#285,.F.);
#4966=ADVANCED_FACE('',(#415),#286,.F.);
#4967=ADVANCED_FACE('',(#416),#287,.F.);
#4968=ADVANCED_FACE('',(#417),#288,.F.);
#4969=ADVANCED_FACE('',(#418),#4797,.F.);
#4970=ADVANCED_FACE('',(#419),#4798,.F.);
#4971=ADVANCED_FACE('',(#420),#289,.F.);
#4972=ADVANCED_FACE('',(#421),#4799,.F.);
#4973=ADVANCED_FACE('',(#422),#290,.F.);
#4974=ADVANCED_FACE('',(#423),#4800,.F.);
#4975=ADVANCED_FACE('',(#424),#291,.F.);
#4976=ADVANCED_FACE('',(#425),#292,.F.);
#4977=ADVANCED_FACE('',(#426),#79,.F.);
#4978=ADVANCED_FACE('',(#427),#396,.T.);
#4979=ADVANCED_FACE('',(#428,#32,#33,#34),#4801,.F.);
#4980=ADVANCED_FACE('',(#429),#26,.T.);
#4981=ADVANCED_FACE('',(#430),#80,.F.);
#4982=ADVANCED_FACE('',(#431),#27,.T.);
#4983=ADVANCED_FACE('',(#432),#4802,.T.);
#4984=ADVANCED_FACE('',(#433),#4803,.T.);
#4985=ADVANCED_FACE('',(#434),#293,.F.);
#4986=ADVANCED_FACE('',(#435,#35),#4804,.F.);
#4987=ADVANCED_FACE('',(#436),#294,.F.);
#4988=ADVANCED_FACE('',(#437),#295,.F.);
#4989=ADVANCED_FACE('',(#438),#296,.F.);
#4990=ADVANCED_FACE('',(#439),#297,.F.);
#4991=ADVANCED_FACE('',(#440),#298,.F.);
#4992=ADVANCED_FACE('',(#441),#299,.F.);
#4993=ADVANCED_FACE('',(#442),#4805,.T.);
#4994=ADVANCED_FACE('',(#443),#300,.F.);
#4995=ADVANCED_FACE('',(#444),#4806,.T.);
#4996=ADVANCED_FACE('',(#445),#301,.F.);
#4997=ADVANCED_FACE('',(#446),#4807,.F.);
#4998=ADVANCED_FACE('',(#447),#302,.T.);
#4999=ADVANCED_FACE('',(#448),#4808,.T.);
#5000=ADVANCED_FACE('',(#449),#4809,.T.);
#5001=ADVANCED_FACE('',(#450),#303,.T.);
#5002=ADVANCED_FACE('',(#451),#304,.F.);
#5003=ADVANCED_FACE('',(#452),#4810,.T.);
#5004=ADVANCED_FACE('',(#453),#305,.F.);
#5005=ADVANCED_FACE('',(#454),#4811,.T.);
#5006=ADVANCED_FACE('',(#455),#306,.F.);
#5007=ADVANCED_FACE('',(#456),#4812,.F.);
#5008=ADVANCED_FACE('',(#457),#307,.F.);
#5009=ADVANCED_FACE('',(#458),#4813,.F.);
#5010=ADVANCED_FACE('',(#459),#308,.T.);
#5011=ADVANCED_FACE('',(#460),#4814,.T.);
#5012=ADVANCED_FACE('',(#461),#4815,.T.);
#5013=ADVANCED_FACE('',(#462),#309,.F.);
#5014=ADVANCED_FACE('',(#463),#4816,.T.);
#5015=ADVANCED_FACE('',(#464),#310,.T.);
#5016=ADVANCED_FACE('',(#465),#4817,.T.);
#5017=ADVANCED_FACE('',(#466),#311,.F.);
#5018=ADVANCED_FACE('',(#467),#4818,.F.);
#5019=ADVANCED_FACE('',(#468),#312,.F.);
#5020=ADVANCED_FACE('',(#469),#313,.F.);
#5021=ADVANCED_FACE('',(#470),#4819,.F.);
#5022=ADVANCED_FACE('',(#471),#314,.F.);
#5023=ADVANCED_FACE('',(#472),#21,.F.);
#5024=ADVANCED_FACE('',(#473),#315,.F.);
#5025=ADVANCED_FACE('',(#474),#22,.F.);
#5026=ADVANCED_FACE('',(#475),#316,.F.);
#5027=ADVANCED_FACE('',(#476),#317,.F.);
#5028=ADVANCED_FACE('',(#477),#318,.F.);
#5029=ADVANCED_FACE('',(#478),#319,.F.);
#5030=ADVANCED_FACE('',(#479,#36,#37),#4820,.T.);
#5031=ADVANCED_FACE('',(#480,#38,#39,#40),#4821,.T.);
#5032=ADVANCED_FACE('',(#481,#41,#42,#43,#44),#4822,.T.);
#5033=ADVANCED_FACE('',(#482),#320,.T.);
#5034=ADVANCED_FACE('',(#483),#28,.F.);
#5035=ADVANCED_FACE('',(#484),#321,.T.);
#5036=ADVANCED_FACE('',(#485),#29,.F.);
#5037=ADVANCED_FACE('',(#486),#322,.T.);
#5038=ADVANCED_FACE('',(#487,#45,#46),#4823,.T.);
#5039=ADVANCED_FACE('',(#488),#323,.T.);
#5040=ADVANCED_FACE('',(#489,#47,#48,#49),#4824,.T.);
#5041=ADVANCED_FACE('',(#490),#324,.T.);
#5042=ADVANCED_FACE('',(#491,#50,#51,#52,#53),#4825,.T.);
#5043=ADVANCED_FACE('',(#492,#54,#55),#4826,.T.);
#5044=ADVANCED_FACE('',(#493),#4827,.T.);
#5045=ADVANCED_FACE('',(#494),#4828,.T.);
#5046=ADVANCED_FACE('',(#495,#56,#57,#58,#59),#4829,.T.);
#5047=ADVANCED_FACE('',(#496),#4830,.T.);
#5048=ADVANCED_FACE('',(#497),#4831,.T.);
#5049=ADVANCED_FACE('',(#498),#4832,.T.);
#5050=ADVANCED_FACE('',(#499),#4833,.T.);
#5051=ADVANCED_FACE('',(#500),#4834,.T.);
#5052=ADVANCED_FACE('',(#501),#4835,.T.);
#5053=ADVANCED_FACE('',(#502),#4836,.T.);
#5054=ADVANCED_FACE('',(#503),#4837,.T.);
#5055=ADVANCED_FACE('',(#504),#4838,.T.);
#5056=ADVANCED_FACE('',(#505,#60,#61,#62,#63),#4839,.T.);
#5057=ADVANCED_FACE('',(#506),#4840,.T.);
#5058=ADVANCED_FACE('',(#507),#4841,.T.);
#5059=ADVANCED_FACE('',(#508),#4842,.T.);
#5060=ADVANCED_FACE('',(#509),#4843,.T.);
#5061=ADVANCED_FACE('',(#510),#4844,.T.);
#5062=ADVANCED_FACE('',(#511),#4845,.T.);
#5063=ADVANCED_FACE('',(#512),#4846,.T.);
#5064=ADVANCED_FACE('',(#513),#325,.T.);
#5065=ADVANCED_FACE('',(#514),#326,.F.);
#5066=ADVANCED_FACE('',(#515),#327,.T.);
#5067=ADVANCED_FACE('',(#516),#4847,.T.);
#5068=ADVANCED_FACE('',(#517),#328,.T.);
#5069=ADVANCED_FACE('',(#518),#329,.F.);
#5070=ADVANCED_FACE('',(#519),#330,.T.);
#5071=ADVANCED_FACE('',(#520),#4848,.T.);
#5072=ADVANCED_FACE('',(#521),#331,.T.);
#5073=ADVANCED_FACE('',(#522),#332,.F.);
#5074=ADVANCED_FACE('',(#523),#333,.T.);
#5075=ADVANCED_FACE('',(#524),#4849,.T.);
#5076=ADVANCED_FACE('',(#525),#334,.T.);
#5077=ADVANCED_FACE('',(#526),#335,.F.);
#5078=ADVANCED_FACE('',(#527),#336,.T.);
#5079=ADVANCED_FACE('',(#528),#337,.F.);
#5080=ADVANCED_FACE('',(#529),#338,.F.);
#5081=ADVANCED_FACE('',(#530),#339,.F.);
#5082=ADVANCED_FACE('',(#531),#340,.T.);
#5083=ADVANCED_FACE('',(#532),#341,.T.);
#5084=ADVANCED_FACE('',(#533),#81,.T.);
#5085=ADVANCED_FACE('',(#534),#342,.F.);
#5086=ADVANCED_FACE('',(#535),#4850,.F.);
#5087=ADVANCED_FACE('',(#536),#4851,.T.);
#5088=ADVANCED_FACE('',(#537),#4852,.F.);
#5089=ADVANCED_FACE('',(#538),#4853,.F.);
#5090=ADVANCED_FACE('',(#539),#4854,.F.);
#5091=ADVANCED_FACE('',(#540),#4855,.F.);
#5092=ADVANCED_FACE('',(#541),#4856,.F.);
#5093=ADVANCED_FACE('',(#542),#4857,.F.);
#5094=ADVANCED_FACE('',(#543),#4858,.F.);
#5095=ADVANCED_FACE('',(#544),#4859,.F.);
#5096=ADVANCED_FACE('',(#545),#343,.F.);
#5097=ADVANCED_FACE('',(#546),#4860,.F.);
#5098=ADVANCED_FACE('',(#547),#344,.F.);
#5099=ADVANCED_FACE('',(#548),#345,.F.);
#5100=ADVANCED_FACE('',(#549),#346,.F.);
#5101=ADVANCED_FACE('',(#550),#4861,.F.);
#5102=ADVANCED_FACE('',(#551),#4862,.T.);
#5103=ADVANCED_FACE('',(#552),#4863,.T.);
#5104=ADVANCED_FACE('',(#553),#4864,.F.);
#5105=ADVANCED_FACE('',(#554),#4865,.T.);
#5106=ADVANCED_FACE('',(#555),#4866,.T.);
#5107=ADVANCED_FACE('',(#556),#4867,.T.);
#5108=ADVANCED_FACE('',(#557),#82,.F.);
#5109=ADVANCED_FACE('',(#558),#83,.F.);
#5110=ADVANCED_FACE('',(#559,#64),#4868,.T.);
#5111=ADVANCED_FACE('',(#560),#347,.F.);
#5112=ADVANCED_FACE('',(#561,#65),#4869,.T.);
#5113=ADVANCED_FACE('',(#562),#348,.F.);
#5114=ADVANCED_FACE('',(#563,#66),#4870,.T.);
#5115=ADVANCED_FACE('',(#564),#349,.F.);
#5116=ADVANCED_FACE('',(#565),#350,.F.);
#5117=ADVANCED_FACE('',(#566),#4871,.F.);
#5118=ADVANCED_FACE('',(#567),#4872,.F.);
#5119=ADVANCED_FACE('',(#568),#4873,.F.);
#5120=ADVANCED_FACE('',(#569),#4874,.F.);
#5121=ADVANCED_FACE('',(#570),#4875,.F.);
#5122=ADVANCED_FACE('',(#571),#4876,.F.);
#5123=ADVANCED_FACE('',(#572),#4877,.F.);
#5124=ADVANCED_FACE('',(#573),#4878,.F.);
#5125=ADVANCED_FACE('',(#574),#4879,.T.);
#5126=ADVANCED_FACE('',(#575),#4880,.T.);
#5127=ADVANCED_FACE('',(#576),#4881,.F.);
#5128=ADVANCED_FACE('',(#577),#4882,.F.);
#5129=ADVANCED_FACE('',(#578,#67),#4883,.F.);
#5130=ADVANCED_FACE('',(#579),#4884,.F.);
#5131=ADVANCED_FACE('',(#580,#68),#4885,.F.);
#5132=ADVANCED_FACE('',(#581),#4886,.F.);
#5133=ADVANCED_FACE('',(#582,#69),#4887,.F.);
#5134=ADVANCED_FACE('',(#583),#4888,.F.);
#5135=ADVANCED_FACE('',(#584),#4889,.F.);
#5136=ADVANCED_FACE('',(#585),#4890,.F.);
#5137=ADVANCED_FACE('',(#586),#4891,.F.);
#5138=ADVANCED_FACE('',(#587),#4892,.F.);
#5139=ADVANCED_FACE('',(#588,#70),#4893,.F.);
#5140=ADVANCED_FACE('',(#589),#4894,.F.);
#5141=ADVANCED_FACE('',(#590,#71),#4895,.F.);
#5142=ADVANCED_FACE('',(#591),#4896,.F.);
#5143=ADVANCED_FACE('',(#592,#72),#4897,.F.);
#5144=ADVANCED_FACE('',(#593),#4898,.F.);
#5145=ADVANCED_FACE('',(#594),#4899,.T.);
#5146=ADVANCED_FACE('',(#595),#4900,.T.);
#5147=ADVANCED_FACE('',(#596),#4901,.T.);
#5148=ADVANCED_FACE('',(#597),#351,.F.);
#5149=ADVANCED_FACE('',(#598),#4902,.T.);
#5150=ADVANCED_FACE('',(#599),#4903,.T.);
#5151=ADVANCED_FACE('',(#600),#352,.F.);
#5152=ADVANCED_FACE('',(#601),#4904,.T.);
#5153=ADVANCED_FACE('',(#602),#4905,.T.);
#5154=ADVANCED_FACE('',(#603),#4906,.T.);
#5155=ADVANCED_FACE('',(#604),#4907,.T.);
#5156=ADVANCED_FACE('',(#605),#4908,.T.);
#5157=ADVANCED_FACE('',(#606),#4909,.T.);
#5158=ADVANCED_FACE('',(#607),#4910,.T.);
#5159=ADVANCED_FACE('',(#608,#73),#4911,.T.);
#5160=ADVANCED_FACE('',(#609,#74),#4912,.T.);
#5161=ADVANCED_FACE('',(#610),#353,.T.);
#5162=ADVANCED_FACE('',(#611),#4913,.T.);
#5163=ADVANCED_FACE('',(#612),#4914,.T.);
#5164=ADVANCED_FACE('',(#613),#354,.T.);
#5165=ADVANCED_FACE('',(#614),#30,.F.);
#5166=ADVANCED_FACE('',(#615),#355,.T.);
#5167=ADVANCED_FACE('',(#616),#4915,.T.);
#5168=ADVANCED_FACE('',(#617),#4916,.T.);
#5169=ADVANCED_FACE('',(#618),#356,.T.);
#5170=ADVANCED_FACE('',(#619),#4917,.T.);
#5171=ADVANCED_FACE('',(#620),#357,.T.);
#5172=ADVANCED_FACE('',(#621),#31,.F.);
#5173=ADVANCED_FACE('',(#622),#358,.T.);
#5174=ADVANCED_FACE('',(#623),#4918,.T.);
#5175=ADVANCED_FACE('',(#624),#4919,.T.);
#5176=ADVANCED_FACE('',(#625),#359,.T.);
#5177=ADVANCED_FACE('',(#626),#4920,.T.);
#5178=ADVANCED_FACE('',(#627),#4921,.T.);
#5179=ADVANCED_FACE('',(#628),#4922,.T.);
#5180=ADVANCED_FACE('',(#629),#4923,.T.);
#5181=ADVANCED_FACE('',(#630),#13,.T.);
#5182=ADVANCED_FACE('',(#631),#4924,.T.);
#5183=ADVANCED_FACE('',(#632),#4925,.T.);
#5184=ADVANCED_FACE('',(#633),#14,.T.);
#5185=ADVANCED_FACE('',(#634),#4926,.T.);
#5186=ADVANCED_FACE('',(#635),#4927,.T.);
#5187=ADVANCED_FACE('',(#636),#4928,.T.);
#5188=ADVANCED_FACE('',(#637),#4929,.T.);
#5189=ADVANCED_FACE('',(#638),#4930,.T.);
#5190=ADVANCED_FACE('',(#639),#360,.F.);
#5191=ADVANCED_FACE('',(#640),#4931,.T.);
#5192=ADVANCED_FACE('',(#641),#361,.F.);
#5193=ADVANCED_FACE('',(#642,#75),#4932,.T.);
#5194=ADVANCED_FACE('',(#643),#362,.F.);
#5195=ADVANCED_FACE('',(#644),#23,.F.);
#5196=ADVANCED_FACE('',(#645),#4933,.T.);
#5197=ADVANCED_FACE('',(#646),#363,.F.);
#5198=ADVANCED_FACE('',(#647),#24,.F.);
#5199=ADVANCED_FACE('',(#648),#4934,.T.);
#5200=ADVANCED_FACE('',(#649),#364,.F.);
#5201=ADVANCED_FACE('',(#650),#365,.F.);
#5202=ADVANCED_FACE('',(#651,#76,#77,#78),#4935,.F.);
#5203=ADVANCED_FACE('',(#652),#366,.F.);
#5204=ADVANCED_FACE('',(#653),#367,.F.);
#5205=ADVANCED_FACE('',(#654),#368,.F.);
#5206=ADVANCED_FACE('',(#655),#4936,.T.);
#5207=ADVANCED_FACE('',(#656),#4937,.T.);
#5208=ADVANCED_FACE('',(#657),#4938,.T.);
#5209=ADVANCED_FACE('',(#658),#4939,.T.);
#5210=ADVANCED_FACE('',(#659),#4940,.T.);
#5211=ADVANCED_FACE('',(#660),#4941,.T.);
#5212=ADVANCED_FACE('',(#661),#4942,.T.);
#5213=ADVANCED_FACE('',(#662),#4943,.T.);
#5214=ADVANCED_FACE('',(#663),#369,.T.);
#5215=ADVANCED_FACE('',(#664),#4944,.T.);
#5216=ADVANCED_FACE('',(#665),#4945,.T.);
#5217=ADVANCED_FACE('',(#666),#4946,.T.);
#5218=ADVANCED_FACE('',(#667),#370,.T.);
#5219=ADVANCED_FACE('',(#668),#4947,.T.);
#5220=CLOSED_SHELL('',(#4948,#4949,#4950,#4951,#4952,#4953,#4954,#4955,
#4956,#4957,#4958,#4959,#4960,#4961,#4962,#4963,#4964,#4965,#4966,#4967,
#4968,#4969,#4970,#4971,#4972,#4973,#4974,#4975,#4976,#4977,#4978,#4979,
#4980,#4981,#4982,#4983,#4984,#4985,#4986,#4987,#4988,#4989,#4990,#4991,
#4992,#4993,#4994,#4995,#4996,#4997,#4998,#4999,#5000,#5001,#5002,#5003,
#5004,#5005,#5006,#5007,#5008,#5009,#5010,#5011,#5012,#5013,#5014,#5015,
#5016,#5017,#5018,#5019,#5020,#5021,#5022,#5023,#5024,#5025,#5026,#5027,
#5028,#5029,#5030,#5031,#5032,#5033,#5034,#5035,#5036,#5037,#5038,#5039,
#5040,#5041,#5042,#5043,#5044,#5045,#5046,#5047,#5048,#5049,#5050,#5051,
#5052,#5053,#5054,#5055,#5056,#5057,#5058,#5059,#5060,#5061,#5062,#5063,
#5064,#5065,#5066,#5067,#5068,#5069,#5070,#5071,#5072,#5073,#5074,#5075,
#5076,#5077,#5078,#5079,#5080,#5081,#5082,#5083,#5084,#5085,#5086,#5087,
#5088,#5089,#5090,#5091,#5092,#5093,#5094,#5095,#5096,#5097,#5098,#5099,
#5100,#5101,#5102,#5103,#5104,#5105,#5106,#5107,#5108,#5109,#5110,#5111,
#5112,#5113,#5114,#5115,#5116,#5117,#5118,#5119,#5120,#5121,#5122,#5123,
#5124,#5125,#5126,#5127,#5128,#5129,#5130,#5131,#5132,#5133,#5134,#5135,
#5136,#5137,#5138,#5139,#5140,#5141,#5142,#5143,#5144,#5145,#5146,#5147,
#5148,#5149,#5150,#5151,#5152,#5153,#5154,#5155,#5156,#5157,#5158,#5159,
#5160));
#5221=CLOSED_SHELL('',(#5161,#5162,#5163,#5164,#5165,#5166,#5167,#5168,
#5169,#5170,#5171,#5172,#5173,#5174,#5175,#5176,#5177,#5178,#5179,#5180,
#5181,#5182,#5183,#5184,#5185,#5186,#5187,#5188,#5189,#5190,#5191,#5192,
#5193,#5194,#5195,#5196,#5197,#5198,#5199,#5200,#5201,#5202,#5203,#5204,
#5205,#5206,#5207,#5208,#5209,#5210,#5211,#5212,#5213,#5214,#5215,#5216,
#5217,#5218,#5219));
#5222=DERIVED_UNIT_ELEMENT(#5224,1.);
#5223=DERIVED_UNIT_ELEMENT(#8964,-3.);
#5224=(
MASS_UNIT()
NAMED_UNIT(*)
SI_UNIT(.KILO.,.GRAM.)
);
#5225=DERIVED_UNIT((#5222,#5223));
#5226=MEASURE_REPRESENTATION_ITEM('density measure',
POSITIVE_RATIO_MEASURE(7850.),#5225);
#5227=PROPERTY_DEFINITION_REPRESENTATION(#5232,#5229);
#5228=PROPERTY_DEFINITION_REPRESENTATION(#5233,#5230);
#5229=REPRESENTATION('material name',(#5231),#8961);
#5230=REPRESENTATION('density',(#5226),#8961);
#5231=DESCRIPTIVE_REPRESENTATION_ITEM('PETG','PETG');
#5232=PROPERTY_DEFINITION('material property','material name',#8971);
#5233=PROPERTY_DEFINITION('material property','density of part',#8971);
#5234=AXIS2_PLACEMENT_3D('',#7149,#5696,#5697);
#5235=AXIS2_PLACEMENT_3D('',#7150,#5698,#5699);
#5236=AXIS2_PLACEMENT_3D('',#7205,#5706,#5707);
#5237=AXIS2_PLACEMENT_3D('',#7234,#5712,#5713);
#5238=AXIS2_PLACEMENT_3D('',#7240,#5717,#5718);
#5239=AXIS2_PLACEMENT_3D('',#7246,#5722,#5723);
#5240=AXIS2_PLACEMENT_3D('',#7249,#5726,#5727);
#5241=AXIS2_PLACEMENT_3D('',#7250,#5728,#5729);
#5242=AXIS2_PLACEMENT_3D('',#7253,#5730,#5731);
#5243=AXIS2_PLACEMENT_3D('',#7257,#5733,#5734);
#5244=AXIS2_PLACEMENT_3D('',#7259,#5736,#5737);
#5245=AXIS2_PLACEMENT_3D('',#7265,#5741,#5742);
#5246=AXIS2_PLACEMENT_3D('',#7268,#5743,#5744);
#5247=AXIS2_PLACEMENT_3D('',#7272,#5746,#5747);
#5248=AXIS2_PLACEMENT_3D('',#7274,#5749,#5750);
#5249=AXIS2_PLACEMENT_3D('',#7277,#5753,#5754);
#5250=AXIS2_PLACEMENT_3D('',#7279,#5755,#5756);
#5251=AXIS2_PLACEMENT_3D('',#7282,#5758,#5759);
#5252=AXIS2_PLACEMENT_3D('',#7283,#5760,#5761);
#5253=AXIS2_PLACEMENT_3D('',#7289,#5765,#5766);
#5254=AXIS2_PLACEMENT_3D('',#7291,#5767,#5768);
#5255=AXIS2_PLACEMENT_3D('',#7294,#5770,#5771);
#5256=AXIS2_PLACEMENT_3D('',#7295,#5772,#5773);
#5257=AXIS2_PLACEMENT_3D('',#7298,#5776,#5777);
#5258=AXIS2_PLACEMENT_3D('',#7300,#5778,#5779);
#5259=AXIS2_PLACEMENT_3D('',#7303,#5781,#5782);
#5260=AXIS2_PLACEMENT_3D('',#7304,#5783,#5784);
#5261=AXIS2_PLACEMENT_3D('',#7306,#5785,#5786);
#5262=AXIS2_PLACEMENT_3D('',#7309,#5788,#5789);
#5263=AXIS2_PLACEMENT_3D('',#7310,#5790,#5791);
#5264=AXIS2_PLACEMENT_3D('',#7312,#5792,#5793);
#5265=AXIS2_PLACEMENT_3D('',#7315,#5795,#5796);
#5266=AXIS2_PLACEMENT_3D('',#7316,#5797,#5798);
#5267=AXIS2_PLACEMENT_3D('',#7318,#5799,#5800);
#5268=AXIS2_PLACEMENT_3D('',#7321,#5802,#5803);
#5269=AXIS2_PLACEMENT_3D('',#7322,#5804,#5805);
#5270=AXIS2_PLACEMENT_3D('',#7331,#5810,#5811);
#5271=AXIS2_PLACEMENT_3D('',#7340,#5816,#5817);
#5272=AXIS2_PLACEMENT_3D('',#7342,#5818,#5819);
#5273=AXIS2_PLACEMENT_3D('',#7345,#5821,#5822);
#5274=AXIS2_PLACEMENT_3D('',#7346,#5823,#5824);
#5275=AXIS2_PLACEMENT_3D('',#7352,#5828,#5829);
#5276=AXIS2_PLACEMENT_3D('',#7354,#5830,#5831);
#5277=AXIS2_PLACEMENT_3D('',#7357,#5833,#5834);
#5278=AXIS2_PLACEMENT_3D('',#7358,#5835,#5836);
#5279=AXIS2_PLACEMENT_3D('',#7364,#5840,#5841);
#5280=AXIS2_PLACEMENT_3D('',#7365,#5842,#5843);
#5281=AXIS2_PLACEMENT_3D('',#7366,#5844,#5845);
#5282=AXIS2_PLACEMENT_3D('',#7367,#5846,#5847);
#5283=AXIS2_PLACEMENT_3D('',#7368,#5848,#5849);
#5284=AXIS2_PLACEMENT_3D('',#7369,#5850,#5851);
#5285=AXIS2_PLACEMENT_3D('',#7370,#5852,#5853);
#5286=AXIS2_PLACEMENT_3D('',#7373,#5854,#5855);
#5287=AXIS2_PLACEMENT_3D('',#7375,#5856,#5857);
#5288=AXIS2_PLACEMENT_3D('',#7377,#5858,#5859);
#5289=AXIS2_PLACEMENT_3D('',#7379,#5860,#5861);
#5290=AXIS2_PLACEMENT_3D('',#7380,#5862,#5863);
#5291=AXIS2_PLACEMENT_3D('',#7411,#5864,#5865);
#5292=AXIS2_PLACEMENT_3D('',#7415,#5867,#5868);
#5293=AXIS2_PLACEMENT_3D('',#7423,#5872,#5873);
#5294=AXIS2_PLACEMENT_3D('',#7426,#5875,#5876);
#5295=AXIS2_PLACEMENT_3D('',#7471,#5885,#5886);
#5296=AXIS2_PLACEMENT_3D('',#7475,#5887,#5888);
#5297=AXIS2_PLACEMENT_3D('',#7478,#5889,#5890);
#5298=AXIS2_PLACEMENT_3D('',#7479,#5891,#5892);
#5299=AXIS2_PLACEMENT_3D('',#7480,#5893,#5894);
#5300=AXIS2_PLACEMENT_3D('',#7509,#5895,#5896);
#5301=AXIS2_PLACEMENT_3D('',#7510,#5897,#5898);
#5302=AXIS2_PLACEMENT_3D('',#7511,#5899,#5900);
#5303=AXIS2_PLACEMENT_3D('',#7512,#5901,#5902);
#5304=AXIS2_PLACEMENT_3D('',#7513,#5903,#5904);
#5305=AXIS2_PLACEMENT_3D('',#7540,#5907,#5908);
#5306=AXIS2_PLACEMENT_3D('',#7542,#5909,#5910);
#5307=AXIS2_PLACEMENT_3D('',#7554,#5916,#5917);
#5308=AXIS2_PLACEMENT_3D('',#7558,#5919,#5920);
#5309=AXIS2_PLACEMENT_3D('',#7562,#5922,#5923);
#5310=AXIS2_PLACEMENT_3D('',#7566,#5925,#5926);
#5311=AXIS2_PLACEMENT_3D('',#7570,#5928,#5929);
#5312=AXIS2_PLACEMENT_3D('',#7574,#5931,#5932);
#5313=AXIS2_PLACEMENT_3D('',#7578,#5934,#5935);
#5314=AXIS2_PLACEMENT_3D('',#7582,#5937,#5938);
#5315=AXIS2_PLACEMENT_3D('',#7585,#5940,#5941);
#5316=AXIS2_PLACEMENT_3D('',#7590,#5943,#5944);
#5317=AXIS2_PLACEMENT_3D('',#7593,#5946,#5947);
#5318=AXIS2_PLACEMENT_3D('',#7594,#5948,#5949);
#5319=AXIS2_PLACEMENT_3D('',#7618,#5951,#5952);
#5320=AXIS2_PLACEMENT_3D('',#7642,#5954,#5955);
#5321=AXIS2_PLACEMENT_3D('',#7666,#5957,#5958);
#5322=AXIS2_PLACEMENT_3D('',#7690,#5960,#5961);
#5323=AXIS2_PLACEMENT_3D('',#7714,#5963,#5964);
#5324=AXIS2_PLACEMENT_3D('',#7717,#5965,#5966);
#5325=AXIS2_PLACEMENT_3D('',#7721,#5968,#5969);
#5326=AXIS2_PLACEMENT_3D('',#7723,#5971,#5972);
#5327=AXIS2_PLACEMENT_3D('',#7737,#5980,#5981);
#5328=AXIS2_PLACEMENT_3D('',#7740,#5982,#5983);
#5329=AXIS2_PLACEMENT_3D('',#7744,#5985,#5986);
#5330=AXIS2_PLACEMENT_3D('',#7746,#5988,#5989);
#5331=AXIS2_PLACEMENT_3D('',#7760,#5997,#5998);
#5332=AXIS2_PLACEMENT_3D('',#7763,#5999,#6000);
#5333=AXIS2_PLACEMENT_3D('',#7767,#6002,#6003);
#5334=AXIS2_PLACEMENT_3D('',#7769,#6005,#6006);
#5335=AXIS2_PLACEMENT_3D('',#7775,#6010,#6011);
#5336=AXIS2_PLACEMENT_3D('',#7778,#6012,#6013);
#5337=AXIS2_PLACEMENT_3D('',#7782,#6015,#6016);
#5338=AXIS2_PLACEMENT_3D('',#7784,#6018,#6019);
#5339=AXIS2_PLACEMENT_3D('',#7790,#6023,#6024);
#5340=AXIS2_PLACEMENT_3D('',#7795,#6027,#6028);
#5341=AXIS2_PLACEMENT_3D('',#7801,#6031,#6032);
#5342=AXIS2_PLACEMENT_3D('',#7804,#6034,#6035);
#5343=AXIS2_PLACEMENT_3D('',#7812,#6039,#6040);
#5344=AXIS2_PLACEMENT_3D('',#7815,#6042,#6043);
#5345=AXIS2_PLACEMENT_3D('',#7816,#6044,#6045);
#5346=AXIS2_PLACEMENT_3D('',#7818,#6046,#6047);
#5347=AXIS2_PLACEMENT_3D('',#7820,#6049,#6050);
#5348=AXIS2_PLACEMENT_3D('',#7823,#6051,#6052);
#5349=AXIS2_PLACEMENT_3D('',#7826,#6055,#6056);
#5350=AXIS2_PLACEMENT_3D('',#7830,#6059,#6060);
#5351=AXIS2_PLACEMENT_3D('',#7834,#6062,#6063);
#5352=AXIS2_PLACEMENT_3D('',#7836,#6065,#6066);
#5353=AXIS2_PLACEMENT_3D('',#7840,#6069,#6070);
#5354=AXIS2_PLACEMENT_3D('',#7843,#6071,#6072);
#5355=AXIS2_PLACEMENT_3D('',#7847,#6074,#6075);
#5356=AXIS2_PLACEMENT_3D('',#7849,#6077,#6078);
#5357=AXIS2_PLACEMENT_3D('',#7855,#6082,#6083);
#5358=AXIS2_PLACEMENT_3D('',#7857,#6084,#6085);
#5359=AXIS2_PLACEMENT_3D('',#7860,#6087,#6088);
#5360=AXIS2_PLACEMENT_3D('',#7861,#6089,#6090);
#5361=AXIS2_PLACEMENT_3D('',#7867,#6094,#6095);
#5362=AXIS2_PLACEMENT_3D('',#7870,#6096,#6097);
#5363=AXIS2_PLACEMENT_3D('',#7874,#6099,#6100);
#5364=AXIS2_PLACEMENT_3D('',#7876,#6102,#6103);
#5365=AXIS2_PLACEMENT_3D('',#7882,#6107,#6108);
#5366=AXIS2_PLACEMENT_3D('',#7889,#6112,#6113);
#5367=AXIS2_PLACEMENT_3D('',#7892,#6115,#6116);
#5368=AXIS2_PLACEMENT_3D('',#7900,#6120,#6121);
#5369=AXIS2_PLACEMENT_3D('',#7903,#6123,#6124);
#5370=AXIS2_PLACEMENT_3D('',#7904,#6125,#6126);
#5371=AXIS2_PLACEMENT_3D('',#7908,#6128,#6129);
#5372=AXIS2_PLACEMENT_3D('',#7910,#6131,#6132);
#5373=AXIS2_PLACEMENT_3D('',#7914,#6135,#6136);
#5374=AXIS2_PLACEMENT_3D('',#7916,#6137,#6138);
#5375=AXIS2_PLACEMENT_3D('',#7918,#6140,#6141);
#5376=AXIS2_PLACEMENT_3D('',#7924,#6145,#6146);
#5377=AXIS2_PLACEMENT_3D('',#7928,#6148,#6149);
#5378=AXIS2_PLACEMENT_3D('',#7933,#6153,#6154);
#5379=AXIS2_PLACEMENT_3D('',#7936,#6156,#6157);
#5380=AXIS2_PLACEMENT_3D('',#7937,#6158,#6159);
#5381=AXIS2_PLACEMENT_3D('',#7941,#6162,#6163);
#5382=AXIS2_PLACEMENT_3D('',#7943,#6164,#6165);
#5383=AXIS2_PLACEMENT_3D('',#7945,#6167,#6168);
#5384=AXIS2_PLACEMENT_3D('',#7947,#6170,#6171);
#5385=AXIS2_PLACEMENT_3D('',#7949,#6173,#6174);
#5386=AXIS2_PLACEMENT_3D('',#7951,#6176,#6177);
#5387=AXIS2_PLACEMENT_3D('',#7954,#6178,#6179);
#5388=AXIS2_PLACEMENT_3D('',#7956,#6180,#6181);
#5389=AXIS2_PLACEMENT_3D('',#7957,#6182,#6183);
#5390=AXIS2_PLACEMENT_3D('',#7958,#6184,#6185);
#5391=AXIS2_PLACEMENT_3D('',#7961,#6186,#6187);
#5392=AXIS2_PLACEMENT_3D('',#7964,#6190,#6191);
#5393=AXIS2_PLACEMENT_3D('',#7967,#6192,#6193);
#5394=AXIS2_PLACEMENT_3D('',#7969,#6194,#6195);
#5395=AXIS2_PLACEMENT_3D('',#7970,#6196,#6197);
#5396=AXIS2_PLACEMENT_3D('',#7971,#6198,#6199);
#5397=AXIS2_PLACEMENT_3D('',#7974,#6200,#6201);
#5398=AXIS2_PLACEMENT_3D('',#7977,#6204,#6205);
#5399=AXIS2_PLACEMENT_3D('',#7980,#6206,#6207);
#5400=AXIS2_PLACEMENT_3D('',#7983,#6210,#6211);
#5401=AXIS2_PLACEMENT_3D('',#7986,#6214,#6215);
#5402=AXIS2_PLACEMENT_3D('',#7989,#6216,#6217);
#5403=AXIS2_PLACEMENT_3D('',#7992,#6220,#6221);
#5404=AXIS2_PLACEMENT_3D('',#8024,#6239,#6240);
#5405=AXIS2_PLACEMENT_3D('',#8026,#6241,#6242);
#5406=AXIS2_PLACEMENT_3D('',#8029,#6244,#6245);
#5407=AXIS2_PLACEMENT_3D('',#8041,#6252,#6253);
#5408=AXIS2_PLACEMENT_3D('',#8044,#6255,#6256);
#5409=AXIS2_PLACEMENT_3D('',#8050,#6260,#6261);
#5410=AXIS2_PLACEMENT_3D('',#8063,#6270,#6271);
#5411=AXIS2_PLACEMENT_3D('',#8065,#6272,#6273);
#5412=AXIS2_PLACEMENT_3D('',#8068,#6275,#6276);
#5413=AXIS2_PLACEMENT_3D('',#8079,#6277,#6278);
#5414=AXIS2_PLACEMENT_3D('',#8080,#6279,#6280);
#5415=AXIS2_PLACEMENT_3D('',#8081,#6281,#6282);
#5416=AXIS2_PLACEMENT_3D('',#8084,#6284,#6285);
#5417=AXIS2_PLACEMENT_3D('',#8095,#6286,#6287);
#5418=AXIS2_PLACEMENT_3D('',#8096,#6288,#6289);
#5419=AXIS2_PLACEMENT_3D('',#8097,#6290,#6291);
#5420=AXIS2_PLACEMENT_3D('',#8099,#6292,#6293);
#5421=AXIS2_PLACEMENT_3D('',#8101,#6295,#6296);
#5422=AXIS2_PLACEMENT_3D('',#8108,#6300,#6301);
#5423=AXIS2_PLACEMENT_3D('',#8109,#6302,#6303);
#5424=AXIS2_PLACEMENT_3D('',#8112,#6305,#6306);
#5425=AXIS2_PLACEMENT_3D('',#8113,#6307,#6308);
#5426=AXIS2_PLACEMENT_3D('',#8117,#6311,#6312);
#5427=AXIS2_PLACEMENT_3D('',#8120,#6314,#6315);
#5428=AXIS2_PLACEMENT_3D('',#8121,#6316,#6317);
#5429=AXIS2_PLACEMENT_3D('',#8126,#6320,#6321);
#5430=AXIS2_PLACEMENT_3D('',#8129,#6323,#6324);
#5431=AXIS2_PLACEMENT_3D('',#8131,#6325,#6326);
#5432=AXIS2_PLACEMENT_3D('',#8134,#6328,#6329);
#5433=AXIS2_PLACEMENT_3D('',#8135,#6330,#6331);
#5434=AXIS2_PLACEMENT_3D('',#8138,#6333,#6334);
#5435=AXIS2_PLACEMENT_3D('',#8139,#6335,#6336);
#5436=AXIS2_PLACEMENT_3D('',#8148,#6341,#6342);
#5437=AXIS2_PLACEMENT_3D('',#8150,#6343,#6344);
#5438=AXIS2_PLACEMENT_3D('',#8152,#6345,#6346);
#5439=AXIS2_PLACEMENT_3D('',#8154,#6348,#6349);
#5440=AXIS2_PLACEMENT_3D('',#8164,#6357,#6358);
#5441=AXIS2_PLACEMENT_3D('',#8173,#6363,#6364);
#5442=AXIS2_PLACEMENT_3D('',#8174,#6365,#6366);
#5443=AXIS2_PLACEMENT_3D('',#8175,#6367,#6368);
#5444=AXIS2_PLACEMENT_3D('',#8176,#6369,#6370);
#5445=AXIS2_PLACEMENT_3D('',#8178,#6371,#6372);
#5446=AXIS2_PLACEMENT_3D('',#8186,#6376,#6377);
#5447=AXIS2_PLACEMENT_3D('',#8194,#6381,#6382);
#5448=AXIS2_PLACEMENT_3D('',#8201,#6386,#6387);
#5449=AXIS2_PLACEMENT_3D('',#8203,#6389,#6390);
#5450=AXIS2_PLACEMENT_3D('',#8209,#6394,#6395);
#5451=AXIS2_PLACEMENT_3D('',#8210,#6396,#6397);
#5452=AXIS2_PLACEMENT_3D('',#8211,#6398,#6399);
#5453=AXIS2_PLACEMENT_3D('',#8212,#6400,#6401);
#5454=AXIS2_PLACEMENT_3D('',#8218,#6405,#6406);
#5455=AXIS2_PLACEMENT_3D('',#8219,#6407,#6408);
#5456=AXIS2_PLACEMENT_3D('',#8220,#6409,#6410);
#5457=AXIS2_PLACEMENT_3D('',#8221,#6411,#6412);
#5458=AXIS2_PLACEMENT_3D('',#8227,#6416,#6417);
#5459=AXIS2_PLACEMENT_3D('',#8231,#6419,#6420);
#5460=AXIS2_PLACEMENT_3D('',#8232,#6421,#6422);
#5461=AXIS2_PLACEMENT_3D('',#8233,#6423,#6424);
#5462=AXIS2_PLACEMENT_3D('',#8242,#6431,#6432);
#5463=AXIS2_PLACEMENT_3D('',#8248,#6436,#6437);
#5464=AXIS2_PLACEMENT_3D('',#8249,#6438,#6439);
#5465=AXIS2_PLACEMENT_3D('',#8250,#6440,#6441);
#5466=AXIS2_PLACEMENT_3D('',#8251,#6442,#6443);
#5467=AXIS2_PLACEMENT_3D('',#8257,#6447,#6448);
#5468=AXIS2_PLACEMENT_3D('',#8258,#6449,#6450);
#5469=AXIS2_PLACEMENT_3D('',#8259,#6451,#6452);
#5470=AXIS2_PLACEMENT_3D('',#8260,#6453,#6454);
#5471=AXIS2_PLACEMENT_3D('',#8266,#6458,#6459);
#5472=AXIS2_PLACEMENT_3D('',#8267,#6460,#6461);
#5473=AXIS2_PLACEMENT_3D('',#8268,#6462,#6463);
#5474=AXIS2_PLACEMENT_3D('',#8269,#6464,#6465);
#5475=AXIS2_PLACEMENT_3D('',#8272,#6468,#6469);
#5476=AXIS2_PLACEMENT_3D('',#8273,#6470,#6471);
#5477=AXIS2_PLACEMENT_3D('',#8274,#6472,#6473);
#5478=AXIS2_PLACEMENT_3D('',#8276,#6475,#6476);
#5479=AXIS2_PLACEMENT_3D('',#8278,#6478,#6479);
#5480=AXIS2_PLACEMENT_3D('',#8279,#6480,#6481);
#5481=AXIS2_PLACEMENT_3D('',#8280,#6482,#6483);
#5482=AXIS2_PLACEMENT_3D('',#8282,#6485,#6486);
#5483=AXIS2_PLACEMENT_3D('',#8284,#6488,#6489);
#5484=AXIS2_PLACEMENT_3D('',#8285,#6490,#6491);
#5485=AXIS2_PLACEMENT_3D('',#8286,#6492,#6493);
#5486=AXIS2_PLACEMENT_3D('',#8288,#6495,#6496);
#5487=AXIS2_PLACEMENT_3D('',#8290,#6498,#6499);
#5488=AXIS2_PLACEMENT_3D('',#8291,#6500,#6501);
#5489=AXIS2_PLACEMENT_3D('',#8292,#6502,#6503);
#5490=AXIS2_PLACEMENT_3D('',#8293,#6504,#6505);
#5491=AXIS2_PLACEMENT_3D('',#8295,#6506,#6507);
#5492=AXIS2_PLACEMENT_3D('',#8298,#6509,#6510);
#5493=AXIS2_PLACEMENT_3D('',#8299,#6511,#6512);
#5494=AXIS2_PLACEMENT_3D('',#8303,#6514,#6515);
#5495=AXIS2_PLACEMENT_3D('',#8304,#6516,#6517);
#5496=AXIS2_PLACEMENT_3D('',#8305,#6518,#6519);
#5497=AXIS2_PLACEMENT_3D('',#8307,#6521,#6522);
#5498=AXIS2_PLACEMENT_3D('',#8312,#6524,#6525);
#5499=AXIS2_PLACEMENT_3D('',#8316,#6527,#6528);
#5500=AXIS2_PLACEMENT_3D('',#8331,#6529,#6530);
#5501=AXIS2_PLACEMENT_3D('',#8336,#6532,#6533);
#5502=AXIS2_PLACEMENT_3D('',#8354,#6535,#6536);
#5503=AXIS2_PLACEMENT_3D('',#8355,#6537,#6538);
#5504=AXIS2_PLACEMENT_3D('',#8356,#6539,#6540);
#5505=AXIS2_PLACEMENT_3D('',#8357,#6541,#6542);
#5506=AXIS2_PLACEMENT_3D('',#8358,#6543,#6544);
#5507=AXIS2_PLACEMENT_3D('',#8359,#6545,#6546);
#5508=AXIS2_PLACEMENT_3D('',#8360,#6547,#6548);
#5509=AXIS2_PLACEMENT_3D('',#8365,#6553,#6554);
#5510=AXIS2_PLACEMENT_3D('',#8367,#6556,#6557);
#5511=AXIS2_PLACEMENT_3D('',#8369,#6559,#6560);
#5512=AXIS2_PLACEMENT_3D('',#8372,#6563,#6564);
#5513=AXIS2_PLACEMENT_3D('',#8373,#6565,#6566);
#5514=AXIS2_PLACEMENT_3D('',#8374,#6567,#6568);
#5515=AXIS2_PLACEMENT_3D('',#8377,#6571,#6572);
#5516=AXIS2_PLACEMENT_3D('',#8379,#6574,#6575);
#5517=AXIS2_PLACEMENT_3D('',#8381,#6577,#6578);
#5518=AXIS2_PLACEMENT_3D('',#8382,#6579,#6580);
#5519=AXIS2_PLACEMENT_3D('',#8384,#6582,#6583);
#5520=AXIS2_PLACEMENT_3D('',#8386,#6585,#6586);
#5521=AXIS2_PLACEMENT_3D('',#8388,#6588,#6589);
#5522=AXIS2_PLACEMENT_3D('',#8389,#6590,#6591);
#5523=AXIS2_PLACEMENT_3D('',#8391,#6593,#6594);
#5524=AXIS2_PLACEMENT_3D('',#8392,#6595,#6596);
#5525=AXIS2_PLACEMENT_3D('',#8393,#6597,#6598);
#5526=AXIS2_PLACEMENT_3D('',#8395,#6600,#6601);
#5527=AXIS2_PLACEMENT_3D('',#8397,#6603,#6604);
#5528=AXIS2_PLACEMENT_3D('',#8399,#6606,#6607);
#5529=AXIS2_PLACEMENT_3D('',#8400,#6608,#6609);
#5530=AXIS2_PLACEMENT_3D('',#8401,#6610,#6611);
#5531=AXIS2_PLACEMENT_3D('',#8403,#6612,#6613);
#5532=AXIS2_PLACEMENT_3D('',#8404,#6614,#6615);
#5533=AXIS2_PLACEMENT_3D('',#8405,#6616,#6617);
#5534=AXIS2_PLACEMENT_3D('',#8407,#6618,#6619);
#5535=AXIS2_PLACEMENT_3D('',#8408,#6620,#6621);
#5536=AXIS2_PLACEMENT_3D('',#8409,#6622,#6623);
#5537=AXIS2_PLACEMENT_3D('',#8411,#6624,#6625);
#5538=AXIS2_PLACEMENT_3D('',#8413,#6626,#6627);
#5539=AXIS2_PLACEMENT_3D('',#8414,#6628,#6629);
#5540=AXIS2_PLACEMENT_3D('',#8416,#6630,#6631);
#5541=AXIS2_PLACEMENT_3D('',#8418,#6633,#6634);
#5542=AXIS2_PLACEMENT_3D('',#8419,#6635,#6636);
#5543=AXIS2_PLACEMENT_3D('',#8421,#6637,#6638);
#5544=AXIS2_PLACEMENT_3D('',#8424,#6640,#6641);
#5545=AXIS2_PLACEMENT_3D('',#8425,#6642,#6643);
#5546=AXIS2_PLACEMENT_3D('',#8426,#6644,#6645);
#5547=AXIS2_PLACEMENT_3D('',#8429,#6647,#6648);
#5548=AXIS2_PLACEMENT_3D('',#8430,#6649,#6650);
#5549=AXIS2_PLACEMENT_3D('',#8432,#6651,#6652);
#5550=AXIS2_PLACEMENT_3D('',#8435,#6654,#6655);
#5551=AXIS2_PLACEMENT_3D('',#8436,#6656,#6657);
#5552=AXIS2_PLACEMENT_3D('',#8445,#6662,#6663);
#5553=AXIS2_PLACEMENT_3D('',#8454,#6668,#6669);
#5554=AXIS2_PLACEMENT_3D('',#8463,#6674,#6675);
#5555=AXIS2_PLACEMENT_3D('',#8472,#6680,#6681);
#5556=AXIS2_PLACEMENT_3D('',#8481,#6686,#6687);
#5557=AXIS2_PLACEMENT_3D('',#8490,#6692,#6693);
#5558=AXIS2_PLACEMENT_3D('',#8499,#6698,#6699);
#5559=AXIS2_PLACEMENT_3D('',#8508,#6704,#6705);
#5560=AXIS2_PLACEMENT_3D('',#8517,#6710,#6711);
#5561=AXIS2_PLACEMENT_3D('',#8526,#6716,#6717);
#5562=AXIS2_PLACEMENT_3D('',#8532,#6721,#6722);
#5563=AXIS2_PLACEMENT_3D('',#8538,#6726,#6727);
#5564=AXIS2_PLACEMENT_3D('',#8542,#6731,#6732);
#5565=AXIS2_PLACEMENT_3D('',#8544,#6734,#6735);
#5566=AXIS2_PLACEMENT_3D('',#8548,#6739,#6740);
#5567=AXIS2_PLACEMENT_3D('',#8550,#6742,#6743);
#5568=AXIS2_PLACEMENT_3D('',#8552,#6745,#6746);
#5569=AXIS2_PLACEMENT_3D('',#8553,#6747,#6748);
#5570=AXIS2_PLACEMENT_3D('',#8554,#6749,#6750);
#5571=AXIS2_PLACEMENT_3D('',#8557,#6753,#6754);
#5572=AXIS2_PLACEMENT_3D('',#8563,#6758,#6759);
#5573=AXIS2_PLACEMENT_3D('',#8569,#6763,#6764);
#5574=AXIS2_PLACEMENT_3D('',#8572,#6767,#6768);
#5575=AXIS2_PLACEMENT_3D('',#8574,#6770,#6771);
#5576=AXIS2_PLACEMENT_3D('',#8577,#6774,#6775);
#5577=AXIS2_PLACEMENT_3D('',#8579,#6777,#6778);
#5578=AXIS2_PLACEMENT_3D('',#8581,#6780,#6781);
#5579=AXIS2_PLACEMENT_3D('',#8582,#6782,#6783);
#5580=AXIS2_PLACEMENT_3D('',#8587,#6787,#6788);
#5581=AXIS2_PLACEMENT_3D('',#8590,#6791,#6792);
#5582=AXIS2_PLACEMENT_3D('',#8592,#6794,#6795);
#5583=AXIS2_PLACEMENT_3D('',#8595,#6796,#6797);
#5584=AXIS2_PLACEMENT_3D('',#8599,#6799,#6800);
#5585=AXIS2_PLACEMENT_3D('',#8601,#6802,#6803);
#5586=AXIS2_PLACEMENT_3D('',#8605,#6805,#6806);
#5587=AXIS2_PLACEMENT_3D('',#8611,#6810,#6811);
#5588=AXIS2_PLACEMENT_3D('',#8615,#6814,#6815);
#5589=AXIS2_PLACEMENT_3D('',#8617,#6816,#6817);
#5590=AXIS2_PLACEMENT_3D('',#8619,#6819,#6820);
#5591=AXIS2_PLACEMENT_3D('',#8625,#6824,#6825);
#5592=AXIS2_PLACEMENT_3D('',#8631,#6829,#6830);
#5593=AXIS2_PLACEMENT_3D('',#8635,#6833,#6834);
#5594=AXIS2_PLACEMENT_3D('',#8639,#6837,#6838);
#5595=AXIS2_PLACEMENT_3D('',#8642,#6841,#6842);
#5596=AXIS2_PLACEMENT_3D('',#8644,#6844,#6845);
#5597=AXIS2_PLACEMENT_3D('',#8645,#6846,#6847);
#5598=AXIS2_PLACEMENT_3D('',#8646,#6848,#6849);
#5599=AXIS2_PLACEMENT_3D('',#8647,#6850,#6851);
#5600=AXIS2_PLACEMENT_3D('',#8650,#6852,#6853);
#5601=AXIS2_PLACEMENT_3D('',#8654,#6855,#6856);
#5602=AXIS2_PLACEMENT_3D('',#8656,#6858,#6859);
#5603=AXIS2_PLACEMENT_3D('',#8664,#6863,#6864);
#5604=AXIS2_PLACEMENT_3D('',#8668,#6867,#6868);
#5605=AXIS2_PLACEMENT_3D('',#8672,#6871,#6872);
#5606=AXIS2_PLACEMENT_3D('',#8675,#6873,#6874);
#5607=AXIS2_PLACEMENT_3D('',#8679,#6876,#6877);
#5608=AXIS2_PLACEMENT_3D('',#8691,#6879,#6880);
#5609=AXIS2_PLACEMENT_3D('',#8693,#6881,#6882);
#5610=AXIS2_PLACEMENT_3D('',#8694,#6883,#6884);
#5611=AXIS2_PLACEMENT_3D('',#8695,#6885,#6886);
#5612=AXIS2_PLACEMENT_3D('',#8698,#6887,#6888);
#5613=AXIS2_PLACEMENT_3D('',#8701,#6891,#6892);
#5614=AXIS2_PLACEMENT_3D('',#8707,#6895,#6896);
#5615=AXIS2_PLACEMENT_3D('',#8713,#6900,#6901);
#5616=AXIS2_PLACEMENT_3D('',#8717,#6904,#6905);
#5617=AXIS2_PLACEMENT_3D('',#8720,#6907,#6908);
#5618=AXIS2_PLACEMENT_3D('',#8721,#6909,#6910);
#5619=AXIS2_PLACEMENT_3D('',#8725,#6913,#6914);
#5620=AXIS2_PLACEMENT_3D('',#8728,#6915,#6916);
#5621=AXIS2_PLACEMENT_3D('',#8732,#6918,#6919);
#5622=AXIS2_PLACEMENT_3D('',#8744,#6921,#6922);
#5623=AXIS2_PLACEMENT_3D('',#8746,#6923,#6924);
#5624=AXIS2_PLACEMENT_3D('',#8747,#6925,#6926);
#5625=AXIS2_PLACEMENT_3D('',#8748,#6927,#6928);
#5626=AXIS2_PLACEMENT_3D('',#8751,#6929,#6930);
#5627=AXIS2_PLACEMENT_3D('',#8754,#6933,#6934);
#5628=AXIS2_PLACEMENT_3D('',#8760,#6937,#6938);
#5629=AXIS2_PLACEMENT_3D('',#8766,#6942,#6943);
#5630=AXIS2_PLACEMENT_3D('',#8770,#6946,#6947);
#5631=AXIS2_PLACEMENT_3D('',#8773,#6949,#6950);
#5632=AXIS2_PLACEMENT_3D('',#8774,#6951,#6952);
#5633=AXIS2_PLACEMENT_3D('',#8778,#6955,#6956);
#5634=AXIS2_PLACEMENT_3D('',#8784,#6959,#6960);
#5635=AXIS2_PLACEMENT_3D('',#8788,#6963,#6964);
#5636=AXIS2_PLACEMENT_3D('',#8790,#6966,#6967);
#5637=AXIS2_PLACEMENT_3D('',#8796,#6971,#6972);
#5638=AXIS2_PLACEMENT_3D('',#8799,#6974,#6975);
#5639=AXIS2_PLACEMENT_3D('',#8800,#6976,#6977);
#5640=AXIS2_PLACEMENT_3D('',#8802,#6979,#6980);
#5641=AXIS2_PLACEMENT_3D('',#8806,#6983,#6984);
#5642=AXIS2_PLACEMENT_3D('',#8808,#6985,#6986);
#5643=AXIS2_PLACEMENT_3D('',#8810,#6988,#6989);
#5644=AXIS2_PLACEMENT_3D('',#8814,#6992,#6993);
#5645=AXIS2_PLACEMENT_3D('',#8818,#6995,#6996);
#5646=AXIS2_PLACEMENT_3D('',#8822,#6999,#7000);
#5647=AXIS2_PLACEMENT_3D('',#8831,#7005,#7006);
#5648=AXIS2_PLACEMENT_3D('',#8837,#7010,#7011);
#5649=AXIS2_PLACEMENT_3D('',#8843,#7015,#7016);
#5650=AXIS2_PLACEMENT_3D('',#8845,#7017,#7018);
#5651=AXIS2_PLACEMENT_3D('',#8847,#7019,#7020);
#5652=AXIS2_PLACEMENT_3D('',#8849,#7022,#7023);
#5653=AXIS2_PLACEMENT_3D('',#8855,#7027,#7028);
#5654=AXIS2_PLACEMENT_3D('',#8856,#7029,#7030);
#5655=AXIS2_PLACEMENT_3D('',#8857,#7031,#7032);
#5656=AXIS2_PLACEMENT_3D('',#8858,#7033,#7034);
#5657=AXIS2_PLACEMENT_3D('',#8865,#7037,#7038);
#5658=AXIS2_PLACEMENT_3D('',#8869,#7040,#7041);
#5659=AXIS2_PLACEMENT_3D('',#8871,#7043,#7044);
#5660=AXIS2_PLACEMENT_3D('',#8874,#7045,#7046);
#5661=AXIS2_PLACEMENT_3D('',#8878,#7048,#7049);
#5662=AXIS2_PLACEMENT_3D('',#8880,#7051,#7052);
#5663=AXIS2_PLACEMENT_3D('',#8882,#7053,#7054);
#5664=AXIS2_PLACEMENT_3D('',#8883,#7055,#7056);
#5665=AXIS2_PLACEMENT_3D('',#8884,#7057,#7058);
#5666=AXIS2_PLACEMENT_3D('',#8887,#7061,#7062);
#5667=AXIS2_PLACEMENT_3D('',#8890,#7063,#7064);
#5668=AXIS2_PLACEMENT_3D('',#8893,#7067,#7068);
#5669=AXIS2_PLACEMENT_3D('',#8895,#7069,#7070);
#5670=AXIS2_PLACEMENT_3D('',#8896,#7071,#7072);
#5671=AXIS2_PLACEMENT_3D('',#8897,#7073,#7074);
#5672=AXIS2_PLACEMENT_3D('',#8899,#7076,#7077);
#5673=AXIS2_PLACEMENT_3D('',#8903,#7079,#7080);
#5674=AXIS2_PLACEMENT_3D('',#8905,#7082,#7083);
#5675=AXIS2_PLACEMENT_3D('',#8907,#7085,#7086);
#5676=AXIS2_PLACEMENT_3D('',#8910,#7087,#7088);
#5677=AXIS2_PLACEMENT_3D('',#8914,#7090,#7091);
#5678=AXIS2_PLACEMENT_3D('',#8926,#7100,#7101);
#5679=AXIS2_PLACEMENT_3D('',#8928,#7102,#7103);
#5680=AXIS2_PLACEMENT_3D('',#8930,#7105,#7106);
#5681=AXIS2_PLACEMENT_3D('',#8931,#7107,#7108);
#5682=AXIS2_PLACEMENT_3D('',#8933,#7110,#7111);
#5683=AXIS2_PLACEMENT_3D('',#8935,#7113,#7114);
#5684=AXIS2_PLACEMENT_3D('',#8937,#7116,#7117);
#5685=AXIS2_PLACEMENT_3D('',#8938,#7118,#7119);
#5686=AXIS2_PLACEMENT_3D('',#8942,#7122,#7123);
#5687=AXIS2_PLACEMENT_3D('',#8944,#7125,#7126);
#5688=AXIS2_PLACEMENT_3D('',#8945,#7127,#7128);
#5689=AXIS2_PLACEMENT_3D('',#8946,#7129,#7130);
#5690=AXIS2_PLACEMENT_3D('',#8949,#7133,#7134);
#5691=AXIS2_PLACEMENT_3D('',#8951,#7136,#7137);
#5692=AXIS2_PLACEMENT_3D('',#8953,#7139,#7140);
#5693=AXIS2_PLACEMENT_3D('',#8955,#7142,#7143);
#5694=AXIS2_PLACEMENT_3D('',#8957,#7145,#7146);
#5695=AXIS2_PLACEMENT_3D('',#8958,#7147,#7148);
#5696=DIRECTION('axis',(0.,0.,1.));
#5697=DIRECTION('refdir',(1.,0.,0.));
#5698=DIRECTION('center_axis',(0.,0.,1.));
#5699=DIRECTION('ref_axis',(1.,0.,0.));
#5700=DIRECTION('',(1.,0.,0.));
#5701=DIRECTION('',(0.,1.,0.));
#5702=DIRECTION('',(1.,0.,0.));
#5703=DIRECTION('',(0.,1.,0.));
#5704=DIRECTION('',(0.,1.,0.));
#5705=DIRECTION('',(0.,1.,0.));
#5706=DIRECTION('center_axis',(-1.,0.,-3.343730521224E-16));
#5707=DIRECTION('ref_axis',(-3.343730521224E-16,0.,1.));
#5708=DIRECTION('',(-3.343730521224E-16,0.,1.));
#5709=DIRECTION('',(0.,1.,0.));
#5710=DIRECTION('',(-3.343730521224E-16,0.,1.));
#5711=DIRECTION('',(0.,1.,0.));
#5712=DIRECTION('center_axis',(-1.,0.,-3.75735535434992E-16));
#5713=DIRECTION('ref_axis',(-3.75735535434992E-16,0.,1.));
#5714=DIRECTION('',(-3.75735535434992E-16,0.,1.));
#5715=DIRECTION('',(0.,1.,0.));
#5716=DIRECTION('',(-3.75735535434992E-16,0.,1.));
#5717=DIRECTION('center_axis',(0.,0.,-1.));
#5718=DIRECTION('ref_axis',(-1.,0.,0.));
#5719=DIRECTION('',(-1.,0.,0.));
#5720=DIRECTION('',(0.,1.,0.));
#5721=DIRECTION('',(-1.,0.,0.));
#5722=DIRECTION('center_axis',(1.,0.,3.86164530304402E-16));
#5723=DIRECTION('ref_axis',(3.86164530304402E-16,0.,-1.));
#5724=DIRECTION('',(3.86164530304402E-16,0.,-1.));
#5725=DIRECTION('',(3.86164530304402E-16,0.,-1.));
#5726=DIRECTION('center_axis',(0.,-1.,0.));
#5727=DIRECTION('ref_axis',(1.,0.,0.));
#5728=DIRECTION('center_axis',(0.,-1.,0.));
#5729=DIRECTION('ref_axis',(-0.707106781186551,0.,0.707106781186544));
#5730=DIRECTION('center_axis',(0.,1.,0.));
#5731=DIRECTION('ref_axis',(-0.707106781186551,0.,0.707106781186544));
#5732=DIRECTION('',(0.,-1.,0.));
#5733=DIRECTION('center_axis',(0.,-1.,0.));
#5734=DIRECTION('ref_axis',(-0.707106781186551,0.,0.707106781186544));
#5735=DIRECTION('',(0.,1.,0.));
#5736=DIRECTION('center_axis',(0.,0.,1.));
#5737=DIRECTION('ref_axis',(-1.,0.,0.));
#5738=DIRECTION('',(-1.,0.,0.));
#5739=DIRECTION('',(0.,1.,0.));
#5740=DIRECTION('',(1.,0.,0.));
#5741=DIRECTION('center_axis',(0.,-1.,0.));
#5742=DIRECTION('ref_axis',(-0.707106781186551,0.,-0.707106781186544));
#5743=DIRECTION('center_axis',(0.,1.,0.));
#5744=DIRECTION('ref_axis',(-0.707106781186551,0.,-0.707106781186544));
#5745=DIRECTION('',(0.,-1.,0.));
#5746=DIRECTION('center_axis',(0.,-1.,0.));
#5747=DIRECTION('ref_axis',(-0.707106781186551,0.,-0.707106781186544));
#5748=DIRECTION('',(0.,1.,0.));
#5749=DIRECTION('center_axis',(-1.,0.,0.));
#5750=DIRECTION('ref_axis',(0.,0.,-1.));
#5751=DIRECTION('',(0.,0.,1.));
#5752=DIRECTION('',(0.,0.,-1.));
#5753=DIRECTION('center_axis',(0.,-1.,0.));
#5754=DIRECTION('ref_axis',(0.707106781186549,0.,0.707106781186546));
#5755=DIRECTION('center_axis',(0.,1.,0.));
#5756=DIRECTION('ref_axis',(0.707106781186549,0.,0.707106781186546));
#5757=DIRECTION('',(0.,-1.,0.));
#5758=DIRECTION('center_axis',(0.,-1.,0.));
#5759=DIRECTION('ref_axis',(0.707106781186549,0.,0.707106781186546));
#5760=DIRECTION('center_axis',(1.,0.,0.));
#5761=DIRECTION('ref_axis',(0.,0.,1.));
#5762=DIRECTION('',(0.,0.,1.));
#5763=DIRECTION('',(0.,1.,0.));
#5764=DIRECTION('',(0.,0.,-1.));
#5765=DIRECTION('center_axis',(0.,-1.,0.));
#5766=DIRECTION('ref_axis',(0.707106781186549,0.,-0.707106781186546));
#5767=DIRECTION('center_axis',(0.,1.,0.));
#5768=DIRECTION('ref_axis',(0.707106781186549,0.,-0.707106781186546));
#5769=DIRECTION('',(0.,-1.,0.));
#5770=DIRECTION('center_axis',(0.,-1.,0.));
#5771=DIRECTION('ref_axis',(0.707106781186549,0.,-0.707106781186546));
#5772=DIRECTION('center_axis',(0.,0.,-1.));
#5773=DIRECTION('ref_axis',(1.,0.,0.));
#5774=DIRECTION('',(-1.,0.,0.));
#5775=DIRECTION('',(1.,0.,0.));
#5776=DIRECTION('center_axis',(0.,-1.,0.));
#5777=DIRECTION('ref_axis',(-1.,0.,0.));
#5778=DIRECTION('center_axis',(0.,-1.,0.));
#5779=DIRECTION('ref_axis',(-1.,0.,0.));
#5780=DIRECTION('',(0.,-1.,0.));
#5781=DIRECTION('center_axis',(0.,1.,0.));
#5782=DIRECTION('ref_axis',(-1.,0.,0.));
#5783=DIRECTION('center_axis',(0.,-1.,0.));
#5784=DIRECTION('ref_axis',(-1.,0.,0.));
#5785=DIRECTION('center_axis',(0.,-1.,0.));
#5786=DIRECTION('ref_axis',(-1.,0.,0.));
#5787=DIRECTION('',(0.,-1.,0.));
#5788=DIRECTION('center_axis',(0.,1.,0.));
#5789=DIRECTION('ref_axis',(-1.,0.,0.));
#5790=DIRECTION('center_axis',(0.,-1.,0.));
#5791=DIRECTION('ref_axis',(-1.,0.,0.));
#5792=DIRECTION('center_axis',(0.,-1.,0.));
#5793=DIRECTION('ref_axis',(-1.,0.,0.));
#5794=DIRECTION('',(0.,-1.,0.));
#5795=DIRECTION('center_axis',(0.,1.,0.));
#5796=DIRECTION('ref_axis',(-1.,0.,0.));
#5797=DIRECTION('center_axis',(0.,-1.,0.));
#5798=DIRECTION('ref_axis',(-1.,0.,0.));
#5799=DIRECTION('center_axis',(0.,-1.,0.));
#5800=DIRECTION('ref_axis',(-1.,0.,0.));
#5801=DIRECTION('',(0.,-1.,0.));
#5802=DIRECTION('center_axis',(0.,1.,0.));
#5803=DIRECTION('ref_axis',(-1.,0.,0.));
#5804=DIRECTION('center_axis',(0.,0.,1.));
#5805=DIRECTION('ref_axis',(0.,1.,0.));
#5806=DIRECTION('',(-1.,0.,0.));
#5807=DIRECTION('',(-9.34924652315921E-17,1.,0.));
#5808=DIRECTION('',(1.,0.,0.));
#5809=DIRECTION('',(0.,-1.,0.));
#5810=DIRECTION('center_axis',(0.,0.,1.));
#5811=DIRECTION('ref_axis',(0.,1.,0.));
#5812=DIRECTION('',(-1.,0.,0.));
#5813=DIRECTION('',(0.,1.,0.));
#5814=DIRECTION('',(1.,0.,0.));
#5815=DIRECTION('',(0.,-1.,0.));
#5816=DIRECTION('center_axis',(-1.,0.,0.));
#5817=DIRECTION('ref_axis',(0.,-0.707106781186547,-0.707106781186547));
#5818=DIRECTION('center_axis',(1.,0.,0.));
#5819=DIRECTION('ref_axis',(0.,-0.707106781186547,0.707106781186547));
#5820=DIRECTION('',(-1.,0.,0.));
#5821=DIRECTION('center_axis',(-1.,0.,0.));
#5822=DIRECTION('ref_axis',(0.,-0.707106781186547,-0.707106781186547));
#5823=DIRECTION('center_axis',(0.,0.,-1.));
#5824=DIRECTION('ref_axis',(0.,-1.,0.));
#5825=DIRECTION('',(0.,-1.,0.));
#5826=DIRECTION('',(1.,0.,0.));
#5827=DIRECTION('',(0.,1.,0.));
#5828=DIRECTION('center_axis',(-1.,0.,0.));
#5829=DIRECTION('ref_axis',(0.,-0.707106781186547,-0.707106781186547));
#5830=DIRECTION('center_axis',(1.,9.34924652315921E-17,0.));
#5831=DIRECTION('ref_axis',(0.,-0.707106781186547,0.707106781186547));
#5832=DIRECTION('',(-1.,0.,0.));
#5833=DIRECTION('center_axis',(-1.,0.,0.));
#5834=DIRECTION('ref_axis',(0.,-0.707106781186547,-0.707106781186547));
#5835=DIRECTION('center_axis',(0.,0.,-1.));
#5836=DIRECTION('ref_axis',(0.,-1.,0.));
#5837=DIRECTION('',(9.34924652315921E-17,-1.,0.));
#5838=DIRECTION('',(1.,0.,0.));
#5839=DIRECTION('',(0.,1.,0.));
#5840=DIRECTION('center_axis',(-1.,0.,0.));
#5841=DIRECTION('ref_axis',(0.,0.707106781186547,-0.707106781186547));
#5842=DIRECTION('center_axis',(1.,9.34924652315921E-17,0.));
#5843=DIRECTION('ref_axis',(0.,0.707106781186547,-0.707106781186547));
#5844=DIRECTION('center_axis',(-1.,0.,0.));
#5845=DIRECTION('ref_axis',(0.,0.707106781186547,0.707106781186547));
#5846=DIRECTION('center_axis',(-1.,0.,0.));
#5847=DIRECTION('ref_axis',(0.,0.707106781186547,-0.707106781186547));
#5848=DIRECTION('center_axis',(1.,0.,0.));
#5849=DIRECTION('ref_axis',(0.,0.707106781186547,-0.707106781186547));
#5850=DIRECTION('center_axis',(-1.,0.,0.));
#5851=DIRECTION('ref_axis',(0.,0.707106781186547,0.707106781186547));
#5852=DIRECTION('center_axis',(0.,0.,1.));
#5853=DIRECTION('ref_axis',(2.83276944882399E-16,1.,0.));
#5854=DIRECTION('center_axis',(-0.918642982006156,-0.395088688285097,-5.09949295016774E-16));
#5855=DIRECTION('ref_axis',(-5.55111512312578E-16,0.,1.));
#5856=DIRECTION('center_axis',(0.,0.,1.));
#5857=DIRECTION('ref_axis',(-1.83697019872103E-16,1.,0.));
#5858=DIRECTION('center_axis',(0.,0.,1.));
#5859=DIRECTION('ref_axis',(-1.83697019872103E-16,1.,0.));
#5860=DIRECTION('center_axis',(0.918642982006155,-0.395088688285098,5.09949295016774E-16));
#5861=DIRECTION('ref_axis',(0.237053212971059,0.551185789203695,0.799999999999999));
#5862=DIRECTION('center_axis',(0.,0.,-1.));
#5863=DIRECTION('ref_axis',(-1.83697019872103E-16,1.,0.));
#5864=DIRECTION('center_axis',(0.,0.,1.));
#5865=DIRECTION('ref_axis',(1.,0.,0.));
#5866=DIRECTION('',(1.,0.,0.));
#5867=DIRECTION('center_axis',(0.,0.,1.));
#5868=DIRECTION('ref_axis',(-0.707106781186547,-0.707106781186547,0.));
#5869=DIRECTION('',(0.,-1.,0.));
#5870=DIRECTION('',(1.,0.,0.));
#5871=DIRECTION('',(0.,1.,0.));
#5872=DIRECTION('center_axis',(0.,0.,1.));
#5873=DIRECTION('ref_axis',(0.707106781186547,-0.707106781186547,0.));
#5874=DIRECTION('',(1.,0.,0.));
#5875=DIRECTION('center_axis',(0.,0.,-1.));
#5876=DIRECTION('ref_axis',(1.,0.,0.));
#5877=DIRECTION('',(0.,1.,0.));
#5878=DIRECTION('',(-1.,0.,0.));
#5879=DIRECTION('',(0.,-1.,0.));
#5880=DIRECTION('',(1.,0.,0.));
#5881=DIRECTION('',(0.,1.,0.));
#5882=DIRECTION('',(-1.,0.,0.));
#5883=DIRECTION('',(0.,-1.,0.));
#5884=DIRECTION('',(1.,0.,0.));
#5885=DIRECTION('center_axis',(0.,0.,1.));
#5886=DIRECTION('ref_axis',(-0.999985276917081,-0.00542641217271203,0.));
#5887=DIRECTION('center_axis',(0.,0.,1.));
#5888=DIRECTION('ref_axis',(1.,0.,0.));
#5889=DIRECTION('center_axis',(0.,0.,1.));
#5890=DIRECTION('ref_axis',(1.,0.,0.));
#5891=DIRECTION('center_axis',(0.,0.,1.));
#5892=DIRECTION('ref_axis',(1.,0.,0.));
#5893=DIRECTION('center_axis',(0.,-1.,0.));
#5894=DIRECTION('ref_axis',(-1.,0.,0.));
#5895=DIRECTION('center_axis',(0.,0.,1.));
#5896=DIRECTION('ref_axis',(-1.,0.,0.));
#5897=DIRECTION('center_axis',(0.,-1.,0.));
#5898=DIRECTION('ref_axis',(1.,0.,0.));
#5899=DIRECTION('center_axis',(0.,0.,-1.));
#5900=DIRECTION('ref_axis',(-1.,0.,0.));
#5901=DIRECTION('center_axis',(0.,0.,-1.));
#5902=DIRECTION('ref_axis',(-1.,0.,0.));
#5903=DIRECTION('center_axis',(9.34924652315921E-17,-1.,-9.62759304617558E-33));
#5904=DIRECTION('ref_axis',(-0.707106781186547,-6.61091561551062E-17,0.707106781186547));
#5905=DIRECTION('',(9.34924652315921E-17,-1.,-9.62759304617558E-33));
#5906=DIRECTION('',(-9.34924652315921E-17,1.,9.62759304617558E-33));
#5907=DIRECTION('center_axis',(1.02977208081174E-16,0.,1.));
#5908=DIRECTION('ref_axis',(1.,0.,-1.02977208081174E-16));
#5909=DIRECTION('center_axis',(0.,0.,1.));
#5910=DIRECTION('ref_axis',(1.,0.,0.));
#5911=DIRECTION('',(-1.,0.,0.));
#5912=DIRECTION('',(0.,-1.,0.));
#5913=DIRECTION('',(-1.,0.,1.02977208081174E-16));
#5914=DIRECTION('',(0.,1.,0.));
#5915=DIRECTION('',(-1.,0.,0.));
#5916=DIRECTION('center_axis',(0.,0.,1.));
#5917=DIRECTION('ref_axis',(1.,0.,0.));
#5918=DIRECTION('',(0.,1.,0.));
#5919=DIRECTION('center_axis',(0.,0.,-1.));
#5920=DIRECTION('ref_axis',(1.,0.,0.));
#5921=DIRECTION('',(1.07009448156642E-16,-1.,0.));
#5922=DIRECTION('center_axis',(0.,0.,-1.));
#5923=DIRECTION('ref_axis',(1.,0.,0.));
#5924=DIRECTION('',(0.,1.,0.));
#5925=DIRECTION('center_axis',(0.,0.,1.));
#5926=DIRECTION('ref_axis',(1.,0.,0.));
#5927=DIRECTION('',(1.,0.,-1.02977208081174E-16));
#5928=DIRECTION('center_axis',(0.,0.,-1.));
#5929=DIRECTION('ref_axis',(1.,0.,0.));
#5930=DIRECTION('',(-1.,0.,0.));
#5931=DIRECTION('center_axis',(0.,0.,-1.));
#5932=DIRECTION('ref_axis',(1.,0.,0.));
#5933=DIRECTION('',(1.,0.,-1.02977208081174E-16));
#5934=DIRECTION('center_axis',(0.,0.,1.));
#5935=DIRECTION('ref_axis',(1.,0.,0.));
#5936=DIRECTION('',(9.34924652315921E-17,-1.,-9.62759304617558E-33));
#5937=DIRECTION('center_axis',(0.,0.,-1.));
#5938=DIRECTION('ref_axis',(1.,0.,0.));
#5939=DIRECTION('',(0.,1.,0.));
#5940=DIRECTION('center_axis',(0.,0.,-1.));
#5941=DIRECTION('ref_axis',(1.,0.,0.));
#5942=DIRECTION('',(1.,0.,-1.02977208081174E-16));
#5943=DIRECTION('center_axis',(0.,0.,-1.));
#5944=DIRECTION('ref_axis',(1.,0.,0.));
#5945=DIRECTION('',(1.,-1.08314441426845E-16,0.));
#5946=DIRECTION('center_axis',(0.,0.,-1.));
#5947=DIRECTION('ref_axis',(1.,0.,0.));
#5948=DIRECTION('center_axis',(0.,1.,0.));
#5949=DIRECTION('ref_axis',(0.707106781186547,0.,0.707106781186547));
#5950=DIRECTION('',(0.,-1.,0.));
#5951=DIRECTION('center_axis',(9.34924652315921E-17,-1.,-9.62759304617558E-33));
#5952=DIRECTION('ref_axis',(-0.707106781186547,-6.61091561551062E-17,0.707106781186547));
#5953=DIRECTION('',(-9.34924652315921E-17,1.,9.62759304617558E-33));
#5954=DIRECTION('center_axis',(1.,0.,-1.02977208081174E-16));
#5955=DIRECTION('ref_axis',(1.57009245868377E-16,-0.707106781186547,0.707106781186547));
#5956=DIRECTION('',(-1.,0.,1.02977208081174E-16));
#5957=DIRECTION('center_axis',(1.,0.,-1.02977208081174E-16));
#5958=DIRECTION('ref_axis',(1.57009245868377E-16,-0.707106781186547,0.707106781186547));
#5959=DIRECTION('',(-1.,0.,1.02977208081174E-16));
#5960=DIRECTION('center_axis',(0.,1.,0.));
#5961=DIRECTION('ref_axis',(0.707106781186547,0.,0.707106781186547));
#5962=DIRECTION('',(0.,-1.,0.));
#5963=DIRECTION('center_axis',(-3.46944695195361E-16,1.,0.));
#5964=DIRECTION('ref_axis',(0.707106781186547,0.,-0.707106781186547));
#5965=DIRECTION('center_axis',(0.,-1.,0.));
#5966=DIRECTION('ref_axis',(0.707106781186547,0.,-0.707106781186547));
#5967=DIRECTION('',(-3.46944695195361E-16,1.,0.));
#5968=DIRECTION('center_axis',(0.,1.,0.));
#5969=DIRECTION('ref_axis',(0.707106781186547,0.,-0.707106781186547));
#5970=DIRECTION('',(3.46944695195361E-16,-1.,0.));
#5971=DIRECTION('center_axis',(-1.,-3.46944695195361E-16,0.));
#5972=DIRECTION('ref_axis',(3.46944695195361E-16,-1.,0.));
#5973=DIRECTION('',(0.,0.,1.));
#5974=DIRECTION('',(-3.46944695195361E-16,1.,0.));
#5975=DIRECTION('',(0.,0.,-1.));
#5976=DIRECTION('',(3.46944695195361E-16,-1.,0.));
#5977=DIRECTION('',(0.,0.,1.));
#5978=DIRECTION('',(-3.46944695195361E-16,1.,0.));
#5979=DIRECTION('',(0.,0.,1.));
#5980=DIRECTION('center_axis',(0.,-1.,0.));
#5981=DIRECTION('ref_axis',(-0.707106781186547,0.,-0.707106781186547));
#5982=DIRECTION('center_axis',(0.,1.,0.));
#5983=DIRECTION('ref_axis',(-0.707106781186547,0.,-0.707106781186547));
#5984=DIRECTION('',(0.,-1.,0.));
#5985=DIRECTION('center_axis',(0.,-1.,0.));
#5986=DIRECTION('ref_axis',(-0.707106781186547,0.,-0.707106781186547));
#5987=DIRECTION('',(0.,1.,0.));
#5988=DIRECTION('center_axis',(1.,0.,0.));
#5989=DIRECTION('ref_axis',(0.,1.,0.));
#5990=DIRECTION('',(0.,0.,1.));
#5991=DIRECTION('',(0.,-1.,0.));
#5992=DIRECTION('',(0.,0.,-1.));
#5993=DIRECTION('',(0.,1.,0.));
#5994=DIRECTION('',(0.,0.,1.));
#5995=DIRECTION('',(0.,-1.,0.));
#5996=DIRECTION('',(0.,0.,1.));
#5997=DIRECTION('center_axis',(3.33275204390291E-16,-1.,0.));
#5998=DIRECTION('ref_axis',(-0.707106781186547,-3.14018491736755E-16,0.707106781186547));
#5999=DIRECTION('center_axis',(-2.59052048247122E-16,1.,0.));
#6000=DIRECTION('ref_axis',(-0.707106781186547,-3.14018491736755E-16,0.707106781186547));
#6001=DIRECTION('',(3.33275204390291E-16,-1.,0.));
#6002=DIRECTION('center_axis',(3.70074354638746E-17,-1.,0.));
#6003=DIRECTION('ref_axis',(-0.707106781186547,-3.14018491736755E-16,0.707106781186547));
#6004=DIRECTION('',(-3.33275204390291E-16,1.,0.));
#6005=DIRECTION('center_axis',(0.,0.,1.));
#6006=DIRECTION('ref_axis',(1.,0.,0.));
#6007=DIRECTION('',(-1.,-2.59052048247122E-16,0.));
#6008=DIRECTION('',(0.,1.,0.));
#6009=DIRECTION('',(1.,3.70074354638746E-17,0.));
#6010=DIRECTION('center_axis',(0.,1.,0.));
#6011=DIRECTION('ref_axis',(0.707106781186547,0.,0.707106781186547));
#6012=DIRECTION('center_axis',(2.59052048247122E-16,-1.,0.));
#6013=DIRECTION('ref_axis',(0.707106781186547,0.,0.707106781186547));
#6014=DIRECTION('',(0.,-1.,0.));
#6015=DIRECTION('center_axis',(-3.70074354638746E-17,1.,0.));
#6016=DIRECTION('ref_axis',(0.707106781186547,0.,0.707106781186547));
#6017=DIRECTION('',(0.,1.,0.));
#6018=DIRECTION('center_axis',(0.,0.,1.));
#6019=DIRECTION('ref_axis',(1.,0.,0.));
#6020=DIRECTION('',(-1.,-2.51371274711013E-16,0.));
#6021=DIRECTION('',(-3.33275204390291E-16,1.,0.));
#6022=DIRECTION('',(1.,4.18952124518355E-17,0.));
#6023=DIRECTION('center_axis',(-2.59052048247122E-16,1.,0.));
#6024=DIRECTION('ref_axis',(1.,2.59052048247122E-16,0.));
#6025=DIRECTION('',(0.,0.,1.));
#6026=DIRECTION('',(0.,0.,-1.));
#6027=DIRECTION('center_axis',(-2.59052048247122E-16,1.,0.));
#6028=DIRECTION('ref_axis',(-0.707106781186547,-3.14018491736755E-16,-0.707106781186547));
#6029=DIRECTION('',(1.,2.59052048247122E-16,0.));
#6030=DIRECTION('',(0.,0.,1.));
#6031=DIRECTION('center_axis',(-2.59052048247122E-16,1.,0.));
#6032=DIRECTION('ref_axis',(0.707106781186547,0.,0.707106781186547));
#6033=DIRECTION('',(1.,2.59052048247122E-16,0.));
#6034=DIRECTION('center_axis',(-2.59052048247122E-16,1.,0.));
#6035=DIRECTION('ref_axis',(-0.707106781186547,0.,0.707106781186547));
#6036=DIRECTION('',(-1.,-2.59052048247122E-16,0.));
#6037=DIRECTION('',(0.,0.,1.));
#6038=DIRECTION('',(1.,2.59052048247122E-16,0.));
#6039=DIRECTION('center_axis',(-2.59052048247122E-16,1.,0.));
#6040=DIRECTION('ref_axis',(0.658724631355539,1.47560667353086E-16,-0.752384117353303));
#6041=DIRECTION('',(-0.132163720091018,-3.42372823935374E-17,-0.991227900682635));
#6042=DIRECTION('center_axis',(2.59052048247122E-16,-1.,0.));
#6043=DIRECTION('ref_axis',(-0.707106781186547,-3.14018491736755E-16,0.707106781186547));
#6044=DIRECTION('center_axis',(3.33275204390291E-16,-1.,0.));
#6045=DIRECTION('ref_axis',(-0.707106781186547,-3.14018491736755E-16,0.707106781186547));
#6046=DIRECTION('center_axis',(-3.70074354638746E-17,1.,0.));
#6047=DIRECTION('ref_axis',(-0.707106781186547,-3.14018491736755E-16,0.707106781186547));
#6048=DIRECTION('',(-3.33275204390291E-16,1.,0.));
#6049=DIRECTION('center_axis',(-3.33275204390291E-16,1.,0.));
#6050=DIRECTION('ref_axis',(-0.707106781186547,-3.14018491736755E-16,-0.707106781186547));
#6051=DIRECTION('center_axis',(3.70074354638746E-17,-1.,0.));
#6052=DIRECTION('ref_axis',(-0.707106781186547,-3.14018491736755E-16,-0.707106781186547));
#6053=DIRECTION('',(-3.33275204390291E-16,1.,0.));
#6054=DIRECTION('',(3.33275204390291E-16,-1.,0.));
#6055=DIRECTION('center_axis',(0.,0.,1.));
#6056=DIRECTION('ref_axis',(1.,0.,0.));
#6057=DIRECTION('',(-1.,-3.70074354638746E-17,0.));
#6058=DIRECTION('',(0.,-1.,0.));
#6059=DIRECTION('center_axis',(3.33275204390291E-16,-1.,0.));
#6060=DIRECTION('ref_axis',(0.658724631355539,1.47560667353086E-16,-0.752384117353303));
#6061=DIRECTION('',(3.33275204390291E-16,-1.,0.));
#6062=DIRECTION('center_axis',(3.70074354638746E-17,-1.,0.));
#6063=DIRECTION('ref_axis',(0.658724631355539,1.47560667353086E-16,-0.752384117353303));
#6064=DIRECTION('',(-3.33275204390291E-16,1.,0.));
#6065=DIRECTION('center_axis',(0.,0.,1.));
#6066=DIRECTION('ref_axis',(1.,0.,0.));
#6067=DIRECTION('',(0.,1.,0.));
#6068=DIRECTION('',(-1.,-3.70074354638746E-17,0.));
#6069=DIRECTION('center_axis',(0.,1.,0.));
#6070=DIRECTION('ref_axis',(0.707106781186547,0.,-0.707106781186547));
#6071=DIRECTION('center_axis',(1.48029741855498E-16,-1.,0.));
#6072=DIRECTION('ref_axis',(0.707106781186547,0.,-0.707106781186547));
#6073=DIRECTION('',(0.,1.,0.));
#6074=DIRECTION('center_axis',(7.40148709277491E-17,1.,0.));
#6075=DIRECTION('ref_axis',(0.707106781186547,0.,-0.707106781186547));
#6076=DIRECTION('',(0.,-1.,0.));
#6077=DIRECTION('center_axis',(1.,0.,0.));
#6078=DIRECTION('ref_axis',(0.,1.,0.));
#6079=DIRECTION('',(0.,0.,-1.));
#6080=DIRECTION('',(0.,-1.,0.));
#6081=DIRECTION('',(0.,0.,1.));
#6082=DIRECTION('center_axis',(0.,1.,0.));
#6083=DIRECTION('ref_axis',(0.707106781186547,0.,0.707106781186547));
#6084=DIRECTION('center_axis',(1.48029741855498E-16,-1.,0.));
#6085=DIRECTION('ref_axis',(0.707106781186547,0.,0.707106781186547));
#6086=DIRECTION('',(0.,1.,0.));
#6087=DIRECTION('center_axis',(7.40148709277491E-17,1.,0.));
#6088=DIRECTION('ref_axis',(0.707106781186547,0.,0.707106781186547));
#6089=DIRECTION('center_axis',(0.,0.,1.));
#6090=DIRECTION('ref_axis',(1.,0.,0.));
#6091=DIRECTION('',(1.,1.48029741855498E-16,0.));
#6092=DIRECTION('',(0.,-1.,0.));
#6093=DIRECTION('',(-1.,7.40148709277491E-17,0.));
#6094=DIRECTION('center_axis',(0.,-1.,0.));
#6095=DIRECTION('ref_axis',(-0.707106781186547,0.,0.707106781186547));
#6096=DIRECTION('center_axis',(-1.48029741855498E-16,1.,0.));
#6097=DIRECTION('ref_axis',(-0.707106781186547,0.,0.707106781186547));
#6098=DIRECTION('',(0.,1.,0.));
#6099=DIRECTION('center_axis',(-7.40148709277491E-17,-1.,0.));
#6100=DIRECTION('ref_axis',(-0.707106781186547,0.,0.707106781186547));
#6101=DIRECTION('',(0.,-1.,0.));
#6102=DIRECTION('center_axis',(0.,0.,1.));
#6103=DIRECTION('ref_axis',(1.,0.,0.));
#6104=DIRECTION('',(1.,1.67580849807342E-16,0.));
#6105=DIRECTION('',(0.,-1.,0.));
#6106=DIRECTION('',(-1.,8.3790424903671E-17,0.));
#6107=DIRECTION('center_axis',(1.48029741855498E-16,-1.,0.));
#6108=DIRECTION('ref_axis',(-1.,-1.48029741855498E-16,0.));
#6109=DIRECTION('',(0.,0.,1.));
#6110=DIRECTION('',(-1.,-1.48029741855498E-16,0.));
#6111=DIRECTION('',(0.,0.,1.));
#6112=DIRECTION('center_axis',(1.48029741855498E-16,-1.,0.));
#6113=DIRECTION('ref_axis',(-0.707106781186547,0.,0.707106781186547));
#6114=DIRECTION('',(-1.,-1.48029741855498E-16,0.));
#6115=DIRECTION('center_axis',(1.48029741855498E-16,-1.,0.));
#6116=DIRECTION('ref_axis',(0.707106781186547,0.,0.707106781186547));
#6117=DIRECTION('',(1.,1.48029741855498E-16,0.));
#6118=DIRECTION('',(0.,0.,1.));
#6119=DIRECTION('',(-1.,-1.48029741855498E-16,0.));
#6120=DIRECTION('center_axis',(1.48029741855498E-16,-1.,0.));
#6121=DIRECTION('ref_axis',(-0.658724631355539,0.,-0.752384117353303));
#6122=DIRECTION('',(0.132163720091018,1.95641613677357E-17,-0.991227900682635));
#6123=DIRECTION('center_axis',(-1.48029741855498E-16,1.,0.));
#6124=DIRECTION('ref_axis',(0.707106781186547,0.,0.707106781186547));
#6125=DIRECTION('center_axis',(0.,1.,0.));
#6126=DIRECTION('ref_axis',(-0.658724631355539,0.,-0.752384117353303));
#6127=DIRECTION('',(0.,1.,0.));
#6128=DIRECTION('center_axis',(7.40148709277491E-17,1.,0.));
#6129=DIRECTION('ref_axis',(-0.658724631355539,0.,-0.752384117353303));
#6130=DIRECTION('',(0.,-1.,0.));
#6131=DIRECTION('center_axis',(0.,0.,1.));
#6132=DIRECTION('ref_axis',(1.,0.,0.));
#6133=DIRECTION('',(0.,-1.,0.));
#6134=DIRECTION('',(1.,-7.40148709277491E-17,0.));
#6135=DIRECTION('center_axis',(0.,1.,0.));
#6136=DIRECTION('ref_axis',(0.707106781186547,0.,0.707106781186547));
#6137=DIRECTION('center_axis',(-7.40148709277491E-17,-1.,0.));
#6138=DIRECTION('ref_axis',(0.707106781186547,0.,0.707106781186547));
#6139=DIRECTION('',(0.,-1.,0.));
#6140=DIRECTION('center_axis',(7.40148709277491E-17,1.,0.));
#6141=DIRECTION('ref_axis',(1.,-7.40148709277491E-17,0.));
#6142=DIRECTION('',(-0.132163720091018,9.78208068386787E-18,0.991227900682635));
#6143=DIRECTION('',(0.,0.,1.));
#6144=DIRECTION('',(1.,-7.40148709277491E-17,0.));
#6145=DIRECTION('center_axis',(7.40148709277491E-17,1.,0.));
#6146=DIRECTION('ref_axis',(0.707106781186547,0.,0.707106781186547));
#6147=DIRECTION('',(1.,-7.40148709277491E-17,0.));
#6148=DIRECTION('center_axis',(7.40148709277491E-17,1.,0.));
#6149=DIRECTION('ref_axis',(-0.707106781186547,0.,0.707106781186547));
#6150=DIRECTION('',(0.,0.,-1.));
#6151=DIRECTION('',(1.,-7.40148709277491E-17,0.));
#6152=DIRECTION('',(0.,0.,1.));
#6153=DIRECTION('center_axis',(0.,-1.,0.));
#6154=DIRECTION('ref_axis',(-0.707106781186547,0.,0.707106781186547));
#6155=DIRECTION('',(0.,-1.,0.));
#6156=DIRECTION('center_axis',(3.70074354638746E-17,-1.,0.));
#6157=DIRECTION('ref_axis',(-0.707106781186547,0.,0.707106781186547));
#6158=DIRECTION('center_axis',(0.,0.,1.));
#6159=DIRECTION('ref_axis',(1.,0.,0.));
#6160=DIRECTION('',(0.,1.,0.));
#6161=DIRECTION('',(-1.,-3.70074354638746E-17,0.));
#6162=DIRECTION('center_axis',(0.,1.,0.));
#6163=DIRECTION('ref_axis',(0.707106781186547,0.,0.707106781186547));
#6164=DIRECTION('center_axis',(3.70074354638746E-17,-1.,0.));
#6165=DIRECTION('ref_axis',(0.707106781186547,0.,0.707106781186547));
#6166=DIRECTION('',(0.,-1.,0.));
#6167=DIRECTION('center_axis',(-3.46944695195361E-16,1.,0.));
#6168=DIRECTION('ref_axis',(0.707106781186547,0.,0.707106781186547));
#6169=DIRECTION('',(-3.46944695195361E-16,1.,0.));
#6170=DIRECTION('center_axis',(0.,0.,1.));
#6171=DIRECTION('ref_axis',(1.,0.,0.));
#6172=DIRECTION('',(9.34924652315921E-17,-1.,0.));
#6173=DIRECTION('center_axis',(9.34924652315921E-17,-1.,0.));
#6174=DIRECTION('ref_axis',(-0.707106781186547,0.,0.707106781186547));
#6175=DIRECTION('',(-9.34924652315921E-17,1.,0.));
#6176=DIRECTION('center_axis',(-0.816496580927727,-0.408248290463862,-0.408248290463862));
#6177=DIRECTION('ref_axis',(0.577350269189625,-0.577350269189628,-0.577350269189625));
#6178=DIRECTION('center_axis',(0.,0.,1.));
#6179=DIRECTION('ref_axis',(1.,0.,0.));
#6180=DIRECTION('center_axis',(3.5527136788005E-15,1.,0.));
#6181=DIRECTION('ref_axis',(0.,0.,-1.));
#6182=DIRECTION('center_axis',(-1.,0.,0.));
#6183=DIRECTION('ref_axis',(0.,-1.,0.));
#6184=DIRECTION('center_axis',(0.,1.,0.));
#6185=DIRECTION('ref_axis',(0.707106781186547,0.,-0.707106781186547));
#6186=DIRECTION('center_axis',(0.,-1.,0.));
#6187=DIRECTION('ref_axis',(0.707106781186547,0.,-0.707106781186547));
#6188=DIRECTION('',(0.,-1.,0.));
#6189=DIRECTION('',(0.,1.,0.));
#6190=DIRECTION('center_axis',(0.408248290463863,-0.816496580927725,0.408248290463865));
#6191=DIRECTION('ref_axis',(-0.577350269189626,-0.577350269189626,-0.577350269189627));
#6192=DIRECTION('center_axis',(1.,0.,0.));
#6193=DIRECTION('ref_axis',(0.,0.,-1.));
#6194=DIRECTION('center_axis',(0.,1.,0.));
#6195=DIRECTION('ref_axis',(-1.,0.,0.));
#6196=DIRECTION('center_axis',(0.,0.,1.));
#6197=DIRECTION('ref_axis',(0.,-1.,0.));
#6198=DIRECTION('center_axis',(9.34924652315921E-17,-1.,0.));
#6199=DIRECTION('ref_axis',(-0.707106781186547,0.,-0.707106781186547));
#6200=DIRECTION('center_axis',(0.,-1.,0.));
#6201=DIRECTION('ref_axis',(-0.707106781186547,0.,-0.707106781186547));
#6202=DIRECTION('',(9.34924652315921E-17,-1.,0.));
#6203=DIRECTION('',(-9.34924652315921E-17,1.,0.));
#6204=DIRECTION('center_axis',(0.,0.,1.));
#6205=DIRECTION('ref_axis',(-0.707106781186547,-0.707106781186547,0.));
#6206=DIRECTION('center_axis',(0.,0.,1.));
#6207=DIRECTION('ref_axis',(-0.707106781186547,-0.707106781186547,0.));
#6208=DIRECTION('',(0.,0.,-1.));
#6209=DIRECTION('',(0.,0.,1.));
#6210=DIRECTION('center_axis',(1.,0.,0.));
#6211=DIRECTION('ref_axis',(0.,-0.707106781186547,-0.707106781186547));
#6212=DIRECTION('',(-1.,0.,0.));
#6213=DIRECTION('',(1.,0.,0.));
#6214=DIRECTION('center_axis',(0.,0.,1.));
#6215=DIRECTION('ref_axis',(0.707106781186547,-0.707106781186547,0.));
#6216=DIRECTION('center_axis',(0.,0.,1.));
#6217=DIRECTION('ref_axis',(0.707106781186547,-0.707106781186547,0.));
#6218=DIRECTION('',(0.,0.,-1.));
#6219=DIRECTION('',(0.,0.,1.));
#6220=DIRECTION('center_axis',(0.,0.,1.));
#6221=DIRECTION('ref_axis',(1.,0.,0.));
#6222=DIRECTION('',(-1.,0.,0.));
#6223=DIRECTION('',(0.,-1.,0.));
#6224=DIRECTION('',(1.,0.,0.));
#6225=DIRECTION('',(0.,1.,0.));
#6226=DIRECTION('',(-1.,0.,0.));
#6227=DIRECTION('',(1.,0.,0.));
#6228=DIRECTION('',(-1.,0.,0.));
#6229=DIRECTION('',(0.,1.,0.));
#6230=DIRECTION('',(1.,0.,0.));
#6231=DIRECTION('',(0.,-1.,0.));
#6232=DIRECTION('',(-1.,0.,0.));
#6233=DIRECTION('',(0.,1.,0.));
#6234=DIRECTION('',(1.,0.,0.));
#6235=DIRECTION('',(1.,0.,0.));
#6236=DIRECTION('',(1.,0.,0.));
#6237=DIRECTION('',(0.,-1.,0.));
#6238=DIRECTION('',(-1.,0.,0.));
#6239=DIRECTION('center_axis',(0.,-1.,0.));
#6240=DIRECTION('ref_axis',(1.,0.,0.));
#6241=DIRECTION('center_axis',(0.,-1.,0.));
#6242=DIRECTION('ref_axis',(-0.707106781186547,0.,-0.707106781186547));
#6243=DIRECTION('',(0.,0.,1.));
#6244=DIRECTION('center_axis',(0.,-1.,0.));
#6245=DIRECTION('ref_axis',(-0.707106781186547,0.,0.707106781186547));
#6246=DIRECTION('',(0.,0.,1.));
#6247=DIRECTION('',(1.,0.,0.));
#6248=DIRECTION('',(0.,0.,-1.));
#6249=DIRECTION('',(0.,0.,1.));
#6250=DIRECTION('',(1.,0.,0.));
#6251=DIRECTION('',(0.,0.,-1.));
#6252=DIRECTION('center_axis',(0.,-1.,0.));
#6253=DIRECTION('ref_axis',(0.707106781186547,0.,0.707106781186547));
#6254=DIRECTION('',(0.,0.,-1.));
#6255=DIRECTION('center_axis',(0.,-1.,0.));
#6256=DIRECTION('ref_axis',(0.707106781186547,0.,-0.707106781186547));
#6257=DIRECTION('',(0.,0.,1.));
#6258=DIRECTION('',(-1.,0.,0.));
#6259=DIRECTION('',(0.,0.,1.));
#6260=DIRECTION('center_axis',(-1.,0.,0.));
#6261=DIRECTION('ref_axis',(0.,-1.,0.));
#6262=DIRECTION('',(0.,1.,0.));
#6263=DIRECTION('',(0.,0.,1.));
#6264=DIRECTION('',(0.,-1.,0.));
#6265=DIRECTION('',(0.,0.,-1.));
#6266=DIRECTION('',(0.,0.,1.));
#6267=DIRECTION('',(0.,-1.,0.));
#6268=DIRECTION('',(0.,0.,-1.));
#6269=DIRECTION('',(0.,0.,-1.));
#6270=DIRECTION('center_axis',(0.,-1.,0.));
#6271=DIRECTION('ref_axis',(0.707106781186547,0.,-0.707106781186547));
#6272=DIRECTION('center_axis',(0.,-1.,0.));
#6273=DIRECTION('ref_axis',(0.707106781186547,0.,-0.707106781186547));
#6274=DIRECTION('',(0.,-1.,0.));
#6275=DIRECTION('center_axis',(0.,1.,0.));
#6276=DIRECTION('ref_axis',(1.,0.,0.));
#6277=DIRECTION('center_axis',(1.,0.,0.));
#6278=DIRECTION('ref_axis',(0.,-1.,0.));
#6279=DIRECTION('center_axis',(0.,0.,-1.));
#6280=DIRECTION('ref_axis',(0.707106781186547,-0.707106781186547,0.));
#6281=DIRECTION('center_axis',(-1.,0.,0.));
#6282=DIRECTION('ref_axis',(0.,-0.707106781186547,-0.707106781186547));
#6283=DIRECTION('',(-1.,0.,0.));
#6284=DIRECTION('center_axis',(1.,0.,0.));
#6285=DIRECTION('ref_axis',(0.,-1.,0.));
#6286=DIRECTION('center_axis',(0.,-1.,0.));
#6287=DIRECTION('ref_axis',(-1.,0.,0.));
#6288=DIRECTION('center_axis',(0.,0.,-1.));
#6289=DIRECTION('ref_axis',(-0.707106781186547,-0.707106781186547,0.));
#6290=DIRECTION('center_axis',(0.,1.,0.));
#6291=DIRECTION('ref_axis',(-0.707106781186547,0.,-0.707106781186547));
#6292=DIRECTION('center_axis',(0.,-1.,0.));
#6293=DIRECTION('ref_axis',(-0.707106781186547,0.,-0.707106781186547));
#6294=DIRECTION('',(0.,1.,0.));
#6295=DIRECTION('center_axis',(-1.,0.,0.));
#6296=DIRECTION('ref_axis',(0.,1.,0.));
#6297=DIRECTION('',(0.,0.,-1.));
#6298=DIRECTION('',(0.,1.,0.));
#6299=DIRECTION('',(0.,0.,1.));
#6300=DIRECTION('center_axis',(-1.,0.,0.));
#6301=DIRECTION('ref_axis',(0.,-1.,0.));
#6302=DIRECTION('center_axis',(0.,0.,-1.));
#6303=DIRECTION('ref_axis',(-0.707106781186547,-0.707106781186547,0.));
#6304=DIRECTION('',(0.,0.,1.));
#6305=DIRECTION('center_axis',(0.,0.,-1.));
#6306=DIRECTION('ref_axis',(-0.707106781186547,-0.707106781186547,0.));
#6307=DIRECTION('center_axis',(0.,-1.,0.));
#6308=DIRECTION('ref_axis',(-1.,0.,0.));
#6309=DIRECTION('',(0.,0.,-1.));
#6310=DIRECTION('',(-1.,0.,0.));
#6311=DIRECTION('center_axis',(0.,0.,1.));
#6312=DIRECTION('ref_axis',(0.707106781186547,-0.707106781186547,0.));
#6313=DIRECTION('',(0.,0.,1.));
#6314=DIRECTION('center_axis',(0.,0.,-1.));
#6315=DIRECTION('ref_axis',(0.707106781186547,-0.707106781186547,0.));
#6316=DIRECTION('center_axis',(0.,1.,0.));
#6317=DIRECTION('ref_axis',(1.,0.,0.));
#6318=DIRECTION('',(1.,0.,0.));
#6319=DIRECTION('',(0.,0.,1.));
#6320=DIRECTION('center_axis',(0.,1.,0.));
#6321=DIRECTION('ref_axis',(-0.707106781186547,0.,0.707106781186547));
#6322=DIRECTION('',(0.,0.,-1.));
#6323=DIRECTION('center_axis',(0.,1.,0.));
#6324=DIRECTION('ref_axis',(-0.707106781186547,0.,-0.707106781186547));
#6325=DIRECTION('center_axis',(0.,1.,0.));
#6326=DIRECTION('ref_axis',(0.707106781186547,0.,-0.707106781186547));
#6327=DIRECTION('',(0.,0.,1.));
#6328=DIRECTION('center_axis',(0.,1.,0.));
#6329=DIRECTION('ref_axis',(0.707106781186547,0.,0.707106781186547));
#6330=DIRECTION('center_axis',(1.,0.,0.));
#6331=DIRECTION('ref_axis',(0.,-1.,0.));
#6332=DIRECTION('',(0.,-1.,0.));
#6333=DIRECTION('center_axis',(1.,0.,0.));
#6334=DIRECTION('ref_axis',(0.,1.,0.));
#6335=DIRECTION('center_axis',(1.,0.,0.));
#6336=DIRECTION('ref_axis',(0.,1.,0.));
#6337=DIRECTION('',(0.,-1.,0.));
#6338=DIRECTION('',(0.,0.,1.));
#6339=DIRECTION('',(0.,-1.,0.));
#6340=DIRECTION('',(0.,0.,1.));
#6341=DIRECTION('center_axis',(0.,0.,1.));
#6342=DIRECTION('ref_axis',(1.,0.,0.));
#6343=DIRECTION('center_axis',(0.,0.,1.));
#6344=DIRECTION('ref_axis',(1.,0.,0.));
#6345=DIRECTION('center_axis',(0.,0.,-1.));
#6346=DIRECTION('ref_axis',(1.,0.,0.));
#6347=DIRECTION('',(-9.34924652315921E-17,1.,0.));
#6348=DIRECTION('center_axis',(1.,9.34924652315921E-17,0.));
#6349=DIRECTION('ref_axis',(-9.34924652315921E-17,1.,0.));
#6350=DIRECTION('',(9.34924652315921E-17,-1.,0.));
#6351=DIRECTION('',(0.,0.,1.));
#6352=DIRECTION('',(-9.34924652315921E-17,1.,0.));
#6353=DIRECTION('',(0.,0.,-1.));
#6354=DIRECTION('',(0.,0.,1.));
#6355=DIRECTION('',(0.,0.,-1.));
#6356=DIRECTION('',(-9.34924652315921E-17,1.,0.));
#6357=DIRECTION('center_axis',(1.,0.,0.));
#6358=DIRECTION('ref_axis',(0.,1.,0.));
#6359=DIRECTION('',(0.,-1.,0.));
#6360=DIRECTION('',(0.,0.,1.));
#6361=DIRECTION('',(0.,-1.,0.));
#6362=DIRECTION('',(0.,0.,1.));
#6363=DIRECTION('center_axis',(0.,0.,1.));
#6364=DIRECTION('ref_axis',(1.,0.,0.));
#6365=DIRECTION('center_axis',(0.,0.,1.));
#6366=DIRECTION('ref_axis',(1.,0.,0.));
#6367=DIRECTION('center_axis',(0.,0.,-1.));
#6368=DIRECTION('ref_axis',(1.,0.,0.));
#6369=DIRECTION('center_axis',(0.,0.,1.));
#6370=DIRECTION('ref_axis',(1.,0.,0.));
#6371=DIRECTION('center_axis',(0.,0.,1.));
#6372=DIRECTION('ref_axis',(1.,0.,0.));
#6373=DIRECTION('',(1.,0.,0.));
#6374=DIRECTION('',(-1.,0.,0.));
#6375=DIRECTION('',(1.,0.,0.));
#6376=DIRECTION('center_axis',(0.,0.,1.));
#6377=DIRECTION('ref_axis',(1.,0.,0.));
#6378=DIRECTION('',(-1.07009448156642E-16,1.,0.));
#6379=DIRECTION('',(1.07009448156642E-16,-1.,0.));
#6380=DIRECTION('',(-1.07009448156642E-16,1.,0.));
#6381=DIRECTION('center_axis',(0.,0.,1.));
#6382=DIRECTION('ref_axis',(1.,0.,0.));
#6383=DIRECTION('',(-1.,1.08314441426845E-16,0.));
#6384=DIRECTION('',(1.,-1.08314441426845E-16,0.));
#6385=DIRECTION('',(-1.,1.08314441426845E-16,0.));
#6386=DIRECTION('center_axis',(0.,0.,1.));
#6387=DIRECTION('ref_axis',(1.,0.,0.));
#6388=DIRECTION('',(0.,1.,0.));
#6389=DIRECTION('center_axis',(-1.,-1.07009448156642E-16,0.));
#6390=DIRECTION('ref_axis',(1.07009448156642E-16,-1.,0.));
#6391=DIRECTION('',(-1.07009448156642E-16,1.,0.));
#6392=DIRECTION('',(0.,0.,1.));
#6393=DIRECTION('',(0.,0.,1.));
#6394=DIRECTION('center_axis',(0.,0.,1.));
#6395=DIRECTION('ref_axis',(1.,0.,0.));
#6396=DIRECTION('center_axis',(0.,0.,1.));
#6397=DIRECTION('ref_axis',(1.,0.,0.));
#6398=DIRECTION('center_axis',(0.,0.,-1.));
#6399=DIRECTION('ref_axis',(1.,0.,0.));
#6400=DIRECTION('center_axis',(-1.,-1.07009448156642E-16,0.));
#6401=DIRECTION('ref_axis',(1.07009448156642E-16,-1.,0.));
#6402=DIRECTION('',(-1.07009448156642E-16,1.,0.));
#6403=DIRECTION('',(0.,0.,1.));
#6404=DIRECTION('',(0.,0.,1.));
#6405=DIRECTION('center_axis',(0.,0.,1.));
#6406=DIRECTION('ref_axis',(1.,0.,0.));
#6407=DIRECTION('center_axis',(0.,0.,1.));
#6408=DIRECTION('ref_axis',(1.,0.,0.));
#6409=DIRECTION('center_axis',(0.,0.,-1.));
#6410=DIRECTION('ref_axis',(1.,0.,0.));
#6411=DIRECTION('center_axis',(0.,1.,0.));
#6412=DIRECTION('ref_axis',(-1.,0.,0.));
#6413=DIRECTION('',(1.,0.,0.));
#6414=DIRECTION('',(0.,0.,1.));
#6415=DIRECTION('',(0.,0.,1.));
#6416=DIRECTION('center_axis',(0.,0.,1.));
#6417=DIRECTION('ref_axis',(1.,0.,0.));
#6418=DIRECTION('',(-1.,0.,0.));
#6419=DIRECTION('center_axis',(0.,0.,-1.));
#6420=DIRECTION('ref_axis',(1.,0.,0.));
#6421=DIRECTION('center_axis',(0.,0.,1.));
#6422=DIRECTION('ref_axis',(1.,0.,0.));
#6423=DIRECTION('center_axis',(0.,1.,0.));
#6424=DIRECTION('ref_axis',(-1.,0.,0.));
#6425=DIRECTION('',(1.,0.,0.));
#6426=DIRECTION('',(0.,0.,1.));
#6427=DIRECTION('',(0.,0.,-1.));
#6428=DIRECTION('',(0.,0.,1.));
#6429=DIRECTION('',(-1.,0.,0.));
#6430=DIRECTION('',(0.,0.,-1.));
#6431=DIRECTION('center_axis',(-1.08314441426845E-16,-1.,0.));
#6432=DIRECTION('ref_axis',(1.,-1.08314441426845E-16,0.));
#6433=DIRECTION('',(-1.,1.08314441426845E-16,0.));
#6434=DIRECTION('',(0.,0.,1.));
#6435=DIRECTION('',(0.,0.,1.));
#6436=DIRECTION('center_axis',(0.,0.,1.));
#6437=DIRECTION('ref_axis',(1.,0.,0.));
#6438=DIRECTION('center_axis',(0.,0.,1.));
#6439=DIRECTION('ref_axis',(1.,0.,0.));
#6440=DIRECTION('center_axis',(0.,0.,-1.));
#6441=DIRECTION('ref_axis',(1.,0.,0.));
#6442=DIRECTION('center_axis',(-1.08314441426845E-16,-1.,0.));
#6443=DIRECTION('ref_axis',(1.,-1.08314441426845E-16,0.));
#6444=DIRECTION('',(-1.,1.08314441426845E-16,0.));
#6445=DIRECTION('',(0.,0.,1.));
#6446=DIRECTION('',(0.,0.,1.));
#6447=DIRECTION('center_axis',(0.,0.,1.));
#6448=DIRECTION('ref_axis',(1.,0.,0.));
#6449=DIRECTION('center_axis',(0.,0.,1.));
#6450=DIRECTION('ref_axis',(1.,0.,0.));
#6451=DIRECTION('center_axis',(0.,0.,-1.));
#6452=DIRECTION('ref_axis',(1.,0.,0.));
#6453=DIRECTION('center_axis',(0.,1.,0.));
#6454=DIRECTION('ref_axis',(-1.,0.,0.));
#6455=DIRECTION('',(1.,0.,0.));
#6456=DIRECTION('',(0.,0.,1.));
#6457=DIRECTION('',(0.,0.,1.));
#6458=DIRECTION('center_axis',(0.,0.,1.));
#6459=DIRECTION('ref_axis',(1.,0.,0.));
#6460=DIRECTION('center_axis',(0.,0.,1.));
#6461=DIRECTION('ref_axis',(1.,0.,0.));
#6462=DIRECTION('center_axis',(0.,0.,-1.));
#6463=DIRECTION('ref_axis',(1.,0.,0.));
#6464=DIRECTION('center_axis',(1.,1.07009448156642E-16,0.));
#6465=DIRECTION('ref_axis',(1.07009448156642E-16,-1.,0.));
#6466=DIRECTION('',(0.,0.,-1.));
#6467=DIRECTION('',(0.,0.,-1.));
#6468=DIRECTION('center_axis',(0.,0.,-1.));
#6469=DIRECTION('ref_axis',(1.,0.,0.));
#6470=DIRECTION('center_axis',(0.,0.,-1.));
#6471=DIRECTION('ref_axis',(1.,0.,0.));
#6472=DIRECTION('center_axis',(0.,0.,-1.));
#6473=DIRECTION('ref_axis',(1.,0.,0.));
#6474=DIRECTION('',(0.,0.,-1.));
#6475=DIRECTION('center_axis',(1.08314441426845E-16,1.,0.));
#6476=DIRECTION('ref_axis',(1.,-1.08314441426845E-16,0.));
#6477=DIRECTION('',(0.,0.,-1.));
#6478=DIRECTION('center_axis',(0.,0.,-1.));
#6479=DIRECTION('ref_axis',(1.,0.,0.));
#6480=DIRECTION('center_axis',(0.,0.,-1.));
#6481=DIRECTION('ref_axis',(1.,0.,0.));
#6482=DIRECTION('center_axis',(0.,0.,-1.));
#6483=DIRECTION('ref_axis',(1.,0.,0.));
#6484=DIRECTION('',(0.,0.,-1.));
#6485=DIRECTION('center_axis',(-1.,0.,0.));
#6486=DIRECTION('ref_axis',(0.,1.,0.));
#6487=DIRECTION('',(0.,0.,-1.));
#6488=DIRECTION('center_axis',(0.,0.,-1.));
#6489=DIRECTION('ref_axis',(1.,0.,0.));
#6490=DIRECTION('center_axis',(0.,0.,-1.));
#6491=DIRECTION('ref_axis',(1.,0.,0.));
#6492=DIRECTION('center_axis',(0.,0.,-1.));
#6493=DIRECTION('ref_axis',(1.,0.,0.));
#6494=DIRECTION('',(0.,0.,-1.));
#6495=DIRECTION('center_axis',(0.,-1.,0.));
#6496=DIRECTION('ref_axis',(-1.,0.,0.));
#6497=DIRECTION('',(0.,0.,-1.));
#6498=DIRECTION('center_axis',(0.,0.,-1.));
#6499=DIRECTION('ref_axis',(1.,0.,0.));
#6500=DIRECTION('center_axis',(0.,0.,-1.));
#6501=DIRECTION('ref_axis',(1.,0.,0.));
#6502=DIRECTION('center_axis',(0.,0.,-1.));
#6503=DIRECTION('ref_axis',(1.,0.,0.));
#6504=DIRECTION('center_axis',(0.,-1.,0.));
#6505=DIRECTION('ref_axis',(-0.707106781186546,0.,-0.707106781186549));
#6506=DIRECTION('center_axis',(0.,1.,0.));
#6507=DIRECTION('ref_axis',(-0.707106781186546,0.,-0.707106781186549));
#6508=DIRECTION('',(0.,-1.,0.));
#6509=DIRECTION('center_axis',(-0.707106781186548,-0.707106781186548,0.));
#6510=DIRECTION('ref_axis',(-0.707106781186547,0.707106781186547,0.));
#6511=DIRECTION('center_axis',(0.,1.,0.));
#6512=DIRECTION('ref_axis',(0.707106781186546,0.,-0.707106781186549));
#6513=DIRECTION('',(0.,1.,0.));
#6514=DIRECTION('center_axis',(0.,1.,0.));
#6515=DIRECTION('ref_axis',(0.707106781186546,0.,-0.707106781186549));
#6516=DIRECTION('center_axis',(0.707106781186548,-0.707106781186548,0.));
#6517=DIRECTION('ref_axis',(-0.707106781186547,-0.707106781186547,0.));
#6518=DIRECTION('center_axis',(-1.,0.,0.));
#6519=DIRECTION('ref_axis',(0.,0.707106781186546,-0.707106781186549));
#6520=DIRECTION('',(-1.,0.,0.));
#6521=DIRECTION('center_axis',(0.,-1.,0.));
#6522=DIRECTION('ref_axis',(-0.534522483824847,0.,0.845154254728518));
#6523=DIRECTION('',(0.,1.,0.));
#6524=DIRECTION('center_axis',(0.,-1.,0.));
#6525=DIRECTION('ref_axis',(-0.534522483824847,0.,0.845154254728518));
#6526=DIRECTION('',(0.,-1.,0.));
#6527=DIRECTION('center_axis',(0.,1.,0.));
#6528=DIRECTION('ref_axis',(-0.534522483824847,0.,0.845154254728518));
#6529=DIRECTION('center_axis',(0.,-1.,0.));
#6530=DIRECTION('ref_axis',(0.534522483824847,0.,0.845154254728518));
#6531=DIRECTION('',(0.,1.,0.));
#6532=DIRECTION('center_axis',(0.,-1.,0.));
#6533=DIRECTION('ref_axis',(0.534522483824847,0.,0.845154254728518));
#6534=DIRECTION('',(0.,-1.,0.));
#6535=DIRECTION('center_axis',(0.,1.,0.));
#6536=DIRECTION('ref_axis',(0.534522483824847,0.,0.845154254728518));
#6537=DIRECTION('center_axis',(0.,1.,0.));
#6538=DIRECTION('ref_axis',(0.,0.,-1.));
#6539=DIRECTION('center_axis',(0.,-1.,0.));
#6540=DIRECTION('ref_axis',(0.,0.,-1.));
#6541=DIRECTION('center_axis',(0.,1.,0.));
#6542=DIRECTION('ref_axis',(0.,0.,-1.));
#6543=DIRECTION('center_axis',(0.,-1.,0.));
#6544=DIRECTION('ref_axis',(1.,0.,0.));
#6545=DIRECTION('center_axis',(0.,-1.,0.));
#6546=DIRECTION('ref_axis',(1.,0.,0.));
#6547=DIRECTION('center_axis',(-1.,0.,0.));
#6548=DIRECTION('ref_axis',(0.,1.,0.));
#6549=DIRECTION('',(0.,0.,-1.));
#6550=DIRECTION('',(0.,0.,-1.));
#6551=DIRECTION('',(0.,0.,1.));
#6552=DIRECTION('',(0.,0.,1.));
#6553=DIRECTION('center_axis',(0.,-1.,0.));
#6554=DIRECTION('ref_axis',(1.,0.,0.));
#6555=DIRECTION('',(0.,0.,-1.));
#6556=DIRECTION('center_axis',(0.,-1.,0.));
#6557=DIRECTION('ref_axis',(1.,0.,0.));
#6558=DIRECTION('',(0.,0.,1.));
#6559=DIRECTION('center_axis',(1.,0.,0.));
#6560=DIRECTION('ref_axis',(0.,-1.,0.));
#6561=DIRECTION('',(0.,0.,-1.));
#6562=DIRECTION('',(0.,0.,-1.));
#6563=DIRECTION('center_axis',(0.,1.,0.));
#6564=DIRECTION('ref_axis',(1.,0.,0.));
#6565=DIRECTION('center_axis',(0.,-1.,0.));
#6566=DIRECTION('ref_axis',(-1.,0.,0.));
#6567=DIRECTION('center_axis',(1.,0.,0.));
#6568=DIRECTION('ref_axis',(0.,-1.,0.));
#6569=DIRECTION('',(0.,0.,-1.));
#6570=DIRECTION('',(0.,0.,-1.));
#6571=DIRECTION('center_axis',(0.,1.,0.));
#6572=DIRECTION('ref_axis',(1.,0.,0.));
#6573=DIRECTION('',(0.,0.,-1.));
#6574=DIRECTION('center_axis',(-1.,0.,0.));
#6575=DIRECTION('ref_axis',(0.,1.,0.));
#6576=DIRECTION('',(0.,0.,-1.));
#6577=DIRECTION('center_axis',(0.,-1.,0.));
#6578=DIRECTION('ref_axis',(-1.,0.,0.));
#6579=DIRECTION('center_axis',(0.,1.,0.));
#6580=DIRECTION('ref_axis',(-0.707106781186547,0.,0.707106781186547));
#6581=DIRECTION('',(0.,1.,0.));
#6582=DIRECTION('center_axis',(-1.,0.,0.));
#6583=DIRECTION('ref_axis',(0.,0.,1.));
#6584=DIRECTION('',(0.,-1.,0.));
#6585=DIRECTION('center_axis',(0.,1.,0.));
#6586=DIRECTION('ref_axis',(0.707106781186547,0.,0.707106781186547));
#6587=DIRECTION('',(0.,-1.,0.));
#6588=DIRECTION('center_axis',(0.,1.,0.));
#6589=DIRECTION('ref_axis',(-0.707106781186547,0.,-0.707106781186547));
#6590=DIRECTION('center_axis',(0.,1.,0.));
#6591=DIRECTION('ref_axis',(0.707106781186547,0.,-0.707106781186547));
#6592=DIRECTION('',(0.,1.,0.));
#6593=DIRECTION('center_axis',(1.,0.,0.));
#6594=DIRECTION('ref_axis',(0.,0.,-1.));
#6595=DIRECTION('center_axis',(0.991227900682635,0.,0.132163720091018));
#6596=DIRECTION('ref_axis',(0.132163720091018,0.,-0.991227900682635));
#6597=DIRECTION('center_axis',(-0.991227900682635,-3.30351681197364E-16,
0.132163720091018));
#6598=DIRECTION('ref_axis',(0.132163720091018,0.,0.991227900682635));
#6599=DIRECTION('',(0.132163720091018,4.89104034193391E-18,0.991227900682635));
#6600=DIRECTION('center_axis',(-1.,-3.33275204390291E-16,0.));
#6601=DIRECTION('ref_axis',(3.33275204390291E-16,-1.,0.));
#6602=DIRECTION('',(0.,0.,1.));
#6603=DIRECTION('center_axis',(1.,0.,0.));
#6604=DIRECTION('ref_axis',(0.,1.,0.));
#6605=DIRECTION('',(0.,0.,1.));
#6606=DIRECTION('center_axis',(-1.,0.,0.));
#6607=DIRECTION('ref_axis',(0.,-1.,0.));
#6608=DIRECTION('center_axis',(0.,0.,1.));
#6609=DIRECTION('ref_axis',(1.,0.,0.));
#6610=DIRECTION('center_axis',(-1.,0.,0.));
#6611=DIRECTION('ref_axis',(0.,0.,1.));
#6612=DIRECTION('center_axis',(1.,0.,0.));
#6613=DIRECTION('ref_axis',(0.,1.,0.));
#6614=DIRECTION('center_axis',(0.,-1.,1.22464679914735E-16));
#6615=DIRECTION('ref_axis',(0.,-1.22464679914735E-16,-1.));
#6616=DIRECTION('center_axis',(1.,0.,0.));
#6617=DIRECTION('ref_axis',(0.,0.,-1.));
#6618=DIRECTION('center_axis',(-1.,0.,0.));
#6619=DIRECTION('ref_axis',(0.,-1.,0.));
#6620=DIRECTION('center_axis',(0.,-1.,-1.22464679914735E-16));
#6621=DIRECTION('ref_axis',(0.,-1.22464679914735E-16,1.));
#6622=DIRECTION('center_axis',(-1.,0.,0.));
#6623=DIRECTION('ref_axis',(0.,-1.,0.));
#6624=DIRECTION('center_axis',(1.,0.,0.));
#6625=DIRECTION('ref_axis',(0.,-1.,0.));
#6626=DIRECTION('center_axis',(-1.,0.,0.));
#6627=DIRECTION('ref_axis',(0.,1.,0.));
#6628=DIRECTION('center_axis',(-1.,0.,0.));
#6629=DIRECTION('ref_axis',(0.,-1.,0.));
#6630=DIRECTION('center_axis',(1.,0.,0.));
#6631=DIRECTION('ref_axis',(0.,-1.,0.));
#6632=DIRECTION('',(1.,0.,0.));
#6633=DIRECTION('center_axis',(-1.,0.,0.));
#6634=DIRECTION('ref_axis',(0.,-1.,0.));
#6635=DIRECTION('center_axis',(1.,0.,0.));
#6636=DIRECTION('ref_axis',(0.,1.,0.));
#6637=DIRECTION('center_axis',(-1.,0.,0.));
#6638=DIRECTION('ref_axis',(0.,1.,0.));
#6639=DIRECTION('',(-1.,0.,0.));
#6640=DIRECTION('center_axis',(1.,0.,0.));
#6641=DIRECTION('ref_axis',(0.,1.,0.));
#6642=DIRECTION('center_axis',(1.,0.,0.));
#6643=DIRECTION('ref_axis',(0.,1.,0.));
#6644=DIRECTION('center_axis',(1.,0.,0.));
#6645=DIRECTION('ref_axis',(0.,1.,0.));
#6646=DIRECTION('',(1.,0.,0.));
#6647=DIRECTION('center_axis',(-1.,0.,0.));
#6648=DIRECTION('ref_axis',(0.,1.,0.));
#6649=DIRECTION('center_axis',(1.,0.,0.));
#6650=DIRECTION('ref_axis',(0.,1.,0.));
#6651=DIRECTION('center_axis',(1.,0.,0.));
#6652=DIRECTION('ref_axis',(0.,1.,0.));
#6653=DIRECTION('',(1.,0.,0.));
#6654=DIRECTION('center_axis',(-1.,0.,0.));
#6655=DIRECTION('ref_axis',(0.,1.,0.));
#6656=DIRECTION('center_axis',(0.,0.,-1.));
#6657=DIRECTION('ref_axis',(-1.,0.,0.));
#6658=DIRECTION('',(1.,0.,0.));
#6659=DIRECTION('',(0.,1.,0.));
#6660=DIRECTION('',(-1.,-2.77555756156289E-16,0.));
#6661=DIRECTION('',(0.,-1.,0.));
#6662=DIRECTION('center_axis',(0.,0.,1.));
#6663=DIRECTION('ref_axis',(1.,0.,0.));
#6664=DIRECTION('',(1.,2.77555756156289E-16,0.));
#6665=DIRECTION('',(0.,-1.,0.));
#6666=DIRECTION('',(-1.,0.,0.));
#6667=DIRECTION('',(0.,1.,0.));
#6668=DIRECTION('center_axis',(0.,0.,-1.));
#6669=DIRECTION('ref_axis',(-1.,0.,0.));
#6670=DIRECTION('',(-1.,1.38777878078145E-16,0.));
#6671=DIRECTION('',(0.,-1.,0.));
#6672=DIRECTION('',(1.,1.38777878078145E-16,0.));
#6673=DIRECTION('',(0.,1.,0.));
#6674=DIRECTION('center_axis',(0.,0.,1.));
#6675=DIRECTION('ref_axis',(1.,0.,0.));
#6676=DIRECTION('',(-1.,-1.38777878078145E-16,0.));
#6677=DIRECTION('',(0.,1.,0.));
#6678=DIRECTION('',(1.,-1.38777878078145E-16,0.));
#6679=DIRECTION('',(0.,-1.,0.));
#6680=DIRECTION('center_axis',(0.,0.,1.));
#6681=DIRECTION('ref_axis',(1.,0.,0.));
#6682=DIRECTION('',(0.,1.,0.));
#6683=DIRECTION('',(1.,8.3790416952842E-16,0.));
#6684=DIRECTION('',(0.,-1.,0.));
#6685=DIRECTION('',(-1.,5.86532918669894E-16,0.));
#6686=DIRECTION('center_axis',(0.,0.,1.));
#6687=DIRECTION('ref_axis',(1.,0.,0.));
#6688=DIRECTION('',(0.,-1.,0.));
#6689=DIRECTION('',(-1.,5.86532918669894E-16,0.));
#6690=DIRECTION('',(0.,-1.,0.));
#6691=DIRECTION('',(1.,8.3790416952842E-16,0.));
#6692=DIRECTION('center_axis',(0.,0.,1.));
#6693=DIRECTION('ref_axis',(1.,0.,0.));
#6694=DIRECTION('',(0.,-1.,0.));
#6695=DIRECTION('',(-1.,-7.96008961051999E-16,0.));
#6696=DIRECTION('',(0.,1.,0.));
#6697=DIRECTION('',(1.,-6.28428127146315E-16,0.));
#6698=DIRECTION('center_axis',(0.,0.,1.));
#6699=DIRECTION('ref_axis',(1.,0.,0.));
#6700=DIRECTION('',(0.,1.,0.));
#6701=DIRECTION('',(1.,-6.28428127146315E-16,0.));
#6702=DIRECTION('',(0.,1.,0.));
#6703=DIRECTION('',(-1.,-7.96008961051999E-16,0.));
#6704=DIRECTION('center_axis',(0.,0.,1.));
#6705=DIRECTION('ref_axis',(1.,0.,0.));
#6706=DIRECTION('',(0.,1.,0.));
#6707=DIRECTION('',(1.,-6.28428127146315E-16,0.));
#6708=DIRECTION('',(0.,-1.,0.));
#6709=DIRECTION('',(1.,7.96008961051999E-16,0.));
#6710=DIRECTION('center_axis',(0.,0.,1.));
#6711=DIRECTION('ref_axis',(1.,0.,0.));
#6712=DIRECTION('',(0.,-1.,0.));
#6713=DIRECTION('',(-1.,5.86532918669894E-16,0.));
#6714=DIRECTION('',(0.,1.,0.));
#6715=DIRECTION('',(-1.,-8.3790416952842E-16,0.));
#6716=DIRECTION('center_axis',(-5.86532918669894E-16,-1.,0.));
#6717=DIRECTION('ref_axis',(1.,-5.86532918669894E-16,0.));
#6718=DIRECTION('',(0.,0.,1.));
#6719=DIRECTION('',(-1.,5.86532918669894E-16,0.));
#6720=DIRECTION('',(0.,0.,-1.));
#6721=DIRECTION('center_axis',(-8.3790416952842E-16,1.,0.));
#6722=DIRECTION('ref_axis',(-1.,-8.3790416952842E-16,0.));
#6723=DIRECTION('',(0.,0.,1.));
#6724=DIRECTION('',(-1.,-8.3790416952842E-16,0.));
#6725=DIRECTION('',(0.,0.,1.));
#6726=DIRECTION('center_axis',(-1.,0.,0.));
#6727=DIRECTION('ref_axis',(0.,-1.,0.));
#6728=DIRECTION('',(0.,0.,-1.));
#6729=DIRECTION('',(0.,0.,1.));
#6730=DIRECTION('',(0.,1.,0.));
#6731=DIRECTION('center_axis',(-2.77555756156289E-16,1.,0.));
#6732=DIRECTION('ref_axis',(-1.,-2.77555756156289E-16,0.));
#6733=DIRECTION('',(0.,0.,1.));
#6734=DIRECTION('center_axis',(1.,0.,0.));
#6735=DIRECTION('ref_axis',(0.,1.,0.));
#6736=DIRECTION('',(0.,0.,1.));
#6737=DIRECTION('',(0.,0.,1.));
#6738=DIRECTION('',(0.,0.,1.));
#6739=DIRECTION('center_axis',(-8.3790416952842E-16,1.,0.));
#6740=DIRECTION('ref_axis',(-1.,-8.3790416952842E-16,0.));
#6741=DIRECTION('',(0.,0.,1.));
#6742=DIRECTION('center_axis',(1.,0.,0.));
#6743=DIRECTION('ref_axis',(0.,1.,0.));
#6744=DIRECTION('',(0.,0.,1.));
#6745=DIRECTION('center_axis',(-5.86532918669894E-16,-1.,0.));
#6746=DIRECTION('ref_axis',(1.,-5.86532918669894E-16,0.));
#6747=DIRECTION('center_axis',(0.,-1.,0.));
#6748=DIRECTION('ref_axis',(1.,0.,0.));
#6749=DIRECTION('center_axis',(1.38777878078145E-16,1.,0.));
#6750=DIRECTION('ref_axis',(-1.,1.38777878078145E-16,0.));
#6751=DIRECTION('',(0.,0.,1.));
#6752=DIRECTION('',(0.,0.,1.));
#6753=DIRECTION('center_axis',(6.28428127146315E-16,1.,0.));
#6754=DIRECTION('ref_axis',(-1.,6.28428127146315E-16,0.));
#6755=DIRECTION('',(0.,0.,1.));
#6756=DIRECTION('',(1.,-6.28428127146315E-16,0.));
#6757=DIRECTION('',(0.,0.,-1.));
#6758=DIRECTION('center_axis',(7.96008961051999E-16,-1.,0.));
#6759=DIRECTION('ref_axis',(1.,7.96008961051999E-16,0.));
#6760=DIRECTION('',(0.,0.,1.));
#6761=DIRECTION('',(1.,7.96008961051999E-16,0.));
#6762=DIRECTION('',(0.,0.,1.));
#6763=DIRECTION('center_axis',(1.,0.,0.));
#6764=DIRECTION('ref_axis',(0.,1.,0.));
#6765=DIRECTION('',(0.,0.,1.));
#6766=DIRECTION('',(0.,-1.,0.));
#6767=DIRECTION('center_axis',(1.38777878078145E-16,-1.,0.));
#6768=DIRECTION('ref_axis',(1.,1.38777878078145E-16,0.));
#6769=DIRECTION('',(0.,0.,1.));
#6770=DIRECTION('center_axis',(-1.,0.,0.));
#6771=DIRECTION('ref_axis',(0.,-1.,0.));
#6772=DIRECTION('',(0.,0.,1.));
#6773=DIRECTION('',(0.,0.,1.));
#6774=DIRECTION('center_axis',(7.96008961051999E-16,-1.,0.));
#6775=DIRECTION('ref_axis',(1.,7.96008961051999E-16,0.));
#6776=DIRECTION('',(0.,0.,1.));
#6777=DIRECTION('center_axis',(-1.,0.,0.));
#6778=DIRECTION('ref_axis',(0.,-1.,0.));
#6779=DIRECTION('',(0.,0.,1.));
#6780=DIRECTION('center_axis',(6.28428127146315E-16,1.,0.));
#6781=DIRECTION('ref_axis',(-1.,6.28428127146315E-16,0.));
#6782=DIRECTION('center_axis',(-1.,0.,0.));
#6783=DIRECTION('ref_axis',(0.,-1.,0.));
#6784=DIRECTION('',(0.,1.,0.));
#6785=DIRECTION('',(0.,0.,1.));
#6786=DIRECTION('',(0.,1.,0.));
#6787=DIRECTION('center_axis',(1.,0.,0.));
#6788=DIRECTION('ref_axis',(0.,1.,0.));
#6789=DIRECTION('',(0.,-1.,0.));
#6790=DIRECTION('',(0.,-1.,0.));
#6791=DIRECTION('center_axis',(3.70074354638746E-17,-1.,0.));
#6792=DIRECTION('ref_axis',(-1.,-3.70074354638746E-17,0.));
#6793=DIRECTION('',(-1.,-3.70074354638746E-17,0.));
#6794=DIRECTION('center_axis',(1.48029736616688E-16,-1.,0.));
#6795=DIRECTION('ref_axis',(0.707106781186548,0.,-0.707106781186547));
#6796=DIRECTION('center_axis',(4.29763751467803E-16,1.,0.));
#6797=DIRECTION('ref_axis',(0.707106781186548,0.,-0.707106781186547));
#6798=DIRECTION('',(-1.48029736616688E-16,1.,0.));
#6799=DIRECTION('center_axis',(0.,-1.,0.));
#6800=DIRECTION('ref_axis',(0.707106781186548,0.,-0.707106781186547));
#6801=DIRECTION('',(1.48029736616688E-16,-1.,0.));
#6802=DIRECTION('center_axis',(4.29763751467803E-16,1.,0.));
#6803=DIRECTION('ref_axis',(-1.,4.29763751467803E-16,0.));
#6804=DIRECTION('',(-1.,4.29763751467803E-16,0.));
#6805=DIRECTION('center_axis',(4.29763751467803E-16,1.,0.));
#6806=DIRECTION('ref_axis',(-0.707106781186548,0.,-0.707106781186547));
#6807=DIRECTION('',(0.,0.,-1.));
#6808=DIRECTION('',(1.,-4.29763751467803E-16,0.));
#6809=DIRECTION('',(0.,0.,-1.));
#6810=DIRECTION('center_axis',(0.,0.,1.));
#6811=DIRECTION('ref_axis',(1.,0.,0.));
#6812=DIRECTION('',(1.,0.,0.));
#6813=DIRECTION('',(0.,1.,0.));
#6814=DIRECTION('center_axis',(0.,1.,0.));
#6815=DIRECTION('ref_axis',(-0.707106781186548,0.,-0.707106781186547));
#6816=DIRECTION('center_axis',(0.,-1.,0.));
#6817=DIRECTION('ref_axis',(-0.707106781186548,0.,-0.707106781186547));
#6818=DIRECTION('',(0.,-1.,0.));
#6819=DIRECTION('center_axis',(0.,-1.,0.));
#6820=DIRECTION('ref_axis',(1.,0.,0.));
#6821=DIRECTION('',(0.,0.,-1.));
#6822=DIRECTION('',(-1.,0.,0.));
#6823=DIRECTION('',(0.,0.,1.));
#6824=DIRECTION('center_axis',(0.,0.,1.));
#6825=DIRECTION('ref_axis',(1.,0.,0.));
#6826=DIRECTION('',(1.48029736616688E-16,-1.,0.));
#6827=DIRECTION('',(1.,0.,0.));
#6828=DIRECTION('',(0.,1.,0.));
#6829=DIRECTION('center_axis',(-1.,-1.48029736616688E-16,0.));
#6830=DIRECTION('ref_axis',(1.48029736616688E-16,-1.,0.));
#6831=DIRECTION('',(-1.48029736616688E-16,1.,0.));
#6832=DIRECTION('',(0.,0.,1.));
#6833=DIRECTION('center_axis',(1.,0.,0.));
#6834=DIRECTION('ref_axis',(0.,1.,0.));
#6835=DIRECTION('',(0.,0.,1.));
#6836=DIRECTION('',(0.,-1.,0.));
#6837=DIRECTION('center_axis',(0.,1.,0.));
#6838=DIRECTION('ref_axis',(-1.,0.,0.));
#6839=DIRECTION('',(1.,0.,0.));
#6840=DIRECTION('',(1.,0.,0.));
#6841=DIRECTION('center_axis',(0.,-1.,0.));
#6842=DIRECTION('ref_axis',(1.,0.,0.));
#6843=DIRECTION('',(-1.,0.,0.));
#6844=DIRECTION('center_axis',(0.,0.,1.));
#6845=DIRECTION('ref_axis',(1.,0.,0.));
#6846=DIRECTION('center_axis',(0.,0.,1.));
#6847=DIRECTION('ref_axis',(1.,0.,0.));
#6848=DIRECTION('center_axis',(1.,0.,0.));
#6849=DIRECTION('ref_axis',(0.,-1.,0.));
#6850=DIRECTION('center_axis',(-1.,0.,0.));
#6851=DIRECTION('ref_axis',(0.,-0.998758526924799,-0.0498137018801593));
#6852=DIRECTION('center_axis',(1.,0.,0.));
#6853=DIRECTION('ref_axis',(0.,-0.998758526924799,-0.0498137018801593));
#6854=DIRECTION('',(1.,0.,0.));
#6855=DIRECTION('center_axis',(-1.,0.,0.));
#6856=DIRECTION('ref_axis',(0.,-0.998758526924799,-0.0498137018801593));
#6857=DIRECTION('',(-1.,0.,0.));
#6858=DIRECTION('center_axis',(1.,0.,0.));
#6859=DIRECTION('ref_axis',(0.,-1.,0.));
#6860=DIRECTION('',(0.,-0.0995037190209986,0.995037190209989));
#6861=DIRECTION('',(0.,-1.,0.));
#6862=DIRECTION('',(0.,0.,-1.));
#6863=DIRECTION('center_axis',(1.,0.,0.));
#6864=DIRECTION('ref_axis',(0.,-0.707106781186547,0.707106781186547));
#6865=DIRECTION('',(0.,1.,0.));
#6866=DIRECTION('',(0.,0.,-1.));
#6867=DIRECTION('center_axis',(0.,-0.995037190209989,-0.0995037190209986));
#6868=DIRECTION('ref_axis',(0.,0.0995037190209986,-0.995037190209989));
#6869=DIRECTION('',(0.,0.0995037190209986,-0.995037190209989));
#6870=DIRECTION('',(1.,0.,0.));
#6871=DIRECTION('center_axis',(1.,0.,0.));
#6872=DIRECTION('ref_axis',(0.,0.998758526924799,-0.0498137018801599));
#6873=DIRECTION('center_axis',(1.,-1.77635683940025E-15,0.));
#6874=DIRECTION('ref_axis',(0.,0.998758526924799,-0.0498137018801599));
#6875=DIRECTION('',(1.,0.,0.));
#6876=DIRECTION('center_axis',(-1.,0.,0.));
#6877=DIRECTION('ref_axis',(0.,1.,0.));
#6878=DIRECTION('',(-1.,0.,0.));
#6879=DIRECTION('center_axis',(0.,0.,-1.));
#6880=DIRECTION('ref_axis',(0.707106781186547,0.707106781186547,0.));
#6881=DIRECTION('center_axis',(0.,1.,0.));
#6882=DIRECTION('ref_axis',(1.,0.,0.));
#6883=DIRECTION('center_axis',(0.,0.,1.));
#6884=DIRECTION('ref_axis',(0.707106781186548,0.707106781186548,0.));
#6885=DIRECTION('center_axis',(0.,-1.,0.));
#6886=DIRECTION('ref_axis',(0.998758526924799,0.,-0.0498137018801593));
#6887=DIRECTION('center_axis',(4.35207425653061E-14,1.,0.));
#6888=DIRECTION('ref_axis',(0.998758526924799,0.,-0.0498137018801593));
#6889=DIRECTION('',(0.,1.,0.));
#6890=DIRECTION('',(0.,-1.,0.));
#6891=DIRECTION('center_axis',(-4.35207425653061E-14,-1.,0.));
#6892=DIRECTION('ref_axis',(-1.,4.35207425653061E-14,0.));
#6893=DIRECTION('',(0.,0.,-1.));
#6894=DIRECTION('',(1.,-4.35207425653061E-14,0.));
#6895=DIRECTION('center_axis',(-4.35207425653061E-14,-1.,0.));
#6896=DIRECTION('ref_axis',(0.707106781186547,0.,0.707106781186547));
#6897=DIRECTION('',(0.,0.,-1.));
#6898=DIRECTION('',(-1.,4.35207425653061E-14,0.));
#6899=DIRECTION('',(-0.0995037190209986,4.33047573980343E-15,-0.995037190209989));
#6900=DIRECTION('center_axis',(1.,0.,0.));
#6901=DIRECTION('ref_axis',(0.,-1.,0.));
#6902=DIRECTION('',(0.,0.,-1.));
#6903=DIRECTION('',(0.,1.,0.));
#6904=DIRECTION('center_axis',(0.,0.,-1.));
#6905=DIRECTION('ref_axis',(0.707106781186547,0.707106781186547,0.));
#6906=DIRECTION('',(0.,0.,1.));
#6907=DIRECTION('center_axis',(0.,0.,1.));
#6908=DIRECTION('ref_axis',(0.707106781186547,0.707106781186547,0.));
#6909=DIRECTION('center_axis',(0.,1.,0.));
#6910=DIRECTION('ref_axis',(1.,0.,0.));
#6911=DIRECTION('',(0.,0.,-1.));
#6912=DIRECTION('',(-1.,0.,0.));
#6913=DIRECTION('center_axis',(-9.60192886162298E-17,1.,0.));
#6914=DIRECTION('ref_axis',(-0.998758526924799,-1.34739763622048E-16,-0.0498137018801599));
#6915=DIRECTION('center_axis',(4.35207425653061E-14,1.,0.));
#6916=DIRECTION('ref_axis',(-0.998758526924799,-1.34739763622048E-16,-0.0498137018801599));
#6917=DIRECTION('',(-9.60192886162298E-17,1.,0.));
#6918=DIRECTION('center_axis',(0.,-1.,0.));
#6919=DIRECTION('ref_axis',(-1.,0.,0.));
#6920=DIRECTION('',(9.60192886162298E-17,-1.,0.));
#6921=DIRECTION('center_axis',(0.,0.,-1.));
#6922=DIRECTION('ref_axis',(-0.707106781186547,0.707106781186547,0.));
#6923=DIRECTION('center_axis',(-1.,0.,0.));
#6924=DIRECTION('ref_axis',(0.,1.,0.));
#6925=DIRECTION('center_axis',(0.,0.,1.));
#6926=DIRECTION('ref_axis',(-0.707106781186548,0.707106781186548,0.));
#6927=DIRECTION('center_axis',(1.,0.,0.));
#6928=DIRECTION('ref_axis',(0.,0.998758526924799,-0.0498137018801599));
#6929=DIRECTION('center_axis',(-1.,1.77635683940025E-15,0.));
#6930=DIRECTION('ref_axis',(0.,0.998758526924799,-0.0498137018801599));
#6931=DIRECTION('',(-1.,0.,0.));
#6932=DIRECTION('',(1.,0.,0.));
#6933=DIRECTION('center_axis',(1.,-1.77635683940025E-15,0.));
#6934=DIRECTION('ref_axis',(-1.77635683940025E-15,-1.,0.));
#6935=DIRECTION('',(0.,0.,-1.));
#6936=DIRECTION('',(1.77635683940025E-15,1.,0.));
#6937=DIRECTION('center_axis',(1.,-1.77635683940025E-15,0.));
#6938=DIRECTION('ref_axis',(0.,0.707106781186547,0.707106781186547));
#6939=DIRECTION('',(0.,0.,-1.));
#6940=DIRECTION('',(-1.77635683940025E-15,-1.,0.));
#6941=DIRECTION('',(-1.76754111828712E-16,-0.0995037190209986,-0.995037190209989));
#6942=DIRECTION('center_axis',(0.,1.,0.));
#6943=DIRECTION('ref_axis',(1.,0.,0.));
#6944=DIRECTION('',(0.,0.,-1.));
#6945=DIRECTION('',(-1.,0.,0.));
#6946=DIRECTION('center_axis',(0.,0.,-1.));
#6947=DIRECTION('ref_axis',(-0.707106781186547,0.707106781186547,0.));
#6948=DIRECTION('',(0.,0.,1.));
#6949=DIRECTION('center_axis',(0.,0.,1.));
#6950=DIRECTION('ref_axis',(-0.707106781186547,0.707106781186547,0.));
#6951=DIRECTION('center_axis',(-1.,-9.60192886162298E-17,0.));
#6952=DIRECTION('ref_axis',(-9.60192886162298E-17,1.,0.));
#6953=DIRECTION('',(0.,0.,-1.));
#6954=DIRECTION('',(9.60192886162298E-17,-1.,0.));
#6955=DIRECTION('center_axis',(-1.,0.,0.));
#6956=DIRECTION('ref_axis',(0.,1.,0.));
#6957=DIRECTION('',(0.,0.,-1.));
#6958=DIRECTION('',(0.,-1.,0.));
#6959=DIRECTION('center_axis',(-1.,0.,0.));
#6960=DIRECTION('ref_axis',(0.,-0.707106781186547,0.707106781186547));
#6961=DIRECTION('',(0.,0.,-1.));
#6962=DIRECTION('',(0.,1.,0.));
#6963=DIRECTION('center_axis',(0.,-1.,0.));
#6964=DIRECTION('ref_axis',(-1.,0.,0.));
#6965=DIRECTION('',(1.,0.,0.));
#6966=DIRECTION('center_axis',(0.,0.995037190209989,-0.0995037190209986));
#6967=DIRECTION('ref_axis',(0.,0.0995037190209986,0.995037190209989));
#6968=DIRECTION('',(0.,-0.0995037190209986,-0.995037190209989));
#6969=DIRECTION('',(-1.,0.,0.));
#6970=DIRECTION('',(1.76754111828712E-16,0.0995037190209986,0.995037190209989));
#6971=DIRECTION('center_axis',(0.,0.,1.));
#6972=DIRECTION('ref_axis',(0.707106781186548,0.707106781186548,0.));
#6973=DIRECTION('',(-0.0995037190210003,0.,-0.995037190209989));
#6974=DIRECTION('center_axis',(0.,0.,1.));
#6975=DIRECTION('ref_axis',(0.707106781186548,0.707106781186548,0.));
#6976=DIRECTION('center_axis',(0.995037190209989,0.,-0.0995037190209986));
#6977=DIRECTION('ref_axis',(-0.0995037190209986,0.,-0.995037190209989));
#6978=DIRECTION('',(0.,1.,0.));
#6979=DIRECTION('center_axis',(0.,0.995037190209989,-0.0995037190209986));
#6980=DIRECTION('ref_axis',(0.,0.0995037190209986,0.995037190209989));
#6981=DIRECTION('',(-1.,0.,0.));
#6982=DIRECTION('',(0.,0.0995037190209986,0.995037190209989));
#6983=DIRECTION('center_axis',(0.,0.,1.));
#6984=DIRECTION('ref_axis',(-0.707106781186548,0.707106781186548,0.));
#6985=DIRECTION('center_axis',(0.,0.,1.));
#6986=DIRECTION('ref_axis',(-0.707106781186548,0.707106781186548,0.));
#6987=DIRECTION('',(-0.0995037190210003,0.,0.995037190209989));
#6988=DIRECTION('center_axis',(-0.995037190209989,-9.55427631506553E-17,
-0.0995037190209986));
#6989=DIRECTION('ref_axis',(-0.0995037190209986,0.,0.995037190209989));
#6990=DIRECTION('',(9.60192886162298E-17,-1.,0.));
#6991=DIRECTION('',(-0.0995037190209986,4.33047573980343E-15,0.995037190209989));
#6992=DIRECTION('center_axis',(0.,0.,-1.));
#6993=DIRECTION('ref_axis',(-1.,0.,0.));
#6994=DIRECTION('',(-1.,0.,0.));
#6995=DIRECTION('center_axis',(0.,0.,-1.));
#6996=DIRECTION('ref_axis',(-0.707106781186547,0.707106781186547,0.));
#6997=DIRECTION('',(3.27140314424443E-16,-1.,0.));
#6998=DIRECTION('',(-1.,4.35207425653061E-14,0.));
#6999=DIRECTION('center_axis',(-1.,0.,0.));
#7000=DIRECTION('ref_axis',(0.,-1.,0.));
#7001=DIRECTION('',(0.,1.,0.));
#7002=DIRECTION('',(0.,0.,1.));
#7003=DIRECTION('',(0.,-1.,0.));
#7004=DIRECTION('',(0.,0.,1.));
#7005=DIRECTION('center_axis',(0.,-1.,0.));
#7006=DIRECTION('ref_axis',(1.,0.,0.));
#7007=DIRECTION('',(-1.,0.,0.));
#7008=DIRECTION('',(1.,0.,0.));
#7009=DIRECTION('',(0.,0.,1.));
#7010=DIRECTION('center_axis',(1.,0.,0.));
#7011=DIRECTION('ref_axis',(0.,1.,0.));
#7012=DIRECTION('',(0.,-1.,0.));
#7013=DIRECTION('',(0.,1.,0.));
#7014=DIRECTION('',(0.,0.,1.));
#7015=DIRECTION('center_axis',(0.,0.,1.));
#7016=DIRECTION('ref_axis',(-1.,0.,0.));
#7017=DIRECTION('center_axis',(0.,0.,1.));
#7018=DIRECTION('ref_axis',(-1.,0.,0.));
#7019=DIRECTION('center_axis',(0.,0.,-1.));
#7020=DIRECTION('ref_axis',(-1.,0.,0.));
#7021=DIRECTION('',(0.,0.,1.));
#7022=DIRECTION('center_axis',(0.,1.,0.));
#7023=DIRECTION('ref_axis',(-1.,0.,0.));
#7024=DIRECTION('',(1.,0.,0.));
#7025=DIRECTION('',(-1.,0.,0.));
#7026=DIRECTION('',(0.,0.,1.));
#7027=DIRECTION('center_axis',(0.,0.,1.));
#7028=DIRECTION('ref_axis',(0.,-1.,0.));
#7029=DIRECTION('center_axis',(0.,0.,1.));
#7030=DIRECTION('ref_axis',(0.,-1.,0.));
#7031=DIRECTION('center_axis',(0.,0.,-1.));
#7032=DIRECTION('ref_axis',(0.,-1.,0.));
#7033=DIRECTION('center_axis',(0.,0.,1.));
#7034=DIRECTION('ref_axis',(-1.,0.,0.));
#7035=DIRECTION('',(-1.,0.,0.));
#7036=DIRECTION('',(0.,-1.,0.));
#7037=DIRECTION('center_axis',(0.,0.,1.));
#7038=DIRECTION('ref_axis',(-1.,0.,0.));
#7039=DIRECTION('',(1.,0.,0.));
#7040=DIRECTION('center_axis',(0.,0.,1.));
#7041=DIRECTION('ref_axis',(0.,-1.,0.));
#7042=DIRECTION('',(0.,1.,0.));
#7043=DIRECTION('center_axis',(0.,0.,-1.));
#7044=DIRECTION('ref_axis',(0.707106781186547,0.707106781186547,0.));
#7045=DIRECTION('center_axis',(0.,0.,1.));
#7046=DIRECTION('ref_axis',(1.,0.,0.));
#7047=DIRECTION('',(0.,0.,-1.));
#7048=DIRECTION('center_axis',(0.,0.,-1.));
#7049=DIRECTION('ref_axis',(0.707106781186547,0.707106781186547,0.));
#7050=DIRECTION('',(0.,0.,1.));
#7051=DIRECTION('center_axis',(0.408248290463864,-0.816496580927727,0.408248290463861));
#7052=DIRECTION('ref_axis',(0.577350269189625,0.577350269189625,0.577350269189628));
#7053=DIRECTION('center_axis',(0.,-1.,0.));
#7054=DIRECTION('ref_axis',(0.707106781186547,0.,0.707106781186547));
#7055=DIRECTION('center_axis',(-1.,0.,0.));
#7056=DIRECTION('ref_axis',(0.,0.707106781186547,0.707106781186547));
#7057=DIRECTION('center_axis',(-1.,0.,0.));
#7058=DIRECTION('ref_axis',(0.,1.,0.));
#7059=DIRECTION('',(0.,1.,0.));
#7060=DIRECTION('',(0.,-1.,0.));
#7061=DIRECTION('center_axis',(0.,0.,-1.));
#7062=DIRECTION('ref_axis',(-0.707106781186547,0.707106781186547,0.));
#7063=DIRECTION('center_axis',(0.,0.,1.));
#7064=DIRECTION('ref_axis',(0.,1.,0.));
#7065=DIRECTION('',(0.,0.,-1.));
#7066=DIRECTION('',(0.,0.,1.));
#7067=DIRECTION('center_axis',(-0.408248290463864,-0.816496580927727,0.408248290463861));
#7068=DIRECTION('ref_axis',(-0.577350269189625,0.577350269189625,0.577350269189628));
#7069=DIRECTION('center_axis',(1.,0.,0.));
#7070=DIRECTION('ref_axis',(0.,0.707106781186547,0.707106781186547));
#7071=DIRECTION('center_axis',(3.27140314424443E-16,-1.,0.));
#7072=DIRECTION('ref_axis',(-0.707106781186547,0.,0.707106781186547));
#7073=DIRECTION('center_axis',(0.,-1.,0.));
#7074=DIRECTION('ref_axis',(-1.,0.,0.));
#7075=DIRECTION('',(1.,0.,0.));
#7076=DIRECTION('center_axis',(-3.27140314424443E-16,1.,0.));
#7077=DIRECTION('ref_axis',(-0.707106781186547,0.,0.707106781186547));
#7078=DIRECTION('',(3.27140314424443E-16,-1.,0.));
#7079=DIRECTION('center_axis',(-4.35207425653061E-14,-1.,0.));
#7080=DIRECTION('ref_axis',(-0.707106781186547,0.,0.707106781186547));
#7081=DIRECTION('',(-3.27140314424443E-16,1.,0.));
#7082=DIRECTION('center_axis',(1.,0.,0.));
#7083=DIRECTION('ref_axis',(0.,0.707106781186547,0.707106781186547));
#7084=DIRECTION('',(-1.,0.,0.));
#7085=DIRECTION('center_axis',(0.,0.,1.));
#7086=DIRECTION('ref_axis',(1.,0.,0.));
#7087=DIRECTION('center_axis',(0.,0.,1.));
#7088=DIRECTION('ref_axis',(0.,-1.,0.));
#7089=DIRECTION('',(-1.,0.,0.));
#7090=DIRECTION('center_axis',(0.,0.,1.));
#7091=DIRECTION('ref_axis',(-1.,0.,0.));
#7092=DIRECTION('',(0.,1.,0.));
#7093=DIRECTION('',(1.,0.,0.));
#7094=DIRECTION('',(0.,-1.,0.));
#7095=DIRECTION('',(1.,0.,0.));
#7096=DIRECTION('',(1.,-4.35207425653061E-14,0.));
#7097=DIRECTION('',(-1.77635683940025E-15,-1.,0.));
#7098=DIRECTION('',(-1.,0.,0.));
#7099=DIRECTION('',(0.,1.,0.));
#7100=DIRECTION('center_axis',(1.,0.,0.));
#7101=DIRECTION('ref_axis',(0.,0.707106781186547,0.707106781186547));
#7102=DIRECTION('center_axis',(-1.,1.77635683940025E-15,0.));
#7103=DIRECTION('ref_axis',(0.,0.707106781186547,0.707106781186547));
#7104=DIRECTION('',(1.,0.,0.));
#7105=DIRECTION('center_axis',(0.,-1.,0.));
#7106=DIRECTION('ref_axis',(0.707106781186547,0.,0.707106781186547));
#7107=DIRECTION('center_axis',(-1.,0.,0.));
#7108=DIRECTION('ref_axis',(0.,-0.707106781186547,0.707106781186547));
#7109=DIRECTION('',(-1.,0.,0.));
#7110=DIRECTION('center_axis',(0.,1.,0.));
#7111=DIRECTION('ref_axis',(1.,0.,0.));
#7112=DIRECTION('',(1.,0.,0.));
#7113=DIRECTION('center_axis',(-4.35207425653061E-14,-1.,0.));
#7114=DIRECTION('ref_axis',(-1.,4.35207425653061E-14,0.));
#7115=DIRECTION('',(0.,0.,-1.));
#7116=DIRECTION('center_axis',(1.,3.27140314424443E-16,0.));
#7117=DIRECTION('ref_axis',(3.27140314424443E-16,-1.,0.));
#7118=DIRECTION('center_axis',(-1.,1.77635683940025E-15,0.));
#7119=DIRECTION('ref_axis',(1.77635683940025E-15,1.,0.));
#7120=DIRECTION('',(1.77635683940025E-15,1.,0.));
#7121=DIRECTION('',(0.,0.,-1.));
#7122=DIRECTION('center_axis',(0.,-1.,0.));
#7123=DIRECTION('ref_axis',(-1.,0.,0.));
#7124=DIRECTION('',(-1.,0.,0.));
#7125=DIRECTION('center_axis',(0.,0.,-1.));
#7126=DIRECTION('ref_axis',(-1.,0.,0.));
#7127=DIRECTION('center_axis',(0.,0.,-1.));
#7128=DIRECTION('ref_axis',(-1.,0.,0.));
#7129=DIRECTION('center_axis',(0.,-1.,0.));
#7130=DIRECTION('ref_axis',(1.,0.,0.));
#7131=DIRECTION('',(0.,0.,1.));
#7132=DIRECTION('',(0.,0.,1.));
#7133=DIRECTION('center_axis',(0.,0.,1.));
#7134=DIRECTION('ref_axis',(-1.,0.,0.));
#7135=DIRECTION('',(0.,0.,1.));
#7136=DIRECTION('center_axis',(-1.,0.,0.));
#7137=DIRECTION('ref_axis',(0.,-1.,0.));
#7138=DIRECTION('',(0.,0.,1.));
#7139=DIRECTION('center_axis',(0.,1.,0.));
#7140=DIRECTION('ref_axis',(-1.,0.,0.));
#7141=DIRECTION('',(0.,0.,1.));
#7142=DIRECTION('center_axis',(1.,0.,0.));
#7143=DIRECTION('ref_axis',(0.,1.,0.));
#7144=DIRECTION('',(0.,0.,1.));
#7145=DIRECTION('center_axis',(0.,0.,1.));
#7146=DIRECTION('ref_axis',(0.,-1.,0.));
#7147=DIRECTION('center_axis',(0.,0.,1.));
#7148=DIRECTION('ref_axis',(1.,0.,0.));
#7149=CARTESIAN_POINT('',(0.,0.,0.));
#7150=CARTESIAN_POINT('Origin',(3.76763927680923,-50.,58.2826624491517));
#7151=CARTESIAN_POINT('',(3.76763927680923,-50.,58.2826624491517));
#7152=CARTESIAN_POINT('',(8.22076427680923,-50.,58.2826624491517));
#7153=CARTESIAN_POINT('',(26.8838196384046,-50.,58.2826624491517));
#7154=CARTESIAN_POINT('',(3.76763927680923,-49.5,58.2826624491517));
#7155=CARTESIAN_POINT('',(3.76763927680923,-50.,58.2826624491517));
#7156=CARTESIAN_POINT('',(8.22076427680923,-49.5,58.2826624491517));
#7157=CARTESIAN_POINT('',(3.76763927680923,-49.5,58.2826624491517));
#7158=CARTESIAN_POINT('',(8.22076427680923,-50.,58.2826624491517));
#7159=CARTESIAN_POINT('Ctrl Pts',(0.310608026809231,-50.,53.7025843241517));
#7160=CARTESIAN_POINT('Ctrl Pts',(0.310608026809231,-49.5,53.7025843241517));
#7161=CARTESIAN_POINT('Ctrl Pts',(1.07816389638972,-50.,54.3669541891885));
#7162=CARTESIAN_POINT('Ctrl Pts',(1.07816389638972,-49.5,54.3669541891885));
#7163=CARTESIAN_POINT('Ctrl Pts',(2.55882468299056,-50.,55.6485630543476));
#7164=CARTESIAN_POINT('Ctrl Pts',(2.55882468299056,-49.5,55.6485630543476));
#7165=CARTESIAN_POINT('Ctrl Pts',(3.37470231494719,-50.,57.4264227754005));
#7166=CARTESIAN_POINT('Ctrl Pts',(3.37470231494719,-49.5,57.4264227754005));
#7167=CARTESIAN_POINT('Ctrl Pts',(3.76763927680923,-50.,58.2826624491517));
#7168=CARTESIAN_POINT('Ctrl Pts',(3.76763927680923,-49.5,58.2826624491517));
#7169=CARTESIAN_POINT('',(0.310608026809231,-50.,53.7025843241517));
#7170=CARTESIAN_POINT('Ctrl Pts',(0.310608026809231,-50.,53.7025843241517));
#7171=CARTESIAN_POINT('Ctrl Pts',(1.07816389638972,-50.,54.3669541891885));
#7172=CARTESIAN_POINT('Ctrl Pts',(2.55882468299056,-50.,55.6485630543476));
#7173=CARTESIAN_POINT('Ctrl Pts',(3.37470231494719,-50.,57.4264227754005));
#7174=CARTESIAN_POINT('Ctrl Pts',(3.76763927680923,-50.,58.2826624491517));
#7175=CARTESIAN_POINT('',(0.310608026809231,-49.5,53.7025843241517));
#7176=CARTESIAN_POINT('',(0.310608026809231,-50.,53.7025843241517));
#7177=CARTESIAN_POINT('Ctrl Pts',(0.310608026809231,-49.5,53.7025843241517));
#7178=CARTESIAN_POINT('Ctrl Pts',(1.07816389638972,-49.5,54.3669541891885));
#7179=CARTESIAN_POINT('Ctrl Pts',(2.55882468299056,-49.5,55.6485630543476));
#7180=CARTESIAN_POINT('Ctrl Pts',(3.37470231494719,-49.5,57.4264227754005));
#7181=CARTESIAN_POINT('Ctrl Pts',(3.76763927680923,-49.5,58.2826624491517));
#7182=CARTESIAN_POINT('Ctrl Pts',(-4.35736072319077,-50.,51.0365686991517));
#7183=CARTESIAN_POINT('Ctrl Pts',(-4.35736072319077,-49.5,51.0365686991517));
#7184=CARTESIAN_POINT('Ctrl Pts',(-3.59471848853351,-50.,51.3481805880627));
#7185=CARTESIAN_POINT('Ctrl Pts',(-3.59471848853351,-49.5,51.3481805880627));
#7186=CARTESIAN_POINT('Ctrl Pts',(-1.92326094253848,-50.,52.0311299704505));
#7187=CARTESIAN_POINT('Ctrl Pts',(-1.92326094253848,-49.5,52.0311299704505));
#7188=CARTESIAN_POINT('Ctrl Pts',(-0.476198034067639,-50.,53.113870109479));
#7189=CARTESIAN_POINT('Ctrl Pts',(-0.476198034067639,-49.5,53.113870109479));
#7190=CARTESIAN_POINT('Ctrl Pts',(0.310608026809231,-50.,53.7025843241517));
#7191=CARTESIAN_POINT('Ctrl Pts',(0.310608026809231,-49.5,53.7025843241517));
#7192=CARTESIAN_POINT('',(-4.35736072319077,-50.,51.0365686991517));
#7193=CARTESIAN_POINT('Ctrl Pts',(-4.35736072319077,-50.,51.0365686991517));
#7194=CARTESIAN_POINT('Ctrl Pts',(-3.59471848853351,-50.,51.3481805880627));
#7195=CARTESIAN_POINT('Ctrl Pts',(-1.92326094253848,-50.,52.0311299704505));
#7196=CARTESIAN_POINT('Ctrl Pts',(-0.476198034067639,-50.,53.113870109479));
#7197=CARTESIAN_POINT('Ctrl Pts',(0.310608026809231,-50.,53.7025843241517));
#7198=CARTESIAN_POINT('',(-4.35736072319077,-49.5,51.0365686991517));
#7199=CARTESIAN_POINT('',(-4.35736072319077,-50.,51.0365686991517));
#7200=CARTESIAN_POINT('Ctrl Pts',(-4.35736072319077,-49.5,51.0365686991517));
#7201=CARTESIAN_POINT('Ctrl Pts',(-3.59471848853351,-49.5,51.3481805880627));
#7202=CARTESIAN_POINT('Ctrl Pts',(-1.92326094253848,-49.5,52.0311299704505));
#7203=CARTESIAN_POINT('Ctrl Pts',(-0.476198034067639,-49.5,53.113870109479));
#7204=CARTESIAN_POINT('Ctrl Pts',(0.310608026809231,-49.5,53.7025843241517));
#7205=CARTESIAN_POINT('Origin',(-4.35736072319077,-50.,46.0560999491517));
#7206=CARTESIAN_POINT('',(-4.35736072319077,-50.,46.0560999491517));
#7207=CARTESIAN_POINT('',(-4.35736072319076,-50.,23.0280499745759));
#7208=CARTESIAN_POINT('',(-4.35736072319077,-49.5,46.0560999491517));
#7209=CARTESIAN_POINT('',(-4.35736072319077,-50.,46.0560999491517));
#7210=CARTESIAN_POINT('',(-4.35736072319077,-49.5,46.0560999491517));
#7211=CARTESIAN_POINT('Ctrl Pts',(2.73248302680923,-50.,50.2162561991517));
#7212=CARTESIAN_POINT('Ctrl Pts',(2.73248302680923,-49.5,50.2162561991517));
#7213=CARTESIAN_POINT('Ctrl Pts',(1.67770464897541,-50.,49.3373618783397));
#7214=CARTESIAN_POINT('Ctrl Pts',(1.67770464897541,-49.5,49.3373618783397));
#7215=CARTESIAN_POINT('Ctrl Pts',(-0.455591318077322,-50.,47.5597925334843));
#7216=CARTESIAN_POINT('Ctrl Pts',(-0.455591318077322,-49.5,47.5597925334843));
#7217=CARTESIAN_POINT('Ctrl Pts',(-3.04715797986093,-50.,46.5610355167266));
#7218=CARTESIAN_POINT('Ctrl Pts',(-3.04715797986093,-49.5,46.5610355167266));
#7219=CARTESIAN_POINT('Ctrl Pts',(-4.35736072319077,-50.,46.0560999491517));
#7220=CARTESIAN_POINT('Ctrl Pts',(-4.35736072319077,-49.5,46.0560999491517));
#7221=CARTESIAN_POINT('',(2.73248302680923,-50.,50.2162561991517));
#7222=CARTESIAN_POINT('Ctrl Pts',(2.73248302680923,-50.,50.2162561991517));
#7223=CARTESIAN_POINT('Ctrl Pts',(1.67770464897541,-50.,49.3373618783397));
#7224=CARTESIAN_POINT('Ctrl Pts',(-0.455591318077322,-50.,47.5597925334843));
#7225=CARTESIAN_POINT('Ctrl Pts',(-3.04715797986093,-50.,46.5610355167266));
#7226=CARTESIAN_POINT('Ctrl Pts',(-4.35736072319077,-50.,46.0560999491517));
#7227=CARTESIAN_POINT('',(2.73248302680923,-49.5,50.2162561991517));
#7228=CARTESIAN_POINT('',(2.73248302680923,-50.,50.2162561991517));
#7229=CARTESIAN_POINT('Ctrl Pts',(2.73248302680923,-49.5,50.2162561991517));
#7230=CARTESIAN_POINT('Ctrl Pts',(1.67770464897541,-49.5,49.3373618783397));
#7231=CARTESIAN_POINT('Ctrl Pts',(-0.455591318077322,-49.5,47.5597925334843));
#7232=CARTESIAN_POINT('Ctrl Pts',(-3.04715797986093,-49.5,46.5610355167266));
#7233=CARTESIAN_POINT('Ctrl Pts',(-4.35736072319077,-49.5,46.0560999491517));
#7234=CARTESIAN_POINT('Origin',(2.73248302680924,-50.,29.5326624491517));
#7235=CARTESIAN_POINT('',(2.73248302680924,-50.,29.5326624491517));
#7236=CARTESIAN_POINT('',(2.73248302680925,-50.,14.7663312245758));
#7237=CARTESIAN_POINT('',(2.73248302680924,-49.5,29.5326624491517));
#7238=CARTESIAN_POINT('',(2.73248302680924,-50.,29.5326624491517));
#7239=CARTESIAN_POINT('',(2.73248302680924,-49.5,29.5326624491517));
#7240=CARTESIAN_POINT('Origin',(8.22076427680924,-50.,29.5326624491517));
#7241=CARTESIAN_POINT('',(8.22076427680924,-50.,29.5326624491517));
#7242=CARTESIAN_POINT('',(29.1103821384046,-50.,29.5326624491517));
#7243=CARTESIAN_POINT('',(8.22076427680924,-49.5,29.5326624491517));
#7244=CARTESIAN_POINT('',(8.22076427680924,-50.,29.5326624491517));
#7245=CARTESIAN_POINT('',(8.22076427680924,-49.5,29.5326624491517));
#7246=CARTESIAN_POINT('Origin',(8.22076427680923,-50.,58.2826624491517));
#7247=CARTESIAN_POINT('',(8.22076427680924,-50.,29.1413312245759));
#7248=CARTESIAN_POINT('',(8.22076427680923,-49.5,58.2826624491517));
#7249=CARTESIAN_POINT('Origin',(1.93170177680924,-49.5,43.9076624491517));
#7250=CARTESIAN_POINT('Origin',(-35.,50.,74.));
#7251=CARTESIAN_POINT('',(-36.,50.,74.));
#7252=CARTESIAN_POINT('',(-35.,50.,75.));
#7253=CARTESIAN_POINT('Origin',(-35.,50.,74.));
#7254=CARTESIAN_POINT('',(-35.,47.5,75.));
#7255=CARTESIAN_POINT('',(-35.,50.,75.));
#7256=CARTESIAN_POINT('',(-36.,47.5,74.));
#7257=CARTESIAN_POINT('Origin',(-35.,47.5,74.));
#7258=CARTESIAN_POINT('',(-36.,50.,74.));
#7259=CARTESIAN_POINT('Origin',(-10.,50.,75.));
#7260=CARTESIAN_POINT('',(-11.,50.,75.));
#7261=CARTESIAN_POINT('',(-30.,50.,75.));
#7262=CARTESIAN_POINT('',(-11.,47.5,75.));
#7263=CARTESIAN_POINT('',(-11.,50.,75.));
#7264=CARTESIAN_POINT('',(-28.75,47.5,75.));
#7265=CARTESIAN_POINT('Origin',(-35.,50.,67.));
#7266=CARTESIAN_POINT('',(-35.,50.,66.));
#7267=CARTESIAN_POINT('',(-36.,50.,67.));
#7268=CARTESIAN_POINT('Origin',(-35.,50.,67.));
#7269=CARTESIAN_POINT('',(-36.,47.5,67.));
#7270=CARTESIAN_POINT('',(-36.,50.,67.));
#7271=CARTESIAN_POINT('',(-35.,47.5,66.));
#7272=CARTESIAN_POINT('Origin',(-35.,47.5,67.));
#7273=CARTESIAN_POINT('',(-35.,50.,66.));
#7274=CARTESIAN_POINT('Origin',(-36.,50.,75.));
#7275=CARTESIAN_POINT('',(-36.,47.5,37.5));
#7276=CARTESIAN_POINT('',(-36.,50.,37.5));
#7277=CARTESIAN_POINT('Origin',(-11.,50.,74.));
#7278=CARTESIAN_POINT('',(-10.,50.,74.));
#7279=CARTESIAN_POINT('Origin',(-11.,50.,74.));
#7280=CARTESIAN_POINT('',(-10.,47.5,74.));
#7281=CARTESIAN_POINT('',(-10.,50.,74.));
#7282=CARTESIAN_POINT('Origin',(-11.,47.5,74.));
#7283=CARTESIAN_POINT('Origin',(-10.,50.,66.));
#7284=CARTESIAN_POINT('',(-10.,50.,67.));
#7285=CARTESIAN_POINT('',(-10.,50.,33.));
#7286=CARTESIAN_POINT('',(-10.,47.5,67.));
#7287=CARTESIAN_POINT('',(-10.,50.,67.));
#7288=CARTESIAN_POINT('',(-10.,47.5,33.));
#7289=CARTESIAN_POINT('Origin',(-11.,50.,67.));
#7290=CARTESIAN_POINT('',(-11.,50.,66.));
#7291=CARTESIAN_POINT('Origin',(-11.,50.,67.));
#7292=CARTESIAN_POINT('',(-11.,47.5,66.));
#7293=CARTESIAN_POINT('',(-11.,50.,66.));
#7294=CARTESIAN_POINT('Origin',(-11.,47.5,67.));
#7295=CARTESIAN_POINT('Origin',(-36.,50.,66.));
#7296=CARTESIAN_POINT('',(-41.75,47.5,66.));
#7297=CARTESIAN_POINT('',(-43.,50.,66.));
#7298=CARTESIAN_POINT('Origin',(40.,50.,75.));
#7299=CARTESIAN_POINT('',(42.6,-47.5,75.));
#7300=CARTESIAN_POINT('Origin',(40.,-47.5,75.));
#7301=CARTESIAN_POINT('',(42.6,-50.,75.));
#7302=CARTESIAN_POINT('',(42.6,50.,75.));
#7303=CARTESIAN_POINT('Origin',(40.,-50.,75.));
#7304=CARTESIAN_POINT('Origin',(40.,50.,75.));
#7305=CARTESIAN_POINT('',(42.6,50.,75.));
#7306=CARTESIAN_POINT('Origin',(40.,50.,75.));
#7307=CARTESIAN_POINT('',(42.6,47.5,75.));
#7308=CARTESIAN_POINT('',(42.6,50.,75.));
#7309=CARTESIAN_POINT('Origin',(40.,47.5,75.));
#7310=CARTESIAN_POINT('Origin',(-40.,50.,75.));
#7311=CARTESIAN_POINT('',(-37.4,-47.5,75.));
#7312=CARTESIAN_POINT('Origin',(-40.,-47.5,75.));
#7313=CARTESIAN_POINT('',(-37.4,-50.,75.));
#7314=CARTESIAN_POINT('',(-37.4,50.,75.));
#7315=CARTESIAN_POINT('Origin',(-40.,-50.,75.));
#7316=CARTESIAN_POINT('Origin',(-40.,50.,75.));
#7317=CARTESIAN_POINT('',(-37.4,50.,75.));
#7318=CARTESIAN_POINT('Origin',(-40.,50.,75.));
#7319=CARTESIAN_POINT('',(-37.4,47.5,75.));
#7320=CARTESIAN_POINT('',(-37.4,50.,75.));
#7321=CARTESIAN_POINT('Origin',(-40.,47.5,75.));
#7322=CARTESIAN_POINT('Origin',(50.,-40.,80.));
#7323=CARTESIAN_POINT('',(-47.5,35.,80.));
#7324=CARTESIAN_POINT('',(-50.,35.,80.));
#7325=CARTESIAN_POINT('',(50.,35.,80.));
#7326=CARTESIAN_POINT('',(-47.5,-35.,80.));
#7327=CARTESIAN_POINT('',(-47.5,-43.75,80.));
#7328=CARTESIAN_POINT('',(-50.,-35.,80.));
#7329=CARTESIAN_POINT('',(50.,-35.,80.));
#7330=CARTESIAN_POINT('',(-50.,-45.,80.));
#7331=CARTESIAN_POINT('Origin',(50.,-40.,80.));
#7332=CARTESIAN_POINT('',(50.,35.,80.));
#7333=CARTESIAN_POINT('',(47.5,35.,80.));
#7334=CARTESIAN_POINT('',(50.,35.,80.));
#7335=CARTESIAN_POINT('',(50.,-35.,80.));
#7336=CARTESIAN_POINT('',(50.,5.,80.));
#7337=CARTESIAN_POINT('',(47.5,-35.,80.));
#7338=CARTESIAN_POINT('',(50.,-35.,80.));
#7339=CARTESIAN_POINT('',(47.5,3.75,80.));
#7340=CARTESIAN_POINT('Origin',(50.,-35.,75.));
#7341=CARTESIAN_POINT('',(50.,-35.,70.));
#7342=CARTESIAN_POINT('Origin',(50.,-35.,75.));
#7343=CARTESIAN_POINT('',(47.5,-35.,70.));
#7344=CARTESIAN_POINT('',(50.,-35.,70.));
#7345=CARTESIAN_POINT('Origin',(47.5,-35.,75.));
#7346=CARTESIAN_POINT('Origin',(50.,40.,70.));
#7347=CARTESIAN_POINT('',(50.,35.,70.));
#7348=CARTESIAN_POINT('',(50.,45.,70.));
#7349=CARTESIAN_POINT('',(47.5,35.,70.));
#7350=CARTESIAN_POINT('',(50.,35.,70.));
#7351=CARTESIAN_POINT('',(47.5,43.75,70.));
#7352=CARTESIAN_POINT('Origin',(50.,-35.,75.));
#7353=CARTESIAN_POINT('',(-47.5,-35.,70.));
#7354=CARTESIAN_POINT('Origin',(-47.5,-35.,75.));
#7355=CARTESIAN_POINT('',(-50.,-35.,70.));
#7356=CARTESIAN_POINT('',(50.,-35.,70.));
#7357=CARTESIAN_POINT('Origin',(-50.,-35.,75.));
#7358=CARTESIAN_POINT('Origin',(50.,40.,70.));
#7359=CARTESIAN_POINT('',(-47.5,35.,70.));
#7360=CARTESIAN_POINT('',(-47.5,-3.75,70.));
#7361=CARTESIAN_POINT('',(-50.,35.,70.));
#7362=CARTESIAN_POINT('',(50.,35.,70.));
#7363=CARTESIAN_POINT('',(-50.,-5.,70.));
#7364=CARTESIAN_POINT('Origin',(50.,35.,75.));
#7365=CARTESIAN_POINT('Origin',(-47.5,35.,75.));
#7366=CARTESIAN_POINT('Origin',(-50.,35.,75.));
#7367=CARTESIAN_POINT('Origin',(50.,35.,75.));
#7368=CARTESIAN_POINT('Origin',(50.,35.,75.));
#7369=CARTESIAN_POINT('Origin',(47.5,35.,75.));
#7370=CARTESIAN_POINT('Origin',(-3.73969860926349E-16,-43.5,-3.5));
#7371=CARTESIAN_POINT('',(1.7203144029786,-47.5,-2.5));
#7372=CARTESIAN_POINT('',(1.48326119000754,-46.9488142107963,-2.7));
#7373=CARTESIAN_POINT('Origin',(1.7203144029786,-47.5,-3.5));
#7374=CARTESIAN_POINT('',(3.75419341482066,-43.479627899215,-2.7));
#7375=CARTESIAN_POINT('Origin',(-3.73969860926349E-16,-43.5,-2.7));
#7376=CARTESIAN_POINT('',(-1.48326119000754,-46.9488142107963,-2.7));
#7377=CARTESIAN_POINT('Origin',(-3.73969860926349E-16,-43.5,-2.7));
#7378=CARTESIAN_POINT('',(-1.7203144029786,-47.5,-2.5));
#7379=CARTESIAN_POINT('Origin',(-1.7203144029786,-47.5,-3.5));
#7380=CARTESIAN_POINT('Origin',(-3.73969860926349E-16,-43.5,-2.5));
#7381=CARTESIAN_POINT('Ctrl Pts',(-1.72031440297861,-47.5,-2.5));
#7382=CARTESIAN_POINT('Ctrl Pts',(-1.25451545426758,-47.6430929714928,-2.5));
#7383=CARTESIAN_POINT('Ctrl Pts',(-0.0911190461565559,-47.8782310415806,
-2.47048211946887));
#7384=CARTESIAN_POINT('Ctrl Pts',(1.09924913803058,-47.6907906286571,-2.5));
#7385=CARTESIAN_POINT('Ctrl Pts',(1.72031440297861,-47.5,-2.5));
#7386=CARTESIAN_POINT('Ctrl Pts',(-1.63556773331756,-47.3029507408313,-2.5));
#7387=CARTESIAN_POINT('Ctrl Pts',(-1.19373097030286,-47.4548491525617,-2.511442175148));
#7388=CARTESIAN_POINT('Ctrl Pts',(-0.0869643506537236,-47.7064370861322,
-2.49698890779007));
#7389=CARTESIAN_POINT('Ctrl Pts',(1.04645204929798,-47.5054819564718,-2.51525623353067));
#7390=CARTESIAN_POINT('Ctrl Pts',(1.63556773331756,-47.3029507408313,-2.5));
#7391=CARTESIAN_POINT('Ctrl Pts',(-1.55105852573638,-47.1064536181313,-2.57129977824134));
#7392=CARTESIAN_POINT('Ctrl Pts',(-1.13301908834793,-47.2710343757803,-2.5819741510125));
#7393=CARTESIAN_POINT('Ctrl Pts',(-0.0827848058063596,-47.5410071802574,
-2.56520289659385));
#7394=CARTESIAN_POINT('Ctrl Pts',(0.993672609218477,-47.32589462833,-2.58553227526956));
#7395=CARTESIAN_POINT('Ctrl Pts',(1.55105852573639,-47.1064536181313,-2.57129977824134));
#7396=CARTESIAN_POINT('Ctrl Pts',(-1.48326119000754,-46.9488142107963,-2.7));
#7397=CARTESIAN_POINT('Ctrl Pts',(-1.08164768158538,-47.1215395865387,-2.7));
#7398=CARTESIAN_POINT('Ctrl Pts',(-0.0785113328190732,-47.4019516283068,
-2.66693997380513));
#7399=CARTESIAN_POINT('Ctrl Pts',(0.947776512111363,-47.1791147117861,-2.7));
#7400=CARTESIAN_POINT('Ctrl Pts',(1.48326119000755,-46.9488142107963,-2.7));
#7401=CARTESIAN_POINT('Ctrl Pts',(1.72031440297861,-47.5,-2.5));
#7402=CARTESIAN_POINT('Ctrl Pts',(1.09924913803058,-47.6907906286571,-2.5));
#7403=CARTESIAN_POINT('Ctrl Pts',(-0.0911190461565559,-47.8782310415806,
-2.47048211946887));
#7404=CARTESIAN_POINT('Ctrl Pts',(-1.25451545426758,-47.6430929714928,-2.5));
#7405=CARTESIAN_POINT('Ctrl Pts',(-1.72031440297861,-47.5,-2.5));
#7406=CARTESIAN_POINT('Ctrl Pts',(-1.48326119000754,-46.9488142107963,-2.7));
#7407=CARTESIAN_POINT('Ctrl Pts',(-1.08164768158538,-47.1215395865387,-2.7));
#7408=CARTESIAN_POINT('Ctrl Pts',(-0.0785113328190732,-47.4019516283068,
-2.66693997380513));
#7409=CARTESIAN_POINT('Ctrl Pts',(0.947776512111363,-47.1791147117861,-2.7));
#7410=CARTESIAN_POINT('Ctrl Pts',(1.48326119000755,-46.9488142107963,-2.7));
#7411=CARTESIAN_POINT('Origin',(0.,0.,-2.5));
#7412=CARTESIAN_POINT('',(-45.,-47.5,-2.5));
#7413=CARTESIAN_POINT('',(25.,-47.5,-2.5));
#7414=CARTESIAN_POINT('',(-47.5,-45.,-2.5));
#7415=CARTESIAN_POINT('Origin',(-45.,-45.,-2.5));
#7416=CARTESIAN_POINT('',(-47.5,50.,-2.5));
#7417=CARTESIAN_POINT('',(-47.5,-25.,-2.5));
#7418=CARTESIAN_POINT('',(47.5,50.,-2.5));
#7419=CARTESIAN_POINT('',(-25.,50.,-2.5));
#7420=CARTESIAN_POINT('',(47.5,-45.,-2.5));
#7421=CARTESIAN_POINT('',(47.5,25.,-2.5));
#7422=CARTESIAN_POINT('',(45.,-47.5,-2.5));
#7423=CARTESIAN_POINT('Origin',(45.,-45.,-2.5));
#7424=CARTESIAN_POINT('',(25.,-47.5,-2.5));
#7425=CARTESIAN_POINT('',(-4.35424868893542,43.5,-2.5));
#7426=CARTESIAN_POINT('Origin',(-6.03961325396085E-15,43.5,-2.5));
#7427=CARTESIAN_POINT('',(27.5,36.5,-2.5));
#7428=CARTESIAN_POINT('',(27.5,41.5,-2.5));
#7429=CARTESIAN_POINT('',(27.5,20.75,-2.5));
#7430=CARTESIAN_POINT('',(22.5,41.5,-2.5));
#7431=CARTESIAN_POINT('',(11.25,41.5,-2.5));
#7432=CARTESIAN_POINT('',(22.5,36.5,-2.5));
#7433=CARTESIAN_POINT('',(22.5,18.25,-2.5));
#7434=CARTESIAN_POINT('',(13.75,36.5,-2.5));
#7435=CARTESIAN_POINT('',(42.5,36.5,-2.5));
#7436=CARTESIAN_POINT('',(42.5,41.5,-2.5));
#7437=CARTESIAN_POINT('',(42.5,20.75,-2.5));
#7438=CARTESIAN_POINT('',(37.5,41.5,-2.5));
#7439=CARTESIAN_POINT('',(18.75,41.5,-2.5));
#7440=CARTESIAN_POINT('',(37.5,36.5,-2.5));
#7441=CARTESIAN_POINT('',(37.5,18.25,-2.5));
#7442=CARTESIAN_POINT('',(21.25,36.5,-2.5));
#7443=CARTESIAN_POINT('Ctrl Pts',(3.77885814484618,-43.4794940562531,-2.681351785948));
#7444=CARTESIAN_POINT('Ctrl Pts',(3.75835220109933,-39.700635911407,-2.681351785948));
#7445=CARTESIAN_POINT('Ctrl Pts',(-0.0205059437468517,-39.7211418551538,
-2.681351785948));
#7446=CARTESIAN_POINT('Ctrl Pts',(-3.79936408859303,-39.7416477989007,-2.681351785948));
#7447=CARTESIAN_POINT('Ctrl Pts',(-3.77885814484618,-43.5205059437468,-2.681351785948));
#7448=CARTESIAN_POINT('Ctrl Pts',(-3.75835220109933,-47.299364088593,-2.681351785948));
#7449=CARTESIAN_POINT('Ctrl Pts',(0.020505943746851,-47.2788581448462,-2.681351785948));
#7450=CARTESIAN_POINT('Ctrl Pts',(3.79936408859303,-47.2583522010993,-2.681351785948));
#7451=CARTESIAN_POINT('Ctrl Pts',(3.77885814484618,-43.4794940562531,-2.681351785948));
#7452=CARTESIAN_POINT('Ctrl Pts',(2.70474295250168,-43.4853227338239,-3.5));
#7453=CARTESIAN_POINT('Ctrl Pts',(2.69006568632556,-40.7805797813222,-3.5));
#7454=CARTESIAN_POINT('Ctrl Pts',(-0.0146772661761134,-40.7952570474983,
-3.5));
#7455=CARTESIAN_POINT('Ctrl Pts',(-2.71942021867779,-40.8099343136744,-3.5));
#7456=CARTESIAN_POINT('Ctrl Pts',(-2.70474295250168,-43.5146772661761,-3.5));
#7457=CARTESIAN_POINT('Ctrl Pts',(-2.69006568632557,-46.2194202186778,-3.5));
#7458=CARTESIAN_POINT('Ctrl Pts',(0.0146772661761126,-46.2047429525017,
-3.5));
#7459=CARTESIAN_POINT('Ctrl Pts',(2.71942021867779,-46.1900656863256,-3.5));
#7460=CARTESIAN_POINT('Ctrl Pts',(2.70474295250168,-43.4853227338239,-3.5));
#7461=CARTESIAN_POINT('Ctrl Pts',(1.35422875021967,-43.4926512884295,-3.5));
#7462=CARTESIAN_POINT('Ctrl Pts',(1.34688003864915,-42.1384225382098,-3.5));
#7463=CARTESIAN_POINT('Ctrl Pts',(-0.00734871157051879,-42.1457712497803,
-3.5));
#7464=CARTESIAN_POINT('Ctrl Pts',(-1.36157746179019,-42.1531199613508,-3.5));
#7465=CARTESIAN_POINT('Ctrl Pts',(-1.35422875021967,-43.5073487115705,-3.5));
#7466=CARTESIAN_POINT('Ctrl Pts',(-1.34688003864915,-44.8615774617902,-3.5));
#7467=CARTESIAN_POINT('Ctrl Pts',(0.00734871157051804,-44.8542287502197,
-3.5));
#7468=CARTESIAN_POINT('Ctrl Pts',(1.36157746179019,-44.8468800386491,-3.5));
#7469=CARTESIAN_POINT('Ctrl Pts',(1.35422875021967,-43.4926512884295,-3.5));
#7470=CARTESIAN_POINT('',(1.35422875021967,-43.4926512884295,-3.5));
#7471=CARTESIAN_POINT('Origin',(-3.73969860926349E-16,-43.5,-3.5));
#7472=CARTESIAN_POINT('Ctrl Pts',(1.35422875021967,-43.4926512884295,-3.5));
#7473=CARTESIAN_POINT('Ctrl Pts',(2.68754245277578,-43.4854160721992,-3.5));
#7474=CARTESIAN_POINT('Ctrl Pts',(3.75419341482066,-43.479627899215,-2.7));
#7475=CARTESIAN_POINT('Origin',(-6.03961325396085E-15,43.5,-3.5));
#7476=CARTESIAN_POINT('',(-3.75424868893542,43.5,-2.7));
#7477=CARTESIAN_POINT('',(3.7542486889354,43.5,-2.7));
#7478=CARTESIAN_POINT('Origin',(-6.03961325396085E-15,43.5,-2.7));
#7479=CARTESIAN_POINT('Origin',(-6.03961325396085E-15,43.5,-2.7));
#7480=CARTESIAN_POINT('Origin',(-4.35424868893542,43.5,-3.5));
#7481=CARTESIAN_POINT('Ctrl Pts',(3.7542486889354,43.5,-2.7));
#7482=CARTESIAN_POINT('Ctrl Pts',(3.7542486889354,47.2542486889354,-2.7));
#7483=CARTESIAN_POINT('Ctrl Pts',(-6.03961325396085E-15,47.2542486889354,
-2.7));
#7484=CARTESIAN_POINT('Ctrl Pts',(-3.75424868893541,47.2542486889354,-2.7));
#7485=CARTESIAN_POINT('Ctrl Pts',(-3.75424868893542,43.5,-2.7));
#7486=CARTESIAN_POINT('Ctrl Pts',(-3.75424868893541,39.7457513110646,-2.7));
#7487=CARTESIAN_POINT('Ctrl Pts',(-6.03961325396085E-15,39.7457513110646,
-2.7));
#7488=CARTESIAN_POINT('Ctrl Pts',(3.7542486889354,39.7457513110646,-2.7));
#7489=CARTESIAN_POINT('Ctrl Pts',(3.7542486889354,43.5,-2.7));
#7490=CARTESIAN_POINT('Ctrl Pts',(2.68758202226874,43.5,-3.5));
#7491=CARTESIAN_POINT('Ctrl Pts',(2.68758202226874,46.1875820222687,-3.5));
#7492=CARTESIAN_POINT('Ctrl Pts',(-6.03961325396085E-15,46.1875820222687,
-3.5));
#7493=CARTESIAN_POINT('Ctrl Pts',(-2.68758202226875,46.1875820222687,-3.5));
#7494=CARTESIAN_POINT('Ctrl Pts',(-2.68758202226875,43.5,-3.5));
#7495=CARTESIAN_POINT('Ctrl Pts',(-2.68758202226875,40.8124179777313,-3.5));
#7496=CARTESIAN_POINT('Ctrl Pts',(-6.03961325396085E-15,40.8124179777313,
-3.5));
#7497=CARTESIAN_POINT('Ctrl Pts',(2.68758202226874,40.8124179777313,-3.5));
#7498=CARTESIAN_POINT('Ctrl Pts',(2.68758202226874,43.5,-3.5));
#7499=CARTESIAN_POINT('Ctrl Pts',(1.3542486889354,43.5,-3.5));
#7500=CARTESIAN_POINT('Ctrl Pts',(1.3542486889354,44.8542486889354,-3.5));
#7501=CARTESIAN_POINT('Ctrl Pts',(-6.03961325396085E-15,44.8542486889354,
-3.5));
#7502=CARTESIAN_POINT('Ctrl Pts',(-1.35424868893542,44.8542486889354,-3.5));
#7503=CARTESIAN_POINT('Ctrl Pts',(-1.35424868893542,43.5,-3.5));
#7504=CARTESIAN_POINT('Ctrl Pts',(-1.35424868893542,42.1457513110646,-3.5));
#7505=CARTESIAN_POINT('Ctrl Pts',(-6.03961325396085E-15,42.1457513110646,
-3.5));
#7506=CARTESIAN_POINT('Ctrl Pts',(1.3542486889354,42.1457513110646,-3.5));
#7507=CARTESIAN_POINT('Ctrl Pts',(1.3542486889354,43.5,-3.5));
#7508=CARTESIAN_POINT('',(1.3542486889354,43.5,-3.5));
#7509=CARTESIAN_POINT('Origin',(-6.03961325396085E-15,43.5,-3.5));
#7510=CARTESIAN_POINT('Origin',(1.3542486889354,43.5,0.5));
#7511=CARTESIAN_POINT('Origin',(-3.33066907387547E-15,4.44089209850063E-15,
-3.5));
#7512=CARTESIAN_POINT('Origin',(-3.33066907387547E-15,4.44089209850063E-15,
-3.5));
#7513=CARTESIAN_POINT('Origin',(-45.,4.32402651696114E-15,50.));
#7514=CARTESIAN_POINT('',(-47.5,35.,50.));
#7515=CARTESIAN_POINT('',(-45.,35.2525512860841,52.5));
#7516=CARTESIAN_POINT('Ctrl Pts',(-47.5,35.,50.));
#7517=CARTESIAN_POINT('Ctrl Pts',(-47.5,35.,50.3139896862253));
#7518=CARTESIAN_POINT('Ctrl Pts',(-47.4372273107758,34.9995062129791,50.6488920050877));
#7519=CARTESIAN_POINT('Ctrl Pts',(-47.1820288454166,35.0033932726531,51.2648667475975));
#7520=CARTESIAN_POINT('Ctrl Pts',(-46.9896003132361,35.0084479890176,51.5459335926966));
#7521=CARTESIAN_POINT('Ctrl Pts',(-46.5440954935538,35.0345899481989,51.9914384123789));
#7522=CARTESIAN_POINT('Ctrl Pts',(-46.2609341463465,35.0576781503074,52.1843488334986));
#7523=CARTESIAN_POINT('Ctrl Pts',(-45.6439230702745,35.1346599052349,52.4385851898558));
#7524=CARTESIAN_POINT('Ctrl Pts',(-45.3101949426968,35.1892330085509,52.5));
#7525=CARTESIAN_POINT('Ctrl Pts',(-45.,35.2525512860841,52.5));
#7526=CARTESIAN_POINT('',(-45.,27.6568651670156,52.5));
#7527=CARTESIAN_POINT('',(-45.,4.32402651696114E-15,52.5));
#7528=CARTESIAN_POINT('',(-47.5,27.5,50.));
#7529=CARTESIAN_POINT('Ctrl Pts',(-45.,27.6568651670156,52.5));
#7530=CARTESIAN_POINT('Ctrl Pts',(-45.3124711585378,27.6174975014265,52.5));
#7531=CARTESIAN_POINT('Ctrl Pts',(-45.6468779420452,27.5836377904773,52.4377762679682));
#7532=CARTESIAN_POINT('Ctrl Pts',(-46.2632378720513,27.535883078528,52.18298747591));
#7533=CARTESIAN_POINT('Ctrl Pts',(-46.5451444957019,27.5215646697384,51.9903894102308));
#7534=CARTESIAN_POINT('Ctrl Pts',(-46.9896804620436,27.5052785547599,51.5458534438892));
#7535=CARTESIAN_POINT('Ctrl Pts',(-47.1820916183885,27.5021198048879,51.2647545127364));
#7536=CARTESIAN_POINT('Ctrl Pts',(-47.4372508505933,27.4996914880709,50.6487958927303));
#7537=CARTESIAN_POINT('Ctrl Pts',(-47.5,27.5,50.3139383842011));
#7538=CARTESIAN_POINT('Ctrl Pts',(-47.5,27.5,50.));
#7539=CARTESIAN_POINT('',(-47.5,4.09029535388216E-15,50.));
#7540=CARTESIAN_POINT('Origin',(-42.5,47.5,52.5));
#7541=CARTESIAN_POINT('',(-35.,47.5,52.5));
#7542=CARTESIAN_POINT('Origin',(-47.5,47.5,52.5));
#7543=CARTESIAN_POINT('',(-32.5,47.5,52.5));
#7544=CARTESIAN_POINT('',(-23.75,47.5,52.5));
#7545=CARTESIAN_POINT('',(-32.5,50.,52.5));
#7546=CARTESIAN_POINT('',(-32.5,47.5,52.5));
#7547=CARTESIAN_POINT('',(32.5,50.,52.5));
#7548=CARTESIAN_POINT('',(-46.25,50.,52.5));
#7549=CARTESIAN_POINT('',(32.5,47.5,52.5));
#7550=CARTESIAN_POINT('',(32.5,47.5,52.5));
#7551=CARTESIAN_POINT('',(35.,47.5,52.5));
#7552=CARTESIAN_POINT('',(-23.75,47.5,52.5));
#7553=CARTESIAN_POINT('',(45.,35.2525512860841,52.5));
#7554=CARTESIAN_POINT('Origin',(47.5,47.5,52.5));
#7555=CARTESIAN_POINT('',(45.,27.6568651670156,52.5));
#7556=CARTESIAN_POINT('',(45.,47.5,52.5));
#7557=CARTESIAN_POINT('',(41.,28.5857196806223,52.5));
#7558=CARTESIAN_POINT('Origin',(47.5,47.5,52.5));
#7559=CARTESIAN_POINT('',(41.,-28.5857196806223,52.5));
#7560=CARTESIAN_POINT('',(41.,14.2928598403111,52.5));
#7561=CARTESIAN_POINT('',(45.,-27.6568651670156,52.5));
#7562=CARTESIAN_POINT('Origin',(47.5,-47.5,52.5));
#7563=CARTESIAN_POINT('',(45.,-35.2525512860841,52.5));
#7564=CARTESIAN_POINT('',(45.,47.5,52.5));
#7565=CARTESIAN_POINT('',(35.2525512860841,-45.,52.5));
#7566=CARTESIAN_POINT('Origin',(47.5,-47.5,52.5));
#7567=CARTESIAN_POINT('',(27.6568651670156,-45.,52.5));
#7568=CARTESIAN_POINT('',(2.5,-45.,52.5));
#7569=CARTESIAN_POINT('',(28.4212159716611,-41.5,52.5));
#7570=CARTESIAN_POINT('Origin',(47.5,-47.5,52.5));
#7571=CARTESIAN_POINT('',(-28.4212159716611,-41.5,52.5));
#7572=CARTESIAN_POINT('',(14.2106079858305,-41.5,52.5));
#7573=CARTESIAN_POINT('',(-27.6568651670156,-45.,52.5));
#7574=CARTESIAN_POINT('Origin',(-47.5,-47.5,52.5));
#7575=CARTESIAN_POINT('',(-35.2525512860841,-45.,52.5));
#7576=CARTESIAN_POINT('',(2.5,-45.,52.5));
#7577=CARTESIAN_POINT('',(-45.,-35.2525512860841,52.5));
#7578=CARTESIAN_POINT('Origin',(-47.5,-47.5,52.5));
#7579=CARTESIAN_POINT('',(-45.,-27.6568651670156,52.5));
#7580=CARTESIAN_POINT('',(-45.,4.32402651696114E-15,52.5));
#7581=CARTESIAN_POINT('',(-41.,-28.5857196806223,52.5));
#7582=CARTESIAN_POINT('Origin',(-47.5,-47.5,52.5));
#7583=CARTESIAN_POINT('',(-41.,28.5857196806223,52.5));
#7584=CARTESIAN_POINT('',(-41.,-14.2928598403111,52.5));
#7585=CARTESIAN_POINT('Origin',(-47.5,47.5,52.5));
#7586=CARTESIAN_POINT('',(-27.5,47.5,52.5));
#7587=CARTESIAN_POINT('',(27.5,47.5,52.5));
#7588=CARTESIAN_POINT('',(-45.,47.5,52.5));
#7589=CARTESIAN_POINT('',(-28.4212159716611,41.5,52.5));
#7590=CARTESIAN_POINT('Origin',(-47.5,47.5,52.5));
#7591=CARTESIAN_POINT('',(28.4212159716611,41.5,52.5));
#7592=CARTESIAN_POINT('',(-14.2106079858305,41.5,52.5));
#7593=CARTESIAN_POINT('Origin',(47.5,47.5,52.5));
#7594=CARTESIAN_POINT('Origin',(45.,47.5,50.));
#7595=CARTESIAN_POINT('',(47.5,27.5,50.));
#7596=CARTESIAN_POINT('Ctrl Pts',(47.5,27.5,50.));
#7597=CARTESIAN_POINT('Ctrl Pts',(47.5,27.5,50.3139383842011));
#7598=CARTESIAN_POINT('Ctrl Pts',(47.4372508505933,27.4996914880709,50.6487958927303));
#7599=CARTESIAN_POINT('Ctrl Pts',(47.1820916183885,27.5021198048879,51.2647545127363));
#7600=CARTESIAN_POINT('Ctrl Pts',(46.9896804620436,27.5052785547599,51.5458534438892));
#7601=CARTESIAN_POINT('Ctrl Pts',(46.5451444957019,27.5215646697384,51.9903894102308));
#7602=CARTESIAN_POINT('Ctrl Pts',(46.2632378720513,27.535883078528,52.18298747591));
#7603=CARTESIAN_POINT('Ctrl Pts',(45.6468779420451,27.5836377904773,52.4377762679682));
#7604=CARTESIAN_POINT('Ctrl Pts',(45.3124711585378,27.6174975014265,52.5));
#7605=CARTESIAN_POINT('Ctrl Pts',(45.,27.6568651670156,52.5));
#7606=CARTESIAN_POINT('',(47.5,35.,50.));
#7607=CARTESIAN_POINT('Ctrl Pts',(45.,35.2525512860841,52.5));
#7608=CARTESIAN_POINT('Ctrl Pts',(45.3101949426968,35.1892330085509,52.5));
#7609=CARTESIAN_POINT('Ctrl Pts',(45.6439230702745,35.1346599052349,52.4385851898558));
#7610=CARTESIAN_POINT('Ctrl Pts',(46.2609341463465,35.0576781503074,52.1843488334986));
#7611=CARTESIAN_POINT('Ctrl Pts',(46.5440954935538,35.0345899481989,51.9914384123789));
#7612=CARTESIAN_POINT('Ctrl Pts',(46.9896003132361,35.0084479890176,51.5459335926966));
#7613=CARTESIAN_POINT('Ctrl Pts',(47.1820288454166,35.0033932726531,51.2648667475975));
#7614=CARTESIAN_POINT('Ctrl Pts',(47.4372273107758,34.9995062129791,50.6488920050877));
#7615=CARTESIAN_POINT('Ctrl Pts',(47.5,35.,50.3139896862252));
#7616=CARTESIAN_POINT('Ctrl Pts',(47.5,35.,50.));
#7617=CARTESIAN_POINT('',(47.5,47.5,50.));
#7618=CARTESIAN_POINT('Origin',(-45.,4.32402651696114E-15,50.));
#7619=CARTESIAN_POINT('',(-47.5,-27.5,50.));
#7620=CARTESIAN_POINT('Ctrl Pts',(-47.5,-27.5,50.));
#7621=CARTESIAN_POINT('Ctrl Pts',(-47.5,-27.5,50.3139383842011));
#7622=CARTESIAN_POINT('Ctrl Pts',(-47.4372508505933,-27.4996914880709,50.6487958927303));
#7623=CARTESIAN_POINT('Ctrl Pts',(-47.1820916183885,-27.5021198048879,51.2647545127364));
#7624=CARTESIAN_POINT('Ctrl Pts',(-46.9896804620436,-27.5052785547599,51.5458534438892));
#7625=CARTESIAN_POINT('Ctrl Pts',(-46.5451444957019,-27.5215646697384,51.9903894102308));
#7626=CARTESIAN_POINT('Ctrl Pts',(-46.2632378720512,-27.535883078528,52.18298747591));
#7627=CARTESIAN_POINT('Ctrl Pts',(-45.6468779420451,-27.5836377904773,52.4377762679682));
#7628=CARTESIAN_POINT('Ctrl Pts',(-45.3124711585378,-27.6174975014264,52.5));
#7629=CARTESIAN_POINT('Ctrl Pts',(-45.,-27.6568651670156,52.5));
#7630=CARTESIAN_POINT('',(-47.5,-35.,50.));
#7631=CARTESIAN_POINT('Ctrl Pts',(-45.,-35.2525512860841,52.5));
#7632=CARTESIAN_POINT('Ctrl Pts',(-45.3101949426968,-35.1892330085508,52.5));
#7633=CARTESIAN_POINT('Ctrl Pts',(-45.6439230702745,-35.1346599052349,52.4385851898558));
#7634=CARTESIAN_POINT('Ctrl Pts',(-46.2609341463465,-35.0576781503074,52.1843488334986));
#7635=CARTESIAN_POINT('Ctrl Pts',(-46.5440954935538,-35.0345899481989,51.9914384123789));
#7636=CARTESIAN_POINT('Ctrl Pts',(-46.9896003132361,-35.0084479890176,51.5459335926966));
#7637=CARTESIAN_POINT('Ctrl Pts',(-47.1820288454166,-35.0033932726531,51.2648667475975));
#7638=CARTESIAN_POINT('Ctrl Pts',(-47.4372273107758,-34.9995062129791,50.6488920050877));
#7639=CARTESIAN_POINT('Ctrl Pts',(-47.5,-35.,50.3139896862253));
#7640=CARTESIAN_POINT('Ctrl Pts',(-47.5,-35.,50.));
#7641=CARTESIAN_POINT('',(-47.5,4.09029535388216E-15,50.));
#7642=CARTESIAN_POINT('Origin',(2.5,-45.,50.));
#7643=CARTESIAN_POINT('',(-35.,-47.5,50.));
#7644=CARTESIAN_POINT('Ctrl Pts',(-35.,-47.5,50.));
#7645=CARTESIAN_POINT('Ctrl Pts',(-35.,-47.5,50.3139896862253));
#7646=CARTESIAN_POINT('Ctrl Pts',(-34.9995062129791,-47.4372273107758,50.6488920050877));
#7647=CARTESIAN_POINT('Ctrl Pts',(-35.0033932726531,-47.1820288454166,51.2648667475975));
#7648=CARTESIAN_POINT('Ctrl Pts',(-35.0084479890176,-46.9896003132361,51.5459335926966));
#7649=CARTESIAN_POINT('Ctrl Pts',(-35.0345899481989,-46.5440954935538,51.9914384123789));
#7650=CARTESIAN_POINT('Ctrl Pts',(-35.0576781503074,-46.2609341463465,52.1843488334986));
#7651=CARTESIAN_POINT('Ctrl Pts',(-35.1346599052349,-45.6439230702745,52.4385851898558));
#7652=CARTESIAN_POINT('Ctrl Pts',(-35.1892330085508,-45.3101949426968,52.5));
#7653=CARTESIAN_POINT('Ctrl Pts',(-35.2525512860841,-45.,52.5));
#7654=CARTESIAN_POINT('',(-27.5,-47.5,50.));
#7655=CARTESIAN_POINT('Ctrl Pts',(-27.6568651670156,-45.,52.5));
#7656=CARTESIAN_POINT('Ctrl Pts',(-27.6174975014264,-45.3124711585378,52.5));
#7657=CARTESIAN_POINT('Ctrl Pts',(-27.5836377904773,-45.6468779420452,52.4377762679682));
#7658=CARTESIAN_POINT('Ctrl Pts',(-27.535883078528,-46.2632378720513,52.18298747591));
#7659=CARTESIAN_POINT('Ctrl Pts',(-27.5215646697384,-46.5451444957019,51.9903894102308));
#7660=CARTESIAN_POINT('Ctrl Pts',(-27.5052785547599,-46.9896804620436,51.5458534438892));
#7661=CARTESIAN_POINT('Ctrl Pts',(-27.5021198048879,-47.1820916183885,51.2647545127364));
#7662=CARTESIAN_POINT('Ctrl Pts',(-27.4996914880709,-47.4372508505933,50.6487958927303));
#7663=CARTESIAN_POINT('Ctrl Pts',(-27.5,-47.5,50.3139383842011));
#7664=CARTESIAN_POINT('Ctrl Pts',(-27.5,-47.5,50.));
#7665=CARTESIAN_POINT('',(2.5,-47.5,50.));
#7666=CARTESIAN_POINT('Origin',(2.5,-45.,50.));
#7667=CARTESIAN_POINT('',(27.5,-47.5,50.));
#7668=CARTESIAN_POINT('Ctrl Pts',(27.5,-47.5,50.));
#7669=CARTESIAN_POINT('Ctrl Pts',(27.5,-47.5,50.3139383842011));
#7670=CARTESIAN_POINT('Ctrl Pts',(27.4996914880709,-47.4372508505933,50.6487958927303));
#7671=CARTESIAN_POINT('Ctrl Pts',(27.5021198048879,-47.1820916183885,51.2647545127364));
#7672=CARTESIAN_POINT('Ctrl Pts',(27.5052785547599,-46.9896804620436,51.5458534438892));
#7673=CARTESIAN_POINT('Ctrl Pts',(27.5215646697384,-46.5451444957019,51.9903894102308));
#7674=CARTESIAN_POINT('Ctrl Pts',(27.535883078528,-46.2632378720512,52.18298747591));
#7675=CARTESIAN_POINT('Ctrl Pts',(27.5836377904773,-45.6468779420451,52.4377762679682));
#7676=CARTESIAN_POINT('Ctrl Pts',(27.6174975014264,-45.3124711585378,52.5));
#7677=CARTESIAN_POINT('Ctrl Pts',(27.6568651670156,-45.,52.5));
#7678=CARTESIAN_POINT('',(35.,-47.5,50.));
#7679=CARTESIAN_POINT('Ctrl Pts',(35.2525512860841,-45.,52.5));
#7680=CARTESIAN_POINT('Ctrl Pts',(35.1892330085509,-45.3101949426968,52.5));
#7681=CARTESIAN_POINT('Ctrl Pts',(35.1346599052349,-45.6439230702745,52.4385851898558));
#7682=CARTESIAN_POINT('Ctrl Pts',(35.0576781503074,-46.2609341463465,52.1843488334986));
#7683=CARTESIAN_POINT('Ctrl Pts',(35.0345899481989,-46.5440954935538,51.9914384123789));
#7684=CARTESIAN_POINT('Ctrl Pts',(35.0084479890176,-46.9896003132362,51.5459335926966));
#7685=CARTESIAN_POINT('Ctrl Pts',(35.0033932726531,-47.1820288454165,51.2648667475976));
#7686=CARTESIAN_POINT('Ctrl Pts',(34.9995062129791,-47.4372273107758,50.6488920050877));
#7687=CARTESIAN_POINT('Ctrl Pts',(35.,-47.5,50.3139896862253));
#7688=CARTESIAN_POINT('Ctrl Pts',(35.,-47.5,50.));
#7689=CARTESIAN_POINT('',(2.5,-47.5,50.));
#7690=CARTESIAN_POINT('Origin',(45.,47.5,50.));
#7691=CARTESIAN_POINT('',(47.5,-35.,50.));
#7692=CARTESIAN_POINT('Ctrl Pts',(47.5,-35.,50.));
#7693=CARTESIAN_POINT('Ctrl Pts',(47.5,-35.,50.3139896862252));
#7694=CARTESIAN_POINT('Ctrl Pts',(47.4372273107758,-34.9995062129791,50.6488920050877));
#7695=CARTESIAN_POINT('Ctrl Pts',(47.1820288454166,-35.0033932726531,51.2648667475975));
#7696=CARTESIAN_POINT('Ctrl Pts',(46.9896003132361,-35.0084479890176,51.5459335926966));
#7697=CARTESIAN_POINT('Ctrl Pts',(46.5440954935538,-35.0345899481989,51.9914384123789));
#7698=CARTESIAN_POINT('Ctrl Pts',(46.2609341463465,-35.0576781503074,52.1843488334986));
#7699=CARTESIAN_POINT('Ctrl Pts',(45.6439230702745,-35.1346599052349,52.4385851898557));
#7700=CARTESIAN_POINT('Ctrl Pts',(45.3101949426968,-35.1892330085509,52.5));
#7701=CARTESIAN_POINT('Ctrl Pts',(45.,-35.2525512860841,52.5));
#7702=CARTESIAN_POINT('',(47.5,-27.5,50.));
#7703=CARTESIAN_POINT('Ctrl Pts',(45.,-27.6568651670156,52.5));
#7704=CARTESIAN_POINT('Ctrl Pts',(45.3124711585378,-27.6174975014265,52.5));
#7705=CARTESIAN_POINT('Ctrl Pts',(45.6468779420452,-27.5836377904773,52.4377762679682));
#7706=CARTESIAN_POINT('Ctrl Pts',(46.2632378720513,-27.535883078528,52.18298747591));
#7707=CARTESIAN_POINT('Ctrl Pts',(46.5451444957019,-27.5215646697384,51.9903894102308));
#7708=CARTESIAN_POINT('Ctrl Pts',(46.9896804620436,-27.5052785547599,51.5458534438892));
#7709=CARTESIAN_POINT('Ctrl Pts',(47.1820916183885,-27.5021198048879,51.2647545127364));
#7710=CARTESIAN_POINT('Ctrl Pts',(47.4372508505933,-27.4996914880709,50.6487958927303));
#7711=CARTESIAN_POINT('Ctrl Pts',(47.5,-27.5,50.3139383842011));
#7712=CARTESIAN_POINT('Ctrl Pts',(47.5,-27.5,50.));
#7713=CARTESIAN_POINT('',(47.5,47.5,50.));
#7714=CARTESIAN_POINT('Origin',(-20.,16.,2.5));
#7715=CARTESIAN_POINT('',(-20.,-32.,0.));
#7716=CARTESIAN_POINT('',(-17.5,-32.,2.5));
#7717=CARTESIAN_POINT('Origin',(-20.,-32.,2.5));
#7718=CARTESIAN_POINT('',(-17.5,32.,2.5));
#7719=CARTESIAN_POINT('',(-17.5,16.,2.5));
#7720=CARTESIAN_POINT('',(-20.,32.,0.));
#7721=CARTESIAN_POINT('Origin',(-20.,32.,2.5));
#7722=CARTESIAN_POINT('',(-20.,16.,0.));
#7723=CARTESIAN_POINT('Origin',(-17.5,32.,0.));
#7724=CARTESIAN_POINT('',(-17.5,-32.,23.));
#7725=CARTESIAN_POINT('',(-17.5,-32.,0.));
#7726=CARTESIAN_POINT('',(-17.5,-6.6625,23.));
#7727=CARTESIAN_POINT('',(-17.5,16.0000001192093,23.));
#7728=CARTESIAN_POINT('',(-17.5,-6.6625,18.));
#7729=CARTESIAN_POINT('',(-17.5,-6.6625,11.5));
#7730=CARTESIAN_POINT('',(-17.5,6.6625,18.));
#7731=CARTESIAN_POINT('',(-17.5,16.,18.));
#7732=CARTESIAN_POINT('',(-17.5,6.6625,23.));
#7733=CARTESIAN_POINT('',(-17.5,6.6625,11.5));
#7734=CARTESIAN_POINT('',(-17.5,32.,23.));
#7735=CARTESIAN_POINT('',(-17.5,16.0000001192093,23.));
#7736=CARTESIAN_POINT('',(-17.5,32.,0.));
#7737=CARTESIAN_POINT('Origin',(20.,-16.,2.5));
#7738=CARTESIAN_POINT('',(20.,32.,0.));
#7739=CARTESIAN_POINT('',(17.5,32.,2.5));
#7740=CARTESIAN_POINT('Origin',(20.,32.,2.5));
#7741=CARTESIAN_POINT('',(17.5,-32.,2.5));
#7742=CARTESIAN_POINT('',(17.5,-16.,2.5));
#7743=CARTESIAN_POINT('',(20.,-32.,0.));
#7744=CARTESIAN_POINT('Origin',(20.,-32.,2.5));
#7745=CARTESIAN_POINT('',(20.,-16.,0.));
#7746=CARTESIAN_POINT('Origin',(17.5,-32.,0.));
#7747=CARTESIAN_POINT('',(17.5,32.,23.));
#7748=CARTESIAN_POINT('',(17.5,32.,0.));
#7749=CARTESIAN_POINT('',(17.5,6.6625,23.));
#7750=CARTESIAN_POINT('',(17.5,-15.9999998807907,23.));
#7751=CARTESIAN_POINT('',(17.5,6.6625,18.));
#7752=CARTESIAN_POINT('',(17.5,6.6625,11.5));
#7753=CARTESIAN_POINT('',(17.5,-6.6625,18.));
#7754=CARTESIAN_POINT('',(17.5,-16.,18.));
#7755=CARTESIAN_POINT('',(17.5,-6.6625,23.));
#7756=CARTESIAN_POINT('',(17.5,-6.6625,11.5));
#7757=CARTESIAN_POINT('',(17.5,-32.,23.));
#7758=CARTESIAN_POINT('',(17.5,-15.9999998807907,23.));
#7759=CARTESIAN_POINT('',(17.5,-32.,0.));
#7760=CARTESIAN_POINT('Origin',(42.4999989382923,3.33125000000001,41.225));
#7761=CARTESIAN_POINT('',(39.9999989382923,6.66250000000001,41.225));
#7762=CARTESIAN_POINT('',(42.4999989382923,6.66250000000001,43.725));
#7763=CARTESIAN_POINT('Origin',(42.4999989382923,6.66250000000001,41.225));
#7764=CARTESIAN_POINT('',(42.4999989382923,-6.6625,43.725));
#7765=CARTESIAN_POINT('',(42.4999989382923,3.33125000000001,43.725));
#7766=CARTESIAN_POINT('',(39.9999989382923,-6.6625,41.225));
#7767=CARTESIAN_POINT('Origin',(42.4999989382923,-6.6625,41.225));
#7768=CARTESIAN_POINT('',(39.9999989382923,3.33125000000001,41.225));
#7769=CARTESIAN_POINT('Origin',(43.1874989382923,5.55111512312578E-15,43.725));
#7770=CARTESIAN_POINT('',(46.3749989382923,6.66250000000001,43.725));
#7771=CARTESIAN_POINT('',(30.3437494691461,6.66250000000001,43.725));
#7772=CARTESIAN_POINT('',(46.3749989382923,-6.6625,43.725));
#7773=CARTESIAN_POINT('',(46.3749989382923,-3.33125,43.725));
#7774=CARTESIAN_POINT('',(45.3437489382923,-6.6625,43.725));
#7775=CARTESIAN_POINT('Origin',(43.8749989382923,-3.33125,44.225));
#7776=CARTESIAN_POINT('',(46.3749989382923,6.66250000000001,44.225));
#7777=CARTESIAN_POINT('',(43.8749989382923,6.66250000000001,46.725));
#7778=CARTESIAN_POINT('Origin',(43.8749989382923,6.6625,44.225));
#7779=CARTESIAN_POINT('',(43.8749989382923,-6.6625,46.725));
#7780=CARTESIAN_POINT('',(43.8749989382923,-3.33125,46.725));
#7781=CARTESIAN_POINT('',(46.3749989382923,-6.6625,44.225));
#7782=CARTESIAN_POINT('Origin',(43.8749989382923,-6.6625,44.225));
#7783=CARTESIAN_POINT('',(46.3749989382923,-3.33125,44.225));
#7784=CARTESIAN_POINT('Origin',(41.6874989382923,5.55111512312578E-15,46.725));
#7785=CARTESIAN_POINT('',(39.4999989382923,6.66250000000001,46.725));
#7786=CARTESIAN_POINT('',(21.0000014528632,6.6625,46.725));
#7787=CARTESIAN_POINT('',(39.4999989382923,-6.6625,46.725));
#7788=CARTESIAN_POINT('',(39.4999989382923,3.33125000000001,46.725));
#7789=CARTESIAN_POINT('',(47.4999989382923,-6.6625,46.725));
#7790=CARTESIAN_POINT('Origin',(17.5,6.6625,23.));
#7791=CARTESIAN_POINT('',(46.3749989382923,6.66250000000001,36.725));
#7792=CARTESIAN_POINT('',(39.9999989382923,6.66250000000001,39.225));
#7793=CARTESIAN_POINT('',(39.9999989382923,6.66250000000001,29.8625));
#7794=CARTESIAN_POINT('',(42.4999989382923,6.66250000000001,36.725));
#7795=CARTESIAN_POINT('Origin',(42.4999989382923,6.66250000000001,39.225));
#7796=CARTESIAN_POINT('',(47.4999989382923,6.66250000000001,36.725));
#7797=CARTESIAN_POINT('',(23.7499994691461,6.6625,36.725));
#7798=CARTESIAN_POINT('',(47.5,6.66250000000001,18.));
#7799=CARTESIAN_POINT('',(47.5,6.66250000000001,11.5));
#7800=CARTESIAN_POINT('',(45.,6.66250000000001,20.5));
#7801=CARTESIAN_POINT('Origin',(45.,6.6625,18.));
#7802=CARTESIAN_POINT('',(20.,6.6625,20.5));
#7803=CARTESIAN_POINT('',(8.74999999999999,6.6625,20.5));
#7804=CARTESIAN_POINT('Origin',(20.,6.6625,18.));
#7805=CARTESIAN_POINT('',(21.0000014528632,6.6625,23.));
#7806=CARTESIAN_POINT('',(47.4999989382923,6.66250000000001,23.));
#7807=CARTESIAN_POINT('',(21.0000014528632,6.6625,36.725));
#7808=CARTESIAN_POINT('',(21.0000014528632,6.6625,23.));
#7809=CARTESIAN_POINT('',(33.8112079465553,6.66250000000001,36.725));
#7810=CARTESIAN_POINT('',(23.7499994691461,6.6625,36.725));
#7811=CARTESIAN_POINT('',(36.2892776982619,6.66250000000001,38.8945906997725));
#7812=CARTESIAN_POINT('Origin',(33.8112079465553,6.66250000000001,39.225));
#7813=CARTESIAN_POINT('',(36.9999989382923,6.66250000000001,44.225));
#7814=CARTESIAN_POINT('',(35.1894094279142,6.66250000000001,30.6455786721643));
#7815=CARTESIAN_POINT('Origin',(39.4999989382923,6.66250000000001,44.225));
#7816=CARTESIAN_POINT('Origin',(39.4999989382923,3.33125000000001,44.225));
#7817=CARTESIAN_POINT('',(36.9999989382923,-6.6625,44.225));
#7818=CARTESIAN_POINT('Origin',(39.4999989382923,-6.6625,44.225));
#7819=CARTESIAN_POINT('',(36.9999989382923,3.33125000000001,44.225));
#7820=CARTESIAN_POINT('Origin',(42.4999989382923,3.33125000000001,39.225));
#7821=CARTESIAN_POINT('',(39.9999989382923,-6.6625,39.225));
#7822=CARTESIAN_POINT('',(42.4999989382923,-6.6625,36.725));
#7823=CARTESIAN_POINT('Origin',(42.4999989382923,-6.6625,39.225));
#7824=CARTESIAN_POINT('',(42.4999989382923,3.33125000000001,36.725));
#7825=CARTESIAN_POINT('',(39.9999989382923,3.33125000000001,39.225));
#7826=CARTESIAN_POINT('Origin',(0.,2.22044604925031E-15,36.725));
#7827=CARTESIAN_POINT('',(47.4999989382923,-6.6625,36.725));
#7828=CARTESIAN_POINT('',(45.3437489382923,-6.6625,36.725));
#7829=CARTESIAN_POINT('',(47.5,23.75,36.725));
#7830=CARTESIAN_POINT('Origin',(33.8112079465553,1.66562500000001,39.225));
#7831=CARTESIAN_POINT('',(33.8112079465553,-6.6625,36.725));
#7832=CARTESIAN_POINT('',(33.8112079465553,1.66562500000001,36.725));
#7833=CARTESIAN_POINT('',(36.2892776982619,-6.6625,38.8945906997725));
#7834=CARTESIAN_POINT('Origin',(33.8112079465553,-6.6625,39.225));
#7835=CARTESIAN_POINT('',(36.2892776982619,1.66562500000001,38.8945906997725));
#7836=CARTESIAN_POINT('Origin',(0.,2.22044604925031E-15,36.725));
#7837=CARTESIAN_POINT('',(21.0000014528632,-6.6625,36.725));
#7838=CARTESIAN_POINT('',(21.0000014528632,3.33125,36.725));
#7839=CARTESIAN_POINT('',(10.5000007264316,-6.6625,36.725));
#7840=CARTESIAN_POINT('Origin',(-42.4999989382923,-3.33125,39.225));
#7841=CARTESIAN_POINT('',(-42.4999989382923,-6.66250000000001,36.725));
#7842=CARTESIAN_POINT('',(-39.9999989382923,-6.6625,39.225));
#7843=CARTESIAN_POINT('Origin',(-42.4999989382923,-6.6625,39.225));
#7844=CARTESIAN_POINT('',(-39.9999989382923,6.6625,39.225));
#7845=CARTESIAN_POINT('',(-39.9999989382923,-3.33125,39.225));
#7846=CARTESIAN_POINT('',(-42.4999989382923,6.6625,36.725));
#7847=CARTESIAN_POINT('Origin',(-42.4999989382923,6.6625,39.225));
#7848=CARTESIAN_POINT('',(-42.4999989382923,-3.33125,36.725));
#7849=CARTESIAN_POINT('Origin',(-39.9999989382923,-6.66250000000001,36.725));
#7850=CARTESIAN_POINT('',(-39.9999989382923,-6.6625,41.225));
#7851=CARTESIAN_POINT('',(-39.9999989382923,-6.6625,29.8625));
#7852=CARTESIAN_POINT('',(-39.9999989382923,6.6625,41.225));
#7853=CARTESIAN_POINT('',(-39.9999989382923,-3.33125,41.225));
#7854=CARTESIAN_POINT('',(-39.9999989382923,6.6625,29.8625));
#7855=CARTESIAN_POINT('Origin',(-42.4999989382923,-3.33125,41.225));
#7856=CARTESIAN_POINT('',(-42.4999989382923,-6.6625,43.725));
#7857=CARTESIAN_POINT('Origin',(-42.4999989382923,-6.6625,41.225));
#7858=CARTESIAN_POINT('',(-42.4999989382923,6.6625,43.725));
#7859=CARTESIAN_POINT('',(-42.4999989382923,-3.33125,43.725));
#7860=CARTESIAN_POINT('Origin',(-42.4999989382923,6.6625,41.225));
#7861=CARTESIAN_POINT('Origin',(-43.1874989382923,-2.22044604925031E-15,
43.725));
#7862=CARTESIAN_POINT('',(-46.3749989382923,-6.66250000000001,43.725));
#7863=CARTESIAN_POINT('',(-30.3437494691461,-6.6625,43.725));
#7864=CARTESIAN_POINT('',(-46.3749989382923,6.6625,43.725));
#7865=CARTESIAN_POINT('',(-46.3749989382923,3.33125,43.725));
#7866=CARTESIAN_POINT('',(-45.3437489382923,6.6625,43.725));
#7867=CARTESIAN_POINT('Origin',(-43.8749989382923,3.33125,44.225));
#7868=CARTESIAN_POINT('',(-46.3749989382923,-6.66250000000001,44.225));
#7869=CARTESIAN_POINT('',(-43.8749989382923,-6.6625,46.725));
#7870=CARTESIAN_POINT('Origin',(-43.8749989382923,-6.6625,44.225));
#7871=CARTESIAN_POINT('',(-43.8749989382923,6.6625,46.725));
#7872=CARTESIAN_POINT('',(-43.8749989382923,3.33125,46.725));
#7873=CARTESIAN_POINT('',(-46.3749989382923,6.6625,44.225));
#7874=CARTESIAN_POINT('Origin',(-43.8749989382923,6.6625,44.225));
#7875=CARTESIAN_POINT('',(-46.3749989382923,3.33125,44.225));
#7876=CARTESIAN_POINT('Origin',(-41.6874989382923,-2.22044604925031E-15,
46.725));
#7877=CARTESIAN_POINT('',(-39.4999989382923,-6.6625,46.725));
#7878=CARTESIAN_POINT('',(-21.0000014528632,-6.6625,46.725));
#7879=CARTESIAN_POINT('',(-39.4999989382923,6.6625,46.725));
#7880=CARTESIAN_POINT('',(-39.4999989382923,-3.33125,46.725));
#7881=CARTESIAN_POINT('',(-47.4999989382923,6.6625,46.725));
#7882=CARTESIAN_POINT('Origin',(-17.5,-6.6625,23.));
#7883=CARTESIAN_POINT('',(-46.3749989382923,-6.66250000000001,36.725));
#7884=CARTESIAN_POINT('',(-47.4999989382923,-6.66250000000001,36.725));
#7885=CARTESIAN_POINT('',(-23.7499994691461,-6.6625,36.725));
#7886=CARTESIAN_POINT('',(-47.5,-6.66250000000001,18.));
#7887=CARTESIAN_POINT('',(-47.5,-6.6625,11.5));
#7888=CARTESIAN_POINT('',(-45.,-6.66250000000001,20.5));
#7889=CARTESIAN_POINT('Origin',(-45.,-6.6625,18.));
#7890=CARTESIAN_POINT('',(-20.,-6.6625,20.5));
#7891=CARTESIAN_POINT('',(-8.75,-6.6625,20.5));
#7892=CARTESIAN_POINT('Origin',(-20.,-6.6625,18.));
#7893=CARTESIAN_POINT('',(-21.0000014528632,-6.6625,23.));
#7894=CARTESIAN_POINT('',(-47.4999989382923,-6.66250000000001,23.));
#7895=CARTESIAN_POINT('',(-21.0000014528632,-6.6625,36.725));
#7896=CARTESIAN_POINT('',(-21.0000014528632,-6.6625,23.));
#7897=CARTESIAN_POINT('',(-33.8112079465553,-6.6625,36.725));
#7898=CARTESIAN_POINT('',(-23.7499994691461,-6.6625,36.725));
#7899=CARTESIAN_POINT('',(-36.2892776982619,-6.6625,38.8945906997725));
#7900=CARTESIAN_POINT('Origin',(-33.8112079465553,-6.6625,39.225));
#7901=CARTESIAN_POINT('',(-36.9999989382923,-6.6625,44.225));
#7902=CARTESIAN_POINT('',(-35.1894094279142,-6.6625,30.6455786721643));
#7903=CARTESIAN_POINT('Origin',(-39.4999989382923,-6.6625,44.225));
#7904=CARTESIAN_POINT('Origin',(-33.8112079465553,-1.665625,39.225));
#7905=CARTESIAN_POINT('',(-33.8112079465553,6.6625,36.725));
#7906=CARTESIAN_POINT('',(-33.8112079465553,-1.665625,36.725));
#7907=CARTESIAN_POINT('',(-36.2892776982619,6.6625,38.8945906997725));
#7908=CARTESIAN_POINT('Origin',(-33.8112079465553,6.6625,39.225));
#7909=CARTESIAN_POINT('',(-36.2892776982619,-1.665625,38.8945906997725));
#7910=CARTESIAN_POINT('Origin',(0.,2.22044604925031E-15,36.725));
#7911=CARTESIAN_POINT('',(-21.0000014528632,6.6625,36.725));
#7912=CARTESIAN_POINT('',(-21.0000014528632,-3.33125,36.725));
#7913=CARTESIAN_POINT('',(-10.5000007264316,6.6625,36.725));
#7914=CARTESIAN_POINT('Origin',(-39.4999989382923,-3.33125,44.225));
#7915=CARTESIAN_POINT('',(-36.9999989382923,6.6625,44.225));
#7916=CARTESIAN_POINT('Origin',(-39.4999989382923,6.6625,44.225));
#7917=CARTESIAN_POINT('',(-36.9999989382923,-3.33125,44.225));
#7918=CARTESIAN_POINT('Origin',(-47.4999989382923,6.6625,23.));
#7919=CARTESIAN_POINT('',(-35.4514181522661,6.6625,32.6106441048035));
#7920=CARTESIAN_POINT('',(-21.0000014528632,6.6625,23.));
#7921=CARTESIAN_POINT('',(-21.0000014528632,6.6625,23.));
#7922=CARTESIAN_POINT('',(-47.4999989382923,6.6625,23.));
#7923=CARTESIAN_POINT('',(-20.,6.6625,20.5));
#7924=CARTESIAN_POINT('Origin',(-20.,6.66250000000001,18.));
#7925=CARTESIAN_POINT('',(-45.,6.6625,20.5));
#7926=CARTESIAN_POINT('',(-23.7499994691461,6.6625,20.5));
#7927=CARTESIAN_POINT('',(-47.5,6.6625,18.));
#7928=CARTESIAN_POINT('Origin',(-45.,6.6625,18.));
#7929=CARTESIAN_POINT('',(-47.4999989382923,6.6625,36.725));
#7930=CARTESIAN_POINT('',(-47.5,6.6625,11.5));
#7931=CARTESIAN_POINT('',(-45.3437489382923,6.6625,36.725));
#7932=CARTESIAN_POINT('',(-46.3749989382923,6.6625,36.725));
#7933=CARTESIAN_POINT('Origin',(20.,-16.,18.));
#7934=CARTESIAN_POINT('',(20.,-6.6625,20.5));
#7935=CARTESIAN_POINT('',(20.,-16.,20.5));
#7936=CARTESIAN_POINT('Origin',(20.,-6.6625,18.));
#7937=CARTESIAN_POINT('Origin',(0.,2.22044604925031E-15,20.5));
#7938=CARTESIAN_POINT('',(45.,-6.6625,20.5));
#7939=CARTESIAN_POINT('',(45.,23.75,20.5));
#7940=CARTESIAN_POINT('',(23.7499994691461,-6.6625,20.5));
#7941=CARTESIAN_POINT('Origin',(45.,23.75,18.));
#7942=CARTESIAN_POINT('',(47.5,-6.6625,18.));
#7943=CARTESIAN_POINT('Origin',(45.,-6.6625,18.));
#7944=CARTESIAN_POINT('',(47.5,23.75,18.));
#7945=CARTESIAN_POINT('Origin',(-20.,16.,18.));
#7946=CARTESIAN_POINT('',(-20.,16.,20.5));
#7947=CARTESIAN_POINT('Origin',(0.,2.22044604925031E-15,20.5));
#7948=CARTESIAN_POINT('',(-45.,-23.75,20.5));
#7949=CARTESIAN_POINT('Origin',(-45.,-23.75,18.));
#7950=CARTESIAN_POINT('',(-47.5,-23.75,18.));
#7951=CARTESIAN_POINT('Origin',(45.,-45.,2.5));
#7952=CARTESIAN_POINT('',(47.5,-45.,2.5));
#7953=CARTESIAN_POINT('',(45.,-47.5,2.5));
#7954=CARTESIAN_POINT('Origin',(45.,-45.,2.5));
#7955=CARTESIAN_POINT('',(45.,-45.,0.));
#7956=CARTESIAN_POINT('Origin',(45.,-45.,2.5));
#7957=CARTESIAN_POINT('Origin',(45.,-45.,2.5));
#7958=CARTESIAN_POINT('Origin',(45.,23.75,2.5));
#7959=CARTESIAN_POINT('',(45.,47.5,0.));
#7960=CARTESIAN_POINT('',(47.5,47.5,2.5));
#7961=CARTESIAN_POINT('Origin',(45.,47.5,2.5));
#7962=CARTESIAN_POINT('',(45.,23.75,0.));
#7963=CARTESIAN_POINT('',(47.5,23.75,2.5));
#7964=CARTESIAN_POINT('Origin',(-45.,-45.,2.5));
#7965=CARTESIAN_POINT('',(-45.,-45.,0.));
#7966=CARTESIAN_POINT('',(-45.,-47.5,2.5));
#7967=CARTESIAN_POINT('Origin',(-45.,-45.,2.5));
#7968=CARTESIAN_POINT('',(-47.5,-45.,2.5));
#7969=CARTESIAN_POINT('Origin',(-45.,-45.,2.5));
#7970=CARTESIAN_POINT('Origin',(-45.,-45.,2.5));
#7971=CARTESIAN_POINT('Origin',(-45.,-23.75,2.5));
#7972=CARTESIAN_POINT('',(-47.5,47.5,2.5));
#7973=CARTESIAN_POINT('',(-45.,47.5,0.));
#7974=CARTESIAN_POINT('Origin',(-45.,47.5,2.5));
#7975=CARTESIAN_POINT('',(-47.5,-23.75,2.5));
#7976=CARTESIAN_POINT('',(-45.,-23.75,0.));
#7977=CARTESIAN_POINT('Origin',(-45.,-45.,0.));
#7978=CARTESIAN_POINT('',(-47.5,-45.,90.));
#7979=CARTESIAN_POINT('',(-45.,-47.5,90.));
#7980=CARTESIAN_POINT('Origin',(-45.,-45.,90.));
#7981=CARTESIAN_POINT('',(-45.,-47.5,0.));
#7982=CARTESIAN_POINT('',(-47.5,-45.,0.));
#7983=CARTESIAN_POINT('Origin',(23.75,-45.,2.5));
#7984=CARTESIAN_POINT('',(23.75,-45.,0.));
#7985=CARTESIAN_POINT('',(23.75,-47.5,2.5));
#7986=CARTESIAN_POINT('Origin',(45.,-45.,0.));
#7987=CARTESIAN_POINT('',(45.,-47.5,90.));
#7988=CARTESIAN_POINT('',(47.5,-45.,90.));
#7989=CARTESIAN_POINT('Origin',(45.,-45.,90.));
#7990=CARTESIAN_POINT('',(47.5,-45.,0.));
#7991=CARTESIAN_POINT('',(45.,-47.5,0.));
#7992=CARTESIAN_POINT('Origin',(0.,0.,0.));
#7993=CARTESIAN_POINT('',(32.5,47.5,0.));
#7994=CARTESIAN_POINT('',(-23.75,47.5,0.));
#7995=CARTESIAN_POINT('',(32.5,50.,0.));
#7996=CARTESIAN_POINT('',(32.5,23.75,0.));
#7997=CARTESIAN_POINT('',(-32.5,50.,0.));
#7998=CARTESIAN_POINT('',(-3.75,50.,0.));
#7999=CARTESIAN_POINT('',(-32.5,47.5,0.));
#8000=CARTESIAN_POINT('',(-32.5,23.75,0.));
#8001=CARTESIAN_POINT('',(-23.75,47.5,0.));
#8002=CARTESIAN_POINT('',(-7.75,32.,0.));
#8003=CARTESIAN_POINT('',(-8.74999999999999,-32.,0.));
#8004=CARTESIAN_POINT('',(38.,31.,0.));
#8005=CARTESIAN_POINT('',(38.,36.5,0.));
#8006=CARTESIAN_POINT('',(38.,18.25,0.));
#8007=CARTESIAN_POINT('',(27.,31.,0.));
#8008=CARTESIAN_POINT('',(16.25,31.,0.));
#8009=CARTESIAN_POINT('',(27.,36.5,0.));
#8010=CARTESIAN_POINT('',(27.,20.75,0.));
#8011=CARTESIAN_POINT('',(22.5,36.5,0.));
#8012=CARTESIAN_POINT('',(13.75,36.5,0.));
#8013=CARTESIAN_POINT('',(22.5,41.5,0.));
#8014=CARTESIAN_POINT('',(22.5,18.25,0.));
#8015=CARTESIAN_POINT('',(27.5,41.5,0.));
#8016=CARTESIAN_POINT('',(11.25,41.5,0.));
#8017=CARTESIAN_POINT('',(37.5,41.5,0.));
#8018=CARTESIAN_POINT('',(16.25,41.5,0.));
#8019=CARTESIAN_POINT('',(42.5,41.5,0.));
#8020=CARTESIAN_POINT('',(18.75,41.5,0.));
#8021=CARTESIAN_POINT('',(42.5,36.5,0.));
#8022=CARTESIAN_POINT('',(42.5,20.75,0.));
#8023=CARTESIAN_POINT('',(21.25,36.5,0.));
#8024=CARTESIAN_POINT('Origin',(-47.5,47.5,0.));
#8025=CARTESIAN_POINT('',(-42.5,47.5,10.));
#8026=CARTESIAN_POINT('Origin',(-32.5,47.5,10.));
#8027=CARTESIAN_POINT('',(-42.5,47.5,42.5));
#8028=CARTESIAN_POINT('',(-42.5,47.5,0.));
#8029=CARTESIAN_POINT('Origin',(-32.5,47.5,42.5));
#8030=CARTESIAN_POINT('',(-35.,47.5,62.5));
#8031=CARTESIAN_POINT('',(-35.,47.5,55.));
#8032=CARTESIAN_POINT('',(-27.5,47.5,62.5));
#8033=CARTESIAN_POINT('',(-23.75,47.5,62.5));
#8034=CARTESIAN_POINT('',(-27.5,47.5,55.));
#8035=CARTESIAN_POINT('',(27.5,47.5,62.5));
#8036=CARTESIAN_POINT('',(27.5,47.5,55.));
#8037=CARTESIAN_POINT('',(35.,47.5,62.5));
#8038=CARTESIAN_POINT('',(-23.75,47.5,62.5));
#8039=CARTESIAN_POINT('',(35.,47.5,55.));
#8040=CARTESIAN_POINT('',(42.5,47.5,42.5));
#8041=CARTESIAN_POINT('Origin',(32.5,47.5,42.5));
#8042=CARTESIAN_POINT('',(42.5,47.5,10.));
#8043=CARTESIAN_POINT('',(42.5,47.5,26.25));
#8044=CARTESIAN_POINT('Origin',(32.5,47.5,10.));
#8045=CARTESIAN_POINT('',(47.5,47.5,90.));
#8046=CARTESIAN_POINT('',(47.5,47.5,0.));
#8047=CARTESIAN_POINT('',(-47.5,47.5,90.));
#8048=CARTESIAN_POINT('',(-23.75,47.5,90.));
#8049=CARTESIAN_POINT('',(-47.5,47.5,0.));
#8050=CARTESIAN_POINT('Origin',(47.5,47.5,0.));
#8051=CARTESIAN_POINT('',(47.5,23.75,90.));
#8052=CARTESIAN_POINT('',(47.5,35.,62.5));
#8053=CARTESIAN_POINT('',(47.5,35.,55.));
#8054=CARTESIAN_POINT('',(47.5,27.5,62.5));
#8055=CARTESIAN_POINT('',(47.5,23.75,62.5));
#8056=CARTESIAN_POINT('',(47.5,27.5,55.));
#8057=CARTESIAN_POINT('',(47.5,-27.5,62.5));
#8058=CARTESIAN_POINT('',(47.5,-27.5,55.));
#8059=CARTESIAN_POINT('',(47.5,-35.,62.5));
#8060=CARTESIAN_POINT('',(47.5,23.75,62.5));
#8061=CARTESIAN_POINT('',(47.5,-35.,55.));
#8062=CARTESIAN_POINT('',(47.5,-6.6625,11.5));
#8063=CARTESIAN_POINT('Origin',(47.5,25.,0.));
#8064=CARTESIAN_POINT('',(50.,50.,0.));
#8065=CARTESIAN_POINT('Origin',(47.5,50.,0.));
#8066=CARTESIAN_POINT('',(50.,-45.,0.));
#8067=CARTESIAN_POINT('',(50.,25.,0.));
#8068=CARTESIAN_POINT('Origin',(47.5,-45.,0.));
#8069=CARTESIAN_POINT('Ctrl Pts',(45.,-47.5,-2.5));
#8070=CARTESIAN_POINT('Ctrl Pts',(47.5,-47.5,-2.5));
#8071=CARTESIAN_POINT('Ctrl Pts',(47.5,-45.,-2.5));
#8072=CARTESIAN_POINT('Ctrl Pts',(45.,-50.,-2.5));
#8073=CARTESIAN_POINT('Ctrl Pts',(50.,-50.,-2.5));
#8074=CARTESIAN_POINT('Ctrl Pts',(50.,-45.,-2.5));
#8075=CARTESIAN_POINT('Ctrl Pts',(45.,-50.,0.));
#8076=CARTESIAN_POINT('Ctrl Pts',(50.,-50.,0.));
#8077=CARTESIAN_POINT('Ctrl Pts',(50.,-45.,0.));
#8078=CARTESIAN_POINT('',(45.,-50.,0.));
#8079=CARTESIAN_POINT('Origin',(45.,-47.5,0.));
#8080=CARTESIAN_POINT('Origin',(45.,-45.,0.));
#8081=CARTESIAN_POINT('Origin',(25.,-47.5,0.));
#8082=CARTESIAN_POINT('',(-45.,-50.,0.));
#8083=CARTESIAN_POINT('',(25.,-50.,0.));
#8084=CARTESIAN_POINT('Origin',(-45.,-47.5,0.));
#8085=CARTESIAN_POINT('Ctrl Pts',(-47.5,-45.,-2.5));
#8086=CARTESIAN_POINT('Ctrl Pts',(-47.5,-47.5,-2.5));
#8087=CARTESIAN_POINT('Ctrl Pts',(-45.,-47.5,-2.5));
#8088=CARTESIAN_POINT('Ctrl Pts',(-50.,-45.,-2.5));
#8089=CARTESIAN_POINT('Ctrl Pts',(-50.,-50.,-2.5));
#8090=CARTESIAN_POINT('Ctrl Pts',(-45.,-50.,-2.5));
#8091=CARTESIAN_POINT('Ctrl Pts',(-50.,-45.,0.));
#8092=CARTESIAN_POINT('Ctrl Pts',(-50.,-50.,0.));
#8093=CARTESIAN_POINT('Ctrl Pts',(-45.,-50.,0.));
#8094=CARTESIAN_POINT('',(-50.,-45.,0.));
#8095=CARTESIAN_POINT('Origin',(-47.5,-45.,0.));
#8096=CARTESIAN_POINT('Origin',(-45.,-45.,0.));
#8097=CARTESIAN_POINT('Origin',(-47.5,-25.,0.));
#8098=CARTESIAN_POINT('',(-50.,50.,0.));
#8099=CARTESIAN_POINT('Origin',(-47.5,50.,0.));
#8100=CARTESIAN_POINT('',(-50.,-25.,0.));
#8101=CARTESIAN_POINT('Origin',(-50.,-50.,0.));
#8102=CARTESIAN_POINT('',(-50.,-45.,90.));
#8103=CARTESIAN_POINT('',(-50.,-45.,0.));
#8104=CARTESIAN_POINT('',(-50.,50.,90.));
#8105=CARTESIAN_POINT('',(-50.,25.,90.));
#8106=CARTESIAN_POINT('',(-50.,50.,0.));
#8107=CARTESIAN_POINT('',(-50.,-1.16341445918998E-15,38.5625));
#8108=CARTESIAN_POINT('Origin',(-50.,0.,29.0625));
#8109=CARTESIAN_POINT('Origin',(-45.,-45.,0.));
#8110=CARTESIAN_POINT('',(-45.,-50.,90.));
#8111=CARTESIAN_POINT('',(-45.,-50.,0.));
#8112=CARTESIAN_POINT('Origin',(-45.,-45.,90.));
#8113=CARTESIAN_POINT('Origin',(50.,-50.,0.));
#8114=CARTESIAN_POINT('',(45.,-50.,90.));
#8115=CARTESIAN_POINT('',(45.,-50.,0.));
#8116=CARTESIAN_POINT('',(-25.,-50.,90.));
#8117=CARTESIAN_POINT('Origin',(45.,-45.,0.));
#8118=CARTESIAN_POINT('',(50.,-45.,90.));
#8119=CARTESIAN_POINT('',(50.,-45.,0.));
#8120=CARTESIAN_POINT('Origin',(45.,-45.,90.));
#8121=CARTESIAN_POINT('Origin',(-50.,50.,0.));
#8122=CARTESIAN_POINT('',(50.,50.,90.));
#8123=CARTESIAN_POINT('',(25.,50.,90.));
#8124=CARTESIAN_POINT('',(50.,50.,0.));
#8125=CARTESIAN_POINT('',(-42.5,50.,42.5));
#8126=CARTESIAN_POINT('Origin',(-32.5,50.,42.5));
#8127=CARTESIAN_POINT('',(-42.5,50.,10.));
#8128=CARTESIAN_POINT('',(-42.5,50.,0.));
#8129=CARTESIAN_POINT('Origin',(-32.5,50.,10.));
#8130=CARTESIAN_POINT('',(42.5,50.,10.));
#8131=CARTESIAN_POINT('Origin',(32.5,50.,10.));
#8132=CARTESIAN_POINT('',(42.5,50.,42.5));
#8133=CARTESIAN_POINT('',(42.5,50.,26.25));
#8134=CARTESIAN_POINT('Origin',(32.5,50.,42.5));
#8135=CARTESIAN_POINT('Origin',(50.,50.,0.));
#8136=CARTESIAN_POINT('',(50.,-25.,90.));
#8137=CARTESIAN_POINT('',(50.,-1.16341445918999E-15,19.5625));
#8138=CARTESIAN_POINT('Origin',(50.,0.,29.0625));
#8139=CARTESIAN_POINT('Origin',(-41.,-36.8229217479687,55.));
#8140=CARTESIAN_POINT('',(-41.,-28.5857196806223,62.5));
#8141=CARTESIAN_POINT('',(-41.,-36.8229217479687,62.5));
#8142=CARTESIAN_POINT('',(-41.,-18.4114608739843,62.5));
#8143=CARTESIAN_POINT('',(-41.,-36.8229217479687,55.));
#8144=CARTESIAN_POINT('',(-41.,-36.8229217479687,55.));
#8145=CARTESIAN_POINT('',(-41.,-28.5857196806223,55.));
#8146=CARTESIAN_POINT('',(-41.,-18.4114608739843,55.));
#8147=CARTESIAN_POINT('',(-41.,-28.5857196806223,55.));
#8148=CARTESIAN_POINT('Origin',(0.,0.,62.5));
#8149=CARTESIAN_POINT('',(-47.5,-35.,62.5));
#8150=CARTESIAN_POINT('Origin',(-47.5,-47.5,62.5));
#8151=CARTESIAN_POINT('',(-47.5,-27.5,62.5));
#8152=CARTESIAN_POINT('Origin',(-47.5,-47.5,62.5));
#8153=CARTESIAN_POINT('',(-47.5,-23.75,62.5));
#8154=CARTESIAN_POINT('Origin',(-47.5,-47.5,0.));
#8155=CARTESIAN_POINT('',(-47.5,-23.75,90.));
#8156=CARTESIAN_POINT('',(-47.5,27.5,62.5));
#8157=CARTESIAN_POINT('',(-47.5,27.5,55.));
#8158=CARTESIAN_POINT('',(-47.5,35.,62.5));
#8159=CARTESIAN_POINT('',(-47.5,-23.75,62.5));
#8160=CARTESIAN_POINT('',(-47.5,35.,55.));
#8161=CARTESIAN_POINT('',(-47.5,-35.,55.));
#8162=CARTESIAN_POINT('',(-47.5,-27.5,55.));
#8163=CARTESIAN_POINT('',(-47.5,-23.75,36.725));
#8164=CARTESIAN_POINT('Origin',(-41.,28.5857196806223,55.));
#8165=CARTESIAN_POINT('',(-41.,36.8229217479687,62.5));
#8166=CARTESIAN_POINT('',(-41.,28.5857196806223,62.5));
#8167=CARTESIAN_POINT('',(-41.,14.2928598403111,62.5));
#8168=CARTESIAN_POINT('',(-41.,28.5857196806223,55.));
#8169=CARTESIAN_POINT('',(-41.,28.5857196806223,55.));
#8170=CARTESIAN_POINT('',(-41.,36.8229217479687,55.));
#8171=CARTESIAN_POINT('',(-41.,14.2928598403111,55.));
#8172=CARTESIAN_POINT('',(-41.,36.8229217479687,55.));
#8173=CARTESIAN_POINT('Origin',(0.,0.,62.5));
#8174=CARTESIAN_POINT('Origin',(-47.5,47.5,62.5));
#8175=CARTESIAN_POINT('Origin',(-47.5,47.5,62.5));
#8176=CARTESIAN_POINT('Origin',(0.,0.,55.));
#8177=CARTESIAN_POINT('',(-36.5341439002693,-41.5,55.));
#8178=CARTESIAN_POINT('Origin',(-47.5,-47.5,55.));
#8179=CARTESIAN_POINT('',(-28.4212159716611,-41.5,55.));
#8180=CARTESIAN_POINT('',(-14.2106079858305,-41.5,55.));
#8181=CARTESIAN_POINT('',(28.4212159716611,-41.5,55.));
#8182=CARTESIAN_POINT('',(41.,-41.5,55.));
#8183=CARTESIAN_POINT('',(36.5341439002693,-41.5,55.));
#8184=CARTESIAN_POINT('',(18.2670719501347,-41.5,55.));
#8185=CARTESIAN_POINT('',(41.,-36.8229217479687,55.));
#8186=CARTESIAN_POINT('Origin',(47.5,-47.5,55.));
#8187=CARTESIAN_POINT('',(41.,-28.5857196806223,55.));
#8188=CARTESIAN_POINT('',(41.,-14.2928598403111,55.));
#8189=CARTESIAN_POINT('',(41.,28.5857196806223,55.));
#8190=CARTESIAN_POINT('',(41.,41.5,55.));
#8191=CARTESIAN_POINT('',(41.,36.8229217479687,55.));
#8192=CARTESIAN_POINT('',(41.,18.4114608739843,55.));
#8193=CARTESIAN_POINT('',(36.5341439002693,41.5,55.));
#8194=CARTESIAN_POINT('Origin',(47.5,47.5,55.));
#8195=CARTESIAN_POINT('',(28.4212159716611,41.5,55.));
#8196=CARTESIAN_POINT('',(14.2106079858305,41.5,55.));
#8197=CARTESIAN_POINT('',(-28.4212159716611,41.5,55.));
#8198=CARTESIAN_POINT('',(-41.,41.5,55.));
#8199=CARTESIAN_POINT('',(-36.5341439002693,41.5,55.));
#8200=CARTESIAN_POINT('',(-18.2670719501347,41.5,55.));
#8201=CARTESIAN_POINT('Origin',(-47.5,47.5,55.));
#8202=CARTESIAN_POINT('',(-41.,-41.5,55.));
#8203=CARTESIAN_POINT('Origin',(41.,36.8229217479687,55.));
#8204=CARTESIAN_POINT('',(41.,28.5857196806223,62.5));
#8205=CARTESIAN_POINT('',(41.,36.8229217479687,62.5));
#8206=CARTESIAN_POINT('',(41.,18.4114608739843,62.5));
#8207=CARTESIAN_POINT('',(41.,36.8229217479687,55.));
#8208=CARTESIAN_POINT('',(41.,28.5857196806223,55.));
#8209=CARTESIAN_POINT('Origin',(0.,0.,62.5));
#8210=CARTESIAN_POINT('Origin',(47.5,47.5,62.5));
#8211=CARTESIAN_POINT('Origin',(47.5,47.5,62.5));
#8212=CARTESIAN_POINT('Origin',(41.,-28.5857196806223,55.));
#8213=CARTESIAN_POINT('',(41.,-36.8229217479687,62.5));
#8214=CARTESIAN_POINT('',(41.,-28.5857196806223,62.5));
#8215=CARTESIAN_POINT('',(41.,-14.2928598403111,62.5));
#8216=CARTESIAN_POINT('',(41.,-28.5857196806223,55.));
#8217=CARTESIAN_POINT('',(41.,-36.8229217479687,55.));
#8218=CARTESIAN_POINT('Origin',(0.,0.,62.5));
#8219=CARTESIAN_POINT('Origin',(47.5,-47.5,62.5));
#8220=CARTESIAN_POINT('Origin',(47.5,-47.5,62.5));
#8221=CARTESIAN_POINT('Origin',(-28.4212159716611,-41.5,55.));
#8222=CARTESIAN_POINT('',(-36.5341439002693,-41.5,62.5));
#8223=CARTESIAN_POINT('',(-28.4212159716611,-41.5,62.5));
#8224=CARTESIAN_POINT('',(-14.2106079858305,-41.5,62.5));
#8225=CARTESIAN_POINT('',(-28.4212159716611,-41.5,55.));
#8226=CARTESIAN_POINT('',(-36.5341439002693,-41.5,55.));
#8227=CARTESIAN_POINT('Origin',(0.,0.,62.5));
#8228=CARTESIAN_POINT('',(-27.5,-47.5,62.5));
#8229=CARTESIAN_POINT('',(-35.,-47.5,62.5));
#8230=CARTESIAN_POINT('',(23.75,-47.5,62.5));
#8231=CARTESIAN_POINT('Origin',(-47.5,-47.5,62.5));
#8232=CARTESIAN_POINT('Origin',(-47.5,-47.5,62.5));
#8233=CARTESIAN_POINT('Origin',(47.5,-47.5,0.));
#8234=CARTESIAN_POINT('',(23.75,-47.5,90.));
#8235=CARTESIAN_POINT('',(-27.5,-47.5,55.));
#8236=CARTESIAN_POINT('',(-35.,-47.5,55.));
#8237=CARTESIAN_POINT('',(35.,-47.5,62.5));
#8238=CARTESIAN_POINT('',(35.,-47.5,55.));
#8239=CARTESIAN_POINT('',(27.5,-47.5,62.5));
#8240=CARTESIAN_POINT('',(23.75,-47.5,62.5));
#8241=CARTESIAN_POINT('',(27.5,-47.5,55.));
#8242=CARTESIAN_POINT('Origin',(-36.5341439002693,41.5,55.));
#8243=CARTESIAN_POINT('',(-28.4212159716611,41.5,62.5));
#8244=CARTESIAN_POINT('',(-36.5341439002693,41.5,62.5));
#8245=CARTESIAN_POINT('',(-18.2670719501347,41.5,62.5));
#8246=CARTESIAN_POINT('',(-36.5341439002693,41.5,55.));
#8247=CARTESIAN_POINT('',(-28.4212159716611,41.5,55.));
#8248=CARTESIAN_POINT('Origin',(0.,0.,62.5));
#8249=CARTESIAN_POINT('Origin',(-47.5,47.5,62.5));
#8250=CARTESIAN_POINT('Origin',(-47.5,47.5,62.5));
#8251=CARTESIAN_POINT('Origin',(28.4212159716611,41.5,55.));
#8252=CARTESIAN_POINT('',(36.5341439002693,41.5,62.5));
#8253=CARTESIAN_POINT('',(28.4212159716611,41.5,62.5));
#8254=CARTESIAN_POINT('',(14.2106079858305,41.5,62.5));
#8255=CARTESIAN_POINT('',(28.4212159716611,41.5,55.));
#8256=CARTESIAN_POINT('',(36.5341439002693,41.5,55.));
#8257=CARTESIAN_POINT('Origin',(0.,0.,62.5));
#8258=CARTESIAN_POINT('Origin',(47.5,47.5,62.5));
#8259=CARTESIAN_POINT('Origin',(47.5,47.5,62.5));
#8260=CARTESIAN_POINT('Origin',(36.5341439002693,-41.5,55.));
#8261=CARTESIAN_POINT('',(28.4212159716611,-41.5,62.5));
#8262=CARTESIAN_POINT('',(36.5341439002693,-41.5,62.5));
#8263=CARTESIAN_POINT('',(18.2670719501347,-41.5,62.5));
#8264=CARTESIAN_POINT('',(36.5341439002693,-41.5,55.));
#8265=CARTESIAN_POINT('',(28.4212159716611,-41.5,55.));
#8266=CARTESIAN_POINT('Origin',(0.,0.,62.5));
#8267=CARTESIAN_POINT('Origin',(47.5,-47.5,62.5));
#8268=CARTESIAN_POINT('Origin',(47.5,-47.5,62.5));
#8269=CARTESIAN_POINT('Origin',(41.,28.5857196806223,55.));
#8270=CARTESIAN_POINT('',(41.,28.5857196806223,55.));
#8271=CARTESIAN_POINT('',(41.,-28.5857196806223,55.));
#8272=CARTESIAN_POINT('Origin',(47.5,47.5,55.));
#8273=CARTESIAN_POINT('Origin',(47.5,47.5,55.));
#8274=CARTESIAN_POINT('Origin',(47.5,47.5,55.));
#8275=CARTESIAN_POINT('',(28.4212159716611,41.5,55.));
#8276=CARTESIAN_POINT('Origin',(-28.4212159716611,41.5,55.));
#8277=CARTESIAN_POINT('',(-28.4212159716611,41.5,55.));
#8278=CARTESIAN_POINT('Origin',(-47.5,47.5,55.));
#8279=CARTESIAN_POINT('Origin',(-47.5,47.5,55.));
#8280=CARTESIAN_POINT('Origin',(-47.5,47.5,55.));
#8281=CARTESIAN_POINT('',(-41.,28.5857196806223,55.));
#8282=CARTESIAN_POINT('Origin',(-41.,-28.5857196806223,55.));
#8283=CARTESIAN_POINT('',(-41.,-28.5857196806223,55.));
#8284=CARTESIAN_POINT('Origin',(-47.5,-47.5,55.));
#8285=CARTESIAN_POINT('Origin',(-47.5,-47.5,55.));
#8286=CARTESIAN_POINT('Origin',(-47.5,-47.5,55.));
#8287=CARTESIAN_POINT('',(-28.4212159716611,-41.5,55.));
#8288=CARTESIAN_POINT('Origin',(28.4212159716611,-41.5,55.));
#8289=CARTESIAN_POINT('',(28.4212159716611,-41.5,55.));
#8290=CARTESIAN_POINT('Origin',(47.5,-47.5,55.));
#8291=CARTESIAN_POINT('Origin',(47.5,-47.5,55.));
#8292=CARTESIAN_POINT('Origin',(47.5,-47.5,55.));
#8293=CARTESIAN_POINT('Origin',(38.,18.25,0.5));
#8294=CARTESIAN_POINT('',(37.5,36.5,0.5));
#8295=CARTESIAN_POINT('Origin',(38.,36.5,0.5));
#8296=CARTESIAN_POINT('',(37.5,31.5,0.5));
#8297=CARTESIAN_POINT('',(37.5,18.25,0.5));
#8298=CARTESIAN_POINT('Origin',(38.,31.,0.5));
#8299=CARTESIAN_POINT('Origin',(27.,20.75,0.5));
#8300=CARTESIAN_POINT('',(27.5,31.5,0.5));
#8301=CARTESIAN_POINT('',(27.5,36.5,0.5));
#8302=CARTESIAN_POINT('',(27.5,20.75,0.5));
#8303=CARTESIAN_POINT('Origin',(27.,36.5,0.5));
#8304=CARTESIAN_POINT('Origin',(27.,31.,0.5));
#8305=CARTESIAN_POINT('Origin',(16.25,31.,0.5));
#8306=CARTESIAN_POINT('',(16.25,31.5,0.5));
#8307=CARTESIAN_POINT('Origin',(28.,41.5,2.51316701949486));
#8308=CARTESIAN_POINT('',(28.2142857142857,32.,2.96492097094748));
#8309=CARTESIAN_POINT('',(28.2142857142857,41.5,2.96492097094748));
#8310=CARTESIAN_POINT('',(28.2142857142857,41.5,2.96492097094748));
#8311=CARTESIAN_POINT('',(27.5,41.5,2.51316701949486));
#8312=CARTESIAN_POINT('Origin',(28.,41.5,2.51316701949486));
#8313=CARTESIAN_POINT('',(27.5,31.5,2.51316701949486));
#8314=CARTESIAN_POINT('',(27.5,41.5,2.51316701949486));
#8315=CARTESIAN_POINT('',(27.5534761556884,31.5,2.73814803305206));
#8316=CARTESIAN_POINT('Origin',(28.,31.5,2.51316701949486));
#8317=CARTESIAN_POINT('Ctrl Pts',(27.5534761556884,31.5,2.73814803305206));
#8318=CARTESIAN_POINT('Ctrl Pts',(27.5744633543013,31.5,2.77980170176735));
#8319=CARTESIAN_POINT('Ctrl Pts',(27.6007896151584,31.5065178299617,2.81756498574627));
#8320=CARTESIAN_POINT('Ctrl Pts',(27.6656646586896,31.5328049327417,2.88843594783444));
#8321=CARTESIAN_POINT('Ctrl Pts',(27.7041235253389,31.5537150089948,2.91890419741759));
#8322=CARTESIAN_POINT('Ctrl Pts',(27.7974825076788,31.6131541047087,2.97452082765778));
#8323=CARTESIAN_POINT('Ctrl Pts',(27.8531723633088,31.654957287073,2.99428698631119));
#8324=CARTESIAN_POINT('Ctrl Pts',(27.9604277816515,31.7439571593301,3.01452155887972));
#8325=CARTESIAN_POINT('Ctrl Pts',(28.012851080316,31.7916838962609,3.01551315164821));
#8326=CARTESIAN_POINT('Ctrl Pts',(28.1148741278394,31.8914056893982,3.00263362638634));
#8327=CARTESIAN_POINT('Ctrl Pts',(28.1650350361991,31.9443016836892,2.98792224872921));
#8328=CARTESIAN_POINT('Ctrl Pts',(28.2124277139365,31.9978943261211,2.965798792631));
#8329=CARTESIAN_POINT('Ctrl Pts',(28.2133573940918,31.9989471645692,2.96536131187908));
#8330=CARTESIAN_POINT('Ctrl Pts',(28.2142857142857,32.,2.96492097094748));
#8331=CARTESIAN_POINT('Origin',(37.,41.5,2.51316701949486));
#8332=CARTESIAN_POINT('',(37.5,31.5,2.51316701949486));
#8333=CARTESIAN_POINT('',(37.5,41.5,2.51316701949486));
#8334=CARTESIAN_POINT('',(37.5,41.5,2.51316701949486));
#8335=CARTESIAN_POINT('',(36.7857142857143,41.5,2.96492097094748));
#8336=CARTESIAN_POINT('Origin',(37.,41.5,2.51316701949486));
#8337=CARTESIAN_POINT('',(36.7857142857143,32.,2.96492097094748));
#8338=CARTESIAN_POINT('',(36.7857142857143,41.5,2.96492097094748));
#8339=CARTESIAN_POINT('',(37.4465238443115,31.5,2.73814803305207));
#8340=CARTESIAN_POINT('Ctrl Pts',(36.7857142857143,32.,2.96492097094748));
#8341=CARTESIAN_POINT('Ctrl Pts',(36.7866426059082,31.9989471645691,2.96536131187912));
#8342=CARTESIAN_POINT('Ctrl Pts',(36.7875722860634,31.9978943261212,2.96579879263096));
#8343=CARTESIAN_POINT('Ctrl Pts',(36.8349649638009,31.9443016836891,2.98792224872922));
#8344=CARTESIAN_POINT('Ctrl Pts',(36.8851258721606,31.8914056893982,3.00263362638635));
#8345=CARTESIAN_POINT('Ctrl Pts',(36.987148919684,31.7916838962608,3.01551315164821));
#8346=CARTESIAN_POINT('Ctrl Pts',(37.0395722183485,31.7439571593301,3.01452155887972));
#8347=CARTESIAN_POINT('Ctrl Pts',(37.1468276366912,31.654957287073,2.99428698631119));
#8348=CARTESIAN_POINT('Ctrl Pts',(37.2025174923212,31.6131541047087,2.97452082765778));
#8349=CARTESIAN_POINT('Ctrl Pts',(37.2958764746611,31.5537150089948,2.91890419741759));
#8350=CARTESIAN_POINT('Ctrl Pts',(37.3343353413104,31.5328049327417,2.88843594783444));
#8351=CARTESIAN_POINT('Ctrl Pts',(37.3992103848416,31.5065178299617,2.81756498574628));
#8352=CARTESIAN_POINT('Ctrl Pts',(37.4255366456987,31.5,2.77980170176736));
#8353=CARTESIAN_POINT('Ctrl Pts',(37.4465238443115,31.5,2.73814803305207));
#8354=CARTESIAN_POINT('Origin',(37.,31.5,2.51316701949486));
#8355=CARTESIAN_POINT('Origin',(32.5,32.,12.));
#8356=CARTESIAN_POINT('Origin',(32.5,31.5,12.));
#8357=CARTESIAN_POINT('Origin',(32.5,32.,12.));
#8358=CARTESIAN_POINT('Origin',(32.5,41.5,12.));
#8359=CARTESIAN_POINT('Origin',(32.5,41.5,12.));
#8360=CARTESIAN_POINT('Origin',(37.5,36.5,0.));
#8361=CARTESIAN_POINT('',(37.5,36.5,0.));
#8362=CARTESIAN_POINT('',(37.5,41.5,0.));
#8363=CARTESIAN_POINT('',(37.5,41.5,2.));
#8364=CARTESIAN_POINT('',(37.5,31.5,2.));
#8365=CARTESIAN_POINT('Origin',(32.5,31.5,1.6698729810778));
#8366=CARTESIAN_POINT('',(27.5,31.5,2.));
#8367=CARTESIAN_POINT('Origin',(32.5,41.5,1.6698729810778));
#8368=CARTESIAN_POINT('',(27.5,41.5,2.));
#8369=CARTESIAN_POINT('Origin',(42.5,41.5,0.));
#8370=CARTESIAN_POINT('',(42.5,36.5,0.));
#8371=CARTESIAN_POINT('',(42.5,41.5,0.));
#8372=CARTESIAN_POINT('Origin',(37.5,41.5,0.));
#8373=CARTESIAN_POINT('Origin',(42.5,36.5,0.));
#8374=CARTESIAN_POINT('Origin',(27.5,41.5,0.));
#8375=CARTESIAN_POINT('',(27.5,41.5,0.));
#8376=CARTESIAN_POINT('',(27.5,36.5,0.));
#8377=CARTESIAN_POINT('Origin',(22.5,41.5,0.));
#8378=CARTESIAN_POINT('',(22.5,41.5,0.));
#8379=CARTESIAN_POINT('Origin',(22.5,36.5,0.));
#8380=CARTESIAN_POINT('',(22.5,36.5,0.));
#8381=CARTESIAN_POINT('Origin',(27.5,36.5,0.));
#8382=CARTESIAN_POINT('Origin',(-32.5,47.5,42.5));
#8383=CARTESIAN_POINT('',(-42.5,47.5,42.5));
#8384=CARTESIAN_POINT('Origin',(-42.5,47.5,0.));
#8385=CARTESIAN_POINT('',(-42.5,23.75,10.));
#8386=CARTESIAN_POINT('Origin',(32.5,47.5,42.5));
#8387=CARTESIAN_POINT('',(42.5,47.5,42.5));
#8388=CARTESIAN_POINT('Origin',(-32.5,23.75,10.));
#8389=CARTESIAN_POINT('Origin',(32.5,23.75,10.));
#8390=CARTESIAN_POINT('',(42.5,23.75,10.));
#8391=CARTESIAN_POINT('Origin',(42.5,47.5,52.5));
#8392=CARTESIAN_POINT('Origin',(-36.4999989382923,-3.33125,40.475));
#8393=CARTESIAN_POINT('Origin',(36.4999989382923,3.33125000000001,40.475));
#8394=CARTESIAN_POINT('',(35.4514181522661,-6.6625,32.6106441048035));
#8395=CARTESIAN_POINT('Origin',(39.9999989382923,6.66250000000001,36.725));
#8396=CARTESIAN_POINT('',(39.9999989382923,-6.6625,29.8625));
#8397=CARTESIAN_POINT('Origin',(46.3749989382923,-6.6625,36.725));
#8398=CARTESIAN_POINT('',(46.3749989382923,-6.6625,36.725));
#8399=CARTESIAN_POINT('Origin',(-46.3749989382923,6.6625,36.725));
#8400=CARTESIAN_POINT('Origin',(0.,2.22044604925031E-15,36.725));
#8401=CARTESIAN_POINT('Origin',(55.,0.,29.0625));
#8402=CARTESIAN_POINT('',(55.,-5.51091059616309E-16,24.5625));
#8403=CARTESIAN_POINT('Origin',(55.,0.,29.0625));
#8404=CARTESIAN_POINT('Origin',(55.,-1.16341445918999E-15,19.5625));
#8405=CARTESIAN_POINT('Origin',(-55.,0.,29.0625));
#8406=CARTESIAN_POINT('',(-55.,-5.51091059616309E-16,33.5625));
#8407=CARTESIAN_POINT('Origin',(-55.,0.,29.0625));
#8408=CARTESIAN_POINT('Origin',(-55.,-1.16341445918999E-15,38.5625));
#8409=CARTESIAN_POINT('Origin',(-47.5,0.,29.0625));
#8410=CARTESIAN_POINT('',(-47.5,3.25,29.0625));
#8411=CARTESIAN_POINT('Origin',(-47.5,0.,29.0625));
#8412=CARTESIAN_POINT('',(-47.5,-2.25,29.0625));
#8413=CARTESIAN_POINT('Origin',(-47.5,0.,29.0625));
#8414=CARTESIAN_POINT('Origin',(-50.,0.,29.0625));
#8415=CARTESIAN_POINT('',(-55.,3.25,29.0625));
#8416=CARTESIAN_POINT('Origin',(-55.,0.,29.0625));
#8417=CARTESIAN_POINT('',(-50.,3.25,29.0625));
#8418=CARTESIAN_POINT('Origin',(-55.,0.,29.0625));
#8419=CARTESIAN_POINT('Origin',(50.,0.,29.0625));
#8420=CARTESIAN_POINT('',(55.,-3.25,29.0625));
#8421=CARTESIAN_POINT('Origin',(55.,0.,29.0625));
#8422=CARTESIAN_POINT('',(50.,-3.25,29.0625));
#8423=CARTESIAN_POINT('',(50.,-3.25,29.0625));
#8424=CARTESIAN_POINT('Origin',(50.,0.,29.0625));
#8425=CARTESIAN_POINT('Origin',(55.,0.,29.0625));
#8426=CARTESIAN_POINT('Origin',(0.,0.,29.0625));
#8427=CARTESIAN_POINT('',(-45.5000014528632,-2.25,29.0625));
#8428=CARTESIAN_POINT('',(0.,-2.25,29.0625));
#8429=CARTESIAN_POINT('Origin',(-45.5000014528632,0.,29.0625));
#8430=CARTESIAN_POINT('Origin',(0.,0.,29.0625));
#8431=CARTESIAN_POINT('',(45.5000014528632,-2.25,29.0625));
#8432=CARTESIAN_POINT('Origin',(45.5000014528632,0.,29.0625));
#8433=CARTESIAN_POINT('',(50.,-2.25,29.0625));
#8434=CARTESIAN_POINT('',(0.,-2.25,29.0625));
#8435=CARTESIAN_POINT('Origin',(50.,0.,29.0625));
#8436=CARTESIAN_POINT('Origin',(0.,1.66533453693773E-15,22.0000003278255));
#8437=CARTESIAN_POINT('',(36.5000014528632,-5.8625,22.0000003278255));
#8438=CARTESIAN_POINT('',(44.5000014528632,-5.8625,22.0000003278255));
#8439=CARTESIAN_POINT('',(22.2500007264316,-5.8625,22.0000003278255));
#8440=CARTESIAN_POINT('',(44.5000014528632,5.86250000000001,22.0000003278255));
#8441=CARTESIAN_POINT('',(44.5000014528632,2.93125,22.0000003278255));
#8442=CARTESIAN_POINT('',(36.5000014528632,5.86250000000001,22.0000003278255));
#8443=CARTESIAN_POINT('',(18.2500007264316,5.8625,22.0000003278255));
#8444=CARTESIAN_POINT('',(36.5000014528632,-2.93125,22.0000003278255));
#8445=CARTESIAN_POINT('Origin',(0.,1.66533453693773E-15,36.125));
#8446=CARTESIAN_POINT('',(36.5000014528632,5.86250000000001,36.125));
#8447=CARTESIAN_POINT('',(44.5000014528632,5.86250000000001,36.125));
#8448=CARTESIAN_POINT('',(22.2500007264316,5.8625,36.125));
#8449=CARTESIAN_POINT('',(44.5000014528632,-5.8625,36.125));
#8450=CARTESIAN_POINT('',(44.5000014528632,-2.93125,36.125));
#8451=CARTESIAN_POINT('',(36.5000014528632,-5.8625,36.125));
#8452=CARTESIAN_POINT('',(18.2500007264316,-5.8625,36.125));
#8453=CARTESIAN_POINT('',(36.5000014528632,2.93125,36.125));
#8454=CARTESIAN_POINT('Origin',(0.,1.66533453693773E-15,22.0000003278255));
#8455=CARTESIAN_POINT('',(-36.5000014528632,5.8625,22.0000003278255));
#8456=CARTESIAN_POINT('',(-44.5000014528632,5.8625,22.0000003278255));
#8457=CARTESIAN_POINT('',(-22.2500007264316,5.8625,22.0000003278255));
#8458=CARTESIAN_POINT('',(-44.5000014528632,-5.86250000000001,22.0000003278255));
#8459=CARTESIAN_POINT('',(-44.5000014528632,-2.93125,22.0000003278255));
#8460=CARTESIAN_POINT('',(-36.5000014528632,-5.8625,22.0000003278255));
#8461=CARTESIAN_POINT('',(-18.2500007264316,-5.8625,22.0000003278255));
#8462=CARTESIAN_POINT('',(-36.5000014528632,2.93125,22.0000003278255));
#8463=CARTESIAN_POINT('Origin',(0.,1.66533453693773E-15,36.125));
#8464=CARTESIAN_POINT('',(-36.5000014528632,-5.8625,36.125));
#8465=CARTESIAN_POINT('',(-44.5000014528632,-5.86250000000001,36.125));
#8466=CARTESIAN_POINT('',(-22.2500007264316,-5.8625,36.125));
#8467=CARTESIAN_POINT('',(-44.5000014528632,5.8625,36.125));
#8468=CARTESIAN_POINT('',(-44.5000014528632,2.93125,36.125));
#8469=CARTESIAN_POINT('',(-36.5000014528632,5.8625,36.125));
#8470=CARTESIAN_POINT('',(-18.2500007264316,5.8625,36.125));
#8471=CARTESIAN_POINT('',(-36.5000014528632,-2.93125,36.125));
#8472=CARTESIAN_POINT('Origin',(0.,1.66533453693773E-15,35.125));
#8473=CARTESIAN_POINT('',(44.5000014528632,-5.06249999999999,35.125));
#8474=CARTESIAN_POINT('',(44.5000014528632,5.06250000000001,35.125));
#8475=CARTESIAN_POINT('',(44.5000014528632,-2.93125,35.125));
#8476=CARTESIAN_POINT('',(45.5000014528632,5.06250000000001,35.125));
#8477=CARTESIAN_POINT('',(22.7500007264316,5.06249999999999,35.125));
#8478=CARTESIAN_POINT('',(45.5000014528632,-5.06249999999999,35.125));
#8479=CARTESIAN_POINT('',(45.5000014528632,-2.53125,35.125));
#8480=CARTESIAN_POINT('',(22.2500007264316,-5.06249999999998,35.125));
#8481=CARTESIAN_POINT('Origin',(0.,1.66533453693773E-15,35.125));
#8482=CARTESIAN_POINT('',(36.5000014528632,5.0625,35.125));
#8483=CARTESIAN_POINT('',(36.5000014528632,-5.06249999999999,35.125));
#8484=CARTESIAN_POINT('',(36.5000014528632,2.93125,35.125));
#8485=CARTESIAN_POINT('',(21.0000014528632,-5.06249999999998,35.125));
#8486=CARTESIAN_POINT('',(10.5000007264316,-5.06249999999997,35.125));
#8487=CARTESIAN_POINT('',(21.0000014528632,5.06249999999999,35.125));
#8488=CARTESIAN_POINT('',(21.0000014528632,3.33125,35.125));
#8489=CARTESIAN_POINT('',(18.2500007264316,5.06249999999999,35.125));
#8490=CARTESIAN_POINT('Origin',(0.,1.66533453693773E-15,35.125));
#8491=CARTESIAN_POINT('',(-44.5000014528632,5.0625,35.125));
#8492=CARTESIAN_POINT('',(-44.5000014528632,-5.0625,35.125));
#8493=CARTESIAN_POINT('',(-44.5000014528632,2.93125,35.125));
#8494=CARTESIAN_POINT('',(-45.5000014528632,-5.0625,35.125));
#8495=CARTESIAN_POINT('',(-22.7500007264316,-5.06249999999999,35.125));
#8496=CARTESIAN_POINT('',(-45.5000014528632,5.0625,35.125));
#8497=CARTESIAN_POINT('',(-45.5000014528632,2.53125,35.125));
#8498=CARTESIAN_POINT('',(-22.2500007264316,5.06249999999999,35.125));
#8499=CARTESIAN_POINT('Origin',(0.,1.66533453693773E-15,35.125));
#8500=CARTESIAN_POINT('',(-36.5000014528632,-5.0625,35.125));
#8501=CARTESIAN_POINT('',(-36.5000014528632,5.06249999999999,35.125));
#8502=CARTESIAN_POINT('',(-36.5000014528632,-2.93125,35.125));
#8503=CARTESIAN_POINT('',(-21.0000014528632,5.06249999999998,35.125));
#8504=CARTESIAN_POINT('',(-10.5000007264316,5.06249999999998,35.125));
#8505=CARTESIAN_POINT('',(-21.0000014528632,-5.06249999999998,35.125));
#8506=CARTESIAN_POINT('',(-21.0000014528632,-3.33125,35.125));
#8507=CARTESIAN_POINT('',(-18.2500007264316,-5.06249999999998,35.125));
#8508=CARTESIAN_POINT('Origin',(-6.66133814775094E-15,2.38418582654276E-7,
23.));
#8509=CARTESIAN_POINT('',(-44.5000014528632,-5.0625,23.));
#8510=CARTESIAN_POINT('',(-44.5000014528632,5.0625,23.));
#8511=CARTESIAN_POINT('',(-44.5000014528632,2.93125011920929,23.));
#8512=CARTESIAN_POINT('',(-45.5000014528632,5.0625,23.));
#8513=CARTESIAN_POINT('',(-47.5000014528632,5.0625,23.));
#8514=CARTESIAN_POINT('',(-45.5000014528632,-5.0625,23.));
#8515=CARTESIAN_POINT('',(-45.5000014528632,5.0625,23.));
#8516=CARTESIAN_POINT('',(-47.5000014528632,-5.06250000000001,23.));
#8517=CARTESIAN_POINT('Origin',(-6.66133814775094E-15,2.38418582654276E-7,
23.));
#8518=CARTESIAN_POINT('',(44.5000014528632,5.06250000000001,23.));
#8519=CARTESIAN_POINT('',(44.5000014528632,-5.06249999999999,23.));
#8520=CARTESIAN_POINT('',(44.5000014528632,-2.93124988079071,23.));
#8521=CARTESIAN_POINT('',(45.5000014528632,-5.06249999999999,23.));
#8522=CARTESIAN_POINT('',(47.5000014528632,-5.0625,23.));
#8523=CARTESIAN_POINT('',(45.5000014528632,5.06250000000001,23.));
#8524=CARTESIAN_POINT('',(45.5000014528632,-5.06249999999999,23.));
#8525=CARTESIAN_POINT('',(47.5000014528632,5.06250000000001,23.));
#8526=CARTESIAN_POINT('Origin',(21.0000014528632,-5.06249999999998,23.));
#8527=CARTESIAN_POINT('',(36.5000014528632,-5.06249999999999,23.));
#8528=CARTESIAN_POINT('',(36.5000014528632,-5.06249999999999,23.));
#8529=CARTESIAN_POINT('',(21.0000014528632,-5.06249999999998,23.));
#8530=CARTESIAN_POINT('',(47.5000014528632,-5.0625,23.));
#8531=CARTESIAN_POINT('',(21.0000014528632,-5.06249999999998,23.));
#8532=CARTESIAN_POINT('Origin',(36.5000014528632,5.0625,23.));
#8533=CARTESIAN_POINT('',(21.0000014528632,5.06249999999999,23.));
#8534=CARTESIAN_POINT('',(21.0000014528632,5.06249999999999,23.));
#8535=CARTESIAN_POINT('',(36.5000014528632,5.0625,23.));
#8536=CARTESIAN_POINT('',(47.5000014528632,5.06250000000001,23.));
#8537=CARTESIAN_POINT('',(36.5000014528632,5.0625,23.));
#8538=CARTESIAN_POINT('Origin',(36.5000014528632,5.86250000000001,23.));
#8539=CARTESIAN_POINT('',(36.5000014528632,5.86250000000001,23.));
#8540=CARTESIAN_POINT('',(36.5000014528632,-5.8625,23.));
#8541=CARTESIAN_POINT('',(36.5000014528632,2.93125011920929,23.));
#8542=CARTESIAN_POINT('Origin',(44.5000014528632,5.86250000000001,23.));
#8543=CARTESIAN_POINT('',(44.5000014528632,5.86250000000001,23.));
#8544=CARTESIAN_POINT('Origin',(44.5000014528632,5.06250000000001,23.));
#8545=CARTESIAN_POINT('',(44.5000014528632,-5.8625,23.));
#8546=CARTESIAN_POINT('',(44.5000014528632,-5.06249999999999,23.));
#8547=CARTESIAN_POINT('',(44.5000014528632,5.06250000000001,23.));
#8548=CARTESIAN_POINT('Origin',(45.5000014528632,5.06250000000001,23.));
#8549=CARTESIAN_POINT('',(45.5000014528632,5.06250000000001,23.));
#8550=CARTESIAN_POINT('Origin',(45.5000014528632,-5.06249999999999,23.));
#8551=CARTESIAN_POINT('',(45.5000014528632,-5.06249999999999,23.));
#8552=CARTESIAN_POINT('Origin',(44.5000014528632,-5.06249999999999,23.));
#8553=CARTESIAN_POINT('Origin',(36.5000014528632,-5.8625,23.));
#8554=CARTESIAN_POINT('Origin',(-36.5000014528632,5.8625,23.));
#8555=CARTESIAN_POINT('',(-44.5000014528632,5.8625,23.));
#8556=CARTESIAN_POINT('',(-36.5000014528632,5.8625,23.));
#8557=CARTESIAN_POINT('Origin',(-21.0000014528632,5.06249999999998,23.));
#8558=CARTESIAN_POINT('',(-36.5000014528632,5.06249999999999,23.));
#8559=CARTESIAN_POINT('',(-36.5000014528632,5.06249999999999,23.));
#8560=CARTESIAN_POINT('',(-21.0000014528632,5.06249999999998,23.));
#8561=CARTESIAN_POINT('',(-47.5000014528632,5.0625,23.));
#8562=CARTESIAN_POINT('',(-21.0000014528632,5.06249999999998,23.));
#8563=CARTESIAN_POINT('Origin',(-36.5000014528632,-5.0625,23.));
#8564=CARTESIAN_POINT('',(-21.0000014528632,-5.06249999999998,23.));
#8565=CARTESIAN_POINT('',(-21.0000014528632,-5.06249999999998,23.));
#8566=CARTESIAN_POINT('',(-36.5000014528632,-5.0625,23.));
#8567=CARTESIAN_POINT('',(-47.5000014528632,-5.06250000000001,23.));
#8568=CARTESIAN_POINT('',(-36.5000014528632,-5.0625,23.));
#8569=CARTESIAN_POINT('Origin',(-36.5000014528632,-5.8625,23.));
#8570=CARTESIAN_POINT('',(-36.5000014528632,-5.8625,23.));
#8571=CARTESIAN_POINT('',(-36.5000014528632,-2.93124988079071,23.));
#8572=CARTESIAN_POINT('Origin',(-44.5000014528632,-5.86250000000001,23.));
#8573=CARTESIAN_POINT('',(-44.5000014528632,-5.86250000000001,23.));
#8574=CARTESIAN_POINT('Origin',(-44.5000014528632,-5.0625,23.));
#8575=CARTESIAN_POINT('',(-44.5000014528632,5.0625,23.));
#8576=CARTESIAN_POINT('',(-44.5000014528632,-5.0625,23.));
#8577=CARTESIAN_POINT('Origin',(-45.5000014528632,-5.0625,23.));
#8578=CARTESIAN_POINT('',(-45.5000014528632,-5.0625,23.));
#8579=CARTESIAN_POINT('Origin',(-45.5000014528632,5.0625,23.));
#8580=CARTESIAN_POINT('',(-45.5000014528632,5.0625,23.));
#8581=CARTESIAN_POINT('Origin',(-44.5000014528632,5.0625,23.));
#8582=CARTESIAN_POINT('Origin',(21.0000014528632,6.6625,23.));
#8583=CARTESIAN_POINT('',(21.0000014528632,-6.6625,23.));
#8584=CARTESIAN_POINT('',(21.0000014528632,3.33125011920929,23.));
#8585=CARTESIAN_POINT('',(21.0000014528632,-6.6625,23.));
#8586=CARTESIAN_POINT('',(21.0000014528632,3.33125011920929,23.));
#8587=CARTESIAN_POINT('Origin',(-21.0000014528632,-6.6625,23.));
#8588=CARTESIAN_POINT('',(-21.0000014528632,-3.33124988079071,23.));
#8589=CARTESIAN_POINT('',(-21.0000014528632,-3.33124988079071,23.));
#8590=CARTESIAN_POINT('Origin',(47.4999989382923,-6.6625,23.));
#8591=CARTESIAN_POINT('',(47.4999989382923,-6.6625,23.));
#8592=CARTESIAN_POINT('Origin',(14.5,16.0000002384186,-1.49011611383365E-8));
#8593=CARTESIAN_POINT('',(15.5,-30.,-1.49011611383365E-8));
#8594=CARTESIAN_POINT('',(14.5,-30.,-1.00000001490116));
#8595=CARTESIAN_POINT('Origin',(14.5,-30.,-1.49011611383365E-8));
#8596=CARTESIAN_POINT('',(15.5,30.,-1.49011611383365E-8));
#8597=CARTESIAN_POINT('',(15.5,16.0000002384186,-1.49011611383365E-8));
#8598=CARTESIAN_POINT('',(14.5,30.,-1.00000001490116));
#8599=CARTESIAN_POINT('Origin',(14.5,30.,-1.49011611383365E-8));
#8600=CARTESIAN_POINT('',(14.5,16.0000002384186,-1.00000001490116));
#8601=CARTESIAN_POINT('Origin',(15.5,-30.,0.));
#8602=CARTESIAN_POINT('',(-14.5,-30.,-1.00000001490116));
#8603=CARTESIAN_POINT('',(7.75,-30.,-1.00000001490116));
#8604=CARTESIAN_POINT('',(-15.5,-30.,-1.49011611383365E-8));
#8605=CARTESIAN_POINT('Origin',(-14.5,-30.,-1.49011611383365E-8));
#8606=CARTESIAN_POINT('',(-15.5,-30.,23.));
#8607=CARTESIAN_POINT('',(-15.5,-30.,0.));
#8608=CARTESIAN_POINT('',(15.5,-30.,23.));
#8609=CARTESIAN_POINT('',(7.74999999999999,-30.,23.));
#8610=CARTESIAN_POINT('',(15.5,-30.,0.));
#8611=CARTESIAN_POINT('Origin',(4.44089209850063E-15,0.,-1.00000001490116));
#8612=CARTESIAN_POINT('',(-14.5,30.,-1.00000001490116));
#8613=CARTESIAN_POINT('',(-7.74999999999999,30.,-1.00000001490116));
#8614=CARTESIAN_POINT('',(-14.5,-15.,-1.00000001490116));
#8615=CARTESIAN_POINT('Origin',(-14.5,-15.,-1.49011611383365E-8));
#8616=CARTESIAN_POINT('',(-15.5,30.,-1.49011611383365E-8));
#8617=CARTESIAN_POINT('Origin',(-14.5,30.,-1.49011611383365E-8));
#8618=CARTESIAN_POINT('',(-15.5,-15.,-1.49011611383365E-8));
#8619=CARTESIAN_POINT('Origin',(-15.5,30.,0.));
#8620=CARTESIAN_POINT('',(15.5,30.,4.));
#8621=CARTESIAN_POINT('',(15.5,30.,0.));
#8622=CARTESIAN_POINT('',(-15.5,30.,4.));
#8623=CARTESIAN_POINT('',(-7.75,30.,4.));
#8624=CARTESIAN_POINT('',(-15.5,30.,0.));
#8625=CARTESIAN_POINT('Origin',(-1.11022302462516E-15,31.0000002384186,
4.));
#8626=CARTESIAN_POINT('',(15.5,32.0000004768372,4.));
#8627=CARTESIAN_POINT('',(15.5,31.5000003576279,4.));
#8628=CARTESIAN_POINT('',(-15.5,32.,4.));
#8629=CARTESIAN_POINT('',(7.75,32.,4.));
#8630=CARTESIAN_POINT('',(-15.5,0.500000119209294,4.));
#8631=CARTESIAN_POINT('Origin',(15.5,32.0000004768372,0.));
#8632=CARTESIAN_POINT('',(15.5,32.0000004768372,23.));
#8633=CARTESIAN_POINT('',(15.5,16.0000003576279,23.));
#8634=CARTESIAN_POINT('',(15.5,32.0000004768372,0.));
#8635=CARTESIAN_POINT('Origin',(-15.5,-30.,0.));
#8636=CARTESIAN_POINT('',(-15.5,32.,23.));
#8637=CARTESIAN_POINT('',(-15.5,32.,0.));
#8638=CARTESIAN_POINT('',(-15.5,-14.9999998807907,23.));
#8639=CARTESIAN_POINT('Origin',(17.5,32.,0.));
#8640=CARTESIAN_POINT('',(8.74999999999999,32.,23.));
#8641=CARTESIAN_POINT('',(-7.75,32.,23.));
#8642=CARTESIAN_POINT('Origin',(-17.5,-32.,0.));
#8643=CARTESIAN_POINT('',(-8.75,-32.,23.));
#8644=CARTESIAN_POINT('Origin',(-6.66133814775094E-15,2.38418582654276E-7,
23.));
#8645=CARTESIAN_POINT('Origin',(0.,0.,90.));
#8646=CARTESIAN_POINT('Origin',(50.,50.,0.));
#8647=CARTESIAN_POINT('Origin',(22.5,-14.5,126.645895496989));
#8648=CARTESIAN_POINT('',(-30.,-47.5,126.645895496989));
#8649=CARTESIAN_POINT('',(-30.,-47.3362272769296,123.362272769296));
#8650=CARTESIAN_POINT('Origin',(-30.,-14.5,126.645895496989));
#8651=CARTESIAN_POINT('',(30.,-47.3362272769296,123.362272769296));
#8652=CARTESIAN_POINT('',(22.5,-47.3362272769296,123.362272769296));
#8653=CARTESIAN_POINT('',(30.,-47.5,126.645895496989));
#8654=CARTESIAN_POINT('Origin',(30.,-14.5,126.645895496989));
#8655=CARTESIAN_POINT('',(22.5,-47.5,126.645895496989));
#8656=CARTESIAN_POINT('Origin',(30.,-45.,130.));
#8657=CARTESIAN_POINT('',(30.,-47.,120.));
#8658=CARTESIAN_POINT('',(30.,-47.6101485148515,126.101485148515));
#8659=CARTESIAN_POINT('',(30.,-45.,120.));
#8660=CARTESIAN_POINT('',(30.,-45.,120.));
#8661=CARTESIAN_POINT('',(30.,-45.,127.5));
#8662=CARTESIAN_POINT('',(30.,-45.,130.));
#8663=CARTESIAN_POINT('',(30.,-42.5,130.));
#8664=CARTESIAN_POINT('Origin',(30.,-42.5,127.5));
#8665=CARTESIAN_POINT('',(30.,-47.5,130.));
#8666=CARTESIAN_POINT('',(30.,-22.5,130.));
#8667=CARTESIAN_POINT('',(30.,-47.5,130.));
#8668=CARTESIAN_POINT('Origin',(15.,-47.25,122.5));
#8669=CARTESIAN_POINT('',(-30.,-47.,120.));
#8670=CARTESIAN_POINT('',(-30.,-47.6225247524752,126.225247524752));
#8671=CARTESIAN_POINT('',(15.,-47.,120.));
#8672=CARTESIAN_POINT('Origin',(19.0625,14.5,126.645895496989));
#8673=CARTESIAN_POINT('',(15.,47.3362272769296,123.362272769296));
#8674=CARTESIAN_POINT('',(15.,47.5,126.645895496989));
#8675=CARTESIAN_POINT('Origin',(15.,14.5,126.645895496989));
#8676=CARTESIAN_POINT('',(45.,47.5,126.645895496989));
#8677=CARTESIAN_POINT('',(19.0625,47.5,126.645895496989));
#8678=CARTESIAN_POINT('',(45.,47.3362272769296,123.362272769296));
#8679=CARTESIAN_POINT('Origin',(45.,14.5,126.645895496989));
#8680=CARTESIAN_POINT('',(19.0625,47.3362272769297,123.362272769296));
#8681=CARTESIAN_POINT('Ctrl Pts',(45.,47.5,126.645895496989));
#8682=CARTESIAN_POINT('Ctrl Pts',(47.5,47.5,126.645895496989));
#8683=CARTESIAN_POINT('Ctrl Pts',(47.5,45.,126.645895496989));
#8684=CARTESIAN_POINT('Ctrl Pts',(45.,47.5,125.));
#8685=CARTESIAN_POINT('Ctrl Pts',(47.5,47.5,125.));
#8686=CARTESIAN_POINT('Ctrl Pts',(47.5,45.,125.));
#8687=CARTESIAN_POINT('Ctrl Pts',(45.,47.3362272769296,123.362272769296));
#8688=CARTESIAN_POINT('Ctrl Pts',(47.3362272769296,47.3362272769296,123.362272769296));
#8689=CARTESIAN_POINT('Ctrl Pts',(47.3362272769296,45.,123.362272769296));
#8690=CARTESIAN_POINT('',(47.5,45.,126.645895496989));
#8691=CARTESIAN_POINT('Origin',(45.,45.,126.645895496989));
#8692=CARTESIAN_POINT('',(47.3362272769296,45.,123.362272769296));
#8693=CARTESIAN_POINT('Origin',(14.5,45.,126.645895496989));
#8694=CARTESIAN_POINT('Origin',(45.,45.,123.362272769296));
#8695=CARTESIAN_POINT('Origin',(14.5,43.7937787871974,126.645895496989));
#8696=CARTESIAN_POINT('',(47.5,17.850230297579,126.645895496989));
#8697=CARTESIAN_POINT('',(47.3362272769296,17.850230297579,123.362272769296));
#8698=CARTESIAN_POINT('Origin',(14.5,17.850230297579,126.645895496989));
#8699=CARTESIAN_POINT('',(47.3362272769296,43.7937787871974,123.362272769296));
#8700=CARTESIAN_POINT('',(47.5,43.7937787871974,126.645895496989));
#8701=CARTESIAN_POINT('Origin',(47.5,17.850230297579,130.));
#8702=CARTESIAN_POINT('',(47.5,17.850230297579,130.));
#8703=CARTESIAN_POINT('',(47.5,17.850230297579,130.));
#8704=CARTESIAN_POINT('',(42.5,17.8502302975792,130.));
#8705=CARTESIAN_POINT('',(23.7500000000004,17.85023029758,130.));
#8706=CARTESIAN_POINT('',(45.,17.8502302975791,127.5));
#8707=CARTESIAN_POINT('Origin',(42.5,17.850230297579,127.5));
#8708=CARTESIAN_POINT('',(45.,17.8502302975791,120.));
#8709=CARTESIAN_POINT('',(45.,17.8502302975791,130.));
#8710=CARTESIAN_POINT('',(47.,17.850230297579,120.));
#8711=CARTESIAN_POINT('',(47.5,17.850230297579,120.));
#8712=CARTESIAN_POINT('',(47.6225247524752,17.850230297579,126.225247524752));
#8713=CARTESIAN_POINT('Origin',(47.5,47.5,130.));
#8714=CARTESIAN_POINT('',(47.5,45.,130.));
#8715=CARTESIAN_POINT('',(47.5,45.,130.));
#8716=CARTESIAN_POINT('',(47.5,23.75,130.));
#8717=CARTESIAN_POINT('Origin',(45.,45.,130.));
#8718=CARTESIAN_POINT('',(45.,47.5,130.));
#8719=CARTESIAN_POINT('',(45.,47.5,130.));
#8720=CARTESIAN_POINT('Origin',(45.,45.,130.));
#8721=CARTESIAN_POINT('Origin',(15.,47.5,130.));
#8722=CARTESIAN_POINT('',(15.,47.5,130.));
#8723=CARTESIAN_POINT('',(15.,47.5,130.));
#8724=CARTESIAN_POINT('',(7.5,47.5,130.));
#8725=CARTESIAN_POINT('Origin',(-14.5,21.5564515103816,126.645895496989));
#8726=CARTESIAN_POINT('',(-47.3362272769296,17.850230297579,123.362272769296));
#8727=CARTESIAN_POINT('',(-47.5,17.850230297579,126.645895496989));
#8728=CARTESIAN_POINT('Origin',(-14.5,17.8502302975789,126.645895496989));
#8729=CARTESIAN_POINT('',(-47.5,45.,126.645895496989));
#8730=CARTESIAN_POINT('',(-47.5,21.5564515103816,126.645895496989));
#8731=CARTESIAN_POINT('',(-47.3362272769296,45.,123.362272769296));
#8732=CARTESIAN_POINT('Origin',(-14.5,45.,126.645895496989));
#8733=CARTESIAN_POINT('',(-47.3362272769297,21.5564515103816,123.362272769296));
#8734=CARTESIAN_POINT('Ctrl Pts',(-47.5,45.,126.645895496989));
#8735=CARTESIAN_POINT('Ctrl Pts',(-47.5,47.5,126.645895496989));
#8736=CARTESIAN_POINT('Ctrl Pts',(-45.,47.5,126.645895496989));
#8737=CARTESIAN_POINT('Ctrl Pts',(-47.5,45.,125.));
#8738=CARTESIAN_POINT('Ctrl Pts',(-47.5,47.5,125.));
#8739=CARTESIAN_POINT('Ctrl Pts',(-45.,47.5,125.));
#8740=CARTESIAN_POINT('Ctrl Pts',(-47.3362272769296,45.,123.362272769296));
#8741=CARTESIAN_POINT('Ctrl Pts',(-47.3362272769296,47.3362272769296,123.362272769296));
#8742=CARTESIAN_POINT('Ctrl Pts',(-45.,47.3362272769296,123.362272769296));
#8743=CARTESIAN_POINT('',(-45.,47.5,126.645895496989));
#8744=CARTESIAN_POINT('Origin',(-45.,45.,126.645895496989));
#8745=CARTESIAN_POINT('',(-45.,47.3362272769296,123.362272769296));
#8746=CARTESIAN_POINT('Origin',(-45.,14.5,126.645895496989));
#8747=CARTESIAN_POINT('Origin',(-45.,45.,123.362272769296));
#8748=CARTESIAN_POINT('Origin',(-43.4375,14.5,126.645895496989));
#8749=CARTESIAN_POINT('',(-15.,47.5,126.645895496989));
#8750=CARTESIAN_POINT('',(-15.,47.3362272769296,123.362272769296));
#8751=CARTESIAN_POINT('Origin',(-15.,14.5,126.645895496989));
#8752=CARTESIAN_POINT('',(-43.4375,47.3362272769297,123.362272769296));
#8753=CARTESIAN_POINT('',(-43.4375,47.5,126.645895496989));
#8754=CARTESIAN_POINT('Origin',(-15.,47.5,130.));
#8755=CARTESIAN_POINT('',(-15.,47.5,130.));
#8756=CARTESIAN_POINT('',(-15.,47.5,130.));
#8757=CARTESIAN_POINT('',(-15.,42.5,130.));
#8758=CARTESIAN_POINT('',(-15.,23.75,130.));
#8759=CARTESIAN_POINT('',(-15.,45.,127.5));
#8760=CARTESIAN_POINT('Origin',(-15.,42.5,127.5));
#8761=CARTESIAN_POINT('',(-15.,45.,120.));
#8762=CARTESIAN_POINT('',(-15.,45.,130.));
#8763=CARTESIAN_POINT('',(-15.,47.,120.));
#8764=CARTESIAN_POINT('',(-15.,45.,120.));
#8765=CARTESIAN_POINT('',(-15.,47.6225247524752,126.225247524752));
#8766=CARTESIAN_POINT('Origin',(-47.5,47.5,130.));
#8767=CARTESIAN_POINT('',(-45.,47.5,130.));
#8768=CARTESIAN_POINT('',(-45.,47.5,130.));
#8769=CARTESIAN_POINT('',(-23.75,47.5,130.));
#8770=CARTESIAN_POINT('Origin',(-45.,45.,130.));
#8771=CARTESIAN_POINT('',(-47.5,45.,130.));
#8772=CARTESIAN_POINT('',(-47.5,45.,130.));
#8773=CARTESIAN_POINT('Origin',(-45.,45.,130.));
#8774=CARTESIAN_POINT('Origin',(-47.5,17.850230297579,130.));
#8775=CARTESIAN_POINT('',(-47.5,17.850230297579,130.));
#8776=CARTESIAN_POINT('',(-47.5,17.850230297579,130.));
#8777=CARTESIAN_POINT('',(-47.5,8.92511514878949,130.));
#8778=CARTESIAN_POINT('Origin',(-30.,-47.5,130.));
#8779=CARTESIAN_POINT('',(-30.,-47.5,130.));
#8780=CARTESIAN_POINT('',(-30.,-47.5,130.));
#8781=CARTESIAN_POINT('',(-30.,-42.5,130.));
#8782=CARTESIAN_POINT('',(-30.,-23.75,130.));
#8783=CARTESIAN_POINT('',(-30.,-45.,127.5));
#8784=CARTESIAN_POINT('Origin',(-30.,-42.5,127.5));
#8785=CARTESIAN_POINT('',(-30.,-45.,120.));
#8786=CARTESIAN_POINT('',(-30.,-45.,130.));
#8787=CARTESIAN_POINT('',(-30.,-45.,120.));
#8788=CARTESIAN_POINT('Origin',(30.,-47.5,130.));
#8789=CARTESIAN_POINT('',(15.,-47.5,130.));
#8790=CARTESIAN_POINT('Origin',(23.125,47.25,122.5));
#8791=CARTESIAN_POINT('',(45.,47.,120.));
#8792=CARTESIAN_POINT('',(45.,47.5,125.));
#8793=CARTESIAN_POINT('',(15.,47.,120.));
#8794=CARTESIAN_POINT('',(23.125,47.,120.));
#8795=CARTESIAN_POINT('',(15.,47.6101485148515,126.101485148515));
#8796=CARTESIAN_POINT('Origin',(45.,45.,122.5));
#8797=CARTESIAN_POINT('',(47.,45.,120.));
#8798=CARTESIAN_POINT('',(47.5,45.,125.));
#8799=CARTESIAN_POINT('Origin',(45.,45.,120.));
#8800=CARTESIAN_POINT('Origin',(47.25,40.0875575743947,122.5));
#8801=CARTESIAN_POINT('',(47.,40.0875575743947,120.));
#8802=CARTESIAN_POINT('Origin',(-39.375,47.25,122.5));
#8803=CARTESIAN_POINT('',(-45.,47.,120.));
#8804=CARTESIAN_POINT('',(-39.375,47.,120.));
#8805=CARTESIAN_POINT('',(-45.,47.,120.));
#8806=CARTESIAN_POINT('Origin',(-45.,45.,122.5));
#8807=CARTESIAN_POINT('',(-47.,45.,120.));
#8808=CARTESIAN_POINT('Origin',(-45.,45.,120.));
#8809=CARTESIAN_POINT('',(-47.,45.,120.));
#8810=CARTESIAN_POINT('Origin',(-47.25,25.2626727231842,122.5));
#8811=CARTESIAN_POINT('',(-47.,17.850230297579,120.));
#8812=CARTESIAN_POINT('',(-47.,25.2626727231842,120.));
#8813=CARTESIAN_POINT('',(-47.6101485148515,17.850230297579,126.101485148515));
#8814=CARTESIAN_POINT('Origin',(-31.25,32.6751151487894,120.));
#8815=CARTESIAN_POINT('',(-42.5,45.,120.));
#8816=CARTESIAN_POINT('',(-45.,45.,120.));
#8817=CARTESIAN_POINT('',(-45.,42.5,120.));
#8818=CARTESIAN_POINT('Origin',(-42.5,42.5,120.));
#8819=CARTESIAN_POINT('',(-45.,17.8502302975789,120.));
#8820=CARTESIAN_POINT('',(-45.,17.8502302975789,120.));
#8821=CARTESIAN_POINT('',(-47.5,17.850230297579,120.));
#8822=CARTESIAN_POINT('Origin',(49.,49.,132.5));
#8823=CARTESIAN_POINT('',(49.,-45.,132.5));
#8824=CARTESIAN_POINT('',(49.,49.,132.5));
#8825=CARTESIAN_POINT('',(49.,24.5,132.5));
#8826=CARTESIAN_POINT('',(49.,-45.,133.5));
#8827=CARTESIAN_POINT('',(49.,-45.,132.5));
#8828=CARTESIAN_POINT('',(49.,49.,133.5));
#8829=CARTESIAN_POINT('',(49.,-45.,133.5));
#8830=CARTESIAN_POINT('',(49.,49.,132.5));
#8831=CARTESIAN_POINT('Origin',(-49.,49.,132.5));
#8832=CARTESIAN_POINT('',(-49.,49.,132.5));
#8833=CARTESIAN_POINT('',(-24.5,49.,132.5));
#8834=CARTESIAN_POINT('',(-49.,49.,133.5));
#8835=CARTESIAN_POINT('',(49.,49.,133.5));
#8836=CARTESIAN_POINT('',(-49.,49.,132.5));
#8837=CARTESIAN_POINT('Origin',(-49.,-45.,132.5));
#8838=CARTESIAN_POINT('',(-49.,-45.,132.5));
#8839=CARTESIAN_POINT('',(-49.,-22.5,132.5));
#8840=CARTESIAN_POINT('',(-49.,-45.,133.5));
#8841=CARTESIAN_POINT('',(-49.,49.,133.5));
#8842=CARTESIAN_POINT('',(-49.,-45.,132.5));
#8843=CARTESIAN_POINT('Origin',(-45.,-45.,132.5));
#8844=CARTESIAN_POINT('',(-45.,-49.,132.5));
#8845=CARTESIAN_POINT('Origin',(-45.,-45.,132.5));
#8846=CARTESIAN_POINT('',(-45.,-49.,133.5));
#8847=CARTESIAN_POINT('Origin',(-45.,-45.,133.5));
#8848=CARTESIAN_POINT('',(-45.,-49.,132.5));
#8849=CARTESIAN_POINT('Origin',(45.,-49.,132.5));
#8850=CARTESIAN_POINT('',(45.,-49.,132.5));
#8851=CARTESIAN_POINT('',(22.5,-49.,132.5));
#8852=CARTESIAN_POINT('',(45.,-49.,133.5));
#8853=CARTESIAN_POINT('',(45.,-49.,133.5));
#8854=CARTESIAN_POINT('',(45.,-49.,132.5));
#8855=CARTESIAN_POINT('Origin',(45.,-45.,132.5));
#8856=CARTESIAN_POINT('Origin',(45.,-45.,132.5));
#8857=CARTESIAN_POINT('Origin',(45.,-45.,133.5));
#8858=CARTESIAN_POINT('Origin',(0.,0.,133.5));
#8859=CARTESIAN_POINT('',(50.,50.,133.5));
#8860=CARTESIAN_POINT('',(-50.,50.,133.5));
#8861=CARTESIAN_POINT('',(50.,50.,133.5));
#8862=CARTESIAN_POINT('',(-50.,-45.,133.5));
#8863=CARTESIAN_POINT('',(-50.,50.,133.5));
#8864=CARTESIAN_POINT('',(-45.,-50.,133.5));
#8865=CARTESIAN_POINT('Origin',(-45.,-45.,133.5));
#8866=CARTESIAN_POINT('',(45.,-50.,133.5));
#8867=CARTESIAN_POINT('',(-45.,-50.,133.5));
#8868=CARTESIAN_POINT('',(50.,-45.,133.5));
#8869=CARTESIAN_POINT('Origin',(45.,-45.,133.5));
#8870=CARTESIAN_POINT('',(50.,-45.,133.5));
#8871=CARTESIAN_POINT('Origin',(42.5,42.5,130.));
#8872=CARTESIAN_POINT('',(45.,42.5,127.5));
#8873=CARTESIAN_POINT('',(42.5,45.,127.5));
#8874=CARTESIAN_POINT('Origin',(42.5,42.5,127.5));
#8875=CARTESIAN_POINT('',(42.5,45.,120.));
#8876=CARTESIAN_POINT('',(42.5,45.,130.));
#8877=CARTESIAN_POINT('',(45.,42.5,120.));
#8878=CARTESIAN_POINT('Origin',(42.5,42.5,120.));
#8879=CARTESIAN_POINT('',(45.,42.5,130.));
#8880=CARTESIAN_POINT('Origin',(42.5,42.5,127.5));
#8881=CARTESIAN_POINT('',(42.5,42.5,130.));
#8882=CARTESIAN_POINT('Origin',(42.5,42.5,127.5));
#8883=CARTESIAN_POINT('Origin',(42.5,42.5,127.5));
#8884=CARTESIAN_POINT('Origin',(45.,17.8502302975791,130.));
#8885=CARTESIAN_POINT('',(45.,17.8502302975791,120.));
#8886=CARTESIAN_POINT('',(45.,8.92511514878955,127.5));
#8887=CARTESIAN_POINT('Origin',(-42.5,42.5,130.));
#8888=CARTESIAN_POINT('',(-42.5,45.,127.5));
#8889=CARTESIAN_POINT('',(-45.,42.5,127.5));
#8890=CARTESIAN_POINT('Origin',(-42.5,42.5,127.5));
#8891=CARTESIAN_POINT('',(-45.,42.5,130.));
#8892=CARTESIAN_POINT('',(-42.5,45.,130.));
#8893=CARTESIAN_POINT('Origin',(-42.5,42.5,127.5));
#8894=CARTESIAN_POINT('',(-42.5,42.5,130.));
#8895=CARTESIAN_POINT('Origin',(-42.5,42.5,127.5));
#8896=CARTESIAN_POINT('Origin',(-42.5,42.5,127.5));
#8897=CARTESIAN_POINT('Origin',(-15.,45.,130.));
#8898=CARTESIAN_POINT('',(-7.5,45.,127.5));
#8899=CARTESIAN_POINT('Origin',(-42.5,22.5,127.5));
#8900=CARTESIAN_POINT('',(-42.5,17.8502302975788,130.));
#8901=CARTESIAN_POINT('',(-42.5,22.5,130.));
#8902=CARTESIAN_POINT('',(-45.,17.8502302975789,127.5));
#8903=CARTESIAN_POINT('Origin',(-42.5,17.8502302975789,127.5));
#8904=CARTESIAN_POINT('',(-45.,22.5,127.5));
#8905=CARTESIAN_POINT('Origin',(-7.5,42.5,127.5));
#8906=CARTESIAN_POINT('',(-7.5,42.5,130.));
#8907=CARTESIAN_POINT('Origin',(0.,0.,130.));
#8908=CARTESIAN_POINT('',(45.,-50.,130.));
#8909=CARTESIAN_POINT('',(50.,-45.,130.));
#8910=CARTESIAN_POINT('Origin',(45.,-45.,130.));
#8911=CARTESIAN_POINT('',(-45.,-50.,130.));
#8912=CARTESIAN_POINT('',(45.,-50.,130.));
#8913=CARTESIAN_POINT('',(-50.,-45.,130.));
#8914=CARTESIAN_POINT('Origin',(-45.,-45.,130.));
#8915=CARTESIAN_POINT('',(-50.,50.,130.));
#8916=CARTESIAN_POINT('',(-50.,-45.,130.));
#8917=CARTESIAN_POINT('',(50.,50.,130.));
#8918=CARTESIAN_POINT('',(-50.,50.,130.));
#8919=CARTESIAN_POINT('',(50.,50.,130.));
#8920=CARTESIAN_POINT('',(-15.,-42.5,130.));
#8921=CARTESIAN_POINT('',(-22.4999999999996,17.8502302975779,130.));
#8922=CARTESIAN_POINT('',(15.,42.5,130.));
#8923=CARTESIAN_POINT('',(15.,22.5,130.));
#8924=CARTESIAN_POINT('',(22.5,42.5,130.));
#8925=CARTESIAN_POINT('',(42.5,8.92511514878955,130.));
#8926=CARTESIAN_POINT('Origin',(22.5,42.5,127.5));
#8927=CARTESIAN_POINT('',(15.,45.,127.5));
#8928=CARTESIAN_POINT('Origin',(15.,42.5,127.5));
#8929=CARTESIAN_POINT('',(22.5,45.,127.5));
#8930=CARTESIAN_POINT('Origin',(42.5,8.92511514878955,127.5));
#8931=CARTESIAN_POINT('Origin',(-15.,-42.5,127.5));
#8932=CARTESIAN_POINT('',(-15.,-45.,127.5));
#8933=CARTESIAN_POINT('Origin',(-30.,-45.,130.));
#8934=CARTESIAN_POINT('',(30.,-45.,120.));
#8935=CARTESIAN_POINT('Origin',(-45.,17.8502302975789,130.));
#8936=CARTESIAN_POINT('',(-45.,17.8502302975789,130.));
#8937=CARTESIAN_POINT('Origin',(-45.,45.,130.));
#8938=CARTESIAN_POINT('Origin',(15.,45.,130.));
#8939=CARTESIAN_POINT('',(15.,45.,120.));
#8940=CARTESIAN_POINT('',(15.,45.,120.));
#8941=CARTESIAN_POINT('',(15.,45.,130.));
#8942=CARTESIAN_POINT('Origin',(45.,45.,130.));
#8943=CARTESIAN_POINT('',(45.,45.,120.));
#8944=CARTESIAN_POINT('Origin',(31.25,32.6751151487895,120.));
#8945=CARTESIAN_POINT('Origin',(0.,-46.25,120.));
#8946=CARTESIAN_POINT('Origin',(-45.,-50.,130.));
#8947=CARTESIAN_POINT('',(45.,-50.,130.));
#8948=CARTESIAN_POINT('',(-45.,-50.,130.));
#8949=CARTESIAN_POINT('Origin',(-45.,-45.,130.));
#8950=CARTESIAN_POINT('',(-50.,-45.,130.));
#8951=CARTESIAN_POINT('Origin',(-50.,50.,130.));
#8952=CARTESIAN_POINT('',(-50.,50.,130.));
#8953=CARTESIAN_POINT('Origin',(50.,50.,130.));
#8954=CARTESIAN_POINT('',(50.,50.,130.));
#8955=CARTESIAN_POINT('Origin',(50.,-45.,130.));
#8956=CARTESIAN_POINT('',(50.,-45.,130.));
#8957=CARTESIAN_POINT('Origin',(45.,-45.,130.));
#8958=CARTESIAN_POINT('Origin',(0.,0.,132.5));
#8959=UNCERTAINTY_MEASURE_WITH_UNIT(LENGTH_MEASURE(0.01),#8963,
'DISTANCE_ACCURACY_VALUE',
'Maximum model space distance between geometric entities at asserted c
onnectivities');
#8960=UNCERTAINTY_MEASURE_WITH_UNIT(LENGTH_MEASURE(0.01),#8963,
'DISTANCE_ACCURACY_VALUE',
'Maximum model space distance between geometric entities at asserted c
onnectivities');
#8961=(
GEOMETRIC_REPRESENTATION_CONTEXT(3)
GLOBAL_UNCERTAINTY_ASSIGNED_CONTEXT((#8959))
GLOBAL_UNIT_ASSIGNED_CONTEXT((#8963,#8965,#8966))
REPRESENTATION_CONTEXT('','3D')
);
#8962=(
GEOMETRIC_REPRESENTATION_CONTEXT(3)
GLOBAL_UNCERTAINTY_ASSIGNED_CONTEXT((#8960))
GLOBAL_UNIT_ASSIGNED_CONTEXT((#8963,#8965,#8966))
REPRESENTATION_CONTEXT('','3D')
);
#8963=(
LENGTH_UNIT()
NAMED_UNIT(*)
SI_UNIT(.MILLI.,.METRE.)
);
#8964=(
LENGTH_UNIT()
NAMED_UNIT(*)
SI_UNIT($,.METRE.)
);
#8965=(
NAMED_UNIT(*)
PLANE_ANGLE_UNIT()
SI_UNIT($,.RADIAN.)
);
#8966=(
NAMED_UNIT(*)
SI_UNIT($,.STERADIAN.)
SOLID_ANGLE_UNIT()
);
#8967=SHAPE_DEFINITION_REPRESENTATION(#8968,#8969);
#8968=PRODUCT_DEFINITION_SHAPE('',$,#8971);
#8969=SHAPE_REPRESENTATION('',(#5234),#8961);
#8970=PRODUCT_DEFINITION_CONTEXT('part definition',#8975,'design');
#8971=PRODUCT_DEFINITION('(Unsaved)','(Unsaved)',#8972,#8970);
#8972=PRODUCT_DEFINITION_FORMATION('',$,#8977);
#8973=PRODUCT_RELATED_PRODUCT_CATEGORY('(Unsaved)','(Unsaved)',(#8977));
#8974=APPLICATION_PROTOCOL_DEFINITION('international standard',
'automotive_design',2009,#8975);
#8975=APPLICATION_CONTEXT(
'Core Data for Automotive Mechanical Design Process');
#8976=PRODUCT_CONTEXT('part definition',#8975,'mechanical');
#8977=PRODUCT('(Unsaved)','(Unsaved)',$,(#8976));
#8978=PRESENTATION_STYLE_ASSIGNMENT((#8979));
#8979=SURFACE_STYLE_USAGE(.BOTH.,#8980);
#8980=SURFACE_SIDE_STYLE('',(#8981));
#8981=SURFACE_STYLE_FILL_AREA(#8982);
#8982=FILL_AREA_STYLE('Steel - Satin',(#8983));
#8983=FILL_AREA_STYLE_COLOUR('Steel - Satin',#8984);
#8984=COLOUR_RGB('Steel - Satin',0.792156862745098,0.792156862745098,0.792156862745098);
ENDSEC;
END-ISO-10303-21;
