ISO-10303-21;
HEADER;
/* Generated by software containing ST-Developer
 * from STEP Tools, Inc. (www.steptools.com) 
 */

FILE_DESCRIPTION(
/* description */ (''),
/* implementation_level */ '2;1');

FILE_NAME(
/* name */ 'Chassis - 2.step',
/* time_stamp */ '2026-08-11T11:10:22-04:00',
/* author */ (''),
/* organization */ (''),
/* preprocessor_version */ 'ST-DEVELOPER v20.1',
/* originating_system */ 'Autodesk Translation Framework v15.8.0.0',
/* authorisation */ '');

FILE_SCHEMA (('AUTOMOTIVE_DESIGN { 1 0 10303 214 3 1 1 }'));
ENDSEC;

DATA;
#10=MECHANICAL_DESIGN_GEOMETRIC_PRESENTATION_REPRESENTATION('',(#15,#16),
#9531);
#11=SHAPE_REPRESENTATION_RELATIONSHIP('SRR','None',#9538,#12);
#12=ADVANCED_BREP_SHAPE_REPRESENTATION('',(#17,#18),#9530);
#13=CONICAL_SURFACE('',#5881,2.25,0.0996686524911618);
#14=CONICAL_SURFACE('',#5885,2.25,0.0996686524911618);
#15=STYLED_ITEM('',(#9547),#17);
#16=STYLED_ITEM('',(#9547),#18);
#17=MANIFOLD_SOLID_BREP('Chassis',#5465);
#18=MANIFOLD_SOLID_BREP('Roof',#5466);
#19=ELLIPSE('',#5736,0.707106781186548,0.5);
#20=ELLIPSE('',#5739,0.707106781186548,0.5);
#21=SPHERICAL_SURFACE('',#5630,2.5);
#22=SPHERICAL_SURFACE('',#5636,2.5);
#23=SPHERICAL_SURFACE('',#5906,2.5);
#24=SPHERICAL_SURFACE('',#5912,2.5);
#25=(
BOUNDED_CURVE()
B_SPLINE_CURVE(2,(#8041,#8042,#8043),.UNSPECIFIED.,.F.,.F.)
B_SPLINE_CURVE_WITH_KNOTS((3,3),(-1.5707963267949,-0.927428575437753),
 .UNSPECIFIED.)
CURVE()
GEOMETRIC_REPRESENTATION_ITEM()
RATIONAL_B_SPLINE_CURVE((1.,0.948088441479414,0.998746325407627))
REPRESENTATION_ITEM('')
);
#26=(
BOUNDED_SURFACE()
B_SPLINE_SURFACE(2,2,((#8012,#8013,#8014,#8015,#8016,#8017,#8018,#8019,
#8020),(#8021,#8022,#8023,#8024,#8025,#8026,#8027,#8028,#8029),(#8030,#8031,
#8032,#8033,#8034,#8035,#8036,#8037,#8038)),.UNSPECIFIED.,.F.,.T.,.F.)
B_SPLINE_SURFACE_WITH_KNOTS((3,3),(3,2,2,2,3),(0.919564890268252,1.5707963267949),
(-3.14159265358979,-1.5707963267949,0.,1.5707963267949,3.14159265358979),
 .UNSPECIFIED.)
GEOMETRIC_REPRESENTATION_ITEM()
RATIONAL_B_SPLINE_SURFACE(((1.,0.707106781186548,1.,0.707106781186548,1.,
0.707106781186548,1.,0.707106781186548,1.),(0.947453942544702,0.669951107635288,
0.947453942544702,0.669951107635288,0.947453942544702,0.669951107635288,
0.947453942544702,0.669951107635288,0.947453942544702),(1.,0.707106781186548,
1.,0.707106781186548,1.,0.707106781186548,1.,0.707106781186548,1.)))
REPRESENTATION_ITEM('')
SURFACE()
);
#27=(
BOUNDED_SURFACE()
B_SPLINE_SURFACE(2,2,((#8050,#8051,#8052,#8053,#8054,#8055,#8056,#8057,
#8058),(#8059,#8060,#8061,#8062,#8063,#8064,#8065,#8066,#8067),(#8068,#8069,
#8070,#8071,#8072,#8073,#8074,#8075,#8076)),.UNSPECIFIED.,.F.,.T.,.F.)
B_SPLINE_SURFACE_WITH_KNOTS((3,3),(3,2,2,2,3),(0.927295218001612,1.5707963267949),
(-3.14159265358979,-1.5707963267949,0.,1.5707963267949,3.14159265358979),
 .UNSPECIFIED.)
GEOMETRIC_REPRESENTATION_ITEM()
RATIONAL_B_SPLINE_SURFACE(((1.,0.707106781186548,1.,0.707106781186548,1.,
0.707106781186548,1.,0.707106781186548,1.),(0.948683298050514,0.670820393249937,
0.948683298050514,0.670820393249937,0.948683298050514,0.670820393249937,
0.948683298050514,0.670820393249937,0.948683298050514),(1.,0.707106781186548,
1.,0.707106781186548,1.,0.707106781186548,1.,0.707106781186548,1.)))
REPRESENTATION_ITEM('')
SURFACE()
);
#28=(
BOUNDED_SURFACE()
B_SPLINE_SURFACE(2,2,((#8638,#8639,#8640),(#8641,#8642,#8643),(#8644,#8645,
#8646)),.UNSPECIFIED.,.F.,.F.,.F.)
B_SPLINE_SURFACE_WITH_KNOTS((3,3),(3,3),(-1.5707963267949,0.),(-1.5707963267949,
0.),.UNSPECIFIED.)
GEOMETRIC_REPRESENTATION_ITEM()
RATIONAL_B_SPLINE_SURFACE(((1.,0.707106781186548,1.),(0.707106781186546,
0.499999999999999,0.707106781186546),(1.,0.707106781186548,1.)))
REPRESENTATION_ITEM('')
SURFACE()
);
#29=(
BOUNDED_SURFACE()
B_SPLINE_SURFACE(2,2,((#8654,#8655,#8656),(#8657,#8658,#8659),(#8660,#8661,
#8662)),.UNSPECIFIED.,.F.,.F.,.F.)
B_SPLINE_SURFACE_WITH_KNOTS((3,3),(3,3),(-1.5707963267949,0.),(-3.14159265358979,
-1.5707963267949),.UNSPECIFIED.)
GEOMETRIC_REPRESENTATION_ITEM()
RATIONAL_B_SPLINE_SURFACE(((1.,0.707106781186548,1.),(0.707106781186546,
0.499999999999999,0.707106781186546),(1.,0.707106781186548,1.)))
REPRESENTATION_ITEM('')
SURFACE()
);
#30=(
BOUNDED_SURFACE()
B_SPLINE_SURFACE(2,2,((#9250,#9251,#9252),(#9253,#9254,#9255),(#9256,#9257,
#9258)),.UNSPECIFIED.,.F.,.F.,.F.)
B_SPLINE_SURFACE_WITH_KNOTS((3,3),(3,3),(-3.22973970800046E-15,0.0996686524911617),
(1.5707963267949,3.14159265358979),.UNSPECIFIED.)
GEOMETRIC_REPRESENTATION_ITEM()
RATIONAL_B_SPLINE_SURFACE(((1.,0.707106781186548,1.),(0.998758526924834,
0.706228927156437,0.998758526924834),(1.,0.707106781186548,1.)))
REPRESENTATION_ITEM('')
SURFACE()
);
#31=(
BOUNDED_SURFACE()
B_SPLINE_SURFACE(2,2,((#9303,#9304,#9305),(#9306,#9307,#9308),(#9309,#9310,
#9311)),.UNSPECIFIED.,.F.,.F.,.F.)
B_SPLINE_SURFACE_WITH_KNOTS((3,3),(3,3),(-3.22973970800046E-15,0.0996686524911617),
(0.,1.5707963267949),.UNSPECIFIED.)
GEOMETRIC_REPRESENTATION_ITEM()
RATIONAL_B_SPLINE_SURFACE(((1.,0.707106781186548,1.),(0.998758526924834,
0.706228927156437,0.998758526924834),(1.,0.707106781186548,1.)))
REPRESENTATION_ITEM('')
SURFACE()
);
#32=FACE_BOUND('',#861,.T.);
#33=FACE_BOUND('',#862,.T.);
#34=FACE_BOUND('',#863,.T.);
#35=FACE_BOUND('',#871,.T.);
#36=FACE_BOUND('',#916,.T.);
#37=FACE_BOUND('',#917,.T.);
#38=FACE_BOUND('',#919,.T.);
#39=FACE_BOUND('',#920,.T.);
#40=FACE_BOUND('',#921,.T.);
#41=FACE_BOUND('',#923,.T.);
#42=FACE_BOUND('',#924,.T.);
#43=FACE_BOUND('',#925,.T.);
#44=FACE_BOUND('',#926,.T.);
#45=FACE_BOUND('',#933,.T.);
#46=FACE_BOUND('',#934,.T.);
#47=FACE_BOUND('',#937,.T.);
#48=FACE_BOUND('',#938,.T.);
#49=FACE_BOUND('',#939,.T.);
#50=FACE_BOUND('',#942,.T.);
#51=FACE_BOUND('',#943,.T.);
#52=FACE_BOUND('',#944,.T.);
#53=FACE_BOUND('',#945,.T.);
#54=FACE_BOUND('',#947,.T.);
#55=FACE_BOUND('',#948,.T.);
#56=FACE_BOUND('',#952,.T.);
#57=FACE_BOUND('',#953,.T.);
#58=FACE_BOUND('',#954,.T.);
#59=FACE_BOUND('',#955,.T.);
#60=FACE_BOUND('',#966,.T.);
#61=FACE_BOUND('',#967,.T.);
#62=FACE_BOUND('',#968,.T.);
#63=FACE_BOUND('',#969,.T.);
#64=FACE_BOUND('',#1024,.T.);
#65=FACE_BOUND('',#1027,.T.);
#66=FACE_BOUND('',#1030,.T.);
#67=FACE_BOUND('',#1046,.T.);
#68=FACE_BOUND('',#1049,.T.);
#69=FACE_BOUND('',#1052,.T.);
#70=FACE_BOUND('',#1059,.T.);
#71=FACE_BOUND('',#1062,.T.);
#72=FACE_BOUND('',#1065,.T.);
#73=FACE_BOUND('',#1082,.T.);
#74=FACE_BOUND('',#1084,.T.);
#75=FACE_BOUND('',#1118,.T.);
#76=FACE_BOUND('',#1128,.T.);
#77=FACE_BOUND('',#1129,.T.);
#78=FACE_BOUND('',#1130,.T.);
#79=TOROIDAL_SURFACE('',#5529,4.35424868893541,1.);
#80=TOROIDAL_SURFACE('',#5540,4.35424868893541,1.);
#81=TOROIDAL_SURFACE('',#5747,10.5,0.5);
#82=TOROIDAL_SURFACE('',#5774,9.5,5.);
#83=TOROIDAL_SURFACE('',#5777,9.5,5.);
#84=CIRCLE('',#5486,1.);
#85=CIRCLE('',#5487,1.);
#86=CIRCLE('',#5490,1.);
#87=CIRCLE('',#5491,1.);
#88=CIRCLE('',#5494,1.);
#89=CIRCLE('',#5495,1.);
#90=CIRCLE('',#5498,1.);
#91=CIRCLE('',#5499,1.);
#92=CIRCLE('',#5502,2.6);
#93=CIRCLE('',#5503,2.6);
#94=CIRCLE('',#5505,2.6);
#95=CIRCLE('',#5506,2.6);
#96=CIRCLE('',#5508,2.6);
#97=CIRCLE('',#5509,2.6);
#98=CIRCLE('',#5511,2.6);
#99=CIRCLE('',#5512,2.6);
#100=CIRCLE('',#5516,5.);
#101=CIRCLE('',#5517,5.);
#102=CIRCLE('',#5520,5.);
#103=CIRCLE('',#5521,5.);
#104=CIRCLE('',#5524,5.);
#105=CIRCLE('',#5525,5.);
#106=CIRCLE('',#5527,5.);
#107=CIRCLE('',#5528,5.);
#108=CIRCLE('',#5530,1.);
#109=CIRCLE('',#5531,3.75424868893541);
#110=CIRCLE('',#5532,3.75424868893541);
#111=CIRCLE('',#5533,1.);
#112=CIRCLE('',#5534,4.35424868893541);
#113=CIRCLE('',#5536,2.5);
#114=CIRCLE('',#5537,2.5);
#115=CIRCLE('',#5538,4.35424868893541);
#116=CIRCLE('',#5539,1.35424868893541);
#117=CIRCLE('',#5541,3.75424868893541);
#118=CIRCLE('',#5542,3.75424868893541);
#119=CIRCLE('',#5543,1.);
#120=CIRCLE('',#5544,1.35424868893541);
#121=CIRCLE('',#5545,4.);
#122=CIRCLE('',#5550,12.5);
#123=CIRCLE('',#5551,12.5);
#124=CIRCLE('',#5552,20.);
#125=CIRCLE('',#5553,20.);
#126=CIRCLE('',#5554,12.5);
#127=CIRCLE('',#5555,20.);
#128=CIRCLE('',#5556,20.);
#129=CIRCLE('',#5557,12.5);
#130=CIRCLE('',#5558,20.);
#131=CIRCLE('',#5559,20.);
#132=CIRCLE('',#5560,20.);
#133=CIRCLE('',#5561,20.);
#134=CIRCLE('',#5568,2.5);
#135=CIRCLE('',#5569,2.5);
#136=CIRCLE('',#5572,2.5);
#137=CIRCLE('',#5573,2.5);
#138=CIRCLE('',#5576,2.5);
#139=CIRCLE('',#5577,2.5);
#140=CIRCLE('',#5580,2.5);
#141=CIRCLE('',#5581,2.5);
#142=CIRCLE('',#5584,2.5);
#143=CIRCLE('',#5585,2.5);
#144=CIRCLE('',#5586,2.5);
#145=CIRCLE('',#5587,2.5);
#146=CIRCLE('',#5588,2.5);
#147=CIRCLE('',#5590,2.5);
#148=CIRCLE('',#5592,2.5);
#149=CIRCLE('',#5595,2.5);
#150=CIRCLE('',#5598,2.5);
#151=CIRCLE('',#5599,2.5);
#152=CIRCLE('',#5602,2.5);
#153=CIRCLE('',#5603,2.5);
#154=CIRCLE('',#5606,2.5);
#155=CIRCLE('',#5607,2.5);
#156=CIRCLE('',#5610,2.5);
#157=CIRCLE('',#5611,2.5);
#158=CIRCLE('',#5612,2.5);
#159=CIRCLE('',#5613,2.5);
#160=CIRCLE('',#5615,2.5);
#161=CIRCLE('',#5618,2.5);
#162=CIRCLE('',#5620,2.5);
#163=CIRCLE('',#5621,2.5);
#164=CIRCLE('',#5623,2.5);
#165=CIRCLE('',#5626,2.5);
#166=CIRCLE('',#5631,2.5);
#167=CIRCLE('',#5632,2.5);
#168=CIRCLE('',#5633,2.5);
#169=CIRCLE('',#5635,2.5);
#170=CIRCLE('',#5637,2.5);
#171=CIRCLE('',#5638,2.5);
#172=CIRCLE('',#5639,2.5);
#173=CIRCLE('',#5641,2.5);
#174=CIRCLE('',#5643,2.5);
#175=CIRCLE('',#5646,2.5);
#176=CIRCLE('',#5649,10.);
#177=CIRCLE('',#5650,10.);
#178=CIRCLE('',#5651,10.);
#179=CIRCLE('',#5652,10.);
#180=CIRCLE('',#5655,2.5);
#181=CIRCLE('',#5656,2.5);
#182=CIRCLE('',#5657,2.5);
#183=CIRCLE('',#5658,5.);
#184=CIRCLE('',#5660,2.5);
#185=CIRCLE('',#5661,2.5);
#186=CIRCLE('',#5662,5.);
#187=CIRCLE('',#5664,2.5);
#188=CIRCLE('',#5666,9.5);
#189=CIRCLE('',#5668,5.);
#190=CIRCLE('',#5671,5.);
#191=CIRCLE('',#5673,10.);
#192=CIRCLE('',#5674,10.);
#193=CIRCLE('',#5675,10.);
#194=CIRCLE('',#5676,10.);
#195=CIRCLE('',#5678,9.5);
#196=CIRCLE('',#5681,12.5);
#197=CIRCLE('',#5682,20.);
#198=CIRCLE('',#5686,12.5);
#199=CIRCLE('',#5687,20.);
#200=CIRCLE('',#5689,12.5);
#201=CIRCLE('',#5690,12.5);
#202=CIRCLE('',#5691,12.5);
#203=CIRCLE('',#5692,12.5);
#204=CIRCLE('',#5695,12.5);
#205=CIRCLE('',#5696,20.);
#206=CIRCLE('',#5699,12.5);
#207=CIRCLE('',#5700,20.);
#208=CIRCLE('',#5703,20.);
#209=CIRCLE('',#5704,12.5);
#210=CIRCLE('',#5708,12.5);
#211=CIRCLE('',#5709,20.);
#212=CIRCLE('',#5712,12.5);
#213=CIRCLE('',#5713,20.);
#214=CIRCLE('',#5716,12.5);
#215=CIRCLE('',#5717,20.);
#216=CIRCLE('',#5735,0.5);
#217=CIRCLE('',#5738,0.5);
#218=CIRCLE('',#5742,0.5);
#219=CIRCLE('',#5743,0.5);
#220=CIRCLE('',#5745,0.5);
#221=CIRCLE('',#5746,0.5);
#222=CIRCLE('',#5748,10.5);
#223=CIRCLE('',#5749,10.);
#224=CIRCLE('',#5751,10.);
#225=CIRCLE('',#5775,4.5);
#226=CIRCLE('',#5776,5.);
#227=CIRCLE('',#5778,4.5);
#228=CIRCLE('',#5779,5.);
#229=CIRCLE('',#5781,3.25);
#230=CIRCLE('',#5782,2.25);
#231=CIRCLE('',#5784,3.25);
#232=CIRCLE('',#5787,3.25);
#233=CIRCLE('',#5788,3.25);
#234=CIRCLE('',#5791,2.25);
#235=CIRCLE('',#5793,2.25);
#236=CIRCLE('',#5794,2.25);
#237=CIRCLE('',#5827,1.);
#238=CIRCLE('',#5828,1.);
#239=CIRCLE('',#5830,1.);
#240=CIRCLE('',#5833,1.);
#241=CIRCLE('',#5844,33.);
#242=CIRCLE('',#5845,33.);
#243=CIRCLE('',#5847,2.5);
#244=CIRCLE('',#5850,33.);
#245=CIRCLE('',#5851,33.);
#246=CIRCLE('',#5852,2.5);
#247=CIRCLE('',#5853,33.);
#248=CIRCLE('',#5854,2.33622727692964);
#249=CIRCLE('',#5856,33.);
#250=CIRCLE('',#5858,2.5);
#251=CIRCLE('',#5861,2.5);
#252=CIRCLE('',#5864,33.);
#253=CIRCLE('',#5865,33.);
#254=CIRCLE('',#5866,2.5);
#255=CIRCLE('',#5867,33.);
#256=CIRCLE('',#5868,2.33622727692964);
#257=CIRCLE('',#5870,33.);
#258=CIRCLE('',#5872,2.5);
#259=CIRCLE('',#5875,2.5);
#260=CIRCLE('',#5878,2.5);
#261=CIRCLE('',#5882,2.);
#262=CIRCLE('',#5886,2.);
#263=CIRCLE('',#5889,2.5);
#264=CIRCLE('',#5894,4.);
#265=CIRCLE('',#5895,4.);
#266=CIRCLE('',#5898,4.);
#267=CIRCLE('',#5899,4.);
#268=CIRCLE('',#5901,5.);
#269=CIRCLE('',#5902,5.);
#270=CIRCLE('',#5904,2.5);
#271=CIRCLE('',#5905,2.5);
#272=CIRCLE('',#5907,2.5);
#273=CIRCLE('',#5908,2.5);
#274=CIRCLE('',#5911,2.5);
#275=CIRCLE('',#5913,2.5);
#276=CIRCLE('',#5914,2.5);
#277=CIRCLE('',#5917,2.5);
#278=CIRCLE('',#5920,5.);
#279=CIRCLE('',#5921,5.);
#280=CIRCLE('',#5923,2.5);
#281=CYLINDRICAL_SURFACE('',#5485,1.);
#282=CYLINDRICAL_SURFACE('',#5489,1.);
#283=CYLINDRICAL_SURFACE('',#5493,1.);
#284=CYLINDRICAL_SURFACE('',#5497,1.);
#285=CYLINDRICAL_SURFACE('',#5501,2.6);
#286=CYLINDRICAL_SURFACE('',#5504,2.6);
#287=CYLINDRICAL_SURFACE('',#5507,2.6);
#288=CYLINDRICAL_SURFACE('',#5510,2.6);
#289=CYLINDRICAL_SURFACE('',#5515,5.);
#290=CYLINDRICAL_SURFACE('',#5519,5.);
#291=CYLINDRICAL_SURFACE('',#5523,5.);
#292=CYLINDRICAL_SURFACE('',#5526,5.);
#293=CYLINDRICAL_SURFACE('',#5548,2.5);
#294=CYLINDRICAL_SURFACE('',#5562,2.5);
#295=CYLINDRICAL_SURFACE('',#5563,2.5);
#296=CYLINDRICAL_SURFACE('',#5564,2.5);
#297=CYLINDRICAL_SURFACE('',#5565,2.5);
#298=CYLINDRICAL_SURFACE('',#5566,2.5);
#299=CYLINDRICAL_SURFACE('',#5567,2.5);
#300=CYLINDRICAL_SURFACE('',#5571,2.5);
#301=CYLINDRICAL_SURFACE('',#5575,2.5);
#302=CYLINDRICAL_SURFACE('',#5579,2.5);
#303=CYLINDRICAL_SURFACE('',#5589,2.5);
#304=CYLINDRICAL_SURFACE('',#5591,2.5);
#305=CYLINDRICAL_SURFACE('',#5594,2.5);
#306=CYLINDRICAL_SURFACE('',#5597,2.5);
#307=CYLINDRICAL_SURFACE('',#5601,2.5);
#308=CYLINDRICAL_SURFACE('',#5605,2.5);
#309=CYLINDRICAL_SURFACE('',#5614,2.5);
#310=CYLINDRICAL_SURFACE('',#5617,2.5);
#311=CYLINDRICAL_SURFACE('',#5622,2.5);
#312=CYLINDRICAL_SURFACE('',#5625,2.5);
#313=CYLINDRICAL_SURFACE('',#5627,2.5);
#314=CYLINDRICAL_SURFACE('',#5629,2.5);
#315=CYLINDRICAL_SURFACE('',#5634,2.5);
#316=CYLINDRICAL_SURFACE('',#5640,2.5);
#317=CYLINDRICAL_SURFACE('',#5642,2.5);
#318=CYLINDRICAL_SURFACE('',#5644,2.5);
#319=CYLINDRICAL_SURFACE('',#5645,2.5);
#320=CYLINDRICAL_SURFACE('',#5654,2.5);
#321=CYLINDRICAL_SURFACE('',#5659,2.5);
#322=CYLINDRICAL_SURFACE('',#5663,2.5);
#323=CYLINDRICAL_SURFACE('',#5667,5.);
#324=CYLINDRICAL_SURFACE('',#5670,5.);
#325=CYLINDRICAL_SURFACE('',#5719,20.);
#326=CYLINDRICAL_SURFACE('',#5720,12.5);
#327=CYLINDRICAL_SURFACE('',#5721,20.);
#328=CYLINDRICAL_SURFACE('',#5723,20.);
#329=CYLINDRICAL_SURFACE('',#5724,12.5);
#330=CYLINDRICAL_SURFACE('',#5725,20.);
#331=CYLINDRICAL_SURFACE('',#5727,20.);
#332=CYLINDRICAL_SURFACE('',#5728,12.5);
#333=CYLINDRICAL_SURFACE('',#5729,20.);
#334=CYLINDRICAL_SURFACE('',#5731,20.);
#335=CYLINDRICAL_SURFACE('',#5732,12.5);
#336=CYLINDRICAL_SURFACE('',#5733,20.);
#337=CYLINDRICAL_SURFACE('',#5734,0.5);
#338=CYLINDRICAL_SURFACE('',#5737,0.5);
#339=CYLINDRICAL_SURFACE('',#5740,0.5);
#340=CYLINDRICAL_SURFACE('',#5741,0.5);
#341=CYLINDRICAL_SURFACE('',#5744,0.5);
#342=CYLINDRICAL_SURFACE('',#5750,10.);
#343=CYLINDRICAL_SURFACE('',#5762,10.);
#344=CYLINDRICAL_SURFACE('',#5764,10.);
#345=CYLINDRICAL_SURFACE('',#5765,10.);
#346=CYLINDRICAL_SURFACE('',#5766,10.);
#347=CYLINDRICAL_SURFACE('',#5783,3.25);
#348=CYLINDRICAL_SURFACE('',#5786,3.25);
#349=CYLINDRICAL_SURFACE('',#5790,2.25);
#350=CYLINDRICAL_SURFACE('',#5792,2.25);
#351=CYLINDRICAL_SURFACE('',#5826,1.);
#352=CYLINDRICAL_SURFACE('',#5832,1.);
#353=CYLINDRICAL_SURFACE('',#5843,33.);
#354=CYLINDRICAL_SURFACE('',#5849,33.);
#355=CYLINDRICAL_SURFACE('',#5855,33.);
#356=CYLINDRICAL_SURFACE('',#5860,2.5);
#357=CYLINDRICAL_SURFACE('',#5863,33.);
#358=CYLINDRICAL_SURFACE('',#5869,33.);
#359=CYLINDRICAL_SURFACE('',#5874,2.5);
#360=CYLINDRICAL_SURFACE('',#5893,4.);
#361=CYLINDRICAL_SURFACE('',#5897,4.);
#362=CYLINDRICAL_SURFACE('',#5903,2.5);
#363=CYLINDRICAL_SURFACE('',#5910,2.5);
#364=CYLINDRICAL_SURFACE('',#5916,2.5);
#365=CYLINDRICAL_SURFACE('',#5918,2.5);
#366=CYLINDRICAL_SURFACE('',#5922,2.5);
#367=CYLINDRICAL_SURFACE('',#5924,2.5);
#368=CYLINDRICAL_SURFACE('',#5925,2.5);
#369=CYLINDRICAL_SURFACE('',#5934,5.);
#370=CYLINDRICAL_SURFACE('',#5938,5.);
#371=PLANE('',#5480);
#372=PLANE('',#5481);
#373=PLANE('',#5482);
#374=PLANE('',#5483);
#375=PLANE('',#5484);
#376=PLANE('',#5488);
#377=PLANE('',#5492);
#378=PLANE('',#5496);
#379=PLANE('',#5500);
#380=PLANE('',#5513);
#381=PLANE('',#5514);
#382=PLANE('',#5518);
#383=PLANE('',#5522);
#384=PLANE('',#5535);
#385=PLANE('',#5546);
#386=PLANE('',#5547);
#387=PLANE('',#5549);
#388=PLANE('',#5570);
#389=PLANE('',#5574);
#390=PLANE('',#5578);
#391=PLANE('',#5582);
#392=PLANE('',#5583);
#393=PLANE('',#5593);
#394=PLANE('',#5596);
#395=PLANE('',#5600);
#396=PLANE('',#5604);
#397=PLANE('',#5608);
#398=PLANE('',#5609);
#399=PLANE('',#5616);
#400=PLANE('',#5619);
#401=PLANE('',#5624);
#402=PLANE('',#5628);
#403=PLANE('',#5647);
#404=PLANE('',#5648);
#405=PLANE('',#5653);
#406=PLANE('',#5665);
#407=PLANE('',#5669);
#408=PLANE('',#5672);
#409=PLANE('',#5677);
#410=PLANE('',#5679);
#411=PLANE('',#5680);
#412=PLANE('',#5683);
#413=PLANE('',#5684);
#414=PLANE('',#5685);
#415=PLANE('',#5688);
#416=PLANE('',#5693);
#417=PLANE('',#5694);
#418=PLANE('',#5697);
#419=PLANE('',#5698);
#420=PLANE('',#5701);
#421=PLANE('',#5702);
#422=PLANE('',#5705);
#423=PLANE('',#5706);
#424=PLANE('',#5707);
#425=PLANE('',#5710);
#426=PLANE('',#5711);
#427=PLANE('',#5714);
#428=PLANE('',#5715);
#429=PLANE('',#5718);
#430=PLANE('',#5722);
#431=PLANE('',#5726);
#432=PLANE('',#5730);
#433=PLANE('',#5752);
#434=PLANE('',#5753);
#435=PLANE('',#5754);
#436=PLANE('',#5755);
#437=PLANE('',#5756);
#438=PLANE('',#5757);
#439=PLANE('',#5758);
#440=PLANE('',#5759);
#441=PLANE('',#5760);
#442=PLANE('',#5761);
#443=PLANE('',#5763);
#444=PLANE('',#5767);
#445=PLANE('',#5768);
#446=PLANE('',#5769);
#447=PLANE('',#5770);
#448=PLANE('',#5771);
#449=PLANE('',#5772);
#450=PLANE('',#5773);
#451=PLANE('',#5780);
#452=PLANE('',#5785);
#453=PLANE('',#5789);
#454=PLANE('',#5795);
#455=PLANE('',#5796);
#456=PLANE('',#5797);
#457=PLANE('',#5798);
#458=PLANE('',#5799);
#459=PLANE('',#5800);
#460=PLANE('',#5801);
#461=PLANE('',#5802);
#462=PLANE('',#5803);
#463=PLANE('',#5804);
#464=PLANE('',#5805);
#465=PLANE('',#5806);
#466=PLANE('',#5807);
#467=PLANE('',#5808);
#468=PLANE('',#5809);
#469=PLANE('',#5810);
#470=PLANE('',#5811);
#471=PLANE('',#5812);
#472=PLANE('',#5813);
#473=PLANE('',#5814);
#474=PLANE('',#5815);
#475=PLANE('',#5816);
#476=PLANE('',#5817);
#477=PLANE('',#5818);
#478=PLANE('',#5819);
#479=PLANE('',#5820);
#480=PLANE('',#5821);
#481=PLANE('',#5822);
#482=PLANE('',#5823);
#483=PLANE('',#5824);
#484=PLANE('',#5825);
#485=PLANE('',#5829);
#486=PLANE('',#5831);
#487=PLANE('',#5834);
#488=PLANE('',#5835);
#489=PLANE('',#5836);
#490=PLANE('',#5837);
#491=PLANE('',#5838);
#492=PLANE('',#5839);
#493=PLANE('',#5840);
#494=PLANE('',#5841);
#495=PLANE('',#5842);
#496=PLANE('',#5846);
#497=PLANE('',#5848);
#498=PLANE('',#5857);
#499=PLANE('',#5859);
#500=PLANE('',#5862);
#501=PLANE('',#5871);
#502=PLANE('',#5873);
#503=PLANE('',#5876);
#504=PLANE('',#5877);
#505=PLANE('',#5879);
#506=PLANE('',#5880);
#507=PLANE('',#5883);
#508=PLANE('',#5884);
#509=PLANE('',#5887);
#510=PLANE('',#5888);
#511=PLANE('',#5890);
#512=PLANE('',#5891);
#513=PLANE('',#5892);
#514=PLANE('',#5896);
#515=PLANE('',#5900);
#516=PLANE('',#5909);
#517=PLANE('',#5915);
#518=PLANE('',#5919);
#519=PLANE('',#5926);
#520=PLANE('',#5927);
#521=PLANE('',#5928);
#522=PLANE('',#5929);
#523=PLANE('',#5930);
#524=PLANE('',#5931);
#525=PLANE('',#5932);
#526=PLANE('',#5933);
#527=PLANE('',#5935);
#528=PLANE('',#5936);
#529=PLANE('',#5937);
#530=PLANE('',#5939);
#531=FACE_OUTER_BOUND('',#816,.T.);
#532=FACE_OUTER_BOUND('',#817,.T.);
#533=FACE_OUTER_BOUND('',#818,.T.);
#534=FACE_OUTER_BOUND('',#819,.T.);
#535=FACE_OUTER_BOUND('',#820,.T.);
#536=FACE_OUTER_BOUND('',#821,.T.);
#537=FACE_OUTER_BOUND('',#822,.T.);
#538=FACE_OUTER_BOUND('',#823,.T.);
#539=FACE_OUTER_BOUND('',#824,.T.);
#540=FACE_OUTER_BOUND('',#825,.T.);
#541=FACE_OUTER_BOUND('',#826,.T.);
#542=FACE_OUTER_BOUND('',#827,.T.);
#543=FACE_OUTER_BOUND('',#828,.T.);
#544=FACE_OUTER_BOUND('',#829,.T.);
#545=FACE_OUTER_BOUND('',#830,.T.);
#546=FACE_OUTER_BOUND('',#831,.T.);
#547=FACE_OUTER_BOUND('',#832,.T.);
#548=FACE_OUTER_BOUND('',#833,.T.);
#549=FACE_OUTER_BOUND('',#834,.T.);
#550=FACE_OUTER_BOUND('',#835,.T.);
#551=FACE_OUTER_BOUND('',#836,.T.);
#552=FACE_OUTER_BOUND('',#837,.T.);
#553=FACE_OUTER_BOUND('',#838,.T.);
#554=FACE_OUTER_BOUND('',#839,.T.);
#555=FACE_OUTER_BOUND('',#840,.T.);
#556=FACE_OUTER_BOUND('',#841,.T.);
#557=FACE_OUTER_BOUND('',#842,.T.);
#558=FACE_OUTER_BOUND('',#843,.T.);
#559=FACE_OUTER_BOUND('',#844,.T.);
#560=FACE_OUTER_BOUND('',#845,.T.);
#561=FACE_OUTER_BOUND('',#846,.T.);
#562=FACE_OUTER_BOUND('',#847,.T.);
#563=FACE_OUTER_BOUND('',#848,.T.);
#564=FACE_OUTER_BOUND('',#849,.T.);
#565=FACE_OUTER_BOUND('',#850,.T.);
#566=FACE_OUTER_BOUND('',#851,.T.);
#567=FACE_OUTER_BOUND('',#852,.T.);
#568=FACE_OUTER_BOUND('',#853,.T.);
#569=FACE_OUTER_BOUND('',#854,.T.);
#570=FACE_OUTER_BOUND('',#855,.T.);
#571=FACE_OUTER_BOUND('',#856,.T.);
#572=FACE_OUTER_BOUND('',#857,.T.);
#573=FACE_OUTER_BOUND('',#858,.T.);
#574=FACE_OUTER_BOUND('',#859,.T.);
#575=FACE_OUTER_BOUND('',#860,.T.);
#576=FACE_OUTER_BOUND('',#864,.T.);
#577=FACE_OUTER_BOUND('',#865,.T.);
#578=FACE_OUTER_BOUND('',#866,.T.);
#579=FACE_OUTER_BOUND('',#867,.T.);
#580=FACE_OUTER_BOUND('',#868,.T.);
#581=FACE_OUTER_BOUND('',#869,.T.);
#582=FACE_OUTER_BOUND('',#870,.T.);
#583=FACE_OUTER_BOUND('',#872,.T.);
#584=FACE_OUTER_BOUND('',#873,.T.);
#585=FACE_OUTER_BOUND('',#874,.T.);
#586=FACE_OUTER_BOUND('',#875,.T.);
#587=FACE_OUTER_BOUND('',#876,.T.);
#588=FACE_OUTER_BOUND('',#877,.T.);
#589=FACE_OUTER_BOUND('',#878,.T.);
#590=FACE_OUTER_BOUND('',#879,.T.);
#591=FACE_OUTER_BOUND('',#880,.T.);
#592=FACE_OUTER_BOUND('',#881,.T.);
#593=FACE_OUTER_BOUND('',#882,.T.);
#594=FACE_OUTER_BOUND('',#883,.T.);
#595=FACE_OUTER_BOUND('',#884,.T.);
#596=FACE_OUTER_BOUND('',#885,.T.);
#597=FACE_OUTER_BOUND('',#886,.T.);
#598=FACE_OUTER_BOUND('',#887,.T.);
#599=FACE_OUTER_BOUND('',#888,.T.);
#600=FACE_OUTER_BOUND('',#889,.T.);
#601=FACE_OUTER_BOUND('',#890,.T.);
#602=FACE_OUTER_BOUND('',#891,.T.);
#603=FACE_OUTER_BOUND('',#892,.T.);
#604=FACE_OUTER_BOUND('',#893,.T.);
#605=FACE_OUTER_BOUND('',#894,.T.);
#606=FACE_OUTER_BOUND('',#895,.T.);
#607=FACE_OUTER_BOUND('',#896,.T.);
#608=FACE_OUTER_BOUND('',#897,.T.);
#609=FACE_OUTER_BOUND('',#898,.T.);
#610=FACE_OUTER_BOUND('',#899,.T.);
#611=FACE_OUTER_BOUND('',#900,.T.);
#612=FACE_OUTER_BOUND('',#901,.T.);
#613=FACE_OUTER_BOUND('',#902,.T.);
#614=FACE_OUTER_BOUND('',#903,.T.);
#615=FACE_OUTER_BOUND('',#904,.T.);
#616=FACE_OUTER_BOUND('',#905,.T.);
#617=FACE_OUTER_BOUND('',#906,.T.);
#618=FACE_OUTER_BOUND('',#907,.T.);
#619=FACE_OUTER_BOUND('',#908,.T.);
#620=FACE_OUTER_BOUND('',#909,.T.);
#621=FACE_OUTER_BOUND('',#910,.T.);
#622=FACE_OUTER_BOUND('',#911,.T.);
#623=FACE_OUTER_BOUND('',#912,.T.);
#624=FACE_OUTER_BOUND('',#913,.T.);
#625=FACE_OUTER_BOUND('',#914,.T.);
#626=FACE_OUTER_BOUND('',#915,.T.);
#627=FACE_OUTER_BOUND('',#918,.T.);
#628=FACE_OUTER_BOUND('',#922,.T.);
#629=FACE_OUTER_BOUND('',#927,.T.);
#630=FACE_OUTER_BOUND('',#928,.T.);
#631=FACE_OUTER_BOUND('',#929,.T.);
#632=FACE_OUTER_BOUND('',#930,.T.);
#633=FACE_OUTER_BOUND('',#931,.T.);
#634=FACE_OUTER_BOUND('',#932,.T.);
#635=FACE_OUTER_BOUND('',#935,.T.);
#636=FACE_OUTER_BOUND('',#936,.T.);
#637=FACE_OUTER_BOUND('',#940,.T.);
#638=FACE_OUTER_BOUND('',#941,.T.);
#639=FACE_OUTER_BOUND('',#946,.T.);
#640=FACE_OUTER_BOUND('',#949,.T.);
#641=FACE_OUTER_BOUND('',#950,.T.);
#642=FACE_OUTER_BOUND('',#951,.T.);
#643=FACE_OUTER_BOUND('',#956,.T.);
#644=FACE_OUTER_BOUND('',#957,.T.);
#645=FACE_OUTER_BOUND('',#958,.T.);
#646=FACE_OUTER_BOUND('',#959,.T.);
#647=FACE_OUTER_BOUND('',#960,.T.);
#648=FACE_OUTER_BOUND('',#961,.T.);
#649=FACE_OUTER_BOUND('',#962,.T.);
#650=FACE_OUTER_BOUND('',#963,.T.);
#651=FACE_OUTER_BOUND('',#964,.T.);
#652=FACE_OUTER_BOUND('',#965,.T.);
#653=FACE_OUTER_BOUND('',#970,.T.);
#654=FACE_OUTER_BOUND('',#971,.T.);
#655=FACE_OUTER_BOUND('',#972,.T.);
#656=FACE_OUTER_BOUND('',#973,.T.);
#657=FACE_OUTER_BOUND('',#974,.T.);
#658=FACE_OUTER_BOUND('',#975,.T.);
#659=FACE_OUTER_BOUND('',#976,.T.);
#660=FACE_OUTER_BOUND('',#977,.T.);
#661=FACE_OUTER_BOUND('',#978,.T.);
#662=FACE_OUTER_BOUND('',#979,.T.);
#663=FACE_OUTER_BOUND('',#980,.T.);
#664=FACE_OUTER_BOUND('',#981,.T.);
#665=FACE_OUTER_BOUND('',#982,.T.);
#666=FACE_OUTER_BOUND('',#983,.T.);
#667=FACE_OUTER_BOUND('',#984,.T.);
#668=FACE_OUTER_BOUND('',#985,.T.);
#669=FACE_OUTER_BOUND('',#986,.T.);
#670=FACE_OUTER_BOUND('',#987,.T.);
#671=FACE_OUTER_BOUND('',#988,.T.);
#672=FACE_OUTER_BOUND('',#989,.T.);
#673=FACE_OUTER_BOUND('',#990,.T.);
#674=FACE_OUTER_BOUND('',#991,.T.);
#675=FACE_OUTER_BOUND('',#992,.T.);
#676=FACE_OUTER_BOUND('',#993,.T.);
#677=FACE_OUTER_BOUND('',#994,.T.);
#678=FACE_OUTER_BOUND('',#995,.T.);
#679=FACE_OUTER_BOUND('',#996,.T.);
#680=FACE_OUTER_BOUND('',#997,.T.);
#681=FACE_OUTER_BOUND('',#998,.T.);
#682=FACE_OUTER_BOUND('',#999,.T.);
#683=FACE_OUTER_BOUND('',#1000,.T.);
#684=FACE_OUTER_BOUND('',#1001,.T.);
#685=FACE_OUTER_BOUND('',#1002,.T.);
#686=FACE_OUTER_BOUND('',#1003,.T.);
#687=FACE_OUTER_BOUND('',#1004,.T.);
#688=FACE_OUTER_BOUND('',#1005,.T.);
#689=FACE_OUTER_BOUND('',#1006,.T.);
#690=FACE_OUTER_BOUND('',#1007,.T.);
#691=FACE_OUTER_BOUND('',#1008,.T.);
#692=FACE_OUTER_BOUND('',#1009,.T.);
#693=FACE_OUTER_BOUND('',#1010,.T.);
#694=FACE_OUTER_BOUND('',#1011,.T.);
#695=FACE_OUTER_BOUND('',#1012,.T.);
#696=FACE_OUTER_BOUND('',#1013,.T.);
#697=FACE_OUTER_BOUND('',#1014,.T.);
#698=FACE_OUTER_BOUND('',#1015,.T.);
#699=FACE_OUTER_BOUND('',#1016,.T.);
#700=FACE_OUTER_BOUND('',#1017,.T.);
#701=FACE_OUTER_BOUND('',#1018,.T.);
#702=FACE_OUTER_BOUND('',#1019,.T.);
#703=FACE_OUTER_BOUND('',#1020,.T.);
#704=FACE_OUTER_BOUND('',#1021,.T.);
#705=FACE_OUTER_BOUND('',#1022,.T.);
#706=FACE_OUTER_BOUND('',#1023,.T.);
#707=FACE_OUTER_BOUND('',#1025,.T.);
#708=FACE_OUTER_BOUND('',#1026,.T.);
#709=FACE_OUTER_BOUND('',#1028,.T.);
#710=FACE_OUTER_BOUND('',#1029,.T.);
#711=FACE_OUTER_BOUND('',#1031,.T.);
#712=FACE_OUTER_BOUND('',#1032,.T.);
#713=FACE_OUTER_BOUND('',#1033,.T.);
#714=FACE_OUTER_BOUND('',#1034,.T.);
#715=FACE_OUTER_BOUND('',#1035,.T.);
#716=FACE_OUTER_BOUND('',#1036,.T.);
#717=FACE_OUTER_BOUND('',#1037,.T.);
#718=FACE_OUTER_BOUND('',#1038,.T.);
#719=FACE_OUTER_BOUND('',#1039,.T.);
#720=FACE_OUTER_BOUND('',#1040,.T.);
#721=FACE_OUTER_BOUND('',#1041,.T.);
#722=FACE_OUTER_BOUND('',#1042,.T.);
#723=FACE_OUTER_BOUND('',#1043,.T.);
#724=FACE_OUTER_BOUND('',#1044,.T.);
#725=FACE_OUTER_BOUND('',#1045,.T.);
#726=FACE_OUTER_BOUND('',#1047,.T.);
#727=FACE_OUTER_BOUND('',#1048,.T.);
#728=FACE_OUTER_BOUND('',#1050,.T.);
#729=FACE_OUTER_BOUND('',#1051,.T.);
#730=FACE_OUTER_BOUND('',#1053,.T.);
#731=FACE_OUTER_BOUND('',#1054,.T.);
#732=FACE_OUTER_BOUND('',#1055,.T.);
#733=FACE_OUTER_BOUND('',#1056,.T.);
#734=FACE_OUTER_BOUND('',#1057,.T.);
#735=FACE_OUTER_BOUND('',#1058,.T.);
#736=FACE_OUTER_BOUND('',#1060,.T.);
#737=FACE_OUTER_BOUND('',#1061,.T.);
#738=FACE_OUTER_BOUND('',#1063,.T.);
#739=FACE_OUTER_BOUND('',#1064,.T.);
#740=FACE_OUTER_BOUND('',#1066,.T.);
#741=FACE_OUTER_BOUND('',#1067,.T.);
#742=FACE_OUTER_BOUND('',#1068,.T.);
#743=FACE_OUTER_BOUND('',#1069,.T.);
#744=FACE_OUTER_BOUND('',#1070,.T.);
#745=FACE_OUTER_BOUND('',#1071,.T.);
#746=FACE_OUTER_BOUND('',#1072,.T.);
#747=FACE_OUTER_BOUND('',#1073,.T.);
#748=FACE_OUTER_BOUND('',#1074,.T.);
#749=FACE_OUTER_BOUND('',#1075,.T.);
#750=FACE_OUTER_BOUND('',#1076,.T.);
#751=FACE_OUTER_BOUND('',#1077,.T.);
#752=FACE_OUTER_BOUND('',#1078,.T.);
#753=FACE_OUTER_BOUND('',#1079,.T.);
#754=FACE_OUTER_BOUND('',#1080,.T.);
#755=FACE_OUTER_BOUND('',#1081,.T.);
#756=FACE_OUTER_BOUND('',#1083,.T.);
#757=FACE_OUTER_BOUND('',#1085,.T.);
#758=FACE_OUTER_BOUND('',#1086,.T.);
#759=FACE_OUTER_BOUND('',#1087,.T.);
#760=FACE_OUTER_BOUND('',#1088,.T.);
#761=FACE_OUTER_BOUND('',#1089,.T.);
#762=FACE_OUTER_BOUND('',#1090,.T.);
#763=FACE_OUTER_BOUND('',#1091,.T.);
#764=FACE_OUTER_BOUND('',#1092,.T.);
#765=FACE_OUTER_BOUND('',#1093,.T.);
#766=FACE_OUTER_BOUND('',#1094,.T.);
#767=FACE_OUTER_BOUND('',#1095,.T.);
#768=FACE_OUTER_BOUND('',#1096,.T.);
#769=FACE_OUTER_BOUND('',#1097,.T.);
#770=FACE_OUTER_BOUND('',#1098,.T.);
#771=FACE_OUTER_BOUND('',#1099,.T.);
#772=FACE_OUTER_BOUND('',#1100,.T.);
#773=FACE_OUTER_BOUND('',#1101,.T.);
#774=FACE_OUTER_BOUND('',#1102,.T.);
#775=FACE_OUTER_BOUND('',#1103,.T.);
#776=FACE_OUTER_BOUND('',#1104,.T.);
#777=FACE_OUTER_BOUND('',#1105,.T.);
#778=FACE_OUTER_BOUND('',#1106,.T.);
#779=FACE_OUTER_BOUND('',#1107,.T.);
#780=FACE_OUTER_BOUND('',#1108,.T.);
#781=FACE_OUTER_BOUND('',#1109,.T.);
#782=FACE_OUTER_BOUND('',#1110,.T.);
#783=FACE_OUTER_BOUND('',#1111,.T.);
#784=FACE_OUTER_BOUND('',#1112,.T.);
#785=FACE_OUTER_BOUND('',#1113,.T.);
#786=FACE_OUTER_BOUND('',#1114,.T.);
#787=FACE_OUTER_BOUND('',#1115,.T.);
#788=FACE_OUTER_BOUND('',#1116,.T.);
#789=FACE_OUTER_BOUND('',#1117,.T.);
#790=FACE_OUTER_BOUND('',#1119,.T.);
#791=FACE_OUTER_BOUND('',#1120,.T.);
#792=FACE_OUTER_BOUND('',#1121,.T.);
#793=FACE_OUTER_BOUND('',#1122,.T.);
#794=FACE_OUTER_BOUND('',#1123,.T.);
#795=FACE_OUTER_BOUND('',#1124,.T.);
#796=FACE_OUTER_BOUND('',#1125,.T.);
#797=FACE_OUTER_BOUND('',#1126,.T.);
#798=FACE_OUTER_BOUND('',#1127,.T.);
#799=FACE_OUTER_BOUND('',#1131,.T.);
#800=FACE_OUTER_BOUND('',#1132,.T.);
#801=FACE_OUTER_BOUND('',#1133,.T.);
#802=FACE_OUTER_BOUND('',#1134,.T.);
#803=FACE_OUTER_BOUND('',#1135,.T.);
#804=FACE_OUTER_BOUND('',#1136,.T.);
#805=FACE_OUTER_BOUND('',#1137,.T.);
#806=FACE_OUTER_BOUND('',#1138,.T.);
#807=FACE_OUTER_BOUND('',#1139,.T.);
#808=FACE_OUTER_BOUND('',#1140,.T.);
#809=FACE_OUTER_BOUND('',#1141,.T.);
#810=FACE_OUTER_BOUND('',#1142,.T.);
#811=FACE_OUTER_BOUND('',#1143,.T.);
#812=FACE_OUTER_BOUND('',#1144,.T.);
#813=FACE_OUTER_BOUND('',#1145,.T.);
#814=FACE_OUTER_BOUND('',#1146,.T.);
#815=FACE_OUTER_BOUND('',#1147,.T.);
#816=EDGE_LOOP('',(#3582,#3583,#3584,#3585));
#817=EDGE_LOOP('',(#3586,#3587,#3588,#3589));
#818=EDGE_LOOP('',(#3590,#3591,#3592,#3593));
#819=EDGE_LOOP('',(#3594,#3595,#3596,#3597));
#820=EDGE_LOOP('',(#3598,#3599,#3600,#3601));
#821=EDGE_LOOP('',(#3602,#3603,#3604,#3605));
#822=EDGE_LOOP('',(#3606,#3607,#3608,#3609));
#823=EDGE_LOOP('',(#3610,#3611,#3612,#3613));
#824=EDGE_LOOP('',(#3614,#3615,#3616,#3617));
#825=EDGE_LOOP('',(#3618,#3619,#3620,#3621));
#826=EDGE_LOOP('',(#3622,#3623,#3624,#3625));
#827=EDGE_LOOP('',(#3626,#3627,#3628,#3629));
#828=EDGE_LOOP('',(#3630,#3631,#3632,#3633));
#829=EDGE_LOOP('',(#3634,#3635,#3636,#3637));
#830=EDGE_LOOP('',(#3638,#3639,#3640,#3641));
#831=EDGE_LOOP('',(#3642,#3643,#3644,#3645));
#832=EDGE_LOOP('',(#3646,#3647,#3648,#3649));
#833=EDGE_LOOP('',(#3650,#3651,#3652,#3653));
#834=EDGE_LOOP('',(#3654,#3655,#3656,#3657));
#835=EDGE_LOOP('',(#3658,#3659,#3660,#3661));
#836=EDGE_LOOP('',(#3662,#3663,#3664,#3665));
#837=EDGE_LOOP('',(#3666,#3667,#3668,#3669,#3670,#3671,#3672,#3673,#3674,
#3675,#3676,#3677,#3678,#3679,#3680,#3681,#3682,#3683,#3684,#3685,#3686));
#838=EDGE_LOOP('',(#3687,#3688,#3689,#3690));
#839=EDGE_LOOP('',(#3691,#3692,#3693,#3694));
#840=EDGE_LOOP('',(#3695,#3696,#3697,#3698));
#841=EDGE_LOOP('',(#3699,#3700,#3701,#3702));
#842=EDGE_LOOP('',(#3703,#3704,#3705,#3706));
#843=EDGE_LOOP('',(#3707,#3708,#3709,#3710));
#844=EDGE_LOOP('',(#3711,#3712,#3713,#3714));
#845=EDGE_LOOP('',(#3715,#3716,#3717,#3718));
#846=EDGE_LOOP('',(#3719,#3720,#3721,#3722));
#847=EDGE_LOOP('',(#3723,#3724,#3725,#3726));
#848=EDGE_LOOP('',(#3727,#3728,#3729,#3730));
#849=EDGE_LOOP('',(#3731,#3732,#3733,#3734));
#850=EDGE_LOOP('',(#3735,#3736,#3737,#3738));
#851=EDGE_LOOP('',(#3739,#3740,#3741,#3742));
#852=EDGE_LOOP('',(#3743,#3744,#3745,#3746));
#853=EDGE_LOOP('',(#3747,#3748,#3749,#3750));
#854=EDGE_LOOP('',(#3751,#3752,#3753,#3754));
#855=EDGE_LOOP('',(#3755,#3756,#3757,#3758));
#856=EDGE_LOOP('',(#3759,#3760,#3761,#3762));
#857=EDGE_LOOP('',(#3763,#3764,#3765,#3766));
#858=EDGE_LOOP('',(#3767,#3768,#3769,#3770,#3771));
#859=EDGE_LOOP('',(#3772,#3773,#3774,#3775));
#860=EDGE_LOOP('',(#3776,#3777,#3778,#3779,#3780,#3781,#3782,#3783));
#861=EDGE_LOOP('',(#3784));
#862=EDGE_LOOP('',(#3785,#3786,#3787,#3788));
#863=EDGE_LOOP('',(#3789,#3790,#3791,#3792));
#864=EDGE_LOOP('',(#3793,#3794,#3795,#3796,#3797,#3798));
#865=EDGE_LOOP('',(#3799,#3800,#3801,#3802,#3803));
#866=EDGE_LOOP('',(#3804,#3805,#3806,#3807,#3808));
#867=EDGE_LOOP('',(#3809));
#868=EDGE_LOOP('',(#3810));
#869=EDGE_LOOP('',(#3811,#3812,#3813,#3814));
#870=EDGE_LOOP('',(#3815,#3816,#3817,#3818,#3819,#3820,#3821,#3822,#3823,
#3824,#3825,#3826,#3827,#3828,#3829,#3830,#3831,#3832,#3833,#3834,#3835,
#3836,#3837,#3838));
#871=EDGE_LOOP('',(#3839,#3840,#3841,#3842));
#872=EDGE_LOOP('',(#3843,#3844,#3845,#3846));
#873=EDGE_LOOP('',(#3847,#3848,#3849,#3850));
#874=EDGE_LOOP('',(#3851,#3852,#3853,#3854));
#875=EDGE_LOOP('',(#3855,#3856,#3857,#3858));
#876=EDGE_LOOP('',(#3859,#3860,#3861,#3862));
#877=EDGE_LOOP('',(#3863,#3864,#3865,#3866));
#878=EDGE_LOOP('',(#3867,#3868,#3869,#3870,#3871,#3872,#3873,#3874));
#879=EDGE_LOOP('',(#3875,#3876,#3877,#3878));
#880=EDGE_LOOP('',(#3879,#3880,#3881,#3882,#3883,#3884,#3885,#3886));
#881=EDGE_LOOP('',(#3887,#3888,#3889,#3890));
#882=EDGE_LOOP('',(#3891,#3892,#3893,#3894));
#883=EDGE_LOOP('',(#3895,#3896,#3897,#3898));
#884=EDGE_LOOP('',(#3899,#3900,#3901,#3902));
#885=EDGE_LOOP('',(#3903,#3904,#3905,#3906,#3907,#3908,#3909,#3910,#3911,
#3912,#3913,#3914,#3915,#3916,#3917,#3918,#3919,#3920,#3921));
#886=EDGE_LOOP('',(#3922,#3923,#3924,#3925));
#887=EDGE_LOOP('',(#3926,#3927,#3928,#3929));
#888=EDGE_LOOP('',(#3930,#3931,#3932,#3933));
#889=EDGE_LOOP('',(#3934,#3935,#3936,#3937));
#890=EDGE_LOOP('',(#3938,#3939,#3940,#3941));
#891=EDGE_LOOP('',(#3942,#3943,#3944,#3945));
#892=EDGE_LOOP('',(#3946,#3947,#3948,#3949));
#893=EDGE_LOOP('',(#3950,#3951,#3952,#3953));
#894=EDGE_LOOP('',(#3954,#3955,#3956,#3957));
#895=EDGE_LOOP('',(#3958,#3959,#3960,#3961));
#896=EDGE_LOOP('',(#3962,#3963,#3964,#3965));
#897=EDGE_LOOP('',(#3966,#3967,#3968,#3969,#3970,#3971,#3972,#3973,#3974,
#3975,#3976,#3977,#3978,#3979,#3980,#3981,#3982,#3983,#3984));
#898=EDGE_LOOP('',(#3985,#3986,#3987,#3988));
#899=EDGE_LOOP('',(#3989,#3990,#3991,#3992));
#900=EDGE_LOOP('',(#3993,#3994,#3995,#3996));
#901=EDGE_LOOP('',(#3997,#3998,#3999,#4000,#4001,#4002,#4003,#4004,#4005,
#4006,#4007,#4008,#4009,#4010,#4011,#4012,#4013,#4014,#4015));
#902=EDGE_LOOP('',(#4016,#4017,#4018,#4019));
#903=EDGE_LOOP('',(#4020,#4021,#4022,#4023));
#904=EDGE_LOOP('',(#4024,#4025,#4026,#4027));
#905=EDGE_LOOP('',(#4028,#4029,#4030,#4031));
#906=EDGE_LOOP('',(#4032,#4033,#4034,#4035));
#907=EDGE_LOOP('',(#4036,#4037,#4038,#4039));
#908=EDGE_LOOP('',(#4040,#4041,#4042));
#909=EDGE_LOOP('',(#4043,#4044,#4045,#4046));
#910=EDGE_LOOP('',(#4047,#4048,#4049));
#911=EDGE_LOOP('',(#4050,#4051,#4052,#4053));
#912=EDGE_LOOP('',(#4054,#4055,#4056,#4057));
#913=EDGE_LOOP('',(#4058,#4059,#4060,#4061));
#914=EDGE_LOOP('',(#4062,#4063,#4064,#4065));
#915=EDGE_LOOP('',(#4066,#4067,#4068,#4069,#4070,#4071,#4072,#4073));
#916=EDGE_LOOP('',(#4074,#4075,#4076,#4077));
#917=EDGE_LOOP('',(#4078,#4079,#4080,#4081,#4082,#4083,#4084,#4085,#4086,
#4087));
#918=EDGE_LOOP('',(#4088,#4089,#4090,#4091,#4092,#4093,#4094,#4095,#4096,
#4097,#4098,#4099,#4100,#4101,#4102,#4103,#4104,#4105,#4106,#4107,#4108,
#4109));
#919=EDGE_LOOP('',(#4110,#4111,#4112,#4113,#4114,#4115,#4116,#4117));
#920=EDGE_LOOP('',(#4118));
#921=EDGE_LOOP('',(#4119));
#922=EDGE_LOOP('',(#4120,#4121,#4122,#4123));
#923=EDGE_LOOP('',(#4124,#4125,#4126,#4127));
#924=EDGE_LOOP('',(#4128,#4129,#4130,#4131));
#925=EDGE_LOOP('',(#4132,#4133,#4134,#4135));
#926=EDGE_LOOP('',(#4136,#4137,#4138,#4139));
#927=EDGE_LOOP('',(#4140,#4141,#4142,#4143));
#928=EDGE_LOOP('',(#4144,#4145,#4146,#4147));
#929=EDGE_LOOP('',(#4148,#4149,#4150,#4151,#4152,#4153));
#930=EDGE_LOOP('',(#4154,#4155,#4156,#4157));
#931=EDGE_LOOP('',(#4158,#4159,#4160,#4161));
#932=EDGE_LOOP('',(#4162,#4163,#4164,#4165));
#933=EDGE_LOOP('',(#4166,#4167,#4168,#4169));
#934=EDGE_LOOP('',(#4170));
#935=EDGE_LOOP('',(#4171,#4172,#4173,#4174));
#936=EDGE_LOOP('',(#4175,#4176,#4177,#4178));
#937=EDGE_LOOP('',(#4179,#4180,#4181,#4182,#4183,#4184,#4185,#4186,#4187,
#4188,#4189,#4190,#4191,#4192,#4193,#4194,#4195,#4196,#4197,#4198,#4199));
#938=EDGE_LOOP('',(#4200));
#939=EDGE_LOOP('',(#4201));
#940=EDGE_LOOP('',(#4202,#4203,#4204,#4205));
#941=EDGE_LOOP('',(#4206,#4207,#4208,#4209,#4210,#4211));
#942=EDGE_LOOP('',(#4212,#4213,#4214,#4215,#4216,#4217,#4218,#4219));
#943=EDGE_LOOP('',(#4220));
#944=EDGE_LOOP('',(#4221));
#945=EDGE_LOOP('',(#4222,#4223,#4224,#4225,#4226,#4227,#4228,#4229));
#946=EDGE_LOOP('',(#4230,#4231,#4232,#4233));
#947=EDGE_LOOP('',(#4234,#4235,#4236,#4237));
#948=EDGE_LOOP('',(#4238));
#949=EDGE_LOOP('',(#4239,#4240,#4241,#4242));
#950=EDGE_LOOP('',(#4243,#4244,#4245,#4246));
#951=EDGE_LOOP('',(#4247,#4248,#4249,#4250));
#952=EDGE_LOOP('',(#4251,#4252,#4253,#4254));
#953=EDGE_LOOP('',(#4255,#4256,#4257,#4258));
#954=EDGE_LOOP('',(#4259,#4260,#4261,#4262));
#955=EDGE_LOOP('',(#4263,#4264,#4265,#4266));
#956=EDGE_LOOP('',(#4267,#4268,#4269,#4270));
#957=EDGE_LOOP('',(#4271,#4272,#4273,#4274));
#958=EDGE_LOOP('',(#4275,#4276,#4277,#4278,#4279,#4280,#4281,#4282,#4283,
#4284,#4285,#4286,#4287,#4288,#4289,#4290));
#959=EDGE_LOOP('',(#4291,#4292,#4293,#4294));
#960=EDGE_LOOP('',(#4295,#4296,#4297,#4298));
#961=EDGE_LOOP('',(#4299,#4300,#4301,#4302));
#962=EDGE_LOOP('',(#4303,#4304,#4305,#4306));
#963=EDGE_LOOP('',(#4307,#4308,#4309,#4310));
#964=EDGE_LOOP('',(#4311,#4312,#4313,#4314));
#965=EDGE_LOOP('',(#4315,#4316,#4317,#4318));
#966=EDGE_LOOP('',(#4319));
#967=EDGE_LOOP('',(#4320));
#968=EDGE_LOOP('',(#4321,#4322,#4323,#4324));
#969=EDGE_LOOP('',(#4325,#4326,#4327,#4328));
#970=EDGE_LOOP('',(#4329,#4330,#4331,#4332));
#971=EDGE_LOOP('',(#4333,#4334,#4335,#4336));
#972=EDGE_LOOP('',(#4337,#4338,#4339,#4340));
#973=EDGE_LOOP('',(#4341,#4342,#4343,#4344));
#974=EDGE_LOOP('',(#4345,#4346,#4347,#4348));
#975=EDGE_LOOP('',(#4349,#4350,#4351,#4352));
#976=EDGE_LOOP('',(#4353,#4354,#4355,#4356));
#977=EDGE_LOOP('',(#4357,#4358,#4359,#4360,#4361,#4362));
#978=EDGE_LOOP('',(#4363,#4364,#4365,#4366,#4367,#4368,#4369,#4370,#4371));
#979=EDGE_LOOP('',(#4372,#4373,#4374,#4375,#4376));
#980=EDGE_LOOP('',(#4377,#4378,#4379,#4380));
#981=EDGE_LOOP('',(#4381,#4382,#4383,#4384,#4385));
#982=EDGE_LOOP('',(#4386,#4387,#4388,#4389,#4390,#4391,#4392,#4393,#4394));
#983=EDGE_LOOP('',(#4395,#4396,#4397,#4398,#4399,#4400));
#984=EDGE_LOOP('',(#4401,#4402,#4403,#4404));
#985=EDGE_LOOP('',(#4405,#4406,#4407,#4408,#4409,#4410));
#986=EDGE_LOOP('',(#4411,#4412,#4413,#4414,#4415,#4416,#4417,#4418,#4419,
#4420));
#987=EDGE_LOOP('',(#4421,#4422,#4423,#4424,#4425,#4426));
#988=EDGE_LOOP('',(#4427,#4428,#4429,#4430));
#989=EDGE_LOOP('',(#4431,#4432,#4433,#4434,#4435,#4436));
#990=EDGE_LOOP('',(#4437,#4438,#4439,#4440,#4441,#4442,#4443,#4444,#4445,
#4446));
#991=EDGE_LOOP('',(#4447,#4448,#4449,#4450,#4451,#4452));
#992=EDGE_LOOP('',(#4453,#4454,#4455,#4456));
#993=EDGE_LOOP('',(#4457,#4458,#4459,#4460));
#994=EDGE_LOOP('',(#4461,#4462,#4463,#4464));
#995=EDGE_LOOP('',(#4465,#4466,#4467,#4468,#4469));
#996=EDGE_LOOP('',(#4470,#4471,#4472,#4473,#4474));
#997=EDGE_LOOP('',(#4475,#4476,#4477,#4478));
#998=EDGE_LOOP('',(#4479,#4480,#4481,#4482));
#999=EDGE_LOOP('',(#4483,#4484,#4485,#4486,#4487,#4488,#4489));
#1000=EDGE_LOOP('',(#4490,#4491,#4492,#4493,#4494,#4495));
#1001=EDGE_LOOP('',(#4496,#4497,#4498,#4499,#4500,#4501));
#1002=EDGE_LOOP('',(#4502,#4503,#4504,#4505));
#1003=EDGE_LOOP('',(#4506,#4507,#4508,#4509));
#1004=EDGE_LOOP('',(#4510,#4511,#4512,#4513,#4514));
#1005=EDGE_LOOP('',(#4515,#4516,#4517,#4518,#4519,#4520,#4521));
#1006=EDGE_LOOP('',(#4522,#4523,#4524,#4525));
#1007=EDGE_LOOP('',(#4526,#4527,#4528,#4529));
#1008=EDGE_LOOP('',(#4530,#4531,#4532,#4533,#4534));
#1009=EDGE_LOOP('',(#4535,#4536,#4537,#4538));
#1010=EDGE_LOOP('',(#4539,#4540,#4541,#4542));
#1011=EDGE_LOOP('',(#4543,#4544,#4545,#4546));
#1012=EDGE_LOOP('',(#4547,#4548,#4549,#4550));
#1013=EDGE_LOOP('',(#4551,#4552,#4553,#4554));
#1014=EDGE_LOOP('',(#4555,#4556,#4557,#4558));
#1015=EDGE_LOOP('',(#4559,#4560,#4561,#4562));
#1016=EDGE_LOOP('',(#4563,#4564,#4565,#4566));
#1017=EDGE_LOOP('',(#4567,#4568,#4569,#4570));
#1018=EDGE_LOOP('',(#4571,#4572,#4573,#4574));
#1019=EDGE_LOOP('',(#4575,#4576,#4577,#4578));
#1020=EDGE_LOOP('',(#4579,#4580,#4581,#4582));
#1021=EDGE_LOOP('',(#4583,#4584,#4585,#4586));
#1022=EDGE_LOOP('',(#4587,#4588,#4589,#4590));
#1023=EDGE_LOOP('',(#4591));
#1024=EDGE_LOOP('',(#4592));
#1025=EDGE_LOOP('',(#4593,#4594,#4595,#4596));
#1026=EDGE_LOOP('',(#4597));
#1027=EDGE_LOOP('',(#4598));
#1028=EDGE_LOOP('',(#4599,#4600,#4601,#4602));
#1029=EDGE_LOOP('',(#4603));
#1030=EDGE_LOOP('',(#4604));
#1031=EDGE_LOOP('',(#4605,#4606,#4607,#4608));
#1032=EDGE_LOOP('',(#4609,#4610,#4611,#4612));
#1033=EDGE_LOOP('',(#4613,#4614,#4615,#4616));
#1034=EDGE_LOOP('',(#4617,#4618,#4619,#4620));
#1035=EDGE_LOOP('',(#4621,#4622,#4623,#4624));
#1036=EDGE_LOOP('',(#4625,#4626,#4627,#4628));
#1037=EDGE_LOOP('',(#4629,#4630,#4631,#4632));
#1038=EDGE_LOOP('',(#4633,#4634,#4635,#4636));
#1039=EDGE_LOOP('',(#4637,#4638,#4639,#4640));
#1040=EDGE_LOOP('',(#4641,#4642,#4643,#4644));
#1041=EDGE_LOOP('',(#4645,#4646,#4647,#4648));
#1042=EDGE_LOOP('',(#4649,#4650,#4651,#4652));
#1043=EDGE_LOOP('',(#4653,#4654,#4655,#4656));
#1044=EDGE_LOOP('',(#4657,#4658,#4659,#4660));
#1045=EDGE_LOOP('',(#4661,#4662,#4663,#4664));
#1046=EDGE_LOOP('',(#4665,#4666,#4667,#4668));
#1047=EDGE_LOOP('',(#4669,#4670,#4671,#4672));
#1048=EDGE_LOOP('',(#4673,#4674,#4675,#4676));
#1049=EDGE_LOOP('',(#4677,#4678,#4679,#4680));
#1050=EDGE_LOOP('',(#4681,#4682,#4683,#4684));
#1051=EDGE_LOOP('',(#4685,#4686,#4687,#4688));
#1052=EDGE_LOOP('',(#4689));
#1053=EDGE_LOOP('',(#4690,#4691,#4692,#4693));
#1054=EDGE_LOOP('',(#4694,#4695,#4696,#4697));
#1055=EDGE_LOOP('',(#4698,#4699,#4700,#4701));
#1056=EDGE_LOOP('',(#4702,#4703,#4704,#4705));
#1057=EDGE_LOOP('',(#4706,#4707,#4708,#4709));
#1058=EDGE_LOOP('',(#4710,#4711,#4712,#4713));
#1059=EDGE_LOOP('',(#4714,#4715,#4716,#4717));
#1060=EDGE_LOOP('',(#4718,#4719,#4720,#4721));
#1061=EDGE_LOOP('',(#4722,#4723,#4724,#4725));
#1062=EDGE_LOOP('',(#4726,#4727,#4728,#4729));
#1063=EDGE_LOOP('',(#4730,#4731,#4732,#4733));
#1064=EDGE_LOOP('',(#4734,#4735,#4736,#4737));
#1065=EDGE_LOOP('',(#4738));
#1066=EDGE_LOOP('',(#4739,#4740,#4741,#4742));
#1067=EDGE_LOOP('',(#4743,#4744,#4745,#4746,#4747,#4748,#4749,#4750));
#1068=EDGE_LOOP('',(#4751,#4752,#4753,#4754,#4755,#4756,#4757,#4758));
#1069=EDGE_LOOP('',(#4759,#4760,#4761,#4762,#4763,#4764,#4765,#4766,#4767,
#4768,#4769,#4770,#4771,#4772,#4773,#4774,#4775,#4776,#4777));
#1070=EDGE_LOOP('',(#4778,#4779,#4780,#4781));
#1071=EDGE_LOOP('',(#4782,#4783,#4784,#4785,#4786,#4787));
#1072=EDGE_LOOP('',(#4788,#4789,#4790,#4791));
#1073=EDGE_LOOP('',(#4792,#4793,#4794,#4795));
#1074=EDGE_LOOP('',(#4796,#4797,#4798,#4799,#4800,#4801));
#1075=EDGE_LOOP('',(#4802,#4803,#4804,#4805));
#1076=EDGE_LOOP('',(#4806,#4807,#4808,#4809,#4810,#4811));
#1077=EDGE_LOOP('',(#4812,#4813,#4814,#4815,#4816,#4817));
#1078=EDGE_LOOP('',(#4818,#4819,#4820,#4821,#4822,#4823,#4824,#4825,#4826,
#4827));
#1079=EDGE_LOOP('',(#4828,#4829,#4830,#4831,#4832,#4833));
#1080=EDGE_LOOP('',(#4834,#4835,#4836,#4837,#4838,#4839,#4840,#4841,#4842,
#4843,#4844,#4845,#4846,#4847,#4848,#4849,#4850,#4851,#4852,#4853,#4854,
#4855,#4856,#4857));
#1081=EDGE_LOOP('',(#4858,#4859,#4860,#4861,#4862,#4863));
#1082=EDGE_LOOP('',(#4864,#4865,#4866,#4867,#4868,#4869));
#1083=EDGE_LOOP('',(#4870));
#1084=EDGE_LOOP('',(#4871));
#1085=EDGE_LOOP('',(#4872,#4873,#4874,#4875));
#1086=EDGE_LOOP('',(#4876,#4877,#4878,#4879,#4880,#4881,#4882));
#1087=EDGE_LOOP('',(#4883,#4884,#4885,#4886));
#1088=EDGE_LOOP('',(#4887,#4888,#4889,#4890));
#1089=EDGE_LOOP('',(#4891,#4892,#4893,#4894));
#1090=EDGE_LOOP('',(#4895,#4896,#4897,#4898));
#1091=EDGE_LOOP('',(#4899,#4900,#4901,#4902,#4903,#4904,#4905));
#1092=EDGE_LOOP('',(#4906,#4907,#4908,#4909));
#1093=EDGE_LOOP('',(#4910,#4911,#4912,#4913));
#1094=EDGE_LOOP('',(#4914,#4915,#4916,#4917));
#1095=EDGE_LOOP('',(#4918,#4919,#4920,#4921));
#1096=EDGE_LOOP('',(#4922,#4923,#4924,#4925));
#1097=EDGE_LOOP('',(#4926,#4927,#4928,#4929));
#1098=EDGE_LOOP('',(#4930,#4931,#4932,#4933,#4934,#4935,#4936));
#1099=EDGE_LOOP('',(#4937,#4938,#4939,#4940));
#1100=EDGE_LOOP('',(#4941,#4942,#4943,#4944));
#1101=EDGE_LOOP('',(#4945,#4946,#4947,#4948));
#1102=EDGE_LOOP('',(#4949,#4950,#4951,#4952,#4953,#4954,#4955));
#1103=EDGE_LOOP('',(#4956,#4957,#4958,#4959));
#1104=EDGE_LOOP('',(#4960,#4961,#4962,#4963));
#1105=EDGE_LOOP('',(#4964,#4965,#4966,#4967));
#1106=EDGE_LOOP('',(#4968,#4969,#4970,#4971));
#1107=EDGE_LOOP('',(#4972,#4973,#4974,#4975));
#1108=EDGE_LOOP('',(#4976,#4977,#4978,#4979));
#1109=EDGE_LOOP('',(#4980,#4981,#4982,#4983));
#1110=EDGE_LOOP('',(#4984,#4985,#4986,#4987,#4988,#4989,#4990,#4991));
#1111=EDGE_LOOP('',(#4992,#4993,#4994,#4995));
#1112=EDGE_LOOP('',(#4996,#4997,#4998,#4999));
#1113=EDGE_LOOP('',(#5000,#5001,#5002,#5003));
#1114=EDGE_LOOP('',(#5004,#5005,#5006,#5007));
#1115=EDGE_LOOP('',(#5008,#5009,#5010,#5011));
#1116=EDGE_LOOP('',(#5012,#5013,#5014,#5015));
#1117=EDGE_LOOP('',(#5016,#5017,#5018,#5019,#5020,#5021));
#1118=EDGE_LOOP('',(#5022,#5023,#5024,#5025,#5026,#5027));
#1119=EDGE_LOOP('',(#5028,#5029,#5030,#5031));
#1120=EDGE_LOOP('',(#5032,#5033,#5034));
#1121=EDGE_LOOP('',(#5035,#5036,#5037,#5038));
#1122=EDGE_LOOP('',(#5039,#5040,#5041,#5042));
#1123=EDGE_LOOP('',(#5043,#5044,#5045));
#1124=EDGE_LOOP('',(#5046,#5047,#5048,#5049));
#1125=EDGE_LOOP('',(#5050,#5051,#5052,#5053));
#1126=EDGE_LOOP('',(#5054,#5055,#5056,#5057));
#1127=EDGE_LOOP('',(#5058,#5059,#5060,#5061,#5062,#5063));
#1128=EDGE_LOOP('',(#5064,#5065,#5066,#5067));
#1129=EDGE_LOOP('',(#5068,#5069,#5070,#5071,#5072,#5073,#5074));
#1130=EDGE_LOOP('',(#5075,#5076,#5077,#5078,#5079,#5080,#5081));
#1131=EDGE_LOOP('',(#5082,#5083,#5084,#5085));
#1132=EDGE_LOOP('',(#5086,#5087,#5088,#5089));
#1133=EDGE_LOOP('',(#5090,#5091,#5092,#5093));
#1134=EDGE_LOOP('',(#5094,#5095,#5096,#5097));
#1135=EDGE_LOOP('',(#5098,#5099,#5100,#5101,#5102,#5103,#5104));
#1136=EDGE_LOOP('',(#5105,#5106,#5107,#5108));
#1137=EDGE_LOOP('',(#5109,#5110,#5111,#5112,#5113,#5114,#5115));
#1138=EDGE_LOOP('',(#5116,#5117,#5118,#5119));
#1139=EDGE_LOOP('',(#5120,#5121,#5122,#5123,#5124,#5125,#5126,#5127));
#1140=EDGE_LOOP('',(#5128,#5129,#5130,#5131));
#1141=EDGE_LOOP('',(#5132,#5133,#5134,#5135));
#1142=EDGE_LOOP('',(#5136,#5137,#5138,#5139));
#1143=EDGE_LOOP('',(#5140,#5141,#5142,#5143));
#1144=EDGE_LOOP('',(#5144,#5145,#5146,#5147));
#1145=EDGE_LOOP('',(#5148,#5149,#5150,#5151));
#1146=EDGE_LOOP('',(#5152,#5153,#5154,#5155));
#1147=EDGE_LOOP('',(#5156,#5157,#5158,#5159,#5160,#5161));
#1148=LINE('',#7421,#1688);
#1149=LINE('',#7428,#1689);
#1150=LINE('',#7446,#1690);
#1151=LINE('',#7469,#1691);
#1152=LINE('',#7492,#1692);
#1153=LINE('',#7515,#1693);
#1154=LINE('',#7538,#1694);
#1155=LINE('',#7561,#1695);
#1156=LINE('',#7584,#1696);
#1157=LINE('',#7607,#1697);
#1158=LINE('',#7615,#1698);
#1159=LINE('',#7617,#1699);
#1160=LINE('',#7618,#1700);
#1161=LINE('',#7636,#1701);
#1162=LINE('',#7659,#1702);
#1163=LINE('',#7682,#1703);
#1164=LINE('',#7705,#1704);
#1165=LINE('',#7728,#1705);
#1166=LINE('',#7751,#1706);
#1167=LINE('',#7774,#1707);
#1168=LINE('',#7797,#1708);
#1169=LINE('',#7805,#1709);
#1170=LINE('',#7807,#1710);
#1171=LINE('',#7808,#1711);
#1172=LINE('',#7811,#1712);
#1173=LINE('',#7813,#1713);
#1174=LINE('',#7814,#1714);
#1175=LINE('',#7816,#1715);
#1176=LINE('',#7817,#1716);
#1177=LINE('',#7824,#1717);
#1178=LINE('',#7827,#1718);
#1179=LINE('',#7830,#1719);
#1180=LINE('',#7832,#1720);
#1181=LINE('',#7833,#1721);
#1182=LINE('',#7839,#1722);
#1183=LINE('',#7842,#1723);
#1184=LINE('',#7844,#1724);
#1185=LINE('',#7845,#1725);
#1186=LINE('',#7850,#1726);
#1187=LINE('',#7854,#1727);
#1188=LINE('',#7856,#1728);
#1189=LINE('',#7857,#1729);
#1190=LINE('',#7862,#1730);
#1191=LINE('',#7865,#1731);
#1192=LINE('',#7866,#1732);
#1193=LINE('',#7871,#1733);
#1194=LINE('',#7877,#1734);
#1195=LINE('',#7883,#1735);
#1196=LINE('',#7889,#1736);
#1197=LINE('',#7894,#1737);
#1198=LINE('',#7896,#1738);
#1199=LINE('',#7898,#1739);
#1200=LINE('',#7899,#1740);
#1201=LINE('',#7903,#1741);
#1202=LINE('',#7905,#1742);
#1203=LINE('',#7907,#1743);
#1204=LINE('',#7908,#1744);
#1205=LINE('',#7913,#1745);
#1206=LINE('',#7917,#1746);
#1207=LINE('',#7919,#1747);
#1208=LINE('',#7920,#1748);
#1209=LINE('',#7925,#1749);
#1210=LINE('',#7929,#1750);
#1211=LINE('',#7931,#1751);
#1212=LINE('',#7932,#1752);
#1213=LINE('',#7982,#1753);
#1214=LINE('',#7986,#1754);
#1215=LINE('',#7988,#1755);
#1216=LINE('',#7990,#1756);
#1217=LINE('',#7993,#1757);
#1218=LINE('',#7998,#1758);
#1219=LINE('',#8000,#1759);
#1220=LINE('',#8002,#1760);
#1221=LINE('',#8003,#1761);
#1222=LINE('',#8006,#1762);
#1223=LINE('',#8008,#1763);
#1224=LINE('',#8010,#1764);
#1225=LINE('',#8011,#1765);
#1226=LINE('',#8096,#1766);
#1227=LINE('',#8108,#1767);
#1228=LINE('',#8113,#1768);
#1229=LINE('',#8115,#1769);
#1230=LINE('',#8117,#1770);
#1231=LINE('',#8119,#1771);
#1232=LINE('',#8121,#1772);
#1233=LINE('',#8125,#1773);
#1234=LINE('',#8129,#1774);
#1235=LINE('',#8133,#1775);
#1236=LINE('',#8137,#1776);
#1237=LINE('',#8141,#1777);
#1238=LINE('',#8145,#1778);
#1239=LINE('',#8149,#1779);
#1240=LINE('',#8153,#1780);
#1241=LINE('',#8157,#1781);
#1242=LINE('',#8161,#1782);
#1243=LINE('',#8186,#1783);
#1244=LINE('',#8210,#1784);
#1245=LINE('',#8234,#1785);
#1246=LINE('',#8258,#1786);
#1247=LINE('',#8282,#1787);
#1248=LINE('',#8288,#1788);
#1249=LINE('',#8291,#1789);
#1250=LINE('',#8294,#1790);
#1251=LINE('',#8296,#1791);
#1252=LINE('',#8298,#1792);
#1253=LINE('',#8300,#1793);
#1254=LINE('',#8302,#1794);
#1255=LINE('',#8304,#1795);
#1256=LINE('',#8305,#1796);
#1257=LINE('',#8311,#1797);
#1258=LINE('',#8314,#1798);
#1259=LINE('',#8317,#1799);
#1260=LINE('',#8319,#1800);
#1261=LINE('',#8321,#1801);
#1262=LINE('',#8323,#1802);
#1263=LINE('',#8325,#1803);
#1264=LINE('',#8327,#1804);
#1265=LINE('',#8328,#1805);
#1266=LINE('',#8334,#1806);
#1267=LINE('',#8337,#1807);
#1268=LINE('',#8340,#1808);
#1269=LINE('',#8342,#1809);
#1270=LINE('',#8343,#1810);
#1271=LINE('',#8349,#1811);
#1272=LINE('',#8352,#1812);
#1273=LINE('',#8355,#1813);
#1274=LINE('',#8357,#1814);
#1275=LINE('',#8358,#1815);
#1276=LINE('',#8360,#1816);
#1277=LINE('',#8362,#1817);
#1278=LINE('',#8366,#1818);
#1279=LINE('',#8368,#1819);
#1280=LINE('',#8372,#1820);
#1281=LINE('',#8375,#1821);
#1282=LINE('',#8377,#1822);
#1283=LINE('',#8379,#1823);
#1284=LINE('',#8383,#1824);
#1285=LINE('',#8388,#1825);
#1286=LINE('',#8393,#1826);
#1287=LINE('',#8394,#1827);
#1288=LINE('',#8397,#1828);
#1289=LINE('',#8398,#1829);
#1290=LINE('',#8401,#1830);
#1291=LINE('',#8404,#1831);
#1292=LINE('',#8407,#1832);
#1293=LINE('',#8408,#1833);
#1294=LINE('',#8414,#1834);
#1295=LINE('',#8417,#1835);
#1296=LINE('',#8420,#1836);
#1297=LINE('',#8422,#1837);
#1298=LINE('',#8423,#1838);
#1299=LINE('',#8428,#1839);
#1300=LINE('',#8432,#1840);
#1301=LINE('',#8434,#1841);
#1302=LINE('',#8435,#1842);
#1303=LINE('',#8441,#1843);
#1304=LINE('',#8444,#1844);
#1305=LINE('',#8447,#1845);
#1306=LINE('',#8449,#1846);
#1307=LINE('',#8450,#1847);
#1308=LINE('',#8452,#1848);
#1309=LINE('',#8454,#1849);
#1310=LINE('',#8456,#1850);
#1311=LINE('',#8460,#1851);
#1312=LINE('',#8463,#1852);
#1313=LINE('',#8465,#1853);
#1314=LINE('',#8467,#1854);
#1315=LINE('',#8471,#1855);
#1316=LINE('',#8475,#1856);
#1317=LINE('',#8478,#1857);
#1318=LINE('',#8481,#1858);
#1319=LINE('',#8482,#1859);
#1320=LINE('',#8486,#1860);
#1321=LINE('',#8488,#1861);
#1322=LINE('',#8490,#1862);
#1323=LINE('',#8491,#1863);
#1324=LINE('',#8495,#1864);
#1325=LINE('',#8499,#1865);
#1326=LINE('',#8500,#1866);
#1327=LINE('',#8501,#1867);
#1328=LINE('',#8504,#1868);
#1329=LINE('',#8508,#1869);
#1330=LINE('',#8509,#1870);
#1331=LINE('',#8513,#1871);
#1332=LINE('',#8515,#1872);
#1333=LINE('',#8517,#1873);
#1334=LINE('',#8519,#1874);
#1335=LINE('',#8531,#1875);
#1336=LINE('',#8532,#1876);
#1337=LINE('',#8544,#1877);
#1338=LINE('',#8545,#1878);
#1339=LINE('',#8550,#1879);
#1340=LINE('',#8551,#1880);
#1341=LINE('',#8553,#1881);
#1342=LINE('',#8554,#1882);
#1343=LINE('',#8559,#1883);
#1344=LINE('',#8560,#1884);
#1345=LINE('',#8563,#1885);
#1346=LINE('',#8565,#1886);
#1347=LINE('',#8567,#1887);
#1348=LINE('',#8569,#1888);
#1349=LINE('',#8570,#1889);
#1350=LINE('',#8571,#1890);
#1351=LINE('',#8572,#1891);
#1352=LINE('',#8575,#1892);
#1353=LINE('',#8577,#1893);
#1354=LINE('',#8579,#1894);
#1355=LINE('',#8581,#1895);
#1356=LINE('',#8583,#1896);
#1357=LINE('',#8585,#1897);
#1358=LINE('',#8587,#1898);
#1359=LINE('',#8589,#1899);
#1360=LINE('',#8591,#1900);
#1361=LINE('',#8592,#1901);
#1362=LINE('',#8597,#1902);
#1363=LINE('',#8600,#1903);
#1364=LINE('',#8602,#1904);
#1365=LINE('',#8603,#1905);
#1366=LINE('',#8605,#1906);
#1367=LINE('',#8607,#1907);
#1368=LINE('',#8608,#1908);
#1369=LINE('',#8612,#1909);
#1370=LINE('',#8615,#1910);
#1371=LINE('',#8617,#1911);
#1372=LINE('',#8618,#1912);
#1373=LINE('',#8620,#1913);
#1374=LINE('',#8622,#1914);
#1375=LINE('',#8624,#1915);
#1376=LINE('',#8625,#1916);
#1377=LINE('',#8627,#1917);
#1378=LINE('',#8629,#1918);
#1379=LINE('',#8630,#1919);
#1380=LINE('',#8631,#1920);
#1381=LINE('',#8636,#1921);
#1382=LINE('',#8652,#1922);
#1383=LINE('',#8669,#1923);
#1384=LINE('',#8672,#1924);
#1385=LINE('',#8674,#1925);
#1386=LINE('',#8675,#1926);
#1387=LINE('',#8680,#1927);
#1388=LINE('',#8684,#1928);
#1389=LINE('',#8685,#1929);
#1390=LINE('',#8688,#1930);
#1391=LINE('',#8692,#1931);
#1392=LINE('',#8693,#1932);
#1393=LINE('',#8697,#1933);
#1394=LINE('',#8702,#1934);
#1395=LINE('',#8705,#1935);
#1396=LINE('',#8711,#1936);
#1397=LINE('',#8713,#1937);
#1398=LINE('',#8715,#1938);
#1399=LINE('',#8716,#1939);
#1400=LINE('',#8722,#1940);
#1401=LINE('',#8724,#1941);
#1402=LINE('',#8726,#1942);
#1403=LINE('',#8728,#1943);
#1404=LINE('',#8729,#1944);
#1405=LINE('',#8730,#1945);
#1406=LINE('',#8731,#1946);
#1407=LINE('',#8732,#1947);
#1408=LINE('',#8736,#1948);
#1409=LINE('',#8738,#1949);
#1410=LINE('',#8740,#1950);
#1411=LINE('',#8741,#1951);
#1412=LINE('',#8749,#1952);
#1413=LINE('',#8751,#1953);
#1414=LINE('',#8753,#1954);
#1415=LINE('',#8757,#1955);
#1416=LINE('',#8759,#1956);
#1417=LINE('',#8761,#1957);
#1418=LINE('',#8765,#1958);
#1419=LINE('',#8767,#1959);
#1420=LINE('',#8769,#1960);
#1421=LINE('',#8771,#1961);
#1422=LINE('',#8775,#1962);
#1423=LINE('',#8776,#1963);
#1424=LINE('',#8777,#1964);
#1425=LINE('',#8784,#1965);
#1426=LINE('',#8785,#1966);
#1427=LINE('',#8786,#1967);
#1428=LINE('',#8793,#1968);
#1429=LINE('',#8794,#1969);
#1430=LINE('',#8795,#1970);
#1431=LINE('',#8799,#1971);
#1432=LINE('',#8803,#1972);
#1433=LINE('',#8804,#1973);
#1434=LINE('',#8805,#1974);
#1435=LINE('',#8807,#1975);
#1436=LINE('',#8809,#1976);
#1437=LINE('',#8810,#1977);
#1438=LINE('',#8814,#1978);
#1439=LINE('',#8815,#1979);
#1440=LINE('',#8816,#1980);
#1441=LINE('',#8823,#1981);
#1442=LINE('',#8824,#1982);
#1443=LINE('',#8825,#1983);
#1444=LINE('',#8832,#1984);
#1445=LINE('',#8833,#1985);
#1446=LINE('',#8834,#1986);
#1447=LINE('',#8839,#1987);
#1448=LINE('',#8840,#1988);
#1449=LINE('',#8844,#1989);
#1450=LINE('',#8846,#1990);
#1451=LINE('',#8850,#1991);
#1452=LINE('',#8852,#1992);
#1453=LINE('',#8856,#1993);
#1454=LINE('',#8858,#1994);
#1455=LINE('',#8866,#1995);
#1456=LINE('',#8871,#1996);
#1457=LINE('',#8875,#1997);
#1458=LINE('',#8879,#1998);
#1459=LINE('',#8883,#1999);
#1460=LINE('',#8903,#2000);
#1461=LINE('',#8907,#2001);
#1462=LINE('',#8930,#2002);
#1463=LINE('',#8931,#2003);
#1464=LINE('',#8932,#2004);
#1465=LINE('',#8933,#2005);
#1466=LINE('',#8935,#2006);
#1467=LINE('',#8937,#2007);
#1468=LINE('',#8939,#2008);
#1469=LINE('',#8940,#2009);
#1470=LINE('',#8944,#2010);
#1471=LINE('',#8945,#2011);
#1472=LINE('',#8947,#2012);
#1473=LINE('',#8949,#2013);
#1474=LINE('',#8952,#2014);
#1475=LINE('',#8954,#2015);
#1476=LINE('',#8956,#2016);
#1477=LINE('',#8959,#2017);
#1478=LINE('',#8963,#2018);
#1479=LINE('',#8965,#2019);
#1480=LINE('',#8967,#2020);
#1481=LINE('',#8986,#2021);
#1482=LINE('',#8992,#2022);
#1483=LINE('',#8997,#2023);
#1484=LINE('',#9003,#2024);
#1485=LINE('',#9008,#2025);
#1486=LINE('',#9010,#2026);
#1487=LINE('',#9012,#2027);
#1488=LINE('',#9013,#2028);
#1489=LINE('',#9017,#2029);
#1490=LINE('',#9019,#2030);
#1491=LINE('',#9021,#2031);
#1492=LINE('',#9022,#2032);
#1493=LINE('',#9026,#2033);
#1494=LINE('',#9028,#2034);
#1495=LINE('',#9030,#2035);
#1496=LINE('',#9031,#2036);
#1497=LINE('',#9035,#2037);
#1498=LINE('',#9037,#2038);
#1499=LINE('',#9039,#2039);
#1500=LINE('',#9040,#2040);
#1501=LINE('',#9044,#2041);
#1502=LINE('',#9046,#2042);
#1503=LINE('',#9048,#2043);
#1504=LINE('',#9049,#2044);
#1505=LINE('',#9053,#2045);
#1506=LINE('',#9055,#2046);
#1507=LINE('',#9057,#2047);
#1508=LINE('',#9058,#2048);
#1509=LINE('',#9062,#2049);
#1510=LINE('',#9064,#2050);
#1511=LINE('',#9066,#2051);
#1512=LINE('',#9067,#2052);
#1513=LINE('',#9071,#2053);
#1514=LINE('',#9073,#2054);
#1515=LINE('',#9075,#2055);
#1516=LINE('',#9076,#2056);
#1517=LINE('',#9080,#2057);
#1518=LINE('',#9082,#2058);
#1519=LINE('',#9084,#2059);
#1520=LINE('',#9085,#2060);
#1521=LINE('',#9089,#2061);
#1522=LINE('',#9091,#2062);
#1523=LINE('',#9093,#2063);
#1524=LINE('',#9094,#2064);
#1525=LINE('',#9097,#2065);
#1526=LINE('',#9099,#2066);
#1527=LINE('',#9100,#2067);
#1528=LINE('',#9103,#2068);
#1529=LINE('',#9105,#2069);
#1530=LINE('',#9106,#2070);
#1531=LINE('',#9108,#2071);
#1532=LINE('',#9109,#2072);
#1533=LINE('',#9110,#2073);
#1534=LINE('',#9112,#2074);
#1535=LINE('',#9114,#2075);
#1536=LINE('',#9115,#2076);
#1537=LINE('',#9116,#2077);
#1538=LINE('',#9118,#2078);
#1539=LINE('',#9120,#2079);
#1540=LINE('',#9124,#2080);
#1541=LINE('',#9125,#2081);
#1542=LINE('',#9128,#2082);
#1543=LINE('',#9130,#2083);
#1544=LINE('',#9131,#2084);
#1545=LINE('',#9134,#2085);
#1546=LINE('',#9136,#2086);
#1547=LINE('',#9137,#2087);
#1548=LINE('',#9139,#2088);
#1549=LINE('',#9140,#2089);
#1550=LINE('',#9142,#2090);
#1551=LINE('',#9144,#2091);
#1552=LINE('',#9145,#2092);
#1553=LINE('',#9147,#2093);
#1554=LINE('',#9149,#2094);
#1555=LINE('',#9153,#2095);
#1556=LINE('',#9154,#2096);
#1557=LINE('',#9155,#2097);
#1558=LINE('',#9157,#2098);
#1559=LINE('',#9158,#2099);
#1560=LINE('',#9160,#2100);
#1561=LINE('',#9166,#2101);
#1562=LINE('',#9169,#2102);
#1563=LINE('',#9172,#2103);
#1564=LINE('',#9176,#2104);
#1565=LINE('',#9178,#2105);
#1566=LINE('',#9179,#2106);
#1567=LINE('',#9182,#2107);
#1568=LINE('',#9183,#2108);
#1569=LINE('',#9187,#2109);
#1570=LINE('',#9190,#2110);
#1571=LINE('',#9192,#2111);
#1572=LINE('',#9193,#2112);
#1573=LINE('',#9196,#2113);
#1574=LINE('',#9198,#2114);
#1575=LINE('',#9199,#2115);
#1576=LINE('',#9202,#2116);
#1577=LINE('',#9203,#2117);
#1578=LINE('',#9206,#2118);
#1579=LINE('',#9207,#2119);
#1580=LINE('',#9209,#2120);
#1581=LINE('',#9210,#2121);
#1582=LINE('',#9212,#2122);
#1583=LINE('',#9221,#2123);
#1584=LINE('',#9224,#2124);
#1585=LINE('',#9227,#2125);
#1586=LINE('',#9229,#2126);
#1587=LINE('',#9231,#2127);
#1588=LINE('',#9235,#2128);
#1589=LINE('',#9236,#2129);
#1590=LINE('',#9239,#2130);
#1591=LINE('',#9240,#2131);
#1592=LINE('',#9246,#2132);
#1593=LINE('',#9249,#2133);
#1594=LINE('',#9268,#2134);
#1595=LINE('',#9269,#2135);
#1596=LINE('',#9272,#2136);
#1597=LINE('',#9274,#2137);
#1598=LINE('',#9278,#2138);
#1599=LINE('',#9280,#2139);
#1600=LINE('',#9281,#2140);
#1601=LINE('',#9284,#2141);
#1602=LINE('',#9285,#2142);
#1603=LINE('',#9288,#2143);
#1604=LINE('',#9292,#2144);
#1605=LINE('',#9293,#2145);
#1606=LINE('',#9299,#2146);
#1607=LINE('',#9302,#2147);
#1608=LINE('',#9321,#2148);
#1609=LINE('',#9322,#2149);
#1610=LINE('',#9325,#2150);
#1611=LINE('',#9327,#2151);
#1612=LINE('',#9331,#2152);
#1613=LINE('',#9333,#2153);
#1614=LINE('',#9334,#2154);
#1615=LINE('',#9337,#2155);
#1616=LINE('',#9338,#2156);
#1617=LINE('',#9341,#2157);
#1618=LINE('',#9345,#2158);
#1619=LINE('',#9346,#2159);
#1620=LINE('',#9349,#2160);
#1621=LINE('',#9351,#2161);
#1622=LINE('',#9355,#2162);
#1623=LINE('',#9356,#2163);
#1624=LINE('',#9358,#2164);
#1625=LINE('',#9361,#2165);
#1626=LINE('',#9363,#2166);
#1627=LINE('',#9364,#2167);
#1628=LINE('',#9367,#2168);
#1629=LINE('',#9370,#2169);
#1630=LINE('',#9373,#2170);
#1631=LINE('',#9374,#2171);
#1632=LINE('',#9378,#2172);
#1633=LINE('',#9381,#2173);
#1634=LINE('',#9382,#2174);
#1635=LINE('',#9385,#2175);
#1636=LINE('',#9389,#2176);
#1637=LINE('',#9390,#2177);
#1638=LINE('',#9394,#2178);
#1639=LINE('',#9396,#2179);
#1640=LINE('',#9398,#2180);
#1641=LINE('',#9399,#2181);
#1642=LINE('',#9402,#2182);
#1643=LINE('',#9404,#2183);
#1644=LINE('',#9405,#2184);
#1645=LINE('',#9408,#2185);
#1646=LINE('',#9410,#2186);
#1647=LINE('',#9411,#2187);
#1648=LINE('',#9417,#2188);
#1649=LINE('',#9420,#2189);
#1650=LINE('',#9422,#2190);
#1651=LINE('',#9423,#2191);
#1652=LINE('',#9430,#2192);
#1653=LINE('',#9432,#2193);
#1654=LINE('',#9436,#2194);
#1655=LINE('',#9439,#2195);
#1656=LINE('',#9445,#2196);
#1657=LINE('',#9448,#2197);
#1658=LINE('',#9454,#2198);
#1659=LINE('',#9455,#2199);
#1660=LINE('',#9460,#2200);
#1661=LINE('',#9461,#2201);
#1662=LINE('',#9467,#2202);
#1663=LINE('',#9470,#2203);
#1664=LINE('',#9473,#2204);
#1665=LINE('',#9475,#2205);
#1666=LINE('',#9481,#2206);
#1667=LINE('',#9485,#2207);
#1668=LINE('',#9487,#2208);
#1669=LINE('',#9488,#2209);
#1670=LINE('',#9489,#2210);
#1671=LINE('',#9490,#2211);
#1672=LINE('',#9492,#2212);
#1673=LINE('',#9493,#2213);
#1674=LINE('',#9494,#2214);
#1675=LINE('',#9498,#2215);
#1676=LINE('',#9501,#2216);
#1677=LINE('',#9503,#2217);
#1678=LINE('',#9505,#2218);
#1679=LINE('',#9509,#2219);
#1680=LINE('',#9510,#2220);
#1681=LINE('',#9512,#2221);
#1682=LINE('',#9516,#2222);
#1683=LINE('',#9517,#2223);
#1684=LINE('',#9519,#2224);
#1685=LINE('',#9521,#2225);
#1686=LINE('',#9523,#2226);
#1687=LINE('',#9525,#2227);
#1688=VECTOR('',#5942,10.);
#1689=VECTOR('',#5943,10.);
#1690=VECTOR('',#5944,10.);
#1691=VECTOR('',#5945,10.);
#1692=VECTOR('',#5946,10.);
#1693=VECTOR('',#5947,10.);
#1694=VECTOR('',#5948,10.);
#1695=VECTOR('',#5949,10.);
#1696=VECTOR('',#5950,10.);
#1697=VECTOR('',#5951,10.);
#1698=VECTOR('',#5954,10.);
#1699=VECTOR('',#5955,10.);
#1700=VECTOR('',#5956,10.);
#1701=VECTOR('',#5957,10.);
#1702=VECTOR('',#5958,10.);
#1703=VECTOR('',#5959,10.);
#1704=VECTOR('',#5960,10.);
#1705=VECTOR('',#5961,10.);
#1706=VECTOR('',#5962,10.);
#1707=VECTOR('',#5963,10.);
#1708=VECTOR('',#5964,10.);
#1709=VECTOR('',#5967,10.);
#1710=VECTOR('',#5968,10.);
#1711=VECTOR('',#5969,10.);
#1712=VECTOR('',#5972,10.);
#1713=VECTOR('',#5973,10.);
#1714=VECTOR('',#5974,10.);
#1715=VECTOR('',#5977,10.);
#1716=VECTOR('',#5978,10.);
#1717=VECTOR('',#5985,10.);
#1718=VECTOR('',#5988,10.);
#1719=VECTOR('',#5991,10.);
#1720=VECTOR('',#5992,10.);
#1721=VECTOR('',#5993,10.);
#1722=VECTOR('',#5998,10.);
#1723=VECTOR('',#6001,10.);
#1724=VECTOR('',#6004,10.);
#1725=VECTOR('',#6005,10.);
#1726=VECTOR('',#6010,10.);
#1727=VECTOR('',#6015,10.);
#1728=VECTOR('',#6016,10.);
#1729=VECTOR('',#6017,10.);
#1730=VECTOR('',#6022,10.);
#1731=VECTOR('',#6027,10.);
#1732=VECTOR('',#6028,10.);
#1733=VECTOR('',#6033,2.6);
#1734=VECTOR('',#6040,2.6);
#1735=VECTOR('',#6047,2.6);
#1736=VECTOR('',#6054,2.6);
#1737=VECTOR('',#6059,10.);
#1738=VECTOR('',#6060,10.);
#1739=VECTOR('',#6061,10.);
#1740=VECTOR('',#6062,10.);
#1741=VECTOR('',#6065,10.);
#1742=VECTOR('',#6066,10.);
#1743=VECTOR('',#6067,10.);
#1744=VECTOR('',#6068,10.);
#1745=VECTOR('',#6073,10.);
#1746=VECTOR('',#6078,10.);
#1747=VECTOR('',#6079,10.);
#1748=VECTOR('',#6080,10.);
#1749=VECTOR('',#6085,10.);
#1750=VECTOR('',#6090,10.);
#1751=VECTOR('',#6091,10.);
#1752=VECTOR('',#6092,10.);
#1753=VECTOR('',#6119,10.);
#1754=VECTOR('',#6122,10.);
#1755=VECTOR('',#6123,10.);
#1756=VECTOR('',#6124,10.);
#1757=VECTOR('',#6127,10.);
#1758=VECTOR('',#6130,10.);
#1759=VECTOR('',#6131,10.);
#1760=VECTOR('',#6132,10.);
#1761=VECTOR('',#6133,10.);
#1762=VECTOR('',#6134,10.);
#1763=VECTOR('',#6135,10.);
#1764=VECTOR('',#6136,10.);
#1765=VECTOR('',#6137,10.);
#1766=VECTOR('',#6158,10.);
#1767=VECTOR('',#6159,10.);
#1768=VECTOR('',#6164,10.);
#1769=VECTOR('',#6165,10.);
#1770=VECTOR('',#6166,10.);
#1771=VECTOR('',#6167,10.);
#1772=VECTOR('',#6168,10.);
#1773=VECTOR('',#6171,10.);
#1774=VECTOR('',#6174,10.);
#1775=VECTOR('',#6177,10.);
#1776=VECTOR('',#6180,10.);
#1777=VECTOR('',#6183,10.);
#1778=VECTOR('',#6186,10.);
#1779=VECTOR('',#6189,10.);
#1780=VECTOR('',#6192,10.);
#1781=VECTOR('',#6195,10.);
#1782=VECTOR('',#6198,10.);
#1783=VECTOR('',#6203,10.);
#1784=VECTOR('',#6206,10.);
#1785=VECTOR('',#6209,10.);
#1786=VECTOR('',#6212,10.);
#1787=VECTOR('',#6215,10.);
#1788=VECTOR('',#6220,10.);
#1789=VECTOR('',#6223,10.);
#1790=VECTOR('',#6226,10.);
#1791=VECTOR('',#6227,10.);
#1792=VECTOR('',#6228,10.);
#1793=VECTOR('',#6229,10.);
#1794=VECTOR('',#6230,10.);
#1795=VECTOR('',#6231,10.);
#1796=VECTOR('',#6232,10.);
#1797=VECTOR('',#6237,10.);
#1798=VECTOR('',#6240,10.);
#1799=VECTOR('',#6243,10.);
#1800=VECTOR('',#6244,10.);
#1801=VECTOR('',#6245,10.);
#1802=VECTOR('',#6246,10.);
#1803=VECTOR('',#6247,10.);
#1804=VECTOR('',#6248,10.);
#1805=VECTOR('',#6249,10.);
#1806=VECTOR('',#6254,10.);
#1807=VECTOR('',#6257,10.);
#1808=VECTOR('',#6260,10.);
#1809=VECTOR('',#6261,10.);
#1810=VECTOR('',#6262,10.);
#1811=VECTOR('',#6267,10.);
#1812=VECTOR('',#6270,10.);
#1813=VECTOR('',#6273,10.);
#1814=VECTOR('',#6274,10.);
#1815=VECTOR('',#6275,10.);
#1816=VECTOR('',#6278,10.);
#1817=VECTOR('',#6279,10.);
#1818=VECTOR('',#6282,10.);
#1819=VECTOR('',#6283,10.);
#1820=VECTOR('',#6286,10.);
#1821=VECTOR('',#6289,10.);
#1822=VECTOR('',#6290,10.);
#1823=VECTOR('',#6291,10.);
#1824=VECTOR('',#6294,10.);
#1825=VECTOR('',#6301,10.);
#1826=VECTOR('',#6306,10.);
#1827=VECTOR('',#6307,10.);
#1828=VECTOR('',#6310,10.);
#1829=VECTOR('',#6311,10.);
#1830=VECTOR('',#6314,10.);
#1831=VECTOR('',#6317,10.);
#1832=VECTOR('',#6320,10.);
#1833=VECTOR('',#6321,10.);
#1834=VECTOR('',#6326,10.);
#1835=VECTOR('',#6329,10.);
#1836=VECTOR('',#6332,10.);
#1837=VECTOR('',#6333,10.);
#1838=VECTOR('',#6334,10.);
#1839=VECTOR('',#6339,10.);
#1840=VECTOR('',#6344,10.);
#1841=VECTOR('',#6345,10.);
#1842=VECTOR('',#6346,10.);
#1843=VECTOR('',#6351,10.);
#1844=VECTOR('',#6354,10.);
#1845=VECTOR('',#6357,10.);
#1846=VECTOR('',#6358,10.);
#1847=VECTOR('',#6359,10.);
#1848=VECTOR('',#6362,10.);
#1849=VECTOR('',#6363,10.);
#1850=VECTOR('',#6364,10.);
#1851=VECTOR('',#6367,10.);
#1852=VECTOR('',#6370,10.);
#1853=VECTOR('',#6371,10.);
#1854=VECTOR('',#6372,10.);
#1855=VECTOR('',#6375,10.);
#1856=VECTOR('',#6380,10.);
#1857=VECTOR('',#6383,10.);
#1858=VECTOR('',#6386,10.);
#1859=VECTOR('',#6387,10.);
#1860=VECTOR('',#6392,10.);
#1861=VECTOR('',#6395,10.);
#1862=VECTOR('',#6396,10.);
#1863=VECTOR('',#6397,10.);
#1864=VECTOR('',#6400,10.);
#1865=VECTOR('',#6403,10.);
#1866=VECTOR('',#6404,10.);
#1867=VECTOR('',#6405,10.);
#1868=VECTOR('',#6408,10.);
#1869=VECTOR('',#6413,10.);
#1870=VECTOR('',#6414,10.);
#1871=VECTOR('',#6419,10.);
#1872=VECTOR('',#6422,10.);
#1873=VECTOR('',#6425,10.);
#1874=VECTOR('',#6428,10.);
#1875=VECTOR('',#6441,10.);
#1876=VECTOR('',#6442,10.);
#1877=VECTOR('',#6455,10.);
#1878=VECTOR('',#6456,10.);
#1879=VECTOR('',#6461,10.);
#1880=VECTOR('',#6462,10.);
#1881=VECTOR('',#6465,10.);
#1882=VECTOR('',#6466,10.);
#1883=VECTOR('',#6471,10.);
#1884=VECTOR('',#6472,10.);
#1885=VECTOR('',#6475,10.);
#1886=VECTOR('',#6476,10.);
#1887=VECTOR('',#6477,10.);
#1888=VECTOR('',#6478,10.);
#1889=VECTOR('',#6479,10.);
#1890=VECTOR('',#6480,10.);
#1891=VECTOR('',#6481,10.);
#1892=VECTOR('',#6482,10.);
#1893=VECTOR('',#6483,10.);
#1894=VECTOR('',#6484,10.);
#1895=VECTOR('',#6485,10.);
#1896=VECTOR('',#6486,10.);
#1897=VECTOR('',#6487,10.);
#1898=VECTOR('',#6488,10.);
#1899=VECTOR('',#6489,10.);
#1900=VECTOR('',#6490,10.);
#1901=VECTOR('',#6491,10.);
#1902=VECTOR('',#6496,10.);
#1903=VECTOR('',#6499,10.);
#1904=VECTOR('',#6500,10.);
#1905=VECTOR('',#6501,10.);
#1906=VECTOR('',#6502,10.);
#1907=VECTOR('',#6503,10.);
#1908=VECTOR('',#6504,10.);
#1909=VECTOR('',#6507,10.);
#1910=VECTOR('',#6510,10.);
#1911=VECTOR('',#6511,10.);
#1912=VECTOR('',#6512,10.);
#1913=VECTOR('',#6515,10.);
#1914=VECTOR('',#6516,10.);
#1915=VECTOR('',#6517,10.);
#1916=VECTOR('',#6518,10.);
#1917=VECTOR('',#6519,10.);
#1918=VECTOR('',#6520,10.);
#1919=VECTOR('',#6521,10.);
#1920=VECTOR('',#6522,10.);
#1921=VECTOR('',#6527,10.);
#1922=VECTOR('',#6536,10.);
#1923=VECTOR('',#6547,10.);
#1924=VECTOR('',#6550,10.);
#1925=VECTOR('',#6551,10.);
#1926=VECTOR('',#6552,10.);
#1927=VECTOR('',#6557,10.);
#1928=VECTOR('',#6562,10.);
#1929=VECTOR('',#6563,10.);
#1930=VECTOR('',#6566,10.);
#1931=VECTOR('',#6571,10.);
#1932=VECTOR('',#6572,10.);
#1933=VECTOR('',#6575,10.);
#1934=VECTOR('',#6580,10.);
#1935=VECTOR('',#6585,10.);
#1936=VECTOR('',#6590,10.);
#1937=VECTOR('',#6591,10.);
#1938=VECTOR('',#6592,10.);
#1939=VECTOR('',#6593,10.);
#1940=VECTOR('',#6600,10.);
#1941=VECTOR('',#6603,10.);
#1942=VECTOR('',#6604,10.);
#1943=VECTOR('',#6605,10.);
#1944=VECTOR('',#6606,10.);
#1945=VECTOR('',#6607,10.);
#1946=VECTOR('',#6608,10.);
#1947=VECTOR('',#6609,10.);
#1948=VECTOR('',#6612,10.);
#1949=VECTOR('',#6613,10.);
#1950=VECTOR('',#6614,10.);
#1951=VECTOR('',#6615,10.);
#1952=VECTOR('',#6626,10.);
#1953=VECTOR('',#6627,10.);
#1954=VECTOR('',#6628,10.);
#1955=VECTOR('',#6631,10.);
#1956=VECTOR('',#6632,10.);
#1957=VECTOR('',#6633,10.);
#1958=VECTOR('',#6636,10.);
#1959=VECTOR('',#6637,10.);
#1960=VECTOR('',#6638,10.);
#1961=VECTOR('',#6641,10.);
#1962=VECTOR('',#6644,10.);
#1963=VECTOR('',#6645,10.);
#1964=VECTOR('',#6646,10.);
#1965=VECTOR('',#6655,10.);
#1966=VECTOR('',#6656,10.);
#1967=VECTOR('',#6657,10.);
#1968=VECTOR('',#6666,10.);
#1969=VECTOR('',#6667,10.);
#1970=VECTOR('',#6668,10.);
#1971=VECTOR('',#6671,10.);
#1972=VECTOR('',#6678,10.);
#1973=VECTOR('',#6679,10.);
#1974=VECTOR('',#6680,10.);
#1975=VECTOR('',#6681,10.);
#1976=VECTOR('',#6682,10.);
#1977=VECTOR('',#6683,10.);
#1978=VECTOR('',#6686,10.);
#1979=VECTOR('',#6687,10.);
#1980=VECTOR('',#6688,10.);
#1981=VECTOR('',#6697,10.);
#1982=VECTOR('',#6698,10.);
#1983=VECTOR('',#6699,10.);
#1984=VECTOR('',#6708,10.);
#1985=VECTOR('',#6709,10.);
#1986=VECTOR('',#6710,10.);
#1987=VECTOR('',#6719,10.);
#1988=VECTOR('',#6720,10.);
#1989=VECTOR('',#6727,10.);
#1990=VECTOR('',#6730,10.);
#1991=VECTOR('',#6737,10.);
#1992=VECTOR('',#6740,10.);
#1993=VECTOR('',#6747,10.);
#1994=VECTOR('',#6750,10.);
#1995=VECTOR('',#6761,10.);
#1996=VECTOR('',#6766,10.);
#1997=VECTOR('',#6773,10.);
#1998=VECTOR('',#6776,10.);
#1999=VECTOR('',#6779,10.);
#2000=VECTOR('',#6784,10.);
#2001=VECTOR('',#6787,10.);
#2002=VECTOR('',#6802,10.);
#2003=VECTOR('',#6803,10.);
#2004=VECTOR('',#6804,10.);
#2005=VECTOR('',#6805,10.);
#2006=VECTOR('',#6808,10.);
#2007=VECTOR('',#6811,10.);
#2008=VECTOR('',#6814,10.);
#2009=VECTOR('',#6815,10.);
#2010=VECTOR('',#6822,10.);
#2011=VECTOR('',#6823,10.);
#2012=VECTOR('',#6826,10.);
#2013=VECTOR('',#6829,10.);
#2014=VECTOR('',#6834,10.);
#2015=VECTOR('',#6837,10.);
#2016=VECTOR('',#6840,10.);
#2017=VECTOR('',#6845,10.);
#2018=VECTOR('',#6852,10.);
#2019=VECTOR('',#6855,10.);
#2020=VECTOR('',#6858,10.);
#2021=VECTOR('',#6885,3.25);
#2022=VECTOR('',#6892,3.25);
#2023=VECTOR('',#6899,2.25);
#2024=VECTOR('',#6906,2.25);
#2025=VECTOR('',#6911,10.);
#2026=VECTOR('',#6912,10.);
#2027=VECTOR('',#6913,10.);
#2028=VECTOR('',#6914,10.);
#2029=VECTOR('',#6917,10.);
#2030=VECTOR('',#6918,10.);
#2031=VECTOR('',#6919,10.);
#2032=VECTOR('',#6920,10.);
#2033=VECTOR('',#6923,10.);
#2034=VECTOR('',#6924,10.);
#2035=VECTOR('',#6925,10.);
#2036=VECTOR('',#6926,10.);
#2037=VECTOR('',#6929,10.);
#2038=VECTOR('',#6930,10.);
#2039=VECTOR('',#6931,10.);
#2040=VECTOR('',#6932,10.);
#2041=VECTOR('',#6935,10.);
#2042=VECTOR('',#6936,10.);
#2043=VECTOR('',#6937,10.);
#2044=VECTOR('',#6938,10.);
#2045=VECTOR('',#6941,10.);
#2046=VECTOR('',#6942,10.);
#2047=VECTOR('',#6943,10.);
#2048=VECTOR('',#6944,10.);
#2049=VECTOR('',#6947,10.);
#2050=VECTOR('',#6948,10.);
#2051=VECTOR('',#6949,10.);
#2052=VECTOR('',#6950,10.);
#2053=VECTOR('',#6953,10.);
#2054=VECTOR('',#6954,10.);
#2055=VECTOR('',#6955,10.);
#2056=VECTOR('',#6956,10.);
#2057=VECTOR('',#6959,10.);
#2058=VECTOR('',#6960,10.);
#2059=VECTOR('',#6961,10.);
#2060=VECTOR('',#6962,10.);
#2061=VECTOR('',#6965,10.);
#2062=VECTOR('',#6966,10.);
#2063=VECTOR('',#6967,10.);
#2064=VECTOR('',#6968,10.);
#2065=VECTOR('',#6971,10.);
#2066=VECTOR('',#6972,10.);
#2067=VECTOR('',#6973,10.);
#2068=VECTOR('',#6976,10.);
#2069=VECTOR('',#6977,10.);
#2070=VECTOR('',#6978,10.);
#2071=VECTOR('',#6981,10.);
#2072=VECTOR('',#6982,10.);
#2073=VECTOR('',#6983,10.);
#2074=VECTOR('',#6986,10.);
#2075=VECTOR('',#6989,10.);
#2076=VECTOR('',#6990,10.);
#2077=VECTOR('',#6991,10.);
#2078=VECTOR('',#6994,10.);
#2079=VECTOR('',#6997,10.);
#2080=VECTOR('',#7004,10.);
#2081=VECTOR('',#7005,10.);
#2082=VECTOR('',#7008,10.);
#2083=VECTOR('',#7009,10.);
#2084=VECTOR('',#7010,10.);
#2085=VECTOR('',#7013,10.);
#2086=VECTOR('',#7014,10.);
#2087=VECTOR('',#7015,10.);
#2088=VECTOR('',#7018,10.);
#2089=VECTOR('',#7019,10.);
#2090=VECTOR('',#7022,10.);
#2091=VECTOR('',#7025,10.);
#2092=VECTOR('',#7026,10.);
#2093=VECTOR('',#7029,10.);
#2094=VECTOR('',#7032,10.);
#2095=VECTOR('',#7037,10.);
#2096=VECTOR('',#7038,10.);
#2097=VECTOR('',#7039,10.);
#2098=VECTOR('',#7042,10.);
#2099=VECTOR('',#7043,10.);
#2100=VECTOR('',#7046,10.);
#2101=VECTOR('',#7051,10.);
#2102=VECTOR('',#7054,10.);
#2103=VECTOR('',#7057,10.);
#2104=VECTOR('',#7060,10.);
#2105=VECTOR('',#7061,10.);
#2106=VECTOR('',#7062,10.);
#2107=VECTOR('',#7065,10.);
#2108=VECTOR('',#7066,10.);
#2109=VECTOR('',#7071,10.);
#2110=VECTOR('',#7074,10.);
#2111=VECTOR('',#7075,10.);
#2112=VECTOR('',#7076,10.);
#2113=VECTOR('',#7079,10.);
#2114=VECTOR('',#7080,10.);
#2115=VECTOR('',#7081,10.);
#2116=VECTOR('',#7084,10.);
#2117=VECTOR('',#7085,10.);
#2118=VECTOR('',#7088,10.);
#2119=VECTOR('',#7089,10.);
#2120=VECTOR('',#7092,10.);
#2121=VECTOR('',#7093,10.);
#2122=VECTOR('',#7096,10.);
#2123=VECTOR('',#7107,10.);
#2124=VECTOR('',#7110,10.);
#2125=VECTOR('',#7113,10.);
#2126=VECTOR('',#7114,10.);
#2127=VECTOR('',#7115,10.);
#2128=VECTOR('',#7118,10.);
#2129=VECTOR('',#7119,10.);
#2130=VECTOR('',#7122,10.);
#2131=VECTOR('',#7123,10.);
#2132=VECTOR('',#7128,10.);
#2133=VECTOR('',#7131,10.);
#2134=VECTOR('',#7142,10.);
#2135=VECTOR('',#7143,10.);
#2136=VECTOR('',#7146,10.);
#2137=VECTOR('',#7147,10.);
#2138=VECTOR('',#7150,10.);
#2139=VECTOR('',#7151,10.);
#2140=VECTOR('',#7152,10.);
#2141=VECTOR('',#7155,10.);
#2142=VECTOR('',#7156,10.);
#2143=VECTOR('',#7159,10.);
#2144=VECTOR('',#7164,10.);
#2145=VECTOR('',#7165,10.);
#2146=VECTOR('',#7170,10.);
#2147=VECTOR('',#7173,10.);
#2148=VECTOR('',#7184,10.);
#2149=VECTOR('',#7185,10.);
#2150=VECTOR('',#7188,10.);
#2151=VECTOR('',#7189,10.);
#2152=VECTOR('',#7192,10.);
#2153=VECTOR('',#7193,10.);
#2154=VECTOR('',#7194,10.);
#2155=VECTOR('',#7197,10.);
#2156=VECTOR('',#7198,10.);
#2157=VECTOR('',#7201,10.);
#2158=VECTOR('',#7206,10.);
#2159=VECTOR('',#7207,10.);
#2160=VECTOR('',#7210,10.);
#2161=VECTOR('',#7211,10.);
#2162=VECTOR('',#7214,10.);
#2163=VECTOR('',#7215,10.);
#2164=VECTOR('',#7218,10.);
#2165=VECTOR('',#7221,10.);
#2166=VECTOR('',#7222,10.);
#2167=VECTOR('',#7223,10.);
#2168=VECTOR('',#7226,10.);
#2169=VECTOR('',#7231,10.);
#2170=VECTOR('',#7234,10.);
#2171=VECTOR('',#7235,10.);
#2172=VECTOR('',#7240,10.);
#2173=VECTOR('',#7243,10.);
#2174=VECTOR('',#7244,10.);
#2175=VECTOR('',#7247,10.);
#2176=VECTOR('',#7250,10.);
#2177=VECTOR('',#7251,10.);
#2178=VECTOR('',#7254,10.);
#2179=VECTOR('',#7255,10.);
#2180=VECTOR('',#7256,10.);
#2181=VECTOR('',#7257,10.);
#2182=VECTOR('',#7260,10.);
#2183=VECTOR('',#7261,10.);
#2184=VECTOR('',#7262,10.);
#2185=VECTOR('',#7265,10.);
#2186=VECTOR('',#7266,10.);
#2187=VECTOR('',#7267,10.);
#2188=VECTOR('',#7274,10.);
#2189=VECTOR('',#7277,10.);
#2190=VECTOR('',#7278,10.);
#2191=VECTOR('',#7279,10.);
#2192=VECTOR('',#7288,10.);
#2193=VECTOR('',#7289,10.);
#2194=VECTOR('',#7292,10.);
#2195=VECTOR('',#7295,10.);
#2196=VECTOR('',#7300,10.);
#2197=VECTOR('',#7303,10.);
#2198=VECTOR('',#7312,10.);
#2199=VECTOR('',#7313,10.);
#2200=VECTOR('',#7318,10.);
#2201=VECTOR('',#7319,10.);
#2202=VECTOR('',#7328,10.);
#2203=VECTOR('',#7331,10.);
#2204=VECTOR('',#7334,10.);
#2205=VECTOR('',#7337,10.);
#2206=VECTOR('',#7342,10.);
#2207=VECTOR('',#7345,10.);
#2208=VECTOR('',#7346,10.);
#2209=VECTOR('',#7347,10.);
#2210=VECTOR('',#7348,10.);
#2211=VECTOR('',#7349,10.);
#2212=VECTOR('',#7350,10.);
#2213=VECTOR('',#7351,10.);
#2214=VECTOR('',#7352,10.);
#2215=VECTOR('',#7357,10.);
#2216=VECTOR('',#7362,10.);
#2217=VECTOR('',#7365,10.);
#2218=VECTOR('',#7368,10.);
#2219=VECTOR('',#7373,10.);
#2220=VECTOR('',#7374,10.);
#2221=VECTOR('',#7377,10.);
#2222=VECTOR('',#7384,10.);
#2223=VECTOR('',#7385,10.);
#2224=VECTOR('',#7388,10.);
#2225=VECTOR('',#7391,10.);
#2226=VECTOR('',#7394,10.);
#2227=VECTOR('',#7397,10.);
#2228=B_SPLINE_CURVE_WITH_KNOTS('',3,(#7415,#7416,#7417,#7418,#7419),
 .UNSPECIFIED.,.F.,.F.,(4,1,4),(0.,0.099441986059517,0.189500760360091),
 .UNSPECIFIED.);
#2229=B_SPLINE_CURVE_WITH_KNOTS('',3,(#7423,#7424,#7425,#7426,#7427),
 .UNSPECIFIED.,.F.,.F.,(4,1,4),(0.,0.099441986059517,0.189500760360091),
 .UNSPECIFIED.);
#2230=B_SPLINE_CURVE_WITH_KNOTS('',3,(#7440,#7441,#7442,#7443,#7444),
 .UNSPECIFIED.,.F.,.F.,(4,1,4),(0.,0.290363682401939,0.456611975531265),
 .UNSPECIFIED.);
#2231=B_SPLINE_CURVE_WITH_KNOTS('',3,(#7447,#7448,#7449,#7450,#7451),
 .UNSPECIFIED.,.F.,.F.,(4,1,4),(0.,0.290363682401939,0.456611975531265),
 .UNSPECIFIED.);
#2232=B_SPLINE_CURVE_WITH_KNOTS('',3,(#7463,#7464,#7465,#7466,#7467),
 .UNSPECIFIED.,.F.,.F.,(4,1,4),(0.,0.208470934884286,0.512721877266642),
 .UNSPECIFIED.);
#2233=B_SPLINE_CURVE_WITH_KNOTS('',3,(#7470,#7471,#7472,#7473,#7474),
 .UNSPECIFIED.,.F.,.F.,(4,1,4),(0.,0.208470934884286,0.512721877266642),
 .UNSPECIFIED.);
#2234=B_SPLINE_CURVE_WITH_KNOTS('',3,(#7486,#7487,#7488,#7489,#7490),
 .UNSPECIFIED.,.F.,.F.,(4,1,4),(0.,0.200132481089096,0.428162700138822),
 .UNSPECIFIED.);
#2235=B_SPLINE_CURVE_WITH_KNOTS('',3,(#7493,#7494,#7495,#7496,#7497),
 .UNSPECIFIED.,.F.,.F.,(4,1,4),(0.,0.200132481089096,0.428162700138822),
 .UNSPECIFIED.);
#2236=B_SPLINE_CURVE_WITH_KNOTS('',3,(#7509,#7510,#7511,#7512,#7513),
 .UNSPECIFIED.,.F.,.F.,(4,1,4),(0.,0.18951509386407,0.376341543684752),
 .UNSPECIFIED.);
#2237=B_SPLINE_CURVE_WITH_KNOTS('',3,(#7516,#7517,#7518,#7519,#7520),
 .UNSPECIFIED.,.F.,.F.,(4,1,4),(0.,0.18951509386407,0.376341543684752),
 .UNSPECIFIED.);
#2238=B_SPLINE_CURVE_WITH_KNOTS('',3,(#7532,#7533,#7534,#7535,#7536),
 .UNSPECIFIED.,.F.,.F.,(4,1,4),(0.,0.314177398161069,0.63200948702183),
 .UNSPECIFIED.);
#2239=B_SPLINE_CURVE_WITH_KNOTS('',3,(#7539,#7540,#7541,#7542,#7543),
 .UNSPECIFIED.,.F.,.F.,(4,1,4),(0.,0.314177398161069,0.63200948702183),
 .UNSPECIFIED.);
#2240=B_SPLINE_CURVE_WITH_KNOTS('',3,(#7555,#7556,#7557,#7558,#7559),
 .UNSPECIFIED.,.F.,.F.,(4,1,4),(0.,0.382705985061897,0.717498188143727),
 .UNSPECIFIED.);
#2241=B_SPLINE_CURVE_WITH_KNOTS('',3,(#7562,#7563,#7564,#7565,#7566),
 .UNSPECIFIED.,.F.,.F.,(4,1,4),(0.,0.382705985061897,0.717498188143727),
 .UNSPECIFIED.);
#2242=B_SPLINE_CURVE_WITH_KNOTS('',3,(#7578,#7579,#7580,#7581,#7582),
 .UNSPECIFIED.,.F.,.F.,(4,1,4),(0.,0.325594270687637,0.683500430070163),
 .UNSPECIFIED.);
#2243=B_SPLINE_CURVE_WITH_KNOTS('',3,(#7585,#7586,#7587,#7588,#7589),
 .UNSPECIFIED.,.F.,.F.,(4,1,4),(0.,0.325594270687637,0.683500430070163),
 .UNSPECIFIED.);
#2244=B_SPLINE_CURVE_WITH_KNOTS('',3,(#7601,#7602,#7603,#7604,#7605),
 .UNSPECIFIED.,.F.,.F.,(4,1,4),(0.,0.402071666383553,0.734485422389355),
 .UNSPECIFIED.);
#2245=B_SPLINE_CURVE_WITH_KNOTS('',3,(#7608,#7609,#7610,#7611,#7612),
 .UNSPECIFIED.,.F.,.F.,(4,1,4),(0.,0.402071666383553,0.734485422389355),
 .UNSPECIFIED.);
#2246=B_SPLINE_CURVE_WITH_KNOTS('',3,(#7630,#7631,#7632,#7633,#7634),
 .UNSPECIFIED.,.F.,.F.,(4,1,4),(0.,0.15928749225218,0.368657117445552),
 .UNSPECIFIED.);
#2247=B_SPLINE_CURVE_WITH_KNOTS('',3,(#7637,#7638,#7639,#7640,#7641),
 .UNSPECIFIED.,.F.,.F.,(4,1,4),(0.,0.15928749225218,0.368657117445552),
 .UNSPECIFIED.);
#2248=B_SPLINE_CURVE_WITH_KNOTS('',3,(#7653,#7654,#7655,#7656,#7657),
 .UNSPECIFIED.,.F.,.F.,(4,1,4),(0.,0.156452048319803,0.2986559463805),
 .UNSPECIFIED.);
#2249=B_SPLINE_CURVE_WITH_KNOTS('',3,(#7660,#7661,#7662,#7663,#7664),
 .UNSPECIFIED.,.F.,.F.,(4,1,4),(0.,0.156452048319803,0.2986559463805),
 .UNSPECIFIED.);
#2250=B_SPLINE_CURVE_WITH_KNOTS('',3,(#7676,#7677,#7678,#7679,#7680),
 .UNSPECIFIED.,.F.,.F.,(4,1,4),(0.,0.138789167632287,0.295767223012364),
 .UNSPECIFIED.);
#2251=B_SPLINE_CURVE_WITH_KNOTS('',3,(#7683,#7684,#7685,#7686,#7687),
 .UNSPECIFIED.,.F.,.F.,(4,1,4),(0.,0.138789167632287,0.295767223012364),
 .UNSPECIFIED.);
#2252=B_SPLINE_CURVE_WITH_KNOTS('',3,(#7699,#7700,#7701,#7702,#7703),
 .UNSPECIFIED.,.F.,.F.,(4,1,4),(0.,0.164215379965309,0.305076269495653),
 .UNSPECIFIED.);
#2253=B_SPLINE_CURVE_WITH_KNOTS('',3,(#7706,#7707,#7708,#7709,#7710),
 .UNSPECIFIED.,.F.,.F.,(4,1,4),(0.,0.164215379965309,0.305076269495653),
 .UNSPECIFIED.);
#2254=B_SPLINE_CURVE_WITH_KNOTS('',3,(#7722,#7723,#7724,#7725,#7726),
 .UNSPECIFIED.,.F.,.F.,(4,1,4),(0.,0.189105471937228,0.358482066501331),
 .UNSPECIFIED.);
#2255=B_SPLINE_CURVE_WITH_KNOTS('',3,(#7729,#7730,#7731,#7732,#7733),
 .UNSPECIFIED.,.F.,.F.,(4,1,4),(0.,0.189105471937228,0.358482066501331),
 .UNSPECIFIED.);
#2256=B_SPLINE_CURVE_WITH_KNOTS('',3,(#7745,#7746,#7747,#7748,#7749),
 .UNSPECIFIED.,.F.,.F.,(4,1,4),(0.,0.416788878002153,0.65385281918698),
 .UNSPECIFIED.);
#2257=B_SPLINE_CURVE_WITH_KNOTS('',3,(#7752,#7753,#7754,#7755,#7756),
 .UNSPECIFIED.,.F.,.F.,(4,1,4),(0.,0.416788878002153,0.65385281918698),
 .UNSPECIFIED.);
#2258=B_SPLINE_CURVE_WITH_KNOTS('',3,(#7768,#7769,#7770,#7771,#7772),
 .UNSPECIFIED.,.F.,.F.,(4,1,4),(0.,0.380310680601333,0.924969592514175),
 .UNSPECIFIED.);
#2259=B_SPLINE_CURVE_WITH_KNOTS('',3,(#7775,#7776,#7777,#7778,#7779),
 .UNSPECIFIED.,.F.,.F.,(4,1,4),(0.,0.380310680601333,0.924969592514175),
 .UNSPECIFIED.);
#2260=B_SPLINE_CURVE_WITH_KNOTS('',3,(#7791,#7792,#7793,#7794,#7795),
 .UNSPECIFIED.,.F.,.F.,(4,1,4),(0.,0.288349096073158,0.58257906767343),
 .UNSPECIFIED.);
#2261=B_SPLINE_CURVE_WITH_KNOTS('',3,(#7798,#7799,#7800,#7801,#7802),
 .UNSPECIFIED.,.F.,.F.,(4,1,4),(0.,0.288349096073158,0.58257906767343),
 .UNSPECIFIED.);
#2262=B_SPLINE_CURVE_WITH_KNOTS('',3,(#7970,#7971,#7972,#7973,#7974),
 .UNSPECIFIED.,.F.,.F.,(4,1,4),(-0.354935780803179,-0.152115334629934,-2.66729281423935E-16),
 .UNSPECIFIED.);
#2263=B_SPLINE_CURVE_WITH_KNOTS('',3,(#7975,#7976,#7977,#7978,#7979),
 .UNSPECIFIED.,.F.,.F.,(4,1,4),(2.66729281423935E-16,0.152115334629934,
0.354935780803179),.UNSPECIFIED.);
#2264=B_SPLINE_CURVE_WITH_KNOTS('',3,(#8085,#8086,#8087,#8088,#8089,#8090,
#8091,#8092,#8093,#8094),.UNSPECIFIED.,.F.,.F.,(4,2,2,2,4),(0.,0.0941969058675709,
0.188393811735142,0.283371228035031,0.378348644334921),.UNSPECIFIED.);
#2265=B_SPLINE_CURVE_WITH_KNOTS('',3,(#8098,#8099,#8100,#8101,#8102,#8103,
#8104,#8105,#8106,#8107),.UNSPECIFIED.,.F.,.F.,(4,2,2,2,4),(-0.377327825348371,
-0.282845427934501,-0.188363030520632,-0.094181515260316,0.),
 .UNSPECIFIED.);
#2266=B_SPLINE_CURVE_WITH_KNOTS('',3,(#8165,#8166,#8167,#8168,#8169,#8170,
#8171,#8172,#8173,#8174),.UNSPECIFIED.,.F.,.F.,(4,2,2,2,4),(0.,0.0941815152603159,
0.188363030520632,0.282845427934501,0.377327825348371),.UNSPECIFIED.);
#2267=B_SPLINE_CURVE_WITH_KNOTS('',3,(#8176,#8177,#8178,#8179,#8180,#8181,
#8182,#8183,#8184,#8185),.UNSPECIFIED.,.F.,.F.,(4,2,2,2,4),(-0.378348644334921,
-0.283371228035031,-0.188393811735142,-0.0941969058675709,0.),
 .UNSPECIFIED.);
#2268=B_SPLINE_CURVE_WITH_KNOTS('',3,(#8189,#8190,#8191,#8192,#8193,#8194,
#8195,#8196,#8197,#8198),.UNSPECIFIED.,.F.,.F.,(4,2,2,2,4),(0.,0.0941815152603159,
0.188363030520632,0.282845427934501,0.377327825348371),.UNSPECIFIED.);
#2269=B_SPLINE_CURVE_WITH_KNOTS('',3,(#8200,#8201,#8202,#8203,#8204,#8205,
#8206,#8207,#8208,#8209),.UNSPECIFIED.,.F.,.F.,(4,2,2,2,4),(-0.378348644334921,
-0.283371228035031,-0.188393811735142,-0.0941969058675709,0.),
 .UNSPECIFIED.);
#2270=B_SPLINE_CURVE_WITH_KNOTS('',3,(#8213,#8214,#8215,#8216,#8217,#8218,
#8219,#8220,#8221,#8222),.UNSPECIFIED.,.F.,.F.,(4,2,2,2,4),(0.,0.0941969058675708,
0.188393811735142,0.283371228035031,0.378348644334921),.UNSPECIFIED.);
#2271=B_SPLINE_CURVE_WITH_KNOTS('',3,(#8224,#8225,#8226,#8227,#8228,#8229,
#8230,#8231,#8232,#8233),.UNSPECIFIED.,.F.,.F.,(4,2,2,2,4),(-0.37732782534837,
-0.282845427934501,-0.188363030520632,-0.0941815152603158,0.),
 .UNSPECIFIED.);
#2272=B_SPLINE_CURVE_WITH_KNOTS('',3,(#8237,#8238,#8239,#8240,#8241,#8242,
#8243,#8244,#8245,#8246),.UNSPECIFIED.,.F.,.F.,(4,2,2,2,4),(0.,0.0941815152603159,
0.188363030520632,0.282845427934501,0.377327825348371),.UNSPECIFIED.);
#2273=B_SPLINE_CURVE_WITH_KNOTS('',3,(#8248,#8249,#8250,#8251,#8252,#8253,
#8254,#8255,#8256,#8257),.UNSPECIFIED.,.F.,.F.,(4,2,2,2,4),(-0.378348644334921,
-0.283371228035031,-0.188393811735142,-0.0941969058675709,0.),
 .UNSPECIFIED.);
#2274=B_SPLINE_CURVE_WITH_KNOTS('',3,(#8261,#8262,#8263,#8264,#8265,#8266,
#8267,#8268,#8269,#8270),.UNSPECIFIED.,.F.,.F.,(4,2,2,2,4),(0.,0.0941969058675709,
0.188393811735142,0.283371228035031,0.378348644334921),.UNSPECIFIED.);
#2275=B_SPLINE_CURVE_WITH_KNOTS('',3,(#8272,#8273,#8274,#8275,#8276,#8277,
#8278,#8279,#8280,#8281),.UNSPECIFIED.,.F.,.F.,(4,2,2,2,4),(-0.377327825348371,
-0.282845427934501,-0.188363030520632,-0.094181515260316,0.),
 .UNSPECIFIED.);
#2276=B_SPLINE_CURVE_WITH_KNOTS('',3,(#8886,#8887,#8888,#8889,#8890,#8891,
#8892,#8893,#8894,#8895,#8896,#8897,#8898,#8899),.UNSPECIFIED.,.F.,.F.,
(4,2,2,2,2,2,4),(-0.0945143703657128,-0.0803949180159113,-0.0643828823761424,
-0.0430035443571505,-0.0220240117925605,0.,0.000441330586580477),
 .UNSPECIFIED.);
#2277=B_SPLINE_CURVE_WITH_KNOTS('',3,(#8909,#8910,#8911,#8912,#8913,#8914,
#8915,#8916,#8917,#8918,#8919,#8920,#8921,#8922),.UNSPECIFIED.,.F.,.F.,
(4,2,2,2,2,2,4),(-0.0941029102031058,-0.0936655431767384,-0.0718393275494339,
-0.051048210752559,-0.0298608791271175,-0.0139926465000468,0.),
 .UNSPECIFIED.);
#2278=VERTEX_POINT('',#7413);
#2279=VERTEX_POINT('',#7414);
#2280=VERTEX_POINT('',#7420);
#2281=VERTEX_POINT('',#7422);
#2282=VERTEX_POINT('',#7439);
#2283=VERTEX_POINT('',#7445);
#2284=VERTEX_POINT('',#7462);
#2285=VERTEX_POINT('',#7468);
#2286=VERTEX_POINT('',#7485);
#2287=VERTEX_POINT('',#7491);
#2288=VERTEX_POINT('',#7508);
#2289=VERTEX_POINT('',#7514);
#2290=VERTEX_POINT('',#7531);
#2291=VERTEX_POINT('',#7537);
#2292=VERTEX_POINT('',#7554);
#2293=VERTEX_POINT('',#7560);
#2294=VERTEX_POINT('',#7577);
#2295=VERTEX_POINT('',#7583);
#2296=VERTEX_POINT('',#7600);
#2297=VERTEX_POINT('',#7606);
#2298=VERTEX_POINT('',#7614);
#2299=VERTEX_POINT('',#7616);
#2300=VERTEX_POINT('',#7629);
#2301=VERTEX_POINT('',#7635);
#2302=VERTEX_POINT('',#7652);
#2303=VERTEX_POINT('',#7658);
#2304=VERTEX_POINT('',#7675);
#2305=VERTEX_POINT('',#7681);
#2306=VERTEX_POINT('',#7698);
#2307=VERTEX_POINT('',#7704);
#2308=VERTEX_POINT('',#7721);
#2309=VERTEX_POINT('',#7727);
#2310=VERTEX_POINT('',#7744);
#2311=VERTEX_POINT('',#7750);
#2312=VERTEX_POINT('',#7767);
#2313=VERTEX_POINT('',#7773);
#2314=VERTEX_POINT('',#7790);
#2315=VERTEX_POINT('',#7796);
#2316=VERTEX_POINT('',#7804);
#2317=VERTEX_POINT('',#7806);
#2318=VERTEX_POINT('',#7810);
#2319=VERTEX_POINT('',#7812);
#2320=VERTEX_POINT('',#7820);
#2321=VERTEX_POINT('',#7821);
#2322=VERTEX_POINT('',#7823);
#2323=VERTEX_POINT('',#7825);
#2324=VERTEX_POINT('',#7829);
#2325=VERTEX_POINT('',#7831);
#2326=VERTEX_POINT('',#7835);
#2327=VERTEX_POINT('',#7836);
#2328=VERTEX_POINT('',#7838);
#2329=VERTEX_POINT('',#7840);
#2330=VERTEX_POINT('',#7847);
#2331=VERTEX_POINT('',#7849);
#2332=VERTEX_POINT('',#7853);
#2333=VERTEX_POINT('',#7855);
#2334=VERTEX_POINT('',#7859);
#2335=VERTEX_POINT('',#7861);
#2336=VERTEX_POINT('',#7868);
#2337=VERTEX_POINT('',#7870);
#2338=VERTEX_POINT('',#7874);
#2339=VERTEX_POINT('',#7876);
#2340=VERTEX_POINT('',#7880);
#2341=VERTEX_POINT('',#7882);
#2342=VERTEX_POINT('',#7886);
#2343=VERTEX_POINT('',#7888);
#2344=VERTEX_POINT('',#7892);
#2345=VERTEX_POINT('',#7893);
#2346=VERTEX_POINT('',#7895);
#2347=VERTEX_POINT('',#7897);
#2348=VERTEX_POINT('',#7901);
#2349=VERTEX_POINT('',#7902);
#2350=VERTEX_POINT('',#7904);
#2351=VERTEX_POINT('',#7906);
#2352=VERTEX_POINT('',#7910);
#2353=VERTEX_POINT('',#7912);
#2354=VERTEX_POINT('',#7916);
#2355=VERTEX_POINT('',#7918);
#2356=VERTEX_POINT('',#7922);
#2357=VERTEX_POINT('',#7924);
#2358=VERTEX_POINT('',#7928);
#2359=VERTEX_POINT('',#7930);
#2360=VERTEX_POINT('',#7940);
#2361=VERTEX_POINT('',#7941);
#2362=VERTEX_POINT('',#7943);
#2363=VERTEX_POINT('',#7945);
#2364=VERTEX_POINT('',#7947);
#2365=VERTEX_POINT('',#7981);
#2366=VERTEX_POINT('',#7983);
#2367=VERTEX_POINT('',#7985);
#2368=VERTEX_POINT('',#7987);
#2369=VERTEX_POINT('',#7989);
#2370=VERTEX_POINT('',#7991);
#2371=VERTEX_POINT('',#7994);
#2372=VERTEX_POINT('',#7996);
#2373=VERTEX_POINT('',#7997);
#2374=VERTEX_POINT('',#7999);
#2375=VERTEX_POINT('',#8001);
#2376=VERTEX_POINT('',#8004);
#2377=VERTEX_POINT('',#8005);
#2378=VERTEX_POINT('',#8007);
#2379=VERTEX_POINT('',#8009);
#2380=VERTEX_POINT('',#8039);
#2381=VERTEX_POINT('',#8045);
#2382=VERTEX_POINT('',#8046);
#2383=VERTEX_POINT('',#8077);
#2384=VERTEX_POINT('',#8083);
#2385=VERTEX_POINT('',#8084);
#2386=VERTEX_POINT('',#8095);
#2387=VERTEX_POINT('',#8097);
#2388=VERTEX_POINT('',#8110);
#2389=VERTEX_POINT('',#8112);
#2390=VERTEX_POINT('',#8114);
#2391=VERTEX_POINT('',#8116);
#2392=VERTEX_POINT('',#8118);
#2393=VERTEX_POINT('',#8120);
#2394=VERTEX_POINT('',#8122);
#2395=VERTEX_POINT('',#8124);
#2396=VERTEX_POINT('',#8126);
#2397=VERTEX_POINT('',#8128);
#2398=VERTEX_POINT('',#8130);
#2399=VERTEX_POINT('',#8132);
#2400=VERTEX_POINT('',#8134);
#2401=VERTEX_POINT('',#8136);
#2402=VERTEX_POINT('',#8138);
#2403=VERTEX_POINT('',#8140);
#2404=VERTEX_POINT('',#8142);
#2405=VERTEX_POINT('',#8144);
#2406=VERTEX_POINT('',#8146);
#2407=VERTEX_POINT('',#8148);
#2408=VERTEX_POINT('',#8150);
#2409=VERTEX_POINT('',#8152);
#2410=VERTEX_POINT('',#8155);
#2411=VERTEX_POINT('',#8156);
#2412=VERTEX_POINT('',#8158);
#2413=VERTEX_POINT('',#8160);
#2414=VERTEX_POINT('',#8164);
#2415=VERTEX_POINT('',#8175);
#2416=VERTEX_POINT('',#8188);
#2417=VERTEX_POINT('',#8199);
#2418=VERTEX_POINT('',#8212);
#2419=VERTEX_POINT('',#8223);
#2420=VERTEX_POINT('',#8236);
#2421=VERTEX_POINT('',#8247);
#2422=VERTEX_POINT('',#8260);
#2423=VERTEX_POINT('',#8271);
#2424=VERTEX_POINT('',#8284);
#2425=VERTEX_POINT('',#8285);
#2426=VERTEX_POINT('',#8287);
#2427=VERTEX_POINT('',#8289);
#2428=VERTEX_POINT('',#8293);
#2429=VERTEX_POINT('',#8295);
#2430=VERTEX_POINT('',#8297);
#2431=VERTEX_POINT('',#8299);
#2432=VERTEX_POINT('',#8301);
#2433=VERTEX_POINT('',#8303);
#2434=VERTEX_POINT('',#8307);
#2435=VERTEX_POINT('',#8308);
#2436=VERTEX_POINT('',#8310);
#2437=VERTEX_POINT('',#8312);
#2438=VERTEX_POINT('',#8316);
#2439=VERTEX_POINT('',#8318);
#2440=VERTEX_POINT('',#8320);
#2441=VERTEX_POINT('',#8322);
#2442=VERTEX_POINT('',#8324);
#2443=VERTEX_POINT('',#8326);
#2444=VERTEX_POINT('',#8330);
#2445=VERTEX_POINT('',#8331);
#2446=VERTEX_POINT('',#8333);
#2447=VERTEX_POINT('',#8335);
#2448=VERTEX_POINT('',#8339);
#2449=VERTEX_POINT('',#8341);
#2450=VERTEX_POINT('',#8345);
#2451=VERTEX_POINT('',#8346);
#2452=VERTEX_POINT('',#8348);
#2453=VERTEX_POINT('',#8350);
#2454=VERTEX_POINT('',#8354);
#2455=VERTEX_POINT('',#8356);
#2456=VERTEX_POINT('',#8361);
#2457=VERTEX_POINT('',#8363);
#2458=VERTEX_POINT('',#8365);
#2459=VERTEX_POINT('',#8367);
#2460=VERTEX_POINT('',#8369);
#2461=VERTEX_POINT('',#8371);
#2462=VERTEX_POINT('',#8374);
#2463=VERTEX_POINT('',#8376);
#2464=VERTEX_POINT('',#8378);
#2465=VERTEX_POINT('',#8380);
#2466=VERTEX_POINT('',#8382);
#2467=VERTEX_POINT('',#8386);
#2468=VERTEX_POINT('',#8390);
#2469=VERTEX_POINT('',#8391);
#2470=VERTEX_POINT('',#8396);
#2471=VERTEX_POINT('',#8400);
#2472=VERTEX_POINT('',#8402);
#2473=VERTEX_POINT('',#8406);
#2474=VERTEX_POINT('',#8410);
#2475=VERTEX_POINT('',#8411);
#2476=VERTEX_POINT('',#8413);
#2477=VERTEX_POINT('',#8415);
#2478=VERTEX_POINT('',#8419);
#2479=VERTEX_POINT('',#8421);
#2480=VERTEX_POINT('',#8425);
#2481=VERTEX_POINT('',#8427);
#2482=VERTEX_POINT('',#8431);
#2483=VERTEX_POINT('',#8433);
#2484=VERTEX_POINT('',#8437);
#2485=VERTEX_POINT('',#8438);
#2486=VERTEX_POINT('',#8440);
#2487=VERTEX_POINT('',#8442);
#2488=VERTEX_POINT('',#8446);
#2489=VERTEX_POINT('',#8448);
#2490=VERTEX_POINT('',#8453);
#2491=VERTEX_POINT('',#8455);
#2492=VERTEX_POINT('',#8457);
#2493=VERTEX_POINT('',#8459);
#2494=VERTEX_POINT('',#8462);
#2495=VERTEX_POINT('',#8464);
#2496=VERTEX_POINT('',#8466);
#2497=VERTEX_POINT('',#8468);
#2498=VERTEX_POINT('',#8470);
#2499=VERTEX_POINT('',#8474);
#2500=VERTEX_POINT('',#8476);
#2501=VERTEX_POINT('',#8480);
#2502=VERTEX_POINT('',#8484);
#2503=VERTEX_POINT('',#8489);
#2504=VERTEX_POINT('',#8492);
#2505=VERTEX_POINT('',#8494);
#2506=VERTEX_POINT('',#8496);
#2507=VERTEX_POINT('',#8498);
#2508=VERTEX_POINT('',#8503);
#2509=VERTEX_POINT('',#8507);
#2510=VERTEX_POINT('',#8511);
#2511=VERTEX_POINT('',#8521);
#2512=VERTEX_POINT('',#8522);
#2513=VERTEX_POINT('',#8524);
#2514=VERTEX_POINT('',#8528);
#2515=VERTEX_POINT('',#8529);
#2516=VERTEX_POINT('',#8534);
#2517=VERTEX_POINT('',#8535);
#2518=VERTEX_POINT('',#8537);
#2519=VERTEX_POINT('',#8541);
#2520=VERTEX_POINT('',#8542);
#2521=VERTEX_POINT('',#8547);
#2522=VERTEX_POINT('',#8548);
#2523=VERTEX_POINT('',#8556);
#2524=VERTEX_POINT('',#8557);
#2525=VERTEX_POINT('',#8562);
#2526=VERTEX_POINT('',#8564);
#2527=VERTEX_POINT('',#8566);
#2528=VERTEX_POINT('',#8568);
#2529=VERTEX_POINT('',#8573);
#2530=VERTEX_POINT('',#8574);
#2531=VERTEX_POINT('',#8576);
#2532=VERTEX_POINT('',#8578);
#2533=VERTEX_POINT('',#8580);
#2534=VERTEX_POINT('',#8582);
#2535=VERTEX_POINT('',#8584);
#2536=VERTEX_POINT('',#8586);
#2537=VERTEX_POINT('',#8588);
#2538=VERTEX_POINT('',#8590);
#2539=VERTEX_POINT('',#8594);
#2540=VERTEX_POINT('',#8596);
#2541=VERTEX_POINT('',#8599);
#2542=VERTEX_POINT('',#8601);
#2543=VERTEX_POINT('',#8604);
#2544=VERTEX_POINT('',#8606);
#2545=VERTEX_POINT('',#8609);
#2546=VERTEX_POINT('',#8611);
#2547=VERTEX_POINT('',#8614);
#2548=VERTEX_POINT('',#8616);
#2549=VERTEX_POINT('',#8621);
#2550=VERTEX_POINT('',#8623);
#2551=VERTEX_POINT('',#8626);
#2552=VERTEX_POINT('',#8628);
#2553=VERTEX_POINT('',#8633);
#2554=VERTEX_POINT('',#8635);
#2555=VERTEX_POINT('',#8647);
#2556=VERTEX_POINT('',#8651);
#2557=VERTEX_POINT('',#8663);
#2558=VERTEX_POINT('',#8667);
#2559=VERTEX_POINT('',#8671);
#2560=VERTEX_POINT('',#8673);
#2561=VERTEX_POINT('',#8676);
#2562=VERTEX_POINT('',#8679);
#2563=VERTEX_POINT('',#8683);
#2564=VERTEX_POINT('',#8687);
#2565=VERTEX_POINT('',#8691);
#2566=VERTEX_POINT('',#8694);
#2567=VERTEX_POINT('',#8696);
#2568=VERTEX_POINT('',#8699);
#2569=VERTEX_POINT('',#8701);
#2570=VERTEX_POINT('',#8706);
#2571=VERTEX_POINT('',#8709);
#2572=VERTEX_POINT('',#8710);
#2573=VERTEX_POINT('',#8712);
#2574=VERTEX_POINT('',#8714);
#2575=VERTEX_POINT('',#8718);
#2576=VERTEX_POINT('',#8720);
#2577=VERTEX_POINT('',#8725);
#2578=VERTEX_POINT('',#8727);
#2579=VERTEX_POINT('',#8734);
#2580=VERTEX_POINT('',#8735);
#2581=VERTEX_POINT('',#8737);
#2582=VERTEX_POINT('',#8739);
#2583=VERTEX_POINT('',#8746);
#2584=VERTEX_POINT('',#8748);
#2585=VERTEX_POINT('',#8750);
#2586=VERTEX_POINT('',#8752);
#2587=VERTEX_POINT('',#8754);
#2588=VERTEX_POINT('',#8756);
#2589=VERTEX_POINT('',#8758);
#2590=VERTEX_POINT('',#8760);
#2591=VERTEX_POINT('',#8762);
#2592=VERTEX_POINT('',#8764);
#2593=VERTEX_POINT('',#8766);
#2594=VERTEX_POINT('',#8768);
#2595=VERTEX_POINT('',#8773);
#2596=VERTEX_POINT('',#8774);
#2597=VERTEX_POINT('',#8782);
#2598=VERTEX_POINT('',#8783);
#2599=VERTEX_POINT('',#8791);
#2600=VERTEX_POINT('',#8792);
#2601=VERTEX_POINT('',#8797);
#2602=VERTEX_POINT('',#8798);
#2603=VERTEX_POINT('',#8806);
#2604=VERTEX_POINT('',#8808);
#2605=VERTEX_POINT('',#8812);
#2606=VERTEX_POINT('',#8813);
#2607=VERTEX_POINT('',#8821);
#2608=VERTEX_POINT('',#8822);
#2609=VERTEX_POINT('',#8830);
#2610=VERTEX_POINT('',#8831);
#2611=VERTEX_POINT('',#8863);
#2612=VERTEX_POINT('',#8865);
#2613=VERTEX_POINT('',#8869);
#2614=VERTEX_POINT('',#8870);
#2615=VERTEX_POINT('',#8877);
#2616=VERTEX_POINT('',#8878);
#2617=VERTEX_POINT('',#8880);
#2618=VERTEX_POINT('',#8882);
#2619=VERTEX_POINT('',#8884);
#2620=VERTEX_POINT('',#8901);
#2621=VERTEX_POINT('',#8902);
#2622=VERTEX_POINT('',#8904);
#2623=VERTEX_POINT('',#8906);
#2624=VERTEX_POINT('',#8908);
#2625=VERTEX_POINT('',#8971);
#2626=VERTEX_POINT('',#8975);
#2627=VERTEX_POINT('',#8979);
#2628=VERTEX_POINT('',#8981);
#2629=VERTEX_POINT('',#8984);
#2630=VERTEX_POINT('',#8989);
#2631=VERTEX_POINT('',#8991);
#2632=VERTEX_POINT('',#8996);
#2633=VERTEX_POINT('',#9000);
#2634=VERTEX_POINT('',#9002);
#2635=VERTEX_POINT('',#9006);
#2636=VERTEX_POINT('',#9007);
#2637=VERTEX_POINT('',#9009);
#2638=VERTEX_POINT('',#9011);
#2639=VERTEX_POINT('',#9015);
#2640=VERTEX_POINT('',#9016);
#2641=VERTEX_POINT('',#9018);
#2642=VERTEX_POINT('',#9020);
#2643=VERTEX_POINT('',#9024);
#2644=VERTEX_POINT('',#9025);
#2645=VERTEX_POINT('',#9027);
#2646=VERTEX_POINT('',#9029);
#2647=VERTEX_POINT('',#9033);
#2648=VERTEX_POINT('',#9034);
#2649=VERTEX_POINT('',#9036);
#2650=VERTEX_POINT('',#9038);
#2651=VERTEX_POINT('',#9042);
#2652=VERTEX_POINT('',#9043);
#2653=VERTEX_POINT('',#9045);
#2654=VERTEX_POINT('',#9047);
#2655=VERTEX_POINT('',#9051);
#2656=VERTEX_POINT('',#9052);
#2657=VERTEX_POINT('',#9054);
#2658=VERTEX_POINT('',#9056);
#2659=VERTEX_POINT('',#9060);
#2660=VERTEX_POINT('',#9061);
#2661=VERTEX_POINT('',#9063);
#2662=VERTEX_POINT('',#9065);
#2663=VERTEX_POINT('',#9069);
#2664=VERTEX_POINT('',#9070);
#2665=VERTEX_POINT('',#9072);
#2666=VERTEX_POINT('',#9074);
#2667=VERTEX_POINT('',#9078);
#2668=VERTEX_POINT('',#9079);
#2669=VERTEX_POINT('',#9081);
#2670=VERTEX_POINT('',#9083);
#2671=VERTEX_POINT('',#9087);
#2672=VERTEX_POINT('',#9088);
#2673=VERTEX_POINT('',#9090);
#2674=VERTEX_POINT('',#9092);
#2675=VERTEX_POINT('',#9096);
#2676=VERTEX_POINT('',#9098);
#2677=VERTEX_POINT('',#9102);
#2678=VERTEX_POINT('',#9104);
#2679=VERTEX_POINT('',#9127);
#2680=VERTEX_POINT('',#9129);
#2681=VERTEX_POINT('',#9133);
#2682=VERTEX_POINT('',#9135);
#2683=VERTEX_POINT('',#9152);
#2684=VERTEX_POINT('',#9162);
#2685=VERTEX_POINT('',#9163);
#2686=VERTEX_POINT('',#9165);
#2687=VERTEX_POINT('',#9167);
#2688=VERTEX_POINT('',#9171);
#2689=VERTEX_POINT('',#9173);
#2690=VERTEX_POINT('',#9175);
#2691=VERTEX_POINT('',#9177);
#2692=VERTEX_POINT('',#9181);
#2693=VERTEX_POINT('',#9185);
#2694=VERTEX_POINT('',#9189);
#2695=VERTEX_POINT('',#9191);
#2696=VERTEX_POINT('',#9195);
#2697=VERTEX_POINT('',#9197);
#2698=VERTEX_POINT('',#9201);
#2699=VERTEX_POINT('',#9205);
#2700=VERTEX_POINT('',#9217);
#2701=VERTEX_POINT('',#9218);
#2702=VERTEX_POINT('',#9220);
#2703=VERTEX_POINT('',#9222);
#2704=VERTEX_POINT('',#9226);
#2705=VERTEX_POINT('',#9228);
#2706=VERTEX_POINT('',#9230);
#2707=VERTEX_POINT('',#9232);
#2708=VERTEX_POINT('',#9234);
#2709=VERTEX_POINT('',#9238);
#2710=VERTEX_POINT('',#9242);
#2711=VERTEX_POINT('',#9243);
#2712=VERTEX_POINT('',#9245);
#2713=VERTEX_POINT('',#9247);
#2714=VERTEX_POINT('',#9259);
#2715=VERTEX_POINT('',#9261);
#2716=VERTEX_POINT('',#9265);
#2717=VERTEX_POINT('',#9266);
#2718=VERTEX_POINT('',#9271);
#2719=VERTEX_POINT('',#9273);
#2720=VERTEX_POINT('',#9275);
#2721=VERTEX_POINT('',#9277);
#2722=VERTEX_POINT('',#9279);
#2723=VERTEX_POINT('',#9283);
#2724=VERTEX_POINT('',#9287);
#2725=VERTEX_POINT('',#9291);
#2726=VERTEX_POINT('',#9295);
#2727=VERTEX_POINT('',#9296);
#2728=VERTEX_POINT('',#9298);
#2729=VERTEX_POINT('',#9300);
#2730=VERTEX_POINT('',#9312);
#2731=VERTEX_POINT('',#9314);
#2732=VERTEX_POINT('',#9318);
#2733=VERTEX_POINT('',#9319);
#2734=VERTEX_POINT('',#9324);
#2735=VERTEX_POINT('',#9326);
#2736=VERTEX_POINT('',#9328);
#2737=VERTEX_POINT('',#9330);
#2738=VERTEX_POINT('',#9332);
#2739=VERTEX_POINT('',#9336);
#2740=VERTEX_POINT('',#9340);
#2741=VERTEX_POINT('',#9344);
#2742=VERTEX_POINT('',#9348);
#2743=VERTEX_POINT('',#9350);
#2744=VERTEX_POINT('',#9352);
#2745=VERTEX_POINT('',#9354);
#2746=VERTEX_POINT('',#9360);
#2747=VERTEX_POINT('',#9362);
#2748=VERTEX_POINT('',#9366);
#2749=VERTEX_POINT('',#9372);
#2750=VERTEX_POINT('',#9376);
#2751=VERTEX_POINT('',#9380);
#2752=VERTEX_POINT('',#9384);
#2753=VERTEX_POINT('',#9386);
#2754=VERTEX_POINT('',#9388);
#2755=VERTEX_POINT('',#9392);
#2756=VERTEX_POINT('',#9393);
#2757=VERTEX_POINT('',#9395);
#2758=VERTEX_POINT('',#9397);
#2759=VERTEX_POINT('',#9401);
#2760=VERTEX_POINT('',#9403);
#2761=VERTEX_POINT('',#9407);
#2762=VERTEX_POINT('',#9409);
#2763=VERTEX_POINT('',#9413);
#2764=VERTEX_POINT('',#9415);
#2765=VERTEX_POINT('',#9419);
#2766=VERTEX_POINT('',#9421);
#2767=VERTEX_POINT('',#9428);
#2768=VERTEX_POINT('',#9429);
#2769=VERTEX_POINT('',#9431);
#2770=VERTEX_POINT('',#9433);
#2771=VERTEX_POINT('',#9435);
#2772=VERTEX_POINT('',#9437);
#2773=VERTEX_POINT('',#9441);
#2774=VERTEX_POINT('',#9442);
#2775=VERTEX_POINT('',#9444);
#2776=VERTEX_POINT('',#9446);
#2777=VERTEX_POINT('',#9450);
#2778=VERTEX_POINT('',#9457);
#2779=VERTEX_POINT('',#9458);
#2780=VERTEX_POINT('',#9463);
#2781=VERTEX_POINT('',#9469);
#2782=VERTEX_POINT('',#9471);
#2783=VERTEX_POINT('',#9477);
#2784=VERTEX_POINT('',#9478);
#2785=VERTEX_POINT('',#9480);
#2786=VERTEX_POINT('',#9482);
#2787=VERTEX_POINT('',#9484);
#2788=VERTEX_POINT('',#9486);
#2789=VERTEX_POINT('',#9491);
#2790=VERTEX_POINT('',#9496);
#2791=VERTEX_POINT('',#9508);
#2792=EDGE_CURVE('',#2278,#2279,#2228,.T.);
#2793=EDGE_CURVE('',#2278,#2280,#1148,.T.);
#2794=EDGE_CURVE('',#2280,#2281,#2229,.T.);
#2795=EDGE_CURVE('',#2279,#2281,#1149,.T.);
#2796=EDGE_CURVE('',#2282,#2278,#2230,.T.);
#2797=EDGE_CURVE('',#2282,#2283,#1150,.T.);
#2798=EDGE_CURVE('',#2283,#2280,#2231,.T.);
#2799=EDGE_CURVE('',#2284,#2282,#2232,.T.);
#2800=EDGE_CURVE('',#2284,#2285,#1151,.T.);
#2801=EDGE_CURVE('',#2285,#2283,#2233,.T.);
#2802=EDGE_CURVE('',#2286,#2284,#2234,.T.);
#2803=EDGE_CURVE('',#2286,#2287,#1152,.T.);
#2804=EDGE_CURVE('',#2287,#2285,#2235,.T.);
#2805=EDGE_CURVE('',#2288,#2286,#2236,.T.);
#2806=EDGE_CURVE('',#2288,#2289,#1153,.T.);
#2807=EDGE_CURVE('',#2289,#2287,#2237,.T.);
#2808=EDGE_CURVE('',#2290,#2288,#2238,.T.);
#2809=EDGE_CURVE('',#2290,#2291,#1154,.T.);
#2810=EDGE_CURVE('',#2291,#2289,#2239,.T.);
#2811=EDGE_CURVE('',#2292,#2290,#2240,.T.);
#2812=EDGE_CURVE('',#2292,#2293,#1155,.T.);
#2813=EDGE_CURVE('',#2293,#2291,#2241,.T.);
#2814=EDGE_CURVE('',#2294,#2292,#2242,.T.);
#2815=EDGE_CURVE('',#2294,#2295,#1156,.T.);
#2816=EDGE_CURVE('',#2295,#2293,#2243,.T.);
#2817=EDGE_CURVE('',#2296,#2294,#2244,.T.);
#2818=EDGE_CURVE('',#2296,#2297,#1157,.T.);
#2819=EDGE_CURVE('',#2297,#2295,#2245,.T.);
#2820=EDGE_CURVE('',#2298,#2296,#1158,.T.);
#2821=EDGE_CURVE('',#2298,#2299,#1159,.T.);
#2822=EDGE_CURVE('',#2299,#2297,#1160,.T.);
#2823=EDGE_CURVE('',#2300,#2298,#2246,.T.);
#2824=EDGE_CURVE('',#2300,#2301,#1161,.T.);
#2825=EDGE_CURVE('',#2301,#2299,#2247,.T.);
#2826=EDGE_CURVE('',#2302,#2300,#2248,.T.);
#2827=EDGE_CURVE('',#2302,#2303,#1162,.T.);
#2828=EDGE_CURVE('',#2303,#2301,#2249,.T.);
#2829=EDGE_CURVE('',#2304,#2302,#2250,.T.);
#2830=EDGE_CURVE('',#2304,#2305,#1163,.T.);
#2831=EDGE_CURVE('',#2305,#2303,#2251,.T.);
#2832=EDGE_CURVE('',#2306,#2304,#2252,.T.);
#2833=EDGE_CURVE('',#2306,#2307,#1164,.T.);
#2834=EDGE_CURVE('',#2307,#2305,#2253,.T.);
#2835=EDGE_CURVE('',#2308,#2306,#2254,.T.);
#2836=EDGE_CURVE('',#2308,#2309,#1165,.T.);
#2837=EDGE_CURVE('',#2309,#2307,#2255,.T.);
#2838=EDGE_CURVE('',#2310,#2308,#2256,.T.);
#2839=EDGE_CURVE('',#2310,#2311,#1166,.T.);
#2840=EDGE_CURVE('',#2311,#2309,#2257,.T.);
#2841=EDGE_CURVE('',#2312,#2310,#2258,.T.);
#2842=EDGE_CURVE('',#2312,#2313,#1167,.T.);
#2843=EDGE_CURVE('',#2313,#2311,#2259,.T.);
#2844=EDGE_CURVE('',#2314,#2312,#2260,.T.);
#2845=EDGE_CURVE('',#2314,#2315,#1168,.T.);
#2846=EDGE_CURVE('',#2315,#2313,#2261,.T.);
#2847=EDGE_CURVE('',#2316,#2314,#1169,.T.);
#2848=EDGE_CURVE('',#2316,#2317,#1170,.T.);
#2849=EDGE_CURVE('',#2317,#2315,#1171,.T.);
#2850=EDGE_CURVE('',#2318,#2316,#1172,.T.);
#2851=EDGE_CURVE('',#2318,#2319,#1173,.T.);
#2852=EDGE_CURVE('',#2319,#2317,#1174,.T.);
#2853=EDGE_CURVE('',#2279,#2318,#1175,.T.);
#2854=EDGE_CURVE('',#2281,#2319,#1176,.T.);
#2855=EDGE_CURVE('',#2320,#2321,#84,.T.);
#2856=EDGE_CURVE('',#2321,#2322,#1177,.T.);
#2857=EDGE_CURVE('',#2322,#2323,#85,.T.);
#2858=EDGE_CURVE('',#2323,#2320,#1178,.T.);
#2859=EDGE_CURVE('',#2324,#2321,#1179,.T.);
#2860=EDGE_CURVE('',#2325,#2324,#1180,.T.);
#2861=EDGE_CURVE('',#2322,#2325,#1181,.T.);
#2862=EDGE_CURVE('',#2326,#2327,#86,.T.);
#2863=EDGE_CURVE('',#2327,#2328,#1182,.T.);
#2864=EDGE_CURVE('',#2328,#2329,#87,.T.);
#2865=EDGE_CURVE('',#2329,#2326,#1183,.T.);
#2866=EDGE_CURVE('',#2328,#2323,#1184,.T.);
#2867=EDGE_CURVE('',#2320,#2327,#1185,.T.);
#2868=EDGE_CURVE('',#2324,#2330,#88,.T.);
#2869=EDGE_CURVE('',#2330,#2331,#1186,.T.);
#2870=EDGE_CURVE('',#2331,#2325,#89,.T.);
#2871=EDGE_CURVE('',#2332,#2330,#1187,.T.);
#2872=EDGE_CURVE('',#2333,#2332,#1188,.T.);
#2873=EDGE_CURVE('',#2331,#2333,#1189,.T.);
#2874=EDGE_CURVE('',#2332,#2334,#90,.T.);
#2875=EDGE_CURVE('',#2334,#2335,#1190,.T.);
#2876=EDGE_CURVE('',#2335,#2333,#91,.T.);
#2877=EDGE_CURVE('',#2335,#2329,#1191,.T.);
#2878=EDGE_CURVE('',#2326,#2334,#1192,.T.);
#2879=EDGE_CURVE('',#2336,#2336,#92,.T.);
#2880=EDGE_CURVE('',#2336,#2337,#1193,.T.);
#2881=EDGE_CURVE('',#2337,#2337,#93,.T.);
#2882=EDGE_CURVE('',#2338,#2338,#94,.T.);
#2883=EDGE_CURVE('',#2338,#2339,#1194,.T.);
#2884=EDGE_CURVE('',#2339,#2339,#95,.T.);
#2885=EDGE_CURVE('',#2340,#2340,#96,.T.);
#2886=EDGE_CURVE('',#2340,#2341,#1195,.T.);
#2887=EDGE_CURVE('',#2341,#2341,#97,.T.);
#2888=EDGE_CURVE('',#2342,#2342,#98,.T.);
#2889=EDGE_CURVE('',#2342,#2343,#1196,.T.);
#2890=EDGE_CURVE('',#2343,#2343,#99,.T.);
#2891=EDGE_CURVE('',#2344,#2345,#1197,.T.);
#2892=EDGE_CURVE('',#2346,#2344,#1198,.T.);
#2893=EDGE_CURVE('',#2347,#2346,#1199,.T.);
#2894=EDGE_CURVE('',#2345,#2347,#1200,.T.);
#2895=EDGE_CURVE('',#2348,#2349,#1201,.T.);
#2896=EDGE_CURVE('',#2350,#2348,#1202,.T.);
#2897=EDGE_CURVE('',#2351,#2350,#1203,.T.);
#2898=EDGE_CURVE('',#2349,#2351,#1204,.T.);
#2899=EDGE_CURVE('',#2350,#2352,#100,.T.);
#2900=EDGE_CURVE('',#2352,#2353,#1205,.T.);
#2901=EDGE_CURVE('',#2353,#2351,#101,.T.);
#2902=EDGE_CURVE('',#2354,#2352,#1206,.T.);
#2903=EDGE_CURVE('',#2355,#2354,#1207,.T.);
#2904=EDGE_CURVE('',#2353,#2355,#1208,.T.);
#2905=EDGE_CURVE('',#2346,#2356,#102,.T.);
#2906=EDGE_CURVE('',#2356,#2357,#1209,.T.);
#2907=EDGE_CURVE('',#2357,#2347,#103,.T.);
#2908=EDGE_CURVE('',#2358,#2356,#1210,.T.);
#2909=EDGE_CURVE('',#2359,#2358,#1211,.T.);
#2910=EDGE_CURVE('',#2357,#2359,#1212,.T.);
#2911=EDGE_CURVE('',#2358,#2344,#104,.T.);
#2912=EDGE_CURVE('',#2345,#2359,#105,.T.);
#2913=EDGE_CURVE('',#2354,#2348,#106,.T.);
#2914=EDGE_CURVE('',#2349,#2355,#107,.T.);
#2915=EDGE_CURVE('',#2360,#2361,#108,.T.);
#2916=EDGE_CURVE('',#2361,#2362,#109,.T.);
#2917=EDGE_CURVE('',#2362,#2363,#110,.T.);
#2918=EDGE_CURVE('',#2363,#2364,#111,.T.);
#2919=EDGE_CURVE('',#2364,#2360,#112,.T.);
#2920=EDGE_CURVE('',#2360,#2364,#2262,.T.);
#2921=EDGE_CURVE('',#2363,#2361,#2263,.T.);
#2922=EDGE_CURVE('',#2365,#2364,#1213,.T.);
#2923=EDGE_CURVE('',#2366,#2365,#113,.T.);
#2924=EDGE_CURVE('',#2367,#2366,#1214,.T.);
#2925=EDGE_CURVE('',#2367,#2368,#1215,.T.);
#2926=EDGE_CURVE('',#2369,#2368,#1216,.T.);
#2927=EDGE_CURVE('',#2370,#2369,#114,.T.);
#2928=EDGE_CURVE('',#2360,#2370,#1217,.T.);
#2929=EDGE_CURVE('',#2371,#2371,#115,.T.);
#2930=EDGE_CURVE('',#2372,#2373,#1218,.T.);
#2931=EDGE_CURVE('',#2373,#2374,#1219,.T.);
#2932=EDGE_CURVE('',#2374,#2375,#1220,.T.);
#2933=EDGE_CURVE('',#2375,#2372,#1221,.T.);
#2934=EDGE_CURVE('',#2376,#2377,#1222,.T.);
#2935=EDGE_CURVE('',#2377,#2378,#1223,.T.);
#2936=EDGE_CURVE('',#2378,#2379,#1224,.T.);
#2937=EDGE_CURVE('',#2379,#2376,#1225,.T.);
#2938=EDGE_CURVE('',#2380,#2380,#116,.T.);
#2939=EDGE_CURVE('',#2380,#2362,#25,.T.);
#2940=EDGE_CURVE('',#2381,#2382,#117,.T.);
#2941=EDGE_CURVE('',#2382,#2381,#118,.T.);
#2942=EDGE_CURVE('',#2381,#2371,#119,.T.);
#2943=EDGE_CURVE('',#2383,#2383,#120,.T.);
#2944=EDGE_CURVE('',#2383,#2382,#121,.T.);
#2945=EDGE_CURVE('',#2384,#2385,#2264,.T.);
#2946=EDGE_CURVE('',#2385,#2386,#1226,.T.);
#2947=EDGE_CURVE('',#2386,#2387,#2265,.T.);
#2948=EDGE_CURVE('',#2387,#2384,#1227,.T.);
#2949=EDGE_CURVE('',#2385,#2388,#122,.T.);
#2950=EDGE_CURVE('',#2389,#2388,#1228,.T.);
#2951=EDGE_CURVE('',#2390,#2389,#1229,.T.);
#2952=EDGE_CURVE('',#2391,#2390,#1230,.T.);
#2953=EDGE_CURVE('',#2392,#2391,#1231,.T.);
#2954=EDGE_CURVE('',#2393,#2392,#1232,.T.);
#2955=EDGE_CURVE('',#2393,#2394,#123,.T.);
#2956=EDGE_CURVE('',#2395,#2394,#1233,.T.);
#2957=EDGE_CURVE('',#2395,#2396,#124,.T.);
#2958=EDGE_CURVE('',#2396,#2397,#1234,.T.);
#2959=EDGE_CURVE('',#2397,#2398,#125,.T.);
#2960=EDGE_CURVE('',#2399,#2398,#1235,.T.);
#2961=EDGE_CURVE('',#2399,#2400,#126,.T.);
#2962=EDGE_CURVE('',#2401,#2400,#1236,.T.);
#2963=EDGE_CURVE('',#2401,#2402,#127,.T.);
#2964=EDGE_CURVE('',#2402,#2403,#1237,.T.);
#2965=EDGE_CURVE('',#2403,#2404,#128,.T.);
#2966=EDGE_CURVE('',#2405,#2404,#1238,.T.);
#2967=EDGE_CURVE('',#2405,#2406,#129,.T.);
#2968=EDGE_CURVE('',#2407,#2406,#1239,.T.);
#2969=EDGE_CURVE('',#2407,#2408,#130,.T.);
#2970=EDGE_CURVE('',#2408,#2409,#1240,.T.);
#2971=EDGE_CURVE('',#2409,#2386,#131,.T.);
#2972=EDGE_CURVE('',#2410,#2411,#1241,.T.);
#2973=EDGE_CURVE('',#2410,#2412,#132,.T.);
#2974=EDGE_CURVE('',#2412,#2413,#1242,.T.);
#2975=EDGE_CURVE('',#2413,#2411,#133,.T.);
#2976=EDGE_CURVE('',#2414,#2395,#2266,.T.);
#2977=EDGE_CURVE('',#2394,#2415,#2267,.T.);
#2978=EDGE_CURVE('',#2415,#2414,#1243,.T.);
#2979=EDGE_CURVE('',#2416,#2407,#2268,.T.);
#2980=EDGE_CURVE('',#2406,#2417,#2269,.T.);
#2981=EDGE_CURVE('',#2417,#2416,#1244,.T.);
#2982=EDGE_CURVE('',#2418,#2405,#2270,.T.);
#2983=EDGE_CURVE('',#2404,#2419,#2271,.T.);
#2984=EDGE_CURVE('',#2419,#2418,#1245,.T.);
#2985=EDGE_CURVE('',#2420,#2401,#2272,.T.);
#2986=EDGE_CURVE('',#2400,#2421,#2273,.T.);
#2987=EDGE_CURVE('',#2421,#2420,#1246,.T.);
#2988=EDGE_CURVE('',#2422,#2399,#2274,.T.);
#2989=EDGE_CURVE('',#2398,#2423,#2275,.T.);
#2990=EDGE_CURVE('',#2423,#2422,#1247,.T.);
#2991=EDGE_CURVE('',#2424,#2425,#134,.T.);
#2992=EDGE_CURVE('',#2425,#2426,#1248,.T.);
#2993=EDGE_CURVE('',#2426,#2427,#135,.T.);
#2994=EDGE_CURVE('',#2427,#2424,#1249,.T.);
#2995=EDGE_CURVE('',#2425,#2428,#1250,.T.);
#2996=EDGE_CURVE('',#2428,#2429,#1251,.T.);
#2997=EDGE_CURVE('',#2429,#2430,#1252,.T.);
#2998=EDGE_CURVE('',#2431,#2430,#1253,.T.);
#2999=EDGE_CURVE('',#2431,#2432,#1254,.T.);
#3000=EDGE_CURVE('',#2432,#2433,#1255,.T.);
#3001=EDGE_CURVE('',#2426,#2433,#1256,.T.);
#3002=EDGE_CURVE('',#2434,#2435,#136,.T.);
#3003=EDGE_CURVE('',#2435,#2436,#1257,.T.);
#3004=EDGE_CURVE('',#2436,#2437,#137,.T.);
#3005=EDGE_CURVE('',#2437,#2434,#1258,.T.);
#3006=EDGE_CURVE('',#2435,#2438,#1259,.T.);
#3007=EDGE_CURVE('',#2438,#2439,#1260,.T.);
#3008=EDGE_CURVE('',#2439,#2440,#1261,.T.);
#3009=EDGE_CURVE('',#2441,#2440,#1262,.T.);
#3010=EDGE_CURVE('',#2441,#2442,#1263,.T.);
#3011=EDGE_CURVE('',#2442,#2443,#1264,.T.);
#3012=EDGE_CURVE('',#2436,#2443,#1265,.T.);
#3013=EDGE_CURVE('',#2444,#2445,#138,.T.);
#3014=EDGE_CURVE('',#2445,#2446,#1266,.T.);
#3015=EDGE_CURVE('',#2446,#2447,#139,.T.);
#3016=EDGE_CURVE('',#2447,#2444,#1267,.T.);
#3017=EDGE_CURVE('',#2448,#2445,#1268,.T.);
#3018=EDGE_CURVE('',#2449,#2448,#1269,.T.);
#3019=EDGE_CURVE('',#2446,#2449,#1270,.T.);
#3020=EDGE_CURVE('',#2450,#2451,#140,.T.);
#3021=EDGE_CURVE('',#2451,#2452,#1271,.T.);
#3022=EDGE_CURVE('',#2452,#2453,#141,.T.);
#3023=EDGE_CURVE('',#2453,#2450,#1272,.T.);
#3024=EDGE_CURVE('',#2451,#2454,#1273,.T.);
#3025=EDGE_CURVE('',#2455,#2454,#1274,.T.);
#3026=EDGE_CURVE('',#2455,#2452,#1275,.T.);
#3027=EDGE_CURVE('',#2448,#2450,#1276,.T.);
#3028=EDGE_CURVE('',#2444,#2456,#1277,.T.);
#3029=EDGE_CURVE('',#2457,#2456,#142,.T.);
#3030=EDGE_CURVE('',#2457,#2458,#1278,.T.);
#3031=EDGE_CURVE('',#2459,#2458,#1279,.T.);
#3032=EDGE_CURVE('',#2460,#2459,#143,.T.);
#3033=EDGE_CURVE('',#2461,#2460,#1280,.T.);
#3034=EDGE_CURVE('',#2440,#2461,#144,.T.);
#3035=EDGE_CURVE('',#2462,#2439,#1281,.T.);
#3036=EDGE_CURVE('',#2462,#2463,#1282,.T.);
#3037=EDGE_CURVE('',#2463,#2464,#1283,.T.);
#3038=EDGE_CURVE('',#2465,#2464,#145,.T.);
#3039=EDGE_CURVE('',#2466,#2465,#1284,.T.);
#3040=EDGE_CURVE('',#2454,#2466,#146,.T.);
#3041=EDGE_CURVE('',#2467,#2455,#147,.T.);
#3042=EDGE_CURVE('',#2467,#2466,#1285,.T.);
#3043=EDGE_CURVE('',#2468,#2469,#148,.T.);
#3044=EDGE_CURVE('',#2469,#2457,#1286,.T.);
#3045=EDGE_CURVE('',#2456,#2468,#1287,.T.);
#3046=EDGE_CURVE('',#2470,#2469,#1288,.T.);
#3047=EDGE_CURVE('',#2458,#2470,#1289,.T.);
#3048=EDGE_CURVE('',#2464,#2471,#1290,.T.);
#3049=EDGE_CURVE('',#2471,#2472,#149,.T.);
#3050=EDGE_CURVE('',#2472,#2465,#1291,.T.);
#3051=EDGE_CURVE('',#2473,#2463,#1292,.T.);
#3052=EDGE_CURVE('',#2471,#2473,#1293,.T.);
#3053=EDGE_CURVE('',#2474,#2475,#150,.T.);
#3054=EDGE_CURVE('',#2475,#2476,#1294,.T.);
#3055=EDGE_CURVE('',#2476,#2477,#151,.T.);
#3056=EDGE_CURVE('',#2477,#2474,#1295,.T.);
#3057=EDGE_CURVE('',#2478,#2475,#1296,.T.);
#3058=EDGE_CURVE('',#2479,#2478,#1297,.T.);
#3059=EDGE_CURVE('',#2476,#2479,#1298,.T.);
#3060=EDGE_CURVE('',#2478,#2480,#152,.T.);
#3061=EDGE_CURVE('',#2480,#2481,#1299,.T.);
#3062=EDGE_CURVE('',#2481,#2479,#153,.T.);
#3063=EDGE_CURVE('',#2482,#2480,#1300,.T.);
#3064=EDGE_CURVE('',#2483,#2482,#1301,.T.);
#3065=EDGE_CURVE('',#2481,#2483,#1302,.T.);
#3066=EDGE_CURVE('',#2484,#2485,#154,.T.);
#3067=EDGE_CURVE('',#2485,#2486,#1303,.T.);
#3068=EDGE_CURVE('',#2486,#2487,#155,.T.);
#3069=EDGE_CURVE('',#2487,#2484,#1304,.T.);
#3070=EDGE_CURVE('',#2485,#2488,#1305,.T.);
#3071=EDGE_CURVE('',#2489,#2488,#1306,.T.);
#3072=EDGE_CURVE('',#2489,#2486,#1307,.T.);
#3073=EDGE_CURVE('',#2482,#2484,#1308,.T.);
#3074=EDGE_CURVE('',#2474,#2490,#1309,.T.);
#3075=EDGE_CURVE('',#2491,#2490,#1310,.T.);
#3076=EDGE_CURVE('',#2492,#2491,#156,.T.);
#3077=EDGE_CURVE('',#2493,#2492,#1311,.T.);
#3078=EDGE_CURVE('',#2430,#2493,#157,.T.);
#3079=EDGE_CURVE('',#2494,#2429,#1312,.T.);
#3080=EDGE_CURVE('',#2494,#2495,#1313,.T.);
#3081=EDGE_CURVE('',#2495,#2496,#1314,.T.);
#3082=EDGE_CURVE('',#2497,#2496,#158,.T.);
#3083=EDGE_CURVE('',#2498,#2497,#1315,.T.);
#3084=EDGE_CURVE('',#2488,#2498,#159,.T.);
#3085=EDGE_CURVE('',#2496,#2499,#1316,.T.);
#3086=EDGE_CURVE('',#2499,#2500,#160,.T.);
#3087=EDGE_CURVE('',#2500,#2497,#1317,.T.);
#3088=EDGE_CURVE('',#2501,#2495,#1318,.T.);
#3089=EDGE_CURVE('',#2499,#2501,#1319,.T.);
#3090=EDGE_CURVE('',#2502,#2489,#161,.T.);
#3091=EDGE_CURVE('',#2502,#2498,#1320,.T.);
#3092=EDGE_CURVE('',#2500,#2502,#1321,.T.);
#3093=EDGE_CURVE('',#2503,#2501,#1322,.T.);
#3094=EDGE_CURVE('',#2503,#2432,#1323,.T.);
#3095=EDGE_CURVE('',#2504,#2431,#162,.T.);
#3096=EDGE_CURVE('',#2505,#2504,#1324,.T.);
#3097=EDGE_CURVE('',#2506,#2505,#163,.T.);
#3098=EDGE_CURVE('',#2507,#2506,#1325,.T.);
#3099=EDGE_CURVE('',#2507,#2477,#1326,.T.);
#3100=EDGE_CURVE('',#2483,#2487,#1327,.T.);
#3101=EDGE_CURVE('',#2461,#2508,#1328,.T.);
#3102=EDGE_CURVE('',#2508,#2441,#164,.T.);
#3103=EDGE_CURVE('',#2509,#2460,#1329,.T.);
#3104=EDGE_CURVE('',#2509,#2508,#1330,.T.);
#3105=EDGE_CURVE('',#2510,#2509,#165,.T.);
#3106=EDGE_CURVE('',#2459,#2510,#1331,.T.);
#3107=EDGE_CURVE('',#2493,#2504,#1332,.T.);
#3108=EDGE_CURVE('',#2505,#2492,#1333,.T.);
#3109=EDGE_CURVE('',#2491,#2506,#1334,.T.);
#3110=EDGE_CURVE('',#2511,#2512,#166,.F.);
#3111=EDGE_CURVE('',#2513,#2511,#167,.F.);
#3112=EDGE_CURVE('',#2512,#2513,#168,.F.);
#3113=EDGE_CURVE('',#2514,#2515,#169,.T.);
#3114=EDGE_CURVE('',#2514,#2513,#1335,.T.);
#3115=EDGE_CURVE('',#2511,#2515,#1336,.T.);
#3116=EDGE_CURVE('',#2516,#2517,#170,.F.);
#3117=EDGE_CURVE('',#2518,#2516,#171,.F.);
#3118=EDGE_CURVE('',#2517,#2518,#172,.F.);
#3119=EDGE_CURVE('',#2519,#2520,#173,.T.);
#3120=EDGE_CURVE('',#2519,#2518,#1337,.T.);
#3121=EDGE_CURVE('',#2516,#2520,#1338,.T.);
#3122=EDGE_CURVE('',#2521,#2522,#174,.T.);
#3123=EDGE_CURVE('',#2522,#2517,#1339,.T.);
#3124=EDGE_CURVE('',#2518,#2521,#1340,.T.);
#3125=EDGE_CURVE('',#2513,#2516,#1341,.T.);
#3126=EDGE_CURVE('',#2517,#2512,#1342,.T.);
#3127=EDGE_CURVE('',#2523,#2524,#175,.T.);
#3128=EDGE_CURVE('',#2524,#2511,#1343,.T.);
#3129=EDGE_CURVE('',#2512,#2523,#1344,.T.);
#3130=EDGE_CURVE('',#2514,#2525,#1345,.T.);
#3131=EDGE_CURVE('',#2526,#2525,#1346,.T.);
#3132=EDGE_CURVE('',#2527,#2526,#1347,.T.);
#3133=EDGE_CURVE('',#2528,#2527,#1348,.T.);
#3134=EDGE_CURVE('',#2528,#2520,#1349,.T.);
#3135=EDGE_CURVE('',#2427,#2434,#1350,.T.);
#3136=EDGE_CURVE('',#2437,#2424,#1351,.T.);
#3137=EDGE_CURVE('',#2529,#2530,#1352,.T.);
#3138=EDGE_CURVE('',#2531,#2529,#1353,.T.);
#3139=EDGE_CURVE('',#2532,#2531,#1354,.T.);
#3140=EDGE_CURVE('',#2532,#2533,#1355,.T.);
#3141=EDGE_CURVE('',#2533,#2534,#1356,.T.);
#3142=EDGE_CURVE('',#2534,#2535,#1357,.T.);
#3143=EDGE_CURVE('',#2535,#2536,#1358,.T.);
#3144=EDGE_CURVE('',#2536,#2537,#1359,.T.);
#3145=EDGE_CURVE('',#2537,#2538,#1360,.T.);
#3146=EDGE_CURVE('',#2538,#2530,#1361,.T.);
#3147=EDGE_CURVE('',#2539,#2528,#176,.T.);
#3148=EDGE_CURVE('',#2539,#2540,#1362,.T.);
#3149=EDGE_CURVE('',#2389,#2540,#177,.T.);
#3150=EDGE_CURVE('',#2388,#2541,#1363,.T.);
#3151=EDGE_CURVE('',#2541,#2542,#1364,.T.);
#3152=EDGE_CURVE('',#2542,#2410,#1365,.T.);
#3153=EDGE_CURVE('',#2411,#2543,#1366,.T.);
#3154=EDGE_CURVE('',#2543,#2544,#1367,.T.);
#3155=EDGE_CURVE('',#2544,#2393,#1368,.T.);
#3156=EDGE_CURVE('',#2545,#2392,#178,.T.);
#3157=EDGE_CURVE('',#2545,#2546,#1369,.T.);
#3158=EDGE_CURVE('',#2525,#2546,#179,.T.);
#3159=EDGE_CURVE('',#2515,#2547,#1370,.T.);
#3160=EDGE_CURVE('',#2547,#2548,#1371,.T.);
#3161=EDGE_CURVE('',#2519,#2548,#1372,.T.);
#3162=EDGE_CURVE('',#2524,#2547,#1373,.T.);
#3163=EDGE_CURVE('',#2415,#2549,#1374,.T.);
#3164=EDGE_CURVE('',#2549,#2550,#1375,.T.);
#3165=EDGE_CURVE('',#2550,#2414,#1376,.T.);
#3166=EDGE_CURVE('',#2423,#2551,#1377,.T.);
#3167=EDGE_CURVE('',#2551,#2552,#1378,.T.);
#3168=EDGE_CURVE('',#2552,#2422,#1379,.T.);
#3169=EDGE_CURVE('',#2470,#2510,#1380,.T.);
#3170=EDGE_CURVE('',#2368,#2553,#180,.T.);
#3171=EDGE_CURVE('',#2553,#2554,#1381,.T.);
#3172=EDGE_CURVE('',#2554,#2369,#181,.T.);
#3173=EDGE_CURVE('',#2555,#2370,#182,.T.);
#3174=EDGE_CURVE('',#2554,#2555,#183,.T.);
#3175=EDGE_CURVE('',#2555,#2556,#1382,.T.);
#3176=EDGE_CURVE('',#2556,#2365,#184,.T.);
#3177=EDGE_CURVE('',#2557,#2366,#185,.T.);
#3178=EDGE_CURVE('',#2556,#2557,#186,.T.);
#3179=EDGE_CURVE('',#2558,#2367,#187,.T.);
#3180=EDGE_CURVE('',#2557,#2558,#1383,.T.);
#3181=EDGE_CURVE('',#2559,#2557,#1384,.T.);
#3182=EDGE_CURVE('',#2559,#2560,#1385,.T.);
#3183=EDGE_CURVE('',#2558,#2560,#1386,.T.);
#3184=EDGE_CURVE('',#2561,#2561,#188,.T.);
#3185=EDGE_CURVE('',#2556,#2562,#1387,.T.);
#3186=EDGE_CURVE('',#2562,#2559,#189,.T.);
#3187=EDGE_CURVE('',#2563,#2555,#1388,.T.);
#3188=EDGE_CURVE('',#2563,#2562,#1389,.T.);
#3189=EDGE_CURVE('',#2554,#2564,#1390,.T.);
#3190=EDGE_CURVE('',#2564,#2563,#190,.T.);
#3191=EDGE_CURVE('',#2560,#2565,#1391,.T.);
#3192=EDGE_CURVE('',#2553,#2565,#1392,.T.);
#3193=EDGE_CURVE('',#2566,#2390,#191,.T.);
#3194=EDGE_CURVE('',#2566,#2567,#1393,.T.);
#3195=EDGE_CURVE('',#2527,#2567,#192,.T.);
#3196=EDGE_CURVE('',#2568,#2526,#193,.T.);
#3197=EDGE_CURVE('',#2568,#2569,#1394,.T.);
#3198=EDGE_CURVE('',#2391,#2569,#194,.T.);
#3199=EDGE_CURVE('',#2565,#2564,#1395,.T.);
#3200=EDGE_CURVE('',#2570,#2570,#195,.T.);
#3201=EDGE_CURVE('',#2571,#2572,#1396,.T.);
#3202=EDGE_CURVE('',#2573,#2572,#1397,.T.);
#3203=EDGE_CURVE('',#2574,#2573,#1398,.T.);
#3204=EDGE_CURVE('',#2574,#2571,#1399,.T.);
#3205=EDGE_CURVE('',#2572,#2575,#196,.T.);
#3206=EDGE_CURVE('',#2576,#2571,#197,.T.);
#3207=EDGE_CURVE('',#2575,#2576,#1400,.T.);
#3208=EDGE_CURVE('',#2548,#2521,#1401,.T.);
#3209=EDGE_CURVE('',#2387,#2577,#1402,.T.);
#3210=EDGE_CURVE('',#2577,#2578,#1403,.T.);
#3211=EDGE_CURVE('',#2578,#2384,#1404,.T.);
#3212=EDGE_CURVE('',#2417,#2575,#1405,.T.);
#3213=EDGE_CURVE('',#2576,#2416,#1406,.T.);
#3214=EDGE_CURVE('',#2490,#2507,#1407,.T.);
#3215=EDGE_CURVE('',#2579,#2580,#1408,.T.);
#3216=EDGE_CURVE('',#2581,#2580,#1409,.T.);
#3217=EDGE_CURVE('',#2582,#2581,#1410,.T.);
#3218=EDGE_CURVE('',#2582,#2579,#1411,.T.);
#3219=EDGE_CURVE('',#2578,#2579,#198,.T.);
#3220=EDGE_CURVE('',#2580,#2577,#199,.T.);
#3221=EDGE_CURVE('',#2583,#2573,#200,.T.);
#3222=EDGE_CURVE('',#2583,#2584,#1412,.T.);
#3223=EDGE_CURVE('',#2585,#2584,#1413,.T.);
#3224=EDGE_CURVE('',#2585,#2586,#1414,.T.);
#3225=EDGE_CURVE('',#2587,#2586,#201,.T.);
#3226=EDGE_CURVE('',#2587,#2588,#1415,.T.);
#3227=EDGE_CURVE('',#2589,#2588,#1416,.T.);
#3228=EDGE_CURVE('',#2589,#2590,#1417,.T.);
#3229=EDGE_CURVE('',#2591,#2590,#202,.T.);
#3230=EDGE_CURVE('',#2591,#2592,#1418,.T.);
#3231=EDGE_CURVE('',#2593,#2592,#1419,.T.);
#3232=EDGE_CURVE('',#2593,#2594,#1420,.T.);
#3233=EDGE_CURVE('',#2582,#2594,#203,.T.);
#3234=EDGE_CURVE('',#2574,#2581,#1421,.T.);
#3235=EDGE_CURVE('',#2595,#2596,#1422,.T.);
#3236=EDGE_CURVE('',#2590,#2596,#1423,.T.);
#3237=EDGE_CURVE('',#2589,#2595,#1424,.T.);
#3238=EDGE_CURVE('',#2596,#2549,#204,.T.);
#3239=EDGE_CURVE('',#2550,#2595,#205,.T.);
#3240=EDGE_CURVE('',#2597,#2598,#1425,.T.);
#3241=EDGE_CURVE('',#2588,#2598,#1426,.T.);
#3242=EDGE_CURVE('',#2587,#2597,#1427,.T.);
#3243=EDGE_CURVE('',#2552,#2597,#206,.T.);
#3244=EDGE_CURVE('',#2598,#2551,#207,.T.);
#3245=EDGE_CURVE('',#2599,#2600,#1428,.T.);
#3246=EDGE_CURVE('',#2584,#2600,#1429,.T.);
#3247=EDGE_CURVE('',#2583,#2599,#1430,.T.);
#3248=EDGE_CURVE('',#2601,#2602,#1431,.T.);
#3249=EDGE_CURVE('',#2600,#2601,#208,.T.);
#3250=EDGE_CURVE('',#2602,#2599,#209,.T.);
#3251=EDGE_CURVE('',#2522,#2523,#1432,.T.);
#3252=EDGE_CURVE('',#2419,#2601,#1433,.T.);
#3253=EDGE_CURVE('',#2602,#2418,#1434,.T.);
#3254=EDGE_CURVE('',#2421,#2603,#1435,.T.);
#3255=EDGE_CURVE('',#2603,#2604,#1436,.T.);
#3256=EDGE_CURVE('',#2604,#2420,#1437,.T.);
#3257=EDGE_CURVE('',#2605,#2606,#1438,.T.);
#3258=EDGE_CURVE('',#2594,#2606,#1439,.T.);
#3259=EDGE_CURVE('',#2593,#2605,#1440,.T.);
#3260=EDGE_CURVE('',#2606,#2541,#210,.T.);
#3261=EDGE_CURVE('',#2542,#2605,#211,.T.);
#3262=EDGE_CURVE('',#2607,#2608,#1441,.T.);
#3263=EDGE_CURVE('',#2592,#2608,#1442,.T.);
#3264=EDGE_CURVE('',#2591,#2607,#1443,.T.);
#3265=EDGE_CURVE('',#2544,#2607,#212,.T.);
#3266=EDGE_CURVE('',#2608,#2543,#213,.T.);
#3267=EDGE_CURVE('',#2609,#2610,#1444,.T.);
#3268=EDGE_CURVE('',#2586,#2610,#1445,.T.);
#3269=EDGE_CURVE('',#2585,#2609,#1446,.T.);
#3270=EDGE_CURVE('',#2610,#2603,#214,.T.);
#3271=EDGE_CURVE('',#2604,#2609,#215,.T.);
#3272=EDGE_CURVE('',#2589,#2396,#1447,.T.);
#3273=EDGE_CURVE('',#2588,#2397,#1448,.T.);
#3274=EDGE_CURVE('',#2592,#2413,#1449,.T.);
#3275=EDGE_CURVE('',#2593,#2412,#1450,.T.);
#3276=EDGE_CURVE('',#2581,#2409,#1451,.T.);
#3277=EDGE_CURVE('',#2574,#2408,#1452,.T.);
#3278=EDGE_CURVE('',#2584,#2403,#1453,.T.);
#3279=EDGE_CURVE('',#2585,#2402,#1454,.T.);
#3280=EDGE_CURVE('',#2530,#2611,#216,.T.);
#3281=EDGE_CURVE('',#2611,#2612,#1455,.T.);
#3282=EDGE_CURVE('',#2612,#2529,#19,.T.);
#3283=EDGE_CURVE('',#2613,#2614,#1456,.T.);
#3284=EDGE_CURVE('',#2614,#2532,#217,.T.);
#3285=EDGE_CURVE('',#2531,#2613,#20,.T.);
#3286=EDGE_CURVE('',#2612,#2613,#1457,.T.);
#3287=EDGE_CURVE('',#2615,#2616,#1458,.T.);
#3288=EDGE_CURVE('',#2616,#2617,#218,.T.);
#3289=EDGE_CURVE('',#2617,#2618,#1459,.T.);
#3290=EDGE_CURVE('',#2618,#2619,#219,.T.);
#3291=EDGE_CURVE('',#2619,#2615,#2276,.T.);
#3292=EDGE_CURVE('',#2620,#2621,#1460,.T.);
#3293=EDGE_CURVE('',#2621,#2622,#220,.T.);
#3294=EDGE_CURVE('',#2622,#2623,#1461,.T.);
#3295=EDGE_CURVE('',#2623,#2624,#2277,.T.);
#3296=EDGE_CURVE('',#2624,#2620,#221,.T.);
#3297=EDGE_CURVE('',#2619,#2624,#222,.T.);
#3298=EDGE_CURVE('',#2623,#2615,#223,.T.);
#3299=EDGE_CURVE('',#2616,#2622,#224,.T.);
#3300=EDGE_CURVE('',#2611,#2379,#1462,.T.);
#3301=EDGE_CURVE('',#2536,#2378,#1463,.T.);
#3302=EDGE_CURVE('',#2536,#2621,#1464,.T.);
#3303=EDGE_CURVE('',#2612,#2620,#1465,.T.);
#3304=EDGE_CURVE('',#2618,#2613,#1466,.T.);
#3305=EDGE_CURVE('',#2535,#2617,#1467,.T.);
#3306=EDGE_CURVE('',#2538,#2376,#1468,.T.);
#3307=EDGE_CURVE('',#2537,#2377,#1469,.T.);
#3308=EDGE_CURVE('',#2535,#2373,#1470,.T.);
#3309=EDGE_CURVE('',#2614,#2372,#1471,.T.);
#3310=EDGE_CURVE('',#2534,#2374,#1472,.T.);
#3311=EDGE_CURVE('',#2533,#2375,#1473,.T.);
#3312=EDGE_CURVE('',#2540,#2566,#1474,.T.);
#3313=EDGE_CURVE('',#2567,#2539,#1475,.T.);
#3314=EDGE_CURVE('',#2569,#2545,#1476,.T.);
#3315=EDGE_CURVE('',#2546,#2568,#1477,.T.);
#3316=EDGE_CURVE('',#2472,#2467,#1478,.T.);
#3317=EDGE_CURVE('',#2468,#2447,#1479,.T.);
#3318=EDGE_CURVE('',#2449,#2453,#1480,.T.);
#3319=EDGE_CURVE('',#2625,#2625,#225,.T.);
#3320=EDGE_CURVE('',#2625,#2570,#226,.T.);
#3321=EDGE_CURVE('',#2626,#2626,#227,.T.);
#3322=EDGE_CURVE('',#2626,#2561,#228,.T.);
#3323=EDGE_CURVE('',#2627,#2627,#229,.T.);
#3324=EDGE_CURVE('',#2628,#2628,#230,.T.);
#3325=EDGE_CURVE('',#2629,#2629,#231,.T.);
#3326=EDGE_CURVE('',#2629,#2627,#1481,.T.);
#3327=EDGE_CURVE('',#2630,#2630,#232,.T.);
#3328=EDGE_CURVE('',#2630,#2631,#1482,.T.);
#3329=EDGE_CURVE('',#2631,#2631,#233,.T.);
#3330=EDGE_CURVE('',#2628,#2632,#1483,.T.);
#3331=EDGE_CURVE('',#2632,#2632,#234,.T.);
#3332=EDGE_CURVE('',#2633,#2633,#235,.T.);
#3333=EDGE_CURVE('',#2633,#2634,#1484,.T.);
#3334=EDGE_CURVE('',#2634,#2634,#236,.T.);
#3335=EDGE_CURVE('',#2635,#2636,#1485,.T.);
#3336=EDGE_CURVE('',#2636,#2637,#1486,.T.);
#3337=EDGE_CURVE('',#2637,#2638,#1487,.T.);
#3338=EDGE_CURVE('',#2638,#2635,#1488,.T.);
#3339=EDGE_CURVE('',#2639,#2640,#1489,.T.);
#3340=EDGE_CURVE('',#2640,#2641,#1490,.T.);
#3341=EDGE_CURVE('',#2641,#2642,#1491,.T.);
#3342=EDGE_CURVE('',#2642,#2639,#1492,.T.);
#3343=EDGE_CURVE('',#2643,#2644,#1493,.T.);
#3344=EDGE_CURVE('',#2644,#2645,#1494,.T.);
#3345=EDGE_CURVE('',#2645,#2646,#1495,.T.);
#3346=EDGE_CURVE('',#2646,#2643,#1496,.T.);
#3347=EDGE_CURVE('',#2647,#2648,#1497,.T.);
#3348=EDGE_CURVE('',#2648,#2649,#1498,.T.);
#3349=EDGE_CURVE('',#2649,#2650,#1499,.T.);
#3350=EDGE_CURVE('',#2650,#2647,#1500,.T.);
#3351=EDGE_CURVE('',#2651,#2652,#1501,.T.);
#3352=EDGE_CURVE('',#2652,#2653,#1502,.T.);
#3353=EDGE_CURVE('',#2653,#2654,#1503,.T.);
#3354=EDGE_CURVE('',#2654,#2651,#1504,.T.);
#3355=EDGE_CURVE('',#2655,#2656,#1505,.T.);
#3356=EDGE_CURVE('',#2656,#2657,#1506,.T.);
#3357=EDGE_CURVE('',#2658,#2657,#1507,.T.);
#3358=EDGE_CURVE('',#2658,#2655,#1508,.T.);
#3359=EDGE_CURVE('',#2659,#2660,#1509,.T.);
#3360=EDGE_CURVE('',#2660,#2661,#1510,.T.);
#3361=EDGE_CURVE('',#2661,#2662,#1511,.T.);
#3362=EDGE_CURVE('',#2662,#2659,#1512,.T.);
#3363=EDGE_CURVE('',#2663,#2664,#1513,.T.);
#3364=EDGE_CURVE('',#2664,#2665,#1514,.T.);
#3365=EDGE_CURVE('',#2666,#2665,#1515,.T.);
#3366=EDGE_CURVE('',#2666,#2663,#1516,.T.);
#3367=EDGE_CURVE('',#2667,#2668,#1517,.T.);
#3368=EDGE_CURVE('',#2669,#2668,#1518,.T.);
#3369=EDGE_CURVE('',#2669,#2670,#1519,.T.);
#3370=EDGE_CURVE('',#2670,#2667,#1520,.T.);
#3371=EDGE_CURVE('',#2671,#2672,#1521,.T.);
#3372=EDGE_CURVE('',#2673,#2672,#1522,.T.);
#3373=EDGE_CURVE('',#2673,#2674,#1523,.T.);
#3374=EDGE_CURVE('',#2674,#2671,#1524,.T.);
#3375=EDGE_CURVE('',#2675,#2656,#1525,.T.);
#3376=EDGE_CURVE('',#2675,#2676,#1526,.T.);
#3377=EDGE_CURVE('',#2657,#2676,#1527,.T.);
#3378=EDGE_CURVE('',#2677,#2658,#1528,.T.);
#3379=EDGE_CURVE('',#2678,#2677,#1529,.T.);
#3380=EDGE_CURVE('',#2678,#2655,#1530,.T.);
#3381=EDGE_CURVE('',#2639,#2638,#1531,.T.);
#3382=EDGE_CURVE('',#2635,#2642,#1532,.T.);
#3383=EDGE_CURVE('',#2675,#2678,#1533,.T.);
#3384=EDGE_CURVE('',#2637,#2640,#1534,.T.);
#3385=EDGE_CURVE('',#2636,#2641,#1535,.T.);
#3386=EDGE_CURVE('',#2672,#2651,#1536,.T.);
#3387=EDGE_CURVE('',#2671,#2652,#1537,.T.);
#3388=EDGE_CURVE('',#2674,#2653,#1538,.T.);
#3389=EDGE_CURVE('',#2673,#2654,#1539,.T.);
#3390=EDGE_CURVE('',#2644,#2649,#1540,.T.);
#3391=EDGE_CURVE('',#2643,#2650,#1541,.T.);
#3392=EDGE_CURVE('',#2679,#2664,#1542,.T.);
#3393=EDGE_CURVE('',#2679,#2680,#1543,.T.);
#3394=EDGE_CURVE('',#2665,#2680,#1544,.T.);
#3395=EDGE_CURVE('',#2681,#2666,#1545,.T.);
#3396=EDGE_CURVE('',#2682,#2681,#1546,.T.);
#3397=EDGE_CURVE('',#2682,#2663,#1547,.T.);
#3398=EDGE_CURVE('',#2646,#2647,#1548,.T.);
#3399=EDGE_CURVE('',#2679,#2682,#1549,.T.);
#3400=EDGE_CURVE('',#2645,#2648,#1550,.T.);
#3401=EDGE_CURVE('',#2668,#2659,#1551,.T.);
#3402=EDGE_CURVE('',#2667,#2660,#1552,.T.);
#3403=EDGE_CURVE('',#2670,#2661,#1553,.T.);
#3404=EDGE_CURVE('',#2669,#2662,#1554,.T.);
#3405=EDGE_CURVE('',#2683,#2676,#1555,.T.);
#3406=EDGE_CURVE('',#2683,#2473,#1556,.T.);
#3407=EDGE_CURVE('',#2677,#2462,#1557,.T.);
#3408=EDGE_CURVE('',#2503,#2680,#1558,.T.);
#3409=EDGE_CURVE('',#2681,#2494,#1559,.T.);
#3410=EDGE_CURVE('',#2683,#2442,#1560,.T.);
#3411=EDGE_CURVE('',#2684,#2685,#237,.T.);
#3412=EDGE_CURVE('',#2684,#2686,#1561,.T.);
#3413=EDGE_CURVE('',#2687,#2686,#238,.T.);
#3414=EDGE_CURVE('',#2687,#2685,#1562,.T.);
#3415=EDGE_CURVE('',#2685,#2688,#1563,.T.);
#3416=EDGE_CURVE('',#2688,#2689,#239,.T.);
#3417=EDGE_CURVE('',#2690,#2689,#1564,.T.);
#3418=EDGE_CURVE('',#2690,#2691,#1565,.T.);
#3419=EDGE_CURVE('',#2691,#2684,#1566,.T.);
#3420=EDGE_CURVE('',#2692,#2687,#1567,.T.);
#3421=EDGE_CURVE('',#2688,#2692,#1568,.T.);
#3422=EDGE_CURVE('',#2693,#2692,#240,.T.);
#3423=EDGE_CURVE('',#2693,#2689,#1569,.T.);
#3424=EDGE_CURVE('',#2694,#2686,#1570,.T.);
#3425=EDGE_CURVE('',#2694,#2695,#1571,.T.);
#3426=EDGE_CURVE('',#2693,#2695,#1572,.T.);
#3427=EDGE_CURVE('',#2696,#2694,#1573,.T.);
#3428=EDGE_CURVE('',#2697,#2696,#1574,.T.);
#3429=EDGE_CURVE('',#2695,#2697,#1575,.T.);
#3430=EDGE_CURVE('',#2691,#2698,#1576,.T.);
#3431=EDGE_CURVE('',#2696,#2698,#1577,.T.);
#3432=EDGE_CURVE('',#2697,#2699,#1578,.T.);
#3433=EDGE_CURVE('',#2699,#2690,#1579,.T.);
#3434=EDGE_CURVE('',#2698,#2438,#1580,.T.);
#3435=EDGE_CURVE('',#2433,#2699,#1581,.T.);
#3436=EDGE_CURVE('',#2443,#2428,#1582,.T.);
#3437=EDGE_CURVE('',#2700,#2701,#241,.T.);
#3438=EDGE_CURVE('',#2701,#2702,#1583,.T.);
#3439=EDGE_CURVE('',#2702,#2703,#242,.T.);
#3440=EDGE_CURVE('',#2703,#2700,#1584,.T.);
#3441=EDGE_CURVE('',#2704,#2702,#1585,.T.);
#3442=EDGE_CURVE('',#2705,#2704,#1586,.T.);
#3443=EDGE_CURVE('',#2706,#2705,#1587,.T.);
#3444=EDGE_CURVE('',#2707,#2706,#243,.T.);
#3445=EDGE_CURVE('',#2708,#2707,#1588,.T.);
#3446=EDGE_CURVE('',#2708,#2703,#1589,.T.);
#3447=EDGE_CURVE('',#2701,#2709,#1590,.T.);
#3448=EDGE_CURVE('',#2709,#2704,#1591,.T.);
#3449=EDGE_CURVE('',#2710,#2711,#244,.T.);
#3450=EDGE_CURVE('',#2711,#2712,#1592,.T.);
#3451=EDGE_CURVE('',#2712,#2713,#245,.T.);
#3452=EDGE_CURVE('',#2713,#2710,#1593,.T.);
#3453=EDGE_CURVE('',#2712,#2714,#246,.T.);
#3454=EDGE_CURVE('',#2714,#2715,#247,.T.);
#3455=EDGE_CURVE('',#2715,#2713,#248,.T.);
#3456=EDGE_CURVE('',#2716,#2717,#249,.T.);
#3457=EDGE_CURVE('',#2717,#2715,#1594,.T.);
#3458=EDGE_CURVE('',#2714,#2716,#1595,.T.);
#3459=EDGE_CURVE('',#2718,#2716,#1596,.T.);
#3460=EDGE_CURVE('',#2719,#2718,#1597,.T.);
#3461=EDGE_CURVE('',#2720,#2719,#250,.T.);
#3462=EDGE_CURVE('',#2720,#2721,#1598,.T.);
#3463=EDGE_CURVE('',#2722,#2721,#1599,.T.);
#3464=EDGE_CURVE('',#2717,#2722,#1600,.T.);
#3465=EDGE_CURVE('',#2723,#2714,#1601,.T.);
#3466=EDGE_CURVE('',#2718,#2723,#1602,.T.);
#3467=EDGE_CURVE('',#2712,#2724,#1603,.T.);
#3468=EDGE_CURVE('',#2724,#2723,#251,.F.);
#3469=EDGE_CURVE('',#2725,#2711,#1604,.T.);
#3470=EDGE_CURVE('',#2724,#2725,#1605,.T.);
#3471=EDGE_CURVE('',#2726,#2727,#252,.T.);
#3472=EDGE_CURVE('',#2727,#2728,#1606,.T.);
#3473=EDGE_CURVE('',#2728,#2729,#253,.T.);
#3474=EDGE_CURVE('',#2729,#2726,#1607,.T.);
#3475=EDGE_CURVE('',#2728,#2730,#254,.T.);
#3476=EDGE_CURVE('',#2730,#2731,#255,.T.);
#3477=EDGE_CURVE('',#2731,#2729,#256,.T.);
#3478=EDGE_CURVE('',#2732,#2733,#257,.T.);
#3479=EDGE_CURVE('',#2733,#2731,#1608,.T.);
#3480=EDGE_CURVE('',#2730,#2732,#1609,.T.);
#3481=EDGE_CURVE('',#2734,#2732,#1610,.T.);
#3482=EDGE_CURVE('',#2735,#2734,#1611,.T.);
#3483=EDGE_CURVE('',#2736,#2735,#258,.T.);
#3484=EDGE_CURVE('',#2736,#2737,#1612,.T.);
#3485=EDGE_CURVE('',#2738,#2737,#1613,.T.);
#3486=EDGE_CURVE('',#2733,#2738,#1614,.T.);
#3487=EDGE_CURVE('',#2739,#2730,#1615,.T.);
#3488=EDGE_CURVE('',#2734,#2739,#1616,.T.);
#3489=EDGE_CURVE('',#2728,#2740,#1617,.T.);
#3490=EDGE_CURVE('',#2740,#2739,#259,.F.);
#3491=EDGE_CURVE('',#2741,#2727,#1618,.T.);
#3492=EDGE_CURVE('',#2740,#2741,#1619,.T.);
#3493=EDGE_CURVE('',#2742,#2700,#1620,.T.);
#3494=EDGE_CURVE('',#2743,#2742,#1621,.T.);
#3495=EDGE_CURVE('',#2744,#2743,#260,.T.);
#3496=EDGE_CURVE('',#2744,#2745,#1622,.T.);
#3497=EDGE_CURVE('',#2709,#2745,#1623,.T.);
#3498=EDGE_CURVE('',#2742,#2708,#1624,.T.);
#3499=EDGE_CURVE('',#2713,#2746,#1625,.T.);
#3500=EDGE_CURVE('',#2746,#2747,#1626,.T.);
#3501=EDGE_CURVE('',#2747,#2710,#1627,.T.);
#3502=EDGE_CURVE('',#2715,#2748,#1628,.T.);
#3503=EDGE_CURVE('',#2748,#2746,#261,.T.);
#3504=EDGE_CURVE('',#2722,#2748,#1629,.T.);
#3505=EDGE_CURVE('',#2738,#2749,#1630,.T.);
#3506=EDGE_CURVE('',#2749,#2731,#1631,.T.);
#3507=EDGE_CURVE('',#2749,#2750,#262,.T.);
#3508=EDGE_CURVE('',#2750,#2729,#1632,.T.);
#3509=EDGE_CURVE('',#2750,#2751,#1633,.T.);
#3510=EDGE_CURVE('',#2751,#2726,#1634,.T.);
#3511=EDGE_CURVE('',#2737,#2752,#1635,.T.);
#3512=EDGE_CURVE('',#2753,#2752,#263,.T.);
#3513=EDGE_CURVE('',#2753,#2754,#1636,.T.);
#3514=EDGE_CURVE('',#2754,#2751,#1637,.T.);
#3515=EDGE_CURVE('',#2755,#2756,#1638,.T.);
#3516=EDGE_CURVE('',#2755,#2757,#1639,.T.);
#3517=EDGE_CURVE('',#2758,#2757,#1640,.T.);
#3518=EDGE_CURVE('',#2756,#2758,#1641,.T.);
#3519=EDGE_CURVE('',#2756,#2759,#1642,.T.);
#3520=EDGE_CURVE('',#2760,#2758,#1643,.T.);
#3521=EDGE_CURVE('',#2759,#2760,#1644,.T.);
#3522=EDGE_CURVE('',#2759,#2761,#1645,.T.);
#3523=EDGE_CURVE('',#2762,#2760,#1646,.T.);
#3524=EDGE_CURVE('',#2761,#2762,#1647,.T.);
#3525=EDGE_CURVE('',#2761,#2763,#264,.T.);
#3526=EDGE_CURVE('',#2764,#2762,#265,.T.);
#3527=EDGE_CURVE('',#2763,#2764,#1648,.T.);
#3528=EDGE_CURVE('',#2763,#2765,#1649,.T.);
#3529=EDGE_CURVE('',#2766,#2764,#1650,.T.);
#3530=EDGE_CURVE('',#2765,#2766,#1651,.T.);
#3531=EDGE_CURVE('',#2765,#2755,#266,.T.);
#3532=EDGE_CURVE('',#2757,#2766,#267,.T.);
#3533=EDGE_CURVE('',#2767,#2768,#1652,.T.);
#3534=EDGE_CURVE('',#2768,#2769,#1653,.T.);
#3535=EDGE_CURVE('',#2769,#2770,#268,.T.);
#3536=EDGE_CURVE('',#2770,#2771,#1654,.T.);
#3537=EDGE_CURVE('',#2771,#2772,#269,.T.);
#3538=EDGE_CURVE('',#2772,#2767,#1655,.T.);
#3539=EDGE_CURVE('',#2773,#2774,#270,.T.);
#3540=EDGE_CURVE('',#2774,#2775,#1656,.T.);
#3541=EDGE_CURVE('',#2775,#2776,#271,.T.);
#3542=EDGE_CURVE('',#2776,#2773,#1657,.T.);
#3543=EDGE_CURVE('',#2773,#2777,#272,.T.);
#3544=EDGE_CURVE('',#2777,#2774,#273,.T.);
#3545=EDGE_CURVE('',#2721,#2776,#1658,.T.);
#3546=EDGE_CURVE('',#2773,#2720,#1659,.T.);
#3547=EDGE_CURVE('',#2778,#2779,#274,.T.);
#3548=EDGE_CURVE('',#2779,#2753,#1660,.T.);
#3549=EDGE_CURVE('',#2752,#2778,#1661,.T.);
#3550=EDGE_CURVE('',#2778,#2780,#275,.T.);
#3551=EDGE_CURVE('',#2780,#2779,#276,.T.);
#3552=EDGE_CURVE('',#2778,#2736,#1662,.T.);
#3553=EDGE_CURVE('',#2780,#2781,#1663,.T.);
#3554=EDGE_CURVE('',#2781,#2782,#277,.T.);
#3555=EDGE_CURVE('',#2782,#2779,#1664,.T.);
#3556=EDGE_CURVE('',#2735,#2780,#1665,.T.);
#3557=EDGE_CURVE('',#2783,#2784,#278,.T.);
#3558=EDGE_CURVE('',#2783,#2785,#1666,.T.);
#3559=EDGE_CURVE('',#2786,#2785,#279,.T.);
#3560=EDGE_CURVE('',#2786,#2787,#1667,.T.);
#3561=EDGE_CURVE('',#2787,#2788,#1668,.T.);
#3562=EDGE_CURVE('',#2788,#2784,#1669,.T.);
#3563=EDGE_CURVE('',#2743,#2707,#1670,.T.);
#3564=EDGE_CURVE('',#2741,#2781,#1671,.T.);
#3565=EDGE_CURVE('',#2725,#2789,#1672,.T.);
#3566=EDGE_CURVE('',#2777,#2789,#1673,.T.);
#3567=EDGE_CURVE('',#2719,#2777,#1674,.T.);
#3568=EDGE_CURVE('',#2789,#2790,#280,.T.);
#3569=EDGE_CURVE('',#2790,#2774,#1675,.T.);
#3570=EDGE_CURVE('',#2706,#2744,#1676,.T.);
#3571=EDGE_CURVE('',#2745,#2705,#1677,.T.);
#3572=EDGE_CURVE('',#2782,#2754,#1678,.T.);
#3573=EDGE_CURVE('',#2791,#2747,#1679,.T.);
#3574=EDGE_CURVE('',#2790,#2791,#1680,.T.);
#3575=EDGE_CURVE('',#2775,#2791,#1681,.T.);
#3576=EDGE_CURVE('',#2783,#2771,#1682,.T.);
#3577=EDGE_CURVE('',#2785,#2770,#1683,.T.);
#3578=EDGE_CURVE('',#2786,#2769,#1684,.T.);
#3579=EDGE_CURVE('',#2787,#2768,#1685,.T.);
#3580=EDGE_CURVE('',#2788,#2767,#1686,.T.);
#3581=EDGE_CURVE('',#2784,#2772,#1687,.T.);
#3582=ORIENTED_EDGE('',*,*,#2792,.F.);
#3583=ORIENTED_EDGE('',*,*,#2793,.T.);
#3584=ORIENTED_EDGE('',*,*,#2794,.T.);
#3585=ORIENTED_EDGE('',*,*,#2795,.F.);
#3586=ORIENTED_EDGE('',*,*,#2796,.F.);
#3587=ORIENTED_EDGE('',*,*,#2797,.T.);
#3588=ORIENTED_EDGE('',*,*,#2798,.T.);
#3589=ORIENTED_EDGE('',*,*,#2793,.F.);
#3590=ORIENTED_EDGE('',*,*,#2799,.F.);
#3591=ORIENTED_EDGE('',*,*,#2800,.T.);
#3592=ORIENTED_EDGE('',*,*,#2801,.T.);
#3593=ORIENTED_EDGE('',*,*,#2797,.F.);
#3594=ORIENTED_EDGE('',*,*,#2802,.F.);
#3595=ORIENTED_EDGE('',*,*,#2803,.T.);
#3596=ORIENTED_EDGE('',*,*,#2804,.T.);
#3597=ORIENTED_EDGE('',*,*,#2800,.F.);
#3598=ORIENTED_EDGE('',*,*,#2805,.F.);
#3599=ORIENTED_EDGE('',*,*,#2806,.T.);
#3600=ORIENTED_EDGE('',*,*,#2807,.T.);
#3601=ORIENTED_EDGE('',*,*,#2803,.F.);
#3602=ORIENTED_EDGE('',*,*,#2808,.F.);
#3603=ORIENTED_EDGE('',*,*,#2809,.T.);
#3604=ORIENTED_EDGE('',*,*,#2810,.T.);
#3605=ORIENTED_EDGE('',*,*,#2806,.F.);
#3606=ORIENTED_EDGE('',*,*,#2811,.F.);
#3607=ORIENTED_EDGE('',*,*,#2812,.T.);
#3608=ORIENTED_EDGE('',*,*,#2813,.T.);
#3609=ORIENTED_EDGE('',*,*,#2809,.F.);
#3610=ORIENTED_EDGE('',*,*,#2814,.F.);
#3611=ORIENTED_EDGE('',*,*,#2815,.T.);
#3612=ORIENTED_EDGE('',*,*,#2816,.T.);
#3613=ORIENTED_EDGE('',*,*,#2812,.F.);
#3614=ORIENTED_EDGE('',*,*,#2817,.F.);
#3615=ORIENTED_EDGE('',*,*,#2818,.T.);
#3616=ORIENTED_EDGE('',*,*,#2819,.T.);
#3617=ORIENTED_EDGE('',*,*,#2815,.F.);
#3618=ORIENTED_EDGE('',*,*,#2820,.F.);
#3619=ORIENTED_EDGE('',*,*,#2821,.T.);
#3620=ORIENTED_EDGE('',*,*,#2822,.T.);
#3621=ORIENTED_EDGE('',*,*,#2818,.F.);
#3622=ORIENTED_EDGE('',*,*,#2823,.F.);
#3623=ORIENTED_EDGE('',*,*,#2824,.T.);
#3624=ORIENTED_EDGE('',*,*,#2825,.T.);
#3625=ORIENTED_EDGE('',*,*,#2821,.F.);
#3626=ORIENTED_EDGE('',*,*,#2826,.F.);
#3627=ORIENTED_EDGE('',*,*,#2827,.T.);
#3628=ORIENTED_EDGE('',*,*,#2828,.T.);
#3629=ORIENTED_EDGE('',*,*,#2824,.F.);
#3630=ORIENTED_EDGE('',*,*,#2829,.F.);
#3631=ORIENTED_EDGE('',*,*,#2830,.T.);
#3632=ORIENTED_EDGE('',*,*,#2831,.T.);
#3633=ORIENTED_EDGE('',*,*,#2827,.F.);
#3634=ORIENTED_EDGE('',*,*,#2832,.F.);
#3635=ORIENTED_EDGE('',*,*,#2833,.T.);
#3636=ORIENTED_EDGE('',*,*,#2834,.T.);
#3637=ORIENTED_EDGE('',*,*,#2830,.F.);
#3638=ORIENTED_EDGE('',*,*,#2835,.F.);
#3639=ORIENTED_EDGE('',*,*,#2836,.T.);
#3640=ORIENTED_EDGE('',*,*,#2837,.T.);
#3641=ORIENTED_EDGE('',*,*,#2833,.F.);
#3642=ORIENTED_EDGE('',*,*,#2838,.F.);
#3643=ORIENTED_EDGE('',*,*,#2839,.T.);
#3644=ORIENTED_EDGE('',*,*,#2840,.T.);
#3645=ORIENTED_EDGE('',*,*,#2836,.F.);
#3646=ORIENTED_EDGE('',*,*,#2841,.F.);
#3647=ORIENTED_EDGE('',*,*,#2842,.T.);
#3648=ORIENTED_EDGE('',*,*,#2843,.T.);
#3649=ORIENTED_EDGE('',*,*,#2839,.F.);
#3650=ORIENTED_EDGE('',*,*,#2844,.F.);
#3651=ORIENTED_EDGE('',*,*,#2845,.T.);
#3652=ORIENTED_EDGE('',*,*,#2846,.T.);
#3653=ORIENTED_EDGE('',*,*,#2842,.F.);
#3654=ORIENTED_EDGE('',*,*,#2847,.F.);
#3655=ORIENTED_EDGE('',*,*,#2848,.T.);
#3656=ORIENTED_EDGE('',*,*,#2849,.T.);
#3657=ORIENTED_EDGE('',*,*,#2845,.F.);
#3658=ORIENTED_EDGE('',*,*,#2850,.F.);
#3659=ORIENTED_EDGE('',*,*,#2851,.T.);
#3660=ORIENTED_EDGE('',*,*,#2852,.T.);
#3661=ORIENTED_EDGE('',*,*,#2848,.F.);
#3662=ORIENTED_EDGE('',*,*,#2853,.F.);
#3663=ORIENTED_EDGE('',*,*,#2795,.T.);
#3664=ORIENTED_EDGE('',*,*,#2854,.T.);
#3665=ORIENTED_EDGE('',*,*,#2851,.F.);
#3666=ORIENTED_EDGE('',*,*,#2854,.F.);
#3667=ORIENTED_EDGE('',*,*,#2794,.F.);
#3668=ORIENTED_EDGE('',*,*,#2798,.F.);
#3669=ORIENTED_EDGE('',*,*,#2801,.F.);
#3670=ORIENTED_EDGE('',*,*,#2804,.F.);
#3671=ORIENTED_EDGE('',*,*,#2807,.F.);
#3672=ORIENTED_EDGE('',*,*,#2810,.F.);
#3673=ORIENTED_EDGE('',*,*,#2813,.F.);
#3674=ORIENTED_EDGE('',*,*,#2816,.F.);
#3675=ORIENTED_EDGE('',*,*,#2819,.F.);
#3676=ORIENTED_EDGE('',*,*,#2822,.F.);
#3677=ORIENTED_EDGE('',*,*,#2825,.F.);
#3678=ORIENTED_EDGE('',*,*,#2828,.F.);
#3679=ORIENTED_EDGE('',*,*,#2831,.F.);
#3680=ORIENTED_EDGE('',*,*,#2834,.F.);
#3681=ORIENTED_EDGE('',*,*,#2837,.F.);
#3682=ORIENTED_EDGE('',*,*,#2840,.F.);
#3683=ORIENTED_EDGE('',*,*,#2843,.F.);
#3684=ORIENTED_EDGE('',*,*,#2846,.F.);
#3685=ORIENTED_EDGE('',*,*,#2849,.F.);
#3686=ORIENTED_EDGE('',*,*,#2852,.F.);
#3687=ORIENTED_EDGE('',*,*,#2855,.T.);
#3688=ORIENTED_EDGE('',*,*,#2856,.T.);
#3689=ORIENTED_EDGE('',*,*,#2857,.T.);
#3690=ORIENTED_EDGE('',*,*,#2858,.T.);
#3691=ORIENTED_EDGE('',*,*,#2856,.F.);
#3692=ORIENTED_EDGE('',*,*,#2859,.F.);
#3693=ORIENTED_EDGE('',*,*,#2860,.F.);
#3694=ORIENTED_EDGE('',*,*,#2861,.F.);
#3695=ORIENTED_EDGE('',*,*,#2862,.T.);
#3696=ORIENTED_EDGE('',*,*,#2863,.T.);
#3697=ORIENTED_EDGE('',*,*,#2864,.T.);
#3698=ORIENTED_EDGE('',*,*,#2865,.T.);
#3699=ORIENTED_EDGE('',*,*,#2858,.F.);
#3700=ORIENTED_EDGE('',*,*,#2866,.F.);
#3701=ORIENTED_EDGE('',*,*,#2863,.F.);
#3702=ORIENTED_EDGE('',*,*,#2867,.F.);
#3703=ORIENTED_EDGE('',*,*,#2868,.T.);
#3704=ORIENTED_EDGE('',*,*,#2869,.T.);
#3705=ORIENTED_EDGE('',*,*,#2870,.T.);
#3706=ORIENTED_EDGE('',*,*,#2860,.T.);
#3707=ORIENTED_EDGE('',*,*,#2869,.F.);
#3708=ORIENTED_EDGE('',*,*,#2871,.F.);
#3709=ORIENTED_EDGE('',*,*,#2872,.F.);
#3710=ORIENTED_EDGE('',*,*,#2873,.F.);
#3711=ORIENTED_EDGE('',*,*,#2874,.T.);
#3712=ORIENTED_EDGE('',*,*,#2875,.T.);
#3713=ORIENTED_EDGE('',*,*,#2876,.T.);
#3714=ORIENTED_EDGE('',*,*,#2872,.T.);
#3715=ORIENTED_EDGE('',*,*,#2865,.F.);
#3716=ORIENTED_EDGE('',*,*,#2877,.F.);
#3717=ORIENTED_EDGE('',*,*,#2875,.F.);
#3718=ORIENTED_EDGE('',*,*,#2878,.F.);
#3719=ORIENTED_EDGE('',*,*,#2879,.F.);
#3720=ORIENTED_EDGE('',*,*,#2880,.T.);
#3721=ORIENTED_EDGE('',*,*,#2881,.F.);
#3722=ORIENTED_EDGE('',*,*,#2880,.F.);
#3723=ORIENTED_EDGE('',*,*,#2882,.F.);
#3724=ORIENTED_EDGE('',*,*,#2883,.T.);
#3725=ORIENTED_EDGE('',*,*,#2884,.F.);
#3726=ORIENTED_EDGE('',*,*,#2883,.F.);
#3727=ORIENTED_EDGE('',*,*,#2885,.F.);
#3728=ORIENTED_EDGE('',*,*,#2886,.T.);
#3729=ORIENTED_EDGE('',*,*,#2887,.F.);
#3730=ORIENTED_EDGE('',*,*,#2886,.F.);
#3731=ORIENTED_EDGE('',*,*,#2888,.F.);
#3732=ORIENTED_EDGE('',*,*,#2889,.T.);
#3733=ORIENTED_EDGE('',*,*,#2890,.F.);
#3734=ORIENTED_EDGE('',*,*,#2889,.F.);
#3735=ORIENTED_EDGE('',*,*,#2891,.F.);
#3736=ORIENTED_EDGE('',*,*,#2892,.F.);
#3737=ORIENTED_EDGE('',*,*,#2893,.F.);
#3738=ORIENTED_EDGE('',*,*,#2894,.F.);
#3739=ORIENTED_EDGE('',*,*,#2895,.F.);
#3740=ORIENTED_EDGE('',*,*,#2896,.F.);
#3741=ORIENTED_EDGE('',*,*,#2897,.F.);
#3742=ORIENTED_EDGE('',*,*,#2898,.F.);
#3743=ORIENTED_EDGE('',*,*,#2899,.T.);
#3744=ORIENTED_EDGE('',*,*,#2900,.T.);
#3745=ORIENTED_EDGE('',*,*,#2901,.T.);
#3746=ORIENTED_EDGE('',*,*,#2897,.T.);
#3747=ORIENTED_EDGE('',*,*,#2900,.F.);
#3748=ORIENTED_EDGE('',*,*,#2902,.F.);
#3749=ORIENTED_EDGE('',*,*,#2903,.F.);
#3750=ORIENTED_EDGE('',*,*,#2904,.F.);
#3751=ORIENTED_EDGE('',*,*,#2905,.T.);
#3752=ORIENTED_EDGE('',*,*,#2906,.T.);
#3753=ORIENTED_EDGE('',*,*,#2907,.T.);
#3754=ORIENTED_EDGE('',*,*,#2893,.T.);
#3755=ORIENTED_EDGE('',*,*,#2906,.F.);
#3756=ORIENTED_EDGE('',*,*,#2908,.F.);
#3757=ORIENTED_EDGE('',*,*,#2909,.F.);
#3758=ORIENTED_EDGE('',*,*,#2910,.F.);
#3759=ORIENTED_EDGE('',*,*,#2911,.T.);
#3760=ORIENTED_EDGE('',*,*,#2891,.T.);
#3761=ORIENTED_EDGE('',*,*,#2912,.T.);
#3762=ORIENTED_EDGE('',*,*,#2909,.T.);
#3763=ORIENTED_EDGE('',*,*,#2913,.T.);
#3764=ORIENTED_EDGE('',*,*,#2895,.T.);
#3765=ORIENTED_EDGE('',*,*,#2914,.T.);
#3766=ORIENTED_EDGE('',*,*,#2903,.T.);
#3767=ORIENTED_EDGE('',*,*,#2915,.T.);
#3768=ORIENTED_EDGE('',*,*,#2916,.T.);
#3769=ORIENTED_EDGE('',*,*,#2917,.T.);
#3770=ORIENTED_EDGE('',*,*,#2918,.T.);
#3771=ORIENTED_EDGE('',*,*,#2919,.T.);
#3772=ORIENTED_EDGE('',*,*,#2915,.F.);
#3773=ORIENTED_EDGE('',*,*,#2920,.T.);
#3774=ORIENTED_EDGE('',*,*,#2918,.F.);
#3775=ORIENTED_EDGE('',*,*,#2921,.T.);
#3776=ORIENTED_EDGE('',*,*,#2919,.F.);
#3777=ORIENTED_EDGE('',*,*,#2922,.F.);
#3778=ORIENTED_EDGE('',*,*,#2923,.F.);
#3779=ORIENTED_EDGE('',*,*,#2924,.F.);
#3780=ORIENTED_EDGE('',*,*,#2925,.T.);
#3781=ORIENTED_EDGE('',*,*,#2926,.F.);
#3782=ORIENTED_EDGE('',*,*,#2927,.F.);
#3783=ORIENTED_EDGE('',*,*,#2928,.F.);
#3784=ORIENTED_EDGE('',*,*,#2929,.F.);
#3785=ORIENTED_EDGE('',*,*,#2930,.T.);
#3786=ORIENTED_EDGE('',*,*,#2931,.T.);
#3787=ORIENTED_EDGE('',*,*,#2932,.T.);
#3788=ORIENTED_EDGE('',*,*,#2933,.T.);
#3789=ORIENTED_EDGE('',*,*,#2934,.T.);
#3790=ORIENTED_EDGE('',*,*,#2935,.T.);
#3791=ORIENTED_EDGE('',*,*,#2936,.T.);
#3792=ORIENTED_EDGE('',*,*,#2937,.T.);
#3793=ORIENTED_EDGE('',*,*,#2938,.T.);
#3794=ORIENTED_EDGE('',*,*,#2939,.T.);
#3795=ORIENTED_EDGE('',*,*,#2916,.F.);
#3796=ORIENTED_EDGE('',*,*,#2921,.F.);
#3797=ORIENTED_EDGE('',*,*,#2917,.F.);
#3798=ORIENTED_EDGE('',*,*,#2939,.F.);
#3799=ORIENTED_EDGE('',*,*,#2940,.T.);
#3800=ORIENTED_EDGE('',*,*,#2941,.T.);
#3801=ORIENTED_EDGE('',*,*,#2942,.T.);
#3802=ORIENTED_EDGE('',*,*,#2929,.T.);
#3803=ORIENTED_EDGE('',*,*,#2942,.F.);
#3804=ORIENTED_EDGE('',*,*,#2943,.T.);
#3805=ORIENTED_EDGE('',*,*,#2944,.T.);
#3806=ORIENTED_EDGE('',*,*,#2940,.F.);
#3807=ORIENTED_EDGE('',*,*,#2941,.F.);
#3808=ORIENTED_EDGE('',*,*,#2944,.F.);
#3809=ORIENTED_EDGE('',*,*,#2938,.F.);
#3810=ORIENTED_EDGE('',*,*,#2943,.F.);
#3811=ORIENTED_EDGE('',*,*,#2945,.T.);
#3812=ORIENTED_EDGE('',*,*,#2946,.T.);
#3813=ORIENTED_EDGE('',*,*,#2947,.T.);
#3814=ORIENTED_EDGE('',*,*,#2948,.T.);
#3815=ORIENTED_EDGE('',*,*,#2946,.F.);
#3816=ORIENTED_EDGE('',*,*,#2949,.T.);
#3817=ORIENTED_EDGE('',*,*,#2950,.F.);
#3818=ORIENTED_EDGE('',*,*,#2951,.F.);
#3819=ORIENTED_EDGE('',*,*,#2952,.F.);
#3820=ORIENTED_EDGE('',*,*,#2953,.F.);
#3821=ORIENTED_EDGE('',*,*,#2954,.F.);
#3822=ORIENTED_EDGE('',*,*,#2955,.T.);
#3823=ORIENTED_EDGE('',*,*,#2956,.F.);
#3824=ORIENTED_EDGE('',*,*,#2957,.T.);
#3825=ORIENTED_EDGE('',*,*,#2958,.T.);
#3826=ORIENTED_EDGE('',*,*,#2959,.T.);
#3827=ORIENTED_EDGE('',*,*,#2960,.F.);
#3828=ORIENTED_EDGE('',*,*,#2961,.T.);
#3829=ORIENTED_EDGE('',*,*,#2962,.F.);
#3830=ORIENTED_EDGE('',*,*,#2963,.T.);
#3831=ORIENTED_EDGE('',*,*,#2964,.T.);
#3832=ORIENTED_EDGE('',*,*,#2965,.T.);
#3833=ORIENTED_EDGE('',*,*,#2966,.F.);
#3834=ORIENTED_EDGE('',*,*,#2967,.T.);
#3835=ORIENTED_EDGE('',*,*,#2968,.F.);
#3836=ORIENTED_EDGE('',*,*,#2969,.T.);
#3837=ORIENTED_EDGE('',*,*,#2970,.T.);
#3838=ORIENTED_EDGE('',*,*,#2971,.T.);
#3839=ORIENTED_EDGE('',*,*,#2972,.F.);
#3840=ORIENTED_EDGE('',*,*,#2973,.T.);
#3841=ORIENTED_EDGE('',*,*,#2974,.T.);
#3842=ORIENTED_EDGE('',*,*,#2975,.T.);
#3843=ORIENTED_EDGE('',*,*,#2976,.T.);
#3844=ORIENTED_EDGE('',*,*,#2956,.T.);
#3845=ORIENTED_EDGE('',*,*,#2977,.T.);
#3846=ORIENTED_EDGE('',*,*,#2978,.T.);
#3847=ORIENTED_EDGE('',*,*,#2979,.T.);
#3848=ORIENTED_EDGE('',*,*,#2968,.T.);
#3849=ORIENTED_EDGE('',*,*,#2980,.T.);
#3850=ORIENTED_EDGE('',*,*,#2981,.T.);
#3851=ORIENTED_EDGE('',*,*,#2982,.T.);
#3852=ORIENTED_EDGE('',*,*,#2966,.T.);
#3853=ORIENTED_EDGE('',*,*,#2983,.T.);
#3854=ORIENTED_EDGE('',*,*,#2984,.T.);
#3855=ORIENTED_EDGE('',*,*,#2985,.T.);
#3856=ORIENTED_EDGE('',*,*,#2962,.T.);
#3857=ORIENTED_EDGE('',*,*,#2986,.T.);
#3858=ORIENTED_EDGE('',*,*,#2987,.T.);
#3859=ORIENTED_EDGE('',*,*,#2988,.T.);
#3860=ORIENTED_EDGE('',*,*,#2960,.T.);
#3861=ORIENTED_EDGE('',*,*,#2989,.T.);
#3862=ORIENTED_EDGE('',*,*,#2990,.T.);
#3863=ORIENTED_EDGE('',*,*,#2991,.T.);
#3864=ORIENTED_EDGE('',*,*,#2992,.T.);
#3865=ORIENTED_EDGE('',*,*,#2993,.T.);
#3866=ORIENTED_EDGE('',*,*,#2994,.T.);
#3867=ORIENTED_EDGE('',*,*,#2992,.F.);
#3868=ORIENTED_EDGE('',*,*,#2995,.T.);
#3869=ORIENTED_EDGE('',*,*,#2996,.T.);
#3870=ORIENTED_EDGE('',*,*,#2997,.T.);
#3871=ORIENTED_EDGE('',*,*,#2998,.F.);
#3872=ORIENTED_EDGE('',*,*,#2999,.T.);
#3873=ORIENTED_EDGE('',*,*,#3000,.T.);
#3874=ORIENTED_EDGE('',*,*,#3001,.F.);
#3875=ORIENTED_EDGE('',*,*,#3002,.T.);
#3876=ORIENTED_EDGE('',*,*,#3003,.T.);
#3877=ORIENTED_EDGE('',*,*,#3004,.T.);
#3878=ORIENTED_EDGE('',*,*,#3005,.T.);
#3879=ORIENTED_EDGE('',*,*,#3003,.F.);
#3880=ORIENTED_EDGE('',*,*,#3006,.T.);
#3881=ORIENTED_EDGE('',*,*,#3007,.T.);
#3882=ORIENTED_EDGE('',*,*,#3008,.T.);
#3883=ORIENTED_EDGE('',*,*,#3009,.F.);
#3884=ORIENTED_EDGE('',*,*,#3010,.T.);
#3885=ORIENTED_EDGE('',*,*,#3011,.T.);
#3886=ORIENTED_EDGE('',*,*,#3012,.F.);
#3887=ORIENTED_EDGE('',*,*,#3013,.T.);
#3888=ORIENTED_EDGE('',*,*,#3014,.T.);
#3889=ORIENTED_EDGE('',*,*,#3015,.T.);
#3890=ORIENTED_EDGE('',*,*,#3016,.T.);
#3891=ORIENTED_EDGE('',*,*,#3014,.F.);
#3892=ORIENTED_EDGE('',*,*,#3017,.F.);
#3893=ORIENTED_EDGE('',*,*,#3018,.F.);
#3894=ORIENTED_EDGE('',*,*,#3019,.F.);
#3895=ORIENTED_EDGE('',*,*,#3020,.T.);
#3896=ORIENTED_EDGE('',*,*,#3021,.T.);
#3897=ORIENTED_EDGE('',*,*,#3022,.T.);
#3898=ORIENTED_EDGE('',*,*,#3023,.T.);
#3899=ORIENTED_EDGE('',*,*,#3021,.F.);
#3900=ORIENTED_EDGE('',*,*,#3024,.T.);
#3901=ORIENTED_EDGE('',*,*,#3025,.F.);
#3902=ORIENTED_EDGE('',*,*,#3026,.T.);
#3903=ORIENTED_EDGE('',*,*,#3020,.F.);
#3904=ORIENTED_EDGE('',*,*,#3027,.F.);
#3905=ORIENTED_EDGE('',*,*,#3017,.T.);
#3906=ORIENTED_EDGE('',*,*,#3013,.F.);
#3907=ORIENTED_EDGE('',*,*,#3028,.T.);
#3908=ORIENTED_EDGE('',*,*,#3029,.F.);
#3909=ORIENTED_EDGE('',*,*,#3030,.T.);
#3910=ORIENTED_EDGE('',*,*,#3031,.F.);
#3911=ORIENTED_EDGE('',*,*,#3032,.F.);
#3912=ORIENTED_EDGE('',*,*,#3033,.F.);
#3913=ORIENTED_EDGE('',*,*,#3034,.F.);
#3914=ORIENTED_EDGE('',*,*,#3008,.F.);
#3915=ORIENTED_EDGE('',*,*,#3035,.F.);
#3916=ORIENTED_EDGE('',*,*,#3036,.T.);
#3917=ORIENTED_EDGE('',*,*,#3037,.T.);
#3918=ORIENTED_EDGE('',*,*,#3038,.F.);
#3919=ORIENTED_EDGE('',*,*,#3039,.F.);
#3920=ORIENTED_EDGE('',*,*,#3040,.F.);
#3921=ORIENTED_EDGE('',*,*,#3024,.F.);
#3922=ORIENTED_EDGE('',*,*,#3041,.T.);
#3923=ORIENTED_EDGE('',*,*,#3025,.T.);
#3924=ORIENTED_EDGE('',*,*,#3040,.T.);
#3925=ORIENTED_EDGE('',*,*,#3042,.F.);
#3926=ORIENTED_EDGE('',*,*,#3043,.T.);
#3927=ORIENTED_EDGE('',*,*,#3044,.T.);
#3928=ORIENTED_EDGE('',*,*,#3029,.T.);
#3929=ORIENTED_EDGE('',*,*,#3045,.T.);
#3930=ORIENTED_EDGE('',*,*,#3044,.F.);
#3931=ORIENTED_EDGE('',*,*,#3046,.F.);
#3932=ORIENTED_EDGE('',*,*,#3047,.F.);
#3933=ORIENTED_EDGE('',*,*,#3030,.F.);
#3934=ORIENTED_EDGE('',*,*,#3038,.T.);
#3935=ORIENTED_EDGE('',*,*,#3048,.T.);
#3936=ORIENTED_EDGE('',*,*,#3049,.T.);
#3937=ORIENTED_EDGE('',*,*,#3050,.T.);
#3938=ORIENTED_EDGE('',*,*,#3048,.F.);
#3939=ORIENTED_EDGE('',*,*,#3037,.F.);
#3940=ORIENTED_EDGE('',*,*,#3051,.F.);
#3941=ORIENTED_EDGE('',*,*,#3052,.F.);
#3942=ORIENTED_EDGE('',*,*,#3053,.T.);
#3943=ORIENTED_EDGE('',*,*,#3054,.T.);
#3944=ORIENTED_EDGE('',*,*,#3055,.T.);
#3945=ORIENTED_EDGE('',*,*,#3056,.T.);
#3946=ORIENTED_EDGE('',*,*,#3054,.F.);
#3947=ORIENTED_EDGE('',*,*,#3057,.F.);
#3948=ORIENTED_EDGE('',*,*,#3058,.F.);
#3949=ORIENTED_EDGE('',*,*,#3059,.F.);
#3950=ORIENTED_EDGE('',*,*,#3060,.T.);
#3951=ORIENTED_EDGE('',*,*,#3061,.T.);
#3952=ORIENTED_EDGE('',*,*,#3062,.T.);
#3953=ORIENTED_EDGE('',*,*,#3058,.T.);
#3954=ORIENTED_EDGE('',*,*,#3061,.F.);
#3955=ORIENTED_EDGE('',*,*,#3063,.F.);
#3956=ORIENTED_EDGE('',*,*,#3064,.F.);
#3957=ORIENTED_EDGE('',*,*,#3065,.F.);
#3958=ORIENTED_EDGE('',*,*,#3066,.T.);
#3959=ORIENTED_EDGE('',*,*,#3067,.T.);
#3960=ORIENTED_EDGE('',*,*,#3068,.T.);
#3961=ORIENTED_EDGE('',*,*,#3069,.T.);
#3962=ORIENTED_EDGE('',*,*,#3067,.F.);
#3963=ORIENTED_EDGE('',*,*,#3070,.T.);
#3964=ORIENTED_EDGE('',*,*,#3071,.F.);
#3965=ORIENTED_EDGE('',*,*,#3072,.T.);
#3966=ORIENTED_EDGE('',*,*,#3066,.F.);
#3967=ORIENTED_EDGE('',*,*,#3073,.F.);
#3968=ORIENTED_EDGE('',*,*,#3063,.T.);
#3969=ORIENTED_EDGE('',*,*,#3060,.F.);
#3970=ORIENTED_EDGE('',*,*,#3057,.T.);
#3971=ORIENTED_EDGE('',*,*,#3053,.F.);
#3972=ORIENTED_EDGE('',*,*,#3074,.T.);
#3973=ORIENTED_EDGE('',*,*,#3075,.F.);
#3974=ORIENTED_EDGE('',*,*,#3076,.F.);
#3975=ORIENTED_EDGE('',*,*,#3077,.F.);
#3976=ORIENTED_EDGE('',*,*,#3078,.F.);
#3977=ORIENTED_EDGE('',*,*,#2997,.F.);
#3978=ORIENTED_EDGE('',*,*,#3079,.F.);
#3979=ORIENTED_EDGE('',*,*,#3080,.T.);
#3980=ORIENTED_EDGE('',*,*,#3081,.T.);
#3981=ORIENTED_EDGE('',*,*,#3082,.F.);
#3982=ORIENTED_EDGE('',*,*,#3083,.F.);
#3983=ORIENTED_EDGE('',*,*,#3084,.F.);
#3984=ORIENTED_EDGE('',*,*,#3070,.F.);
#3985=ORIENTED_EDGE('',*,*,#3082,.T.);
#3986=ORIENTED_EDGE('',*,*,#3085,.T.);
#3987=ORIENTED_EDGE('',*,*,#3086,.T.);
#3988=ORIENTED_EDGE('',*,*,#3087,.T.);
#3989=ORIENTED_EDGE('',*,*,#3085,.F.);
#3990=ORIENTED_EDGE('',*,*,#3081,.F.);
#3991=ORIENTED_EDGE('',*,*,#3088,.F.);
#3992=ORIENTED_EDGE('',*,*,#3089,.F.);
#3993=ORIENTED_EDGE('',*,*,#3090,.T.);
#3994=ORIENTED_EDGE('',*,*,#3071,.T.);
#3995=ORIENTED_EDGE('',*,*,#3084,.T.);
#3996=ORIENTED_EDGE('',*,*,#3091,.F.);
#3997=ORIENTED_EDGE('',*,*,#3068,.F.);
#3998=ORIENTED_EDGE('',*,*,#3072,.F.);
#3999=ORIENTED_EDGE('',*,*,#3090,.F.);
#4000=ORIENTED_EDGE('',*,*,#3092,.F.);
#4001=ORIENTED_EDGE('',*,*,#3086,.F.);
#4002=ORIENTED_EDGE('',*,*,#3089,.T.);
#4003=ORIENTED_EDGE('',*,*,#3093,.F.);
#4004=ORIENTED_EDGE('',*,*,#3094,.T.);
#4005=ORIENTED_EDGE('',*,*,#2999,.F.);
#4006=ORIENTED_EDGE('',*,*,#3095,.F.);
#4007=ORIENTED_EDGE('',*,*,#3096,.F.);
#4008=ORIENTED_EDGE('',*,*,#3097,.F.);
#4009=ORIENTED_EDGE('',*,*,#3098,.F.);
#4010=ORIENTED_EDGE('',*,*,#3099,.T.);
#4011=ORIENTED_EDGE('',*,*,#3055,.F.);
#4012=ORIENTED_EDGE('',*,*,#3059,.T.);
#4013=ORIENTED_EDGE('',*,*,#3062,.F.);
#4014=ORIENTED_EDGE('',*,*,#3065,.T.);
#4015=ORIENTED_EDGE('',*,*,#3100,.T.);
#4016=ORIENTED_EDGE('',*,*,#3034,.T.);
#4017=ORIENTED_EDGE('',*,*,#3101,.T.);
#4018=ORIENTED_EDGE('',*,*,#3102,.T.);
#4019=ORIENTED_EDGE('',*,*,#3009,.T.);
#4020=ORIENTED_EDGE('',*,*,#3101,.F.);
#4021=ORIENTED_EDGE('',*,*,#3033,.T.);
#4022=ORIENTED_EDGE('',*,*,#3103,.F.);
#4023=ORIENTED_EDGE('',*,*,#3104,.T.);
#4024=ORIENTED_EDGE('',*,*,#3105,.T.);
#4025=ORIENTED_EDGE('',*,*,#3103,.T.);
#4026=ORIENTED_EDGE('',*,*,#3032,.T.);
#4027=ORIENTED_EDGE('',*,*,#3106,.T.);
#4028=ORIENTED_EDGE('',*,*,#3078,.T.);
#4029=ORIENTED_EDGE('',*,*,#3107,.T.);
#4030=ORIENTED_EDGE('',*,*,#3095,.T.);
#4031=ORIENTED_EDGE('',*,*,#2998,.T.);
#4032=ORIENTED_EDGE('',*,*,#3107,.F.);
#4033=ORIENTED_EDGE('',*,*,#3077,.T.);
#4034=ORIENTED_EDGE('',*,*,#3108,.F.);
#4035=ORIENTED_EDGE('',*,*,#3096,.T.);
#4036=ORIENTED_EDGE('',*,*,#3097,.T.);
#4037=ORIENTED_EDGE('',*,*,#3108,.T.);
#4038=ORIENTED_EDGE('',*,*,#3076,.T.);
#4039=ORIENTED_EDGE('',*,*,#3109,.T.);
#4040=ORIENTED_EDGE('',*,*,#3110,.F.);
#4041=ORIENTED_EDGE('',*,*,#3111,.F.);
#4042=ORIENTED_EDGE('',*,*,#3112,.F.);
#4043=ORIENTED_EDGE('',*,*,#3113,.F.);
#4044=ORIENTED_EDGE('',*,*,#3114,.T.);
#4045=ORIENTED_EDGE('',*,*,#3111,.T.);
#4046=ORIENTED_EDGE('',*,*,#3115,.T.);
#4047=ORIENTED_EDGE('',*,*,#3116,.F.);
#4048=ORIENTED_EDGE('',*,*,#3117,.F.);
#4049=ORIENTED_EDGE('',*,*,#3118,.F.);
#4050=ORIENTED_EDGE('',*,*,#3119,.F.);
#4051=ORIENTED_EDGE('',*,*,#3120,.T.);
#4052=ORIENTED_EDGE('',*,*,#3117,.T.);
#4053=ORIENTED_EDGE('',*,*,#3121,.T.);
#4054=ORIENTED_EDGE('',*,*,#3122,.T.);
#4055=ORIENTED_EDGE('',*,*,#3123,.T.);
#4056=ORIENTED_EDGE('',*,*,#3118,.T.);
#4057=ORIENTED_EDGE('',*,*,#3124,.T.);
#4058=ORIENTED_EDGE('',*,*,#3112,.T.);
#4059=ORIENTED_EDGE('',*,*,#3125,.T.);
#4060=ORIENTED_EDGE('',*,*,#3116,.T.);
#4061=ORIENTED_EDGE('',*,*,#3126,.T.);
#4062=ORIENTED_EDGE('',*,*,#3127,.T.);
#4063=ORIENTED_EDGE('',*,*,#3128,.T.);
#4064=ORIENTED_EDGE('',*,*,#3110,.T.);
#4065=ORIENTED_EDGE('',*,*,#3129,.T.);
#4066=ORIENTED_EDGE('',*,*,#3121,.F.);
#4067=ORIENTED_EDGE('',*,*,#3125,.F.);
#4068=ORIENTED_EDGE('',*,*,#3114,.F.);
#4069=ORIENTED_EDGE('',*,*,#3130,.T.);
#4070=ORIENTED_EDGE('',*,*,#3131,.F.);
#4071=ORIENTED_EDGE('',*,*,#3132,.F.);
#4072=ORIENTED_EDGE('',*,*,#3133,.F.);
#4073=ORIENTED_EDGE('',*,*,#3134,.T.);
#4074=ORIENTED_EDGE('',*,*,#3135,.T.);
#4075=ORIENTED_EDGE('',*,*,#3005,.F.);
#4076=ORIENTED_EDGE('',*,*,#3136,.T.);
#4077=ORIENTED_EDGE('',*,*,#2994,.F.);
#4078=ORIENTED_EDGE('',*,*,#3137,.F.);
#4079=ORIENTED_EDGE('',*,*,#3138,.F.);
#4080=ORIENTED_EDGE('',*,*,#3139,.F.);
#4081=ORIENTED_EDGE('',*,*,#3140,.T.);
#4082=ORIENTED_EDGE('',*,*,#3141,.T.);
#4083=ORIENTED_EDGE('',*,*,#3142,.T.);
#4084=ORIENTED_EDGE('',*,*,#3143,.T.);
#4085=ORIENTED_EDGE('',*,*,#3144,.T.);
#4086=ORIENTED_EDGE('',*,*,#3145,.T.);
#4087=ORIENTED_EDGE('',*,*,#3146,.T.);
#4088=ORIENTED_EDGE('',*,*,#3119,.T.);
#4089=ORIENTED_EDGE('',*,*,#3134,.F.);
#4090=ORIENTED_EDGE('',*,*,#3147,.F.);
#4091=ORIENTED_EDGE('',*,*,#3148,.T.);
#4092=ORIENTED_EDGE('',*,*,#3149,.F.);
#4093=ORIENTED_EDGE('',*,*,#2950,.T.);
#4094=ORIENTED_EDGE('',*,*,#3150,.T.);
#4095=ORIENTED_EDGE('',*,*,#3151,.T.);
#4096=ORIENTED_EDGE('',*,*,#3152,.T.);
#4097=ORIENTED_EDGE('',*,*,#2972,.T.);
#4098=ORIENTED_EDGE('',*,*,#3153,.T.);
#4099=ORIENTED_EDGE('',*,*,#3154,.T.);
#4100=ORIENTED_EDGE('',*,*,#3155,.T.);
#4101=ORIENTED_EDGE('',*,*,#2954,.T.);
#4102=ORIENTED_EDGE('',*,*,#3156,.F.);
#4103=ORIENTED_EDGE('',*,*,#3157,.T.);
#4104=ORIENTED_EDGE('',*,*,#3158,.F.);
#4105=ORIENTED_EDGE('',*,*,#3130,.F.);
#4106=ORIENTED_EDGE('',*,*,#3113,.T.);
#4107=ORIENTED_EDGE('',*,*,#3159,.T.);
#4108=ORIENTED_EDGE('',*,*,#3160,.T.);
#4109=ORIENTED_EDGE('',*,*,#3161,.F.);
#4110=ORIENTED_EDGE('',*,*,#2861,.T.);
#4111=ORIENTED_EDGE('',*,*,#2870,.F.);
#4112=ORIENTED_EDGE('',*,*,#2873,.T.);
#4113=ORIENTED_EDGE('',*,*,#2876,.F.);
#4114=ORIENTED_EDGE('',*,*,#2877,.T.);
#4115=ORIENTED_EDGE('',*,*,#2864,.F.);
#4116=ORIENTED_EDGE('',*,*,#2866,.T.);
#4117=ORIENTED_EDGE('',*,*,#2857,.F.);
#4118=ORIENTED_EDGE('',*,*,#2884,.T.);
#4119=ORIENTED_EDGE('',*,*,#2890,.T.);
#4120=ORIENTED_EDGE('',*,*,#3115,.F.);
#4121=ORIENTED_EDGE('',*,*,#3128,.F.);
#4122=ORIENTED_EDGE('',*,*,#3162,.T.);
#4123=ORIENTED_EDGE('',*,*,#3159,.F.);
#4124=ORIENTED_EDGE('',*,*,#2898,.T.);
#4125=ORIENTED_EDGE('',*,*,#2901,.F.);
#4126=ORIENTED_EDGE('',*,*,#2904,.T.);
#4127=ORIENTED_EDGE('',*,*,#2914,.F.);
#4128=ORIENTED_EDGE('',*,*,#3163,.T.);
#4129=ORIENTED_EDGE('',*,*,#3164,.T.);
#4130=ORIENTED_EDGE('',*,*,#3165,.T.);
#4131=ORIENTED_EDGE('',*,*,#2978,.F.);
#4132=ORIENTED_EDGE('',*,*,#3166,.T.);
#4133=ORIENTED_EDGE('',*,*,#3167,.T.);
#4134=ORIENTED_EDGE('',*,*,#3168,.T.);
#4135=ORIENTED_EDGE('',*,*,#2990,.F.);
#4136=ORIENTED_EDGE('',*,*,#3031,.T.);
#4137=ORIENTED_EDGE('',*,*,#3047,.T.);
#4138=ORIENTED_EDGE('',*,*,#3169,.T.);
#4139=ORIENTED_EDGE('',*,*,#3106,.F.);
#4140=ORIENTED_EDGE('',*,*,#3170,.T.);
#4141=ORIENTED_EDGE('',*,*,#3171,.T.);
#4142=ORIENTED_EDGE('',*,*,#3172,.T.);
#4143=ORIENTED_EDGE('',*,*,#2926,.T.);
#4144=ORIENTED_EDGE('',*,*,#3173,.T.);
#4145=ORIENTED_EDGE('',*,*,#2927,.T.);
#4146=ORIENTED_EDGE('',*,*,#3172,.F.);
#4147=ORIENTED_EDGE('',*,*,#3174,.T.);
#4148=ORIENTED_EDGE('',*,*,#2920,.F.);
#4149=ORIENTED_EDGE('',*,*,#2928,.T.);
#4150=ORIENTED_EDGE('',*,*,#3173,.F.);
#4151=ORIENTED_EDGE('',*,*,#3175,.T.);
#4152=ORIENTED_EDGE('',*,*,#3176,.T.);
#4153=ORIENTED_EDGE('',*,*,#2922,.T.);
#4154=ORIENTED_EDGE('',*,*,#3177,.T.);
#4155=ORIENTED_EDGE('',*,*,#2923,.T.);
#4156=ORIENTED_EDGE('',*,*,#3176,.F.);
#4157=ORIENTED_EDGE('',*,*,#3178,.T.);
#4158=ORIENTED_EDGE('',*,*,#3179,.T.);
#4159=ORIENTED_EDGE('',*,*,#2924,.T.);
#4160=ORIENTED_EDGE('',*,*,#3177,.F.);
#4161=ORIENTED_EDGE('',*,*,#3180,.T.);
#4162=ORIENTED_EDGE('',*,*,#3180,.F.);
#4163=ORIENTED_EDGE('',*,*,#3181,.F.);
#4164=ORIENTED_EDGE('',*,*,#3182,.T.);
#4165=ORIENTED_EDGE('',*,*,#3183,.F.);
#4166=ORIENTED_EDGE('',*,*,#2894,.T.);
#4167=ORIENTED_EDGE('',*,*,#2907,.F.);
#4168=ORIENTED_EDGE('',*,*,#2910,.T.);
#4169=ORIENTED_EDGE('',*,*,#2912,.F.);
#4170=ORIENTED_EDGE('',*,*,#3184,.F.);
#4171=ORIENTED_EDGE('',*,*,#3178,.F.);
#4172=ORIENTED_EDGE('',*,*,#3185,.T.);
#4173=ORIENTED_EDGE('',*,*,#3186,.T.);
#4174=ORIENTED_EDGE('',*,*,#3181,.T.);
#4175=ORIENTED_EDGE('',*,*,#3175,.F.);
#4176=ORIENTED_EDGE('',*,*,#3187,.F.);
#4177=ORIENTED_EDGE('',*,*,#3188,.T.);
#4178=ORIENTED_EDGE('',*,*,#3185,.F.);
#4179=ORIENTED_EDGE('',*,*,#2792,.T.);
#4180=ORIENTED_EDGE('',*,*,#2853,.T.);
#4181=ORIENTED_EDGE('',*,*,#2850,.T.);
#4182=ORIENTED_EDGE('',*,*,#2847,.T.);
#4183=ORIENTED_EDGE('',*,*,#2844,.T.);
#4184=ORIENTED_EDGE('',*,*,#2841,.T.);
#4185=ORIENTED_EDGE('',*,*,#2838,.T.);
#4186=ORIENTED_EDGE('',*,*,#2835,.T.);
#4187=ORIENTED_EDGE('',*,*,#2832,.T.);
#4188=ORIENTED_EDGE('',*,*,#2829,.T.);
#4189=ORIENTED_EDGE('',*,*,#2826,.T.);
#4190=ORIENTED_EDGE('',*,*,#2823,.T.);
#4191=ORIENTED_EDGE('',*,*,#2820,.T.);
#4192=ORIENTED_EDGE('',*,*,#2817,.T.);
#4193=ORIENTED_EDGE('',*,*,#2814,.T.);
#4194=ORIENTED_EDGE('',*,*,#2811,.T.);
#4195=ORIENTED_EDGE('',*,*,#2808,.T.);
#4196=ORIENTED_EDGE('',*,*,#2805,.T.);
#4197=ORIENTED_EDGE('',*,*,#2802,.T.);
#4198=ORIENTED_EDGE('',*,*,#2799,.T.);
#4199=ORIENTED_EDGE('',*,*,#2796,.T.);
#4200=ORIENTED_EDGE('',*,*,#2881,.T.);
#4201=ORIENTED_EDGE('',*,*,#2887,.T.);
#4202=ORIENTED_EDGE('',*,*,#3174,.F.);
#4203=ORIENTED_EDGE('',*,*,#3189,.T.);
#4204=ORIENTED_EDGE('',*,*,#3190,.T.);
#4205=ORIENTED_EDGE('',*,*,#3187,.T.);
#4206=ORIENTED_EDGE('',*,*,#3179,.F.);
#4207=ORIENTED_EDGE('',*,*,#3183,.T.);
#4208=ORIENTED_EDGE('',*,*,#3191,.T.);
#4209=ORIENTED_EDGE('',*,*,#3192,.F.);
#4210=ORIENTED_EDGE('',*,*,#3170,.F.);
#4211=ORIENTED_EDGE('',*,*,#2925,.F.);
#4212=ORIENTED_EDGE('',*,*,#2859,.T.);
#4213=ORIENTED_EDGE('',*,*,#2855,.F.);
#4214=ORIENTED_EDGE('',*,*,#2867,.T.);
#4215=ORIENTED_EDGE('',*,*,#2862,.F.);
#4216=ORIENTED_EDGE('',*,*,#2878,.T.);
#4217=ORIENTED_EDGE('',*,*,#2874,.F.);
#4218=ORIENTED_EDGE('',*,*,#2871,.T.);
#4219=ORIENTED_EDGE('',*,*,#2868,.F.);
#4220=ORIENTED_EDGE('',*,*,#2882,.T.);
#4221=ORIENTED_EDGE('',*,*,#2888,.T.);
#4222=ORIENTED_EDGE('',*,*,#2952,.T.);
#4223=ORIENTED_EDGE('',*,*,#3193,.F.);
#4224=ORIENTED_EDGE('',*,*,#3194,.T.);
#4225=ORIENTED_EDGE('',*,*,#3195,.F.);
#4226=ORIENTED_EDGE('',*,*,#3132,.T.);
#4227=ORIENTED_EDGE('',*,*,#3196,.F.);
#4228=ORIENTED_EDGE('',*,*,#3197,.T.);
#4229=ORIENTED_EDGE('',*,*,#3198,.F.);
#4230=ORIENTED_EDGE('',*,*,#3171,.F.);
#4231=ORIENTED_EDGE('',*,*,#3192,.T.);
#4232=ORIENTED_EDGE('',*,*,#3199,.T.);
#4233=ORIENTED_EDGE('',*,*,#3189,.F.);
#4234=ORIENTED_EDGE('',*,*,#2913,.F.);
#4235=ORIENTED_EDGE('',*,*,#2902,.T.);
#4236=ORIENTED_EDGE('',*,*,#2899,.F.);
#4237=ORIENTED_EDGE('',*,*,#2896,.T.);
#4238=ORIENTED_EDGE('',*,*,#3200,.F.);
#4239=ORIENTED_EDGE('',*,*,#3201,.T.);
#4240=ORIENTED_EDGE('',*,*,#3202,.F.);
#4241=ORIENTED_EDGE('',*,*,#3203,.F.);
#4242=ORIENTED_EDGE('',*,*,#3204,.T.);
#4243=ORIENTED_EDGE('',*,*,#3205,.F.);
#4244=ORIENTED_EDGE('',*,*,#3201,.F.);
#4245=ORIENTED_EDGE('',*,*,#3206,.F.);
#4246=ORIENTED_EDGE('',*,*,#3207,.F.);
#4247=ORIENTED_EDGE('',*,*,#3120,.F.);
#4248=ORIENTED_EDGE('',*,*,#3161,.T.);
#4249=ORIENTED_EDGE('',*,*,#3208,.T.);
#4250=ORIENTED_EDGE('',*,*,#3124,.F.);
#4251=ORIENTED_EDGE('',*,*,#2911,.F.);
#4252=ORIENTED_EDGE('',*,*,#2908,.T.);
#4253=ORIENTED_EDGE('',*,*,#2905,.F.);
#4254=ORIENTED_EDGE('',*,*,#2892,.T.);
#4255=ORIENTED_EDGE('',*,*,#3209,.T.);
#4256=ORIENTED_EDGE('',*,*,#3210,.T.);
#4257=ORIENTED_EDGE('',*,*,#3211,.T.);
#4258=ORIENTED_EDGE('',*,*,#2948,.F.);
#4259=ORIENTED_EDGE('',*,*,#3212,.T.);
#4260=ORIENTED_EDGE('',*,*,#3207,.T.);
#4261=ORIENTED_EDGE('',*,*,#3213,.T.);
#4262=ORIENTED_EDGE('',*,*,#2981,.F.);
#4263=ORIENTED_EDGE('',*,*,#3075,.T.);
#4264=ORIENTED_EDGE('',*,*,#3214,.T.);
#4265=ORIENTED_EDGE('',*,*,#3098,.T.);
#4266=ORIENTED_EDGE('',*,*,#3109,.F.);
#4267=ORIENTED_EDGE('',*,*,#3215,.T.);
#4268=ORIENTED_EDGE('',*,*,#3216,.F.);
#4269=ORIENTED_EDGE('',*,*,#3217,.F.);
#4270=ORIENTED_EDGE('',*,*,#3218,.T.);
#4271=ORIENTED_EDGE('',*,*,#3219,.F.);
#4272=ORIENTED_EDGE('',*,*,#3210,.F.);
#4273=ORIENTED_EDGE('',*,*,#3220,.F.);
#4274=ORIENTED_EDGE('',*,*,#3215,.F.);
#4275=ORIENTED_EDGE('',*,*,#3203,.T.);
#4276=ORIENTED_EDGE('',*,*,#3221,.F.);
#4277=ORIENTED_EDGE('',*,*,#3222,.T.);
#4278=ORIENTED_EDGE('',*,*,#3223,.F.);
#4279=ORIENTED_EDGE('',*,*,#3224,.T.);
#4280=ORIENTED_EDGE('',*,*,#3225,.F.);
#4281=ORIENTED_EDGE('',*,*,#3226,.T.);
#4282=ORIENTED_EDGE('',*,*,#3227,.F.);
#4283=ORIENTED_EDGE('',*,*,#3228,.T.);
#4284=ORIENTED_EDGE('',*,*,#3229,.F.);
#4285=ORIENTED_EDGE('',*,*,#3230,.T.);
#4286=ORIENTED_EDGE('',*,*,#3231,.F.);
#4287=ORIENTED_EDGE('',*,*,#3232,.T.);
#4288=ORIENTED_EDGE('',*,*,#3233,.F.);
#4289=ORIENTED_EDGE('',*,*,#3217,.T.);
#4290=ORIENTED_EDGE('',*,*,#3234,.F.);
#4291=ORIENTED_EDGE('',*,*,#3235,.T.);
#4292=ORIENTED_EDGE('',*,*,#3236,.F.);
#4293=ORIENTED_EDGE('',*,*,#3228,.F.);
#4294=ORIENTED_EDGE('',*,*,#3237,.T.);
#4295=ORIENTED_EDGE('',*,*,#3238,.F.);
#4296=ORIENTED_EDGE('',*,*,#3235,.F.);
#4297=ORIENTED_EDGE('',*,*,#3239,.F.);
#4298=ORIENTED_EDGE('',*,*,#3164,.F.);
#4299=ORIENTED_EDGE('',*,*,#3240,.T.);
#4300=ORIENTED_EDGE('',*,*,#3241,.F.);
#4301=ORIENTED_EDGE('',*,*,#3226,.F.);
#4302=ORIENTED_EDGE('',*,*,#3242,.T.);
#4303=ORIENTED_EDGE('',*,*,#3243,.F.);
#4304=ORIENTED_EDGE('',*,*,#3167,.F.);
#4305=ORIENTED_EDGE('',*,*,#3244,.F.);
#4306=ORIENTED_EDGE('',*,*,#3240,.F.);
#4307=ORIENTED_EDGE('',*,*,#3245,.T.);
#4308=ORIENTED_EDGE('',*,*,#3246,.F.);
#4309=ORIENTED_EDGE('',*,*,#3222,.F.);
#4310=ORIENTED_EDGE('',*,*,#3247,.T.);
#4311=ORIENTED_EDGE('',*,*,#3248,.F.);
#4312=ORIENTED_EDGE('',*,*,#3249,.F.);
#4313=ORIENTED_EDGE('',*,*,#3245,.F.);
#4314=ORIENTED_EDGE('',*,*,#3250,.F.);
#4315=ORIENTED_EDGE('',*,*,#3123,.F.);
#4316=ORIENTED_EDGE('',*,*,#3251,.T.);
#4317=ORIENTED_EDGE('',*,*,#3129,.F.);
#4318=ORIENTED_EDGE('',*,*,#3126,.F.);
#4319=ORIENTED_EDGE('',*,*,#2879,.T.);
#4320=ORIENTED_EDGE('',*,*,#2885,.T.);
#4321=ORIENTED_EDGE('',*,*,#3252,.T.);
#4322=ORIENTED_EDGE('',*,*,#3248,.T.);
#4323=ORIENTED_EDGE('',*,*,#3253,.T.);
#4324=ORIENTED_EDGE('',*,*,#2984,.F.);
#4325=ORIENTED_EDGE('',*,*,#3254,.T.);
#4326=ORIENTED_EDGE('',*,*,#3255,.T.);
#4327=ORIENTED_EDGE('',*,*,#3256,.T.);
#4328=ORIENTED_EDGE('',*,*,#2987,.F.);
#4329=ORIENTED_EDGE('',*,*,#3257,.T.);
#4330=ORIENTED_EDGE('',*,*,#3258,.F.);
#4331=ORIENTED_EDGE('',*,*,#3232,.F.);
#4332=ORIENTED_EDGE('',*,*,#3259,.T.);
#4333=ORIENTED_EDGE('',*,*,#3260,.F.);
#4334=ORIENTED_EDGE('',*,*,#3257,.F.);
#4335=ORIENTED_EDGE('',*,*,#3261,.F.);
#4336=ORIENTED_EDGE('',*,*,#3151,.F.);
#4337=ORIENTED_EDGE('',*,*,#3262,.T.);
#4338=ORIENTED_EDGE('',*,*,#3263,.F.);
#4339=ORIENTED_EDGE('',*,*,#3230,.F.);
#4340=ORIENTED_EDGE('',*,*,#3264,.T.);
#4341=ORIENTED_EDGE('',*,*,#3265,.F.);
#4342=ORIENTED_EDGE('',*,*,#3154,.F.);
#4343=ORIENTED_EDGE('',*,*,#3266,.F.);
#4344=ORIENTED_EDGE('',*,*,#3262,.F.);
#4345=ORIENTED_EDGE('',*,*,#3267,.T.);
#4346=ORIENTED_EDGE('',*,*,#3268,.F.);
#4347=ORIENTED_EDGE('',*,*,#3224,.F.);
#4348=ORIENTED_EDGE('',*,*,#3269,.T.);
#4349=ORIENTED_EDGE('',*,*,#3270,.F.);
#4350=ORIENTED_EDGE('',*,*,#3267,.F.);
#4351=ORIENTED_EDGE('',*,*,#3271,.F.);
#4352=ORIENTED_EDGE('',*,*,#3255,.F.);
#4353=ORIENTED_EDGE('',*,*,#2958,.F.);
#4354=ORIENTED_EDGE('',*,*,#3272,.F.);
#4355=ORIENTED_EDGE('',*,*,#3227,.T.);
#4356=ORIENTED_EDGE('',*,*,#3273,.T.);
#4357=ORIENTED_EDGE('',*,*,#3165,.F.);
#4358=ORIENTED_EDGE('',*,*,#3239,.T.);
#4359=ORIENTED_EDGE('',*,*,#3237,.F.);
#4360=ORIENTED_EDGE('',*,*,#3272,.T.);
#4361=ORIENTED_EDGE('',*,*,#2957,.F.);
#4362=ORIENTED_EDGE('',*,*,#2976,.F.);
#4363=ORIENTED_EDGE('',*,*,#2955,.F.);
#4364=ORIENTED_EDGE('',*,*,#3155,.F.);
#4365=ORIENTED_EDGE('',*,*,#3265,.T.);
#4366=ORIENTED_EDGE('',*,*,#3264,.F.);
#4367=ORIENTED_EDGE('',*,*,#3229,.T.);
#4368=ORIENTED_EDGE('',*,*,#3236,.T.);
#4369=ORIENTED_EDGE('',*,*,#3238,.T.);
#4370=ORIENTED_EDGE('',*,*,#3163,.F.);
#4371=ORIENTED_EDGE('',*,*,#2977,.F.);
#4372=ORIENTED_EDGE('',*,*,#2975,.F.);
#4373=ORIENTED_EDGE('',*,*,#3274,.F.);
#4374=ORIENTED_EDGE('',*,*,#3263,.T.);
#4375=ORIENTED_EDGE('',*,*,#3266,.T.);
#4376=ORIENTED_EDGE('',*,*,#3153,.F.);
#4377=ORIENTED_EDGE('',*,*,#2974,.F.);
#4378=ORIENTED_EDGE('',*,*,#3275,.F.);
#4379=ORIENTED_EDGE('',*,*,#3231,.T.);
#4380=ORIENTED_EDGE('',*,*,#3274,.T.);
#4381=ORIENTED_EDGE('',*,*,#2973,.F.);
#4382=ORIENTED_EDGE('',*,*,#3152,.F.);
#4383=ORIENTED_EDGE('',*,*,#3261,.T.);
#4384=ORIENTED_EDGE('',*,*,#3259,.F.);
#4385=ORIENTED_EDGE('',*,*,#3275,.T.);
#4386=ORIENTED_EDGE('',*,*,#3211,.F.);
#4387=ORIENTED_EDGE('',*,*,#3219,.T.);
#4388=ORIENTED_EDGE('',*,*,#3218,.F.);
#4389=ORIENTED_EDGE('',*,*,#3233,.T.);
#4390=ORIENTED_EDGE('',*,*,#3258,.T.);
#4391=ORIENTED_EDGE('',*,*,#3260,.T.);
#4392=ORIENTED_EDGE('',*,*,#3150,.F.);
#4393=ORIENTED_EDGE('',*,*,#2949,.F.);
#4394=ORIENTED_EDGE('',*,*,#2945,.F.);
#4395=ORIENTED_EDGE('',*,*,#2971,.F.);
#4396=ORIENTED_EDGE('',*,*,#3276,.F.);
#4397=ORIENTED_EDGE('',*,*,#3216,.T.);
#4398=ORIENTED_EDGE('',*,*,#3220,.T.);
#4399=ORIENTED_EDGE('',*,*,#3209,.F.);
#4400=ORIENTED_EDGE('',*,*,#2947,.F.);
#4401=ORIENTED_EDGE('',*,*,#2970,.F.);
#4402=ORIENTED_EDGE('',*,*,#3277,.F.);
#4403=ORIENTED_EDGE('',*,*,#3234,.T.);
#4404=ORIENTED_EDGE('',*,*,#3276,.T.);
#4405=ORIENTED_EDGE('',*,*,#3213,.F.);
#4406=ORIENTED_EDGE('',*,*,#3206,.T.);
#4407=ORIENTED_EDGE('',*,*,#3204,.F.);
#4408=ORIENTED_EDGE('',*,*,#3277,.T.);
#4409=ORIENTED_EDGE('',*,*,#2969,.F.);
#4410=ORIENTED_EDGE('',*,*,#2979,.F.);
#4411=ORIENTED_EDGE('',*,*,#3253,.F.);
#4412=ORIENTED_EDGE('',*,*,#3250,.T.);
#4413=ORIENTED_EDGE('',*,*,#3247,.F.);
#4414=ORIENTED_EDGE('',*,*,#3221,.T.);
#4415=ORIENTED_EDGE('',*,*,#3202,.T.);
#4416=ORIENTED_EDGE('',*,*,#3205,.T.);
#4417=ORIENTED_EDGE('',*,*,#3212,.F.);
#4418=ORIENTED_EDGE('',*,*,#2980,.F.);
#4419=ORIENTED_EDGE('',*,*,#2967,.F.);
#4420=ORIENTED_EDGE('',*,*,#2982,.F.);
#4421=ORIENTED_EDGE('',*,*,#2965,.F.);
#4422=ORIENTED_EDGE('',*,*,#3278,.F.);
#4423=ORIENTED_EDGE('',*,*,#3246,.T.);
#4424=ORIENTED_EDGE('',*,*,#3249,.T.);
#4425=ORIENTED_EDGE('',*,*,#3252,.F.);
#4426=ORIENTED_EDGE('',*,*,#2983,.F.);
#4427=ORIENTED_EDGE('',*,*,#2964,.F.);
#4428=ORIENTED_EDGE('',*,*,#3279,.F.);
#4429=ORIENTED_EDGE('',*,*,#3223,.T.);
#4430=ORIENTED_EDGE('',*,*,#3278,.T.);
#4431=ORIENTED_EDGE('',*,*,#3256,.F.);
#4432=ORIENTED_EDGE('',*,*,#3271,.T.);
#4433=ORIENTED_EDGE('',*,*,#3269,.F.);
#4434=ORIENTED_EDGE('',*,*,#3279,.T.);
#4435=ORIENTED_EDGE('',*,*,#2963,.F.);
#4436=ORIENTED_EDGE('',*,*,#2985,.F.);
#4437=ORIENTED_EDGE('',*,*,#3168,.F.);
#4438=ORIENTED_EDGE('',*,*,#3243,.T.);
#4439=ORIENTED_EDGE('',*,*,#3242,.F.);
#4440=ORIENTED_EDGE('',*,*,#3225,.T.);
#4441=ORIENTED_EDGE('',*,*,#3268,.T.);
#4442=ORIENTED_EDGE('',*,*,#3270,.T.);
#4443=ORIENTED_EDGE('',*,*,#3254,.F.);
#4444=ORIENTED_EDGE('',*,*,#2986,.F.);
#4445=ORIENTED_EDGE('',*,*,#2961,.F.);
#4446=ORIENTED_EDGE('',*,*,#2988,.F.);
#4447=ORIENTED_EDGE('',*,*,#2959,.F.);
#4448=ORIENTED_EDGE('',*,*,#3273,.F.);
#4449=ORIENTED_EDGE('',*,*,#3241,.T.);
#4450=ORIENTED_EDGE('',*,*,#3244,.T.);
#4451=ORIENTED_EDGE('',*,*,#3166,.F.);
#4452=ORIENTED_EDGE('',*,*,#2989,.F.);
#4453=ORIENTED_EDGE('',*,*,#3137,.T.);
#4454=ORIENTED_EDGE('',*,*,#3280,.T.);
#4455=ORIENTED_EDGE('',*,*,#3281,.T.);
#4456=ORIENTED_EDGE('',*,*,#3282,.T.);
#4457=ORIENTED_EDGE('',*,*,#3283,.T.);
#4458=ORIENTED_EDGE('',*,*,#3284,.T.);
#4459=ORIENTED_EDGE('',*,*,#3139,.T.);
#4460=ORIENTED_EDGE('',*,*,#3285,.T.);
#4461=ORIENTED_EDGE('',*,*,#3286,.T.);
#4462=ORIENTED_EDGE('',*,*,#3285,.F.);
#4463=ORIENTED_EDGE('',*,*,#3138,.T.);
#4464=ORIENTED_EDGE('',*,*,#3282,.F.);
#4465=ORIENTED_EDGE('',*,*,#3287,.T.);
#4466=ORIENTED_EDGE('',*,*,#3288,.T.);
#4467=ORIENTED_EDGE('',*,*,#3289,.T.);
#4468=ORIENTED_EDGE('',*,*,#3290,.T.);
#4469=ORIENTED_EDGE('',*,*,#3291,.T.);
#4470=ORIENTED_EDGE('',*,*,#3292,.T.);
#4471=ORIENTED_EDGE('',*,*,#3293,.T.);
#4472=ORIENTED_EDGE('',*,*,#3294,.T.);
#4473=ORIENTED_EDGE('',*,*,#3295,.T.);
#4474=ORIENTED_EDGE('',*,*,#3296,.T.);
#4475=ORIENTED_EDGE('',*,*,#3297,.T.);
#4476=ORIENTED_EDGE('',*,*,#3295,.F.);
#4477=ORIENTED_EDGE('',*,*,#3298,.T.);
#4478=ORIENTED_EDGE('',*,*,#3291,.F.);
#4479=ORIENTED_EDGE('',*,*,#3287,.F.);
#4480=ORIENTED_EDGE('',*,*,#3298,.F.);
#4481=ORIENTED_EDGE('',*,*,#3294,.F.);
#4482=ORIENTED_EDGE('',*,*,#3299,.F.);
#4483=ORIENTED_EDGE('',*,*,#3300,.T.);
#4484=ORIENTED_EDGE('',*,*,#2936,.F.);
#4485=ORIENTED_EDGE('',*,*,#3301,.F.);
#4486=ORIENTED_EDGE('',*,*,#3302,.T.);
#4487=ORIENTED_EDGE('',*,*,#3292,.F.);
#4488=ORIENTED_EDGE('',*,*,#3303,.F.);
#4489=ORIENTED_EDGE('',*,*,#3281,.F.);
#4490=ORIENTED_EDGE('',*,*,#3286,.F.);
#4491=ORIENTED_EDGE('',*,*,#3303,.T.);
#4492=ORIENTED_EDGE('',*,*,#3296,.F.);
#4493=ORIENTED_EDGE('',*,*,#3297,.F.);
#4494=ORIENTED_EDGE('',*,*,#3290,.F.);
#4495=ORIENTED_EDGE('',*,*,#3304,.T.);
#4496=ORIENTED_EDGE('',*,*,#3288,.F.);
#4497=ORIENTED_EDGE('',*,*,#3299,.T.);
#4498=ORIENTED_EDGE('',*,*,#3293,.F.);
#4499=ORIENTED_EDGE('',*,*,#3302,.F.);
#4500=ORIENTED_EDGE('',*,*,#3143,.F.);
#4501=ORIENTED_EDGE('',*,*,#3305,.T.);
#4502=ORIENTED_EDGE('',*,*,#2934,.F.);
#4503=ORIENTED_EDGE('',*,*,#3306,.F.);
#4504=ORIENTED_EDGE('',*,*,#3145,.F.);
#4505=ORIENTED_EDGE('',*,*,#3307,.T.);
#4506=ORIENTED_EDGE('',*,*,#2935,.F.);
#4507=ORIENTED_EDGE('',*,*,#3307,.F.);
#4508=ORIENTED_EDGE('',*,*,#3144,.F.);
#4509=ORIENTED_EDGE('',*,*,#3301,.T.);
#4510=ORIENTED_EDGE('',*,*,#2937,.F.);
#4511=ORIENTED_EDGE('',*,*,#3300,.F.);
#4512=ORIENTED_EDGE('',*,*,#3280,.F.);
#4513=ORIENTED_EDGE('',*,*,#3146,.F.);
#4514=ORIENTED_EDGE('',*,*,#3306,.T.);
#4515=ORIENTED_EDGE('',*,*,#3283,.F.);
#4516=ORIENTED_EDGE('',*,*,#3304,.F.);
#4517=ORIENTED_EDGE('',*,*,#3289,.F.);
#4518=ORIENTED_EDGE('',*,*,#3305,.F.);
#4519=ORIENTED_EDGE('',*,*,#3308,.T.);
#4520=ORIENTED_EDGE('',*,*,#2930,.F.);
#4521=ORIENTED_EDGE('',*,*,#3309,.F.);
#4522=ORIENTED_EDGE('',*,*,#2931,.F.);
#4523=ORIENTED_EDGE('',*,*,#3308,.F.);
#4524=ORIENTED_EDGE('',*,*,#3142,.F.);
#4525=ORIENTED_EDGE('',*,*,#3310,.T.);
#4526=ORIENTED_EDGE('',*,*,#2932,.F.);
#4527=ORIENTED_EDGE('',*,*,#3310,.F.);
#4528=ORIENTED_EDGE('',*,*,#3141,.F.);
#4529=ORIENTED_EDGE('',*,*,#3311,.T.);
#4530=ORIENTED_EDGE('',*,*,#2933,.F.);
#4531=ORIENTED_EDGE('',*,*,#3311,.F.);
#4532=ORIENTED_EDGE('',*,*,#3140,.F.);
#4533=ORIENTED_EDGE('',*,*,#3284,.F.);
#4534=ORIENTED_EDGE('',*,*,#3309,.T.);
#4535=ORIENTED_EDGE('',*,*,#3149,.T.);
#4536=ORIENTED_EDGE('',*,*,#3312,.T.);
#4537=ORIENTED_EDGE('',*,*,#3193,.T.);
#4538=ORIENTED_EDGE('',*,*,#2951,.T.);
#4539=ORIENTED_EDGE('',*,*,#3312,.F.);
#4540=ORIENTED_EDGE('',*,*,#3148,.F.);
#4541=ORIENTED_EDGE('',*,*,#3313,.F.);
#4542=ORIENTED_EDGE('',*,*,#3194,.F.);
#4543=ORIENTED_EDGE('',*,*,#3156,.T.);
#4544=ORIENTED_EDGE('',*,*,#2953,.T.);
#4545=ORIENTED_EDGE('',*,*,#3198,.T.);
#4546=ORIENTED_EDGE('',*,*,#3314,.T.);
#4547=ORIENTED_EDGE('',*,*,#3147,.T.);
#4548=ORIENTED_EDGE('',*,*,#3133,.T.);
#4549=ORIENTED_EDGE('',*,*,#3195,.T.);
#4550=ORIENTED_EDGE('',*,*,#3313,.T.);
#4551=ORIENTED_EDGE('',*,*,#3158,.T.);
#4552=ORIENTED_EDGE('',*,*,#3315,.T.);
#4553=ORIENTED_EDGE('',*,*,#3196,.T.);
#4554=ORIENTED_EDGE('',*,*,#3131,.T.);
#4555=ORIENTED_EDGE('',*,*,#3314,.F.);
#4556=ORIENTED_EDGE('',*,*,#3197,.F.);
#4557=ORIENTED_EDGE('',*,*,#3315,.F.);
#4558=ORIENTED_EDGE('',*,*,#3157,.F.);
#4559=ORIENTED_EDGE('',*,*,#3087,.F.);
#4560=ORIENTED_EDGE('',*,*,#3092,.T.);
#4561=ORIENTED_EDGE('',*,*,#3091,.T.);
#4562=ORIENTED_EDGE('',*,*,#3083,.T.);
#4563=ORIENTED_EDGE('',*,*,#3050,.F.);
#4564=ORIENTED_EDGE('',*,*,#3316,.T.);
#4565=ORIENTED_EDGE('',*,*,#3042,.T.);
#4566=ORIENTED_EDGE('',*,*,#3039,.T.);
#4567=ORIENTED_EDGE('',*,*,#3016,.F.);
#4568=ORIENTED_EDGE('',*,*,#3317,.F.);
#4569=ORIENTED_EDGE('',*,*,#3045,.F.);
#4570=ORIENTED_EDGE('',*,*,#3028,.F.);
#4571=ORIENTED_EDGE('',*,*,#3023,.F.);
#4572=ORIENTED_EDGE('',*,*,#3318,.F.);
#4573=ORIENTED_EDGE('',*,*,#3018,.T.);
#4574=ORIENTED_EDGE('',*,*,#3027,.T.);
#4575=ORIENTED_EDGE('',*,*,#3069,.F.);
#4576=ORIENTED_EDGE('',*,*,#3100,.F.);
#4577=ORIENTED_EDGE('',*,*,#3064,.T.);
#4578=ORIENTED_EDGE('',*,*,#3073,.T.);
#4579=ORIENTED_EDGE('',*,*,#3056,.F.);
#4580=ORIENTED_EDGE('',*,*,#3099,.F.);
#4581=ORIENTED_EDGE('',*,*,#3214,.F.);
#4582=ORIENTED_EDGE('',*,*,#3074,.F.);
#4583=ORIENTED_EDGE('',*,*,#3319,.F.);
#4584=ORIENTED_EDGE('',*,*,#3320,.T.);
#4585=ORIENTED_EDGE('',*,*,#3200,.T.);
#4586=ORIENTED_EDGE('',*,*,#3320,.F.);
#4587=ORIENTED_EDGE('',*,*,#3321,.F.);
#4588=ORIENTED_EDGE('',*,*,#3322,.T.);
#4589=ORIENTED_EDGE('',*,*,#3184,.T.);
#4590=ORIENTED_EDGE('',*,*,#3322,.F.);
#4591=ORIENTED_EDGE('',*,*,#3323,.F.);
#4592=ORIENTED_EDGE('',*,*,#3324,.F.);
#4593=ORIENTED_EDGE('',*,*,#3325,.F.);
#4594=ORIENTED_EDGE('',*,*,#3326,.T.);
#4595=ORIENTED_EDGE('',*,*,#3323,.T.);
#4596=ORIENTED_EDGE('',*,*,#3326,.F.);
#4597=ORIENTED_EDGE('',*,*,#3321,.T.);
#4598=ORIENTED_EDGE('',*,*,#3325,.T.);
#4599=ORIENTED_EDGE('',*,*,#3327,.F.);
#4600=ORIENTED_EDGE('',*,*,#3328,.T.);
#4601=ORIENTED_EDGE('',*,*,#3329,.F.);
#4602=ORIENTED_EDGE('',*,*,#3328,.F.);
#4603=ORIENTED_EDGE('',*,*,#3319,.T.);
#4604=ORIENTED_EDGE('',*,*,#3327,.T.);
#4605=ORIENTED_EDGE('',*,*,#3324,.T.);
#4606=ORIENTED_EDGE('',*,*,#3330,.T.);
#4607=ORIENTED_EDGE('',*,*,#3331,.F.);
#4608=ORIENTED_EDGE('',*,*,#3330,.F.);
#4609=ORIENTED_EDGE('',*,*,#3332,.F.);
#4610=ORIENTED_EDGE('',*,*,#3333,.T.);
#4611=ORIENTED_EDGE('',*,*,#3334,.F.);
#4612=ORIENTED_EDGE('',*,*,#3333,.F.);
#4613=ORIENTED_EDGE('',*,*,#3335,.T.);
#4614=ORIENTED_EDGE('',*,*,#3336,.T.);
#4615=ORIENTED_EDGE('',*,*,#3337,.T.);
#4616=ORIENTED_EDGE('',*,*,#3338,.T.);
#4617=ORIENTED_EDGE('',*,*,#3339,.T.);
#4618=ORIENTED_EDGE('',*,*,#3340,.T.);
#4619=ORIENTED_EDGE('',*,*,#3341,.T.);
#4620=ORIENTED_EDGE('',*,*,#3342,.T.);
#4621=ORIENTED_EDGE('',*,*,#3343,.T.);
#4622=ORIENTED_EDGE('',*,*,#3344,.T.);
#4623=ORIENTED_EDGE('',*,*,#3345,.T.);
#4624=ORIENTED_EDGE('',*,*,#3346,.T.);
#4625=ORIENTED_EDGE('',*,*,#3347,.T.);
#4626=ORIENTED_EDGE('',*,*,#3348,.T.);
#4627=ORIENTED_EDGE('',*,*,#3349,.T.);
#4628=ORIENTED_EDGE('',*,*,#3350,.T.);
#4629=ORIENTED_EDGE('',*,*,#3351,.T.);
#4630=ORIENTED_EDGE('',*,*,#3352,.T.);
#4631=ORIENTED_EDGE('',*,*,#3353,.T.);
#4632=ORIENTED_EDGE('',*,*,#3354,.T.);
#4633=ORIENTED_EDGE('',*,*,#3355,.T.);
#4634=ORIENTED_EDGE('',*,*,#3356,.T.);
#4635=ORIENTED_EDGE('',*,*,#3357,.F.);
#4636=ORIENTED_EDGE('',*,*,#3358,.T.);
#4637=ORIENTED_EDGE('',*,*,#3359,.T.);
#4638=ORIENTED_EDGE('',*,*,#3360,.T.);
#4639=ORIENTED_EDGE('',*,*,#3361,.T.);
#4640=ORIENTED_EDGE('',*,*,#3362,.T.);
#4641=ORIENTED_EDGE('',*,*,#3363,.T.);
#4642=ORIENTED_EDGE('',*,*,#3364,.T.);
#4643=ORIENTED_EDGE('',*,*,#3365,.F.);
#4644=ORIENTED_EDGE('',*,*,#3366,.T.);
#4645=ORIENTED_EDGE('',*,*,#3367,.T.);
#4646=ORIENTED_EDGE('',*,*,#3368,.F.);
#4647=ORIENTED_EDGE('',*,*,#3369,.T.);
#4648=ORIENTED_EDGE('',*,*,#3370,.T.);
#4649=ORIENTED_EDGE('',*,*,#3371,.T.);
#4650=ORIENTED_EDGE('',*,*,#3372,.F.);
#4651=ORIENTED_EDGE('',*,*,#3373,.T.);
#4652=ORIENTED_EDGE('',*,*,#3374,.T.);
#4653=ORIENTED_EDGE('',*,*,#3356,.F.);
#4654=ORIENTED_EDGE('',*,*,#3375,.F.);
#4655=ORIENTED_EDGE('',*,*,#3376,.T.);
#4656=ORIENTED_EDGE('',*,*,#3377,.F.);
#4657=ORIENTED_EDGE('',*,*,#3358,.F.);
#4658=ORIENTED_EDGE('',*,*,#3378,.F.);
#4659=ORIENTED_EDGE('',*,*,#3379,.F.);
#4660=ORIENTED_EDGE('',*,*,#3380,.T.);
#4661=ORIENTED_EDGE('',*,*,#3381,.F.);
#4662=ORIENTED_EDGE('',*,*,#3342,.F.);
#4663=ORIENTED_EDGE('',*,*,#3382,.F.);
#4664=ORIENTED_EDGE('',*,*,#3338,.F.);
#4665=ORIENTED_EDGE('',*,*,#3380,.F.);
#4666=ORIENTED_EDGE('',*,*,#3383,.F.);
#4667=ORIENTED_EDGE('',*,*,#3375,.T.);
#4668=ORIENTED_EDGE('',*,*,#3355,.F.);
#4669=ORIENTED_EDGE('',*,*,#3381,.T.);
#4670=ORIENTED_EDGE('',*,*,#3337,.F.);
#4671=ORIENTED_EDGE('',*,*,#3384,.T.);
#4672=ORIENTED_EDGE('',*,*,#3339,.F.);
#4673=ORIENTED_EDGE('',*,*,#3384,.F.);
#4674=ORIENTED_EDGE('',*,*,#3336,.F.);
#4675=ORIENTED_EDGE('',*,*,#3385,.T.);
#4676=ORIENTED_EDGE('',*,*,#3340,.F.);
#4677=ORIENTED_EDGE('',*,*,#3351,.F.);
#4678=ORIENTED_EDGE('',*,*,#3386,.F.);
#4679=ORIENTED_EDGE('',*,*,#3371,.F.);
#4680=ORIENTED_EDGE('',*,*,#3387,.T.);
#4681=ORIENTED_EDGE('',*,*,#3352,.F.);
#4682=ORIENTED_EDGE('',*,*,#3387,.F.);
#4683=ORIENTED_EDGE('',*,*,#3374,.F.);
#4684=ORIENTED_EDGE('',*,*,#3388,.T.);
#4685=ORIENTED_EDGE('',*,*,#3353,.F.);
#4686=ORIENTED_EDGE('',*,*,#3388,.F.);
#4687=ORIENTED_EDGE('',*,*,#3373,.F.);
#4688=ORIENTED_EDGE('',*,*,#3389,.T.);
#4689=ORIENTED_EDGE('',*,*,#3332,.T.);
#4690=ORIENTED_EDGE('',*,*,#3354,.F.);
#4691=ORIENTED_EDGE('',*,*,#3389,.F.);
#4692=ORIENTED_EDGE('',*,*,#3372,.T.);
#4693=ORIENTED_EDGE('',*,*,#3386,.T.);
#4694=ORIENTED_EDGE('',*,*,#3385,.F.);
#4695=ORIENTED_EDGE('',*,*,#3335,.F.);
#4696=ORIENTED_EDGE('',*,*,#3382,.T.);
#4697=ORIENTED_EDGE('',*,*,#3341,.F.);
#4698=ORIENTED_EDGE('',*,*,#3390,.F.);
#4699=ORIENTED_EDGE('',*,*,#3343,.F.);
#4700=ORIENTED_EDGE('',*,*,#3391,.T.);
#4701=ORIENTED_EDGE('',*,*,#3349,.F.);
#4702=ORIENTED_EDGE('',*,*,#3364,.F.);
#4703=ORIENTED_EDGE('',*,*,#3392,.F.);
#4704=ORIENTED_EDGE('',*,*,#3393,.T.);
#4705=ORIENTED_EDGE('',*,*,#3394,.F.);
#4706=ORIENTED_EDGE('',*,*,#3366,.F.);
#4707=ORIENTED_EDGE('',*,*,#3395,.F.);
#4708=ORIENTED_EDGE('',*,*,#3396,.F.);
#4709=ORIENTED_EDGE('',*,*,#3397,.T.);
#4710=ORIENTED_EDGE('',*,*,#3398,.T.);
#4711=ORIENTED_EDGE('',*,*,#3350,.F.);
#4712=ORIENTED_EDGE('',*,*,#3391,.F.);
#4713=ORIENTED_EDGE('',*,*,#3346,.F.);
#4714=ORIENTED_EDGE('',*,*,#3397,.F.);
#4715=ORIENTED_EDGE('',*,*,#3399,.F.);
#4716=ORIENTED_EDGE('',*,*,#3392,.T.);
#4717=ORIENTED_EDGE('',*,*,#3363,.F.);
#4718=ORIENTED_EDGE('',*,*,#3398,.F.);
#4719=ORIENTED_EDGE('',*,*,#3345,.F.);
#4720=ORIENTED_EDGE('',*,*,#3400,.T.);
#4721=ORIENTED_EDGE('',*,*,#3347,.F.);
#4722=ORIENTED_EDGE('',*,*,#3400,.F.);
#4723=ORIENTED_EDGE('',*,*,#3344,.F.);
#4724=ORIENTED_EDGE('',*,*,#3390,.T.);
#4725=ORIENTED_EDGE('',*,*,#3348,.F.);
#4726=ORIENTED_EDGE('',*,*,#3359,.F.);
#4727=ORIENTED_EDGE('',*,*,#3401,.F.);
#4728=ORIENTED_EDGE('',*,*,#3367,.F.);
#4729=ORIENTED_EDGE('',*,*,#3402,.T.);
#4730=ORIENTED_EDGE('',*,*,#3360,.F.);
#4731=ORIENTED_EDGE('',*,*,#3402,.F.);
#4732=ORIENTED_EDGE('',*,*,#3370,.F.);
#4733=ORIENTED_EDGE('',*,*,#3403,.T.);
#4734=ORIENTED_EDGE('',*,*,#3361,.F.);
#4735=ORIENTED_EDGE('',*,*,#3403,.F.);
#4736=ORIENTED_EDGE('',*,*,#3369,.F.);
#4737=ORIENTED_EDGE('',*,*,#3404,.T.);
#4738=ORIENTED_EDGE('',*,*,#3331,.T.);
#4739=ORIENTED_EDGE('',*,*,#3362,.F.);
#4740=ORIENTED_EDGE('',*,*,#3404,.F.);
#4741=ORIENTED_EDGE('',*,*,#3368,.T.);
#4742=ORIENTED_EDGE('',*,*,#3401,.T.);
#4743=ORIENTED_EDGE('',*,*,#3378,.T.);
#4744=ORIENTED_EDGE('',*,*,#3357,.T.);
#4745=ORIENTED_EDGE('',*,*,#3377,.T.);
#4746=ORIENTED_EDGE('',*,*,#3405,.F.);
#4747=ORIENTED_EDGE('',*,*,#3406,.T.);
#4748=ORIENTED_EDGE('',*,*,#3051,.T.);
#4749=ORIENTED_EDGE('',*,*,#3036,.F.);
#4750=ORIENTED_EDGE('',*,*,#3407,.F.);
#4751=ORIENTED_EDGE('',*,*,#3395,.T.);
#4752=ORIENTED_EDGE('',*,*,#3365,.T.);
#4753=ORIENTED_EDGE('',*,*,#3394,.T.);
#4754=ORIENTED_EDGE('',*,*,#3408,.F.);
#4755=ORIENTED_EDGE('',*,*,#3093,.T.);
#4756=ORIENTED_EDGE('',*,*,#3088,.T.);
#4757=ORIENTED_EDGE('',*,*,#3080,.F.);
#4758=ORIENTED_EDGE('',*,*,#3409,.F.);
#4759=ORIENTED_EDGE('',*,*,#3022,.F.);
#4760=ORIENTED_EDGE('',*,*,#3026,.F.);
#4761=ORIENTED_EDGE('',*,*,#3041,.F.);
#4762=ORIENTED_EDGE('',*,*,#3316,.F.);
#4763=ORIENTED_EDGE('',*,*,#3049,.F.);
#4764=ORIENTED_EDGE('',*,*,#3052,.T.);
#4765=ORIENTED_EDGE('',*,*,#3406,.F.);
#4766=ORIENTED_EDGE('',*,*,#3410,.T.);
#4767=ORIENTED_EDGE('',*,*,#3010,.F.);
#4768=ORIENTED_EDGE('',*,*,#3102,.F.);
#4769=ORIENTED_EDGE('',*,*,#3104,.F.);
#4770=ORIENTED_EDGE('',*,*,#3105,.F.);
#4771=ORIENTED_EDGE('',*,*,#3169,.F.);
#4772=ORIENTED_EDGE('',*,*,#3046,.T.);
#4773=ORIENTED_EDGE('',*,*,#3043,.F.);
#4774=ORIENTED_EDGE('',*,*,#3317,.T.);
#4775=ORIENTED_EDGE('',*,*,#3015,.F.);
#4776=ORIENTED_EDGE('',*,*,#3019,.T.);
#4777=ORIENTED_EDGE('',*,*,#3318,.T.);
#4778=ORIENTED_EDGE('',*,*,#3411,.F.);
#4779=ORIENTED_EDGE('',*,*,#3412,.T.);
#4780=ORIENTED_EDGE('',*,*,#3413,.F.);
#4781=ORIENTED_EDGE('',*,*,#3414,.T.);
#4782=ORIENTED_EDGE('',*,*,#3411,.T.);
#4783=ORIENTED_EDGE('',*,*,#3415,.T.);
#4784=ORIENTED_EDGE('',*,*,#3416,.T.);
#4785=ORIENTED_EDGE('',*,*,#3417,.F.);
#4786=ORIENTED_EDGE('',*,*,#3418,.T.);
#4787=ORIENTED_EDGE('',*,*,#3419,.T.);
#4788=ORIENTED_EDGE('',*,*,#3414,.F.);
#4789=ORIENTED_EDGE('',*,*,#3420,.F.);
#4790=ORIENTED_EDGE('',*,*,#3421,.F.);
#4791=ORIENTED_EDGE('',*,*,#3415,.F.);
#4792=ORIENTED_EDGE('',*,*,#3422,.F.);
#4793=ORIENTED_EDGE('',*,*,#3423,.T.);
#4794=ORIENTED_EDGE('',*,*,#3416,.F.);
#4795=ORIENTED_EDGE('',*,*,#3421,.T.);
#4796=ORIENTED_EDGE('',*,*,#3413,.T.);
#4797=ORIENTED_EDGE('',*,*,#3424,.F.);
#4798=ORIENTED_EDGE('',*,*,#3425,.T.);
#4799=ORIENTED_EDGE('',*,*,#3426,.F.);
#4800=ORIENTED_EDGE('',*,*,#3422,.T.);
#4801=ORIENTED_EDGE('',*,*,#3420,.T.);
#4802=ORIENTED_EDGE('',*,*,#3425,.F.);
#4803=ORIENTED_EDGE('',*,*,#3427,.F.);
#4804=ORIENTED_EDGE('',*,*,#3428,.F.);
#4805=ORIENTED_EDGE('',*,*,#3429,.F.);
#4806=ORIENTED_EDGE('',*,*,#3412,.F.);
#4807=ORIENTED_EDGE('',*,*,#3419,.F.);
#4808=ORIENTED_EDGE('',*,*,#3430,.T.);
#4809=ORIENTED_EDGE('',*,*,#3431,.F.);
#4810=ORIENTED_EDGE('',*,*,#3427,.T.);
#4811=ORIENTED_EDGE('',*,*,#3424,.T.);
#4812=ORIENTED_EDGE('',*,*,#3423,.F.);
#4813=ORIENTED_EDGE('',*,*,#3426,.T.);
#4814=ORIENTED_EDGE('',*,*,#3429,.T.);
#4815=ORIENTED_EDGE('',*,*,#3432,.T.);
#4816=ORIENTED_EDGE('',*,*,#3433,.T.);
#4817=ORIENTED_EDGE('',*,*,#3417,.T.);
#4818=ORIENTED_EDGE('',*,*,#3434,.T.);
#4819=ORIENTED_EDGE('',*,*,#3006,.F.);
#4820=ORIENTED_EDGE('',*,*,#3002,.F.);
#4821=ORIENTED_EDGE('',*,*,#3135,.F.);
#4822=ORIENTED_EDGE('',*,*,#2993,.F.);
#4823=ORIENTED_EDGE('',*,*,#3001,.T.);
#4824=ORIENTED_EDGE('',*,*,#3435,.T.);
#4825=ORIENTED_EDGE('',*,*,#3432,.F.);
#4826=ORIENTED_EDGE('',*,*,#3428,.T.);
#4827=ORIENTED_EDGE('',*,*,#3431,.T.);
#4828=ORIENTED_EDGE('',*,*,#3436,.T.);
#4829=ORIENTED_EDGE('',*,*,#2995,.F.);
#4830=ORIENTED_EDGE('',*,*,#2991,.F.);
#4831=ORIENTED_EDGE('',*,*,#3136,.F.);
#4832=ORIENTED_EDGE('',*,*,#3004,.F.);
#4833=ORIENTED_EDGE('',*,*,#3012,.T.);
#4834=ORIENTED_EDGE('',*,*,#3383,.T.);
#4835=ORIENTED_EDGE('',*,*,#3379,.T.);
#4836=ORIENTED_EDGE('',*,*,#3407,.T.);
#4837=ORIENTED_EDGE('',*,*,#3035,.T.);
#4838=ORIENTED_EDGE('',*,*,#3007,.F.);
#4839=ORIENTED_EDGE('',*,*,#3434,.F.);
#4840=ORIENTED_EDGE('',*,*,#3430,.F.);
#4841=ORIENTED_EDGE('',*,*,#3418,.F.);
#4842=ORIENTED_EDGE('',*,*,#3433,.F.);
#4843=ORIENTED_EDGE('',*,*,#3435,.F.);
#4844=ORIENTED_EDGE('',*,*,#3000,.F.);
#4845=ORIENTED_EDGE('',*,*,#3094,.F.);
#4846=ORIENTED_EDGE('',*,*,#3408,.T.);
#4847=ORIENTED_EDGE('',*,*,#3393,.F.);
#4848=ORIENTED_EDGE('',*,*,#3399,.T.);
#4849=ORIENTED_EDGE('',*,*,#3396,.T.);
#4850=ORIENTED_EDGE('',*,*,#3409,.T.);
#4851=ORIENTED_EDGE('',*,*,#3079,.T.);
#4852=ORIENTED_EDGE('',*,*,#2996,.F.);
#4853=ORIENTED_EDGE('',*,*,#3436,.F.);
#4854=ORIENTED_EDGE('',*,*,#3011,.F.);
#4855=ORIENTED_EDGE('',*,*,#3410,.F.);
#4856=ORIENTED_EDGE('',*,*,#3405,.T.);
#4857=ORIENTED_EDGE('',*,*,#3376,.F.);
#4858=ORIENTED_EDGE('',*,*,#3190,.F.);
#4859=ORIENTED_EDGE('',*,*,#3199,.F.);
#4860=ORIENTED_EDGE('',*,*,#3191,.F.);
#4861=ORIENTED_EDGE('',*,*,#3182,.F.);
#4862=ORIENTED_EDGE('',*,*,#3186,.F.);
#4863=ORIENTED_EDGE('',*,*,#3188,.F.);
#4864=ORIENTED_EDGE('',*,*,#3208,.F.);
#4865=ORIENTED_EDGE('',*,*,#3160,.F.);
#4866=ORIENTED_EDGE('',*,*,#3162,.F.);
#4867=ORIENTED_EDGE('',*,*,#3127,.F.);
#4868=ORIENTED_EDGE('',*,*,#3251,.F.);
#4869=ORIENTED_EDGE('',*,*,#3122,.F.);
#4870=ORIENTED_EDGE('',*,*,#3329,.T.);
#4871=ORIENTED_EDGE('',*,*,#3334,.T.);
#4872=ORIENTED_EDGE('',*,*,#3437,.T.);
#4873=ORIENTED_EDGE('',*,*,#3438,.T.);
#4874=ORIENTED_EDGE('',*,*,#3439,.T.);
#4875=ORIENTED_EDGE('',*,*,#3440,.T.);
#4876=ORIENTED_EDGE('',*,*,#3439,.F.);
#4877=ORIENTED_EDGE('',*,*,#3441,.F.);
#4878=ORIENTED_EDGE('',*,*,#3442,.F.);
#4879=ORIENTED_EDGE('',*,*,#3443,.F.);
#4880=ORIENTED_EDGE('',*,*,#3444,.F.);
#4881=ORIENTED_EDGE('',*,*,#3445,.F.);
#4882=ORIENTED_EDGE('',*,*,#3446,.T.);
#4883=ORIENTED_EDGE('',*,*,#3438,.F.);
#4884=ORIENTED_EDGE('',*,*,#3447,.T.);
#4885=ORIENTED_EDGE('',*,*,#3448,.T.);
#4886=ORIENTED_EDGE('',*,*,#3441,.T.);
#4887=ORIENTED_EDGE('',*,*,#3449,.T.);
#4888=ORIENTED_EDGE('',*,*,#3450,.T.);
#4889=ORIENTED_EDGE('',*,*,#3451,.T.);
#4890=ORIENTED_EDGE('',*,*,#3452,.T.);
#4891=ORIENTED_EDGE('',*,*,#3451,.F.);
#4892=ORIENTED_EDGE('',*,*,#3453,.T.);
#4893=ORIENTED_EDGE('',*,*,#3454,.T.);
#4894=ORIENTED_EDGE('',*,*,#3455,.T.);
#4895=ORIENTED_EDGE('',*,*,#3456,.T.);
#4896=ORIENTED_EDGE('',*,*,#3457,.T.);
#4897=ORIENTED_EDGE('',*,*,#3454,.F.);
#4898=ORIENTED_EDGE('',*,*,#3458,.T.);
#4899=ORIENTED_EDGE('',*,*,#3456,.F.);
#4900=ORIENTED_EDGE('',*,*,#3459,.F.);
#4901=ORIENTED_EDGE('',*,*,#3460,.F.);
#4902=ORIENTED_EDGE('',*,*,#3461,.F.);
#4903=ORIENTED_EDGE('',*,*,#3462,.T.);
#4904=ORIENTED_EDGE('',*,*,#3463,.F.);
#4905=ORIENTED_EDGE('',*,*,#3464,.F.);
#4906=ORIENTED_EDGE('',*,*,#3458,.F.);
#4907=ORIENTED_EDGE('',*,*,#3465,.F.);
#4908=ORIENTED_EDGE('',*,*,#3466,.F.);
#4909=ORIENTED_EDGE('',*,*,#3459,.T.);
#4910=ORIENTED_EDGE('',*,*,#3453,.F.);
#4911=ORIENTED_EDGE('',*,*,#3467,.T.);
#4912=ORIENTED_EDGE('',*,*,#3468,.T.);
#4913=ORIENTED_EDGE('',*,*,#3465,.T.);
#4914=ORIENTED_EDGE('',*,*,#3450,.F.);
#4915=ORIENTED_EDGE('',*,*,#3469,.F.);
#4916=ORIENTED_EDGE('',*,*,#3470,.F.);
#4917=ORIENTED_EDGE('',*,*,#3467,.F.);
#4918=ORIENTED_EDGE('',*,*,#3471,.T.);
#4919=ORIENTED_EDGE('',*,*,#3472,.T.);
#4920=ORIENTED_EDGE('',*,*,#3473,.T.);
#4921=ORIENTED_EDGE('',*,*,#3474,.T.);
#4922=ORIENTED_EDGE('',*,*,#3473,.F.);
#4923=ORIENTED_EDGE('',*,*,#3475,.T.);
#4924=ORIENTED_EDGE('',*,*,#3476,.T.);
#4925=ORIENTED_EDGE('',*,*,#3477,.T.);
#4926=ORIENTED_EDGE('',*,*,#3478,.T.);
#4927=ORIENTED_EDGE('',*,*,#3479,.T.);
#4928=ORIENTED_EDGE('',*,*,#3476,.F.);
#4929=ORIENTED_EDGE('',*,*,#3480,.T.);
#4930=ORIENTED_EDGE('',*,*,#3478,.F.);
#4931=ORIENTED_EDGE('',*,*,#3481,.F.);
#4932=ORIENTED_EDGE('',*,*,#3482,.F.);
#4933=ORIENTED_EDGE('',*,*,#3483,.F.);
#4934=ORIENTED_EDGE('',*,*,#3484,.T.);
#4935=ORIENTED_EDGE('',*,*,#3485,.F.);
#4936=ORIENTED_EDGE('',*,*,#3486,.F.);
#4937=ORIENTED_EDGE('',*,*,#3480,.F.);
#4938=ORIENTED_EDGE('',*,*,#3487,.F.);
#4939=ORIENTED_EDGE('',*,*,#3488,.F.);
#4940=ORIENTED_EDGE('',*,*,#3481,.T.);
#4941=ORIENTED_EDGE('',*,*,#3475,.F.);
#4942=ORIENTED_EDGE('',*,*,#3489,.T.);
#4943=ORIENTED_EDGE('',*,*,#3490,.T.);
#4944=ORIENTED_EDGE('',*,*,#3487,.T.);
#4945=ORIENTED_EDGE('',*,*,#3472,.F.);
#4946=ORIENTED_EDGE('',*,*,#3491,.F.);
#4947=ORIENTED_EDGE('',*,*,#3492,.F.);
#4948=ORIENTED_EDGE('',*,*,#3489,.F.);
#4949=ORIENTED_EDGE('',*,*,#3437,.F.);
#4950=ORIENTED_EDGE('',*,*,#3493,.F.);
#4951=ORIENTED_EDGE('',*,*,#3494,.F.);
#4952=ORIENTED_EDGE('',*,*,#3495,.F.);
#4953=ORIENTED_EDGE('',*,*,#3496,.T.);
#4954=ORIENTED_EDGE('',*,*,#3497,.F.);
#4955=ORIENTED_EDGE('',*,*,#3447,.F.);
#4956=ORIENTED_EDGE('',*,*,#3440,.F.);
#4957=ORIENTED_EDGE('',*,*,#3446,.F.);
#4958=ORIENTED_EDGE('',*,*,#3498,.F.);
#4959=ORIENTED_EDGE('',*,*,#3493,.T.);
#4960=ORIENTED_EDGE('',*,*,#3452,.F.);
#4961=ORIENTED_EDGE('',*,*,#3499,.T.);
#4962=ORIENTED_EDGE('',*,*,#3500,.T.);
#4963=ORIENTED_EDGE('',*,*,#3501,.T.);
#4964=ORIENTED_EDGE('',*,*,#3455,.F.);
#4965=ORIENTED_EDGE('',*,*,#3502,.T.);
#4966=ORIENTED_EDGE('',*,*,#3503,.T.);
#4967=ORIENTED_EDGE('',*,*,#3499,.F.);
#4968=ORIENTED_EDGE('',*,*,#3457,.F.);
#4969=ORIENTED_EDGE('',*,*,#3464,.T.);
#4970=ORIENTED_EDGE('',*,*,#3504,.T.);
#4971=ORIENTED_EDGE('',*,*,#3502,.F.);
#4972=ORIENTED_EDGE('',*,*,#3479,.F.);
#4973=ORIENTED_EDGE('',*,*,#3486,.T.);
#4974=ORIENTED_EDGE('',*,*,#3505,.T.);
#4975=ORIENTED_EDGE('',*,*,#3506,.T.);
#4976=ORIENTED_EDGE('',*,*,#3477,.F.);
#4977=ORIENTED_EDGE('',*,*,#3506,.F.);
#4978=ORIENTED_EDGE('',*,*,#3507,.T.);
#4979=ORIENTED_EDGE('',*,*,#3508,.T.);
#4980=ORIENTED_EDGE('',*,*,#3474,.F.);
#4981=ORIENTED_EDGE('',*,*,#3508,.F.);
#4982=ORIENTED_EDGE('',*,*,#3509,.T.);
#4983=ORIENTED_EDGE('',*,*,#3510,.T.);
#4984=ORIENTED_EDGE('',*,*,#3509,.F.);
#4985=ORIENTED_EDGE('',*,*,#3507,.F.);
#4986=ORIENTED_EDGE('',*,*,#3505,.F.);
#4987=ORIENTED_EDGE('',*,*,#3485,.T.);
#4988=ORIENTED_EDGE('',*,*,#3511,.T.);
#4989=ORIENTED_EDGE('',*,*,#3512,.F.);
#4990=ORIENTED_EDGE('',*,*,#3513,.T.);
#4991=ORIENTED_EDGE('',*,*,#3514,.T.);
#4992=ORIENTED_EDGE('',*,*,#3515,.F.);
#4993=ORIENTED_EDGE('',*,*,#3516,.T.);
#4994=ORIENTED_EDGE('',*,*,#3517,.F.);
#4995=ORIENTED_EDGE('',*,*,#3518,.F.);
#4996=ORIENTED_EDGE('',*,*,#3519,.F.);
#4997=ORIENTED_EDGE('',*,*,#3518,.T.);
#4998=ORIENTED_EDGE('',*,*,#3520,.F.);
#4999=ORIENTED_EDGE('',*,*,#3521,.F.);
#5000=ORIENTED_EDGE('',*,*,#3522,.F.);
#5001=ORIENTED_EDGE('',*,*,#3521,.T.);
#5002=ORIENTED_EDGE('',*,*,#3523,.F.);
#5003=ORIENTED_EDGE('',*,*,#3524,.F.);
#5004=ORIENTED_EDGE('',*,*,#3525,.F.);
#5005=ORIENTED_EDGE('',*,*,#3524,.T.);
#5006=ORIENTED_EDGE('',*,*,#3526,.F.);
#5007=ORIENTED_EDGE('',*,*,#3527,.F.);
#5008=ORIENTED_EDGE('',*,*,#3528,.F.);
#5009=ORIENTED_EDGE('',*,*,#3527,.T.);
#5010=ORIENTED_EDGE('',*,*,#3529,.F.);
#5011=ORIENTED_EDGE('',*,*,#3530,.F.);
#5012=ORIENTED_EDGE('',*,*,#3531,.F.);
#5013=ORIENTED_EDGE('',*,*,#3530,.T.);
#5014=ORIENTED_EDGE('',*,*,#3532,.F.);
#5015=ORIENTED_EDGE('',*,*,#3516,.F.);
#5016=ORIENTED_EDGE('',*,*,#3533,.T.);
#5017=ORIENTED_EDGE('',*,*,#3534,.T.);
#5018=ORIENTED_EDGE('',*,*,#3535,.T.);
#5019=ORIENTED_EDGE('',*,*,#3536,.T.);
#5020=ORIENTED_EDGE('',*,*,#3537,.T.);
#5021=ORIENTED_EDGE('',*,*,#3538,.T.);
#5022=ORIENTED_EDGE('',*,*,#3532,.T.);
#5023=ORIENTED_EDGE('',*,*,#3529,.T.);
#5024=ORIENTED_EDGE('',*,*,#3526,.T.);
#5025=ORIENTED_EDGE('',*,*,#3523,.T.);
#5026=ORIENTED_EDGE('',*,*,#3520,.T.);
#5027=ORIENTED_EDGE('',*,*,#3517,.T.);
#5028=ORIENTED_EDGE('',*,*,#3539,.T.);
#5029=ORIENTED_EDGE('',*,*,#3540,.T.);
#5030=ORIENTED_EDGE('',*,*,#3541,.T.);
#5031=ORIENTED_EDGE('',*,*,#3542,.T.);
#5032=ORIENTED_EDGE('',*,*,#3539,.F.);
#5033=ORIENTED_EDGE('',*,*,#3543,.T.);
#5034=ORIENTED_EDGE('',*,*,#3544,.T.);
#5035=ORIENTED_EDGE('',*,*,#3542,.F.);
#5036=ORIENTED_EDGE('',*,*,#3545,.F.);
#5037=ORIENTED_EDGE('',*,*,#3462,.F.);
#5038=ORIENTED_EDGE('',*,*,#3546,.F.);
#5039=ORIENTED_EDGE('',*,*,#3547,.T.);
#5040=ORIENTED_EDGE('',*,*,#3548,.T.);
#5041=ORIENTED_EDGE('',*,*,#3512,.T.);
#5042=ORIENTED_EDGE('',*,*,#3549,.T.);
#5043=ORIENTED_EDGE('',*,*,#3547,.F.);
#5044=ORIENTED_EDGE('',*,*,#3550,.T.);
#5045=ORIENTED_EDGE('',*,*,#3551,.T.);
#5046=ORIENTED_EDGE('',*,*,#3549,.F.);
#5047=ORIENTED_EDGE('',*,*,#3511,.F.);
#5048=ORIENTED_EDGE('',*,*,#3484,.F.);
#5049=ORIENTED_EDGE('',*,*,#3552,.F.);
#5050=ORIENTED_EDGE('',*,*,#3551,.F.);
#5051=ORIENTED_EDGE('',*,*,#3553,.T.);
#5052=ORIENTED_EDGE('',*,*,#3554,.T.);
#5053=ORIENTED_EDGE('',*,*,#3555,.T.);
#5054=ORIENTED_EDGE('',*,*,#3550,.F.);
#5055=ORIENTED_EDGE('',*,*,#3552,.T.);
#5056=ORIENTED_EDGE('',*,*,#3483,.T.);
#5057=ORIENTED_EDGE('',*,*,#3556,.T.);
#5058=ORIENTED_EDGE('',*,*,#3557,.F.);
#5059=ORIENTED_EDGE('',*,*,#3558,.T.);
#5060=ORIENTED_EDGE('',*,*,#3559,.F.);
#5061=ORIENTED_EDGE('',*,*,#3560,.T.);
#5062=ORIENTED_EDGE('',*,*,#3561,.T.);
#5063=ORIENTED_EDGE('',*,*,#3562,.T.);
#5064=ORIENTED_EDGE('',*,*,#3494,.T.);
#5065=ORIENTED_EDGE('',*,*,#3498,.T.);
#5066=ORIENTED_EDGE('',*,*,#3445,.T.);
#5067=ORIENTED_EDGE('',*,*,#3563,.F.);
#5068=ORIENTED_EDGE('',*,*,#3564,.T.);
#5069=ORIENTED_EDGE('',*,*,#3553,.F.);
#5070=ORIENTED_EDGE('',*,*,#3556,.F.);
#5071=ORIENTED_EDGE('',*,*,#3482,.T.);
#5072=ORIENTED_EDGE('',*,*,#3488,.T.);
#5073=ORIENTED_EDGE('',*,*,#3490,.F.);
#5074=ORIENTED_EDGE('',*,*,#3492,.T.);
#5075=ORIENTED_EDGE('',*,*,#3565,.T.);
#5076=ORIENTED_EDGE('',*,*,#3566,.F.);
#5077=ORIENTED_EDGE('',*,*,#3567,.F.);
#5078=ORIENTED_EDGE('',*,*,#3460,.T.);
#5079=ORIENTED_EDGE('',*,*,#3466,.T.);
#5080=ORIENTED_EDGE('',*,*,#3468,.F.);
#5081=ORIENTED_EDGE('',*,*,#3470,.T.);
#5082=ORIENTED_EDGE('',*,*,#3544,.F.);
#5083=ORIENTED_EDGE('',*,*,#3566,.T.);
#5084=ORIENTED_EDGE('',*,*,#3568,.T.);
#5085=ORIENTED_EDGE('',*,*,#3569,.T.);
#5086=ORIENTED_EDGE('',*,*,#3543,.F.);
#5087=ORIENTED_EDGE('',*,*,#3546,.T.);
#5088=ORIENTED_EDGE('',*,*,#3461,.T.);
#5089=ORIENTED_EDGE('',*,*,#3567,.T.);
#5090=ORIENTED_EDGE('',*,*,#3444,.T.);
#5091=ORIENTED_EDGE('',*,*,#3570,.T.);
#5092=ORIENTED_EDGE('',*,*,#3495,.T.);
#5093=ORIENTED_EDGE('',*,*,#3563,.T.);
#5094=ORIENTED_EDGE('',*,*,#3570,.F.);
#5095=ORIENTED_EDGE('',*,*,#3443,.T.);
#5096=ORIENTED_EDGE('',*,*,#3571,.F.);
#5097=ORIENTED_EDGE('',*,*,#3496,.F.);
#5098=ORIENTED_EDGE('',*,*,#3471,.F.);
#5099=ORIENTED_EDGE('',*,*,#3510,.F.);
#5100=ORIENTED_EDGE('',*,*,#3514,.F.);
#5101=ORIENTED_EDGE('',*,*,#3572,.F.);
#5102=ORIENTED_EDGE('',*,*,#3554,.F.);
#5103=ORIENTED_EDGE('',*,*,#3564,.F.);
#5104=ORIENTED_EDGE('',*,*,#3491,.T.);
#5105=ORIENTED_EDGE('',*,*,#3548,.F.);
#5106=ORIENTED_EDGE('',*,*,#3555,.F.);
#5107=ORIENTED_EDGE('',*,*,#3572,.T.);
#5108=ORIENTED_EDGE('',*,*,#3513,.F.);
#5109=ORIENTED_EDGE('',*,*,#3449,.F.);
#5110=ORIENTED_EDGE('',*,*,#3501,.F.);
#5111=ORIENTED_EDGE('',*,*,#3573,.F.);
#5112=ORIENTED_EDGE('',*,*,#3574,.F.);
#5113=ORIENTED_EDGE('',*,*,#3568,.F.);
#5114=ORIENTED_EDGE('',*,*,#3565,.F.);
#5115=ORIENTED_EDGE('',*,*,#3469,.T.);
#5116=ORIENTED_EDGE('',*,*,#3540,.F.);
#5117=ORIENTED_EDGE('',*,*,#3569,.F.);
#5118=ORIENTED_EDGE('',*,*,#3574,.T.);
#5119=ORIENTED_EDGE('',*,*,#3575,.F.);
#5120=ORIENTED_EDGE('',*,*,#3504,.F.);
#5121=ORIENTED_EDGE('',*,*,#3463,.T.);
#5122=ORIENTED_EDGE('',*,*,#3545,.T.);
#5123=ORIENTED_EDGE('',*,*,#3541,.F.);
#5124=ORIENTED_EDGE('',*,*,#3575,.T.);
#5125=ORIENTED_EDGE('',*,*,#3573,.T.);
#5126=ORIENTED_EDGE('',*,*,#3500,.F.);
#5127=ORIENTED_EDGE('',*,*,#3503,.F.);
#5128=ORIENTED_EDGE('',*,*,#3448,.F.);
#5129=ORIENTED_EDGE('',*,*,#3497,.T.);
#5130=ORIENTED_EDGE('',*,*,#3571,.T.);
#5131=ORIENTED_EDGE('',*,*,#3442,.T.);
#5132=ORIENTED_EDGE('',*,*,#3558,.F.);
#5133=ORIENTED_EDGE('',*,*,#3576,.T.);
#5134=ORIENTED_EDGE('',*,*,#3536,.F.);
#5135=ORIENTED_EDGE('',*,*,#3577,.F.);
#5136=ORIENTED_EDGE('',*,*,#3559,.T.);
#5137=ORIENTED_EDGE('',*,*,#3577,.T.);
#5138=ORIENTED_EDGE('',*,*,#3535,.F.);
#5139=ORIENTED_EDGE('',*,*,#3578,.F.);
#5140=ORIENTED_EDGE('',*,*,#3560,.F.);
#5141=ORIENTED_EDGE('',*,*,#3578,.T.);
#5142=ORIENTED_EDGE('',*,*,#3534,.F.);
#5143=ORIENTED_EDGE('',*,*,#3579,.F.);
#5144=ORIENTED_EDGE('',*,*,#3561,.F.);
#5145=ORIENTED_EDGE('',*,*,#3579,.T.);
#5146=ORIENTED_EDGE('',*,*,#3533,.F.);
#5147=ORIENTED_EDGE('',*,*,#3580,.F.);
#5148=ORIENTED_EDGE('',*,*,#3562,.F.);
#5149=ORIENTED_EDGE('',*,*,#3580,.T.);
#5150=ORIENTED_EDGE('',*,*,#3538,.F.);
#5151=ORIENTED_EDGE('',*,*,#3581,.F.);
#5152=ORIENTED_EDGE('',*,*,#3557,.T.);
#5153=ORIENTED_EDGE('',*,*,#3581,.T.);
#5154=ORIENTED_EDGE('',*,*,#3537,.F.);
#5155=ORIENTED_EDGE('',*,*,#3576,.F.);
#5156=ORIENTED_EDGE('',*,*,#3515,.T.);
#5157=ORIENTED_EDGE('',*,*,#3519,.T.);
#5158=ORIENTED_EDGE('',*,*,#3522,.T.);
#5159=ORIENTED_EDGE('',*,*,#3525,.T.);
#5160=ORIENTED_EDGE('',*,*,#3528,.T.);
#5161=ORIENTED_EDGE('',*,*,#3531,.T.);
#5162=B_SPLINE_SURFACE_WITH_KNOTS('',3,1,((#7403,#7404),(#7405,#7406),(#7407,
#7408),(#7409,#7410),(#7411,#7412)),.UNSPECIFIED.,.F.,.F.,.F.,(4,1,4),(2,
2),(0.,0.099441986059517,0.189500760360091),(0.,0.0499999999999998),
 .UNSPECIFIED.);
#5163=B_SPLINE_SURFACE_WITH_KNOTS('',3,1,((#7429,#7430),(#7431,#7432),(#7433,
#7434),(#7435,#7436),(#7437,#7438)),.UNSPECIFIED.,.F.,.F.,.F.,(4,1,4),(2,
2),(0.,0.290363682401939,0.456611975531265),(0.,0.0499999999999998),
 .UNSPECIFIED.);
#5164=B_SPLINE_SURFACE_WITH_KNOTS('',3,1,((#7452,#7453),(#7454,#7455),(#7456,
#7457),(#7458,#7459),(#7460,#7461)),.UNSPECIFIED.,.F.,.F.,.F.,(4,1,4),(2,
2),(0.,0.208470934884286,0.512721877266642),(0.,0.0499999999999998),
 .UNSPECIFIED.);
#5165=B_SPLINE_SURFACE_WITH_KNOTS('',3,1,((#7475,#7476),(#7477,#7478),(#7479,
#7480),(#7481,#7482),(#7483,#7484)),.UNSPECIFIED.,.F.,.F.,.F.,(4,1,4),(2,
2),(0.,0.200132481089096,0.428162700138822),(0.,0.0499999999999998),
 .UNSPECIFIED.);
#5166=B_SPLINE_SURFACE_WITH_KNOTS('',3,1,((#7498,#7499),(#7500,#7501),(#7502,
#7503),(#7504,#7505),(#7506,#7507)),.UNSPECIFIED.,.F.,.F.,.F.,(4,1,4),(2,
2),(0.,0.18951509386407,0.376341543684752),(0.,0.0499999999999998),
 .UNSPECIFIED.);
#5167=B_SPLINE_SURFACE_WITH_KNOTS('',3,1,((#7521,#7522),(#7523,#7524),(#7525,
#7526),(#7527,#7528),(#7529,#7530)),.UNSPECIFIED.,.F.,.F.,.F.,(4,1,4),(2,
2),(0.,0.314177398161069,0.63200948702183),(0.,0.0499999999999998),
 .UNSPECIFIED.);
#5168=B_SPLINE_SURFACE_WITH_KNOTS('',3,1,((#7544,#7545),(#7546,#7547),(#7548,
#7549),(#7550,#7551),(#7552,#7553)),.UNSPECIFIED.,.F.,.F.,.F.,(4,1,4),(2,
2),(0.,0.382705985061897,0.717498188143727),(0.,0.0499999999999998),
 .UNSPECIFIED.);
#5169=B_SPLINE_SURFACE_WITH_KNOTS('',3,1,((#7567,#7568),(#7569,#7570),(#7571,
#7572),(#7573,#7574),(#7575,#7576)),.UNSPECIFIED.,.F.,.F.,.F.,(4,1,4),(2,
2),(0.,0.325594270687637,0.683500430070163),(0.,0.0499999999999998),
 .UNSPECIFIED.);
#5170=B_SPLINE_SURFACE_WITH_KNOTS('',3,1,((#7590,#7591),(#7592,#7593),(#7594,
#7595),(#7596,#7597),(#7598,#7599)),.UNSPECIFIED.,.F.,.F.,.F.,(4,1,4),(2,
2),(0.,0.402071666383553,0.734485422389355),(0.,0.0499999999999998),
 .UNSPECIFIED.);
#5171=B_SPLINE_SURFACE_WITH_KNOTS('',3,1,((#7619,#7620),(#7621,#7622),(#7623,
#7624),(#7625,#7626),(#7627,#7628)),.UNSPECIFIED.,.F.,.F.,.F.,(4,1,4),(2,
2),(0.,0.15928749225218,0.368657117445552),(0.,0.0499999999999998),
 .UNSPECIFIED.);
#5172=B_SPLINE_SURFACE_WITH_KNOTS('',3,1,((#7642,#7643),(#7644,#7645),(#7646,
#7647),(#7648,#7649),(#7650,#7651)),.UNSPECIFIED.,.F.,.F.,.F.,(4,1,4),(2,
2),(0.,0.156452048319803,0.2986559463805),(0.,0.0499999999999998),
 .UNSPECIFIED.);
#5173=B_SPLINE_SURFACE_WITH_KNOTS('',3,1,((#7665,#7666),(#7667,#7668),(#7669,
#7670),(#7671,#7672),(#7673,#7674)),.UNSPECIFIED.,.F.,.F.,.F.,(4,1,4),(2,
2),(0.,0.138789167632287,0.295767223012364),(0.,0.0499999999999998),
 .UNSPECIFIED.);
#5174=B_SPLINE_SURFACE_WITH_KNOTS('',3,1,((#7688,#7689),(#7690,#7691),(#7692,
#7693),(#7694,#7695),(#7696,#7697)),.UNSPECIFIED.,.F.,.F.,.F.,(4,1,4),(2,
2),(0.,0.164215379965309,0.305076269495653),(0.,0.0499999999999998),
 .UNSPECIFIED.);
#5175=B_SPLINE_SURFACE_WITH_KNOTS('',3,1,((#7711,#7712),(#7713,#7714),(#7715,
#7716),(#7717,#7718),(#7719,#7720)),.UNSPECIFIED.,.F.,.F.,.F.,(4,1,4),(2,
2),(0.,0.189105471937228,0.358482066501331),(0.,0.0499999999999998),
 .UNSPECIFIED.);
#5176=B_SPLINE_SURFACE_WITH_KNOTS('',3,1,((#7734,#7735),(#7736,#7737),(#7738,
#7739),(#7740,#7741),(#7742,#7743)),.UNSPECIFIED.,.F.,.F.,.F.,(4,1,4),(2,
2),(0.,0.416788878002153,0.65385281918698),(0.,0.0499999999999998),
 .UNSPECIFIED.);
#5177=B_SPLINE_SURFACE_WITH_KNOTS('',3,1,((#7757,#7758),(#7759,#7760),(#7761,
#7762),(#7763,#7764),(#7765,#7766)),.UNSPECIFIED.,.F.,.F.,.F.,(4,1,4),(2,
2),(0.,0.380310680601333,0.924969592514175),(0.,0.0499999999999998),
 .UNSPECIFIED.);
#5178=B_SPLINE_SURFACE_WITH_KNOTS('',3,1,((#7780,#7781),(#7782,#7783),(#7784,
#7785),(#7786,#7787),(#7788,#7789)),.UNSPECIFIED.,.F.,.F.,.F.,(4,1,4),(2,
2),(0.,0.288349096073158,0.58257906767343),(0.,0.0499999999999998),
 .UNSPECIFIED.);
#5179=B_SPLINE_SURFACE_WITH_KNOTS('',3,3,((#7950,#7951,#7952,#7953,#7954),
(#7955,#7956,#7957,#7958,#7959),(#7960,#7961,#7962,#7963,#7964),(#7965,
#7966,#7967,#7968,#7969)),.UNSPECIFIED.,.F.,.F.,.F.,(4,4),(4,1,4),(0.,1.),
(2.66729281423935E-16,0.152115334629934,0.354935780803179),
 .UNSPECIFIED.);
#5180=ADVANCED_FACE('',(#531),#5162,.F.);
#5181=ADVANCED_FACE('',(#532),#5163,.F.);
#5182=ADVANCED_FACE('',(#533),#5164,.F.);
#5183=ADVANCED_FACE('',(#534),#5165,.F.);
#5184=ADVANCED_FACE('',(#535),#5166,.F.);
#5185=ADVANCED_FACE('',(#536),#5167,.F.);
#5186=ADVANCED_FACE('',(#537),#5168,.F.);
#5187=ADVANCED_FACE('',(#538),#5169,.F.);
#5188=ADVANCED_FACE('',(#539),#5170,.F.);
#5189=ADVANCED_FACE('',(#540),#371,.F.);
#5190=ADVANCED_FACE('',(#541),#5171,.F.);
#5191=ADVANCED_FACE('',(#542),#5172,.F.);
#5192=ADVANCED_FACE('',(#543),#5173,.F.);
#5193=ADVANCED_FACE('',(#544),#5174,.F.);
#5194=ADVANCED_FACE('',(#545),#5175,.F.);
#5195=ADVANCED_FACE('',(#546),#5176,.F.);
#5196=ADVANCED_FACE('',(#547),#5177,.F.);
#5197=ADVANCED_FACE('',(#548),#5178,.F.);
#5198=ADVANCED_FACE('',(#549),#372,.F.);
#5199=ADVANCED_FACE('',(#550),#373,.F.);
#5200=ADVANCED_FACE('',(#551),#374,.F.);
#5201=ADVANCED_FACE('',(#552),#375,.T.);
#5202=ADVANCED_FACE('',(#553),#281,.F.);
#5203=ADVANCED_FACE('',(#554),#376,.F.);
#5204=ADVANCED_FACE('',(#555),#282,.F.);
#5205=ADVANCED_FACE('',(#556),#377,.F.);
#5206=ADVANCED_FACE('',(#557),#283,.F.);
#5207=ADVANCED_FACE('',(#558),#378,.F.);
#5208=ADVANCED_FACE('',(#559),#284,.F.);
#5209=ADVANCED_FACE('',(#560),#379,.F.);
#5210=ADVANCED_FACE('',(#561),#285,.F.);
#5211=ADVANCED_FACE('',(#562),#286,.F.);
#5212=ADVANCED_FACE('',(#563),#287,.F.);
#5213=ADVANCED_FACE('',(#564),#288,.F.);
#5214=ADVANCED_FACE('',(#565),#380,.F.);
#5215=ADVANCED_FACE('',(#566),#381,.F.);
#5216=ADVANCED_FACE('',(#567),#289,.F.);
#5217=ADVANCED_FACE('',(#568),#382,.F.);
#5218=ADVANCED_FACE('',(#569),#290,.F.);
#5219=ADVANCED_FACE('',(#570),#383,.F.);
#5220=ADVANCED_FACE('',(#571),#291,.F.);
#5221=ADVANCED_FACE('',(#572),#292,.F.);
#5222=ADVANCED_FACE('',(#573),#79,.F.);
#5223=ADVANCED_FACE('',(#574),#5179,.T.);
#5224=ADVANCED_FACE('',(#575,#32,#33,#34),#384,.F.);
#5225=ADVANCED_FACE('',(#576),#26,.T.);
#5226=ADVANCED_FACE('',(#577),#80,.F.);
#5227=ADVANCED_FACE('',(#578),#27,.T.);
#5228=ADVANCED_FACE('',(#579),#385,.T.);
#5229=ADVANCED_FACE('',(#580),#386,.T.);
#5230=ADVANCED_FACE('',(#581),#293,.F.);
#5231=ADVANCED_FACE('',(#582,#35),#387,.F.);
#5232=ADVANCED_FACE('',(#583),#294,.F.);
#5233=ADVANCED_FACE('',(#584),#295,.F.);
#5234=ADVANCED_FACE('',(#585),#296,.F.);
#5235=ADVANCED_FACE('',(#586),#297,.F.);
#5236=ADVANCED_FACE('',(#587),#298,.F.);
#5237=ADVANCED_FACE('',(#588),#299,.F.);
#5238=ADVANCED_FACE('',(#589),#388,.T.);
#5239=ADVANCED_FACE('',(#590),#300,.F.);
#5240=ADVANCED_FACE('',(#591),#389,.T.);
#5241=ADVANCED_FACE('',(#592),#301,.F.);
#5242=ADVANCED_FACE('',(#593),#390,.F.);
#5243=ADVANCED_FACE('',(#594),#302,.T.);
#5244=ADVANCED_FACE('',(#595),#391,.T.);
#5245=ADVANCED_FACE('',(#596),#392,.T.);
#5246=ADVANCED_FACE('',(#597),#303,.T.);
#5247=ADVANCED_FACE('',(#598),#304,.F.);
#5248=ADVANCED_FACE('',(#599),#393,.T.);
#5249=ADVANCED_FACE('',(#600),#305,.F.);
#5250=ADVANCED_FACE('',(#601),#394,.T.);
#5251=ADVANCED_FACE('',(#602),#306,.F.);
#5252=ADVANCED_FACE('',(#603),#395,.F.);
#5253=ADVANCED_FACE('',(#604),#307,.F.);
#5254=ADVANCED_FACE('',(#605),#396,.F.);
#5255=ADVANCED_FACE('',(#606),#308,.T.);
#5256=ADVANCED_FACE('',(#607),#397,.T.);
#5257=ADVANCED_FACE('',(#608),#398,.T.);
#5258=ADVANCED_FACE('',(#609),#309,.F.);
#5259=ADVANCED_FACE('',(#610),#399,.T.);
#5260=ADVANCED_FACE('',(#611),#310,.T.);
#5261=ADVANCED_FACE('',(#612),#400,.T.);
#5262=ADVANCED_FACE('',(#613),#311,.F.);
#5263=ADVANCED_FACE('',(#614),#401,.F.);
#5264=ADVANCED_FACE('',(#615),#312,.F.);
#5265=ADVANCED_FACE('',(#616),#313,.F.);
#5266=ADVANCED_FACE('',(#617),#402,.F.);
#5267=ADVANCED_FACE('',(#618),#314,.F.);
#5268=ADVANCED_FACE('',(#619),#21,.F.);
#5269=ADVANCED_FACE('',(#620),#315,.F.);
#5270=ADVANCED_FACE('',(#621),#22,.F.);
#5271=ADVANCED_FACE('',(#622),#316,.F.);
#5272=ADVANCED_FACE('',(#623),#317,.F.);
#5273=ADVANCED_FACE('',(#624),#318,.F.);
#5274=ADVANCED_FACE('',(#625),#319,.F.);
#5275=ADVANCED_FACE('',(#626,#36,#37),#403,.T.);
#5276=ADVANCED_FACE('',(#627,#38,#39,#40),#404,.T.);
#5277=ADVANCED_FACE('',(#628,#41,#42,#43,#44),#405,.T.);
#5278=ADVANCED_FACE('',(#629),#320,.T.);
#5279=ADVANCED_FACE('',(#630),#28,.F.);
#5280=ADVANCED_FACE('',(#631),#321,.T.);
#5281=ADVANCED_FACE('',(#632),#29,.F.);
#5282=ADVANCED_FACE('',(#633),#322,.T.);
#5283=ADVANCED_FACE('',(#634,#45,#46),#406,.T.);
#5284=ADVANCED_FACE('',(#635),#323,.T.);
#5285=ADVANCED_FACE('',(#636,#47,#48,#49),#407,.T.);
#5286=ADVANCED_FACE('',(#637),#324,.T.);
#5287=ADVANCED_FACE('',(#638,#50,#51,#52,#53),#408,.T.);
#5288=ADVANCED_FACE('',(#639,#54,#55),#409,.T.);
#5289=ADVANCED_FACE('',(#640),#410,.T.);
#5290=ADVANCED_FACE('',(#641),#411,.T.);
#5291=ADVANCED_FACE('',(#642,#56,#57,#58,#59),#412,.T.);
#5292=ADVANCED_FACE('',(#643),#413,.T.);
#5293=ADVANCED_FACE('',(#644),#414,.T.);
#5294=ADVANCED_FACE('',(#645),#415,.T.);
#5295=ADVANCED_FACE('',(#646),#416,.T.);
#5296=ADVANCED_FACE('',(#647),#417,.T.);
#5297=ADVANCED_FACE('',(#648),#418,.T.);
#5298=ADVANCED_FACE('',(#649),#419,.T.);
#5299=ADVANCED_FACE('',(#650),#420,.T.);
#5300=ADVANCED_FACE('',(#651),#421,.T.);
#5301=ADVANCED_FACE('',(#652,#60,#61,#62,#63),#422,.T.);
#5302=ADVANCED_FACE('',(#653),#423,.T.);
#5303=ADVANCED_FACE('',(#654),#424,.T.);
#5304=ADVANCED_FACE('',(#655),#425,.T.);
#5305=ADVANCED_FACE('',(#656),#426,.T.);
#5306=ADVANCED_FACE('',(#657),#427,.T.);
#5307=ADVANCED_FACE('',(#658),#428,.T.);
#5308=ADVANCED_FACE('',(#659),#429,.T.);
#5309=ADVANCED_FACE('',(#660),#325,.T.);
#5310=ADVANCED_FACE('',(#661),#326,.F.);
#5311=ADVANCED_FACE('',(#662),#327,.T.);
#5312=ADVANCED_FACE('',(#663),#430,.T.);
#5313=ADVANCED_FACE('',(#664),#328,.T.);
#5314=ADVANCED_FACE('',(#665),#329,.F.);
#5315=ADVANCED_FACE('',(#666),#330,.T.);
#5316=ADVANCED_FACE('',(#667),#431,.T.);
#5317=ADVANCED_FACE('',(#668),#331,.T.);
#5318=ADVANCED_FACE('',(#669),#332,.F.);
#5319=ADVANCED_FACE('',(#670),#333,.T.);
#5320=ADVANCED_FACE('',(#671),#432,.T.);
#5321=ADVANCED_FACE('',(#672),#334,.T.);
#5322=ADVANCED_FACE('',(#673),#335,.F.);
#5323=ADVANCED_FACE('',(#674),#336,.T.);
#5324=ADVANCED_FACE('',(#675),#337,.F.);
#5325=ADVANCED_FACE('',(#676),#338,.F.);
#5326=ADVANCED_FACE('',(#677),#339,.F.);
#5327=ADVANCED_FACE('',(#678),#340,.T.);
#5328=ADVANCED_FACE('',(#679),#341,.T.);
#5329=ADVANCED_FACE('',(#680),#81,.T.);
#5330=ADVANCED_FACE('',(#681),#342,.F.);
#5331=ADVANCED_FACE('',(#682),#433,.F.);
#5332=ADVANCED_FACE('',(#683),#434,.T.);
#5333=ADVANCED_FACE('',(#684),#435,.F.);
#5334=ADVANCED_FACE('',(#685),#436,.F.);
#5335=ADVANCED_FACE('',(#686),#437,.F.);
#5336=ADVANCED_FACE('',(#687),#438,.F.);
#5337=ADVANCED_FACE('',(#688),#439,.F.);
#5338=ADVANCED_FACE('',(#689),#440,.F.);
#5339=ADVANCED_FACE('',(#690),#441,.F.);
#5340=ADVANCED_FACE('',(#691),#442,.F.);
#5341=ADVANCED_FACE('',(#692),#343,.F.);
#5342=ADVANCED_FACE('',(#693),#443,.F.);
#5343=ADVANCED_FACE('',(#694),#344,.F.);
#5344=ADVANCED_FACE('',(#695),#345,.F.);
#5345=ADVANCED_FACE('',(#696),#346,.F.);
#5346=ADVANCED_FACE('',(#697),#444,.F.);
#5347=ADVANCED_FACE('',(#698),#445,.T.);
#5348=ADVANCED_FACE('',(#699),#446,.T.);
#5349=ADVANCED_FACE('',(#700),#447,.F.);
#5350=ADVANCED_FACE('',(#701),#448,.T.);
#5351=ADVANCED_FACE('',(#702),#449,.T.);
#5352=ADVANCED_FACE('',(#703),#450,.T.);
#5353=ADVANCED_FACE('',(#704),#82,.F.);
#5354=ADVANCED_FACE('',(#705),#83,.F.);
#5355=ADVANCED_FACE('',(#706,#64),#451,.T.);
#5356=ADVANCED_FACE('',(#707),#347,.F.);
#5357=ADVANCED_FACE('',(#708,#65),#452,.T.);
#5358=ADVANCED_FACE('',(#709),#348,.F.);
#5359=ADVANCED_FACE('',(#710,#66),#453,.T.);
#5360=ADVANCED_FACE('',(#711),#349,.F.);
#5361=ADVANCED_FACE('',(#712),#350,.F.);
#5362=ADVANCED_FACE('',(#713),#454,.F.);
#5363=ADVANCED_FACE('',(#714),#455,.F.);
#5364=ADVANCED_FACE('',(#715),#456,.F.);
#5365=ADVANCED_FACE('',(#716),#457,.F.);
#5366=ADVANCED_FACE('',(#717),#458,.F.);
#5367=ADVANCED_FACE('',(#718),#459,.F.);
#5368=ADVANCED_FACE('',(#719),#460,.F.);
#5369=ADVANCED_FACE('',(#720),#461,.F.);
#5370=ADVANCED_FACE('',(#721),#462,.T.);
#5371=ADVANCED_FACE('',(#722),#463,.T.);
#5372=ADVANCED_FACE('',(#723),#464,.F.);
#5373=ADVANCED_FACE('',(#724),#465,.F.);
#5374=ADVANCED_FACE('',(#725,#67),#466,.F.);
#5375=ADVANCED_FACE('',(#726),#467,.F.);
#5376=ADVANCED_FACE('',(#727,#68),#468,.F.);
#5377=ADVANCED_FACE('',(#728),#469,.F.);
#5378=ADVANCED_FACE('',(#729,#69),#470,.F.);
#5379=ADVANCED_FACE('',(#730),#471,.F.);
#5380=ADVANCED_FACE('',(#731),#472,.F.);
#5381=ADVANCED_FACE('',(#732),#473,.F.);
#5382=ADVANCED_FACE('',(#733),#474,.F.);
#5383=ADVANCED_FACE('',(#734),#475,.F.);
#5384=ADVANCED_FACE('',(#735,#70),#476,.F.);
#5385=ADVANCED_FACE('',(#736),#477,.F.);
#5386=ADVANCED_FACE('',(#737,#71),#478,.F.);
#5387=ADVANCED_FACE('',(#738),#479,.F.);
#5388=ADVANCED_FACE('',(#739,#72),#480,.F.);
#5389=ADVANCED_FACE('',(#740),#481,.F.);
#5390=ADVANCED_FACE('',(#741),#482,.T.);
#5391=ADVANCED_FACE('',(#742),#483,.T.);
#5392=ADVANCED_FACE('',(#743),#484,.T.);
#5393=ADVANCED_FACE('',(#744),#351,.F.);
#5394=ADVANCED_FACE('',(#745),#485,.T.);
#5395=ADVANCED_FACE('',(#746),#486,.T.);
#5396=ADVANCED_FACE('',(#747),#352,.F.);
#5397=ADVANCED_FACE('',(#748),#487,.T.);
#5398=ADVANCED_FACE('',(#749),#488,.T.);
#5399=ADVANCED_FACE('',(#750),#489,.T.);
#5400=ADVANCED_FACE('',(#751),#490,.T.);
#5401=ADVANCED_FACE('',(#752),#491,.T.);
#5402=ADVANCED_FACE('',(#753),#492,.T.);
#5403=ADVANCED_FACE('',(#754),#493,.T.);
#5404=ADVANCED_FACE('',(#755,#73),#494,.T.);
#5405=ADVANCED_FACE('',(#756,#74),#495,.T.);
#5406=ADVANCED_FACE('',(#757),#353,.T.);
#5407=ADVANCED_FACE('',(#758),#496,.T.);
#5408=ADVANCED_FACE('',(#759),#497,.T.);
#5409=ADVANCED_FACE('',(#760),#354,.T.);
#5410=ADVANCED_FACE('',(#761),#30,.F.);
#5411=ADVANCED_FACE('',(#762),#355,.T.);
#5412=ADVANCED_FACE('',(#763),#498,.T.);
#5413=ADVANCED_FACE('',(#764),#499,.T.);
#5414=ADVANCED_FACE('',(#765),#356,.T.);
#5415=ADVANCED_FACE('',(#766),#500,.T.);
#5416=ADVANCED_FACE('',(#767),#357,.T.);
#5417=ADVANCED_FACE('',(#768),#31,.F.);
#5418=ADVANCED_FACE('',(#769),#358,.T.);
#5419=ADVANCED_FACE('',(#770),#501,.T.);
#5420=ADVANCED_FACE('',(#771),#502,.T.);
#5421=ADVANCED_FACE('',(#772),#359,.T.);
#5422=ADVANCED_FACE('',(#773),#503,.T.);
#5423=ADVANCED_FACE('',(#774),#504,.T.);
#5424=ADVANCED_FACE('',(#775),#505,.T.);
#5425=ADVANCED_FACE('',(#776),#506,.T.);
#5426=ADVANCED_FACE('',(#777),#13,.T.);
#5427=ADVANCED_FACE('',(#778),#507,.T.);
#5428=ADVANCED_FACE('',(#779),#508,.T.);
#5429=ADVANCED_FACE('',(#780),#14,.T.);
#5430=ADVANCED_FACE('',(#781),#509,.T.);
#5431=ADVANCED_FACE('',(#782),#510,.T.);
#5432=ADVANCED_FACE('',(#783),#511,.T.);
#5433=ADVANCED_FACE('',(#784),#512,.T.);
#5434=ADVANCED_FACE('',(#785),#513,.T.);
#5435=ADVANCED_FACE('',(#786),#360,.F.);
#5436=ADVANCED_FACE('',(#787),#514,.T.);
#5437=ADVANCED_FACE('',(#788),#361,.F.);
#5438=ADVANCED_FACE('',(#789,#75),#515,.T.);
#5439=ADVANCED_FACE('',(#790),#362,.F.);
#5440=ADVANCED_FACE('',(#791),#23,.F.);
#5441=ADVANCED_FACE('',(#792),#516,.T.);
#5442=ADVANCED_FACE('',(#793),#363,.F.);
#5443=ADVANCED_FACE('',(#794),#24,.F.);
#5444=ADVANCED_FACE('',(#795),#517,.T.);
#5445=ADVANCED_FACE('',(#796),#364,.F.);
#5446=ADVANCED_FACE('',(#797),#365,.F.);
#5447=ADVANCED_FACE('',(#798,#76,#77,#78),#518,.F.);
#5448=ADVANCED_FACE('',(#799),#366,.F.);
#5449=ADVANCED_FACE('',(#800),#367,.F.);
#5450=ADVANCED_FACE('',(#801),#368,.F.);
#5451=ADVANCED_FACE('',(#802),#519,.T.);
#5452=ADVANCED_FACE('',(#803),#520,.T.);
#5453=ADVANCED_FACE('',(#804),#521,.T.);
#5454=ADVANCED_FACE('',(#805),#522,.T.);
#5455=ADVANCED_FACE('',(#806),#523,.T.);
#5456=ADVANCED_FACE('',(#807),#524,.T.);
#5457=ADVANCED_FACE('',(#808),#525,.T.);
#5458=ADVANCED_FACE('',(#809),#526,.T.);
#5459=ADVANCED_FACE('',(#810),#369,.T.);
#5460=ADVANCED_FACE('',(#811),#527,.T.);
#5461=ADVANCED_FACE('',(#812),#528,.T.);
#5462=ADVANCED_FACE('',(#813),#529,.T.);
#5463=ADVANCED_FACE('',(#814),#370,.T.);
#5464=ADVANCED_FACE('',(#815),#530,.T.);
#5465=CLOSED_SHELL('',(#5180,#5181,#5182,#5183,#5184,#5185,#5186,#5187,
#5188,#5189,#5190,#5191,#5192,#5193,#5194,#5195,#5196,#5197,#5198,#5199,
#5200,#5201,#5202,#5203,#5204,#5205,#5206,#5207,#5208,#5209,#5210,#5211,
#5212,#5213,#5214,#5215,#5216,#5217,#5218,#5219,#5220,#5221,#5222,#5223,
#5224,#5225,#5226,#5227,#5228,#5229,#5230,#5231,#5232,#5233,#5234,#5235,
#5236,#5237,#5238,#5239,#5240,#5241,#5242,#5243,#5244,#5245,#5246,#5247,
#5248,#5249,#5250,#5251,#5252,#5253,#5254,#5255,#5256,#5257,#5258,#5259,
#5260,#5261,#5262,#5263,#5264,#5265,#5266,#5267,#5268,#5269,#5270,#5271,
#5272,#5273,#5274,#5275,#5276,#5277,#5278,#5279,#5280,#5281,#5282,#5283,
#5284,#5285,#5286,#5287,#5288,#5289,#5290,#5291,#5292,#5293,#5294,#5295,
#5296,#5297,#5298,#5299,#5300,#5301,#5302,#5303,#5304,#5305,#5306,#5307,
#5308,#5309,#5310,#5311,#5312,#5313,#5314,#5315,#5316,#5317,#5318,#5319,
#5320,#5321,#5322,#5323,#5324,#5325,#5326,#5327,#5328,#5329,#5330,#5331,
#5332,#5333,#5334,#5335,#5336,#5337,#5338,#5339,#5340,#5341,#5342,#5343,
#5344,#5345,#5346,#5347,#5348,#5349,#5350,#5351,#5352,#5353,#5354,#5355,
#5356,#5357,#5358,#5359,#5360,#5361,#5362,#5363,#5364,#5365,#5366,#5367,
#5368,#5369,#5370,#5371,#5372,#5373,#5374,#5375,#5376,#5377,#5378,#5379,
#5380,#5381,#5382,#5383,#5384,#5385,#5386,#5387,#5388,#5389,#5390,#5391,
#5392,#5393,#5394,#5395,#5396,#5397,#5398,#5399,#5400,#5401,#5402,#5403,
#5404,#5405));
#5466=CLOSED_SHELL('',(#5406,#5407,#5408,#5409,#5410,#5411,#5412,#5413,
#5414,#5415,#5416,#5417,#5418,#5419,#5420,#5421,#5422,#5423,#5424,#5425,
#5426,#5427,#5428,#5429,#5430,#5431,#5432,#5433,#5434,#5435,#5436,#5437,
#5438,#5439,#5440,#5441,#5442,#5443,#5444,#5445,#5446,#5447,#5448,#5449,
#5450,#5451,#5452,#5453,#5454,#5455,#5456,#5457,#5458,#5459,#5460,#5461,
#5462,#5463,#5464));
#5467=DERIVED_UNIT_ELEMENT(#5469,1.);
#5468=DERIVED_UNIT_ELEMENT(#9533,-3.);
#5469=(
MASS_UNIT()
NAMED_UNIT(*)
SI_UNIT(.KILO.,.GRAM.)
);
#5470=DERIVED_UNIT((#5467,#5468));
#5471=MEASURE_REPRESENTATION_ITEM('density measure',
POSITIVE_RATIO_MEASURE(7850.),#5470);
#5472=PROPERTY_DEFINITION_REPRESENTATION(#5477,#5474);
#5473=PROPERTY_DEFINITION_REPRESENTATION(#5478,#5475);
#5474=REPRESENTATION('material name',(#5476),#9530);
#5475=REPRESENTATION('density',(#5471),#9530);
#5476=DESCRIPTIVE_REPRESENTATION_ITEM('PETG','PETG');
#5477=PROPERTY_DEFINITION('material property','material name',#9540);
#5478=PROPERTY_DEFINITION('material property','density of part',#9540);
#5479=AXIS2_PLACEMENT_3D('',#7402,#5940,#5941);
#5480=AXIS2_PLACEMENT_3D('',#7613,#5952,#5953);
#5481=AXIS2_PLACEMENT_3D('',#7803,#5965,#5966);
#5482=AXIS2_PLACEMENT_3D('',#7809,#5970,#5971);
#5483=AXIS2_PLACEMENT_3D('',#7815,#5975,#5976);
#5484=AXIS2_PLACEMENT_3D('',#7818,#5979,#5980);
#5485=AXIS2_PLACEMENT_3D('',#7819,#5981,#5982);
#5486=AXIS2_PLACEMENT_3D('',#7822,#5983,#5984);
#5487=AXIS2_PLACEMENT_3D('',#7826,#5986,#5987);
#5488=AXIS2_PLACEMENT_3D('',#7828,#5989,#5990);
#5489=AXIS2_PLACEMENT_3D('',#7834,#5994,#5995);
#5490=AXIS2_PLACEMENT_3D('',#7837,#5996,#5997);
#5491=AXIS2_PLACEMENT_3D('',#7841,#5999,#6000);
#5492=AXIS2_PLACEMENT_3D('',#7843,#6002,#6003);
#5493=AXIS2_PLACEMENT_3D('',#7846,#6006,#6007);
#5494=AXIS2_PLACEMENT_3D('',#7848,#6008,#6009);
#5495=AXIS2_PLACEMENT_3D('',#7851,#6011,#6012);
#5496=AXIS2_PLACEMENT_3D('',#7852,#6013,#6014);
#5497=AXIS2_PLACEMENT_3D('',#7858,#6018,#6019);
#5498=AXIS2_PLACEMENT_3D('',#7860,#6020,#6021);
#5499=AXIS2_PLACEMENT_3D('',#7863,#6023,#6024);
#5500=AXIS2_PLACEMENT_3D('',#7864,#6025,#6026);
#5501=AXIS2_PLACEMENT_3D('',#7867,#6029,#6030);
#5502=AXIS2_PLACEMENT_3D('',#7869,#6031,#6032);
#5503=AXIS2_PLACEMENT_3D('',#7872,#6034,#6035);
#5504=AXIS2_PLACEMENT_3D('',#7873,#6036,#6037);
#5505=AXIS2_PLACEMENT_3D('',#7875,#6038,#6039);
#5506=AXIS2_PLACEMENT_3D('',#7878,#6041,#6042);
#5507=AXIS2_PLACEMENT_3D('',#7879,#6043,#6044);
#5508=AXIS2_PLACEMENT_3D('',#7881,#6045,#6046);
#5509=AXIS2_PLACEMENT_3D('',#7884,#6048,#6049);
#5510=AXIS2_PLACEMENT_3D('',#7885,#6050,#6051);
#5511=AXIS2_PLACEMENT_3D('',#7887,#6052,#6053);
#5512=AXIS2_PLACEMENT_3D('',#7890,#6055,#6056);
#5513=AXIS2_PLACEMENT_3D('',#7891,#6057,#6058);
#5514=AXIS2_PLACEMENT_3D('',#7900,#6063,#6064);
#5515=AXIS2_PLACEMENT_3D('',#7909,#6069,#6070);
#5516=AXIS2_PLACEMENT_3D('',#7911,#6071,#6072);
#5517=AXIS2_PLACEMENT_3D('',#7914,#6074,#6075);
#5518=AXIS2_PLACEMENT_3D('',#7915,#6076,#6077);
#5519=AXIS2_PLACEMENT_3D('',#7921,#6081,#6082);
#5520=AXIS2_PLACEMENT_3D('',#7923,#6083,#6084);
#5521=AXIS2_PLACEMENT_3D('',#7926,#6086,#6087);
#5522=AXIS2_PLACEMENT_3D('',#7927,#6088,#6089);
#5523=AXIS2_PLACEMENT_3D('',#7933,#6093,#6094);
#5524=AXIS2_PLACEMENT_3D('',#7934,#6095,#6096);
#5525=AXIS2_PLACEMENT_3D('',#7935,#6097,#6098);
#5526=AXIS2_PLACEMENT_3D('',#7936,#6099,#6100);
#5527=AXIS2_PLACEMENT_3D('',#7937,#6101,#6102);
#5528=AXIS2_PLACEMENT_3D('',#7938,#6103,#6104);
#5529=AXIS2_PLACEMENT_3D('',#7939,#6105,#6106);
#5530=AXIS2_PLACEMENT_3D('',#7942,#6107,#6108);
#5531=AXIS2_PLACEMENT_3D('',#7944,#6109,#6110);
#5532=AXIS2_PLACEMENT_3D('',#7946,#6111,#6112);
#5533=AXIS2_PLACEMENT_3D('',#7948,#6113,#6114);
#5534=AXIS2_PLACEMENT_3D('',#7949,#6115,#6116);
#5535=AXIS2_PLACEMENT_3D('',#7980,#6117,#6118);
#5536=AXIS2_PLACEMENT_3D('',#7984,#6120,#6121);
#5537=AXIS2_PLACEMENT_3D('',#7992,#6125,#6126);
#5538=AXIS2_PLACEMENT_3D('',#7995,#6128,#6129);
#5539=AXIS2_PLACEMENT_3D('',#8040,#6138,#6139);
#5540=AXIS2_PLACEMENT_3D('',#8044,#6140,#6141);
#5541=AXIS2_PLACEMENT_3D('',#8047,#6142,#6143);
#5542=AXIS2_PLACEMENT_3D('',#8048,#6144,#6145);
#5543=AXIS2_PLACEMENT_3D('',#8049,#6146,#6147);
#5544=AXIS2_PLACEMENT_3D('',#8078,#6148,#6149);
#5545=AXIS2_PLACEMENT_3D('',#8079,#6150,#6151);
#5546=AXIS2_PLACEMENT_3D('',#8080,#6152,#6153);
#5547=AXIS2_PLACEMENT_3D('',#8081,#6154,#6155);
#5548=AXIS2_PLACEMENT_3D('',#8082,#6156,#6157);
#5549=AXIS2_PLACEMENT_3D('',#8109,#6160,#6161);
#5550=AXIS2_PLACEMENT_3D('',#8111,#6162,#6163);
#5551=AXIS2_PLACEMENT_3D('',#8123,#6169,#6170);
#5552=AXIS2_PLACEMENT_3D('',#8127,#6172,#6173);
#5553=AXIS2_PLACEMENT_3D('',#8131,#6175,#6176);
#5554=AXIS2_PLACEMENT_3D('',#8135,#6178,#6179);
#5555=AXIS2_PLACEMENT_3D('',#8139,#6181,#6182);
#5556=AXIS2_PLACEMENT_3D('',#8143,#6184,#6185);
#5557=AXIS2_PLACEMENT_3D('',#8147,#6187,#6188);
#5558=AXIS2_PLACEMENT_3D('',#8151,#6190,#6191);
#5559=AXIS2_PLACEMENT_3D('',#8154,#6193,#6194);
#5560=AXIS2_PLACEMENT_3D('',#8159,#6196,#6197);
#5561=AXIS2_PLACEMENT_3D('',#8162,#6199,#6200);
#5562=AXIS2_PLACEMENT_3D('',#8163,#6201,#6202);
#5563=AXIS2_PLACEMENT_3D('',#8187,#6204,#6205);
#5564=AXIS2_PLACEMENT_3D('',#8211,#6207,#6208);
#5565=AXIS2_PLACEMENT_3D('',#8235,#6210,#6211);
#5566=AXIS2_PLACEMENT_3D('',#8259,#6213,#6214);
#5567=AXIS2_PLACEMENT_3D('',#8283,#6216,#6217);
#5568=AXIS2_PLACEMENT_3D('',#8286,#6218,#6219);
#5569=AXIS2_PLACEMENT_3D('',#8290,#6221,#6222);
#5570=AXIS2_PLACEMENT_3D('',#8292,#6224,#6225);
#5571=AXIS2_PLACEMENT_3D('',#8306,#6233,#6234);
#5572=AXIS2_PLACEMENT_3D('',#8309,#6235,#6236);
#5573=AXIS2_PLACEMENT_3D('',#8313,#6238,#6239);
#5574=AXIS2_PLACEMENT_3D('',#8315,#6241,#6242);
#5575=AXIS2_PLACEMENT_3D('',#8329,#6250,#6251);
#5576=AXIS2_PLACEMENT_3D('',#8332,#6252,#6253);
#5577=AXIS2_PLACEMENT_3D('',#8336,#6255,#6256);
#5578=AXIS2_PLACEMENT_3D('',#8338,#6258,#6259);
#5579=AXIS2_PLACEMENT_3D('',#8344,#6263,#6264);
#5580=AXIS2_PLACEMENT_3D('',#8347,#6265,#6266);
#5581=AXIS2_PLACEMENT_3D('',#8351,#6268,#6269);
#5582=AXIS2_PLACEMENT_3D('',#8353,#6271,#6272);
#5583=AXIS2_PLACEMENT_3D('',#8359,#6276,#6277);
#5584=AXIS2_PLACEMENT_3D('',#8364,#6280,#6281);
#5585=AXIS2_PLACEMENT_3D('',#8370,#6284,#6285);
#5586=AXIS2_PLACEMENT_3D('',#8373,#6287,#6288);
#5587=AXIS2_PLACEMENT_3D('',#8381,#6292,#6293);
#5588=AXIS2_PLACEMENT_3D('',#8384,#6295,#6296);
#5589=AXIS2_PLACEMENT_3D('',#8385,#6297,#6298);
#5590=AXIS2_PLACEMENT_3D('',#8387,#6299,#6300);
#5591=AXIS2_PLACEMENT_3D('',#8389,#6302,#6303);
#5592=AXIS2_PLACEMENT_3D('',#8392,#6304,#6305);
#5593=AXIS2_PLACEMENT_3D('',#8395,#6308,#6309);
#5594=AXIS2_PLACEMENT_3D('',#8399,#6312,#6313);
#5595=AXIS2_PLACEMENT_3D('',#8403,#6315,#6316);
#5596=AXIS2_PLACEMENT_3D('',#8405,#6318,#6319);
#5597=AXIS2_PLACEMENT_3D('',#8409,#6322,#6323);
#5598=AXIS2_PLACEMENT_3D('',#8412,#6324,#6325);
#5599=AXIS2_PLACEMENT_3D('',#8416,#6327,#6328);
#5600=AXIS2_PLACEMENT_3D('',#8418,#6330,#6331);
#5601=AXIS2_PLACEMENT_3D('',#8424,#6335,#6336);
#5602=AXIS2_PLACEMENT_3D('',#8426,#6337,#6338);
#5603=AXIS2_PLACEMENT_3D('',#8429,#6340,#6341);
#5604=AXIS2_PLACEMENT_3D('',#8430,#6342,#6343);
#5605=AXIS2_PLACEMENT_3D('',#8436,#6347,#6348);
#5606=AXIS2_PLACEMENT_3D('',#8439,#6349,#6350);
#5607=AXIS2_PLACEMENT_3D('',#8443,#6352,#6353);
#5608=AXIS2_PLACEMENT_3D('',#8445,#6355,#6356);
#5609=AXIS2_PLACEMENT_3D('',#8451,#6360,#6361);
#5610=AXIS2_PLACEMENT_3D('',#8458,#6365,#6366);
#5611=AXIS2_PLACEMENT_3D('',#8461,#6368,#6369);
#5612=AXIS2_PLACEMENT_3D('',#8469,#6373,#6374);
#5613=AXIS2_PLACEMENT_3D('',#8472,#6376,#6377);
#5614=AXIS2_PLACEMENT_3D('',#8473,#6378,#6379);
#5615=AXIS2_PLACEMENT_3D('',#8477,#6381,#6382);
#5616=AXIS2_PLACEMENT_3D('',#8479,#6384,#6385);
#5617=AXIS2_PLACEMENT_3D('',#8483,#6388,#6389);
#5618=AXIS2_PLACEMENT_3D('',#8485,#6390,#6391);
#5619=AXIS2_PLACEMENT_3D('',#8487,#6393,#6394);
#5620=AXIS2_PLACEMENT_3D('',#8493,#6398,#6399);
#5621=AXIS2_PLACEMENT_3D('',#8497,#6401,#6402);
#5622=AXIS2_PLACEMENT_3D('',#8502,#6406,#6407);
#5623=AXIS2_PLACEMENT_3D('',#8505,#6409,#6410);
#5624=AXIS2_PLACEMENT_3D('',#8506,#6411,#6412);
#5625=AXIS2_PLACEMENT_3D('',#8510,#6415,#6416);
#5626=AXIS2_PLACEMENT_3D('',#8512,#6417,#6418);
#5627=AXIS2_PLACEMENT_3D('',#8514,#6420,#6421);
#5628=AXIS2_PLACEMENT_3D('',#8516,#6423,#6424);
#5629=AXIS2_PLACEMENT_3D('',#8518,#6426,#6427);
#5630=AXIS2_PLACEMENT_3D('',#8520,#6429,#6430);
#5631=AXIS2_PLACEMENT_3D('',#8523,#6431,#6432);
#5632=AXIS2_PLACEMENT_3D('',#8525,#6433,#6434);
#5633=AXIS2_PLACEMENT_3D('',#8526,#6435,#6436);
#5634=AXIS2_PLACEMENT_3D('',#8527,#6437,#6438);
#5635=AXIS2_PLACEMENT_3D('',#8530,#6439,#6440);
#5636=AXIS2_PLACEMENT_3D('',#8533,#6443,#6444);
#5637=AXIS2_PLACEMENT_3D('',#8536,#6445,#6446);
#5638=AXIS2_PLACEMENT_3D('',#8538,#6447,#6448);
#5639=AXIS2_PLACEMENT_3D('',#8539,#6449,#6450);
#5640=AXIS2_PLACEMENT_3D('',#8540,#6451,#6452);
#5641=AXIS2_PLACEMENT_3D('',#8543,#6453,#6454);
#5642=AXIS2_PLACEMENT_3D('',#8546,#6457,#6458);
#5643=AXIS2_PLACEMENT_3D('',#8549,#6459,#6460);
#5644=AXIS2_PLACEMENT_3D('',#8552,#6463,#6464);
#5645=AXIS2_PLACEMENT_3D('',#8555,#6467,#6468);
#5646=AXIS2_PLACEMENT_3D('',#8558,#6469,#6470);
#5647=AXIS2_PLACEMENT_3D('',#8561,#6473,#6474);
#5648=AXIS2_PLACEMENT_3D('',#8593,#6492,#6493);
#5649=AXIS2_PLACEMENT_3D('',#8595,#6494,#6495);
#5650=AXIS2_PLACEMENT_3D('',#8598,#6497,#6498);
#5651=AXIS2_PLACEMENT_3D('',#8610,#6505,#6506);
#5652=AXIS2_PLACEMENT_3D('',#8613,#6508,#6509);
#5653=AXIS2_PLACEMENT_3D('',#8619,#6513,#6514);
#5654=AXIS2_PLACEMENT_3D('',#8632,#6523,#6524);
#5655=AXIS2_PLACEMENT_3D('',#8634,#6525,#6526);
#5656=AXIS2_PLACEMENT_3D('',#8637,#6528,#6529);
#5657=AXIS2_PLACEMENT_3D('',#8648,#6530,#6531);
#5658=AXIS2_PLACEMENT_3D('',#8649,#6532,#6533);
#5659=AXIS2_PLACEMENT_3D('',#8650,#6534,#6535);
#5660=AXIS2_PLACEMENT_3D('',#8653,#6537,#6538);
#5661=AXIS2_PLACEMENT_3D('',#8664,#6539,#6540);
#5662=AXIS2_PLACEMENT_3D('',#8665,#6541,#6542);
#5663=AXIS2_PLACEMENT_3D('',#8666,#6543,#6544);
#5664=AXIS2_PLACEMENT_3D('',#8668,#6545,#6546);
#5665=AXIS2_PLACEMENT_3D('',#8670,#6548,#6549);
#5666=AXIS2_PLACEMENT_3D('',#8677,#6553,#6554);
#5667=AXIS2_PLACEMENT_3D('',#8678,#6555,#6556);
#5668=AXIS2_PLACEMENT_3D('',#8681,#6558,#6559);
#5669=AXIS2_PLACEMENT_3D('',#8682,#6560,#6561);
#5670=AXIS2_PLACEMENT_3D('',#8686,#6564,#6565);
#5671=AXIS2_PLACEMENT_3D('',#8689,#6567,#6568);
#5672=AXIS2_PLACEMENT_3D('',#8690,#6569,#6570);
#5673=AXIS2_PLACEMENT_3D('',#8695,#6573,#6574);
#5674=AXIS2_PLACEMENT_3D('',#8698,#6576,#6577);
#5675=AXIS2_PLACEMENT_3D('',#8700,#6578,#6579);
#5676=AXIS2_PLACEMENT_3D('',#8703,#6581,#6582);
#5677=AXIS2_PLACEMENT_3D('',#8704,#6583,#6584);
#5678=AXIS2_PLACEMENT_3D('',#8707,#6586,#6587);
#5679=AXIS2_PLACEMENT_3D('',#8708,#6588,#6589);
#5680=AXIS2_PLACEMENT_3D('',#8717,#6594,#6595);
#5681=AXIS2_PLACEMENT_3D('',#8719,#6596,#6597);
#5682=AXIS2_PLACEMENT_3D('',#8721,#6598,#6599);
#5683=AXIS2_PLACEMENT_3D('',#8723,#6601,#6602);
#5684=AXIS2_PLACEMENT_3D('',#8733,#6610,#6611);
#5685=AXIS2_PLACEMENT_3D('',#8742,#6616,#6617);
#5686=AXIS2_PLACEMENT_3D('',#8743,#6618,#6619);
#5687=AXIS2_PLACEMENT_3D('',#8744,#6620,#6621);
#5688=AXIS2_PLACEMENT_3D('',#8745,#6622,#6623);
#5689=AXIS2_PLACEMENT_3D('',#8747,#6624,#6625);
#5690=AXIS2_PLACEMENT_3D('',#8755,#6629,#6630);
#5691=AXIS2_PLACEMENT_3D('',#8763,#6634,#6635);
#5692=AXIS2_PLACEMENT_3D('',#8770,#6639,#6640);
#5693=AXIS2_PLACEMENT_3D('',#8772,#6642,#6643);
#5694=AXIS2_PLACEMENT_3D('',#8778,#6647,#6648);
#5695=AXIS2_PLACEMENT_3D('',#8779,#6649,#6650);
#5696=AXIS2_PLACEMENT_3D('',#8780,#6651,#6652);
#5697=AXIS2_PLACEMENT_3D('',#8781,#6653,#6654);
#5698=AXIS2_PLACEMENT_3D('',#8787,#6658,#6659);
#5699=AXIS2_PLACEMENT_3D('',#8788,#6660,#6661);
#5700=AXIS2_PLACEMENT_3D('',#8789,#6662,#6663);
#5701=AXIS2_PLACEMENT_3D('',#8790,#6664,#6665);
#5702=AXIS2_PLACEMENT_3D('',#8796,#6669,#6670);
#5703=AXIS2_PLACEMENT_3D('',#8800,#6672,#6673);
#5704=AXIS2_PLACEMENT_3D('',#8801,#6674,#6675);
#5705=AXIS2_PLACEMENT_3D('',#8802,#6676,#6677);
#5706=AXIS2_PLACEMENT_3D('',#8811,#6684,#6685);
#5707=AXIS2_PLACEMENT_3D('',#8817,#6689,#6690);
#5708=AXIS2_PLACEMENT_3D('',#8818,#6691,#6692);
#5709=AXIS2_PLACEMENT_3D('',#8819,#6693,#6694);
#5710=AXIS2_PLACEMENT_3D('',#8820,#6695,#6696);
#5711=AXIS2_PLACEMENT_3D('',#8826,#6700,#6701);
#5712=AXIS2_PLACEMENT_3D('',#8827,#6702,#6703);
#5713=AXIS2_PLACEMENT_3D('',#8828,#6704,#6705);
#5714=AXIS2_PLACEMENT_3D('',#8829,#6706,#6707);
#5715=AXIS2_PLACEMENT_3D('',#8835,#6711,#6712);
#5716=AXIS2_PLACEMENT_3D('',#8836,#6713,#6714);
#5717=AXIS2_PLACEMENT_3D('',#8837,#6715,#6716);
#5718=AXIS2_PLACEMENT_3D('',#8838,#6717,#6718);
#5719=AXIS2_PLACEMENT_3D('',#8841,#6721,#6722);
#5720=AXIS2_PLACEMENT_3D('',#8842,#6723,#6724);
#5721=AXIS2_PLACEMENT_3D('',#8843,#6725,#6726);
#5722=AXIS2_PLACEMENT_3D('',#8845,#6728,#6729);
#5723=AXIS2_PLACEMENT_3D('',#8847,#6731,#6732);
#5724=AXIS2_PLACEMENT_3D('',#8848,#6733,#6734);
#5725=AXIS2_PLACEMENT_3D('',#8849,#6735,#6736);
#5726=AXIS2_PLACEMENT_3D('',#8851,#6738,#6739);
#5727=AXIS2_PLACEMENT_3D('',#8853,#6741,#6742);
#5728=AXIS2_PLACEMENT_3D('',#8854,#6743,#6744);
#5729=AXIS2_PLACEMENT_3D('',#8855,#6745,#6746);
#5730=AXIS2_PLACEMENT_3D('',#8857,#6748,#6749);
#5731=AXIS2_PLACEMENT_3D('',#8859,#6751,#6752);
#5732=AXIS2_PLACEMENT_3D('',#8860,#6753,#6754);
#5733=AXIS2_PLACEMENT_3D('',#8861,#6755,#6756);
#5734=AXIS2_PLACEMENT_3D('',#8862,#6757,#6758);
#5735=AXIS2_PLACEMENT_3D('',#8864,#6759,#6760);
#5736=AXIS2_PLACEMENT_3D('',#8867,#6762,#6763);
#5737=AXIS2_PLACEMENT_3D('',#8868,#6764,#6765);
#5738=AXIS2_PLACEMENT_3D('',#8872,#6767,#6768);
#5739=AXIS2_PLACEMENT_3D('',#8873,#6769,#6770);
#5740=AXIS2_PLACEMENT_3D('',#8874,#6771,#6772);
#5741=AXIS2_PLACEMENT_3D('',#8876,#6774,#6775);
#5742=AXIS2_PLACEMENT_3D('',#8881,#6777,#6778);
#5743=AXIS2_PLACEMENT_3D('',#8885,#6780,#6781);
#5744=AXIS2_PLACEMENT_3D('',#8900,#6782,#6783);
#5745=AXIS2_PLACEMENT_3D('',#8905,#6785,#6786);
#5746=AXIS2_PLACEMENT_3D('',#8923,#6788,#6789);
#5747=AXIS2_PLACEMENT_3D('',#8924,#6790,#6791);
#5748=AXIS2_PLACEMENT_3D('',#8925,#6792,#6793);
#5749=AXIS2_PLACEMENT_3D('',#8926,#6794,#6795);
#5750=AXIS2_PLACEMENT_3D('',#8927,#6796,#6797);
#5751=AXIS2_PLACEMENT_3D('',#8928,#6798,#6799);
#5752=AXIS2_PLACEMENT_3D('',#8929,#6800,#6801);
#5753=AXIS2_PLACEMENT_3D('',#8934,#6806,#6807);
#5754=AXIS2_PLACEMENT_3D('',#8936,#6809,#6810);
#5755=AXIS2_PLACEMENT_3D('',#8938,#6812,#6813);
#5756=AXIS2_PLACEMENT_3D('',#8941,#6816,#6817);
#5757=AXIS2_PLACEMENT_3D('',#8942,#6818,#6819);
#5758=AXIS2_PLACEMENT_3D('',#8943,#6820,#6821);
#5759=AXIS2_PLACEMENT_3D('',#8946,#6824,#6825);
#5760=AXIS2_PLACEMENT_3D('',#8948,#6827,#6828);
#5761=AXIS2_PLACEMENT_3D('',#8950,#6830,#6831);
#5762=AXIS2_PLACEMENT_3D('',#8951,#6832,#6833);
#5763=AXIS2_PLACEMENT_3D('',#8953,#6835,#6836);
#5764=AXIS2_PLACEMENT_3D('',#8955,#6838,#6839);
#5765=AXIS2_PLACEMENT_3D('',#8957,#6841,#6842);
#5766=AXIS2_PLACEMENT_3D('',#8958,#6843,#6844);
#5767=AXIS2_PLACEMENT_3D('',#8960,#6846,#6847);
#5768=AXIS2_PLACEMENT_3D('',#8961,#6848,#6849);
#5769=AXIS2_PLACEMENT_3D('',#8962,#6850,#6851);
#5770=AXIS2_PLACEMENT_3D('',#8964,#6853,#6854);
#5771=AXIS2_PLACEMENT_3D('',#8966,#6856,#6857);
#5772=AXIS2_PLACEMENT_3D('',#8968,#6859,#6860);
#5773=AXIS2_PLACEMENT_3D('',#8969,#6861,#6862);
#5774=AXIS2_PLACEMENT_3D('',#8970,#6863,#6864);
#5775=AXIS2_PLACEMENT_3D('',#8972,#6865,#6866);
#5776=AXIS2_PLACEMENT_3D('',#8973,#6867,#6868);
#5777=AXIS2_PLACEMENT_3D('',#8974,#6869,#6870);
#5778=AXIS2_PLACEMENT_3D('',#8976,#6871,#6872);
#5779=AXIS2_PLACEMENT_3D('',#8977,#6873,#6874);
#5780=AXIS2_PLACEMENT_3D('',#8978,#6875,#6876);
#5781=AXIS2_PLACEMENT_3D('',#8980,#6877,#6878);
#5782=AXIS2_PLACEMENT_3D('',#8982,#6879,#6880);
#5783=AXIS2_PLACEMENT_3D('',#8983,#6881,#6882);
#5784=AXIS2_PLACEMENT_3D('',#8985,#6883,#6884);
#5785=AXIS2_PLACEMENT_3D('',#8987,#6886,#6887);
#5786=AXIS2_PLACEMENT_3D('',#8988,#6888,#6889);
#5787=AXIS2_PLACEMENT_3D('',#8990,#6890,#6891);
#5788=AXIS2_PLACEMENT_3D('',#8993,#6893,#6894);
#5789=AXIS2_PLACEMENT_3D('',#8994,#6895,#6896);
#5790=AXIS2_PLACEMENT_3D('',#8995,#6897,#6898);
#5791=AXIS2_PLACEMENT_3D('',#8998,#6900,#6901);
#5792=AXIS2_PLACEMENT_3D('',#8999,#6902,#6903);
#5793=AXIS2_PLACEMENT_3D('',#9001,#6904,#6905);
#5794=AXIS2_PLACEMENT_3D('',#9004,#6907,#6908);
#5795=AXIS2_PLACEMENT_3D('',#9005,#6909,#6910);
#5796=AXIS2_PLACEMENT_3D('',#9014,#6915,#6916);
#5797=AXIS2_PLACEMENT_3D('',#9023,#6921,#6922);
#5798=AXIS2_PLACEMENT_3D('',#9032,#6927,#6928);
#5799=AXIS2_PLACEMENT_3D('',#9041,#6933,#6934);
#5800=AXIS2_PLACEMENT_3D('',#9050,#6939,#6940);
#5801=AXIS2_PLACEMENT_3D('',#9059,#6945,#6946);
#5802=AXIS2_PLACEMENT_3D('',#9068,#6951,#6952);
#5803=AXIS2_PLACEMENT_3D('',#9077,#6957,#6958);
#5804=AXIS2_PLACEMENT_3D('',#9086,#6963,#6964);
#5805=AXIS2_PLACEMENT_3D('',#9095,#6969,#6970);
#5806=AXIS2_PLACEMENT_3D('',#9101,#6974,#6975);
#5807=AXIS2_PLACEMENT_3D('',#9107,#6979,#6980);
#5808=AXIS2_PLACEMENT_3D('',#9111,#6984,#6985);
#5809=AXIS2_PLACEMENT_3D('',#9113,#6987,#6988);
#5810=AXIS2_PLACEMENT_3D('',#9117,#6992,#6993);
#5811=AXIS2_PLACEMENT_3D('',#9119,#6995,#6996);
#5812=AXIS2_PLACEMENT_3D('',#9121,#6998,#6999);
#5813=AXIS2_PLACEMENT_3D('',#9122,#7000,#7001);
#5814=AXIS2_PLACEMENT_3D('',#9123,#7002,#7003);
#5815=AXIS2_PLACEMENT_3D('',#9126,#7006,#7007);
#5816=AXIS2_PLACEMENT_3D('',#9132,#7011,#7012);
#5817=AXIS2_PLACEMENT_3D('',#9138,#7016,#7017);
#5818=AXIS2_PLACEMENT_3D('',#9141,#7020,#7021);
#5819=AXIS2_PLACEMENT_3D('',#9143,#7023,#7024);
#5820=AXIS2_PLACEMENT_3D('',#9146,#7027,#7028);
#5821=AXIS2_PLACEMENT_3D('',#9148,#7030,#7031);
#5822=AXIS2_PLACEMENT_3D('',#9150,#7033,#7034);
#5823=AXIS2_PLACEMENT_3D('',#9151,#7035,#7036);
#5824=AXIS2_PLACEMENT_3D('',#9156,#7040,#7041);
#5825=AXIS2_PLACEMENT_3D('',#9159,#7044,#7045);
#5826=AXIS2_PLACEMENT_3D('',#9161,#7047,#7048);
#5827=AXIS2_PLACEMENT_3D('',#9164,#7049,#7050);
#5828=AXIS2_PLACEMENT_3D('',#9168,#7052,#7053);
#5829=AXIS2_PLACEMENT_3D('',#9170,#7055,#7056);
#5830=AXIS2_PLACEMENT_3D('',#9174,#7058,#7059);
#5831=AXIS2_PLACEMENT_3D('',#9180,#7063,#7064);
#5832=AXIS2_PLACEMENT_3D('',#9184,#7067,#7068);
#5833=AXIS2_PLACEMENT_3D('',#9186,#7069,#7070);
#5834=AXIS2_PLACEMENT_3D('',#9188,#7072,#7073);
#5835=AXIS2_PLACEMENT_3D('',#9194,#7077,#7078);
#5836=AXIS2_PLACEMENT_3D('',#9200,#7082,#7083);
#5837=AXIS2_PLACEMENT_3D('',#9204,#7086,#7087);
#5838=AXIS2_PLACEMENT_3D('',#9208,#7090,#7091);
#5839=AXIS2_PLACEMENT_3D('',#9211,#7094,#7095);
#5840=AXIS2_PLACEMENT_3D('',#9213,#7097,#7098);
#5841=AXIS2_PLACEMENT_3D('',#9214,#7099,#7100);
#5842=AXIS2_PLACEMENT_3D('',#9215,#7101,#7102);
#5843=AXIS2_PLACEMENT_3D('',#9216,#7103,#7104);
#5844=AXIS2_PLACEMENT_3D('',#9219,#7105,#7106);
#5845=AXIS2_PLACEMENT_3D('',#9223,#7108,#7109);
#5846=AXIS2_PLACEMENT_3D('',#9225,#7111,#7112);
#5847=AXIS2_PLACEMENT_3D('',#9233,#7116,#7117);
#5848=AXIS2_PLACEMENT_3D('',#9237,#7120,#7121);
#5849=AXIS2_PLACEMENT_3D('',#9241,#7124,#7125);
#5850=AXIS2_PLACEMENT_3D('',#9244,#7126,#7127);
#5851=AXIS2_PLACEMENT_3D('',#9248,#7129,#7130);
#5852=AXIS2_PLACEMENT_3D('',#9260,#7132,#7133);
#5853=AXIS2_PLACEMENT_3D('',#9262,#7134,#7135);
#5854=AXIS2_PLACEMENT_3D('',#9263,#7136,#7137);
#5855=AXIS2_PLACEMENT_3D('',#9264,#7138,#7139);
#5856=AXIS2_PLACEMENT_3D('',#9267,#7140,#7141);
#5857=AXIS2_PLACEMENT_3D('',#9270,#7144,#7145);
#5858=AXIS2_PLACEMENT_3D('',#9276,#7148,#7149);
#5859=AXIS2_PLACEMENT_3D('',#9282,#7153,#7154);
#5860=AXIS2_PLACEMENT_3D('',#9286,#7157,#7158);
#5861=AXIS2_PLACEMENT_3D('',#9289,#7160,#7161);
#5862=AXIS2_PLACEMENT_3D('',#9290,#7162,#7163);
#5863=AXIS2_PLACEMENT_3D('',#9294,#7166,#7167);
#5864=AXIS2_PLACEMENT_3D('',#9297,#7168,#7169);
#5865=AXIS2_PLACEMENT_3D('',#9301,#7171,#7172);
#5866=AXIS2_PLACEMENT_3D('',#9313,#7174,#7175);
#5867=AXIS2_PLACEMENT_3D('',#9315,#7176,#7177);
#5868=AXIS2_PLACEMENT_3D('',#9316,#7178,#7179);
#5869=AXIS2_PLACEMENT_3D('',#9317,#7180,#7181);
#5870=AXIS2_PLACEMENT_3D('',#9320,#7182,#7183);
#5871=AXIS2_PLACEMENT_3D('',#9323,#7186,#7187);
#5872=AXIS2_PLACEMENT_3D('',#9329,#7190,#7191);
#5873=AXIS2_PLACEMENT_3D('',#9335,#7195,#7196);
#5874=AXIS2_PLACEMENT_3D('',#9339,#7199,#7200);
#5875=AXIS2_PLACEMENT_3D('',#9342,#7202,#7203);
#5876=AXIS2_PLACEMENT_3D('',#9343,#7204,#7205);
#5877=AXIS2_PLACEMENT_3D('',#9347,#7208,#7209);
#5878=AXIS2_PLACEMENT_3D('',#9353,#7212,#7213);
#5879=AXIS2_PLACEMENT_3D('',#9357,#7216,#7217);
#5880=AXIS2_PLACEMENT_3D('',#9359,#7219,#7220);
#5881=AXIS2_PLACEMENT_3D('',#9365,#7224,#7225);
#5882=AXIS2_PLACEMENT_3D('',#9368,#7227,#7228);
#5883=AXIS2_PLACEMENT_3D('',#9369,#7229,#7230);
#5884=AXIS2_PLACEMENT_3D('',#9371,#7232,#7233);
#5885=AXIS2_PLACEMENT_3D('',#9375,#7236,#7237);
#5886=AXIS2_PLACEMENT_3D('',#9377,#7238,#7239);
#5887=AXIS2_PLACEMENT_3D('',#9379,#7241,#7242);
#5888=AXIS2_PLACEMENT_3D('',#9383,#7245,#7246);
#5889=AXIS2_PLACEMENT_3D('',#9387,#7248,#7249);
#5890=AXIS2_PLACEMENT_3D('',#9391,#7252,#7253);
#5891=AXIS2_PLACEMENT_3D('',#9400,#7258,#7259);
#5892=AXIS2_PLACEMENT_3D('',#9406,#7263,#7264);
#5893=AXIS2_PLACEMENT_3D('',#9412,#7268,#7269);
#5894=AXIS2_PLACEMENT_3D('',#9414,#7270,#7271);
#5895=AXIS2_PLACEMENT_3D('',#9416,#7272,#7273);
#5896=AXIS2_PLACEMENT_3D('',#9418,#7275,#7276);
#5897=AXIS2_PLACEMENT_3D('',#9424,#7280,#7281);
#5898=AXIS2_PLACEMENT_3D('',#9425,#7282,#7283);
#5899=AXIS2_PLACEMENT_3D('',#9426,#7284,#7285);
#5900=AXIS2_PLACEMENT_3D('',#9427,#7286,#7287);
#5901=AXIS2_PLACEMENT_3D('',#9434,#7290,#7291);
#5902=AXIS2_PLACEMENT_3D('',#9438,#7293,#7294);
#5903=AXIS2_PLACEMENT_3D('',#9440,#7296,#7297);
#5904=AXIS2_PLACEMENT_3D('',#9443,#7298,#7299);
#5905=AXIS2_PLACEMENT_3D('',#9447,#7301,#7302);
#5906=AXIS2_PLACEMENT_3D('',#9449,#7304,#7305);
#5907=AXIS2_PLACEMENT_3D('',#9451,#7306,#7307);
#5908=AXIS2_PLACEMENT_3D('',#9452,#7308,#7309);
#5909=AXIS2_PLACEMENT_3D('',#9453,#7310,#7311);
#5910=AXIS2_PLACEMENT_3D('',#9456,#7314,#7315);
#5911=AXIS2_PLACEMENT_3D('',#9459,#7316,#7317);
#5912=AXIS2_PLACEMENT_3D('',#9462,#7320,#7321);
#5913=AXIS2_PLACEMENT_3D('',#9464,#7322,#7323);
#5914=AXIS2_PLACEMENT_3D('',#9465,#7324,#7325);
#5915=AXIS2_PLACEMENT_3D('',#9466,#7326,#7327);
#5916=AXIS2_PLACEMENT_3D('',#9468,#7329,#7330);
#5917=AXIS2_PLACEMENT_3D('',#9472,#7332,#7333);
#5918=AXIS2_PLACEMENT_3D('',#9474,#7335,#7336);
#5919=AXIS2_PLACEMENT_3D('',#9476,#7338,#7339);
#5920=AXIS2_PLACEMENT_3D('',#9479,#7340,#7341);
#5921=AXIS2_PLACEMENT_3D('',#9483,#7343,#7344);
#5922=AXIS2_PLACEMENT_3D('',#9495,#7353,#7354);
#5923=AXIS2_PLACEMENT_3D('',#9497,#7355,#7356);
#5924=AXIS2_PLACEMENT_3D('',#9499,#7358,#7359);
#5925=AXIS2_PLACEMENT_3D('',#9500,#7360,#7361);
#5926=AXIS2_PLACEMENT_3D('',#9502,#7363,#7364);
#5927=AXIS2_PLACEMENT_3D('',#9504,#7366,#7367);
#5928=AXIS2_PLACEMENT_3D('',#9506,#7369,#7370);
#5929=AXIS2_PLACEMENT_3D('',#9507,#7371,#7372);
#5930=AXIS2_PLACEMENT_3D('',#9511,#7375,#7376);
#5931=AXIS2_PLACEMENT_3D('',#9513,#7378,#7379);
#5932=AXIS2_PLACEMENT_3D('',#9514,#7380,#7381);
#5933=AXIS2_PLACEMENT_3D('',#9515,#7382,#7383);
#5934=AXIS2_PLACEMENT_3D('',#9518,#7386,#7387);
#5935=AXIS2_PLACEMENT_3D('',#9520,#7389,#7390);
#5936=AXIS2_PLACEMENT_3D('',#9522,#7392,#7393);
#5937=AXIS2_PLACEMENT_3D('',#9524,#7395,#7396);
#5938=AXIS2_PLACEMENT_3D('',#9526,#7398,#7399);
#5939=AXIS2_PLACEMENT_3D('',#9527,#7400,#7401);
#5940=DIRECTION('axis',(0.,0.,1.));
#5941=DIRECTION('refdir',(1.,0.,0.));
#5942=DIRECTION('',(0.,1.,0.));
#5943=DIRECTION('',(0.,1.,0.));
#5944=DIRECTION('',(0.,1.,0.));
#5945=DIRECTION('',(0.,1.,0.));
#5946=DIRECTION('',(0.,1.,0.));
#5947=DIRECTION('',(0.,1.,0.));
#5948=DIRECTION('',(0.,1.,0.));
#5949=DIRECTION('',(0.,1.,0.));
#5950=DIRECTION('',(0.,1.,0.));
#5951=DIRECTION('',(0.,1.,0.));
#5952=DIRECTION('center_axis',(-0.0995037190209989,0.,-0.995037190209989));
#5953=DIRECTION('ref_axis',(-0.995037190209989,0.,0.0995037190209989));
#5954=DIRECTION('',(-0.995037190209989,0.,0.0995037190209989));
#5955=DIRECTION('',(0.,1.,0.));
#5956=DIRECTION('',(-0.995037190209989,0.,0.0995037190209989));
#5957=DIRECTION('',(0.,1.,0.));
#5958=DIRECTION('',(0.,1.,0.));
#5959=DIRECTION('',(0.,1.,0.));
#5960=DIRECTION('',(0.,1.,0.));
#5961=DIRECTION('',(0.,1.,0.));
#5962=DIRECTION('',(0.,1.,0.));
#5963=DIRECTION('',(0.,1.,0.));
#5964=DIRECTION('',(0.,1.,0.));
#5965=DIRECTION('center_axis',(2.30836218724093E-16,0.,-1.));
#5966=DIRECTION('ref_axis',(-1.,0.,-2.30836218724093E-16));
#5967=DIRECTION('',(-1.,0.,-2.30836218724093E-16));
#5968=DIRECTION('',(0.,1.,0.));
#5969=DIRECTION('',(-1.,0.,-2.30836218724093E-16));
#5970=DIRECTION('center_axis',(1.,0.,4.35581753722667E-16));
#5971=DIRECTION('ref_axis',(4.35581753722667E-16,0.,-1.));
#5972=DIRECTION('',(4.35581753722667E-16,0.,-1.));
#5973=DIRECTION('',(0.,1.,0.));
#5974=DIRECTION('',(4.35581753722667E-16,0.,-1.));
#5975=DIRECTION('center_axis',(-4.07479705095398E-16,0.,1.));
#5976=DIRECTION('ref_axis',(1.,0.,4.07479705095398E-16));
#5977=DIRECTION('',(1.,0.,4.07479705095398E-16));
#5978=DIRECTION('',(1.,0.,4.07479705095398E-16));
#5979=DIRECTION('center_axis',(0.,-1.,0.));
#5980=DIRECTION('ref_axis',(1.,0.,0.));
#5981=DIRECTION('center_axis',(0.,-1.,0.));
#5982=DIRECTION('ref_axis',(-0.707106781186551,0.,0.707106781186544));
#5983=DIRECTION('center_axis',(0.,1.,0.));
#5984=DIRECTION('ref_axis',(-0.707106781186551,0.,0.707106781186544));
#5985=DIRECTION('',(0.,-1.,0.));
#5986=DIRECTION('center_axis',(0.,-1.,0.));
#5987=DIRECTION('ref_axis',(-0.707106781186551,0.,0.707106781186544));
#5988=DIRECTION('',(0.,1.,0.));
#5989=DIRECTION('center_axis',(0.,0.,1.));
#5990=DIRECTION('ref_axis',(-1.,0.,0.));
#5991=DIRECTION('',(-1.,0.,0.));
#5992=DIRECTION('',(0.,1.,0.));
#5993=DIRECTION('',(1.,0.,0.));
#5994=DIRECTION('center_axis',(0.,-1.,0.));
#5995=DIRECTION('ref_axis',(-0.707106781186551,0.,-0.707106781186544));
#5996=DIRECTION('center_axis',(0.,1.,0.));
#5997=DIRECTION('ref_axis',(-0.707106781186551,0.,-0.707106781186544));
#5998=DIRECTION('',(0.,-1.,0.));
#5999=DIRECTION('center_axis',(0.,-1.,0.));
#6000=DIRECTION('ref_axis',(-0.707106781186551,0.,-0.707106781186544));
#6001=DIRECTION('',(0.,1.,0.));
#6002=DIRECTION('center_axis',(-1.,0.,0.));
#6003=DIRECTION('ref_axis',(0.,0.,-1.));
#6004=DIRECTION('',(0.,0.,1.));
#6005=DIRECTION('',(0.,0.,-1.));
#6006=DIRECTION('center_axis',(0.,-1.,0.));
#6007=DIRECTION('ref_axis',(0.707106781186549,0.,0.707106781186546));
#6008=DIRECTION('center_axis',(0.,1.,0.));
#6009=DIRECTION('ref_axis',(0.707106781186549,0.,0.707106781186546));
#6010=DIRECTION('',(0.,-1.,0.));
#6011=DIRECTION('center_axis',(0.,-1.,0.));
#6012=DIRECTION('ref_axis',(0.707106781186549,0.,0.707106781186546));
#6013=DIRECTION('center_axis',(1.,0.,0.));
#6014=DIRECTION('ref_axis',(0.,0.,1.));
#6015=DIRECTION('',(0.,0.,1.));
#6016=DIRECTION('',(0.,1.,0.));
#6017=DIRECTION('',(0.,0.,-1.));
#6018=DIRECTION('center_axis',(0.,-1.,0.));
#6019=DIRECTION('ref_axis',(0.707106781186549,0.,-0.707106781186546));
#6020=DIRECTION('center_axis',(0.,1.,0.));
#6021=DIRECTION('ref_axis',(0.707106781186549,0.,-0.707106781186546));
#6022=DIRECTION('',(0.,-1.,0.));
#6023=DIRECTION('center_axis',(0.,-1.,0.));
#6024=DIRECTION('ref_axis',(0.707106781186549,0.,-0.707106781186546));
#6025=DIRECTION('center_axis',(0.,0.,-1.));
#6026=DIRECTION('ref_axis',(1.,0.,0.));
#6027=DIRECTION('',(-1.,0.,0.));
#6028=DIRECTION('',(1.,0.,0.));
#6029=DIRECTION('center_axis',(0.,-1.,0.));
#6030=DIRECTION('ref_axis',(-1.,0.,0.));
#6031=DIRECTION('center_axis',(0.,-1.,0.));
#6032=DIRECTION('ref_axis',(-1.,0.,0.));
#6033=DIRECTION('',(0.,-1.,0.));
#6034=DIRECTION('center_axis',(0.,1.,0.));
#6035=DIRECTION('ref_axis',(-1.,0.,0.));
#6036=DIRECTION('center_axis',(0.,-1.,0.));
#6037=DIRECTION('ref_axis',(-1.,0.,0.));
#6038=DIRECTION('center_axis',(0.,-1.,0.));
#6039=DIRECTION('ref_axis',(-1.,0.,0.));
#6040=DIRECTION('',(0.,-1.,0.));
#6041=DIRECTION('center_axis',(0.,1.,0.));
#6042=DIRECTION('ref_axis',(-1.,0.,0.));
#6043=DIRECTION('center_axis',(0.,-1.,0.));
#6044=DIRECTION('ref_axis',(-1.,0.,0.));
#6045=DIRECTION('center_axis',(0.,-1.,0.));
#6046=DIRECTION('ref_axis',(-1.,0.,0.));
#6047=DIRECTION('',(0.,-1.,0.));
#6048=DIRECTION('center_axis',(0.,1.,0.));
#6049=DIRECTION('ref_axis',(-1.,0.,0.));
#6050=DIRECTION('center_axis',(0.,-1.,0.));
#6051=DIRECTION('ref_axis',(-1.,0.,0.));
#6052=DIRECTION('center_axis',(0.,-1.,0.));
#6053=DIRECTION('ref_axis',(-1.,0.,0.));
#6054=DIRECTION('',(0.,-1.,0.));
#6055=DIRECTION('center_axis',(0.,1.,0.));
#6056=DIRECTION('ref_axis',(-1.,0.,0.));
#6057=DIRECTION('center_axis',(0.,0.,1.));
#6058=DIRECTION('ref_axis',(0.,1.,0.));
#6059=DIRECTION('',(-1.,0.,0.));
#6060=DIRECTION('',(-9.34924652315921E-17,1.,0.));
#6061=DIRECTION('',(1.,0.,0.));
#6062=DIRECTION('',(0.,-1.,0.));
#6063=DIRECTION('center_axis',(0.,0.,1.));
#6064=DIRECTION('ref_axis',(0.,1.,0.));
#6065=DIRECTION('',(-1.,0.,0.));
#6066=DIRECTION('',(0.,1.,0.));
#6067=DIRECTION('',(1.,0.,0.));
#6068=DIRECTION('',(0.,-1.,0.));
#6069=DIRECTION('center_axis',(-1.,0.,0.));
#6070=DIRECTION('ref_axis',(0.,-0.707106781186547,-0.707106781186547));
#6071=DIRECTION('center_axis',(1.,0.,0.));
#6072=DIRECTION('ref_axis',(0.,-0.707106781186547,0.707106781186547));
#6073=DIRECTION('',(-1.,0.,0.));
#6074=DIRECTION('center_axis',(-1.,0.,0.));
#6075=DIRECTION('ref_axis',(0.,-0.707106781186547,-0.707106781186547));
#6076=DIRECTION('center_axis',(0.,0.,-1.));
#6077=DIRECTION('ref_axis',(0.,-1.,0.));
#6078=DIRECTION('',(0.,-1.,0.));
#6079=DIRECTION('',(1.,0.,0.));
#6080=DIRECTION('',(0.,1.,0.));
#6081=DIRECTION('center_axis',(-1.,0.,0.));
#6082=DIRECTION('ref_axis',(0.,-0.707106781186547,-0.707106781186547));
#6083=DIRECTION('center_axis',(1.,9.34924652315921E-17,0.));
#6084=DIRECTION('ref_axis',(0.,-0.707106781186547,0.707106781186547));
#6085=DIRECTION('',(-1.,0.,0.));
#6086=DIRECTION('center_axis',(-1.,0.,0.));
#6087=DIRECTION('ref_axis',(0.,-0.707106781186547,-0.707106781186547));
#6088=DIRECTION('center_axis',(0.,0.,-1.));
#6089=DIRECTION('ref_axis',(0.,-1.,0.));
#6090=DIRECTION('',(9.34924652315921E-17,-1.,0.));
#6091=DIRECTION('',(1.,0.,0.));
#6092=DIRECTION('',(0.,1.,0.));
#6093=DIRECTION('center_axis',(-1.,0.,0.));
#6094=DIRECTION('ref_axis',(0.,0.707106781186547,-0.707106781186547));
#6095=DIRECTION('center_axis',(1.,9.34924652315921E-17,0.));
#6096=DIRECTION('ref_axis',(0.,0.707106781186547,-0.707106781186547));
#6097=DIRECTION('center_axis',(-1.,0.,0.));
#6098=DIRECTION('ref_axis',(0.,0.707106781186547,0.707106781186547));
#6099=DIRECTION('center_axis',(-1.,0.,0.));
#6100=DIRECTION('ref_axis',(0.,0.707106781186547,-0.707106781186547));
#6101=DIRECTION('center_axis',(1.,0.,0.));
#6102=DIRECTION('ref_axis',(0.,0.707106781186547,-0.707106781186547));
#6103=DIRECTION('center_axis',(-1.,0.,0.));
#6104=DIRECTION('ref_axis',(0.,0.707106781186547,0.707106781186547));
#6105=DIRECTION('center_axis',(0.,0.,1.));
#6106=DIRECTION('ref_axis',(2.83276944882399E-16,1.,0.));
#6107=DIRECTION('center_axis',(-0.918642982006156,-0.395088688285097,-5.09949295016774E-16));
#6108=DIRECTION('ref_axis',(-5.55111512312578E-16,0.,1.));
#6109=DIRECTION('center_axis',(0.,0.,1.));
#6110=DIRECTION('ref_axis',(-1.83697019872103E-16,1.,0.));
#6111=DIRECTION('center_axis',(0.,0.,1.));
#6112=DIRECTION('ref_axis',(-1.83697019872103E-16,1.,0.));
#6113=DIRECTION('center_axis',(0.918642982006155,-0.395088688285098,5.09949295016774E-16));
#6114=DIRECTION('ref_axis',(0.237053212971059,0.551185789203695,0.799999999999999));
#6115=DIRECTION('center_axis',(0.,0.,-1.));
#6116=DIRECTION('ref_axis',(-1.83697019872103E-16,1.,0.));
#6117=DIRECTION('center_axis',(0.,0.,1.));
#6118=DIRECTION('ref_axis',(1.,0.,0.));
#6119=DIRECTION('',(1.,0.,0.));
#6120=DIRECTION('center_axis',(0.,0.,1.));
#6121=DIRECTION('ref_axis',(-0.707106781186547,-0.707106781186547,0.));
#6122=DIRECTION('',(0.,-1.,0.));
#6123=DIRECTION('',(1.,0.,0.));
#6124=DIRECTION('',(0.,1.,0.));
#6125=DIRECTION('center_axis',(0.,0.,1.));
#6126=DIRECTION('ref_axis',(0.707106781186547,-0.707106781186547,0.));
#6127=DIRECTION('',(1.,0.,0.));
#6128=DIRECTION('center_axis',(0.,0.,-1.));
#6129=DIRECTION('ref_axis',(1.,0.,0.));
#6130=DIRECTION('',(0.,1.,0.));
#6131=DIRECTION('',(-1.,0.,0.));
#6132=DIRECTION('',(0.,-1.,0.));
#6133=DIRECTION('',(1.,0.,0.));
#6134=DIRECTION('',(0.,1.,0.));
#6135=DIRECTION('',(-1.,0.,0.));
#6136=DIRECTION('',(0.,-1.,0.));
#6137=DIRECTION('',(1.,0.,0.));
#6138=DIRECTION('center_axis',(0.,0.,1.));
#6139=DIRECTION('ref_axis',(-0.999985276917081,-0.00542641217271203,0.));
#6140=DIRECTION('center_axis',(0.,0.,1.));
#6141=DIRECTION('ref_axis',(1.,0.,0.));
#6142=DIRECTION('center_axis',(0.,0.,1.));
#6143=DIRECTION('ref_axis',(1.,0.,0.));
#6144=DIRECTION('center_axis',(0.,0.,1.));
#6145=DIRECTION('ref_axis',(1.,0.,0.));
#6146=DIRECTION('center_axis',(0.,-1.,0.));
#6147=DIRECTION('ref_axis',(-1.,0.,0.));
#6148=DIRECTION('center_axis',(0.,0.,1.));
#6149=DIRECTION('ref_axis',(-1.,0.,0.));
#6150=DIRECTION('center_axis',(0.,-1.,0.));
#6151=DIRECTION('ref_axis',(1.,0.,0.));
#6152=DIRECTION('center_axis',(0.,0.,-1.));
#6153=DIRECTION('ref_axis',(-1.,0.,0.));
#6154=DIRECTION('center_axis',(0.,0.,-1.));
#6155=DIRECTION('ref_axis',(-1.,0.,0.));
#6156=DIRECTION('center_axis',(9.34924652315921E-17,-1.,-9.62759304617558E-33));
#6157=DIRECTION('ref_axis',(-0.707106781186547,-6.61091561551062E-17,0.707106781186547));
#6158=DIRECTION('',(9.34924652315921E-17,-1.,-9.62759304617558E-33));
#6159=DIRECTION('',(-9.34924652315921E-17,1.,9.62759304617558E-33));
#6160=DIRECTION('center_axis',(1.02977208081174E-16,0.,1.));
#6161=DIRECTION('ref_axis',(1.,0.,-1.02977208081174E-16));
#6162=DIRECTION('center_axis',(0.,0.,1.));
#6163=DIRECTION('ref_axis',(1.,0.,0.));
#6164=DIRECTION('',(-1.,0.,0.));
#6165=DIRECTION('',(0.,-1.,0.));
#6166=DIRECTION('',(-1.,0.,1.02977208081174E-16));
#6167=DIRECTION('',(0.,1.,0.));
#6168=DIRECTION('',(-1.,0.,0.));
#6169=DIRECTION('center_axis',(0.,0.,1.));
#6170=DIRECTION('ref_axis',(1.,0.,0.));
#6171=DIRECTION('',(0.,1.,0.));
#6172=DIRECTION('center_axis',(0.,0.,-1.));
#6173=DIRECTION('ref_axis',(1.,0.,0.));
#6174=DIRECTION('',(1.07009448156642E-16,-1.,0.));
#6175=DIRECTION('center_axis',(0.,0.,-1.));
#6176=DIRECTION('ref_axis',(1.,0.,0.));
#6177=DIRECTION('',(0.,1.,0.));
#6178=DIRECTION('center_axis',(0.,0.,1.));
#6179=DIRECTION('ref_axis',(1.,0.,0.));
#6180=DIRECTION('',(1.,0.,-1.02977208081174E-16));
#6181=DIRECTION('center_axis',(0.,0.,-1.));
#6182=DIRECTION('ref_axis',(1.,0.,0.));
#6183=DIRECTION('',(-1.,0.,0.));
#6184=DIRECTION('center_axis',(0.,0.,-1.));
#6185=DIRECTION('ref_axis',(1.,0.,0.));
#6186=DIRECTION('',(1.,0.,-1.02977208081174E-16));
#6187=DIRECTION('center_axis',(0.,0.,1.));
#6188=DIRECTION('ref_axis',(1.,0.,0.));
#6189=DIRECTION('',(9.34924652315921E-17,-1.,-9.62759304617558E-33));
#6190=DIRECTION('center_axis',(0.,0.,-1.));
#6191=DIRECTION('ref_axis',(1.,0.,0.));
#6192=DIRECTION('',(0.,1.,0.));
#6193=DIRECTION('center_axis',(0.,0.,-1.));
#6194=DIRECTION('ref_axis',(1.,0.,0.));
#6195=DIRECTION('',(1.,0.,-1.02977208081174E-16));
#6196=DIRECTION('center_axis',(0.,0.,-1.));
#6197=DIRECTION('ref_axis',(1.,0.,0.));
#6198=DIRECTION('',(1.,-1.08314441426845E-16,0.));
#6199=DIRECTION('center_axis',(0.,0.,-1.));
#6200=DIRECTION('ref_axis',(1.,0.,0.));
#6201=DIRECTION('center_axis',(0.,1.,0.));
#6202=DIRECTION('ref_axis',(0.707106781186547,0.,0.707106781186547));
#6203=DIRECTION('',(0.,-1.,0.));
#6204=DIRECTION('center_axis',(9.34924652315921E-17,-1.,-9.62759304617558E-33));
#6205=DIRECTION('ref_axis',(-0.707106781186547,-6.61091561551062E-17,0.707106781186547));
#6206=DIRECTION('',(-9.34924652315921E-17,1.,9.62759304617558E-33));
#6207=DIRECTION('center_axis',(1.,0.,-1.02977208081174E-16));
#6208=DIRECTION('ref_axis',(1.57009245868377E-16,-0.707106781186547,0.707106781186547));
#6209=DIRECTION('',(-1.,0.,1.02977208081174E-16));
#6210=DIRECTION('center_axis',(1.,0.,-1.02977208081174E-16));
#6211=DIRECTION('ref_axis',(1.57009245868377E-16,-0.707106781186547,0.707106781186547));
#6212=DIRECTION('',(-1.,0.,1.02977208081174E-16));
#6213=DIRECTION('center_axis',(0.,1.,0.));
#6214=DIRECTION('ref_axis',(0.707106781186547,0.,0.707106781186547));
#6215=DIRECTION('',(0.,-1.,0.));
#6216=DIRECTION('center_axis',(-3.46944695195361E-16,1.,0.));
#6217=DIRECTION('ref_axis',(0.707106781186547,0.,-0.707106781186547));
#6218=DIRECTION('center_axis',(0.,-1.,0.));
#6219=DIRECTION('ref_axis',(0.707106781186547,0.,-0.707106781186547));
#6220=DIRECTION('',(-3.46944695195361E-16,1.,0.));
#6221=DIRECTION('center_axis',(0.,1.,0.));
#6222=DIRECTION('ref_axis',(0.707106781186547,0.,-0.707106781186547));
#6223=DIRECTION('',(3.46944695195361E-16,-1.,0.));
#6224=DIRECTION('center_axis',(-1.,-3.46944695195361E-16,0.));
#6225=DIRECTION('ref_axis',(3.46944695195361E-16,-1.,0.));
#6226=DIRECTION('',(0.,0.,1.));
#6227=DIRECTION('',(-3.46944695195361E-16,1.,0.));
#6228=DIRECTION('',(0.,0.,-1.));
#6229=DIRECTION('',(3.46944695195361E-16,-1.,0.));
#6230=DIRECTION('',(0.,0.,1.));
#6231=DIRECTION('',(-3.46944695195361E-16,1.,0.));
#6232=DIRECTION('',(0.,0.,1.));
#6233=DIRECTION('center_axis',(0.,-1.,0.));
#6234=DIRECTION('ref_axis',(-0.707106781186547,0.,-0.707106781186547));
#6235=DIRECTION('center_axis',(0.,1.,0.));
#6236=DIRECTION('ref_axis',(-0.707106781186547,0.,-0.707106781186547));
#6237=DIRECTION('',(0.,-1.,0.));
#6238=DIRECTION('center_axis',(0.,-1.,0.));
#6239=DIRECTION('ref_axis',(-0.707106781186547,0.,-0.707106781186547));
#6240=DIRECTION('',(0.,1.,0.));
#6241=DIRECTION('center_axis',(1.,0.,0.));
#6242=DIRECTION('ref_axis',(0.,1.,0.));
#6243=DIRECTION('',(0.,0.,1.));
#6244=DIRECTION('',(0.,-1.,0.));
#6245=DIRECTION('',(0.,0.,-1.));
#6246=DIRECTION('',(0.,1.,0.));
#6247=DIRECTION('',(0.,0.,1.));
#6248=DIRECTION('',(0.,-1.,0.));
#6249=DIRECTION('',(0.,0.,1.));
#6250=DIRECTION('center_axis',(3.33275204390291E-16,-1.,0.));
#6251=DIRECTION('ref_axis',(-0.707106781186547,-3.14018491736755E-16,0.707106781186547));
#6252=DIRECTION('center_axis',(-2.59052048247122E-16,1.,0.));
#6253=DIRECTION('ref_axis',(-0.707106781186547,-3.14018491736755E-16,0.707106781186547));
#6254=DIRECTION('',(3.33275204390291E-16,-1.,0.));
#6255=DIRECTION('center_axis',(3.70074354638746E-17,-1.,0.));
#6256=DIRECTION('ref_axis',(-0.707106781186547,-3.14018491736755E-16,0.707106781186547));
#6257=DIRECTION('',(-3.33275204390291E-16,1.,0.));
#6258=DIRECTION('center_axis',(0.,0.,1.));
#6259=DIRECTION('ref_axis',(1.,0.,0.));
#6260=DIRECTION('',(-1.,-2.59052048247122E-16,0.));
#6261=DIRECTION('',(0.,1.,0.));
#6262=DIRECTION('',(1.,3.70074354638746E-17,0.));
#6263=DIRECTION('center_axis',(0.,1.,0.));
#6264=DIRECTION('ref_axis',(0.707106781186547,0.,0.707106781186547));
#6265=DIRECTION('center_axis',(2.59052048247122E-16,-1.,0.));
#6266=DIRECTION('ref_axis',(0.707106781186547,0.,0.707106781186547));
#6267=DIRECTION('',(0.,-1.,0.));
#6268=DIRECTION('center_axis',(-3.70074354638746E-17,1.,0.));
#6269=DIRECTION('ref_axis',(0.707106781186547,0.,0.707106781186547));
#6270=DIRECTION('',(0.,1.,0.));
#6271=DIRECTION('center_axis',(0.,0.,1.));
#6272=DIRECTION('ref_axis',(1.,0.,0.));
#6273=DIRECTION('',(-1.,-2.51371274711013E-16,0.));
#6274=DIRECTION('',(-3.33275204390291E-16,1.,0.));
#6275=DIRECTION('',(1.,4.18952124518355E-17,0.));
#6276=DIRECTION('center_axis',(-2.59052048247122E-16,1.,0.));
#6277=DIRECTION('ref_axis',(1.,2.59052048247122E-16,0.));
#6278=DIRECTION('',(0.,0.,1.));
#6279=DIRECTION('',(0.,0.,-1.));
#6280=DIRECTION('center_axis',(-2.59052048247122E-16,1.,0.));
#6281=DIRECTION('ref_axis',(-0.707106781186547,-3.14018491736755E-16,-0.707106781186547));
#6282=DIRECTION('',(1.,2.59052048247122E-16,0.));
#6283=DIRECTION('',(0.,0.,1.));
#6284=DIRECTION('center_axis',(-2.59052048247122E-16,1.,0.));
#6285=DIRECTION('ref_axis',(0.707106781186547,0.,0.707106781186547));
#6286=DIRECTION('',(1.,2.59052048247122E-16,0.));
#6287=DIRECTION('center_axis',(-2.59052048247122E-16,1.,0.));
#6288=DIRECTION('ref_axis',(-0.707106781186547,0.,0.707106781186547));
#6289=DIRECTION('',(-1.,-2.59052048247122E-16,0.));
#6290=DIRECTION('',(0.,0.,1.));
#6291=DIRECTION('',(1.,2.59052048247122E-16,0.));
#6292=DIRECTION('center_axis',(-2.59052048247122E-16,1.,0.));
#6293=DIRECTION('ref_axis',(0.658724631355539,1.47560667353086E-16,-0.752384117353303));
#6294=DIRECTION('',(-0.132163720091018,-3.42372823935374E-17,-0.991227900682635));
#6295=DIRECTION('center_axis',(2.59052048247122E-16,-1.,0.));
#6296=DIRECTION('ref_axis',(-0.707106781186547,-3.14018491736755E-16,0.707106781186547));
#6297=DIRECTION('center_axis',(3.33275204390291E-16,-1.,0.));
#6298=DIRECTION('ref_axis',(-0.707106781186547,-3.14018491736755E-16,0.707106781186547));
#6299=DIRECTION('center_axis',(-3.70074354638746E-17,1.,0.));
#6300=DIRECTION('ref_axis',(-0.707106781186547,-3.14018491736755E-16,0.707106781186547));
#6301=DIRECTION('',(-3.33275204390291E-16,1.,0.));
#6302=DIRECTION('center_axis',(-3.33275204390291E-16,1.,0.));
#6303=DIRECTION('ref_axis',(-0.707106781186547,-3.14018491736755E-16,-0.707106781186547));
#6304=DIRECTION('center_axis',(3.70074354638746E-17,-1.,0.));
#6305=DIRECTION('ref_axis',(-0.707106781186547,-3.14018491736755E-16,-0.707106781186547));
#6306=DIRECTION('',(-3.33275204390291E-16,1.,0.));
#6307=DIRECTION('',(3.33275204390291E-16,-1.,0.));
#6308=DIRECTION('center_axis',(0.,0.,1.));
#6309=DIRECTION('ref_axis',(1.,0.,0.));
#6310=DIRECTION('',(-1.,-3.70074354638746E-17,0.));
#6311=DIRECTION('',(0.,-1.,0.));
#6312=DIRECTION('center_axis',(3.33275204390291E-16,-1.,0.));
#6313=DIRECTION('ref_axis',(0.658724631355539,1.47560667353086E-16,-0.752384117353303));
#6314=DIRECTION('',(3.33275204390291E-16,-1.,0.));
#6315=DIRECTION('center_axis',(3.70074354638746E-17,-1.,0.));
#6316=DIRECTION('ref_axis',(0.658724631355539,1.47560667353086E-16,-0.752384117353303));
#6317=DIRECTION('',(-3.33275204390291E-16,1.,0.));
#6318=DIRECTION('center_axis',(0.,0.,1.));
#6319=DIRECTION('ref_axis',(1.,0.,0.));
#6320=DIRECTION('',(0.,1.,0.));
#6321=DIRECTION('',(-1.,-3.70074354638746E-17,0.));
#6322=DIRECTION('center_axis',(0.,1.,0.));
#6323=DIRECTION('ref_axis',(0.707106781186547,0.,-0.707106781186547));
#6324=DIRECTION('center_axis',(1.48029741855498E-16,-1.,0.));
#6325=DIRECTION('ref_axis',(0.707106781186547,0.,-0.707106781186547));
#6326=DIRECTION('',(0.,1.,0.));
#6327=DIRECTION('center_axis',(7.40148709277491E-17,1.,0.));
#6328=DIRECTION('ref_axis',(0.707106781186547,0.,-0.707106781186547));
#6329=DIRECTION('',(0.,-1.,0.));
#6330=DIRECTION('center_axis',(1.,0.,0.));
#6331=DIRECTION('ref_axis',(0.,1.,0.));
#6332=DIRECTION('',(0.,0.,-1.));
#6333=DIRECTION('',(0.,-1.,0.));
#6334=DIRECTION('',(0.,0.,1.));
#6335=DIRECTION('center_axis',(0.,1.,0.));
#6336=DIRECTION('ref_axis',(0.707106781186547,0.,0.707106781186547));
#6337=DIRECTION('center_axis',(1.48029741855498E-16,-1.,0.));
#6338=DIRECTION('ref_axis',(0.707106781186547,0.,0.707106781186547));
#6339=DIRECTION('',(0.,1.,0.));
#6340=DIRECTION('center_axis',(7.40148709277491E-17,1.,0.));
#6341=DIRECTION('ref_axis',(0.707106781186547,0.,0.707106781186547));
#6342=DIRECTION('center_axis',(0.,0.,1.));
#6343=DIRECTION('ref_axis',(1.,0.,0.));
#6344=DIRECTION('',(1.,1.48029741855498E-16,0.));
#6345=DIRECTION('',(0.,-1.,0.));
#6346=DIRECTION('',(-1.,7.40148709277491E-17,0.));
#6347=DIRECTION('center_axis',(0.,-1.,0.));
#6348=DIRECTION('ref_axis',(-0.707106781186547,0.,0.707106781186547));
#6349=DIRECTION('center_axis',(-1.48029741855498E-16,1.,0.));
#6350=DIRECTION('ref_axis',(-0.707106781186547,0.,0.707106781186547));
#6351=DIRECTION('',(0.,1.,0.));
#6352=DIRECTION('center_axis',(-7.40148709277491E-17,-1.,0.));
#6353=DIRECTION('ref_axis',(-0.707106781186547,0.,0.707106781186547));
#6354=DIRECTION('',(0.,-1.,0.));
#6355=DIRECTION('center_axis',(0.,0.,1.));
#6356=DIRECTION('ref_axis',(1.,0.,0.));
#6357=DIRECTION('',(1.,1.67580849807342E-16,0.));
#6358=DIRECTION('',(0.,-1.,0.));
#6359=DIRECTION('',(-1.,8.3790424903671E-17,0.));
#6360=DIRECTION('center_axis',(1.48029741855498E-16,-1.,0.));
#6361=DIRECTION('ref_axis',(-1.,-1.48029741855498E-16,0.));
#6362=DIRECTION('',(0.,0.,1.));
#6363=DIRECTION('',(-1.,-1.48029741855498E-16,0.));
#6364=DIRECTION('',(0.,0.,1.));
#6365=DIRECTION('center_axis',(1.48029741855498E-16,-1.,0.));
#6366=DIRECTION('ref_axis',(-0.707106781186547,0.,0.707106781186547));
#6367=DIRECTION('',(-1.,-1.48029741855498E-16,0.));
#6368=DIRECTION('center_axis',(1.48029741855498E-16,-1.,0.));
#6369=DIRECTION('ref_axis',(0.707106781186547,0.,0.707106781186547));
#6370=DIRECTION('',(1.,1.48029741855498E-16,0.));
#6371=DIRECTION('',(0.,0.,1.));
#6372=DIRECTION('',(-1.,-1.48029741855498E-16,0.));
#6373=DIRECTION('center_axis',(1.48029741855498E-16,-1.,0.));
#6374=DIRECTION('ref_axis',(-0.658724631355539,0.,-0.752384117353303));
#6375=DIRECTION('',(0.132163720091018,1.95641613677357E-17,-0.991227900682635));
#6376=DIRECTION('center_axis',(-1.48029741855498E-16,1.,0.));
#6377=DIRECTION('ref_axis',(0.707106781186547,0.,0.707106781186547));
#6378=DIRECTION('center_axis',(0.,1.,0.));
#6379=DIRECTION('ref_axis',(-0.658724631355539,0.,-0.752384117353303));
#6380=DIRECTION('',(0.,1.,0.));
#6381=DIRECTION('center_axis',(7.40148709277491E-17,1.,0.));
#6382=DIRECTION('ref_axis',(-0.658724631355539,0.,-0.752384117353303));
#6383=DIRECTION('',(0.,-1.,0.));
#6384=DIRECTION('center_axis',(0.,0.,1.));
#6385=DIRECTION('ref_axis',(1.,0.,0.));
#6386=DIRECTION('',(0.,-1.,0.));
#6387=DIRECTION('',(1.,-7.40148709277491E-17,0.));
#6388=DIRECTION('center_axis',(0.,1.,0.));
#6389=DIRECTION('ref_axis',(0.707106781186547,0.,0.707106781186547));
#6390=DIRECTION('center_axis',(-7.40148709277491E-17,-1.,0.));
#6391=DIRECTION('ref_axis',(0.707106781186547,0.,0.707106781186547));
#6392=DIRECTION('',(0.,-1.,0.));
#6393=DIRECTION('center_axis',(7.40148709277491E-17,1.,0.));
#6394=DIRECTION('ref_axis',(1.,-7.40148709277491E-17,0.));
#6395=DIRECTION('',(-0.132163720091018,9.78208068386787E-18,0.991227900682635));
#6396=DIRECTION('',(0.,0.,1.));
#6397=DIRECTION('',(1.,-7.40148709277491E-17,0.));
#6398=DIRECTION('center_axis',(7.40148709277491E-17,1.,0.));
#6399=DIRECTION('ref_axis',(0.707106781186547,0.,0.707106781186547));
#6400=DIRECTION('',(1.,-7.40148709277491E-17,0.));
#6401=DIRECTION('center_axis',(7.40148709277491E-17,1.,0.));
#6402=DIRECTION('ref_axis',(-0.707106781186547,0.,0.707106781186547));
#6403=DIRECTION('',(0.,0.,-1.));
#6404=DIRECTION('',(1.,-7.40148709277491E-17,0.));
#6405=DIRECTION('',(0.,0.,1.));
#6406=DIRECTION('center_axis',(0.,-1.,0.));
#6407=DIRECTION('ref_axis',(-0.707106781186547,0.,0.707106781186547));
#6408=DIRECTION('',(0.,-1.,0.));
#6409=DIRECTION('center_axis',(3.70074354638746E-17,-1.,0.));
#6410=DIRECTION('ref_axis',(-0.707106781186547,0.,0.707106781186547));
#6411=DIRECTION('center_axis',(0.,0.,1.));
#6412=DIRECTION('ref_axis',(1.,0.,0.));
#6413=DIRECTION('',(0.,1.,0.));
#6414=DIRECTION('',(-1.,-3.70074354638746E-17,0.));
#6415=DIRECTION('center_axis',(0.,1.,0.));
#6416=DIRECTION('ref_axis',(0.707106781186547,0.,0.707106781186547));
#6417=DIRECTION('center_axis',(3.70074354638746E-17,-1.,0.));
#6418=DIRECTION('ref_axis',(0.707106781186547,0.,0.707106781186547));
#6419=DIRECTION('',(0.,-1.,0.));
#6420=DIRECTION('center_axis',(-3.46944695195361E-16,1.,0.));
#6421=DIRECTION('ref_axis',(0.707106781186547,0.,0.707106781186547));
#6422=DIRECTION('',(-3.46944695195361E-16,1.,0.));
#6423=DIRECTION('center_axis',(0.,0.,1.));
#6424=DIRECTION('ref_axis',(1.,0.,0.));
#6425=DIRECTION('',(9.34924652315921E-17,-1.,0.));
#6426=DIRECTION('center_axis',(9.34924652315921E-17,-1.,0.));
#6427=DIRECTION('ref_axis',(-0.707106781186547,0.,0.707106781186547));
#6428=DIRECTION('',(-9.34924652315921E-17,1.,0.));
#6429=DIRECTION('center_axis',(-0.816496580927727,-0.408248290463862,-0.408248290463862));
#6430=DIRECTION('ref_axis',(0.577350269189625,-0.577350269189628,-0.577350269189625));
#6431=DIRECTION('center_axis',(0.,0.,1.));
#6432=DIRECTION('ref_axis',(1.,0.,0.));
#6433=DIRECTION('center_axis',(3.5527136788005E-15,1.,0.));
#6434=DIRECTION('ref_axis',(0.,0.,-1.));
#6435=DIRECTION('center_axis',(-1.,0.,0.));
#6436=DIRECTION('ref_axis',(0.,-1.,0.));
#6437=DIRECTION('center_axis',(0.,1.,0.));
#6438=DIRECTION('ref_axis',(0.707106781186547,0.,-0.707106781186547));
#6439=DIRECTION('center_axis',(0.,-1.,0.));
#6440=DIRECTION('ref_axis',(0.707106781186547,0.,-0.707106781186547));
#6441=DIRECTION('',(0.,-1.,0.));
#6442=DIRECTION('',(0.,1.,0.));
#6443=DIRECTION('center_axis',(0.408248290463863,-0.816496580927725,0.408248290463865));
#6444=DIRECTION('ref_axis',(-0.577350269189626,-0.577350269189626,-0.577350269189627));
#6445=DIRECTION('center_axis',(1.,0.,0.));
#6446=DIRECTION('ref_axis',(0.,0.,-1.));
#6447=DIRECTION('center_axis',(0.,1.,0.));
#6448=DIRECTION('ref_axis',(-1.,0.,0.));
#6449=DIRECTION('center_axis',(0.,0.,1.));
#6450=DIRECTION('ref_axis',(0.,-1.,0.));
#6451=DIRECTION('center_axis',(9.34924652315921E-17,-1.,0.));
#6452=DIRECTION('ref_axis',(-0.707106781186547,0.,-0.707106781186547));
#6453=DIRECTION('center_axis',(0.,-1.,0.));
#6454=DIRECTION('ref_axis',(-0.707106781186547,0.,-0.707106781186547));
#6455=DIRECTION('',(9.34924652315921E-17,-1.,0.));
#6456=DIRECTION('',(-9.34924652315921E-17,1.,0.));
#6457=DIRECTION('center_axis',(0.,0.,1.));
#6458=DIRECTION('ref_axis',(-0.707106781186547,-0.707106781186547,0.));
#6459=DIRECTION('center_axis',(0.,0.,1.));
#6460=DIRECTION('ref_axis',(-0.707106781186547,-0.707106781186547,0.));
#6461=DIRECTION('',(0.,0.,-1.));
#6462=DIRECTION('',(0.,0.,1.));
#6463=DIRECTION('center_axis',(1.,0.,0.));
#6464=DIRECTION('ref_axis',(0.,-0.707106781186547,-0.707106781186547));
#6465=DIRECTION('',(-1.,0.,0.));
#6466=DIRECTION('',(1.,0.,0.));
#6467=DIRECTION('center_axis',(0.,0.,1.));
#6468=DIRECTION('ref_axis',(0.707106781186547,-0.707106781186547,0.));
#6469=DIRECTION('center_axis',(0.,0.,1.));
#6470=DIRECTION('ref_axis',(0.707106781186547,-0.707106781186547,0.));
#6471=DIRECTION('',(0.,0.,-1.));
#6472=DIRECTION('',(0.,0.,1.));
#6473=DIRECTION('center_axis',(0.,0.,1.));
#6474=DIRECTION('ref_axis',(1.,0.,0.));
#6475=DIRECTION('',(-1.,0.,0.));
#6476=DIRECTION('',(0.,-1.,0.));
#6477=DIRECTION('',(1.,0.,0.));
#6478=DIRECTION('',(0.,1.,0.));
#6479=DIRECTION('',(-1.,0.,0.));
#6480=DIRECTION('',(1.,0.,0.));
#6481=DIRECTION('',(-1.,0.,0.));
#6482=DIRECTION('',(0.,1.,0.));
#6483=DIRECTION('',(1.,0.,0.));
#6484=DIRECTION('',(0.,-1.,0.));
#6485=DIRECTION('',(-1.,0.,0.));
#6486=DIRECTION('',(0.,1.,0.));
#6487=DIRECTION('',(1.,0.,0.));
#6488=DIRECTION('',(1.,0.,0.));
#6489=DIRECTION('',(1.,0.,0.));
#6490=DIRECTION('',(0.,-1.,0.));
#6491=DIRECTION('',(-1.,0.,0.));
#6492=DIRECTION('center_axis',(0.,-1.,0.));
#6493=DIRECTION('ref_axis',(1.,0.,0.));
#6494=DIRECTION('center_axis',(0.,-1.,0.));
#6495=DIRECTION('ref_axis',(-0.707106781186547,0.,-0.707106781186547));
#6496=DIRECTION('',(0.,0.,1.));
#6497=DIRECTION('center_axis',(0.,-1.,0.));
#6498=DIRECTION('ref_axis',(-0.707106781186547,0.,0.707106781186547));
#6499=DIRECTION('',(0.,0.,1.));
#6500=DIRECTION('',(1.,0.,0.));
#6501=DIRECTION('',(0.,0.,-1.));
#6502=DIRECTION('',(0.,0.,1.));
#6503=DIRECTION('',(1.,0.,0.));
#6504=DIRECTION('',(0.,0.,-1.));
#6505=DIRECTION('center_axis',(0.,-1.,0.));
#6506=DIRECTION('ref_axis',(0.707106781186547,0.,0.707106781186547));
#6507=DIRECTION('',(0.,0.,-1.));
#6508=DIRECTION('center_axis',(0.,-1.,0.));
#6509=DIRECTION('ref_axis',(0.707106781186547,0.,-0.707106781186547));
#6510=DIRECTION('',(0.,0.,1.));
#6511=DIRECTION('',(-1.,0.,0.));
#6512=DIRECTION('',(0.,0.,1.));
#6513=DIRECTION('center_axis',(-1.,0.,0.));
#6514=DIRECTION('ref_axis',(0.,-1.,0.));
#6515=DIRECTION('',(0.,1.,0.));
#6516=DIRECTION('',(0.,0.,1.));
#6517=DIRECTION('',(0.,-1.,0.));
#6518=DIRECTION('',(0.,0.,-1.));
#6519=DIRECTION('',(0.,0.,1.));
#6520=DIRECTION('',(0.,-1.,0.));
#6521=DIRECTION('',(0.,0.,-1.));
#6522=DIRECTION('',(0.,0.,-1.));
#6523=DIRECTION('center_axis',(0.,-1.,0.));
#6524=DIRECTION('ref_axis',(0.707106781186547,0.,-0.707106781186547));
#6525=DIRECTION('center_axis',(0.,-1.,0.));
#6526=DIRECTION('ref_axis',(0.707106781186547,0.,-0.707106781186547));
#6527=DIRECTION('',(0.,-1.,0.));
#6528=DIRECTION('center_axis',(0.,1.,0.));
#6529=DIRECTION('ref_axis',(1.,0.,0.));
#6530=DIRECTION('center_axis',(1.,0.,0.));
#6531=DIRECTION('ref_axis',(0.,-1.,0.));
#6532=DIRECTION('center_axis',(0.,0.,-1.));
#6533=DIRECTION('ref_axis',(0.707106781186547,-0.707106781186547,0.));
#6534=DIRECTION('center_axis',(-1.,0.,0.));
#6535=DIRECTION('ref_axis',(0.,-0.707106781186547,-0.707106781186547));
#6536=DIRECTION('',(-1.,0.,0.));
#6537=DIRECTION('center_axis',(1.,0.,0.));
#6538=DIRECTION('ref_axis',(0.,-1.,0.));
#6539=DIRECTION('center_axis',(0.,-1.,0.));
#6540=DIRECTION('ref_axis',(-1.,0.,0.));
#6541=DIRECTION('center_axis',(0.,0.,-1.));
#6542=DIRECTION('ref_axis',(-0.707106781186547,-0.707106781186547,0.));
#6543=DIRECTION('center_axis',(0.,1.,0.));
#6544=DIRECTION('ref_axis',(-0.707106781186547,0.,-0.707106781186547));
#6545=DIRECTION('center_axis',(0.,-1.,0.));
#6546=DIRECTION('ref_axis',(-0.707106781186547,0.,-0.707106781186547));
#6547=DIRECTION('',(0.,1.,0.));
#6548=DIRECTION('center_axis',(-1.,0.,0.));
#6549=DIRECTION('ref_axis',(0.,1.,0.));
#6550=DIRECTION('',(0.,0.,-1.));
#6551=DIRECTION('',(0.,1.,0.));
#6552=DIRECTION('',(0.,0.,1.));
#6553=DIRECTION('center_axis',(-1.,0.,0.));
#6554=DIRECTION('ref_axis',(0.,-1.,0.));
#6555=DIRECTION('center_axis',(0.,0.,-1.));
#6556=DIRECTION('ref_axis',(-0.707106781186547,-0.707106781186547,0.));
#6557=DIRECTION('',(0.,0.,1.));
#6558=DIRECTION('center_axis',(0.,0.,-1.));
#6559=DIRECTION('ref_axis',(-0.707106781186547,-0.707106781186547,0.));
#6560=DIRECTION('center_axis',(0.,-1.,0.));
#6561=DIRECTION('ref_axis',(-1.,0.,0.));
#6562=DIRECTION('',(0.,0.,-1.));
#6563=DIRECTION('',(-1.,0.,0.));
#6564=DIRECTION('center_axis',(0.,0.,1.));
#6565=DIRECTION('ref_axis',(0.707106781186547,-0.707106781186547,0.));
#6566=DIRECTION('',(0.,0.,1.));
#6567=DIRECTION('center_axis',(0.,0.,-1.));
#6568=DIRECTION('ref_axis',(0.707106781186547,-0.707106781186547,0.));
#6569=DIRECTION('center_axis',(0.,1.,0.));
#6570=DIRECTION('ref_axis',(1.,0.,0.));
#6571=DIRECTION('',(1.,0.,0.));
#6572=DIRECTION('',(0.,0.,1.));
#6573=DIRECTION('center_axis',(0.,1.,0.));
#6574=DIRECTION('ref_axis',(-0.707106781186547,0.,0.707106781186547));
#6575=DIRECTION('',(0.,0.,-1.));
#6576=DIRECTION('center_axis',(0.,1.,0.));
#6577=DIRECTION('ref_axis',(-0.707106781186547,0.,-0.707106781186547));
#6578=DIRECTION('center_axis',(0.,1.,0.));
#6579=DIRECTION('ref_axis',(0.707106781186547,0.,-0.707106781186547));
#6580=DIRECTION('',(0.,0.,1.));
#6581=DIRECTION('center_axis',(0.,1.,0.));
#6582=DIRECTION('ref_axis',(0.707106781186547,0.,0.707106781186547));
#6583=DIRECTION('center_axis',(1.,0.,0.));
#6584=DIRECTION('ref_axis',(0.,-1.,0.));
#6585=DIRECTION('',(0.,-1.,0.));
#6586=DIRECTION('center_axis',(1.,0.,0.));
#6587=DIRECTION('ref_axis',(0.,1.,0.));
#6588=DIRECTION('center_axis',(1.,0.,0.));
#6589=DIRECTION('ref_axis',(0.,1.,0.));
#6590=DIRECTION('',(0.,-1.,0.));
#6591=DIRECTION('',(0.,0.,1.));
#6592=DIRECTION('',(0.,-1.,0.));
#6593=DIRECTION('',(0.,0.,1.));
#6594=DIRECTION('center_axis',(0.,0.,1.));
#6595=DIRECTION('ref_axis',(1.,0.,0.));
#6596=DIRECTION('center_axis',(0.,0.,1.));
#6597=DIRECTION('ref_axis',(1.,0.,0.));
#6598=DIRECTION('center_axis',(0.,0.,-1.));
#6599=DIRECTION('ref_axis',(1.,0.,0.));
#6600=DIRECTION('',(-9.34924652315921E-17,1.,0.));
#6601=DIRECTION('center_axis',(1.,9.34924652315921E-17,0.));
#6602=DIRECTION('ref_axis',(-9.34924652315921E-17,1.,0.));
#6603=DIRECTION('',(9.34924652315921E-17,-1.,0.));
#6604=DIRECTION('',(0.,0.,1.));
#6605=DIRECTION('',(-9.34924652315921E-17,1.,0.));
#6606=DIRECTION('',(0.,0.,-1.));
#6607=DIRECTION('',(0.,0.,1.));
#6608=DIRECTION('',(0.,0.,-1.));
#6609=DIRECTION('',(-9.34924652315921E-17,1.,0.));
#6610=DIRECTION('center_axis',(1.,0.,0.));
#6611=DIRECTION('ref_axis',(0.,1.,0.));
#6612=DIRECTION('',(0.,-1.,0.));
#6613=DIRECTION('',(0.,0.,1.));
#6614=DIRECTION('',(0.,-1.,0.));
#6615=DIRECTION('',(0.,0.,1.));
#6616=DIRECTION('center_axis',(0.,0.,1.));
#6617=DIRECTION('ref_axis',(1.,0.,0.));
#6618=DIRECTION('center_axis',(0.,0.,1.));
#6619=DIRECTION('ref_axis',(1.,0.,0.));
#6620=DIRECTION('center_axis',(0.,0.,-1.));
#6621=DIRECTION('ref_axis',(1.,0.,0.));
#6622=DIRECTION('center_axis',(0.,0.,1.));
#6623=DIRECTION('ref_axis',(1.,0.,0.));
#6624=DIRECTION('center_axis',(0.,0.,1.));
#6625=DIRECTION('ref_axis',(1.,0.,0.));
#6626=DIRECTION('',(1.,0.,0.));
#6627=DIRECTION('',(-1.,0.,0.));
#6628=DIRECTION('',(1.,0.,0.));
#6629=DIRECTION('center_axis',(0.,0.,1.));
#6630=DIRECTION('ref_axis',(1.,0.,0.));
#6631=DIRECTION('',(-1.07009448156642E-16,1.,0.));
#6632=DIRECTION('',(1.07009448156642E-16,-1.,0.));
#6633=DIRECTION('',(-1.07009448156642E-16,1.,0.));
#6634=DIRECTION('center_axis',(0.,0.,1.));
#6635=DIRECTION('ref_axis',(1.,0.,0.));
#6636=DIRECTION('',(-1.,1.08314441426845E-16,0.));
#6637=DIRECTION('',(1.,-1.08314441426845E-16,0.));
#6638=DIRECTION('',(-1.,1.08314441426845E-16,0.));
#6639=DIRECTION('center_axis',(0.,0.,1.));
#6640=DIRECTION('ref_axis',(1.,0.,0.));
#6641=DIRECTION('',(0.,1.,0.));
#6642=DIRECTION('center_axis',(-1.,-1.07009448156642E-16,0.));
#6643=DIRECTION('ref_axis',(1.07009448156642E-16,-1.,0.));
#6644=DIRECTION('',(-1.07009448156642E-16,1.,0.));
#6645=DIRECTION('',(0.,0.,1.));
#6646=DIRECTION('',(0.,0.,1.));
#6647=DIRECTION('center_axis',(0.,0.,1.));
#6648=DIRECTION('ref_axis',(1.,0.,0.));
#6649=DIRECTION('center_axis',(0.,0.,1.));
#6650=DIRECTION('ref_axis',(1.,0.,0.));
#6651=DIRECTION('center_axis',(0.,0.,-1.));
#6652=DIRECTION('ref_axis',(1.,0.,0.));
#6653=DIRECTION('center_axis',(-1.,-1.07009448156642E-16,0.));
#6654=DIRECTION('ref_axis',(1.07009448156642E-16,-1.,0.));
#6655=DIRECTION('',(-1.07009448156642E-16,1.,0.));
#6656=DIRECTION('',(0.,0.,1.));
#6657=DIRECTION('',(0.,0.,1.));
#6658=DIRECTION('center_axis',(0.,0.,1.));
#6659=DIRECTION('ref_axis',(1.,0.,0.));
#6660=DIRECTION('center_axis',(0.,0.,1.));
#6661=DIRECTION('ref_axis',(1.,0.,0.));
#6662=DIRECTION('center_axis',(0.,0.,-1.));
#6663=DIRECTION('ref_axis',(1.,0.,0.));
#6664=DIRECTION('center_axis',(0.,1.,0.));
#6665=DIRECTION('ref_axis',(-1.,0.,0.));
#6666=DIRECTION('',(1.,0.,0.));
#6667=DIRECTION('',(0.,0.,1.));
#6668=DIRECTION('',(0.,0.,1.));
#6669=DIRECTION('center_axis',(0.,0.,1.));
#6670=DIRECTION('ref_axis',(1.,0.,0.));
#6671=DIRECTION('',(-1.,0.,0.));
#6672=DIRECTION('center_axis',(0.,0.,-1.));
#6673=DIRECTION('ref_axis',(1.,0.,0.));
#6674=DIRECTION('center_axis',(0.,0.,1.));
#6675=DIRECTION('ref_axis',(1.,0.,0.));
#6676=DIRECTION('center_axis',(0.,1.,0.));
#6677=DIRECTION('ref_axis',(-1.,0.,0.));
#6678=DIRECTION('',(1.,0.,0.));
#6679=DIRECTION('',(0.,0.,1.));
#6680=DIRECTION('',(0.,0.,-1.));
#6681=DIRECTION('',(0.,0.,1.));
#6682=DIRECTION('',(-1.,0.,0.));
#6683=DIRECTION('',(0.,0.,-1.));
#6684=DIRECTION('center_axis',(-1.08314441426845E-16,-1.,0.));
#6685=DIRECTION('ref_axis',(1.,-1.08314441426845E-16,0.));
#6686=DIRECTION('',(-1.,1.08314441426845E-16,0.));
#6687=DIRECTION('',(0.,0.,1.));
#6688=DIRECTION('',(0.,0.,1.));
#6689=DIRECTION('center_axis',(0.,0.,1.));
#6690=DIRECTION('ref_axis',(1.,0.,0.));
#6691=DIRECTION('center_axis',(0.,0.,1.));
#6692=DIRECTION('ref_axis',(1.,0.,0.));
#6693=DIRECTION('center_axis',(0.,0.,-1.));
#6694=DIRECTION('ref_axis',(1.,0.,0.));
#6695=DIRECTION('center_axis',(-1.08314441426845E-16,-1.,0.));
#6696=DIRECTION('ref_axis',(1.,-1.08314441426845E-16,0.));
#6697=DIRECTION('',(-1.,1.08314441426845E-16,0.));
#6698=DIRECTION('',(0.,0.,1.));
#6699=DIRECTION('',(0.,0.,1.));
#6700=DIRECTION('center_axis',(0.,0.,1.));
#6701=DIRECTION('ref_axis',(1.,0.,0.));
#6702=DIRECTION('center_axis',(0.,0.,1.));
#6703=DIRECTION('ref_axis',(1.,0.,0.));
#6704=DIRECTION('center_axis',(0.,0.,-1.));
#6705=DIRECTION('ref_axis',(1.,0.,0.));
#6706=DIRECTION('center_axis',(0.,1.,0.));
#6707=DIRECTION('ref_axis',(-1.,0.,0.));
#6708=DIRECTION('',(1.,0.,0.));
#6709=DIRECTION('',(0.,0.,1.));
#6710=DIRECTION('',(0.,0.,1.));
#6711=DIRECTION('center_axis',(0.,0.,1.));
#6712=DIRECTION('ref_axis',(1.,0.,0.));
#6713=DIRECTION('center_axis',(0.,0.,1.));
#6714=DIRECTION('ref_axis',(1.,0.,0.));
#6715=DIRECTION('center_axis',(0.,0.,-1.));
#6716=DIRECTION('ref_axis',(1.,0.,0.));
#6717=DIRECTION('center_axis',(1.,1.07009448156642E-16,0.));
#6718=DIRECTION('ref_axis',(1.07009448156642E-16,-1.,0.));
#6719=DIRECTION('',(0.,0.,-1.));
#6720=DIRECTION('',(0.,0.,-1.));
#6721=DIRECTION('center_axis',(0.,0.,-1.));
#6722=DIRECTION('ref_axis',(1.,0.,0.));
#6723=DIRECTION('center_axis',(0.,0.,-1.));
#6724=DIRECTION('ref_axis',(1.,0.,0.));
#6725=DIRECTION('center_axis',(0.,0.,-1.));
#6726=DIRECTION('ref_axis',(1.,0.,0.));
#6727=DIRECTION('',(0.,0.,-1.));
#6728=DIRECTION('center_axis',(1.08314441426845E-16,1.,0.));
#6729=DIRECTION('ref_axis',(1.,-1.08314441426845E-16,0.));
#6730=DIRECTION('',(0.,0.,-1.));
#6731=DIRECTION('center_axis',(0.,0.,-1.));
#6732=DIRECTION('ref_axis',(1.,0.,0.));
#6733=DIRECTION('center_axis',(0.,0.,-1.));
#6734=DIRECTION('ref_axis',(1.,0.,0.));
#6735=DIRECTION('center_axis',(0.,0.,-1.));
#6736=DIRECTION('ref_axis',(1.,0.,0.));
#6737=DIRECTION('',(0.,0.,-1.));
#6738=DIRECTION('center_axis',(-1.,0.,0.));
#6739=DIRECTION('ref_axis',(0.,1.,0.));
#6740=DIRECTION('',(0.,0.,-1.));
#6741=DIRECTION('center_axis',(0.,0.,-1.));
#6742=DIRECTION('ref_axis',(1.,0.,0.));
#6743=DIRECTION('center_axis',(0.,0.,-1.));
#6744=DIRECTION('ref_axis',(1.,0.,0.));
#6745=DIRECTION('center_axis',(0.,0.,-1.));
#6746=DIRECTION('ref_axis',(1.,0.,0.));
#6747=DIRECTION('',(0.,0.,-1.));
#6748=DIRECTION('center_axis',(0.,-1.,0.));
#6749=DIRECTION('ref_axis',(-1.,0.,0.));
#6750=DIRECTION('',(0.,0.,-1.));
#6751=DIRECTION('center_axis',(0.,0.,-1.));
#6752=DIRECTION('ref_axis',(1.,0.,0.));
#6753=DIRECTION('center_axis',(0.,0.,-1.));
#6754=DIRECTION('ref_axis',(1.,0.,0.));
#6755=DIRECTION('center_axis',(0.,0.,-1.));
#6756=DIRECTION('ref_axis',(1.,0.,0.));
#6757=DIRECTION('center_axis',(0.,-1.,0.));
#6758=DIRECTION('ref_axis',(-0.707106781186546,0.,-0.707106781186549));
#6759=DIRECTION('center_axis',(0.,1.,0.));
#6760=DIRECTION('ref_axis',(-0.707106781186546,0.,-0.707106781186549));
#6761=DIRECTION('',(0.,-1.,0.));
#6762=DIRECTION('center_axis',(-0.707106781186548,-0.707106781186548,0.));
#6763=DIRECTION('ref_axis',(-0.707106781186547,0.707106781186547,0.));
#6764=DIRECTION('center_axis',(0.,1.,0.));
#6765=DIRECTION('ref_axis',(0.707106781186546,0.,-0.707106781186549));
#6766=DIRECTION('',(0.,1.,0.));
#6767=DIRECTION('center_axis',(0.,1.,0.));
#6768=DIRECTION('ref_axis',(0.707106781186546,0.,-0.707106781186549));
#6769=DIRECTION('center_axis',(0.707106781186548,-0.707106781186548,0.));
#6770=DIRECTION('ref_axis',(-0.707106781186547,-0.707106781186547,0.));
#6771=DIRECTION('center_axis',(-1.,0.,0.));
#6772=DIRECTION('ref_axis',(0.,0.707106781186546,-0.707106781186549));
#6773=DIRECTION('',(-1.,0.,0.));
#6774=DIRECTION('center_axis',(0.,-1.,0.));
#6775=DIRECTION('ref_axis',(-0.534522483824847,0.,0.845154254728518));
#6776=DIRECTION('',(0.,1.,0.));
#6777=DIRECTION('center_axis',(0.,-1.,0.));
#6778=DIRECTION('ref_axis',(-0.534522483824847,0.,0.845154254728518));
#6779=DIRECTION('',(0.,-1.,0.));
#6780=DIRECTION('center_axis',(0.,1.,0.));
#6781=DIRECTION('ref_axis',(-0.534522483824847,0.,0.845154254728518));
#6782=DIRECTION('center_axis',(0.,-1.,0.));
#6783=DIRECTION('ref_axis',(0.534522483824847,0.,0.845154254728518));
#6784=DIRECTION('',(0.,1.,0.));
#6785=DIRECTION('center_axis',(0.,-1.,0.));
#6786=DIRECTION('ref_axis',(0.534522483824847,0.,0.845154254728518));
#6787=DIRECTION('',(0.,-1.,0.));
#6788=DIRECTION('center_axis',(0.,1.,0.));
#6789=DIRECTION('ref_axis',(0.534522483824847,0.,0.845154254728518));
#6790=DIRECTION('center_axis',(0.,1.,0.));
#6791=DIRECTION('ref_axis',(0.,0.,-1.));
#6792=DIRECTION('center_axis',(0.,-1.,0.));
#6793=DIRECTION('ref_axis',(0.,0.,-1.));
#6794=DIRECTION('center_axis',(0.,1.,0.));
#6795=DIRECTION('ref_axis',(0.,0.,-1.));
#6796=DIRECTION('center_axis',(0.,-1.,0.));
#6797=DIRECTION('ref_axis',(1.,0.,0.));
#6798=DIRECTION('center_axis',(0.,-1.,0.));
#6799=DIRECTION('ref_axis',(1.,0.,0.));
#6800=DIRECTION('center_axis',(-1.,0.,0.));
#6801=DIRECTION('ref_axis',(0.,1.,0.));
#6802=DIRECTION('',(0.,0.,-1.));
#6803=DIRECTION('',(0.,0.,-1.));
#6804=DIRECTION('',(0.,0.,1.));
#6805=DIRECTION('',(0.,0.,1.));
#6806=DIRECTION('center_axis',(0.,-1.,0.));
#6807=DIRECTION('ref_axis',(1.,0.,0.));
#6808=DIRECTION('',(0.,0.,-1.));
#6809=DIRECTION('center_axis',(0.,-1.,0.));
#6810=DIRECTION('ref_axis',(1.,0.,0.));
#6811=DIRECTION('',(0.,0.,1.));
#6812=DIRECTION('center_axis',(1.,0.,0.));
#6813=DIRECTION('ref_axis',(0.,-1.,0.));
#6814=DIRECTION('',(0.,0.,-1.));
#6815=DIRECTION('',(0.,0.,-1.));
#6816=DIRECTION('center_axis',(0.,1.,0.));
#6817=DIRECTION('ref_axis',(1.,0.,0.));
#6818=DIRECTION('center_axis',(0.,-1.,0.));
#6819=DIRECTION('ref_axis',(-1.,0.,0.));
#6820=DIRECTION('center_axis',(1.,0.,0.));
#6821=DIRECTION('ref_axis',(0.,-1.,0.));
#6822=DIRECTION('',(0.,0.,-1.));
#6823=DIRECTION('',(0.,0.,-1.));
#6824=DIRECTION('center_axis',(0.,1.,0.));
#6825=DIRECTION('ref_axis',(1.,0.,0.));
#6826=DIRECTION('',(0.,0.,-1.));
#6827=DIRECTION('center_axis',(-1.,0.,0.));
#6828=DIRECTION('ref_axis',(0.,1.,0.));
#6829=DIRECTION('',(0.,0.,-1.));
#6830=DIRECTION('center_axis',(0.,-1.,0.));
#6831=DIRECTION('ref_axis',(-1.,0.,0.));
#6832=DIRECTION('center_axis',(0.,1.,0.));
#6833=DIRECTION('ref_axis',(-0.707106781186547,0.,0.707106781186547));
#6834=DIRECTION('',(0.,1.,0.));
#6835=DIRECTION('center_axis',(-1.,0.,0.));
#6836=DIRECTION('ref_axis',(0.,0.,1.));
#6837=DIRECTION('',(0.,-1.,0.));
#6838=DIRECTION('center_axis',(0.,1.,0.));
#6839=DIRECTION('ref_axis',(0.707106781186547,0.,0.707106781186547));
#6840=DIRECTION('',(0.,-1.,0.));
#6841=DIRECTION('center_axis',(0.,1.,0.));
#6842=DIRECTION('ref_axis',(-0.707106781186547,0.,-0.707106781186547));
#6843=DIRECTION('center_axis',(0.,1.,0.));
#6844=DIRECTION('ref_axis',(0.707106781186547,0.,-0.707106781186547));
#6845=DIRECTION('',(0.,1.,0.));
#6846=DIRECTION('center_axis',(1.,0.,0.));
#6847=DIRECTION('ref_axis',(0.,0.,-1.));
#6848=DIRECTION('center_axis',(0.991227900682635,0.,0.132163720091018));
#6849=DIRECTION('ref_axis',(0.132163720091018,0.,-0.991227900682635));
#6850=DIRECTION('center_axis',(-0.991227900682635,-3.30351681197364E-16,
0.132163720091018));
#6851=DIRECTION('ref_axis',(0.132163720091018,0.,0.991227900682635));
#6852=DIRECTION('',(0.132163720091018,4.89104034193391E-18,0.991227900682635));
#6853=DIRECTION('center_axis',(-1.,-3.33275204390291E-16,0.));
#6854=DIRECTION('ref_axis',(3.33275204390291E-16,-1.,0.));
#6855=DIRECTION('',(0.,0.,1.));
#6856=DIRECTION('center_axis',(1.,0.,0.));
#6857=DIRECTION('ref_axis',(0.,1.,0.));
#6858=DIRECTION('',(0.,0.,1.));
#6859=DIRECTION('center_axis',(-1.,0.,0.));
#6860=DIRECTION('ref_axis',(0.,-1.,0.));
#6861=DIRECTION('center_axis',(0.,0.,1.));
#6862=DIRECTION('ref_axis',(1.,0.,0.));
#6863=DIRECTION('center_axis',(-1.,0.,0.));
#6864=DIRECTION('ref_axis',(0.,0.,1.));
#6865=DIRECTION('center_axis',(1.,0.,0.));
#6866=DIRECTION('ref_axis',(0.,1.,0.));
#6867=DIRECTION('center_axis',(0.,-1.,1.22464679914735E-16));
#6868=DIRECTION('ref_axis',(0.,-1.22464679914735E-16,-1.));
#6869=DIRECTION('center_axis',(1.,0.,0.));
#6870=DIRECTION('ref_axis',(0.,0.,-1.));
#6871=DIRECTION('center_axis',(-1.,0.,0.));
#6872=DIRECTION('ref_axis',(0.,-1.,0.));
#6873=DIRECTION('center_axis',(0.,-1.,-1.22464679914735E-16));
#6874=DIRECTION('ref_axis',(0.,-1.22464679914735E-16,1.));
#6875=DIRECTION('center_axis',(-1.,0.,0.));
#6876=DIRECTION('ref_axis',(0.,-1.,0.));
#6877=DIRECTION('center_axis',(1.,0.,0.));
#6878=DIRECTION('ref_axis',(0.,-1.,0.));
#6879=DIRECTION('center_axis',(-1.,0.,0.));
#6880=DIRECTION('ref_axis',(0.,1.,0.));
#6881=DIRECTION('center_axis',(-1.,0.,0.));
#6882=DIRECTION('ref_axis',(0.,-1.,0.));
#6883=DIRECTION('center_axis',(1.,0.,0.));
#6884=DIRECTION('ref_axis',(0.,-1.,0.));
#6885=DIRECTION('',(1.,0.,0.));
#6886=DIRECTION('center_axis',(-1.,0.,0.));
#6887=DIRECTION('ref_axis',(0.,-1.,0.));
#6888=DIRECTION('center_axis',(1.,0.,0.));
#6889=DIRECTION('ref_axis',(0.,1.,0.));
#6890=DIRECTION('center_axis',(-1.,0.,0.));
#6891=DIRECTION('ref_axis',(0.,1.,0.));
#6892=DIRECTION('',(-1.,0.,0.));
#6893=DIRECTION('center_axis',(1.,0.,0.));
#6894=DIRECTION('ref_axis',(0.,1.,0.));
#6895=DIRECTION('center_axis',(1.,0.,0.));
#6896=DIRECTION('ref_axis',(0.,1.,0.));
#6897=DIRECTION('center_axis',(1.,0.,0.));
#6898=DIRECTION('ref_axis',(0.,1.,0.));
#6899=DIRECTION('',(1.,0.,0.));
#6900=DIRECTION('center_axis',(-1.,0.,0.));
#6901=DIRECTION('ref_axis',(0.,1.,0.));
#6902=DIRECTION('center_axis',(1.,0.,0.));
#6903=DIRECTION('ref_axis',(0.,1.,0.));
#6904=DIRECTION('center_axis',(1.,0.,0.));
#6905=DIRECTION('ref_axis',(0.,1.,0.));
#6906=DIRECTION('',(1.,0.,0.));
#6907=DIRECTION('center_axis',(-1.,0.,0.));
#6908=DIRECTION('ref_axis',(0.,1.,0.));
#6909=DIRECTION('center_axis',(0.,0.,-1.));
#6910=DIRECTION('ref_axis',(-1.,0.,0.));
#6911=DIRECTION('',(1.,0.,0.));
#6912=DIRECTION('',(0.,1.,0.));
#6913=DIRECTION('',(-1.,-2.77555756156289E-16,0.));
#6914=DIRECTION('',(0.,-1.,0.));
#6915=DIRECTION('center_axis',(0.,0.,1.));
#6916=DIRECTION('ref_axis',(1.,0.,0.));
#6917=DIRECTION('',(1.,2.77555756156289E-16,0.));
#6918=DIRECTION('',(0.,-1.,0.));
#6919=DIRECTION('',(-1.,0.,0.));
#6920=DIRECTION('',(0.,1.,0.));
#6921=DIRECTION('center_axis',(0.,0.,-1.));
#6922=DIRECTION('ref_axis',(-1.,0.,0.));
#6923=DIRECTION('',(-1.,1.38777878078145E-16,0.));
#6924=DIRECTION('',(0.,-1.,0.));
#6925=DIRECTION('',(1.,1.38777878078145E-16,0.));
#6926=DIRECTION('',(0.,1.,0.));
#6927=DIRECTION('center_axis',(0.,0.,1.));
#6928=DIRECTION('ref_axis',(1.,0.,0.));
#6929=DIRECTION('',(-1.,-1.38777878078145E-16,0.));
#6930=DIRECTION('',(0.,1.,0.));
#6931=DIRECTION('',(1.,-1.38777878078145E-16,0.));
#6932=DIRECTION('',(0.,-1.,0.));
#6933=DIRECTION('center_axis',(0.,0.,1.));
#6934=DIRECTION('ref_axis',(1.,0.,0.));
#6935=DIRECTION('',(0.,1.,0.));
#6936=DIRECTION('',(1.,8.3790416952842E-16,0.));
#6937=DIRECTION('',(0.,-1.,0.));
#6938=DIRECTION('',(-1.,5.86532918669894E-16,0.));
#6939=DIRECTION('center_axis',(0.,0.,1.));
#6940=DIRECTION('ref_axis',(1.,0.,0.));
#6941=DIRECTION('',(0.,-1.,0.));
#6942=DIRECTION('',(-1.,5.86532918669894E-16,0.));
#6943=DIRECTION('',(0.,-1.,0.));
#6944=DIRECTION('',(1.,8.3790416952842E-16,0.));
#6945=DIRECTION('center_axis',(0.,0.,1.));
#6946=DIRECTION('ref_axis',(1.,0.,0.));
#6947=DIRECTION('',(0.,-1.,0.));
#6948=DIRECTION('',(-1.,-7.96008961051999E-16,0.));
#6949=DIRECTION('',(0.,1.,0.));
#6950=DIRECTION('',(1.,-6.28428127146315E-16,0.));
#6951=DIRECTION('center_axis',(0.,0.,1.));
#6952=DIRECTION('ref_axis',(1.,0.,0.));
#6953=DIRECTION('',(0.,1.,0.));
#6954=DIRECTION('',(1.,-6.28428127146315E-16,0.));
#6955=DIRECTION('',(0.,1.,0.));
#6956=DIRECTION('',(-1.,-7.96008961051999E-16,0.));
#6957=DIRECTION('center_axis',(0.,0.,1.));
#6958=DIRECTION('ref_axis',(1.,0.,0.));
#6959=DIRECTION('',(0.,1.,0.));
#6960=DIRECTION('',(1.,-6.28428127146315E-16,0.));
#6961=DIRECTION('',(0.,-1.,0.));
#6962=DIRECTION('',(1.,7.96008961051999E-16,0.));
#6963=DIRECTION('center_axis',(0.,0.,1.));
#6964=DIRECTION('ref_axis',(1.,0.,0.));
#6965=DIRECTION('',(0.,-1.,0.));
#6966=DIRECTION('',(-1.,5.86532918669894E-16,0.));
#6967=DIRECTION('',(0.,1.,0.));
#6968=DIRECTION('',(-1.,-8.3790416952842E-16,0.));
#6969=DIRECTION('center_axis',(-5.86532918669894E-16,-1.,0.));
#6970=DIRECTION('ref_axis',(1.,-5.86532918669894E-16,0.));
#6971=DIRECTION('',(0.,0.,1.));
#6972=DIRECTION('',(-1.,5.86532918669894E-16,0.));
#6973=DIRECTION('',(0.,0.,-1.));
#6974=DIRECTION('center_axis',(-8.3790416952842E-16,1.,0.));
#6975=DIRECTION('ref_axis',(-1.,-8.3790416952842E-16,0.));
#6976=DIRECTION('',(0.,0.,1.));
#6977=DIRECTION('',(-1.,-8.3790416952842E-16,0.));
#6978=DIRECTION('',(0.,0.,1.));
#6979=DIRECTION('center_axis',(-1.,0.,0.));
#6980=DIRECTION('ref_axis',(0.,-1.,0.));
#6981=DIRECTION('',(0.,0.,-1.));
#6982=DIRECTION('',(0.,0.,1.));
#6983=DIRECTION('',(0.,1.,0.));
#6984=DIRECTION('center_axis',(-2.77555756156289E-16,1.,0.));
#6985=DIRECTION('ref_axis',(-1.,-2.77555756156289E-16,0.));
#6986=DIRECTION('',(0.,0.,1.));
#6987=DIRECTION('center_axis',(1.,0.,0.));
#6988=DIRECTION('ref_axis',(0.,1.,0.));
#6989=DIRECTION('',(0.,0.,1.));
#6990=DIRECTION('',(0.,0.,1.));
#6991=DIRECTION('',(0.,0.,1.));
#6992=DIRECTION('center_axis',(-8.3790416952842E-16,1.,0.));
#6993=DIRECTION('ref_axis',(-1.,-8.3790416952842E-16,0.));
#6994=DIRECTION('',(0.,0.,1.));
#6995=DIRECTION('center_axis',(1.,0.,0.));
#6996=DIRECTION('ref_axis',(0.,1.,0.));
#6997=DIRECTION('',(0.,0.,1.));
#6998=DIRECTION('center_axis',(-5.86532918669894E-16,-1.,0.));
#6999=DIRECTION('ref_axis',(1.,-5.86532918669894E-16,0.));
#7000=DIRECTION('center_axis',(0.,-1.,0.));
#7001=DIRECTION('ref_axis',(1.,0.,0.));
#7002=DIRECTION('center_axis',(1.38777878078145E-16,1.,0.));
#7003=DIRECTION('ref_axis',(-1.,1.38777878078145E-16,0.));
#7004=DIRECTION('',(0.,0.,1.));
#7005=DIRECTION('',(0.,0.,1.));
#7006=DIRECTION('center_axis',(6.28428127146315E-16,1.,0.));
#7007=DIRECTION('ref_axis',(-1.,6.28428127146315E-16,0.));
#7008=DIRECTION('',(0.,0.,1.));
#7009=DIRECTION('',(1.,-6.28428127146315E-16,0.));
#7010=DIRECTION('',(0.,0.,-1.));
#7011=DIRECTION('center_axis',(7.96008961051999E-16,-1.,0.));
#7012=DIRECTION('ref_axis',(1.,7.96008961051999E-16,0.));
#7013=DIRECTION('',(0.,0.,1.));
#7014=DIRECTION('',(1.,7.96008961051999E-16,0.));
#7015=DIRECTION('',(0.,0.,1.));
#7016=DIRECTION('center_axis',(1.,0.,0.));
#7017=DIRECTION('ref_axis',(0.,1.,0.));
#7018=DIRECTION('',(0.,0.,1.));
#7019=DIRECTION('',(0.,-1.,0.));
#7020=DIRECTION('center_axis',(1.38777878078145E-16,-1.,0.));
#7021=DIRECTION('ref_axis',(1.,1.38777878078145E-16,0.));
#7022=DIRECTION('',(0.,0.,1.));
#7023=DIRECTION('center_axis',(-1.,0.,0.));
#7024=DIRECTION('ref_axis',(0.,-1.,0.));
#7025=DIRECTION('',(0.,0.,1.));
#7026=DIRECTION('',(0.,0.,1.));
#7027=DIRECTION('center_axis',(7.96008961051999E-16,-1.,0.));
#7028=DIRECTION('ref_axis',(1.,7.96008961051999E-16,0.));
#7029=DIRECTION('',(0.,0.,1.));
#7030=DIRECTION('center_axis',(-1.,0.,0.));
#7031=DIRECTION('ref_axis',(0.,-1.,0.));
#7032=DIRECTION('',(0.,0.,1.));
#7033=DIRECTION('center_axis',(6.28428127146315E-16,1.,0.));
#7034=DIRECTION('ref_axis',(-1.,6.28428127146315E-16,0.));
#7035=DIRECTION('center_axis',(-1.,0.,0.));
#7036=DIRECTION('ref_axis',(0.,-1.,0.));
#7037=DIRECTION('',(0.,1.,0.));
#7038=DIRECTION('',(0.,0.,1.));
#7039=DIRECTION('',(0.,1.,0.));
#7040=DIRECTION('center_axis',(1.,0.,0.));
#7041=DIRECTION('ref_axis',(0.,1.,0.));
#7042=DIRECTION('',(0.,-1.,0.));
#7043=DIRECTION('',(0.,-1.,0.));
#7044=DIRECTION('center_axis',(3.70074354638746E-17,-1.,0.));
#7045=DIRECTION('ref_axis',(-1.,-3.70074354638746E-17,0.));
#7046=DIRECTION('',(-1.,-3.70074354638746E-17,0.));
#7047=DIRECTION('center_axis',(1.48029736616688E-16,-1.,0.));
#7048=DIRECTION('ref_axis',(0.707106781186548,0.,-0.707106781186547));
#7049=DIRECTION('center_axis',(4.29763751467803E-16,1.,0.));
#7050=DIRECTION('ref_axis',(0.707106781186548,0.,-0.707106781186547));
#7051=DIRECTION('',(-1.48029736616688E-16,1.,0.));
#7052=DIRECTION('center_axis',(0.,-1.,0.));
#7053=DIRECTION('ref_axis',(0.707106781186548,0.,-0.707106781186547));
#7054=DIRECTION('',(1.48029736616688E-16,-1.,0.));
#7055=DIRECTION('center_axis',(4.29763751467803E-16,1.,0.));
#7056=DIRECTION('ref_axis',(-1.,4.29763751467803E-16,0.));
#7057=DIRECTION('',(-1.,4.29763751467803E-16,0.));
#7058=DIRECTION('center_axis',(4.29763751467803E-16,1.,0.));
#7059=DIRECTION('ref_axis',(-0.707106781186548,0.,-0.707106781186547));
#7060=DIRECTION('',(0.,0.,-1.));
#7061=DIRECTION('',(1.,-4.29763751467803E-16,0.));
#7062=DIRECTION('',(0.,0.,-1.));
#7063=DIRECTION('center_axis',(0.,0.,1.));
#7064=DIRECTION('ref_axis',(1.,0.,0.));
#7065=DIRECTION('',(1.,0.,0.));
#7066=DIRECTION('',(0.,1.,0.));
#7067=DIRECTION('center_axis',(0.,1.,0.));
#7068=DIRECTION('ref_axis',(-0.707106781186548,0.,-0.707106781186547));
#7069=DIRECTION('center_axis',(0.,-1.,0.));
#7070=DIRECTION('ref_axis',(-0.707106781186548,0.,-0.707106781186547));
#7071=DIRECTION('',(0.,-1.,0.));
#7072=DIRECTION('center_axis',(0.,-1.,0.));
#7073=DIRECTION('ref_axis',(1.,0.,0.));
#7074=DIRECTION('',(0.,0.,-1.));
#7075=DIRECTION('',(-1.,0.,0.));
#7076=DIRECTION('',(0.,0.,1.));
#7077=DIRECTION('center_axis',(0.,0.,1.));
#7078=DIRECTION('ref_axis',(1.,0.,0.));
#7079=DIRECTION('',(1.48029736616688E-16,-1.,0.));
#7080=DIRECTION('',(1.,0.,0.));
#7081=DIRECTION('',(0.,1.,0.));
#7082=DIRECTION('center_axis',(-1.,-1.48029736616688E-16,0.));
#7083=DIRECTION('ref_axis',(1.48029736616688E-16,-1.,0.));
#7084=DIRECTION('',(-1.48029736616688E-16,1.,0.));
#7085=DIRECTION('',(0.,0.,1.));
#7086=DIRECTION('center_axis',(1.,0.,0.));
#7087=DIRECTION('ref_axis',(0.,1.,0.));
#7088=DIRECTION('',(0.,0.,1.));
#7089=DIRECTION('',(0.,-1.,0.));
#7090=DIRECTION('center_axis',(0.,1.,0.));
#7091=DIRECTION('ref_axis',(-1.,0.,0.));
#7092=DIRECTION('',(1.,0.,0.));
#7093=DIRECTION('',(1.,0.,0.));
#7094=DIRECTION('center_axis',(0.,-1.,0.));
#7095=DIRECTION('ref_axis',(1.,0.,0.));
#7096=DIRECTION('',(-1.,0.,0.));
#7097=DIRECTION('center_axis',(0.,0.,1.));
#7098=DIRECTION('ref_axis',(1.,0.,0.));
#7099=DIRECTION('center_axis',(0.,0.,1.));
#7100=DIRECTION('ref_axis',(1.,0.,0.));
#7101=DIRECTION('center_axis',(1.,0.,0.));
#7102=DIRECTION('ref_axis',(0.,-1.,0.));
#7103=DIRECTION('center_axis',(-1.,0.,0.));
#7104=DIRECTION('ref_axis',(0.,-0.998758526924799,-0.0498137018801593));
#7105=DIRECTION('center_axis',(1.,0.,0.));
#7106=DIRECTION('ref_axis',(0.,-0.998758526924799,-0.0498137018801593));
#7107=DIRECTION('',(1.,0.,0.));
#7108=DIRECTION('center_axis',(-1.,0.,0.));
#7109=DIRECTION('ref_axis',(0.,-0.998758526924799,-0.0498137018801593));
#7110=DIRECTION('',(-1.,0.,0.));
#7111=DIRECTION('center_axis',(1.,0.,0.));
#7112=DIRECTION('ref_axis',(0.,-1.,0.));
#7113=DIRECTION('',(0.,-0.0995037190209986,0.995037190209989));
#7114=DIRECTION('',(0.,-1.,0.));
#7115=DIRECTION('',(0.,0.,-1.));
#7116=DIRECTION('center_axis',(1.,0.,0.));
#7117=DIRECTION('ref_axis',(0.,-0.707106781186547,0.707106781186547));
#7118=DIRECTION('',(0.,1.,0.));
#7119=DIRECTION('',(0.,0.,-1.));
#7120=DIRECTION('center_axis',(0.,-0.995037190209989,-0.0995037190209986));
#7121=DIRECTION('ref_axis',(0.,0.0995037190209986,-0.995037190209989));
#7122=DIRECTION('',(0.,0.0995037190209986,-0.995037190209989));
#7123=DIRECTION('',(1.,0.,0.));
#7124=DIRECTION('center_axis',(1.,0.,0.));
#7125=DIRECTION('ref_axis',(0.,0.998758526924799,-0.0498137018801599));
#7126=DIRECTION('center_axis',(1.,-1.77635683940025E-15,0.));
#7127=DIRECTION('ref_axis',(0.,0.998758526924799,-0.0498137018801599));
#7128=DIRECTION('',(1.,0.,0.));
#7129=DIRECTION('center_axis',(-1.,0.,0.));
#7130=DIRECTION('ref_axis',(0.,1.,0.));
#7131=DIRECTION('',(-1.,0.,0.));
#7132=DIRECTION('center_axis',(0.,0.,-1.));
#7133=DIRECTION('ref_axis',(0.707106781186547,0.707106781186547,0.));
#7134=DIRECTION('center_axis',(0.,1.,0.));
#7135=DIRECTION('ref_axis',(1.,0.,0.));
#7136=DIRECTION('center_axis',(0.,0.,1.));
#7137=DIRECTION('ref_axis',(0.707106781186548,0.707106781186548,0.));
#7138=DIRECTION('center_axis',(0.,-1.,0.));
#7139=DIRECTION('ref_axis',(0.998758526924799,0.,-0.0498137018801593));
#7140=DIRECTION('center_axis',(4.35207425653061E-14,1.,0.));
#7141=DIRECTION('ref_axis',(0.998758526924799,0.,-0.0498137018801593));
#7142=DIRECTION('',(0.,1.,0.));
#7143=DIRECTION('',(0.,-1.,0.));
#7144=DIRECTION('center_axis',(-4.35207425653061E-14,-1.,0.));
#7145=DIRECTION('ref_axis',(-1.,4.35207425653061E-14,0.));
#7146=DIRECTION('',(0.,0.,-1.));
#7147=DIRECTION('',(1.,-4.35207425653061E-14,0.));
#7148=DIRECTION('center_axis',(-4.35207425653061E-14,-1.,0.));
#7149=DIRECTION('ref_axis',(0.707106781186547,0.,0.707106781186547));
#7150=DIRECTION('',(0.,0.,-1.));
#7151=DIRECTION('',(-1.,4.35207425653061E-14,0.));
#7152=DIRECTION('',(-0.0995037190209986,4.33047573980343E-15,-0.995037190209989));
#7153=DIRECTION('center_axis',(1.,0.,0.));
#7154=DIRECTION('ref_axis',(0.,-1.,0.));
#7155=DIRECTION('',(0.,0.,-1.));
#7156=DIRECTION('',(0.,1.,0.));
#7157=DIRECTION('center_axis',(0.,0.,-1.));
#7158=DIRECTION('ref_axis',(0.707106781186547,0.707106781186547,0.));
#7159=DIRECTION('',(0.,0.,1.));
#7160=DIRECTION('center_axis',(0.,0.,1.));
#7161=DIRECTION('ref_axis',(0.707106781186547,0.707106781186547,0.));
#7162=DIRECTION('center_axis',(0.,1.,0.));
#7163=DIRECTION('ref_axis',(1.,0.,0.));
#7164=DIRECTION('',(0.,0.,-1.));
#7165=DIRECTION('',(-1.,0.,0.));
#7166=DIRECTION('center_axis',(-9.60192886162298E-17,1.,0.));
#7167=DIRECTION('ref_axis',(-0.998758526924799,-1.34739763622048E-16,-0.0498137018801599));
#7168=DIRECTION('center_axis',(4.35207425653061E-14,1.,0.));
#7169=DIRECTION('ref_axis',(-0.998758526924799,-1.34739763622048E-16,-0.0498137018801599));
#7170=DIRECTION('',(-9.60192886162298E-17,1.,0.));
#7171=DIRECTION('center_axis',(0.,-1.,0.));
#7172=DIRECTION('ref_axis',(-1.,0.,0.));
#7173=DIRECTION('',(9.60192886162298E-17,-1.,0.));
#7174=DIRECTION('center_axis',(0.,0.,-1.));
#7175=DIRECTION('ref_axis',(-0.707106781186547,0.707106781186547,0.));
#7176=DIRECTION('center_axis',(-1.,0.,0.));
#7177=DIRECTION('ref_axis',(0.,1.,0.));
#7178=DIRECTION('center_axis',(0.,0.,1.));
#7179=DIRECTION('ref_axis',(-0.707106781186548,0.707106781186548,0.));
#7180=DIRECTION('center_axis',(1.,0.,0.));
#7181=DIRECTION('ref_axis',(0.,0.998758526924799,-0.0498137018801599));
#7182=DIRECTION('center_axis',(-1.,1.77635683940025E-15,0.));
#7183=DIRECTION('ref_axis',(0.,0.998758526924799,-0.0498137018801599));
#7184=DIRECTION('',(-1.,0.,0.));
#7185=DIRECTION('',(1.,0.,0.));
#7186=DIRECTION('center_axis',(1.,-1.77635683940025E-15,0.));
#7187=DIRECTION('ref_axis',(-1.77635683940025E-15,-1.,0.));
#7188=DIRECTION('',(0.,0.,-1.));
#7189=DIRECTION('',(1.77635683940025E-15,1.,0.));
#7190=DIRECTION('center_axis',(1.,-1.77635683940025E-15,0.));
#7191=DIRECTION('ref_axis',(0.,0.707106781186547,0.707106781186547));
#7192=DIRECTION('',(0.,0.,-1.));
#7193=DIRECTION('',(-1.77635683940025E-15,-1.,0.));
#7194=DIRECTION('',(-1.76754111828712E-16,-0.0995037190209986,-0.995037190209989));
#7195=DIRECTION('center_axis',(0.,1.,0.));
#7196=DIRECTION('ref_axis',(1.,0.,0.));
#7197=DIRECTION('',(0.,0.,-1.));
#7198=DIRECTION('',(-1.,0.,0.));
#7199=DIRECTION('center_axis',(0.,0.,-1.));
#7200=DIRECTION('ref_axis',(-0.707106781186547,0.707106781186547,0.));
#7201=DIRECTION('',(0.,0.,1.));
#7202=DIRECTION('center_axis',(0.,0.,1.));
#7203=DIRECTION('ref_axis',(-0.707106781186547,0.707106781186547,0.));
#7204=DIRECTION('center_axis',(-1.,-9.60192886162298E-17,0.));
#7205=DIRECTION('ref_axis',(-9.60192886162298E-17,1.,0.));
#7206=DIRECTION('',(0.,0.,-1.));
#7207=DIRECTION('',(9.60192886162298E-17,-1.,0.));
#7208=DIRECTION('center_axis',(-1.,0.,0.));
#7209=DIRECTION('ref_axis',(0.,1.,0.));
#7210=DIRECTION('',(0.,0.,-1.));
#7211=DIRECTION('',(0.,-1.,0.));
#7212=DIRECTION('center_axis',(-1.,0.,0.));
#7213=DIRECTION('ref_axis',(0.,-0.707106781186547,0.707106781186547));
#7214=DIRECTION('',(0.,0.,-1.));
#7215=DIRECTION('',(0.,1.,0.));
#7216=DIRECTION('center_axis',(0.,-1.,0.));
#7217=DIRECTION('ref_axis',(-1.,0.,0.));
#7218=DIRECTION('',(1.,0.,0.));
#7219=DIRECTION('center_axis',(0.,0.995037190209989,-0.0995037190209986));
#7220=DIRECTION('ref_axis',(0.,0.0995037190209986,0.995037190209989));
#7221=DIRECTION('',(0.,-0.0995037190209986,-0.995037190209989));
#7222=DIRECTION('',(-1.,0.,0.));
#7223=DIRECTION('',(1.76754111828712E-16,0.0995037190209986,0.995037190209989));
#7224=DIRECTION('center_axis',(0.,0.,1.));
#7225=DIRECTION('ref_axis',(0.707106781186548,0.707106781186548,0.));
#7226=DIRECTION('',(-0.0995037190210003,0.,-0.995037190209989));
#7227=DIRECTION('center_axis',(0.,0.,1.));
#7228=DIRECTION('ref_axis',(0.707106781186548,0.707106781186548,0.));
#7229=DIRECTION('center_axis',(0.995037190209989,0.,-0.0995037190209986));
#7230=DIRECTION('ref_axis',(-0.0995037190209986,0.,-0.995037190209989));
#7231=DIRECTION('',(0.,1.,0.));
#7232=DIRECTION('center_axis',(0.,0.995037190209989,-0.0995037190209986));
#7233=DIRECTION('ref_axis',(0.,0.0995037190209986,0.995037190209989));
#7234=DIRECTION('',(-1.,0.,0.));
#7235=DIRECTION('',(0.,0.0995037190209986,0.995037190209989));
#7236=DIRECTION('center_axis',(0.,0.,1.));
#7237=DIRECTION('ref_axis',(-0.707106781186548,0.707106781186548,0.));
#7238=DIRECTION('center_axis',(0.,0.,1.));
#7239=DIRECTION('ref_axis',(-0.707106781186548,0.707106781186548,0.));
#7240=DIRECTION('',(-0.0995037190210003,0.,0.995037190209989));
#7241=DIRECTION('center_axis',(-0.995037190209989,-9.55427631506553E-17,
-0.0995037190209986));
#7242=DIRECTION('ref_axis',(-0.0995037190209986,0.,0.995037190209989));
#7243=DIRECTION('',(9.60192886162298E-17,-1.,0.));
#7244=DIRECTION('',(-0.0995037190209986,4.33047573980343E-15,0.995037190209989));
#7245=DIRECTION('center_axis',(0.,0.,-1.));
#7246=DIRECTION('ref_axis',(-1.,0.,0.));
#7247=DIRECTION('',(-1.,0.,0.));
#7248=DIRECTION('center_axis',(0.,0.,-1.));
#7249=DIRECTION('ref_axis',(-0.707106781186547,0.707106781186547,0.));
#7250=DIRECTION('',(3.27140314424443E-16,-1.,0.));
#7251=DIRECTION('',(-1.,4.35207425653061E-14,0.));
#7252=DIRECTION('center_axis',(-1.,0.,0.));
#7253=DIRECTION('ref_axis',(0.,-1.,0.));
#7254=DIRECTION('',(0.,1.,0.));
#7255=DIRECTION('',(0.,0.,1.));
#7256=DIRECTION('',(0.,-1.,0.));
#7257=DIRECTION('',(0.,0.,1.));
#7258=DIRECTION('center_axis',(0.,-1.,0.));
#7259=DIRECTION('ref_axis',(1.,0.,0.));
#7260=DIRECTION('',(-1.,0.,0.));
#7261=DIRECTION('',(1.,0.,0.));
#7262=DIRECTION('',(0.,0.,1.));
#7263=DIRECTION('center_axis',(1.,0.,0.));
#7264=DIRECTION('ref_axis',(0.,1.,0.));
#7265=DIRECTION('',(0.,-1.,0.));
#7266=DIRECTION('',(0.,1.,0.));
#7267=DIRECTION('',(0.,0.,1.));
#7268=DIRECTION('center_axis',(0.,0.,1.));
#7269=DIRECTION('ref_axis',(-1.,0.,0.));
#7270=DIRECTION('center_axis',(0.,0.,1.));
#7271=DIRECTION('ref_axis',(-1.,0.,0.));
#7272=DIRECTION('center_axis',(0.,0.,-1.));
#7273=DIRECTION('ref_axis',(-1.,0.,0.));
#7274=DIRECTION('',(0.,0.,1.));
#7275=DIRECTION('center_axis',(0.,1.,0.));
#7276=DIRECTION('ref_axis',(-1.,0.,0.));
#7277=DIRECTION('',(1.,0.,0.));
#7278=DIRECTION('',(-1.,0.,0.));
#7279=DIRECTION('',(0.,0.,1.));
#7280=DIRECTION('center_axis',(0.,0.,1.));
#7281=DIRECTION('ref_axis',(0.,-1.,0.));
#7282=DIRECTION('center_axis',(0.,0.,1.));
#7283=DIRECTION('ref_axis',(0.,-1.,0.));
#7284=DIRECTION('center_axis',(0.,0.,-1.));
#7285=DIRECTION('ref_axis',(0.,-1.,0.));
#7286=DIRECTION('center_axis',(0.,0.,1.));
#7287=DIRECTION('ref_axis',(-1.,0.,0.));
#7288=DIRECTION('',(-1.,0.,0.));
#7289=DIRECTION('',(0.,-1.,0.));
#7290=DIRECTION('center_axis',(0.,0.,1.));
#7291=DIRECTION('ref_axis',(-1.,0.,0.));
#7292=DIRECTION('',(1.,0.,0.));
#7293=DIRECTION('center_axis',(0.,0.,1.));
#7294=DIRECTION('ref_axis',(0.,-1.,0.));
#7295=DIRECTION('',(0.,1.,0.));
#7296=DIRECTION('center_axis',(0.,0.,-1.));
#7297=DIRECTION('ref_axis',(0.707106781186547,0.707106781186547,0.));
#7298=DIRECTION('center_axis',(0.,0.,1.));
#7299=DIRECTION('ref_axis',(1.,0.,0.));
#7300=DIRECTION('',(0.,0.,-1.));
#7301=DIRECTION('center_axis',(0.,0.,-1.));
#7302=DIRECTION('ref_axis',(0.707106781186547,0.707106781186547,0.));
#7303=DIRECTION('',(0.,0.,1.));
#7304=DIRECTION('center_axis',(0.408248290463864,-0.816496580927727,0.408248290463861));
#7305=DIRECTION('ref_axis',(0.577350269189625,0.577350269189625,0.577350269189628));
#7306=DIRECTION('center_axis',(0.,-1.,0.));
#7307=DIRECTION('ref_axis',(0.707106781186547,0.,0.707106781186547));
#7308=DIRECTION('center_axis',(-1.,0.,0.));
#7309=DIRECTION('ref_axis',(0.,0.707106781186547,0.707106781186547));
#7310=DIRECTION('center_axis',(-1.,0.,0.));
#7311=DIRECTION('ref_axis',(0.,1.,0.));
#7312=DIRECTION('',(0.,1.,0.));
#7313=DIRECTION('',(0.,-1.,0.));
#7314=DIRECTION('center_axis',(0.,0.,-1.));
#7315=DIRECTION('ref_axis',(-0.707106781186547,0.707106781186547,0.));
#7316=DIRECTION('center_axis',(0.,0.,1.));
#7317=DIRECTION('ref_axis',(0.,1.,0.));
#7318=DIRECTION('',(0.,0.,-1.));
#7319=DIRECTION('',(0.,0.,1.));
#7320=DIRECTION('center_axis',(-0.408248290463864,-0.816496580927727,0.408248290463861));
#7321=DIRECTION('ref_axis',(-0.577350269189625,0.577350269189625,0.577350269189628));
#7322=DIRECTION('center_axis',(1.,0.,0.));
#7323=DIRECTION('ref_axis',(0.,0.707106781186547,0.707106781186547));
#7324=DIRECTION('center_axis',(3.27140314424443E-16,-1.,0.));
#7325=DIRECTION('ref_axis',(-0.707106781186547,0.,0.707106781186547));
#7326=DIRECTION('center_axis',(0.,-1.,0.));
#7327=DIRECTION('ref_axis',(-1.,0.,0.));
#7328=DIRECTION('',(1.,0.,0.));
#7329=DIRECTION('center_axis',(-3.27140314424443E-16,1.,0.));
#7330=DIRECTION('ref_axis',(-0.707106781186547,0.,0.707106781186547));
#7331=DIRECTION('',(3.27140314424443E-16,-1.,0.));
#7332=DIRECTION('center_axis',(-4.35207425653061E-14,-1.,0.));
#7333=DIRECTION('ref_axis',(-0.707106781186547,0.,0.707106781186547));
#7334=DIRECTION('',(-3.27140314424443E-16,1.,0.));
#7335=DIRECTION('center_axis',(1.,0.,0.));
#7336=DIRECTION('ref_axis',(0.,0.707106781186547,0.707106781186547));
#7337=DIRECTION('',(-1.,0.,0.));
#7338=DIRECTION('center_axis',(0.,0.,1.));
#7339=DIRECTION('ref_axis',(1.,0.,0.));
#7340=DIRECTION('center_axis',(0.,0.,1.));
#7341=DIRECTION('ref_axis',(0.,-1.,0.));
#7342=DIRECTION('',(-1.,0.,0.));
#7343=DIRECTION('center_axis',(0.,0.,1.));
#7344=DIRECTION('ref_axis',(-1.,0.,0.));
#7345=DIRECTION('',(0.,1.,0.));
#7346=DIRECTION('',(1.,0.,0.));
#7347=DIRECTION('',(0.,-1.,0.));
#7348=DIRECTION('',(1.,0.,0.));
#7349=DIRECTION('',(1.,-4.35207425653061E-14,0.));
#7350=DIRECTION('',(-1.77635683940025E-15,-1.,0.));
#7351=DIRECTION('',(-1.,0.,0.));
#7352=DIRECTION('',(0.,1.,0.));
#7353=DIRECTION('center_axis',(1.,0.,0.));
#7354=DIRECTION('ref_axis',(0.,0.707106781186547,0.707106781186547));
#7355=DIRECTION('center_axis',(-1.,1.77635683940025E-15,0.));
#7356=DIRECTION('ref_axis',(0.,0.707106781186547,0.707106781186547));
#7357=DIRECTION('',(1.,0.,0.));
#7358=DIRECTION('center_axis',(0.,-1.,0.));
#7359=DIRECTION('ref_axis',(0.707106781186547,0.,0.707106781186547));
#7360=DIRECTION('center_axis',(-1.,0.,0.));
#7361=DIRECTION('ref_axis',(0.,-0.707106781186547,0.707106781186547));
#7362=DIRECTION('',(-1.,0.,0.));
#7363=DIRECTION('center_axis',(0.,1.,0.));
#7364=DIRECTION('ref_axis',(1.,0.,0.));
#7365=DIRECTION('',(1.,0.,0.));
#7366=DIRECTION('center_axis',(-4.35207425653061E-14,-1.,0.));
#7367=DIRECTION('ref_axis',(-1.,4.35207425653061E-14,0.));
#7368=DIRECTION('',(0.,0.,-1.));
#7369=DIRECTION('center_axis',(1.,3.27140314424443E-16,0.));
#7370=DIRECTION('ref_axis',(3.27140314424443E-16,-1.,0.));
#7371=DIRECTION('center_axis',(-1.,1.77635683940025E-15,0.));
#7372=DIRECTION('ref_axis',(1.77635683940025E-15,1.,0.));
#7373=DIRECTION('',(1.77635683940025E-15,1.,0.));
#7374=DIRECTION('',(0.,0.,-1.));
#7375=DIRECTION('center_axis',(0.,-1.,0.));
#7376=DIRECTION('ref_axis',(-1.,0.,0.));
#7377=DIRECTION('',(-1.,0.,0.));
#7378=DIRECTION('center_axis',(0.,0.,-1.));
#7379=DIRECTION('ref_axis',(-1.,0.,0.));
#7380=DIRECTION('center_axis',(0.,0.,-1.));
#7381=DIRECTION('ref_axis',(-1.,0.,0.));
#7382=DIRECTION('center_axis',(0.,-1.,0.));
#7383=DIRECTION('ref_axis',(1.,0.,0.));
#7384=DIRECTION('',(0.,0.,1.));
#7385=DIRECTION('',(0.,0.,1.));
#7386=DIRECTION('center_axis',(0.,0.,1.));
#7387=DIRECTION('ref_axis',(-1.,0.,0.));
#7388=DIRECTION('',(0.,0.,1.));
#7389=DIRECTION('center_axis',(-1.,0.,0.));
#7390=DIRECTION('ref_axis',(0.,-1.,0.));
#7391=DIRECTION('',(0.,0.,1.));
#7392=DIRECTION('center_axis',(0.,1.,0.));
#7393=DIRECTION('ref_axis',(-1.,0.,0.));
#7394=DIRECTION('',(0.,0.,1.));
#7395=DIRECTION('center_axis',(1.,0.,0.));
#7396=DIRECTION('ref_axis',(0.,1.,0.));
#7397=DIRECTION('',(0.,0.,1.));
#7398=DIRECTION('center_axis',(0.,0.,1.));
#7399=DIRECTION('ref_axis',(0.,-1.,0.));
#7400=DIRECTION('center_axis',(0.,0.,1.));
#7401=DIRECTION('ref_axis',(1.,0.,0.));
#7402=CARTESIAN_POINT('',(0.,0.,0.));
#7403=CARTESIAN_POINT('Ctrl Pts',(-0.39251697319076,-50.,36.1537561991517));
#7404=CARTESIAN_POINT('Ctrl Pts',(-0.39251697319076,-49.5,36.1537561991517));
#7405=CARTESIAN_POINT('Ctrl Pts',(-0.60867827118654,-50.,35.9017386474005));
#7406=CARTESIAN_POINT('Ctrl Pts',(-0.60867827118654,-49.5,35.9017386474005));
#7407=CARTESIAN_POINT('Ctrl Pts',(-1.02060417847995,-50.,35.4214835803671));
#7408=CARTESIAN_POINT('Ctrl Pts',(-1.02060417847995,-49.5,35.4214835803671));
#7409=CARTESIAN_POINT('Ctrl Pts',(-1.35611494498494,-50.,34.8851887022743));
#7410=CARTESIAN_POINT('Ctrl Pts',(-1.35611494498494,-49.5,34.8851887022743));
#7411=CARTESIAN_POINT('Ctrl Pts',(-1.51556384819076,-50.,34.6303186991517));
#7412=CARTESIAN_POINT('Ctrl Pts',(-1.51556384819076,-49.5,34.6303186991517));
#7413=CARTESIAN_POINT('',(-0.39251697319076,-50.,36.1537561991517));
#7414=CARTESIAN_POINT('',(-1.51556384819076,-50.,34.6303186991517));
#7415=CARTESIAN_POINT('Ctrl Pts',(-0.39251697319076,-50.,36.1537561991517));
#7416=CARTESIAN_POINT('Ctrl Pts',(-0.60867827118654,-50.,35.9017386474005));
#7417=CARTESIAN_POINT('Ctrl Pts',(-1.02060417847995,-50.,35.4214835803671));
#7418=CARTESIAN_POINT('Ctrl Pts',(-1.35611494498494,-50.,34.8851887022743));
#7419=CARTESIAN_POINT('Ctrl Pts',(-1.51556384819076,-50.,34.6303186991517));
#7420=CARTESIAN_POINT('',(-0.39251697319076,-49.5,36.1537561991517));
#7421=CARTESIAN_POINT('',(-0.39251697319076,-50.,36.1537561991517));
#7422=CARTESIAN_POINT('',(-1.51556384819076,-49.5,34.6303186991517));
#7423=CARTESIAN_POINT('Ctrl Pts',(-0.39251697319076,-49.5,36.1537561991517));
#7424=CARTESIAN_POINT('Ctrl Pts',(-0.60867827118654,-49.5,35.9017386474005));
#7425=CARTESIAN_POINT('Ctrl Pts',(-1.02060417847995,-49.5,35.4214835803671));
#7426=CARTESIAN_POINT('Ctrl Pts',(-1.35611494498494,-49.5,34.8851887022743));
#7427=CARTESIAN_POINT('Ctrl Pts',(-1.51556384819076,-49.5,34.6303186991517));
#7428=CARTESIAN_POINT('',(-1.51556384819076,-50.,34.6303186991517));
#7429=CARTESIAN_POINT('Ctrl Pts',(2.89849865180924,-50.,39.3178186991517));
#7430=CARTESIAN_POINT('Ctrl Pts',(2.89849865180924,-49.5,39.3178186991517));
#7431=CARTESIAN_POINT('Ctrl Pts',(2.18292244747539,-50.,38.6656377186124));
#7432=CARTESIAN_POINT('Ctrl Pts',(2.18292244747539,-49.5,38.6656377186124));
#7433=CARTESIAN_POINT('Ctrl Pts',(1.05764169059428,-50.,37.6400492446525));
#7434=CARTESIAN_POINT('Ctrl Pts',(1.05764169059428,-49.5,37.6400492446525));
#7435=CARTESIAN_POINT('Ctrl Pts',(-0.00545359035626802,-50.,36.5504642480305));
#7436=CARTESIAN_POINT('Ctrl Pts',(-0.00545359035626802,-49.5,36.5504642480305));
#7437=CARTESIAN_POINT('Ctrl Pts',(-0.39251697319076,-50.,36.1537561991517));
#7438=CARTESIAN_POINT('Ctrl Pts',(-0.39251697319076,-49.5,36.1537561991517));
#7439=CARTESIAN_POINT('',(2.89849865180924,-50.,39.3178186991517));
#7440=CARTESIAN_POINT('Ctrl Pts',(2.89849865180924,-50.,39.3178186991517));
#7441=CARTESIAN_POINT('Ctrl Pts',(2.18292244747539,-50.,38.6656377186124));
#7442=CARTESIAN_POINT('Ctrl Pts',(1.05764169059428,-50.,37.6400492446525));
#7443=CARTESIAN_POINT('Ctrl Pts',(-0.00545359035626802,-50.,36.5504642480305));
#7444=CARTESIAN_POINT('Ctrl Pts',(-0.39251697319076,-50.,36.1537561991517));
#7445=CARTESIAN_POINT('',(2.89849865180924,-49.5,39.3178186991517));
#7446=CARTESIAN_POINT('',(2.89849865180924,-50.,39.3178186991517));
#7447=CARTESIAN_POINT('Ctrl Pts',(2.89849865180924,-49.5,39.3178186991517));
#7448=CARTESIAN_POINT('Ctrl Pts',(2.18292244747539,-49.5,38.6656377186124));
#7449=CARTESIAN_POINT('Ctrl Pts',(1.05764169059428,-49.5,37.6400492446525));
#7450=CARTESIAN_POINT('Ctrl Pts',(-0.00545359035626802,-49.5,36.5504642480305));
#7451=CARTESIAN_POINT('Ctrl Pts',(-0.39251697319076,-49.5,36.1537561991517));
#7452=CARTESIAN_POINT('Ctrl Pts',(6.49224865180924,-50.,42.9701624491517));
#7453=CARTESIAN_POINT('Ctrl Pts',(6.49224865180924,-49.5,42.9701624491517));
#7454=CARTESIAN_POINT('Ctrl Pts',(6.03414503644158,-50.,42.4470378008687));
#7455=CARTESIAN_POINT('Ctrl Pts',(6.03414503644158,-49.5,42.4470378008687));
#7456=CARTESIAN_POINT('Ctrl Pts',(4.90746641438661,-50.,41.1604438118265));
#7457=CARTESIAN_POINT('Ctrl Pts',(4.90746641438661,-49.5,41.1604438118265));
#7458=CARTESIAN_POINT('Ctrl Pts',(3.64666348701459,-50.,40.0040354416249));
#7459=CARTESIAN_POINT('Ctrl Pts',(3.64666348701459,-49.5,40.0040354416249));
#7460=CARTESIAN_POINT('Ctrl Pts',(2.89849865180924,-50.,39.3178186991517));
#7461=CARTESIAN_POINT('Ctrl Pts',(2.89849865180924,-49.5,39.3178186991517));
#7462=CARTESIAN_POINT('',(6.49224865180924,-50.,42.9701624491517));
#7463=CARTESIAN_POINT('Ctrl Pts',(6.49224865180924,-50.,42.9701624491517));
#7464=CARTESIAN_POINT('Ctrl Pts',(6.03414503644158,-50.,42.4470378008687));
#7465=CARTESIAN_POINT('Ctrl Pts',(4.90746641438661,-50.,41.1604438118265));
#7466=CARTESIAN_POINT('Ctrl Pts',(3.64666348701459,-50.,40.0040354416249));
#7467=CARTESIAN_POINT('Ctrl Pts',(2.89849865180924,-50.,39.3178186991517));
#7468=CARTESIAN_POINT('',(6.49224865180924,-49.5,42.9701624491517));
#7469=CARTESIAN_POINT('',(6.49224865180924,-50.,42.9701624491517));
#7470=CARTESIAN_POINT('Ctrl Pts',(6.49224865180924,-49.5,42.9701624491517));
#7471=CARTESIAN_POINT('Ctrl Pts',(6.03414503644158,-49.5,42.4470378008687));
#7472=CARTESIAN_POINT('Ctrl Pts',(4.90746641438661,-49.5,41.1604438118265));
#7473=CARTESIAN_POINT('Ctrl Pts',(3.64666348701459,-49.5,40.0040354416249));
#7474=CARTESIAN_POINT('Ctrl Pts',(2.89849865180924,-49.5,39.3178186991517));
#7475=CARTESIAN_POINT('Ctrl Pts',(8.68951427680924,-50.,46.6322718241517));
#7476=CARTESIAN_POINT('Ctrl Pts',(8.68951427680924,-49.5,46.6322718241517));
#7477=CARTESIAN_POINT('Ctrl Pts',(8.41001889521423,-50.,46.0243743282969));
#7478=CARTESIAN_POINT('Ctrl Pts',(8.41001889521423,-49.5,46.0243743282969));
#7479=CARTESIAN_POINT('Ctrl Pts',(7.8120674951775,-50.,44.7238406427282));
#7480=CARTESIAN_POINT('Ctrl Pts',(7.8120674951775,-49.5,44.7238406427282));
#7481=CARTESIAN_POINT('Ctrl Pts',(6.9508920951603,-50.,43.579574118998));
#7482=CARTESIAN_POINT('Ctrl Pts',(6.9508920951603,-49.5,43.579574118998));
#7483=CARTESIAN_POINT('Ctrl Pts',(6.49224865180924,-50.,42.9701624491517));
#7484=CARTESIAN_POINT('Ctrl Pts',(6.49224865180924,-49.5,42.9701624491517));
#7485=CARTESIAN_POINT('',(8.68951427680924,-50.,46.6322718241517));
#7486=CARTESIAN_POINT('Ctrl Pts',(8.68951427680924,-50.,46.6322718241517));
#7487=CARTESIAN_POINT('Ctrl Pts',(8.41001889521423,-50.,46.0243743282969));
#7488=CARTESIAN_POINT('Ctrl Pts',(7.8120674951775,-50.,44.7238406427282));
#7489=CARTESIAN_POINT('Ctrl Pts',(6.9508920951603,-50.,43.579574118998));
#7490=CARTESIAN_POINT('Ctrl Pts',(6.49224865180924,-50.,42.9701624491517));
#7491=CARTESIAN_POINT('',(8.68951427680924,-49.5,46.6322718241517));
#7492=CARTESIAN_POINT('',(8.68951427680924,-50.,46.6322718241517));
#7493=CARTESIAN_POINT('Ctrl Pts',(8.68951427680924,-49.5,46.6322718241517));
#7494=CARTESIAN_POINT('Ctrl Pts',(8.41001889521423,-49.5,46.0243743282969));
#7495=CARTESIAN_POINT('Ctrl Pts',(7.8120674951775,-49.5,44.7238406427282));
#7496=CARTESIAN_POINT('Ctrl Pts',(6.9508920951603,-49.5,43.579574118998));
#7497=CARTESIAN_POINT('Ctrl Pts',(6.49224865180924,-49.5,42.9701624491517));
#7498=CARTESIAN_POINT('Ctrl Pts',(9.38287365180923,-50.,50.3139124491517));
#7499=CARTESIAN_POINT('Ctrl Pts',(9.38287365180923,-49.5,50.3139124491517));
#7500=CARTESIAN_POINT('Ctrl Pts',(9.35481816694231,-50.,49.6792244549601));
#7501=CARTESIAN_POINT('Ctrl Pts',(9.35481816694231,-49.5,49.6792244549601));
#7502=CARTESIAN_POINT('Ctrl Pts',(9.29910521939623,-50.,48.4188527630696));
#7503=CARTESIAN_POINT('Ctrl Pts',(9.29910521939623,-49.5,48.4188527630696));
#7504=CARTESIAN_POINT('Ctrl Pts',(8.89174116640479,-50.,47.2249556733487));
#7505=CARTESIAN_POINT('Ctrl Pts',(8.89174116640479,-49.5,47.2249556733487));
#7506=CARTESIAN_POINT('Ctrl Pts',(8.68951427680924,-50.,46.6322718241517));
#7507=CARTESIAN_POINT('Ctrl Pts',(8.68951427680924,-49.5,46.6322718241517));
#7508=CARTESIAN_POINT('',(9.38287365180923,-50.,50.3139124491517));
#7509=CARTESIAN_POINT('Ctrl Pts',(9.38287365180923,-50.,50.3139124491517));
#7510=CARTESIAN_POINT('Ctrl Pts',(9.35481816694231,-50.,49.6792244549601));
#7511=CARTESIAN_POINT('Ctrl Pts',(9.29910521939623,-50.,48.4188527630696));
#7512=CARTESIAN_POINT('Ctrl Pts',(8.89174116640479,-50.,47.2249556733487));
#7513=CARTESIAN_POINT('Ctrl Pts',(8.68951427680924,-50.,46.6322718241517));
#7514=CARTESIAN_POINT('',(9.38287365180923,-49.5,50.3139124491517));
#7515=CARTESIAN_POINT('',(9.38287365180923,-50.,50.3139124491517));
#7516=CARTESIAN_POINT('Ctrl Pts',(9.38287365180923,-49.5,50.3139124491517));
#7517=CARTESIAN_POINT('Ctrl Pts',(9.35481816694231,-49.5,49.6792244549601));
#7518=CARTESIAN_POINT('Ctrl Pts',(9.29910521939623,-49.5,48.4188527630696));
#7519=CARTESIAN_POINT('Ctrl Pts',(8.89174116640479,-49.5,47.2249556733487));
#7520=CARTESIAN_POINT('Ctrl Pts',(8.68951427680924,-49.5,46.6322718241517));
#7521=CARTESIAN_POINT('Ctrl Pts',(6.96099865180923,-50.,55.9975061991517));
#7522=CARTESIAN_POINT('Ctrl Pts',(6.96099865180923,-49.5,55.9975061991517));
#7523=CARTESIAN_POINT('Ctrl Pts',(7.66737215017534,-50.,55.1861599783448));
#7524=CARTESIAN_POINT('Ctrl Pts',(7.66737215017534,-49.5,55.1861599783448));
#7525=CARTESIAN_POINT('Ctrl Pts',(9.08833608635035,-50.,53.554029494705));
#7526=CARTESIAN_POINT('Ctrl Pts',(9.08833608635035,-49.5,53.554029494705));
#7527=CARTESIAN_POINT('Ctrl Pts',(9.28431670078214,-50.,51.3981071137037));
#7528=CARTESIAN_POINT('Ctrl Pts',(9.28431670078214,-49.5,51.3981071137037));
#7529=CARTESIAN_POINT('Ctrl Pts',(9.38287365180923,-50.,50.3139124491517));
#7530=CARTESIAN_POINT('Ctrl Pts',(9.38287365180923,-49.5,50.3139124491517));
#7531=CARTESIAN_POINT('',(6.96099865180923,-50.,55.9975061991517));
#7532=CARTESIAN_POINT('Ctrl Pts',(6.96099865180923,-50.,55.9975061991517));
#7533=CARTESIAN_POINT('Ctrl Pts',(7.66737215017534,-50.,55.1861599783448));
#7534=CARTESIAN_POINT('Ctrl Pts',(9.08833608635035,-50.,53.554029494705));
#7535=CARTESIAN_POINT('Ctrl Pts',(9.28431670078214,-50.,51.3981071137037));
#7536=CARTESIAN_POINT('Ctrl Pts',(9.38287365180923,-50.,50.3139124491517));
#7537=CARTESIAN_POINT('',(6.96099865180923,-49.5,55.9975061991517));
#7538=CARTESIAN_POINT('',(6.96099865180923,-50.,55.9975061991517));
#7539=CARTESIAN_POINT('Ctrl Pts',(6.96099865180923,-49.5,55.9975061991517));
#7540=CARTESIAN_POINT('Ctrl Pts',(7.66737215017534,-49.5,55.1861599783448));
#7541=CARTESIAN_POINT('Ctrl Pts',(9.08833608635035,-49.5,53.554029494705));
#7542=CARTESIAN_POINT('Ctrl Pts',(9.28431670078214,-49.5,51.3981071137037));
#7543=CARTESIAN_POINT('Ctrl Pts',(9.38287365180923,-49.5,50.3139124491517));
#7544=CARTESIAN_POINT('Ctrl Pts',(0.300842401809231,-50.,58.2826624491517));
#7545=CARTESIAN_POINT('Ctrl Pts',(0.300842401809231,-49.5,58.2826624491517));
#7546=CARTESIAN_POINT('Ctrl Pts',(1.60638319140926,-50.,58.2156109226737));
#7547=CARTESIAN_POINT('Ctrl Pts',(1.60638319140926,-49.5,58.2156109226737));
#7548=CARTESIAN_POINT('Ctrl Pts',(4.05401450016513,-50.,58.0899025443413));
#7549=CARTESIAN_POINT('Ctrl Pts',(4.05401450016513,-49.5,58.0899025443413));
#7550=CARTESIAN_POINT('Ctrl Pts',(6.03612502703024,-50.,56.6632140569518));
#7551=CARTESIAN_POINT('Ctrl Pts',(6.03612502703024,-49.5,56.6632140569518));
#7552=CARTESIAN_POINT('Ctrl Pts',(6.96099865180923,-50.,55.9975061991517));
#7553=CARTESIAN_POINT('Ctrl Pts',(6.96099865180923,-49.5,55.9975061991517));
#7554=CARTESIAN_POINT('',(0.300842401809231,-50.,58.2826624491517));
#7555=CARTESIAN_POINT('Ctrl Pts',(0.300842401809231,-50.,58.2826624491517));
#7556=CARTESIAN_POINT('Ctrl Pts',(1.60638319140926,-50.,58.2156109226737));
#7557=CARTESIAN_POINT('Ctrl Pts',(4.05401450016513,-50.,58.0899025443413));
#7558=CARTESIAN_POINT('Ctrl Pts',(6.03612502703024,-50.,56.6632140569518));
#7559=CARTESIAN_POINT('Ctrl Pts',(6.96099865180923,-50.,55.9975061991517));
#7560=CARTESIAN_POINT('',(0.300842401809231,-49.5,58.2826624491517));
#7561=CARTESIAN_POINT('',(0.300842401809231,-50.,58.2826624491517));
#7562=CARTESIAN_POINT('Ctrl Pts',(0.300842401809231,-49.5,58.2826624491517));
#7563=CARTESIAN_POINT('Ctrl Pts',(1.60638319140926,-49.5,58.2156109226737));
#7564=CARTESIAN_POINT('Ctrl Pts',(4.05401450016513,-49.5,58.0899025443413));
#7565=CARTESIAN_POINT('Ctrl Pts',(6.03612502703024,-49.5,56.6632140569518));
#7566=CARTESIAN_POINT('Ctrl Pts',(6.96099865180923,-49.5,55.9975061991517));
#7567=CARTESIAN_POINT('Ctrl Pts',(-6.14447009819077,-50.,56.3100061991517));
#7568=CARTESIAN_POINT('Ctrl Pts',(-6.14447009819077,-49.5,56.3100061991517));
#7569=CARTESIAN_POINT('Ctrl Pts',(-5.20343608257062,-50.,56.8850134742411));
#7570=CARTESIAN_POINT('Ctrl Pts',(-5.20343608257062,-49.5,56.8850134742411));
#7571=CARTESIAN_POINT('Ctrl Pts',(-3.22798008628228,-50.,58.0920915932359));
#7572=CARTESIAN_POINT('Ctrl Pts',(-3.22798008628228,-49.5,58.0920915932359));
#7573=CARTESIAN_POINT('Ctrl Pts',(-0.911928207333239,-50.,58.2171678730449));
#7574=CARTESIAN_POINT('Ctrl Pts',(-0.911928207333239,-49.5,58.2171678730449));
#7575=CARTESIAN_POINT('Ctrl Pts',(0.300842401809231,-50.,58.2826624491517));
#7576=CARTESIAN_POINT('Ctrl Pts',(0.300842401809231,-49.5,58.2826624491517));
#7577=CARTESIAN_POINT('',(-6.14447009819077,-50.,56.3100061991517));
#7578=CARTESIAN_POINT('Ctrl Pts',(-6.14447009819077,-50.,56.3100061991517));
#7579=CARTESIAN_POINT('Ctrl Pts',(-5.20343608257062,-50.,56.8850134742411));
#7580=CARTESIAN_POINT('Ctrl Pts',(-3.22798008628228,-50.,58.0920915932359));
#7581=CARTESIAN_POINT('Ctrl Pts',(-0.911928207333239,-50.,58.2171678730449));
#7582=CARTESIAN_POINT('Ctrl Pts',(0.300842401809231,-50.,58.2826624491517));
#7583=CARTESIAN_POINT('',(-6.14447009819077,-49.5,56.3100061991517));
#7584=CARTESIAN_POINT('',(-6.14447009819077,-50.,56.3100061991517));
#7585=CARTESIAN_POINT('Ctrl Pts',(-6.14447009819077,-49.5,56.3100061991517));
#7586=CARTESIAN_POINT('Ctrl Pts',(-5.20343608257062,-49.5,56.8850134742411));
#7587=CARTESIAN_POINT('Ctrl Pts',(-3.22798008628228,-49.5,58.0920915932359));
#7588=CARTESIAN_POINT('Ctrl Pts',(-0.911928207333239,-49.5,58.2171678730449));
#7589=CARTESIAN_POINT('Ctrl Pts',(0.300842401809231,-49.5,58.2826624491517));
#7590=CARTESIAN_POINT('Ctrl Pts',(-9.21087634819077,-50.,49.8060999491517));
#7591=CARTESIAN_POINT('Ctrl Pts',(-9.21087634819077,-49.5,49.8060999491517));
#7592=CARTESIAN_POINT('Ctrl Pts',(-9.00859921075419,-50.,51.170075037657));
#7593=CARTESIAN_POINT('Ctrl Pts',(-9.00859921075419,-49.5,51.170075037657));
#7594=CARTESIAN_POINT('Ctrl Pts',(-8.63908894392509,-50.,53.6617199427064));
#7595=CARTESIAN_POINT('Ctrl Pts',(-8.63908894392509,-49.5,53.6617199427064));
#7596=CARTESIAN_POINT('Ctrl Pts',(-6.92171844283826,-50.,55.4848797023746));
#7597=CARTESIAN_POINT('Ctrl Pts',(-6.92171844283826,-49.5,55.4848797023746));
#7598=CARTESIAN_POINT('Ctrl Pts',(-6.14447009819077,-50.,56.3100061991517));
#7599=CARTESIAN_POINT('Ctrl Pts',(-6.14447009819077,-49.5,56.3100061991517));
#7600=CARTESIAN_POINT('',(-9.21087634819077,-50.,49.8060999491517));
#7601=CARTESIAN_POINT('Ctrl Pts',(-9.21087634819077,-50.,49.8060999491517));
#7602=CARTESIAN_POINT('Ctrl Pts',(-9.00859921075419,-50.,51.170075037657));
#7603=CARTESIAN_POINT('Ctrl Pts',(-8.63908894392509,-50.,53.6617199427064));
#7604=CARTESIAN_POINT('Ctrl Pts',(-6.92171844283826,-50.,55.4848797023746));
#7605=CARTESIAN_POINT('Ctrl Pts',(-6.14447009819077,-50.,56.3100061991517));
#7606=CARTESIAN_POINT('',(-9.21087634819077,-49.5,49.8060999491517));
#7607=CARTESIAN_POINT('',(-9.21087634819077,-50.,49.8060999491517));
#7608=CARTESIAN_POINT('Ctrl Pts',(-9.21087634819077,-49.5,49.8060999491517));
#7609=CARTESIAN_POINT('Ctrl Pts',(-9.00859921075419,-49.5,51.170075037657));
#7610=CARTESIAN_POINT('Ctrl Pts',(-8.63908894392509,-49.5,53.6617199427064));
#7611=CARTESIAN_POINT('Ctrl Pts',(-6.92171844283826,-49.5,55.4848797023746));
#7612=CARTESIAN_POINT('Ctrl Pts',(-6.14447009819077,-49.5,56.3100061991517));
#7613=CARTESIAN_POINT('Origin',(-3.74212634819077,-50.,49.2592249491517));
#7614=CARTESIAN_POINT('',(-3.74212634819077,-50.,49.2592249491517));
#7615=CARTESIAN_POINT('',(25.3014621880003,-50.,46.3548660955326));
#7616=CARTESIAN_POINT('',(-3.74212634819077,-49.5,49.2592249491517));
#7617=CARTESIAN_POINT('',(-3.74212634819077,-50.,49.2592249491517));
#7618=CARTESIAN_POINT('',(-3.74212634819077,-49.5,49.2592249491517));
#7619=CARTESIAN_POINT('Ctrl Pts',(-2.57025134819077,-50.,52.6967249491517));
#7620=CARTESIAN_POINT('Ctrl Pts',(-2.57025134819077,-49.5,52.6967249491517));
#7621=CARTESIAN_POINT('Ctrl Pts',(-2.87451364698911,-50.,52.2514734917699));
#7622=CARTESIAN_POINT('Ctrl Pts',(-2.87451364698911,-49.5,52.2514734917699));
#7623=CARTESIAN_POINT('Ctrl Pts',(-3.57870240931061,-50.,51.2209775218985));
#7624=CARTESIAN_POINT('Ctrl Pts',(-3.57870240931061,-49.5,51.2209775218985));
#7625=CARTESIAN_POINT('Ctrl Pts',(-3.68293183986274,-50.,49.9698000325864));
#7626=CARTESIAN_POINT('Ctrl Pts',(-3.68293183986274,-49.5,49.9698000325864));
#7627=CARTESIAN_POINT('Ctrl Pts',(-3.74212634819077,-50.,49.2592249491517));
#7628=CARTESIAN_POINT('Ctrl Pts',(-3.74212634819077,-49.5,49.2592249491517));
#7629=CARTESIAN_POINT('',(-2.57025134819077,-50.,52.6967249491517));
#7630=CARTESIAN_POINT('Ctrl Pts',(-2.57025134819077,-50.,52.6967249491517));
#7631=CARTESIAN_POINT('Ctrl Pts',(-2.87451364698911,-50.,52.2514734917699));
#7632=CARTESIAN_POINT('Ctrl Pts',(-3.57870240931061,-50.,51.2209775218985));
#7633=CARTESIAN_POINT('Ctrl Pts',(-3.68293183986274,-50.,49.9698000325864));
#7634=CARTESIAN_POINT('Ctrl Pts',(-3.74212634819077,-50.,49.2592249491517));
#7635=CARTESIAN_POINT('',(-2.57025134819077,-49.5,52.6967249491517));
#7636=CARTESIAN_POINT('',(-2.57025134819077,-50.,52.6967249491517));
#7637=CARTESIAN_POINT('Ctrl Pts',(-2.57025134819077,-49.5,52.6967249491517));
#7638=CARTESIAN_POINT('Ctrl Pts',(-2.87451364698911,-49.5,52.2514734917699));
#7639=CARTESIAN_POINT('Ctrl Pts',(-3.57870240931061,-49.5,51.2209775218985));
#7640=CARTESIAN_POINT('Ctrl Pts',(-3.68293183986274,-49.5,49.9698000325864));
#7641=CARTESIAN_POINT('Ctrl Pts',(-3.74212634819077,-49.5,49.2592249491517));
#7642=CARTESIAN_POINT('Ctrl Pts',(0.164123651809231,-50.,53.7318811991517));
#7643=CARTESIAN_POINT('Ctrl Pts',(0.164123651809231,-49.5,53.7318811991517));
#7644=CARTESIAN_POINT('Ctrl Pts',(-0.370471471626233,-50.,53.6975990023885));
#7645=CARTESIAN_POINT('Ctrl Pts',(-0.370471471626233,-49.5,53.6975990023885));
#7646=CARTESIAN_POINT('Ctrl Pts',(-1.39097592800547,-50.,53.6321567021547));
#7647=CARTESIAN_POINT('Ctrl Pts',(-1.39097592800547,-49.5,53.6321567021547));
#7648=CARTESIAN_POINT('Ctrl Pts',(-2.18986387640804,-50.,52.9984581265414));
#7649=CARTESIAN_POINT('Ctrl Pts',(-2.18986387640804,-49.5,52.9984581265414));
#7650=CARTESIAN_POINT('Ctrl Pts',(-2.57025134819077,-50.,52.6967249491517));
#7651=CARTESIAN_POINT('Ctrl Pts',(-2.57025134819077,-49.5,52.6967249491517));
#7652=CARTESIAN_POINT('',(0.164123651809231,-50.,53.7318811991517));
#7653=CARTESIAN_POINT('Ctrl Pts',(0.164123651809231,-50.,53.7318811991517));
#7654=CARTESIAN_POINT('Ctrl Pts',(-0.370471471626233,-50.,53.6975990023885));
#7655=CARTESIAN_POINT('Ctrl Pts',(-1.39097592800547,-50.,53.6321567021547));
#7656=CARTESIAN_POINT('Ctrl Pts',(-2.18986387640804,-50.,52.9984581265414));
#7657=CARTESIAN_POINT('Ctrl Pts',(-2.57025134819077,-50.,52.6967249491517));
#7658=CARTESIAN_POINT('',(0.164123651809231,-49.5,53.7318811991517));
#7659=CARTESIAN_POINT('',(0.164123651809231,-50.,53.7318811991517));
#7660=CARTESIAN_POINT('Ctrl Pts',(0.164123651809231,-49.5,53.7318811991517));
#7661=CARTESIAN_POINT('Ctrl Pts',(-0.370471471626233,-49.5,53.6975990023885));
#7662=CARTESIAN_POINT('Ctrl Pts',(-1.39097592800547,-49.5,53.6321567021547));
#7663=CARTESIAN_POINT('Ctrl Pts',(-2.18986387640804,-49.5,52.9984581265414));
#7664=CARTESIAN_POINT('Ctrl Pts',(-2.57025134819077,-49.5,52.6967249491517));
#7665=CARTESIAN_POINT('Ctrl Pts',(2.88873302680923,-50.,52.7455530741517));
#7666=CARTESIAN_POINT('Ctrl Pts',(2.88873302680923,-49.5,52.7455530741517));
#7667=CARTESIAN_POINT('Ctrl Pts',(2.51265013809214,-50.,53.0329392685372));
#7668=CARTESIAN_POINT('Ctrl Pts',(2.51265013809214,-49.5,53.0329392685372));
#7669=CARTESIAN_POINT('Ctrl Pts',(1.71119716077457,-50.,53.6453747928331));
#7670=CARTESIAN_POINT('Ctrl Pts',(1.71119716077457,-49.5,53.6453747928331));
#7671=CARTESIAN_POINT('Ctrl Pts',(0.700532539008938,-50.,53.7018872752172));
#7672=CARTESIAN_POINT('Ctrl Pts',(0.700532539008938,-49.5,53.7018872752172));
#7673=CARTESIAN_POINT('Ctrl Pts',(0.164123651809231,-50.,53.7318811991517));
#7674=CARTESIAN_POINT('Ctrl Pts',(0.164123651809231,-49.5,53.7318811991517));
#7675=CARTESIAN_POINT('',(2.88873302680923,-50.,52.7455530741517));
#7676=CARTESIAN_POINT('Ctrl Pts',(2.88873302680923,-50.,52.7455530741517));
#7677=CARTESIAN_POINT('Ctrl Pts',(2.51265013809214,-50.,53.0329392685372));
#7678=CARTESIAN_POINT('Ctrl Pts',(1.71119716077457,-50.,53.6453747928331));
#7679=CARTESIAN_POINT('Ctrl Pts',(0.700532539008938,-50.,53.7018872752172));
#7680=CARTESIAN_POINT('Ctrl Pts',(0.164123651809231,-50.,53.7318811991517));
#7681=CARTESIAN_POINT('',(2.88873302680923,-49.5,52.7455530741517));
#7682=CARTESIAN_POINT('',(2.88873302680923,-50.,52.7455530741517));
#7683=CARTESIAN_POINT('Ctrl Pts',(2.88873302680923,-49.5,52.7455530741517));
#7684=CARTESIAN_POINT('Ctrl Pts',(2.51265013809214,-49.5,53.0329392685372));
#7685=CARTESIAN_POINT('Ctrl Pts',(1.71119716077457,-49.5,53.6453747928331));
#7686=CARTESIAN_POINT('Ctrl Pts',(0.700532539008938,-49.5,53.7018872752172));
#7687=CARTESIAN_POINT('Ctrl Pts',(0.164123651809231,-49.5,53.7318811991517));
#7688=CARTESIAN_POINT('Ctrl Pts',(3.87506115180923,-50.,49.9232874491517));
#7689=CARTESIAN_POINT('Ctrl Pts',(3.87506115180923,-49.5,49.9232874491517));
#7690=CARTESIAN_POINT('Ctrl Pts',(3.84811338799118,-50.,50.4847460523077));
#7691=CARTESIAN_POINT('Ctrl Pts',(3.84811338799118,-49.5,50.4847460523077));
#7692=CARTESIAN_POINT('Ctrl Pts',(3.79805033507496,-50.,51.527813371357));
#7693=CARTESIAN_POINT('Ctrl Pts',(3.79805033507496,-49.5,51.527813371357));
#7694=CARTESIAN_POINT('Ctrl Pts',(3.17596462954763,-50.,52.3608982090431));
#7695=CARTESIAN_POINT('Ctrl Pts',(3.17596462954763,-49.5,52.3608982090431));
#7696=CARTESIAN_POINT('Ctrl Pts',(2.88873302680923,-50.,52.7455530741517));
#7697=CARTESIAN_POINT('Ctrl Pts',(2.88873302680923,-49.5,52.7455530741517));
#7698=CARTESIAN_POINT('',(3.87506115180923,-50.,49.9232874491517));
#7699=CARTESIAN_POINT('Ctrl Pts',(3.87506115180923,-50.,49.9232874491517));
#7700=CARTESIAN_POINT('Ctrl Pts',(3.84811338799118,-50.,50.4847460523077));
#7701=CARTESIAN_POINT('Ctrl Pts',(3.79805033507496,-50.,51.527813371357));
#7702=CARTESIAN_POINT('Ctrl Pts',(3.17596462954763,-50.,52.3608982090431));
#7703=CARTESIAN_POINT('Ctrl Pts',(2.88873302680923,-50.,52.7455530741517));
#7704=CARTESIAN_POINT('',(3.87506115180923,-49.5,49.9232874491517));
#7705=CARTESIAN_POINT('',(3.87506115180923,-50.,49.9232874491517));
#7706=CARTESIAN_POINT('Ctrl Pts',(3.87506115180923,-49.5,49.9232874491517));
#7707=CARTESIAN_POINT('Ctrl Pts',(3.84811338799118,-49.5,50.4847460523077));
#7708=CARTESIAN_POINT('Ctrl Pts',(3.79805033507496,-49.5,51.527813371357));
#7709=CARTESIAN_POINT('Ctrl Pts',(3.17596462954763,-49.5,52.3608982090431));
#7710=CARTESIAN_POINT('Ctrl Pts',(2.88873302680923,-49.5,52.7455530741517));
#7711=CARTESIAN_POINT('Ctrl Pts',(2.74224865180924,-50.,46.5639124491517));
#7712=CARTESIAN_POINT('Ctrl Pts',(2.74224865180924,-49.5,46.5639124491517));
#7713=CARTESIAN_POINT('Ctrl Pts',(3.07234972426973,-50.,47.1116793136073));
#7714=CARTESIAN_POINT('Ctrl Pts',(3.07234972426973,-49.5,47.1116793136073));
#7715=CARTESIAN_POINT('Ctrl Pts',(3.69811329101212,-50.,48.150065963763));
#7716=CARTESIAN_POINT('Ctrl Pts',(3.69811329101212,-49.5,48.150065963763));
#7717=CARTESIAN_POINT('Ctrl Pts',(3.81828302484486,-50.,49.3543051840946));
#7718=CARTESIAN_POINT('Ctrl Pts',(3.81828302484486,-49.5,49.3543051840946));
#7719=CARTESIAN_POINT('Ctrl Pts',(3.87506115180923,-50.,49.9232874491517));
#7720=CARTESIAN_POINT('Ctrl Pts',(3.87506115180923,-49.5,49.9232874491517));
#7721=CARTESIAN_POINT('',(2.74224865180924,-50.,46.5639124491517));
#7722=CARTESIAN_POINT('Ctrl Pts',(2.74224865180924,-50.,46.5639124491517));
#7723=CARTESIAN_POINT('Ctrl Pts',(3.07234972426973,-50.,47.1116793136073));
#7724=CARTESIAN_POINT('Ctrl Pts',(3.69811329101212,-50.,48.150065963763));
#7725=CARTESIAN_POINT('Ctrl Pts',(3.81828302484486,-50.,49.3543051840946));
#7726=CARTESIAN_POINT('Ctrl Pts',(3.87506115180923,-50.,49.9232874491517));
#7727=CARTESIAN_POINT('',(2.74224865180924,-49.5,46.5639124491517));
#7728=CARTESIAN_POINT('',(2.74224865180924,-50.,46.5639124491517));
#7729=CARTESIAN_POINT('Ctrl Pts',(2.74224865180924,-49.5,46.5639124491517));
#7730=CARTESIAN_POINT('Ctrl Pts',(3.07234972426973,-49.5,47.1116793136073));
#7731=CARTESIAN_POINT('Ctrl Pts',(3.69811329101212,-49.5,48.150065963763));
#7732=CARTESIAN_POINT('Ctrl Pts',(3.81828302484486,-49.5,49.3543051840946));
#7733=CARTESIAN_POINT('Ctrl Pts',(3.87506115180923,-49.5,49.9232874491517));
#7734=CARTESIAN_POINT('Ctrl Pts',(-1.80853259819076,-50.,41.8764124491517));
#7735=CARTESIAN_POINT('Ctrl Pts',(-1.80853259819076,-49.5,41.8764124491517));
#7736=CARTESIAN_POINT('Ctrl Pts',(-0.783754999371071,-50.,42.8175443350851));
#7737=CARTESIAN_POINT('Ctrl Pts',(-0.783754999371071,-49.5,42.8175443350851));
#7738=CARTESIAN_POINT('Ctrl Pts',(0.823902395998437,-50.,44.2939794544531));
#7739=CARTESIAN_POINT('Ctrl Pts',(0.823902395998437,-49.5,44.2939794544531));
#7740=CARTESIAN_POINT('Ctrl Pts',(2.23179611102431,-50.,45.9599062323149));
#7741=CARTESIAN_POINT('Ctrl Pts',(2.23179611102431,-49.5,45.9599062323149));
#7742=CARTESIAN_POINT('Ctrl Pts',(2.74224865180924,-50.,46.5639124491517));
#7743=CARTESIAN_POINT('Ctrl Pts',(2.74224865180924,-49.5,46.5639124491517));
#7744=CARTESIAN_POINT('',(-1.80853259819076,-50.,41.8764124491517));
#7745=CARTESIAN_POINT('Ctrl Pts',(-1.80853259819076,-50.,41.8764124491517));
#7746=CARTESIAN_POINT('Ctrl Pts',(-0.783754999371071,-50.,42.8175443350851));
#7747=CARTESIAN_POINT('Ctrl Pts',(0.823902395998437,-50.,44.2939794544531));
#7748=CARTESIAN_POINT('Ctrl Pts',(2.23179611102431,-50.,45.9599062323149));
#7749=CARTESIAN_POINT('Ctrl Pts',(2.74224865180924,-50.,46.5639124491517));
#7750=CARTESIAN_POINT('',(-1.80853259819076,-49.5,41.8764124491517));
#7751=CARTESIAN_POINT('',(-1.80853259819076,-50.,41.8764124491517));
#7752=CARTESIAN_POINT('Ctrl Pts',(-1.80853259819076,-49.5,41.8764124491517));
#7753=CARTESIAN_POINT('Ctrl Pts',(-0.783754999371071,-49.5,42.8175443350851));
#7754=CARTESIAN_POINT('Ctrl Pts',(0.823902395998437,-49.5,44.2939794544531));
#7755=CARTESIAN_POINT('Ctrl Pts',(2.23179611102431,-49.5,45.9599062323149));
#7756=CARTESIAN_POINT('Ctrl Pts',(2.74224865180924,-49.5,46.5639124491517));
#7757=CARTESIAN_POINT('Ctrl Pts',(-7.98040759819076,-50.,35.0111780741517));
#7758=CARTESIAN_POINT('Ctrl Pts',(-7.98040759819076,-49.5,35.0111780741517));
#7759=CARTESIAN_POINT('Ctrl Pts',(-7.23050384241844,-50.,36.0364214831935));
#7760=CARTESIAN_POINT('Ctrl Pts',(-7.23050384241844,-49.5,36.0364214831935));
#7761=CARTESIAN_POINT('Ctrl Pts',(-5.40663139606794,-50.,38.5299590740647));
#7762=CARTESIAN_POINT('Ctrl Pts',(-5.40663139606794,-49.5,38.5299590740647));
#7763=CARTESIAN_POINT('Ctrl Pts',(-3.14202372897878,-50.,40.6361836099917));
#7764=CARTESIAN_POINT('Ctrl Pts',(-3.14202372897878,-49.5,40.6361836099917));
#7765=CARTESIAN_POINT('Ctrl Pts',(-1.80853259819076,-50.,41.8764124491517));
#7766=CARTESIAN_POINT('Ctrl Pts',(-1.80853259819076,-49.5,41.8764124491517));
#7767=CARTESIAN_POINT('',(-7.98040759819076,-50.,35.0111780741517));
#7768=CARTESIAN_POINT('Ctrl Pts',(-7.98040759819076,-50.,35.0111780741517));
#7769=CARTESIAN_POINT('Ctrl Pts',(-7.23050384241844,-50.,36.0364214831935));
#7770=CARTESIAN_POINT('Ctrl Pts',(-5.40663139606794,-50.,38.5299590740647));
#7771=CARTESIAN_POINT('Ctrl Pts',(-3.14202372897878,-50.,40.6361836099917));
#7772=CARTESIAN_POINT('Ctrl Pts',(-1.80853259819076,-50.,41.8764124491517));
#7773=CARTESIAN_POINT('',(-7.98040759819076,-49.5,35.0111780741517));
#7774=CARTESIAN_POINT('',(-7.98040759819076,-50.,35.0111780741517));
#7775=CARTESIAN_POINT('Ctrl Pts',(-7.98040759819076,-49.5,35.0111780741517));
#7776=CARTESIAN_POINT('Ctrl Pts',(-7.23050384241844,-49.5,36.0364214831935));
#7777=CARTESIAN_POINT('Ctrl Pts',(-5.40663139606794,-49.5,38.5299590740647));
#7778=CARTESIAN_POINT('Ctrl Pts',(-3.14202372897878,-49.5,40.6361836099917));
#7779=CARTESIAN_POINT('Ctrl Pts',(-1.80853259819076,-49.5,41.8764124491517));
#7780=CARTESIAN_POINT('Ctrl Pts',(-9.85540759819076,-50.,29.5326624491517));
#7781=CARTESIAN_POINT('Ctrl Pts',(-9.85540759819076,-49.5,29.5326624491517));
#7782=CARTESIAN_POINT('Ctrl Pts',(-9.69657084225686,-50.,30.4878545483012));
#7783=CARTESIAN_POINT('Ctrl Pts',(-9.69657084225686,-49.5,30.4878545483012));
#7784=CARTESIAN_POINT('Ctrl Pts',(-9.37565785711342,-50.,32.41771987526));
#7785=CARTESIAN_POINT('Ctrl Pts',(-9.37565785711342,-49.5,32.41771987526));
#7786=CARTESIAN_POINT('Ctrl Pts',(-8.44861039454667,-50.,34.1408937841557));
#7787=CARTESIAN_POINT('Ctrl Pts',(-8.44861039454667,-49.5,34.1408937841557));
#7788=CARTESIAN_POINT('Ctrl Pts',(-7.98040759819076,-50.,35.0111780741517));
#7789=CARTESIAN_POINT('Ctrl Pts',(-7.98040759819076,-49.5,35.0111780741517));
#7790=CARTESIAN_POINT('',(-9.85540759819076,-50.,29.5326624491517));
#7791=CARTESIAN_POINT('Ctrl Pts',(-9.85540759819076,-50.,29.5326624491517));
#7792=CARTESIAN_POINT('Ctrl Pts',(-9.69657084225686,-50.,30.4878545483012));
#7793=CARTESIAN_POINT('Ctrl Pts',(-9.37565785711342,-50.,32.41771987526));
#7794=CARTESIAN_POINT('Ctrl Pts',(-8.44861039454667,-50.,34.1408937841557));
#7795=CARTESIAN_POINT('Ctrl Pts',(-7.98040759819076,-50.,35.0111780741517));
#7796=CARTESIAN_POINT('',(-9.85540759819076,-49.5,29.5326624491517));
#7797=CARTESIAN_POINT('',(-9.85540759819076,-50.,29.5326624491517));
#7798=CARTESIAN_POINT('Ctrl Pts',(-9.85540759819076,-49.5,29.5326624491517));
#7799=CARTESIAN_POINT('Ctrl Pts',(-9.69657084225686,-49.5,30.4878545483012));
#7800=CARTESIAN_POINT('Ctrl Pts',(-9.37565785711342,-49.5,32.41771987526));
#7801=CARTESIAN_POINT('Ctrl Pts',(-8.44861039454667,-49.5,34.1408937841557));
#7802=CARTESIAN_POINT('Ctrl Pts',(-7.98040759819076,-49.5,35.0111780741517));
#7803=CARTESIAN_POINT('Origin',(9.38287365180924,-50.,29.5326624491517));
#7804=CARTESIAN_POINT('',(9.38287365180924,-50.,29.5326624491517));
#7805=CARTESIAN_POINT('',(29.6914368259046,-50.,29.5326624491517));
#7806=CARTESIAN_POINT('',(9.38287365180924,-49.5,29.5326624491517));
#7807=CARTESIAN_POINT('',(9.38287365180924,-50.,29.5326624491517));
#7808=CARTESIAN_POINT('',(9.38287365180924,-49.5,29.5326624491517));
#7809=CARTESIAN_POINT('Origin',(9.38287365180924,-50.,34.6303186991517));
#7810=CARTESIAN_POINT('',(9.38287365180924,-50.,34.6303186991517));
#7811=CARTESIAN_POINT('',(9.38287365180925,-50.,17.3151593495759));
#7812=CARTESIAN_POINT('',(9.38287365180924,-49.5,34.6303186991517));
#7813=CARTESIAN_POINT('',(9.38287365180924,-50.,34.6303186991517));
#7814=CARTESIAN_POINT('',(9.38287365180924,-49.5,34.6303186991517));
#7815=CARTESIAN_POINT('Origin',(-1.51556384819076,-50.,34.6303186991517));
#7816=CARTESIAN_POINT('',(24.2422180759046,-50.,34.6303186991517));
#7817=CARTESIAN_POINT('',(-1.51556384819076,-49.5,34.6303186991517));
#7818=CARTESIAN_POINT('Origin',(-0.236266973190759,-49.5,43.9076624491517));
#7819=CARTESIAN_POINT('Origin',(-35.,50.,74.));
#7820=CARTESIAN_POINT('',(-36.,50.,74.));
#7821=CARTESIAN_POINT('',(-35.,50.,75.));
#7822=CARTESIAN_POINT('Origin',(-35.,50.,74.));
#7823=CARTESIAN_POINT('',(-35.,47.5,75.));
#7824=CARTESIAN_POINT('',(-35.,50.,75.));
#7825=CARTESIAN_POINT('',(-36.,47.5,74.));
#7826=CARTESIAN_POINT('Origin',(-35.,47.5,74.));
#7827=CARTESIAN_POINT('',(-36.,50.,74.));
#7828=CARTESIAN_POINT('Origin',(-10.,50.,75.));
#7829=CARTESIAN_POINT('',(-11.,50.,75.));
#7830=CARTESIAN_POINT('',(-30.,50.,75.));
#7831=CARTESIAN_POINT('',(-11.,47.5,75.));
#7832=CARTESIAN_POINT('',(-11.,50.,75.));
#7833=CARTESIAN_POINT('',(-28.75,47.5,75.));
#7834=CARTESIAN_POINT('Origin',(-35.,50.,67.));
#7835=CARTESIAN_POINT('',(-35.,50.,66.));
#7836=CARTESIAN_POINT('',(-36.,50.,67.));
#7837=CARTESIAN_POINT('Origin',(-35.,50.,67.));
#7838=CARTESIAN_POINT('',(-36.,47.5,67.));
#7839=CARTESIAN_POINT('',(-36.,50.,67.));
#7840=CARTESIAN_POINT('',(-35.,47.5,66.));
#7841=CARTESIAN_POINT('Origin',(-35.,47.5,67.));
#7842=CARTESIAN_POINT('',(-35.,50.,66.));
#7843=CARTESIAN_POINT('Origin',(-36.,50.,75.));
#7844=CARTESIAN_POINT('',(-36.,47.5,37.5));
#7845=CARTESIAN_POINT('',(-36.,50.,37.5));
#7846=CARTESIAN_POINT('Origin',(-11.,50.,74.));
#7847=CARTESIAN_POINT('',(-10.,50.,74.));
#7848=CARTESIAN_POINT('Origin',(-11.,50.,74.));
#7849=CARTESIAN_POINT('',(-10.,47.5,74.));
#7850=CARTESIAN_POINT('',(-10.,50.,74.));
#7851=CARTESIAN_POINT('Origin',(-11.,47.5,74.));
#7852=CARTESIAN_POINT('Origin',(-10.,50.,66.));
#7853=CARTESIAN_POINT('',(-10.,50.,67.));
#7854=CARTESIAN_POINT('',(-10.,50.,33.));
#7855=CARTESIAN_POINT('',(-10.,47.5,67.));
#7856=CARTESIAN_POINT('',(-10.,50.,67.));
#7857=CARTESIAN_POINT('',(-10.,47.5,33.));
#7858=CARTESIAN_POINT('Origin',(-11.,50.,67.));
#7859=CARTESIAN_POINT('',(-11.,50.,66.));
#7860=CARTESIAN_POINT('Origin',(-11.,50.,67.));
#7861=CARTESIAN_POINT('',(-11.,47.5,66.));
#7862=CARTESIAN_POINT('',(-11.,50.,66.));
#7863=CARTESIAN_POINT('Origin',(-11.,47.5,67.));
#7864=CARTESIAN_POINT('Origin',(-36.,50.,66.));
#7865=CARTESIAN_POINT('',(-41.75,47.5,66.));
#7866=CARTESIAN_POINT('',(-43.,50.,66.));
#7867=CARTESIAN_POINT('Origin',(40.,50.,75.));
#7868=CARTESIAN_POINT('',(42.6,-47.5,75.));
#7869=CARTESIAN_POINT('Origin',(40.,-47.5,75.));
#7870=CARTESIAN_POINT('',(42.6,-50.,75.));
#7871=CARTESIAN_POINT('',(42.6,50.,75.));
#7872=CARTESIAN_POINT('Origin',(40.,-50.,75.));
#7873=CARTESIAN_POINT('Origin',(40.,50.,75.));
#7874=CARTESIAN_POINT('',(42.6,50.,75.));
#7875=CARTESIAN_POINT('Origin',(40.,50.,75.));
#7876=CARTESIAN_POINT('',(42.6,47.5,75.));
#7877=CARTESIAN_POINT('',(42.6,50.,75.));
#7878=CARTESIAN_POINT('Origin',(40.,47.5,75.));
#7879=CARTESIAN_POINT('Origin',(-40.,50.,75.));
#7880=CARTESIAN_POINT('',(-37.4,-47.5,75.));
#7881=CARTESIAN_POINT('Origin',(-40.,-47.5,75.));
#7882=CARTESIAN_POINT('',(-37.4,-50.,75.));
#7883=CARTESIAN_POINT('',(-37.4,50.,75.));
#7884=CARTESIAN_POINT('Origin',(-40.,-50.,75.));
#7885=CARTESIAN_POINT('Origin',(-40.,50.,75.));
#7886=CARTESIAN_POINT('',(-37.4,50.,75.));
#7887=CARTESIAN_POINT('Origin',(-40.,50.,75.));
#7888=CARTESIAN_POINT('',(-37.4,47.5,75.));
#7889=CARTESIAN_POINT('',(-37.4,50.,75.));
#7890=CARTESIAN_POINT('Origin',(-40.,47.5,75.));
#7891=CARTESIAN_POINT('Origin',(50.,-40.,80.));
#7892=CARTESIAN_POINT('',(-47.5,35.,80.));
#7893=CARTESIAN_POINT('',(-50.,35.,80.));
#7894=CARTESIAN_POINT('',(50.,35.,80.));
#7895=CARTESIAN_POINT('',(-47.5,-35.,80.));
#7896=CARTESIAN_POINT('',(-47.5,-43.75,80.));
#7897=CARTESIAN_POINT('',(-50.,-35.,80.));
#7898=CARTESIAN_POINT('',(50.,-35.,80.));
#7899=CARTESIAN_POINT('',(-50.,-45.,80.));
#7900=CARTESIAN_POINT('Origin',(50.,-40.,80.));
#7901=CARTESIAN_POINT('',(50.,35.,80.));
#7902=CARTESIAN_POINT('',(47.5,35.,80.));
#7903=CARTESIAN_POINT('',(50.,35.,80.));
#7904=CARTESIAN_POINT('',(50.,-35.,80.));
#7905=CARTESIAN_POINT('',(50.,5.,80.));
#7906=CARTESIAN_POINT('',(47.5,-35.,80.));
#7907=CARTESIAN_POINT('',(50.,-35.,80.));
#7908=CARTESIAN_POINT('',(47.5,3.75,80.));
#7909=CARTESIAN_POINT('Origin',(50.,-35.,75.));
#7910=CARTESIAN_POINT('',(50.,-35.,70.));
#7911=CARTESIAN_POINT('Origin',(50.,-35.,75.));
#7912=CARTESIAN_POINT('',(47.5,-35.,70.));
#7913=CARTESIAN_POINT('',(50.,-35.,70.));
#7914=CARTESIAN_POINT('Origin',(47.5,-35.,75.));
#7915=CARTESIAN_POINT('Origin',(50.,40.,70.));
#7916=CARTESIAN_POINT('',(50.,35.,70.));
#7917=CARTESIAN_POINT('',(50.,45.,70.));
#7918=CARTESIAN_POINT('',(47.5,35.,70.));
#7919=CARTESIAN_POINT('',(50.,35.,70.));
#7920=CARTESIAN_POINT('',(47.5,43.75,70.));
#7921=CARTESIAN_POINT('Origin',(50.,-35.,75.));
#7922=CARTESIAN_POINT('',(-47.5,-35.,70.));
#7923=CARTESIAN_POINT('Origin',(-47.5,-35.,75.));
#7924=CARTESIAN_POINT('',(-50.,-35.,70.));
#7925=CARTESIAN_POINT('',(50.,-35.,70.));
#7926=CARTESIAN_POINT('Origin',(-50.,-35.,75.));
#7927=CARTESIAN_POINT('Origin',(50.,40.,70.));
#7928=CARTESIAN_POINT('',(-47.5,35.,70.));
#7929=CARTESIAN_POINT('',(-47.5,-3.75,70.));
#7930=CARTESIAN_POINT('',(-50.,35.,70.));
#7931=CARTESIAN_POINT('',(50.,35.,70.));
#7932=CARTESIAN_POINT('',(-50.,-5.,70.));
#7933=CARTESIAN_POINT('Origin',(50.,35.,75.));
#7934=CARTESIAN_POINT('Origin',(-47.5,35.,75.));
#7935=CARTESIAN_POINT('Origin',(-50.,35.,75.));
#7936=CARTESIAN_POINT('Origin',(50.,35.,75.));
#7937=CARTESIAN_POINT('Origin',(50.,35.,75.));
#7938=CARTESIAN_POINT('Origin',(47.5,35.,75.));
#7939=CARTESIAN_POINT('Origin',(-3.73969860926349E-16,-43.5,-3.5));
#7940=CARTESIAN_POINT('',(1.7203144029786,-47.5,-2.5));
#7941=CARTESIAN_POINT('',(1.48326119000754,-46.9488142107963,-2.7));
#7942=CARTESIAN_POINT('Origin',(1.7203144029786,-47.5,-3.5));
#7943=CARTESIAN_POINT('',(3.75419341482066,-43.479627899215,-2.7));
#7944=CARTESIAN_POINT('Origin',(-3.73969860926349E-16,-43.5,-2.7));
#7945=CARTESIAN_POINT('',(-1.48326119000754,-46.9488142107963,-2.7));
#7946=CARTESIAN_POINT('Origin',(-3.73969860926349E-16,-43.5,-2.7));
#7947=CARTESIAN_POINT('',(-1.7203144029786,-47.5,-2.5));
#7948=CARTESIAN_POINT('Origin',(-1.7203144029786,-47.5,-3.5));
#7949=CARTESIAN_POINT('Origin',(-3.73969860926349E-16,-43.5,-2.5));
#7950=CARTESIAN_POINT('Ctrl Pts',(-1.72031440297861,-47.5,-2.5));
#7951=CARTESIAN_POINT('Ctrl Pts',(-1.25451545426758,-47.6430929714928,-2.5));
#7952=CARTESIAN_POINT('Ctrl Pts',(-0.0911190461565559,-47.8782310415806,
-2.47048211946887));
#7953=CARTESIAN_POINT('Ctrl Pts',(1.09924913803058,-47.6907906286571,-2.5));
#7954=CARTESIAN_POINT('Ctrl Pts',(1.72031440297861,-47.5,-2.5));
#7955=CARTESIAN_POINT('Ctrl Pts',(-1.63556773331756,-47.3029507408313,-2.5));
#7956=CARTESIAN_POINT('Ctrl Pts',(-1.19373097030286,-47.4548491525617,-2.511442175148));
#7957=CARTESIAN_POINT('Ctrl Pts',(-0.0869643506537236,-47.7064370861322,
-2.49698890779007));
#7958=CARTESIAN_POINT('Ctrl Pts',(1.04645204929798,-47.5054819564718,-2.51525623353067));
#7959=CARTESIAN_POINT('Ctrl Pts',(1.63556773331756,-47.3029507408313,-2.5));
#7960=CARTESIAN_POINT('Ctrl Pts',(-1.55105852573638,-47.1064536181313,-2.57129977824134));
#7961=CARTESIAN_POINT('Ctrl Pts',(-1.13301908834793,-47.2710343757803,-2.5819741510125));
#7962=CARTESIAN_POINT('Ctrl Pts',(-0.0827848058063596,-47.5410071802574,
-2.56520289659385));
#7963=CARTESIAN_POINT('Ctrl Pts',(0.993672609218477,-47.32589462833,-2.58553227526956));
#7964=CARTESIAN_POINT('Ctrl Pts',(1.55105852573639,-47.1064536181313,-2.57129977824134));
#7965=CARTESIAN_POINT('Ctrl Pts',(-1.48326119000754,-46.9488142107963,-2.7));
#7966=CARTESIAN_POINT('Ctrl Pts',(-1.08164768158538,-47.1215395865387,-2.7));
#7967=CARTESIAN_POINT('Ctrl Pts',(-0.0785113328190732,-47.4019516283068,
-2.66693997380513));
#7968=CARTESIAN_POINT('Ctrl Pts',(0.947776512111363,-47.1791147117861,-2.7));
#7969=CARTESIAN_POINT('Ctrl Pts',(1.48326119000755,-46.9488142107963,-2.7));
#7970=CARTESIAN_POINT('Ctrl Pts',(1.72031440297861,-47.5,-2.5));
#7971=CARTESIAN_POINT('Ctrl Pts',(1.09924913803058,-47.6907906286571,-2.5));
#7972=CARTESIAN_POINT('Ctrl Pts',(-0.0911190461565559,-47.8782310415806,
-2.47048211946887));
#7973=CARTESIAN_POINT('Ctrl Pts',(-1.25451545426758,-47.6430929714928,-2.5));
#7974=CARTESIAN_POINT('Ctrl Pts',(-1.72031440297861,-47.5,-2.5));
#7975=CARTESIAN_POINT('Ctrl Pts',(-1.48326119000754,-46.9488142107963,-2.7));
#7976=CARTESIAN_POINT('Ctrl Pts',(-1.08164768158538,-47.1215395865387,-2.7));
#7977=CARTESIAN_POINT('Ctrl Pts',(-0.0785113328190732,-47.4019516283068,
-2.66693997380513));
#7978=CARTESIAN_POINT('Ctrl Pts',(0.947776512111363,-47.1791147117861,-2.7));
#7979=CARTESIAN_POINT('Ctrl Pts',(1.48326119000755,-46.9488142107963,-2.7));
#7980=CARTESIAN_POINT('Origin',(0.,0.,-2.5));
#7981=CARTESIAN_POINT('',(-45.,-47.5,-2.5));
#7982=CARTESIAN_POINT('',(25.,-47.5,-2.5));
#7983=CARTESIAN_POINT('',(-47.5,-45.,-2.5));
#7984=CARTESIAN_POINT('Origin',(-45.,-45.,-2.5));
#7985=CARTESIAN_POINT('',(-47.5,50.,-2.5));
#7986=CARTESIAN_POINT('',(-47.5,-25.,-2.5));
#7987=CARTESIAN_POINT('',(47.5,50.,-2.5));
#7988=CARTESIAN_POINT('',(-25.,50.,-2.5));
#7989=CARTESIAN_POINT('',(47.5,-45.,-2.5));
#7990=CARTESIAN_POINT('',(47.5,25.,-2.5));
#7991=CARTESIAN_POINT('',(45.,-47.5,-2.5));
#7992=CARTESIAN_POINT('Origin',(45.,-45.,-2.5));
#7993=CARTESIAN_POINT('',(25.,-47.5,-2.5));
#7994=CARTESIAN_POINT('',(-4.35424868893542,43.5,-2.5));
#7995=CARTESIAN_POINT('Origin',(-6.03961325396085E-15,43.5,-2.5));
#7996=CARTESIAN_POINT('',(27.5,36.5,-2.5));
#7997=CARTESIAN_POINT('',(27.5,41.5,-2.5));
#7998=CARTESIAN_POINT('',(27.5,20.75,-2.5));
#7999=CARTESIAN_POINT('',(22.5,41.5,-2.5));
#8000=CARTESIAN_POINT('',(11.25,41.5,-2.5));
#8001=CARTESIAN_POINT('',(22.5,36.5,-2.5));
#8002=CARTESIAN_POINT('',(22.5,18.25,-2.5));
#8003=CARTESIAN_POINT('',(13.75,36.5,-2.5));
#8004=CARTESIAN_POINT('',(42.5,36.5,-2.5));
#8005=CARTESIAN_POINT('',(42.5,41.5,-2.5));
#8006=CARTESIAN_POINT('',(42.5,20.75,-2.5));
#8007=CARTESIAN_POINT('',(37.5,41.5,-2.5));
#8008=CARTESIAN_POINT('',(18.75,41.5,-2.5));
#8009=CARTESIAN_POINT('',(37.5,36.5,-2.5));
#8010=CARTESIAN_POINT('',(37.5,18.25,-2.5));
#8011=CARTESIAN_POINT('',(21.25,36.5,-2.5));
#8012=CARTESIAN_POINT('Ctrl Pts',(3.77885814484618,-43.4794940562531,-2.681351785948));
#8013=CARTESIAN_POINT('Ctrl Pts',(3.75835220109933,-39.700635911407,-2.681351785948));
#8014=CARTESIAN_POINT('Ctrl Pts',(-0.0205059437468517,-39.7211418551538,
-2.681351785948));
#8015=CARTESIAN_POINT('Ctrl Pts',(-3.79936408859303,-39.7416477989007,-2.681351785948));
#8016=CARTESIAN_POINT('Ctrl Pts',(-3.77885814484618,-43.5205059437468,-2.681351785948));
#8017=CARTESIAN_POINT('Ctrl Pts',(-3.75835220109933,-47.299364088593,-2.681351785948));
#8018=CARTESIAN_POINT('Ctrl Pts',(0.020505943746851,-47.2788581448462,-2.681351785948));
#8019=CARTESIAN_POINT('Ctrl Pts',(3.79936408859303,-47.2583522010993,-2.681351785948));
#8020=CARTESIAN_POINT('Ctrl Pts',(3.77885814484618,-43.4794940562531,-2.681351785948));
#8021=CARTESIAN_POINT('Ctrl Pts',(2.70474295250168,-43.4853227338239,-3.5));
#8022=CARTESIAN_POINT('Ctrl Pts',(2.69006568632556,-40.7805797813222,-3.5));
#8023=CARTESIAN_POINT('Ctrl Pts',(-0.0146772661761134,-40.7952570474983,
-3.5));
#8024=CARTESIAN_POINT('Ctrl Pts',(-2.71942021867779,-40.8099343136744,-3.5));
#8025=CARTESIAN_POINT('Ctrl Pts',(-2.70474295250168,-43.5146772661761,-3.5));
#8026=CARTESIAN_POINT('Ctrl Pts',(-2.69006568632557,-46.2194202186778,-3.5));
#8027=CARTESIAN_POINT('Ctrl Pts',(0.0146772661761126,-46.2047429525017,
-3.5));
#8028=CARTESIAN_POINT('Ctrl Pts',(2.71942021867779,-46.1900656863256,-3.5));
#8029=CARTESIAN_POINT('Ctrl Pts',(2.70474295250168,-43.4853227338239,-3.5));
#8030=CARTESIAN_POINT('Ctrl Pts',(1.35422875021967,-43.4926512884295,-3.5));
#8031=CARTESIAN_POINT('Ctrl Pts',(1.34688003864915,-42.1384225382098,-3.5));
#8032=CARTESIAN_POINT('Ctrl Pts',(-0.00734871157051879,-42.1457712497803,
-3.5));
#8033=CARTESIAN_POINT('Ctrl Pts',(-1.36157746179019,-42.1531199613508,-3.5));
#8034=CARTESIAN_POINT('Ctrl Pts',(-1.35422875021967,-43.5073487115705,-3.5));
#8035=CARTESIAN_POINT('Ctrl Pts',(-1.34688003864915,-44.8615774617902,-3.5));
#8036=CARTESIAN_POINT('Ctrl Pts',(0.00734871157051804,-44.8542287502197,
-3.5));
#8037=CARTESIAN_POINT('Ctrl Pts',(1.36157746179019,-44.8468800386491,-3.5));
#8038=CARTESIAN_POINT('Ctrl Pts',(1.35422875021967,-43.4926512884295,-3.5));
#8039=CARTESIAN_POINT('',(1.35422875021967,-43.4926512884295,-3.5));
#8040=CARTESIAN_POINT('Origin',(-3.73969860926349E-16,-43.5,-3.5));
#8041=CARTESIAN_POINT('Ctrl Pts',(1.35422875021967,-43.4926512884295,-3.5));
#8042=CARTESIAN_POINT('Ctrl Pts',(2.68754245277578,-43.4854160721992,-3.5));
#8043=CARTESIAN_POINT('Ctrl Pts',(3.75419341482066,-43.479627899215,-2.7));
#8044=CARTESIAN_POINT('Origin',(-6.03961325396085E-15,43.5,-3.5));
#8045=CARTESIAN_POINT('',(-3.75424868893542,43.5,-2.7));
#8046=CARTESIAN_POINT('',(3.7542486889354,43.5,-2.7));
#8047=CARTESIAN_POINT('Origin',(-6.03961325396085E-15,43.5,-2.7));
#8048=CARTESIAN_POINT('Origin',(-6.03961325396085E-15,43.5,-2.7));
#8049=CARTESIAN_POINT('Origin',(-4.35424868893542,43.5,-3.5));
#8050=CARTESIAN_POINT('Ctrl Pts',(3.7542486889354,43.5,-2.7));
#8051=CARTESIAN_POINT('Ctrl Pts',(3.7542486889354,47.2542486889354,-2.7));
#8052=CARTESIAN_POINT('Ctrl Pts',(-6.03961325396085E-15,47.2542486889354,
-2.7));
#8053=CARTESIAN_POINT('Ctrl Pts',(-3.75424868893541,47.2542486889354,-2.7));
#8054=CARTESIAN_POINT('Ctrl Pts',(-3.75424868893542,43.5,-2.7));
#8055=CARTESIAN_POINT('Ctrl Pts',(-3.75424868893541,39.7457513110646,-2.7));
#8056=CARTESIAN_POINT('Ctrl Pts',(-6.03961325396085E-15,39.7457513110646,
-2.7));
#8057=CARTESIAN_POINT('Ctrl Pts',(3.7542486889354,39.7457513110646,-2.7));
#8058=CARTESIAN_POINT('Ctrl Pts',(3.7542486889354,43.5,-2.7));
#8059=CARTESIAN_POINT('Ctrl Pts',(2.68758202226874,43.5,-3.5));
#8060=CARTESIAN_POINT('Ctrl Pts',(2.68758202226874,46.1875820222687,-3.5));
#8061=CARTESIAN_POINT('Ctrl Pts',(-6.03961325396085E-15,46.1875820222687,
-3.5));
#8062=CARTESIAN_POINT('Ctrl Pts',(-2.68758202226875,46.1875820222687,-3.5));
#8063=CARTESIAN_POINT('Ctrl Pts',(-2.68758202226875,43.5,-3.5));
#8064=CARTESIAN_POINT('Ctrl Pts',(-2.68758202226875,40.8124179777313,-3.5));
#8065=CARTESIAN_POINT('Ctrl Pts',(-6.03961325396085E-15,40.8124179777313,
-3.5));
#8066=CARTESIAN_POINT('Ctrl Pts',(2.68758202226874,40.8124179777313,-3.5));
#8067=CARTESIAN_POINT('Ctrl Pts',(2.68758202226874,43.5,-3.5));
#8068=CARTESIAN_POINT('Ctrl Pts',(1.3542486889354,43.5,-3.5));
#8069=CARTESIAN_POINT('Ctrl Pts',(1.3542486889354,44.8542486889354,-3.5));
#8070=CARTESIAN_POINT('Ctrl Pts',(-6.03961325396085E-15,44.8542486889354,
-3.5));
#8071=CARTESIAN_POINT('Ctrl Pts',(-1.35424868893542,44.8542486889354,-3.5));
#8072=CARTESIAN_POINT('Ctrl Pts',(-1.35424868893542,43.5,-3.5));
#8073=CARTESIAN_POINT('Ctrl Pts',(-1.35424868893542,42.1457513110646,-3.5));
#8074=CARTESIAN_POINT('Ctrl Pts',(-6.03961325396085E-15,42.1457513110646,
-3.5));
#8075=CARTESIAN_POINT('Ctrl Pts',(1.3542486889354,42.1457513110646,-3.5));
#8076=CARTESIAN_POINT('Ctrl Pts',(1.3542486889354,43.5,-3.5));
#8077=CARTESIAN_POINT('',(1.3542486889354,43.5,-3.5));
#8078=CARTESIAN_POINT('Origin',(-6.03961325396085E-15,43.5,-3.5));
#8079=CARTESIAN_POINT('Origin',(1.3542486889354,43.5,0.5));
#8080=CARTESIAN_POINT('Origin',(-3.33066907387547E-15,4.44089209850063E-15,
-3.5));
#8081=CARTESIAN_POINT('Origin',(-3.33066907387547E-15,4.44089209850063E-15,
-3.5));
#8082=CARTESIAN_POINT('Origin',(-45.,4.32402651696114E-15,50.));
#8083=CARTESIAN_POINT('',(-47.5,35.,50.));
#8084=CARTESIAN_POINT('',(-45.,35.2525512860841,52.5));
#8085=CARTESIAN_POINT('Ctrl Pts',(-47.5,35.,50.));
#8086=CARTESIAN_POINT('Ctrl Pts',(-47.5,35.,50.3139896862253));
#8087=CARTESIAN_POINT('Ctrl Pts',(-47.4372273107758,34.9995062129791,50.6488920050877));
#8088=CARTESIAN_POINT('Ctrl Pts',(-47.1820288454166,35.0033932726531,51.2648667475975));
#8089=CARTESIAN_POINT('Ctrl Pts',(-46.9896003132361,35.0084479890176,51.5459335926966));
#8090=CARTESIAN_POINT('Ctrl Pts',(-46.5440954935538,35.0345899481989,51.9914384123789));
#8091=CARTESIAN_POINT('Ctrl Pts',(-46.2609341463465,35.0576781503074,52.1843488334986));
#8092=CARTESIAN_POINT('Ctrl Pts',(-45.6439230702745,35.1346599052349,52.4385851898558));
#8093=CARTESIAN_POINT('Ctrl Pts',(-45.3101949426968,35.1892330085509,52.5));
#8094=CARTESIAN_POINT('Ctrl Pts',(-45.,35.2525512860841,52.5));
#8095=CARTESIAN_POINT('',(-45.,27.6568651670156,52.5));
#8096=CARTESIAN_POINT('',(-45.,4.32402651696114E-15,52.5));
#8097=CARTESIAN_POINT('',(-47.5,27.5,50.));
#8098=CARTESIAN_POINT('Ctrl Pts',(-45.,27.6568651670156,52.5));
#8099=CARTESIAN_POINT('Ctrl Pts',(-45.3124711585378,27.6174975014265,52.5));
#8100=CARTESIAN_POINT('Ctrl Pts',(-45.6468779420452,27.5836377904773,52.4377762679682));
#8101=CARTESIAN_POINT('Ctrl Pts',(-46.2632378720513,27.535883078528,52.18298747591));
#8102=CARTESIAN_POINT('Ctrl Pts',(-46.5451444957019,27.5215646697384,51.9903894102308));
#8103=CARTESIAN_POINT('Ctrl Pts',(-46.9896804620436,27.5052785547599,51.5458534438892));
#8104=CARTESIAN_POINT('Ctrl Pts',(-47.1820916183885,27.5021198048879,51.2647545127364));
#8105=CARTESIAN_POINT('Ctrl Pts',(-47.4372508505933,27.4996914880709,50.6487958927303));
#8106=CARTESIAN_POINT('Ctrl Pts',(-47.5,27.5,50.3139383842011));
#8107=CARTESIAN_POINT('Ctrl Pts',(-47.5,27.5,50.));
#8108=CARTESIAN_POINT('',(-47.5,4.09029535388216E-15,50.));
#8109=CARTESIAN_POINT('Origin',(-42.5,47.5,52.5));
#8110=CARTESIAN_POINT('',(-35.,47.5,52.5));
#8111=CARTESIAN_POINT('Origin',(-47.5,47.5,52.5));
#8112=CARTESIAN_POINT('',(-32.5,47.5,52.5));
#8113=CARTESIAN_POINT('',(-23.75,47.5,52.5));
#8114=CARTESIAN_POINT('',(-32.5,50.,52.5));
#8115=CARTESIAN_POINT('',(-32.5,47.5,52.5));
#8116=CARTESIAN_POINT('',(32.5,50.,52.5));
#8117=CARTESIAN_POINT('',(-46.25,50.,52.5));
#8118=CARTESIAN_POINT('',(32.5,47.5,52.5));
#8119=CARTESIAN_POINT('',(32.5,47.5,52.5));
#8120=CARTESIAN_POINT('',(35.,47.5,52.5));
#8121=CARTESIAN_POINT('',(-23.75,47.5,52.5));
#8122=CARTESIAN_POINT('',(45.,35.2525512860841,52.5));
#8123=CARTESIAN_POINT('Origin',(47.5,47.5,52.5));
#8124=CARTESIAN_POINT('',(45.,27.6568651670156,52.5));
#8125=CARTESIAN_POINT('',(45.,47.5,52.5));
#8126=CARTESIAN_POINT('',(41.,28.5857196806223,52.5));
#8127=CARTESIAN_POINT('Origin',(47.5,47.5,52.5));
#8128=CARTESIAN_POINT('',(41.,-28.5857196806223,52.5));
#8129=CARTESIAN_POINT('',(41.,14.2928598403111,52.5));
#8130=CARTESIAN_POINT('',(45.,-27.6568651670156,52.5));
#8131=CARTESIAN_POINT('Origin',(47.5,-47.5,52.5));
#8132=CARTESIAN_POINT('',(45.,-35.2525512860841,52.5));
#8133=CARTESIAN_POINT('',(45.,47.5,52.5));
#8134=CARTESIAN_POINT('',(35.2525512860841,-45.,52.5));
#8135=CARTESIAN_POINT('Origin',(47.5,-47.5,52.5));
#8136=CARTESIAN_POINT('',(27.6568651670156,-45.,52.5));
#8137=CARTESIAN_POINT('',(2.5,-45.,52.5));
#8138=CARTESIAN_POINT('',(28.4212159716611,-41.5,52.5));
#8139=CARTESIAN_POINT('Origin',(47.5,-47.5,52.5));
#8140=CARTESIAN_POINT('',(-28.4212159716611,-41.5,52.5));
#8141=CARTESIAN_POINT('',(14.2106079858305,-41.5,52.5));
#8142=CARTESIAN_POINT('',(-27.6568651670156,-45.,52.5));
#8143=CARTESIAN_POINT('Origin',(-47.5,-47.5,52.5));
#8144=CARTESIAN_POINT('',(-35.2525512860841,-45.,52.5));
#8145=CARTESIAN_POINT('',(2.5,-45.,52.5));
#8146=CARTESIAN_POINT('',(-45.,-35.2525512860841,52.5));
#8147=CARTESIAN_POINT('Origin',(-47.5,-47.5,52.5));
#8148=CARTESIAN_POINT('',(-45.,-27.6568651670156,52.5));
#8149=CARTESIAN_POINT('',(-45.,4.32402651696114E-15,52.5));
#8150=CARTESIAN_POINT('',(-41.,-28.5857196806223,52.5));
#8151=CARTESIAN_POINT('Origin',(-47.5,-47.5,52.5));
#8152=CARTESIAN_POINT('',(-41.,28.5857196806223,52.5));
#8153=CARTESIAN_POINT('',(-41.,-14.2928598403111,52.5));
#8154=CARTESIAN_POINT('Origin',(-47.5,47.5,52.5));
#8155=CARTESIAN_POINT('',(-27.5,47.5,52.5));
#8156=CARTESIAN_POINT('',(27.5,47.5,52.5));
#8157=CARTESIAN_POINT('',(-45.,47.5,52.5));
#8158=CARTESIAN_POINT('',(-28.4212159716611,41.5,52.5));
#8159=CARTESIAN_POINT('Origin',(-47.5,47.5,52.5));
#8160=CARTESIAN_POINT('',(28.4212159716611,41.5,52.5));
#8161=CARTESIAN_POINT('',(-14.2106079858305,41.5,52.5));
#8162=CARTESIAN_POINT('Origin',(47.5,47.5,52.5));
#8163=CARTESIAN_POINT('Origin',(45.,47.5,50.));
#8164=CARTESIAN_POINT('',(47.5,27.5,50.));
#8165=CARTESIAN_POINT('Ctrl Pts',(47.5,27.5,50.));
#8166=CARTESIAN_POINT('Ctrl Pts',(47.5,27.5,50.3139383842011));
#8167=CARTESIAN_POINT('Ctrl Pts',(47.4372508505933,27.4996914880709,50.6487958927303));
#8168=CARTESIAN_POINT('Ctrl Pts',(47.1820916183885,27.5021198048879,51.2647545127363));
#8169=CARTESIAN_POINT('Ctrl Pts',(46.9896804620436,27.5052785547599,51.5458534438892));
#8170=CARTESIAN_POINT('Ctrl Pts',(46.5451444957019,27.5215646697384,51.9903894102308));
#8171=CARTESIAN_POINT('Ctrl Pts',(46.2632378720513,27.535883078528,52.18298747591));
#8172=CARTESIAN_POINT('Ctrl Pts',(45.6468779420451,27.5836377904773,52.4377762679682));
#8173=CARTESIAN_POINT('Ctrl Pts',(45.3124711585378,27.6174975014265,52.5));
#8174=CARTESIAN_POINT('Ctrl Pts',(45.,27.6568651670156,52.5));
#8175=CARTESIAN_POINT('',(47.5,35.,50.));
#8176=CARTESIAN_POINT('Ctrl Pts',(45.,35.2525512860841,52.5));
#8177=CARTESIAN_POINT('Ctrl Pts',(45.3101949426968,35.1892330085509,52.5));
#8178=CARTESIAN_POINT('Ctrl Pts',(45.6439230702745,35.1346599052349,52.4385851898558));
#8179=CARTESIAN_POINT('Ctrl Pts',(46.2609341463465,35.0576781503074,52.1843488334986));
#8180=CARTESIAN_POINT('Ctrl Pts',(46.5440954935538,35.0345899481989,51.9914384123789));
#8181=CARTESIAN_POINT('Ctrl Pts',(46.9896003132361,35.0084479890176,51.5459335926966));
#8182=CARTESIAN_POINT('Ctrl Pts',(47.1820288454166,35.0033932726531,51.2648667475975));
#8183=CARTESIAN_POINT('Ctrl Pts',(47.4372273107758,34.9995062129791,50.6488920050877));
#8184=CARTESIAN_POINT('Ctrl Pts',(47.5,35.,50.3139896862252));
#8185=CARTESIAN_POINT('Ctrl Pts',(47.5,35.,50.));
#8186=CARTESIAN_POINT('',(47.5,47.5,50.));
#8187=CARTESIAN_POINT('Origin',(-45.,4.32402651696114E-15,50.));
#8188=CARTESIAN_POINT('',(-47.5,-27.5,50.));
#8189=CARTESIAN_POINT('Ctrl Pts',(-47.5,-27.5,50.));
#8190=CARTESIAN_POINT('Ctrl Pts',(-47.5,-27.5,50.3139383842011));
#8191=CARTESIAN_POINT('Ctrl Pts',(-47.4372508505933,-27.4996914880709,50.6487958927303));
#8192=CARTESIAN_POINT('Ctrl Pts',(-47.1820916183885,-27.5021198048879,51.2647545127364));
#8193=CARTESIAN_POINT('Ctrl Pts',(-46.9896804620436,-27.5052785547599,51.5458534438892));
#8194=CARTESIAN_POINT('Ctrl Pts',(-46.5451444957019,-27.5215646697384,51.9903894102308));
#8195=CARTESIAN_POINT('Ctrl Pts',(-46.2632378720512,-27.535883078528,52.18298747591));
#8196=CARTESIAN_POINT('Ctrl Pts',(-45.6468779420451,-27.5836377904773,52.4377762679682));
#8197=CARTESIAN_POINT('Ctrl Pts',(-45.3124711585378,-27.6174975014264,52.5));
#8198=CARTESIAN_POINT('Ctrl Pts',(-45.,-27.6568651670156,52.5));
#8199=CARTESIAN_POINT('',(-47.5,-35.,50.));
#8200=CARTESIAN_POINT('Ctrl Pts',(-45.,-35.2525512860841,52.5));
#8201=CARTESIAN_POINT('Ctrl Pts',(-45.3101949426968,-35.1892330085508,52.5));
#8202=CARTESIAN_POINT('Ctrl Pts',(-45.6439230702745,-35.1346599052349,52.4385851898558));
#8203=CARTESIAN_POINT('Ctrl Pts',(-46.2609341463465,-35.0576781503074,52.1843488334986));
#8204=CARTESIAN_POINT('Ctrl Pts',(-46.5440954935538,-35.0345899481989,51.9914384123789));
#8205=CARTESIAN_POINT('Ctrl Pts',(-46.9896003132361,-35.0084479890176,51.5459335926966));
#8206=CARTESIAN_POINT('Ctrl Pts',(-47.1820288454166,-35.0033932726531,51.2648667475975));
#8207=CARTESIAN_POINT('Ctrl Pts',(-47.4372273107758,-34.9995062129791,50.6488920050877));
#8208=CARTESIAN_POINT('Ctrl Pts',(-47.5,-35.,50.3139896862253));
#8209=CARTESIAN_POINT('Ctrl Pts',(-47.5,-35.,50.));
#8210=CARTESIAN_POINT('',(-47.5,4.09029535388216E-15,50.));
#8211=CARTESIAN_POINT('Origin',(2.5,-45.,50.));
#8212=CARTESIAN_POINT('',(-35.,-47.5,50.));
#8213=CARTESIAN_POINT('Ctrl Pts',(-35.,-47.5,50.));
#8214=CARTESIAN_POINT('Ctrl Pts',(-35.,-47.5,50.3139896862253));
#8215=CARTESIAN_POINT('Ctrl Pts',(-34.9995062129791,-47.4372273107758,50.6488920050877));
#8216=CARTESIAN_POINT('Ctrl Pts',(-35.0033932726531,-47.1820288454166,51.2648667475975));
#8217=CARTESIAN_POINT('Ctrl Pts',(-35.0084479890176,-46.9896003132361,51.5459335926966));
#8218=CARTESIAN_POINT('Ctrl Pts',(-35.0345899481989,-46.5440954935538,51.9914384123789));
#8219=CARTESIAN_POINT('Ctrl Pts',(-35.0576781503074,-46.2609341463465,52.1843488334986));
#8220=CARTESIAN_POINT('Ctrl Pts',(-35.1346599052349,-45.6439230702745,52.4385851898558));
#8221=CARTESIAN_POINT('Ctrl Pts',(-35.1892330085508,-45.3101949426968,52.5));
#8222=CARTESIAN_POINT('Ctrl Pts',(-35.2525512860841,-45.,52.5));
#8223=CARTESIAN_POINT('',(-27.5,-47.5,50.));
#8224=CARTESIAN_POINT('Ctrl Pts',(-27.6568651670156,-45.,52.5));
#8225=CARTESIAN_POINT('Ctrl Pts',(-27.6174975014264,-45.3124711585378,52.5));
#8226=CARTESIAN_POINT('Ctrl Pts',(-27.5836377904773,-45.6468779420452,52.4377762679682));
#8227=CARTESIAN_POINT('Ctrl Pts',(-27.535883078528,-46.2632378720513,52.18298747591));
#8228=CARTESIAN_POINT('Ctrl Pts',(-27.5215646697384,-46.5451444957019,51.9903894102308));
#8229=CARTESIAN_POINT('Ctrl Pts',(-27.5052785547599,-46.9896804620436,51.5458534438892));
#8230=CARTESIAN_POINT('Ctrl Pts',(-27.5021198048879,-47.1820916183885,51.2647545127364));
#8231=CARTESIAN_POINT('Ctrl Pts',(-27.4996914880709,-47.4372508505933,50.6487958927303));
#8232=CARTESIAN_POINT('Ctrl Pts',(-27.5,-47.5,50.3139383842011));
#8233=CARTESIAN_POINT('Ctrl Pts',(-27.5,-47.5,50.));
#8234=CARTESIAN_POINT('',(2.5,-47.5,50.));
#8235=CARTESIAN_POINT('Origin',(2.5,-45.,50.));
#8236=CARTESIAN_POINT('',(27.5,-47.5,50.));
#8237=CARTESIAN_POINT('Ctrl Pts',(27.5,-47.5,50.));
#8238=CARTESIAN_POINT('Ctrl Pts',(27.5,-47.5,50.3139383842011));
#8239=CARTESIAN_POINT('Ctrl Pts',(27.4996914880709,-47.4372508505933,50.6487958927303));
#8240=CARTESIAN_POINT('Ctrl Pts',(27.5021198048879,-47.1820916183885,51.2647545127364));
#8241=CARTESIAN_POINT('Ctrl Pts',(27.5052785547599,-46.9896804620436,51.5458534438892));
#8242=CARTESIAN_POINT('Ctrl Pts',(27.5215646697384,-46.5451444957019,51.9903894102308));
#8243=CARTESIAN_POINT('Ctrl Pts',(27.535883078528,-46.2632378720512,52.18298747591));
#8244=CARTESIAN_POINT('Ctrl Pts',(27.5836377904773,-45.6468779420451,52.4377762679682));
#8245=CARTESIAN_POINT('Ctrl Pts',(27.6174975014264,-45.3124711585378,52.5));
#8246=CARTESIAN_POINT('Ctrl Pts',(27.6568651670156,-45.,52.5));
#8247=CARTESIAN_POINT('',(35.,-47.5,50.));
#8248=CARTESIAN_POINT('Ctrl Pts',(35.2525512860841,-45.,52.5));
#8249=CARTESIAN_POINT('Ctrl Pts',(35.1892330085509,-45.3101949426968,52.5));
#8250=CARTESIAN_POINT('Ctrl Pts',(35.1346599052349,-45.6439230702745,52.4385851898558));
#8251=CARTESIAN_POINT('Ctrl Pts',(35.0576781503074,-46.2609341463465,52.1843488334986));
#8252=CARTESIAN_POINT('Ctrl Pts',(35.0345899481989,-46.5440954935538,51.9914384123789));
#8253=CARTESIAN_POINT('Ctrl Pts',(35.0084479890176,-46.9896003132362,51.5459335926966));
#8254=CARTESIAN_POINT('Ctrl Pts',(35.0033932726531,-47.1820288454165,51.2648667475976));
#8255=CARTESIAN_POINT('Ctrl Pts',(34.9995062129791,-47.4372273107758,50.6488920050877));
#8256=CARTESIAN_POINT('Ctrl Pts',(35.,-47.5,50.3139896862253));
#8257=CARTESIAN_POINT('Ctrl Pts',(35.,-47.5,50.));
#8258=CARTESIAN_POINT('',(2.5,-47.5,50.));
#8259=CARTESIAN_POINT('Origin',(45.,47.5,50.));
#8260=CARTESIAN_POINT('',(47.5,-35.,50.));
#8261=CARTESIAN_POINT('Ctrl Pts',(47.5,-35.,50.));
#8262=CARTESIAN_POINT('Ctrl Pts',(47.5,-35.,50.3139896862252));
#8263=CARTESIAN_POINT('Ctrl Pts',(47.4372273107758,-34.9995062129791,50.6488920050877));
#8264=CARTESIAN_POINT('Ctrl Pts',(47.1820288454166,-35.0033932726531,51.2648667475975));
#8265=CARTESIAN_POINT('Ctrl Pts',(46.9896003132361,-35.0084479890176,51.5459335926966));
#8266=CARTESIAN_POINT('Ctrl Pts',(46.5440954935538,-35.0345899481989,51.9914384123789));
#8267=CARTESIAN_POINT('Ctrl Pts',(46.2609341463465,-35.0576781503074,52.1843488334986));
#8268=CARTESIAN_POINT('Ctrl Pts',(45.6439230702745,-35.1346599052349,52.4385851898557));
#8269=CARTESIAN_POINT('Ctrl Pts',(45.3101949426968,-35.1892330085509,52.5));
#8270=CARTESIAN_POINT('Ctrl Pts',(45.,-35.2525512860841,52.5));
#8271=CARTESIAN_POINT('',(47.5,-27.5,50.));
#8272=CARTESIAN_POINT('Ctrl Pts',(45.,-27.6568651670156,52.5));
#8273=CARTESIAN_POINT('Ctrl Pts',(45.3124711585378,-27.6174975014265,52.5));
#8274=CARTESIAN_POINT('Ctrl Pts',(45.6468779420452,-27.5836377904773,52.4377762679682));
#8275=CARTESIAN_POINT('Ctrl Pts',(46.2632378720513,-27.535883078528,52.18298747591));
#8276=CARTESIAN_POINT('Ctrl Pts',(46.5451444957019,-27.5215646697384,51.9903894102308));
#8277=CARTESIAN_POINT('Ctrl Pts',(46.9896804620436,-27.5052785547599,51.5458534438892));
#8278=CARTESIAN_POINT('Ctrl Pts',(47.1820916183885,-27.5021198048879,51.2647545127364));
#8279=CARTESIAN_POINT('Ctrl Pts',(47.4372508505933,-27.4996914880709,50.6487958927303));
#8280=CARTESIAN_POINT('Ctrl Pts',(47.5,-27.5,50.3139383842011));
#8281=CARTESIAN_POINT('Ctrl Pts',(47.5,-27.5,50.));
#8282=CARTESIAN_POINT('',(47.5,47.5,50.));
#8283=CARTESIAN_POINT('Origin',(-20.,16.,2.5));
#8284=CARTESIAN_POINT('',(-20.,-32.,0.));
#8285=CARTESIAN_POINT('',(-17.5,-32.,2.5));
#8286=CARTESIAN_POINT('Origin',(-20.,-32.,2.5));
#8287=CARTESIAN_POINT('',(-17.5,32.,2.5));
#8288=CARTESIAN_POINT('',(-17.5,16.,2.5));
#8289=CARTESIAN_POINT('',(-20.,32.,0.));
#8290=CARTESIAN_POINT('Origin',(-20.,32.,2.5));
#8291=CARTESIAN_POINT('',(-20.,16.,0.));
#8292=CARTESIAN_POINT('Origin',(-17.5,32.,0.));
#8293=CARTESIAN_POINT('',(-17.5,-32.,23.));
#8294=CARTESIAN_POINT('',(-17.5,-32.,0.));
#8295=CARTESIAN_POINT('',(-17.5,-6.6625,23.));
#8296=CARTESIAN_POINT('',(-17.5,16.0000001192093,23.));
#8297=CARTESIAN_POINT('',(-17.5,-6.6625,18.));
#8298=CARTESIAN_POINT('',(-17.5,-6.6625,11.5));
#8299=CARTESIAN_POINT('',(-17.5,6.6625,18.));
#8300=CARTESIAN_POINT('',(-17.5,16.,18.));
#8301=CARTESIAN_POINT('',(-17.5,6.6625,23.));
#8302=CARTESIAN_POINT('',(-17.5,6.6625,11.5));
#8303=CARTESIAN_POINT('',(-17.5,32.,23.));
#8304=CARTESIAN_POINT('',(-17.5,16.0000001192093,23.));
#8305=CARTESIAN_POINT('',(-17.5,32.,0.));
#8306=CARTESIAN_POINT('Origin',(20.,-16.,2.5));
#8307=CARTESIAN_POINT('',(20.,32.,0.));
#8308=CARTESIAN_POINT('',(17.5,32.,2.5));
#8309=CARTESIAN_POINT('Origin',(20.,32.,2.5));
#8310=CARTESIAN_POINT('',(17.5,-32.,2.5));
#8311=CARTESIAN_POINT('',(17.5,-16.,2.5));
#8312=CARTESIAN_POINT('',(20.,-32.,0.));
#8313=CARTESIAN_POINT('Origin',(20.,-32.,2.5));
#8314=CARTESIAN_POINT('',(20.,-16.,0.));
#8315=CARTESIAN_POINT('Origin',(17.5,-32.,0.));
#8316=CARTESIAN_POINT('',(17.5,32.,23.));
#8317=CARTESIAN_POINT('',(17.5,32.,0.));
#8318=CARTESIAN_POINT('',(17.5,6.6625,23.));
#8319=CARTESIAN_POINT('',(17.5,-15.9999998807907,23.));
#8320=CARTESIAN_POINT('',(17.5,6.6625,18.));
#8321=CARTESIAN_POINT('',(17.5,6.6625,11.5));
#8322=CARTESIAN_POINT('',(17.5,-6.6625,18.));
#8323=CARTESIAN_POINT('',(17.5,-16.,18.));
#8324=CARTESIAN_POINT('',(17.5,-6.6625,23.));
#8325=CARTESIAN_POINT('',(17.5,-6.6625,11.5));
#8326=CARTESIAN_POINT('',(17.5,-32.,23.));
#8327=CARTESIAN_POINT('',(17.5,-15.9999998807907,23.));
#8328=CARTESIAN_POINT('',(17.5,-32.,0.));
#8329=CARTESIAN_POINT('Origin',(42.4999989382923,3.33125000000001,41.225));
#8330=CARTESIAN_POINT('',(39.9999989382923,6.66250000000001,41.225));
#8331=CARTESIAN_POINT('',(42.4999989382923,6.66250000000001,43.725));
#8332=CARTESIAN_POINT('Origin',(42.4999989382923,6.66250000000001,41.225));
#8333=CARTESIAN_POINT('',(42.4999989382923,-6.6625,43.725));
#8334=CARTESIAN_POINT('',(42.4999989382923,3.33125000000001,43.725));
#8335=CARTESIAN_POINT('',(39.9999989382923,-6.6625,41.225));
#8336=CARTESIAN_POINT('Origin',(42.4999989382923,-6.6625,41.225));
#8337=CARTESIAN_POINT('',(39.9999989382923,3.33125000000001,41.225));
#8338=CARTESIAN_POINT('Origin',(43.1874989382923,5.55111512312578E-15,43.725));
#8339=CARTESIAN_POINT('',(46.3749989382923,6.66250000000001,43.725));
#8340=CARTESIAN_POINT('',(30.3437494691461,6.66250000000001,43.725));
#8341=CARTESIAN_POINT('',(46.3749989382923,-6.6625,43.725));
#8342=CARTESIAN_POINT('',(46.3749989382923,-3.33125,43.725));
#8343=CARTESIAN_POINT('',(45.3437489382923,-6.6625,43.725));
#8344=CARTESIAN_POINT('Origin',(43.8749989382923,-3.33125,44.225));
#8345=CARTESIAN_POINT('',(46.3749989382923,6.66250000000001,44.225));
#8346=CARTESIAN_POINT('',(43.8749989382923,6.66250000000001,46.725));
#8347=CARTESIAN_POINT('Origin',(43.8749989382923,6.6625,44.225));
#8348=CARTESIAN_POINT('',(43.8749989382923,-6.6625,46.725));
#8349=CARTESIAN_POINT('',(43.8749989382923,-3.33125,46.725));
#8350=CARTESIAN_POINT('',(46.3749989382923,-6.6625,44.225));
#8351=CARTESIAN_POINT('Origin',(43.8749989382923,-6.6625,44.225));
#8352=CARTESIAN_POINT('',(46.3749989382923,-3.33125,44.225));
#8353=CARTESIAN_POINT('Origin',(41.6874989382923,5.55111512312578E-15,46.725));
#8354=CARTESIAN_POINT('',(39.4999989382923,6.66250000000001,46.725));
#8355=CARTESIAN_POINT('',(21.0000014528632,6.6625,46.725));
#8356=CARTESIAN_POINT('',(39.4999989382923,-6.6625,46.725));
#8357=CARTESIAN_POINT('',(39.4999989382923,3.33125000000001,46.725));
#8358=CARTESIAN_POINT('',(47.4999989382923,-6.6625,46.725));
#8359=CARTESIAN_POINT('Origin',(17.5,6.6625,23.));
#8360=CARTESIAN_POINT('',(46.3749989382923,6.66250000000001,36.725));
#8361=CARTESIAN_POINT('',(39.9999989382923,6.66250000000001,39.225));
#8362=CARTESIAN_POINT('',(39.9999989382923,6.66250000000001,29.8625));
#8363=CARTESIAN_POINT('',(42.4999989382923,6.66250000000001,36.725));
#8364=CARTESIAN_POINT('Origin',(42.4999989382923,6.66250000000001,39.225));
#8365=CARTESIAN_POINT('',(47.4999989382923,6.66250000000001,36.725));
#8366=CARTESIAN_POINT('',(23.7499994691461,6.6625,36.725));
#8367=CARTESIAN_POINT('',(47.5,6.66250000000001,18.));
#8368=CARTESIAN_POINT('',(47.5,6.66250000000001,11.5));
#8369=CARTESIAN_POINT('',(45.,6.66250000000001,20.5));
#8370=CARTESIAN_POINT('Origin',(45.,6.6625,18.));
#8371=CARTESIAN_POINT('',(20.,6.6625,20.5));
#8372=CARTESIAN_POINT('',(8.74999999999999,6.6625,20.5));
#8373=CARTESIAN_POINT('Origin',(20.,6.6625,18.));
#8374=CARTESIAN_POINT('',(21.0000014528632,6.6625,23.));
#8375=CARTESIAN_POINT('',(47.4999989382923,6.66250000000001,23.));
#8376=CARTESIAN_POINT('',(21.0000014528632,6.6625,36.725));
#8377=CARTESIAN_POINT('',(21.0000014528632,6.6625,23.));
#8378=CARTESIAN_POINT('',(33.8112079465553,6.66250000000001,36.725));
#8379=CARTESIAN_POINT('',(23.7499994691461,6.6625,36.725));
#8380=CARTESIAN_POINT('',(36.2892776982619,6.66250000000001,38.8945906997725));
#8381=CARTESIAN_POINT('Origin',(33.8112079465553,6.66250000000001,39.225));
#8382=CARTESIAN_POINT('',(36.9999989382923,6.66250000000001,44.225));
#8383=CARTESIAN_POINT('',(35.1894094279142,6.66250000000001,30.6455786721643));
#8384=CARTESIAN_POINT('Origin',(39.4999989382923,6.66250000000001,44.225));
#8385=CARTESIAN_POINT('Origin',(39.4999989382923,3.33125000000001,44.225));
#8386=CARTESIAN_POINT('',(36.9999989382923,-6.6625,44.225));
#8387=CARTESIAN_POINT('Origin',(39.4999989382923,-6.6625,44.225));
#8388=CARTESIAN_POINT('',(36.9999989382923,3.33125000000001,44.225));
#8389=CARTESIAN_POINT('Origin',(42.4999989382923,3.33125000000001,39.225));
#8390=CARTESIAN_POINT('',(39.9999989382923,-6.6625,39.225));
#8391=CARTESIAN_POINT('',(42.4999989382923,-6.6625,36.725));
#8392=CARTESIAN_POINT('Origin',(42.4999989382923,-6.6625,39.225));
#8393=CARTESIAN_POINT('',(42.4999989382923,3.33125000000001,36.725));
#8394=CARTESIAN_POINT('',(39.9999989382923,3.33125000000001,39.225));
#8395=CARTESIAN_POINT('Origin',(0.,2.22044604925031E-15,36.725));
#8396=CARTESIAN_POINT('',(47.4999989382923,-6.6625,36.725));
#8397=CARTESIAN_POINT('',(45.3437489382923,-6.6625,36.725));
#8398=CARTESIAN_POINT('',(47.5,23.75,36.725));
#8399=CARTESIAN_POINT('Origin',(33.8112079465553,1.66562500000001,39.225));
#8400=CARTESIAN_POINT('',(33.8112079465553,-6.6625,36.725));
#8401=CARTESIAN_POINT('',(33.8112079465553,1.66562500000001,36.725));
#8402=CARTESIAN_POINT('',(36.2892776982619,-6.6625,38.8945906997725));
#8403=CARTESIAN_POINT('Origin',(33.8112079465553,-6.6625,39.225));
#8404=CARTESIAN_POINT('',(36.2892776982619,1.66562500000001,38.8945906997725));
#8405=CARTESIAN_POINT('Origin',(0.,2.22044604925031E-15,36.725));
#8406=CARTESIAN_POINT('',(21.0000014528632,-6.6625,36.725));
#8407=CARTESIAN_POINT('',(21.0000014528632,3.33125,36.725));
#8408=CARTESIAN_POINT('',(10.5000007264316,-6.6625,36.725));
#8409=CARTESIAN_POINT('Origin',(-42.4999989382923,-3.33125,39.225));
#8410=CARTESIAN_POINT('',(-42.4999989382923,-6.66250000000001,36.725));
#8411=CARTESIAN_POINT('',(-39.9999989382923,-6.6625,39.225));
#8412=CARTESIAN_POINT('Origin',(-42.4999989382923,-6.6625,39.225));
#8413=CARTESIAN_POINT('',(-39.9999989382923,6.6625,39.225));
#8414=CARTESIAN_POINT('',(-39.9999989382923,-3.33125,39.225));
#8415=CARTESIAN_POINT('',(-42.4999989382923,6.6625,36.725));
#8416=CARTESIAN_POINT('Origin',(-42.4999989382923,6.6625,39.225));
#8417=CARTESIAN_POINT('',(-42.4999989382923,-3.33125,36.725));
#8418=CARTESIAN_POINT('Origin',(-39.9999989382923,-6.66250000000001,36.725));
#8419=CARTESIAN_POINT('',(-39.9999989382923,-6.6625,41.225));
#8420=CARTESIAN_POINT('',(-39.9999989382923,-6.6625,29.8625));
#8421=CARTESIAN_POINT('',(-39.9999989382923,6.6625,41.225));
#8422=CARTESIAN_POINT('',(-39.9999989382923,-3.33125,41.225));
#8423=CARTESIAN_POINT('',(-39.9999989382923,6.6625,29.8625));
#8424=CARTESIAN_POINT('Origin',(-42.4999989382923,-3.33125,41.225));
#8425=CARTESIAN_POINT('',(-42.4999989382923,-6.6625,43.725));
#8426=CARTESIAN_POINT('Origin',(-42.4999989382923,-6.6625,41.225));
#8427=CARTESIAN_POINT('',(-42.4999989382923,6.6625,43.725));
#8428=CARTESIAN_POINT('',(-42.4999989382923,-3.33125,43.725));
#8429=CARTESIAN_POINT('Origin',(-42.4999989382923,6.6625,41.225));
#8430=CARTESIAN_POINT('Origin',(-43.1874989382923,-2.22044604925031E-15,
43.725));
#8431=CARTESIAN_POINT('',(-46.3749989382923,-6.66250000000001,43.725));
#8432=CARTESIAN_POINT('',(-30.3437494691461,-6.6625,43.725));
#8433=CARTESIAN_POINT('',(-46.3749989382923,6.6625,43.725));
#8434=CARTESIAN_POINT('',(-46.3749989382923,3.33125,43.725));
#8435=CARTESIAN_POINT('',(-45.3437489382923,6.6625,43.725));
#8436=CARTESIAN_POINT('Origin',(-43.8749989382923,3.33125,44.225));
#8437=CARTESIAN_POINT('',(-46.3749989382923,-6.66250000000001,44.225));
#8438=CARTESIAN_POINT('',(-43.8749989382923,-6.6625,46.725));
#8439=CARTESIAN_POINT('Origin',(-43.8749989382923,-6.6625,44.225));
#8440=CARTESIAN_POINT('',(-43.8749989382923,6.6625,46.725));
#8441=CARTESIAN_POINT('',(-43.8749989382923,3.33125,46.725));
#8442=CARTESIAN_POINT('',(-46.3749989382923,6.6625,44.225));
#8443=CARTESIAN_POINT('Origin',(-43.8749989382923,6.6625,44.225));
#8444=CARTESIAN_POINT('',(-46.3749989382923,3.33125,44.225));
#8445=CARTESIAN_POINT('Origin',(-41.6874989382923,-2.22044604925031E-15,
46.725));
#8446=CARTESIAN_POINT('',(-39.4999989382923,-6.6625,46.725));
#8447=CARTESIAN_POINT('',(-21.0000014528632,-6.6625,46.725));
#8448=CARTESIAN_POINT('',(-39.4999989382923,6.6625,46.725));
#8449=CARTESIAN_POINT('',(-39.4999989382923,-3.33125,46.725));
#8450=CARTESIAN_POINT('',(-47.4999989382923,6.6625,46.725));
#8451=CARTESIAN_POINT('Origin',(-17.5,-6.6625,23.));
#8452=CARTESIAN_POINT('',(-46.3749989382923,-6.66250000000001,36.725));
#8453=CARTESIAN_POINT('',(-47.4999989382923,-6.66250000000001,36.725));
#8454=CARTESIAN_POINT('',(-23.7499994691461,-6.6625,36.725));
#8455=CARTESIAN_POINT('',(-47.5,-6.66250000000001,18.));
#8456=CARTESIAN_POINT('',(-47.5,-6.6625,11.5));
#8457=CARTESIAN_POINT('',(-45.,-6.66250000000001,20.5));
#8458=CARTESIAN_POINT('Origin',(-45.,-6.6625,18.));
#8459=CARTESIAN_POINT('',(-20.,-6.6625,20.5));
#8460=CARTESIAN_POINT('',(-8.75,-6.6625,20.5));
#8461=CARTESIAN_POINT('Origin',(-20.,-6.6625,18.));
#8462=CARTESIAN_POINT('',(-21.0000014528632,-6.6625,23.));
#8463=CARTESIAN_POINT('',(-47.4999989382923,-6.66250000000001,23.));
#8464=CARTESIAN_POINT('',(-21.0000014528632,-6.6625,36.725));
#8465=CARTESIAN_POINT('',(-21.0000014528632,-6.6625,23.));
#8466=CARTESIAN_POINT('',(-33.8112079465553,-6.6625,36.725));
#8467=CARTESIAN_POINT('',(-23.7499994691461,-6.6625,36.725));
#8468=CARTESIAN_POINT('',(-36.2892776982619,-6.6625,38.8945906997725));
#8469=CARTESIAN_POINT('Origin',(-33.8112079465553,-6.6625,39.225));
#8470=CARTESIAN_POINT('',(-36.9999989382923,-6.6625,44.225));
#8471=CARTESIAN_POINT('',(-35.1894094279142,-6.6625,30.6455786721643));
#8472=CARTESIAN_POINT('Origin',(-39.4999989382923,-6.6625,44.225));
#8473=CARTESIAN_POINT('Origin',(-33.8112079465553,-1.665625,39.225));
#8474=CARTESIAN_POINT('',(-33.8112079465553,6.6625,36.725));
#8475=CARTESIAN_POINT('',(-33.8112079465553,-1.665625,36.725));
#8476=CARTESIAN_POINT('',(-36.2892776982619,6.6625,38.8945906997725));
#8477=CARTESIAN_POINT('Origin',(-33.8112079465553,6.6625,39.225));
#8478=CARTESIAN_POINT('',(-36.2892776982619,-1.665625,38.8945906997725));
#8479=CARTESIAN_POINT('Origin',(0.,2.22044604925031E-15,36.725));
#8480=CARTESIAN_POINT('',(-21.0000014528632,6.6625,36.725));
#8481=CARTESIAN_POINT('',(-21.0000014528632,-3.33125,36.725));
#8482=CARTESIAN_POINT('',(-10.5000007264316,6.6625,36.725));
#8483=CARTESIAN_POINT('Origin',(-39.4999989382923,-3.33125,44.225));
#8484=CARTESIAN_POINT('',(-36.9999989382923,6.6625,44.225));
#8485=CARTESIAN_POINT('Origin',(-39.4999989382923,6.6625,44.225));
#8486=CARTESIAN_POINT('',(-36.9999989382923,-3.33125,44.225));
#8487=CARTESIAN_POINT('Origin',(-47.4999989382923,6.6625,23.));
#8488=CARTESIAN_POINT('',(-35.4514181522661,6.6625,32.6106441048035));
#8489=CARTESIAN_POINT('',(-21.0000014528632,6.6625,23.));
#8490=CARTESIAN_POINT('',(-21.0000014528632,6.6625,23.));
#8491=CARTESIAN_POINT('',(-47.4999989382923,6.6625,23.));
#8492=CARTESIAN_POINT('',(-20.,6.6625,20.5));
#8493=CARTESIAN_POINT('Origin',(-20.,6.66250000000001,18.));
#8494=CARTESIAN_POINT('',(-45.,6.6625,20.5));
#8495=CARTESIAN_POINT('',(-23.7499994691461,6.6625,20.5));
#8496=CARTESIAN_POINT('',(-47.5,6.6625,18.));
#8497=CARTESIAN_POINT('Origin',(-45.,6.6625,18.));
#8498=CARTESIAN_POINT('',(-47.4999989382923,6.6625,36.725));
#8499=CARTESIAN_POINT('',(-47.5,6.6625,11.5));
#8500=CARTESIAN_POINT('',(-45.3437489382923,6.6625,36.725));
#8501=CARTESIAN_POINT('',(-46.3749989382923,6.6625,36.725));
#8502=CARTESIAN_POINT('Origin',(20.,-16.,18.));
#8503=CARTESIAN_POINT('',(20.,-6.6625,20.5));
#8504=CARTESIAN_POINT('',(20.,-16.,20.5));
#8505=CARTESIAN_POINT('Origin',(20.,-6.6625,18.));
#8506=CARTESIAN_POINT('Origin',(0.,2.22044604925031E-15,20.5));
#8507=CARTESIAN_POINT('',(45.,-6.6625,20.5));
#8508=CARTESIAN_POINT('',(45.,23.75,20.5));
#8509=CARTESIAN_POINT('',(23.7499994691461,-6.6625,20.5));
#8510=CARTESIAN_POINT('Origin',(45.,23.75,18.));
#8511=CARTESIAN_POINT('',(47.5,-6.6625,18.));
#8512=CARTESIAN_POINT('Origin',(45.,-6.6625,18.));
#8513=CARTESIAN_POINT('',(47.5,23.75,18.));
#8514=CARTESIAN_POINT('Origin',(-20.,16.,18.));
#8515=CARTESIAN_POINT('',(-20.,16.,20.5));
#8516=CARTESIAN_POINT('Origin',(0.,2.22044604925031E-15,20.5));
#8517=CARTESIAN_POINT('',(-45.,-23.75,20.5));
#8518=CARTESIAN_POINT('Origin',(-45.,-23.75,18.));
#8519=CARTESIAN_POINT('',(-47.5,-23.75,18.));
#8520=CARTESIAN_POINT('Origin',(45.,-45.,2.5));
#8521=CARTESIAN_POINT('',(47.5,-45.,2.5));
#8522=CARTESIAN_POINT('',(45.,-47.5,2.5));
#8523=CARTESIAN_POINT('Origin',(45.,-45.,2.5));
#8524=CARTESIAN_POINT('',(45.,-45.,0.));
#8525=CARTESIAN_POINT('Origin',(45.,-45.,2.5));
#8526=CARTESIAN_POINT('Origin',(45.,-45.,2.5));
#8527=CARTESIAN_POINT('Origin',(45.,23.75,2.5));
#8528=CARTESIAN_POINT('',(45.,47.5,0.));
#8529=CARTESIAN_POINT('',(47.5,47.5,2.5));
#8530=CARTESIAN_POINT('Origin',(45.,47.5,2.5));
#8531=CARTESIAN_POINT('',(45.,23.75,0.));
#8532=CARTESIAN_POINT('',(47.5,23.75,2.5));
#8533=CARTESIAN_POINT('Origin',(-45.,-45.,2.5));
#8534=CARTESIAN_POINT('',(-45.,-45.,0.));
#8535=CARTESIAN_POINT('',(-45.,-47.5,2.5));
#8536=CARTESIAN_POINT('Origin',(-45.,-45.,2.5));
#8537=CARTESIAN_POINT('',(-47.5,-45.,2.5));
#8538=CARTESIAN_POINT('Origin',(-45.,-45.,2.5));
#8539=CARTESIAN_POINT('Origin',(-45.,-45.,2.5));
#8540=CARTESIAN_POINT('Origin',(-45.,-23.75,2.5));
#8541=CARTESIAN_POINT('',(-47.5,47.5,2.5));
#8542=CARTESIAN_POINT('',(-45.,47.5,0.));
#8543=CARTESIAN_POINT('Origin',(-45.,47.5,2.5));
#8544=CARTESIAN_POINT('',(-47.5,-23.75,2.5));
#8545=CARTESIAN_POINT('',(-45.,-23.75,0.));
#8546=CARTESIAN_POINT('Origin',(-45.,-45.,0.));
#8547=CARTESIAN_POINT('',(-47.5,-45.,90.));
#8548=CARTESIAN_POINT('',(-45.,-47.5,90.));
#8549=CARTESIAN_POINT('Origin',(-45.,-45.,90.));
#8550=CARTESIAN_POINT('',(-45.,-47.5,0.));
#8551=CARTESIAN_POINT('',(-47.5,-45.,0.));
#8552=CARTESIAN_POINT('Origin',(23.75,-45.,2.5));
#8553=CARTESIAN_POINT('',(23.75,-45.,0.));
#8554=CARTESIAN_POINT('',(23.75,-47.5,2.5));
#8555=CARTESIAN_POINT('Origin',(45.,-45.,0.));
#8556=CARTESIAN_POINT('',(45.,-47.5,90.));
#8557=CARTESIAN_POINT('',(47.5,-45.,90.));
#8558=CARTESIAN_POINT('Origin',(45.,-45.,90.));
#8559=CARTESIAN_POINT('',(47.5,-45.,0.));
#8560=CARTESIAN_POINT('',(45.,-47.5,0.));
#8561=CARTESIAN_POINT('Origin',(0.,0.,0.));
#8562=CARTESIAN_POINT('',(32.5,47.5,0.));
#8563=CARTESIAN_POINT('',(-23.75,47.5,0.));
#8564=CARTESIAN_POINT('',(32.5,50.,0.));
#8565=CARTESIAN_POINT('',(32.5,23.75,0.));
#8566=CARTESIAN_POINT('',(-32.5,50.,0.));
#8567=CARTESIAN_POINT('',(-3.75,50.,0.));
#8568=CARTESIAN_POINT('',(-32.5,47.5,0.));
#8569=CARTESIAN_POINT('',(-32.5,23.75,0.));
#8570=CARTESIAN_POINT('',(-23.75,47.5,0.));
#8571=CARTESIAN_POINT('',(-7.75,32.,0.));
#8572=CARTESIAN_POINT('',(-8.74999999999999,-32.,0.));
#8573=CARTESIAN_POINT('',(38.,31.,0.));
#8574=CARTESIAN_POINT('',(38.,36.5,0.));
#8575=CARTESIAN_POINT('',(38.,18.25,0.));
#8576=CARTESIAN_POINT('',(27.,31.,0.));
#8577=CARTESIAN_POINT('',(16.25,31.,0.));
#8578=CARTESIAN_POINT('',(27.,36.5,0.));
#8579=CARTESIAN_POINT('',(27.,20.75,0.));
#8580=CARTESIAN_POINT('',(22.5,36.5,0.));
#8581=CARTESIAN_POINT('',(13.75,36.5,0.));
#8582=CARTESIAN_POINT('',(22.5,41.5,0.));
#8583=CARTESIAN_POINT('',(22.5,18.25,0.));
#8584=CARTESIAN_POINT('',(27.5,41.5,0.));
#8585=CARTESIAN_POINT('',(11.25,41.5,0.));
#8586=CARTESIAN_POINT('',(37.5,41.5,0.));
#8587=CARTESIAN_POINT('',(16.25,41.5,0.));
#8588=CARTESIAN_POINT('',(42.5,41.5,0.));
#8589=CARTESIAN_POINT('',(18.75,41.5,0.));
#8590=CARTESIAN_POINT('',(42.5,36.5,0.));
#8591=CARTESIAN_POINT('',(42.5,20.75,0.));
#8592=CARTESIAN_POINT('',(21.25,36.5,0.));
#8593=CARTESIAN_POINT('Origin',(-47.5,47.5,0.));
#8594=CARTESIAN_POINT('',(-42.5,47.5,10.));
#8595=CARTESIAN_POINT('Origin',(-32.5,47.5,10.));
#8596=CARTESIAN_POINT('',(-42.5,47.5,42.5));
#8597=CARTESIAN_POINT('',(-42.5,47.5,0.));
#8598=CARTESIAN_POINT('Origin',(-32.5,47.5,42.5));
#8599=CARTESIAN_POINT('',(-35.,47.5,62.5));
#8600=CARTESIAN_POINT('',(-35.,47.5,55.));
#8601=CARTESIAN_POINT('',(-27.5,47.5,62.5));
#8602=CARTESIAN_POINT('',(-23.75,47.5,62.5));
#8603=CARTESIAN_POINT('',(-27.5,47.5,55.));
#8604=CARTESIAN_POINT('',(27.5,47.5,62.5));
#8605=CARTESIAN_POINT('',(27.5,47.5,55.));
#8606=CARTESIAN_POINT('',(35.,47.5,62.5));
#8607=CARTESIAN_POINT('',(-23.75,47.5,62.5));
#8608=CARTESIAN_POINT('',(35.,47.5,55.));
#8609=CARTESIAN_POINT('',(42.5,47.5,42.5));
#8610=CARTESIAN_POINT('Origin',(32.5,47.5,42.5));
#8611=CARTESIAN_POINT('',(42.5,47.5,10.));
#8612=CARTESIAN_POINT('',(42.5,47.5,26.25));
#8613=CARTESIAN_POINT('Origin',(32.5,47.5,10.));
#8614=CARTESIAN_POINT('',(47.5,47.5,90.));
#8615=CARTESIAN_POINT('',(47.5,47.5,0.));
#8616=CARTESIAN_POINT('',(-47.5,47.5,90.));
#8617=CARTESIAN_POINT('',(-23.75,47.5,90.));
#8618=CARTESIAN_POINT('',(-47.5,47.5,0.));
#8619=CARTESIAN_POINT('Origin',(47.5,47.5,0.));
#8620=CARTESIAN_POINT('',(47.5,23.75,90.));
#8621=CARTESIAN_POINT('',(47.5,35.,62.5));
#8622=CARTESIAN_POINT('',(47.5,35.,55.));
#8623=CARTESIAN_POINT('',(47.5,27.5,62.5));
#8624=CARTESIAN_POINT('',(47.5,23.75,62.5));
#8625=CARTESIAN_POINT('',(47.5,27.5,55.));
#8626=CARTESIAN_POINT('',(47.5,-27.5,62.5));
#8627=CARTESIAN_POINT('',(47.5,-27.5,55.));
#8628=CARTESIAN_POINT('',(47.5,-35.,62.5));
#8629=CARTESIAN_POINT('',(47.5,23.75,62.5));
#8630=CARTESIAN_POINT('',(47.5,-35.,55.));
#8631=CARTESIAN_POINT('',(47.5,-6.6625,11.5));
#8632=CARTESIAN_POINT('Origin',(47.5,25.,0.));
#8633=CARTESIAN_POINT('',(50.,50.,0.));
#8634=CARTESIAN_POINT('Origin',(47.5,50.,0.));
#8635=CARTESIAN_POINT('',(50.,-45.,0.));
#8636=CARTESIAN_POINT('',(50.,25.,0.));
#8637=CARTESIAN_POINT('Origin',(47.5,-45.,0.));
#8638=CARTESIAN_POINT('Ctrl Pts',(45.,-47.5,-2.5));
#8639=CARTESIAN_POINT('Ctrl Pts',(47.5,-47.5,-2.5));
#8640=CARTESIAN_POINT('Ctrl Pts',(47.5,-45.,-2.5));
#8641=CARTESIAN_POINT('Ctrl Pts',(45.,-50.,-2.5));
#8642=CARTESIAN_POINT('Ctrl Pts',(50.,-50.,-2.5));
#8643=CARTESIAN_POINT('Ctrl Pts',(50.,-45.,-2.5));
#8644=CARTESIAN_POINT('Ctrl Pts',(45.,-50.,0.));
#8645=CARTESIAN_POINT('Ctrl Pts',(50.,-50.,0.));
#8646=CARTESIAN_POINT('Ctrl Pts',(50.,-45.,0.));
#8647=CARTESIAN_POINT('',(45.,-50.,0.));
#8648=CARTESIAN_POINT('Origin',(45.,-47.5,0.));
#8649=CARTESIAN_POINT('Origin',(45.,-45.,0.));
#8650=CARTESIAN_POINT('Origin',(25.,-47.5,0.));
#8651=CARTESIAN_POINT('',(-45.,-50.,0.));
#8652=CARTESIAN_POINT('',(25.,-50.,0.));
#8653=CARTESIAN_POINT('Origin',(-45.,-47.5,0.));
#8654=CARTESIAN_POINT('Ctrl Pts',(-47.5,-45.,-2.5));
#8655=CARTESIAN_POINT('Ctrl Pts',(-47.5,-47.5,-2.5));
#8656=CARTESIAN_POINT('Ctrl Pts',(-45.,-47.5,-2.5));
#8657=CARTESIAN_POINT('Ctrl Pts',(-50.,-45.,-2.5));
#8658=CARTESIAN_POINT('Ctrl Pts',(-50.,-50.,-2.5));
#8659=CARTESIAN_POINT('Ctrl Pts',(-45.,-50.,-2.5));
#8660=CARTESIAN_POINT('Ctrl Pts',(-50.,-45.,0.));
#8661=CARTESIAN_POINT('Ctrl Pts',(-50.,-50.,0.));
#8662=CARTESIAN_POINT('Ctrl Pts',(-45.,-50.,0.));
#8663=CARTESIAN_POINT('',(-50.,-45.,0.));
#8664=CARTESIAN_POINT('Origin',(-47.5,-45.,0.));
#8665=CARTESIAN_POINT('Origin',(-45.,-45.,0.));
#8666=CARTESIAN_POINT('Origin',(-47.5,-25.,0.));
#8667=CARTESIAN_POINT('',(-50.,50.,0.));
#8668=CARTESIAN_POINT('Origin',(-47.5,50.,0.));
#8669=CARTESIAN_POINT('',(-50.,-25.,0.));
#8670=CARTESIAN_POINT('Origin',(-50.,-50.,0.));
#8671=CARTESIAN_POINT('',(-50.,-45.,90.));
#8672=CARTESIAN_POINT('',(-50.,-45.,0.));
#8673=CARTESIAN_POINT('',(-50.,50.,90.));
#8674=CARTESIAN_POINT('',(-50.,25.,90.));
#8675=CARTESIAN_POINT('',(-50.,50.,0.));
#8676=CARTESIAN_POINT('',(-50.,-1.16341445918998E-15,38.5625));
#8677=CARTESIAN_POINT('Origin',(-50.,0.,29.0625));
#8678=CARTESIAN_POINT('Origin',(-45.,-45.,0.));
#8679=CARTESIAN_POINT('',(-45.,-50.,90.));
#8680=CARTESIAN_POINT('',(-45.,-50.,0.));
#8681=CARTESIAN_POINT('Origin',(-45.,-45.,90.));
#8682=CARTESIAN_POINT('Origin',(50.,-50.,0.));
#8683=CARTESIAN_POINT('',(45.,-50.,90.));
#8684=CARTESIAN_POINT('',(45.,-50.,0.));
#8685=CARTESIAN_POINT('',(-25.,-50.,90.));
#8686=CARTESIAN_POINT('Origin',(45.,-45.,0.));
#8687=CARTESIAN_POINT('',(50.,-45.,90.));
#8688=CARTESIAN_POINT('',(50.,-45.,0.));
#8689=CARTESIAN_POINT('Origin',(45.,-45.,90.));
#8690=CARTESIAN_POINT('Origin',(-50.,50.,0.));
#8691=CARTESIAN_POINT('',(50.,50.,90.));
#8692=CARTESIAN_POINT('',(25.,50.,90.));
#8693=CARTESIAN_POINT('',(50.,50.,0.));
#8694=CARTESIAN_POINT('',(-42.5,50.,42.5));
#8695=CARTESIAN_POINT('Origin',(-32.5,50.,42.5));
#8696=CARTESIAN_POINT('',(-42.5,50.,10.));
#8697=CARTESIAN_POINT('',(-42.5,50.,0.));
#8698=CARTESIAN_POINT('Origin',(-32.5,50.,10.));
#8699=CARTESIAN_POINT('',(42.5,50.,10.));
#8700=CARTESIAN_POINT('Origin',(32.5,50.,10.));
#8701=CARTESIAN_POINT('',(42.5,50.,42.5));
#8702=CARTESIAN_POINT('',(42.5,50.,26.25));
#8703=CARTESIAN_POINT('Origin',(32.5,50.,42.5));
#8704=CARTESIAN_POINT('Origin',(50.,50.,0.));
#8705=CARTESIAN_POINT('',(50.,-25.,90.));
#8706=CARTESIAN_POINT('',(50.,-1.16341445918999E-15,19.5625));
#8707=CARTESIAN_POINT('Origin',(50.,0.,29.0625));
#8708=CARTESIAN_POINT('Origin',(-41.,-36.8229217479687,55.));
#8709=CARTESIAN_POINT('',(-41.,-28.5857196806223,62.5));
#8710=CARTESIAN_POINT('',(-41.,-36.8229217479687,62.5));
#8711=CARTESIAN_POINT('',(-41.,-18.4114608739843,62.5));
#8712=CARTESIAN_POINT('',(-41.,-36.8229217479687,55.));
#8713=CARTESIAN_POINT('',(-41.,-36.8229217479687,55.));
#8714=CARTESIAN_POINT('',(-41.,-28.5857196806223,55.));
#8715=CARTESIAN_POINT('',(-41.,-18.4114608739843,55.));
#8716=CARTESIAN_POINT('',(-41.,-28.5857196806223,55.));
#8717=CARTESIAN_POINT('Origin',(0.,0.,62.5));
#8718=CARTESIAN_POINT('',(-47.5,-35.,62.5));
#8719=CARTESIAN_POINT('Origin',(-47.5,-47.5,62.5));
#8720=CARTESIAN_POINT('',(-47.5,-27.5,62.5));
#8721=CARTESIAN_POINT('Origin',(-47.5,-47.5,62.5));
#8722=CARTESIAN_POINT('',(-47.5,-23.75,62.5));
#8723=CARTESIAN_POINT('Origin',(-47.5,-47.5,0.));
#8724=CARTESIAN_POINT('',(-47.5,-23.75,90.));
#8725=CARTESIAN_POINT('',(-47.5,27.5,62.5));
#8726=CARTESIAN_POINT('',(-47.5,27.5,55.));
#8727=CARTESIAN_POINT('',(-47.5,35.,62.5));
#8728=CARTESIAN_POINT('',(-47.5,-23.75,62.5));
#8729=CARTESIAN_POINT('',(-47.5,35.,55.));
#8730=CARTESIAN_POINT('',(-47.5,-35.,55.));
#8731=CARTESIAN_POINT('',(-47.5,-27.5,55.));
#8732=CARTESIAN_POINT('',(-47.5,-23.75,36.725));
#8733=CARTESIAN_POINT('Origin',(-41.,28.5857196806223,55.));
#8734=CARTESIAN_POINT('',(-41.,36.8229217479687,62.5));
#8735=CARTESIAN_POINT('',(-41.,28.5857196806223,62.5));
#8736=CARTESIAN_POINT('',(-41.,14.2928598403111,62.5));
#8737=CARTESIAN_POINT('',(-41.,28.5857196806223,55.));
#8738=CARTESIAN_POINT('',(-41.,28.5857196806223,55.));
#8739=CARTESIAN_POINT('',(-41.,36.8229217479687,55.));
#8740=CARTESIAN_POINT('',(-41.,14.2928598403111,55.));
#8741=CARTESIAN_POINT('',(-41.,36.8229217479687,55.));
#8742=CARTESIAN_POINT('Origin',(0.,0.,62.5));
#8743=CARTESIAN_POINT('Origin',(-47.5,47.5,62.5));
#8744=CARTESIAN_POINT('Origin',(-47.5,47.5,62.5));
#8745=CARTESIAN_POINT('Origin',(0.,0.,55.));
#8746=CARTESIAN_POINT('',(-36.5341439002693,-41.5,55.));
#8747=CARTESIAN_POINT('Origin',(-47.5,-47.5,55.));
#8748=CARTESIAN_POINT('',(-28.4212159716611,-41.5,55.));
#8749=CARTESIAN_POINT('',(-14.2106079858305,-41.5,55.));
#8750=CARTESIAN_POINT('',(28.4212159716611,-41.5,55.));
#8751=CARTESIAN_POINT('',(41.,-41.5,55.));
#8752=CARTESIAN_POINT('',(36.5341439002693,-41.5,55.));
#8753=CARTESIAN_POINT('',(18.2670719501347,-41.5,55.));
#8754=CARTESIAN_POINT('',(41.,-36.8229217479687,55.));
#8755=CARTESIAN_POINT('Origin',(47.5,-47.5,55.));
#8756=CARTESIAN_POINT('',(41.,-28.5857196806223,55.));
#8757=CARTESIAN_POINT('',(41.,-14.2928598403111,55.));
#8758=CARTESIAN_POINT('',(41.,28.5857196806223,55.));
#8759=CARTESIAN_POINT('',(41.,41.5,55.));
#8760=CARTESIAN_POINT('',(41.,36.8229217479687,55.));
#8761=CARTESIAN_POINT('',(41.,18.4114608739843,55.));
#8762=CARTESIAN_POINT('',(36.5341439002693,41.5,55.));
#8763=CARTESIAN_POINT('Origin',(47.5,47.5,55.));
#8764=CARTESIAN_POINT('',(28.4212159716611,41.5,55.));
#8765=CARTESIAN_POINT('',(14.2106079858305,41.5,55.));
#8766=CARTESIAN_POINT('',(-28.4212159716611,41.5,55.));
#8767=CARTESIAN_POINT('',(-41.,41.5,55.));
#8768=CARTESIAN_POINT('',(-36.5341439002693,41.5,55.));
#8769=CARTESIAN_POINT('',(-18.2670719501347,41.5,55.));
#8770=CARTESIAN_POINT('Origin',(-47.5,47.5,55.));
#8771=CARTESIAN_POINT('',(-41.,-41.5,55.));
#8772=CARTESIAN_POINT('Origin',(41.,36.8229217479687,55.));
#8773=CARTESIAN_POINT('',(41.,28.5857196806223,62.5));
#8774=CARTESIAN_POINT('',(41.,36.8229217479687,62.5));
#8775=CARTESIAN_POINT('',(41.,18.4114608739843,62.5));
#8776=CARTESIAN_POINT('',(41.,36.8229217479687,55.));
#8777=CARTESIAN_POINT('',(41.,28.5857196806223,55.));
#8778=CARTESIAN_POINT('Origin',(0.,0.,62.5));
#8779=CARTESIAN_POINT('Origin',(47.5,47.5,62.5));
#8780=CARTESIAN_POINT('Origin',(47.5,47.5,62.5));
#8781=CARTESIAN_POINT('Origin',(41.,-28.5857196806223,55.));
#8782=CARTESIAN_POINT('',(41.,-36.8229217479687,62.5));
#8783=CARTESIAN_POINT('',(41.,-28.5857196806223,62.5));
#8784=CARTESIAN_POINT('',(41.,-14.2928598403111,62.5));
#8785=CARTESIAN_POINT('',(41.,-28.5857196806223,55.));
#8786=CARTESIAN_POINT('',(41.,-36.8229217479687,55.));
#8787=CARTESIAN_POINT('Origin',(0.,0.,62.5));
#8788=CARTESIAN_POINT('Origin',(47.5,-47.5,62.5));
#8789=CARTESIAN_POINT('Origin',(47.5,-47.5,62.5));
#8790=CARTESIAN_POINT('Origin',(-28.4212159716611,-41.5,55.));
#8791=CARTESIAN_POINT('',(-36.5341439002693,-41.5,62.5));
#8792=CARTESIAN_POINT('',(-28.4212159716611,-41.5,62.5));
#8793=CARTESIAN_POINT('',(-14.2106079858305,-41.5,62.5));
#8794=CARTESIAN_POINT('',(-28.4212159716611,-41.5,55.));
#8795=CARTESIAN_POINT('',(-36.5341439002693,-41.5,55.));
#8796=CARTESIAN_POINT('Origin',(0.,0.,62.5));
#8797=CARTESIAN_POINT('',(-27.5,-47.5,62.5));
#8798=CARTESIAN_POINT('',(-35.,-47.5,62.5));
#8799=CARTESIAN_POINT('',(23.75,-47.5,62.5));
#8800=CARTESIAN_POINT('Origin',(-47.5,-47.5,62.5));
#8801=CARTESIAN_POINT('Origin',(-47.5,-47.5,62.5));
#8802=CARTESIAN_POINT('Origin',(47.5,-47.5,0.));
#8803=CARTESIAN_POINT('',(23.75,-47.5,90.));
#8804=CARTESIAN_POINT('',(-27.5,-47.5,55.));
#8805=CARTESIAN_POINT('',(-35.,-47.5,55.));
#8806=CARTESIAN_POINT('',(35.,-47.5,62.5));
#8807=CARTESIAN_POINT('',(35.,-47.5,55.));
#8808=CARTESIAN_POINT('',(27.5,-47.5,62.5));
#8809=CARTESIAN_POINT('',(23.75,-47.5,62.5));
#8810=CARTESIAN_POINT('',(27.5,-47.5,55.));
#8811=CARTESIAN_POINT('Origin',(-36.5341439002693,41.5,55.));
#8812=CARTESIAN_POINT('',(-28.4212159716611,41.5,62.5));
#8813=CARTESIAN_POINT('',(-36.5341439002693,41.5,62.5));
#8814=CARTESIAN_POINT('',(-18.2670719501347,41.5,62.5));
#8815=CARTESIAN_POINT('',(-36.5341439002693,41.5,55.));
#8816=CARTESIAN_POINT('',(-28.4212159716611,41.5,55.));
#8817=CARTESIAN_POINT('Origin',(0.,0.,62.5));
#8818=CARTESIAN_POINT('Origin',(-47.5,47.5,62.5));
#8819=CARTESIAN_POINT('Origin',(-47.5,47.5,62.5));
#8820=CARTESIAN_POINT('Origin',(28.4212159716611,41.5,55.));
#8821=CARTESIAN_POINT('',(36.5341439002693,41.5,62.5));
#8822=CARTESIAN_POINT('',(28.4212159716611,41.5,62.5));
#8823=CARTESIAN_POINT('',(14.2106079858305,41.5,62.5));
#8824=CARTESIAN_POINT('',(28.4212159716611,41.5,55.));
#8825=CARTESIAN_POINT('',(36.5341439002693,41.5,55.));
#8826=CARTESIAN_POINT('Origin',(0.,0.,62.5));
#8827=CARTESIAN_POINT('Origin',(47.5,47.5,62.5));
#8828=CARTESIAN_POINT('Origin',(47.5,47.5,62.5));
#8829=CARTESIAN_POINT('Origin',(36.5341439002693,-41.5,55.));
#8830=CARTESIAN_POINT('',(28.4212159716611,-41.5,62.5));
#8831=CARTESIAN_POINT('',(36.5341439002693,-41.5,62.5));
#8832=CARTESIAN_POINT('',(18.2670719501347,-41.5,62.5));
#8833=CARTESIAN_POINT('',(36.5341439002693,-41.5,55.));
#8834=CARTESIAN_POINT('',(28.4212159716611,-41.5,55.));
#8835=CARTESIAN_POINT('Origin',(0.,0.,62.5));
#8836=CARTESIAN_POINT('Origin',(47.5,-47.5,62.5));
#8837=CARTESIAN_POINT('Origin',(47.5,-47.5,62.5));
#8838=CARTESIAN_POINT('Origin',(41.,28.5857196806223,55.));
#8839=CARTESIAN_POINT('',(41.,28.5857196806223,55.));
#8840=CARTESIAN_POINT('',(41.,-28.5857196806223,55.));
#8841=CARTESIAN_POINT('Origin',(47.5,47.5,55.));
#8842=CARTESIAN_POINT('Origin',(47.5,47.5,55.));
#8843=CARTESIAN_POINT('Origin',(47.5,47.5,55.));
#8844=CARTESIAN_POINT('',(28.4212159716611,41.5,55.));
#8845=CARTESIAN_POINT('Origin',(-28.4212159716611,41.5,55.));
#8846=CARTESIAN_POINT('',(-28.4212159716611,41.5,55.));
#8847=CARTESIAN_POINT('Origin',(-47.5,47.5,55.));
#8848=CARTESIAN_POINT('Origin',(-47.5,47.5,55.));
#8849=CARTESIAN_POINT('Origin',(-47.5,47.5,55.));
#8850=CARTESIAN_POINT('',(-41.,28.5857196806223,55.));
#8851=CARTESIAN_POINT('Origin',(-41.,-28.5857196806223,55.));
#8852=CARTESIAN_POINT('',(-41.,-28.5857196806223,55.));
#8853=CARTESIAN_POINT('Origin',(-47.5,-47.5,55.));
#8854=CARTESIAN_POINT('Origin',(-47.5,-47.5,55.));
#8855=CARTESIAN_POINT('Origin',(-47.5,-47.5,55.));
#8856=CARTESIAN_POINT('',(-28.4212159716611,-41.5,55.));
#8857=CARTESIAN_POINT('Origin',(28.4212159716611,-41.5,55.));
#8858=CARTESIAN_POINT('',(28.4212159716611,-41.5,55.));
#8859=CARTESIAN_POINT('Origin',(47.5,-47.5,55.));
#8860=CARTESIAN_POINT('Origin',(47.5,-47.5,55.));
#8861=CARTESIAN_POINT('Origin',(47.5,-47.5,55.));
#8862=CARTESIAN_POINT('Origin',(38.,18.25,0.5));
#8863=CARTESIAN_POINT('',(37.5,36.5,0.5));
#8864=CARTESIAN_POINT('Origin',(38.,36.5,0.5));
#8865=CARTESIAN_POINT('',(37.5,31.5,0.5));
#8866=CARTESIAN_POINT('',(37.5,18.25,0.5));
#8867=CARTESIAN_POINT('Origin',(38.,31.,0.5));
#8868=CARTESIAN_POINT('Origin',(27.,20.75,0.5));
#8869=CARTESIAN_POINT('',(27.5,31.5,0.5));
#8870=CARTESIAN_POINT('',(27.5,36.5,0.5));
#8871=CARTESIAN_POINT('',(27.5,20.75,0.5));
#8872=CARTESIAN_POINT('Origin',(27.,36.5,0.5));
#8873=CARTESIAN_POINT('Origin',(27.,31.,0.5));
#8874=CARTESIAN_POINT('Origin',(16.25,31.,0.5));
#8875=CARTESIAN_POINT('',(16.25,31.5,0.5));
#8876=CARTESIAN_POINT('Origin',(28.,41.5,2.51316701949486));
#8877=CARTESIAN_POINT('',(28.2142857142857,32.,2.96492097094748));
#8878=CARTESIAN_POINT('',(28.2142857142857,41.5,2.96492097094748));
#8879=CARTESIAN_POINT('',(28.2142857142857,41.5,2.96492097094748));
#8880=CARTESIAN_POINT('',(27.5,41.5,2.51316701949486));
#8881=CARTESIAN_POINT('Origin',(28.,41.5,2.51316701949486));
#8882=CARTESIAN_POINT('',(27.5,31.5,2.51316701949486));
#8883=CARTESIAN_POINT('',(27.5,41.5,2.51316701949486));
#8884=CARTESIAN_POINT('',(27.5534761556884,31.5,2.73814803305206));
#8885=CARTESIAN_POINT('Origin',(28.,31.5,2.51316701949486));
#8886=CARTESIAN_POINT('Ctrl Pts',(27.5534761556884,31.5,2.73814803305206));
#8887=CARTESIAN_POINT('Ctrl Pts',(27.5744633543013,31.5,2.77980170176735));
#8888=CARTESIAN_POINT('Ctrl Pts',(27.6007896151584,31.5065178299617,2.81756498574627));
#8889=CARTESIAN_POINT('Ctrl Pts',(27.6656646586896,31.5328049327417,2.88843594783444));
#8890=CARTESIAN_POINT('Ctrl Pts',(27.7041235253389,31.5537150089948,2.91890419741759));
#8891=CARTESIAN_POINT('Ctrl Pts',(27.7974825076788,31.6131541047087,2.97452082765778));
#8892=CARTESIAN_POINT('Ctrl Pts',(27.8531723633088,31.654957287073,2.99428698631119));
#8893=CARTESIAN_POINT('Ctrl Pts',(27.9604277816515,31.7439571593301,3.01452155887972));
#8894=CARTESIAN_POINT('Ctrl Pts',(28.012851080316,31.7916838962609,3.01551315164821));
#8895=CARTESIAN_POINT('Ctrl Pts',(28.1148741278394,31.8914056893982,3.00263362638634));
#8896=CARTESIAN_POINT('Ctrl Pts',(28.1650350361991,31.9443016836892,2.98792224872921));
#8897=CARTESIAN_POINT('Ctrl Pts',(28.2124277139365,31.9978943261211,2.965798792631));
#8898=CARTESIAN_POINT('Ctrl Pts',(28.2133573940918,31.9989471645692,2.96536131187908));
#8899=CARTESIAN_POINT('Ctrl Pts',(28.2142857142857,32.,2.96492097094748));
#8900=CARTESIAN_POINT('Origin',(37.,41.5,2.51316701949486));
#8901=CARTESIAN_POINT('',(37.5,31.5,2.51316701949486));
#8902=CARTESIAN_POINT('',(37.5,41.5,2.51316701949486));
#8903=CARTESIAN_POINT('',(37.5,41.5,2.51316701949486));
#8904=CARTESIAN_POINT('',(36.7857142857143,41.5,2.96492097094748));
#8905=CARTESIAN_POINT('Origin',(37.,41.5,2.51316701949486));
#8906=CARTESIAN_POINT('',(36.7857142857143,32.,2.96492097094748));
#8907=CARTESIAN_POINT('',(36.7857142857143,41.5,2.96492097094748));
#8908=CARTESIAN_POINT('',(37.4465238443115,31.5,2.73814803305207));
#8909=CARTESIAN_POINT('Ctrl Pts',(36.7857142857143,32.,2.96492097094748));
#8910=CARTESIAN_POINT('Ctrl Pts',(36.7866426059082,31.9989471645691,2.96536131187912));
#8911=CARTESIAN_POINT('Ctrl Pts',(36.7875722860634,31.9978943261212,2.96579879263096));
#8912=CARTESIAN_POINT('Ctrl Pts',(36.8349649638009,31.9443016836891,2.98792224872922));
#8913=CARTESIAN_POINT('Ctrl Pts',(36.8851258721606,31.8914056893982,3.00263362638635));
#8914=CARTESIAN_POINT('Ctrl Pts',(36.987148919684,31.7916838962608,3.01551315164821));
#8915=CARTESIAN_POINT('Ctrl Pts',(37.0395722183485,31.7439571593301,3.01452155887972));
#8916=CARTESIAN_POINT('Ctrl Pts',(37.1468276366912,31.654957287073,2.99428698631119));
#8917=CARTESIAN_POINT('Ctrl Pts',(37.2025174923212,31.6131541047087,2.97452082765778));
#8918=CARTESIAN_POINT('Ctrl Pts',(37.2958764746611,31.5537150089948,2.91890419741759));
#8919=CARTESIAN_POINT('Ctrl Pts',(37.3343353413104,31.5328049327417,2.88843594783444));
#8920=CARTESIAN_POINT('Ctrl Pts',(37.3992103848416,31.5065178299617,2.81756498574628));
#8921=CARTESIAN_POINT('Ctrl Pts',(37.4255366456987,31.5,2.77980170176736));
#8922=CARTESIAN_POINT('Ctrl Pts',(37.4465238443115,31.5,2.73814803305207));
#8923=CARTESIAN_POINT('Origin',(37.,31.5,2.51316701949486));
#8924=CARTESIAN_POINT('Origin',(32.5,32.,12.));
#8925=CARTESIAN_POINT('Origin',(32.5,31.5,12.));
#8926=CARTESIAN_POINT('Origin',(32.5,32.,12.));
#8927=CARTESIAN_POINT('Origin',(32.5,41.5,12.));
#8928=CARTESIAN_POINT('Origin',(32.5,41.5,12.));
#8929=CARTESIAN_POINT('Origin',(37.5,36.5,0.));
#8930=CARTESIAN_POINT('',(37.5,36.5,0.));
#8931=CARTESIAN_POINT('',(37.5,41.5,0.));
#8932=CARTESIAN_POINT('',(37.5,41.5,2.));
#8933=CARTESIAN_POINT('',(37.5,31.5,2.));
#8934=CARTESIAN_POINT('Origin',(32.5,31.5,1.6698729810778));
#8935=CARTESIAN_POINT('',(27.5,31.5,2.));
#8936=CARTESIAN_POINT('Origin',(32.5,41.5,1.6698729810778));
#8937=CARTESIAN_POINT('',(27.5,41.5,2.));
#8938=CARTESIAN_POINT('Origin',(42.5,41.5,0.));
#8939=CARTESIAN_POINT('',(42.5,36.5,0.));
#8940=CARTESIAN_POINT('',(42.5,41.5,0.));
#8941=CARTESIAN_POINT('Origin',(37.5,41.5,0.));
#8942=CARTESIAN_POINT('Origin',(42.5,36.5,0.));
#8943=CARTESIAN_POINT('Origin',(27.5,41.5,0.));
#8944=CARTESIAN_POINT('',(27.5,41.5,0.));
#8945=CARTESIAN_POINT('',(27.5,36.5,0.));
#8946=CARTESIAN_POINT('Origin',(22.5,41.5,0.));
#8947=CARTESIAN_POINT('',(22.5,41.5,0.));
#8948=CARTESIAN_POINT('Origin',(22.5,36.5,0.));
#8949=CARTESIAN_POINT('',(22.5,36.5,0.));
#8950=CARTESIAN_POINT('Origin',(27.5,36.5,0.));
#8951=CARTESIAN_POINT('Origin',(-32.5,47.5,42.5));
#8952=CARTESIAN_POINT('',(-42.5,47.5,42.5));
#8953=CARTESIAN_POINT('Origin',(-42.5,47.5,0.));
#8954=CARTESIAN_POINT('',(-42.5,23.75,10.));
#8955=CARTESIAN_POINT('Origin',(32.5,47.5,42.5));
#8956=CARTESIAN_POINT('',(42.5,47.5,42.5));
#8957=CARTESIAN_POINT('Origin',(-32.5,23.75,10.));
#8958=CARTESIAN_POINT('Origin',(32.5,23.75,10.));
#8959=CARTESIAN_POINT('',(42.5,23.75,10.));
#8960=CARTESIAN_POINT('Origin',(42.5,47.5,52.5));
#8961=CARTESIAN_POINT('Origin',(-36.4999989382923,-3.33125,40.475));
#8962=CARTESIAN_POINT('Origin',(36.4999989382923,3.33125000000001,40.475));
#8963=CARTESIAN_POINT('',(35.4514181522661,-6.6625,32.6106441048035));
#8964=CARTESIAN_POINT('Origin',(39.9999989382923,6.66250000000001,36.725));
#8965=CARTESIAN_POINT('',(39.9999989382923,-6.6625,29.8625));
#8966=CARTESIAN_POINT('Origin',(46.3749989382923,-6.6625,36.725));
#8967=CARTESIAN_POINT('',(46.3749989382923,-6.6625,36.725));
#8968=CARTESIAN_POINT('Origin',(-46.3749989382923,6.6625,36.725));
#8969=CARTESIAN_POINT('Origin',(0.,2.22044604925031E-15,36.725));
#8970=CARTESIAN_POINT('Origin',(55.,0.,29.0625));
#8971=CARTESIAN_POINT('',(55.,-5.51091059616309E-16,24.5625));
#8972=CARTESIAN_POINT('Origin',(55.,0.,29.0625));
#8973=CARTESIAN_POINT('Origin',(55.,-1.16341445918999E-15,19.5625));
#8974=CARTESIAN_POINT('Origin',(-55.,0.,29.0625));
#8975=CARTESIAN_POINT('',(-55.,-5.51091059616309E-16,33.5625));
#8976=CARTESIAN_POINT('Origin',(-55.,0.,29.0625));
#8977=CARTESIAN_POINT('Origin',(-55.,-1.16341445918999E-15,38.5625));
#8978=CARTESIAN_POINT('Origin',(-47.5,0.,29.0625));
#8979=CARTESIAN_POINT('',(-47.5,3.25,29.0625));
#8980=CARTESIAN_POINT('Origin',(-47.5,0.,29.0625));
#8981=CARTESIAN_POINT('',(-47.5,-2.25,29.0625));
#8982=CARTESIAN_POINT('Origin',(-47.5,0.,29.0625));
#8983=CARTESIAN_POINT('Origin',(-50.,0.,29.0625));
#8984=CARTESIAN_POINT('',(-55.,3.25,29.0625));
#8985=CARTESIAN_POINT('Origin',(-55.,0.,29.0625));
#8986=CARTESIAN_POINT('',(-50.,3.25,29.0625));
#8987=CARTESIAN_POINT('Origin',(-55.,0.,29.0625));
#8988=CARTESIAN_POINT('Origin',(50.,0.,29.0625));
#8989=CARTESIAN_POINT('',(55.,-3.25,29.0625));
#8990=CARTESIAN_POINT('Origin',(55.,0.,29.0625));
#8991=CARTESIAN_POINT('',(50.,-3.25,29.0625));
#8992=CARTESIAN_POINT('',(50.,-3.25,29.0625));
#8993=CARTESIAN_POINT('Origin',(50.,0.,29.0625));
#8994=CARTESIAN_POINT('Origin',(55.,0.,29.0625));
#8995=CARTESIAN_POINT('Origin',(0.,0.,29.0625));
#8996=CARTESIAN_POINT('',(-45.5000014528632,-2.25,29.0625));
#8997=CARTESIAN_POINT('',(0.,-2.25,29.0625));
#8998=CARTESIAN_POINT('Origin',(-45.5000014528632,0.,29.0625));
#8999=CARTESIAN_POINT('Origin',(0.,0.,29.0625));
#9000=CARTESIAN_POINT('',(45.5000014528632,-2.25,29.0625));
#9001=CARTESIAN_POINT('Origin',(45.5000014528632,0.,29.0625));
#9002=CARTESIAN_POINT('',(50.,-2.25,29.0625));
#9003=CARTESIAN_POINT('',(0.,-2.25,29.0625));
#9004=CARTESIAN_POINT('Origin',(50.,0.,29.0625));
#9005=CARTESIAN_POINT('Origin',(0.,1.66533453693773E-15,22.0000003278255));
#9006=CARTESIAN_POINT('',(36.5000014528632,-5.8625,22.0000003278255));
#9007=CARTESIAN_POINT('',(44.5000014528632,-5.8625,22.0000003278255));
#9008=CARTESIAN_POINT('',(22.2500007264316,-5.8625,22.0000003278255));
#9009=CARTESIAN_POINT('',(44.5000014528632,5.86250000000001,22.0000003278255));
#9010=CARTESIAN_POINT('',(44.5000014528632,2.93125,22.0000003278255));
#9011=CARTESIAN_POINT('',(36.5000014528632,5.86250000000001,22.0000003278255));
#9012=CARTESIAN_POINT('',(18.2500007264316,5.8625,22.0000003278255));
#9013=CARTESIAN_POINT('',(36.5000014528632,-2.93125,22.0000003278255));
#9014=CARTESIAN_POINT('Origin',(0.,1.66533453693773E-15,36.125));
#9015=CARTESIAN_POINT('',(36.5000014528632,5.86250000000001,36.125));
#9016=CARTESIAN_POINT('',(44.5000014528632,5.86250000000001,36.125));
#9017=CARTESIAN_POINT('',(22.2500007264316,5.8625,36.125));
#9018=CARTESIAN_POINT('',(44.5000014528632,-5.8625,36.125));
#9019=CARTESIAN_POINT('',(44.5000014528632,-2.93125,36.125));
#9020=CARTESIAN_POINT('',(36.5000014528632,-5.8625,36.125));
#9021=CARTESIAN_POINT('',(18.2500007264316,-5.8625,36.125));
#9022=CARTESIAN_POINT('',(36.5000014528632,2.93125,36.125));
#9023=CARTESIAN_POINT('Origin',(0.,1.66533453693773E-15,22.0000003278255));
#9024=CARTESIAN_POINT('',(-36.5000014528632,5.8625,22.0000003278255));
#9025=CARTESIAN_POINT('',(-44.5000014528632,5.8625,22.0000003278255));
#9026=CARTESIAN_POINT('',(-22.2500007264316,5.8625,22.0000003278255));
#9027=CARTESIAN_POINT('',(-44.5000014528632,-5.86250000000001,22.0000003278255));
#9028=CARTESIAN_POINT('',(-44.5000014528632,-2.93125,22.0000003278255));
#9029=CARTESIAN_POINT('',(-36.5000014528632,-5.8625,22.0000003278255));
#9030=CARTESIAN_POINT('',(-18.2500007264316,-5.8625,22.0000003278255));
#9031=CARTESIAN_POINT('',(-36.5000014528632,2.93125,22.0000003278255));
#9032=CARTESIAN_POINT('Origin',(0.,1.66533453693773E-15,36.125));
#9033=CARTESIAN_POINT('',(-36.5000014528632,-5.8625,36.125));
#9034=CARTESIAN_POINT('',(-44.5000014528632,-5.86250000000001,36.125));
#9035=CARTESIAN_POINT('',(-22.2500007264316,-5.8625,36.125));
#9036=CARTESIAN_POINT('',(-44.5000014528632,5.8625,36.125));
#9037=CARTESIAN_POINT('',(-44.5000014528632,2.93125,36.125));
#9038=CARTESIAN_POINT('',(-36.5000014528632,5.8625,36.125));
#9039=CARTESIAN_POINT('',(-18.2500007264316,5.8625,36.125));
#9040=CARTESIAN_POINT('',(-36.5000014528632,-2.93125,36.125));
#9041=CARTESIAN_POINT('Origin',(0.,1.66533453693773E-15,35.125));
#9042=CARTESIAN_POINT('',(44.5000014528632,-5.06249999999999,35.125));
#9043=CARTESIAN_POINT('',(44.5000014528632,5.06250000000001,35.125));
#9044=CARTESIAN_POINT('',(44.5000014528632,-2.93125,35.125));
#9045=CARTESIAN_POINT('',(45.5000014528632,5.06250000000001,35.125));
#9046=CARTESIAN_POINT('',(22.7500007264316,5.06249999999999,35.125));
#9047=CARTESIAN_POINT('',(45.5000014528632,-5.06249999999999,35.125));
#9048=CARTESIAN_POINT('',(45.5000014528632,-2.53125,35.125));
#9049=CARTESIAN_POINT('',(22.2500007264316,-5.06249999999998,35.125));
#9050=CARTESIAN_POINT('Origin',(0.,1.66533453693773E-15,35.125));
#9051=CARTESIAN_POINT('',(36.5000014528632,5.0625,35.125));
#9052=CARTESIAN_POINT('',(36.5000014528632,-5.06249999999999,35.125));
#9053=CARTESIAN_POINT('',(36.5000014528632,2.93125,35.125));
#9054=CARTESIAN_POINT('',(21.0000014528632,-5.06249999999998,35.125));
#9055=CARTESIAN_POINT('',(10.5000007264316,-5.06249999999997,35.125));
#9056=CARTESIAN_POINT('',(21.0000014528632,5.06249999999999,35.125));
#9057=CARTESIAN_POINT('',(21.0000014528632,3.33125,35.125));
#9058=CARTESIAN_POINT('',(18.2500007264316,5.06249999999999,35.125));
#9059=CARTESIAN_POINT('Origin',(0.,1.66533453693773E-15,35.125));
#9060=CARTESIAN_POINT('',(-44.5000014528632,5.0625,35.125));
#9061=CARTESIAN_POINT('',(-44.5000014528632,-5.0625,35.125));
#9062=CARTESIAN_POINT('',(-44.5000014528632,2.93125,35.125));
#9063=CARTESIAN_POINT('',(-45.5000014528632,-5.0625,35.125));
#9064=CARTESIAN_POINT('',(-22.7500007264316,-5.06249999999999,35.125));
#9065=CARTESIAN_POINT('',(-45.5000014528632,5.0625,35.125));
#9066=CARTESIAN_POINT('',(-45.5000014528632,2.53125,35.125));
#9067=CARTESIAN_POINT('',(-22.2500007264316,5.06249999999999,35.125));
#9068=CARTESIAN_POINT('Origin',(0.,1.66533453693773E-15,35.125));
#9069=CARTESIAN_POINT('',(-36.5000014528632,-5.0625,35.125));
#9070=CARTESIAN_POINT('',(-36.5000014528632,5.06249999999999,35.125));
#9071=CARTESIAN_POINT('',(-36.5000014528632,-2.93125,35.125));
#9072=CARTESIAN_POINT('',(-21.0000014528632,5.06249999999998,35.125));
#9073=CARTESIAN_POINT('',(-10.5000007264316,5.06249999999998,35.125));
#9074=CARTESIAN_POINT('',(-21.0000014528632,-5.06249999999998,35.125));
#9075=CARTESIAN_POINT('',(-21.0000014528632,-3.33125,35.125));
#9076=CARTESIAN_POINT('',(-18.2500007264316,-5.06249999999998,35.125));
#9077=CARTESIAN_POINT('Origin',(-6.66133814775094E-15,2.38418582654276E-7,
23.));
#9078=CARTESIAN_POINT('',(-44.5000014528632,-5.0625,23.));
#9079=CARTESIAN_POINT('',(-44.5000014528632,5.0625,23.));
#9080=CARTESIAN_POINT('',(-44.5000014528632,2.93125011920929,23.));
#9081=CARTESIAN_POINT('',(-45.5000014528632,5.0625,23.));
#9082=CARTESIAN_POINT('',(-47.5000014528632,5.0625,23.));
#9083=CARTESIAN_POINT('',(-45.5000014528632,-5.0625,23.));
#9084=CARTESIAN_POINT('',(-45.5000014528632,5.0625,23.));
#9085=CARTESIAN_POINT('',(-47.5000014528632,-5.06250000000001,23.));
#9086=CARTESIAN_POINT('Origin',(-6.66133814775094E-15,2.38418582654276E-7,
23.));
#9087=CARTESIAN_POINT('',(44.5000014528632,5.06250000000001,23.));
#9088=CARTESIAN_POINT('',(44.5000014528632,-5.06249999999999,23.));
#9089=CARTESIAN_POINT('',(44.5000014528632,-2.93124988079071,23.));
#9090=CARTESIAN_POINT('',(45.5000014528632,-5.06249999999999,23.));
#9091=CARTESIAN_POINT('',(47.5000014528632,-5.0625,23.));
#9092=CARTESIAN_POINT('',(45.5000014528632,5.06250000000001,23.));
#9093=CARTESIAN_POINT('',(45.5000014528632,-5.06249999999999,23.));
#9094=CARTESIAN_POINT('',(47.5000014528632,5.06250000000001,23.));
#9095=CARTESIAN_POINT('Origin',(21.0000014528632,-5.06249999999998,23.));
#9096=CARTESIAN_POINT('',(36.5000014528632,-5.06249999999999,23.));
#9097=CARTESIAN_POINT('',(36.5000014528632,-5.06249999999999,23.));
#9098=CARTESIAN_POINT('',(21.0000014528632,-5.06249999999998,23.));
#9099=CARTESIAN_POINT('',(47.5000014528632,-5.0625,23.));
#9100=CARTESIAN_POINT('',(21.0000014528632,-5.06249999999998,23.));
#9101=CARTESIAN_POINT('Origin',(36.5000014528632,5.0625,23.));
#9102=CARTESIAN_POINT('',(21.0000014528632,5.06249999999999,23.));
#9103=CARTESIAN_POINT('',(21.0000014528632,5.06249999999999,23.));
#9104=CARTESIAN_POINT('',(36.5000014528632,5.0625,23.));
#9105=CARTESIAN_POINT('',(47.5000014528632,5.06250000000001,23.));
#9106=CARTESIAN_POINT('',(36.5000014528632,5.0625,23.));
#9107=CARTESIAN_POINT('Origin',(36.5000014528632,5.86250000000001,23.));
#9108=CARTESIAN_POINT('',(36.5000014528632,5.86250000000001,23.));
#9109=CARTESIAN_POINT('',(36.5000014528632,-5.8625,23.));
#9110=CARTESIAN_POINT('',(36.5000014528632,2.93125011920929,23.));
#9111=CARTESIAN_POINT('Origin',(44.5000014528632,5.86250000000001,23.));
#9112=CARTESIAN_POINT('',(44.5000014528632,5.86250000000001,23.));
#9113=CARTESIAN_POINT('Origin',(44.5000014528632,5.06250000000001,23.));
#9114=CARTESIAN_POINT('',(44.5000014528632,-5.8625,23.));
#9115=CARTESIAN_POINT('',(44.5000014528632,-5.06249999999999,23.));
#9116=CARTESIAN_POINT('',(44.5000014528632,5.06250000000001,23.));
#9117=CARTESIAN_POINT('Origin',(45.5000014528632,5.06250000000001,23.));
#9118=CARTESIAN_POINT('',(45.5000014528632,5.06250000000001,23.));
#9119=CARTESIAN_POINT('Origin',(45.5000014528632,-5.06249999999999,23.));
#9120=CARTESIAN_POINT('',(45.5000014528632,-5.06249999999999,23.));
#9121=CARTESIAN_POINT('Origin',(44.5000014528632,-5.06249999999999,23.));
#9122=CARTESIAN_POINT('Origin',(36.5000014528632,-5.8625,23.));
#9123=CARTESIAN_POINT('Origin',(-36.5000014528632,5.8625,23.));
#9124=CARTESIAN_POINT('',(-44.5000014528632,5.8625,23.));
#9125=CARTESIAN_POINT('',(-36.5000014528632,5.8625,23.));
#9126=CARTESIAN_POINT('Origin',(-21.0000014528632,5.06249999999998,23.));
#9127=CARTESIAN_POINT('',(-36.5000014528632,5.06249999999999,23.));
#9128=CARTESIAN_POINT('',(-36.5000014528632,5.06249999999999,23.));
#9129=CARTESIAN_POINT('',(-21.0000014528632,5.06249999999998,23.));
#9130=CARTESIAN_POINT('',(-47.5000014528632,5.0625,23.));
#9131=CARTESIAN_POINT('',(-21.0000014528632,5.06249999999998,23.));
#9132=CARTESIAN_POINT('Origin',(-36.5000014528632,-5.0625,23.));
#9133=CARTESIAN_POINT('',(-21.0000014528632,-5.06249999999998,23.));
#9134=CARTESIAN_POINT('',(-21.0000014528632,-5.06249999999998,23.));
#9135=CARTESIAN_POINT('',(-36.5000014528632,-5.0625,23.));
#9136=CARTESIAN_POINT('',(-47.5000014528632,-5.06250000000001,23.));
#9137=CARTESIAN_POINT('',(-36.5000014528632,-5.0625,23.));
#9138=CARTESIAN_POINT('Origin',(-36.5000014528632,-5.8625,23.));
#9139=CARTESIAN_POINT('',(-36.5000014528632,-5.8625,23.));
#9140=CARTESIAN_POINT('',(-36.5000014528632,-2.93124988079071,23.));
#9141=CARTESIAN_POINT('Origin',(-44.5000014528632,-5.86250000000001,23.));
#9142=CARTESIAN_POINT('',(-44.5000014528632,-5.86250000000001,23.));
#9143=CARTESIAN_POINT('Origin',(-44.5000014528632,-5.0625,23.));
#9144=CARTESIAN_POINT('',(-44.5000014528632,5.0625,23.));
#9145=CARTESIAN_POINT('',(-44.5000014528632,-5.0625,23.));
#9146=CARTESIAN_POINT('Origin',(-45.5000014528632,-5.0625,23.));
#9147=CARTESIAN_POINT('',(-45.5000014528632,-5.0625,23.));
#9148=CARTESIAN_POINT('Origin',(-45.5000014528632,5.0625,23.));
#9149=CARTESIAN_POINT('',(-45.5000014528632,5.0625,23.));
#9150=CARTESIAN_POINT('Origin',(-44.5000014528632,5.0625,23.));
#9151=CARTESIAN_POINT('Origin',(21.0000014528632,6.6625,23.));
#9152=CARTESIAN_POINT('',(21.0000014528632,-6.6625,23.));
#9153=CARTESIAN_POINT('',(21.0000014528632,3.33125011920929,23.));
#9154=CARTESIAN_POINT('',(21.0000014528632,-6.6625,23.));
#9155=CARTESIAN_POINT('',(21.0000014528632,3.33125011920929,23.));
#9156=CARTESIAN_POINT('Origin',(-21.0000014528632,-6.6625,23.));
#9157=CARTESIAN_POINT('',(-21.0000014528632,-3.33124988079071,23.));
#9158=CARTESIAN_POINT('',(-21.0000014528632,-3.33124988079071,23.));
#9159=CARTESIAN_POINT('Origin',(47.4999989382923,-6.6625,23.));
#9160=CARTESIAN_POINT('',(47.4999989382923,-6.6625,23.));
#9161=CARTESIAN_POINT('Origin',(14.5,16.0000002384186,-1.49011611383365E-8));
#9162=CARTESIAN_POINT('',(15.5,-30.,-1.49011611383365E-8));
#9163=CARTESIAN_POINT('',(14.5,-30.,-1.00000001490116));
#9164=CARTESIAN_POINT('Origin',(14.5,-30.,-1.49011611383365E-8));
#9165=CARTESIAN_POINT('',(15.5,30.,-1.49011611383365E-8));
#9166=CARTESIAN_POINT('',(15.5,16.0000002384186,-1.49011611383365E-8));
#9167=CARTESIAN_POINT('',(14.5,30.,-1.00000001490116));
#9168=CARTESIAN_POINT('Origin',(14.5,30.,-1.49011611383365E-8));
#9169=CARTESIAN_POINT('',(14.5,16.0000002384186,-1.00000001490116));
#9170=CARTESIAN_POINT('Origin',(15.5,-30.,0.));
#9171=CARTESIAN_POINT('',(-14.5,-30.,-1.00000001490116));
#9172=CARTESIAN_POINT('',(7.75,-30.,-1.00000001490116));
#9173=CARTESIAN_POINT('',(-15.5,-30.,-1.49011611383365E-8));
#9174=CARTESIAN_POINT('Origin',(-14.5,-30.,-1.49011611383365E-8));
#9175=CARTESIAN_POINT('',(-15.5,-30.,23.));
#9176=CARTESIAN_POINT('',(-15.5,-30.,0.));
#9177=CARTESIAN_POINT('',(15.5,-30.,23.));
#9178=CARTESIAN_POINT('',(7.74999999999999,-30.,23.));
#9179=CARTESIAN_POINT('',(15.5,-30.,0.));
#9180=CARTESIAN_POINT('Origin',(4.44089209850063E-15,0.,-1.00000001490116));
#9181=CARTESIAN_POINT('',(-14.5,30.,-1.00000001490116));
#9182=CARTESIAN_POINT('',(-7.74999999999999,30.,-1.00000001490116));
#9183=CARTESIAN_POINT('',(-14.5,-15.,-1.00000001490116));
#9184=CARTESIAN_POINT('Origin',(-14.5,-15.,-1.49011611383365E-8));
#9185=CARTESIAN_POINT('',(-15.5,30.,-1.49011611383365E-8));
#9186=CARTESIAN_POINT('Origin',(-14.5,30.,-1.49011611383365E-8));
#9187=CARTESIAN_POINT('',(-15.5,-15.,-1.49011611383365E-8));
#9188=CARTESIAN_POINT('Origin',(-15.5,30.,0.));
#9189=CARTESIAN_POINT('',(15.5,30.,4.));
#9190=CARTESIAN_POINT('',(15.5,30.,0.));
#9191=CARTESIAN_POINT('',(-15.5,30.,4.));
#9192=CARTESIAN_POINT('',(-7.75,30.,4.));
#9193=CARTESIAN_POINT('',(-15.5,30.,0.));
#9194=CARTESIAN_POINT('Origin',(-1.11022302462516E-15,31.0000002384186,
4.));
#9195=CARTESIAN_POINT('',(15.5,32.0000004768372,4.));
#9196=CARTESIAN_POINT('',(15.5,31.5000003576279,4.));
#9197=CARTESIAN_POINT('',(-15.5,32.,4.));
#9198=CARTESIAN_POINT('',(7.75,32.,4.));
#9199=CARTESIAN_POINT('',(-15.5,0.500000119209294,4.));
#9200=CARTESIAN_POINT('Origin',(15.5,32.0000004768372,0.));
#9201=CARTESIAN_POINT('',(15.5,32.0000004768372,23.));
#9202=CARTESIAN_POINT('',(15.5,16.0000003576279,23.));
#9203=CARTESIAN_POINT('',(15.5,32.0000004768372,0.));
#9204=CARTESIAN_POINT('Origin',(-15.5,-30.,0.));
#9205=CARTESIAN_POINT('',(-15.5,32.,23.));
#9206=CARTESIAN_POINT('',(-15.5,32.,0.));
#9207=CARTESIAN_POINT('',(-15.5,-14.9999998807907,23.));
#9208=CARTESIAN_POINT('Origin',(17.5,32.,0.));
#9209=CARTESIAN_POINT('',(8.74999999999999,32.,23.));
#9210=CARTESIAN_POINT('',(-7.75,32.,23.));
#9211=CARTESIAN_POINT('Origin',(-17.5,-32.,0.));
#9212=CARTESIAN_POINT('',(-8.75,-32.,23.));
#9213=CARTESIAN_POINT('Origin',(-6.66133814775094E-15,2.38418582654276E-7,
23.));
#9214=CARTESIAN_POINT('Origin',(0.,0.,90.));
#9215=CARTESIAN_POINT('Origin',(50.,50.,0.));
#9216=CARTESIAN_POINT('Origin',(22.5,-14.5,126.645895496989));
#9217=CARTESIAN_POINT('',(-30.,-47.5,126.645895496989));
#9218=CARTESIAN_POINT('',(-30.,-47.3362272769296,123.362272769296));
#9219=CARTESIAN_POINT('Origin',(-30.,-14.5,126.645895496989));
#9220=CARTESIAN_POINT('',(30.,-47.3362272769296,123.362272769296));
#9221=CARTESIAN_POINT('',(22.5,-47.3362272769296,123.362272769296));
#9222=CARTESIAN_POINT('',(30.,-47.5,126.645895496989));
#9223=CARTESIAN_POINT('Origin',(30.,-14.5,126.645895496989));
#9224=CARTESIAN_POINT('',(22.5,-47.5,126.645895496989));
#9225=CARTESIAN_POINT('Origin',(30.,-45.,130.));
#9226=CARTESIAN_POINT('',(30.,-47.,120.));
#9227=CARTESIAN_POINT('',(30.,-47.6101485148515,126.101485148515));
#9228=CARTESIAN_POINT('',(30.,-45.,120.));
#9229=CARTESIAN_POINT('',(30.,-45.,120.));
#9230=CARTESIAN_POINT('',(30.,-45.,127.5));
#9231=CARTESIAN_POINT('',(30.,-45.,130.));
#9232=CARTESIAN_POINT('',(30.,-42.5,130.));
#9233=CARTESIAN_POINT('Origin',(30.,-42.5,127.5));
#9234=CARTESIAN_POINT('',(30.,-47.5,130.));
#9235=CARTESIAN_POINT('',(30.,-22.5,130.));
#9236=CARTESIAN_POINT('',(30.,-47.5,130.));
#9237=CARTESIAN_POINT('Origin',(15.,-47.25,122.5));
#9238=CARTESIAN_POINT('',(-30.,-47.,120.));
#9239=CARTESIAN_POINT('',(-30.,-47.6225247524752,126.225247524752));
#9240=CARTESIAN_POINT('',(15.,-47.,120.));
#9241=CARTESIAN_POINT('Origin',(19.0625,14.5,126.645895496989));
#9242=CARTESIAN_POINT('',(15.,47.3362272769296,123.362272769296));
#9243=CARTESIAN_POINT('',(15.,47.5,126.645895496989));
#9244=CARTESIAN_POINT('Origin',(15.,14.5,126.645895496989));
#9245=CARTESIAN_POINT('',(45.,47.5,126.645895496989));
#9246=CARTESIAN_POINT('',(19.0625,47.5,126.645895496989));
#9247=CARTESIAN_POINT('',(45.,47.3362272769296,123.362272769296));
#9248=CARTESIAN_POINT('Origin',(45.,14.5,126.645895496989));
#9249=CARTESIAN_POINT('',(19.0625,47.3362272769297,123.362272769296));
#9250=CARTESIAN_POINT('Ctrl Pts',(45.,47.5,126.645895496989));
#9251=CARTESIAN_POINT('Ctrl Pts',(47.5,47.5,126.645895496989));
#9252=CARTESIAN_POINT('Ctrl Pts',(47.5,45.,126.645895496989));
#9253=CARTESIAN_POINT('Ctrl Pts',(45.,47.5,125.));
#9254=CARTESIAN_POINT('Ctrl Pts',(47.5,47.5,125.));
#9255=CARTESIAN_POINT('Ctrl Pts',(47.5,45.,125.));
#9256=CARTESIAN_POINT('Ctrl Pts',(45.,47.3362272769296,123.362272769296));
#9257=CARTESIAN_POINT('Ctrl Pts',(47.3362272769296,47.3362272769296,123.362272769296));
#9258=CARTESIAN_POINT('Ctrl Pts',(47.3362272769296,45.,123.362272769296));
#9259=CARTESIAN_POINT('',(47.5,45.,126.645895496989));
#9260=CARTESIAN_POINT('Origin',(45.,45.,126.645895496989));
#9261=CARTESIAN_POINT('',(47.3362272769296,45.,123.362272769296));
#9262=CARTESIAN_POINT('Origin',(14.5,45.,126.645895496989));
#9263=CARTESIAN_POINT('Origin',(45.,45.,123.362272769296));
#9264=CARTESIAN_POINT('Origin',(14.5,43.7937787871974,126.645895496989));
#9265=CARTESIAN_POINT('',(47.5,17.850230297579,126.645895496989));
#9266=CARTESIAN_POINT('',(47.3362272769296,17.850230297579,123.362272769296));
#9267=CARTESIAN_POINT('Origin',(14.5,17.850230297579,126.645895496989));
#9268=CARTESIAN_POINT('',(47.3362272769296,43.7937787871974,123.362272769296));
#9269=CARTESIAN_POINT('',(47.5,43.7937787871974,126.645895496989));
#9270=CARTESIAN_POINT('Origin',(47.5,17.850230297579,130.));
#9271=CARTESIAN_POINT('',(47.5,17.850230297579,130.));
#9272=CARTESIAN_POINT('',(47.5,17.850230297579,130.));
#9273=CARTESIAN_POINT('',(42.5,17.8502302975792,130.));
#9274=CARTESIAN_POINT('',(23.7500000000004,17.85023029758,130.));
#9275=CARTESIAN_POINT('',(45.,17.8502302975791,127.5));
#9276=CARTESIAN_POINT('Origin',(42.5,17.850230297579,127.5));
#9277=CARTESIAN_POINT('',(45.,17.8502302975791,120.));
#9278=CARTESIAN_POINT('',(45.,17.8502302975791,130.));
#9279=CARTESIAN_POINT('',(47.,17.850230297579,120.));
#9280=CARTESIAN_POINT('',(47.5,17.850230297579,120.));
#9281=CARTESIAN_POINT('',(47.6225247524752,17.850230297579,126.225247524752));
#9282=CARTESIAN_POINT('Origin',(47.5,47.5,130.));
#9283=CARTESIAN_POINT('',(47.5,45.,130.));
#9284=CARTESIAN_POINT('',(47.5,45.,130.));
#9285=CARTESIAN_POINT('',(47.5,23.75,130.));
#9286=CARTESIAN_POINT('Origin',(45.,45.,130.));
#9287=CARTESIAN_POINT('',(45.,47.5,130.));
#9288=CARTESIAN_POINT('',(45.,47.5,130.));
#9289=CARTESIAN_POINT('Origin',(45.,45.,130.));
#9290=CARTESIAN_POINT('Origin',(15.,47.5,130.));
#9291=CARTESIAN_POINT('',(15.,47.5,130.));
#9292=CARTESIAN_POINT('',(15.,47.5,130.));
#9293=CARTESIAN_POINT('',(7.5,47.5,130.));
#9294=CARTESIAN_POINT('Origin',(-14.5,21.5564515103816,126.645895496989));
#9295=CARTESIAN_POINT('',(-47.3362272769296,17.850230297579,123.362272769296));
#9296=CARTESIAN_POINT('',(-47.5,17.850230297579,126.645895496989));
#9297=CARTESIAN_POINT('Origin',(-14.5,17.8502302975789,126.645895496989));
#9298=CARTESIAN_POINT('',(-47.5,45.,126.645895496989));
#9299=CARTESIAN_POINT('',(-47.5,21.5564515103816,126.645895496989));
#9300=CARTESIAN_POINT('',(-47.3362272769296,45.,123.362272769296));
#9301=CARTESIAN_POINT('Origin',(-14.5,45.,126.645895496989));
#9302=CARTESIAN_POINT('',(-47.3362272769297,21.5564515103816,123.362272769296));
#9303=CARTESIAN_POINT('Ctrl Pts',(-47.5,45.,126.645895496989));
#9304=CARTESIAN_POINT('Ctrl Pts',(-47.5,47.5,126.645895496989));
#9305=CARTESIAN_POINT('Ctrl Pts',(-45.,47.5,126.645895496989));
#9306=CARTESIAN_POINT('Ctrl Pts',(-47.5,45.,125.));
#9307=CARTESIAN_POINT('Ctrl Pts',(-47.5,47.5,125.));
#9308=CARTESIAN_POINT('Ctrl Pts',(-45.,47.5,125.));
#9309=CARTESIAN_POINT('Ctrl Pts',(-47.3362272769296,45.,123.362272769296));
#9310=CARTESIAN_POINT('Ctrl Pts',(-47.3362272769296,47.3362272769296,123.362272769296));
#9311=CARTESIAN_POINT('Ctrl Pts',(-45.,47.3362272769296,123.362272769296));
#9312=CARTESIAN_POINT('',(-45.,47.5,126.645895496989));
#9313=CARTESIAN_POINT('Origin',(-45.,45.,126.645895496989));
#9314=CARTESIAN_POINT('',(-45.,47.3362272769296,123.362272769296));
#9315=CARTESIAN_POINT('Origin',(-45.,14.5,126.645895496989));
#9316=CARTESIAN_POINT('Origin',(-45.,45.,123.362272769296));
#9317=CARTESIAN_POINT('Origin',(-43.4375,14.5,126.645895496989));
#9318=CARTESIAN_POINT('',(-15.,47.5,126.645895496989));
#9319=CARTESIAN_POINT('',(-15.,47.3362272769296,123.362272769296));
#9320=CARTESIAN_POINT('Origin',(-15.,14.5,126.645895496989));
#9321=CARTESIAN_POINT('',(-43.4375,47.3362272769297,123.362272769296));
#9322=CARTESIAN_POINT('',(-43.4375,47.5,126.645895496989));
#9323=CARTESIAN_POINT('Origin',(-15.,47.5,130.));
#9324=CARTESIAN_POINT('',(-15.,47.5,130.));
#9325=CARTESIAN_POINT('',(-15.,47.5,130.));
#9326=CARTESIAN_POINT('',(-15.,42.5,130.));
#9327=CARTESIAN_POINT('',(-15.,23.75,130.));
#9328=CARTESIAN_POINT('',(-15.,45.,127.5));
#9329=CARTESIAN_POINT('Origin',(-15.,42.5,127.5));
#9330=CARTESIAN_POINT('',(-15.,45.,120.));
#9331=CARTESIAN_POINT('',(-15.,45.,130.));
#9332=CARTESIAN_POINT('',(-15.,47.,120.));
#9333=CARTESIAN_POINT('',(-15.,45.,120.));
#9334=CARTESIAN_POINT('',(-15.,47.6225247524752,126.225247524752));
#9335=CARTESIAN_POINT('Origin',(-47.5,47.5,130.));
#9336=CARTESIAN_POINT('',(-45.,47.5,130.));
#9337=CARTESIAN_POINT('',(-45.,47.5,130.));
#9338=CARTESIAN_POINT('',(-23.75,47.5,130.));
#9339=CARTESIAN_POINT('Origin',(-45.,45.,130.));
#9340=CARTESIAN_POINT('',(-47.5,45.,130.));
#9341=CARTESIAN_POINT('',(-47.5,45.,130.));
#9342=CARTESIAN_POINT('Origin',(-45.,45.,130.));
#9343=CARTESIAN_POINT('Origin',(-47.5,17.850230297579,130.));
#9344=CARTESIAN_POINT('',(-47.5,17.850230297579,130.));
#9345=CARTESIAN_POINT('',(-47.5,17.850230297579,130.));
#9346=CARTESIAN_POINT('',(-47.5,8.92511514878949,130.));
#9347=CARTESIAN_POINT('Origin',(-30.,-47.5,130.));
#9348=CARTESIAN_POINT('',(-30.,-47.5,130.));
#9349=CARTESIAN_POINT('',(-30.,-47.5,130.));
#9350=CARTESIAN_POINT('',(-30.,-42.5,130.));
#9351=CARTESIAN_POINT('',(-30.,-23.75,130.));
#9352=CARTESIAN_POINT('',(-30.,-45.,127.5));
#9353=CARTESIAN_POINT('Origin',(-30.,-42.5,127.5));
#9354=CARTESIAN_POINT('',(-30.,-45.,120.));
#9355=CARTESIAN_POINT('',(-30.,-45.,130.));
#9356=CARTESIAN_POINT('',(-30.,-45.,120.));
#9357=CARTESIAN_POINT('Origin',(30.,-47.5,130.));
#9358=CARTESIAN_POINT('',(15.,-47.5,130.));
#9359=CARTESIAN_POINT('Origin',(23.125,47.25,122.5));
#9360=CARTESIAN_POINT('',(45.,47.,120.));
#9361=CARTESIAN_POINT('',(45.,47.5,125.));
#9362=CARTESIAN_POINT('',(15.,47.,120.));
#9363=CARTESIAN_POINT('',(23.125,47.,120.));
#9364=CARTESIAN_POINT('',(15.,47.6101485148515,126.101485148515));
#9365=CARTESIAN_POINT('Origin',(45.,45.,122.5));
#9366=CARTESIAN_POINT('',(47.,45.,120.));
#9367=CARTESIAN_POINT('',(47.5,45.,125.));
#9368=CARTESIAN_POINT('Origin',(45.,45.,120.));
#9369=CARTESIAN_POINT('Origin',(47.25,40.0875575743947,122.5));
#9370=CARTESIAN_POINT('',(47.,40.0875575743947,120.));
#9371=CARTESIAN_POINT('Origin',(-39.375,47.25,122.5));
#9372=CARTESIAN_POINT('',(-45.,47.,120.));
#9373=CARTESIAN_POINT('',(-39.375,47.,120.));
#9374=CARTESIAN_POINT('',(-45.,47.,120.));
#9375=CARTESIAN_POINT('Origin',(-45.,45.,122.5));
#9376=CARTESIAN_POINT('',(-47.,45.,120.));
#9377=CARTESIAN_POINT('Origin',(-45.,45.,120.));
#9378=CARTESIAN_POINT('',(-47.,45.,120.));
#9379=CARTESIAN_POINT('Origin',(-47.25,25.2626727231842,122.5));
#9380=CARTESIAN_POINT('',(-47.,17.850230297579,120.));
#9381=CARTESIAN_POINT('',(-47.,25.2626727231842,120.));
#9382=CARTESIAN_POINT('',(-47.6101485148515,17.850230297579,126.101485148515));
#9383=CARTESIAN_POINT('Origin',(-31.25,32.6751151487894,120.));
#9384=CARTESIAN_POINT('',(-42.5,45.,120.));
#9385=CARTESIAN_POINT('',(-45.,45.,120.));
#9386=CARTESIAN_POINT('',(-45.,42.5,120.));
#9387=CARTESIAN_POINT('Origin',(-42.5,42.5,120.));
#9388=CARTESIAN_POINT('',(-45.,17.8502302975789,120.));
#9389=CARTESIAN_POINT('',(-45.,17.8502302975789,120.));
#9390=CARTESIAN_POINT('',(-47.5,17.850230297579,120.));
#9391=CARTESIAN_POINT('Origin',(49.,49.,132.5));
#9392=CARTESIAN_POINT('',(49.,-45.,132.5));
#9393=CARTESIAN_POINT('',(49.,49.,132.5));
#9394=CARTESIAN_POINT('',(49.,24.5,132.5));
#9395=CARTESIAN_POINT('',(49.,-45.,133.5));
#9396=CARTESIAN_POINT('',(49.,-45.,132.5));
#9397=CARTESIAN_POINT('',(49.,49.,133.5));
#9398=CARTESIAN_POINT('',(49.,-45.,133.5));
#9399=CARTESIAN_POINT('',(49.,49.,132.5));
#9400=CARTESIAN_POINT('Origin',(-49.,49.,132.5));
#9401=CARTESIAN_POINT('',(-49.,49.,132.5));
#9402=CARTESIAN_POINT('',(-24.5,49.,132.5));
#9403=CARTESIAN_POINT('',(-49.,49.,133.5));
#9404=CARTESIAN_POINT('',(49.,49.,133.5));
#9405=CARTESIAN_POINT('',(-49.,49.,132.5));
#9406=CARTESIAN_POINT('Origin',(-49.,-45.,132.5));
#9407=CARTESIAN_POINT('',(-49.,-45.,132.5));
#9408=CARTESIAN_POINT('',(-49.,-22.5,132.5));
#9409=CARTESIAN_POINT('',(-49.,-45.,133.5));
#9410=CARTESIAN_POINT('',(-49.,49.,133.5));
#9411=CARTESIAN_POINT('',(-49.,-45.,132.5));
#9412=CARTESIAN_POINT('Origin',(-45.,-45.,132.5));
#9413=CARTESIAN_POINT('',(-45.,-49.,132.5));
#9414=CARTESIAN_POINT('Origin',(-45.,-45.,132.5));
#9415=CARTESIAN_POINT('',(-45.,-49.,133.5));
#9416=CARTESIAN_POINT('Origin',(-45.,-45.,133.5));
#9417=CARTESIAN_POINT('',(-45.,-49.,132.5));
#9418=CARTESIAN_POINT('Origin',(45.,-49.,132.5));
#9419=CARTESIAN_POINT('',(45.,-49.,132.5));
#9420=CARTESIAN_POINT('',(22.5,-49.,132.5));
#9421=CARTESIAN_POINT('',(45.,-49.,133.5));
#9422=CARTESIAN_POINT('',(45.,-49.,133.5));
#9423=CARTESIAN_POINT('',(45.,-49.,132.5));
#9424=CARTESIAN_POINT('Origin',(45.,-45.,132.5));
#9425=CARTESIAN_POINT('Origin',(45.,-45.,132.5));
#9426=CARTESIAN_POINT('Origin',(45.,-45.,133.5));
#9427=CARTESIAN_POINT('Origin',(0.,0.,133.5));
#9428=CARTESIAN_POINT('',(50.,50.,133.5));
#9429=CARTESIAN_POINT('',(-50.,50.,133.5));
#9430=CARTESIAN_POINT('',(50.,50.,133.5));
#9431=CARTESIAN_POINT('',(-50.,-45.,133.5));
#9432=CARTESIAN_POINT('',(-50.,50.,133.5));
#9433=CARTESIAN_POINT('',(-45.,-50.,133.5));
#9434=CARTESIAN_POINT('Origin',(-45.,-45.,133.5));
#9435=CARTESIAN_POINT('',(45.,-50.,133.5));
#9436=CARTESIAN_POINT('',(-45.,-50.,133.5));
#9437=CARTESIAN_POINT('',(50.,-45.,133.5));
#9438=CARTESIAN_POINT('Origin',(45.,-45.,133.5));
#9439=CARTESIAN_POINT('',(50.,-45.,133.5));
#9440=CARTESIAN_POINT('Origin',(42.5,42.5,130.));
#9441=CARTESIAN_POINT('',(45.,42.5,127.5));
#9442=CARTESIAN_POINT('',(42.5,45.,127.5));
#9443=CARTESIAN_POINT('Origin',(42.5,42.5,127.5));
#9444=CARTESIAN_POINT('',(42.5,45.,120.));
#9445=CARTESIAN_POINT('',(42.5,45.,130.));
#9446=CARTESIAN_POINT('',(45.,42.5,120.));
#9447=CARTESIAN_POINT('Origin',(42.5,42.5,120.));
#9448=CARTESIAN_POINT('',(45.,42.5,130.));
#9449=CARTESIAN_POINT('Origin',(42.5,42.5,127.5));
#9450=CARTESIAN_POINT('',(42.5,42.5,130.));
#9451=CARTESIAN_POINT('Origin',(42.5,42.5,127.5));
#9452=CARTESIAN_POINT('Origin',(42.5,42.5,127.5));
#9453=CARTESIAN_POINT('Origin',(45.,17.8502302975791,130.));
#9454=CARTESIAN_POINT('',(45.,17.8502302975791,120.));
#9455=CARTESIAN_POINT('',(45.,8.92511514878955,127.5));
#9456=CARTESIAN_POINT('Origin',(-42.5,42.5,130.));
#9457=CARTESIAN_POINT('',(-42.5,45.,127.5));
#9458=CARTESIAN_POINT('',(-45.,42.5,127.5));
#9459=CARTESIAN_POINT('Origin',(-42.5,42.5,127.5));
#9460=CARTESIAN_POINT('',(-45.,42.5,130.));
#9461=CARTESIAN_POINT('',(-42.5,45.,130.));
#9462=CARTESIAN_POINT('Origin',(-42.5,42.5,127.5));
#9463=CARTESIAN_POINT('',(-42.5,42.5,130.));
#9464=CARTESIAN_POINT('Origin',(-42.5,42.5,127.5));
#9465=CARTESIAN_POINT('Origin',(-42.5,42.5,127.5));
#9466=CARTESIAN_POINT('Origin',(-15.,45.,130.));
#9467=CARTESIAN_POINT('',(-7.5,45.,127.5));
#9468=CARTESIAN_POINT('Origin',(-42.5,22.5,127.5));
#9469=CARTESIAN_POINT('',(-42.5,17.8502302975788,130.));
#9470=CARTESIAN_POINT('',(-42.5,22.5,130.));
#9471=CARTESIAN_POINT('',(-45.,17.8502302975789,127.5));
#9472=CARTESIAN_POINT('Origin',(-42.5,17.8502302975789,127.5));
#9473=CARTESIAN_POINT('',(-45.,22.5,127.5));
#9474=CARTESIAN_POINT('Origin',(-7.5,42.5,127.5));
#9475=CARTESIAN_POINT('',(-7.5,42.5,130.));
#9476=CARTESIAN_POINT('Origin',(0.,0.,130.));
#9477=CARTESIAN_POINT('',(45.,-50.,130.));
#9478=CARTESIAN_POINT('',(50.,-45.,130.));
#9479=CARTESIAN_POINT('Origin',(45.,-45.,130.));
#9480=CARTESIAN_POINT('',(-45.,-50.,130.));
#9481=CARTESIAN_POINT('',(45.,-50.,130.));
#9482=CARTESIAN_POINT('',(-50.,-45.,130.));
#9483=CARTESIAN_POINT('Origin',(-45.,-45.,130.));
#9484=CARTESIAN_POINT('',(-50.,50.,130.));
#9485=CARTESIAN_POINT('',(-50.,-45.,130.));
#9486=CARTESIAN_POINT('',(50.,50.,130.));
#9487=CARTESIAN_POINT('',(-50.,50.,130.));
#9488=CARTESIAN_POINT('',(50.,50.,130.));
#9489=CARTESIAN_POINT('',(-15.,-42.5,130.));
#9490=CARTESIAN_POINT('',(-22.4999999999996,17.8502302975779,130.));
#9491=CARTESIAN_POINT('',(15.,42.5,130.));
#9492=CARTESIAN_POINT('',(15.,22.5,130.));
#9493=CARTESIAN_POINT('',(22.5,42.5,130.));
#9494=CARTESIAN_POINT('',(42.5,8.92511514878955,130.));
#9495=CARTESIAN_POINT('Origin',(22.5,42.5,127.5));
#9496=CARTESIAN_POINT('',(15.,45.,127.5));
#9497=CARTESIAN_POINT('Origin',(15.,42.5,127.5));
#9498=CARTESIAN_POINT('',(22.5,45.,127.5));
#9499=CARTESIAN_POINT('Origin',(42.5,8.92511514878955,127.5));
#9500=CARTESIAN_POINT('Origin',(-15.,-42.5,127.5));
#9501=CARTESIAN_POINT('',(-15.,-45.,127.5));
#9502=CARTESIAN_POINT('Origin',(-30.,-45.,130.));
#9503=CARTESIAN_POINT('',(30.,-45.,120.));
#9504=CARTESIAN_POINT('Origin',(-45.,17.8502302975789,130.));
#9505=CARTESIAN_POINT('',(-45.,17.8502302975789,130.));
#9506=CARTESIAN_POINT('Origin',(-45.,45.,130.));
#9507=CARTESIAN_POINT('Origin',(15.,45.,130.));
#9508=CARTESIAN_POINT('',(15.,45.,120.));
#9509=CARTESIAN_POINT('',(15.,45.,120.));
#9510=CARTESIAN_POINT('',(15.,45.,130.));
#9511=CARTESIAN_POINT('Origin',(45.,45.,130.));
#9512=CARTESIAN_POINT('',(45.,45.,120.));
#9513=CARTESIAN_POINT('Origin',(31.25,32.6751151487895,120.));
#9514=CARTESIAN_POINT('Origin',(0.,-46.25,120.));
#9515=CARTESIAN_POINT('Origin',(-45.,-50.,130.));
#9516=CARTESIAN_POINT('',(45.,-50.,130.));
#9517=CARTESIAN_POINT('',(-45.,-50.,130.));
#9518=CARTESIAN_POINT('Origin',(-45.,-45.,130.));
#9519=CARTESIAN_POINT('',(-50.,-45.,130.));
#9520=CARTESIAN_POINT('Origin',(-50.,50.,130.));
#9521=CARTESIAN_POINT('',(-50.,50.,130.));
#9522=CARTESIAN_POINT('Origin',(50.,50.,130.));
#9523=CARTESIAN_POINT('',(50.,50.,130.));
#9524=CARTESIAN_POINT('Origin',(50.,-45.,130.));
#9525=CARTESIAN_POINT('',(50.,-45.,130.));
#9526=CARTESIAN_POINT('Origin',(45.,-45.,130.));
#9527=CARTESIAN_POINT('Origin',(0.,0.,132.5));
#9528=UNCERTAINTY_MEASURE_WITH_UNIT(LENGTH_MEASURE(0.01),#9532,
'DISTANCE_ACCURACY_VALUE',
'Maximum model space distance between geometric entities at asserted c
onnectivities');
#9529=UNCERTAINTY_MEASURE_WITH_UNIT(LENGTH_MEASURE(0.01),#9532,
'DISTANCE_ACCURACY_VALUE',
'Maximum model space distance between geometric entities at asserted c
onnectivities');
#9530=(
GEOMETRIC_REPRESENTATION_CONTEXT(3)
GLOBAL_UNCERTAINTY_ASSIGNED_CONTEXT((#9528))
GLOBAL_UNIT_ASSIGNED_CONTEXT((#9532,#9534,#9535))
REPRESENTATION_CONTEXT('','3D')
);
#9531=(
GEOMETRIC_REPRESENTATION_CONTEXT(3)
GLOBAL_UNCERTAINTY_ASSIGNED_CONTEXT((#9529))
GLOBAL_UNIT_ASSIGNED_CONTEXT((#9532,#9534,#9535))
REPRESENTATION_CONTEXT('','3D')
);
#9532=(
LENGTH_UNIT()
NAMED_UNIT(*)
SI_UNIT(.MILLI.,.METRE.)
);
#9533=(
LENGTH_UNIT()
NAMED_UNIT(*)
SI_UNIT($,.METRE.)
);
#9534=(
NAMED_UNIT(*)
PLANE_ANGLE_UNIT()
SI_UNIT($,.RADIAN.)
);
#9535=(
NAMED_UNIT(*)
SI_UNIT($,.STERADIAN.)
SOLID_ANGLE_UNIT()
);
#9536=SHAPE_DEFINITION_REPRESENTATION(#9537,#9538);
#9537=PRODUCT_DEFINITION_SHAPE('',$,#9540);
#9538=SHAPE_REPRESENTATION('',(#5479),#9530);
#9539=PRODUCT_DEFINITION_CONTEXT('part definition',#9544,'design');
#9540=PRODUCT_DEFINITION('(Unsaved)','(Unsaved)',#9541,#9539);
#9541=PRODUCT_DEFINITION_FORMATION('',$,#9546);
#9542=PRODUCT_RELATED_PRODUCT_CATEGORY('(Unsaved)','(Unsaved)',(#9546));
#9543=APPLICATION_PROTOCOL_DEFINITION('international standard',
'automotive_design',2009,#9544);
#9544=APPLICATION_CONTEXT(
'Core Data for Automotive Mechanical Design Process');
#9545=PRODUCT_CONTEXT('part definition',#9544,'mechanical');
#9546=PRODUCT('(Unsaved)','(Unsaved)',$,(#9545));
#9547=PRESENTATION_STYLE_ASSIGNMENT((#9548));
#9548=SURFACE_STYLE_USAGE(.BOTH.,#9549);
#9549=SURFACE_SIDE_STYLE('',(#9550));
#9550=SURFACE_STYLE_FILL_AREA(#9551);
#9551=FILL_AREA_STYLE('Steel - Satin',(#9552));
#9552=FILL_AREA_STYLE_COLOUR('Steel - Satin',#9553);
#9553=COLOUR_RGB('Steel - Satin',0.792156862745098,0.792156862745098,0.792156862745098);
ENDSEC;
END-ISO-10303-21;
