ISO-10303-21;
HEADER;
/* Generated by software containing ST-Developer
 * from STEP Tools, Inc. (www.steptools.com) 
 */

FILE_DESCRIPTION(
/* description */ (''),
/* implementation_level */ '2;1');

FILE_NAME(
/* name */ 'Chassis - 10.step',
/* time_stamp */ '2026-08-11T11:12:45-04:00',
/* author */ (''),
/* organization */ (''),
/* preprocessor_version */ 'ST-DEVELOPER v20.1',
/* originating_system */ 'Autodesk Translation Framework v15.8.0.0',
/* authorisation */ '');

FILE_SCHEMA (('AUTOMOTIVE_DESIGN { 1 0 10303 214 3 1 1 }'));
ENDSEC;

DATA;
#10=MECHANICAL_DESIGN_GEOMETRIC_PRESENTATION_REPRESENTATION('',(#15,#16),
#9842);
#11=SHAPE_REPRESENTATION_RELATIONSHIP('SRR','None',#9849,#12);
#12=ADVANCED_BREP_SHAPE_REPRESENTATION('',(#17,#18),#9841);
#13=CONICAL_SURFACE('',#6031,2.25,0.0996686524911618);
#14=CONICAL_SURFACE('',#6035,2.25,0.0996686524911618);
#15=STYLED_ITEM('',(#9858),#17);
#16=STYLED_ITEM('',(#9858),#18);
#17=MANIFOLD_SOLID_BREP('Chassis',#5612);
#18=MANIFOLD_SOLID_BREP('Roof',#5613);
#19=ELLIPSE('',#5886,0.707106781186548,0.5);
#20=ELLIPSE('',#5889,0.707106781186548,0.5);
#21=SPHERICAL_SURFACE('',#5780,2.5);
#22=SPHERICAL_SURFACE('',#5786,2.5);
#23=SPHERICAL_SURFACE('',#6056,2.5);
#24=SPHERICAL_SURFACE('',#6062,2.5);
#25=(
BOUNDED_CURVE()
B_SPLINE_CURVE(2,(#8360,#8361,#8362),.UNSPECIFIED.,.F.,.F.)
B_SPLINE_CURVE_WITH_KNOTS((3,3),(-1.5707963267949,-0.927428575437753),
 .UNSPECIFIED.)
CURVE()
GEOMETRIC_REPRESENTATION_ITEM()
RATIONAL_B_SPLINE_CURVE((1.,0.948088441479414,0.998746325407627))
REPRESENTATION_ITEM('')
);
#26=(
BOUNDED_SURFACE()
B_SPLINE_SURFACE(2,2,((#8331,#8332,#8333,#8334,#8335,#8336,#8337,#8338,
#8339),(#8340,#8341,#8342,#8343,#8344,#8345,#8346,#8347,#8348),(#8349,#8350,
#8351,#8352,#8353,#8354,#8355,#8356,#8357)),.UNSPECIFIED.,.F.,.T.,.F.)
B_SPLINE_SURFACE_WITH_KNOTS((3,3),(3,2,2,2,3),(0.919564890268252,1.5707963267949),
(-3.14159265358979,-1.5707963267949,0.,1.5707963267949,3.14159265358979),
 .UNSPECIFIED.)
GEOMETRIC_REPRESENTATION_ITEM()
RATIONAL_B_SPLINE_SURFACE(((1.,0.707106781186548,1.,0.707106781186548,1.,
0.707106781186548,1.,0.707106781186548,1.),(0.947453942544702,0.669951107635288,
0.947453942544702,0.669951107635288,0.947453942544702,0.669951107635288,
0.947453942544702,0.669951107635288,0.947453942544702),(1.,0.707106781186548,
1.,0.707106781186548,1.,0.707106781186548,1.,0.707106781186548,1.)))
REPRESENTATION_ITEM('')
SURFACE()
);
#27=(
BOUNDED_SURFACE()
B_SPLINE_SURFACE(2,2,((#8369,#8370,#8371,#8372,#8373,#8374,#8375,#8376,
#8377),(#8378,#8379,#8380,#8381,#8382,#8383,#8384,#8385,#8386),(#8387,#8388,
#8389,#8390,#8391,#8392,#8393,#8394,#8395)),.UNSPECIFIED.,.F.,.T.,.F.)
B_SPLINE_SURFACE_WITH_KNOTS((3,3),(3,2,2,2,3),(0.927295218001612,1.5707963267949),
(-3.14159265358979,-1.5707963267949,0.,1.5707963267949,3.14159265358979),
 .UNSPECIFIED.)
GEOMETRIC_REPRESENTATION_ITEM()
RATIONAL_B_SPLINE_SURFACE(((1.,0.707106781186548,1.,0.707106781186548,1.,
0.707106781186548,1.,0.707106781186548,1.),(0.948683298050514,0.670820393249937,
0.948683298050514,0.670820393249937,0.948683298050514,0.670820393249937,
0.948683298050514,0.670820393249937,0.948683298050514),(1.,0.707106781186548,
1.,0.707106781186548,1.,0.707106781186548,1.,0.707106781186548,1.)))
REPRESENTATION_ITEM('')
SURFACE()
);
#28=(
BOUNDED_SURFACE()
B_SPLINE_SURFACE(2,2,((#8957,#8958,#8959),(#8960,#8961,#8962),(#8963,#8964,
#8965)),.UNSPECIFIED.,.F.,.F.,.F.)
B_SPLINE_SURFACE_WITH_KNOTS((3,3),(3,3),(-1.5707963267949,0.),(-1.5707963267949,
0.),.UNSPECIFIED.)
GEOMETRIC_REPRESENTATION_ITEM()
RATIONAL_B_SPLINE_SURFACE(((1.,0.707106781186548,1.),(0.707106781186546,
0.499999999999999,0.707106781186546),(1.,0.707106781186548,1.)))
REPRESENTATION_ITEM('')
SURFACE()
);
#29=(
BOUNDED_SURFACE()
B_SPLINE_SURFACE(2,2,((#8970,#8971,#8972),(#8973,#8974,#8975),(#8976,#8977,
#8978)),.UNSPECIFIED.,.F.,.F.,.F.)
B_SPLINE_SURFACE_WITH_KNOTS((3,3),(3,3),(-1.5707963267949,0.),(-3.14159265358979,
-1.5707963267949),.UNSPECIFIED.)
GEOMETRIC_REPRESENTATION_ITEM()
RATIONAL_B_SPLINE_SURFACE(((1.,0.707106781186548,1.),(0.707106781186546,
0.499999999999999,0.707106781186546),(1.,0.707106781186548,1.)))
REPRESENTATION_ITEM('')
SURFACE()
);
#30=(
BOUNDED_SURFACE()
B_SPLINE_SURFACE(2,2,((#9561,#9562,#9563),(#9564,#9565,#9566),(#9567,#9568,
#9569)),.UNSPECIFIED.,.F.,.F.,.F.)
B_SPLINE_SURFACE_WITH_KNOTS((3,3),(3,3),(-3.22973970800046E-15,0.0996686524911617),
(1.5707963267949,3.14159265358979),.UNSPECIFIED.)
GEOMETRIC_REPRESENTATION_ITEM()
RATIONAL_B_SPLINE_SURFACE(((1.,0.707106781186548,1.),(0.998758526924834,
0.706228927156437,0.998758526924834),(1.,0.707106781186548,1.)))
REPRESENTATION_ITEM('')
SURFACE()
);
#31=(
BOUNDED_SURFACE()
B_SPLINE_SURFACE(2,2,((#9614,#9615,#9616),(#9617,#9618,#9619),(#9620,#9621,
#9622)),.UNSPECIFIED.,.F.,.F.,.F.)
B_SPLINE_SURFACE_WITH_KNOTS((3,3),(3,3),(-3.22973970800046E-15,0.0996686524911617),
(0.,1.5707963267949),.UNSPECIFIED.)
GEOMETRIC_REPRESENTATION_ITEM()
RATIONAL_B_SPLINE_SURFACE(((1.,0.707106781186548,1.),(0.998758526924834,
0.706228927156437,0.998758526924834),(1.,0.707106781186548,1.)))
REPRESENTATION_ITEM('')
SURFACE()
);
#32=TOROIDAL_SURFACE('',#5679,4.35424868893541,1.);
#33=TOROIDAL_SURFACE('',#5690,4.35424868893541,1.);
#34=TOROIDAL_SURFACE('',#5897,10.5,0.5);
#35=TOROIDAL_SURFACE('',#5924,9.5,5.);
#36=TOROIDAL_SURFACE('',#5927,9.5,5.);
#37=CYLINDRICAL_SURFACE('',#5637,1.);
#38=CYLINDRICAL_SURFACE('',#5641,1.);
#39=CYLINDRICAL_SURFACE('',#5645,1.);
#40=CYLINDRICAL_SURFACE('',#5649,1.);
#41=CYLINDRICAL_SURFACE('',#5653,2.6);
#42=CYLINDRICAL_SURFACE('',#5655,2.6);
#43=CYLINDRICAL_SURFACE('',#5658,2.6);
#44=CYLINDRICAL_SURFACE('',#5660,2.6);
#45=CYLINDRICAL_SURFACE('',#5665,5.);
#46=CYLINDRICAL_SURFACE('',#5669,5.);
#47=CYLINDRICAL_SURFACE('',#5673,5.);
#48=CYLINDRICAL_SURFACE('',#5676,5.);
#49=CYLINDRICAL_SURFACE('',#5698,2.5);
#50=CYLINDRICAL_SURFACE('',#5712,2.5);
#51=CYLINDRICAL_SURFACE('',#5713,2.5);
#52=CYLINDRICAL_SURFACE('',#5714,2.5);
#53=CYLINDRICAL_SURFACE('',#5715,2.5);
#54=CYLINDRICAL_SURFACE('',#5716,2.5);
#55=CYLINDRICAL_SURFACE('',#5717,2.5);
#56=CYLINDRICAL_SURFACE('',#5721,2.5);
#57=CYLINDRICAL_SURFACE('',#5725,2.5);
#58=CYLINDRICAL_SURFACE('',#5729,2.5);
#59=CYLINDRICAL_SURFACE('',#5739,2.5);
#60=CYLINDRICAL_SURFACE('',#5741,2.5);
#61=CYLINDRICAL_SURFACE('',#5744,2.5);
#62=CYLINDRICAL_SURFACE('',#5747,2.5);
#63=CYLINDRICAL_SURFACE('',#5751,2.5);
#64=CYLINDRICAL_SURFACE('',#5755,2.5);
#65=CYLINDRICAL_SURFACE('',#5764,2.5);
#66=CYLINDRICAL_SURFACE('',#5767,2.5);
#67=CYLINDRICAL_SURFACE('',#5772,2.5);
#68=CYLINDRICAL_SURFACE('',#5775,2.5);
#69=CYLINDRICAL_SURFACE('',#5777,2.5);
#70=CYLINDRICAL_SURFACE('',#5779,2.5);
#71=CYLINDRICAL_SURFACE('',#5784,2.5);
#72=CYLINDRICAL_SURFACE('',#5790,2.5);
#73=CYLINDRICAL_SURFACE('',#5792,2.5);
#74=CYLINDRICAL_SURFACE('',#5794,2.5);
#75=CYLINDRICAL_SURFACE('',#5795,2.5);
#76=CYLINDRICAL_SURFACE('',#5804,2.5);
#77=CYLINDRICAL_SURFACE('',#5809,2.5);
#78=CYLINDRICAL_SURFACE('',#5813,2.5);
#79=CYLINDRICAL_SURFACE('',#5817,5.);
#80=CYLINDRICAL_SURFACE('',#5820,5.);
#81=CYLINDRICAL_SURFACE('',#5869,20.);
#82=CYLINDRICAL_SURFACE('',#5870,12.5);
#83=CYLINDRICAL_SURFACE('',#5871,20.);
#84=CYLINDRICAL_SURFACE('',#5873,20.);
#85=CYLINDRICAL_SURFACE('',#5874,12.5);
#86=CYLINDRICAL_SURFACE('',#5875,20.);
#87=CYLINDRICAL_SURFACE('',#5877,20.);
#88=CYLINDRICAL_SURFACE('',#5878,12.5);
#89=CYLINDRICAL_SURFACE('',#5879,20.);
#90=CYLINDRICAL_SURFACE('',#5881,20.);
#91=CYLINDRICAL_SURFACE('',#5882,12.5);
#92=CYLINDRICAL_SURFACE('',#5883,20.);
#93=CYLINDRICAL_SURFACE('',#5884,0.5);
#94=CYLINDRICAL_SURFACE('',#5887,0.5);
#95=CYLINDRICAL_SURFACE('',#5890,0.5);
#96=CYLINDRICAL_SURFACE('',#5891,0.5);
#97=CYLINDRICAL_SURFACE('',#5894,0.5);
#98=CYLINDRICAL_SURFACE('',#5900,10.);
#99=CYLINDRICAL_SURFACE('',#5912,10.);
#100=CYLINDRICAL_SURFACE('',#5914,10.);
#101=CYLINDRICAL_SURFACE('',#5915,10.);
#102=CYLINDRICAL_SURFACE('',#5916,10.);
#103=CYLINDRICAL_SURFACE('',#5933,3.25);
#104=CYLINDRICAL_SURFACE('',#5936,3.25);
#105=CYLINDRICAL_SURFACE('',#5940,2.25);
#106=CYLINDRICAL_SURFACE('',#5942,2.25);
#107=CYLINDRICAL_SURFACE('',#5976,1.);
#108=CYLINDRICAL_SURFACE('',#5982,1.);
#109=CYLINDRICAL_SURFACE('',#5993,33.);
#110=CYLINDRICAL_SURFACE('',#5999,33.);
#111=CYLINDRICAL_SURFACE('',#6005,33.);
#112=CYLINDRICAL_SURFACE('',#6010,2.5);
#113=CYLINDRICAL_SURFACE('',#6013,33.);
#114=CYLINDRICAL_SURFACE('',#6019,33.);
#115=CYLINDRICAL_SURFACE('',#6024,2.5);
#116=CYLINDRICAL_SURFACE('',#6043,4.);
#117=CYLINDRICAL_SURFACE('',#6047,4.);
#118=CYLINDRICAL_SURFACE('',#6053,2.5);
#119=CYLINDRICAL_SURFACE('',#6060,2.5);
#120=CYLINDRICAL_SURFACE('',#6066,2.5);
#121=CYLINDRICAL_SURFACE('',#6068,2.5);
#122=CYLINDRICAL_SURFACE('',#6072,2.5);
#123=CYLINDRICAL_SURFACE('',#6074,2.5);
#124=CYLINDRICAL_SURFACE('',#6075,2.5);
#125=CYLINDRICAL_SURFACE('',#6084,5.);
#126=CYLINDRICAL_SURFACE('',#6088,5.);
#127=CIRCLE('',#5635,2.6);
#128=CIRCLE('',#5636,2.6);
#129=CIRCLE('',#5638,1.);
#130=CIRCLE('',#5639,1.);
#131=CIRCLE('',#5642,1.);
#132=CIRCLE('',#5643,1.);
#133=CIRCLE('',#5646,1.);
#134=CIRCLE('',#5647,1.);
#135=CIRCLE('',#5650,1.);
#136=CIRCLE('',#5651,1.);
#137=CIRCLE('',#5654,2.6);
#138=CIRCLE('',#5656,2.6);
#139=CIRCLE('',#5657,2.6);
#140=CIRCLE('',#5659,2.6);
#141=CIRCLE('',#5661,2.6);
#142=CIRCLE('',#5662,2.6);
#143=CIRCLE('',#5666,5.);
#144=CIRCLE('',#5667,5.);
#145=CIRCLE('',#5670,5.);
#146=CIRCLE('',#5671,5.);
#147=CIRCLE('',#5674,5.);
#148=CIRCLE('',#5675,5.);
#149=CIRCLE('',#5677,5.);
#150=CIRCLE('',#5678,5.);
#151=CIRCLE('',#5680,1.);
#152=CIRCLE('',#5681,3.75424868893541);
#153=CIRCLE('',#5682,3.75424868893541);
#154=CIRCLE('',#5683,1.);
#155=CIRCLE('',#5684,4.35424868893541);
#156=CIRCLE('',#5686,2.5);
#157=CIRCLE('',#5687,2.5);
#158=CIRCLE('',#5688,4.35424868893541);
#159=CIRCLE('',#5689,1.35424868893541);
#160=CIRCLE('',#5691,3.75424868893541);
#161=CIRCLE('',#5692,3.75424868893541);
#162=CIRCLE('',#5693,1.);
#163=CIRCLE('',#5694,1.35424868893541);
#164=CIRCLE('',#5695,4.);
#165=CIRCLE('',#5700,12.5);
#166=CIRCLE('',#5701,12.5);
#167=CIRCLE('',#5702,20.);
#168=CIRCLE('',#5703,20.);
#169=CIRCLE('',#5704,12.5);
#170=CIRCLE('',#5705,20.);
#171=CIRCLE('',#5706,20.);
#172=CIRCLE('',#5707,12.5);
#173=CIRCLE('',#5708,20.);
#174=CIRCLE('',#5709,20.);
#175=CIRCLE('',#5710,20.);
#176=CIRCLE('',#5711,20.);
#177=CIRCLE('',#5718,2.5);
#178=CIRCLE('',#5719,2.5);
#179=CIRCLE('',#5722,2.5);
#180=CIRCLE('',#5723,2.5);
#181=CIRCLE('',#5726,2.5);
#182=CIRCLE('',#5727,2.5);
#183=CIRCLE('',#5730,2.5);
#184=CIRCLE('',#5731,2.5);
#185=CIRCLE('',#5734,2.5);
#186=CIRCLE('',#5735,2.5);
#187=CIRCLE('',#5736,2.5);
#188=CIRCLE('',#5737,2.5);
#189=CIRCLE('',#5738,2.5);
#190=CIRCLE('',#5740,2.5);
#191=CIRCLE('',#5742,2.5);
#192=CIRCLE('',#5745,2.5);
#193=CIRCLE('',#5748,2.5);
#194=CIRCLE('',#5749,2.5);
#195=CIRCLE('',#5752,2.5);
#196=CIRCLE('',#5753,2.5);
#197=CIRCLE('',#5756,2.5);
#198=CIRCLE('',#5757,2.5);
#199=CIRCLE('',#5760,2.5);
#200=CIRCLE('',#5761,2.5);
#201=CIRCLE('',#5762,2.5);
#202=CIRCLE('',#5763,2.5);
#203=CIRCLE('',#5765,2.5);
#204=CIRCLE('',#5768,2.5);
#205=CIRCLE('',#5770,2.5);
#206=CIRCLE('',#5771,2.5);
#207=CIRCLE('',#5773,2.5);
#208=CIRCLE('',#5776,2.5);
#209=CIRCLE('',#5781,2.5);
#210=CIRCLE('',#5782,2.5);
#211=CIRCLE('',#5783,2.5);
#212=CIRCLE('',#5785,2.5);
#213=CIRCLE('',#5787,2.5);
#214=CIRCLE('',#5788,2.5);
#215=CIRCLE('',#5789,2.5);
#216=CIRCLE('',#5791,2.5);
#217=CIRCLE('',#5793,2.5);
#218=CIRCLE('',#5796,2.5);
#219=CIRCLE('',#5799,10.);
#220=CIRCLE('',#5800,10.);
#221=CIRCLE('',#5801,10.);
#222=CIRCLE('',#5802,10.);
#223=CIRCLE('',#5805,2.5);
#224=CIRCLE('',#5806,2.5);
#225=CIRCLE('',#5807,2.5);
#226=CIRCLE('',#5808,5.);
#227=CIRCLE('',#5810,2.5);
#228=CIRCLE('',#5811,2.5);
#229=CIRCLE('',#5812,5.);
#230=CIRCLE('',#5814,2.5);
#231=CIRCLE('',#5816,9.5);
#232=CIRCLE('',#5818,5.);
#233=CIRCLE('',#5821,5.);
#234=CIRCLE('',#5823,10.);
#235=CIRCLE('',#5824,10.);
#236=CIRCLE('',#5825,10.);
#237=CIRCLE('',#5826,10.);
#238=CIRCLE('',#5828,9.5);
#239=CIRCLE('',#5831,12.5);
#240=CIRCLE('',#5832,20.);
#241=CIRCLE('',#5836,12.5);
#242=CIRCLE('',#5837,20.);
#243=CIRCLE('',#5839,12.5);
#244=CIRCLE('',#5840,12.5);
#245=CIRCLE('',#5841,12.5);
#246=CIRCLE('',#5842,12.5);
#247=CIRCLE('',#5845,12.5);
#248=CIRCLE('',#5846,20.);
#249=CIRCLE('',#5849,12.5);
#250=CIRCLE('',#5850,20.);
#251=CIRCLE('',#5853,20.);
#252=CIRCLE('',#5854,12.5);
#253=CIRCLE('',#5858,12.5);
#254=CIRCLE('',#5859,20.);
#255=CIRCLE('',#5862,12.5);
#256=CIRCLE('',#5863,20.);
#257=CIRCLE('',#5866,12.5);
#258=CIRCLE('',#5867,20.);
#259=CIRCLE('',#5885,0.5);
#260=CIRCLE('',#5888,0.5);
#261=CIRCLE('',#5892,0.5);
#262=CIRCLE('',#5893,0.5);
#263=CIRCLE('',#5895,0.5);
#264=CIRCLE('',#5896,0.5);
#265=CIRCLE('',#5898,10.5);
#266=CIRCLE('',#5899,10.);
#267=CIRCLE('',#5901,10.);
#268=CIRCLE('',#5925,4.5);
#269=CIRCLE('',#5926,5.);
#270=CIRCLE('',#5928,4.5);
#271=CIRCLE('',#5929,5.);
#272=CIRCLE('',#5931,3.25);
#273=CIRCLE('',#5932,2.25);
#274=CIRCLE('',#5934,3.25);
#275=CIRCLE('',#5937,3.25);
#276=CIRCLE('',#5938,3.25);
#277=CIRCLE('',#5941,2.25);
#278=CIRCLE('',#5943,2.25);
#279=CIRCLE('',#5944,2.25);
#280=CIRCLE('',#5977,1.);
#281=CIRCLE('',#5978,1.);
#282=CIRCLE('',#5980,1.);
#283=CIRCLE('',#5983,1.);
#284=CIRCLE('',#5994,33.);
#285=CIRCLE('',#5995,33.);
#286=CIRCLE('',#5997,2.5);
#287=CIRCLE('',#6000,33.);
#288=CIRCLE('',#6001,33.);
#289=CIRCLE('',#6002,2.5);
#290=CIRCLE('',#6003,33.);
#291=CIRCLE('',#6004,2.33622727692964);
#292=CIRCLE('',#6006,33.);
#293=CIRCLE('',#6008,2.5);
#294=CIRCLE('',#6011,2.5);
#295=CIRCLE('',#6014,33.);
#296=CIRCLE('',#6015,33.);
#297=CIRCLE('',#6016,2.5);
#298=CIRCLE('',#6017,33.);
#299=CIRCLE('',#6018,2.33622727692964);
#300=CIRCLE('',#6020,33.);
#301=CIRCLE('',#6022,2.5);
#302=CIRCLE('',#6025,2.5);
#303=CIRCLE('',#6028,2.5);
#304=CIRCLE('',#6032,2.);
#305=CIRCLE('',#6036,2.);
#306=CIRCLE('',#6039,2.5);
#307=CIRCLE('',#6044,4.);
#308=CIRCLE('',#6045,4.);
#309=CIRCLE('',#6048,4.);
#310=CIRCLE('',#6049,4.);
#311=CIRCLE('',#6051,5.);
#312=CIRCLE('',#6052,5.);
#313=CIRCLE('',#6054,2.5);
#314=CIRCLE('',#6055,2.5);
#315=CIRCLE('',#6057,2.5);
#316=CIRCLE('',#6058,2.5);
#317=CIRCLE('',#6061,2.5);
#318=CIRCLE('',#6063,2.5);
#319=CIRCLE('',#6064,2.5);
#320=CIRCLE('',#6067,2.5);
#321=CIRCLE('',#6070,5.);
#322=CIRCLE('',#6071,5.);
#323=CIRCLE('',#6073,2.5);
#324=FACE_BOUND('',#851,.T.);
#325=FACE_BOUND('',#862,.T.);
#326=FACE_BOUND('',#863,.T.);
#327=FACE_BOUND('',#864,.T.);
#328=FACE_BOUND('',#865,.T.);
#329=FACE_BOUND('',#889,.T.);
#330=FACE_BOUND('',#890,.T.);
#331=FACE_BOUND('',#891,.T.);
#332=FACE_BOUND('',#899,.T.);
#333=FACE_BOUND('',#944,.T.);
#334=FACE_BOUND('',#945,.T.);
#335=FACE_BOUND('',#947,.T.);
#336=FACE_BOUND('',#948,.T.);
#337=FACE_BOUND('',#949,.T.);
#338=FACE_BOUND('',#951,.T.);
#339=FACE_BOUND('',#952,.T.);
#340=FACE_BOUND('',#953,.T.);
#341=FACE_BOUND('',#954,.T.);
#342=FACE_BOUND('',#961,.T.);
#343=FACE_BOUND('',#962,.T.);
#344=FACE_BOUND('',#967,.T.);
#345=FACE_BOUND('',#968,.T.);
#346=FACE_BOUND('',#969,.T.);
#347=FACE_BOUND('',#970,.T.);
#348=FACE_BOUND('',#972,.T.);
#349=FACE_BOUND('',#973,.T.);
#350=FACE_BOUND('',#977,.T.);
#351=FACE_BOUND('',#978,.T.);
#352=FACE_BOUND('',#979,.T.);
#353=FACE_BOUND('',#980,.T.);
#354=FACE_BOUND('',#991,.T.);
#355=FACE_BOUND('',#992,.T.);
#356=FACE_BOUND('',#993,.T.);
#357=FACE_BOUND('',#994,.T.);
#358=FACE_BOUND('',#1049,.T.);
#359=FACE_BOUND('',#1052,.T.);
#360=FACE_BOUND('',#1055,.T.);
#361=FACE_BOUND('',#1071,.T.);
#362=FACE_BOUND('',#1074,.T.);
#363=FACE_BOUND('',#1077,.T.);
#364=FACE_BOUND('',#1084,.T.);
#365=FACE_BOUND('',#1087,.T.);
#366=FACE_BOUND('',#1090,.T.);
#367=FACE_BOUND('',#1107,.T.);
#368=FACE_BOUND('',#1109,.T.);
#369=FACE_BOUND('',#1143,.T.);
#370=FACE_BOUND('',#1153,.T.);
#371=FACE_BOUND('',#1154,.T.);
#372=FACE_BOUND('',#1155,.T.);
#373=PLANE('',#5627);
#374=PLANE('',#5628);
#375=PLANE('',#5629);
#376=PLANE('',#5630);
#377=PLANE('',#5631);
#378=PLANE('',#5632);
#379=PLANE('',#5633);
#380=PLANE('',#5634);
#381=PLANE('',#5640);
#382=PLANE('',#5644);
#383=PLANE('',#5648);
#384=PLANE('',#5652);
#385=PLANE('',#5663);
#386=PLANE('',#5664);
#387=PLANE('',#5668);
#388=PLANE('',#5672);
#389=PLANE('',#5685);
#390=PLANE('',#5696);
#391=PLANE('',#5697);
#392=PLANE('',#5699);
#393=PLANE('',#5720);
#394=PLANE('',#5724);
#395=PLANE('',#5728);
#396=PLANE('',#5732);
#397=PLANE('',#5733);
#398=PLANE('',#5743);
#399=PLANE('',#5746);
#400=PLANE('',#5750);
#401=PLANE('',#5754);
#402=PLANE('',#5758);
#403=PLANE('',#5759);
#404=PLANE('',#5766);
#405=PLANE('',#5769);
#406=PLANE('',#5774);
#407=PLANE('',#5778);
#408=PLANE('',#5797);
#409=PLANE('',#5798);
#410=PLANE('',#5803);
#411=PLANE('',#5815);
#412=PLANE('',#5819);
#413=PLANE('',#5822);
#414=PLANE('',#5827);
#415=PLANE('',#5829);
#416=PLANE('',#5830);
#417=PLANE('',#5833);
#418=PLANE('',#5834);
#419=PLANE('',#5835);
#420=PLANE('',#5838);
#421=PLANE('',#5843);
#422=PLANE('',#5844);
#423=PLANE('',#5847);
#424=PLANE('',#5848);
#425=PLANE('',#5851);
#426=PLANE('',#5852);
#427=PLANE('',#5855);
#428=PLANE('',#5856);
#429=PLANE('',#5857);
#430=PLANE('',#5860);
#431=PLANE('',#5861);
#432=PLANE('',#5864);
#433=PLANE('',#5865);
#434=PLANE('',#5868);
#435=PLANE('',#5872);
#436=PLANE('',#5876);
#437=PLANE('',#5880);
#438=PLANE('',#5902);
#439=PLANE('',#5903);
#440=PLANE('',#5904);
#441=PLANE('',#5905);
#442=PLANE('',#5906);
#443=PLANE('',#5907);
#444=PLANE('',#5908);
#445=PLANE('',#5909);
#446=PLANE('',#5910);
#447=PLANE('',#5911);
#448=PLANE('',#5913);
#449=PLANE('',#5917);
#450=PLANE('',#5918);
#451=PLANE('',#5919);
#452=PLANE('',#5920);
#453=PLANE('',#5921);
#454=PLANE('',#5922);
#455=PLANE('',#5923);
#456=PLANE('',#5930);
#457=PLANE('',#5935);
#458=PLANE('',#5939);
#459=PLANE('',#5945);
#460=PLANE('',#5946);
#461=PLANE('',#5947);
#462=PLANE('',#5948);
#463=PLANE('',#5949);
#464=PLANE('',#5950);
#465=PLANE('',#5951);
#466=PLANE('',#5952);
#467=PLANE('',#5953);
#468=PLANE('',#5954);
#469=PLANE('',#5955);
#470=PLANE('',#5956);
#471=PLANE('',#5957);
#472=PLANE('',#5958);
#473=PLANE('',#5959);
#474=PLANE('',#5960);
#475=PLANE('',#5961);
#476=PLANE('',#5962);
#477=PLANE('',#5963);
#478=PLANE('',#5964);
#479=PLANE('',#5965);
#480=PLANE('',#5966);
#481=PLANE('',#5967);
#482=PLANE('',#5968);
#483=PLANE('',#5969);
#484=PLANE('',#5970);
#485=PLANE('',#5971);
#486=PLANE('',#5972);
#487=PLANE('',#5973);
#488=PLANE('',#5974);
#489=PLANE('',#5975);
#490=PLANE('',#5979);
#491=PLANE('',#5981);
#492=PLANE('',#5984);
#493=PLANE('',#5985);
#494=PLANE('',#5986);
#495=PLANE('',#5987);
#496=PLANE('',#5988);
#497=PLANE('',#5989);
#498=PLANE('',#5990);
#499=PLANE('',#5991);
#500=PLANE('',#5992);
#501=PLANE('',#5996);
#502=PLANE('',#5998);
#503=PLANE('',#6007);
#504=PLANE('',#6009);
#505=PLANE('',#6012);
#506=PLANE('',#6021);
#507=PLANE('',#6023);
#508=PLANE('',#6026);
#509=PLANE('',#6027);
#510=PLANE('',#6029);
#511=PLANE('',#6030);
#512=PLANE('',#6033);
#513=PLANE('',#6034);
#514=PLANE('',#6037);
#515=PLANE('',#6038);
#516=PLANE('',#6040);
#517=PLANE('',#6041);
#518=PLANE('',#6042);
#519=PLANE('',#6046);
#520=PLANE('',#6050);
#521=PLANE('',#6059);
#522=PLANE('',#6065);
#523=PLANE('',#6069);
#524=PLANE('',#6076);
#525=PLANE('',#6077);
#526=PLANE('',#6078);
#527=PLANE('',#6079);
#528=PLANE('',#6080);
#529=PLANE('',#6081);
#530=PLANE('',#6082);
#531=PLANE('',#6083);
#532=PLANE('',#6085);
#533=PLANE('',#6086);
#534=PLANE('',#6087);
#535=PLANE('',#6089);
#536=FACE_OUTER_BOUND('',#830,.T.);
#537=FACE_OUTER_BOUND('',#831,.T.);
#538=FACE_OUTER_BOUND('',#832,.T.);
#539=FACE_OUTER_BOUND('',#833,.T.);
#540=FACE_OUTER_BOUND('',#834,.T.);
#541=FACE_OUTER_BOUND('',#835,.T.);
#542=FACE_OUTER_BOUND('',#836,.T.);
#543=FACE_OUTER_BOUND('',#837,.T.);
#544=FACE_OUTER_BOUND('',#838,.T.);
#545=FACE_OUTER_BOUND('',#839,.T.);
#546=FACE_OUTER_BOUND('',#840,.T.);
#547=FACE_OUTER_BOUND('',#841,.T.);
#548=FACE_OUTER_BOUND('',#842,.T.);
#549=FACE_OUTER_BOUND('',#843,.T.);
#550=FACE_OUTER_BOUND('',#844,.T.);
#551=FACE_OUTER_BOUND('',#845,.T.);
#552=FACE_OUTER_BOUND('',#846,.T.);
#553=FACE_OUTER_BOUND('',#847,.T.);
#554=FACE_OUTER_BOUND('',#848,.T.);
#555=FACE_OUTER_BOUND('',#849,.T.);
#556=FACE_OUTER_BOUND('',#850,.T.);
#557=FACE_OUTER_BOUND('',#852,.T.);
#558=FACE_OUTER_BOUND('',#853,.T.);
#559=FACE_OUTER_BOUND('',#854,.T.);
#560=FACE_OUTER_BOUND('',#855,.T.);
#561=FACE_OUTER_BOUND('',#856,.T.);
#562=FACE_OUTER_BOUND('',#857,.T.);
#563=FACE_OUTER_BOUND('',#858,.T.);
#564=FACE_OUTER_BOUND('',#859,.T.);
#565=FACE_OUTER_BOUND('',#860,.T.);
#566=FACE_OUTER_BOUND('',#861,.T.);
#567=FACE_OUTER_BOUND('',#866,.T.);
#568=FACE_OUTER_BOUND('',#867,.T.);
#569=FACE_OUTER_BOUND('',#868,.T.);
#570=FACE_OUTER_BOUND('',#869,.T.);
#571=FACE_OUTER_BOUND('',#870,.T.);
#572=FACE_OUTER_BOUND('',#871,.T.);
#573=FACE_OUTER_BOUND('',#872,.T.);
#574=FACE_OUTER_BOUND('',#873,.T.);
#575=FACE_OUTER_BOUND('',#874,.T.);
#576=FACE_OUTER_BOUND('',#875,.T.);
#577=FACE_OUTER_BOUND('',#876,.T.);
#578=FACE_OUTER_BOUND('',#877,.T.);
#579=FACE_OUTER_BOUND('',#878,.T.);
#580=FACE_OUTER_BOUND('',#879,.T.);
#581=FACE_OUTER_BOUND('',#880,.T.);
#582=FACE_OUTER_BOUND('',#881,.T.);
#583=FACE_OUTER_BOUND('',#882,.T.);
#584=FACE_OUTER_BOUND('',#883,.T.);
#585=FACE_OUTER_BOUND('',#884,.T.);
#586=FACE_OUTER_BOUND('',#885,.T.);
#587=FACE_OUTER_BOUND('',#886,.T.);
#588=FACE_OUTER_BOUND('',#887,.T.);
#589=FACE_OUTER_BOUND('',#888,.T.);
#590=FACE_OUTER_BOUND('',#892,.T.);
#591=FACE_OUTER_BOUND('',#893,.T.);
#592=FACE_OUTER_BOUND('',#894,.T.);
#593=FACE_OUTER_BOUND('',#895,.T.);
#594=FACE_OUTER_BOUND('',#896,.T.);
#595=FACE_OUTER_BOUND('',#897,.T.);
#596=FACE_OUTER_BOUND('',#898,.T.);
#597=FACE_OUTER_BOUND('',#900,.T.);
#598=FACE_OUTER_BOUND('',#901,.T.);
#599=FACE_OUTER_BOUND('',#902,.T.);
#600=FACE_OUTER_BOUND('',#903,.T.);
#601=FACE_OUTER_BOUND('',#904,.T.);
#602=FACE_OUTER_BOUND('',#905,.T.);
#603=FACE_OUTER_BOUND('',#906,.T.);
#604=FACE_OUTER_BOUND('',#907,.T.);
#605=FACE_OUTER_BOUND('',#908,.T.);
#606=FACE_OUTER_BOUND('',#909,.T.);
#607=FACE_OUTER_BOUND('',#910,.T.);
#608=FACE_OUTER_BOUND('',#911,.T.);
#609=FACE_OUTER_BOUND('',#912,.T.);
#610=FACE_OUTER_BOUND('',#913,.T.);
#611=FACE_OUTER_BOUND('',#914,.T.);
#612=FACE_OUTER_BOUND('',#915,.T.);
#613=FACE_OUTER_BOUND('',#916,.T.);
#614=FACE_OUTER_BOUND('',#917,.T.);
#615=FACE_OUTER_BOUND('',#918,.T.);
#616=FACE_OUTER_BOUND('',#919,.T.);
#617=FACE_OUTER_BOUND('',#920,.T.);
#618=FACE_OUTER_BOUND('',#921,.T.);
#619=FACE_OUTER_BOUND('',#922,.T.);
#620=FACE_OUTER_BOUND('',#923,.T.);
#621=FACE_OUTER_BOUND('',#924,.T.);
#622=FACE_OUTER_BOUND('',#925,.T.);
#623=FACE_OUTER_BOUND('',#926,.T.);
#624=FACE_OUTER_BOUND('',#927,.T.);
#625=FACE_OUTER_BOUND('',#928,.T.);
#626=FACE_OUTER_BOUND('',#929,.T.);
#627=FACE_OUTER_BOUND('',#930,.T.);
#628=FACE_OUTER_BOUND('',#931,.T.);
#629=FACE_OUTER_BOUND('',#932,.T.);
#630=FACE_OUTER_BOUND('',#933,.T.);
#631=FACE_OUTER_BOUND('',#934,.T.);
#632=FACE_OUTER_BOUND('',#935,.T.);
#633=FACE_OUTER_BOUND('',#936,.T.);
#634=FACE_OUTER_BOUND('',#937,.T.);
#635=FACE_OUTER_BOUND('',#938,.T.);
#636=FACE_OUTER_BOUND('',#939,.T.);
#637=FACE_OUTER_BOUND('',#940,.T.);
#638=FACE_OUTER_BOUND('',#941,.T.);
#639=FACE_OUTER_BOUND('',#942,.T.);
#640=FACE_OUTER_BOUND('',#943,.T.);
#641=FACE_OUTER_BOUND('',#946,.T.);
#642=FACE_OUTER_BOUND('',#950,.T.);
#643=FACE_OUTER_BOUND('',#955,.T.);
#644=FACE_OUTER_BOUND('',#956,.T.);
#645=FACE_OUTER_BOUND('',#957,.T.);
#646=FACE_OUTER_BOUND('',#958,.T.);
#647=FACE_OUTER_BOUND('',#959,.T.);
#648=FACE_OUTER_BOUND('',#960,.T.);
#649=FACE_OUTER_BOUND('',#963,.T.);
#650=FACE_OUTER_BOUND('',#964,.T.);
#651=FACE_OUTER_BOUND('',#965,.T.);
#652=FACE_OUTER_BOUND('',#966,.T.);
#653=FACE_OUTER_BOUND('',#971,.T.);
#654=FACE_OUTER_BOUND('',#974,.T.);
#655=FACE_OUTER_BOUND('',#975,.T.);
#656=FACE_OUTER_BOUND('',#976,.T.);
#657=FACE_OUTER_BOUND('',#981,.T.);
#658=FACE_OUTER_BOUND('',#982,.T.);
#659=FACE_OUTER_BOUND('',#983,.T.);
#660=FACE_OUTER_BOUND('',#984,.T.);
#661=FACE_OUTER_BOUND('',#985,.T.);
#662=FACE_OUTER_BOUND('',#986,.T.);
#663=FACE_OUTER_BOUND('',#987,.T.);
#664=FACE_OUTER_BOUND('',#988,.T.);
#665=FACE_OUTER_BOUND('',#989,.T.);
#666=FACE_OUTER_BOUND('',#990,.T.);
#667=FACE_OUTER_BOUND('',#995,.T.);
#668=FACE_OUTER_BOUND('',#996,.T.);
#669=FACE_OUTER_BOUND('',#997,.T.);
#670=FACE_OUTER_BOUND('',#998,.T.);
#671=FACE_OUTER_BOUND('',#999,.T.);
#672=FACE_OUTER_BOUND('',#1000,.T.);
#673=FACE_OUTER_BOUND('',#1001,.T.);
#674=FACE_OUTER_BOUND('',#1002,.T.);
#675=FACE_OUTER_BOUND('',#1003,.T.);
#676=FACE_OUTER_BOUND('',#1004,.T.);
#677=FACE_OUTER_BOUND('',#1005,.T.);
#678=FACE_OUTER_BOUND('',#1006,.T.);
#679=FACE_OUTER_BOUND('',#1007,.T.);
#680=FACE_OUTER_BOUND('',#1008,.T.);
#681=FACE_OUTER_BOUND('',#1009,.T.);
#682=FACE_OUTER_BOUND('',#1010,.T.);
#683=FACE_OUTER_BOUND('',#1011,.T.);
#684=FACE_OUTER_BOUND('',#1012,.T.);
#685=FACE_OUTER_BOUND('',#1013,.T.);
#686=FACE_OUTER_BOUND('',#1014,.T.);
#687=FACE_OUTER_BOUND('',#1015,.T.);
#688=FACE_OUTER_BOUND('',#1016,.T.);
#689=FACE_OUTER_BOUND('',#1017,.T.);
#690=FACE_OUTER_BOUND('',#1018,.T.);
#691=FACE_OUTER_BOUND('',#1019,.T.);
#692=FACE_OUTER_BOUND('',#1020,.T.);
#693=FACE_OUTER_BOUND('',#1021,.T.);
#694=FACE_OUTER_BOUND('',#1022,.T.);
#695=FACE_OUTER_BOUND('',#1023,.T.);
#696=FACE_OUTER_BOUND('',#1024,.T.);
#697=FACE_OUTER_BOUND('',#1025,.T.);
#698=FACE_OUTER_BOUND('',#1026,.T.);
#699=FACE_OUTER_BOUND('',#1027,.T.);
#700=FACE_OUTER_BOUND('',#1028,.T.);
#701=FACE_OUTER_BOUND('',#1029,.T.);
#702=FACE_OUTER_BOUND('',#1030,.T.);
#703=FACE_OUTER_BOUND('',#1031,.T.);
#704=FACE_OUTER_BOUND('',#1032,.T.);
#705=FACE_OUTER_BOUND('',#1033,.T.);
#706=FACE_OUTER_BOUND('',#1034,.T.);
#707=FACE_OUTER_BOUND('',#1035,.T.);
#708=FACE_OUTER_BOUND('',#1036,.T.);
#709=FACE_OUTER_BOUND('',#1037,.T.);
#710=FACE_OUTER_BOUND('',#1038,.T.);
#711=FACE_OUTER_BOUND('',#1039,.T.);
#712=FACE_OUTER_BOUND('',#1040,.T.);
#713=FACE_OUTER_BOUND('',#1041,.T.);
#714=FACE_OUTER_BOUND('',#1042,.T.);
#715=FACE_OUTER_BOUND('',#1043,.T.);
#716=FACE_OUTER_BOUND('',#1044,.T.);
#717=FACE_OUTER_BOUND('',#1045,.T.);
#718=FACE_OUTER_BOUND('',#1046,.T.);
#719=FACE_OUTER_BOUND('',#1047,.T.);
#720=FACE_OUTER_BOUND('',#1048,.T.);
#721=FACE_OUTER_BOUND('',#1050,.T.);
#722=FACE_OUTER_BOUND('',#1051,.T.);
#723=FACE_OUTER_BOUND('',#1053,.T.);
#724=FACE_OUTER_BOUND('',#1054,.T.);
#725=FACE_OUTER_BOUND('',#1056,.T.);
#726=FACE_OUTER_BOUND('',#1057,.T.);
#727=FACE_OUTER_BOUND('',#1058,.T.);
#728=FACE_OUTER_BOUND('',#1059,.T.);
#729=FACE_OUTER_BOUND('',#1060,.T.);
#730=FACE_OUTER_BOUND('',#1061,.T.);
#731=FACE_OUTER_BOUND('',#1062,.T.);
#732=FACE_OUTER_BOUND('',#1063,.T.);
#733=FACE_OUTER_BOUND('',#1064,.T.);
#734=FACE_OUTER_BOUND('',#1065,.T.);
#735=FACE_OUTER_BOUND('',#1066,.T.);
#736=FACE_OUTER_BOUND('',#1067,.T.);
#737=FACE_OUTER_BOUND('',#1068,.T.);
#738=FACE_OUTER_BOUND('',#1069,.T.);
#739=FACE_OUTER_BOUND('',#1070,.T.);
#740=FACE_OUTER_BOUND('',#1072,.T.);
#741=FACE_OUTER_BOUND('',#1073,.T.);
#742=FACE_OUTER_BOUND('',#1075,.T.);
#743=FACE_OUTER_BOUND('',#1076,.T.);
#744=FACE_OUTER_BOUND('',#1078,.T.);
#745=FACE_OUTER_BOUND('',#1079,.T.);
#746=FACE_OUTER_BOUND('',#1080,.T.);
#747=FACE_OUTER_BOUND('',#1081,.T.);
#748=FACE_OUTER_BOUND('',#1082,.T.);
#749=FACE_OUTER_BOUND('',#1083,.T.);
#750=FACE_OUTER_BOUND('',#1085,.T.);
#751=FACE_OUTER_BOUND('',#1086,.T.);
#752=FACE_OUTER_BOUND('',#1088,.T.);
#753=FACE_OUTER_BOUND('',#1089,.T.);
#754=FACE_OUTER_BOUND('',#1091,.T.);
#755=FACE_OUTER_BOUND('',#1092,.T.);
#756=FACE_OUTER_BOUND('',#1093,.T.);
#757=FACE_OUTER_BOUND('',#1094,.T.);
#758=FACE_OUTER_BOUND('',#1095,.T.);
#759=FACE_OUTER_BOUND('',#1096,.T.);
#760=FACE_OUTER_BOUND('',#1097,.T.);
#761=FACE_OUTER_BOUND('',#1098,.T.);
#762=FACE_OUTER_BOUND('',#1099,.T.);
#763=FACE_OUTER_BOUND('',#1100,.T.);
#764=FACE_OUTER_BOUND('',#1101,.T.);
#765=FACE_OUTER_BOUND('',#1102,.T.);
#766=FACE_OUTER_BOUND('',#1103,.T.);
#767=FACE_OUTER_BOUND('',#1104,.T.);
#768=FACE_OUTER_BOUND('',#1105,.T.);
#769=FACE_OUTER_BOUND('',#1106,.T.);
#770=FACE_OUTER_BOUND('',#1108,.T.);
#771=FACE_OUTER_BOUND('',#1110,.T.);
#772=FACE_OUTER_BOUND('',#1111,.T.);
#773=FACE_OUTER_BOUND('',#1112,.T.);
#774=FACE_OUTER_BOUND('',#1113,.T.);
#775=FACE_OUTER_BOUND('',#1114,.T.);
#776=FACE_OUTER_BOUND('',#1115,.T.);
#777=FACE_OUTER_BOUND('',#1116,.T.);
#778=FACE_OUTER_BOUND('',#1117,.T.);
#779=FACE_OUTER_BOUND('',#1118,.T.);
#780=FACE_OUTER_BOUND('',#1119,.T.);
#781=FACE_OUTER_BOUND('',#1120,.T.);
#782=FACE_OUTER_BOUND('',#1121,.T.);
#783=FACE_OUTER_BOUND('',#1122,.T.);
#784=FACE_OUTER_BOUND('',#1123,.T.);
#785=FACE_OUTER_BOUND('',#1124,.T.);
#786=FACE_OUTER_BOUND('',#1125,.T.);
#787=FACE_OUTER_BOUND('',#1126,.T.);
#788=FACE_OUTER_BOUND('',#1127,.T.);
#789=FACE_OUTER_BOUND('',#1128,.T.);
#790=FACE_OUTER_BOUND('',#1129,.T.);
#791=FACE_OUTER_BOUND('',#1130,.T.);
#792=FACE_OUTER_BOUND('',#1131,.T.);
#793=FACE_OUTER_BOUND('',#1132,.T.);
#794=FACE_OUTER_BOUND('',#1133,.T.);
#795=FACE_OUTER_BOUND('',#1134,.T.);
#796=FACE_OUTER_BOUND('',#1135,.T.);
#797=FACE_OUTER_BOUND('',#1136,.T.);
#798=FACE_OUTER_BOUND('',#1137,.T.);
#799=FACE_OUTER_BOUND('',#1138,.T.);
#800=FACE_OUTER_BOUND('',#1139,.T.);
#801=FACE_OUTER_BOUND('',#1140,.T.);
#802=FACE_OUTER_BOUND('',#1141,.T.);
#803=FACE_OUTER_BOUND('',#1142,.T.);
#804=FACE_OUTER_BOUND('',#1144,.T.);
#805=FACE_OUTER_BOUND('',#1145,.T.);
#806=FACE_OUTER_BOUND('',#1146,.T.);
#807=FACE_OUTER_BOUND('',#1147,.T.);
#808=FACE_OUTER_BOUND('',#1148,.T.);
#809=FACE_OUTER_BOUND('',#1149,.T.);
#810=FACE_OUTER_BOUND('',#1150,.T.);
#811=FACE_OUTER_BOUND('',#1151,.T.);
#812=FACE_OUTER_BOUND('',#1152,.T.);
#813=FACE_OUTER_BOUND('',#1156,.T.);
#814=FACE_OUTER_BOUND('',#1157,.T.);
#815=FACE_OUTER_BOUND('',#1158,.T.);
#816=FACE_OUTER_BOUND('',#1159,.T.);
#817=FACE_OUTER_BOUND('',#1160,.T.);
#818=FACE_OUTER_BOUND('',#1161,.T.);
#819=FACE_OUTER_BOUND('',#1162,.T.);
#820=FACE_OUTER_BOUND('',#1163,.T.);
#821=FACE_OUTER_BOUND('',#1164,.T.);
#822=FACE_OUTER_BOUND('',#1165,.T.);
#823=FACE_OUTER_BOUND('',#1166,.T.);
#824=FACE_OUTER_BOUND('',#1167,.T.);
#825=FACE_OUTER_BOUND('',#1168,.T.);
#826=FACE_OUTER_BOUND('',#1169,.T.);
#827=FACE_OUTER_BOUND('',#1170,.T.);
#828=FACE_OUTER_BOUND('',#1171,.T.);
#829=FACE_OUTER_BOUND('',#1172,.T.);
#830=EDGE_LOOP('',(#3672,#3673,#3674,#3675));
#831=EDGE_LOOP('',(#3676,#3677,#3678,#3679));
#832=EDGE_LOOP('',(#3680,#3681,#3682,#3683));
#833=EDGE_LOOP('',(#3684,#3685,#3686,#3687));
#834=EDGE_LOOP('',(#3688,#3689,#3690,#3691));
#835=EDGE_LOOP('',(#3692,#3693,#3694,#3695));
#836=EDGE_LOOP('',(#3696,#3697,#3698,#3699));
#837=EDGE_LOOP('',(#3700,#3701,#3702,#3703));
#838=EDGE_LOOP('',(#3704,#3705,#3706,#3707));
#839=EDGE_LOOP('',(#3708,#3709,#3710,#3711));
#840=EDGE_LOOP('',(#3712,#3713,#3714,#3715));
#841=EDGE_LOOP('',(#3716,#3717,#3718,#3719));
#842=EDGE_LOOP('',(#3720,#3721,#3722,#3723));
#843=EDGE_LOOP('',(#3724,#3725,#3726,#3727));
#844=EDGE_LOOP('',(#3728,#3729,#3730,#3731));
#845=EDGE_LOOP('',(#3732,#3733,#3734,#3735));
#846=EDGE_LOOP('',(#3736,#3737,#3738,#3739));
#847=EDGE_LOOP('',(#3740,#3741,#3742,#3743));
#848=EDGE_LOOP('',(#3744,#3745,#3746,#3747));
#849=EDGE_LOOP('',(#3748,#3749,#3750,#3751));
#850=EDGE_LOOP('',(#3752,#3753,#3754,#3755,#3756,#3757,#3758,#3759));
#851=EDGE_LOOP('',(#3760,#3761,#3762,#3763,#3764,#3765,#3766,#3767,#3768,
#3769,#3770,#3771));
#852=EDGE_LOOP('',(#3772,#3773,#3774,#3775));
#853=EDGE_LOOP('',(#3776,#3777,#3778,#3779));
#854=EDGE_LOOP('',(#3780,#3781,#3782,#3783));
#855=EDGE_LOOP('',(#3784,#3785,#3786,#3787));
#856=EDGE_LOOP('',(#3788,#3789,#3790,#3791));
#857=EDGE_LOOP('',(#3792,#3793,#3794,#3795));
#858=EDGE_LOOP('',(#3796,#3797,#3798,#3799));
#859=EDGE_LOOP('',(#3800,#3801,#3802,#3803));
#860=EDGE_LOOP('',(#3804,#3805,#3806,#3807,#3808,#3809,#3810,#3811));
#861=EDGE_LOOP('',(#3812,#3813,#3814,#3815));
#862=EDGE_LOOP('',(#3816));
#863=EDGE_LOOP('',(#3817));
#864=EDGE_LOOP('',(#3818,#3819,#3820,#3821,#3822,#3823,#3824,#3825));
#865=EDGE_LOOP('',(#3826,#3827,#3828,#3829,#3830,#3831,#3832,#3833));
#866=EDGE_LOOP('',(#3834,#3835,#3836,#3837));
#867=EDGE_LOOP('',(#3838,#3839,#3840,#3841));
#868=EDGE_LOOP('',(#3842,#3843,#3844,#3845));
#869=EDGE_LOOP('',(#3846,#3847,#3848,#3849));
#870=EDGE_LOOP('',(#3850,#3851,#3852,#3853));
#871=EDGE_LOOP('',(#3854,#3855,#3856,#3857));
#872=EDGE_LOOP('',(#3858,#3859,#3860,#3861));
#873=EDGE_LOOP('',(#3862,#3863,#3864,#3865));
#874=EDGE_LOOP('',(#3866,#3867,#3868,#3869));
#875=EDGE_LOOP('',(#3870,#3871,#3872,#3873));
#876=EDGE_LOOP('',(#3874,#3875,#3876,#3877));
#877=EDGE_LOOP('',(#3878,#3879,#3880,#3881));
#878=EDGE_LOOP('',(#3882,#3883,#3884,#3885));
#879=EDGE_LOOP('',(#3886,#3887,#3888,#3889));
#880=EDGE_LOOP('',(#3890,#3891,#3892,#3893));
#881=EDGE_LOOP('',(#3894,#3895,#3896,#3897));
#882=EDGE_LOOP('',(#3898,#3899,#3900,#3901));
#883=EDGE_LOOP('',(#3902,#3903,#3904,#3905));
#884=EDGE_LOOP('',(#3906,#3907,#3908,#3909));
#885=EDGE_LOOP('',(#3910,#3911,#3912,#3913));
#886=EDGE_LOOP('',(#3914,#3915,#3916,#3917,#3918));
#887=EDGE_LOOP('',(#3919,#3920,#3921,#3922));
#888=EDGE_LOOP('',(#3923,#3924,#3925,#3926,#3927,#3928,#3929,#3930));
#889=EDGE_LOOP('',(#3931));
#890=EDGE_LOOP('',(#3932,#3933,#3934,#3935));
#891=EDGE_LOOP('',(#3936,#3937,#3938,#3939));
#892=EDGE_LOOP('',(#3940,#3941,#3942,#3943,#3944,#3945));
#893=EDGE_LOOP('',(#3946,#3947,#3948,#3949,#3950));
#894=EDGE_LOOP('',(#3951,#3952,#3953,#3954,#3955));
#895=EDGE_LOOP('',(#3956));
#896=EDGE_LOOP('',(#3957));
#897=EDGE_LOOP('',(#3958,#3959,#3960,#3961));
#898=EDGE_LOOP('',(#3962,#3963,#3964,#3965,#3966,#3967,#3968,#3969,#3970,
#3971,#3972,#3973,#3974,#3975,#3976,#3977,#3978,#3979,#3980,#3981,#3982,
#3983,#3984,#3985));
#899=EDGE_LOOP('',(#3986,#3987,#3988,#3989));
#900=EDGE_LOOP('',(#3990,#3991,#3992,#3993));
#901=EDGE_LOOP('',(#3994,#3995,#3996,#3997));
#902=EDGE_LOOP('',(#3998,#3999,#4000,#4001));
#903=EDGE_LOOP('',(#4002,#4003,#4004,#4005));
#904=EDGE_LOOP('',(#4006,#4007,#4008,#4009));
#905=EDGE_LOOP('',(#4010,#4011,#4012,#4013));
#906=EDGE_LOOP('',(#4014,#4015,#4016,#4017,#4018,#4019,#4020,#4021));
#907=EDGE_LOOP('',(#4022,#4023,#4024,#4025));
#908=EDGE_LOOP('',(#4026,#4027,#4028,#4029,#4030,#4031,#4032,#4033));
#909=EDGE_LOOP('',(#4034,#4035,#4036,#4037));
#910=EDGE_LOOP('',(#4038,#4039,#4040,#4041));
#911=EDGE_LOOP('',(#4042,#4043,#4044,#4045));
#912=EDGE_LOOP('',(#4046,#4047,#4048,#4049));
#913=EDGE_LOOP('',(#4050,#4051,#4052,#4053,#4054,#4055,#4056,#4057,#4058,
#4059,#4060,#4061,#4062,#4063,#4064,#4065,#4066,#4067,#4068));
#914=EDGE_LOOP('',(#4069,#4070,#4071,#4072));
#915=EDGE_LOOP('',(#4073,#4074,#4075,#4076));
#916=EDGE_LOOP('',(#4077,#4078,#4079,#4080));
#917=EDGE_LOOP('',(#4081,#4082,#4083,#4084));
#918=EDGE_LOOP('',(#4085,#4086,#4087,#4088));
#919=EDGE_LOOP('',(#4089,#4090,#4091,#4092));
#920=EDGE_LOOP('',(#4093,#4094,#4095,#4096));
#921=EDGE_LOOP('',(#4097,#4098,#4099,#4100));
#922=EDGE_LOOP('',(#4101,#4102,#4103,#4104));
#923=EDGE_LOOP('',(#4105,#4106,#4107,#4108));
#924=EDGE_LOOP('',(#4109,#4110,#4111,#4112));
#925=EDGE_LOOP('',(#4113,#4114,#4115,#4116,#4117,#4118,#4119,#4120,#4121,
#4122,#4123,#4124,#4125,#4126,#4127,#4128,#4129,#4130,#4131));
#926=EDGE_LOOP('',(#4132,#4133,#4134,#4135));
#927=EDGE_LOOP('',(#4136,#4137,#4138,#4139));
#928=EDGE_LOOP('',(#4140,#4141,#4142,#4143));
#929=EDGE_LOOP('',(#4144,#4145,#4146,#4147,#4148,#4149,#4150,#4151,#4152,
#4153,#4154,#4155,#4156,#4157,#4158,#4159,#4160,#4161,#4162));
#930=EDGE_LOOP('',(#4163,#4164,#4165,#4166));
#931=EDGE_LOOP('',(#4167,#4168,#4169,#4170));
#932=EDGE_LOOP('',(#4171,#4172,#4173,#4174));
#933=EDGE_LOOP('',(#4175,#4176,#4177,#4178));
#934=EDGE_LOOP('',(#4179,#4180,#4181,#4182));
#935=EDGE_LOOP('',(#4183,#4184,#4185,#4186));
#936=EDGE_LOOP('',(#4187,#4188,#4189));
#937=EDGE_LOOP('',(#4190,#4191,#4192,#4193));
#938=EDGE_LOOP('',(#4194,#4195,#4196));
#939=EDGE_LOOP('',(#4197,#4198,#4199,#4200));
#940=EDGE_LOOP('',(#4201,#4202,#4203,#4204));
#941=EDGE_LOOP('',(#4205,#4206,#4207,#4208));
#942=EDGE_LOOP('',(#4209,#4210,#4211,#4212));
#943=EDGE_LOOP('',(#4213,#4214,#4215,#4216,#4217,#4218,#4219,#4220));
#944=EDGE_LOOP('',(#4221,#4222,#4223,#4224));
#945=EDGE_LOOP('',(#4225,#4226,#4227,#4228,#4229,#4230,#4231,#4232,#4233,
#4234));
#946=EDGE_LOOP('',(#4235,#4236,#4237,#4238,#4239,#4240,#4241,#4242,#4243,
#4244,#4245,#4246,#4247,#4248,#4249,#4250,#4251,#4252,#4253,#4254,#4255,
#4256));
#947=EDGE_LOOP('',(#4257,#4258,#4259,#4260,#4261,#4262,#4263,#4264));
#948=EDGE_LOOP('',(#4265));
#949=EDGE_LOOP('',(#4266));
#950=EDGE_LOOP('',(#4267,#4268,#4269,#4270));
#951=EDGE_LOOP('',(#4271,#4272,#4273,#4274));
#952=EDGE_LOOP('',(#4275,#4276,#4277,#4278));
#953=EDGE_LOOP('',(#4279,#4280,#4281,#4282));
#954=EDGE_LOOP('',(#4283,#4284,#4285,#4286));
#955=EDGE_LOOP('',(#4287,#4288,#4289,#4290));
#956=EDGE_LOOP('',(#4291,#4292,#4293,#4294));
#957=EDGE_LOOP('',(#4295,#4296,#4297,#4298,#4299,#4300));
#958=EDGE_LOOP('',(#4301,#4302,#4303,#4304));
#959=EDGE_LOOP('',(#4305,#4306,#4307,#4308));
#960=EDGE_LOOP('',(#4309,#4310,#4311,#4312));
#961=EDGE_LOOP('',(#4313,#4314,#4315,#4316));
#962=EDGE_LOOP('',(#4317));
#963=EDGE_LOOP('',(#4318,#4319,#4320,#4321));
#964=EDGE_LOOP('',(#4322,#4323,#4324,#4325,#4326,#4327,#4328,#4329,#4330,
#4331,#4332,#4333));
#965=EDGE_LOOP('',(#4334,#4335,#4336,#4337));
#966=EDGE_LOOP('',(#4338,#4339,#4340,#4341,#4342,#4343));
#967=EDGE_LOOP('',(#4344,#4345,#4346,#4347,#4348,#4349,#4350,#4351));
#968=EDGE_LOOP('',(#4352));
#969=EDGE_LOOP('',(#4353));
#970=EDGE_LOOP('',(#4354,#4355,#4356,#4357,#4358,#4359,#4360,#4361));
#971=EDGE_LOOP('',(#4362,#4363,#4364,#4365));
#972=EDGE_LOOP('',(#4366,#4367,#4368,#4369));
#973=EDGE_LOOP('',(#4370));
#974=EDGE_LOOP('',(#4371,#4372,#4373,#4374));
#975=EDGE_LOOP('',(#4375,#4376,#4377,#4378));
#976=EDGE_LOOP('',(#4379,#4380,#4381,#4382));
#977=EDGE_LOOP('',(#4383,#4384,#4385,#4386));
#978=EDGE_LOOP('',(#4387,#4388,#4389,#4390));
#979=EDGE_LOOP('',(#4391,#4392,#4393,#4394));
#980=EDGE_LOOP('',(#4395,#4396,#4397,#4398));
#981=EDGE_LOOP('',(#4399,#4400,#4401,#4402));
#982=EDGE_LOOP('',(#4403,#4404,#4405,#4406));
#983=EDGE_LOOP('',(#4407,#4408,#4409,#4410,#4411,#4412,#4413,#4414,#4415,
#4416,#4417,#4418,#4419,#4420,#4421,#4422));
#984=EDGE_LOOP('',(#4423,#4424,#4425,#4426));
#985=EDGE_LOOP('',(#4427,#4428,#4429,#4430));
#986=EDGE_LOOP('',(#4431,#4432,#4433,#4434));
#987=EDGE_LOOP('',(#4435,#4436,#4437,#4438));
#988=EDGE_LOOP('',(#4439,#4440,#4441,#4442));
#989=EDGE_LOOP('',(#4443,#4444,#4445,#4446));
#990=EDGE_LOOP('',(#4447,#4448,#4449,#4450));
#991=EDGE_LOOP('',(#4451));
#992=EDGE_LOOP('',(#4452));
#993=EDGE_LOOP('',(#4453,#4454,#4455,#4456));
#994=EDGE_LOOP('',(#4457,#4458,#4459,#4460));
#995=EDGE_LOOP('',(#4461,#4462,#4463,#4464));
#996=EDGE_LOOP('',(#4465,#4466,#4467,#4468));
#997=EDGE_LOOP('',(#4469,#4470,#4471,#4472));
#998=EDGE_LOOP('',(#4473,#4474,#4475,#4476));
#999=EDGE_LOOP('',(#4477,#4478,#4479,#4480));
#1000=EDGE_LOOP('',(#4481,#4482,#4483,#4484));
#1001=EDGE_LOOP('',(#4485,#4486,#4487,#4488));
#1002=EDGE_LOOP('',(#4489,#4490,#4491,#4492,#4493,#4494));
#1003=EDGE_LOOP('',(#4495,#4496,#4497,#4498,#4499,#4500,#4501,#4502,#4503));
#1004=EDGE_LOOP('',(#4504,#4505,#4506,#4507,#4508));
#1005=EDGE_LOOP('',(#4509,#4510,#4511,#4512));
#1006=EDGE_LOOP('',(#4513,#4514,#4515,#4516,#4517));
#1007=EDGE_LOOP('',(#4518,#4519,#4520,#4521,#4522,#4523,#4524,#4525,#4526));
#1008=EDGE_LOOP('',(#4527,#4528,#4529,#4530,#4531,#4532));
#1009=EDGE_LOOP('',(#4533,#4534,#4535,#4536));
#1010=EDGE_LOOP('',(#4537,#4538,#4539,#4540,#4541,#4542));
#1011=EDGE_LOOP('',(#4543,#4544,#4545,#4546,#4547,#4548,#4549,#4550,#4551,
#4552));
#1012=EDGE_LOOP('',(#4553,#4554,#4555,#4556,#4557,#4558));
#1013=EDGE_LOOP('',(#4559,#4560,#4561,#4562));
#1014=EDGE_LOOP('',(#4563,#4564,#4565,#4566,#4567,#4568));
#1015=EDGE_LOOP('',(#4569,#4570,#4571,#4572,#4573,#4574,#4575,#4576,#4577,
#4578));
#1016=EDGE_LOOP('',(#4579,#4580,#4581,#4582,#4583,#4584));
#1017=EDGE_LOOP('',(#4585,#4586,#4587,#4588));
#1018=EDGE_LOOP('',(#4589,#4590,#4591,#4592));
#1019=EDGE_LOOP('',(#4593,#4594,#4595,#4596));
#1020=EDGE_LOOP('',(#4597,#4598,#4599,#4600,#4601));
#1021=EDGE_LOOP('',(#4602,#4603,#4604,#4605,#4606));
#1022=EDGE_LOOP('',(#4607,#4608,#4609,#4610));
#1023=EDGE_LOOP('',(#4611,#4612,#4613,#4614));
#1024=EDGE_LOOP('',(#4615,#4616,#4617,#4618,#4619,#4620,#4621));
#1025=EDGE_LOOP('',(#4622,#4623,#4624,#4625,#4626,#4627));
#1026=EDGE_LOOP('',(#4628,#4629,#4630,#4631,#4632,#4633));
#1027=EDGE_LOOP('',(#4634,#4635,#4636,#4637));
#1028=EDGE_LOOP('',(#4638,#4639,#4640,#4641));
#1029=EDGE_LOOP('',(#4642,#4643,#4644,#4645,#4646));
#1030=EDGE_LOOP('',(#4647,#4648,#4649,#4650,#4651,#4652,#4653));
#1031=EDGE_LOOP('',(#4654,#4655,#4656,#4657));
#1032=EDGE_LOOP('',(#4658,#4659,#4660,#4661));
#1033=EDGE_LOOP('',(#4662,#4663,#4664,#4665,#4666));
#1034=EDGE_LOOP('',(#4667,#4668,#4669,#4670));
#1035=EDGE_LOOP('',(#4671,#4672,#4673,#4674));
#1036=EDGE_LOOP('',(#4675,#4676,#4677,#4678));
#1037=EDGE_LOOP('',(#4679,#4680,#4681,#4682));
#1038=EDGE_LOOP('',(#4683,#4684,#4685,#4686));
#1039=EDGE_LOOP('',(#4687,#4688,#4689,#4690));
#1040=EDGE_LOOP('',(#4691,#4692,#4693,#4694));
#1041=EDGE_LOOP('',(#4695,#4696,#4697,#4698));
#1042=EDGE_LOOP('',(#4699,#4700,#4701,#4702));
#1043=EDGE_LOOP('',(#4703,#4704,#4705,#4706));
#1044=EDGE_LOOP('',(#4707,#4708,#4709,#4710));
#1045=EDGE_LOOP('',(#4711,#4712,#4713,#4714));
#1046=EDGE_LOOP('',(#4715,#4716,#4717,#4718));
#1047=EDGE_LOOP('',(#4719,#4720,#4721,#4722));
#1048=EDGE_LOOP('',(#4723));
#1049=EDGE_LOOP('',(#4724));
#1050=EDGE_LOOP('',(#4725,#4726,#4727,#4728));
#1051=EDGE_LOOP('',(#4729));
#1052=EDGE_LOOP('',(#4730));
#1053=EDGE_LOOP('',(#4731,#4732,#4733,#4734));
#1054=EDGE_LOOP('',(#4735));
#1055=EDGE_LOOP('',(#4736));
#1056=EDGE_LOOP('',(#4737,#4738,#4739,#4740));
#1057=EDGE_LOOP('',(#4741,#4742,#4743,#4744));
#1058=EDGE_LOOP('',(#4745,#4746,#4747,#4748));
#1059=EDGE_LOOP('',(#4749,#4750,#4751,#4752));
#1060=EDGE_LOOP('',(#4753,#4754,#4755,#4756));
#1061=EDGE_LOOP('',(#4757,#4758,#4759,#4760));
#1062=EDGE_LOOP('',(#4761,#4762,#4763,#4764));
#1063=EDGE_LOOP('',(#4765,#4766,#4767,#4768));
#1064=EDGE_LOOP('',(#4769,#4770,#4771,#4772));
#1065=EDGE_LOOP('',(#4773,#4774,#4775,#4776));
#1066=EDGE_LOOP('',(#4777,#4778,#4779,#4780));
#1067=EDGE_LOOP('',(#4781,#4782,#4783,#4784));
#1068=EDGE_LOOP('',(#4785,#4786,#4787,#4788));
#1069=EDGE_LOOP('',(#4789,#4790,#4791,#4792));
#1070=EDGE_LOOP('',(#4793,#4794,#4795,#4796));
#1071=EDGE_LOOP('',(#4797,#4798,#4799,#4800));
#1072=EDGE_LOOP('',(#4801,#4802,#4803,#4804));
#1073=EDGE_LOOP('',(#4805,#4806,#4807,#4808));
#1074=EDGE_LOOP('',(#4809,#4810,#4811,#4812));
#1075=EDGE_LOOP('',(#4813,#4814,#4815,#4816));
#1076=EDGE_LOOP('',(#4817,#4818,#4819,#4820));
#1077=EDGE_LOOP('',(#4821));
#1078=EDGE_LOOP('',(#4822,#4823,#4824,#4825));
#1079=EDGE_LOOP('',(#4826,#4827,#4828,#4829));
#1080=EDGE_LOOP('',(#4830,#4831,#4832,#4833));
#1081=EDGE_LOOP('',(#4834,#4835,#4836,#4837));
#1082=EDGE_LOOP('',(#4838,#4839,#4840,#4841));
#1083=EDGE_LOOP('',(#4842,#4843,#4844,#4845));
#1084=EDGE_LOOP('',(#4846,#4847,#4848,#4849));
#1085=EDGE_LOOP('',(#4850,#4851,#4852,#4853));
#1086=EDGE_LOOP('',(#4854,#4855,#4856,#4857));
#1087=EDGE_LOOP('',(#4858,#4859,#4860,#4861));
#1088=EDGE_LOOP('',(#4862,#4863,#4864,#4865));
#1089=EDGE_LOOP('',(#4866,#4867,#4868,#4869));
#1090=EDGE_LOOP('',(#4870));
#1091=EDGE_LOOP('',(#4871,#4872,#4873,#4874));
#1092=EDGE_LOOP('',(#4875,#4876,#4877,#4878,#4879,#4880,#4881,#4882));
#1093=EDGE_LOOP('',(#4883,#4884,#4885,#4886,#4887,#4888,#4889,#4890));
#1094=EDGE_LOOP('',(#4891,#4892,#4893,#4894,#4895,#4896,#4897,#4898,#4899,
#4900,#4901,#4902,#4903,#4904,#4905,#4906,#4907,#4908,#4909));
#1095=EDGE_LOOP('',(#4910,#4911,#4912,#4913));
#1096=EDGE_LOOP('',(#4914,#4915,#4916,#4917,#4918,#4919));
#1097=EDGE_LOOP('',(#4920,#4921,#4922,#4923));
#1098=EDGE_LOOP('',(#4924,#4925,#4926,#4927));
#1099=EDGE_LOOP('',(#4928,#4929,#4930,#4931,#4932,#4933));
#1100=EDGE_LOOP('',(#4934,#4935,#4936,#4937));
#1101=EDGE_LOOP('',(#4938,#4939,#4940,#4941,#4942,#4943));
#1102=EDGE_LOOP('',(#4944,#4945,#4946,#4947,#4948,#4949));
#1103=EDGE_LOOP('',(#4950,#4951,#4952,#4953,#4954,#4955,#4956,#4957,#4958,
#4959));
#1104=EDGE_LOOP('',(#4960,#4961,#4962,#4963,#4964,#4965));
#1105=EDGE_LOOP('',(#4966,#4967,#4968,#4969,#4970,#4971,#4972,#4973,#4974,
#4975,#4976,#4977,#4978,#4979,#4980,#4981,#4982,#4983,#4984,#4985,#4986,
#4987,#4988,#4989));
#1106=EDGE_LOOP('',(#4990,#4991,#4992,#4993,#4994,#4995));
#1107=EDGE_LOOP('',(#4996,#4997,#4998,#4999,#5000,#5001));
#1108=EDGE_LOOP('',(#5002));
#1109=EDGE_LOOP('',(#5003));
#1110=EDGE_LOOP('',(#5004,#5005,#5006,#5007));
#1111=EDGE_LOOP('',(#5008,#5009,#5010,#5011,#5012,#5013,#5014));
#1112=EDGE_LOOP('',(#5015,#5016,#5017,#5018));
#1113=EDGE_LOOP('',(#5019,#5020,#5021,#5022));
#1114=EDGE_LOOP('',(#5023,#5024,#5025,#5026));
#1115=EDGE_LOOP('',(#5027,#5028,#5029,#5030));
#1116=EDGE_LOOP('',(#5031,#5032,#5033,#5034,#5035,#5036,#5037));
#1117=EDGE_LOOP('',(#5038,#5039,#5040,#5041));
#1118=EDGE_LOOP('',(#5042,#5043,#5044,#5045));
#1119=EDGE_LOOP('',(#5046,#5047,#5048,#5049));
#1120=EDGE_LOOP('',(#5050,#5051,#5052,#5053));
#1121=EDGE_LOOP('',(#5054,#5055,#5056,#5057));
#1122=EDGE_LOOP('',(#5058,#5059,#5060,#5061));
#1123=EDGE_LOOP('',(#5062,#5063,#5064,#5065,#5066,#5067,#5068));
#1124=EDGE_LOOP('',(#5069,#5070,#5071,#5072));
#1125=EDGE_LOOP('',(#5073,#5074,#5075,#5076));
#1126=EDGE_LOOP('',(#5077,#5078,#5079,#5080));
#1127=EDGE_LOOP('',(#5081,#5082,#5083,#5084,#5085,#5086,#5087));
#1128=EDGE_LOOP('',(#5088,#5089,#5090,#5091));
#1129=EDGE_LOOP('',(#5092,#5093,#5094,#5095));
#1130=EDGE_LOOP('',(#5096,#5097,#5098,#5099));
#1131=EDGE_LOOP('',(#5100,#5101,#5102,#5103));
#1132=EDGE_LOOP('',(#5104,#5105,#5106,#5107));
#1133=EDGE_LOOP('',(#5108,#5109,#5110,#5111));
#1134=EDGE_LOOP('',(#5112,#5113,#5114,#5115));
#1135=EDGE_LOOP('',(#5116,#5117,#5118,#5119,#5120,#5121,#5122,#5123));
#1136=EDGE_LOOP('',(#5124,#5125,#5126,#5127));
#1137=EDGE_LOOP('',(#5128,#5129,#5130,#5131));
#1138=EDGE_LOOP('',(#5132,#5133,#5134,#5135));
#1139=EDGE_LOOP('',(#5136,#5137,#5138,#5139));
#1140=EDGE_LOOP('',(#5140,#5141,#5142,#5143));
#1141=EDGE_LOOP('',(#5144,#5145,#5146,#5147));
#1142=EDGE_LOOP('',(#5148,#5149,#5150,#5151,#5152,#5153));
#1143=EDGE_LOOP('',(#5154,#5155,#5156,#5157,#5158,#5159));
#1144=EDGE_LOOP('',(#5160,#5161,#5162,#5163));
#1145=EDGE_LOOP('',(#5164,#5165,#5166));
#1146=EDGE_LOOP('',(#5167,#5168,#5169,#5170));
#1147=EDGE_LOOP('',(#5171,#5172,#5173,#5174));
#1148=EDGE_LOOP('',(#5175,#5176,#5177));
#1149=EDGE_LOOP('',(#5178,#5179,#5180,#5181));
#1150=EDGE_LOOP('',(#5182,#5183,#5184,#5185));
#1151=EDGE_LOOP('',(#5186,#5187,#5188,#5189));
#1152=EDGE_LOOP('',(#5190,#5191,#5192,#5193,#5194,#5195));
#1153=EDGE_LOOP('',(#5196,#5197,#5198,#5199));
#1154=EDGE_LOOP('',(#5200,#5201,#5202,#5203,#5204,#5205,#5206));
#1155=EDGE_LOOP('',(#5207,#5208,#5209,#5210,#5211,#5212,#5213));
#1156=EDGE_LOOP('',(#5214,#5215,#5216,#5217));
#1157=EDGE_LOOP('',(#5218,#5219,#5220,#5221));
#1158=EDGE_LOOP('',(#5222,#5223,#5224,#5225));
#1159=EDGE_LOOP('',(#5226,#5227,#5228,#5229));
#1160=EDGE_LOOP('',(#5230,#5231,#5232,#5233,#5234,#5235,#5236));
#1161=EDGE_LOOP('',(#5237,#5238,#5239,#5240));
#1162=EDGE_LOOP('',(#5241,#5242,#5243,#5244,#5245,#5246,#5247));
#1163=EDGE_LOOP('',(#5248,#5249,#5250,#5251));
#1164=EDGE_LOOP('',(#5252,#5253,#5254,#5255,#5256,#5257,#5258,#5259));
#1165=EDGE_LOOP('',(#5260,#5261,#5262,#5263));
#1166=EDGE_LOOP('',(#5264,#5265,#5266,#5267));
#1167=EDGE_LOOP('',(#5268,#5269,#5270,#5271));
#1168=EDGE_LOOP('',(#5272,#5273,#5274,#5275));
#1169=EDGE_LOOP('',(#5276,#5277,#5278,#5279));
#1170=EDGE_LOOP('',(#5280,#5281,#5282,#5283));
#1171=EDGE_LOOP('',(#5284,#5285,#5286,#5287));
#1172=EDGE_LOOP('',(#5288,#5289,#5290,#5291,#5292,#5293));
#1173=LINE('',#7586,#1722);
#1174=LINE('',#7593,#1723);
#1175=LINE('',#7611,#1724);
#1176=LINE('',#7634,#1725);
#1177=LINE('',#7657,#1726);
#1178=LINE('',#7680,#1727);
#1179=LINE('',#7703,#1728);
#1180=LINE('',#7726,#1729);
#1181=LINE('',#7749,#1730);
#1182=LINE('',#7772,#1731);
#1183=LINE('',#7795,#1732);
#1184=LINE('',#7818,#1733);
#1185=LINE('',#7862,#1734);
#1186=LINE('',#7869,#1735);
#1187=LINE('',#7887,#1736);
#1188=LINE('',#7910,#1737);
#1189=LINE('',#7933,#1738);
#1190=LINE('',#7956,#1739);
#1191=LINE('',#7979,#1740);
#1192=LINE('',#8002,#1741);
#1193=LINE('',#8032,#1742);
#1194=LINE('',#8034,#1743);
#1195=LINE('',#8036,#1744);
#1196=LINE('',#8037,#1745);
#1197=LINE('',#8055,#1746);
#1198=LINE('',#8078,#1747);
#1199=LINE('',#8086,#1748);
#1200=LINE('',#8088,#1749);
#1201=LINE('',#8089,#1750);
#1202=LINE('',#8107,#1751);
#1203=LINE('',#8115,#1752);
#1204=LINE('',#8117,#1753);
#1205=LINE('',#8118,#1754);
#1206=LINE('',#8121,#1755);
#1207=LINE('',#8123,#1756);
#1208=LINE('',#8124,#1757);
#1209=LINE('',#8126,#1758);
#1210=LINE('',#8127,#1759);
#1211=LINE('',#8132,#1760);
#1212=LINE('',#8134,#1761);
#1213=LINE('',#8136,#1762);
#1214=LINE('',#8137,#1763);
#1215=LINE('',#8147,#1764);
#1216=LINE('',#8150,#1765);
#1217=LINE('',#8153,#1766);
#1218=LINE('',#8155,#1767);
#1219=LINE('',#8156,#1768);
#1220=LINE('',#8162,#1769);
#1221=LINE('',#8165,#1770);
#1222=LINE('',#8167,#1771);
#1223=LINE('',#8168,#1772);
#1224=LINE('',#8173,#1773);
#1225=LINE('',#8177,#1774);
#1226=LINE('',#8179,#1775);
#1227=LINE('',#8180,#1776);
#1228=LINE('',#8185,#1777);
#1229=LINE('',#8188,#1778);
#1230=LINE('',#8189,#1779);
#1231=LINE('',#8193,#1780);
#1232=LINE('',#8198,#1781);
#1233=LINE('',#8203,#1782);
#1234=LINE('',#8208,#1783);
#1235=LINE('',#8213,#1784);
#1236=LINE('',#8215,#1785);
#1237=LINE('',#8217,#1786);
#1238=LINE('',#8218,#1787);
#1239=LINE('',#8222,#1788);
#1240=LINE('',#8224,#1789);
#1241=LINE('',#8226,#1790);
#1242=LINE('',#8227,#1791);
#1243=LINE('',#8232,#1792);
#1244=LINE('',#8236,#1793);
#1245=LINE('',#8238,#1794);
#1246=LINE('',#8239,#1795);
#1247=LINE('',#8244,#1796);
#1248=LINE('',#8248,#1797);
#1249=LINE('',#8250,#1798);
#1250=LINE('',#8251,#1799);
#1251=LINE('',#8301,#1800);
#1252=LINE('',#8305,#1801);
#1253=LINE('',#8307,#1802);
#1254=LINE('',#8309,#1803);
#1255=LINE('',#8312,#1804);
#1256=LINE('',#8317,#1805);
#1257=LINE('',#8319,#1806);
#1258=LINE('',#8321,#1807);
#1259=LINE('',#8322,#1808);
#1260=LINE('',#8325,#1809);
#1261=LINE('',#8327,#1810);
#1262=LINE('',#8329,#1811);
#1263=LINE('',#8330,#1812);
#1264=LINE('',#8415,#1813);
#1265=LINE('',#8427,#1814);
#1266=LINE('',#8432,#1815);
#1267=LINE('',#8434,#1816);
#1268=LINE('',#8436,#1817);
#1269=LINE('',#8438,#1818);
#1270=LINE('',#8440,#1819);
#1271=LINE('',#8444,#1820);
#1272=LINE('',#8448,#1821);
#1273=LINE('',#8452,#1822);
#1274=LINE('',#8456,#1823);
#1275=LINE('',#8460,#1824);
#1276=LINE('',#8464,#1825);
#1277=LINE('',#8468,#1826);
#1278=LINE('',#8472,#1827);
#1279=LINE('',#8476,#1828);
#1280=LINE('',#8480,#1829);
#1281=LINE('',#8505,#1830);
#1282=LINE('',#8529,#1831);
#1283=LINE('',#8553,#1832);
#1284=LINE('',#8577,#1833);
#1285=LINE('',#8601,#1834);
#1286=LINE('',#8607,#1835);
#1287=LINE('',#8610,#1836);
#1288=LINE('',#8613,#1837);
#1289=LINE('',#8615,#1838);
#1290=LINE('',#8617,#1839);
#1291=LINE('',#8619,#1840);
#1292=LINE('',#8621,#1841);
#1293=LINE('',#8623,#1842);
#1294=LINE('',#8624,#1843);
#1295=LINE('',#8630,#1844);
#1296=LINE('',#8633,#1845);
#1297=LINE('',#8636,#1846);
#1298=LINE('',#8638,#1847);
#1299=LINE('',#8640,#1848);
#1300=LINE('',#8642,#1849);
#1301=LINE('',#8644,#1850);
#1302=LINE('',#8646,#1851);
#1303=LINE('',#8647,#1852);
#1304=LINE('',#8653,#1853);
#1305=LINE('',#8656,#1854);
#1306=LINE('',#8659,#1855);
#1307=LINE('',#8661,#1856);
#1308=LINE('',#8662,#1857);
#1309=LINE('',#8668,#1858);
#1310=LINE('',#8671,#1859);
#1311=LINE('',#8674,#1860);
#1312=LINE('',#8676,#1861);
#1313=LINE('',#8677,#1862);
#1314=LINE('',#8679,#1863);
#1315=LINE('',#8681,#1864);
#1316=LINE('',#8685,#1865);
#1317=LINE('',#8687,#1866);
#1318=LINE('',#8691,#1867);
#1319=LINE('',#8694,#1868);
#1320=LINE('',#8696,#1869);
#1321=LINE('',#8698,#1870);
#1322=LINE('',#8702,#1871);
#1323=LINE('',#8707,#1872);
#1324=LINE('',#8712,#1873);
#1325=LINE('',#8713,#1874);
#1326=LINE('',#8716,#1875);
#1327=LINE('',#8717,#1876);
#1328=LINE('',#8720,#1877);
#1329=LINE('',#8723,#1878);
#1330=LINE('',#8726,#1879);
#1331=LINE('',#8727,#1880);
#1332=LINE('',#8733,#1881);
#1333=LINE('',#8736,#1882);
#1334=LINE('',#8739,#1883);
#1335=LINE('',#8741,#1884);
#1336=LINE('',#8742,#1885);
#1337=LINE('',#8747,#1886);
#1338=LINE('',#8751,#1887);
#1339=LINE('',#8753,#1888);
#1340=LINE('',#8754,#1889);
#1341=LINE('',#8760,#1890);
#1342=LINE('',#8763,#1891);
#1343=LINE('',#8766,#1892);
#1344=LINE('',#8768,#1893);
#1345=LINE('',#8769,#1894);
#1346=LINE('',#8771,#1895);
#1347=LINE('',#8773,#1896);
#1348=LINE('',#8775,#1897);
#1349=LINE('',#8779,#1898);
#1350=LINE('',#8782,#1899);
#1351=LINE('',#8784,#1900);
#1352=LINE('',#8786,#1901);
#1353=LINE('',#8790,#1902);
#1354=LINE('',#8794,#1903);
#1355=LINE('',#8797,#1904);
#1356=LINE('',#8800,#1905);
#1357=LINE('',#8801,#1906);
#1358=LINE('',#8805,#1907);
#1359=LINE('',#8807,#1908);
#1360=LINE('',#8809,#1909);
#1361=LINE('',#8810,#1910);
#1362=LINE('',#8814,#1911);
#1363=LINE('',#8818,#1912);
#1364=LINE('',#8819,#1913);
#1365=LINE('',#8820,#1914);
#1366=LINE('',#8823,#1915);
#1367=LINE('',#8827,#1916);
#1368=LINE('',#8828,#1917);
#1369=LINE('',#8832,#1918);
#1370=LINE('',#8834,#1919);
#1371=LINE('',#8836,#1920);
#1372=LINE('',#8838,#1921);
#1373=LINE('',#8850,#1922);
#1374=LINE('',#8851,#1923);
#1375=LINE('',#8863,#1924);
#1376=LINE('',#8864,#1925);
#1377=LINE('',#8869,#1926);
#1378=LINE('',#8870,#1927);
#1379=LINE('',#8872,#1928);
#1380=LINE('',#8873,#1929);
#1381=LINE('',#8878,#1930);
#1382=LINE('',#8879,#1931);
#1383=LINE('',#8882,#1932);
#1384=LINE('',#8884,#1933);
#1385=LINE('',#8886,#1934);
#1386=LINE('',#8888,#1935);
#1387=LINE('',#8889,#1936);
#1388=LINE('',#8890,#1937);
#1389=LINE('',#8891,#1938);
#1390=LINE('',#8894,#1939);
#1391=LINE('',#8896,#1940);
#1392=LINE('',#8898,#1941);
#1393=LINE('',#8900,#1942);
#1394=LINE('',#8902,#1943);
#1395=LINE('',#8904,#1944);
#1396=LINE('',#8906,#1945);
#1397=LINE('',#8908,#1946);
#1398=LINE('',#8910,#1947);
#1399=LINE('',#8911,#1948);
#1400=LINE('',#8916,#1949);
#1401=LINE('',#8919,#1950);
#1402=LINE('',#8921,#1951);
#1403=LINE('',#8922,#1952);
#1404=LINE('',#8924,#1953);
#1405=LINE('',#8926,#1954);
#1406=LINE('',#8927,#1955);
#1407=LINE('',#8931,#1956);
#1408=LINE('',#8934,#1957);
#1409=LINE('',#8936,#1958);
#1410=LINE('',#8937,#1959);
#1411=LINE('',#8939,#1960);
#1412=LINE('',#8941,#1961);
#1413=LINE('',#8943,#1962);
#1414=LINE('',#8944,#1963);
#1415=LINE('',#8946,#1964);
#1416=LINE('',#8948,#1965);
#1417=LINE('',#8949,#1966);
#1418=LINE('',#8950,#1967);
#1419=LINE('',#8955,#1968);
#1420=LINE('',#8985,#1969);
#1421=LINE('',#8988,#1970);
#1422=LINE('',#8990,#1971);
#1423=LINE('',#8991,#1972);
#1424=LINE('',#8999,#1973);
#1425=LINE('',#9003,#1974);
#1426=LINE('',#9004,#1975);
#1427=LINE('',#9008,#1976);
#1428=LINE('',#9013,#1977);
#1429=LINE('',#9016,#1978);
#1430=LINE('',#9022,#1979);
#1431=LINE('',#9024,#1980);
#1432=LINE('',#9026,#1981);
#1433=LINE('',#9027,#1982);
#1434=LINE('',#9033,#1983);
#1435=LINE('',#9035,#1984);
#1436=LINE('',#9037,#1985);
#1437=LINE('',#9039,#1986);
#1438=LINE('',#9040,#1987);
#1439=LINE('',#9041,#1988);
#1440=LINE('',#9042,#1989);
#1441=LINE('',#9043,#1990);
#1442=LINE('',#9047,#1991);
#1443=LINE('',#9049,#1992);
#1444=LINE('',#9051,#1993);
#1445=LINE('',#9052,#1994);
#1446=LINE('',#9060,#1995);
#1447=LINE('',#9062,#1996);
#1448=LINE('',#9064,#1997);
#1449=LINE('',#9068,#1998);
#1450=LINE('',#9070,#1999);
#1451=LINE('',#9072,#2000);
#1452=LINE('',#9076,#2001);
#1453=LINE('',#9078,#2002);
#1454=LINE('',#9080,#2003);
#1455=LINE('',#9082,#2004);
#1456=LINE('',#9086,#2005);
#1457=LINE('',#9087,#2006);
#1458=LINE('',#9088,#2007);
#1459=LINE('',#9095,#2008);
#1460=LINE('',#9096,#2009);
#1461=LINE('',#9097,#2010);
#1462=LINE('',#9104,#2011);
#1463=LINE('',#9105,#2012);
#1464=LINE('',#9106,#2013);
#1465=LINE('',#9110,#2014);
#1466=LINE('',#9114,#2015);
#1467=LINE('',#9115,#2016);
#1468=LINE('',#9116,#2017);
#1469=LINE('',#9118,#2018);
#1470=LINE('',#9120,#2019);
#1471=LINE('',#9121,#2020);
#1472=LINE('',#9125,#2021);
#1473=LINE('',#9126,#2022);
#1474=LINE('',#9127,#2023);
#1475=LINE('',#9134,#2024);
#1476=LINE('',#9135,#2025);
#1477=LINE('',#9136,#2026);
#1478=LINE('',#9143,#2027);
#1479=LINE('',#9144,#2028);
#1480=LINE('',#9145,#2029);
#1481=LINE('',#9150,#2030);
#1482=LINE('',#9151,#2031);
#1483=LINE('',#9155,#2032);
#1484=LINE('',#9157,#2033);
#1485=LINE('',#9161,#2034);
#1486=LINE('',#9163,#2035);
#1487=LINE('',#9167,#2036);
#1488=LINE('',#9169,#2037);
#1489=LINE('',#9177,#2038);
#1490=LINE('',#9182,#2039);
#1491=LINE('',#9186,#2040);
#1492=LINE('',#9190,#2041);
#1493=LINE('',#9194,#2042);
#1494=LINE('',#9214,#2043);
#1495=LINE('',#9218,#2044);
#1496=LINE('',#9241,#2045);
#1497=LINE('',#9242,#2046);
#1498=LINE('',#9243,#2047);
#1499=LINE('',#9244,#2048);
#1500=LINE('',#9246,#2049);
#1501=LINE('',#9248,#2050);
#1502=LINE('',#9250,#2051);
#1503=LINE('',#9251,#2052);
#1504=LINE('',#9255,#2053);
#1505=LINE('',#9256,#2054);
#1506=LINE('',#9258,#2055);
#1507=LINE('',#9260,#2056);
#1508=LINE('',#9263,#2057);
#1509=LINE('',#9265,#2058);
#1510=LINE('',#9267,#2059);
#1511=LINE('',#9270,#2060);
#1512=LINE('',#9274,#2061);
#1513=LINE('',#9276,#2062);
#1514=LINE('',#9278,#2063);
#1515=LINE('',#9297,#2064);
#1516=LINE('',#9303,#2065);
#1517=LINE('',#9308,#2066);
#1518=LINE('',#9314,#2067);
#1519=LINE('',#9319,#2068);
#1520=LINE('',#9321,#2069);
#1521=LINE('',#9323,#2070);
#1522=LINE('',#9324,#2071);
#1523=LINE('',#9328,#2072);
#1524=LINE('',#9330,#2073);
#1525=LINE('',#9332,#2074);
#1526=LINE('',#9333,#2075);
#1527=LINE('',#9337,#2076);
#1528=LINE('',#9339,#2077);
#1529=LINE('',#9341,#2078);
#1530=LINE('',#9342,#2079);
#1531=LINE('',#9346,#2080);
#1532=LINE('',#9348,#2081);
#1533=LINE('',#9350,#2082);
#1534=LINE('',#9351,#2083);
#1535=LINE('',#9355,#2084);
#1536=LINE('',#9357,#2085);
#1537=LINE('',#9359,#2086);
#1538=LINE('',#9360,#2087);
#1539=LINE('',#9364,#2088);
#1540=LINE('',#9366,#2089);
#1541=LINE('',#9368,#2090);
#1542=LINE('',#9369,#2091);
#1543=LINE('',#9373,#2092);
#1544=LINE('',#9375,#2093);
#1545=LINE('',#9377,#2094);
#1546=LINE('',#9378,#2095);
#1547=LINE('',#9382,#2096);
#1548=LINE('',#9384,#2097);
#1549=LINE('',#9386,#2098);
#1550=LINE('',#9387,#2099);
#1551=LINE('',#9391,#2100);
#1552=LINE('',#9393,#2101);
#1553=LINE('',#9395,#2102);
#1554=LINE('',#9396,#2103);
#1555=LINE('',#9400,#2104);
#1556=LINE('',#9402,#2105);
#1557=LINE('',#9404,#2106);
#1558=LINE('',#9405,#2107);
#1559=LINE('',#9408,#2108);
#1560=LINE('',#9410,#2109);
#1561=LINE('',#9411,#2110);
#1562=LINE('',#9414,#2111);
#1563=LINE('',#9416,#2112);
#1564=LINE('',#9417,#2113);
#1565=LINE('',#9419,#2114);
#1566=LINE('',#9420,#2115);
#1567=LINE('',#9421,#2116);
#1568=LINE('',#9423,#2117);
#1569=LINE('',#9425,#2118);
#1570=LINE('',#9426,#2119);
#1571=LINE('',#9427,#2120);
#1572=LINE('',#9429,#2121);
#1573=LINE('',#9431,#2122);
#1574=LINE('',#9435,#2123);
#1575=LINE('',#9436,#2124);
#1576=LINE('',#9439,#2125);
#1577=LINE('',#9441,#2126);
#1578=LINE('',#9442,#2127);
#1579=LINE('',#9445,#2128);
#1580=LINE('',#9447,#2129);
#1581=LINE('',#9448,#2130);
#1582=LINE('',#9450,#2131);
#1583=LINE('',#9451,#2132);
#1584=LINE('',#9453,#2133);
#1585=LINE('',#9455,#2134);
#1586=LINE('',#9456,#2135);
#1587=LINE('',#9458,#2136);
#1588=LINE('',#9460,#2137);
#1589=LINE('',#9464,#2138);
#1590=LINE('',#9465,#2139);
#1591=LINE('',#9466,#2140);
#1592=LINE('',#9468,#2141);
#1593=LINE('',#9469,#2142);
#1594=LINE('',#9471,#2143);
#1595=LINE('',#9477,#2144);
#1596=LINE('',#9480,#2145);
#1597=LINE('',#9483,#2146);
#1598=LINE('',#9487,#2147);
#1599=LINE('',#9489,#2148);
#1600=LINE('',#9490,#2149);
#1601=LINE('',#9493,#2150);
#1602=LINE('',#9494,#2151);
#1603=LINE('',#9498,#2152);
#1604=LINE('',#9501,#2153);
#1605=LINE('',#9503,#2154);
#1606=LINE('',#9504,#2155);
#1607=LINE('',#9507,#2156);
#1608=LINE('',#9509,#2157);
#1609=LINE('',#9510,#2158);
#1610=LINE('',#9513,#2159);
#1611=LINE('',#9514,#2160);
#1612=LINE('',#9517,#2161);
#1613=LINE('',#9518,#2162);
#1614=LINE('',#9520,#2163);
#1615=LINE('',#9521,#2164);
#1616=LINE('',#9523,#2165);
#1617=LINE('',#9532,#2166);
#1618=LINE('',#9535,#2167);
#1619=LINE('',#9538,#2168);
#1620=LINE('',#9540,#2169);
#1621=LINE('',#9542,#2170);
#1622=LINE('',#9546,#2171);
#1623=LINE('',#9547,#2172);
#1624=LINE('',#9550,#2173);
#1625=LINE('',#9551,#2174);
#1626=LINE('',#9557,#2175);
#1627=LINE('',#9560,#2176);
#1628=LINE('',#9579,#2177);
#1629=LINE('',#9580,#2178);
#1630=LINE('',#9583,#2179);
#1631=LINE('',#9585,#2180);
#1632=LINE('',#9589,#2181);
#1633=LINE('',#9591,#2182);
#1634=LINE('',#9592,#2183);
#1635=LINE('',#9595,#2184);
#1636=LINE('',#9596,#2185);
#1637=LINE('',#9599,#2186);
#1638=LINE('',#9603,#2187);
#1639=LINE('',#9604,#2188);
#1640=LINE('',#9610,#2189);
#1641=LINE('',#9613,#2190);
#1642=LINE('',#9632,#2191);
#1643=LINE('',#9633,#2192);
#1644=LINE('',#9636,#2193);
#1645=LINE('',#9638,#2194);
#1646=LINE('',#9642,#2195);
#1647=LINE('',#9644,#2196);
#1648=LINE('',#9645,#2197);
#1649=LINE('',#9648,#2198);
#1650=LINE('',#9649,#2199);
#1651=LINE('',#9652,#2200);
#1652=LINE('',#9656,#2201);
#1653=LINE('',#9657,#2202);
#1654=LINE('',#9660,#2203);
#1655=LINE('',#9662,#2204);
#1656=LINE('',#9666,#2205);
#1657=LINE('',#9667,#2206);
#1658=LINE('',#9669,#2207);
#1659=LINE('',#9672,#2208);
#1660=LINE('',#9674,#2209);
#1661=LINE('',#9675,#2210);
#1662=LINE('',#9678,#2211);
#1663=LINE('',#9681,#2212);
#1664=LINE('',#9684,#2213);
#1665=LINE('',#9685,#2214);
#1666=LINE('',#9689,#2215);
#1667=LINE('',#9692,#2216);
#1668=LINE('',#9693,#2217);
#1669=LINE('',#9696,#2218);
#1670=LINE('',#9700,#2219);
#1671=LINE('',#9701,#2220);
#1672=LINE('',#9705,#2221);
#1673=LINE('',#9707,#2222);
#1674=LINE('',#9709,#2223);
#1675=LINE('',#9710,#2224);
#1676=LINE('',#9713,#2225);
#1677=LINE('',#9715,#2226);
#1678=LINE('',#9716,#2227);
#1679=LINE('',#9719,#2228);
#1680=LINE('',#9721,#2229);
#1681=LINE('',#9722,#2230);
#1682=LINE('',#9728,#2231);
#1683=LINE('',#9731,#2232);
#1684=LINE('',#9733,#2233);
#1685=LINE('',#9734,#2234);
#1686=LINE('',#9741,#2235);
#1687=LINE('',#9743,#2236);
#1688=LINE('',#9747,#2237);
#1689=LINE('',#9750,#2238);
#1690=LINE('',#9756,#2239);
#1691=LINE('',#9759,#2240);
#1692=LINE('',#9765,#2241);
#1693=LINE('',#9766,#2242);
#1694=LINE('',#9771,#2243);
#1695=LINE('',#9772,#2244);
#1696=LINE('',#9778,#2245);
#1697=LINE('',#9781,#2246);
#1698=LINE('',#9784,#2247);
#1699=LINE('',#9786,#2248);
#1700=LINE('',#9792,#2249);
#1701=LINE('',#9796,#2250);
#1702=LINE('',#9798,#2251);
#1703=LINE('',#9799,#2252);
#1704=LINE('',#9800,#2253);
#1705=LINE('',#9801,#2254);
#1706=LINE('',#9803,#2255);
#1707=LINE('',#9804,#2256);
#1708=LINE('',#9805,#2257);
#1709=LINE('',#9809,#2258);
#1710=LINE('',#9812,#2259);
#1711=LINE('',#9814,#2260);
#1712=LINE('',#9816,#2261);
#1713=LINE('',#9820,#2262);
#1714=LINE('',#9821,#2263);
#1715=LINE('',#9823,#2264);
#1716=LINE('',#9827,#2265);
#1717=LINE('',#9828,#2266);
#1718=LINE('',#9830,#2267);
#1719=LINE('',#9832,#2268);
#1720=LINE('',#9834,#2269);
#1721=LINE('',#9836,#2270);
#1722=VECTOR('',#6092,10.);
#1723=VECTOR('',#6093,10.);
#1724=VECTOR('',#6094,10.);
#1725=VECTOR('',#6095,10.);
#1726=VECTOR('',#6096,10.);
#1727=VECTOR('',#6097,10.);
#1728=VECTOR('',#6098,10.);
#1729=VECTOR('',#6099,10.);
#1730=VECTOR('',#6100,10.);
#1731=VECTOR('',#6101,10.);
#1732=VECTOR('',#6102,10.);
#1733=VECTOR('',#6103,10.);
#1734=VECTOR('',#6104,10.);
#1735=VECTOR('',#6105,10.);
#1736=VECTOR('',#6106,10.);
#1737=VECTOR('',#6107,10.);
#1738=VECTOR('',#6108,10.);
#1739=VECTOR('',#6109,10.);
#1740=VECTOR('',#6110,10.);
#1741=VECTOR('',#6111,10.);
#1742=VECTOR('',#6116,10.);
#1743=VECTOR('',#6117,10.);
#1744=VECTOR('',#6118,10.);
#1745=VECTOR('',#6119,10.);
#1746=VECTOR('',#6120,10.);
#1747=VECTOR('',#6121,10.);
#1748=VECTOR('',#6124,10.);
#1749=VECTOR('',#6125,10.);
#1750=VECTOR('',#6126,10.);
#1751=VECTOR('',#6127,10.);
#1752=VECTOR('',#6130,10.);
#1753=VECTOR('',#6131,10.);
#1754=VECTOR('',#6132,10.);
#1755=VECTOR('',#6135,10.);
#1756=VECTOR('',#6136,10.);
#1757=VECTOR('',#6137,10.);
#1758=VECTOR('',#6140,10.);
#1759=VECTOR('',#6141,10.);
#1760=VECTOR('',#6146,10.);
#1761=VECTOR('',#6147,10.);
#1762=VECTOR('',#6148,10.);
#1763=VECTOR('',#6149,10.);
#1764=VECTOR('',#6158,10.);
#1765=VECTOR('',#6161,10.);
#1766=VECTOR('',#6164,10.);
#1767=VECTOR('',#6165,10.);
#1768=VECTOR('',#6166,10.);
#1769=VECTOR('',#6171,10.);
#1770=VECTOR('',#6174,10.);
#1771=VECTOR('',#6177,10.);
#1772=VECTOR('',#6178,10.);
#1773=VECTOR('',#6183,10.);
#1774=VECTOR('',#6188,10.);
#1775=VECTOR('',#6189,10.);
#1776=VECTOR('',#6190,10.);
#1777=VECTOR('',#6195,10.);
#1778=VECTOR('',#6200,10.);
#1779=VECTOR('',#6201,10.);
#1780=VECTOR('',#6206,2.6);
#1781=VECTOR('',#6211,2.6);
#1782=VECTOR('',#6218,2.6);
#1783=VECTOR('',#6223,2.6);
#1784=VECTOR('',#6228,10.);
#1785=VECTOR('',#6229,10.);
#1786=VECTOR('',#6230,10.);
#1787=VECTOR('',#6231,10.);
#1788=VECTOR('',#6234,10.);
#1789=VECTOR('',#6235,10.);
#1790=VECTOR('',#6236,10.);
#1791=VECTOR('',#6237,10.);
#1792=VECTOR('',#6242,10.);
#1793=VECTOR('',#6247,10.);
#1794=VECTOR('',#6248,10.);
#1795=VECTOR('',#6249,10.);
#1796=VECTOR('',#6254,10.);
#1797=VECTOR('',#6259,10.);
#1798=VECTOR('',#6260,10.);
#1799=VECTOR('',#6261,10.);
#1800=VECTOR('',#6288,10.);
#1801=VECTOR('',#6291,10.);
#1802=VECTOR('',#6292,10.);
#1803=VECTOR('',#6293,10.);
#1804=VECTOR('',#6296,10.);
#1805=VECTOR('',#6299,10.);
#1806=VECTOR('',#6300,10.);
#1807=VECTOR('',#6301,10.);
#1808=VECTOR('',#6302,10.);
#1809=VECTOR('',#6303,10.);
#1810=VECTOR('',#6304,10.);
#1811=VECTOR('',#6305,10.);
#1812=VECTOR('',#6306,10.);
#1813=VECTOR('',#6327,10.);
#1814=VECTOR('',#6328,10.);
#1815=VECTOR('',#6333,10.);
#1816=VECTOR('',#6334,10.);
#1817=VECTOR('',#6335,10.);
#1818=VECTOR('',#6336,10.);
#1819=VECTOR('',#6337,10.);
#1820=VECTOR('',#6340,10.);
#1821=VECTOR('',#6343,10.);
#1822=VECTOR('',#6346,10.);
#1823=VECTOR('',#6349,10.);
#1824=VECTOR('',#6352,10.);
#1825=VECTOR('',#6355,10.);
#1826=VECTOR('',#6358,10.);
#1827=VECTOR('',#6361,10.);
#1828=VECTOR('',#6364,10.);
#1829=VECTOR('',#6367,10.);
#1830=VECTOR('',#6372,10.);
#1831=VECTOR('',#6375,10.);
#1832=VECTOR('',#6378,10.);
#1833=VECTOR('',#6381,10.);
#1834=VECTOR('',#6384,10.);
#1835=VECTOR('',#6389,10.);
#1836=VECTOR('',#6392,10.);
#1837=VECTOR('',#6395,10.);
#1838=VECTOR('',#6396,10.);
#1839=VECTOR('',#6397,10.);
#1840=VECTOR('',#6398,10.);
#1841=VECTOR('',#6399,10.);
#1842=VECTOR('',#6400,10.);
#1843=VECTOR('',#6401,10.);
#1844=VECTOR('',#6406,10.);
#1845=VECTOR('',#6409,10.);
#1846=VECTOR('',#6412,10.);
#1847=VECTOR('',#6413,10.);
#1848=VECTOR('',#6414,10.);
#1849=VECTOR('',#6415,10.);
#1850=VECTOR('',#6416,10.);
#1851=VECTOR('',#6417,10.);
#1852=VECTOR('',#6418,10.);
#1853=VECTOR('',#6423,10.);
#1854=VECTOR('',#6426,10.);
#1855=VECTOR('',#6429,10.);
#1856=VECTOR('',#6430,10.);
#1857=VECTOR('',#6431,10.);
#1858=VECTOR('',#6436,10.);
#1859=VECTOR('',#6439,10.);
#1860=VECTOR('',#6442,10.);
#1861=VECTOR('',#6443,10.);
#1862=VECTOR('',#6444,10.);
#1863=VECTOR('',#6447,10.);
#1864=VECTOR('',#6448,10.);
#1865=VECTOR('',#6451,10.);
#1866=VECTOR('',#6452,10.);
#1867=VECTOR('',#6455,10.);
#1868=VECTOR('',#6458,10.);
#1869=VECTOR('',#6459,10.);
#1870=VECTOR('',#6460,10.);
#1871=VECTOR('',#6463,10.);
#1872=VECTOR('',#6470,10.);
#1873=VECTOR('',#6475,10.);
#1874=VECTOR('',#6476,10.);
#1875=VECTOR('',#6479,10.);
#1876=VECTOR('',#6480,10.);
#1877=VECTOR('',#6483,10.);
#1878=VECTOR('',#6486,10.);
#1879=VECTOR('',#6489,10.);
#1880=VECTOR('',#6490,10.);
#1881=VECTOR('',#6495,10.);
#1882=VECTOR('',#6498,10.);
#1883=VECTOR('',#6501,10.);
#1884=VECTOR('',#6502,10.);
#1885=VECTOR('',#6503,10.);
#1886=VECTOR('',#6508,10.);
#1887=VECTOR('',#6513,10.);
#1888=VECTOR('',#6514,10.);
#1889=VECTOR('',#6515,10.);
#1890=VECTOR('',#6520,10.);
#1891=VECTOR('',#6523,10.);
#1892=VECTOR('',#6526,10.);
#1893=VECTOR('',#6527,10.);
#1894=VECTOR('',#6528,10.);
#1895=VECTOR('',#6531,10.);
#1896=VECTOR('',#6532,10.);
#1897=VECTOR('',#6533,10.);
#1898=VECTOR('',#6536,10.);
#1899=VECTOR('',#6539,10.);
#1900=VECTOR('',#6540,10.);
#1901=VECTOR('',#6541,10.);
#1902=VECTOR('',#6544,10.);
#1903=VECTOR('',#6549,10.);
#1904=VECTOR('',#6552,10.);
#1905=VECTOR('',#6555,10.);
#1906=VECTOR('',#6556,10.);
#1907=VECTOR('',#6561,10.);
#1908=VECTOR('',#6564,10.);
#1909=VECTOR('',#6565,10.);
#1910=VECTOR('',#6566,10.);
#1911=VECTOR('',#6569,10.);
#1912=VECTOR('',#6572,10.);
#1913=VECTOR('',#6573,10.);
#1914=VECTOR('',#6574,10.);
#1915=VECTOR('',#6577,10.);
#1916=VECTOR('',#6582,10.);
#1917=VECTOR('',#6583,10.);
#1918=VECTOR('',#6588,10.);
#1919=VECTOR('',#6591,10.);
#1920=VECTOR('',#6594,10.);
#1921=VECTOR('',#6597,10.);
#1922=VECTOR('',#6610,10.);
#1923=VECTOR('',#6611,10.);
#1924=VECTOR('',#6624,10.);
#1925=VECTOR('',#6625,10.);
#1926=VECTOR('',#6630,10.);
#1927=VECTOR('',#6631,10.);
#1928=VECTOR('',#6634,10.);
#1929=VECTOR('',#6635,10.);
#1930=VECTOR('',#6640,10.);
#1931=VECTOR('',#6641,10.);
#1932=VECTOR('',#6644,10.);
#1933=VECTOR('',#6645,10.);
#1934=VECTOR('',#6646,10.);
#1935=VECTOR('',#6647,10.);
#1936=VECTOR('',#6648,10.);
#1937=VECTOR('',#6649,10.);
#1938=VECTOR('',#6650,10.);
#1939=VECTOR('',#6651,10.);
#1940=VECTOR('',#6652,10.);
#1941=VECTOR('',#6653,10.);
#1942=VECTOR('',#6654,10.);
#1943=VECTOR('',#6655,10.);
#1944=VECTOR('',#6656,10.);
#1945=VECTOR('',#6657,10.);
#1946=VECTOR('',#6658,10.);
#1947=VECTOR('',#6659,10.);
#1948=VECTOR('',#6660,10.);
#1949=VECTOR('',#6665,10.);
#1950=VECTOR('',#6668,10.);
#1951=VECTOR('',#6669,10.);
#1952=VECTOR('',#6670,10.);
#1953=VECTOR('',#6671,10.);
#1954=VECTOR('',#6672,10.);
#1955=VECTOR('',#6673,10.);
#1956=VECTOR('',#6676,10.);
#1957=VECTOR('',#6679,10.);
#1958=VECTOR('',#6680,10.);
#1959=VECTOR('',#6681,10.);
#1960=VECTOR('',#6684,10.);
#1961=VECTOR('',#6685,10.);
#1962=VECTOR('',#6686,10.);
#1963=VECTOR('',#6687,10.);
#1964=VECTOR('',#6688,10.);
#1965=VECTOR('',#6689,10.);
#1966=VECTOR('',#6690,10.);
#1967=VECTOR('',#6691,10.);
#1968=VECTOR('',#6696,10.);
#1969=VECTOR('',#6715,10.);
#1970=VECTOR('',#6718,10.);
#1971=VECTOR('',#6719,10.);
#1972=VECTOR('',#6720,10.);
#1973=VECTOR('',#6731,10.);
#1974=VECTOR('',#6736,10.);
#1975=VECTOR('',#6737,10.);
#1976=VECTOR('',#6740,10.);
#1977=VECTOR('',#6745,10.);
#1978=VECTOR('',#6750,10.);
#1979=VECTOR('',#6755,10.);
#1980=VECTOR('',#6756,10.);
#1981=VECTOR('',#6757,10.);
#1982=VECTOR('',#6758,10.);
#1983=VECTOR('',#6765,10.);
#1984=VECTOR('',#6768,10.);
#1985=VECTOR('',#6769,10.);
#1986=VECTOR('',#6770,10.);
#1987=VECTOR('',#6771,10.);
#1988=VECTOR('',#6772,10.);
#1989=VECTOR('',#6773,10.);
#1990=VECTOR('',#6774,10.);
#1991=VECTOR('',#6777,10.);
#1992=VECTOR('',#6778,10.);
#1993=VECTOR('',#6779,10.);
#1994=VECTOR('',#6780,10.);
#1995=VECTOR('',#6791,10.);
#1996=VECTOR('',#6792,10.);
#1997=VECTOR('',#6793,10.);
#1998=VECTOR('',#6796,10.);
#1999=VECTOR('',#6797,10.);
#2000=VECTOR('',#6798,10.);
#2001=VECTOR('',#6801,10.);
#2002=VECTOR('',#6802,10.);
#2003=VECTOR('',#6803,10.);
#2004=VECTOR('',#6806,10.);
#2005=VECTOR('',#6809,10.);
#2006=VECTOR('',#6810,10.);
#2007=VECTOR('',#6811,10.);
#2008=VECTOR('',#6820,10.);
#2009=VECTOR('',#6821,10.);
#2010=VECTOR('',#6822,10.);
#2011=VECTOR('',#6831,10.);
#2012=VECTOR('',#6832,10.);
#2013=VECTOR('',#6833,10.);
#2014=VECTOR('',#6836,10.);
#2015=VECTOR('',#6843,10.);
#2016=VECTOR('',#6844,10.);
#2017=VECTOR('',#6845,10.);
#2018=VECTOR('',#6846,10.);
#2019=VECTOR('',#6847,10.);
#2020=VECTOR('',#6848,10.);
#2021=VECTOR('',#6851,10.);
#2022=VECTOR('',#6852,10.);
#2023=VECTOR('',#6853,10.);
#2024=VECTOR('',#6862,10.);
#2025=VECTOR('',#6863,10.);
#2026=VECTOR('',#6864,10.);
#2027=VECTOR('',#6873,10.);
#2028=VECTOR('',#6874,10.);
#2029=VECTOR('',#6875,10.);
#2030=VECTOR('',#6884,10.);
#2031=VECTOR('',#6885,10.);
#2032=VECTOR('',#6892,10.);
#2033=VECTOR('',#6895,10.);
#2034=VECTOR('',#6902,10.);
#2035=VECTOR('',#6905,10.);
#2036=VECTOR('',#6912,10.);
#2037=VECTOR('',#6915,10.);
#2038=VECTOR('',#6926,10.);
#2039=VECTOR('',#6931,10.);
#2040=VECTOR('',#6938,10.);
#2041=VECTOR('',#6941,10.);
#2042=VECTOR('',#6944,10.);
#2043=VECTOR('',#6949,10.);
#2044=VECTOR('',#6952,10.);
#2045=VECTOR('',#6967,10.);
#2046=VECTOR('',#6968,10.);
#2047=VECTOR('',#6969,10.);
#2048=VECTOR('',#6970,10.);
#2049=VECTOR('',#6973,10.);
#2050=VECTOR('',#6976,10.);
#2051=VECTOR('',#6979,10.);
#2052=VECTOR('',#6980,10.);
#2053=VECTOR('',#6987,10.);
#2054=VECTOR('',#6988,10.);
#2055=VECTOR('',#6991,10.);
#2056=VECTOR('',#6994,10.);
#2057=VECTOR('',#6999,10.);
#2058=VECTOR('',#7002,10.);
#2059=VECTOR('',#7005,10.);
#2060=VECTOR('',#7010,10.);
#2061=VECTOR('',#7017,10.);
#2062=VECTOR('',#7020,10.);
#2063=VECTOR('',#7023,10.);
#2064=VECTOR('',#7050,3.25);
#2065=VECTOR('',#7057,3.25);
#2066=VECTOR('',#7064,2.25);
#2067=VECTOR('',#7071,2.25);
#2068=VECTOR('',#7076,10.);
#2069=VECTOR('',#7077,10.);
#2070=VECTOR('',#7078,10.);
#2071=VECTOR('',#7079,10.);
#2072=VECTOR('',#7082,10.);
#2073=VECTOR('',#7083,10.);
#2074=VECTOR('',#7084,10.);
#2075=VECTOR('',#7085,10.);
#2076=VECTOR('',#7088,10.);
#2077=VECTOR('',#7089,10.);
#2078=VECTOR('',#7090,10.);
#2079=VECTOR('',#7091,10.);
#2080=VECTOR('',#7094,10.);
#2081=VECTOR('',#7095,10.);
#2082=VECTOR('',#7096,10.);
#2083=VECTOR('',#7097,10.);
#2084=VECTOR('',#7100,10.);
#2085=VECTOR('',#7101,10.);
#2086=VECTOR('',#7102,10.);
#2087=VECTOR('',#7103,10.);
#2088=VECTOR('',#7106,10.);
#2089=VECTOR('',#7107,10.);
#2090=VECTOR('',#7108,10.);
#2091=VECTOR('',#7109,10.);
#2092=VECTOR('',#7112,10.);
#2093=VECTOR('',#7113,10.);
#2094=VECTOR('',#7114,10.);
#2095=VECTOR('',#7115,10.);
#2096=VECTOR('',#7118,10.);
#2097=VECTOR('',#7119,10.);
#2098=VECTOR('',#7120,10.);
#2099=VECTOR('',#7121,10.);
#2100=VECTOR('',#7124,10.);
#2101=VECTOR('',#7125,10.);
#2102=VECTOR('',#7126,10.);
#2103=VECTOR('',#7127,10.);
#2104=VECTOR('',#7130,10.);
#2105=VECTOR('',#7131,10.);
#2106=VECTOR('',#7132,10.);
#2107=VECTOR('',#7133,10.);
#2108=VECTOR('',#7136,10.);
#2109=VECTOR('',#7137,10.);
#2110=VECTOR('',#7138,10.);
#2111=VECTOR('',#7141,10.);
#2112=VECTOR('',#7142,10.);
#2113=VECTOR('',#7143,10.);
#2114=VECTOR('',#7146,10.);
#2115=VECTOR('',#7147,10.);
#2116=VECTOR('',#7148,10.);
#2117=VECTOR('',#7151,10.);
#2118=VECTOR('',#7154,10.);
#2119=VECTOR('',#7155,10.);
#2120=VECTOR('',#7156,10.);
#2121=VECTOR('',#7159,10.);
#2122=VECTOR('',#7162,10.);
#2123=VECTOR('',#7169,10.);
#2124=VECTOR('',#7170,10.);
#2125=VECTOR('',#7173,10.);
#2126=VECTOR('',#7174,10.);
#2127=VECTOR('',#7175,10.);
#2128=VECTOR('',#7178,10.);
#2129=VECTOR('',#7179,10.);
#2130=VECTOR('',#7180,10.);
#2131=VECTOR('',#7183,10.);
#2132=VECTOR('',#7184,10.);
#2133=VECTOR('',#7187,10.);
#2134=VECTOR('',#7190,10.);
#2135=VECTOR('',#7191,10.);
#2136=VECTOR('',#7194,10.);
#2137=VECTOR('',#7197,10.);
#2138=VECTOR('',#7202,10.);
#2139=VECTOR('',#7203,10.);
#2140=VECTOR('',#7204,10.);
#2141=VECTOR('',#7207,10.);
#2142=VECTOR('',#7208,10.);
#2143=VECTOR('',#7211,10.);
#2144=VECTOR('',#7216,10.);
#2145=VECTOR('',#7219,10.);
#2146=VECTOR('',#7222,10.);
#2147=VECTOR('',#7225,10.);
#2148=VECTOR('',#7226,10.);
#2149=VECTOR('',#7227,10.);
#2150=VECTOR('',#7230,10.);
#2151=VECTOR('',#7231,10.);
#2152=VECTOR('',#7236,10.);
#2153=VECTOR('',#7239,10.);
#2154=VECTOR('',#7240,10.);
#2155=VECTOR('',#7241,10.);
#2156=VECTOR('',#7244,10.);
#2157=VECTOR('',#7245,10.);
#2158=VECTOR('',#7246,10.);
#2159=VECTOR('',#7249,10.);
#2160=VECTOR('',#7250,10.);
#2161=VECTOR('',#7253,10.);
#2162=VECTOR('',#7254,10.);
#2163=VECTOR('',#7257,10.);
#2164=VECTOR('',#7258,10.);
#2165=VECTOR('',#7261,10.);
#2166=VECTOR('',#7272,10.);
#2167=VECTOR('',#7275,10.);
#2168=VECTOR('',#7278,10.);
#2169=VECTOR('',#7279,10.);
#2170=VECTOR('',#7280,10.);
#2171=VECTOR('',#7283,10.);
#2172=VECTOR('',#7284,10.);
#2173=VECTOR('',#7287,10.);
#2174=VECTOR('',#7288,10.);
#2175=VECTOR('',#7293,10.);
#2176=VECTOR('',#7296,10.);
#2177=VECTOR('',#7307,10.);
#2178=VECTOR('',#7308,10.);
#2179=VECTOR('',#7311,10.);
#2180=VECTOR('',#7312,10.);
#2181=VECTOR('',#7315,10.);
#2182=VECTOR('',#7316,10.);
#2183=VECTOR('',#7317,10.);
#2184=VECTOR('',#7320,10.);
#2185=VECTOR('',#7321,10.);
#2186=VECTOR('',#7324,10.);
#2187=VECTOR('',#7329,10.);
#2188=VECTOR('',#7330,10.);
#2189=VECTOR('',#7335,10.);
#2190=VECTOR('',#7338,10.);
#2191=VECTOR('',#7349,10.);
#2192=VECTOR('',#7350,10.);
#2193=VECTOR('',#7353,10.);
#2194=VECTOR('',#7354,10.);
#2195=VECTOR('',#7357,10.);
#2196=VECTOR('',#7358,10.);
#2197=VECTOR('',#7359,10.);
#2198=VECTOR('',#7362,10.);
#2199=VECTOR('',#7363,10.);
#2200=VECTOR('',#7366,10.);
#2201=VECTOR('',#7371,10.);
#2202=VECTOR('',#7372,10.);
#2203=VECTOR('',#7375,10.);
#2204=VECTOR('',#7376,10.);
#2205=VECTOR('',#7379,10.);
#2206=VECTOR('',#7380,10.);
#2207=VECTOR('',#7383,10.);
#2208=VECTOR('',#7386,10.);
#2209=VECTOR('',#7387,10.);
#2210=VECTOR('',#7388,10.);
#2211=VECTOR('',#7391,10.);
#2212=VECTOR('',#7396,10.);
#2213=VECTOR('',#7399,10.);
#2214=VECTOR('',#7400,10.);
#2215=VECTOR('',#7405,10.);
#2216=VECTOR('',#7408,10.);
#2217=VECTOR('',#7409,10.);
#2218=VECTOR('',#7412,10.);
#2219=VECTOR('',#7415,10.);
#2220=VECTOR('',#7416,10.);
#2221=VECTOR('',#7419,10.);
#2222=VECTOR('',#7420,10.);
#2223=VECTOR('',#7421,10.);
#2224=VECTOR('',#7422,10.);
#2225=VECTOR('',#7425,10.);
#2226=VECTOR('',#7426,10.);
#2227=VECTOR('',#7427,10.);
#2228=VECTOR('',#7430,10.);
#2229=VECTOR('',#7431,10.);
#2230=VECTOR('',#7432,10.);
#2231=VECTOR('',#7439,10.);
#2232=VECTOR('',#7442,10.);
#2233=VECTOR('',#7443,10.);
#2234=VECTOR('',#7444,10.);
#2235=VECTOR('',#7453,10.);
#2236=VECTOR('',#7454,10.);
#2237=VECTOR('',#7457,10.);
#2238=VECTOR('',#7460,10.);
#2239=VECTOR('',#7465,10.);
#2240=VECTOR('',#7468,10.);
#2241=VECTOR('',#7477,10.);
#2242=VECTOR('',#7478,10.);
#2243=VECTOR('',#7483,10.);
#2244=VECTOR('',#7484,10.);
#2245=VECTOR('',#7493,10.);
#2246=VECTOR('',#7496,10.);
#2247=VECTOR('',#7499,10.);
#2248=VECTOR('',#7502,10.);
#2249=VECTOR('',#7507,10.);
#2250=VECTOR('',#7510,10.);
#2251=VECTOR('',#7511,10.);
#2252=VECTOR('',#7512,10.);
#2253=VECTOR('',#7513,10.);
#2254=VECTOR('',#7514,10.);
#2255=VECTOR('',#7515,10.);
#2256=VECTOR('',#7516,10.);
#2257=VECTOR('',#7517,10.);
#2258=VECTOR('',#7522,10.);
#2259=VECTOR('',#7527,10.);
#2260=VECTOR('',#7530,10.);
#2261=VECTOR('',#7533,10.);
#2262=VECTOR('',#7538,10.);
#2263=VECTOR('',#7539,10.);
#2264=VECTOR('',#7542,10.);
#2265=VECTOR('',#7549,10.);
#2266=VECTOR('',#7550,10.);
#2267=VECTOR('',#7553,10.);
#2268=VECTOR('',#7556,10.);
#2269=VECTOR('',#7559,10.);
#2270=VECTOR('',#7562,10.);
#2271=B_SPLINE_CURVE_WITH_KNOTS('',3,(#7580,#7581,#7582,#7583,#7584),
 .UNSPECIFIED.,.F.,.F.,(4,1,4),(0.,0.167367435492354,0.285483315793657),
 .UNSPECIFIED.);
#2272=B_SPLINE_CURVE_WITH_KNOTS('',3,(#7588,#7589,#7590,#7591,#7592),
 .UNSPECIFIED.,.F.,.F.,(4,1,4),(0.,0.167367435492354,0.285483315793657),
 .UNSPECIFIED.);
#2273=B_SPLINE_CURVE_WITH_KNOTS('',3,(#7605,#7606,#7607,#7608,#7609),
 .UNSPECIFIED.,.F.,.F.,(4,1,4),(0.,0.42523837697215,0.695271704243187),
 .UNSPECIFIED.);
#2274=B_SPLINE_CURVE_WITH_KNOTS('',3,(#7612,#7613,#7614,#7615,#7616),
 .UNSPECIFIED.,.F.,.F.,(4,1,4),(0.,0.42523837697215,0.695271704243187),
 .UNSPECIFIED.);
#2275=B_SPLINE_CURVE_WITH_KNOTS('',3,(#7628,#7629,#7630,#7631,#7632),
 .UNSPECIFIED.,.F.,.F.,(4,1,4),(0.,0.287337232207762,0.718234023509378),
 .UNSPECIFIED.);
#2276=B_SPLINE_CURVE_WITH_KNOTS('',3,(#7635,#7636,#7637,#7638,#7639),
 .UNSPECIFIED.,.F.,.F.,(4,1,4),(0.,0.287337232207762,0.718234023509378),
 .UNSPECIFIED.);
#2277=B_SPLINE_CURVE_WITH_KNOTS('',3,(#7651,#7652,#7653,#7654,#7655),
 .UNSPECIFIED.,.F.,.F.,(4,1,4),(0.,0.112523404971643,0.260768238108958),
 .UNSPECIFIED.);
#2278=B_SPLINE_CURVE_WITH_KNOTS('',3,(#7658,#7659,#7660,#7661,#7662),
 .UNSPECIFIED.,.F.,.F.,(4,1,4),(0.,0.112523404971643,0.260768238108958),
 .UNSPECIFIED.);
#2279=B_SPLINE_CURVE_WITH_KNOTS('',3,(#7674,#7675,#7676,#7677,#7678),
 .UNSPECIFIED.,.F.,.F.,(4,1,4),(0.,0.095565073521293,0.191679922993646),
 .UNSPECIFIED.);
#2280=B_SPLINE_CURVE_WITH_KNOTS('',3,(#7681,#7682,#7683,#7684,#7685),
 .UNSPECIFIED.,.F.,.F.,(4,1,4),(0.,0.095565073521293,0.191679922993646),
 .UNSPECIFIED.);
#2281=B_SPLINE_CURVE_WITH_KNOTS('',3,(#7697,#7698,#7699,#7700,#7701),
 .UNSPECIFIED.,.F.,.F.,(4,1,4),(0.,0.0951161973968297,0.190400189215142),
 .UNSPECIFIED.);
#2282=B_SPLINE_CURVE_WITH_KNOTS('',3,(#7704,#7705,#7706,#7707,#7708),
 .UNSPECIFIED.,.F.,.F.,(4,1,4),(0.,0.0951161973968297,0.190400189215142),
 .UNSPECIFIED.);
#2283=B_SPLINE_CURVE_WITH_KNOTS('',3,(#7720,#7721,#7722,#7723,#7724),
 .UNSPECIFIED.,.F.,.F.,(4,1,4),(0.,0.167138108417744,0.284667415435686),
 .UNSPECIFIED.);
#2284=B_SPLINE_CURVE_WITH_KNOTS('',3,(#7727,#7728,#7729,#7730,#7731),
 .UNSPECIFIED.,.F.,.F.,(4,1,4),(0.,0.167138108417744,0.284667415435686),
 .UNSPECIFIED.);
#2285=B_SPLINE_CURVE_WITH_KNOTS('',3,(#7743,#7744,#7745,#7746,#7747),
 .UNSPECIFIED.,.F.,.F.,(4,1,4),(0.,0.42523837697215,0.695271704243187),
 .UNSPECIFIED.);
#2286=B_SPLINE_CURVE_WITH_KNOTS('',3,(#7750,#7751,#7752,#7753,#7754),
 .UNSPECIFIED.,.F.,.F.,(4,1,4),(0.,0.42523837697215,0.695271704243187),
 .UNSPECIFIED.);
#2287=B_SPLINE_CURVE_WITH_KNOTS('',3,(#7766,#7767,#7768,#7769,#7770),
 .UNSPECIFIED.,.F.,.F.,(4,1,4),(0.,0.288786060013727,0.720170869141427),
 .UNSPECIFIED.);
#2288=B_SPLINE_CURVE_WITH_KNOTS('',3,(#7773,#7774,#7775,#7776,#7777),
 .UNSPECIFIED.,.F.,.F.,(4,1,4),(0.,0.288786060013727,0.720170869141427),
 .UNSPECIFIED.);
#2289=B_SPLINE_CURVE_WITH_KNOTS('',3,(#7789,#7790,#7791,#7792,#7793),
 .UNSPECIFIED.,.F.,.F.,(4,1,4),(0.,0.112523404971643,0.260768238108958),
 .UNSPECIFIED.);
#2290=B_SPLINE_CURVE_WITH_KNOTS('',3,(#7796,#7797,#7798,#7799,#7800),
 .UNSPECIFIED.,.F.,.F.,(4,1,4),(0.,0.112523404971643,0.260768238108958),
 .UNSPECIFIED.);
#2291=B_SPLINE_CURVE_WITH_KNOTS('',3,(#7812,#7813,#7814,#7815,#7816),
 .UNSPECIFIED.,.F.,.F.,(4,1,4),(0.,0.095565073521293,0.191679922993646),
 .UNSPECIFIED.);
#2292=B_SPLINE_CURVE_WITH_KNOTS('',3,(#7819,#7820,#7821,#7822,#7823),
 .UNSPECIFIED.,.F.,.F.,(4,1,4),(0.,0.095565073521293,0.191679922993646),
 .UNSPECIFIED.);
#2293=B_SPLINE_CURVE_WITH_KNOTS('',3,(#7834,#7835,#7836,#7837,#7838),
 .UNSPECIFIED.,.F.,.F.,(4,1,4),(0.,0.0954792752371785,0.190803606318012),
 .UNSPECIFIED.);
#2294=B_SPLINE_CURVE_WITH_KNOTS('',3,(#7839,#7840,#7841,#7842,#7843),
 .UNSPECIFIED.,.F.,.F.,(4,1,4),(0.,0.0954792752371785,0.190803606318012),
 .UNSPECIFIED.);
#2295=B_SPLINE_CURVE_WITH_KNOTS('',3,(#7856,#7857,#7858,#7859,#7860),
 .UNSPECIFIED.,.F.,.F.,(4,1,4),(0.,0.698858583915587,1.21288308859046),
 .UNSPECIFIED.);
#2296=B_SPLINE_CURVE_WITH_KNOTS('',3,(#7864,#7865,#7866,#7867,#7868),
 .UNSPECIFIED.,.F.,.F.,(4,1,4),(0.,0.698858583915587,1.21288308859046),
 .UNSPECIFIED.);
#2297=B_SPLINE_CURVE_WITH_KNOTS('',3,(#7881,#7882,#7883,#7884,#7885),
 .UNSPECIFIED.,.F.,.F.,(4,1,4),(0.,0.486468620382122,1.18787766780987),
 .UNSPECIFIED.);
#2298=B_SPLINE_CURVE_WITH_KNOTS('',3,(#7888,#7889,#7890,#7891,#7892),
 .UNSPECIFIED.,.F.,.F.,(4,1,4),(0.,0.486468620382122,1.18787766780987),
 .UNSPECIFIED.);
#2299=B_SPLINE_CURVE_WITH_KNOTS('',3,(#7904,#7905,#7906,#7907,#7908),
 .UNSPECIFIED.,.F.,.F.,(4,1,4),(0.,0.385893355095823,0.767875140325942),
 .UNSPECIFIED.);
#2300=B_SPLINE_CURVE_WITH_KNOTS('',3,(#7911,#7912,#7913,#7914,#7915),
 .UNSPECIFIED.,.F.,.F.,(4,1,4),(0.,0.385893355095823,0.767875140325942),
 .UNSPECIFIED.);
#2301=B_SPLINE_CURVE_WITH_KNOTS('',3,(#7927,#7928,#7929,#7930,#7931),
 .UNSPECIFIED.,.F.,.F.,(4,1,4),(0.,0.354601126081354,0.731895640370516),
 .UNSPECIFIED.);
#2302=B_SPLINE_CURVE_WITH_KNOTS('',3,(#7934,#7935,#7936,#7937,#7938),
 .UNSPECIFIED.,.F.,.F.,(4,1,4),(0.,0.354601126081354,0.731895640370516),
 .UNSPECIFIED.);
#2303=B_SPLINE_CURVE_WITH_KNOTS('',3,(#7950,#7951,#7952,#7953,#7954),
 .UNSPECIFIED.,.F.,.F.,(4,1,4),(0.,0.701773467766512,1.21668867673233),
 .UNSPECIFIED.);
#2304=B_SPLINE_CURVE_WITH_KNOTS('',3,(#7957,#7958,#7959,#7960,#7961),
 .UNSPECIFIED.,.F.,.F.,(4,1,4),(0.,0.701773467766512,1.21668867673233),
 .UNSPECIFIED.);
#2305=B_SPLINE_CURVE_WITH_KNOTS('',3,(#7973,#7974,#7975,#7976,#7977),
 .UNSPECIFIED.,.F.,.F.,(4,1,4),(0.,0.512088089070638,1.21429866253393),
 .UNSPECIFIED.);
#2306=B_SPLINE_CURVE_WITH_KNOTS('',3,(#7980,#7981,#7982,#7983,#7984),
 .UNSPECIFIED.,.F.,.F.,(4,1,4),(0.,0.512088089070638,1.21429866253393),
 .UNSPECIFIED.);
#2307=B_SPLINE_CURVE_WITH_KNOTS('',3,(#7996,#7997,#7998,#7999,#8000),
 .UNSPECIFIED.,.F.,.F.,(4,1,4),(0.,0.377964067497123,0.735532996966532),
 .UNSPECIFIED.);
#2308=B_SPLINE_CURVE_WITH_KNOTS('',3,(#8003,#8004,#8005,#8006,#8007),
 .UNSPECIFIED.,.F.,.F.,(4,1,4),(0.,0.377964067497123,0.735532996966532),
 .UNSPECIFIED.);
#2309=B_SPLINE_CURVE_WITH_KNOTS('',3,(#8018,#8019,#8020,#8021,#8022),
 .UNSPECIFIED.,.F.,.F.,(4,1,4),(0.,0.354601126081354,0.731895640370516),
 .UNSPECIFIED.);
#2310=B_SPLINE_CURVE_WITH_KNOTS('',3,(#8023,#8024,#8025,#8026,#8027),
 .UNSPECIFIED.,.F.,.F.,(4,1,4),(0.,0.354601126081354,0.731895640370516),
 .UNSPECIFIED.);
#2311=B_SPLINE_CURVE_WITH_KNOTS('',3,(#8049,#8050,#8051,#8052,#8053),
 .UNSPECIFIED.,.F.,.F.,(4,1,4),(0.,0.30055495828141,0.579788336696535),
 .UNSPECIFIED.);
#2312=B_SPLINE_CURVE_WITH_KNOTS('',3,(#8056,#8057,#8058,#8059,#8060),
 .UNSPECIFIED.,.F.,.F.,(4,1,4),(0.,0.30055495828141,0.579788336696535),
 .UNSPECIFIED.);
#2313=B_SPLINE_CURVE_WITH_KNOTS('',3,(#8072,#8073,#8074,#8075,#8076),
 .UNSPECIFIED.,.F.,.F.,(4,1,4),(0.,0.246160225745436,0.539501155520136),
 .UNSPECIFIED.);
#2314=B_SPLINE_CURVE_WITH_KNOTS('',3,(#8079,#8080,#8081,#8082,#8083),
 .UNSPECIFIED.,.F.,.F.,(4,1,4),(0.,0.246160225745436,0.539501155520136),
 .UNSPECIFIED.);
#2315=B_SPLINE_CURVE_WITH_KNOTS('',3,(#8101,#8102,#8103,#8104,#8105),
 .UNSPECIFIED.,.F.,.F.,(4,1,4),(0.,0.408887663357967,0.826977895594095),
 .UNSPECIFIED.);
#2316=B_SPLINE_CURVE_WITH_KNOTS('',3,(#8108,#8109,#8110,#8111,#8112),
 .UNSPECIFIED.,.F.,.F.,(4,1,4),(0.,0.408887663357967,0.826977895594095),
 .UNSPECIFIED.);
#2317=B_SPLINE_CURVE_WITH_KNOTS('',3,(#8289,#8290,#8291,#8292,#8293),
 .UNSPECIFIED.,.F.,.F.,(4,1,4),(-0.354935780803179,-0.152115334629934,-2.66729281423935E-16),
 .UNSPECIFIED.);
#2318=B_SPLINE_CURVE_WITH_KNOTS('',3,(#8294,#8295,#8296,#8297,#8298),
 .UNSPECIFIED.,.F.,.F.,(4,1,4),(2.66729281423935E-16,0.152115334629934,
0.354935780803179),.UNSPECIFIED.);
#2319=B_SPLINE_CURVE_WITH_KNOTS('',3,(#8404,#8405,#8406,#8407,#8408,#8409,
#8410,#8411,#8412,#8413),.UNSPECIFIED.,.F.,.F.,(4,2,2,2,4),(0.,0.0941969058675709,
0.188393811735142,0.283371228035031,0.378348644334921),.UNSPECIFIED.);
#2320=B_SPLINE_CURVE_WITH_KNOTS('',3,(#8417,#8418,#8419,#8420,#8421,#8422,
#8423,#8424,#8425,#8426),.UNSPECIFIED.,.F.,.F.,(4,2,2,2,4),(-0.377327825348371,
-0.282845427934501,-0.188363030520632,-0.094181515260316,0.),
 .UNSPECIFIED.);
#2321=B_SPLINE_CURVE_WITH_KNOTS('',3,(#8484,#8485,#8486,#8487,#8488,#8489,
#8490,#8491,#8492,#8493),.UNSPECIFIED.,.F.,.F.,(4,2,2,2,4),(0.,0.0941815152603159,
0.188363030520632,0.282845427934501,0.377327825348371),.UNSPECIFIED.);
#2322=B_SPLINE_CURVE_WITH_KNOTS('',3,(#8495,#8496,#8497,#8498,#8499,#8500,
#8501,#8502,#8503,#8504),.UNSPECIFIED.,.F.,.F.,(4,2,2,2,4),(-0.378348644334921,
-0.283371228035031,-0.188393811735142,-0.0941969058675709,0.),
 .UNSPECIFIED.);
#2323=B_SPLINE_CURVE_WITH_KNOTS('',3,(#8508,#8509,#8510,#8511,#8512,#8513,
#8514,#8515,#8516,#8517),.UNSPECIFIED.,.F.,.F.,(4,2,2,2,4),(0.,0.0941815152603159,
0.188363030520632,0.282845427934501,0.377327825348371),.UNSPECIFIED.);
#2324=B_SPLINE_CURVE_WITH_KNOTS('',3,(#8519,#8520,#8521,#8522,#8523,#8524,
#8525,#8526,#8527,#8528),.UNSPECIFIED.,.F.,.F.,(4,2,2,2,4),(-0.378348644334921,
-0.283371228035031,-0.188393811735142,-0.0941969058675709,0.),
 .UNSPECIFIED.);
#2325=B_SPLINE_CURVE_WITH_KNOTS('',3,(#8532,#8533,#8534,#8535,#8536,#8537,
#8538,#8539,#8540,#8541),.UNSPECIFIED.,.F.,.F.,(4,2,2,2,4),(0.,0.0941969058675708,
0.188393811735142,0.283371228035031,0.378348644334921),.UNSPECIFIED.);
#2326=B_SPLINE_CURVE_WITH_KNOTS('',3,(#8543,#8544,#8545,#8546,#8547,#8548,
#8549,#8550,#8551,#8552),.UNSPECIFIED.,.F.,.F.,(4,2,2,2,4),(-0.37732782534837,
-0.282845427934501,-0.188363030520632,-0.0941815152603158,0.),
 .UNSPECIFIED.);
#2327=B_SPLINE_CURVE_WITH_KNOTS('',3,(#8556,#8557,#8558,#8559,#8560,#8561,
#8562,#8563,#8564,#8565),.UNSPECIFIED.,.F.,.F.,(4,2,2,2,4),(0.,0.0941815152603159,
0.188363030520632,0.282845427934501,0.377327825348371),.UNSPECIFIED.);
#2328=B_SPLINE_CURVE_WITH_KNOTS('',3,(#8567,#8568,#8569,#8570,#8571,#8572,
#8573,#8574,#8575,#8576),.UNSPECIFIED.,.F.,.F.,(4,2,2,2,4),(-0.378348644334921,
-0.283371228035031,-0.188393811735142,-0.0941969058675709,0.),
 .UNSPECIFIED.);
#2329=B_SPLINE_CURVE_WITH_KNOTS('',3,(#8580,#8581,#8582,#8583,#8584,#8585,
#8586,#8587,#8588,#8589),.UNSPECIFIED.,.F.,.F.,(4,2,2,2,4),(0.,0.0941969058675709,
0.188393811735142,0.283371228035031,0.378348644334921),.UNSPECIFIED.);
#2330=B_SPLINE_CURVE_WITH_KNOTS('',3,(#8591,#8592,#8593,#8594,#8595,#8596,
#8597,#8598,#8599,#8600),.UNSPECIFIED.,.F.,.F.,(4,2,2,2,4),(-0.377327825348371,
-0.282845427934501,-0.188363030520632,-0.094181515260316,0.),
 .UNSPECIFIED.);
#2331=B_SPLINE_CURVE_WITH_KNOTS('',3,(#9197,#9198,#9199,#9200,#9201,#9202,
#9203,#9204,#9205,#9206,#9207,#9208,#9209,#9210),.UNSPECIFIED.,.F.,.F.,
(4,2,2,2,2,2,4),(-0.0945143703657128,-0.0803949180159113,-0.0643828823761424,
-0.0430035443571505,-0.0220240117925605,0.,0.000441330586580477),
 .UNSPECIFIED.);
#2332=B_SPLINE_CURVE_WITH_KNOTS('',3,(#9220,#9221,#9222,#9223,#9224,#9225,
#9226,#9227,#9228,#9229,#9230,#9231,#9232,#9233),.UNSPECIFIED.,.F.,.F.,
(4,2,2,2,2,2,4),(-0.0941029102031058,-0.0936655431767384,-0.0718393275494339,
-0.051048210752559,-0.0298608791271175,-0.0139926465000468,0.),
 .UNSPECIFIED.);
#2333=VERTEX_POINT('',#7578);
#2334=VERTEX_POINT('',#7579);
#2335=VERTEX_POINT('',#7585);
#2336=VERTEX_POINT('',#7587);
#2337=VERTEX_POINT('',#7604);
#2338=VERTEX_POINT('',#7610);
#2339=VERTEX_POINT('',#7627);
#2340=VERTEX_POINT('',#7633);
#2341=VERTEX_POINT('',#7650);
#2342=VERTEX_POINT('',#7656);
#2343=VERTEX_POINT('',#7673);
#2344=VERTEX_POINT('',#7679);
#2345=VERTEX_POINT('',#7696);
#2346=VERTEX_POINT('',#7702);
#2347=VERTEX_POINT('',#7719);
#2348=VERTEX_POINT('',#7725);
#2349=VERTEX_POINT('',#7742);
#2350=VERTEX_POINT('',#7748);
#2351=VERTEX_POINT('',#7765);
#2352=VERTEX_POINT('',#7771);
#2353=VERTEX_POINT('',#7788);
#2354=VERTEX_POINT('',#7794);
#2355=VERTEX_POINT('',#7811);
#2356=VERTEX_POINT('',#7817);
#2357=VERTEX_POINT('',#7854);
#2358=VERTEX_POINT('',#7855);
#2359=VERTEX_POINT('',#7861);
#2360=VERTEX_POINT('',#7863);
#2361=VERTEX_POINT('',#7880);
#2362=VERTEX_POINT('',#7886);
#2363=VERTEX_POINT('',#7903);
#2364=VERTEX_POINT('',#7909);
#2365=VERTEX_POINT('',#7926);
#2366=VERTEX_POINT('',#7932);
#2367=VERTEX_POINT('',#7949);
#2368=VERTEX_POINT('',#7955);
#2369=VERTEX_POINT('',#7972);
#2370=VERTEX_POINT('',#7978);
#2371=VERTEX_POINT('',#7995);
#2372=VERTEX_POINT('',#8001);
#2373=VERTEX_POINT('',#8030);
#2374=VERTEX_POINT('',#8031);
#2375=VERTEX_POINT('',#8033);
#2376=VERTEX_POINT('',#8035);
#2377=VERTEX_POINT('',#8048);
#2378=VERTEX_POINT('',#8054);
#2379=VERTEX_POINT('',#8071);
#2380=VERTEX_POINT('',#8077);
#2381=VERTEX_POINT('',#8085);
#2382=VERTEX_POINT('',#8087);
#2383=VERTEX_POINT('',#8100);
#2384=VERTEX_POINT('',#8106);
#2385=VERTEX_POINT('',#8114);
#2386=VERTEX_POINT('',#8116);
#2387=VERTEX_POINT('',#8120);
#2388=VERTEX_POINT('',#8122);
#2389=VERTEX_POINT('',#8130);
#2390=VERTEX_POINT('',#8131);
#2391=VERTEX_POINT('',#8133);
#2392=VERTEX_POINT('',#8135);
#2393=VERTEX_POINT('',#8138);
#2394=VERTEX_POINT('',#8140);
#2395=VERTEX_POINT('',#8143);
#2396=VERTEX_POINT('',#8144);
#2397=VERTEX_POINT('',#8146);
#2398=VERTEX_POINT('',#8148);
#2399=VERTEX_POINT('',#8152);
#2400=VERTEX_POINT('',#8154);
#2401=VERTEX_POINT('',#8158);
#2402=VERTEX_POINT('',#8159);
#2403=VERTEX_POINT('',#8161);
#2404=VERTEX_POINT('',#8163);
#2405=VERTEX_POINT('',#8170);
#2406=VERTEX_POINT('',#8172);
#2407=VERTEX_POINT('',#8176);
#2408=VERTEX_POINT('',#8178);
#2409=VERTEX_POINT('',#8182);
#2410=VERTEX_POINT('',#8184);
#2411=VERTEX_POINT('',#8191);
#2412=VERTEX_POINT('',#8195);
#2413=VERTEX_POINT('',#8197);
#2414=VERTEX_POINT('',#8201);
#2415=VERTEX_POINT('',#8205);
#2416=VERTEX_POINT('',#8207);
#2417=VERTEX_POINT('',#8211);
#2418=VERTEX_POINT('',#8212);
#2419=VERTEX_POINT('',#8214);
#2420=VERTEX_POINT('',#8216);
#2421=VERTEX_POINT('',#8220);
#2422=VERTEX_POINT('',#8221);
#2423=VERTEX_POINT('',#8223);
#2424=VERTEX_POINT('',#8225);
#2425=VERTEX_POINT('',#8229);
#2426=VERTEX_POINT('',#8231);
#2427=VERTEX_POINT('',#8235);
#2428=VERTEX_POINT('',#8237);
#2429=VERTEX_POINT('',#8241);
#2430=VERTEX_POINT('',#8243);
#2431=VERTEX_POINT('',#8247);
#2432=VERTEX_POINT('',#8249);
#2433=VERTEX_POINT('',#8259);
#2434=VERTEX_POINT('',#8260);
#2435=VERTEX_POINT('',#8262);
#2436=VERTEX_POINT('',#8264);
#2437=VERTEX_POINT('',#8266);
#2438=VERTEX_POINT('',#8300);
#2439=VERTEX_POINT('',#8302);
#2440=VERTEX_POINT('',#8304);
#2441=VERTEX_POINT('',#8306);
#2442=VERTEX_POINT('',#8308);
#2443=VERTEX_POINT('',#8310);
#2444=VERTEX_POINT('',#8313);
#2445=VERTEX_POINT('',#8315);
#2446=VERTEX_POINT('',#8316);
#2447=VERTEX_POINT('',#8318);
#2448=VERTEX_POINT('',#8320);
#2449=VERTEX_POINT('',#8323);
#2450=VERTEX_POINT('',#8324);
#2451=VERTEX_POINT('',#8326);
#2452=VERTEX_POINT('',#8328);
#2453=VERTEX_POINT('',#8358);
#2454=VERTEX_POINT('',#8364);
#2455=VERTEX_POINT('',#8365);
#2456=VERTEX_POINT('',#8396);
#2457=VERTEX_POINT('',#8402);
#2458=VERTEX_POINT('',#8403);
#2459=VERTEX_POINT('',#8414);
#2460=VERTEX_POINT('',#8416);
#2461=VERTEX_POINT('',#8429);
#2462=VERTEX_POINT('',#8431);
#2463=VERTEX_POINT('',#8433);
#2464=VERTEX_POINT('',#8435);
#2465=VERTEX_POINT('',#8437);
#2466=VERTEX_POINT('',#8439);
#2467=VERTEX_POINT('',#8441);
#2468=VERTEX_POINT('',#8443);
#2469=VERTEX_POINT('',#8445);
#2470=VERTEX_POINT('',#8447);
#2471=VERTEX_POINT('',#8449);
#2472=VERTEX_POINT('',#8451);
#2473=VERTEX_POINT('',#8453);
#2474=VERTEX_POINT('',#8455);
#2475=VERTEX_POINT('',#8457);
#2476=VERTEX_POINT('',#8459);
#2477=VERTEX_POINT('',#8461);
#2478=VERTEX_POINT('',#8463);
#2479=VERTEX_POINT('',#8465);
#2480=VERTEX_POINT('',#8467);
#2481=VERTEX_POINT('',#8469);
#2482=VERTEX_POINT('',#8471);
#2483=VERTEX_POINT('',#8474);
#2484=VERTEX_POINT('',#8475);
#2485=VERTEX_POINT('',#8477);
#2486=VERTEX_POINT('',#8479);
#2487=VERTEX_POINT('',#8483);
#2488=VERTEX_POINT('',#8494);
#2489=VERTEX_POINT('',#8507);
#2490=VERTEX_POINT('',#8518);
#2491=VERTEX_POINT('',#8531);
#2492=VERTEX_POINT('',#8542);
#2493=VERTEX_POINT('',#8555);
#2494=VERTEX_POINT('',#8566);
#2495=VERTEX_POINT('',#8579);
#2496=VERTEX_POINT('',#8590);
#2497=VERTEX_POINT('',#8603);
#2498=VERTEX_POINT('',#8604);
#2499=VERTEX_POINT('',#8606);
#2500=VERTEX_POINT('',#8608);
#2501=VERTEX_POINT('',#8612);
#2502=VERTEX_POINT('',#8614);
#2503=VERTEX_POINT('',#8616);
#2504=VERTEX_POINT('',#8618);
#2505=VERTEX_POINT('',#8620);
#2506=VERTEX_POINT('',#8622);
#2507=VERTEX_POINT('',#8626);
#2508=VERTEX_POINT('',#8627);
#2509=VERTEX_POINT('',#8629);
#2510=VERTEX_POINT('',#8631);
#2511=VERTEX_POINT('',#8635);
#2512=VERTEX_POINT('',#8637);
#2513=VERTEX_POINT('',#8639);
#2514=VERTEX_POINT('',#8641);
#2515=VERTEX_POINT('',#8643);
#2516=VERTEX_POINT('',#8645);
#2517=VERTEX_POINT('',#8649);
#2518=VERTEX_POINT('',#8650);
#2519=VERTEX_POINT('',#8652);
#2520=VERTEX_POINT('',#8654);
#2521=VERTEX_POINT('',#8658);
#2522=VERTEX_POINT('',#8660);
#2523=VERTEX_POINT('',#8664);
#2524=VERTEX_POINT('',#8665);
#2525=VERTEX_POINT('',#8667);
#2526=VERTEX_POINT('',#8669);
#2527=VERTEX_POINT('',#8673);
#2528=VERTEX_POINT('',#8675);
#2529=VERTEX_POINT('',#8680);
#2530=VERTEX_POINT('',#8682);
#2531=VERTEX_POINT('',#8684);
#2532=VERTEX_POINT('',#8686);
#2533=VERTEX_POINT('',#8688);
#2534=VERTEX_POINT('',#8690);
#2535=VERTEX_POINT('',#8693);
#2536=VERTEX_POINT('',#8695);
#2537=VERTEX_POINT('',#8697);
#2538=VERTEX_POINT('',#8699);
#2539=VERTEX_POINT('',#8701);
#2540=VERTEX_POINT('',#8705);
#2541=VERTEX_POINT('',#8709);
#2542=VERTEX_POINT('',#8710);
#2543=VERTEX_POINT('',#8715);
#2544=VERTEX_POINT('',#8719);
#2545=VERTEX_POINT('',#8721);
#2546=VERTEX_POINT('',#8725);
#2547=VERTEX_POINT('',#8729);
#2548=VERTEX_POINT('',#8730);
#2549=VERTEX_POINT('',#8732);
#2550=VERTEX_POINT('',#8734);
#2551=VERTEX_POINT('',#8738);
#2552=VERTEX_POINT('',#8740);
#2553=VERTEX_POINT('',#8744);
#2554=VERTEX_POINT('',#8746);
#2555=VERTEX_POINT('',#8750);
#2556=VERTEX_POINT('',#8752);
#2557=VERTEX_POINT('',#8756);
#2558=VERTEX_POINT('',#8757);
#2559=VERTEX_POINT('',#8759);
#2560=VERTEX_POINT('',#8761);
#2561=VERTEX_POINT('',#8765);
#2562=VERTEX_POINT('',#8767);
#2563=VERTEX_POINT('',#8772);
#2564=VERTEX_POINT('',#8774);
#2565=VERTEX_POINT('',#8776);
#2566=VERTEX_POINT('',#8778);
#2567=VERTEX_POINT('',#8781);
#2568=VERTEX_POINT('',#8783);
#2569=VERTEX_POINT('',#8785);
#2570=VERTEX_POINT('',#8787);
#2571=VERTEX_POINT('',#8789);
#2572=VERTEX_POINT('',#8793);
#2573=VERTEX_POINT('',#8795);
#2574=VERTEX_POINT('',#8799);
#2575=VERTEX_POINT('',#8803);
#2576=VERTEX_POINT('',#8808);
#2577=VERTEX_POINT('',#8811);
#2578=VERTEX_POINT('',#8813);
#2579=VERTEX_POINT('',#8815);
#2580=VERTEX_POINT('',#8817);
#2581=VERTEX_POINT('',#8822);
#2582=VERTEX_POINT('',#8826);
#2583=VERTEX_POINT('',#8830);
#2584=VERTEX_POINT('',#8840);
#2585=VERTEX_POINT('',#8841);
#2586=VERTEX_POINT('',#8843);
#2587=VERTEX_POINT('',#8847);
#2588=VERTEX_POINT('',#8848);
#2589=VERTEX_POINT('',#8853);
#2590=VERTEX_POINT('',#8854);
#2591=VERTEX_POINT('',#8856);
#2592=VERTEX_POINT('',#8860);
#2593=VERTEX_POINT('',#8861);
#2594=VERTEX_POINT('',#8866);
#2595=VERTEX_POINT('',#8867);
#2596=VERTEX_POINT('',#8875);
#2597=VERTEX_POINT('',#8876);
#2598=VERTEX_POINT('',#8881);
#2599=VERTEX_POINT('',#8883);
#2600=VERTEX_POINT('',#8885);
#2601=VERTEX_POINT('',#8887);
#2602=VERTEX_POINT('',#8892);
#2603=VERTEX_POINT('',#8893);
#2604=VERTEX_POINT('',#8895);
#2605=VERTEX_POINT('',#8897);
#2606=VERTEX_POINT('',#8899);
#2607=VERTEX_POINT('',#8901);
#2608=VERTEX_POINT('',#8903);
#2609=VERTEX_POINT('',#8905);
#2610=VERTEX_POINT('',#8907);
#2611=VERTEX_POINT('',#8909);
#2612=VERTEX_POINT('',#8913);
#2613=VERTEX_POINT('',#8915);
#2614=VERTEX_POINT('',#8918);
#2615=VERTEX_POINT('',#8920);
#2616=VERTEX_POINT('',#8923);
#2617=VERTEX_POINT('',#8925);
#2618=VERTEX_POINT('',#8928);
#2619=VERTEX_POINT('',#8930);
#2620=VERTEX_POINT('',#8933);
#2621=VERTEX_POINT('',#8935);
#2622=VERTEX_POINT('',#8940);
#2623=VERTEX_POINT('',#8942);
#2624=VERTEX_POINT('',#8945);
#2625=VERTEX_POINT('',#8947);
#2626=VERTEX_POINT('',#8952);
#2627=VERTEX_POINT('',#8954);
#2628=VERTEX_POINT('',#8979);
#2629=VERTEX_POINT('',#8983);
#2630=VERTEX_POINT('',#8987);
#2631=VERTEX_POINT('',#8989);
#2632=VERTEX_POINT('',#8992);
#2633=VERTEX_POINT('',#8998);
#2634=VERTEX_POINT('',#9002);
#2635=VERTEX_POINT('',#9005);
#2636=VERTEX_POINT('',#9007);
#2637=VERTEX_POINT('',#9010);
#2638=VERTEX_POINT('',#9012);
#2639=VERTEX_POINT('',#9017);
#2640=VERTEX_POINT('',#9020);
#2641=VERTEX_POINT('',#9021);
#2642=VERTEX_POINT('',#9023);
#2643=VERTEX_POINT('',#9025);
#2644=VERTEX_POINT('',#9029);
#2645=VERTEX_POINT('',#9031);
#2646=VERTEX_POINT('',#9036);
#2647=VERTEX_POINT('',#9038);
#2648=VERTEX_POINT('',#9045);
#2649=VERTEX_POINT('',#9046);
#2650=VERTEX_POINT('',#9048);
#2651=VERTEX_POINT('',#9050);
#2652=VERTEX_POINT('',#9057);
#2653=VERTEX_POINT('',#9059);
#2654=VERTEX_POINT('',#9061);
#2655=VERTEX_POINT('',#9063);
#2656=VERTEX_POINT('',#9065);
#2657=VERTEX_POINT('',#9067);
#2658=VERTEX_POINT('',#9069);
#2659=VERTEX_POINT('',#9071);
#2660=VERTEX_POINT('',#9073);
#2661=VERTEX_POINT('',#9075);
#2662=VERTEX_POINT('',#9077);
#2663=VERTEX_POINT('',#9079);
#2664=VERTEX_POINT('',#9084);
#2665=VERTEX_POINT('',#9085);
#2666=VERTEX_POINT('',#9093);
#2667=VERTEX_POINT('',#9094);
#2668=VERTEX_POINT('',#9102);
#2669=VERTEX_POINT('',#9103);
#2670=VERTEX_POINT('',#9108);
#2671=VERTEX_POINT('',#9109);
#2672=VERTEX_POINT('',#9117);
#2673=VERTEX_POINT('',#9119);
#2674=VERTEX_POINT('',#9123);
#2675=VERTEX_POINT('',#9124);
#2676=VERTEX_POINT('',#9132);
#2677=VERTEX_POINT('',#9133);
#2678=VERTEX_POINT('',#9141);
#2679=VERTEX_POINT('',#9142);
#2680=VERTEX_POINT('',#9174);
#2681=VERTEX_POINT('',#9176);
#2682=VERTEX_POINT('',#9180);
#2683=VERTEX_POINT('',#9181);
#2684=VERTEX_POINT('',#9188);
#2685=VERTEX_POINT('',#9189);
#2686=VERTEX_POINT('',#9191);
#2687=VERTEX_POINT('',#9193);
#2688=VERTEX_POINT('',#9195);
#2689=VERTEX_POINT('',#9212);
#2690=VERTEX_POINT('',#9213);
#2691=VERTEX_POINT('',#9215);
#2692=VERTEX_POINT('',#9217);
#2693=VERTEX_POINT('',#9219);
#2694=VERTEX_POINT('',#9282);
#2695=VERTEX_POINT('',#9286);
#2696=VERTEX_POINT('',#9290);
#2697=VERTEX_POINT('',#9292);
#2698=VERTEX_POINT('',#9295);
#2699=VERTEX_POINT('',#9300);
#2700=VERTEX_POINT('',#9302);
#2701=VERTEX_POINT('',#9307);
#2702=VERTEX_POINT('',#9311);
#2703=VERTEX_POINT('',#9313);
#2704=VERTEX_POINT('',#9317);
#2705=VERTEX_POINT('',#9318);
#2706=VERTEX_POINT('',#9320);
#2707=VERTEX_POINT('',#9322);
#2708=VERTEX_POINT('',#9326);
#2709=VERTEX_POINT('',#9327);
#2710=VERTEX_POINT('',#9329);
#2711=VERTEX_POINT('',#9331);
#2712=VERTEX_POINT('',#9335);
#2713=VERTEX_POINT('',#9336);
#2714=VERTEX_POINT('',#9338);
#2715=VERTEX_POINT('',#9340);
#2716=VERTEX_POINT('',#9344);
#2717=VERTEX_POINT('',#9345);
#2718=VERTEX_POINT('',#9347);
#2719=VERTEX_POINT('',#9349);
#2720=VERTEX_POINT('',#9353);
#2721=VERTEX_POINT('',#9354);
#2722=VERTEX_POINT('',#9356);
#2723=VERTEX_POINT('',#9358);
#2724=VERTEX_POINT('',#9362);
#2725=VERTEX_POINT('',#9363);
#2726=VERTEX_POINT('',#9365);
#2727=VERTEX_POINT('',#9367);
#2728=VERTEX_POINT('',#9371);
#2729=VERTEX_POINT('',#9372);
#2730=VERTEX_POINT('',#9374);
#2731=VERTEX_POINT('',#9376);
#2732=VERTEX_POINT('',#9380);
#2733=VERTEX_POINT('',#9381);
#2734=VERTEX_POINT('',#9383);
#2735=VERTEX_POINT('',#9385);
#2736=VERTEX_POINT('',#9389);
#2737=VERTEX_POINT('',#9390);
#2738=VERTEX_POINT('',#9392);
#2739=VERTEX_POINT('',#9394);
#2740=VERTEX_POINT('',#9398);
#2741=VERTEX_POINT('',#9399);
#2742=VERTEX_POINT('',#9401);
#2743=VERTEX_POINT('',#9403);
#2744=VERTEX_POINT('',#9407);
#2745=VERTEX_POINT('',#9409);
#2746=VERTEX_POINT('',#9413);
#2747=VERTEX_POINT('',#9415);
#2748=VERTEX_POINT('',#9438);
#2749=VERTEX_POINT('',#9440);
#2750=VERTEX_POINT('',#9444);
#2751=VERTEX_POINT('',#9446);
#2752=VERTEX_POINT('',#9463);
#2753=VERTEX_POINT('',#9473);
#2754=VERTEX_POINT('',#9474);
#2755=VERTEX_POINT('',#9476);
#2756=VERTEX_POINT('',#9478);
#2757=VERTEX_POINT('',#9482);
#2758=VERTEX_POINT('',#9484);
#2759=VERTEX_POINT('',#9486);
#2760=VERTEX_POINT('',#9488);
#2761=VERTEX_POINT('',#9492);
#2762=VERTEX_POINT('',#9496);
#2763=VERTEX_POINT('',#9500);
#2764=VERTEX_POINT('',#9502);
#2765=VERTEX_POINT('',#9506);
#2766=VERTEX_POINT('',#9508);
#2767=VERTEX_POINT('',#9512);
#2768=VERTEX_POINT('',#9516);
#2769=VERTEX_POINT('',#9528);
#2770=VERTEX_POINT('',#9529);
#2771=VERTEX_POINT('',#9531);
#2772=VERTEX_POINT('',#9533);
#2773=VERTEX_POINT('',#9537);
#2774=VERTEX_POINT('',#9539);
#2775=VERTEX_POINT('',#9541);
#2776=VERTEX_POINT('',#9543);
#2777=VERTEX_POINT('',#9545);
#2778=VERTEX_POINT('',#9549);
#2779=VERTEX_POINT('',#9553);
#2780=VERTEX_POINT('',#9554);
#2781=VERTEX_POINT('',#9556);
#2782=VERTEX_POINT('',#9558);
#2783=VERTEX_POINT('',#9570);
#2784=VERTEX_POINT('',#9572);
#2785=VERTEX_POINT('',#9576);
#2786=VERTEX_POINT('',#9577);
#2787=VERTEX_POINT('',#9582);
#2788=VERTEX_POINT('',#9584);
#2789=VERTEX_POINT('',#9586);
#2790=VERTEX_POINT('',#9588);
#2791=VERTEX_POINT('',#9590);
#2792=VERTEX_POINT('',#9594);
#2793=VERTEX_POINT('',#9598);
#2794=VERTEX_POINT('',#9602);
#2795=VERTEX_POINT('',#9606);
#2796=VERTEX_POINT('',#9607);
#2797=VERTEX_POINT('',#9609);
#2798=VERTEX_POINT('',#9611);
#2799=VERTEX_POINT('',#9623);
#2800=VERTEX_POINT('',#9625);
#2801=VERTEX_POINT('',#9629);
#2802=VERTEX_POINT('',#9630);
#2803=VERTEX_POINT('',#9635);
#2804=VERTEX_POINT('',#9637);
#2805=VERTEX_POINT('',#9639);
#2806=VERTEX_POINT('',#9641);
#2807=VERTEX_POINT('',#9643);
#2808=VERTEX_POINT('',#9647);
#2809=VERTEX_POINT('',#9651);
#2810=VERTEX_POINT('',#9655);
#2811=VERTEX_POINT('',#9659);
#2812=VERTEX_POINT('',#9661);
#2813=VERTEX_POINT('',#9663);
#2814=VERTEX_POINT('',#9665);
#2815=VERTEX_POINT('',#9671);
#2816=VERTEX_POINT('',#9673);
#2817=VERTEX_POINT('',#9677);
#2818=VERTEX_POINT('',#9683);
#2819=VERTEX_POINT('',#9687);
#2820=VERTEX_POINT('',#9691);
#2821=VERTEX_POINT('',#9695);
#2822=VERTEX_POINT('',#9697);
#2823=VERTEX_POINT('',#9699);
#2824=VERTEX_POINT('',#9703);
#2825=VERTEX_POINT('',#9704);
#2826=VERTEX_POINT('',#9706);
#2827=VERTEX_POINT('',#9708);
#2828=VERTEX_POINT('',#9712);
#2829=VERTEX_POINT('',#9714);
#2830=VERTEX_POINT('',#9718);
#2831=VERTEX_POINT('',#9720);
#2832=VERTEX_POINT('',#9724);
#2833=VERTEX_POINT('',#9726);
#2834=VERTEX_POINT('',#9730);
#2835=VERTEX_POINT('',#9732);
#2836=VERTEX_POINT('',#9739);
#2837=VERTEX_POINT('',#9740);
#2838=VERTEX_POINT('',#9742);
#2839=VERTEX_POINT('',#9744);
#2840=VERTEX_POINT('',#9746);
#2841=VERTEX_POINT('',#9748);
#2842=VERTEX_POINT('',#9752);
#2843=VERTEX_POINT('',#9753);
#2844=VERTEX_POINT('',#9755);
#2845=VERTEX_POINT('',#9757);
#2846=VERTEX_POINT('',#9761);
#2847=VERTEX_POINT('',#9768);
#2848=VERTEX_POINT('',#9769);
#2849=VERTEX_POINT('',#9774);
#2850=VERTEX_POINT('',#9780);
#2851=VERTEX_POINT('',#9782);
#2852=VERTEX_POINT('',#9788);
#2853=VERTEX_POINT('',#9789);
#2854=VERTEX_POINT('',#9791);
#2855=VERTEX_POINT('',#9793);
#2856=VERTEX_POINT('',#9795);
#2857=VERTEX_POINT('',#9797);
#2858=VERTEX_POINT('',#9802);
#2859=VERTEX_POINT('',#9807);
#2860=VERTEX_POINT('',#9819);
#2861=EDGE_CURVE('',#2333,#2334,#2271,.T.);
#2862=EDGE_CURVE('',#2333,#2335,#1173,.T.);
#2863=EDGE_CURVE('',#2335,#2336,#2272,.T.);
#2864=EDGE_CURVE('',#2334,#2336,#1174,.T.);
#2865=EDGE_CURVE('',#2337,#2333,#2273,.T.);
#2866=EDGE_CURVE('',#2337,#2338,#1175,.T.);
#2867=EDGE_CURVE('',#2338,#2335,#2274,.T.);
#2868=EDGE_CURVE('',#2339,#2337,#2275,.T.);
#2869=EDGE_CURVE('',#2339,#2340,#1176,.T.);
#2870=EDGE_CURVE('',#2340,#2338,#2276,.T.);
#2871=EDGE_CURVE('',#2341,#2339,#2277,.T.);
#2872=EDGE_CURVE('',#2341,#2342,#1177,.T.);
#2873=EDGE_CURVE('',#2342,#2340,#2278,.T.);
#2874=EDGE_CURVE('',#2343,#2341,#2279,.T.);
#2875=EDGE_CURVE('',#2343,#2344,#1178,.T.);
#2876=EDGE_CURVE('',#2344,#2342,#2280,.T.);
#2877=EDGE_CURVE('',#2345,#2343,#2281,.T.);
#2878=EDGE_CURVE('',#2345,#2346,#1179,.T.);
#2879=EDGE_CURVE('',#2346,#2344,#2282,.T.);
#2880=EDGE_CURVE('',#2347,#2345,#2283,.T.);
#2881=EDGE_CURVE('',#2347,#2348,#1180,.T.);
#2882=EDGE_CURVE('',#2348,#2346,#2284,.T.);
#2883=EDGE_CURVE('',#2349,#2347,#2285,.T.);
#2884=EDGE_CURVE('',#2349,#2350,#1181,.T.);
#2885=EDGE_CURVE('',#2350,#2348,#2286,.T.);
#2886=EDGE_CURVE('',#2351,#2349,#2287,.T.);
#2887=EDGE_CURVE('',#2351,#2352,#1182,.T.);
#2888=EDGE_CURVE('',#2352,#2350,#2288,.T.);
#2889=EDGE_CURVE('',#2353,#2351,#2289,.T.);
#2890=EDGE_CURVE('',#2353,#2354,#1183,.T.);
#2891=EDGE_CURVE('',#2354,#2352,#2290,.T.);
#2892=EDGE_CURVE('',#2355,#2353,#2291,.T.);
#2893=EDGE_CURVE('',#2355,#2356,#1184,.T.);
#2894=EDGE_CURVE('',#2356,#2354,#2292,.T.);
#2895=EDGE_CURVE('',#2334,#2355,#2293,.T.);
#2896=EDGE_CURVE('',#2336,#2356,#2294,.T.);
#2897=EDGE_CURVE('',#2357,#2358,#2295,.T.);
#2898=EDGE_CURVE('',#2357,#2359,#1185,.T.);
#2899=EDGE_CURVE('',#2359,#2360,#2296,.T.);
#2900=EDGE_CURVE('',#2358,#2360,#1186,.T.);
#2901=EDGE_CURVE('',#2361,#2357,#2297,.T.);
#2902=EDGE_CURVE('',#2361,#2362,#1187,.T.);
#2903=EDGE_CURVE('',#2362,#2359,#2298,.T.);
#2904=EDGE_CURVE('',#2363,#2361,#2299,.T.);
#2905=EDGE_CURVE('',#2363,#2364,#1188,.T.);
#2906=EDGE_CURVE('',#2364,#2362,#2300,.T.);
#2907=EDGE_CURVE('',#2365,#2363,#2301,.T.);
#2908=EDGE_CURVE('',#2365,#2366,#1189,.T.);
#2909=EDGE_CURVE('',#2366,#2364,#2302,.T.);
#2910=EDGE_CURVE('',#2367,#2365,#2303,.T.);
#2911=EDGE_CURVE('',#2367,#2368,#1190,.T.);
#2912=EDGE_CURVE('',#2368,#2366,#2304,.T.);
#2913=EDGE_CURVE('',#2369,#2367,#2305,.T.);
#2914=EDGE_CURVE('',#2369,#2370,#1191,.T.);
#2915=EDGE_CURVE('',#2370,#2368,#2306,.T.);
#2916=EDGE_CURVE('',#2371,#2369,#2307,.T.);
#2917=EDGE_CURVE('',#2371,#2372,#1192,.T.);
#2918=EDGE_CURVE('',#2372,#2370,#2308,.T.);
#2919=EDGE_CURVE('',#2358,#2371,#2309,.T.);
#2920=EDGE_CURVE('',#2360,#2372,#2310,.T.);
#2921=EDGE_CURVE('',#2373,#2374,#1193,.T.);
#2922=EDGE_CURVE('',#2373,#2375,#1194,.T.);
#2923=EDGE_CURVE('',#2375,#2376,#1195,.T.);
#2924=EDGE_CURVE('',#2374,#2376,#1196,.T.);
#2925=EDGE_CURVE('',#2377,#2373,#2311,.T.);
#2926=EDGE_CURVE('',#2377,#2378,#1197,.T.);
#2927=EDGE_CURVE('',#2378,#2375,#2312,.T.);
#2928=EDGE_CURVE('',#2379,#2377,#2313,.T.);
#2929=EDGE_CURVE('',#2379,#2380,#1198,.T.);
#2930=EDGE_CURVE('',#2380,#2378,#2314,.T.);
#2931=EDGE_CURVE('',#2381,#2379,#1199,.T.);
#2932=EDGE_CURVE('',#2381,#2382,#1200,.T.);
#2933=EDGE_CURVE('',#2382,#2380,#1201,.T.);
#2934=EDGE_CURVE('',#2383,#2381,#2315,.T.);
#2935=EDGE_CURVE('',#2383,#2384,#1202,.T.);
#2936=EDGE_CURVE('',#2384,#2382,#2316,.T.);
#2937=EDGE_CURVE('',#2385,#2383,#1203,.T.);
#2938=EDGE_CURVE('',#2385,#2386,#1204,.T.);
#2939=EDGE_CURVE('',#2386,#2384,#1205,.T.);
#2940=EDGE_CURVE('',#2387,#2385,#1206,.T.);
#2941=EDGE_CURVE('',#2387,#2388,#1207,.T.);
#2942=EDGE_CURVE('',#2388,#2386,#1208,.T.);
#2943=EDGE_CURVE('',#2374,#2387,#1209,.T.);
#2944=EDGE_CURVE('',#2376,#2388,#1210,.T.);
#2945=EDGE_CURVE('',#2389,#2390,#1211,.T.);
#2946=EDGE_CURVE('',#2391,#2389,#1212,.T.);
#2947=EDGE_CURVE('',#2391,#2392,#1213,.T.);
#2948=EDGE_CURVE('',#2390,#2392,#1214,.T.);
#2949=EDGE_CURVE('',#2393,#2393,#127,.T.);
#2950=EDGE_CURVE('',#2394,#2394,#128,.T.);
#2951=EDGE_CURVE('',#2395,#2396,#129,.T.);
#2952=EDGE_CURVE('',#2396,#2397,#1215,.T.);
#2953=EDGE_CURVE('',#2397,#2398,#130,.T.);
#2954=EDGE_CURVE('',#2398,#2395,#1216,.T.);
#2955=EDGE_CURVE('',#2399,#2396,#1217,.T.);
#2956=EDGE_CURVE('',#2400,#2399,#1218,.T.);
#2957=EDGE_CURVE('',#2397,#2400,#1219,.T.);
#2958=EDGE_CURVE('',#2401,#2402,#131,.T.);
#2959=EDGE_CURVE('',#2402,#2403,#1220,.T.);
#2960=EDGE_CURVE('',#2403,#2404,#132,.T.);
#2961=EDGE_CURVE('',#2404,#2401,#1221,.T.);
#2962=EDGE_CURVE('',#2403,#2398,#1222,.T.);
#2963=EDGE_CURVE('',#2395,#2402,#1223,.T.);
#2964=EDGE_CURVE('',#2399,#2405,#133,.T.);
#2965=EDGE_CURVE('',#2405,#2406,#1224,.T.);
#2966=EDGE_CURVE('',#2406,#2400,#134,.T.);
#2967=EDGE_CURVE('',#2407,#2405,#1225,.T.);
#2968=EDGE_CURVE('',#2408,#2407,#1226,.T.);
#2969=EDGE_CURVE('',#2406,#2408,#1227,.T.);
#2970=EDGE_CURVE('',#2407,#2409,#135,.T.);
#2971=EDGE_CURVE('',#2409,#2410,#1228,.T.);
#2972=EDGE_CURVE('',#2410,#2408,#136,.T.);
#2973=EDGE_CURVE('',#2410,#2404,#1229,.T.);
#2974=EDGE_CURVE('',#2401,#2409,#1230,.T.);
#2975=EDGE_CURVE('',#2411,#2411,#137,.T.);
#2976=EDGE_CURVE('',#2411,#2394,#1231,.T.);
#2977=EDGE_CURVE('',#2412,#2412,#138,.T.);
#2978=EDGE_CURVE('',#2412,#2413,#1232,.T.);
#2979=EDGE_CURVE('',#2413,#2413,#139,.T.);
#2980=EDGE_CURVE('',#2414,#2414,#140,.T.);
#2981=EDGE_CURVE('',#2414,#2393,#1233,.T.);
#2982=EDGE_CURVE('',#2415,#2415,#141,.T.);
#2983=EDGE_CURVE('',#2415,#2416,#1234,.T.);
#2984=EDGE_CURVE('',#2416,#2416,#142,.T.);
#2985=EDGE_CURVE('',#2417,#2418,#1235,.T.);
#2986=EDGE_CURVE('',#2419,#2417,#1236,.T.);
#2987=EDGE_CURVE('',#2420,#2419,#1237,.T.);
#2988=EDGE_CURVE('',#2418,#2420,#1238,.T.);
#2989=EDGE_CURVE('',#2421,#2422,#1239,.T.);
#2990=EDGE_CURVE('',#2423,#2421,#1240,.T.);
#2991=EDGE_CURVE('',#2424,#2423,#1241,.T.);
#2992=EDGE_CURVE('',#2422,#2424,#1242,.T.);
#2993=EDGE_CURVE('',#2423,#2425,#143,.T.);
#2994=EDGE_CURVE('',#2425,#2426,#1243,.T.);
#2995=EDGE_CURVE('',#2426,#2424,#144,.T.);
#2996=EDGE_CURVE('',#2427,#2425,#1244,.T.);
#2997=EDGE_CURVE('',#2428,#2427,#1245,.T.);
#2998=EDGE_CURVE('',#2426,#2428,#1246,.T.);
#2999=EDGE_CURVE('',#2419,#2429,#145,.T.);
#3000=EDGE_CURVE('',#2429,#2430,#1247,.T.);
#3001=EDGE_CURVE('',#2430,#2420,#146,.T.);
#3002=EDGE_CURVE('',#2431,#2429,#1248,.T.);
#3003=EDGE_CURVE('',#2432,#2431,#1249,.T.);
#3004=EDGE_CURVE('',#2430,#2432,#1250,.T.);
#3005=EDGE_CURVE('',#2431,#2417,#147,.T.);
#3006=EDGE_CURVE('',#2418,#2432,#148,.T.);
#3007=EDGE_CURVE('',#2427,#2421,#149,.T.);
#3008=EDGE_CURVE('',#2422,#2428,#150,.T.);
#3009=EDGE_CURVE('',#2433,#2434,#151,.T.);
#3010=EDGE_CURVE('',#2434,#2435,#152,.T.);
#3011=EDGE_CURVE('',#2435,#2436,#153,.T.);
#3012=EDGE_CURVE('',#2436,#2437,#154,.T.);
#3013=EDGE_CURVE('',#2437,#2433,#155,.T.);
#3014=EDGE_CURVE('',#2433,#2437,#2317,.T.);
#3015=EDGE_CURVE('',#2436,#2434,#2318,.T.);
#3016=EDGE_CURVE('',#2438,#2437,#1251,.T.);
#3017=EDGE_CURVE('',#2439,#2438,#156,.T.);
#3018=EDGE_CURVE('',#2440,#2439,#1252,.T.);
#3019=EDGE_CURVE('',#2440,#2441,#1253,.T.);
#3020=EDGE_CURVE('',#2442,#2441,#1254,.T.);
#3021=EDGE_CURVE('',#2443,#2442,#157,.T.);
#3022=EDGE_CURVE('',#2433,#2443,#1255,.T.);
#3023=EDGE_CURVE('',#2444,#2444,#158,.T.);
#3024=EDGE_CURVE('',#2445,#2446,#1256,.T.);
#3025=EDGE_CURVE('',#2446,#2447,#1257,.T.);
#3026=EDGE_CURVE('',#2447,#2448,#1258,.T.);
#3027=EDGE_CURVE('',#2448,#2445,#1259,.T.);
#3028=EDGE_CURVE('',#2449,#2450,#1260,.T.);
#3029=EDGE_CURVE('',#2450,#2451,#1261,.T.);
#3030=EDGE_CURVE('',#2451,#2452,#1262,.T.);
#3031=EDGE_CURVE('',#2452,#2449,#1263,.T.);
#3032=EDGE_CURVE('',#2453,#2453,#159,.T.);
#3033=EDGE_CURVE('',#2453,#2435,#25,.T.);
#3034=EDGE_CURVE('',#2454,#2455,#160,.T.);
#3035=EDGE_CURVE('',#2455,#2454,#161,.T.);
#3036=EDGE_CURVE('',#2454,#2444,#162,.T.);
#3037=EDGE_CURVE('',#2456,#2456,#163,.T.);
#3038=EDGE_CURVE('',#2456,#2455,#164,.T.);
#3039=EDGE_CURVE('',#2457,#2458,#2319,.T.);
#3040=EDGE_CURVE('',#2458,#2459,#1264,.T.);
#3041=EDGE_CURVE('',#2459,#2460,#2320,.T.);
#3042=EDGE_CURVE('',#2460,#2457,#1265,.T.);
#3043=EDGE_CURVE('',#2458,#2461,#165,.T.);
#3044=EDGE_CURVE('',#2462,#2461,#1266,.T.);
#3045=EDGE_CURVE('',#2463,#2462,#1267,.T.);
#3046=EDGE_CURVE('',#2464,#2463,#1268,.T.);
#3047=EDGE_CURVE('',#2465,#2464,#1269,.T.);
#3048=EDGE_CURVE('',#2466,#2465,#1270,.T.);
#3049=EDGE_CURVE('',#2466,#2467,#166,.T.);
#3050=EDGE_CURVE('',#2468,#2467,#1271,.T.);
#3051=EDGE_CURVE('',#2468,#2469,#167,.T.);
#3052=EDGE_CURVE('',#2469,#2470,#1272,.T.);
#3053=EDGE_CURVE('',#2470,#2471,#168,.T.);
#3054=EDGE_CURVE('',#2472,#2471,#1273,.T.);
#3055=EDGE_CURVE('',#2472,#2473,#169,.T.);
#3056=EDGE_CURVE('',#2474,#2473,#1274,.T.);
#3057=EDGE_CURVE('',#2474,#2475,#170,.T.);
#3058=EDGE_CURVE('',#2475,#2476,#1275,.T.);
#3059=EDGE_CURVE('',#2476,#2477,#171,.T.);
#3060=EDGE_CURVE('',#2478,#2477,#1276,.T.);
#3061=EDGE_CURVE('',#2478,#2479,#172,.T.);
#3062=EDGE_CURVE('',#2480,#2479,#1277,.T.);
#3063=EDGE_CURVE('',#2480,#2481,#173,.T.);
#3064=EDGE_CURVE('',#2481,#2482,#1278,.T.);
#3065=EDGE_CURVE('',#2482,#2459,#174,.T.);
#3066=EDGE_CURVE('',#2483,#2484,#1279,.T.);
#3067=EDGE_CURVE('',#2483,#2485,#175,.T.);
#3068=EDGE_CURVE('',#2485,#2486,#1280,.T.);
#3069=EDGE_CURVE('',#2486,#2484,#176,.T.);
#3070=EDGE_CURVE('',#2487,#2468,#2321,.T.);
#3071=EDGE_CURVE('',#2467,#2488,#2322,.T.);
#3072=EDGE_CURVE('',#2488,#2487,#1281,.T.);
#3073=EDGE_CURVE('',#2489,#2480,#2323,.T.);
#3074=EDGE_CURVE('',#2479,#2490,#2324,.T.);
#3075=EDGE_CURVE('',#2490,#2489,#1282,.T.);
#3076=EDGE_CURVE('',#2491,#2478,#2325,.T.);
#3077=EDGE_CURVE('',#2477,#2492,#2326,.T.);
#3078=EDGE_CURVE('',#2492,#2491,#1283,.T.);
#3079=EDGE_CURVE('',#2493,#2474,#2327,.T.);
#3080=EDGE_CURVE('',#2473,#2494,#2328,.T.);
#3081=EDGE_CURVE('',#2494,#2493,#1284,.T.);
#3082=EDGE_CURVE('',#2495,#2472,#2329,.T.);
#3083=EDGE_CURVE('',#2471,#2496,#2330,.T.);
#3084=EDGE_CURVE('',#2496,#2495,#1285,.T.);
#3085=EDGE_CURVE('',#2497,#2498,#177,.T.);
#3086=EDGE_CURVE('',#2498,#2499,#1286,.T.);
#3087=EDGE_CURVE('',#2499,#2500,#178,.T.);
#3088=EDGE_CURVE('',#2500,#2497,#1287,.T.);
#3089=EDGE_CURVE('',#2498,#2501,#1288,.T.);
#3090=EDGE_CURVE('',#2501,#2502,#1289,.T.);
#3091=EDGE_CURVE('',#2502,#2503,#1290,.T.);
#3092=EDGE_CURVE('',#2504,#2503,#1291,.T.);
#3093=EDGE_CURVE('',#2504,#2505,#1292,.T.);
#3094=EDGE_CURVE('',#2505,#2506,#1293,.T.);
#3095=EDGE_CURVE('',#2499,#2506,#1294,.T.);
#3096=EDGE_CURVE('',#2507,#2508,#179,.T.);
#3097=EDGE_CURVE('',#2508,#2509,#1295,.T.);
#3098=EDGE_CURVE('',#2509,#2510,#180,.T.);
#3099=EDGE_CURVE('',#2510,#2507,#1296,.T.);
#3100=EDGE_CURVE('',#2508,#2511,#1297,.T.);
#3101=EDGE_CURVE('',#2511,#2512,#1298,.T.);
#3102=EDGE_CURVE('',#2512,#2513,#1299,.T.);
#3103=EDGE_CURVE('',#2514,#2513,#1300,.T.);
#3104=EDGE_CURVE('',#2514,#2515,#1301,.T.);
#3105=EDGE_CURVE('',#2515,#2516,#1302,.T.);
#3106=EDGE_CURVE('',#2509,#2516,#1303,.T.);
#3107=EDGE_CURVE('',#2517,#2518,#181,.T.);
#3108=EDGE_CURVE('',#2518,#2519,#1304,.T.);
#3109=EDGE_CURVE('',#2519,#2520,#182,.T.);
#3110=EDGE_CURVE('',#2520,#2517,#1305,.T.);
#3111=EDGE_CURVE('',#2521,#2518,#1306,.T.);
#3112=EDGE_CURVE('',#2522,#2521,#1307,.T.);
#3113=EDGE_CURVE('',#2519,#2522,#1308,.T.);
#3114=EDGE_CURVE('',#2523,#2524,#183,.T.);
#3115=EDGE_CURVE('',#2524,#2525,#1309,.T.);
#3116=EDGE_CURVE('',#2525,#2526,#184,.T.);
#3117=EDGE_CURVE('',#2526,#2523,#1310,.T.);
#3118=EDGE_CURVE('',#2524,#2527,#1311,.T.);
#3119=EDGE_CURVE('',#2528,#2527,#1312,.T.);
#3120=EDGE_CURVE('',#2528,#2525,#1313,.T.);
#3121=EDGE_CURVE('',#2521,#2523,#1314,.T.);
#3122=EDGE_CURVE('',#2517,#2529,#1315,.T.);
#3123=EDGE_CURVE('',#2530,#2529,#185,.T.);
#3124=EDGE_CURVE('',#2530,#2531,#1316,.T.);
#3125=EDGE_CURVE('',#2532,#2531,#1317,.T.);
#3126=EDGE_CURVE('',#2533,#2532,#186,.T.);
#3127=EDGE_CURVE('',#2534,#2533,#1318,.T.);
#3128=EDGE_CURVE('',#2513,#2534,#187,.T.);
#3129=EDGE_CURVE('',#2535,#2512,#1319,.T.);
#3130=EDGE_CURVE('',#2535,#2536,#1320,.T.);
#3131=EDGE_CURVE('',#2536,#2537,#1321,.T.);
#3132=EDGE_CURVE('',#2538,#2537,#188,.T.);
#3133=EDGE_CURVE('',#2539,#2538,#1322,.T.);
#3134=EDGE_CURVE('',#2527,#2539,#189,.T.);
#3135=EDGE_CURVE('',#2540,#2528,#190,.T.);
#3136=EDGE_CURVE('',#2540,#2539,#1323,.T.);
#3137=EDGE_CURVE('',#2541,#2542,#191,.T.);
#3138=EDGE_CURVE('',#2542,#2530,#1324,.T.);
#3139=EDGE_CURVE('',#2529,#2541,#1325,.T.);
#3140=EDGE_CURVE('',#2543,#2542,#1326,.T.);
#3141=EDGE_CURVE('',#2531,#2543,#1327,.T.);
#3142=EDGE_CURVE('',#2537,#2544,#1328,.T.);
#3143=EDGE_CURVE('',#2544,#2545,#192,.T.);
#3144=EDGE_CURVE('',#2545,#2538,#1329,.T.);
#3145=EDGE_CURVE('',#2546,#2536,#1330,.T.);
#3146=EDGE_CURVE('',#2544,#2546,#1331,.T.);
#3147=EDGE_CURVE('',#2547,#2548,#193,.T.);
#3148=EDGE_CURVE('',#2548,#2549,#1332,.T.);
#3149=EDGE_CURVE('',#2549,#2550,#194,.T.);
#3150=EDGE_CURVE('',#2550,#2547,#1333,.T.);
#3151=EDGE_CURVE('',#2551,#2548,#1334,.T.);
#3152=EDGE_CURVE('',#2552,#2551,#1335,.T.);
#3153=EDGE_CURVE('',#2549,#2552,#1336,.T.);
#3154=EDGE_CURVE('',#2551,#2553,#195,.T.);
#3155=EDGE_CURVE('',#2553,#2554,#1337,.T.);
#3156=EDGE_CURVE('',#2554,#2552,#196,.T.);
#3157=EDGE_CURVE('',#2555,#2553,#1338,.T.);
#3158=EDGE_CURVE('',#2556,#2555,#1339,.T.);
#3159=EDGE_CURVE('',#2554,#2556,#1340,.T.);
#3160=EDGE_CURVE('',#2557,#2558,#197,.T.);
#3161=EDGE_CURVE('',#2558,#2559,#1341,.T.);
#3162=EDGE_CURVE('',#2559,#2560,#198,.T.);
#3163=EDGE_CURVE('',#2560,#2557,#1342,.T.);
#3164=EDGE_CURVE('',#2558,#2561,#1343,.T.);
#3165=EDGE_CURVE('',#2562,#2561,#1344,.T.);
#3166=EDGE_CURVE('',#2562,#2559,#1345,.T.);
#3167=EDGE_CURVE('',#2555,#2557,#1346,.T.);
#3168=EDGE_CURVE('',#2547,#2563,#1347,.T.);
#3169=EDGE_CURVE('',#2564,#2563,#1348,.T.);
#3170=EDGE_CURVE('',#2565,#2564,#199,.T.);
#3171=EDGE_CURVE('',#2566,#2565,#1349,.T.);
#3172=EDGE_CURVE('',#2503,#2566,#200,.T.);
#3173=EDGE_CURVE('',#2567,#2502,#1350,.T.);
#3174=EDGE_CURVE('',#2567,#2568,#1351,.T.);
#3175=EDGE_CURVE('',#2568,#2569,#1352,.T.);
#3176=EDGE_CURVE('',#2570,#2569,#201,.T.);
#3177=EDGE_CURVE('',#2571,#2570,#1353,.T.);
#3178=EDGE_CURVE('',#2561,#2571,#202,.T.);
#3179=EDGE_CURVE('',#2569,#2572,#1354,.T.);
#3180=EDGE_CURVE('',#2572,#2573,#203,.T.);
#3181=EDGE_CURVE('',#2573,#2570,#1355,.T.);
#3182=EDGE_CURVE('',#2574,#2568,#1356,.T.);
#3183=EDGE_CURVE('',#2572,#2574,#1357,.T.);
#3184=EDGE_CURVE('',#2575,#2562,#204,.T.);
#3185=EDGE_CURVE('',#2575,#2571,#1358,.T.);
#3186=EDGE_CURVE('',#2573,#2575,#1359,.T.);
#3187=EDGE_CURVE('',#2576,#2574,#1360,.T.);
#3188=EDGE_CURVE('',#2576,#2505,#1361,.T.);
#3189=EDGE_CURVE('',#2577,#2504,#205,.T.);
#3190=EDGE_CURVE('',#2578,#2577,#1362,.T.);
#3191=EDGE_CURVE('',#2579,#2578,#206,.T.);
#3192=EDGE_CURVE('',#2580,#2579,#1363,.T.);
#3193=EDGE_CURVE('',#2580,#2550,#1364,.T.);
#3194=EDGE_CURVE('',#2556,#2560,#1365,.T.);
#3195=EDGE_CURVE('',#2534,#2581,#1366,.T.);
#3196=EDGE_CURVE('',#2581,#2514,#207,.T.);
#3197=EDGE_CURVE('',#2582,#2533,#1367,.T.);
#3198=EDGE_CURVE('',#2582,#2581,#1368,.T.);
#3199=EDGE_CURVE('',#2583,#2582,#208,.T.);
#3200=EDGE_CURVE('',#2532,#2583,#1369,.T.);
#3201=EDGE_CURVE('',#2566,#2577,#1370,.T.);
#3202=EDGE_CURVE('',#2578,#2565,#1371,.T.);
#3203=EDGE_CURVE('',#2564,#2579,#1372,.T.);
#3204=EDGE_CURVE('',#2584,#2585,#209,.F.);
#3205=EDGE_CURVE('',#2586,#2584,#210,.F.);
#3206=EDGE_CURVE('',#2585,#2586,#211,.F.);
#3207=EDGE_CURVE('',#2587,#2588,#212,.T.);
#3208=EDGE_CURVE('',#2587,#2586,#1373,.T.);
#3209=EDGE_CURVE('',#2584,#2588,#1374,.T.);
#3210=EDGE_CURVE('',#2589,#2590,#213,.F.);
#3211=EDGE_CURVE('',#2591,#2589,#214,.F.);
#3212=EDGE_CURVE('',#2590,#2591,#215,.F.);
#3213=EDGE_CURVE('',#2592,#2593,#216,.T.);
#3214=EDGE_CURVE('',#2592,#2591,#1375,.T.);
#3215=EDGE_CURVE('',#2589,#2593,#1376,.T.);
#3216=EDGE_CURVE('',#2594,#2595,#217,.T.);
#3217=EDGE_CURVE('',#2595,#2590,#1377,.T.);
#3218=EDGE_CURVE('',#2591,#2594,#1378,.T.);
#3219=EDGE_CURVE('',#2586,#2589,#1379,.T.);
#3220=EDGE_CURVE('',#2590,#2585,#1380,.T.);
#3221=EDGE_CURVE('',#2596,#2597,#218,.T.);
#3222=EDGE_CURVE('',#2597,#2584,#1381,.T.);
#3223=EDGE_CURVE('',#2585,#2596,#1382,.T.);
#3224=EDGE_CURVE('',#2587,#2598,#1383,.T.);
#3225=EDGE_CURVE('',#2599,#2598,#1384,.T.);
#3226=EDGE_CURVE('',#2600,#2599,#1385,.T.);
#3227=EDGE_CURVE('',#2601,#2600,#1386,.T.);
#3228=EDGE_CURVE('',#2601,#2593,#1387,.T.);
#3229=EDGE_CURVE('',#2500,#2507,#1388,.T.);
#3230=EDGE_CURVE('',#2510,#2497,#1389,.T.);
#3231=EDGE_CURVE('',#2602,#2603,#1390,.T.);
#3232=EDGE_CURVE('',#2604,#2602,#1391,.T.);
#3233=EDGE_CURVE('',#2605,#2604,#1392,.T.);
#3234=EDGE_CURVE('',#2605,#2606,#1393,.T.);
#3235=EDGE_CURVE('',#2606,#2607,#1394,.T.);
#3236=EDGE_CURVE('',#2607,#2608,#1395,.T.);
#3237=EDGE_CURVE('',#2608,#2609,#1396,.T.);
#3238=EDGE_CURVE('',#2609,#2610,#1397,.T.);
#3239=EDGE_CURVE('',#2610,#2611,#1398,.T.);
#3240=EDGE_CURVE('',#2611,#2603,#1399,.T.);
#3241=EDGE_CURVE('',#2612,#2601,#219,.T.);
#3242=EDGE_CURVE('',#2612,#2613,#1400,.T.);
#3243=EDGE_CURVE('',#2462,#2613,#220,.T.);
#3244=EDGE_CURVE('',#2461,#2614,#1401,.T.);
#3245=EDGE_CURVE('',#2614,#2615,#1402,.T.);
#3246=EDGE_CURVE('',#2615,#2483,#1403,.T.);
#3247=EDGE_CURVE('',#2484,#2616,#1404,.T.);
#3248=EDGE_CURVE('',#2616,#2617,#1405,.T.);
#3249=EDGE_CURVE('',#2617,#2466,#1406,.T.);
#3250=EDGE_CURVE('',#2618,#2465,#221,.T.);
#3251=EDGE_CURVE('',#2618,#2619,#1407,.T.);
#3252=EDGE_CURVE('',#2598,#2619,#222,.T.);
#3253=EDGE_CURVE('',#2588,#2620,#1408,.T.);
#3254=EDGE_CURVE('',#2620,#2621,#1409,.T.);
#3255=EDGE_CURVE('',#2592,#2621,#1410,.T.);
#3256=EDGE_CURVE('',#2597,#2620,#1411,.T.);
#3257=EDGE_CURVE('',#2488,#2622,#1412,.T.);
#3258=EDGE_CURVE('',#2622,#2623,#1413,.T.);
#3259=EDGE_CURVE('',#2623,#2487,#1414,.T.);
#3260=EDGE_CURVE('',#2496,#2624,#1415,.T.);
#3261=EDGE_CURVE('',#2624,#2625,#1416,.T.);
#3262=EDGE_CURVE('',#2625,#2495,#1417,.T.);
#3263=EDGE_CURVE('',#2543,#2583,#1418,.T.);
#3264=EDGE_CURVE('',#2441,#2626,#223,.T.);
#3265=EDGE_CURVE('',#2626,#2627,#1419,.T.);
#3266=EDGE_CURVE('',#2627,#2442,#224,.T.);
#3267=EDGE_CURVE('',#2389,#2443,#225,.T.);
#3268=EDGE_CURVE('',#2627,#2389,#226,.T.);
#3269=EDGE_CURVE('',#2390,#2438,#227,.T.);
#3270=EDGE_CURVE('',#2628,#2439,#228,.T.);
#3271=EDGE_CURVE('',#2390,#2628,#229,.T.);
#3272=EDGE_CURVE('',#2629,#2440,#230,.T.);
#3273=EDGE_CURVE('',#2628,#2629,#1420,.T.);
#3274=EDGE_CURVE('',#2630,#2628,#1421,.T.);
#3275=EDGE_CURVE('',#2630,#2631,#1422,.T.);
#3276=EDGE_CURVE('',#2629,#2631,#1423,.T.);
#3277=EDGE_CURVE('',#2632,#2632,#231,.T.);
#3278=EDGE_CURVE('',#2392,#2630,#232,.T.);
#3279=EDGE_CURVE('',#2627,#2633,#1424,.T.);
#3280=EDGE_CURVE('',#2633,#2391,#233,.T.);
#3281=EDGE_CURVE('',#2631,#2634,#1425,.T.);
#3282=EDGE_CURVE('',#2626,#2634,#1426,.T.);
#3283=EDGE_CURVE('',#2635,#2463,#234,.T.);
#3284=EDGE_CURVE('',#2635,#2636,#1427,.T.);
#3285=EDGE_CURVE('',#2600,#2636,#235,.T.);
#3286=EDGE_CURVE('',#2637,#2599,#236,.T.);
#3287=EDGE_CURVE('',#2637,#2638,#1428,.T.);
#3288=EDGE_CURVE('',#2464,#2638,#237,.T.);
#3289=EDGE_CURVE('',#2634,#2633,#1429,.T.);
#3290=EDGE_CURVE('',#2639,#2639,#238,.T.);
#3291=EDGE_CURVE('',#2640,#2641,#1430,.T.);
#3292=EDGE_CURVE('',#2642,#2641,#1431,.T.);
#3293=EDGE_CURVE('',#2643,#2642,#1432,.T.);
#3294=EDGE_CURVE('',#2643,#2640,#1433,.T.);
#3295=EDGE_CURVE('',#2641,#2644,#239,.T.);
#3296=EDGE_CURVE('',#2645,#2640,#240,.T.);
#3297=EDGE_CURVE('',#2644,#2645,#1434,.T.);
#3298=EDGE_CURVE('',#2621,#2594,#1435,.T.);
#3299=EDGE_CURVE('',#2460,#2646,#1436,.T.);
#3300=EDGE_CURVE('',#2646,#2647,#1437,.T.);
#3301=EDGE_CURVE('',#2647,#2457,#1438,.T.);
#3302=EDGE_CURVE('',#2490,#2644,#1439,.T.);
#3303=EDGE_CURVE('',#2645,#2489,#1440,.T.);
#3304=EDGE_CURVE('',#2563,#2580,#1441,.T.);
#3305=EDGE_CURVE('',#2648,#2649,#1442,.T.);
#3306=EDGE_CURVE('',#2650,#2649,#1443,.T.);
#3307=EDGE_CURVE('',#2651,#2650,#1444,.T.);
#3308=EDGE_CURVE('',#2651,#2648,#1445,.T.);
#3309=EDGE_CURVE('',#2647,#2648,#241,.T.);
#3310=EDGE_CURVE('',#2649,#2646,#242,.T.);
#3311=EDGE_CURVE('',#2652,#2642,#243,.T.);
#3312=EDGE_CURVE('',#2652,#2653,#1446,.T.);
#3313=EDGE_CURVE('',#2654,#2653,#1447,.T.);
#3314=EDGE_CURVE('',#2654,#2655,#1448,.T.);
#3315=EDGE_CURVE('',#2656,#2655,#244,.T.);
#3316=EDGE_CURVE('',#2656,#2657,#1449,.T.);
#3317=EDGE_CURVE('',#2658,#2657,#1450,.T.);
#3318=EDGE_CURVE('',#2658,#2659,#1451,.T.);
#3319=EDGE_CURVE('',#2660,#2659,#245,.T.);
#3320=EDGE_CURVE('',#2660,#2661,#1452,.T.);
#3321=EDGE_CURVE('',#2662,#2661,#1453,.T.);
#3322=EDGE_CURVE('',#2662,#2663,#1454,.T.);
#3323=EDGE_CURVE('',#2651,#2663,#246,.T.);
#3324=EDGE_CURVE('',#2643,#2650,#1455,.T.);
#3325=EDGE_CURVE('',#2664,#2665,#1456,.T.);
#3326=EDGE_CURVE('',#2659,#2665,#1457,.T.);
#3327=EDGE_CURVE('',#2658,#2664,#1458,.T.);
#3328=EDGE_CURVE('',#2665,#2622,#247,.T.);
#3329=EDGE_CURVE('',#2623,#2664,#248,.T.);
#3330=EDGE_CURVE('',#2666,#2667,#1459,.T.);
#3331=EDGE_CURVE('',#2657,#2667,#1460,.T.);
#3332=EDGE_CURVE('',#2656,#2666,#1461,.T.);
#3333=EDGE_CURVE('',#2625,#2666,#249,.T.);
#3334=EDGE_CURVE('',#2667,#2624,#250,.T.);
#3335=EDGE_CURVE('',#2668,#2669,#1462,.T.);
#3336=EDGE_CURVE('',#2653,#2669,#1463,.T.);
#3337=EDGE_CURVE('',#2652,#2668,#1464,.T.);
#3338=EDGE_CURVE('',#2670,#2671,#1465,.T.);
#3339=EDGE_CURVE('',#2669,#2670,#251,.T.);
#3340=EDGE_CURVE('',#2671,#2668,#252,.T.);
#3341=EDGE_CURVE('',#2595,#2596,#1466,.T.);
#3342=EDGE_CURVE('',#2492,#2670,#1467,.T.);
#3343=EDGE_CURVE('',#2671,#2491,#1468,.T.);
#3344=EDGE_CURVE('',#2494,#2672,#1469,.T.);
#3345=EDGE_CURVE('',#2672,#2673,#1470,.T.);
#3346=EDGE_CURVE('',#2673,#2493,#1471,.T.);
#3347=EDGE_CURVE('',#2674,#2675,#1472,.T.);
#3348=EDGE_CURVE('',#2663,#2675,#1473,.T.);
#3349=EDGE_CURVE('',#2662,#2674,#1474,.T.);
#3350=EDGE_CURVE('',#2675,#2614,#253,.T.);
#3351=EDGE_CURVE('',#2615,#2674,#254,.T.);
#3352=EDGE_CURVE('',#2676,#2677,#1475,.T.);
#3353=EDGE_CURVE('',#2661,#2677,#1476,.T.);
#3354=EDGE_CURVE('',#2660,#2676,#1477,.T.);
#3355=EDGE_CURVE('',#2617,#2676,#255,.T.);
#3356=EDGE_CURVE('',#2677,#2616,#256,.T.);
#3357=EDGE_CURVE('',#2678,#2679,#1478,.T.);
#3358=EDGE_CURVE('',#2655,#2679,#1479,.T.);
#3359=EDGE_CURVE('',#2654,#2678,#1480,.T.);
#3360=EDGE_CURVE('',#2679,#2672,#257,.T.);
#3361=EDGE_CURVE('',#2673,#2678,#258,.T.);
#3362=EDGE_CURVE('',#2658,#2469,#1481,.T.);
#3363=EDGE_CURVE('',#2657,#2470,#1482,.T.);
#3364=EDGE_CURVE('',#2661,#2486,#1483,.T.);
#3365=EDGE_CURVE('',#2662,#2485,#1484,.T.);
#3366=EDGE_CURVE('',#2650,#2482,#1485,.T.);
#3367=EDGE_CURVE('',#2643,#2481,#1486,.T.);
#3368=EDGE_CURVE('',#2653,#2476,#1487,.T.);
#3369=EDGE_CURVE('',#2654,#2475,#1488,.T.);
#3370=EDGE_CURVE('',#2603,#2680,#259,.T.);
#3371=EDGE_CURVE('',#2680,#2681,#1489,.T.);
#3372=EDGE_CURVE('',#2681,#2602,#19,.T.);
#3373=EDGE_CURVE('',#2682,#2683,#1490,.T.);
#3374=EDGE_CURVE('',#2683,#2605,#260,.T.);
#3375=EDGE_CURVE('',#2604,#2682,#20,.T.);
#3376=EDGE_CURVE('',#2681,#2682,#1491,.T.);
#3377=EDGE_CURVE('',#2684,#2685,#1492,.T.);
#3378=EDGE_CURVE('',#2685,#2686,#261,.T.);
#3379=EDGE_CURVE('',#2686,#2687,#1493,.T.);
#3380=EDGE_CURVE('',#2687,#2688,#262,.T.);
#3381=EDGE_CURVE('',#2688,#2684,#2331,.T.);
#3382=EDGE_CURVE('',#2689,#2690,#1494,.T.);
#3383=EDGE_CURVE('',#2690,#2691,#263,.T.);
#3384=EDGE_CURVE('',#2691,#2692,#1495,.T.);
#3385=EDGE_CURVE('',#2692,#2693,#2332,.T.);
#3386=EDGE_CURVE('',#2693,#2689,#264,.T.);
#3387=EDGE_CURVE('',#2688,#2693,#265,.T.);
#3388=EDGE_CURVE('',#2692,#2684,#266,.T.);
#3389=EDGE_CURVE('',#2685,#2691,#267,.T.);
#3390=EDGE_CURVE('',#2680,#2452,#1496,.T.);
#3391=EDGE_CURVE('',#2609,#2451,#1497,.T.);
#3392=EDGE_CURVE('',#2609,#2690,#1498,.T.);
#3393=EDGE_CURVE('',#2681,#2689,#1499,.T.);
#3394=EDGE_CURVE('',#2687,#2682,#1500,.T.);
#3395=EDGE_CURVE('',#2608,#2686,#1501,.T.);
#3396=EDGE_CURVE('',#2611,#2449,#1502,.T.);
#3397=EDGE_CURVE('',#2610,#2450,#1503,.T.);
#3398=EDGE_CURVE('',#2608,#2446,#1504,.T.);
#3399=EDGE_CURVE('',#2683,#2445,#1505,.T.);
#3400=EDGE_CURVE('',#2607,#2447,#1506,.T.);
#3401=EDGE_CURVE('',#2606,#2448,#1507,.T.);
#3402=EDGE_CURVE('',#2613,#2635,#1508,.T.);
#3403=EDGE_CURVE('',#2636,#2612,#1509,.T.);
#3404=EDGE_CURVE('',#2638,#2618,#1510,.T.);
#3405=EDGE_CURVE('',#2619,#2637,#1511,.T.);
#3406=EDGE_CURVE('',#2545,#2540,#1512,.T.);
#3407=EDGE_CURVE('',#2541,#2520,#1513,.T.);
#3408=EDGE_CURVE('',#2522,#2526,#1514,.T.);
#3409=EDGE_CURVE('',#2694,#2694,#268,.T.);
#3410=EDGE_CURVE('',#2694,#2639,#269,.T.);
#3411=EDGE_CURVE('',#2695,#2695,#270,.T.);
#3412=EDGE_CURVE('',#2695,#2632,#271,.T.);
#3413=EDGE_CURVE('',#2696,#2696,#272,.T.);
#3414=EDGE_CURVE('',#2697,#2697,#273,.T.);
#3415=EDGE_CURVE('',#2698,#2698,#274,.T.);
#3416=EDGE_CURVE('',#2698,#2696,#1515,.T.);
#3417=EDGE_CURVE('',#2699,#2699,#275,.T.);
#3418=EDGE_CURVE('',#2699,#2700,#1516,.T.);
#3419=EDGE_CURVE('',#2700,#2700,#276,.T.);
#3420=EDGE_CURVE('',#2697,#2701,#1517,.T.);
#3421=EDGE_CURVE('',#2701,#2701,#277,.T.);
#3422=EDGE_CURVE('',#2702,#2702,#278,.T.);
#3423=EDGE_CURVE('',#2702,#2703,#1518,.T.);
#3424=EDGE_CURVE('',#2703,#2703,#279,.T.);
#3425=EDGE_CURVE('',#2704,#2705,#1519,.T.);
#3426=EDGE_CURVE('',#2705,#2706,#1520,.T.);
#3427=EDGE_CURVE('',#2706,#2707,#1521,.T.);
#3428=EDGE_CURVE('',#2707,#2704,#1522,.T.);
#3429=EDGE_CURVE('',#2708,#2709,#1523,.T.);
#3430=EDGE_CURVE('',#2709,#2710,#1524,.T.);
#3431=EDGE_CURVE('',#2710,#2711,#1525,.T.);
#3432=EDGE_CURVE('',#2711,#2708,#1526,.T.);
#3433=EDGE_CURVE('',#2712,#2713,#1527,.T.);
#3434=EDGE_CURVE('',#2713,#2714,#1528,.T.);
#3435=EDGE_CURVE('',#2714,#2715,#1529,.T.);
#3436=EDGE_CURVE('',#2715,#2712,#1530,.T.);
#3437=EDGE_CURVE('',#2716,#2717,#1531,.T.);
#3438=EDGE_CURVE('',#2717,#2718,#1532,.T.);
#3439=EDGE_CURVE('',#2718,#2719,#1533,.T.);
#3440=EDGE_CURVE('',#2719,#2716,#1534,.T.);
#3441=EDGE_CURVE('',#2720,#2721,#1535,.T.);
#3442=EDGE_CURVE('',#2721,#2722,#1536,.T.);
#3443=EDGE_CURVE('',#2722,#2723,#1537,.T.);
#3444=EDGE_CURVE('',#2723,#2720,#1538,.T.);
#3445=EDGE_CURVE('',#2724,#2725,#1539,.T.);
#3446=EDGE_CURVE('',#2725,#2726,#1540,.T.);
#3447=EDGE_CURVE('',#2727,#2726,#1541,.T.);
#3448=EDGE_CURVE('',#2727,#2724,#1542,.T.);
#3449=EDGE_CURVE('',#2728,#2729,#1543,.T.);
#3450=EDGE_CURVE('',#2729,#2730,#1544,.T.);
#3451=EDGE_CURVE('',#2730,#2731,#1545,.T.);
#3452=EDGE_CURVE('',#2731,#2728,#1546,.T.);
#3453=EDGE_CURVE('',#2732,#2733,#1547,.T.);
#3454=EDGE_CURVE('',#2733,#2734,#1548,.T.);
#3455=EDGE_CURVE('',#2735,#2734,#1549,.T.);
#3456=EDGE_CURVE('',#2735,#2732,#1550,.T.);
#3457=EDGE_CURVE('',#2736,#2737,#1551,.T.);
#3458=EDGE_CURVE('',#2738,#2737,#1552,.T.);
#3459=EDGE_CURVE('',#2738,#2739,#1553,.T.);
#3460=EDGE_CURVE('',#2739,#2736,#1554,.T.);
#3461=EDGE_CURVE('',#2740,#2741,#1555,.T.);
#3462=EDGE_CURVE('',#2742,#2741,#1556,.T.);
#3463=EDGE_CURVE('',#2742,#2743,#1557,.T.);
#3464=EDGE_CURVE('',#2743,#2740,#1558,.T.);
#3465=EDGE_CURVE('',#2744,#2725,#1559,.T.);
#3466=EDGE_CURVE('',#2744,#2745,#1560,.T.);
#3467=EDGE_CURVE('',#2726,#2745,#1561,.T.);
#3468=EDGE_CURVE('',#2746,#2727,#1562,.T.);
#3469=EDGE_CURVE('',#2747,#2746,#1563,.T.);
#3470=EDGE_CURVE('',#2747,#2724,#1564,.T.);
#3471=EDGE_CURVE('',#2708,#2707,#1565,.T.);
#3472=EDGE_CURVE('',#2704,#2711,#1566,.T.);
#3473=EDGE_CURVE('',#2744,#2747,#1567,.T.);
#3474=EDGE_CURVE('',#2706,#2709,#1568,.T.);
#3475=EDGE_CURVE('',#2705,#2710,#1569,.T.);
#3476=EDGE_CURVE('',#2741,#2720,#1570,.T.);
#3477=EDGE_CURVE('',#2740,#2721,#1571,.T.);
#3478=EDGE_CURVE('',#2743,#2722,#1572,.T.);
#3479=EDGE_CURVE('',#2742,#2723,#1573,.T.);
#3480=EDGE_CURVE('',#2713,#2718,#1574,.T.);
#3481=EDGE_CURVE('',#2712,#2719,#1575,.T.);
#3482=EDGE_CURVE('',#2748,#2733,#1576,.T.);
#3483=EDGE_CURVE('',#2748,#2749,#1577,.T.);
#3484=EDGE_CURVE('',#2734,#2749,#1578,.T.);
#3485=EDGE_CURVE('',#2750,#2735,#1579,.T.);
#3486=EDGE_CURVE('',#2751,#2750,#1580,.T.);
#3487=EDGE_CURVE('',#2751,#2732,#1581,.T.);
#3488=EDGE_CURVE('',#2715,#2716,#1582,.T.);
#3489=EDGE_CURVE('',#2748,#2751,#1583,.T.);
#3490=EDGE_CURVE('',#2714,#2717,#1584,.T.);
#3491=EDGE_CURVE('',#2737,#2728,#1585,.T.);
#3492=EDGE_CURVE('',#2736,#2729,#1586,.T.);
#3493=EDGE_CURVE('',#2739,#2730,#1587,.T.);
#3494=EDGE_CURVE('',#2738,#2731,#1588,.T.);
#3495=EDGE_CURVE('',#2752,#2745,#1589,.T.);
#3496=EDGE_CURVE('',#2752,#2546,#1590,.T.);
#3497=EDGE_CURVE('',#2746,#2535,#1591,.T.);
#3498=EDGE_CURVE('',#2576,#2749,#1592,.T.);
#3499=EDGE_CURVE('',#2750,#2567,#1593,.T.);
#3500=EDGE_CURVE('',#2752,#2515,#1594,.T.);
#3501=EDGE_CURVE('',#2753,#2754,#280,.T.);
#3502=EDGE_CURVE('',#2753,#2755,#1595,.T.);
#3503=EDGE_CURVE('',#2756,#2755,#281,.T.);
#3504=EDGE_CURVE('',#2756,#2754,#1596,.T.);
#3505=EDGE_CURVE('',#2754,#2757,#1597,.T.);
#3506=EDGE_CURVE('',#2757,#2758,#282,.T.);
#3507=EDGE_CURVE('',#2759,#2758,#1598,.T.);
#3508=EDGE_CURVE('',#2759,#2760,#1599,.T.);
#3509=EDGE_CURVE('',#2760,#2753,#1600,.T.);
#3510=EDGE_CURVE('',#2761,#2756,#1601,.T.);
#3511=EDGE_CURVE('',#2757,#2761,#1602,.T.);
#3512=EDGE_CURVE('',#2762,#2761,#283,.T.);
#3513=EDGE_CURVE('',#2762,#2758,#1603,.T.);
#3514=EDGE_CURVE('',#2763,#2755,#1604,.T.);
#3515=EDGE_CURVE('',#2763,#2764,#1605,.T.);
#3516=EDGE_CURVE('',#2762,#2764,#1606,.T.);
#3517=EDGE_CURVE('',#2765,#2763,#1607,.T.);
#3518=EDGE_CURVE('',#2766,#2765,#1608,.T.);
#3519=EDGE_CURVE('',#2764,#2766,#1609,.T.);
#3520=EDGE_CURVE('',#2760,#2767,#1610,.T.);
#3521=EDGE_CURVE('',#2765,#2767,#1611,.T.);
#3522=EDGE_CURVE('',#2766,#2768,#1612,.T.);
#3523=EDGE_CURVE('',#2768,#2759,#1613,.T.);
#3524=EDGE_CURVE('',#2767,#2511,#1614,.T.);
#3525=EDGE_CURVE('',#2506,#2768,#1615,.T.);
#3526=EDGE_CURVE('',#2516,#2501,#1616,.T.);
#3527=EDGE_CURVE('',#2769,#2770,#284,.T.);
#3528=EDGE_CURVE('',#2770,#2771,#1617,.T.);
#3529=EDGE_CURVE('',#2771,#2772,#285,.T.);
#3530=EDGE_CURVE('',#2772,#2769,#1618,.T.);
#3531=EDGE_CURVE('',#2773,#2771,#1619,.T.);
#3532=EDGE_CURVE('',#2774,#2773,#1620,.T.);
#3533=EDGE_CURVE('',#2775,#2774,#1621,.T.);
#3534=EDGE_CURVE('',#2776,#2775,#286,.T.);
#3535=EDGE_CURVE('',#2777,#2776,#1622,.T.);
#3536=EDGE_CURVE('',#2777,#2772,#1623,.T.);
#3537=EDGE_CURVE('',#2770,#2778,#1624,.T.);
#3538=EDGE_CURVE('',#2778,#2773,#1625,.T.);
#3539=EDGE_CURVE('',#2779,#2780,#287,.T.);
#3540=EDGE_CURVE('',#2780,#2781,#1626,.T.);
#3541=EDGE_CURVE('',#2781,#2782,#288,.T.);
#3542=EDGE_CURVE('',#2782,#2779,#1627,.T.);
#3543=EDGE_CURVE('',#2781,#2783,#289,.T.);
#3544=EDGE_CURVE('',#2783,#2784,#290,.T.);
#3545=EDGE_CURVE('',#2784,#2782,#291,.T.);
#3546=EDGE_CURVE('',#2785,#2786,#292,.T.);
#3547=EDGE_CURVE('',#2786,#2784,#1628,.T.);
#3548=EDGE_CURVE('',#2783,#2785,#1629,.T.);
#3549=EDGE_CURVE('',#2787,#2785,#1630,.T.);
#3550=EDGE_CURVE('',#2788,#2787,#1631,.T.);
#3551=EDGE_CURVE('',#2789,#2788,#293,.T.);
#3552=EDGE_CURVE('',#2789,#2790,#1632,.T.);
#3553=EDGE_CURVE('',#2791,#2790,#1633,.T.);
#3554=EDGE_CURVE('',#2786,#2791,#1634,.T.);
#3555=EDGE_CURVE('',#2792,#2783,#1635,.T.);
#3556=EDGE_CURVE('',#2787,#2792,#1636,.T.);
#3557=EDGE_CURVE('',#2781,#2793,#1637,.T.);
#3558=EDGE_CURVE('',#2793,#2792,#294,.F.);
#3559=EDGE_CURVE('',#2794,#2780,#1638,.T.);
#3560=EDGE_CURVE('',#2793,#2794,#1639,.T.);
#3561=EDGE_CURVE('',#2795,#2796,#295,.T.);
#3562=EDGE_CURVE('',#2796,#2797,#1640,.T.);
#3563=EDGE_CURVE('',#2797,#2798,#296,.T.);
#3564=EDGE_CURVE('',#2798,#2795,#1641,.T.);
#3565=EDGE_CURVE('',#2797,#2799,#297,.T.);
#3566=EDGE_CURVE('',#2799,#2800,#298,.T.);
#3567=EDGE_CURVE('',#2800,#2798,#299,.T.);
#3568=EDGE_CURVE('',#2801,#2802,#300,.T.);
#3569=EDGE_CURVE('',#2802,#2800,#1642,.T.);
#3570=EDGE_CURVE('',#2799,#2801,#1643,.T.);
#3571=EDGE_CURVE('',#2803,#2801,#1644,.T.);
#3572=EDGE_CURVE('',#2804,#2803,#1645,.T.);
#3573=EDGE_CURVE('',#2805,#2804,#301,.T.);
#3574=EDGE_CURVE('',#2805,#2806,#1646,.T.);
#3575=EDGE_CURVE('',#2807,#2806,#1647,.T.);
#3576=EDGE_CURVE('',#2802,#2807,#1648,.T.);
#3577=EDGE_CURVE('',#2808,#2799,#1649,.T.);
#3578=EDGE_CURVE('',#2803,#2808,#1650,.T.);
#3579=EDGE_CURVE('',#2797,#2809,#1651,.T.);
#3580=EDGE_CURVE('',#2809,#2808,#302,.F.);
#3581=EDGE_CURVE('',#2810,#2796,#1652,.T.);
#3582=EDGE_CURVE('',#2809,#2810,#1653,.T.);
#3583=EDGE_CURVE('',#2811,#2769,#1654,.T.);
#3584=EDGE_CURVE('',#2812,#2811,#1655,.T.);
#3585=EDGE_CURVE('',#2813,#2812,#303,.T.);
#3586=EDGE_CURVE('',#2813,#2814,#1656,.T.);
#3587=EDGE_CURVE('',#2778,#2814,#1657,.T.);
#3588=EDGE_CURVE('',#2811,#2777,#1658,.T.);
#3589=EDGE_CURVE('',#2782,#2815,#1659,.T.);
#3590=EDGE_CURVE('',#2815,#2816,#1660,.T.);
#3591=EDGE_CURVE('',#2816,#2779,#1661,.T.);
#3592=EDGE_CURVE('',#2784,#2817,#1662,.T.);
#3593=EDGE_CURVE('',#2817,#2815,#304,.T.);
#3594=EDGE_CURVE('',#2791,#2817,#1663,.T.);
#3595=EDGE_CURVE('',#2807,#2818,#1664,.T.);
#3596=EDGE_CURVE('',#2818,#2800,#1665,.T.);
#3597=EDGE_CURVE('',#2818,#2819,#305,.T.);
#3598=EDGE_CURVE('',#2819,#2798,#1666,.T.);
#3599=EDGE_CURVE('',#2819,#2820,#1667,.T.);
#3600=EDGE_CURVE('',#2820,#2795,#1668,.T.);
#3601=EDGE_CURVE('',#2806,#2821,#1669,.T.);
#3602=EDGE_CURVE('',#2822,#2821,#306,.T.);
#3603=EDGE_CURVE('',#2822,#2823,#1670,.T.);
#3604=EDGE_CURVE('',#2823,#2820,#1671,.T.);
#3605=EDGE_CURVE('',#2824,#2825,#1672,.T.);
#3606=EDGE_CURVE('',#2824,#2826,#1673,.T.);
#3607=EDGE_CURVE('',#2827,#2826,#1674,.T.);
#3608=EDGE_CURVE('',#2825,#2827,#1675,.T.);
#3609=EDGE_CURVE('',#2825,#2828,#1676,.T.);
#3610=EDGE_CURVE('',#2829,#2827,#1677,.T.);
#3611=EDGE_CURVE('',#2828,#2829,#1678,.T.);
#3612=EDGE_CURVE('',#2828,#2830,#1679,.T.);
#3613=EDGE_CURVE('',#2831,#2829,#1680,.T.);
#3614=EDGE_CURVE('',#2830,#2831,#1681,.T.);
#3615=EDGE_CURVE('',#2830,#2832,#307,.T.);
#3616=EDGE_CURVE('',#2833,#2831,#308,.T.);
#3617=EDGE_CURVE('',#2832,#2833,#1682,.T.);
#3618=EDGE_CURVE('',#2832,#2834,#1683,.T.);
#3619=EDGE_CURVE('',#2835,#2833,#1684,.T.);
#3620=EDGE_CURVE('',#2834,#2835,#1685,.T.);
#3621=EDGE_CURVE('',#2834,#2824,#309,.T.);
#3622=EDGE_CURVE('',#2826,#2835,#310,.T.);
#3623=EDGE_CURVE('',#2836,#2837,#1686,.T.);
#3624=EDGE_CURVE('',#2837,#2838,#1687,.T.);
#3625=EDGE_CURVE('',#2838,#2839,#311,.T.);
#3626=EDGE_CURVE('',#2839,#2840,#1688,.T.);
#3627=EDGE_CURVE('',#2840,#2841,#312,.T.);
#3628=EDGE_CURVE('',#2841,#2836,#1689,.T.);
#3629=EDGE_CURVE('',#2842,#2843,#313,.T.);
#3630=EDGE_CURVE('',#2843,#2844,#1690,.T.);
#3631=EDGE_CURVE('',#2844,#2845,#314,.T.);
#3632=EDGE_CURVE('',#2845,#2842,#1691,.T.);
#3633=EDGE_CURVE('',#2842,#2846,#315,.T.);
#3634=EDGE_CURVE('',#2846,#2843,#316,.T.);
#3635=EDGE_CURVE('',#2790,#2845,#1692,.T.);
#3636=EDGE_CURVE('',#2842,#2789,#1693,.T.);
#3637=EDGE_CURVE('',#2847,#2848,#317,.T.);
#3638=EDGE_CURVE('',#2848,#2822,#1694,.T.);
#3639=EDGE_CURVE('',#2821,#2847,#1695,.T.);
#3640=EDGE_CURVE('',#2847,#2849,#318,.T.);
#3641=EDGE_CURVE('',#2849,#2848,#319,.T.);
#3642=EDGE_CURVE('',#2847,#2805,#1696,.T.);
#3643=EDGE_CURVE('',#2849,#2850,#1697,.T.);
#3644=EDGE_CURVE('',#2850,#2851,#320,.T.);
#3645=EDGE_CURVE('',#2851,#2848,#1698,.T.);
#3646=EDGE_CURVE('',#2804,#2849,#1699,.T.);
#3647=EDGE_CURVE('',#2852,#2853,#321,.T.);
#3648=EDGE_CURVE('',#2852,#2854,#1700,.T.);
#3649=EDGE_CURVE('',#2855,#2854,#322,.T.);
#3650=EDGE_CURVE('',#2855,#2856,#1701,.T.);
#3651=EDGE_CURVE('',#2856,#2857,#1702,.T.);
#3652=EDGE_CURVE('',#2857,#2853,#1703,.T.);
#3653=EDGE_CURVE('',#2812,#2776,#1704,.T.);
#3654=EDGE_CURVE('',#2810,#2850,#1705,.T.);
#3655=EDGE_CURVE('',#2794,#2858,#1706,.T.);
#3656=EDGE_CURVE('',#2846,#2858,#1707,.T.);
#3657=EDGE_CURVE('',#2788,#2846,#1708,.T.);
#3658=EDGE_CURVE('',#2858,#2859,#323,.T.);
#3659=EDGE_CURVE('',#2859,#2843,#1709,.T.);
#3660=EDGE_CURVE('',#2775,#2813,#1710,.T.);
#3661=EDGE_CURVE('',#2814,#2774,#1711,.T.);
#3662=EDGE_CURVE('',#2851,#2823,#1712,.T.);
#3663=EDGE_CURVE('',#2860,#2816,#1713,.T.);
#3664=EDGE_CURVE('',#2859,#2860,#1714,.T.);
#3665=EDGE_CURVE('',#2844,#2860,#1715,.T.);
#3666=EDGE_CURVE('',#2852,#2840,#1716,.T.);
#3667=EDGE_CURVE('',#2854,#2839,#1717,.T.);
#3668=EDGE_CURVE('',#2855,#2838,#1718,.T.);
#3669=EDGE_CURVE('',#2856,#2837,#1719,.T.);
#3670=EDGE_CURVE('',#2857,#2836,#1720,.T.);
#3671=EDGE_CURVE('',#2853,#2841,#1721,.T.);
#3672=ORIENTED_EDGE('',*,*,#2861,.F.);
#3673=ORIENTED_EDGE('',*,*,#2862,.T.);
#3674=ORIENTED_EDGE('',*,*,#2863,.T.);
#3675=ORIENTED_EDGE('',*,*,#2864,.F.);
#3676=ORIENTED_EDGE('',*,*,#2865,.F.);
#3677=ORIENTED_EDGE('',*,*,#2866,.T.);
#3678=ORIENTED_EDGE('',*,*,#2867,.T.);
#3679=ORIENTED_EDGE('',*,*,#2862,.F.);
#3680=ORIENTED_EDGE('',*,*,#2868,.F.);
#3681=ORIENTED_EDGE('',*,*,#2869,.T.);
#3682=ORIENTED_EDGE('',*,*,#2870,.T.);
#3683=ORIENTED_EDGE('',*,*,#2866,.F.);
#3684=ORIENTED_EDGE('',*,*,#2871,.F.);
#3685=ORIENTED_EDGE('',*,*,#2872,.T.);
#3686=ORIENTED_EDGE('',*,*,#2873,.T.);
#3687=ORIENTED_EDGE('',*,*,#2869,.F.);
#3688=ORIENTED_EDGE('',*,*,#2874,.F.);
#3689=ORIENTED_EDGE('',*,*,#2875,.T.);
#3690=ORIENTED_EDGE('',*,*,#2876,.T.);
#3691=ORIENTED_EDGE('',*,*,#2872,.F.);
#3692=ORIENTED_EDGE('',*,*,#2877,.F.);
#3693=ORIENTED_EDGE('',*,*,#2878,.T.);
#3694=ORIENTED_EDGE('',*,*,#2879,.T.);
#3695=ORIENTED_EDGE('',*,*,#2875,.F.);
#3696=ORIENTED_EDGE('',*,*,#2880,.F.);
#3697=ORIENTED_EDGE('',*,*,#2881,.T.);
#3698=ORIENTED_EDGE('',*,*,#2882,.T.);
#3699=ORIENTED_EDGE('',*,*,#2878,.F.);
#3700=ORIENTED_EDGE('',*,*,#2883,.F.);
#3701=ORIENTED_EDGE('',*,*,#2884,.T.);
#3702=ORIENTED_EDGE('',*,*,#2885,.T.);
#3703=ORIENTED_EDGE('',*,*,#2881,.F.);
#3704=ORIENTED_EDGE('',*,*,#2886,.F.);
#3705=ORIENTED_EDGE('',*,*,#2887,.T.);
#3706=ORIENTED_EDGE('',*,*,#2888,.T.);
#3707=ORIENTED_EDGE('',*,*,#2884,.F.);
#3708=ORIENTED_EDGE('',*,*,#2889,.F.);
#3709=ORIENTED_EDGE('',*,*,#2890,.T.);
#3710=ORIENTED_EDGE('',*,*,#2891,.T.);
#3711=ORIENTED_EDGE('',*,*,#2887,.F.);
#3712=ORIENTED_EDGE('',*,*,#2892,.F.);
#3713=ORIENTED_EDGE('',*,*,#2893,.T.);
#3714=ORIENTED_EDGE('',*,*,#2894,.T.);
#3715=ORIENTED_EDGE('',*,*,#2890,.F.);
#3716=ORIENTED_EDGE('',*,*,#2895,.F.);
#3717=ORIENTED_EDGE('',*,*,#2864,.T.);
#3718=ORIENTED_EDGE('',*,*,#2896,.T.);
#3719=ORIENTED_EDGE('',*,*,#2893,.F.);
#3720=ORIENTED_EDGE('',*,*,#2897,.F.);
#3721=ORIENTED_EDGE('',*,*,#2898,.T.);
#3722=ORIENTED_EDGE('',*,*,#2899,.T.);
#3723=ORIENTED_EDGE('',*,*,#2900,.F.);
#3724=ORIENTED_EDGE('',*,*,#2901,.F.);
#3725=ORIENTED_EDGE('',*,*,#2902,.T.);
#3726=ORIENTED_EDGE('',*,*,#2903,.T.);
#3727=ORIENTED_EDGE('',*,*,#2898,.F.);
#3728=ORIENTED_EDGE('',*,*,#2904,.F.);
#3729=ORIENTED_EDGE('',*,*,#2905,.T.);
#3730=ORIENTED_EDGE('',*,*,#2906,.T.);
#3731=ORIENTED_EDGE('',*,*,#2902,.F.);
#3732=ORIENTED_EDGE('',*,*,#2907,.F.);
#3733=ORIENTED_EDGE('',*,*,#2908,.T.);
#3734=ORIENTED_EDGE('',*,*,#2909,.T.);
#3735=ORIENTED_EDGE('',*,*,#2905,.F.);
#3736=ORIENTED_EDGE('',*,*,#2910,.F.);
#3737=ORIENTED_EDGE('',*,*,#2911,.T.);
#3738=ORIENTED_EDGE('',*,*,#2912,.T.);
#3739=ORIENTED_EDGE('',*,*,#2908,.F.);
#3740=ORIENTED_EDGE('',*,*,#2913,.F.);
#3741=ORIENTED_EDGE('',*,*,#2914,.T.);
#3742=ORIENTED_EDGE('',*,*,#2915,.T.);
#3743=ORIENTED_EDGE('',*,*,#2911,.F.);
#3744=ORIENTED_EDGE('',*,*,#2916,.F.);
#3745=ORIENTED_EDGE('',*,*,#2917,.T.);
#3746=ORIENTED_EDGE('',*,*,#2918,.T.);
#3747=ORIENTED_EDGE('',*,*,#2914,.F.);
#3748=ORIENTED_EDGE('',*,*,#2919,.F.);
#3749=ORIENTED_EDGE('',*,*,#2900,.T.);
#3750=ORIENTED_EDGE('',*,*,#2920,.T.);
#3751=ORIENTED_EDGE('',*,*,#2917,.F.);
#3752=ORIENTED_EDGE('',*,*,#2920,.F.);
#3753=ORIENTED_EDGE('',*,*,#2899,.F.);
#3754=ORIENTED_EDGE('',*,*,#2903,.F.);
#3755=ORIENTED_EDGE('',*,*,#2906,.F.);
#3756=ORIENTED_EDGE('',*,*,#2909,.F.);
#3757=ORIENTED_EDGE('',*,*,#2912,.F.);
#3758=ORIENTED_EDGE('',*,*,#2915,.F.);
#3759=ORIENTED_EDGE('',*,*,#2918,.F.);
#3760=ORIENTED_EDGE('',*,*,#2896,.F.);
#3761=ORIENTED_EDGE('',*,*,#2863,.F.);
#3762=ORIENTED_EDGE('',*,*,#2867,.F.);
#3763=ORIENTED_EDGE('',*,*,#2870,.F.);
#3764=ORIENTED_EDGE('',*,*,#2873,.F.);
#3765=ORIENTED_EDGE('',*,*,#2876,.F.);
#3766=ORIENTED_EDGE('',*,*,#2879,.F.);
#3767=ORIENTED_EDGE('',*,*,#2882,.F.);
#3768=ORIENTED_EDGE('',*,*,#2885,.F.);
#3769=ORIENTED_EDGE('',*,*,#2888,.F.);
#3770=ORIENTED_EDGE('',*,*,#2891,.F.);
#3771=ORIENTED_EDGE('',*,*,#2894,.F.);
#3772=ORIENTED_EDGE('',*,*,#2921,.F.);
#3773=ORIENTED_EDGE('',*,*,#2922,.T.);
#3774=ORIENTED_EDGE('',*,*,#2923,.T.);
#3775=ORIENTED_EDGE('',*,*,#2924,.F.);
#3776=ORIENTED_EDGE('',*,*,#2925,.F.);
#3777=ORIENTED_EDGE('',*,*,#2926,.T.);
#3778=ORIENTED_EDGE('',*,*,#2927,.T.);
#3779=ORIENTED_EDGE('',*,*,#2922,.F.);
#3780=ORIENTED_EDGE('',*,*,#2928,.F.);
#3781=ORIENTED_EDGE('',*,*,#2929,.T.);
#3782=ORIENTED_EDGE('',*,*,#2930,.T.);
#3783=ORIENTED_EDGE('',*,*,#2926,.F.);
#3784=ORIENTED_EDGE('',*,*,#2931,.F.);
#3785=ORIENTED_EDGE('',*,*,#2932,.T.);
#3786=ORIENTED_EDGE('',*,*,#2933,.T.);
#3787=ORIENTED_EDGE('',*,*,#2929,.F.);
#3788=ORIENTED_EDGE('',*,*,#2934,.F.);
#3789=ORIENTED_EDGE('',*,*,#2935,.T.);
#3790=ORIENTED_EDGE('',*,*,#2936,.T.);
#3791=ORIENTED_EDGE('',*,*,#2932,.F.);
#3792=ORIENTED_EDGE('',*,*,#2937,.F.);
#3793=ORIENTED_EDGE('',*,*,#2938,.T.);
#3794=ORIENTED_EDGE('',*,*,#2939,.T.);
#3795=ORIENTED_EDGE('',*,*,#2935,.F.);
#3796=ORIENTED_EDGE('',*,*,#2940,.F.);
#3797=ORIENTED_EDGE('',*,*,#2941,.T.);
#3798=ORIENTED_EDGE('',*,*,#2942,.T.);
#3799=ORIENTED_EDGE('',*,*,#2938,.F.);
#3800=ORIENTED_EDGE('',*,*,#2943,.F.);
#3801=ORIENTED_EDGE('',*,*,#2924,.T.);
#3802=ORIENTED_EDGE('',*,*,#2944,.T.);
#3803=ORIENTED_EDGE('',*,*,#2941,.F.);
#3804=ORIENTED_EDGE('',*,*,#2944,.F.);
#3805=ORIENTED_EDGE('',*,*,#2923,.F.);
#3806=ORIENTED_EDGE('',*,*,#2927,.F.);
#3807=ORIENTED_EDGE('',*,*,#2930,.F.);
#3808=ORIENTED_EDGE('',*,*,#2933,.F.);
#3809=ORIENTED_EDGE('',*,*,#2936,.F.);
#3810=ORIENTED_EDGE('',*,*,#2939,.F.);
#3811=ORIENTED_EDGE('',*,*,#2942,.F.);
#3812=ORIENTED_EDGE('',*,*,#2945,.F.);
#3813=ORIENTED_EDGE('',*,*,#2946,.F.);
#3814=ORIENTED_EDGE('',*,*,#2947,.T.);
#3815=ORIENTED_EDGE('',*,*,#2948,.F.);
#3816=ORIENTED_EDGE('',*,*,#2949,.T.);
#3817=ORIENTED_EDGE('',*,*,#2950,.T.);
#3818=ORIENTED_EDGE('',*,*,#2921,.T.);
#3819=ORIENTED_EDGE('',*,*,#2943,.T.);
#3820=ORIENTED_EDGE('',*,*,#2940,.T.);
#3821=ORIENTED_EDGE('',*,*,#2937,.T.);
#3822=ORIENTED_EDGE('',*,*,#2934,.T.);
#3823=ORIENTED_EDGE('',*,*,#2931,.T.);
#3824=ORIENTED_EDGE('',*,*,#2928,.T.);
#3825=ORIENTED_EDGE('',*,*,#2925,.T.);
#3826=ORIENTED_EDGE('',*,*,#2897,.T.);
#3827=ORIENTED_EDGE('',*,*,#2919,.T.);
#3828=ORIENTED_EDGE('',*,*,#2916,.T.);
#3829=ORIENTED_EDGE('',*,*,#2913,.T.);
#3830=ORIENTED_EDGE('',*,*,#2910,.T.);
#3831=ORIENTED_EDGE('',*,*,#2907,.T.);
#3832=ORIENTED_EDGE('',*,*,#2904,.T.);
#3833=ORIENTED_EDGE('',*,*,#2901,.T.);
#3834=ORIENTED_EDGE('',*,*,#2951,.T.);
#3835=ORIENTED_EDGE('',*,*,#2952,.T.);
#3836=ORIENTED_EDGE('',*,*,#2953,.T.);
#3837=ORIENTED_EDGE('',*,*,#2954,.T.);
#3838=ORIENTED_EDGE('',*,*,#2952,.F.);
#3839=ORIENTED_EDGE('',*,*,#2955,.F.);
#3840=ORIENTED_EDGE('',*,*,#2956,.F.);
#3841=ORIENTED_EDGE('',*,*,#2957,.F.);
#3842=ORIENTED_EDGE('',*,*,#2958,.T.);
#3843=ORIENTED_EDGE('',*,*,#2959,.T.);
#3844=ORIENTED_EDGE('',*,*,#2960,.T.);
#3845=ORIENTED_EDGE('',*,*,#2961,.T.);
#3846=ORIENTED_EDGE('',*,*,#2954,.F.);
#3847=ORIENTED_EDGE('',*,*,#2962,.F.);
#3848=ORIENTED_EDGE('',*,*,#2959,.F.);
#3849=ORIENTED_EDGE('',*,*,#2963,.F.);
#3850=ORIENTED_EDGE('',*,*,#2964,.T.);
#3851=ORIENTED_EDGE('',*,*,#2965,.T.);
#3852=ORIENTED_EDGE('',*,*,#2966,.T.);
#3853=ORIENTED_EDGE('',*,*,#2956,.T.);
#3854=ORIENTED_EDGE('',*,*,#2965,.F.);
#3855=ORIENTED_EDGE('',*,*,#2967,.F.);
#3856=ORIENTED_EDGE('',*,*,#2968,.F.);
#3857=ORIENTED_EDGE('',*,*,#2969,.F.);
#3858=ORIENTED_EDGE('',*,*,#2970,.T.);
#3859=ORIENTED_EDGE('',*,*,#2971,.T.);
#3860=ORIENTED_EDGE('',*,*,#2972,.T.);
#3861=ORIENTED_EDGE('',*,*,#2968,.T.);
#3862=ORIENTED_EDGE('',*,*,#2961,.F.);
#3863=ORIENTED_EDGE('',*,*,#2973,.F.);
#3864=ORIENTED_EDGE('',*,*,#2971,.F.);
#3865=ORIENTED_EDGE('',*,*,#2974,.F.);
#3866=ORIENTED_EDGE('',*,*,#2975,.F.);
#3867=ORIENTED_EDGE('',*,*,#2976,.T.);
#3868=ORIENTED_EDGE('',*,*,#2950,.F.);
#3869=ORIENTED_EDGE('',*,*,#2976,.F.);
#3870=ORIENTED_EDGE('',*,*,#2977,.F.);
#3871=ORIENTED_EDGE('',*,*,#2978,.T.);
#3872=ORIENTED_EDGE('',*,*,#2979,.F.);
#3873=ORIENTED_EDGE('',*,*,#2978,.F.);
#3874=ORIENTED_EDGE('',*,*,#2980,.F.);
#3875=ORIENTED_EDGE('',*,*,#2981,.T.);
#3876=ORIENTED_EDGE('',*,*,#2949,.F.);
#3877=ORIENTED_EDGE('',*,*,#2981,.F.);
#3878=ORIENTED_EDGE('',*,*,#2982,.F.);
#3879=ORIENTED_EDGE('',*,*,#2983,.T.);
#3880=ORIENTED_EDGE('',*,*,#2984,.F.);
#3881=ORIENTED_EDGE('',*,*,#2983,.F.);
#3882=ORIENTED_EDGE('',*,*,#2985,.F.);
#3883=ORIENTED_EDGE('',*,*,#2986,.F.);
#3884=ORIENTED_EDGE('',*,*,#2987,.F.);
#3885=ORIENTED_EDGE('',*,*,#2988,.F.);
#3886=ORIENTED_EDGE('',*,*,#2989,.F.);
#3887=ORIENTED_EDGE('',*,*,#2990,.F.);
#3888=ORIENTED_EDGE('',*,*,#2991,.F.);
#3889=ORIENTED_EDGE('',*,*,#2992,.F.);
#3890=ORIENTED_EDGE('',*,*,#2993,.T.);
#3891=ORIENTED_EDGE('',*,*,#2994,.T.);
#3892=ORIENTED_EDGE('',*,*,#2995,.T.);
#3893=ORIENTED_EDGE('',*,*,#2991,.T.);
#3894=ORIENTED_EDGE('',*,*,#2994,.F.);
#3895=ORIENTED_EDGE('',*,*,#2996,.F.);
#3896=ORIENTED_EDGE('',*,*,#2997,.F.);
#3897=ORIENTED_EDGE('',*,*,#2998,.F.);
#3898=ORIENTED_EDGE('',*,*,#2999,.T.);
#3899=ORIENTED_EDGE('',*,*,#3000,.T.);
#3900=ORIENTED_EDGE('',*,*,#3001,.T.);
#3901=ORIENTED_EDGE('',*,*,#2987,.T.);
#3902=ORIENTED_EDGE('',*,*,#3000,.F.);
#3903=ORIENTED_EDGE('',*,*,#3002,.F.);
#3904=ORIENTED_EDGE('',*,*,#3003,.F.);
#3905=ORIENTED_EDGE('',*,*,#3004,.F.);
#3906=ORIENTED_EDGE('',*,*,#3005,.T.);
#3907=ORIENTED_EDGE('',*,*,#2985,.T.);
#3908=ORIENTED_EDGE('',*,*,#3006,.T.);
#3909=ORIENTED_EDGE('',*,*,#3003,.T.);
#3910=ORIENTED_EDGE('',*,*,#3007,.T.);
#3911=ORIENTED_EDGE('',*,*,#2989,.T.);
#3912=ORIENTED_EDGE('',*,*,#3008,.T.);
#3913=ORIENTED_EDGE('',*,*,#2997,.T.);
#3914=ORIENTED_EDGE('',*,*,#3009,.T.);
#3915=ORIENTED_EDGE('',*,*,#3010,.T.);
#3916=ORIENTED_EDGE('',*,*,#3011,.T.);
#3917=ORIENTED_EDGE('',*,*,#3012,.T.);
#3918=ORIENTED_EDGE('',*,*,#3013,.T.);
#3919=ORIENTED_EDGE('',*,*,#3009,.F.);
#3920=ORIENTED_EDGE('',*,*,#3014,.T.);
#3921=ORIENTED_EDGE('',*,*,#3012,.F.);
#3922=ORIENTED_EDGE('',*,*,#3015,.T.);
#3923=ORIENTED_EDGE('',*,*,#3013,.F.);
#3924=ORIENTED_EDGE('',*,*,#3016,.F.);
#3925=ORIENTED_EDGE('',*,*,#3017,.F.);
#3926=ORIENTED_EDGE('',*,*,#3018,.F.);
#3927=ORIENTED_EDGE('',*,*,#3019,.T.);
#3928=ORIENTED_EDGE('',*,*,#3020,.F.);
#3929=ORIENTED_EDGE('',*,*,#3021,.F.);
#3930=ORIENTED_EDGE('',*,*,#3022,.F.);
#3931=ORIENTED_EDGE('',*,*,#3023,.F.);
#3932=ORIENTED_EDGE('',*,*,#3024,.T.);
#3933=ORIENTED_EDGE('',*,*,#3025,.T.);
#3934=ORIENTED_EDGE('',*,*,#3026,.T.);
#3935=ORIENTED_EDGE('',*,*,#3027,.T.);
#3936=ORIENTED_EDGE('',*,*,#3028,.T.);
#3937=ORIENTED_EDGE('',*,*,#3029,.T.);
#3938=ORIENTED_EDGE('',*,*,#3030,.T.);
#3939=ORIENTED_EDGE('',*,*,#3031,.T.);
#3940=ORIENTED_EDGE('',*,*,#3032,.T.);
#3941=ORIENTED_EDGE('',*,*,#3033,.T.);
#3942=ORIENTED_EDGE('',*,*,#3010,.F.);
#3943=ORIENTED_EDGE('',*,*,#3015,.F.);
#3944=ORIENTED_EDGE('',*,*,#3011,.F.);
#3945=ORIENTED_EDGE('',*,*,#3033,.F.);
#3946=ORIENTED_EDGE('',*,*,#3034,.T.);
#3947=ORIENTED_EDGE('',*,*,#3035,.T.);
#3948=ORIENTED_EDGE('',*,*,#3036,.T.);
#3949=ORIENTED_EDGE('',*,*,#3023,.T.);
#3950=ORIENTED_EDGE('',*,*,#3036,.F.);
#3951=ORIENTED_EDGE('',*,*,#3037,.T.);
#3952=ORIENTED_EDGE('',*,*,#3038,.T.);
#3953=ORIENTED_EDGE('',*,*,#3034,.F.);
#3954=ORIENTED_EDGE('',*,*,#3035,.F.);
#3955=ORIENTED_EDGE('',*,*,#3038,.F.);
#3956=ORIENTED_EDGE('',*,*,#3032,.F.);
#3957=ORIENTED_EDGE('',*,*,#3037,.F.);
#3958=ORIENTED_EDGE('',*,*,#3039,.T.);
#3959=ORIENTED_EDGE('',*,*,#3040,.T.);
#3960=ORIENTED_EDGE('',*,*,#3041,.T.);
#3961=ORIENTED_EDGE('',*,*,#3042,.T.);
#3962=ORIENTED_EDGE('',*,*,#3040,.F.);
#3963=ORIENTED_EDGE('',*,*,#3043,.T.);
#3964=ORIENTED_EDGE('',*,*,#3044,.F.);
#3965=ORIENTED_EDGE('',*,*,#3045,.F.);
#3966=ORIENTED_EDGE('',*,*,#3046,.F.);
#3967=ORIENTED_EDGE('',*,*,#3047,.F.);
#3968=ORIENTED_EDGE('',*,*,#3048,.F.);
#3969=ORIENTED_EDGE('',*,*,#3049,.T.);
#3970=ORIENTED_EDGE('',*,*,#3050,.F.);
#3971=ORIENTED_EDGE('',*,*,#3051,.T.);
#3972=ORIENTED_EDGE('',*,*,#3052,.T.);
#3973=ORIENTED_EDGE('',*,*,#3053,.T.);
#3974=ORIENTED_EDGE('',*,*,#3054,.F.);
#3975=ORIENTED_EDGE('',*,*,#3055,.T.);
#3976=ORIENTED_EDGE('',*,*,#3056,.F.);
#3977=ORIENTED_EDGE('',*,*,#3057,.T.);
#3978=ORIENTED_EDGE('',*,*,#3058,.T.);
#3979=ORIENTED_EDGE('',*,*,#3059,.T.);
#3980=ORIENTED_EDGE('',*,*,#3060,.F.);
#3981=ORIENTED_EDGE('',*,*,#3061,.T.);
#3982=ORIENTED_EDGE('',*,*,#3062,.F.);
#3983=ORIENTED_EDGE('',*,*,#3063,.T.);
#3984=ORIENTED_EDGE('',*,*,#3064,.T.);
#3985=ORIENTED_EDGE('',*,*,#3065,.T.);
#3986=ORIENTED_EDGE('',*,*,#3066,.F.);
#3987=ORIENTED_EDGE('',*,*,#3067,.T.);
#3988=ORIENTED_EDGE('',*,*,#3068,.T.);
#3989=ORIENTED_EDGE('',*,*,#3069,.T.);
#3990=ORIENTED_EDGE('',*,*,#3070,.T.);
#3991=ORIENTED_EDGE('',*,*,#3050,.T.);
#3992=ORIENTED_EDGE('',*,*,#3071,.T.);
#3993=ORIENTED_EDGE('',*,*,#3072,.T.);
#3994=ORIENTED_EDGE('',*,*,#3073,.T.);
#3995=ORIENTED_EDGE('',*,*,#3062,.T.);
#3996=ORIENTED_EDGE('',*,*,#3074,.T.);
#3997=ORIENTED_EDGE('',*,*,#3075,.T.);
#3998=ORIENTED_EDGE('',*,*,#3076,.T.);
#3999=ORIENTED_EDGE('',*,*,#3060,.T.);
#4000=ORIENTED_EDGE('',*,*,#3077,.T.);
#4001=ORIENTED_EDGE('',*,*,#3078,.T.);
#4002=ORIENTED_EDGE('',*,*,#3079,.T.);
#4003=ORIENTED_EDGE('',*,*,#3056,.T.);
#4004=ORIENTED_EDGE('',*,*,#3080,.T.);
#4005=ORIENTED_EDGE('',*,*,#3081,.T.);
#4006=ORIENTED_EDGE('',*,*,#3082,.T.);
#4007=ORIENTED_EDGE('',*,*,#3054,.T.);
#4008=ORIENTED_EDGE('',*,*,#3083,.T.);
#4009=ORIENTED_EDGE('',*,*,#3084,.T.);
#4010=ORIENTED_EDGE('',*,*,#3085,.T.);
#4011=ORIENTED_EDGE('',*,*,#3086,.T.);
#4012=ORIENTED_EDGE('',*,*,#3087,.T.);
#4013=ORIENTED_EDGE('',*,*,#3088,.T.);
#4014=ORIENTED_EDGE('',*,*,#3086,.F.);
#4015=ORIENTED_EDGE('',*,*,#3089,.T.);
#4016=ORIENTED_EDGE('',*,*,#3090,.T.);
#4017=ORIENTED_EDGE('',*,*,#3091,.T.);
#4018=ORIENTED_EDGE('',*,*,#3092,.F.);
#4019=ORIENTED_EDGE('',*,*,#3093,.T.);
#4020=ORIENTED_EDGE('',*,*,#3094,.T.);
#4021=ORIENTED_EDGE('',*,*,#3095,.F.);
#4022=ORIENTED_EDGE('',*,*,#3096,.T.);
#4023=ORIENTED_EDGE('',*,*,#3097,.T.);
#4024=ORIENTED_EDGE('',*,*,#3098,.T.);
#4025=ORIENTED_EDGE('',*,*,#3099,.T.);
#4026=ORIENTED_EDGE('',*,*,#3097,.F.);
#4027=ORIENTED_EDGE('',*,*,#3100,.T.);
#4028=ORIENTED_EDGE('',*,*,#3101,.T.);
#4029=ORIENTED_EDGE('',*,*,#3102,.T.);
#4030=ORIENTED_EDGE('',*,*,#3103,.F.);
#4031=ORIENTED_EDGE('',*,*,#3104,.T.);
#4032=ORIENTED_EDGE('',*,*,#3105,.T.);
#4033=ORIENTED_EDGE('',*,*,#3106,.F.);
#4034=ORIENTED_EDGE('',*,*,#3107,.T.);
#4035=ORIENTED_EDGE('',*,*,#3108,.T.);
#4036=ORIENTED_EDGE('',*,*,#3109,.T.);
#4037=ORIENTED_EDGE('',*,*,#3110,.T.);
#4038=ORIENTED_EDGE('',*,*,#3108,.F.);
#4039=ORIENTED_EDGE('',*,*,#3111,.F.);
#4040=ORIENTED_EDGE('',*,*,#3112,.F.);
#4041=ORIENTED_EDGE('',*,*,#3113,.F.);
#4042=ORIENTED_EDGE('',*,*,#3114,.T.);
#4043=ORIENTED_EDGE('',*,*,#3115,.T.);
#4044=ORIENTED_EDGE('',*,*,#3116,.T.);
#4045=ORIENTED_EDGE('',*,*,#3117,.T.);
#4046=ORIENTED_EDGE('',*,*,#3115,.F.);
#4047=ORIENTED_EDGE('',*,*,#3118,.T.);
#4048=ORIENTED_EDGE('',*,*,#3119,.F.);
#4049=ORIENTED_EDGE('',*,*,#3120,.T.);
#4050=ORIENTED_EDGE('',*,*,#3114,.F.);
#4051=ORIENTED_EDGE('',*,*,#3121,.F.);
#4052=ORIENTED_EDGE('',*,*,#3111,.T.);
#4053=ORIENTED_EDGE('',*,*,#3107,.F.);
#4054=ORIENTED_EDGE('',*,*,#3122,.T.);
#4055=ORIENTED_EDGE('',*,*,#3123,.F.);
#4056=ORIENTED_EDGE('',*,*,#3124,.T.);
#4057=ORIENTED_EDGE('',*,*,#3125,.F.);
#4058=ORIENTED_EDGE('',*,*,#3126,.F.);
#4059=ORIENTED_EDGE('',*,*,#3127,.F.);
#4060=ORIENTED_EDGE('',*,*,#3128,.F.);
#4061=ORIENTED_EDGE('',*,*,#3102,.F.);
#4062=ORIENTED_EDGE('',*,*,#3129,.F.);
#4063=ORIENTED_EDGE('',*,*,#3130,.T.);
#4064=ORIENTED_EDGE('',*,*,#3131,.T.);
#4065=ORIENTED_EDGE('',*,*,#3132,.F.);
#4066=ORIENTED_EDGE('',*,*,#3133,.F.);
#4067=ORIENTED_EDGE('',*,*,#3134,.F.);
#4068=ORIENTED_EDGE('',*,*,#3118,.F.);
#4069=ORIENTED_EDGE('',*,*,#3135,.T.);
#4070=ORIENTED_EDGE('',*,*,#3119,.T.);
#4071=ORIENTED_EDGE('',*,*,#3134,.T.);
#4072=ORIENTED_EDGE('',*,*,#3136,.F.);
#4073=ORIENTED_EDGE('',*,*,#3137,.T.);
#4074=ORIENTED_EDGE('',*,*,#3138,.T.);
#4075=ORIENTED_EDGE('',*,*,#3123,.T.);
#4076=ORIENTED_EDGE('',*,*,#3139,.T.);
#4077=ORIENTED_EDGE('',*,*,#3138,.F.);
#4078=ORIENTED_EDGE('',*,*,#3140,.F.);
#4079=ORIENTED_EDGE('',*,*,#3141,.F.);
#4080=ORIENTED_EDGE('',*,*,#3124,.F.);
#4081=ORIENTED_EDGE('',*,*,#3132,.T.);
#4082=ORIENTED_EDGE('',*,*,#3142,.T.);
#4083=ORIENTED_EDGE('',*,*,#3143,.T.);
#4084=ORIENTED_EDGE('',*,*,#3144,.T.);
#4085=ORIENTED_EDGE('',*,*,#3142,.F.);
#4086=ORIENTED_EDGE('',*,*,#3131,.F.);
#4087=ORIENTED_EDGE('',*,*,#3145,.F.);
#4088=ORIENTED_EDGE('',*,*,#3146,.F.);
#4089=ORIENTED_EDGE('',*,*,#3147,.T.);
#4090=ORIENTED_EDGE('',*,*,#3148,.T.);
#4091=ORIENTED_EDGE('',*,*,#3149,.T.);
#4092=ORIENTED_EDGE('',*,*,#3150,.T.);
#4093=ORIENTED_EDGE('',*,*,#3148,.F.);
#4094=ORIENTED_EDGE('',*,*,#3151,.F.);
#4095=ORIENTED_EDGE('',*,*,#3152,.F.);
#4096=ORIENTED_EDGE('',*,*,#3153,.F.);
#4097=ORIENTED_EDGE('',*,*,#3154,.T.);
#4098=ORIENTED_EDGE('',*,*,#3155,.T.);
#4099=ORIENTED_EDGE('',*,*,#3156,.T.);
#4100=ORIENTED_EDGE('',*,*,#3152,.T.);
#4101=ORIENTED_EDGE('',*,*,#3155,.F.);
#4102=ORIENTED_EDGE('',*,*,#3157,.F.);
#4103=ORIENTED_EDGE('',*,*,#3158,.F.);
#4104=ORIENTED_EDGE('',*,*,#3159,.F.);
#4105=ORIENTED_EDGE('',*,*,#3160,.T.);
#4106=ORIENTED_EDGE('',*,*,#3161,.T.);
#4107=ORIENTED_EDGE('',*,*,#3162,.T.);
#4108=ORIENTED_EDGE('',*,*,#3163,.T.);
#4109=ORIENTED_EDGE('',*,*,#3161,.F.);
#4110=ORIENTED_EDGE('',*,*,#3164,.T.);
#4111=ORIENTED_EDGE('',*,*,#3165,.F.);
#4112=ORIENTED_EDGE('',*,*,#3166,.T.);
#4113=ORIENTED_EDGE('',*,*,#3160,.F.);
#4114=ORIENTED_EDGE('',*,*,#3167,.F.);
#4115=ORIENTED_EDGE('',*,*,#3157,.T.);
#4116=ORIENTED_EDGE('',*,*,#3154,.F.);
#4117=ORIENTED_EDGE('',*,*,#3151,.T.);
#4118=ORIENTED_EDGE('',*,*,#3147,.F.);
#4119=ORIENTED_EDGE('',*,*,#3168,.T.);
#4120=ORIENTED_EDGE('',*,*,#3169,.F.);
#4121=ORIENTED_EDGE('',*,*,#3170,.F.);
#4122=ORIENTED_EDGE('',*,*,#3171,.F.);
#4123=ORIENTED_EDGE('',*,*,#3172,.F.);
#4124=ORIENTED_EDGE('',*,*,#3091,.F.);
#4125=ORIENTED_EDGE('',*,*,#3173,.F.);
#4126=ORIENTED_EDGE('',*,*,#3174,.T.);
#4127=ORIENTED_EDGE('',*,*,#3175,.T.);
#4128=ORIENTED_EDGE('',*,*,#3176,.F.);
#4129=ORIENTED_EDGE('',*,*,#3177,.F.);
#4130=ORIENTED_EDGE('',*,*,#3178,.F.);
#4131=ORIENTED_EDGE('',*,*,#3164,.F.);
#4132=ORIENTED_EDGE('',*,*,#3176,.T.);
#4133=ORIENTED_EDGE('',*,*,#3179,.T.);
#4134=ORIENTED_EDGE('',*,*,#3180,.T.);
#4135=ORIENTED_EDGE('',*,*,#3181,.T.);
#4136=ORIENTED_EDGE('',*,*,#3179,.F.);
#4137=ORIENTED_EDGE('',*,*,#3175,.F.);
#4138=ORIENTED_EDGE('',*,*,#3182,.F.);
#4139=ORIENTED_EDGE('',*,*,#3183,.F.);
#4140=ORIENTED_EDGE('',*,*,#3184,.T.);
#4141=ORIENTED_EDGE('',*,*,#3165,.T.);
#4142=ORIENTED_EDGE('',*,*,#3178,.T.);
#4143=ORIENTED_EDGE('',*,*,#3185,.F.);
#4144=ORIENTED_EDGE('',*,*,#3162,.F.);
#4145=ORIENTED_EDGE('',*,*,#3166,.F.);
#4146=ORIENTED_EDGE('',*,*,#3184,.F.);
#4147=ORIENTED_EDGE('',*,*,#3186,.F.);
#4148=ORIENTED_EDGE('',*,*,#3180,.F.);
#4149=ORIENTED_EDGE('',*,*,#3183,.T.);
#4150=ORIENTED_EDGE('',*,*,#3187,.F.);
#4151=ORIENTED_EDGE('',*,*,#3188,.T.);
#4152=ORIENTED_EDGE('',*,*,#3093,.F.);
#4153=ORIENTED_EDGE('',*,*,#3189,.F.);
#4154=ORIENTED_EDGE('',*,*,#3190,.F.);
#4155=ORIENTED_EDGE('',*,*,#3191,.F.);
#4156=ORIENTED_EDGE('',*,*,#3192,.F.);
#4157=ORIENTED_EDGE('',*,*,#3193,.T.);
#4158=ORIENTED_EDGE('',*,*,#3149,.F.);
#4159=ORIENTED_EDGE('',*,*,#3153,.T.);
#4160=ORIENTED_EDGE('',*,*,#3156,.F.);
#4161=ORIENTED_EDGE('',*,*,#3159,.T.);
#4162=ORIENTED_EDGE('',*,*,#3194,.T.);
#4163=ORIENTED_EDGE('',*,*,#3128,.T.);
#4164=ORIENTED_EDGE('',*,*,#3195,.T.);
#4165=ORIENTED_EDGE('',*,*,#3196,.T.);
#4166=ORIENTED_EDGE('',*,*,#3103,.T.);
#4167=ORIENTED_EDGE('',*,*,#3195,.F.);
#4168=ORIENTED_EDGE('',*,*,#3127,.T.);
#4169=ORIENTED_EDGE('',*,*,#3197,.F.);
#4170=ORIENTED_EDGE('',*,*,#3198,.T.);
#4171=ORIENTED_EDGE('',*,*,#3199,.T.);
#4172=ORIENTED_EDGE('',*,*,#3197,.T.);
#4173=ORIENTED_EDGE('',*,*,#3126,.T.);
#4174=ORIENTED_EDGE('',*,*,#3200,.T.);
#4175=ORIENTED_EDGE('',*,*,#3172,.T.);
#4176=ORIENTED_EDGE('',*,*,#3201,.T.);
#4177=ORIENTED_EDGE('',*,*,#3189,.T.);
#4178=ORIENTED_EDGE('',*,*,#3092,.T.);
#4179=ORIENTED_EDGE('',*,*,#3201,.F.);
#4180=ORIENTED_EDGE('',*,*,#3171,.T.);
#4181=ORIENTED_EDGE('',*,*,#3202,.F.);
#4182=ORIENTED_EDGE('',*,*,#3190,.T.);
#4183=ORIENTED_EDGE('',*,*,#3191,.T.);
#4184=ORIENTED_EDGE('',*,*,#3202,.T.);
#4185=ORIENTED_EDGE('',*,*,#3170,.T.);
#4186=ORIENTED_EDGE('',*,*,#3203,.T.);
#4187=ORIENTED_EDGE('',*,*,#3204,.F.);
#4188=ORIENTED_EDGE('',*,*,#3205,.F.);
#4189=ORIENTED_EDGE('',*,*,#3206,.F.);
#4190=ORIENTED_EDGE('',*,*,#3207,.F.);
#4191=ORIENTED_EDGE('',*,*,#3208,.T.);
#4192=ORIENTED_EDGE('',*,*,#3205,.T.);
#4193=ORIENTED_EDGE('',*,*,#3209,.T.);
#4194=ORIENTED_EDGE('',*,*,#3210,.F.);
#4195=ORIENTED_EDGE('',*,*,#3211,.F.);
#4196=ORIENTED_EDGE('',*,*,#3212,.F.);
#4197=ORIENTED_EDGE('',*,*,#3213,.F.);
#4198=ORIENTED_EDGE('',*,*,#3214,.T.);
#4199=ORIENTED_EDGE('',*,*,#3211,.T.);
#4200=ORIENTED_EDGE('',*,*,#3215,.T.);
#4201=ORIENTED_EDGE('',*,*,#3216,.T.);
#4202=ORIENTED_EDGE('',*,*,#3217,.T.);
#4203=ORIENTED_EDGE('',*,*,#3212,.T.);
#4204=ORIENTED_EDGE('',*,*,#3218,.T.);
#4205=ORIENTED_EDGE('',*,*,#3206,.T.);
#4206=ORIENTED_EDGE('',*,*,#3219,.T.);
#4207=ORIENTED_EDGE('',*,*,#3210,.T.);
#4208=ORIENTED_EDGE('',*,*,#3220,.T.);
#4209=ORIENTED_EDGE('',*,*,#3221,.T.);
#4210=ORIENTED_EDGE('',*,*,#3222,.T.);
#4211=ORIENTED_EDGE('',*,*,#3204,.T.);
#4212=ORIENTED_EDGE('',*,*,#3223,.T.);
#4213=ORIENTED_EDGE('',*,*,#3215,.F.);
#4214=ORIENTED_EDGE('',*,*,#3219,.F.);
#4215=ORIENTED_EDGE('',*,*,#3208,.F.);
#4216=ORIENTED_EDGE('',*,*,#3224,.T.);
#4217=ORIENTED_EDGE('',*,*,#3225,.F.);
#4218=ORIENTED_EDGE('',*,*,#3226,.F.);
#4219=ORIENTED_EDGE('',*,*,#3227,.F.);
#4220=ORIENTED_EDGE('',*,*,#3228,.T.);
#4221=ORIENTED_EDGE('',*,*,#3229,.T.);
#4222=ORIENTED_EDGE('',*,*,#3099,.F.);
#4223=ORIENTED_EDGE('',*,*,#3230,.T.);
#4224=ORIENTED_EDGE('',*,*,#3088,.F.);
#4225=ORIENTED_EDGE('',*,*,#3231,.F.);
#4226=ORIENTED_EDGE('',*,*,#3232,.F.);
#4227=ORIENTED_EDGE('',*,*,#3233,.F.);
#4228=ORIENTED_EDGE('',*,*,#3234,.T.);
#4229=ORIENTED_EDGE('',*,*,#3235,.T.);
#4230=ORIENTED_EDGE('',*,*,#3236,.T.);
#4231=ORIENTED_EDGE('',*,*,#3237,.T.);
#4232=ORIENTED_EDGE('',*,*,#3238,.T.);
#4233=ORIENTED_EDGE('',*,*,#3239,.T.);
#4234=ORIENTED_EDGE('',*,*,#3240,.T.);
#4235=ORIENTED_EDGE('',*,*,#3213,.T.);
#4236=ORIENTED_EDGE('',*,*,#3228,.F.);
#4237=ORIENTED_EDGE('',*,*,#3241,.F.);
#4238=ORIENTED_EDGE('',*,*,#3242,.T.);
#4239=ORIENTED_EDGE('',*,*,#3243,.F.);
#4240=ORIENTED_EDGE('',*,*,#3044,.T.);
#4241=ORIENTED_EDGE('',*,*,#3244,.T.);
#4242=ORIENTED_EDGE('',*,*,#3245,.T.);
#4243=ORIENTED_EDGE('',*,*,#3246,.T.);
#4244=ORIENTED_EDGE('',*,*,#3066,.T.);
#4245=ORIENTED_EDGE('',*,*,#3247,.T.);
#4246=ORIENTED_EDGE('',*,*,#3248,.T.);
#4247=ORIENTED_EDGE('',*,*,#3249,.T.);
#4248=ORIENTED_EDGE('',*,*,#3048,.T.);
#4249=ORIENTED_EDGE('',*,*,#3250,.F.);
#4250=ORIENTED_EDGE('',*,*,#3251,.T.);
#4251=ORIENTED_EDGE('',*,*,#3252,.F.);
#4252=ORIENTED_EDGE('',*,*,#3224,.F.);
#4253=ORIENTED_EDGE('',*,*,#3207,.T.);
#4254=ORIENTED_EDGE('',*,*,#3253,.T.);
#4255=ORIENTED_EDGE('',*,*,#3254,.T.);
#4256=ORIENTED_EDGE('',*,*,#3255,.F.);
#4257=ORIENTED_EDGE('',*,*,#2957,.T.);
#4258=ORIENTED_EDGE('',*,*,#2966,.F.);
#4259=ORIENTED_EDGE('',*,*,#2969,.T.);
#4260=ORIENTED_EDGE('',*,*,#2972,.F.);
#4261=ORIENTED_EDGE('',*,*,#2973,.T.);
#4262=ORIENTED_EDGE('',*,*,#2960,.F.);
#4263=ORIENTED_EDGE('',*,*,#2962,.T.);
#4264=ORIENTED_EDGE('',*,*,#2953,.F.);
#4265=ORIENTED_EDGE('',*,*,#2979,.T.);
#4266=ORIENTED_EDGE('',*,*,#2984,.T.);
#4267=ORIENTED_EDGE('',*,*,#3209,.F.);
#4268=ORIENTED_EDGE('',*,*,#3222,.F.);
#4269=ORIENTED_EDGE('',*,*,#3256,.T.);
#4270=ORIENTED_EDGE('',*,*,#3253,.F.);
#4271=ORIENTED_EDGE('',*,*,#2992,.T.);
#4272=ORIENTED_EDGE('',*,*,#2995,.F.);
#4273=ORIENTED_EDGE('',*,*,#2998,.T.);
#4274=ORIENTED_EDGE('',*,*,#3008,.F.);
#4275=ORIENTED_EDGE('',*,*,#3257,.T.);
#4276=ORIENTED_EDGE('',*,*,#3258,.T.);
#4277=ORIENTED_EDGE('',*,*,#3259,.T.);
#4278=ORIENTED_EDGE('',*,*,#3072,.F.);
#4279=ORIENTED_EDGE('',*,*,#3260,.T.);
#4280=ORIENTED_EDGE('',*,*,#3261,.T.);
#4281=ORIENTED_EDGE('',*,*,#3262,.T.);
#4282=ORIENTED_EDGE('',*,*,#3084,.F.);
#4283=ORIENTED_EDGE('',*,*,#3125,.T.);
#4284=ORIENTED_EDGE('',*,*,#3141,.T.);
#4285=ORIENTED_EDGE('',*,*,#3263,.T.);
#4286=ORIENTED_EDGE('',*,*,#3200,.F.);
#4287=ORIENTED_EDGE('',*,*,#3264,.T.);
#4288=ORIENTED_EDGE('',*,*,#3265,.T.);
#4289=ORIENTED_EDGE('',*,*,#3266,.T.);
#4290=ORIENTED_EDGE('',*,*,#3020,.T.);
#4291=ORIENTED_EDGE('',*,*,#3267,.T.);
#4292=ORIENTED_EDGE('',*,*,#3021,.T.);
#4293=ORIENTED_EDGE('',*,*,#3266,.F.);
#4294=ORIENTED_EDGE('',*,*,#3268,.T.);
#4295=ORIENTED_EDGE('',*,*,#3014,.F.);
#4296=ORIENTED_EDGE('',*,*,#3022,.T.);
#4297=ORIENTED_EDGE('',*,*,#3267,.F.);
#4298=ORIENTED_EDGE('',*,*,#2945,.T.);
#4299=ORIENTED_EDGE('',*,*,#3269,.T.);
#4300=ORIENTED_EDGE('',*,*,#3016,.T.);
#4301=ORIENTED_EDGE('',*,*,#3270,.T.);
#4302=ORIENTED_EDGE('',*,*,#3017,.T.);
#4303=ORIENTED_EDGE('',*,*,#3269,.F.);
#4304=ORIENTED_EDGE('',*,*,#3271,.T.);
#4305=ORIENTED_EDGE('',*,*,#3272,.T.);
#4306=ORIENTED_EDGE('',*,*,#3018,.T.);
#4307=ORIENTED_EDGE('',*,*,#3270,.F.);
#4308=ORIENTED_EDGE('',*,*,#3273,.T.);
#4309=ORIENTED_EDGE('',*,*,#3273,.F.);
#4310=ORIENTED_EDGE('',*,*,#3274,.F.);
#4311=ORIENTED_EDGE('',*,*,#3275,.T.);
#4312=ORIENTED_EDGE('',*,*,#3276,.F.);
#4313=ORIENTED_EDGE('',*,*,#2988,.T.);
#4314=ORIENTED_EDGE('',*,*,#3001,.F.);
#4315=ORIENTED_EDGE('',*,*,#3004,.T.);
#4316=ORIENTED_EDGE('',*,*,#3006,.F.);
#4317=ORIENTED_EDGE('',*,*,#3277,.F.);
#4318=ORIENTED_EDGE('',*,*,#3271,.F.);
#4319=ORIENTED_EDGE('',*,*,#2948,.T.);
#4320=ORIENTED_EDGE('',*,*,#3278,.T.);
#4321=ORIENTED_EDGE('',*,*,#3274,.T.);
#4322=ORIENTED_EDGE('',*,*,#2861,.T.);
#4323=ORIENTED_EDGE('',*,*,#2895,.T.);
#4324=ORIENTED_EDGE('',*,*,#2892,.T.);
#4325=ORIENTED_EDGE('',*,*,#2889,.T.);
#4326=ORIENTED_EDGE('',*,*,#2886,.T.);
#4327=ORIENTED_EDGE('',*,*,#2883,.T.);
#4328=ORIENTED_EDGE('',*,*,#2880,.T.);
#4329=ORIENTED_EDGE('',*,*,#2877,.T.);
#4330=ORIENTED_EDGE('',*,*,#2874,.T.);
#4331=ORIENTED_EDGE('',*,*,#2871,.T.);
#4332=ORIENTED_EDGE('',*,*,#2868,.T.);
#4333=ORIENTED_EDGE('',*,*,#2865,.T.);
#4334=ORIENTED_EDGE('',*,*,#3268,.F.);
#4335=ORIENTED_EDGE('',*,*,#3279,.T.);
#4336=ORIENTED_EDGE('',*,*,#3280,.T.);
#4337=ORIENTED_EDGE('',*,*,#2946,.T.);
#4338=ORIENTED_EDGE('',*,*,#3272,.F.);
#4339=ORIENTED_EDGE('',*,*,#3276,.T.);
#4340=ORIENTED_EDGE('',*,*,#3281,.T.);
#4341=ORIENTED_EDGE('',*,*,#3282,.F.);
#4342=ORIENTED_EDGE('',*,*,#3264,.F.);
#4343=ORIENTED_EDGE('',*,*,#3019,.F.);
#4344=ORIENTED_EDGE('',*,*,#2955,.T.);
#4345=ORIENTED_EDGE('',*,*,#2951,.F.);
#4346=ORIENTED_EDGE('',*,*,#2963,.T.);
#4347=ORIENTED_EDGE('',*,*,#2958,.F.);
#4348=ORIENTED_EDGE('',*,*,#2974,.T.);
#4349=ORIENTED_EDGE('',*,*,#2970,.F.);
#4350=ORIENTED_EDGE('',*,*,#2967,.T.);
#4351=ORIENTED_EDGE('',*,*,#2964,.F.);
#4352=ORIENTED_EDGE('',*,*,#2977,.T.);
#4353=ORIENTED_EDGE('',*,*,#2982,.T.);
#4354=ORIENTED_EDGE('',*,*,#3046,.T.);
#4355=ORIENTED_EDGE('',*,*,#3283,.F.);
#4356=ORIENTED_EDGE('',*,*,#3284,.T.);
#4357=ORIENTED_EDGE('',*,*,#3285,.F.);
#4358=ORIENTED_EDGE('',*,*,#3226,.T.);
#4359=ORIENTED_EDGE('',*,*,#3286,.F.);
#4360=ORIENTED_EDGE('',*,*,#3287,.T.);
#4361=ORIENTED_EDGE('',*,*,#3288,.F.);
#4362=ORIENTED_EDGE('',*,*,#3265,.F.);
#4363=ORIENTED_EDGE('',*,*,#3282,.T.);
#4364=ORIENTED_EDGE('',*,*,#3289,.T.);
#4365=ORIENTED_EDGE('',*,*,#3279,.F.);
#4366=ORIENTED_EDGE('',*,*,#3007,.F.);
#4367=ORIENTED_EDGE('',*,*,#2996,.T.);
#4368=ORIENTED_EDGE('',*,*,#2993,.F.);
#4369=ORIENTED_EDGE('',*,*,#2990,.T.);
#4370=ORIENTED_EDGE('',*,*,#3290,.F.);
#4371=ORIENTED_EDGE('',*,*,#3291,.T.);
#4372=ORIENTED_EDGE('',*,*,#3292,.F.);
#4373=ORIENTED_EDGE('',*,*,#3293,.F.);
#4374=ORIENTED_EDGE('',*,*,#3294,.T.);
#4375=ORIENTED_EDGE('',*,*,#3295,.F.);
#4376=ORIENTED_EDGE('',*,*,#3291,.F.);
#4377=ORIENTED_EDGE('',*,*,#3296,.F.);
#4378=ORIENTED_EDGE('',*,*,#3297,.F.);
#4379=ORIENTED_EDGE('',*,*,#3214,.F.);
#4380=ORIENTED_EDGE('',*,*,#3255,.T.);
#4381=ORIENTED_EDGE('',*,*,#3298,.T.);
#4382=ORIENTED_EDGE('',*,*,#3218,.F.);
#4383=ORIENTED_EDGE('',*,*,#3005,.F.);
#4384=ORIENTED_EDGE('',*,*,#3002,.T.);
#4385=ORIENTED_EDGE('',*,*,#2999,.F.);
#4386=ORIENTED_EDGE('',*,*,#2986,.T.);
#4387=ORIENTED_EDGE('',*,*,#3299,.T.);
#4388=ORIENTED_EDGE('',*,*,#3300,.T.);
#4389=ORIENTED_EDGE('',*,*,#3301,.T.);
#4390=ORIENTED_EDGE('',*,*,#3042,.F.);
#4391=ORIENTED_EDGE('',*,*,#3302,.T.);
#4392=ORIENTED_EDGE('',*,*,#3297,.T.);
#4393=ORIENTED_EDGE('',*,*,#3303,.T.);
#4394=ORIENTED_EDGE('',*,*,#3075,.F.);
#4395=ORIENTED_EDGE('',*,*,#3169,.T.);
#4396=ORIENTED_EDGE('',*,*,#3304,.T.);
#4397=ORIENTED_EDGE('',*,*,#3192,.T.);
#4398=ORIENTED_EDGE('',*,*,#3203,.F.);
#4399=ORIENTED_EDGE('',*,*,#3305,.T.);
#4400=ORIENTED_EDGE('',*,*,#3306,.F.);
#4401=ORIENTED_EDGE('',*,*,#3307,.F.);
#4402=ORIENTED_EDGE('',*,*,#3308,.T.);
#4403=ORIENTED_EDGE('',*,*,#3309,.F.);
#4404=ORIENTED_EDGE('',*,*,#3300,.F.);
#4405=ORIENTED_EDGE('',*,*,#3310,.F.);
#4406=ORIENTED_EDGE('',*,*,#3305,.F.);
#4407=ORIENTED_EDGE('',*,*,#3293,.T.);
#4408=ORIENTED_EDGE('',*,*,#3311,.F.);
#4409=ORIENTED_EDGE('',*,*,#3312,.T.);
#4410=ORIENTED_EDGE('',*,*,#3313,.F.);
#4411=ORIENTED_EDGE('',*,*,#3314,.T.);
#4412=ORIENTED_EDGE('',*,*,#3315,.F.);
#4413=ORIENTED_EDGE('',*,*,#3316,.T.);
#4414=ORIENTED_EDGE('',*,*,#3317,.F.);
#4415=ORIENTED_EDGE('',*,*,#3318,.T.);
#4416=ORIENTED_EDGE('',*,*,#3319,.F.);
#4417=ORIENTED_EDGE('',*,*,#3320,.T.);
#4418=ORIENTED_EDGE('',*,*,#3321,.F.);
#4419=ORIENTED_EDGE('',*,*,#3322,.T.);
#4420=ORIENTED_EDGE('',*,*,#3323,.F.);
#4421=ORIENTED_EDGE('',*,*,#3307,.T.);
#4422=ORIENTED_EDGE('',*,*,#3324,.F.);
#4423=ORIENTED_EDGE('',*,*,#3325,.T.);
#4424=ORIENTED_EDGE('',*,*,#3326,.F.);
#4425=ORIENTED_EDGE('',*,*,#3318,.F.);
#4426=ORIENTED_EDGE('',*,*,#3327,.T.);
#4427=ORIENTED_EDGE('',*,*,#3328,.F.);
#4428=ORIENTED_EDGE('',*,*,#3325,.F.);
#4429=ORIENTED_EDGE('',*,*,#3329,.F.);
#4430=ORIENTED_EDGE('',*,*,#3258,.F.);
#4431=ORIENTED_EDGE('',*,*,#3330,.T.);
#4432=ORIENTED_EDGE('',*,*,#3331,.F.);
#4433=ORIENTED_EDGE('',*,*,#3316,.F.);
#4434=ORIENTED_EDGE('',*,*,#3332,.T.);
#4435=ORIENTED_EDGE('',*,*,#3333,.F.);
#4436=ORIENTED_EDGE('',*,*,#3261,.F.);
#4437=ORIENTED_EDGE('',*,*,#3334,.F.);
#4438=ORIENTED_EDGE('',*,*,#3330,.F.);
#4439=ORIENTED_EDGE('',*,*,#3335,.T.);
#4440=ORIENTED_EDGE('',*,*,#3336,.F.);
#4441=ORIENTED_EDGE('',*,*,#3312,.F.);
#4442=ORIENTED_EDGE('',*,*,#3337,.T.);
#4443=ORIENTED_EDGE('',*,*,#3338,.F.);
#4444=ORIENTED_EDGE('',*,*,#3339,.F.);
#4445=ORIENTED_EDGE('',*,*,#3335,.F.);
#4446=ORIENTED_EDGE('',*,*,#3340,.F.);
#4447=ORIENTED_EDGE('',*,*,#3217,.F.);
#4448=ORIENTED_EDGE('',*,*,#3341,.T.);
#4449=ORIENTED_EDGE('',*,*,#3223,.F.);
#4450=ORIENTED_EDGE('',*,*,#3220,.F.);
#4451=ORIENTED_EDGE('',*,*,#2975,.T.);
#4452=ORIENTED_EDGE('',*,*,#2980,.T.);
#4453=ORIENTED_EDGE('',*,*,#3342,.T.);
#4454=ORIENTED_EDGE('',*,*,#3338,.T.);
#4455=ORIENTED_EDGE('',*,*,#3343,.T.);
#4456=ORIENTED_EDGE('',*,*,#3078,.F.);
#4457=ORIENTED_EDGE('',*,*,#3344,.T.);
#4458=ORIENTED_EDGE('',*,*,#3345,.T.);
#4459=ORIENTED_EDGE('',*,*,#3346,.T.);
#4460=ORIENTED_EDGE('',*,*,#3081,.F.);
#4461=ORIENTED_EDGE('',*,*,#3347,.T.);
#4462=ORIENTED_EDGE('',*,*,#3348,.F.);
#4463=ORIENTED_EDGE('',*,*,#3322,.F.);
#4464=ORIENTED_EDGE('',*,*,#3349,.T.);
#4465=ORIENTED_EDGE('',*,*,#3350,.F.);
#4466=ORIENTED_EDGE('',*,*,#3347,.F.);
#4467=ORIENTED_EDGE('',*,*,#3351,.F.);
#4468=ORIENTED_EDGE('',*,*,#3245,.F.);
#4469=ORIENTED_EDGE('',*,*,#3352,.T.);
#4470=ORIENTED_EDGE('',*,*,#3353,.F.);
#4471=ORIENTED_EDGE('',*,*,#3320,.F.);
#4472=ORIENTED_EDGE('',*,*,#3354,.T.);
#4473=ORIENTED_EDGE('',*,*,#3355,.F.);
#4474=ORIENTED_EDGE('',*,*,#3248,.F.);
#4475=ORIENTED_EDGE('',*,*,#3356,.F.);
#4476=ORIENTED_EDGE('',*,*,#3352,.F.);
#4477=ORIENTED_EDGE('',*,*,#3357,.T.);
#4478=ORIENTED_EDGE('',*,*,#3358,.F.);
#4479=ORIENTED_EDGE('',*,*,#3314,.F.);
#4480=ORIENTED_EDGE('',*,*,#3359,.T.);
#4481=ORIENTED_EDGE('',*,*,#3360,.F.);
#4482=ORIENTED_EDGE('',*,*,#3357,.F.);
#4483=ORIENTED_EDGE('',*,*,#3361,.F.);
#4484=ORIENTED_EDGE('',*,*,#3345,.F.);
#4485=ORIENTED_EDGE('',*,*,#3052,.F.);
#4486=ORIENTED_EDGE('',*,*,#3362,.F.);
#4487=ORIENTED_EDGE('',*,*,#3317,.T.);
#4488=ORIENTED_EDGE('',*,*,#3363,.T.);
#4489=ORIENTED_EDGE('',*,*,#3259,.F.);
#4490=ORIENTED_EDGE('',*,*,#3329,.T.);
#4491=ORIENTED_EDGE('',*,*,#3327,.F.);
#4492=ORIENTED_EDGE('',*,*,#3362,.T.);
#4493=ORIENTED_EDGE('',*,*,#3051,.F.);
#4494=ORIENTED_EDGE('',*,*,#3070,.F.);
#4495=ORIENTED_EDGE('',*,*,#3049,.F.);
#4496=ORIENTED_EDGE('',*,*,#3249,.F.);
#4497=ORIENTED_EDGE('',*,*,#3355,.T.);
#4498=ORIENTED_EDGE('',*,*,#3354,.F.);
#4499=ORIENTED_EDGE('',*,*,#3319,.T.);
#4500=ORIENTED_EDGE('',*,*,#3326,.T.);
#4501=ORIENTED_EDGE('',*,*,#3328,.T.);
#4502=ORIENTED_EDGE('',*,*,#3257,.F.);
#4503=ORIENTED_EDGE('',*,*,#3071,.F.);
#4504=ORIENTED_EDGE('',*,*,#3069,.F.);
#4505=ORIENTED_EDGE('',*,*,#3364,.F.);
#4506=ORIENTED_EDGE('',*,*,#3353,.T.);
#4507=ORIENTED_EDGE('',*,*,#3356,.T.);
#4508=ORIENTED_EDGE('',*,*,#3247,.F.);
#4509=ORIENTED_EDGE('',*,*,#3068,.F.);
#4510=ORIENTED_EDGE('',*,*,#3365,.F.);
#4511=ORIENTED_EDGE('',*,*,#3321,.T.);
#4512=ORIENTED_EDGE('',*,*,#3364,.T.);
#4513=ORIENTED_EDGE('',*,*,#3067,.F.);
#4514=ORIENTED_EDGE('',*,*,#3246,.F.);
#4515=ORIENTED_EDGE('',*,*,#3351,.T.);
#4516=ORIENTED_EDGE('',*,*,#3349,.F.);
#4517=ORIENTED_EDGE('',*,*,#3365,.T.);
#4518=ORIENTED_EDGE('',*,*,#3301,.F.);
#4519=ORIENTED_EDGE('',*,*,#3309,.T.);
#4520=ORIENTED_EDGE('',*,*,#3308,.F.);
#4521=ORIENTED_EDGE('',*,*,#3323,.T.);
#4522=ORIENTED_EDGE('',*,*,#3348,.T.);
#4523=ORIENTED_EDGE('',*,*,#3350,.T.);
#4524=ORIENTED_EDGE('',*,*,#3244,.F.);
#4525=ORIENTED_EDGE('',*,*,#3043,.F.);
#4526=ORIENTED_EDGE('',*,*,#3039,.F.);
#4527=ORIENTED_EDGE('',*,*,#3065,.F.);
#4528=ORIENTED_EDGE('',*,*,#3366,.F.);
#4529=ORIENTED_EDGE('',*,*,#3306,.T.);
#4530=ORIENTED_EDGE('',*,*,#3310,.T.);
#4531=ORIENTED_EDGE('',*,*,#3299,.F.);
#4532=ORIENTED_EDGE('',*,*,#3041,.F.);
#4533=ORIENTED_EDGE('',*,*,#3064,.F.);
#4534=ORIENTED_EDGE('',*,*,#3367,.F.);
#4535=ORIENTED_EDGE('',*,*,#3324,.T.);
#4536=ORIENTED_EDGE('',*,*,#3366,.T.);
#4537=ORIENTED_EDGE('',*,*,#3303,.F.);
#4538=ORIENTED_EDGE('',*,*,#3296,.T.);
#4539=ORIENTED_EDGE('',*,*,#3294,.F.);
#4540=ORIENTED_EDGE('',*,*,#3367,.T.);
#4541=ORIENTED_EDGE('',*,*,#3063,.F.);
#4542=ORIENTED_EDGE('',*,*,#3073,.F.);
#4543=ORIENTED_EDGE('',*,*,#3343,.F.);
#4544=ORIENTED_EDGE('',*,*,#3340,.T.);
#4545=ORIENTED_EDGE('',*,*,#3337,.F.);
#4546=ORIENTED_EDGE('',*,*,#3311,.T.);
#4547=ORIENTED_EDGE('',*,*,#3292,.T.);
#4548=ORIENTED_EDGE('',*,*,#3295,.T.);
#4549=ORIENTED_EDGE('',*,*,#3302,.F.);
#4550=ORIENTED_EDGE('',*,*,#3074,.F.);
#4551=ORIENTED_EDGE('',*,*,#3061,.F.);
#4552=ORIENTED_EDGE('',*,*,#3076,.F.);
#4553=ORIENTED_EDGE('',*,*,#3059,.F.);
#4554=ORIENTED_EDGE('',*,*,#3368,.F.);
#4555=ORIENTED_EDGE('',*,*,#3336,.T.);
#4556=ORIENTED_EDGE('',*,*,#3339,.T.);
#4557=ORIENTED_EDGE('',*,*,#3342,.F.);
#4558=ORIENTED_EDGE('',*,*,#3077,.F.);
#4559=ORIENTED_EDGE('',*,*,#3058,.F.);
#4560=ORIENTED_EDGE('',*,*,#3369,.F.);
#4561=ORIENTED_EDGE('',*,*,#3313,.T.);
#4562=ORIENTED_EDGE('',*,*,#3368,.T.);
#4563=ORIENTED_EDGE('',*,*,#3346,.F.);
#4564=ORIENTED_EDGE('',*,*,#3361,.T.);
#4565=ORIENTED_EDGE('',*,*,#3359,.F.);
#4566=ORIENTED_EDGE('',*,*,#3369,.T.);
#4567=ORIENTED_EDGE('',*,*,#3057,.F.);
#4568=ORIENTED_EDGE('',*,*,#3079,.F.);
#4569=ORIENTED_EDGE('',*,*,#3262,.F.);
#4570=ORIENTED_EDGE('',*,*,#3333,.T.);
#4571=ORIENTED_EDGE('',*,*,#3332,.F.);
#4572=ORIENTED_EDGE('',*,*,#3315,.T.);
#4573=ORIENTED_EDGE('',*,*,#3358,.T.);
#4574=ORIENTED_EDGE('',*,*,#3360,.T.);
#4575=ORIENTED_EDGE('',*,*,#3344,.F.);
#4576=ORIENTED_EDGE('',*,*,#3080,.F.);
#4577=ORIENTED_EDGE('',*,*,#3055,.F.);
#4578=ORIENTED_EDGE('',*,*,#3082,.F.);
#4579=ORIENTED_EDGE('',*,*,#3053,.F.);
#4580=ORIENTED_EDGE('',*,*,#3363,.F.);
#4581=ORIENTED_EDGE('',*,*,#3331,.T.);
#4582=ORIENTED_EDGE('',*,*,#3334,.T.);
#4583=ORIENTED_EDGE('',*,*,#3260,.F.);
#4584=ORIENTED_EDGE('',*,*,#3083,.F.);
#4585=ORIENTED_EDGE('',*,*,#3231,.T.);
#4586=ORIENTED_EDGE('',*,*,#3370,.T.);
#4587=ORIENTED_EDGE('',*,*,#3371,.T.);
#4588=ORIENTED_EDGE('',*,*,#3372,.T.);
#4589=ORIENTED_EDGE('',*,*,#3373,.T.);
#4590=ORIENTED_EDGE('',*,*,#3374,.T.);
#4591=ORIENTED_EDGE('',*,*,#3233,.T.);
#4592=ORIENTED_EDGE('',*,*,#3375,.T.);
#4593=ORIENTED_EDGE('',*,*,#3376,.T.);
#4594=ORIENTED_EDGE('',*,*,#3375,.F.);
#4595=ORIENTED_EDGE('',*,*,#3232,.T.);
#4596=ORIENTED_EDGE('',*,*,#3372,.F.);
#4597=ORIENTED_EDGE('',*,*,#3377,.T.);
#4598=ORIENTED_EDGE('',*,*,#3378,.T.);
#4599=ORIENTED_EDGE('',*,*,#3379,.T.);
#4600=ORIENTED_EDGE('',*,*,#3380,.T.);
#4601=ORIENTED_EDGE('',*,*,#3381,.T.);
#4602=ORIENTED_EDGE('',*,*,#3382,.T.);
#4603=ORIENTED_EDGE('',*,*,#3383,.T.);
#4604=ORIENTED_EDGE('',*,*,#3384,.T.);
#4605=ORIENTED_EDGE('',*,*,#3385,.T.);
#4606=ORIENTED_EDGE('',*,*,#3386,.T.);
#4607=ORIENTED_EDGE('',*,*,#3387,.T.);
#4608=ORIENTED_EDGE('',*,*,#3385,.F.);
#4609=ORIENTED_EDGE('',*,*,#3388,.T.);
#4610=ORIENTED_EDGE('',*,*,#3381,.F.);
#4611=ORIENTED_EDGE('',*,*,#3377,.F.);
#4612=ORIENTED_EDGE('',*,*,#3388,.F.);
#4613=ORIENTED_EDGE('',*,*,#3384,.F.);
#4614=ORIENTED_EDGE('',*,*,#3389,.F.);
#4615=ORIENTED_EDGE('',*,*,#3390,.T.);
#4616=ORIENTED_EDGE('',*,*,#3030,.F.);
#4617=ORIENTED_EDGE('',*,*,#3391,.F.);
#4618=ORIENTED_EDGE('',*,*,#3392,.T.);
#4619=ORIENTED_EDGE('',*,*,#3382,.F.);
#4620=ORIENTED_EDGE('',*,*,#3393,.F.);
#4621=ORIENTED_EDGE('',*,*,#3371,.F.);
#4622=ORIENTED_EDGE('',*,*,#3376,.F.);
#4623=ORIENTED_EDGE('',*,*,#3393,.T.);
#4624=ORIENTED_EDGE('',*,*,#3386,.F.);
#4625=ORIENTED_EDGE('',*,*,#3387,.F.);
#4626=ORIENTED_EDGE('',*,*,#3380,.F.);
#4627=ORIENTED_EDGE('',*,*,#3394,.T.);
#4628=ORIENTED_EDGE('',*,*,#3378,.F.);
#4629=ORIENTED_EDGE('',*,*,#3389,.T.);
#4630=ORIENTED_EDGE('',*,*,#3383,.F.);
#4631=ORIENTED_EDGE('',*,*,#3392,.F.);
#4632=ORIENTED_EDGE('',*,*,#3237,.F.);
#4633=ORIENTED_EDGE('',*,*,#3395,.T.);
#4634=ORIENTED_EDGE('',*,*,#3028,.F.);
#4635=ORIENTED_EDGE('',*,*,#3396,.F.);
#4636=ORIENTED_EDGE('',*,*,#3239,.F.);
#4637=ORIENTED_EDGE('',*,*,#3397,.T.);
#4638=ORIENTED_EDGE('',*,*,#3029,.F.);
#4639=ORIENTED_EDGE('',*,*,#3397,.F.);
#4640=ORIENTED_EDGE('',*,*,#3238,.F.);
#4641=ORIENTED_EDGE('',*,*,#3391,.T.);
#4642=ORIENTED_EDGE('',*,*,#3031,.F.);
#4643=ORIENTED_EDGE('',*,*,#3390,.F.);
#4644=ORIENTED_EDGE('',*,*,#3370,.F.);
#4645=ORIENTED_EDGE('',*,*,#3240,.F.);
#4646=ORIENTED_EDGE('',*,*,#3396,.T.);
#4647=ORIENTED_EDGE('',*,*,#3373,.F.);
#4648=ORIENTED_EDGE('',*,*,#3394,.F.);
#4649=ORIENTED_EDGE('',*,*,#3379,.F.);
#4650=ORIENTED_EDGE('',*,*,#3395,.F.);
#4651=ORIENTED_EDGE('',*,*,#3398,.T.);
#4652=ORIENTED_EDGE('',*,*,#3024,.F.);
#4653=ORIENTED_EDGE('',*,*,#3399,.F.);
#4654=ORIENTED_EDGE('',*,*,#3025,.F.);
#4655=ORIENTED_EDGE('',*,*,#3398,.F.);
#4656=ORIENTED_EDGE('',*,*,#3236,.F.);
#4657=ORIENTED_EDGE('',*,*,#3400,.T.);
#4658=ORIENTED_EDGE('',*,*,#3026,.F.);
#4659=ORIENTED_EDGE('',*,*,#3400,.F.);
#4660=ORIENTED_EDGE('',*,*,#3235,.F.);
#4661=ORIENTED_EDGE('',*,*,#3401,.T.);
#4662=ORIENTED_EDGE('',*,*,#3027,.F.);
#4663=ORIENTED_EDGE('',*,*,#3401,.F.);
#4664=ORIENTED_EDGE('',*,*,#3234,.F.);
#4665=ORIENTED_EDGE('',*,*,#3374,.F.);
#4666=ORIENTED_EDGE('',*,*,#3399,.T.);
#4667=ORIENTED_EDGE('',*,*,#3243,.T.);
#4668=ORIENTED_EDGE('',*,*,#3402,.T.);
#4669=ORIENTED_EDGE('',*,*,#3283,.T.);
#4670=ORIENTED_EDGE('',*,*,#3045,.T.);
#4671=ORIENTED_EDGE('',*,*,#3402,.F.);
#4672=ORIENTED_EDGE('',*,*,#3242,.F.);
#4673=ORIENTED_EDGE('',*,*,#3403,.F.);
#4674=ORIENTED_EDGE('',*,*,#3284,.F.);
#4675=ORIENTED_EDGE('',*,*,#3250,.T.);
#4676=ORIENTED_EDGE('',*,*,#3047,.T.);
#4677=ORIENTED_EDGE('',*,*,#3288,.T.);
#4678=ORIENTED_EDGE('',*,*,#3404,.T.);
#4679=ORIENTED_EDGE('',*,*,#3241,.T.);
#4680=ORIENTED_EDGE('',*,*,#3227,.T.);
#4681=ORIENTED_EDGE('',*,*,#3285,.T.);
#4682=ORIENTED_EDGE('',*,*,#3403,.T.);
#4683=ORIENTED_EDGE('',*,*,#3252,.T.);
#4684=ORIENTED_EDGE('',*,*,#3405,.T.);
#4685=ORIENTED_EDGE('',*,*,#3286,.T.);
#4686=ORIENTED_EDGE('',*,*,#3225,.T.);
#4687=ORIENTED_EDGE('',*,*,#3404,.F.);
#4688=ORIENTED_EDGE('',*,*,#3287,.F.);
#4689=ORIENTED_EDGE('',*,*,#3405,.F.);
#4690=ORIENTED_EDGE('',*,*,#3251,.F.);
#4691=ORIENTED_EDGE('',*,*,#3181,.F.);
#4692=ORIENTED_EDGE('',*,*,#3186,.T.);
#4693=ORIENTED_EDGE('',*,*,#3185,.T.);
#4694=ORIENTED_EDGE('',*,*,#3177,.T.);
#4695=ORIENTED_EDGE('',*,*,#3144,.F.);
#4696=ORIENTED_EDGE('',*,*,#3406,.T.);
#4697=ORIENTED_EDGE('',*,*,#3136,.T.);
#4698=ORIENTED_EDGE('',*,*,#3133,.T.);
#4699=ORIENTED_EDGE('',*,*,#3110,.F.);
#4700=ORIENTED_EDGE('',*,*,#3407,.F.);
#4701=ORIENTED_EDGE('',*,*,#3139,.F.);
#4702=ORIENTED_EDGE('',*,*,#3122,.F.);
#4703=ORIENTED_EDGE('',*,*,#3117,.F.);
#4704=ORIENTED_EDGE('',*,*,#3408,.F.);
#4705=ORIENTED_EDGE('',*,*,#3112,.T.);
#4706=ORIENTED_EDGE('',*,*,#3121,.T.);
#4707=ORIENTED_EDGE('',*,*,#3163,.F.);
#4708=ORIENTED_EDGE('',*,*,#3194,.F.);
#4709=ORIENTED_EDGE('',*,*,#3158,.T.);
#4710=ORIENTED_EDGE('',*,*,#3167,.T.);
#4711=ORIENTED_EDGE('',*,*,#3150,.F.);
#4712=ORIENTED_EDGE('',*,*,#3193,.F.);
#4713=ORIENTED_EDGE('',*,*,#3304,.F.);
#4714=ORIENTED_EDGE('',*,*,#3168,.F.);
#4715=ORIENTED_EDGE('',*,*,#3409,.F.);
#4716=ORIENTED_EDGE('',*,*,#3410,.T.);
#4717=ORIENTED_EDGE('',*,*,#3290,.T.);
#4718=ORIENTED_EDGE('',*,*,#3410,.F.);
#4719=ORIENTED_EDGE('',*,*,#3411,.F.);
#4720=ORIENTED_EDGE('',*,*,#3412,.T.);
#4721=ORIENTED_EDGE('',*,*,#3277,.T.);
#4722=ORIENTED_EDGE('',*,*,#3412,.F.);
#4723=ORIENTED_EDGE('',*,*,#3413,.F.);
#4724=ORIENTED_EDGE('',*,*,#3414,.F.);
#4725=ORIENTED_EDGE('',*,*,#3415,.F.);
#4726=ORIENTED_EDGE('',*,*,#3416,.T.);
#4727=ORIENTED_EDGE('',*,*,#3413,.T.);
#4728=ORIENTED_EDGE('',*,*,#3416,.F.);
#4729=ORIENTED_EDGE('',*,*,#3411,.T.);
#4730=ORIENTED_EDGE('',*,*,#3415,.T.);
#4731=ORIENTED_EDGE('',*,*,#3417,.F.);
#4732=ORIENTED_EDGE('',*,*,#3418,.T.);
#4733=ORIENTED_EDGE('',*,*,#3419,.F.);
#4734=ORIENTED_EDGE('',*,*,#3418,.F.);
#4735=ORIENTED_EDGE('',*,*,#3409,.T.);
#4736=ORIENTED_EDGE('',*,*,#3417,.T.);
#4737=ORIENTED_EDGE('',*,*,#3414,.T.);
#4738=ORIENTED_EDGE('',*,*,#3420,.T.);
#4739=ORIENTED_EDGE('',*,*,#3421,.F.);
#4740=ORIENTED_EDGE('',*,*,#3420,.F.);
#4741=ORIENTED_EDGE('',*,*,#3422,.F.);
#4742=ORIENTED_EDGE('',*,*,#3423,.T.);
#4743=ORIENTED_EDGE('',*,*,#3424,.F.);
#4744=ORIENTED_EDGE('',*,*,#3423,.F.);
#4745=ORIENTED_EDGE('',*,*,#3425,.T.);
#4746=ORIENTED_EDGE('',*,*,#3426,.T.);
#4747=ORIENTED_EDGE('',*,*,#3427,.T.);
#4748=ORIENTED_EDGE('',*,*,#3428,.T.);
#4749=ORIENTED_EDGE('',*,*,#3429,.T.);
#4750=ORIENTED_EDGE('',*,*,#3430,.T.);
#4751=ORIENTED_EDGE('',*,*,#3431,.T.);
#4752=ORIENTED_EDGE('',*,*,#3432,.T.);
#4753=ORIENTED_EDGE('',*,*,#3433,.T.);
#4754=ORIENTED_EDGE('',*,*,#3434,.T.);
#4755=ORIENTED_EDGE('',*,*,#3435,.T.);
#4756=ORIENTED_EDGE('',*,*,#3436,.T.);
#4757=ORIENTED_EDGE('',*,*,#3437,.T.);
#4758=ORIENTED_EDGE('',*,*,#3438,.T.);
#4759=ORIENTED_EDGE('',*,*,#3439,.T.);
#4760=ORIENTED_EDGE('',*,*,#3440,.T.);
#4761=ORIENTED_EDGE('',*,*,#3441,.T.);
#4762=ORIENTED_EDGE('',*,*,#3442,.T.);
#4763=ORIENTED_EDGE('',*,*,#3443,.T.);
#4764=ORIENTED_EDGE('',*,*,#3444,.T.);
#4765=ORIENTED_EDGE('',*,*,#3445,.T.);
#4766=ORIENTED_EDGE('',*,*,#3446,.T.);
#4767=ORIENTED_EDGE('',*,*,#3447,.F.);
#4768=ORIENTED_EDGE('',*,*,#3448,.T.);
#4769=ORIENTED_EDGE('',*,*,#3449,.T.);
#4770=ORIENTED_EDGE('',*,*,#3450,.T.);
#4771=ORIENTED_EDGE('',*,*,#3451,.T.);
#4772=ORIENTED_EDGE('',*,*,#3452,.T.);
#4773=ORIENTED_EDGE('',*,*,#3453,.T.);
#4774=ORIENTED_EDGE('',*,*,#3454,.T.);
#4775=ORIENTED_EDGE('',*,*,#3455,.F.);
#4776=ORIENTED_EDGE('',*,*,#3456,.T.);
#4777=ORIENTED_EDGE('',*,*,#3457,.T.);
#4778=ORIENTED_EDGE('',*,*,#3458,.F.);
#4779=ORIENTED_EDGE('',*,*,#3459,.T.);
#4780=ORIENTED_EDGE('',*,*,#3460,.T.);
#4781=ORIENTED_EDGE('',*,*,#3461,.T.);
#4782=ORIENTED_EDGE('',*,*,#3462,.F.);
#4783=ORIENTED_EDGE('',*,*,#3463,.T.);
#4784=ORIENTED_EDGE('',*,*,#3464,.T.);
#4785=ORIENTED_EDGE('',*,*,#3446,.F.);
#4786=ORIENTED_EDGE('',*,*,#3465,.F.);
#4787=ORIENTED_EDGE('',*,*,#3466,.T.);
#4788=ORIENTED_EDGE('',*,*,#3467,.F.);
#4789=ORIENTED_EDGE('',*,*,#3448,.F.);
#4790=ORIENTED_EDGE('',*,*,#3468,.F.);
#4791=ORIENTED_EDGE('',*,*,#3469,.F.);
#4792=ORIENTED_EDGE('',*,*,#3470,.T.);
#4793=ORIENTED_EDGE('',*,*,#3471,.F.);
#4794=ORIENTED_EDGE('',*,*,#3432,.F.);
#4795=ORIENTED_EDGE('',*,*,#3472,.F.);
#4796=ORIENTED_EDGE('',*,*,#3428,.F.);
#4797=ORIENTED_EDGE('',*,*,#3470,.F.);
#4798=ORIENTED_EDGE('',*,*,#3473,.F.);
#4799=ORIENTED_EDGE('',*,*,#3465,.T.);
#4800=ORIENTED_EDGE('',*,*,#3445,.F.);
#4801=ORIENTED_EDGE('',*,*,#3471,.T.);
#4802=ORIENTED_EDGE('',*,*,#3427,.F.);
#4803=ORIENTED_EDGE('',*,*,#3474,.T.);
#4804=ORIENTED_EDGE('',*,*,#3429,.F.);
#4805=ORIENTED_EDGE('',*,*,#3474,.F.);
#4806=ORIENTED_EDGE('',*,*,#3426,.F.);
#4807=ORIENTED_EDGE('',*,*,#3475,.T.);
#4808=ORIENTED_EDGE('',*,*,#3430,.F.);
#4809=ORIENTED_EDGE('',*,*,#3441,.F.);
#4810=ORIENTED_EDGE('',*,*,#3476,.F.);
#4811=ORIENTED_EDGE('',*,*,#3461,.F.);
#4812=ORIENTED_EDGE('',*,*,#3477,.T.);
#4813=ORIENTED_EDGE('',*,*,#3442,.F.);
#4814=ORIENTED_EDGE('',*,*,#3477,.F.);
#4815=ORIENTED_EDGE('',*,*,#3464,.F.);
#4816=ORIENTED_EDGE('',*,*,#3478,.T.);
#4817=ORIENTED_EDGE('',*,*,#3443,.F.);
#4818=ORIENTED_EDGE('',*,*,#3478,.F.);
#4819=ORIENTED_EDGE('',*,*,#3463,.F.);
#4820=ORIENTED_EDGE('',*,*,#3479,.T.);
#4821=ORIENTED_EDGE('',*,*,#3422,.T.);
#4822=ORIENTED_EDGE('',*,*,#3444,.F.);
#4823=ORIENTED_EDGE('',*,*,#3479,.F.);
#4824=ORIENTED_EDGE('',*,*,#3462,.T.);
#4825=ORIENTED_EDGE('',*,*,#3476,.T.);
#4826=ORIENTED_EDGE('',*,*,#3475,.F.);
#4827=ORIENTED_EDGE('',*,*,#3425,.F.);
#4828=ORIENTED_EDGE('',*,*,#3472,.T.);
#4829=ORIENTED_EDGE('',*,*,#3431,.F.);
#4830=ORIENTED_EDGE('',*,*,#3480,.F.);
#4831=ORIENTED_EDGE('',*,*,#3433,.F.);
#4832=ORIENTED_EDGE('',*,*,#3481,.T.);
#4833=ORIENTED_EDGE('',*,*,#3439,.F.);
#4834=ORIENTED_EDGE('',*,*,#3454,.F.);
#4835=ORIENTED_EDGE('',*,*,#3482,.F.);
#4836=ORIENTED_EDGE('',*,*,#3483,.T.);
#4837=ORIENTED_EDGE('',*,*,#3484,.F.);
#4838=ORIENTED_EDGE('',*,*,#3456,.F.);
#4839=ORIENTED_EDGE('',*,*,#3485,.F.);
#4840=ORIENTED_EDGE('',*,*,#3486,.F.);
#4841=ORIENTED_EDGE('',*,*,#3487,.T.);
#4842=ORIENTED_EDGE('',*,*,#3488,.T.);
#4843=ORIENTED_EDGE('',*,*,#3440,.F.);
#4844=ORIENTED_EDGE('',*,*,#3481,.F.);
#4845=ORIENTED_EDGE('',*,*,#3436,.F.);
#4846=ORIENTED_EDGE('',*,*,#3487,.F.);
#4847=ORIENTED_EDGE('',*,*,#3489,.F.);
#4848=ORIENTED_EDGE('',*,*,#3482,.T.);
#4849=ORIENTED_EDGE('',*,*,#3453,.F.);
#4850=ORIENTED_EDGE('',*,*,#3488,.F.);
#4851=ORIENTED_EDGE('',*,*,#3435,.F.);
#4852=ORIENTED_EDGE('',*,*,#3490,.T.);
#4853=ORIENTED_EDGE('',*,*,#3437,.F.);
#4854=ORIENTED_EDGE('',*,*,#3490,.F.);
#4855=ORIENTED_EDGE('',*,*,#3434,.F.);
#4856=ORIENTED_EDGE('',*,*,#3480,.T.);
#4857=ORIENTED_EDGE('',*,*,#3438,.F.);
#4858=ORIENTED_EDGE('',*,*,#3449,.F.);
#4859=ORIENTED_EDGE('',*,*,#3491,.F.);
#4860=ORIENTED_EDGE('',*,*,#3457,.F.);
#4861=ORIENTED_EDGE('',*,*,#3492,.T.);
#4862=ORIENTED_EDGE('',*,*,#3450,.F.);
#4863=ORIENTED_EDGE('',*,*,#3492,.F.);
#4864=ORIENTED_EDGE('',*,*,#3460,.F.);
#4865=ORIENTED_EDGE('',*,*,#3493,.T.);
#4866=ORIENTED_EDGE('',*,*,#3451,.F.);
#4867=ORIENTED_EDGE('',*,*,#3493,.F.);
#4868=ORIENTED_EDGE('',*,*,#3459,.F.);
#4869=ORIENTED_EDGE('',*,*,#3494,.T.);
#4870=ORIENTED_EDGE('',*,*,#3421,.T.);
#4871=ORIENTED_EDGE('',*,*,#3452,.F.);
#4872=ORIENTED_EDGE('',*,*,#3494,.F.);
#4873=ORIENTED_EDGE('',*,*,#3458,.T.);
#4874=ORIENTED_EDGE('',*,*,#3491,.T.);
#4875=ORIENTED_EDGE('',*,*,#3468,.T.);
#4876=ORIENTED_EDGE('',*,*,#3447,.T.);
#4877=ORIENTED_EDGE('',*,*,#3467,.T.);
#4878=ORIENTED_EDGE('',*,*,#3495,.F.);
#4879=ORIENTED_EDGE('',*,*,#3496,.T.);
#4880=ORIENTED_EDGE('',*,*,#3145,.T.);
#4881=ORIENTED_EDGE('',*,*,#3130,.F.);
#4882=ORIENTED_EDGE('',*,*,#3497,.F.);
#4883=ORIENTED_EDGE('',*,*,#3485,.T.);
#4884=ORIENTED_EDGE('',*,*,#3455,.T.);
#4885=ORIENTED_EDGE('',*,*,#3484,.T.);
#4886=ORIENTED_EDGE('',*,*,#3498,.F.);
#4887=ORIENTED_EDGE('',*,*,#3187,.T.);
#4888=ORIENTED_EDGE('',*,*,#3182,.T.);
#4889=ORIENTED_EDGE('',*,*,#3174,.F.);
#4890=ORIENTED_EDGE('',*,*,#3499,.F.);
#4891=ORIENTED_EDGE('',*,*,#3116,.F.);
#4892=ORIENTED_EDGE('',*,*,#3120,.F.);
#4893=ORIENTED_EDGE('',*,*,#3135,.F.);
#4894=ORIENTED_EDGE('',*,*,#3406,.F.);
#4895=ORIENTED_EDGE('',*,*,#3143,.F.);
#4896=ORIENTED_EDGE('',*,*,#3146,.T.);
#4897=ORIENTED_EDGE('',*,*,#3496,.F.);
#4898=ORIENTED_EDGE('',*,*,#3500,.T.);
#4899=ORIENTED_EDGE('',*,*,#3104,.F.);
#4900=ORIENTED_EDGE('',*,*,#3196,.F.);
#4901=ORIENTED_EDGE('',*,*,#3198,.F.);
#4902=ORIENTED_EDGE('',*,*,#3199,.F.);
#4903=ORIENTED_EDGE('',*,*,#3263,.F.);
#4904=ORIENTED_EDGE('',*,*,#3140,.T.);
#4905=ORIENTED_EDGE('',*,*,#3137,.F.);
#4906=ORIENTED_EDGE('',*,*,#3407,.T.);
#4907=ORIENTED_EDGE('',*,*,#3109,.F.);
#4908=ORIENTED_EDGE('',*,*,#3113,.T.);
#4909=ORIENTED_EDGE('',*,*,#3408,.T.);
#4910=ORIENTED_EDGE('',*,*,#3501,.F.);
#4911=ORIENTED_EDGE('',*,*,#3502,.T.);
#4912=ORIENTED_EDGE('',*,*,#3503,.F.);
#4913=ORIENTED_EDGE('',*,*,#3504,.T.);
#4914=ORIENTED_EDGE('',*,*,#3501,.T.);
#4915=ORIENTED_EDGE('',*,*,#3505,.T.);
#4916=ORIENTED_EDGE('',*,*,#3506,.T.);
#4917=ORIENTED_EDGE('',*,*,#3507,.F.);
#4918=ORIENTED_EDGE('',*,*,#3508,.T.);
#4919=ORIENTED_EDGE('',*,*,#3509,.T.);
#4920=ORIENTED_EDGE('',*,*,#3504,.F.);
#4921=ORIENTED_EDGE('',*,*,#3510,.F.);
#4922=ORIENTED_EDGE('',*,*,#3511,.F.);
#4923=ORIENTED_EDGE('',*,*,#3505,.F.);
#4924=ORIENTED_EDGE('',*,*,#3512,.F.);
#4925=ORIENTED_EDGE('',*,*,#3513,.T.);
#4926=ORIENTED_EDGE('',*,*,#3506,.F.);
#4927=ORIENTED_EDGE('',*,*,#3511,.T.);
#4928=ORIENTED_EDGE('',*,*,#3503,.T.);
#4929=ORIENTED_EDGE('',*,*,#3514,.F.);
#4930=ORIENTED_EDGE('',*,*,#3515,.T.);
#4931=ORIENTED_EDGE('',*,*,#3516,.F.);
#4932=ORIENTED_EDGE('',*,*,#3512,.T.);
#4933=ORIENTED_EDGE('',*,*,#3510,.T.);
#4934=ORIENTED_EDGE('',*,*,#3515,.F.);
#4935=ORIENTED_EDGE('',*,*,#3517,.F.);
#4936=ORIENTED_EDGE('',*,*,#3518,.F.);
#4937=ORIENTED_EDGE('',*,*,#3519,.F.);
#4938=ORIENTED_EDGE('',*,*,#3502,.F.);
#4939=ORIENTED_EDGE('',*,*,#3509,.F.);
#4940=ORIENTED_EDGE('',*,*,#3520,.T.);
#4941=ORIENTED_EDGE('',*,*,#3521,.F.);
#4942=ORIENTED_EDGE('',*,*,#3517,.T.);
#4943=ORIENTED_EDGE('',*,*,#3514,.T.);
#4944=ORIENTED_EDGE('',*,*,#3513,.F.);
#4945=ORIENTED_EDGE('',*,*,#3516,.T.);
#4946=ORIENTED_EDGE('',*,*,#3519,.T.);
#4947=ORIENTED_EDGE('',*,*,#3522,.T.);
#4948=ORIENTED_EDGE('',*,*,#3523,.T.);
#4949=ORIENTED_EDGE('',*,*,#3507,.T.);
#4950=ORIENTED_EDGE('',*,*,#3524,.T.);
#4951=ORIENTED_EDGE('',*,*,#3100,.F.);
#4952=ORIENTED_EDGE('',*,*,#3096,.F.);
#4953=ORIENTED_EDGE('',*,*,#3229,.F.);
#4954=ORIENTED_EDGE('',*,*,#3087,.F.);
#4955=ORIENTED_EDGE('',*,*,#3095,.T.);
#4956=ORIENTED_EDGE('',*,*,#3525,.T.);
#4957=ORIENTED_EDGE('',*,*,#3522,.F.);
#4958=ORIENTED_EDGE('',*,*,#3518,.T.);
#4959=ORIENTED_EDGE('',*,*,#3521,.T.);
#4960=ORIENTED_EDGE('',*,*,#3526,.T.);
#4961=ORIENTED_EDGE('',*,*,#3089,.F.);
#4962=ORIENTED_EDGE('',*,*,#3085,.F.);
#4963=ORIENTED_EDGE('',*,*,#3230,.F.);
#4964=ORIENTED_EDGE('',*,*,#3098,.F.);
#4965=ORIENTED_EDGE('',*,*,#3106,.T.);
#4966=ORIENTED_EDGE('',*,*,#3473,.T.);
#4967=ORIENTED_EDGE('',*,*,#3469,.T.);
#4968=ORIENTED_EDGE('',*,*,#3497,.T.);
#4969=ORIENTED_EDGE('',*,*,#3129,.T.);
#4970=ORIENTED_EDGE('',*,*,#3101,.F.);
#4971=ORIENTED_EDGE('',*,*,#3524,.F.);
#4972=ORIENTED_EDGE('',*,*,#3520,.F.);
#4973=ORIENTED_EDGE('',*,*,#3508,.F.);
#4974=ORIENTED_EDGE('',*,*,#3523,.F.);
#4975=ORIENTED_EDGE('',*,*,#3525,.F.);
#4976=ORIENTED_EDGE('',*,*,#3094,.F.);
#4977=ORIENTED_EDGE('',*,*,#3188,.F.);
#4978=ORIENTED_EDGE('',*,*,#3498,.T.);
#4979=ORIENTED_EDGE('',*,*,#3483,.F.);
#4980=ORIENTED_EDGE('',*,*,#3489,.T.);
#4981=ORIENTED_EDGE('',*,*,#3486,.T.);
#4982=ORIENTED_EDGE('',*,*,#3499,.T.);
#4983=ORIENTED_EDGE('',*,*,#3173,.T.);
#4984=ORIENTED_EDGE('',*,*,#3090,.F.);
#4985=ORIENTED_EDGE('',*,*,#3526,.F.);
#4986=ORIENTED_EDGE('',*,*,#3105,.F.);
#4987=ORIENTED_EDGE('',*,*,#3500,.F.);
#4988=ORIENTED_EDGE('',*,*,#3495,.T.);
#4989=ORIENTED_EDGE('',*,*,#3466,.F.);
#4990=ORIENTED_EDGE('',*,*,#3280,.F.);
#4991=ORIENTED_EDGE('',*,*,#3289,.F.);
#4992=ORIENTED_EDGE('',*,*,#3281,.F.);
#4993=ORIENTED_EDGE('',*,*,#3275,.F.);
#4994=ORIENTED_EDGE('',*,*,#3278,.F.);
#4995=ORIENTED_EDGE('',*,*,#2947,.F.);
#4996=ORIENTED_EDGE('',*,*,#3298,.F.);
#4997=ORIENTED_EDGE('',*,*,#3254,.F.);
#4998=ORIENTED_EDGE('',*,*,#3256,.F.);
#4999=ORIENTED_EDGE('',*,*,#3221,.F.);
#5000=ORIENTED_EDGE('',*,*,#3341,.F.);
#5001=ORIENTED_EDGE('',*,*,#3216,.F.);
#5002=ORIENTED_EDGE('',*,*,#3419,.T.);
#5003=ORIENTED_EDGE('',*,*,#3424,.T.);
#5004=ORIENTED_EDGE('',*,*,#3527,.T.);
#5005=ORIENTED_EDGE('',*,*,#3528,.T.);
#5006=ORIENTED_EDGE('',*,*,#3529,.T.);
#5007=ORIENTED_EDGE('',*,*,#3530,.T.);
#5008=ORIENTED_EDGE('',*,*,#3529,.F.);
#5009=ORIENTED_EDGE('',*,*,#3531,.F.);
#5010=ORIENTED_EDGE('',*,*,#3532,.F.);
#5011=ORIENTED_EDGE('',*,*,#3533,.F.);
#5012=ORIENTED_EDGE('',*,*,#3534,.F.);
#5013=ORIENTED_EDGE('',*,*,#3535,.F.);
#5014=ORIENTED_EDGE('',*,*,#3536,.T.);
#5015=ORIENTED_EDGE('',*,*,#3528,.F.);
#5016=ORIENTED_EDGE('',*,*,#3537,.T.);
#5017=ORIENTED_EDGE('',*,*,#3538,.T.);
#5018=ORIENTED_EDGE('',*,*,#3531,.T.);
#5019=ORIENTED_EDGE('',*,*,#3539,.T.);
#5020=ORIENTED_EDGE('',*,*,#3540,.T.);
#5021=ORIENTED_EDGE('',*,*,#3541,.T.);
#5022=ORIENTED_EDGE('',*,*,#3542,.T.);
#5023=ORIENTED_EDGE('',*,*,#3541,.F.);
#5024=ORIENTED_EDGE('',*,*,#3543,.T.);
#5025=ORIENTED_EDGE('',*,*,#3544,.T.);
#5026=ORIENTED_EDGE('',*,*,#3545,.T.);
#5027=ORIENTED_EDGE('',*,*,#3546,.T.);
#5028=ORIENTED_EDGE('',*,*,#3547,.T.);
#5029=ORIENTED_EDGE('',*,*,#3544,.F.);
#5030=ORIENTED_EDGE('',*,*,#3548,.T.);
#5031=ORIENTED_EDGE('',*,*,#3546,.F.);
#5032=ORIENTED_EDGE('',*,*,#3549,.F.);
#5033=ORIENTED_EDGE('',*,*,#3550,.F.);
#5034=ORIENTED_EDGE('',*,*,#3551,.F.);
#5035=ORIENTED_EDGE('',*,*,#3552,.T.);
#5036=ORIENTED_EDGE('',*,*,#3553,.F.);
#5037=ORIENTED_EDGE('',*,*,#3554,.F.);
#5038=ORIENTED_EDGE('',*,*,#3548,.F.);
#5039=ORIENTED_EDGE('',*,*,#3555,.F.);
#5040=ORIENTED_EDGE('',*,*,#3556,.F.);
#5041=ORIENTED_EDGE('',*,*,#3549,.T.);
#5042=ORIENTED_EDGE('',*,*,#3543,.F.);
#5043=ORIENTED_EDGE('',*,*,#3557,.T.);
#5044=ORIENTED_EDGE('',*,*,#3558,.T.);
#5045=ORIENTED_EDGE('',*,*,#3555,.T.);
#5046=ORIENTED_EDGE('',*,*,#3540,.F.);
#5047=ORIENTED_EDGE('',*,*,#3559,.F.);
#5048=ORIENTED_EDGE('',*,*,#3560,.F.);
#5049=ORIENTED_EDGE('',*,*,#3557,.F.);
#5050=ORIENTED_EDGE('',*,*,#3561,.T.);
#5051=ORIENTED_EDGE('',*,*,#3562,.T.);
#5052=ORIENTED_EDGE('',*,*,#3563,.T.);
#5053=ORIENTED_EDGE('',*,*,#3564,.T.);
#5054=ORIENTED_EDGE('',*,*,#3563,.F.);
#5055=ORIENTED_EDGE('',*,*,#3565,.T.);
#5056=ORIENTED_EDGE('',*,*,#3566,.T.);
#5057=ORIENTED_EDGE('',*,*,#3567,.T.);
#5058=ORIENTED_EDGE('',*,*,#3568,.T.);
#5059=ORIENTED_EDGE('',*,*,#3569,.T.);
#5060=ORIENTED_EDGE('',*,*,#3566,.F.);
#5061=ORIENTED_EDGE('',*,*,#3570,.T.);
#5062=ORIENTED_EDGE('',*,*,#3568,.F.);
#5063=ORIENTED_EDGE('',*,*,#3571,.F.);
#5064=ORIENTED_EDGE('',*,*,#3572,.F.);
#5065=ORIENTED_EDGE('',*,*,#3573,.F.);
#5066=ORIENTED_EDGE('',*,*,#3574,.T.);
#5067=ORIENTED_EDGE('',*,*,#3575,.F.);
#5068=ORIENTED_EDGE('',*,*,#3576,.F.);
#5069=ORIENTED_EDGE('',*,*,#3570,.F.);
#5070=ORIENTED_EDGE('',*,*,#3577,.F.);
#5071=ORIENTED_EDGE('',*,*,#3578,.F.);
#5072=ORIENTED_EDGE('',*,*,#3571,.T.);
#5073=ORIENTED_EDGE('',*,*,#3565,.F.);
#5074=ORIENTED_EDGE('',*,*,#3579,.T.);
#5075=ORIENTED_EDGE('',*,*,#3580,.T.);
#5076=ORIENTED_EDGE('',*,*,#3577,.T.);
#5077=ORIENTED_EDGE('',*,*,#3562,.F.);
#5078=ORIENTED_EDGE('',*,*,#3581,.F.);
#5079=ORIENTED_EDGE('',*,*,#3582,.F.);
#5080=ORIENTED_EDGE('',*,*,#3579,.F.);
#5081=ORIENTED_EDGE('',*,*,#3527,.F.);
#5082=ORIENTED_EDGE('',*,*,#3583,.F.);
#5083=ORIENTED_EDGE('',*,*,#3584,.F.);
#5084=ORIENTED_EDGE('',*,*,#3585,.F.);
#5085=ORIENTED_EDGE('',*,*,#3586,.T.);
#5086=ORIENTED_EDGE('',*,*,#3587,.F.);
#5087=ORIENTED_EDGE('',*,*,#3537,.F.);
#5088=ORIENTED_EDGE('',*,*,#3530,.F.);
#5089=ORIENTED_EDGE('',*,*,#3536,.F.);
#5090=ORIENTED_EDGE('',*,*,#3588,.F.);
#5091=ORIENTED_EDGE('',*,*,#3583,.T.);
#5092=ORIENTED_EDGE('',*,*,#3542,.F.);
#5093=ORIENTED_EDGE('',*,*,#3589,.T.);
#5094=ORIENTED_EDGE('',*,*,#3590,.T.);
#5095=ORIENTED_EDGE('',*,*,#3591,.T.);
#5096=ORIENTED_EDGE('',*,*,#3545,.F.);
#5097=ORIENTED_EDGE('',*,*,#3592,.T.);
#5098=ORIENTED_EDGE('',*,*,#3593,.T.);
#5099=ORIENTED_EDGE('',*,*,#3589,.F.);
#5100=ORIENTED_EDGE('',*,*,#3547,.F.);
#5101=ORIENTED_EDGE('',*,*,#3554,.T.);
#5102=ORIENTED_EDGE('',*,*,#3594,.T.);
#5103=ORIENTED_EDGE('',*,*,#3592,.F.);
#5104=ORIENTED_EDGE('',*,*,#3569,.F.);
#5105=ORIENTED_EDGE('',*,*,#3576,.T.);
#5106=ORIENTED_EDGE('',*,*,#3595,.T.);
#5107=ORIENTED_EDGE('',*,*,#3596,.T.);
#5108=ORIENTED_EDGE('',*,*,#3567,.F.);
#5109=ORIENTED_EDGE('',*,*,#3596,.F.);
#5110=ORIENTED_EDGE('',*,*,#3597,.T.);
#5111=ORIENTED_EDGE('',*,*,#3598,.T.);
#5112=ORIENTED_EDGE('',*,*,#3564,.F.);
#5113=ORIENTED_EDGE('',*,*,#3598,.F.);
#5114=ORIENTED_EDGE('',*,*,#3599,.T.);
#5115=ORIENTED_EDGE('',*,*,#3600,.T.);
#5116=ORIENTED_EDGE('',*,*,#3599,.F.);
#5117=ORIENTED_EDGE('',*,*,#3597,.F.);
#5118=ORIENTED_EDGE('',*,*,#3595,.F.);
#5119=ORIENTED_EDGE('',*,*,#3575,.T.);
#5120=ORIENTED_EDGE('',*,*,#3601,.T.);
#5121=ORIENTED_EDGE('',*,*,#3602,.F.);
#5122=ORIENTED_EDGE('',*,*,#3603,.T.);
#5123=ORIENTED_EDGE('',*,*,#3604,.T.);
#5124=ORIENTED_EDGE('',*,*,#3605,.F.);
#5125=ORIENTED_EDGE('',*,*,#3606,.T.);
#5126=ORIENTED_EDGE('',*,*,#3607,.F.);
#5127=ORIENTED_EDGE('',*,*,#3608,.F.);
#5128=ORIENTED_EDGE('',*,*,#3609,.F.);
#5129=ORIENTED_EDGE('',*,*,#3608,.T.);
#5130=ORIENTED_EDGE('',*,*,#3610,.F.);
#5131=ORIENTED_EDGE('',*,*,#3611,.F.);
#5132=ORIENTED_EDGE('',*,*,#3612,.F.);
#5133=ORIENTED_EDGE('',*,*,#3611,.T.);
#5134=ORIENTED_EDGE('',*,*,#3613,.F.);
#5135=ORIENTED_EDGE('',*,*,#3614,.F.);
#5136=ORIENTED_EDGE('',*,*,#3615,.F.);
#5137=ORIENTED_EDGE('',*,*,#3614,.T.);
#5138=ORIENTED_EDGE('',*,*,#3616,.F.);
#5139=ORIENTED_EDGE('',*,*,#3617,.F.);
#5140=ORIENTED_EDGE('',*,*,#3618,.F.);
#5141=ORIENTED_EDGE('',*,*,#3617,.T.);
#5142=ORIENTED_EDGE('',*,*,#3619,.F.);
#5143=ORIENTED_EDGE('',*,*,#3620,.F.);
#5144=ORIENTED_EDGE('',*,*,#3621,.F.);
#5145=ORIENTED_EDGE('',*,*,#3620,.T.);
#5146=ORIENTED_EDGE('',*,*,#3622,.F.);
#5147=ORIENTED_EDGE('',*,*,#3606,.F.);
#5148=ORIENTED_EDGE('',*,*,#3623,.T.);
#5149=ORIENTED_EDGE('',*,*,#3624,.T.);
#5150=ORIENTED_EDGE('',*,*,#3625,.T.);
#5151=ORIENTED_EDGE('',*,*,#3626,.T.);
#5152=ORIENTED_EDGE('',*,*,#3627,.T.);
#5153=ORIENTED_EDGE('',*,*,#3628,.T.);
#5154=ORIENTED_EDGE('',*,*,#3622,.T.);
#5155=ORIENTED_EDGE('',*,*,#3619,.T.);
#5156=ORIENTED_EDGE('',*,*,#3616,.T.);
#5157=ORIENTED_EDGE('',*,*,#3613,.T.);
#5158=ORIENTED_EDGE('',*,*,#3610,.T.);
#5159=ORIENTED_EDGE('',*,*,#3607,.T.);
#5160=ORIENTED_EDGE('',*,*,#3629,.T.);
#5161=ORIENTED_EDGE('',*,*,#3630,.T.);
#5162=ORIENTED_EDGE('',*,*,#3631,.T.);
#5163=ORIENTED_EDGE('',*,*,#3632,.T.);
#5164=ORIENTED_EDGE('',*,*,#3629,.F.);
#5165=ORIENTED_EDGE('',*,*,#3633,.T.);
#5166=ORIENTED_EDGE('',*,*,#3634,.T.);
#5167=ORIENTED_EDGE('',*,*,#3632,.F.);
#5168=ORIENTED_EDGE('',*,*,#3635,.F.);
#5169=ORIENTED_EDGE('',*,*,#3552,.F.);
#5170=ORIENTED_EDGE('',*,*,#3636,.F.);
#5171=ORIENTED_EDGE('',*,*,#3637,.T.);
#5172=ORIENTED_EDGE('',*,*,#3638,.T.);
#5173=ORIENTED_EDGE('',*,*,#3602,.T.);
#5174=ORIENTED_EDGE('',*,*,#3639,.T.);
#5175=ORIENTED_EDGE('',*,*,#3637,.F.);
#5176=ORIENTED_EDGE('',*,*,#3640,.T.);
#5177=ORIENTED_EDGE('',*,*,#3641,.T.);
#5178=ORIENTED_EDGE('',*,*,#3639,.F.);
#5179=ORIENTED_EDGE('',*,*,#3601,.F.);
#5180=ORIENTED_EDGE('',*,*,#3574,.F.);
#5181=ORIENTED_EDGE('',*,*,#3642,.F.);
#5182=ORIENTED_EDGE('',*,*,#3641,.F.);
#5183=ORIENTED_EDGE('',*,*,#3643,.T.);
#5184=ORIENTED_EDGE('',*,*,#3644,.T.);
#5185=ORIENTED_EDGE('',*,*,#3645,.T.);
#5186=ORIENTED_EDGE('',*,*,#3640,.F.);
#5187=ORIENTED_EDGE('',*,*,#3642,.T.);
#5188=ORIENTED_EDGE('',*,*,#3573,.T.);
#5189=ORIENTED_EDGE('',*,*,#3646,.T.);
#5190=ORIENTED_EDGE('',*,*,#3647,.F.);
#5191=ORIENTED_EDGE('',*,*,#3648,.T.);
#5192=ORIENTED_EDGE('',*,*,#3649,.F.);
#5193=ORIENTED_EDGE('',*,*,#3650,.T.);
#5194=ORIENTED_EDGE('',*,*,#3651,.T.);
#5195=ORIENTED_EDGE('',*,*,#3652,.T.);
#5196=ORIENTED_EDGE('',*,*,#3584,.T.);
#5197=ORIENTED_EDGE('',*,*,#3588,.T.);
#5198=ORIENTED_EDGE('',*,*,#3535,.T.);
#5199=ORIENTED_EDGE('',*,*,#3653,.F.);
#5200=ORIENTED_EDGE('',*,*,#3654,.T.);
#5201=ORIENTED_EDGE('',*,*,#3643,.F.);
#5202=ORIENTED_EDGE('',*,*,#3646,.F.);
#5203=ORIENTED_EDGE('',*,*,#3572,.T.);
#5204=ORIENTED_EDGE('',*,*,#3578,.T.);
#5205=ORIENTED_EDGE('',*,*,#3580,.F.);
#5206=ORIENTED_EDGE('',*,*,#3582,.T.);
#5207=ORIENTED_EDGE('',*,*,#3655,.T.);
#5208=ORIENTED_EDGE('',*,*,#3656,.F.);
#5209=ORIENTED_EDGE('',*,*,#3657,.F.);
#5210=ORIENTED_EDGE('',*,*,#3550,.T.);
#5211=ORIENTED_EDGE('',*,*,#3556,.T.);
#5212=ORIENTED_EDGE('',*,*,#3558,.F.);
#5213=ORIENTED_EDGE('',*,*,#3560,.T.);
#5214=ORIENTED_EDGE('',*,*,#3634,.F.);
#5215=ORIENTED_EDGE('',*,*,#3656,.T.);
#5216=ORIENTED_EDGE('',*,*,#3658,.T.);
#5217=ORIENTED_EDGE('',*,*,#3659,.T.);
#5218=ORIENTED_EDGE('',*,*,#3633,.F.);
#5219=ORIENTED_EDGE('',*,*,#3636,.T.);
#5220=ORIENTED_EDGE('',*,*,#3551,.T.);
#5221=ORIENTED_EDGE('',*,*,#3657,.T.);
#5222=ORIENTED_EDGE('',*,*,#3534,.T.);
#5223=ORIENTED_EDGE('',*,*,#3660,.T.);
#5224=ORIENTED_EDGE('',*,*,#3585,.T.);
#5225=ORIENTED_EDGE('',*,*,#3653,.T.);
#5226=ORIENTED_EDGE('',*,*,#3660,.F.);
#5227=ORIENTED_EDGE('',*,*,#3533,.T.);
#5228=ORIENTED_EDGE('',*,*,#3661,.F.);
#5229=ORIENTED_EDGE('',*,*,#3586,.F.);
#5230=ORIENTED_EDGE('',*,*,#3561,.F.);
#5231=ORIENTED_EDGE('',*,*,#3600,.F.);
#5232=ORIENTED_EDGE('',*,*,#3604,.F.);
#5233=ORIENTED_EDGE('',*,*,#3662,.F.);
#5234=ORIENTED_EDGE('',*,*,#3644,.F.);
#5235=ORIENTED_EDGE('',*,*,#3654,.F.);
#5236=ORIENTED_EDGE('',*,*,#3581,.T.);
#5237=ORIENTED_EDGE('',*,*,#3638,.F.);
#5238=ORIENTED_EDGE('',*,*,#3645,.F.);
#5239=ORIENTED_EDGE('',*,*,#3662,.T.);
#5240=ORIENTED_EDGE('',*,*,#3603,.F.);
#5241=ORIENTED_EDGE('',*,*,#3539,.F.);
#5242=ORIENTED_EDGE('',*,*,#3591,.F.);
#5243=ORIENTED_EDGE('',*,*,#3663,.F.);
#5244=ORIENTED_EDGE('',*,*,#3664,.F.);
#5245=ORIENTED_EDGE('',*,*,#3658,.F.);
#5246=ORIENTED_EDGE('',*,*,#3655,.F.);
#5247=ORIENTED_EDGE('',*,*,#3559,.T.);
#5248=ORIENTED_EDGE('',*,*,#3630,.F.);
#5249=ORIENTED_EDGE('',*,*,#3659,.F.);
#5250=ORIENTED_EDGE('',*,*,#3664,.T.);
#5251=ORIENTED_EDGE('',*,*,#3665,.F.);
#5252=ORIENTED_EDGE('',*,*,#3594,.F.);
#5253=ORIENTED_EDGE('',*,*,#3553,.T.);
#5254=ORIENTED_EDGE('',*,*,#3635,.T.);
#5255=ORIENTED_EDGE('',*,*,#3631,.F.);
#5256=ORIENTED_EDGE('',*,*,#3665,.T.);
#5257=ORIENTED_EDGE('',*,*,#3663,.T.);
#5258=ORIENTED_EDGE('',*,*,#3590,.F.);
#5259=ORIENTED_EDGE('',*,*,#3593,.F.);
#5260=ORIENTED_EDGE('',*,*,#3538,.F.);
#5261=ORIENTED_EDGE('',*,*,#3587,.T.);
#5262=ORIENTED_EDGE('',*,*,#3661,.T.);
#5263=ORIENTED_EDGE('',*,*,#3532,.T.);
#5264=ORIENTED_EDGE('',*,*,#3648,.F.);
#5265=ORIENTED_EDGE('',*,*,#3666,.T.);
#5266=ORIENTED_EDGE('',*,*,#3626,.F.);
#5267=ORIENTED_EDGE('',*,*,#3667,.F.);
#5268=ORIENTED_EDGE('',*,*,#3649,.T.);
#5269=ORIENTED_EDGE('',*,*,#3667,.T.);
#5270=ORIENTED_EDGE('',*,*,#3625,.F.);
#5271=ORIENTED_EDGE('',*,*,#3668,.F.);
#5272=ORIENTED_EDGE('',*,*,#3650,.F.);
#5273=ORIENTED_EDGE('',*,*,#3668,.T.);
#5274=ORIENTED_EDGE('',*,*,#3624,.F.);
#5275=ORIENTED_EDGE('',*,*,#3669,.F.);
#5276=ORIENTED_EDGE('',*,*,#3651,.F.);
#5277=ORIENTED_EDGE('',*,*,#3669,.T.);
#5278=ORIENTED_EDGE('',*,*,#3623,.F.);
#5279=ORIENTED_EDGE('',*,*,#3670,.F.);
#5280=ORIENTED_EDGE('',*,*,#3652,.F.);
#5281=ORIENTED_EDGE('',*,*,#3670,.T.);
#5282=ORIENTED_EDGE('',*,*,#3628,.F.);
#5283=ORIENTED_EDGE('',*,*,#3671,.F.);
#5284=ORIENTED_EDGE('',*,*,#3647,.T.);
#5285=ORIENTED_EDGE('',*,*,#3671,.T.);
#5286=ORIENTED_EDGE('',*,*,#3627,.F.);
#5287=ORIENTED_EDGE('',*,*,#3666,.F.);
#5288=ORIENTED_EDGE('',*,*,#3605,.T.);
#5289=ORIENTED_EDGE('',*,*,#3609,.T.);
#5290=ORIENTED_EDGE('',*,*,#3612,.T.);
#5291=ORIENTED_EDGE('',*,*,#3615,.T.);
#5292=ORIENTED_EDGE('',*,*,#3618,.T.);
#5293=ORIENTED_EDGE('',*,*,#3621,.T.);
#5294=B_SPLINE_SURFACE_WITH_KNOTS('',3,1,((#7568,#7569),(#7570,#7571),(#7572,
#7573),(#7574,#7575),(#7576,#7577)),.UNSPECIFIED.,.F.,.F.,.F.,(4,1,4),(2,
2),(0.,0.167367435492354,0.285483315793657),(0.,0.0499999999999998),
 .UNSPECIFIED.);
#5295=B_SPLINE_SURFACE_WITH_KNOTS('',3,1,((#7594,#7595),(#7596,#7597),(#7598,
#7599),(#7600,#7601),(#7602,#7603)),.UNSPECIFIED.,.F.,.F.,.F.,(4,1,4),(2,
2),(0.,0.42523837697215,0.695271704243187),(0.,0.0499999999999998),
 .UNSPECIFIED.);
#5296=B_SPLINE_SURFACE_WITH_KNOTS('',3,1,((#7617,#7618),(#7619,#7620),(#7621,
#7622),(#7623,#7624),(#7625,#7626)),.UNSPECIFIED.,.F.,.F.,.F.,(4,1,4),(2,
2),(0.,0.287337232207762,0.718234023509378),(0.,0.0499999999999998),
 .UNSPECIFIED.);
#5297=B_SPLINE_SURFACE_WITH_KNOTS('',3,1,((#7640,#7641),(#7642,#7643),(#7644,
#7645),(#7646,#7647),(#7648,#7649)),.UNSPECIFIED.,.F.,.F.,.F.,(4,1,4),(2,
2),(0.,0.112523404971643,0.260768238108958),(0.,0.0499999999999998),
 .UNSPECIFIED.);
#5298=B_SPLINE_SURFACE_WITH_KNOTS('',3,1,((#7663,#7664),(#7665,#7666),(#7667,
#7668),(#7669,#7670),(#7671,#7672)),.UNSPECIFIED.,.F.,.F.,.F.,(4,1,4),(2,
2),(0.,0.095565073521293,0.191679922993646),(0.,0.0499999999999998),
 .UNSPECIFIED.);
#5299=B_SPLINE_SURFACE_WITH_KNOTS('',3,1,((#7686,#7687),(#7688,#7689),(#7690,
#7691),(#7692,#7693),(#7694,#7695)),.UNSPECIFIED.,.F.,.F.,.F.,(4,1,4),(2,
2),(0.,0.0951161973968297,0.190400189215142),(0.,0.0499999999999998),
 .UNSPECIFIED.);
#5300=B_SPLINE_SURFACE_WITH_KNOTS('',3,1,((#7709,#7710),(#7711,#7712),(#7713,
#7714),(#7715,#7716),(#7717,#7718)),.UNSPECIFIED.,.F.,.F.,.F.,(4,1,4),(2,
2),(0.,0.167138108417744,0.284667415435686),(0.,0.0499999999999998),
 .UNSPECIFIED.);
#5301=B_SPLINE_SURFACE_WITH_KNOTS('',3,1,((#7732,#7733),(#7734,#7735),(#7736,
#7737),(#7738,#7739),(#7740,#7741)),.UNSPECIFIED.,.F.,.F.,.F.,(4,1,4),(2,
2),(0.,0.42523837697215,0.695271704243187),(0.,0.0499999999999998),
 .UNSPECIFIED.);
#5302=B_SPLINE_SURFACE_WITH_KNOTS('',3,1,((#7755,#7756),(#7757,#7758),(#7759,
#7760),(#7761,#7762),(#7763,#7764)),.UNSPECIFIED.,.F.,.F.,.F.,(4,1,4),(2,
2),(0.,0.288786060013727,0.720170869141427),(0.,0.0499999999999998),
 .UNSPECIFIED.);
#5303=B_SPLINE_SURFACE_WITH_KNOTS('',3,1,((#7778,#7779),(#7780,#7781),(#7782,
#7783),(#7784,#7785),(#7786,#7787)),.UNSPECIFIED.,.F.,.F.,.F.,(4,1,4),(2,
2),(0.,0.112523404971643,0.260768238108958),(0.,0.0499999999999998),
 .UNSPECIFIED.);
#5304=B_SPLINE_SURFACE_WITH_KNOTS('',3,1,((#7801,#7802),(#7803,#7804),(#7805,
#7806),(#7807,#7808),(#7809,#7810)),.UNSPECIFIED.,.F.,.F.,.F.,(4,1,4),(2,
2),(0.,0.095565073521293,0.191679922993646),(0.,0.0499999999999998),
 .UNSPECIFIED.);
#5305=B_SPLINE_SURFACE_WITH_KNOTS('',3,1,((#7824,#7825),(#7826,#7827),(#7828,
#7829),(#7830,#7831),(#7832,#7833)),.UNSPECIFIED.,.F.,.F.,.F.,(4,1,4),(2,
2),(0.,0.0954792752371785,0.190803606318012),(0.,0.0499999999999998),
 .UNSPECIFIED.);
#5306=B_SPLINE_SURFACE_WITH_KNOTS('',3,1,((#7844,#7845),(#7846,#7847),(#7848,
#7849),(#7850,#7851),(#7852,#7853)),.UNSPECIFIED.,.F.,.F.,.F.,(4,1,4),(2,
2),(0.,0.698858583915587,1.21288308859046),(0.,0.0499999999999998),
 .UNSPECIFIED.);
#5307=B_SPLINE_SURFACE_WITH_KNOTS('',3,1,((#7870,#7871),(#7872,#7873),(#7874,
#7875),(#7876,#7877),(#7878,#7879)),.UNSPECIFIED.,.F.,.F.,.F.,(4,1,4),(2,
2),(0.,0.486468620382122,1.18787766780987),(0.,0.0499999999999998),
 .UNSPECIFIED.);
#5308=B_SPLINE_SURFACE_WITH_KNOTS('',3,1,((#7893,#7894),(#7895,#7896),(#7897,
#7898),(#7899,#7900),(#7901,#7902)),.UNSPECIFIED.,.F.,.F.,.F.,(4,1,4),(2,
2),(0.,0.385893355095823,0.767875140325942),(0.,0.0499999999999998),
 .UNSPECIFIED.);
#5309=B_SPLINE_SURFACE_WITH_KNOTS('',3,1,((#7916,#7917),(#7918,#7919),(#7920,
#7921),(#7922,#7923),(#7924,#7925)),.UNSPECIFIED.,.F.,.F.,.F.,(4,1,4),(2,
2),(0.,0.354601126081354,0.731895640370516),(0.,0.0499999999999998),
 .UNSPECIFIED.);
#5310=B_SPLINE_SURFACE_WITH_KNOTS('',3,1,((#7939,#7940),(#7941,#7942),(#7943,
#7944),(#7945,#7946),(#7947,#7948)),.UNSPECIFIED.,.F.,.F.,.F.,(4,1,4),(2,
2),(0.,0.701773467766512,1.21668867673233),(0.,0.0499999999999998),
 .UNSPECIFIED.);
#5311=B_SPLINE_SURFACE_WITH_KNOTS('',3,1,((#7962,#7963),(#7964,#7965),(#7966,
#7967),(#7968,#7969),(#7970,#7971)),.UNSPECIFIED.,.F.,.F.,.F.,(4,1,4),(2,
2),(0.,0.512088089070638,1.21429866253393),(0.,0.0499999999999998),
 .UNSPECIFIED.);
#5312=B_SPLINE_SURFACE_WITH_KNOTS('',3,1,((#7985,#7986),(#7987,#7988),(#7989,
#7990),(#7991,#7992),(#7993,#7994)),.UNSPECIFIED.,.F.,.F.,.F.,(4,1,4),(2,
2),(0.,0.377964067497123,0.735532996966532),(0.,0.0499999999999998),
 .UNSPECIFIED.);
#5313=B_SPLINE_SURFACE_WITH_KNOTS('',3,1,((#8008,#8009),(#8010,#8011),(#8012,
#8013),(#8014,#8015),(#8016,#8017)),.UNSPECIFIED.,.F.,.F.,.F.,(4,1,4),(2,
2),(0.,0.354601126081354,0.731895640370516),(0.,0.0499999999999998),
 .UNSPECIFIED.);
#5314=B_SPLINE_SURFACE_WITH_KNOTS('',3,1,((#8038,#8039),(#8040,#8041),(#8042,
#8043),(#8044,#8045),(#8046,#8047)),.UNSPECIFIED.,.F.,.F.,.F.,(4,1,4),(2,
2),(0.,0.30055495828141,0.579788336696535),(0.,0.0499999999999998),
 .UNSPECIFIED.);
#5315=B_SPLINE_SURFACE_WITH_KNOTS('',3,1,((#8061,#8062),(#8063,#8064),(#8065,
#8066),(#8067,#8068),(#8069,#8070)),.UNSPECIFIED.,.F.,.F.,.F.,(4,1,4),(2,
2),(0.,0.246160225745436,0.539501155520136),(0.,0.0499999999999998),
 .UNSPECIFIED.);
#5316=B_SPLINE_SURFACE_WITH_KNOTS('',3,1,((#8090,#8091),(#8092,#8093),(#8094,
#8095),(#8096,#8097),(#8098,#8099)),.UNSPECIFIED.,.F.,.F.,.F.,(4,1,4),(2,
2),(0.,0.408887663357967,0.826977895594095),(0.,0.0499999999999998),
 .UNSPECIFIED.);
#5317=B_SPLINE_SURFACE_WITH_KNOTS('',3,3,((#8269,#8270,#8271,#8272,#8273),
(#8274,#8275,#8276,#8277,#8278),(#8279,#8280,#8281,#8282,#8283),(#8284,
#8285,#8286,#8287,#8288)),.UNSPECIFIED.,.F.,.F.,.F.,(4,4),(4,1,4),(0.,1.),
(2.66729281423935E-16,0.152115334629934,0.354935780803179),
 .UNSPECIFIED.);
#5318=ADVANCED_FACE('',(#536),#5294,.F.);
#5319=ADVANCED_FACE('',(#537),#5295,.F.);
#5320=ADVANCED_FACE('',(#538),#5296,.F.);
#5321=ADVANCED_FACE('',(#539),#5297,.F.);
#5322=ADVANCED_FACE('',(#540),#5298,.F.);
#5323=ADVANCED_FACE('',(#541),#5299,.F.);
#5324=ADVANCED_FACE('',(#542),#5300,.F.);
#5325=ADVANCED_FACE('',(#543),#5301,.F.);
#5326=ADVANCED_FACE('',(#544),#5302,.F.);
#5327=ADVANCED_FACE('',(#545),#5303,.F.);
#5328=ADVANCED_FACE('',(#546),#5304,.F.);
#5329=ADVANCED_FACE('',(#547),#5305,.F.);
#5330=ADVANCED_FACE('',(#548),#5306,.F.);
#5331=ADVANCED_FACE('',(#549),#5307,.F.);
#5332=ADVANCED_FACE('',(#550),#5308,.F.);
#5333=ADVANCED_FACE('',(#551),#5309,.F.);
#5334=ADVANCED_FACE('',(#552),#5310,.F.);
#5335=ADVANCED_FACE('',(#553),#5311,.F.);
#5336=ADVANCED_FACE('',(#554),#5312,.F.);
#5337=ADVANCED_FACE('',(#555),#5313,.F.);
#5338=ADVANCED_FACE('',(#556,#324),#373,.T.);
#5339=ADVANCED_FACE('',(#557),#374,.F.);
#5340=ADVANCED_FACE('',(#558),#5314,.F.);
#5341=ADVANCED_FACE('',(#559),#5315,.F.);
#5342=ADVANCED_FACE('',(#560),#375,.F.);
#5343=ADVANCED_FACE('',(#561),#5316,.F.);
#5344=ADVANCED_FACE('',(#562),#376,.F.);
#5345=ADVANCED_FACE('',(#563),#377,.F.);
#5346=ADVANCED_FACE('',(#564),#378,.F.);
#5347=ADVANCED_FACE('',(#565),#379,.T.);
#5348=ADVANCED_FACE('',(#566,#325,#326,#327,#328),#380,.T.);
#5349=ADVANCED_FACE('',(#567),#37,.F.);
#5350=ADVANCED_FACE('',(#568),#381,.F.);
#5351=ADVANCED_FACE('',(#569),#38,.F.);
#5352=ADVANCED_FACE('',(#570),#382,.F.);
#5353=ADVANCED_FACE('',(#571),#39,.F.);
#5354=ADVANCED_FACE('',(#572),#383,.F.);
#5355=ADVANCED_FACE('',(#573),#40,.F.);
#5356=ADVANCED_FACE('',(#574),#384,.F.);
#5357=ADVANCED_FACE('',(#575),#41,.F.);
#5358=ADVANCED_FACE('',(#576),#42,.F.);
#5359=ADVANCED_FACE('',(#577),#43,.F.);
#5360=ADVANCED_FACE('',(#578),#44,.F.);
#5361=ADVANCED_FACE('',(#579),#385,.F.);
#5362=ADVANCED_FACE('',(#580),#386,.F.);
#5363=ADVANCED_FACE('',(#581),#45,.F.);
#5364=ADVANCED_FACE('',(#582),#387,.F.);
#5365=ADVANCED_FACE('',(#583),#46,.F.);
#5366=ADVANCED_FACE('',(#584),#388,.F.);
#5367=ADVANCED_FACE('',(#585),#47,.F.);
#5368=ADVANCED_FACE('',(#586),#48,.F.);
#5369=ADVANCED_FACE('',(#587),#32,.F.);
#5370=ADVANCED_FACE('',(#588),#5317,.T.);
#5371=ADVANCED_FACE('',(#589,#329,#330,#331),#389,.F.);
#5372=ADVANCED_FACE('',(#590),#26,.T.);
#5373=ADVANCED_FACE('',(#591),#33,.F.);
#5374=ADVANCED_FACE('',(#592),#27,.T.);
#5375=ADVANCED_FACE('',(#593),#390,.T.);
#5376=ADVANCED_FACE('',(#594),#391,.T.);
#5377=ADVANCED_FACE('',(#595),#49,.F.);
#5378=ADVANCED_FACE('',(#596,#332),#392,.F.);
#5379=ADVANCED_FACE('',(#597),#50,.F.);
#5380=ADVANCED_FACE('',(#598),#51,.F.);
#5381=ADVANCED_FACE('',(#599),#52,.F.);
#5382=ADVANCED_FACE('',(#600),#53,.F.);
#5383=ADVANCED_FACE('',(#601),#54,.F.);
#5384=ADVANCED_FACE('',(#602),#55,.F.);
#5385=ADVANCED_FACE('',(#603),#393,.T.);
#5386=ADVANCED_FACE('',(#604),#56,.F.);
#5387=ADVANCED_FACE('',(#605),#394,.T.);
#5388=ADVANCED_FACE('',(#606),#57,.F.);
#5389=ADVANCED_FACE('',(#607),#395,.F.);
#5390=ADVANCED_FACE('',(#608),#58,.T.);
#5391=ADVANCED_FACE('',(#609),#396,.T.);
#5392=ADVANCED_FACE('',(#610),#397,.T.);
#5393=ADVANCED_FACE('',(#611),#59,.T.);
#5394=ADVANCED_FACE('',(#612),#60,.F.);
#5395=ADVANCED_FACE('',(#613),#398,.T.);
#5396=ADVANCED_FACE('',(#614),#61,.F.);
#5397=ADVANCED_FACE('',(#615),#399,.T.);
#5398=ADVANCED_FACE('',(#616),#62,.F.);
#5399=ADVANCED_FACE('',(#617),#400,.F.);
#5400=ADVANCED_FACE('',(#618),#63,.F.);
#5401=ADVANCED_FACE('',(#619),#401,.F.);
#5402=ADVANCED_FACE('',(#620),#64,.T.);
#5403=ADVANCED_FACE('',(#621),#402,.T.);
#5404=ADVANCED_FACE('',(#622),#403,.T.);
#5405=ADVANCED_FACE('',(#623),#65,.F.);
#5406=ADVANCED_FACE('',(#624),#404,.T.);
#5407=ADVANCED_FACE('',(#625),#66,.T.);
#5408=ADVANCED_FACE('',(#626),#405,.T.);
#5409=ADVANCED_FACE('',(#627),#67,.F.);
#5410=ADVANCED_FACE('',(#628),#406,.F.);
#5411=ADVANCED_FACE('',(#629),#68,.F.);
#5412=ADVANCED_FACE('',(#630),#69,.F.);
#5413=ADVANCED_FACE('',(#631),#407,.F.);
#5414=ADVANCED_FACE('',(#632),#70,.F.);
#5415=ADVANCED_FACE('',(#633),#21,.F.);
#5416=ADVANCED_FACE('',(#634),#71,.F.);
#5417=ADVANCED_FACE('',(#635),#22,.F.);
#5418=ADVANCED_FACE('',(#636),#72,.F.);
#5419=ADVANCED_FACE('',(#637),#73,.F.);
#5420=ADVANCED_FACE('',(#638),#74,.F.);
#5421=ADVANCED_FACE('',(#639),#75,.F.);
#5422=ADVANCED_FACE('',(#640,#333,#334),#408,.T.);
#5423=ADVANCED_FACE('',(#641,#335,#336,#337),#409,.T.);
#5424=ADVANCED_FACE('',(#642,#338,#339,#340,#341),#410,.T.);
#5425=ADVANCED_FACE('',(#643),#76,.T.);
#5426=ADVANCED_FACE('',(#644),#28,.F.);
#5427=ADVANCED_FACE('',(#645),#77,.T.);
#5428=ADVANCED_FACE('',(#646),#29,.F.);
#5429=ADVANCED_FACE('',(#647),#78,.T.);
#5430=ADVANCED_FACE('',(#648,#342,#343),#411,.T.);
#5431=ADVANCED_FACE('',(#649),#79,.T.);
#5432=ADVANCED_FACE('',(#650),#412,.T.);
#5433=ADVANCED_FACE('',(#651),#80,.T.);
#5434=ADVANCED_FACE('',(#652,#344,#345,#346,#347),#413,.T.);
#5435=ADVANCED_FACE('',(#653,#348,#349),#414,.T.);
#5436=ADVANCED_FACE('',(#654),#415,.T.);
#5437=ADVANCED_FACE('',(#655),#416,.T.);
#5438=ADVANCED_FACE('',(#656,#350,#351,#352,#353),#417,.T.);
#5439=ADVANCED_FACE('',(#657),#418,.T.);
#5440=ADVANCED_FACE('',(#658),#419,.T.);
#5441=ADVANCED_FACE('',(#659),#420,.T.);
#5442=ADVANCED_FACE('',(#660),#421,.T.);
#5443=ADVANCED_FACE('',(#661),#422,.T.);
#5444=ADVANCED_FACE('',(#662),#423,.T.);
#5445=ADVANCED_FACE('',(#663),#424,.T.);
#5446=ADVANCED_FACE('',(#664),#425,.T.);
#5447=ADVANCED_FACE('',(#665),#426,.T.);
#5448=ADVANCED_FACE('',(#666,#354,#355,#356,#357),#427,.T.);
#5449=ADVANCED_FACE('',(#667),#428,.T.);
#5450=ADVANCED_FACE('',(#668),#429,.T.);
#5451=ADVANCED_FACE('',(#669),#430,.T.);
#5452=ADVANCED_FACE('',(#670),#431,.T.);
#5453=ADVANCED_FACE('',(#671),#432,.T.);
#5454=ADVANCED_FACE('',(#672),#433,.T.);
#5455=ADVANCED_FACE('',(#673),#434,.T.);
#5456=ADVANCED_FACE('',(#674),#81,.T.);
#5457=ADVANCED_FACE('',(#675),#82,.F.);
#5458=ADVANCED_FACE('',(#676),#83,.T.);
#5459=ADVANCED_FACE('',(#677),#435,.T.);
#5460=ADVANCED_FACE('',(#678),#84,.T.);
#5461=ADVANCED_FACE('',(#679),#85,.F.);
#5462=ADVANCED_FACE('',(#680),#86,.T.);
#5463=ADVANCED_FACE('',(#681),#436,.T.);
#5464=ADVANCED_FACE('',(#682),#87,.T.);
#5465=ADVANCED_FACE('',(#683),#88,.F.);
#5466=ADVANCED_FACE('',(#684),#89,.T.);
#5467=ADVANCED_FACE('',(#685),#437,.T.);
#5468=ADVANCED_FACE('',(#686),#90,.T.);
#5469=ADVANCED_FACE('',(#687),#91,.F.);
#5470=ADVANCED_FACE('',(#688),#92,.T.);
#5471=ADVANCED_FACE('',(#689),#93,.F.);
#5472=ADVANCED_FACE('',(#690),#94,.F.);
#5473=ADVANCED_FACE('',(#691),#95,.F.);
#5474=ADVANCED_FACE('',(#692),#96,.T.);
#5475=ADVANCED_FACE('',(#693),#97,.T.);
#5476=ADVANCED_FACE('',(#694),#34,.T.);
#5477=ADVANCED_FACE('',(#695),#98,.F.);
#5478=ADVANCED_FACE('',(#696),#438,.F.);
#5479=ADVANCED_FACE('',(#697),#439,.T.);
#5480=ADVANCED_FACE('',(#698),#440,.F.);
#5481=ADVANCED_FACE('',(#699),#441,.F.);
#5482=ADVANCED_FACE('',(#700),#442,.F.);
#5483=ADVANCED_FACE('',(#701),#443,.F.);
#5484=ADVANCED_FACE('',(#702),#444,.F.);
#5485=ADVANCED_FACE('',(#703),#445,.F.);
#5486=ADVANCED_FACE('',(#704),#446,.F.);
#5487=ADVANCED_FACE('',(#705),#447,.F.);
#5488=ADVANCED_FACE('',(#706),#99,.F.);
#5489=ADVANCED_FACE('',(#707),#448,.F.);
#5490=ADVANCED_FACE('',(#708),#100,.F.);
#5491=ADVANCED_FACE('',(#709),#101,.F.);
#5492=ADVANCED_FACE('',(#710),#102,.F.);
#5493=ADVANCED_FACE('',(#711),#449,.F.);
#5494=ADVANCED_FACE('',(#712),#450,.T.);
#5495=ADVANCED_FACE('',(#713),#451,.T.);
#5496=ADVANCED_FACE('',(#714),#452,.F.);
#5497=ADVANCED_FACE('',(#715),#453,.T.);
#5498=ADVANCED_FACE('',(#716),#454,.T.);
#5499=ADVANCED_FACE('',(#717),#455,.T.);
#5500=ADVANCED_FACE('',(#718),#35,.F.);
#5501=ADVANCED_FACE('',(#719),#36,.F.);
#5502=ADVANCED_FACE('',(#720,#358),#456,.T.);
#5503=ADVANCED_FACE('',(#721),#103,.F.);
#5504=ADVANCED_FACE('',(#722,#359),#457,.T.);
#5505=ADVANCED_FACE('',(#723),#104,.F.);
#5506=ADVANCED_FACE('',(#724,#360),#458,.T.);
#5507=ADVANCED_FACE('',(#725),#105,.F.);
#5508=ADVANCED_FACE('',(#726),#106,.F.);
#5509=ADVANCED_FACE('',(#727),#459,.F.);
#5510=ADVANCED_FACE('',(#728),#460,.F.);
#5511=ADVANCED_FACE('',(#729),#461,.F.);
#5512=ADVANCED_FACE('',(#730),#462,.F.);
#5513=ADVANCED_FACE('',(#731),#463,.F.);
#5514=ADVANCED_FACE('',(#732),#464,.F.);
#5515=ADVANCED_FACE('',(#733),#465,.F.);
#5516=ADVANCED_FACE('',(#734),#466,.F.);
#5517=ADVANCED_FACE('',(#735),#467,.T.);
#5518=ADVANCED_FACE('',(#736),#468,.T.);
#5519=ADVANCED_FACE('',(#737),#469,.F.);
#5520=ADVANCED_FACE('',(#738),#470,.F.);
#5521=ADVANCED_FACE('',(#739,#361),#471,.F.);
#5522=ADVANCED_FACE('',(#740),#472,.F.);
#5523=ADVANCED_FACE('',(#741,#362),#473,.F.);
#5524=ADVANCED_FACE('',(#742),#474,.F.);
#5525=ADVANCED_FACE('',(#743,#363),#475,.F.);
#5526=ADVANCED_FACE('',(#744),#476,.F.);
#5527=ADVANCED_FACE('',(#745),#477,.F.);
#5528=ADVANCED_FACE('',(#746),#478,.F.);
#5529=ADVANCED_FACE('',(#747),#479,.F.);
#5530=ADVANCED_FACE('',(#748),#480,.F.);
#5531=ADVANCED_FACE('',(#749,#364),#481,.F.);
#5532=ADVANCED_FACE('',(#750),#482,.F.);
#5533=ADVANCED_FACE('',(#751,#365),#483,.F.);
#5534=ADVANCED_FACE('',(#752),#484,.F.);
#5535=ADVANCED_FACE('',(#753,#366),#485,.F.);
#5536=ADVANCED_FACE('',(#754),#486,.F.);
#5537=ADVANCED_FACE('',(#755),#487,.T.);
#5538=ADVANCED_FACE('',(#756),#488,.T.);
#5539=ADVANCED_FACE('',(#757),#489,.T.);
#5540=ADVANCED_FACE('',(#758),#107,.F.);
#5541=ADVANCED_FACE('',(#759),#490,.T.);
#5542=ADVANCED_FACE('',(#760),#491,.T.);
#5543=ADVANCED_FACE('',(#761),#108,.F.);
#5544=ADVANCED_FACE('',(#762),#492,.T.);
#5545=ADVANCED_FACE('',(#763),#493,.T.);
#5546=ADVANCED_FACE('',(#764),#494,.T.);
#5547=ADVANCED_FACE('',(#765),#495,.T.);
#5548=ADVANCED_FACE('',(#766),#496,.T.);
#5549=ADVANCED_FACE('',(#767),#497,.T.);
#5550=ADVANCED_FACE('',(#768),#498,.T.);
#5551=ADVANCED_FACE('',(#769,#367),#499,.T.);
#5552=ADVANCED_FACE('',(#770,#368),#500,.T.);
#5553=ADVANCED_FACE('',(#771),#109,.T.);
#5554=ADVANCED_FACE('',(#772),#501,.T.);
#5555=ADVANCED_FACE('',(#773),#502,.T.);
#5556=ADVANCED_FACE('',(#774),#110,.T.);
#5557=ADVANCED_FACE('',(#775),#30,.F.);
#5558=ADVANCED_FACE('',(#776),#111,.T.);
#5559=ADVANCED_FACE('',(#777),#503,.T.);
#5560=ADVANCED_FACE('',(#778),#504,.T.);
#5561=ADVANCED_FACE('',(#779),#112,.T.);
#5562=ADVANCED_FACE('',(#780),#505,.T.);
#5563=ADVANCED_FACE('',(#781),#113,.T.);
#5564=ADVANCED_FACE('',(#782),#31,.F.);
#5565=ADVANCED_FACE('',(#783),#114,.T.);
#5566=ADVANCED_FACE('',(#784),#506,.T.);
#5567=ADVANCED_FACE('',(#785),#507,.T.);
#5568=ADVANCED_FACE('',(#786),#115,.T.);
#5569=ADVANCED_FACE('',(#787),#508,.T.);
#5570=ADVANCED_FACE('',(#788),#509,.T.);
#5571=ADVANCED_FACE('',(#789),#510,.T.);
#5572=ADVANCED_FACE('',(#790),#511,.T.);
#5573=ADVANCED_FACE('',(#791),#13,.T.);
#5574=ADVANCED_FACE('',(#792),#512,.T.);
#5575=ADVANCED_FACE('',(#793),#513,.T.);
#5576=ADVANCED_FACE('',(#794),#14,.T.);
#5577=ADVANCED_FACE('',(#795),#514,.T.);
#5578=ADVANCED_FACE('',(#796),#515,.T.);
#5579=ADVANCED_FACE('',(#797),#516,.T.);
#5580=ADVANCED_FACE('',(#798),#517,.T.);
#5581=ADVANCED_FACE('',(#799),#518,.T.);
#5582=ADVANCED_FACE('',(#800),#116,.F.);
#5583=ADVANCED_FACE('',(#801),#519,.T.);
#5584=ADVANCED_FACE('',(#802),#117,.F.);
#5585=ADVANCED_FACE('',(#803,#369),#520,.T.);
#5586=ADVANCED_FACE('',(#804),#118,.F.);
#5587=ADVANCED_FACE('',(#805),#23,.F.);
#5588=ADVANCED_FACE('',(#806),#521,.T.);
#5589=ADVANCED_FACE('',(#807),#119,.F.);
#5590=ADVANCED_FACE('',(#808),#24,.F.);
#5591=ADVANCED_FACE('',(#809),#522,.T.);
#5592=ADVANCED_FACE('',(#810),#120,.F.);
#5593=ADVANCED_FACE('',(#811),#121,.F.);
#5594=ADVANCED_FACE('',(#812,#370,#371,#372),#523,.F.);
#5595=ADVANCED_FACE('',(#813),#122,.F.);
#5596=ADVANCED_FACE('',(#814),#123,.F.);
#5597=ADVANCED_FACE('',(#815),#124,.F.);
#5598=ADVANCED_FACE('',(#816),#524,.T.);
#5599=ADVANCED_FACE('',(#817),#525,.T.);
#5600=ADVANCED_FACE('',(#818),#526,.T.);
#5601=ADVANCED_FACE('',(#819),#527,.T.);
#5602=ADVANCED_FACE('',(#820),#528,.T.);
#5603=ADVANCED_FACE('',(#821),#529,.T.);
#5604=ADVANCED_FACE('',(#822),#530,.T.);
#5605=ADVANCED_FACE('',(#823),#531,.T.);
#5606=ADVANCED_FACE('',(#824),#125,.T.);
#5607=ADVANCED_FACE('',(#825),#532,.T.);
#5608=ADVANCED_FACE('',(#826),#533,.T.);
#5609=ADVANCED_FACE('',(#827),#534,.T.);
#5610=ADVANCED_FACE('',(#828),#126,.T.);
#5611=ADVANCED_FACE('',(#829),#535,.T.);
#5612=CLOSED_SHELL('',(#5318,#5319,#5320,#5321,#5322,#5323,#5324,#5325,
#5326,#5327,#5328,#5329,#5330,#5331,#5332,#5333,#5334,#5335,#5336,#5337,
#5338,#5339,#5340,#5341,#5342,#5343,#5344,#5345,#5346,#5347,#5348,#5349,
#5350,#5351,#5352,#5353,#5354,#5355,#5356,#5357,#5358,#5359,#5360,#5361,
#5362,#5363,#5364,#5365,#5366,#5367,#5368,#5369,#5370,#5371,#5372,#5373,
#5374,#5375,#5376,#5377,#5378,#5379,#5380,#5381,#5382,#5383,#5384,#5385,
#5386,#5387,#5388,#5389,#5390,#5391,#5392,#5393,#5394,#5395,#5396,#5397,
#5398,#5399,#5400,#5401,#5402,#5403,#5404,#5405,#5406,#5407,#5408,#5409,
#5410,#5411,#5412,#5413,#5414,#5415,#5416,#5417,#5418,#5419,#5420,#5421,
#5422,#5423,#5424,#5425,#5426,#5427,#5428,#5429,#5430,#5431,#5432,#5433,
#5434,#5435,#5436,#5437,#5438,#5439,#5440,#5441,#5442,#5443,#5444,#5445,
#5446,#5447,#5448,#5449,#5450,#5451,#5452,#5453,#5454,#5455,#5456,#5457,
#5458,#5459,#5460,#5461,#5462,#5463,#5464,#5465,#5466,#5467,#5468,#5469,
#5470,#5471,#5472,#5473,#5474,#5475,#5476,#5477,#5478,#5479,#5480,#5481,
#5482,#5483,#5484,#5485,#5486,#5487,#5488,#5489,#5490,#5491,#5492,#5493,
#5494,#5495,#5496,#5497,#5498,#5499,#5500,#5501,#5502,#5503,#5504,#5505,
#5506,#5507,#5508,#5509,#5510,#5511,#5512,#5513,#5514,#5515,#5516,#5517,
#5518,#5519,#5520,#5521,#5522,#5523,#5524,#5525,#5526,#5527,#5528,#5529,
#5530,#5531,#5532,#5533,#5534,#5535,#5536,#5537,#5538,#5539,#5540,#5541,
#5542,#5543,#5544,#5545,#5546,#5547,#5548,#5549,#5550,#5551,#5552));
#5613=CLOSED_SHELL('',(#5553,#5554,#5555,#5556,#5557,#5558,#5559,#5560,
#5561,#5562,#5563,#5564,#5565,#5566,#5567,#5568,#5569,#5570,#5571,#5572,
#5573,#5574,#5575,#5576,#5577,#5578,#5579,#5580,#5581,#5582,#5583,#5584,
#5585,#5586,#5587,#5588,#5589,#5590,#5591,#5592,#5593,#5594,#5595,#5596,
#5597,#5598,#5599,#5600,#5601,#5602,#5603,#5604,#5605,#5606,#5607,#5608,
#5609,#5610,#5611));
#5614=DERIVED_UNIT_ELEMENT(#5616,1.);
#5615=DERIVED_UNIT_ELEMENT(#9844,-3.);
#5616=(
MASS_UNIT()
NAMED_UNIT(*)
SI_UNIT(.KILO.,.GRAM.)
);
#5617=DERIVED_UNIT((#5614,#5615));
#5618=MEASURE_REPRESENTATION_ITEM('density measure',
POSITIVE_RATIO_MEASURE(7850.),#5617);
#5619=PROPERTY_DEFINITION_REPRESENTATION(#5624,#5621);
#5620=PROPERTY_DEFINITION_REPRESENTATION(#5625,#5622);
#5621=REPRESENTATION('material name',(#5623),#9841);
#5622=REPRESENTATION('density',(#5618),#9841);
#5623=DESCRIPTIVE_REPRESENTATION_ITEM('PETG','PETG');
#5624=PROPERTY_DEFINITION('material property','material name',#9851);
#5625=PROPERTY_DEFINITION('material property','density of part',#9851);
#5626=AXIS2_PLACEMENT_3D('',#7567,#6090,#6091);
#5627=AXIS2_PLACEMENT_3D('',#8028,#6112,#6113);
#5628=AXIS2_PLACEMENT_3D('',#8029,#6114,#6115);
#5629=AXIS2_PLACEMENT_3D('',#8084,#6122,#6123);
#5630=AXIS2_PLACEMENT_3D('',#8113,#6128,#6129);
#5631=AXIS2_PLACEMENT_3D('',#8119,#6133,#6134);
#5632=AXIS2_PLACEMENT_3D('',#8125,#6138,#6139);
#5633=AXIS2_PLACEMENT_3D('',#8128,#6142,#6143);
#5634=AXIS2_PLACEMENT_3D('',#8129,#6144,#6145);
#5635=AXIS2_PLACEMENT_3D('',#8139,#6150,#6151);
#5636=AXIS2_PLACEMENT_3D('',#8141,#6152,#6153);
#5637=AXIS2_PLACEMENT_3D('',#8142,#6154,#6155);
#5638=AXIS2_PLACEMENT_3D('',#8145,#6156,#6157);
#5639=AXIS2_PLACEMENT_3D('',#8149,#6159,#6160);
#5640=AXIS2_PLACEMENT_3D('',#8151,#6162,#6163);
#5641=AXIS2_PLACEMENT_3D('',#8157,#6167,#6168);
#5642=AXIS2_PLACEMENT_3D('',#8160,#6169,#6170);
#5643=AXIS2_PLACEMENT_3D('',#8164,#6172,#6173);
#5644=AXIS2_PLACEMENT_3D('',#8166,#6175,#6176);
#5645=AXIS2_PLACEMENT_3D('',#8169,#6179,#6180);
#5646=AXIS2_PLACEMENT_3D('',#8171,#6181,#6182);
#5647=AXIS2_PLACEMENT_3D('',#8174,#6184,#6185);
#5648=AXIS2_PLACEMENT_3D('',#8175,#6186,#6187);
#5649=AXIS2_PLACEMENT_3D('',#8181,#6191,#6192);
#5650=AXIS2_PLACEMENT_3D('',#8183,#6193,#6194);
#5651=AXIS2_PLACEMENT_3D('',#8186,#6196,#6197);
#5652=AXIS2_PLACEMENT_3D('',#8187,#6198,#6199);
#5653=AXIS2_PLACEMENT_3D('',#8190,#6202,#6203);
#5654=AXIS2_PLACEMENT_3D('',#8192,#6204,#6205);
#5655=AXIS2_PLACEMENT_3D('',#8194,#6207,#6208);
#5656=AXIS2_PLACEMENT_3D('',#8196,#6209,#6210);
#5657=AXIS2_PLACEMENT_3D('',#8199,#6212,#6213);
#5658=AXIS2_PLACEMENT_3D('',#8200,#6214,#6215);
#5659=AXIS2_PLACEMENT_3D('',#8202,#6216,#6217);
#5660=AXIS2_PLACEMENT_3D('',#8204,#6219,#6220);
#5661=AXIS2_PLACEMENT_3D('',#8206,#6221,#6222);
#5662=AXIS2_PLACEMENT_3D('',#8209,#6224,#6225);
#5663=AXIS2_PLACEMENT_3D('',#8210,#6226,#6227);
#5664=AXIS2_PLACEMENT_3D('',#8219,#6232,#6233);
#5665=AXIS2_PLACEMENT_3D('',#8228,#6238,#6239);
#5666=AXIS2_PLACEMENT_3D('',#8230,#6240,#6241);
#5667=AXIS2_PLACEMENT_3D('',#8233,#6243,#6244);
#5668=AXIS2_PLACEMENT_3D('',#8234,#6245,#6246);
#5669=AXIS2_PLACEMENT_3D('',#8240,#6250,#6251);
#5670=AXIS2_PLACEMENT_3D('',#8242,#6252,#6253);
#5671=AXIS2_PLACEMENT_3D('',#8245,#6255,#6256);
#5672=AXIS2_PLACEMENT_3D('',#8246,#6257,#6258);
#5673=AXIS2_PLACEMENT_3D('',#8252,#6262,#6263);
#5674=AXIS2_PLACEMENT_3D('',#8253,#6264,#6265);
#5675=AXIS2_PLACEMENT_3D('',#8254,#6266,#6267);
#5676=AXIS2_PLACEMENT_3D('',#8255,#6268,#6269);
#5677=AXIS2_PLACEMENT_3D('',#8256,#6270,#6271);
#5678=AXIS2_PLACEMENT_3D('',#8257,#6272,#6273);
#5679=AXIS2_PLACEMENT_3D('',#8258,#6274,#6275);
#5680=AXIS2_PLACEMENT_3D('',#8261,#6276,#6277);
#5681=AXIS2_PLACEMENT_3D('',#8263,#6278,#6279);
#5682=AXIS2_PLACEMENT_3D('',#8265,#6280,#6281);
#5683=AXIS2_PLACEMENT_3D('',#8267,#6282,#6283);
#5684=AXIS2_PLACEMENT_3D('',#8268,#6284,#6285);
#5685=AXIS2_PLACEMENT_3D('',#8299,#6286,#6287);
#5686=AXIS2_PLACEMENT_3D('',#8303,#6289,#6290);
#5687=AXIS2_PLACEMENT_3D('',#8311,#6294,#6295);
#5688=AXIS2_PLACEMENT_3D('',#8314,#6297,#6298);
#5689=AXIS2_PLACEMENT_3D('',#8359,#6307,#6308);
#5690=AXIS2_PLACEMENT_3D('',#8363,#6309,#6310);
#5691=AXIS2_PLACEMENT_3D('',#8366,#6311,#6312);
#5692=AXIS2_PLACEMENT_3D('',#8367,#6313,#6314);
#5693=AXIS2_PLACEMENT_3D('',#8368,#6315,#6316);
#5694=AXIS2_PLACEMENT_3D('',#8397,#6317,#6318);
#5695=AXIS2_PLACEMENT_3D('',#8398,#6319,#6320);
#5696=AXIS2_PLACEMENT_3D('',#8399,#6321,#6322);
#5697=AXIS2_PLACEMENT_3D('',#8400,#6323,#6324);
#5698=AXIS2_PLACEMENT_3D('',#8401,#6325,#6326);
#5699=AXIS2_PLACEMENT_3D('',#8428,#6329,#6330);
#5700=AXIS2_PLACEMENT_3D('',#8430,#6331,#6332);
#5701=AXIS2_PLACEMENT_3D('',#8442,#6338,#6339);
#5702=AXIS2_PLACEMENT_3D('',#8446,#6341,#6342);
#5703=AXIS2_PLACEMENT_3D('',#8450,#6344,#6345);
#5704=AXIS2_PLACEMENT_3D('',#8454,#6347,#6348);
#5705=AXIS2_PLACEMENT_3D('',#8458,#6350,#6351);
#5706=AXIS2_PLACEMENT_3D('',#8462,#6353,#6354);
#5707=AXIS2_PLACEMENT_3D('',#8466,#6356,#6357);
#5708=AXIS2_PLACEMENT_3D('',#8470,#6359,#6360);
#5709=AXIS2_PLACEMENT_3D('',#8473,#6362,#6363);
#5710=AXIS2_PLACEMENT_3D('',#8478,#6365,#6366);
#5711=AXIS2_PLACEMENT_3D('',#8481,#6368,#6369);
#5712=AXIS2_PLACEMENT_3D('',#8482,#6370,#6371);
#5713=AXIS2_PLACEMENT_3D('',#8506,#6373,#6374);
#5714=AXIS2_PLACEMENT_3D('',#8530,#6376,#6377);
#5715=AXIS2_PLACEMENT_3D('',#8554,#6379,#6380);
#5716=AXIS2_PLACEMENT_3D('',#8578,#6382,#6383);
#5717=AXIS2_PLACEMENT_3D('',#8602,#6385,#6386);
#5718=AXIS2_PLACEMENT_3D('',#8605,#6387,#6388);
#5719=AXIS2_PLACEMENT_3D('',#8609,#6390,#6391);
#5720=AXIS2_PLACEMENT_3D('',#8611,#6393,#6394);
#5721=AXIS2_PLACEMENT_3D('',#8625,#6402,#6403);
#5722=AXIS2_PLACEMENT_3D('',#8628,#6404,#6405);
#5723=AXIS2_PLACEMENT_3D('',#8632,#6407,#6408);
#5724=AXIS2_PLACEMENT_3D('',#8634,#6410,#6411);
#5725=AXIS2_PLACEMENT_3D('',#8648,#6419,#6420);
#5726=AXIS2_PLACEMENT_3D('',#8651,#6421,#6422);
#5727=AXIS2_PLACEMENT_3D('',#8655,#6424,#6425);
#5728=AXIS2_PLACEMENT_3D('',#8657,#6427,#6428);
#5729=AXIS2_PLACEMENT_3D('',#8663,#6432,#6433);
#5730=AXIS2_PLACEMENT_3D('',#8666,#6434,#6435);
#5731=AXIS2_PLACEMENT_3D('',#8670,#6437,#6438);
#5732=AXIS2_PLACEMENT_3D('',#8672,#6440,#6441);
#5733=AXIS2_PLACEMENT_3D('',#8678,#6445,#6446);
#5734=AXIS2_PLACEMENT_3D('',#8683,#6449,#6450);
#5735=AXIS2_PLACEMENT_3D('',#8689,#6453,#6454);
#5736=AXIS2_PLACEMENT_3D('',#8692,#6456,#6457);
#5737=AXIS2_PLACEMENT_3D('',#8700,#6461,#6462);
#5738=AXIS2_PLACEMENT_3D('',#8703,#6464,#6465);
#5739=AXIS2_PLACEMENT_3D('',#8704,#6466,#6467);
#5740=AXIS2_PLACEMENT_3D('',#8706,#6468,#6469);
#5741=AXIS2_PLACEMENT_3D('',#8708,#6471,#6472);
#5742=AXIS2_PLACEMENT_3D('',#8711,#6473,#6474);
#5743=AXIS2_PLACEMENT_3D('',#8714,#6477,#6478);
#5744=AXIS2_PLACEMENT_3D('',#8718,#6481,#6482);
#5745=AXIS2_PLACEMENT_3D('',#8722,#6484,#6485);
#5746=AXIS2_PLACEMENT_3D('',#8724,#6487,#6488);
#5747=AXIS2_PLACEMENT_3D('',#8728,#6491,#6492);
#5748=AXIS2_PLACEMENT_3D('',#8731,#6493,#6494);
#5749=AXIS2_PLACEMENT_3D('',#8735,#6496,#6497);
#5750=AXIS2_PLACEMENT_3D('',#8737,#6499,#6500);
#5751=AXIS2_PLACEMENT_3D('',#8743,#6504,#6505);
#5752=AXIS2_PLACEMENT_3D('',#8745,#6506,#6507);
#5753=AXIS2_PLACEMENT_3D('',#8748,#6509,#6510);
#5754=AXIS2_PLACEMENT_3D('',#8749,#6511,#6512);
#5755=AXIS2_PLACEMENT_3D('',#8755,#6516,#6517);
#5756=AXIS2_PLACEMENT_3D('',#8758,#6518,#6519);
#5757=AXIS2_PLACEMENT_3D('',#8762,#6521,#6522);
#5758=AXIS2_PLACEMENT_3D('',#8764,#6524,#6525);
#5759=AXIS2_PLACEMENT_3D('',#8770,#6529,#6530);
#5760=AXIS2_PLACEMENT_3D('',#8777,#6534,#6535);
#5761=AXIS2_PLACEMENT_3D('',#8780,#6537,#6538);
#5762=AXIS2_PLACEMENT_3D('',#8788,#6542,#6543);
#5763=AXIS2_PLACEMENT_3D('',#8791,#6545,#6546);
#5764=AXIS2_PLACEMENT_3D('',#8792,#6547,#6548);
#5765=AXIS2_PLACEMENT_3D('',#8796,#6550,#6551);
#5766=AXIS2_PLACEMENT_3D('',#8798,#6553,#6554);
#5767=AXIS2_PLACEMENT_3D('',#8802,#6557,#6558);
#5768=AXIS2_PLACEMENT_3D('',#8804,#6559,#6560);
#5769=AXIS2_PLACEMENT_3D('',#8806,#6562,#6563);
#5770=AXIS2_PLACEMENT_3D('',#8812,#6567,#6568);
#5771=AXIS2_PLACEMENT_3D('',#8816,#6570,#6571);
#5772=AXIS2_PLACEMENT_3D('',#8821,#6575,#6576);
#5773=AXIS2_PLACEMENT_3D('',#8824,#6578,#6579);
#5774=AXIS2_PLACEMENT_3D('',#8825,#6580,#6581);
#5775=AXIS2_PLACEMENT_3D('',#8829,#6584,#6585);
#5776=AXIS2_PLACEMENT_3D('',#8831,#6586,#6587);
#5777=AXIS2_PLACEMENT_3D('',#8833,#6589,#6590);
#5778=AXIS2_PLACEMENT_3D('',#8835,#6592,#6593);
#5779=AXIS2_PLACEMENT_3D('',#8837,#6595,#6596);
#5780=AXIS2_PLACEMENT_3D('',#8839,#6598,#6599);
#5781=AXIS2_PLACEMENT_3D('',#8842,#6600,#6601);
#5782=AXIS2_PLACEMENT_3D('',#8844,#6602,#6603);
#5783=AXIS2_PLACEMENT_3D('',#8845,#6604,#6605);
#5784=AXIS2_PLACEMENT_3D('',#8846,#6606,#6607);
#5785=AXIS2_PLACEMENT_3D('',#8849,#6608,#6609);
#5786=AXIS2_PLACEMENT_3D('',#8852,#6612,#6613);
#5787=AXIS2_PLACEMENT_3D('',#8855,#6614,#6615);
#5788=AXIS2_PLACEMENT_3D('',#8857,#6616,#6617);
#5789=AXIS2_PLACEMENT_3D('',#8858,#6618,#6619);
#5790=AXIS2_PLACEMENT_3D('',#8859,#6620,#6621);
#5791=AXIS2_PLACEMENT_3D('',#8862,#6622,#6623);
#5792=AXIS2_PLACEMENT_3D('',#8865,#6626,#6627);
#5793=AXIS2_PLACEMENT_3D('',#8868,#6628,#6629);
#5794=AXIS2_PLACEMENT_3D('',#8871,#6632,#6633);
#5795=AXIS2_PLACEMENT_3D('',#8874,#6636,#6637);
#5796=AXIS2_PLACEMENT_3D('',#8877,#6638,#6639);
#5797=AXIS2_PLACEMENT_3D('',#8880,#6642,#6643);
#5798=AXIS2_PLACEMENT_3D('',#8912,#6661,#6662);
#5799=AXIS2_PLACEMENT_3D('',#8914,#6663,#6664);
#5800=AXIS2_PLACEMENT_3D('',#8917,#6666,#6667);
#5801=AXIS2_PLACEMENT_3D('',#8929,#6674,#6675);
#5802=AXIS2_PLACEMENT_3D('',#8932,#6677,#6678);
#5803=AXIS2_PLACEMENT_3D('',#8938,#6682,#6683);
#5804=AXIS2_PLACEMENT_3D('',#8951,#6692,#6693);
#5805=AXIS2_PLACEMENT_3D('',#8953,#6694,#6695);
#5806=AXIS2_PLACEMENT_3D('',#8956,#6697,#6698);
#5807=AXIS2_PLACEMENT_3D('',#8966,#6699,#6700);
#5808=AXIS2_PLACEMENT_3D('',#8967,#6701,#6702);
#5809=AXIS2_PLACEMENT_3D('',#8968,#6703,#6704);
#5810=AXIS2_PLACEMENT_3D('',#8969,#6705,#6706);
#5811=AXIS2_PLACEMENT_3D('',#8980,#6707,#6708);
#5812=AXIS2_PLACEMENT_3D('',#8981,#6709,#6710);
#5813=AXIS2_PLACEMENT_3D('',#8982,#6711,#6712);
#5814=AXIS2_PLACEMENT_3D('',#8984,#6713,#6714);
#5815=AXIS2_PLACEMENT_3D('',#8986,#6716,#6717);
#5816=AXIS2_PLACEMENT_3D('',#8993,#6721,#6722);
#5817=AXIS2_PLACEMENT_3D('',#8994,#6723,#6724);
#5818=AXIS2_PLACEMENT_3D('',#8995,#6725,#6726);
#5819=AXIS2_PLACEMENT_3D('',#8996,#6727,#6728);
#5820=AXIS2_PLACEMENT_3D('',#8997,#6729,#6730);
#5821=AXIS2_PLACEMENT_3D('',#9000,#6732,#6733);
#5822=AXIS2_PLACEMENT_3D('',#9001,#6734,#6735);
#5823=AXIS2_PLACEMENT_3D('',#9006,#6738,#6739);
#5824=AXIS2_PLACEMENT_3D('',#9009,#6741,#6742);
#5825=AXIS2_PLACEMENT_3D('',#9011,#6743,#6744);
#5826=AXIS2_PLACEMENT_3D('',#9014,#6746,#6747);
#5827=AXIS2_PLACEMENT_3D('',#9015,#6748,#6749);
#5828=AXIS2_PLACEMENT_3D('',#9018,#6751,#6752);
#5829=AXIS2_PLACEMENT_3D('',#9019,#6753,#6754);
#5830=AXIS2_PLACEMENT_3D('',#9028,#6759,#6760);
#5831=AXIS2_PLACEMENT_3D('',#9030,#6761,#6762);
#5832=AXIS2_PLACEMENT_3D('',#9032,#6763,#6764);
#5833=AXIS2_PLACEMENT_3D('',#9034,#6766,#6767);
#5834=AXIS2_PLACEMENT_3D('',#9044,#6775,#6776);
#5835=AXIS2_PLACEMENT_3D('',#9053,#6781,#6782);
#5836=AXIS2_PLACEMENT_3D('',#9054,#6783,#6784);
#5837=AXIS2_PLACEMENT_3D('',#9055,#6785,#6786);
#5838=AXIS2_PLACEMENT_3D('',#9056,#6787,#6788);
#5839=AXIS2_PLACEMENT_3D('',#9058,#6789,#6790);
#5840=AXIS2_PLACEMENT_3D('',#9066,#6794,#6795);
#5841=AXIS2_PLACEMENT_3D('',#9074,#6799,#6800);
#5842=AXIS2_PLACEMENT_3D('',#9081,#6804,#6805);
#5843=AXIS2_PLACEMENT_3D('',#9083,#6807,#6808);
#5844=AXIS2_PLACEMENT_3D('',#9089,#6812,#6813);
#5845=AXIS2_PLACEMENT_3D('',#9090,#6814,#6815);
#5846=AXIS2_PLACEMENT_3D('',#9091,#6816,#6817);
#5847=AXIS2_PLACEMENT_3D('',#9092,#6818,#6819);
#5848=AXIS2_PLACEMENT_3D('',#9098,#6823,#6824);
#5849=AXIS2_PLACEMENT_3D('',#9099,#6825,#6826);
#5850=AXIS2_PLACEMENT_3D('',#9100,#6827,#6828);
#5851=AXIS2_PLACEMENT_3D('',#9101,#6829,#6830);
#5852=AXIS2_PLACEMENT_3D('',#9107,#6834,#6835);
#5853=AXIS2_PLACEMENT_3D('',#9111,#6837,#6838);
#5854=AXIS2_PLACEMENT_3D('',#9112,#6839,#6840);
#5855=AXIS2_PLACEMENT_3D('',#9113,#6841,#6842);
#5856=AXIS2_PLACEMENT_3D('',#9122,#6849,#6850);
#5857=AXIS2_PLACEMENT_3D('',#9128,#6854,#6855);
#5858=AXIS2_PLACEMENT_3D('',#9129,#6856,#6857);
#5859=AXIS2_PLACEMENT_3D('',#9130,#6858,#6859);
#5860=AXIS2_PLACEMENT_3D('',#9131,#6860,#6861);
#5861=AXIS2_PLACEMENT_3D('',#9137,#6865,#6866);
#5862=AXIS2_PLACEMENT_3D('',#9138,#6867,#6868);
#5863=AXIS2_PLACEMENT_3D('',#9139,#6869,#6870);
#5864=AXIS2_PLACEMENT_3D('',#9140,#6871,#6872);
#5865=AXIS2_PLACEMENT_3D('',#9146,#6876,#6877);
#5866=AXIS2_PLACEMENT_3D('',#9147,#6878,#6879);
#5867=AXIS2_PLACEMENT_3D('',#9148,#6880,#6881);
#5868=AXIS2_PLACEMENT_3D('',#9149,#6882,#6883);
#5869=AXIS2_PLACEMENT_3D('',#9152,#6886,#6887);
#5870=AXIS2_PLACEMENT_3D('',#9153,#6888,#6889);
#5871=AXIS2_PLACEMENT_3D('',#9154,#6890,#6891);
#5872=AXIS2_PLACEMENT_3D('',#9156,#6893,#6894);
#5873=AXIS2_PLACEMENT_3D('',#9158,#6896,#6897);
#5874=AXIS2_PLACEMENT_3D('',#9159,#6898,#6899);
#5875=AXIS2_PLACEMENT_3D('',#9160,#6900,#6901);
#5876=AXIS2_PLACEMENT_3D('',#9162,#6903,#6904);
#5877=AXIS2_PLACEMENT_3D('',#9164,#6906,#6907);
#5878=AXIS2_PLACEMENT_3D('',#9165,#6908,#6909);
#5879=AXIS2_PLACEMENT_3D('',#9166,#6910,#6911);
#5880=AXIS2_PLACEMENT_3D('',#9168,#6913,#6914);
#5881=AXIS2_PLACEMENT_3D('',#9170,#6916,#6917);
#5882=AXIS2_PLACEMENT_3D('',#9171,#6918,#6919);
#5883=AXIS2_PLACEMENT_3D('',#9172,#6920,#6921);
#5884=AXIS2_PLACEMENT_3D('',#9173,#6922,#6923);
#5885=AXIS2_PLACEMENT_3D('',#9175,#6924,#6925);
#5886=AXIS2_PLACEMENT_3D('',#9178,#6927,#6928);
#5887=AXIS2_PLACEMENT_3D('',#9179,#6929,#6930);
#5888=AXIS2_PLACEMENT_3D('',#9183,#6932,#6933);
#5889=AXIS2_PLACEMENT_3D('',#9184,#6934,#6935);
#5890=AXIS2_PLACEMENT_3D('',#9185,#6936,#6937);
#5891=AXIS2_PLACEMENT_3D('',#9187,#6939,#6940);
#5892=AXIS2_PLACEMENT_3D('',#9192,#6942,#6943);
#5893=AXIS2_PLACEMENT_3D('',#9196,#6945,#6946);
#5894=AXIS2_PLACEMENT_3D('',#9211,#6947,#6948);
#5895=AXIS2_PLACEMENT_3D('',#9216,#6950,#6951);
#5896=AXIS2_PLACEMENT_3D('',#9234,#6953,#6954);
#5897=AXIS2_PLACEMENT_3D('',#9235,#6955,#6956);
#5898=AXIS2_PLACEMENT_3D('',#9236,#6957,#6958);
#5899=AXIS2_PLACEMENT_3D('',#9237,#6959,#6960);
#5900=AXIS2_PLACEMENT_3D('',#9238,#6961,#6962);
#5901=AXIS2_PLACEMENT_3D('',#9239,#6963,#6964);
#5902=AXIS2_PLACEMENT_3D('',#9240,#6965,#6966);
#5903=AXIS2_PLACEMENT_3D('',#9245,#6971,#6972);
#5904=AXIS2_PLACEMENT_3D('',#9247,#6974,#6975);
#5905=AXIS2_PLACEMENT_3D('',#9249,#6977,#6978);
#5906=AXIS2_PLACEMENT_3D('',#9252,#6981,#6982);
#5907=AXIS2_PLACEMENT_3D('',#9253,#6983,#6984);
#5908=AXIS2_PLACEMENT_3D('',#9254,#6985,#6986);
#5909=AXIS2_PLACEMENT_3D('',#9257,#6989,#6990);
#5910=AXIS2_PLACEMENT_3D('',#9259,#6992,#6993);
#5911=AXIS2_PLACEMENT_3D('',#9261,#6995,#6996);
#5912=AXIS2_PLACEMENT_3D('',#9262,#6997,#6998);
#5913=AXIS2_PLACEMENT_3D('',#9264,#7000,#7001);
#5914=AXIS2_PLACEMENT_3D('',#9266,#7003,#7004);
#5915=AXIS2_PLACEMENT_3D('',#9268,#7006,#7007);
#5916=AXIS2_PLACEMENT_3D('',#9269,#7008,#7009);
#5917=AXIS2_PLACEMENT_3D('',#9271,#7011,#7012);
#5918=AXIS2_PLACEMENT_3D('',#9272,#7013,#7014);
#5919=AXIS2_PLACEMENT_3D('',#9273,#7015,#7016);
#5920=AXIS2_PLACEMENT_3D('',#9275,#7018,#7019);
#5921=AXIS2_PLACEMENT_3D('',#9277,#7021,#7022);
#5922=AXIS2_PLACEMENT_3D('',#9279,#7024,#7025);
#5923=AXIS2_PLACEMENT_3D('',#9280,#7026,#7027);
#5924=AXIS2_PLACEMENT_3D('',#9281,#7028,#7029);
#5925=AXIS2_PLACEMENT_3D('',#9283,#7030,#7031);
#5926=AXIS2_PLACEMENT_3D('',#9284,#7032,#7033);
#5927=AXIS2_PLACEMENT_3D('',#9285,#7034,#7035);
#5928=AXIS2_PLACEMENT_3D('',#9287,#7036,#7037);
#5929=AXIS2_PLACEMENT_3D('',#9288,#7038,#7039);
#5930=AXIS2_PLACEMENT_3D('',#9289,#7040,#7041);
#5931=AXIS2_PLACEMENT_3D('',#9291,#7042,#7043);
#5932=AXIS2_PLACEMENT_3D('',#9293,#7044,#7045);
#5933=AXIS2_PLACEMENT_3D('',#9294,#7046,#7047);
#5934=AXIS2_PLACEMENT_3D('',#9296,#7048,#7049);
#5935=AXIS2_PLACEMENT_3D('',#9298,#7051,#7052);
#5936=AXIS2_PLACEMENT_3D('',#9299,#7053,#7054);
#5937=AXIS2_PLACEMENT_3D('',#9301,#7055,#7056);
#5938=AXIS2_PLACEMENT_3D('',#9304,#7058,#7059);
#5939=AXIS2_PLACEMENT_3D('',#9305,#7060,#7061);
#5940=AXIS2_PLACEMENT_3D('',#9306,#7062,#7063);
#5941=AXIS2_PLACEMENT_3D('',#9309,#7065,#7066);
#5942=AXIS2_PLACEMENT_3D('',#9310,#7067,#7068);
#5943=AXIS2_PLACEMENT_3D('',#9312,#7069,#7070);
#5944=AXIS2_PLACEMENT_3D('',#9315,#7072,#7073);
#5945=AXIS2_PLACEMENT_3D('',#9316,#7074,#7075);
#5946=AXIS2_PLACEMENT_3D('',#9325,#7080,#7081);
#5947=AXIS2_PLACEMENT_3D('',#9334,#7086,#7087);
#5948=AXIS2_PLACEMENT_3D('',#9343,#7092,#7093);
#5949=AXIS2_PLACEMENT_3D('',#9352,#7098,#7099);
#5950=AXIS2_PLACEMENT_3D('',#9361,#7104,#7105);
#5951=AXIS2_PLACEMENT_3D('',#9370,#7110,#7111);
#5952=AXIS2_PLACEMENT_3D('',#9379,#7116,#7117);
#5953=AXIS2_PLACEMENT_3D('',#9388,#7122,#7123);
#5954=AXIS2_PLACEMENT_3D('',#9397,#7128,#7129);
#5955=AXIS2_PLACEMENT_3D('',#9406,#7134,#7135);
#5956=AXIS2_PLACEMENT_3D('',#9412,#7139,#7140);
#5957=AXIS2_PLACEMENT_3D('',#9418,#7144,#7145);
#5958=AXIS2_PLACEMENT_3D('',#9422,#7149,#7150);
#5959=AXIS2_PLACEMENT_3D('',#9424,#7152,#7153);
#5960=AXIS2_PLACEMENT_3D('',#9428,#7157,#7158);
#5961=AXIS2_PLACEMENT_3D('',#9430,#7160,#7161);
#5962=AXIS2_PLACEMENT_3D('',#9432,#7163,#7164);
#5963=AXIS2_PLACEMENT_3D('',#9433,#7165,#7166);
#5964=AXIS2_PLACEMENT_3D('',#9434,#7167,#7168);
#5965=AXIS2_PLACEMENT_3D('',#9437,#7171,#7172);
#5966=AXIS2_PLACEMENT_3D('',#9443,#7176,#7177);
#5967=AXIS2_PLACEMENT_3D('',#9449,#7181,#7182);
#5968=AXIS2_PLACEMENT_3D('',#9452,#7185,#7186);
#5969=AXIS2_PLACEMENT_3D('',#9454,#7188,#7189);
#5970=AXIS2_PLACEMENT_3D('',#9457,#7192,#7193);
#5971=AXIS2_PLACEMENT_3D('',#9459,#7195,#7196);
#5972=AXIS2_PLACEMENT_3D('',#9461,#7198,#7199);
#5973=AXIS2_PLACEMENT_3D('',#9462,#7200,#7201);
#5974=AXIS2_PLACEMENT_3D('',#9467,#7205,#7206);
#5975=AXIS2_PLACEMENT_3D('',#9470,#7209,#7210);
#5976=AXIS2_PLACEMENT_3D('',#9472,#7212,#7213);
#5977=AXIS2_PLACEMENT_3D('',#9475,#7214,#7215);
#5978=AXIS2_PLACEMENT_3D('',#9479,#7217,#7218);
#5979=AXIS2_PLACEMENT_3D('',#9481,#7220,#7221);
#5980=AXIS2_PLACEMENT_3D('',#9485,#7223,#7224);
#5981=AXIS2_PLACEMENT_3D('',#9491,#7228,#7229);
#5982=AXIS2_PLACEMENT_3D('',#9495,#7232,#7233);
#5983=AXIS2_PLACEMENT_3D('',#9497,#7234,#7235);
#5984=AXIS2_PLACEMENT_3D('',#9499,#7237,#7238);
#5985=AXIS2_PLACEMENT_3D('',#9505,#7242,#7243);
#5986=AXIS2_PLACEMENT_3D('',#9511,#7247,#7248);
#5987=AXIS2_PLACEMENT_3D('',#9515,#7251,#7252);
#5988=AXIS2_PLACEMENT_3D('',#9519,#7255,#7256);
#5989=AXIS2_PLACEMENT_3D('',#9522,#7259,#7260);
#5990=AXIS2_PLACEMENT_3D('',#9524,#7262,#7263);
#5991=AXIS2_PLACEMENT_3D('',#9525,#7264,#7265);
#5992=AXIS2_PLACEMENT_3D('',#9526,#7266,#7267);
#5993=AXIS2_PLACEMENT_3D('',#9527,#7268,#7269);
#5994=AXIS2_PLACEMENT_3D('',#9530,#7270,#7271);
#5995=AXIS2_PLACEMENT_3D('',#9534,#7273,#7274);
#5996=AXIS2_PLACEMENT_3D('',#9536,#7276,#7277);
#5997=AXIS2_PLACEMENT_3D('',#9544,#7281,#7282);
#5998=AXIS2_PLACEMENT_3D('',#9548,#7285,#7286);
#5999=AXIS2_PLACEMENT_3D('',#9552,#7289,#7290);
#6000=AXIS2_PLACEMENT_3D('',#9555,#7291,#7292);
#6001=AXIS2_PLACEMENT_3D('',#9559,#7294,#7295);
#6002=AXIS2_PLACEMENT_3D('',#9571,#7297,#7298);
#6003=AXIS2_PLACEMENT_3D('',#9573,#7299,#7300);
#6004=AXIS2_PLACEMENT_3D('',#9574,#7301,#7302);
#6005=AXIS2_PLACEMENT_3D('',#9575,#7303,#7304);
#6006=AXIS2_PLACEMENT_3D('',#9578,#7305,#7306);
#6007=AXIS2_PLACEMENT_3D('',#9581,#7309,#7310);
#6008=AXIS2_PLACEMENT_3D('',#9587,#7313,#7314);
#6009=AXIS2_PLACEMENT_3D('',#9593,#7318,#7319);
#6010=AXIS2_PLACEMENT_3D('',#9597,#7322,#7323);
#6011=AXIS2_PLACEMENT_3D('',#9600,#7325,#7326);
#6012=AXIS2_PLACEMENT_3D('',#9601,#7327,#7328);
#6013=AXIS2_PLACEMENT_3D('',#9605,#7331,#7332);
#6014=AXIS2_PLACEMENT_3D('',#9608,#7333,#7334);
#6015=AXIS2_PLACEMENT_3D('',#9612,#7336,#7337);
#6016=AXIS2_PLACEMENT_3D('',#9624,#7339,#7340);
#6017=AXIS2_PLACEMENT_3D('',#9626,#7341,#7342);
#6018=AXIS2_PLACEMENT_3D('',#9627,#7343,#7344);
#6019=AXIS2_PLACEMENT_3D('',#9628,#7345,#7346);
#6020=AXIS2_PLACEMENT_3D('',#9631,#7347,#7348);
#6021=AXIS2_PLACEMENT_3D('',#9634,#7351,#7352);
#6022=AXIS2_PLACEMENT_3D('',#9640,#7355,#7356);
#6023=AXIS2_PLACEMENT_3D('',#9646,#7360,#7361);
#6024=AXIS2_PLACEMENT_3D('',#9650,#7364,#7365);
#6025=AXIS2_PLACEMENT_3D('',#9653,#7367,#7368);
#6026=AXIS2_PLACEMENT_3D('',#9654,#7369,#7370);
#6027=AXIS2_PLACEMENT_3D('',#9658,#7373,#7374);
#6028=AXIS2_PLACEMENT_3D('',#9664,#7377,#7378);
#6029=AXIS2_PLACEMENT_3D('',#9668,#7381,#7382);
#6030=AXIS2_PLACEMENT_3D('',#9670,#7384,#7385);
#6031=AXIS2_PLACEMENT_3D('',#9676,#7389,#7390);
#6032=AXIS2_PLACEMENT_3D('',#9679,#7392,#7393);
#6033=AXIS2_PLACEMENT_3D('',#9680,#7394,#7395);
#6034=AXIS2_PLACEMENT_3D('',#9682,#7397,#7398);
#6035=AXIS2_PLACEMENT_3D('',#9686,#7401,#7402);
#6036=AXIS2_PLACEMENT_3D('',#9688,#7403,#7404);
#6037=AXIS2_PLACEMENT_3D('',#9690,#7406,#7407);
#6038=AXIS2_PLACEMENT_3D('',#9694,#7410,#7411);
#6039=AXIS2_PLACEMENT_3D('',#9698,#7413,#7414);
#6040=AXIS2_PLACEMENT_3D('',#9702,#7417,#7418);
#6041=AXIS2_PLACEMENT_3D('',#9711,#7423,#7424);
#6042=AXIS2_PLACEMENT_3D('',#9717,#7428,#7429);
#6043=AXIS2_PLACEMENT_3D('',#9723,#7433,#7434);
#6044=AXIS2_PLACEMENT_3D('',#9725,#7435,#7436);
#6045=AXIS2_PLACEMENT_3D('',#9727,#7437,#7438);
#6046=AXIS2_PLACEMENT_3D('',#9729,#7440,#7441);
#6047=AXIS2_PLACEMENT_3D('',#9735,#7445,#7446);
#6048=AXIS2_PLACEMENT_3D('',#9736,#7447,#7448);
#6049=AXIS2_PLACEMENT_3D('',#9737,#7449,#7450);
#6050=AXIS2_PLACEMENT_3D('',#9738,#7451,#7452);
#6051=AXIS2_PLACEMENT_3D('',#9745,#7455,#7456);
#6052=AXIS2_PLACEMENT_3D('',#9749,#7458,#7459);
#6053=AXIS2_PLACEMENT_3D('',#9751,#7461,#7462);
#6054=AXIS2_PLACEMENT_3D('',#9754,#7463,#7464);
#6055=AXIS2_PLACEMENT_3D('',#9758,#7466,#7467);
#6056=AXIS2_PLACEMENT_3D('',#9760,#7469,#7470);
#6057=AXIS2_PLACEMENT_3D('',#9762,#7471,#7472);
#6058=AXIS2_PLACEMENT_3D('',#9763,#7473,#7474);
#6059=AXIS2_PLACEMENT_3D('',#9764,#7475,#7476);
#6060=AXIS2_PLACEMENT_3D('',#9767,#7479,#7480);
#6061=AXIS2_PLACEMENT_3D('',#9770,#7481,#7482);
#6062=AXIS2_PLACEMENT_3D('',#9773,#7485,#7486);
#6063=AXIS2_PLACEMENT_3D('',#9775,#7487,#7488);
#6064=AXIS2_PLACEMENT_3D('',#9776,#7489,#7490);
#6065=AXIS2_PLACEMENT_3D('',#9777,#7491,#7492);
#6066=AXIS2_PLACEMENT_3D('',#9779,#7494,#7495);
#6067=AXIS2_PLACEMENT_3D('',#9783,#7497,#7498);
#6068=AXIS2_PLACEMENT_3D('',#9785,#7500,#7501);
#6069=AXIS2_PLACEMENT_3D('',#9787,#7503,#7504);
#6070=AXIS2_PLACEMENT_3D('',#9790,#7505,#7506);
#6071=AXIS2_PLACEMENT_3D('',#9794,#7508,#7509);
#6072=AXIS2_PLACEMENT_3D('',#9806,#7518,#7519);
#6073=AXIS2_PLACEMENT_3D('',#9808,#7520,#7521);
#6074=AXIS2_PLACEMENT_3D('',#9810,#7523,#7524);
#6075=AXIS2_PLACEMENT_3D('',#9811,#7525,#7526);
#6076=AXIS2_PLACEMENT_3D('',#9813,#7528,#7529);
#6077=AXIS2_PLACEMENT_3D('',#9815,#7531,#7532);
#6078=AXIS2_PLACEMENT_3D('',#9817,#7534,#7535);
#6079=AXIS2_PLACEMENT_3D('',#9818,#7536,#7537);
#6080=AXIS2_PLACEMENT_3D('',#9822,#7540,#7541);
#6081=AXIS2_PLACEMENT_3D('',#9824,#7543,#7544);
#6082=AXIS2_PLACEMENT_3D('',#9825,#7545,#7546);
#6083=AXIS2_PLACEMENT_3D('',#9826,#7547,#7548);
#6084=AXIS2_PLACEMENT_3D('',#9829,#7551,#7552);
#6085=AXIS2_PLACEMENT_3D('',#9831,#7554,#7555);
#6086=AXIS2_PLACEMENT_3D('',#9833,#7557,#7558);
#6087=AXIS2_PLACEMENT_3D('',#9835,#7560,#7561);
#6088=AXIS2_PLACEMENT_3D('',#9837,#7563,#7564);
#6089=AXIS2_PLACEMENT_3D('',#9838,#7565,#7566);
#6090=DIRECTION('axis',(0.,0.,1.));
#6091=DIRECTION('refdir',(1.,0.,0.));
#6092=DIRECTION('',(0.,1.,0.));
#6093=DIRECTION('',(0.,1.,0.));
#6094=DIRECTION('',(0.,1.,0.));
#6095=DIRECTION('',(0.,1.,0.));
#6096=DIRECTION('',(0.,1.,0.));
#6097=DIRECTION('',(0.,1.,0.));
#6098=DIRECTION('',(0.,1.,0.));
#6099=DIRECTION('',(0.,1.,0.));
#6100=DIRECTION('',(0.,1.,0.));
#6101=DIRECTION('',(0.,1.,0.));
#6102=DIRECTION('',(0.,1.,0.));
#6103=DIRECTION('',(0.,1.,0.));
#6104=DIRECTION('',(0.,1.,0.));
#6105=DIRECTION('',(0.,1.,0.));
#6106=DIRECTION('',(0.,1.,0.));
#6107=DIRECTION('',(0.,1.,0.));
#6108=DIRECTION('',(0.,1.,0.));
#6109=DIRECTION('',(0.,1.,0.));
#6110=DIRECTION('',(0.,1.,0.));
#6111=DIRECTION('',(0.,1.,0.));
#6112=DIRECTION('center_axis',(0.,-1.,0.));
#6113=DIRECTION('ref_axis',(1.,0.,0.));
#6114=DIRECTION('center_axis',(0.,0.,1.));
#6115=DIRECTION('ref_axis',(1.,0.,0.));
#6116=DIRECTION('',(1.,0.,0.));
#6117=DIRECTION('',(0.,1.,0.));
#6118=DIRECTION('',(1.,0.,0.));
#6119=DIRECTION('',(0.,1.,0.));
#6120=DIRECTION('',(0.,1.,0.));
#6121=DIRECTION('',(0.,1.,0.));
#6122=DIRECTION('center_axis',(-1.,0.,-4.458307361632E-16));
#6123=DIRECTION('ref_axis',(-4.458307361632E-16,0.,1.));
#6124=DIRECTION('',(-4.458307361632E-16,0.,1.));
#6125=DIRECTION('',(0.,1.,0.));
#6126=DIRECTION('',(-4.458307361632E-16,0.,1.));
#6127=DIRECTION('',(0.,1.,0.));
#6128=DIRECTION('center_axis',(-1.,0.,-3.2205903037285E-16));
#6129=DIRECTION('ref_axis',(-3.2205903037285E-16,0.,1.));
#6130=DIRECTION('',(-3.2205903037285E-16,0.,1.));
#6131=DIRECTION('',(0.,1.,0.));
#6132=DIRECTION('',(-3.2205903037285E-16,0.,1.));
#6133=DIRECTION('center_axis',(0.,0.,-1.));
#6134=DIRECTION('ref_axis',(-1.,0.,0.));
#6135=DIRECTION('',(-1.,0.,0.));
#6136=DIRECTION('',(0.,1.,0.));
#6137=DIRECTION('',(-1.,0.,0.));
#6138=DIRECTION('center_axis',(1.,0.,3.47548077273962E-16));
#6139=DIRECTION('ref_axis',(3.47548077273962E-16,0.,-1.));
#6140=DIRECTION('',(3.47548077273962E-16,0.,-1.));
#6141=DIRECTION('',(3.47548077273962E-16,0.,-1.));
#6142=DIRECTION('center_axis',(0.,-1.,0.));
#6143=DIRECTION('ref_axis',(1.,0.,0.));
#6144=DIRECTION('center_axis',(0.,-1.,0.));
#6145=DIRECTION('ref_axis',(-1.,0.,0.));
#6146=DIRECTION('',(-1.,0.,0.));
#6147=DIRECTION('',(0.,0.,-1.));
#6148=DIRECTION('',(-1.,0.,0.));
#6149=DIRECTION('',(0.,0.,1.));
#6150=DIRECTION('center_axis',(0.,1.,0.));
#6151=DIRECTION('ref_axis',(-1.,0.,0.));
#6152=DIRECTION('center_axis',(0.,1.,0.));
#6153=DIRECTION('ref_axis',(-1.,0.,0.));
#6154=DIRECTION('center_axis',(0.,-1.,0.));
#6155=DIRECTION('ref_axis',(-0.707106781186551,0.,0.707106781186544));
#6156=DIRECTION('center_axis',(0.,1.,0.));
#6157=DIRECTION('ref_axis',(-0.707106781186551,0.,0.707106781186544));
#6158=DIRECTION('',(0.,-1.,0.));
#6159=DIRECTION('center_axis',(0.,-1.,0.));
#6160=DIRECTION('ref_axis',(-0.707106781186551,0.,0.707106781186544));
#6161=DIRECTION('',(0.,1.,0.));
#6162=DIRECTION('center_axis',(0.,0.,1.));
#6163=DIRECTION('ref_axis',(-1.,0.,0.));
#6164=DIRECTION('',(-1.,0.,0.));
#6165=DIRECTION('',(0.,1.,0.));
#6166=DIRECTION('',(1.,0.,0.));
#6167=DIRECTION('center_axis',(0.,-1.,0.));
#6168=DIRECTION('ref_axis',(-0.707106781186551,0.,-0.707106781186544));
#6169=DIRECTION('center_axis',(0.,1.,0.));
#6170=DIRECTION('ref_axis',(-0.707106781186551,0.,-0.707106781186544));
#6171=DIRECTION('',(0.,-1.,0.));
#6172=DIRECTION('center_axis',(0.,-1.,0.));
#6173=DIRECTION('ref_axis',(-0.707106781186551,0.,-0.707106781186544));
#6174=DIRECTION('',(0.,1.,0.));
#6175=DIRECTION('center_axis',(-1.,0.,0.));
#6176=DIRECTION('ref_axis',(0.,0.,-1.));
#6177=DIRECTION('',(0.,0.,1.));
#6178=DIRECTION('',(0.,0.,-1.));
#6179=DIRECTION('center_axis',(0.,-1.,0.));
#6180=DIRECTION('ref_axis',(0.707106781186549,0.,0.707106781186546));
#6181=DIRECTION('center_axis',(0.,1.,0.));
#6182=DIRECTION('ref_axis',(0.707106781186549,0.,0.707106781186546));
#6183=DIRECTION('',(0.,-1.,0.));
#6184=DIRECTION('center_axis',(0.,-1.,0.));
#6185=DIRECTION('ref_axis',(0.707106781186549,0.,0.707106781186546));
#6186=DIRECTION('center_axis',(1.,0.,0.));
#6187=DIRECTION('ref_axis',(0.,0.,1.));
#6188=DIRECTION('',(0.,0.,1.));
#6189=DIRECTION('',(0.,1.,0.));
#6190=DIRECTION('',(0.,0.,-1.));
#6191=DIRECTION('center_axis',(0.,-1.,0.));
#6192=DIRECTION('ref_axis',(0.707106781186549,0.,-0.707106781186546));
#6193=DIRECTION('center_axis',(0.,1.,0.));
#6194=DIRECTION('ref_axis',(0.707106781186549,0.,-0.707106781186546));
#6195=DIRECTION('',(0.,-1.,0.));
#6196=DIRECTION('center_axis',(0.,-1.,0.));
#6197=DIRECTION('ref_axis',(0.707106781186549,0.,-0.707106781186546));
#6198=DIRECTION('center_axis',(0.,0.,-1.));
#6199=DIRECTION('ref_axis',(1.,0.,0.));
#6200=DIRECTION('',(-1.,0.,0.));
#6201=DIRECTION('',(1.,0.,0.));
#6202=DIRECTION('center_axis',(0.,-1.,0.));
#6203=DIRECTION('ref_axis',(-1.,0.,0.));
#6204=DIRECTION('center_axis',(0.,-1.,0.));
#6205=DIRECTION('ref_axis',(-1.,0.,0.));
#6206=DIRECTION('',(0.,-1.,0.));
#6207=DIRECTION('center_axis',(0.,-1.,0.));
#6208=DIRECTION('ref_axis',(-1.,0.,0.));
#6209=DIRECTION('center_axis',(0.,-1.,0.));
#6210=DIRECTION('ref_axis',(-1.,0.,0.));
#6211=DIRECTION('',(0.,-1.,0.));
#6212=DIRECTION('center_axis',(0.,1.,0.));
#6213=DIRECTION('ref_axis',(-1.,0.,0.));
#6214=DIRECTION('center_axis',(0.,-1.,0.));
#6215=DIRECTION('ref_axis',(-1.,0.,0.));
#6216=DIRECTION('center_axis',(0.,-1.,0.));
#6217=DIRECTION('ref_axis',(-1.,0.,0.));
#6218=DIRECTION('',(0.,-1.,0.));
#6219=DIRECTION('center_axis',(0.,-1.,0.));
#6220=DIRECTION('ref_axis',(-1.,0.,0.));
#6221=DIRECTION('center_axis',(0.,-1.,0.));
#6222=DIRECTION('ref_axis',(-1.,0.,0.));
#6223=DIRECTION('',(0.,-1.,0.));
#6224=DIRECTION('center_axis',(0.,1.,0.));
#6225=DIRECTION('ref_axis',(-1.,0.,0.));
#6226=DIRECTION('center_axis',(0.,0.,1.));
#6227=DIRECTION('ref_axis',(0.,1.,0.));
#6228=DIRECTION('',(-1.,0.,0.));
#6229=DIRECTION('',(-9.34924652315921E-17,1.,0.));
#6230=DIRECTION('',(1.,0.,0.));
#6231=DIRECTION('',(0.,-1.,0.));
#6232=DIRECTION('center_axis',(0.,0.,1.));
#6233=DIRECTION('ref_axis',(0.,1.,0.));
#6234=DIRECTION('',(-1.,0.,0.));
#6235=DIRECTION('',(0.,1.,0.));
#6236=DIRECTION('',(1.,0.,0.));
#6237=DIRECTION('',(0.,-1.,0.));
#6238=DIRECTION('center_axis',(-1.,0.,0.));
#6239=DIRECTION('ref_axis',(0.,-0.707106781186547,-0.707106781186547));
#6240=DIRECTION('center_axis',(1.,0.,0.));
#6241=DIRECTION('ref_axis',(0.,-0.707106781186547,0.707106781186547));
#6242=DIRECTION('',(-1.,0.,0.));
#6243=DIRECTION('center_axis',(-1.,0.,0.));
#6244=DIRECTION('ref_axis',(0.,-0.707106781186547,-0.707106781186547));
#6245=DIRECTION('center_axis',(0.,0.,-1.));
#6246=DIRECTION('ref_axis',(0.,-1.,0.));
#6247=DIRECTION('',(0.,-1.,0.));
#6248=DIRECTION('',(1.,0.,0.));
#6249=DIRECTION('',(0.,1.,0.));
#6250=DIRECTION('center_axis',(-1.,0.,0.));
#6251=DIRECTION('ref_axis',(0.,-0.707106781186547,-0.707106781186547));
#6252=DIRECTION('center_axis',(1.,9.34924652315921E-17,0.));
#6253=DIRECTION('ref_axis',(0.,-0.707106781186547,0.707106781186547));
#6254=DIRECTION('',(-1.,0.,0.));
#6255=DIRECTION('center_axis',(-1.,0.,0.));
#6256=DIRECTION('ref_axis',(0.,-0.707106781186547,-0.707106781186547));
#6257=DIRECTION('center_axis',(0.,0.,-1.));
#6258=DIRECTION('ref_axis',(0.,-1.,0.));
#6259=DIRECTION('',(9.34924652315921E-17,-1.,0.));
#6260=DIRECTION('',(1.,0.,0.));
#6261=DIRECTION('',(0.,1.,0.));
#6262=DIRECTION('center_axis',(-1.,0.,0.));
#6263=DIRECTION('ref_axis',(0.,0.707106781186547,-0.707106781186547));
#6264=DIRECTION('center_axis',(1.,9.34924652315921E-17,0.));
#6265=DIRECTION('ref_axis',(0.,0.707106781186547,-0.707106781186547));
#6266=DIRECTION('center_axis',(-1.,0.,0.));
#6267=DIRECTION('ref_axis',(0.,0.707106781186547,0.707106781186547));
#6268=DIRECTION('center_axis',(-1.,0.,0.));
#6269=DIRECTION('ref_axis',(0.,0.707106781186547,-0.707106781186547));
#6270=DIRECTION('center_axis',(1.,0.,0.));
#6271=DIRECTION('ref_axis',(0.,0.707106781186547,-0.707106781186547));
#6272=DIRECTION('center_axis',(-1.,0.,0.));
#6273=DIRECTION('ref_axis',(0.,0.707106781186547,0.707106781186547));
#6274=DIRECTION('center_axis',(0.,0.,1.));
#6275=DIRECTION('ref_axis',(2.83276944882399E-16,1.,0.));
#6276=DIRECTION('center_axis',(-0.918642982006156,-0.395088688285097,-5.09949295016774E-16));
#6277=DIRECTION('ref_axis',(-5.55111512312578E-16,0.,1.));
#6278=DIRECTION('center_axis',(0.,0.,1.));
#6279=DIRECTION('ref_axis',(-1.83697019872103E-16,1.,0.));
#6280=DIRECTION('center_axis',(0.,0.,1.));
#6281=DIRECTION('ref_axis',(-1.83697019872103E-16,1.,0.));
#6282=DIRECTION('center_axis',(0.918642982006155,-0.395088688285098,5.09949295016774E-16));
#6283=DIRECTION('ref_axis',(0.237053212971059,0.551185789203695,0.799999999999999));
#6284=DIRECTION('center_axis',(0.,0.,-1.));
#6285=DIRECTION('ref_axis',(-1.83697019872103E-16,1.,0.));
#6286=DIRECTION('center_axis',(0.,0.,1.));
#6287=DIRECTION('ref_axis',(1.,0.,0.));
#6288=DIRECTION('',(1.,0.,0.));
#6289=DIRECTION('center_axis',(0.,0.,1.));
#6290=DIRECTION('ref_axis',(-0.707106781186547,-0.707106781186547,0.));
#6291=DIRECTION('',(0.,-1.,0.));
#6292=DIRECTION('',(1.,0.,0.));
#6293=DIRECTION('',(0.,1.,0.));
#6294=DIRECTION('center_axis',(0.,0.,1.));
#6295=DIRECTION('ref_axis',(0.707106781186547,-0.707106781186547,0.));
#6296=DIRECTION('',(1.,0.,0.));
#6297=DIRECTION('center_axis',(0.,0.,-1.));
#6298=DIRECTION('ref_axis',(1.,0.,0.));
#6299=DIRECTION('',(0.,1.,0.));
#6300=DIRECTION('',(-1.,0.,0.));
#6301=DIRECTION('',(0.,-1.,0.));
#6302=DIRECTION('',(1.,0.,0.));
#6303=DIRECTION('',(0.,1.,0.));
#6304=DIRECTION('',(-1.,0.,0.));
#6305=DIRECTION('',(0.,-1.,0.));
#6306=DIRECTION('',(1.,0.,0.));
#6307=DIRECTION('center_axis',(0.,0.,1.));
#6308=DIRECTION('ref_axis',(-0.999985276917081,-0.00542641217271203,0.));
#6309=DIRECTION('center_axis',(0.,0.,1.));
#6310=DIRECTION('ref_axis',(1.,0.,0.));
#6311=DIRECTION('center_axis',(0.,0.,1.));
#6312=DIRECTION('ref_axis',(1.,0.,0.));
#6313=DIRECTION('center_axis',(0.,0.,1.));
#6314=DIRECTION('ref_axis',(1.,0.,0.));
#6315=DIRECTION('center_axis',(0.,-1.,0.));
#6316=DIRECTION('ref_axis',(-1.,0.,0.));
#6317=DIRECTION('center_axis',(0.,0.,1.));
#6318=DIRECTION('ref_axis',(-1.,0.,0.));
#6319=DIRECTION('center_axis',(0.,-1.,0.));
#6320=DIRECTION('ref_axis',(1.,0.,0.));
#6321=DIRECTION('center_axis',(0.,0.,-1.));
#6322=DIRECTION('ref_axis',(-1.,0.,0.));
#6323=DIRECTION('center_axis',(0.,0.,-1.));
#6324=DIRECTION('ref_axis',(-1.,0.,0.));
#6325=DIRECTION('center_axis',(9.34924652315921E-17,-1.,-9.62759304617558E-33));
#6326=DIRECTION('ref_axis',(-0.707106781186547,-6.61091561551062E-17,0.707106781186547));
#6327=DIRECTION('',(9.34924652315921E-17,-1.,-9.62759304617558E-33));
#6328=DIRECTION('',(-9.34924652315921E-17,1.,9.62759304617558E-33));
#6329=DIRECTION('center_axis',(1.02977208081174E-16,0.,1.));
#6330=DIRECTION('ref_axis',(1.,0.,-1.02977208081174E-16));
#6331=DIRECTION('center_axis',(0.,0.,1.));
#6332=DIRECTION('ref_axis',(1.,0.,0.));
#6333=DIRECTION('',(-1.,0.,0.));
#6334=DIRECTION('',(0.,-1.,0.));
#6335=DIRECTION('',(-1.,0.,1.02977208081174E-16));
#6336=DIRECTION('',(0.,1.,0.));
#6337=DIRECTION('',(-1.,0.,0.));
#6338=DIRECTION('center_axis',(0.,0.,1.));
#6339=DIRECTION('ref_axis',(1.,0.,0.));
#6340=DIRECTION('',(0.,1.,0.));
#6341=DIRECTION('center_axis',(0.,0.,-1.));
#6342=DIRECTION('ref_axis',(1.,0.,0.));
#6343=DIRECTION('',(1.07009448156642E-16,-1.,0.));
#6344=DIRECTION('center_axis',(0.,0.,-1.));
#6345=DIRECTION('ref_axis',(1.,0.,0.));
#6346=DIRECTION('',(0.,1.,0.));
#6347=DIRECTION('center_axis',(0.,0.,1.));
#6348=DIRECTION('ref_axis',(1.,0.,0.));
#6349=DIRECTION('',(1.,0.,-1.02977208081174E-16));
#6350=DIRECTION('center_axis',(0.,0.,-1.));
#6351=DIRECTION('ref_axis',(1.,0.,0.));
#6352=DIRECTION('',(-1.,0.,0.));
#6353=DIRECTION('center_axis',(0.,0.,-1.));
#6354=DIRECTION('ref_axis',(1.,0.,0.));
#6355=DIRECTION('',(1.,0.,-1.02977208081174E-16));
#6356=DIRECTION('center_axis',(0.,0.,1.));
#6357=DIRECTION('ref_axis',(1.,0.,0.));
#6358=DIRECTION('',(9.34924652315921E-17,-1.,-9.62759304617558E-33));
#6359=DIRECTION('center_axis',(0.,0.,-1.));
#6360=DIRECTION('ref_axis',(1.,0.,0.));
#6361=DIRECTION('',(0.,1.,0.));
#6362=DIRECTION('center_axis',(0.,0.,-1.));
#6363=DIRECTION('ref_axis',(1.,0.,0.));
#6364=DIRECTION('',(1.,0.,-1.02977208081174E-16));
#6365=DIRECTION('center_axis',(0.,0.,-1.));
#6366=DIRECTION('ref_axis',(1.,0.,0.));
#6367=DIRECTION('',(1.,-1.08314441426845E-16,0.));
#6368=DIRECTION('center_axis',(0.,0.,-1.));
#6369=DIRECTION('ref_axis',(1.,0.,0.));
#6370=DIRECTION('center_axis',(0.,1.,0.));
#6371=DIRECTION('ref_axis',(0.707106781186547,0.,0.707106781186547));
#6372=DIRECTION('',(0.,-1.,0.));
#6373=DIRECTION('center_axis',(9.34924652315921E-17,-1.,-9.62759304617558E-33));
#6374=DIRECTION('ref_axis',(-0.707106781186547,-6.61091561551062E-17,0.707106781186547));
#6375=DIRECTION('',(-9.34924652315921E-17,1.,9.62759304617558E-33));
#6376=DIRECTION('center_axis',(1.,0.,-1.02977208081174E-16));
#6377=DIRECTION('ref_axis',(1.57009245868377E-16,-0.707106781186547,0.707106781186547));
#6378=DIRECTION('',(-1.,0.,1.02977208081174E-16));
#6379=DIRECTION('center_axis',(1.,0.,-1.02977208081174E-16));
#6380=DIRECTION('ref_axis',(1.57009245868377E-16,-0.707106781186547,0.707106781186547));
#6381=DIRECTION('',(-1.,0.,1.02977208081174E-16));
#6382=DIRECTION('center_axis',(0.,1.,0.));
#6383=DIRECTION('ref_axis',(0.707106781186547,0.,0.707106781186547));
#6384=DIRECTION('',(0.,-1.,0.));
#6385=DIRECTION('center_axis',(-3.46944695195361E-16,1.,0.));
#6386=DIRECTION('ref_axis',(0.707106781186547,0.,-0.707106781186547));
#6387=DIRECTION('center_axis',(0.,-1.,0.));
#6388=DIRECTION('ref_axis',(0.707106781186547,0.,-0.707106781186547));
#6389=DIRECTION('',(-3.46944695195361E-16,1.,0.));
#6390=DIRECTION('center_axis',(0.,1.,0.));
#6391=DIRECTION('ref_axis',(0.707106781186547,0.,-0.707106781186547));
#6392=DIRECTION('',(3.46944695195361E-16,-1.,0.));
#6393=DIRECTION('center_axis',(-1.,-3.46944695195361E-16,0.));
#6394=DIRECTION('ref_axis',(3.46944695195361E-16,-1.,0.));
#6395=DIRECTION('',(0.,0.,1.));
#6396=DIRECTION('',(-3.46944695195361E-16,1.,0.));
#6397=DIRECTION('',(0.,0.,-1.));
#6398=DIRECTION('',(3.46944695195361E-16,-1.,0.));
#6399=DIRECTION('',(0.,0.,1.));
#6400=DIRECTION('',(-3.46944695195361E-16,1.,0.));
#6401=DIRECTION('',(0.,0.,1.));
#6402=DIRECTION('center_axis',(0.,-1.,0.));
#6403=DIRECTION('ref_axis',(-0.707106781186547,0.,-0.707106781186547));
#6404=DIRECTION('center_axis',(0.,1.,0.));
#6405=DIRECTION('ref_axis',(-0.707106781186547,0.,-0.707106781186547));
#6406=DIRECTION('',(0.,-1.,0.));
#6407=DIRECTION('center_axis',(0.,-1.,0.));
#6408=DIRECTION('ref_axis',(-0.707106781186547,0.,-0.707106781186547));
#6409=DIRECTION('',(0.,1.,0.));
#6410=DIRECTION('center_axis',(1.,0.,0.));
#6411=DIRECTION('ref_axis',(0.,1.,0.));
#6412=DIRECTION('',(0.,0.,1.));
#6413=DIRECTION('',(0.,-1.,0.));
#6414=DIRECTION('',(0.,0.,-1.));
#6415=DIRECTION('',(0.,1.,0.));
#6416=DIRECTION('',(0.,0.,1.));
#6417=DIRECTION('',(0.,-1.,0.));
#6418=DIRECTION('',(0.,0.,1.));
#6419=DIRECTION('center_axis',(3.33275204390291E-16,-1.,0.));
#6420=DIRECTION('ref_axis',(-0.707106781186547,-3.14018491736755E-16,0.707106781186547));
#6421=DIRECTION('center_axis',(-2.59052048247122E-16,1.,0.));
#6422=DIRECTION('ref_axis',(-0.707106781186547,-3.14018491736755E-16,0.707106781186547));
#6423=DIRECTION('',(3.33275204390291E-16,-1.,0.));
#6424=DIRECTION('center_axis',(3.70074354638746E-17,-1.,0.));
#6425=DIRECTION('ref_axis',(-0.707106781186547,-3.14018491736755E-16,0.707106781186547));
#6426=DIRECTION('',(-3.33275204390291E-16,1.,0.));
#6427=DIRECTION('center_axis',(0.,0.,1.));
#6428=DIRECTION('ref_axis',(1.,0.,0.));
#6429=DIRECTION('',(-1.,-2.59052048247122E-16,0.));
#6430=DIRECTION('',(0.,1.,0.));
#6431=DIRECTION('',(1.,3.70074354638746E-17,0.));
#6432=DIRECTION('center_axis',(0.,1.,0.));
#6433=DIRECTION('ref_axis',(0.707106781186547,0.,0.707106781186547));
#6434=DIRECTION('center_axis',(2.59052048247122E-16,-1.,0.));
#6435=DIRECTION('ref_axis',(0.707106781186547,0.,0.707106781186547));
#6436=DIRECTION('',(0.,-1.,0.));
#6437=DIRECTION('center_axis',(-3.70074354638746E-17,1.,0.));
#6438=DIRECTION('ref_axis',(0.707106781186547,0.,0.707106781186547));
#6439=DIRECTION('',(0.,1.,0.));
#6440=DIRECTION('center_axis',(0.,0.,1.));
#6441=DIRECTION('ref_axis',(1.,0.,0.));
#6442=DIRECTION('',(-1.,-2.51371274711013E-16,0.));
#6443=DIRECTION('',(-3.33275204390291E-16,1.,0.));
#6444=DIRECTION('',(1.,4.18952124518355E-17,0.));
#6445=DIRECTION('center_axis',(-2.59052048247122E-16,1.,0.));
#6446=DIRECTION('ref_axis',(1.,2.59052048247122E-16,0.));
#6447=DIRECTION('',(0.,0.,1.));
#6448=DIRECTION('',(0.,0.,-1.));
#6449=DIRECTION('center_axis',(-2.59052048247122E-16,1.,0.));
#6450=DIRECTION('ref_axis',(-0.707106781186547,-3.14018491736755E-16,-0.707106781186547));
#6451=DIRECTION('',(1.,2.59052048247122E-16,0.));
#6452=DIRECTION('',(0.,0.,1.));
#6453=DIRECTION('center_axis',(-2.59052048247122E-16,1.,0.));
#6454=DIRECTION('ref_axis',(0.707106781186547,0.,0.707106781186547));
#6455=DIRECTION('',(1.,2.59052048247122E-16,0.));
#6456=DIRECTION('center_axis',(-2.59052048247122E-16,1.,0.));
#6457=DIRECTION('ref_axis',(-0.707106781186547,0.,0.707106781186547));
#6458=DIRECTION('',(-1.,-2.59052048247122E-16,0.));
#6459=DIRECTION('',(0.,0.,1.));
#6460=DIRECTION('',(1.,2.59052048247122E-16,0.));
#6461=DIRECTION('center_axis',(-2.59052048247122E-16,1.,0.));
#6462=DIRECTION('ref_axis',(0.658724631355539,1.47560667353086E-16,-0.752384117353303));
#6463=DIRECTION('',(-0.132163720091018,-3.42372823935374E-17,-0.991227900682635));
#6464=DIRECTION('center_axis',(2.59052048247122E-16,-1.,0.));
#6465=DIRECTION('ref_axis',(-0.707106781186547,-3.14018491736755E-16,0.707106781186547));
#6466=DIRECTION('center_axis',(3.33275204390291E-16,-1.,0.));
#6467=DIRECTION('ref_axis',(-0.707106781186547,-3.14018491736755E-16,0.707106781186547));
#6468=DIRECTION('center_axis',(-3.70074354638746E-17,1.,0.));
#6469=DIRECTION('ref_axis',(-0.707106781186547,-3.14018491736755E-16,0.707106781186547));
#6470=DIRECTION('',(-3.33275204390291E-16,1.,0.));
#6471=DIRECTION('center_axis',(-3.33275204390291E-16,1.,0.));
#6472=DIRECTION('ref_axis',(-0.707106781186547,-3.14018491736755E-16,-0.707106781186547));
#6473=DIRECTION('center_axis',(3.70074354638746E-17,-1.,0.));
#6474=DIRECTION('ref_axis',(-0.707106781186547,-3.14018491736755E-16,-0.707106781186547));
#6475=DIRECTION('',(-3.33275204390291E-16,1.,0.));
#6476=DIRECTION('',(3.33275204390291E-16,-1.,0.));
#6477=DIRECTION('center_axis',(0.,0.,1.));
#6478=DIRECTION('ref_axis',(1.,0.,0.));
#6479=DIRECTION('',(-1.,-3.70074354638746E-17,0.));
#6480=DIRECTION('',(0.,-1.,0.));
#6481=DIRECTION('center_axis',(3.33275204390291E-16,-1.,0.));
#6482=DIRECTION('ref_axis',(0.658724631355539,1.47560667353086E-16,-0.752384117353303));
#6483=DIRECTION('',(3.33275204390291E-16,-1.,0.));
#6484=DIRECTION('center_axis',(3.70074354638746E-17,-1.,0.));
#6485=DIRECTION('ref_axis',(0.658724631355539,1.47560667353086E-16,-0.752384117353303));
#6486=DIRECTION('',(-3.33275204390291E-16,1.,0.));
#6487=DIRECTION('center_axis',(0.,0.,1.));
#6488=DIRECTION('ref_axis',(1.,0.,0.));
#6489=DIRECTION('',(0.,1.,0.));
#6490=DIRECTION('',(-1.,-3.70074354638746E-17,0.));
#6491=DIRECTION('center_axis',(0.,1.,0.));
#6492=DIRECTION('ref_axis',(0.707106781186547,0.,-0.707106781186547));
#6493=DIRECTION('center_axis',(1.48029741855498E-16,-1.,0.));
#6494=DIRECTION('ref_axis',(0.707106781186547,0.,-0.707106781186547));
#6495=DIRECTION('',(0.,1.,0.));
#6496=DIRECTION('center_axis',(7.40148709277491E-17,1.,0.));
#6497=DIRECTION('ref_axis',(0.707106781186547,0.,-0.707106781186547));
#6498=DIRECTION('',(0.,-1.,0.));
#6499=DIRECTION('center_axis',(1.,0.,0.));
#6500=DIRECTION('ref_axis',(0.,1.,0.));
#6501=DIRECTION('',(0.,0.,-1.));
#6502=DIRECTION('',(0.,-1.,0.));
#6503=DIRECTION('',(0.,0.,1.));
#6504=DIRECTION('center_axis',(0.,1.,0.));
#6505=DIRECTION('ref_axis',(0.707106781186547,0.,0.707106781186547));
#6506=DIRECTION('center_axis',(1.48029741855498E-16,-1.,0.));
#6507=DIRECTION('ref_axis',(0.707106781186547,0.,0.707106781186547));
#6508=DIRECTION('',(0.,1.,0.));
#6509=DIRECTION('center_axis',(7.40148709277491E-17,1.,0.));
#6510=DIRECTION('ref_axis',(0.707106781186547,0.,0.707106781186547));
#6511=DIRECTION('center_axis',(0.,0.,1.));
#6512=DIRECTION('ref_axis',(1.,0.,0.));
#6513=DIRECTION('',(1.,1.48029741855498E-16,0.));
#6514=DIRECTION('',(0.,-1.,0.));
#6515=DIRECTION('',(-1.,7.40148709277491E-17,0.));
#6516=DIRECTION('center_axis',(0.,-1.,0.));
#6517=DIRECTION('ref_axis',(-0.707106781186547,0.,0.707106781186547));
#6518=DIRECTION('center_axis',(-1.48029741855498E-16,1.,0.));
#6519=DIRECTION('ref_axis',(-0.707106781186547,0.,0.707106781186547));
#6520=DIRECTION('',(0.,1.,0.));
#6521=DIRECTION('center_axis',(-7.40148709277491E-17,-1.,0.));
#6522=DIRECTION('ref_axis',(-0.707106781186547,0.,0.707106781186547));
#6523=DIRECTION('',(0.,-1.,0.));
#6524=DIRECTION('center_axis',(0.,0.,1.));
#6525=DIRECTION('ref_axis',(1.,0.,0.));
#6526=DIRECTION('',(1.,1.67580849807342E-16,0.));
#6527=DIRECTION('',(0.,-1.,0.));
#6528=DIRECTION('',(-1.,8.3790424903671E-17,0.));
#6529=DIRECTION('center_axis',(1.48029741855498E-16,-1.,0.));
#6530=DIRECTION('ref_axis',(-1.,-1.48029741855498E-16,0.));
#6531=DIRECTION('',(0.,0.,1.));
#6532=DIRECTION('',(-1.,-1.48029741855498E-16,0.));
#6533=DIRECTION('',(0.,0.,1.));
#6534=DIRECTION('center_axis',(1.48029741855498E-16,-1.,0.));
#6535=DIRECTION('ref_axis',(-0.707106781186547,0.,0.707106781186547));
#6536=DIRECTION('',(-1.,-1.48029741855498E-16,0.));
#6537=DIRECTION('center_axis',(1.48029741855498E-16,-1.,0.));
#6538=DIRECTION('ref_axis',(0.707106781186547,0.,0.707106781186547));
#6539=DIRECTION('',(1.,1.48029741855498E-16,0.));
#6540=DIRECTION('',(0.,0.,1.));
#6541=DIRECTION('',(-1.,-1.48029741855498E-16,0.));
#6542=DIRECTION('center_axis',(1.48029741855498E-16,-1.,0.));
#6543=DIRECTION('ref_axis',(-0.658724631355539,0.,-0.752384117353303));
#6544=DIRECTION('',(0.132163720091018,1.95641613677357E-17,-0.991227900682635));
#6545=DIRECTION('center_axis',(-1.48029741855498E-16,1.,0.));
#6546=DIRECTION('ref_axis',(0.707106781186547,0.,0.707106781186547));
#6547=DIRECTION('center_axis',(0.,1.,0.));
#6548=DIRECTION('ref_axis',(-0.658724631355539,0.,-0.752384117353303));
#6549=DIRECTION('',(0.,1.,0.));
#6550=DIRECTION('center_axis',(7.40148709277491E-17,1.,0.));
#6551=DIRECTION('ref_axis',(-0.658724631355539,0.,-0.752384117353303));
#6552=DIRECTION('',(0.,-1.,0.));
#6553=DIRECTION('center_axis',(0.,0.,1.));
#6554=DIRECTION('ref_axis',(1.,0.,0.));
#6555=DIRECTION('',(0.,-1.,0.));
#6556=DIRECTION('',(1.,-7.40148709277491E-17,0.));
#6557=DIRECTION('center_axis',(0.,1.,0.));
#6558=DIRECTION('ref_axis',(0.707106781186547,0.,0.707106781186547));
#6559=DIRECTION('center_axis',(-7.40148709277491E-17,-1.,0.));
#6560=DIRECTION('ref_axis',(0.707106781186547,0.,0.707106781186547));
#6561=DIRECTION('',(0.,-1.,0.));
#6562=DIRECTION('center_axis',(7.40148709277491E-17,1.,0.));
#6563=DIRECTION('ref_axis',(1.,-7.40148709277491E-17,0.));
#6564=DIRECTION('',(-0.132163720091018,9.78208068386787E-18,0.991227900682635));
#6565=DIRECTION('',(0.,0.,1.));
#6566=DIRECTION('',(1.,-7.40148709277491E-17,0.));
#6567=DIRECTION('center_axis',(7.40148709277491E-17,1.,0.));
#6568=DIRECTION('ref_axis',(0.707106781186547,0.,0.707106781186547));
#6569=DIRECTION('',(1.,-7.40148709277491E-17,0.));
#6570=DIRECTION('center_axis',(7.40148709277491E-17,1.,0.));
#6571=DIRECTION('ref_axis',(-0.707106781186547,0.,0.707106781186547));
#6572=DIRECTION('',(0.,0.,-1.));
#6573=DIRECTION('',(1.,-7.40148709277491E-17,0.));
#6574=DIRECTION('',(0.,0.,1.));
#6575=DIRECTION('center_axis',(0.,-1.,0.));
#6576=DIRECTION('ref_axis',(-0.707106781186547,0.,0.707106781186547));
#6577=DIRECTION('',(0.,-1.,0.));
#6578=DIRECTION('center_axis',(3.70074354638746E-17,-1.,0.));
#6579=DIRECTION('ref_axis',(-0.707106781186547,0.,0.707106781186547));
#6580=DIRECTION('center_axis',(0.,0.,1.));
#6581=DIRECTION('ref_axis',(1.,0.,0.));
#6582=DIRECTION('',(0.,1.,0.));
#6583=DIRECTION('',(-1.,-3.70074354638746E-17,0.));
#6584=DIRECTION('center_axis',(0.,1.,0.));
#6585=DIRECTION('ref_axis',(0.707106781186547,0.,0.707106781186547));
#6586=DIRECTION('center_axis',(3.70074354638746E-17,-1.,0.));
#6587=DIRECTION('ref_axis',(0.707106781186547,0.,0.707106781186547));
#6588=DIRECTION('',(0.,-1.,0.));
#6589=DIRECTION('center_axis',(-3.46944695195361E-16,1.,0.));
#6590=DIRECTION('ref_axis',(0.707106781186547,0.,0.707106781186547));
#6591=DIRECTION('',(-3.46944695195361E-16,1.,0.));
#6592=DIRECTION('center_axis',(0.,0.,1.));
#6593=DIRECTION('ref_axis',(1.,0.,0.));
#6594=DIRECTION('',(9.34924652315921E-17,-1.,0.));
#6595=DIRECTION('center_axis',(9.34924652315921E-17,-1.,0.));
#6596=DIRECTION('ref_axis',(-0.707106781186547,0.,0.707106781186547));
#6597=DIRECTION('',(-9.34924652315921E-17,1.,0.));
#6598=DIRECTION('center_axis',(-0.816496580927727,-0.408248290463862,-0.408248290463862));
#6599=DIRECTION('ref_axis',(0.577350269189625,-0.577350269189628,-0.577350269189625));
#6600=DIRECTION('center_axis',(0.,0.,1.));
#6601=DIRECTION('ref_axis',(1.,0.,0.));
#6602=DIRECTION('center_axis',(3.5527136788005E-15,1.,0.));
#6603=DIRECTION('ref_axis',(0.,0.,-1.));
#6604=DIRECTION('center_axis',(-1.,0.,0.));
#6605=DIRECTION('ref_axis',(0.,-1.,0.));
#6606=DIRECTION('center_axis',(0.,1.,0.));
#6607=DIRECTION('ref_axis',(0.707106781186547,0.,-0.707106781186547));
#6608=DIRECTION('center_axis',(0.,-1.,0.));
#6609=DIRECTION('ref_axis',(0.707106781186547,0.,-0.707106781186547));
#6610=DIRECTION('',(0.,-1.,0.));
#6611=DIRECTION('',(0.,1.,0.));
#6612=DIRECTION('center_axis',(0.408248290463863,-0.816496580927725,0.408248290463865));
#6613=DIRECTION('ref_axis',(-0.577350269189626,-0.577350269189626,-0.577350269189627));
#6614=DIRECTION('center_axis',(1.,0.,0.));
#6615=DIRECTION('ref_axis',(0.,0.,-1.));
#6616=DIRECTION('center_axis',(0.,1.,0.));
#6617=DIRECTION('ref_axis',(-1.,0.,0.));
#6618=DIRECTION('center_axis',(0.,0.,1.));
#6619=DIRECTION('ref_axis',(0.,-1.,0.));
#6620=DIRECTION('center_axis',(9.34924652315921E-17,-1.,0.));
#6621=DIRECTION('ref_axis',(-0.707106781186547,0.,-0.707106781186547));
#6622=DIRECTION('center_axis',(0.,-1.,0.));
#6623=DIRECTION('ref_axis',(-0.707106781186547,0.,-0.707106781186547));
#6624=DIRECTION('',(9.34924652315921E-17,-1.,0.));
#6625=DIRECTION('',(-9.34924652315921E-17,1.,0.));
#6626=DIRECTION('center_axis',(0.,0.,1.));
#6627=DIRECTION('ref_axis',(-0.707106781186547,-0.707106781186547,0.));
#6628=DIRECTION('center_axis',(0.,0.,1.));
#6629=DIRECTION('ref_axis',(-0.707106781186547,-0.707106781186547,0.));
#6630=DIRECTION('',(0.,0.,-1.));
#6631=DIRECTION('',(0.,0.,1.));
#6632=DIRECTION('center_axis',(1.,0.,0.));
#6633=DIRECTION('ref_axis',(0.,-0.707106781186547,-0.707106781186547));
#6634=DIRECTION('',(-1.,0.,0.));
#6635=DIRECTION('',(1.,0.,0.));
#6636=DIRECTION('center_axis',(0.,0.,1.));
#6637=DIRECTION('ref_axis',(0.707106781186547,-0.707106781186547,0.));
#6638=DIRECTION('center_axis',(0.,0.,1.));
#6639=DIRECTION('ref_axis',(0.707106781186547,-0.707106781186547,0.));
#6640=DIRECTION('',(0.,0.,-1.));
#6641=DIRECTION('',(0.,0.,1.));
#6642=DIRECTION('center_axis',(0.,0.,1.));
#6643=DIRECTION('ref_axis',(1.,0.,0.));
#6644=DIRECTION('',(-1.,0.,0.));
#6645=DIRECTION('',(0.,-1.,0.));
#6646=DIRECTION('',(1.,0.,0.));
#6647=DIRECTION('',(0.,1.,0.));
#6648=DIRECTION('',(-1.,0.,0.));
#6649=DIRECTION('',(1.,0.,0.));
#6650=DIRECTION('',(-1.,0.,0.));
#6651=DIRECTION('',(0.,1.,0.));
#6652=DIRECTION('',(1.,0.,0.));
#6653=DIRECTION('',(0.,-1.,0.));
#6654=DIRECTION('',(-1.,0.,0.));
#6655=DIRECTION('',(0.,1.,0.));
#6656=DIRECTION('',(1.,0.,0.));
#6657=DIRECTION('',(1.,0.,0.));
#6658=DIRECTION('',(1.,0.,0.));
#6659=DIRECTION('',(0.,-1.,0.));
#6660=DIRECTION('',(-1.,0.,0.));
#6661=DIRECTION('center_axis',(0.,-1.,0.));
#6662=DIRECTION('ref_axis',(1.,0.,0.));
#6663=DIRECTION('center_axis',(0.,-1.,0.));
#6664=DIRECTION('ref_axis',(-0.707106781186547,0.,-0.707106781186547));
#6665=DIRECTION('',(0.,0.,1.));
#6666=DIRECTION('center_axis',(0.,-1.,0.));
#6667=DIRECTION('ref_axis',(-0.707106781186547,0.,0.707106781186547));
#6668=DIRECTION('',(0.,0.,1.));
#6669=DIRECTION('',(1.,0.,0.));
#6670=DIRECTION('',(0.,0.,-1.));
#6671=DIRECTION('',(0.,0.,1.));
#6672=DIRECTION('',(1.,0.,0.));
#6673=DIRECTION('',(0.,0.,-1.));
#6674=DIRECTION('center_axis',(0.,-1.,0.));
#6675=DIRECTION('ref_axis',(0.707106781186547,0.,0.707106781186547));
#6676=DIRECTION('',(0.,0.,-1.));
#6677=DIRECTION('center_axis',(0.,-1.,0.));
#6678=DIRECTION('ref_axis',(0.707106781186547,0.,-0.707106781186547));
#6679=DIRECTION('',(0.,0.,1.));
#6680=DIRECTION('',(-1.,0.,0.));
#6681=DIRECTION('',(0.,0.,1.));
#6682=DIRECTION('center_axis',(-1.,0.,0.));
#6683=DIRECTION('ref_axis',(0.,-1.,0.));
#6684=DIRECTION('',(0.,1.,0.));
#6685=DIRECTION('',(0.,0.,1.));
#6686=DIRECTION('',(0.,-1.,0.));
#6687=DIRECTION('',(0.,0.,-1.));
#6688=DIRECTION('',(0.,0.,1.));
#6689=DIRECTION('',(0.,-1.,0.));
#6690=DIRECTION('',(0.,0.,-1.));
#6691=DIRECTION('',(0.,0.,-1.));
#6692=DIRECTION('center_axis',(0.,-1.,0.));
#6693=DIRECTION('ref_axis',(0.707106781186547,0.,-0.707106781186547));
#6694=DIRECTION('center_axis',(0.,-1.,0.));
#6695=DIRECTION('ref_axis',(0.707106781186547,0.,-0.707106781186547));
#6696=DIRECTION('',(0.,-1.,0.));
#6697=DIRECTION('center_axis',(0.,1.,0.));
#6698=DIRECTION('ref_axis',(1.,0.,0.));
#6699=DIRECTION('center_axis',(1.,0.,0.));
#6700=DIRECTION('ref_axis',(0.,-1.,0.));
#6701=DIRECTION('center_axis',(0.,0.,-1.));
#6702=DIRECTION('ref_axis',(0.707106781186547,-0.707106781186547,0.));
#6703=DIRECTION('center_axis',(-1.,0.,0.));
#6704=DIRECTION('ref_axis',(0.,-0.707106781186547,-0.707106781186547));
#6705=DIRECTION('center_axis',(1.,0.,0.));
#6706=DIRECTION('ref_axis',(0.,-1.,0.));
#6707=DIRECTION('center_axis',(0.,-1.,0.));
#6708=DIRECTION('ref_axis',(-1.,0.,0.));
#6709=DIRECTION('center_axis',(0.,0.,-1.));
#6710=DIRECTION('ref_axis',(-0.707106781186547,-0.707106781186547,0.));
#6711=DIRECTION('center_axis',(0.,1.,0.));
#6712=DIRECTION('ref_axis',(-0.707106781186547,0.,-0.707106781186547));
#6713=DIRECTION('center_axis',(0.,-1.,0.));
#6714=DIRECTION('ref_axis',(-0.707106781186547,0.,-0.707106781186547));
#6715=DIRECTION('',(0.,1.,0.));
#6716=DIRECTION('center_axis',(-1.,0.,0.));
#6717=DIRECTION('ref_axis',(0.,1.,0.));
#6718=DIRECTION('',(0.,0.,-1.));
#6719=DIRECTION('',(0.,1.,0.));
#6720=DIRECTION('',(0.,0.,1.));
#6721=DIRECTION('center_axis',(-1.,0.,0.));
#6722=DIRECTION('ref_axis',(0.,-1.,0.));
#6723=DIRECTION('center_axis',(0.,0.,-1.));
#6724=DIRECTION('ref_axis',(-0.707106781186547,-0.707106781186547,0.));
#6725=DIRECTION('center_axis',(0.,0.,-1.));
#6726=DIRECTION('ref_axis',(-0.707106781186547,-0.707106781186547,0.));
#6727=DIRECTION('center_axis',(0.,-1.,0.));
#6728=DIRECTION('ref_axis',(-1.,0.,0.));
#6729=DIRECTION('center_axis',(0.,0.,1.));
#6730=DIRECTION('ref_axis',(0.707106781186547,-0.707106781186547,0.));
#6731=DIRECTION('',(0.,0.,1.));
#6732=DIRECTION('center_axis',(0.,0.,-1.));
#6733=DIRECTION('ref_axis',(0.707106781186547,-0.707106781186547,0.));
#6734=DIRECTION('center_axis',(0.,1.,0.));
#6735=DIRECTION('ref_axis',(1.,0.,0.));
#6736=DIRECTION('',(1.,0.,0.));
#6737=DIRECTION('',(0.,0.,1.));
#6738=DIRECTION('center_axis',(0.,1.,0.));
#6739=DIRECTION('ref_axis',(-0.707106781186547,0.,0.707106781186547));
#6740=DIRECTION('',(0.,0.,-1.));
#6741=DIRECTION('center_axis',(0.,1.,0.));
#6742=DIRECTION('ref_axis',(-0.707106781186547,0.,-0.707106781186547));
#6743=DIRECTION('center_axis',(0.,1.,0.));
#6744=DIRECTION('ref_axis',(0.707106781186547,0.,-0.707106781186547));
#6745=DIRECTION('',(0.,0.,1.));
#6746=DIRECTION('center_axis',(0.,1.,0.));
#6747=DIRECTION('ref_axis',(0.707106781186547,0.,0.707106781186547));
#6748=DIRECTION('center_axis',(1.,0.,0.));
#6749=DIRECTION('ref_axis',(0.,-1.,0.));
#6750=DIRECTION('',(0.,-1.,0.));
#6751=DIRECTION('center_axis',(1.,0.,0.));
#6752=DIRECTION('ref_axis',(0.,1.,0.));
#6753=DIRECTION('center_axis',(1.,0.,0.));
#6754=DIRECTION('ref_axis',(0.,1.,0.));
#6755=DIRECTION('',(0.,-1.,0.));
#6756=DIRECTION('',(0.,0.,1.));
#6757=DIRECTION('',(0.,-1.,0.));
#6758=DIRECTION('',(0.,0.,1.));
#6759=DIRECTION('center_axis',(0.,0.,1.));
#6760=DIRECTION('ref_axis',(1.,0.,0.));
#6761=DIRECTION('center_axis',(0.,0.,1.));
#6762=DIRECTION('ref_axis',(1.,0.,0.));
#6763=DIRECTION('center_axis',(0.,0.,-1.));
#6764=DIRECTION('ref_axis',(1.,0.,0.));
#6765=DIRECTION('',(-9.34924652315921E-17,1.,0.));
#6766=DIRECTION('center_axis',(1.,9.34924652315921E-17,0.));
#6767=DIRECTION('ref_axis',(-9.34924652315921E-17,1.,0.));
#6768=DIRECTION('',(9.34924652315921E-17,-1.,0.));
#6769=DIRECTION('',(0.,0.,1.));
#6770=DIRECTION('',(-9.34924652315921E-17,1.,0.));
#6771=DIRECTION('',(0.,0.,-1.));
#6772=DIRECTION('',(0.,0.,1.));
#6773=DIRECTION('',(0.,0.,-1.));
#6774=DIRECTION('',(-9.34924652315921E-17,1.,0.));
#6775=DIRECTION('center_axis',(1.,0.,0.));
#6776=DIRECTION('ref_axis',(0.,1.,0.));
#6777=DIRECTION('',(0.,-1.,0.));
#6778=DIRECTION('',(0.,0.,1.));
#6779=DIRECTION('',(0.,-1.,0.));
#6780=DIRECTION('',(0.,0.,1.));
#6781=DIRECTION('center_axis',(0.,0.,1.));
#6782=DIRECTION('ref_axis',(1.,0.,0.));
#6783=DIRECTION('center_axis',(0.,0.,1.));
#6784=DIRECTION('ref_axis',(1.,0.,0.));
#6785=DIRECTION('center_axis',(0.,0.,-1.));
#6786=DIRECTION('ref_axis',(1.,0.,0.));
#6787=DIRECTION('center_axis',(0.,0.,1.));
#6788=DIRECTION('ref_axis',(1.,0.,0.));
#6789=DIRECTION('center_axis',(0.,0.,1.));
#6790=DIRECTION('ref_axis',(1.,0.,0.));
#6791=DIRECTION('',(1.,0.,0.));
#6792=DIRECTION('',(-1.,0.,0.));
#6793=DIRECTION('',(1.,0.,0.));
#6794=DIRECTION('center_axis',(0.,0.,1.));
#6795=DIRECTION('ref_axis',(1.,0.,0.));
#6796=DIRECTION('',(-1.07009448156642E-16,1.,0.));
#6797=DIRECTION('',(1.07009448156642E-16,-1.,0.));
#6798=DIRECTION('',(-1.07009448156642E-16,1.,0.));
#6799=DIRECTION('center_axis',(0.,0.,1.));
#6800=DIRECTION('ref_axis',(1.,0.,0.));
#6801=DIRECTION('',(-1.,1.08314441426845E-16,0.));
#6802=DIRECTION('',(1.,-1.08314441426845E-16,0.));
#6803=DIRECTION('',(-1.,1.08314441426845E-16,0.));
#6804=DIRECTION('center_axis',(0.,0.,1.));
#6805=DIRECTION('ref_axis',(1.,0.,0.));
#6806=DIRECTION('',(0.,1.,0.));
#6807=DIRECTION('center_axis',(-1.,-1.07009448156642E-16,0.));
#6808=DIRECTION('ref_axis',(1.07009448156642E-16,-1.,0.));
#6809=DIRECTION('',(-1.07009448156642E-16,1.,0.));
#6810=DIRECTION('',(0.,0.,1.));
#6811=DIRECTION('',(0.,0.,1.));
#6812=DIRECTION('center_axis',(0.,0.,1.));
#6813=DIRECTION('ref_axis',(1.,0.,0.));
#6814=DIRECTION('center_axis',(0.,0.,1.));
#6815=DIRECTION('ref_axis',(1.,0.,0.));
#6816=DIRECTION('center_axis',(0.,0.,-1.));
#6817=DIRECTION('ref_axis',(1.,0.,0.));
#6818=DIRECTION('center_axis',(-1.,-1.07009448156642E-16,0.));
#6819=DIRECTION('ref_axis',(1.07009448156642E-16,-1.,0.));
#6820=DIRECTION('',(-1.07009448156642E-16,1.,0.));
#6821=DIRECTION('',(0.,0.,1.));
#6822=DIRECTION('',(0.,0.,1.));
#6823=DIRECTION('center_axis',(0.,0.,1.));
#6824=DIRECTION('ref_axis',(1.,0.,0.));
#6825=DIRECTION('center_axis',(0.,0.,1.));
#6826=DIRECTION('ref_axis',(1.,0.,0.));
#6827=DIRECTION('center_axis',(0.,0.,-1.));
#6828=DIRECTION('ref_axis',(1.,0.,0.));
#6829=DIRECTION('center_axis',(0.,1.,0.));
#6830=DIRECTION('ref_axis',(-1.,0.,0.));
#6831=DIRECTION('',(1.,0.,0.));
#6832=DIRECTION('',(0.,0.,1.));
#6833=DIRECTION('',(0.,0.,1.));
#6834=DIRECTION('center_axis',(0.,0.,1.));
#6835=DIRECTION('ref_axis',(1.,0.,0.));
#6836=DIRECTION('',(-1.,0.,0.));
#6837=DIRECTION('center_axis',(0.,0.,-1.));
#6838=DIRECTION('ref_axis',(1.,0.,0.));
#6839=DIRECTION('center_axis',(0.,0.,1.));
#6840=DIRECTION('ref_axis',(1.,0.,0.));
#6841=DIRECTION('center_axis',(0.,1.,0.));
#6842=DIRECTION('ref_axis',(-1.,0.,0.));
#6843=DIRECTION('',(1.,0.,0.));
#6844=DIRECTION('',(0.,0.,1.));
#6845=DIRECTION('',(0.,0.,-1.));
#6846=DIRECTION('',(0.,0.,1.));
#6847=DIRECTION('',(-1.,0.,0.));
#6848=DIRECTION('',(0.,0.,-1.));
#6849=DIRECTION('center_axis',(-1.08314441426845E-16,-1.,0.));
#6850=DIRECTION('ref_axis',(1.,-1.08314441426845E-16,0.));
#6851=DIRECTION('',(-1.,1.08314441426845E-16,0.));
#6852=DIRECTION('',(0.,0.,1.));
#6853=DIRECTION('',(0.,0.,1.));
#6854=DIRECTION('center_axis',(0.,0.,1.));
#6855=DIRECTION('ref_axis',(1.,0.,0.));
#6856=DIRECTION('center_axis',(0.,0.,1.));
#6857=DIRECTION('ref_axis',(1.,0.,0.));
#6858=DIRECTION('center_axis',(0.,0.,-1.));
#6859=DIRECTION('ref_axis',(1.,0.,0.));
#6860=DIRECTION('center_axis',(-1.08314441426845E-16,-1.,0.));
#6861=DIRECTION('ref_axis',(1.,-1.08314441426845E-16,0.));
#6862=DIRECTION('',(-1.,1.08314441426845E-16,0.));
#6863=DIRECTION('',(0.,0.,1.));
#6864=DIRECTION('',(0.,0.,1.));
#6865=DIRECTION('center_axis',(0.,0.,1.));
#6866=DIRECTION('ref_axis',(1.,0.,0.));
#6867=DIRECTION('center_axis',(0.,0.,1.));
#6868=DIRECTION('ref_axis',(1.,0.,0.));
#6869=DIRECTION('center_axis',(0.,0.,-1.));
#6870=DIRECTION('ref_axis',(1.,0.,0.));
#6871=DIRECTION('center_axis',(0.,1.,0.));
#6872=DIRECTION('ref_axis',(-1.,0.,0.));
#6873=DIRECTION('',(1.,0.,0.));
#6874=DIRECTION('',(0.,0.,1.));
#6875=DIRECTION('',(0.,0.,1.));
#6876=DIRECTION('center_axis',(0.,0.,1.));
#6877=DIRECTION('ref_axis',(1.,0.,0.));
#6878=DIRECTION('center_axis',(0.,0.,1.));
#6879=DIRECTION('ref_axis',(1.,0.,0.));
#6880=DIRECTION('center_axis',(0.,0.,-1.));
#6881=DIRECTION('ref_axis',(1.,0.,0.));
#6882=DIRECTION('center_axis',(1.,1.07009448156642E-16,0.));
#6883=DIRECTION('ref_axis',(1.07009448156642E-16,-1.,0.));
#6884=DIRECTION('',(0.,0.,-1.));
#6885=DIRECTION('',(0.,0.,-1.));
#6886=DIRECTION('center_axis',(0.,0.,-1.));
#6887=DIRECTION('ref_axis',(1.,0.,0.));
#6888=DIRECTION('center_axis',(0.,0.,-1.));
#6889=DIRECTION('ref_axis',(1.,0.,0.));
#6890=DIRECTION('center_axis',(0.,0.,-1.));
#6891=DIRECTION('ref_axis',(1.,0.,0.));
#6892=DIRECTION('',(0.,0.,-1.));
#6893=DIRECTION('center_axis',(1.08314441426845E-16,1.,0.));
#6894=DIRECTION('ref_axis',(1.,-1.08314441426845E-16,0.));
#6895=DIRECTION('',(0.,0.,-1.));
#6896=DIRECTION('center_axis',(0.,0.,-1.));
#6897=DIRECTION('ref_axis',(1.,0.,0.));
#6898=DIRECTION('center_axis',(0.,0.,-1.));
#6899=DIRECTION('ref_axis',(1.,0.,0.));
#6900=DIRECTION('center_axis',(0.,0.,-1.));
#6901=DIRECTION('ref_axis',(1.,0.,0.));
#6902=DIRECTION('',(0.,0.,-1.));
#6903=DIRECTION('center_axis',(-1.,0.,0.));
#6904=DIRECTION('ref_axis',(0.,1.,0.));
#6905=DIRECTION('',(0.,0.,-1.));
#6906=DIRECTION('center_axis',(0.,0.,-1.));
#6907=DIRECTION('ref_axis',(1.,0.,0.));
#6908=DIRECTION('center_axis',(0.,0.,-1.));
#6909=DIRECTION('ref_axis',(1.,0.,0.));
#6910=DIRECTION('center_axis',(0.,0.,-1.));
#6911=DIRECTION('ref_axis',(1.,0.,0.));
#6912=DIRECTION('',(0.,0.,-1.));
#6913=DIRECTION('center_axis',(0.,-1.,0.));
#6914=DIRECTION('ref_axis',(-1.,0.,0.));
#6915=DIRECTION('',(0.,0.,-1.));
#6916=DIRECTION('center_axis',(0.,0.,-1.));
#6917=DIRECTION('ref_axis',(1.,0.,0.));
#6918=DIRECTION('center_axis',(0.,0.,-1.));
#6919=DIRECTION('ref_axis',(1.,0.,0.));
#6920=DIRECTION('center_axis',(0.,0.,-1.));
#6921=DIRECTION('ref_axis',(1.,0.,0.));
#6922=DIRECTION('center_axis',(0.,-1.,0.));
#6923=DIRECTION('ref_axis',(-0.707106781186546,0.,-0.707106781186549));
#6924=DIRECTION('center_axis',(0.,1.,0.));
#6925=DIRECTION('ref_axis',(-0.707106781186546,0.,-0.707106781186549));
#6926=DIRECTION('',(0.,-1.,0.));
#6927=DIRECTION('center_axis',(-0.707106781186548,-0.707106781186548,0.));
#6928=DIRECTION('ref_axis',(-0.707106781186547,0.707106781186547,0.));
#6929=DIRECTION('center_axis',(0.,1.,0.));
#6930=DIRECTION('ref_axis',(0.707106781186546,0.,-0.707106781186549));
#6931=DIRECTION('',(0.,1.,0.));
#6932=DIRECTION('center_axis',(0.,1.,0.));
#6933=DIRECTION('ref_axis',(0.707106781186546,0.,-0.707106781186549));
#6934=DIRECTION('center_axis',(0.707106781186548,-0.707106781186548,0.));
#6935=DIRECTION('ref_axis',(-0.707106781186547,-0.707106781186547,0.));
#6936=DIRECTION('center_axis',(-1.,0.,0.));
#6937=DIRECTION('ref_axis',(0.,0.707106781186546,-0.707106781186549));
#6938=DIRECTION('',(-1.,0.,0.));
#6939=DIRECTION('center_axis',(0.,-1.,0.));
#6940=DIRECTION('ref_axis',(-0.534522483824847,0.,0.845154254728518));
#6941=DIRECTION('',(0.,1.,0.));
#6942=DIRECTION('center_axis',(0.,-1.,0.));
#6943=DIRECTION('ref_axis',(-0.534522483824847,0.,0.845154254728518));
#6944=DIRECTION('',(0.,-1.,0.));
#6945=DIRECTION('center_axis',(0.,1.,0.));
#6946=DIRECTION('ref_axis',(-0.534522483824847,0.,0.845154254728518));
#6947=DIRECTION('center_axis',(0.,-1.,0.));
#6948=DIRECTION('ref_axis',(0.534522483824847,0.,0.845154254728518));
#6949=DIRECTION('',(0.,1.,0.));
#6950=DIRECTION('center_axis',(0.,-1.,0.));
#6951=DIRECTION('ref_axis',(0.534522483824847,0.,0.845154254728518));
#6952=DIRECTION('',(0.,-1.,0.));
#6953=DIRECTION('center_axis',(0.,1.,0.));
#6954=DIRECTION('ref_axis',(0.534522483824847,0.,0.845154254728518));
#6955=DIRECTION('center_axis',(0.,1.,0.));
#6956=DIRECTION('ref_axis',(0.,0.,-1.));
#6957=DIRECTION('center_axis',(0.,-1.,0.));
#6958=DIRECTION('ref_axis',(0.,0.,-1.));
#6959=DIRECTION('center_axis',(0.,1.,0.));
#6960=DIRECTION('ref_axis',(0.,0.,-1.));
#6961=DIRECTION('center_axis',(0.,-1.,0.));
#6962=DIRECTION('ref_axis',(1.,0.,0.));
#6963=DIRECTION('center_axis',(0.,-1.,0.));
#6964=DIRECTION('ref_axis',(1.,0.,0.));
#6965=DIRECTION('center_axis',(-1.,0.,0.));
#6966=DIRECTION('ref_axis',(0.,1.,0.));
#6967=DIRECTION('',(0.,0.,-1.));
#6968=DIRECTION('',(0.,0.,-1.));
#6969=DIRECTION('',(0.,0.,1.));
#6970=DIRECTION('',(0.,0.,1.));
#6971=DIRECTION('center_axis',(0.,-1.,0.));
#6972=DIRECTION('ref_axis',(1.,0.,0.));
#6973=DIRECTION('',(0.,0.,-1.));
#6974=DIRECTION('center_axis',(0.,-1.,0.));
#6975=DIRECTION('ref_axis',(1.,0.,0.));
#6976=DIRECTION('',(0.,0.,1.));
#6977=DIRECTION('center_axis',(1.,0.,0.));
#6978=DIRECTION('ref_axis',(0.,-1.,0.));
#6979=DIRECTION('',(0.,0.,-1.));
#6980=DIRECTION('',(0.,0.,-1.));
#6981=DIRECTION('center_axis',(0.,1.,0.));
#6982=DIRECTION('ref_axis',(1.,0.,0.));
#6983=DIRECTION('center_axis',(0.,-1.,0.));
#6984=DIRECTION('ref_axis',(-1.,0.,0.));
#6985=DIRECTION('center_axis',(1.,0.,0.));
#6986=DIRECTION('ref_axis',(0.,-1.,0.));
#6987=DIRECTION('',(0.,0.,-1.));
#6988=DIRECTION('',(0.,0.,-1.));
#6989=DIRECTION('center_axis',(0.,1.,0.));
#6990=DIRECTION('ref_axis',(1.,0.,0.));
#6991=DIRECTION('',(0.,0.,-1.));
#6992=DIRECTION('center_axis',(-1.,0.,0.));
#6993=DIRECTION('ref_axis',(0.,1.,0.));
#6994=DIRECTION('',(0.,0.,-1.));
#6995=DIRECTION('center_axis',(0.,-1.,0.));
#6996=DIRECTION('ref_axis',(-1.,0.,0.));
#6997=DIRECTION('center_axis',(0.,1.,0.));
#6998=DIRECTION('ref_axis',(-0.707106781186547,0.,0.707106781186547));
#6999=DIRECTION('',(0.,1.,0.));
#7000=DIRECTION('center_axis',(-1.,0.,0.));
#7001=DIRECTION('ref_axis',(0.,0.,1.));
#7002=DIRECTION('',(0.,-1.,0.));
#7003=DIRECTION('center_axis',(0.,1.,0.));
#7004=DIRECTION('ref_axis',(0.707106781186547,0.,0.707106781186547));
#7005=DIRECTION('',(0.,-1.,0.));
#7006=DIRECTION('center_axis',(0.,1.,0.));
#7007=DIRECTION('ref_axis',(-0.707106781186547,0.,-0.707106781186547));
#7008=DIRECTION('center_axis',(0.,1.,0.));
#7009=DIRECTION('ref_axis',(0.707106781186547,0.,-0.707106781186547));
#7010=DIRECTION('',(0.,1.,0.));
#7011=DIRECTION('center_axis',(1.,0.,0.));
#7012=DIRECTION('ref_axis',(0.,0.,-1.));
#7013=DIRECTION('center_axis',(0.991227900682635,0.,0.132163720091018));
#7014=DIRECTION('ref_axis',(0.132163720091018,0.,-0.991227900682635));
#7015=DIRECTION('center_axis',(-0.991227900682635,-3.30351681197364E-16,
0.132163720091018));
#7016=DIRECTION('ref_axis',(0.132163720091018,0.,0.991227900682635));
#7017=DIRECTION('',(0.132163720091018,4.89104034193391E-18,0.991227900682635));
#7018=DIRECTION('center_axis',(-1.,-3.33275204390291E-16,0.));
#7019=DIRECTION('ref_axis',(3.33275204390291E-16,-1.,0.));
#7020=DIRECTION('',(0.,0.,1.));
#7021=DIRECTION('center_axis',(1.,0.,0.));
#7022=DIRECTION('ref_axis',(0.,1.,0.));
#7023=DIRECTION('',(0.,0.,1.));
#7024=DIRECTION('center_axis',(-1.,0.,0.));
#7025=DIRECTION('ref_axis',(0.,-1.,0.));
#7026=DIRECTION('center_axis',(0.,0.,1.));
#7027=DIRECTION('ref_axis',(1.,0.,0.));
#7028=DIRECTION('center_axis',(-1.,0.,0.));
#7029=DIRECTION('ref_axis',(0.,0.,1.));
#7030=DIRECTION('center_axis',(1.,0.,0.));
#7031=DIRECTION('ref_axis',(0.,1.,0.));
#7032=DIRECTION('center_axis',(0.,-1.,1.22464679914735E-16));
#7033=DIRECTION('ref_axis',(0.,-1.22464679914735E-16,-1.));
#7034=DIRECTION('center_axis',(1.,0.,0.));
#7035=DIRECTION('ref_axis',(0.,0.,-1.));
#7036=DIRECTION('center_axis',(-1.,0.,0.));
#7037=DIRECTION('ref_axis',(0.,-1.,0.));
#7038=DIRECTION('center_axis',(0.,-1.,-1.22464679914735E-16));
#7039=DIRECTION('ref_axis',(0.,-1.22464679914735E-16,1.));
#7040=DIRECTION('center_axis',(-1.,0.,0.));
#7041=DIRECTION('ref_axis',(0.,-1.,0.));
#7042=DIRECTION('center_axis',(1.,0.,0.));
#7043=DIRECTION('ref_axis',(0.,-1.,0.));
#7044=DIRECTION('center_axis',(-1.,0.,0.));
#7045=DIRECTION('ref_axis',(0.,1.,0.));
#7046=DIRECTION('center_axis',(-1.,0.,0.));
#7047=DIRECTION('ref_axis',(0.,-1.,0.));
#7048=DIRECTION('center_axis',(1.,0.,0.));
#7049=DIRECTION('ref_axis',(0.,-1.,0.));
#7050=DIRECTION('',(1.,0.,0.));
#7051=DIRECTION('center_axis',(-1.,0.,0.));
#7052=DIRECTION('ref_axis',(0.,-1.,0.));
#7053=DIRECTION('center_axis',(1.,0.,0.));
#7054=DIRECTION('ref_axis',(0.,1.,0.));
#7055=DIRECTION('center_axis',(-1.,0.,0.));
#7056=DIRECTION('ref_axis',(0.,1.,0.));
#7057=DIRECTION('',(-1.,0.,0.));
#7058=DIRECTION('center_axis',(1.,0.,0.));
#7059=DIRECTION('ref_axis',(0.,1.,0.));
#7060=DIRECTION('center_axis',(1.,0.,0.));
#7061=DIRECTION('ref_axis',(0.,1.,0.));
#7062=DIRECTION('center_axis',(1.,0.,0.));
#7063=DIRECTION('ref_axis',(0.,1.,0.));
#7064=DIRECTION('',(1.,0.,0.));
#7065=DIRECTION('center_axis',(-1.,0.,0.));
#7066=DIRECTION('ref_axis',(0.,1.,0.));
#7067=DIRECTION('center_axis',(1.,0.,0.));
#7068=DIRECTION('ref_axis',(0.,1.,0.));
#7069=DIRECTION('center_axis',(1.,0.,0.));
#7070=DIRECTION('ref_axis',(0.,1.,0.));
#7071=DIRECTION('',(1.,0.,0.));
#7072=DIRECTION('center_axis',(-1.,0.,0.));
#7073=DIRECTION('ref_axis',(0.,1.,0.));
#7074=DIRECTION('center_axis',(0.,0.,-1.));
#7075=DIRECTION('ref_axis',(-1.,0.,0.));
#7076=DIRECTION('',(1.,0.,0.));
#7077=DIRECTION('',(0.,1.,0.));
#7078=DIRECTION('',(-1.,-2.77555756156289E-16,0.));
#7079=DIRECTION('',(0.,-1.,0.));
#7080=DIRECTION('center_axis',(0.,0.,1.));
#7081=DIRECTION('ref_axis',(1.,0.,0.));
#7082=DIRECTION('',(1.,2.77555756156289E-16,0.));
#7083=DIRECTION('',(0.,-1.,0.));
#7084=DIRECTION('',(-1.,0.,0.));
#7085=DIRECTION('',(0.,1.,0.));
#7086=DIRECTION('center_axis',(0.,0.,-1.));
#7087=DIRECTION('ref_axis',(-1.,0.,0.));
#7088=DIRECTION('',(-1.,1.38777878078145E-16,0.));
#7089=DIRECTION('',(0.,-1.,0.));
#7090=DIRECTION('',(1.,1.38777878078145E-16,0.));
#7091=DIRECTION('',(0.,1.,0.));
#7092=DIRECTION('center_axis',(0.,0.,1.));
#7093=DIRECTION('ref_axis',(1.,0.,0.));
#7094=DIRECTION('',(-1.,-1.38777878078145E-16,0.));
#7095=DIRECTION('',(0.,1.,0.));
#7096=DIRECTION('',(1.,-1.38777878078145E-16,0.));
#7097=DIRECTION('',(0.,-1.,0.));
#7098=DIRECTION('center_axis',(0.,0.,1.));
#7099=DIRECTION('ref_axis',(1.,0.,0.));
#7100=DIRECTION('',(0.,1.,0.));
#7101=DIRECTION('',(1.,8.3790416952842E-16,0.));
#7102=DIRECTION('',(0.,-1.,0.));
#7103=DIRECTION('',(-1.,5.86532918669894E-16,0.));
#7104=DIRECTION('center_axis',(0.,0.,1.));
#7105=DIRECTION('ref_axis',(1.,0.,0.));
#7106=DIRECTION('',(0.,-1.,0.));
#7107=DIRECTION('',(-1.,5.86532918669894E-16,0.));
#7108=DIRECTION('',(0.,-1.,0.));
#7109=DIRECTION('',(1.,8.3790416952842E-16,0.));
#7110=DIRECTION('center_axis',(0.,0.,1.));
#7111=DIRECTION('ref_axis',(1.,0.,0.));
#7112=DIRECTION('',(0.,-1.,0.));
#7113=DIRECTION('',(-1.,-7.96008961051999E-16,0.));
#7114=DIRECTION('',(0.,1.,0.));
#7115=DIRECTION('',(1.,-6.28428127146315E-16,0.));
#7116=DIRECTION('center_axis',(0.,0.,1.));
#7117=DIRECTION('ref_axis',(1.,0.,0.));
#7118=DIRECTION('',(0.,1.,0.));
#7119=DIRECTION('',(1.,-6.28428127146315E-16,0.));
#7120=DIRECTION('',(0.,1.,0.));
#7121=DIRECTION('',(-1.,-7.96008961051999E-16,0.));
#7122=DIRECTION('center_axis',(0.,0.,1.));
#7123=DIRECTION('ref_axis',(1.,0.,0.));
#7124=DIRECTION('',(0.,1.,0.));
#7125=DIRECTION('',(1.,-6.28428127146315E-16,0.));
#7126=DIRECTION('',(0.,-1.,0.));
#7127=DIRECTION('',(1.,7.96008961051999E-16,0.));
#7128=DIRECTION('center_axis',(0.,0.,1.));
#7129=DIRECTION('ref_axis',(1.,0.,0.));
#7130=DIRECTION('',(0.,-1.,0.));
#7131=DIRECTION('',(-1.,5.86532918669894E-16,0.));
#7132=DIRECTION('',(0.,1.,0.));
#7133=DIRECTION('',(-1.,-8.3790416952842E-16,0.));
#7134=DIRECTION('center_axis',(-5.86532918669894E-16,-1.,0.));
#7135=DIRECTION('ref_axis',(1.,-5.86532918669894E-16,0.));
#7136=DIRECTION('',(0.,0.,1.));
#7137=DIRECTION('',(-1.,5.86532918669894E-16,0.));
#7138=DIRECTION('',(0.,0.,-1.));
#7139=DIRECTION('center_axis',(-8.3790416952842E-16,1.,0.));
#7140=DIRECTION('ref_axis',(-1.,-8.3790416952842E-16,0.));
#7141=DIRECTION('',(0.,0.,1.));
#7142=DIRECTION('',(-1.,-8.3790416952842E-16,0.));
#7143=DIRECTION('',(0.,0.,1.));
#7144=DIRECTION('center_axis',(-1.,0.,0.));
#7145=DIRECTION('ref_axis',(0.,-1.,0.));
#7146=DIRECTION('',(0.,0.,-1.));
#7147=DIRECTION('',(0.,0.,1.));
#7148=DIRECTION('',(0.,1.,0.));
#7149=DIRECTION('center_axis',(-2.77555756156289E-16,1.,0.));
#7150=DIRECTION('ref_axis',(-1.,-2.77555756156289E-16,0.));
#7151=DIRECTION('',(0.,0.,1.));
#7152=DIRECTION('center_axis',(1.,0.,0.));
#7153=DIRECTION('ref_axis',(0.,1.,0.));
#7154=DIRECTION('',(0.,0.,1.));
#7155=DIRECTION('',(0.,0.,1.));
#7156=DIRECTION('',(0.,0.,1.));
#7157=DIRECTION('center_axis',(-8.3790416952842E-16,1.,0.));
#7158=DIRECTION('ref_axis',(-1.,-8.3790416952842E-16,0.));
#7159=DIRECTION('',(0.,0.,1.));
#7160=DIRECTION('center_axis',(1.,0.,0.));
#7161=DIRECTION('ref_axis',(0.,1.,0.));
#7162=DIRECTION('',(0.,0.,1.));
#7163=DIRECTION('center_axis',(-5.86532918669894E-16,-1.,0.));
#7164=DIRECTION('ref_axis',(1.,-5.86532918669894E-16,0.));
#7165=DIRECTION('center_axis',(0.,-1.,0.));
#7166=DIRECTION('ref_axis',(1.,0.,0.));
#7167=DIRECTION('center_axis',(1.38777878078145E-16,1.,0.));
#7168=DIRECTION('ref_axis',(-1.,1.38777878078145E-16,0.));
#7169=DIRECTION('',(0.,0.,1.));
#7170=DIRECTION('',(0.,0.,1.));
#7171=DIRECTION('center_axis',(6.28428127146315E-16,1.,0.));
#7172=DIRECTION('ref_axis',(-1.,6.28428127146315E-16,0.));
#7173=DIRECTION('',(0.,0.,1.));
#7174=DIRECTION('',(1.,-6.28428127146315E-16,0.));
#7175=DIRECTION('',(0.,0.,-1.));
#7176=DIRECTION('center_axis',(7.96008961051999E-16,-1.,0.));
#7177=DIRECTION('ref_axis',(1.,7.96008961051999E-16,0.));
#7178=DIRECTION('',(0.,0.,1.));
#7179=DIRECTION('',(1.,7.96008961051999E-16,0.));
#7180=DIRECTION('',(0.,0.,1.));
#7181=DIRECTION('center_axis',(1.,0.,0.));
#7182=DIRECTION('ref_axis',(0.,1.,0.));
#7183=DIRECTION('',(0.,0.,1.));
#7184=DIRECTION('',(0.,-1.,0.));
#7185=DIRECTION('center_axis',(1.38777878078145E-16,-1.,0.));
#7186=DIRECTION('ref_axis',(1.,1.38777878078145E-16,0.));
#7187=DIRECTION('',(0.,0.,1.));
#7188=DIRECTION('center_axis',(-1.,0.,0.));
#7189=DIRECTION('ref_axis',(0.,-1.,0.));
#7190=DIRECTION('',(0.,0.,1.));
#7191=DIRECTION('',(0.,0.,1.));
#7192=DIRECTION('center_axis',(7.96008961051999E-16,-1.,0.));
#7193=DIRECTION('ref_axis',(1.,7.96008961051999E-16,0.));
#7194=DIRECTION('',(0.,0.,1.));
#7195=DIRECTION('center_axis',(-1.,0.,0.));
#7196=DIRECTION('ref_axis',(0.,-1.,0.));
#7197=DIRECTION('',(0.,0.,1.));
#7198=DIRECTION('center_axis',(6.28428127146315E-16,1.,0.));
#7199=DIRECTION('ref_axis',(-1.,6.28428127146315E-16,0.));
#7200=DIRECTION('center_axis',(-1.,0.,0.));
#7201=DIRECTION('ref_axis',(0.,-1.,0.));
#7202=DIRECTION('',(0.,1.,0.));
#7203=DIRECTION('',(0.,0.,1.));
#7204=DIRECTION('',(0.,1.,0.));
#7205=DIRECTION('center_axis',(1.,0.,0.));
#7206=DIRECTION('ref_axis',(0.,1.,0.));
#7207=DIRECTION('',(0.,-1.,0.));
#7208=DIRECTION('',(0.,-1.,0.));
#7209=DIRECTION('center_axis',(3.70074354638746E-17,-1.,0.));
#7210=DIRECTION('ref_axis',(-1.,-3.70074354638746E-17,0.));
#7211=DIRECTION('',(-1.,-3.70074354638746E-17,0.));
#7212=DIRECTION('center_axis',(1.48029736616688E-16,-1.,0.));
#7213=DIRECTION('ref_axis',(0.707106781186548,0.,-0.707106781186547));
#7214=DIRECTION('center_axis',(4.29763751467803E-16,1.,0.));
#7215=DIRECTION('ref_axis',(0.707106781186548,0.,-0.707106781186547));
#7216=DIRECTION('',(-1.48029736616688E-16,1.,0.));
#7217=DIRECTION('center_axis',(0.,-1.,0.));
#7218=DIRECTION('ref_axis',(0.707106781186548,0.,-0.707106781186547));
#7219=DIRECTION('',(1.48029736616688E-16,-1.,0.));
#7220=DIRECTION('center_axis',(4.29763751467803E-16,1.,0.));
#7221=DIRECTION('ref_axis',(-1.,4.29763751467803E-16,0.));
#7222=DIRECTION('',(-1.,4.29763751467803E-16,0.));
#7223=DIRECTION('center_axis',(4.29763751467803E-16,1.,0.));
#7224=DIRECTION('ref_axis',(-0.707106781186548,0.,-0.707106781186547));
#7225=DIRECTION('',(0.,0.,-1.));
#7226=DIRECTION('',(1.,-4.29763751467803E-16,0.));
#7227=DIRECTION('',(0.,0.,-1.));
#7228=DIRECTION('center_axis',(0.,0.,1.));
#7229=DIRECTION('ref_axis',(1.,0.,0.));
#7230=DIRECTION('',(1.,0.,0.));
#7231=DIRECTION('',(0.,1.,0.));
#7232=DIRECTION('center_axis',(0.,1.,0.));
#7233=DIRECTION('ref_axis',(-0.707106781186548,0.,-0.707106781186547));
#7234=DIRECTION('center_axis',(0.,-1.,0.));
#7235=DIRECTION('ref_axis',(-0.707106781186548,0.,-0.707106781186547));
#7236=DIRECTION('',(0.,-1.,0.));
#7237=DIRECTION('center_axis',(0.,-1.,0.));
#7238=DIRECTION('ref_axis',(1.,0.,0.));
#7239=DIRECTION('',(0.,0.,-1.));
#7240=DIRECTION('',(-1.,0.,0.));
#7241=DIRECTION('',(0.,0.,1.));
#7242=DIRECTION('center_axis',(0.,0.,1.));
#7243=DIRECTION('ref_axis',(1.,0.,0.));
#7244=DIRECTION('',(1.48029736616688E-16,-1.,0.));
#7245=DIRECTION('',(1.,0.,0.));
#7246=DIRECTION('',(0.,1.,0.));
#7247=DIRECTION('center_axis',(-1.,-1.48029736616688E-16,0.));
#7248=DIRECTION('ref_axis',(1.48029736616688E-16,-1.,0.));
#7249=DIRECTION('',(-1.48029736616688E-16,1.,0.));
#7250=DIRECTION('',(0.,0.,1.));
#7251=DIRECTION('center_axis',(1.,0.,0.));
#7252=DIRECTION('ref_axis',(0.,1.,0.));
#7253=DIRECTION('',(0.,0.,1.));
#7254=DIRECTION('',(0.,-1.,0.));
#7255=DIRECTION('center_axis',(0.,1.,0.));
#7256=DIRECTION('ref_axis',(-1.,0.,0.));
#7257=DIRECTION('',(1.,0.,0.));
#7258=DIRECTION('',(1.,0.,0.));
#7259=DIRECTION('center_axis',(0.,-1.,0.));
#7260=DIRECTION('ref_axis',(1.,0.,0.));
#7261=DIRECTION('',(-1.,0.,0.));
#7262=DIRECTION('center_axis',(0.,0.,1.));
#7263=DIRECTION('ref_axis',(1.,0.,0.));
#7264=DIRECTION('center_axis',(0.,0.,1.));
#7265=DIRECTION('ref_axis',(1.,0.,0.));
#7266=DIRECTION('center_axis',(1.,0.,0.));
#7267=DIRECTION('ref_axis',(0.,-1.,0.));
#7268=DIRECTION('center_axis',(-1.,0.,0.));
#7269=DIRECTION('ref_axis',(0.,-0.998758526924799,-0.0498137018801593));
#7270=DIRECTION('center_axis',(1.,0.,0.));
#7271=DIRECTION('ref_axis',(0.,-0.998758526924799,-0.0498137018801593));
#7272=DIRECTION('',(1.,0.,0.));
#7273=DIRECTION('center_axis',(-1.,0.,0.));
#7274=DIRECTION('ref_axis',(0.,-0.998758526924799,-0.0498137018801593));
#7275=DIRECTION('',(-1.,0.,0.));
#7276=DIRECTION('center_axis',(1.,0.,0.));
#7277=DIRECTION('ref_axis',(0.,-1.,0.));
#7278=DIRECTION('',(0.,-0.0995037190209986,0.995037190209989));
#7279=DIRECTION('',(0.,-1.,0.));
#7280=DIRECTION('',(0.,0.,-1.));
#7281=DIRECTION('center_axis',(1.,0.,0.));
#7282=DIRECTION('ref_axis',(0.,-0.707106781186547,0.707106781186547));
#7283=DIRECTION('',(0.,1.,0.));
#7284=DIRECTION('',(0.,0.,-1.));
#7285=DIRECTION('center_axis',(0.,-0.995037190209989,-0.0995037190209986));
#7286=DIRECTION('ref_axis',(0.,0.0995037190209986,-0.995037190209989));
#7287=DIRECTION('',(0.,0.0995037190209986,-0.995037190209989));
#7288=DIRECTION('',(1.,0.,0.));
#7289=DIRECTION('center_axis',(1.,0.,0.));
#7290=DIRECTION('ref_axis',(0.,0.998758526924799,-0.0498137018801599));
#7291=DIRECTION('center_axis',(1.,-1.77635683940025E-15,0.));
#7292=DIRECTION('ref_axis',(0.,0.998758526924799,-0.0498137018801599));
#7293=DIRECTION('',(1.,0.,0.));
#7294=DIRECTION('center_axis',(-1.,0.,0.));
#7295=DIRECTION('ref_axis',(0.,1.,0.));
#7296=DIRECTION('',(-1.,0.,0.));
#7297=DIRECTION('center_axis',(0.,0.,-1.));
#7298=DIRECTION('ref_axis',(0.707106781186547,0.707106781186547,0.));
#7299=DIRECTION('center_axis',(0.,1.,0.));
#7300=DIRECTION('ref_axis',(1.,0.,0.));
#7301=DIRECTION('center_axis',(0.,0.,1.));
#7302=DIRECTION('ref_axis',(0.707106781186548,0.707106781186548,0.));
#7303=DIRECTION('center_axis',(0.,-1.,0.));
#7304=DIRECTION('ref_axis',(0.998758526924799,0.,-0.0498137018801593));
#7305=DIRECTION('center_axis',(4.35207425653061E-14,1.,0.));
#7306=DIRECTION('ref_axis',(0.998758526924799,0.,-0.0498137018801593));
#7307=DIRECTION('',(0.,1.,0.));
#7308=DIRECTION('',(0.,-1.,0.));
#7309=DIRECTION('center_axis',(-4.35207425653061E-14,-1.,0.));
#7310=DIRECTION('ref_axis',(-1.,4.35207425653061E-14,0.));
#7311=DIRECTION('',(0.,0.,-1.));
#7312=DIRECTION('',(1.,-4.35207425653061E-14,0.));
#7313=DIRECTION('center_axis',(-4.35207425653061E-14,-1.,0.));
#7314=DIRECTION('ref_axis',(0.707106781186547,0.,0.707106781186547));
#7315=DIRECTION('',(0.,0.,-1.));
#7316=DIRECTION('',(-1.,4.35207425653061E-14,0.));
#7317=DIRECTION('',(-0.0995037190209986,4.33047573980343E-15,-0.995037190209989));
#7318=DIRECTION('center_axis',(1.,0.,0.));
#7319=DIRECTION('ref_axis',(0.,-1.,0.));
#7320=DIRECTION('',(0.,0.,-1.));
#7321=DIRECTION('',(0.,1.,0.));
#7322=DIRECTION('center_axis',(0.,0.,-1.));
#7323=DIRECTION('ref_axis',(0.707106781186547,0.707106781186547,0.));
#7324=DIRECTION('',(0.,0.,1.));
#7325=DIRECTION('center_axis',(0.,0.,1.));
#7326=DIRECTION('ref_axis',(0.707106781186547,0.707106781186547,0.));
#7327=DIRECTION('center_axis',(0.,1.,0.));
#7328=DIRECTION('ref_axis',(1.,0.,0.));
#7329=DIRECTION('',(0.,0.,-1.));
#7330=DIRECTION('',(-1.,0.,0.));
#7331=DIRECTION('center_axis',(-9.60192886162298E-17,1.,0.));
#7332=DIRECTION('ref_axis',(-0.998758526924799,-1.34739763622048E-16,-0.0498137018801599));
#7333=DIRECTION('center_axis',(4.35207425653061E-14,1.,0.));
#7334=DIRECTION('ref_axis',(-0.998758526924799,-1.34739763622048E-16,-0.0498137018801599));
#7335=DIRECTION('',(-9.60192886162298E-17,1.,0.));
#7336=DIRECTION('center_axis',(0.,-1.,0.));
#7337=DIRECTION('ref_axis',(-1.,0.,0.));
#7338=DIRECTION('',(9.60192886162298E-17,-1.,0.));
#7339=DIRECTION('center_axis',(0.,0.,-1.));
#7340=DIRECTION('ref_axis',(-0.707106781186547,0.707106781186547,0.));
#7341=DIRECTION('center_axis',(-1.,0.,0.));
#7342=DIRECTION('ref_axis',(0.,1.,0.));
#7343=DIRECTION('center_axis',(0.,0.,1.));
#7344=DIRECTION('ref_axis',(-0.707106781186548,0.707106781186548,0.));
#7345=DIRECTION('center_axis',(1.,0.,0.));
#7346=DIRECTION('ref_axis',(0.,0.998758526924799,-0.0498137018801599));
#7347=DIRECTION('center_axis',(-1.,1.77635683940025E-15,0.));
#7348=DIRECTION('ref_axis',(0.,0.998758526924799,-0.0498137018801599));
#7349=DIRECTION('',(-1.,0.,0.));
#7350=DIRECTION('',(1.,0.,0.));
#7351=DIRECTION('center_axis',(1.,-1.77635683940025E-15,0.));
#7352=DIRECTION('ref_axis',(-1.77635683940025E-15,-1.,0.));
#7353=DIRECTION('',(0.,0.,-1.));
#7354=DIRECTION('',(1.77635683940025E-15,1.,0.));
#7355=DIRECTION('center_axis',(1.,-1.77635683940025E-15,0.));
#7356=DIRECTION('ref_axis',(0.,0.707106781186547,0.707106781186547));
#7357=DIRECTION('',(0.,0.,-1.));
#7358=DIRECTION('',(-1.77635683940025E-15,-1.,0.));
#7359=DIRECTION('',(-1.76754111828712E-16,-0.0995037190209986,-0.995037190209989));
#7360=DIRECTION('center_axis',(0.,1.,0.));
#7361=DIRECTION('ref_axis',(1.,0.,0.));
#7362=DIRECTION('',(0.,0.,-1.));
#7363=DIRECTION('',(-1.,0.,0.));
#7364=DIRECTION('center_axis',(0.,0.,-1.));
#7365=DIRECTION('ref_axis',(-0.707106781186547,0.707106781186547,0.));
#7366=DIRECTION('',(0.,0.,1.));
#7367=DIRECTION('center_axis',(0.,0.,1.));
#7368=DIRECTION('ref_axis',(-0.707106781186547,0.707106781186547,0.));
#7369=DIRECTION('center_axis',(-1.,-9.60192886162298E-17,0.));
#7370=DIRECTION('ref_axis',(-9.60192886162298E-17,1.,0.));
#7371=DIRECTION('',(0.,0.,-1.));
#7372=DIRECTION('',(9.60192886162298E-17,-1.,0.));
#7373=DIRECTION('center_axis',(-1.,0.,0.));
#7374=DIRECTION('ref_axis',(0.,1.,0.));
#7375=DIRECTION('',(0.,0.,-1.));
#7376=DIRECTION('',(0.,-1.,0.));
#7377=DIRECTION('center_axis',(-1.,0.,0.));
#7378=DIRECTION('ref_axis',(0.,-0.707106781186547,0.707106781186547));
#7379=DIRECTION('',(0.,0.,-1.));
#7380=DIRECTION('',(0.,1.,0.));
#7381=DIRECTION('center_axis',(0.,-1.,0.));
#7382=DIRECTION('ref_axis',(-1.,0.,0.));
#7383=DIRECTION('',(1.,0.,0.));
#7384=DIRECTION('center_axis',(0.,0.995037190209989,-0.0995037190209986));
#7385=DIRECTION('ref_axis',(0.,0.0995037190209986,0.995037190209989));
#7386=DIRECTION('',(0.,-0.0995037190209986,-0.995037190209989));
#7387=DIRECTION('',(-1.,0.,0.));
#7388=DIRECTION('',(1.76754111828712E-16,0.0995037190209986,0.995037190209989));
#7389=DIRECTION('center_axis',(0.,0.,1.));
#7390=DIRECTION('ref_axis',(0.707106781186548,0.707106781186548,0.));
#7391=DIRECTION('',(-0.0995037190210003,0.,-0.995037190209989));
#7392=DIRECTION('center_axis',(0.,0.,1.));
#7393=DIRECTION('ref_axis',(0.707106781186548,0.707106781186548,0.));
#7394=DIRECTION('center_axis',(0.995037190209989,0.,-0.0995037190209986));
#7395=DIRECTION('ref_axis',(-0.0995037190209986,0.,-0.995037190209989));
#7396=DIRECTION('',(0.,1.,0.));
#7397=DIRECTION('center_axis',(0.,0.995037190209989,-0.0995037190209986));
#7398=DIRECTION('ref_axis',(0.,0.0995037190209986,0.995037190209989));
#7399=DIRECTION('',(-1.,0.,0.));
#7400=DIRECTION('',(0.,0.0995037190209986,0.995037190209989));
#7401=DIRECTION('center_axis',(0.,0.,1.));
#7402=DIRECTION('ref_axis',(-0.707106781186548,0.707106781186548,0.));
#7403=DIRECTION('center_axis',(0.,0.,1.));
#7404=DIRECTION('ref_axis',(-0.707106781186548,0.707106781186548,0.));
#7405=DIRECTION('',(-0.0995037190210003,0.,0.995037190209989));
#7406=DIRECTION('center_axis',(-0.995037190209989,-9.55427631506553E-17,
-0.0995037190209986));
#7407=DIRECTION('ref_axis',(-0.0995037190209986,0.,0.995037190209989));
#7408=DIRECTION('',(9.60192886162298E-17,-1.,0.));
#7409=DIRECTION('',(-0.0995037190209986,4.33047573980343E-15,0.995037190209989));
#7410=DIRECTION('center_axis',(0.,0.,-1.));
#7411=DIRECTION('ref_axis',(-1.,0.,0.));
#7412=DIRECTION('',(-1.,0.,0.));
#7413=DIRECTION('center_axis',(0.,0.,-1.));
#7414=DIRECTION('ref_axis',(-0.707106781186547,0.707106781186547,0.));
#7415=DIRECTION('',(3.27140314424443E-16,-1.,0.));
#7416=DIRECTION('',(-1.,4.35207425653061E-14,0.));
#7417=DIRECTION('center_axis',(-1.,0.,0.));
#7418=DIRECTION('ref_axis',(0.,-1.,0.));
#7419=DIRECTION('',(0.,1.,0.));
#7420=DIRECTION('',(0.,0.,1.));
#7421=DIRECTION('',(0.,-1.,0.));
#7422=DIRECTION('',(0.,0.,1.));
#7423=DIRECTION('center_axis',(0.,-1.,0.));
#7424=DIRECTION('ref_axis',(1.,0.,0.));
#7425=DIRECTION('',(-1.,0.,0.));
#7426=DIRECTION('',(1.,0.,0.));
#7427=DIRECTION('',(0.,0.,1.));
#7428=DIRECTION('center_axis',(1.,0.,0.));
#7429=DIRECTION('ref_axis',(0.,1.,0.));
#7430=DIRECTION('',(0.,-1.,0.));
#7431=DIRECTION('',(0.,1.,0.));
#7432=DIRECTION('',(0.,0.,1.));
#7433=DIRECTION('center_axis',(0.,0.,1.));
#7434=DIRECTION('ref_axis',(-1.,0.,0.));
#7435=DIRECTION('center_axis',(0.,0.,1.));
#7436=DIRECTION('ref_axis',(-1.,0.,0.));
#7437=DIRECTION('center_axis',(0.,0.,-1.));
#7438=DIRECTION('ref_axis',(-1.,0.,0.));
#7439=DIRECTION('',(0.,0.,1.));
#7440=DIRECTION('center_axis',(0.,1.,0.));
#7441=DIRECTION('ref_axis',(-1.,0.,0.));
#7442=DIRECTION('',(1.,0.,0.));
#7443=DIRECTION('',(-1.,0.,0.));
#7444=DIRECTION('',(0.,0.,1.));
#7445=DIRECTION('center_axis',(0.,0.,1.));
#7446=DIRECTION('ref_axis',(0.,-1.,0.));
#7447=DIRECTION('center_axis',(0.,0.,1.));
#7448=DIRECTION('ref_axis',(0.,-1.,0.));
#7449=DIRECTION('center_axis',(0.,0.,-1.));
#7450=DIRECTION('ref_axis',(0.,-1.,0.));
#7451=DIRECTION('center_axis',(0.,0.,1.));
#7452=DIRECTION('ref_axis',(-1.,0.,0.));
#7453=DIRECTION('',(-1.,0.,0.));
#7454=DIRECTION('',(0.,-1.,0.));
#7455=DIRECTION('center_axis',(0.,0.,1.));
#7456=DIRECTION('ref_axis',(-1.,0.,0.));
#7457=DIRECTION('',(1.,0.,0.));
#7458=DIRECTION('center_axis',(0.,0.,1.));
#7459=DIRECTION('ref_axis',(0.,-1.,0.));
#7460=DIRECTION('',(0.,1.,0.));
#7461=DIRECTION('center_axis',(0.,0.,-1.));
#7462=DIRECTION('ref_axis',(0.707106781186547,0.707106781186547,0.));
#7463=DIRECTION('center_axis',(0.,0.,1.));
#7464=DIRECTION('ref_axis',(1.,0.,0.));
#7465=DIRECTION('',(0.,0.,-1.));
#7466=DIRECTION('center_axis',(0.,0.,-1.));
#7467=DIRECTION('ref_axis',(0.707106781186547,0.707106781186547,0.));
#7468=DIRECTION('',(0.,0.,1.));
#7469=DIRECTION('center_axis',(0.408248290463864,-0.816496580927727,0.408248290463861));
#7470=DIRECTION('ref_axis',(0.577350269189625,0.577350269189625,0.577350269189628));
#7471=DIRECTION('center_axis',(0.,-1.,0.));
#7472=DIRECTION('ref_axis',(0.707106781186547,0.,0.707106781186547));
#7473=DIRECTION('center_axis',(-1.,0.,0.));
#7474=DIRECTION('ref_axis',(0.,0.707106781186547,0.707106781186547));
#7475=DIRECTION('center_axis',(-1.,0.,0.));
#7476=DIRECTION('ref_axis',(0.,1.,0.));
#7477=DIRECTION('',(0.,1.,0.));
#7478=DIRECTION('',(0.,-1.,0.));
#7479=DIRECTION('center_axis',(0.,0.,-1.));
#7480=DIRECTION('ref_axis',(-0.707106781186547,0.707106781186547,0.));
#7481=DIRECTION('center_axis',(0.,0.,1.));
#7482=DIRECTION('ref_axis',(0.,1.,0.));
#7483=DIRECTION('',(0.,0.,-1.));
#7484=DIRECTION('',(0.,0.,1.));
#7485=DIRECTION('center_axis',(-0.408248290463864,-0.816496580927727,0.408248290463861));
#7486=DIRECTION('ref_axis',(-0.577350269189625,0.577350269189625,0.577350269189628));
#7487=DIRECTION('center_axis',(1.,0.,0.));
#7488=DIRECTION('ref_axis',(0.,0.707106781186547,0.707106781186547));
#7489=DIRECTION('center_axis',(3.27140314424443E-16,-1.,0.));
#7490=DIRECTION('ref_axis',(-0.707106781186547,0.,0.707106781186547));
#7491=DIRECTION('center_axis',(0.,-1.,0.));
#7492=DIRECTION('ref_axis',(-1.,0.,0.));
#7493=DIRECTION('',(1.,0.,0.));
#7494=DIRECTION('center_axis',(-3.27140314424443E-16,1.,0.));
#7495=DIRECTION('ref_axis',(-0.707106781186547,0.,0.707106781186547));
#7496=DIRECTION('',(3.27140314424443E-16,-1.,0.));
#7497=DIRECTION('center_axis',(-4.35207425653061E-14,-1.,0.));
#7498=DIRECTION('ref_axis',(-0.707106781186547,0.,0.707106781186547));
#7499=DIRECTION('',(-3.27140314424443E-16,1.,0.));
#7500=DIRECTION('center_axis',(1.,0.,0.));
#7501=DIRECTION('ref_axis',(0.,0.707106781186547,0.707106781186547));
#7502=DIRECTION('',(-1.,0.,0.));
#7503=DIRECTION('center_axis',(0.,0.,1.));
#7504=DIRECTION('ref_axis',(1.,0.,0.));
#7505=DIRECTION('center_axis',(0.,0.,1.));
#7506=DIRECTION('ref_axis',(0.,-1.,0.));
#7507=DIRECTION('',(-1.,0.,0.));
#7508=DIRECTION('center_axis',(0.,0.,1.));
#7509=DIRECTION('ref_axis',(-1.,0.,0.));
#7510=DIRECTION('',(0.,1.,0.));
#7511=DIRECTION('',(1.,0.,0.));
#7512=DIRECTION('',(0.,-1.,0.));
#7513=DIRECTION('',(1.,0.,0.));
#7514=DIRECTION('',(1.,-4.35207425653061E-14,0.));
#7515=DIRECTION('',(-1.77635683940025E-15,-1.,0.));
#7516=DIRECTION('',(-1.,0.,0.));
#7517=DIRECTION('',(0.,1.,0.));
#7518=DIRECTION('center_axis',(1.,0.,0.));
#7519=DIRECTION('ref_axis',(0.,0.707106781186547,0.707106781186547));
#7520=DIRECTION('center_axis',(-1.,1.77635683940025E-15,0.));
#7521=DIRECTION('ref_axis',(0.,0.707106781186547,0.707106781186547));
#7522=DIRECTION('',(1.,0.,0.));
#7523=DIRECTION('center_axis',(0.,-1.,0.));
#7524=DIRECTION('ref_axis',(0.707106781186547,0.,0.707106781186547));
#7525=DIRECTION('center_axis',(-1.,0.,0.));
#7526=DIRECTION('ref_axis',(0.,-0.707106781186547,0.707106781186547));
#7527=DIRECTION('',(-1.,0.,0.));
#7528=DIRECTION('center_axis',(0.,1.,0.));
#7529=DIRECTION('ref_axis',(1.,0.,0.));
#7530=DIRECTION('',(1.,0.,0.));
#7531=DIRECTION('center_axis',(-4.35207425653061E-14,-1.,0.));
#7532=DIRECTION('ref_axis',(-1.,4.35207425653061E-14,0.));
#7533=DIRECTION('',(0.,0.,-1.));
#7534=DIRECTION('center_axis',(1.,3.27140314424443E-16,0.));
#7535=DIRECTION('ref_axis',(3.27140314424443E-16,-1.,0.));
#7536=DIRECTION('center_axis',(-1.,1.77635683940025E-15,0.));
#7537=DIRECTION('ref_axis',(1.77635683940025E-15,1.,0.));
#7538=DIRECTION('',(1.77635683940025E-15,1.,0.));
#7539=DIRECTION('',(0.,0.,-1.));
#7540=DIRECTION('center_axis',(0.,-1.,0.));
#7541=DIRECTION('ref_axis',(-1.,0.,0.));
#7542=DIRECTION('',(-1.,0.,0.));
#7543=DIRECTION('center_axis',(0.,0.,-1.));
#7544=DIRECTION('ref_axis',(-1.,0.,0.));
#7545=DIRECTION('center_axis',(0.,0.,-1.));
#7546=DIRECTION('ref_axis',(-1.,0.,0.));
#7547=DIRECTION('center_axis',(0.,-1.,0.));
#7548=DIRECTION('ref_axis',(1.,0.,0.));
#7549=DIRECTION('',(0.,0.,1.));
#7550=DIRECTION('',(0.,0.,1.));
#7551=DIRECTION('center_axis',(0.,0.,1.));
#7552=DIRECTION('ref_axis',(-1.,0.,0.));
#7553=DIRECTION('',(0.,0.,1.));
#7554=DIRECTION('center_axis',(-1.,0.,0.));
#7555=DIRECTION('ref_axis',(0.,-1.,0.));
#7556=DIRECTION('',(0.,0.,1.));
#7557=DIRECTION('center_axis',(0.,1.,0.));
#7558=DIRECTION('ref_axis',(-1.,0.,0.));
#7559=DIRECTION('',(0.,0.,1.));
#7560=DIRECTION('center_axis',(1.,0.,0.));
#7561=DIRECTION('ref_axis',(0.,1.,0.));
#7562=DIRECTION('',(0.,0.,1.));
#7563=DIRECTION('center_axis',(0.,0.,1.));
#7564=DIRECTION('ref_axis',(0.,-1.,0.));
#7565=DIRECTION('center_axis',(0.,0.,1.));
#7566=DIRECTION('ref_axis',(1.,0.,0.));
#7567=CARTESIAN_POINT('',(0.,0.,0.));
#7568=CARTESIAN_POINT('Ctrl Pts',(14.0918907737605,-50.,50.5775843241517));
#7569=CARTESIAN_POINT('Ctrl Pts',(14.0918907737605,-49.5,50.5775843241517));
#7570=CARTESIAN_POINT('Ctrl Pts',(13.9422757079952,-50.,51.1241473780222));
#7571=CARTESIAN_POINT('Ctrl Pts',(13.9422757079952,-49.5,51.1241473780222));
#7572=CARTESIAN_POINT('Ctrl Pts',(13.6870731057584,-50.,52.056435265748));
#7573=CARTESIAN_POINT('Ctrl Pts',(13.6870731057584,-49.5,52.056435265748));
#7574=CARTESIAN_POINT('Ctrl Pts',(13.0685158191685,-50.,52.7925538408067));
#7575=CARTESIAN_POINT('Ctrl Pts',(13.0685158191685,-49.5,52.7925538408067));
#7576=CARTESIAN_POINT('Ctrl Pts',(12.8125938987605,-50.,53.0971155741517));
#7577=CARTESIAN_POINT('Ctrl Pts',(12.8125938987605,-49.5,53.0971155741517));
#7578=CARTESIAN_POINT('',(14.0918907737605,-50.,50.5775843241517));
#7579=CARTESIAN_POINT('',(12.8125938987605,-50.,53.0971155741517));
#7580=CARTESIAN_POINT('Ctrl Pts',(14.0918907737605,-50.,50.5775843241517));
#7581=CARTESIAN_POINT('Ctrl Pts',(13.9422757079952,-50.,51.1241473780222));
#7582=CARTESIAN_POINT('Ctrl Pts',(13.6870731057584,-50.,52.056435265748));
#7583=CARTESIAN_POINT('Ctrl Pts',(13.0685158191685,-50.,52.7925538408067));
#7584=CARTESIAN_POINT('Ctrl Pts',(12.8125938987605,-50.,53.0971155741517));
#7585=CARTESIAN_POINT('',(14.0918907737605,-49.5,50.5775843241517));
#7586=CARTESIAN_POINT('',(14.0918907737605,-50.,50.5775843241517));
#7587=CARTESIAN_POINT('',(12.8125938987605,-49.5,53.0971155741517));
#7588=CARTESIAN_POINT('Ctrl Pts',(14.0918907737605,-49.5,50.5775843241517));
#7589=CARTESIAN_POINT('Ctrl Pts',(13.9422757079952,-49.5,51.1241473780222));
#7590=CARTESIAN_POINT('Ctrl Pts',(13.6870731057584,-49.5,52.056435265748));
#7591=CARTESIAN_POINT('Ctrl Pts',(13.0685158191685,-49.5,52.7925538408067));
#7592=CARTESIAN_POINT('Ctrl Pts',(12.8125938987605,-49.5,53.0971155741517));
#7593=CARTESIAN_POINT('',(12.8125938987605,-50.,53.0971155741517));
#7594=CARTESIAN_POINT('Ctrl Pts',(14.5997032737605,-50.,43.6537561991517));
#7595=CARTESIAN_POINT('Ctrl Pts',(14.5997032737605,-49.5,43.6537561991517));
#7596=CARTESIAN_POINT('Ctrl Pts',(14.6055818174471,-50.,45.0747255188665));
#7597=CARTESIAN_POINT('Ctrl Pts',(14.6055818174471,-49.5,45.0747255188665));
#7598=CARTESIAN_POINT('Ctrl Pts',(14.6151933325614,-50.,47.3980336069794));
#7599=CARTESIAN_POINT('Ctrl Pts',(14.6151933325614,-49.5,47.3980336069794));
#7600=CARTESIAN_POINT('Ctrl Pts',(14.2382788340203,-50.,49.6881404371368));
#7601=CARTESIAN_POINT('Ctrl Pts',(14.2382788340203,-49.5,49.6881404371368));
#7602=CARTESIAN_POINT('Ctrl Pts',(14.0918907737605,-50.,50.5775843241517));
#7603=CARTESIAN_POINT('Ctrl Pts',(14.0918907737605,-49.5,50.5775843241517));
#7604=CARTESIAN_POINT('',(14.5997032737605,-50.,43.6537561991517));
#7605=CARTESIAN_POINT('Ctrl Pts',(14.5997032737605,-50.,43.6537561991517));
#7606=CARTESIAN_POINT('Ctrl Pts',(14.6055818174471,-50.,45.0747255188665));
#7607=CARTESIAN_POINT('Ctrl Pts',(14.6151933325614,-50.,47.3980336069794));
#7608=CARTESIAN_POINT('Ctrl Pts',(14.2382788340203,-50.,49.6881404371368));
#7609=CARTESIAN_POINT('Ctrl Pts',(14.0918907737605,-50.,50.5775843241517));
#7610=CARTESIAN_POINT('',(14.5997032737605,-49.5,43.6537561991517));
#7611=CARTESIAN_POINT('',(14.5997032737605,-50.,43.6537561991517));
#7612=CARTESIAN_POINT('Ctrl Pts',(14.5997032737605,-49.5,43.6537561991517));
#7613=CARTESIAN_POINT('Ctrl Pts',(14.6055818174471,-49.5,45.0747255188665));
#7614=CARTESIAN_POINT('Ctrl Pts',(14.6151933325614,-49.5,47.3980336069794));
#7615=CARTESIAN_POINT('Ctrl Pts',(14.2382788340203,-49.5,49.6881404371368));
#7616=CARTESIAN_POINT('Ctrl Pts',(14.0918907737605,-49.5,50.5775843241517));
#7617=CARTESIAN_POINT('Ctrl Pts',(14.0332970237605,-50.,36.5053186991517));
#7618=CARTESIAN_POINT('Ctrl Pts',(14.0332970237605,-49.5,36.5053186991517));
#7619=CARTESIAN_POINT('Ctrl Pts',(14.1969272475008,-50.,37.450582451629));
#7620=CARTESIAN_POINT('Ctrl Pts',(14.1969272475008,-49.5,37.450582451629));
#7621=CARTESIAN_POINT('Ctrl Pts',(14.6059407020461,-50.,39.8133830640064));
#7622=CARTESIAN_POINT('Ctrl Pts',(14.6059407020461,-49.5,39.8133830640064));
#7623=CARTESIAN_POINT('Ctrl Pts',(14.6020421613785,-50.,42.213707390081));
#7624=CARTESIAN_POINT('Ctrl Pts',(14.6020421613785,-49.5,42.213707390081));
#7625=CARTESIAN_POINT('Ctrl Pts',(14.5997032737605,-50.,43.6537561991517));
#7626=CARTESIAN_POINT('Ctrl Pts',(14.5997032737605,-49.5,43.6537561991517));
#7627=CARTESIAN_POINT('',(14.0332970237605,-50.,36.5053186991517));
#7628=CARTESIAN_POINT('Ctrl Pts',(14.0332970237605,-50.,36.5053186991517));
#7629=CARTESIAN_POINT('Ctrl Pts',(14.1969272475008,-50.,37.450582451629));
#7630=CARTESIAN_POINT('Ctrl Pts',(14.6059407020461,-50.,39.8133830640064));
#7631=CARTESIAN_POINT('Ctrl Pts',(14.6020421613785,-50.,42.213707390081));
#7632=CARTESIAN_POINT('Ctrl Pts',(14.5997032737605,-50.,43.6537561991517));
#7633=CARTESIAN_POINT('',(14.0332970237605,-49.5,36.5053186991517));
#7634=CARTESIAN_POINT('',(14.0332970237605,-50.,36.5053186991517));
#7635=CARTESIAN_POINT('Ctrl Pts',(14.0332970237605,-49.5,36.5053186991517));
#7636=CARTESIAN_POINT('Ctrl Pts',(14.1969272475008,-49.5,37.450582451629));
#7637=CARTESIAN_POINT('Ctrl Pts',(14.6059407020461,-49.5,39.8133830640064));
#7638=CARTESIAN_POINT('Ctrl Pts',(14.6020421613785,-49.5,42.213707390081));
#7639=CARTESIAN_POINT('Ctrl Pts',(14.5997032737605,-49.5,43.6537561991517));
#7640=CARTESIAN_POINT('Ctrl Pts',(12.8223595237605,-50.,34.2299280741517));
#7641=CARTESIAN_POINT('Ctrl Pts',(12.8223595237605,-49.5,34.2299280741517));
#7642=CARTESIAN_POINT('Ctrl Pts',(13.0750905045757,-50.,34.513242048282));
#7643=CARTESIAN_POINT('Ctrl Pts',(13.0750905045757,-49.5,34.513242048282));
#7644=CARTESIAN_POINT('Ctrl Pts',(13.6607838774287,-50.,35.1698102163375));
#7645=CARTESIAN_POINT('Ctrl Pts',(13.6607838774287,-49.5,35.1698102163375));
#7646=CARTESIAN_POINT('Ctrl Pts',(13.8982814139876,-50.,36.0212700315015));
#7647=CARTESIAN_POINT('Ctrl Pts',(13.8982814139876,-49.5,36.0212700315015));
#7648=CARTESIAN_POINT('Ctrl Pts',(14.0332970237605,-50.,36.5053186991517));
#7649=CARTESIAN_POINT('Ctrl Pts',(14.0332970237605,-49.5,36.5053186991517));
#7650=CARTESIAN_POINT('',(12.8223595237605,-50.,34.2299280741517));
#7651=CARTESIAN_POINT('Ctrl Pts',(12.8223595237605,-50.,34.2299280741517));
#7652=CARTESIAN_POINT('Ctrl Pts',(13.0750905045757,-50.,34.513242048282));
#7653=CARTESIAN_POINT('Ctrl Pts',(13.6607838774287,-50.,35.1698102163375));
#7654=CARTESIAN_POINT('Ctrl Pts',(13.8982814139876,-50.,36.0212700315015));
#7655=CARTESIAN_POINT('Ctrl Pts',(14.0332970237605,-50.,36.5053186991517));
#7656=CARTESIAN_POINT('',(12.8223595237605,-49.5,34.2299280741517));
#7657=CARTESIAN_POINT('',(12.8223595237605,-50.,34.2299280741517));
#7658=CARTESIAN_POINT('Ctrl Pts',(12.8223595237605,-49.5,34.2299280741517));
#7659=CARTESIAN_POINT('Ctrl Pts',(13.0750905045757,-49.5,34.513242048282));
#7660=CARTESIAN_POINT('Ctrl Pts',(13.6607838774287,-49.5,35.1698102163375));
#7661=CARTESIAN_POINT('Ctrl Pts',(13.8982814139876,-49.5,36.0212700315015));
#7662=CARTESIAN_POINT('Ctrl Pts',(14.0332970237605,-49.5,36.5053186991517));
#7663=CARTESIAN_POINT('Ctrl Pts',(11.0450157737605,-50.,33.5951624491517));
#7664=CARTESIAN_POINT('Ctrl Pts',(11.0450157737605,-49.5,33.5951624491517));
#7665=CARTESIAN_POINT('Ctrl Pts',(11.3684663810408,-50.,33.6219131540141));
#7666=CARTESIAN_POINT('Ctrl Pts',(11.3684663810408,-49.5,33.6219131540141));
#7667=CARTESIAN_POINT('Ctrl Pts',(12.0172283733802,-50.,33.6755684577679));
#7668=CARTESIAN_POINT('Ctrl Pts',(12.0172283733802,-49.5,33.6755684577679));
#7669=CARTESIAN_POINT('Ctrl Pts',(12.5534697914654,-50.,34.0447885366065));
#7670=CARTESIAN_POINT('Ctrl Pts',(12.5534697914654,-49.5,34.0447885366065));
#7671=CARTESIAN_POINT('Ctrl Pts',(12.8223595237605,-50.,34.2299280741517));
#7672=CARTESIAN_POINT('Ctrl Pts',(12.8223595237605,-49.5,34.2299280741517));
#7673=CARTESIAN_POINT('',(11.0450157737605,-50.,33.5951624491517));
#7674=CARTESIAN_POINT('Ctrl Pts',(11.0450157737605,-50.,33.5951624491517));
#7675=CARTESIAN_POINT('Ctrl Pts',(11.3684663810408,-50.,33.6219131540141));
#7676=CARTESIAN_POINT('Ctrl Pts',(12.0172283733802,-50.,33.6755684577679));
#7677=CARTESIAN_POINT('Ctrl Pts',(12.5534697914654,-50.,34.0447885366065));
#7678=CARTESIAN_POINT('Ctrl Pts',(12.8223595237605,-50.,34.2299280741517));
#7679=CARTESIAN_POINT('',(11.0450157737605,-49.5,33.5951624491517));
#7680=CARTESIAN_POINT('',(11.0450157737605,-50.,33.5951624491517));
#7681=CARTESIAN_POINT('Ctrl Pts',(11.0450157737605,-49.5,33.5951624491517));
#7682=CARTESIAN_POINT('Ctrl Pts',(11.3684663810408,-49.5,33.6219131540141));
#7683=CARTESIAN_POINT('Ctrl Pts',(12.0172283733802,-49.5,33.6755684577679));
#7684=CARTESIAN_POINT('Ctrl Pts',(12.5534697914654,-49.5,34.0447885366065));
#7685=CARTESIAN_POINT('Ctrl Pts',(12.8223595237605,-49.5,34.2299280741517));
#7686=CARTESIAN_POINT('Ctrl Pts',(9.27743764876048,-50.,34.2201624491517));
#7687=CARTESIAN_POINT('Ctrl Pts',(9.27743764876048,-49.5,34.2201624491517));
#7688=CARTESIAN_POINT('Ctrl Pts',(9.54410389291344,-50.,34.0378708228995));
#7689=CARTESIAN_POINT('Ctrl Pts',(9.54410389291344,-49.5,34.0378708228995));
#7690=CARTESIAN_POINT('Ctrl Pts',(10.0779068069659,-50.,33.6729659898566));
#7691=CARTESIAN_POINT('Ctrl Pts',(10.0779068069659,-49.5,33.6729659898566));
#7692=CARTESIAN_POINT('Ctrl Pts',(10.7224567768075,-50.,33.6211121951585));
#7693=CARTESIAN_POINT('Ctrl Pts',(10.7224567768075,-49.5,33.6211121951585));
#7694=CARTESIAN_POINT('Ctrl Pts',(11.0450157737605,-50.,33.5951624491517));
#7695=CARTESIAN_POINT('Ctrl Pts',(11.0450157737605,-49.5,33.5951624491517));
#7696=CARTESIAN_POINT('',(9.27743764876048,-50.,34.2201624491517));
#7697=CARTESIAN_POINT('Ctrl Pts',(9.27743764876048,-50.,34.2201624491517));
#7698=CARTESIAN_POINT('Ctrl Pts',(9.54410389291344,-50.,34.0378708228995));
#7699=CARTESIAN_POINT('Ctrl Pts',(10.0779068069659,-50.,33.6729659898566));
#7700=CARTESIAN_POINT('Ctrl Pts',(10.7224567768075,-50.,33.6211121951585));
#7701=CARTESIAN_POINT('Ctrl Pts',(11.0450157737605,-50.,33.5951624491517));
#7702=CARTESIAN_POINT('',(9.27743764876048,-49.5,34.2201624491517));
#7703=CARTESIAN_POINT('',(9.27743764876048,-50.,34.2201624491517));
#7704=CARTESIAN_POINT('Ctrl Pts',(9.27743764876048,-49.5,34.2201624491517));
#7705=CARTESIAN_POINT('Ctrl Pts',(9.54410389291344,-49.5,34.0378708228995));
#7706=CARTESIAN_POINT('Ctrl Pts',(10.0779068069659,-49.5,33.6729659898566));
#7707=CARTESIAN_POINT('Ctrl Pts',(10.7224567768075,-49.5,33.6211121951585));
#7708=CARTESIAN_POINT('Ctrl Pts',(11.0450157737605,-49.5,33.5951624491517));
#7709=CARTESIAN_POINT('Ctrl Pts',(7.99814077376048,-50.,36.7299280741517));
#7710=CARTESIAN_POINT('Ctrl Pts',(7.99814077376048,-49.5,36.7299280741517));
#7711=CARTESIAN_POINT('Ctrl Pts',(8.1473401758619,-50.,36.1838396204344));
#7712=CARTESIAN_POINT('Ctrl Pts',(8.1473401758619,-49.5,36.1838396204344));
#7713=CARTESIAN_POINT('Ctrl Pts',(8.4014546239841,-50.,35.2537489894549));
#7714=CARTESIAN_POINT('Ctrl Pts',(8.4014546239841,-49.5,35.2537489894549));
#7715=CARTESIAN_POINT('Ctrl Pts',(9.02145923791374,-50.,34.5221955166611));
#7716=CARTESIAN_POINT('Ctrl Pts',(9.02145923791374,-49.5,34.5221955166611));
#7717=CARTESIAN_POINT('Ctrl Pts',(9.27743764876048,-50.,34.2201624491517));
#7718=CARTESIAN_POINT('Ctrl Pts',(9.27743764876048,-49.5,34.2201624491517));
#7719=CARTESIAN_POINT('',(7.99814077376048,-50.,36.7299280741517));
#7720=CARTESIAN_POINT('Ctrl Pts',(7.99814077376048,-50.,36.7299280741517));
#7721=CARTESIAN_POINT('Ctrl Pts',(8.1473401758619,-50.,36.1838396204344));
#7722=CARTESIAN_POINT('Ctrl Pts',(8.4014546239841,-50.,35.2537489894549));
#7723=CARTESIAN_POINT('Ctrl Pts',(9.02145923791374,-50.,34.5221955166611));
#7724=CARTESIAN_POINT('Ctrl Pts',(9.27743764876048,-50.,34.2201624491517));
#7725=CARTESIAN_POINT('',(7.99814077376048,-49.5,36.7299280741517));
#7726=CARTESIAN_POINT('',(7.99814077376048,-50.,36.7299280741517));
#7727=CARTESIAN_POINT('Ctrl Pts',(7.99814077376048,-49.5,36.7299280741517));
#7728=CARTESIAN_POINT('Ctrl Pts',(8.1473401758619,-49.5,36.1838396204344));
#7729=CARTESIAN_POINT('Ctrl Pts',(8.4014546239841,-49.5,35.2537489894549));
#7730=CARTESIAN_POINT('Ctrl Pts',(9.02145923791374,-49.5,34.5221955166611));
#7731=CARTESIAN_POINT('Ctrl Pts',(9.27743764876048,-49.5,34.2201624491517));
#7732=CARTESIAN_POINT('Ctrl Pts',(7.49032827376048,-50.,43.6537561991517));
#7733=CARTESIAN_POINT('Ctrl Pts',(7.49032827376048,-49.5,43.6537561991517));
#7734=CARTESIAN_POINT('Ctrl Pts',(7.48444973007387,-50.,42.2327868794369));
#7735=CARTESIAN_POINT('Ctrl Pts',(7.48444973007387,-49.5,42.2327868794369));
#7736=CARTESIAN_POINT('Ctrl Pts',(7.47483821495955,-50.,39.909478791324));
#7737=CARTESIAN_POINT('Ctrl Pts',(7.47483821495955,-49.5,39.909478791324));
#7738=CARTESIAN_POINT('Ctrl Pts',(7.85175271350061,-50.,37.6193719611666));
#7739=CARTESIAN_POINT('Ctrl Pts',(7.85175271350061,-49.5,37.6193719611666));
#7740=CARTESIAN_POINT('Ctrl Pts',(7.99814077376048,-50.,36.7299280741517));
#7741=CARTESIAN_POINT('Ctrl Pts',(7.99814077376048,-49.5,36.7299280741517));
#7742=CARTESIAN_POINT('',(7.49032827376048,-50.,43.6537561991517));
#7743=CARTESIAN_POINT('Ctrl Pts',(7.49032827376048,-50.,43.6537561991517));
#7744=CARTESIAN_POINT('Ctrl Pts',(7.48444973007387,-50.,42.2327868794369));
#7745=CARTESIAN_POINT('Ctrl Pts',(7.47483821495955,-50.,39.909478791324));
#7746=CARTESIAN_POINT('Ctrl Pts',(7.85175271350061,-50.,37.6193719611666));
#7747=CARTESIAN_POINT('Ctrl Pts',(7.99814077376048,-50.,36.7299280741517));
#7748=CARTESIAN_POINT('',(7.49032827376048,-49.5,43.6537561991517));
#7749=CARTESIAN_POINT('',(7.49032827376048,-50.,43.6537561991517));
#7750=CARTESIAN_POINT('Ctrl Pts',(7.49032827376048,-49.5,43.6537561991517));
#7751=CARTESIAN_POINT('Ctrl Pts',(7.48444973007387,-49.5,42.2327868794369));
#7752=CARTESIAN_POINT('Ctrl Pts',(7.47483821495955,-49.5,39.909478791324));
#7753=CARTESIAN_POINT('Ctrl Pts',(7.85175271350061,-49.5,37.6193719611666));
#7754=CARTESIAN_POINT('Ctrl Pts',(7.99814077376048,-49.5,36.7299280741517));
#7755=CARTESIAN_POINT('Ctrl Pts',(8.05673452376047,-50.,50.8217249491517));
#7756=CARTESIAN_POINT('Ctrl Pts',(8.05673452376047,-49.5,50.8217249491517));
#7757=CARTESIAN_POINT('Ctrl Pts',(7.89307741394178,-50.,49.8715720760029));
#7758=CARTESIAN_POINT('Ctrl Pts',(7.89307741394178,-49.5,49.8715720760029));
#7759=CARTESIAN_POINT('Ctrl Pts',(7.48495147111163,-50.,47.502093367646));
#7760=CARTESIAN_POINT('Ctrl Pts',(7.48495147111163,-49.5,47.502093367646));
#7761=CARTESIAN_POINT('Ctrl Pts',(7.48831406721523,-50.,45.0953835787199));
#7762=CARTESIAN_POINT('Ctrl Pts',(7.48831406721523,-49.5,45.0953835787199));
#7763=CARTESIAN_POINT('Ctrl Pts',(7.49032827376048,-50.,43.6537561991517));
#7764=CARTESIAN_POINT('Ctrl Pts',(7.49032827376048,-49.5,43.6537561991517));
#7765=CARTESIAN_POINT('',(8.05673452376047,-50.,50.8217249491517));
#7766=CARTESIAN_POINT('Ctrl Pts',(8.05673452376047,-50.,50.8217249491517));
#7767=CARTESIAN_POINT('Ctrl Pts',(7.89307741394178,-50.,49.8715720760029));
#7768=CARTESIAN_POINT('Ctrl Pts',(7.48495147111163,-50.,47.502093367646));
#7769=CARTESIAN_POINT('Ctrl Pts',(7.48831406721523,-50.,45.0953835787199));
#7770=CARTESIAN_POINT('Ctrl Pts',(7.49032827376048,-50.,43.6537561991517));
#7771=CARTESIAN_POINT('',(8.05673452376047,-49.5,50.8217249491517));
#7772=CARTESIAN_POINT('',(8.05673452376047,-50.,50.8217249491517));
#7773=CARTESIAN_POINT('Ctrl Pts',(8.05673452376047,-49.5,50.8217249491517));
#7774=CARTESIAN_POINT('Ctrl Pts',(7.89307741394178,-49.5,49.8715720760029));
#7775=CARTESIAN_POINT('Ctrl Pts',(7.48495147111163,-49.5,47.502093367646));
#7776=CARTESIAN_POINT('Ctrl Pts',(7.48831406721523,-49.5,45.0953835787199));
#7777=CARTESIAN_POINT('Ctrl Pts',(7.49032827376048,-49.5,43.6537561991517));
#7778=CARTESIAN_POINT('Ctrl Pts',(9.26767202376047,-50.,53.0971155741517));
#7779=CARTESIAN_POINT('Ctrl Pts',(9.26767202376047,-49.5,53.0971155741517));
#7780=CARTESIAN_POINT('Ctrl Pts',(9.01494104294522,-50.,52.8138016000214));
#7781=CARTESIAN_POINT('Ctrl Pts',(9.01494104294522,-49.5,52.8138016000214));
#7782=CARTESIAN_POINT('Ctrl Pts',(8.42924767009226,-50.,52.1572334319659));
#7783=CARTESIAN_POINT('Ctrl Pts',(8.42924767009226,-49.5,52.1572334319659));
#7784=CARTESIAN_POINT('Ctrl Pts',(8.1917501335334,-50.,51.3057736168019));
#7785=CARTESIAN_POINT('Ctrl Pts',(8.1917501335334,-49.5,51.3057736168019));
#7786=CARTESIAN_POINT('Ctrl Pts',(8.05673452376047,-50.,50.8217249491517));
#7787=CARTESIAN_POINT('Ctrl Pts',(8.05673452376047,-49.5,50.8217249491517));
#7788=CARTESIAN_POINT('',(9.26767202376047,-50.,53.0971155741517));
#7789=CARTESIAN_POINT('Ctrl Pts',(9.26767202376047,-50.,53.0971155741517));
#7790=CARTESIAN_POINT('Ctrl Pts',(9.01494104294522,-50.,52.8138016000214));
#7791=CARTESIAN_POINT('Ctrl Pts',(8.42924767009226,-50.,52.1572334319659));
#7792=CARTESIAN_POINT('Ctrl Pts',(8.1917501335334,-50.,51.3057736168019));
#7793=CARTESIAN_POINT('Ctrl Pts',(8.05673452376047,-50.,50.8217249491517));
#7794=CARTESIAN_POINT('',(9.26767202376047,-49.5,53.0971155741517));
#7795=CARTESIAN_POINT('',(9.26767202376047,-50.,53.0971155741517));
#7796=CARTESIAN_POINT('Ctrl Pts',(9.26767202376047,-49.5,53.0971155741517));
#7797=CARTESIAN_POINT('Ctrl Pts',(9.01494104294522,-49.5,52.8138016000214));
#7798=CARTESIAN_POINT('Ctrl Pts',(8.42924767009226,-49.5,52.1572334319659));
#7799=CARTESIAN_POINT('Ctrl Pts',(8.1917501335334,-49.5,51.3057736168019));
#7800=CARTESIAN_POINT('Ctrl Pts',(8.05673452376047,-49.5,50.8217249491517));
#7801=CARTESIAN_POINT('Ctrl Pts',(11.0450157737605,-50.,53.7318811991517));
#7802=CARTESIAN_POINT('Ctrl Pts',(11.0450157737605,-49.5,53.7318811991517));
#7803=CARTESIAN_POINT('Ctrl Pts',(10.7215651664802,-50.,53.7051304942893));
#7804=CARTESIAN_POINT('Ctrl Pts',(10.7215651664802,-49.5,53.7051304942893));
#7805=CARTESIAN_POINT('Ctrl Pts',(10.0728031741408,-50.,53.6514751905355));
#7806=CARTESIAN_POINT('Ctrl Pts',(10.0728031741408,-49.5,53.6514751905355));
#7807=CARTESIAN_POINT('Ctrl Pts',(9.53656175605555,-50.,53.2822551116969));
#7808=CARTESIAN_POINT('Ctrl Pts',(9.53656175605555,-49.5,53.2822551116969));
#7809=CARTESIAN_POINT('Ctrl Pts',(9.26767202376047,-50.,53.0971155741517));
#7810=CARTESIAN_POINT('Ctrl Pts',(9.26767202376047,-49.5,53.0971155741517));
#7811=CARTESIAN_POINT('',(11.0450157737605,-50.,53.7318811991517));
#7812=CARTESIAN_POINT('Ctrl Pts',(11.0450157737605,-50.,53.7318811991517));
#7813=CARTESIAN_POINT('Ctrl Pts',(10.7215651664802,-50.,53.7051304942893));
#7814=CARTESIAN_POINT('Ctrl Pts',(10.0728031741408,-50.,53.6514751905355));
#7815=CARTESIAN_POINT('Ctrl Pts',(9.53656175605555,-50.,53.2822551116969));
#7816=CARTESIAN_POINT('Ctrl Pts',(9.26767202376047,-50.,53.0971155741517));
#7817=CARTESIAN_POINT('',(11.0450157737605,-49.5,53.7318811991517));
#7818=CARTESIAN_POINT('',(11.0450157737605,-50.,53.7318811991517));
#7819=CARTESIAN_POINT('Ctrl Pts',(11.0450157737605,-49.5,53.7318811991517));
#7820=CARTESIAN_POINT('Ctrl Pts',(10.7215651664802,-49.5,53.7051304942893));
#7821=CARTESIAN_POINT('Ctrl Pts',(10.0728031741408,-49.5,53.6514751905355));
#7822=CARTESIAN_POINT('Ctrl Pts',(9.53656175605555,-49.5,53.2822551116969));
#7823=CARTESIAN_POINT('Ctrl Pts',(9.26767202376047,-49.5,53.0971155741517));
#7824=CARTESIAN_POINT('Ctrl Pts',(12.8125938987605,-50.,53.0971155741517));
#7825=CARTESIAN_POINT('Ctrl Pts',(12.8125938987605,-49.5,53.0971155741517));
#7826=CARTESIAN_POINT('Ctrl Pts',(12.5462087380542,-50.,53.282255513199));
#7827=CARTESIAN_POINT('Ctrl Pts',(12.5462087380542,-49.5,53.282255513199));
#7828=CARTESIAN_POINT('Ctrl Pts',(12.0138707075643,-50.,53.6522349454473));
#7829=CARTESIAN_POINT('Ctrl Pts',(12.0138707075643,-49.5,53.6522349454473));
#7830=CARTESIAN_POINT('Ctrl Pts',(11.3677925334114,-50.,53.7053468246111));
#7831=CARTESIAN_POINT('Ctrl Pts',(11.3677925334114,-49.5,53.7053468246111));
#7832=CARTESIAN_POINT('Ctrl Pts',(11.0450157737605,-50.,53.7318811991517));
#7833=CARTESIAN_POINT('Ctrl Pts',(11.0450157737605,-49.5,53.7318811991517));
#7834=CARTESIAN_POINT('Ctrl Pts',(12.8125938987605,-50.,53.0971155741517));
#7835=CARTESIAN_POINT('Ctrl Pts',(12.5462087380542,-50.,53.282255513199));
#7836=CARTESIAN_POINT('Ctrl Pts',(12.0138707075643,-50.,53.6522349454473));
#7837=CARTESIAN_POINT('Ctrl Pts',(11.3677925334114,-50.,53.7053468246111));
#7838=CARTESIAN_POINT('Ctrl Pts',(11.0450157737605,-50.,53.7318811991517));
#7839=CARTESIAN_POINT('Ctrl Pts',(12.8125938987605,-49.5,53.0971155741517));
#7840=CARTESIAN_POINT('Ctrl Pts',(12.5462087380542,-49.5,53.282255513199));
#7841=CARTESIAN_POINT('Ctrl Pts',(12.0138707075643,-49.5,53.6522349454473));
#7842=CARTESIAN_POINT('Ctrl Pts',(11.3677925334114,-49.5,53.7053468246111));
#7843=CARTESIAN_POINT('Ctrl Pts',(11.0450157737605,-49.5,53.7318811991517));
#7844=CARTESIAN_POINT('Ctrl Pts',(1.74814077376048,-50.,43.7123499491517));
#7845=CARTESIAN_POINT('Ctrl Pts',(1.74814077376048,-49.5,43.7123499491517));
#7846=CARTESIAN_POINT('Ctrl Pts',(1.77462959716753,-50.,46.0857652429199));
#7847=CARTESIAN_POINT('Ctrl Pts',(1.77462959716753,-49.5,46.0857652429199));
#7848=CARTESIAN_POINT('Ctrl Pts',(1.82060148144642,-50.,50.2048750861225));
#7849=CARTESIAN_POINT('Ctrl Pts',(1.82060148144642,-49.5,50.2048750861225));
#7850=CARTESIAN_POINT('Ctrl Pts',(3.74505148252442,-50.,53.8206118438933));
#7851=CARTESIAN_POINT('Ctrl Pts',(3.74505148252442,-49.5,53.8206118438933));
#7852=CARTESIAN_POINT('Ctrl Pts',(4.56064077376047,-50.,55.3529749491517));
#7853=CARTESIAN_POINT('Ctrl Pts',(4.56064077376047,-49.5,55.3529749491517));
#7854=CARTESIAN_POINT('',(1.74814077376048,-50.,43.7123499491517));
#7855=CARTESIAN_POINT('',(4.56064077376047,-50.,55.3529749491517));
#7856=CARTESIAN_POINT('Ctrl Pts',(1.74814077376048,-50.,43.7123499491517));
#7857=CARTESIAN_POINT('Ctrl Pts',(1.77462959716753,-50.,46.0857652429199));
#7858=CARTESIAN_POINT('Ctrl Pts',(1.82060148144642,-50.,50.2048750861225));
#7859=CARTESIAN_POINT('Ctrl Pts',(3.74505148252442,-50.,53.8206118438933));
#7860=CARTESIAN_POINT('Ctrl Pts',(4.56064077376047,-50.,55.3529749491517));
#7861=CARTESIAN_POINT('',(1.74814077376048,-49.5,43.7123499491517));
#7862=CARTESIAN_POINT('',(1.74814077376048,-50.,43.7123499491517));
#7863=CARTESIAN_POINT('',(4.56064077376047,-49.5,55.3529749491517));
#7864=CARTESIAN_POINT('Ctrl Pts',(1.74814077376048,-49.5,43.7123499491517));
#7865=CARTESIAN_POINT('Ctrl Pts',(1.77462959716753,-49.5,46.0857652429199));
#7866=CARTESIAN_POINT('Ctrl Pts',(1.82060148144642,-49.5,50.2048750861225));
#7867=CARTESIAN_POINT('Ctrl Pts',(3.74505148252442,-49.5,53.8206118438933));
#7868=CARTESIAN_POINT('Ctrl Pts',(4.56064077376047,-49.5,55.3529749491517));
#7869=CARTESIAN_POINT('',(4.56064077376047,-50.,55.3529749491517));
#7870=CARTESIAN_POINT('Ctrl Pts',(4.30673452376048,-50.,32.2572718241517));
#7871=CARTESIAN_POINT('Ctrl Pts',(4.30673452376048,-49.5,32.2572718241517));
#7872=CARTESIAN_POINT('Ctrl Pts',(3.56638931642201,-50.,33.721802531866));
#7873=CARTESIAN_POINT('Ctrl Pts',(3.56638931642201,-49.5,33.721802531866));
#7874=CARTESIAN_POINT('Ctrl Pts',(1.75858609660358,-50.,37.2979495814928));
#7875=CARTESIAN_POINT('Ctrl Pts',(1.75858609660358,-49.5,37.2979495814928));
#7876=CARTESIAN_POINT('Ctrl Pts',(1.75201866264117,-50.,41.3309652628502));
#7877=CARTESIAN_POINT('Ctrl Pts',(1.75201866264117,-49.5,41.3309652628502));
#7878=CARTESIAN_POINT('Ctrl Pts',(1.74814077376048,-50.,43.7123499491517));
#7879=CARTESIAN_POINT('Ctrl Pts',(1.74814077376048,-49.5,43.7123499491517));
#7880=CARTESIAN_POINT('',(4.30673452376048,-50.,32.2572718241517));
#7881=CARTESIAN_POINT('Ctrl Pts',(4.30673452376048,-50.,32.2572718241517));
#7882=CARTESIAN_POINT('Ctrl Pts',(3.56638931642201,-50.,33.721802531866));
#7883=CARTESIAN_POINT('Ctrl Pts',(1.75858609660358,-50.,37.2979495814928));
#7884=CARTESIAN_POINT('Ctrl Pts',(1.75201866264117,-50.,41.3309652628502));
#7885=CARTESIAN_POINT('Ctrl Pts',(1.74814077376048,-50.,43.7123499491517));
#7886=CARTESIAN_POINT('',(4.30673452376048,-49.5,32.2572718241517));
#7887=CARTESIAN_POINT('',(4.30673452376048,-50.,32.2572718241517));
#7888=CARTESIAN_POINT('Ctrl Pts',(4.30673452376048,-49.5,32.2572718241517));
#7889=CARTESIAN_POINT('Ctrl Pts',(3.56638931642201,-49.5,33.721802531866));
#7890=CARTESIAN_POINT('Ctrl Pts',(1.75858609660358,-49.5,37.2979495814928));
#7891=CARTESIAN_POINT('Ctrl Pts',(1.75201866264117,-49.5,41.3309652628502));
#7892=CARTESIAN_POINT('Ctrl Pts',(1.74814077376048,-49.5,43.7123499491517));
#7893=CARTESIAN_POINT('Ctrl Pts',(11.0450157737605,-50.,29.0443811991517));
#7894=CARTESIAN_POINT('Ctrl Pts',(11.0450157737605,-49.5,29.0443811991517));
#7895=CARTESIAN_POINT('Ctrl Pts',(9.72153020156872,-50.,29.175502938467));
#7896=CARTESIAN_POINT('Ctrl Pts',(9.72153020156872,-49.5,29.175502938467));
#7897=CARTESIAN_POINT('Ctrl Pts',(7.08797443792061,-50.,29.4364173145425));
#7898=CARTESIAN_POINT('Ctrl Pts',(7.08797443792061,-49.5,29.4364173145425));
#7899=CARTESIAN_POINT('Ctrl Pts',(5.23066076532344,-50.,31.3201856375952));
#7900=CARTESIAN_POINT('Ctrl Pts',(5.23066076532344,-49.5,31.3201856375952));
#7901=CARTESIAN_POINT('Ctrl Pts',(4.30673452376048,-50.,32.2572718241517));
#7902=CARTESIAN_POINT('Ctrl Pts',(4.30673452376048,-49.5,32.2572718241517));
#7903=CARTESIAN_POINT('',(11.0450157737605,-50.,29.0443811991517));
#7904=CARTESIAN_POINT('Ctrl Pts',(11.0450157737605,-50.,29.0443811991517));
#7905=CARTESIAN_POINT('Ctrl Pts',(9.72153020156872,-50.,29.175502938467));
#7906=CARTESIAN_POINT('Ctrl Pts',(7.08797443792061,-50.,29.4364173145425));
#7907=CARTESIAN_POINT('Ctrl Pts',(5.23066076532344,-50.,31.3201856375952));
#7908=CARTESIAN_POINT('Ctrl Pts',(4.30673452376048,-50.,32.2572718241517));
#7909=CARTESIAN_POINT('',(11.0450157737605,-49.5,29.0443811991517));
#7910=CARTESIAN_POINT('',(11.0450157737605,-50.,29.0443811991517));
#7911=CARTESIAN_POINT('Ctrl Pts',(11.0450157737605,-49.5,29.0443811991517));
#7912=CARTESIAN_POINT('Ctrl Pts',(9.72153020156872,-49.5,29.175502938467));
#7913=CARTESIAN_POINT('Ctrl Pts',(7.08797443792061,-49.5,29.4364173145425));
#7914=CARTESIAN_POINT('Ctrl Pts',(5.23066076532344,-49.5,31.3201856375952));
#7915=CARTESIAN_POINT('Ctrl Pts',(4.30673452376048,-49.5,32.2572718241517));
#7916=CARTESIAN_POINT('Ctrl Pts',(17.5293907737605,-50.,31.9740686991517));
#7917=CARTESIAN_POINT('Ctrl Pts',(17.5293907737605,-49.5,31.9740686991517));
#7918=CARTESIAN_POINT('Ctrl Pts',(16.6578056956702,-50.,31.1198041676462));
#7919=CARTESIAN_POINT('Ctrl Pts',(16.6578056956702,-49.5,31.1198041676462));
#7920=CARTESIAN_POINT('Ctrl Pts',(14.8588567585482,-50.,29.356604785734));
#7921=CARTESIAN_POINT('Ctrl Pts',(14.8588567585482,-49.5,29.356604785734));
#7922=CARTESIAN_POINT('Ctrl Pts',(12.3423057613128,-50.,29.1505850326011));
#7923=CARTESIAN_POINT('Ctrl Pts',(12.3423057613128,-49.5,29.1505850326011));
#7924=CARTESIAN_POINT('Ctrl Pts',(11.0450157737605,-50.,29.0443811991517));
#7925=CARTESIAN_POINT('Ctrl Pts',(11.0450157737605,-49.5,29.0443811991517));
#7926=CARTESIAN_POINT('',(17.5293907737605,-50.,31.9740686991517));
#7927=CARTESIAN_POINT('Ctrl Pts',(17.5293907737605,-50.,31.9740686991517));
#7928=CARTESIAN_POINT('Ctrl Pts',(16.6578056956702,-50.,31.1198041676462));
#7929=CARTESIAN_POINT('Ctrl Pts',(14.8588567585482,-50.,29.356604785734));
#7930=CARTESIAN_POINT('Ctrl Pts',(12.3423057613128,-50.,29.1505850326011));
#7931=CARTESIAN_POINT('Ctrl Pts',(11.0450157737605,-50.,29.0443811991517));
#7932=CARTESIAN_POINT('',(17.5293907737605,-49.5,31.9740686991517));
#7933=CARTESIAN_POINT('',(17.5293907737605,-50.,31.9740686991517));
#7934=CARTESIAN_POINT('Ctrl Pts',(17.5293907737605,-49.5,31.9740686991517));
#7935=CARTESIAN_POINT('Ctrl Pts',(16.6578056956702,-49.5,31.1198041676462));
#7936=CARTESIAN_POINT('Ctrl Pts',(14.8588567585482,-49.5,29.356604785734));
#7937=CARTESIAN_POINT('Ctrl Pts',(12.3423057613128,-49.5,29.1505850326011));
#7938=CARTESIAN_POINT('Ctrl Pts',(11.0450157737605,-49.5,29.0443811991517));
#7939=CARTESIAN_POINT('Ctrl Pts',(20.3418907737605,-50.,43.6537561991517));
#7940=CARTESIAN_POINT('Ctrl Pts',(20.3418907737605,-49.5,43.6537561991517));
#7941=CARTESIAN_POINT('Ctrl Pts',(20.3162870920464,-50.,41.2704721355226));
#7942=CARTESIAN_POINT('Ctrl Pts',(20.3162870920464,-49.5,41.2704721355226));
#7943=CARTESIAN_POINT('Ctrl Pts',(20.2718971128651,-50.,37.1384909951086));
#7944=CARTESIAN_POINT('Ctrl Pts',(20.2718971128651,-49.5,37.1384909951086));
#7945=CARTESIAN_POINT('Ctrl Pts',(18.3449111340193,-50.,33.5097776494918));
#7946=CARTESIAN_POINT('Ctrl Pts',(18.3449111340193,-49.5,33.5097776494918));
#7947=CARTESIAN_POINT('Ctrl Pts',(17.5293907737605,-50.,31.9740686991517));
#7948=CARTESIAN_POINT('Ctrl Pts',(17.5293907737605,-49.5,31.9740686991517));
#7949=CARTESIAN_POINT('',(20.3418907737605,-50.,43.6537561991517));
#7950=CARTESIAN_POINT('Ctrl Pts',(20.3418907737605,-50.,43.6537561991517));
#7951=CARTESIAN_POINT('Ctrl Pts',(20.3162870920464,-50.,41.2704721355226));
#7952=CARTESIAN_POINT('Ctrl Pts',(20.2718971128651,-50.,37.1384909951086));
#7953=CARTESIAN_POINT('Ctrl Pts',(18.3449111340193,-50.,33.5097776494918));
#7954=CARTESIAN_POINT('Ctrl Pts',(17.5293907737605,-50.,31.9740686991517));
#7955=CARTESIAN_POINT('',(20.3418907737605,-49.5,43.6537561991517));
#7956=CARTESIAN_POINT('',(20.3418907737605,-50.,43.6537561991517));
#7957=CARTESIAN_POINT('Ctrl Pts',(20.3418907737605,-49.5,43.6537561991517));
#7958=CARTESIAN_POINT('Ctrl Pts',(20.3162870920464,-49.5,41.2704721355226));
#7959=CARTESIAN_POINT('Ctrl Pts',(20.2718971128651,-49.5,37.1384909951086));
#7960=CARTESIAN_POINT('Ctrl Pts',(18.3449111340193,-49.5,33.5097776494918));
#7961=CARTESIAN_POINT('Ctrl Pts',(17.5293907737605,-49.5,31.9740686991517));
#7962=CARTESIAN_POINT('Ctrl Pts',(17.5489220237605,-50.,55.3139124491517));
#7963=CARTESIAN_POINT('Ctrl Pts',(17.5489220237605,-49.5,55.3139124491517));
#7964=CARTESIAN_POINT('Ctrl Pts',(18.3586047069938,-50.,53.7860016196989));
#7965=CARTESIAN_POINT('Ctrl Pts',(18.3586047069938,-49.5,53.7860016196989));
#7966=CARTESIAN_POINT('Ctrl Pts',(20.27858023525,-50.,50.1629138809413));
#7967=CARTESIAN_POINT('Ctrl Pts',(20.27858023525,-49.5,50.1629138809413));
#7968=CARTESIAN_POINT('Ctrl Pts',(20.3186937399457,-50.,46.0387169719153));
#7969=CARTESIAN_POINT('Ctrl Pts',(20.3186937399457,-49.5,46.0387169719153));
#7970=CARTESIAN_POINT('Ctrl Pts',(20.3418907737605,-50.,43.6537561991517));
#7971=CARTESIAN_POINT('Ctrl Pts',(20.3418907737605,-49.5,43.6537561991517));
#7972=CARTESIAN_POINT('',(17.5489220237605,-50.,55.3139124491517));
#7973=CARTESIAN_POINT('Ctrl Pts',(17.5489220237605,-50.,55.3139124491517));
#7974=CARTESIAN_POINT('Ctrl Pts',(18.3586047069938,-50.,53.7860016196989));
#7975=CARTESIAN_POINT('Ctrl Pts',(20.27858023525,-50.,50.1629138809413));
#7976=CARTESIAN_POINT('Ctrl Pts',(20.3186937399457,-50.,46.0387169719153));
#7977=CARTESIAN_POINT('Ctrl Pts',(20.3418907737605,-50.,43.6537561991517));
#7978=CARTESIAN_POINT('',(17.5489220237605,-49.5,55.3139124491517));
#7979=CARTESIAN_POINT('',(17.5489220237605,-50.,55.3139124491517));
#7980=CARTESIAN_POINT('Ctrl Pts',(17.5489220237605,-49.5,55.3139124491517));
#7981=CARTESIAN_POINT('Ctrl Pts',(18.3586047069938,-49.5,53.7860016196989));
#7982=CARTESIAN_POINT('Ctrl Pts',(20.27858023525,-49.5,50.1629138809413));
#7983=CARTESIAN_POINT('Ctrl Pts',(20.3186937399457,-49.5,46.0387169719153));
#7984=CARTESIAN_POINT('Ctrl Pts',(20.3418907737605,-49.5,43.6537561991517));
#7985=CARTESIAN_POINT('Ctrl Pts',(11.0450157737605,-50.,58.2826624491517));
#7986=CARTESIAN_POINT('Ctrl Pts',(11.0450157737605,-49.5,58.2826624491517));
#7987=CARTESIAN_POINT('Ctrl Pts',(12.3444820271105,-50.,58.1732712182815));
#7988=CARTESIAN_POINT('Ctrl Pts',(12.3444820271105,-49.5,58.1732712182815));
#7989=CARTESIAN_POINT('Ctrl Pts',(14.8732946576675,-50.,57.9603915643594));
#7990=CARTESIAN_POINT('Ctrl Pts',(14.8732946576675,-49.5,57.9603915643594));
#7991=CARTESIAN_POINT('Ctrl Pts',(16.6736868880286,-50.,56.1796127843193));
#7992=CARTESIAN_POINT('Ctrl Pts',(16.6736868880286,-49.5,56.1796127843193));
#7993=CARTESIAN_POINT('Ctrl Pts',(17.5489220237605,-50.,55.3139124491517));
#7994=CARTESIAN_POINT('Ctrl Pts',(17.5489220237605,-49.5,55.3139124491517));
#7995=CARTESIAN_POINT('',(11.0450157737605,-50.,58.2826624491517));
#7996=CARTESIAN_POINT('Ctrl Pts',(11.0450157737605,-50.,58.2826624491517));
#7997=CARTESIAN_POINT('Ctrl Pts',(12.3444820271105,-50.,58.1732712182815));
#7998=CARTESIAN_POINT('Ctrl Pts',(14.8732946576675,-50.,57.9603915643594));
#7999=CARTESIAN_POINT('Ctrl Pts',(16.6736868880286,-50.,56.1796127843193));
#8000=CARTESIAN_POINT('Ctrl Pts',(17.5489220237605,-50.,55.3139124491517));
#8001=CARTESIAN_POINT('',(11.0450157737605,-49.5,58.2826624491517));
#8002=CARTESIAN_POINT('',(11.0450157737605,-50.,58.2826624491517));
#8003=CARTESIAN_POINT('Ctrl Pts',(11.0450157737605,-49.5,58.2826624491517));
#8004=CARTESIAN_POINT('Ctrl Pts',(12.3444820271105,-49.5,58.1732712182815));
#8005=CARTESIAN_POINT('Ctrl Pts',(14.8732946576675,-49.5,57.9603915643594));
#8006=CARTESIAN_POINT('Ctrl Pts',(16.6736868880286,-49.5,56.1796127843193));
#8007=CARTESIAN_POINT('Ctrl Pts',(17.5489220237605,-49.5,55.3139124491517));
#8008=CARTESIAN_POINT('Ctrl Pts',(4.56064077376047,-50.,55.3529749491517));
#8009=CARTESIAN_POINT('Ctrl Pts',(4.56064077376047,-49.5,55.3529749491517));
#8010=CARTESIAN_POINT('Ctrl Pts',(5.4322258518508,-50.,56.2072394806572));
#8011=CARTESIAN_POINT('Ctrl Pts',(5.4322258518508,-49.5,56.2072394806572));
#8012=CARTESIAN_POINT('Ctrl Pts',(7.23117478897276,-50.,57.9704388625695));
#8013=CARTESIAN_POINT('Ctrl Pts',(7.23117478897276,-49.5,57.9704388625695));
#8014=CARTESIAN_POINT('Ctrl Pts',(9.74772578620818,-50.,58.1764586157023));
#8015=CARTESIAN_POINT('Ctrl Pts',(9.74772578620818,-49.5,58.1764586157023));
#8016=CARTESIAN_POINT('Ctrl Pts',(11.0450157737605,-50.,58.2826624491517));
#8017=CARTESIAN_POINT('Ctrl Pts',(11.0450157737605,-49.5,58.2826624491517));
#8018=CARTESIAN_POINT('Ctrl Pts',(4.56064077376047,-50.,55.3529749491517));
#8019=CARTESIAN_POINT('Ctrl Pts',(5.4322258518508,-50.,56.2072394806572));
#8020=CARTESIAN_POINT('Ctrl Pts',(7.23117478897276,-50.,57.9704388625695));
#8021=CARTESIAN_POINT('Ctrl Pts',(9.74772578620818,-50.,58.1764586157023));
#8022=CARTESIAN_POINT('Ctrl Pts',(11.0450157737605,-50.,58.2826624491517));
#8023=CARTESIAN_POINT('Ctrl Pts',(4.56064077376047,-49.5,55.3529749491517));
#8024=CARTESIAN_POINT('Ctrl Pts',(5.4322258518508,-49.5,56.2072394806572));
#8025=CARTESIAN_POINT('Ctrl Pts',(7.23117478897276,-49.5,57.9704388625695));
#8026=CARTESIAN_POINT('Ctrl Pts',(9.74772578620818,-49.5,58.1764586157023));
#8027=CARTESIAN_POINT('Ctrl Pts',(11.0450157737605,-49.5,58.2826624491517));
#8028=CARTESIAN_POINT('Origin',(0.664156398760476,-49.5,43.6635218241517));
#8029=CARTESIAN_POINT('Origin',(-10.8885779762395,-50.,58.2826624491517));
#8030=CARTESIAN_POINT('',(-10.8885779762395,-50.,58.2826624491517));
#8031=CARTESIAN_POINT('',(-6.43545297623953,-50.,58.2826624491517));
#8032=CARTESIAN_POINT('',(19.5557110118802,-50.,58.2826624491517));
#8033=CARTESIAN_POINT('',(-10.8885779762395,-49.5,58.2826624491517));
#8034=CARTESIAN_POINT('',(-10.8885779762395,-50.,58.2826624491517));
#8035=CARTESIAN_POINT('',(-6.43545297623953,-49.5,58.2826624491517));
#8036=CARTESIAN_POINT('',(-10.8885779762395,-49.5,58.2826624491517));
#8037=CARTESIAN_POINT('',(-6.43545297623953,-50.,58.2826624491517));
#8038=CARTESIAN_POINT('Ctrl Pts',(-14.3456092262395,-50.,53.7025843241517));
#8039=CARTESIAN_POINT('Ctrl Pts',(-14.3456092262395,-49.5,53.7025843241517));
#8040=CARTESIAN_POINT('Ctrl Pts',(-13.578053356659,-50.,54.3669541891885));
#8041=CARTESIAN_POINT('Ctrl Pts',(-13.578053356659,-49.5,54.3669541891885));
#8042=CARTESIAN_POINT('Ctrl Pts',(-12.0973925700582,-50.,55.6485630543476));
#8043=CARTESIAN_POINT('Ctrl Pts',(-12.0973925700582,-49.5,55.6485630543476));
#8044=CARTESIAN_POINT('Ctrl Pts',(-11.2815149381016,-50.,57.4264227754005));
#8045=CARTESIAN_POINT('Ctrl Pts',(-11.2815149381016,-49.5,57.4264227754005));
#8046=CARTESIAN_POINT('Ctrl Pts',(-10.8885779762395,-50.,58.2826624491517));
#8047=CARTESIAN_POINT('Ctrl Pts',(-10.8885779762395,-49.5,58.2826624491517));
#8048=CARTESIAN_POINT('',(-14.3456092262395,-50.,53.7025843241517));
#8049=CARTESIAN_POINT('Ctrl Pts',(-14.3456092262395,-50.,53.7025843241517));
#8050=CARTESIAN_POINT('Ctrl Pts',(-13.578053356659,-50.,54.3669541891885));
#8051=CARTESIAN_POINT('Ctrl Pts',(-12.0973925700582,-50.,55.6485630543476));
#8052=CARTESIAN_POINT('Ctrl Pts',(-11.2815149381016,-50.,57.4264227754005));
#8053=CARTESIAN_POINT('Ctrl Pts',(-10.8885779762395,-50.,58.2826624491517));
#8054=CARTESIAN_POINT('',(-14.3456092262395,-49.5,53.7025843241517));
#8055=CARTESIAN_POINT('',(-14.3456092262395,-50.,53.7025843241517));
#8056=CARTESIAN_POINT('Ctrl Pts',(-14.3456092262395,-49.5,53.7025843241517));
#8057=CARTESIAN_POINT('Ctrl Pts',(-13.578053356659,-49.5,54.3669541891885));
#8058=CARTESIAN_POINT('Ctrl Pts',(-12.0973925700582,-49.5,55.6485630543476));
#8059=CARTESIAN_POINT('Ctrl Pts',(-11.2815149381016,-49.5,57.4264227754005));
#8060=CARTESIAN_POINT('Ctrl Pts',(-10.8885779762395,-49.5,58.2826624491517));
#8061=CARTESIAN_POINT('Ctrl Pts',(-19.0135779762395,-50.,51.0365686991517));
#8062=CARTESIAN_POINT('Ctrl Pts',(-19.0135779762395,-49.5,51.0365686991517));
#8063=CARTESIAN_POINT('Ctrl Pts',(-18.2509357415823,-50.,51.3481805880627));
#8064=CARTESIAN_POINT('Ctrl Pts',(-18.2509357415823,-49.5,51.3481805880627));
#8065=CARTESIAN_POINT('Ctrl Pts',(-16.5794781955872,-50.,52.0311299704505));
#8066=CARTESIAN_POINT('Ctrl Pts',(-16.5794781955872,-49.5,52.0311299704505));
#8067=CARTESIAN_POINT('Ctrl Pts',(-15.1324152871164,-50.,53.113870109479));
#8068=CARTESIAN_POINT('Ctrl Pts',(-15.1324152871164,-49.5,53.113870109479));
#8069=CARTESIAN_POINT('Ctrl Pts',(-14.3456092262395,-50.,53.7025843241517));
#8070=CARTESIAN_POINT('Ctrl Pts',(-14.3456092262395,-49.5,53.7025843241517));
#8071=CARTESIAN_POINT('',(-19.0135779762395,-50.,51.0365686991517));
#8072=CARTESIAN_POINT('Ctrl Pts',(-19.0135779762395,-50.,51.0365686991517));
#8073=CARTESIAN_POINT('Ctrl Pts',(-18.2509357415823,-50.,51.3481805880627));
#8074=CARTESIAN_POINT('Ctrl Pts',(-16.5794781955872,-50.,52.0311299704505));
#8075=CARTESIAN_POINT('Ctrl Pts',(-15.1324152871164,-50.,53.113870109479));
#8076=CARTESIAN_POINT('Ctrl Pts',(-14.3456092262395,-50.,53.7025843241517));
#8077=CARTESIAN_POINT('',(-19.0135779762395,-49.5,51.0365686991517));
#8078=CARTESIAN_POINT('',(-19.0135779762395,-50.,51.0365686991517));
#8079=CARTESIAN_POINT('Ctrl Pts',(-19.0135779762395,-49.5,51.0365686991517));
#8080=CARTESIAN_POINT('Ctrl Pts',(-18.2509357415823,-49.5,51.3481805880627));
#8081=CARTESIAN_POINT('Ctrl Pts',(-16.5794781955872,-49.5,52.0311299704505));
#8082=CARTESIAN_POINT('Ctrl Pts',(-15.1324152871164,-49.5,53.113870109479));
#8083=CARTESIAN_POINT('Ctrl Pts',(-14.3456092262395,-49.5,53.7025843241517));
#8084=CARTESIAN_POINT('Origin',(-19.0135779762395,-50.,46.0560999491517));
#8085=CARTESIAN_POINT('',(-19.0135779762395,-50.,46.0560999491517));
#8086=CARTESIAN_POINT('',(-19.0135779762395,-50.,23.0280499745758));
#8087=CARTESIAN_POINT('',(-19.0135779762395,-49.5,46.0560999491517));
#8088=CARTESIAN_POINT('',(-19.0135779762395,-50.,46.0560999491517));
#8089=CARTESIAN_POINT('',(-19.0135779762395,-49.5,46.0560999491517));
#8090=CARTESIAN_POINT('Ctrl Pts',(-11.9237342262395,-50.,50.2162561991517));
#8091=CARTESIAN_POINT('Ctrl Pts',(-11.9237342262395,-49.5,50.2162561991517));
#8092=CARTESIAN_POINT('Ctrl Pts',(-12.9785126040733,-50.,49.3373618783397));
#8093=CARTESIAN_POINT('Ctrl Pts',(-12.9785126040733,-49.5,49.3373618783397));
#8094=CARTESIAN_POINT('Ctrl Pts',(-15.1118085711261,-50.,47.5597925334842));
#8095=CARTESIAN_POINT('Ctrl Pts',(-15.1118085711261,-49.5,47.5597925334842));
#8096=CARTESIAN_POINT('Ctrl Pts',(-17.7033752329097,-50.,46.5610355167266));
#8097=CARTESIAN_POINT('Ctrl Pts',(-17.7033752329097,-49.5,46.5610355167266));
#8098=CARTESIAN_POINT('Ctrl Pts',(-19.0135779762395,-50.,46.0560999491517));
#8099=CARTESIAN_POINT('Ctrl Pts',(-19.0135779762395,-49.5,46.0560999491517));
#8100=CARTESIAN_POINT('',(-11.9237342262395,-50.,50.2162561991517));
#8101=CARTESIAN_POINT('Ctrl Pts',(-11.9237342262395,-50.,50.2162561991517));
#8102=CARTESIAN_POINT('Ctrl Pts',(-12.9785126040733,-50.,49.3373618783397));
#8103=CARTESIAN_POINT('Ctrl Pts',(-15.1118085711261,-50.,47.5597925334842));
#8104=CARTESIAN_POINT('Ctrl Pts',(-17.7033752329097,-50.,46.5610355167266));
#8105=CARTESIAN_POINT('Ctrl Pts',(-19.0135779762395,-50.,46.0560999491517));
#8106=CARTESIAN_POINT('',(-11.9237342262395,-49.5,50.2162561991517));
#8107=CARTESIAN_POINT('',(-11.9237342262395,-50.,50.2162561991517));
#8108=CARTESIAN_POINT('Ctrl Pts',(-11.9237342262395,-49.5,50.2162561991517));
#8109=CARTESIAN_POINT('Ctrl Pts',(-12.9785126040733,-49.5,49.3373618783397));
#8110=CARTESIAN_POINT('Ctrl Pts',(-15.1118085711261,-49.5,47.5597925334842));
#8111=CARTESIAN_POINT('Ctrl Pts',(-17.7033752329097,-49.5,46.5610355167266));
#8112=CARTESIAN_POINT('Ctrl Pts',(-19.0135779762395,-49.5,46.0560999491517));
#8113=CARTESIAN_POINT('Origin',(-11.9237342262395,-50.,29.5326624491517));
#8114=CARTESIAN_POINT('',(-11.9237342262395,-50.,29.5326624491517));
#8115=CARTESIAN_POINT('',(-11.9237342262395,-50.,14.7663312245758));
#8116=CARTESIAN_POINT('',(-11.9237342262395,-49.5,29.5326624491517));
#8117=CARTESIAN_POINT('',(-11.9237342262395,-50.,29.5326624491517));
#8118=CARTESIAN_POINT('',(-11.9237342262395,-49.5,29.5326624491517));
#8119=CARTESIAN_POINT('Origin',(-6.43545297623952,-50.,29.5326624491517));
#8120=CARTESIAN_POINT('',(-6.43545297623952,-50.,29.5326624491517));
#8121=CARTESIAN_POINT('',(21.7822735118802,-50.,29.5326624491517));
#8122=CARTESIAN_POINT('',(-6.43545297623952,-49.5,29.5326624491517));
#8123=CARTESIAN_POINT('',(-6.43545297623952,-50.,29.5326624491517));
#8124=CARTESIAN_POINT('',(-6.43545297623952,-49.5,29.5326624491517));
#8125=CARTESIAN_POINT('Origin',(-6.43545297623953,-50.,58.2826624491517));
#8126=CARTESIAN_POINT('',(-6.43545297623952,-50.,29.1413312245758));
#8127=CARTESIAN_POINT('',(-6.43545297623953,-49.5,58.2826624491517));
#8128=CARTESIAN_POINT('Origin',(0.664156398760476,-49.5,43.6635218241517));
#8129=CARTESIAN_POINT('Origin',(50.,-50.,0.));
#8130=CARTESIAN_POINT('',(45.,-50.,0.));
#8131=CARTESIAN_POINT('',(-45.,-50.,0.));
#8132=CARTESIAN_POINT('',(25.,-50.,0.));
#8133=CARTESIAN_POINT('',(45.,-50.,90.));
#8134=CARTESIAN_POINT('',(45.,-50.,0.));
#8135=CARTESIAN_POINT('',(-45.,-50.,90.));
#8136=CARTESIAN_POINT('',(-25.,-50.,90.));
#8137=CARTESIAN_POINT('',(-45.,-50.,0.));
#8138=CARTESIAN_POINT('',(-37.4,-50.,75.));
#8139=CARTESIAN_POINT('Origin',(-40.,-50.,75.));
#8140=CARTESIAN_POINT('',(42.6,-50.,75.));
#8141=CARTESIAN_POINT('Origin',(40.,-50.,75.));
#8142=CARTESIAN_POINT('Origin',(-35.,50.,74.));
#8143=CARTESIAN_POINT('',(-36.,50.,74.));
#8144=CARTESIAN_POINT('',(-35.,50.,75.));
#8145=CARTESIAN_POINT('Origin',(-35.,50.,74.));
#8146=CARTESIAN_POINT('',(-35.,47.5,75.));
#8147=CARTESIAN_POINT('',(-35.,50.,75.));
#8148=CARTESIAN_POINT('',(-36.,47.5,74.));
#8149=CARTESIAN_POINT('Origin',(-35.,47.5,74.));
#8150=CARTESIAN_POINT('',(-36.,50.,74.));
#8151=CARTESIAN_POINT('Origin',(-10.,50.,75.));
#8152=CARTESIAN_POINT('',(-11.,50.,75.));
#8153=CARTESIAN_POINT('',(-30.,50.,75.));
#8154=CARTESIAN_POINT('',(-11.,47.5,75.));
#8155=CARTESIAN_POINT('',(-11.,50.,75.));
#8156=CARTESIAN_POINT('',(-28.75,47.5,75.));
#8157=CARTESIAN_POINT('Origin',(-35.,50.,67.));
#8158=CARTESIAN_POINT('',(-35.,50.,66.));
#8159=CARTESIAN_POINT('',(-36.,50.,67.));
#8160=CARTESIAN_POINT('Origin',(-35.,50.,67.));
#8161=CARTESIAN_POINT('',(-36.,47.5,67.));
#8162=CARTESIAN_POINT('',(-36.,50.,67.));
#8163=CARTESIAN_POINT('',(-35.,47.5,66.));
#8164=CARTESIAN_POINT('Origin',(-35.,47.5,67.));
#8165=CARTESIAN_POINT('',(-35.,50.,66.));
#8166=CARTESIAN_POINT('Origin',(-36.,50.,75.));
#8167=CARTESIAN_POINT('',(-36.,47.5,37.5));
#8168=CARTESIAN_POINT('',(-36.,50.,37.5));
#8169=CARTESIAN_POINT('Origin',(-11.,50.,74.));
#8170=CARTESIAN_POINT('',(-10.,50.,74.));
#8171=CARTESIAN_POINT('Origin',(-11.,50.,74.));
#8172=CARTESIAN_POINT('',(-10.,47.5,74.));
#8173=CARTESIAN_POINT('',(-10.,50.,74.));
#8174=CARTESIAN_POINT('Origin',(-11.,47.5,74.));
#8175=CARTESIAN_POINT('Origin',(-10.,50.,66.));
#8176=CARTESIAN_POINT('',(-10.,50.,67.));
#8177=CARTESIAN_POINT('',(-10.,50.,33.));
#8178=CARTESIAN_POINT('',(-10.,47.5,67.));
#8179=CARTESIAN_POINT('',(-10.,50.,67.));
#8180=CARTESIAN_POINT('',(-10.,47.5,33.));
#8181=CARTESIAN_POINT('Origin',(-11.,50.,67.));
#8182=CARTESIAN_POINT('',(-11.,50.,66.));
#8183=CARTESIAN_POINT('Origin',(-11.,50.,67.));
#8184=CARTESIAN_POINT('',(-11.,47.5,66.));
#8185=CARTESIAN_POINT('',(-11.,50.,66.));
#8186=CARTESIAN_POINT('Origin',(-11.,47.5,67.));
#8187=CARTESIAN_POINT('Origin',(-36.,50.,66.));
#8188=CARTESIAN_POINT('',(-41.75,47.5,66.));
#8189=CARTESIAN_POINT('',(-43.,50.,66.));
#8190=CARTESIAN_POINT('Origin',(40.,50.,75.));
#8191=CARTESIAN_POINT('',(42.6,-47.5,75.));
#8192=CARTESIAN_POINT('Origin',(40.,-47.5,75.));
#8193=CARTESIAN_POINT('',(42.6,50.,75.));
#8194=CARTESIAN_POINT('Origin',(40.,50.,75.));
#8195=CARTESIAN_POINT('',(42.6,50.,75.));
#8196=CARTESIAN_POINT('Origin',(40.,50.,75.));
#8197=CARTESIAN_POINT('',(42.6,47.5,75.));
#8198=CARTESIAN_POINT('',(42.6,50.,75.));
#8199=CARTESIAN_POINT('Origin',(40.,47.5,75.));
#8200=CARTESIAN_POINT('Origin',(-40.,50.,75.));
#8201=CARTESIAN_POINT('',(-37.4,-47.5,75.));
#8202=CARTESIAN_POINT('Origin',(-40.,-47.5,75.));
#8203=CARTESIAN_POINT('',(-37.4,50.,75.));
#8204=CARTESIAN_POINT('Origin',(-40.,50.,75.));
#8205=CARTESIAN_POINT('',(-37.4,50.,75.));
#8206=CARTESIAN_POINT('Origin',(-40.,50.,75.));
#8207=CARTESIAN_POINT('',(-37.4,47.5,75.));
#8208=CARTESIAN_POINT('',(-37.4,50.,75.));
#8209=CARTESIAN_POINT('Origin',(-40.,47.5,75.));
#8210=CARTESIAN_POINT('Origin',(50.,-40.,80.));
#8211=CARTESIAN_POINT('',(-47.5,35.,80.));
#8212=CARTESIAN_POINT('',(-50.,35.,80.));
#8213=CARTESIAN_POINT('',(50.,35.,80.));
#8214=CARTESIAN_POINT('',(-47.5,-35.,80.));
#8215=CARTESIAN_POINT('',(-47.5,-43.75,80.));
#8216=CARTESIAN_POINT('',(-50.,-35.,80.));
#8217=CARTESIAN_POINT('',(50.,-35.,80.));
#8218=CARTESIAN_POINT('',(-50.,-45.,80.));
#8219=CARTESIAN_POINT('Origin',(50.,-40.,80.));
#8220=CARTESIAN_POINT('',(50.,35.,80.));
#8221=CARTESIAN_POINT('',(47.5,35.,80.));
#8222=CARTESIAN_POINT('',(50.,35.,80.));
#8223=CARTESIAN_POINT('',(50.,-35.,80.));
#8224=CARTESIAN_POINT('',(50.,5.,80.));
#8225=CARTESIAN_POINT('',(47.5,-35.,80.));
#8226=CARTESIAN_POINT('',(50.,-35.,80.));
#8227=CARTESIAN_POINT('',(47.5,3.75,80.));
#8228=CARTESIAN_POINT('Origin',(50.,-35.,75.));
#8229=CARTESIAN_POINT('',(50.,-35.,70.));
#8230=CARTESIAN_POINT('Origin',(50.,-35.,75.));
#8231=CARTESIAN_POINT('',(47.5,-35.,70.));
#8232=CARTESIAN_POINT('',(50.,-35.,70.));
#8233=CARTESIAN_POINT('Origin',(47.5,-35.,75.));
#8234=CARTESIAN_POINT('Origin',(50.,40.,70.));
#8235=CARTESIAN_POINT('',(50.,35.,70.));
#8236=CARTESIAN_POINT('',(50.,45.,70.));
#8237=CARTESIAN_POINT('',(47.5,35.,70.));
#8238=CARTESIAN_POINT('',(50.,35.,70.));
#8239=CARTESIAN_POINT('',(47.5,43.75,70.));
#8240=CARTESIAN_POINT('Origin',(50.,-35.,75.));
#8241=CARTESIAN_POINT('',(-47.5,-35.,70.));
#8242=CARTESIAN_POINT('Origin',(-47.5,-35.,75.));
#8243=CARTESIAN_POINT('',(-50.,-35.,70.));
#8244=CARTESIAN_POINT('',(50.,-35.,70.));
#8245=CARTESIAN_POINT('Origin',(-50.,-35.,75.));
#8246=CARTESIAN_POINT('Origin',(50.,40.,70.));
#8247=CARTESIAN_POINT('',(-47.5,35.,70.));
#8248=CARTESIAN_POINT('',(-47.5,-3.75,70.));
#8249=CARTESIAN_POINT('',(-50.,35.,70.));
#8250=CARTESIAN_POINT('',(50.,35.,70.));
#8251=CARTESIAN_POINT('',(-50.,-5.,70.));
#8252=CARTESIAN_POINT('Origin',(50.,35.,75.));
#8253=CARTESIAN_POINT('Origin',(-47.5,35.,75.));
#8254=CARTESIAN_POINT('Origin',(-50.,35.,75.));
#8255=CARTESIAN_POINT('Origin',(50.,35.,75.));
#8256=CARTESIAN_POINT('Origin',(50.,35.,75.));
#8257=CARTESIAN_POINT('Origin',(47.5,35.,75.));
#8258=CARTESIAN_POINT('Origin',(-3.73969860926349E-16,-43.5,-3.5));
#8259=CARTESIAN_POINT('',(1.7203144029786,-47.5,-2.5));
#8260=CARTESIAN_POINT('',(1.48326119000754,-46.9488142107963,-2.7));
#8261=CARTESIAN_POINT('Origin',(1.7203144029786,-47.5,-3.5));
#8262=CARTESIAN_POINT('',(3.75419341482066,-43.479627899215,-2.7));
#8263=CARTESIAN_POINT('Origin',(-3.73969860926349E-16,-43.5,-2.7));
#8264=CARTESIAN_POINT('',(-1.48326119000754,-46.9488142107963,-2.7));
#8265=CARTESIAN_POINT('Origin',(-3.73969860926349E-16,-43.5,-2.7));
#8266=CARTESIAN_POINT('',(-1.7203144029786,-47.5,-2.5));
#8267=CARTESIAN_POINT('Origin',(-1.7203144029786,-47.5,-3.5));
#8268=CARTESIAN_POINT('Origin',(-3.73969860926349E-16,-43.5,-2.5));
#8269=CARTESIAN_POINT('Ctrl Pts',(-1.72031440297861,-47.5,-2.5));
#8270=CARTESIAN_POINT('Ctrl Pts',(-1.25451545426758,-47.6430929714928,-2.5));
#8271=CARTESIAN_POINT('Ctrl Pts',(-0.0911190461565559,-47.8782310415806,
-2.47048211946887));
#8272=CARTESIAN_POINT('Ctrl Pts',(1.09924913803058,-47.6907906286571,-2.5));
#8273=CARTESIAN_POINT('Ctrl Pts',(1.72031440297861,-47.5,-2.5));
#8274=CARTESIAN_POINT('Ctrl Pts',(-1.63556773331756,-47.3029507408313,-2.5));
#8275=CARTESIAN_POINT('Ctrl Pts',(-1.19373097030286,-47.4548491525617,-2.511442175148));
#8276=CARTESIAN_POINT('Ctrl Pts',(-0.0869643506537236,-47.7064370861322,
-2.49698890779007));
#8277=CARTESIAN_POINT('Ctrl Pts',(1.04645204929798,-47.5054819564718,-2.51525623353067));
#8278=CARTESIAN_POINT('Ctrl Pts',(1.63556773331756,-47.3029507408313,-2.5));
#8279=CARTESIAN_POINT('Ctrl Pts',(-1.55105852573638,-47.1064536181313,-2.57129977824134));
#8280=CARTESIAN_POINT('Ctrl Pts',(-1.13301908834793,-47.2710343757803,-2.5819741510125));
#8281=CARTESIAN_POINT('Ctrl Pts',(-0.0827848058063596,-47.5410071802574,
-2.56520289659385));
#8282=CARTESIAN_POINT('Ctrl Pts',(0.993672609218477,-47.32589462833,-2.58553227526956));
#8283=CARTESIAN_POINT('Ctrl Pts',(1.55105852573639,-47.1064536181313,-2.57129977824134));
#8284=CARTESIAN_POINT('Ctrl Pts',(-1.48326119000754,-46.9488142107963,-2.7));
#8285=CARTESIAN_POINT('Ctrl Pts',(-1.08164768158538,-47.1215395865387,-2.7));
#8286=CARTESIAN_POINT('Ctrl Pts',(-0.0785113328190732,-47.4019516283068,
-2.66693997380513));
#8287=CARTESIAN_POINT('Ctrl Pts',(0.947776512111363,-47.1791147117861,-2.7));
#8288=CARTESIAN_POINT('Ctrl Pts',(1.48326119000755,-46.9488142107963,-2.7));
#8289=CARTESIAN_POINT('Ctrl Pts',(1.72031440297861,-47.5,-2.5));
#8290=CARTESIAN_POINT('Ctrl Pts',(1.09924913803058,-47.6907906286571,-2.5));
#8291=CARTESIAN_POINT('Ctrl Pts',(-0.0911190461565559,-47.8782310415806,
-2.47048211946887));
#8292=CARTESIAN_POINT('Ctrl Pts',(-1.25451545426758,-47.6430929714928,-2.5));
#8293=CARTESIAN_POINT('Ctrl Pts',(-1.72031440297861,-47.5,-2.5));
#8294=CARTESIAN_POINT('Ctrl Pts',(-1.48326119000754,-46.9488142107963,-2.7));
#8295=CARTESIAN_POINT('Ctrl Pts',(-1.08164768158538,-47.1215395865387,-2.7));
#8296=CARTESIAN_POINT('Ctrl Pts',(-0.0785113328190732,-47.4019516283068,
-2.66693997380513));
#8297=CARTESIAN_POINT('Ctrl Pts',(0.947776512111363,-47.1791147117861,-2.7));
#8298=CARTESIAN_POINT('Ctrl Pts',(1.48326119000755,-46.9488142107963,-2.7));
#8299=CARTESIAN_POINT('Origin',(0.,0.,-2.5));
#8300=CARTESIAN_POINT('',(-45.,-47.5,-2.5));
#8301=CARTESIAN_POINT('',(25.,-47.5,-2.5));
#8302=CARTESIAN_POINT('',(-47.5,-45.,-2.5));
#8303=CARTESIAN_POINT('Origin',(-45.,-45.,-2.5));
#8304=CARTESIAN_POINT('',(-47.5,50.,-2.5));
#8305=CARTESIAN_POINT('',(-47.5,-25.,-2.5));
#8306=CARTESIAN_POINT('',(47.5,50.,-2.5));
#8307=CARTESIAN_POINT('',(-25.,50.,-2.5));
#8308=CARTESIAN_POINT('',(47.5,-45.,-2.5));
#8309=CARTESIAN_POINT('',(47.5,25.,-2.5));
#8310=CARTESIAN_POINT('',(45.,-47.5,-2.5));
#8311=CARTESIAN_POINT('Origin',(45.,-45.,-2.5));
#8312=CARTESIAN_POINT('',(25.,-47.5,-2.5));
#8313=CARTESIAN_POINT('',(-4.35424868893542,43.5,-2.5));
#8314=CARTESIAN_POINT('Origin',(-6.03961325396085E-15,43.5,-2.5));
#8315=CARTESIAN_POINT('',(27.5,36.5,-2.5));
#8316=CARTESIAN_POINT('',(27.5,41.5,-2.5));
#8317=CARTESIAN_POINT('',(27.5,20.75,-2.5));
#8318=CARTESIAN_POINT('',(22.5,41.5,-2.5));
#8319=CARTESIAN_POINT('',(11.25,41.5,-2.5));
#8320=CARTESIAN_POINT('',(22.5,36.5,-2.5));
#8321=CARTESIAN_POINT('',(22.5,18.25,-2.5));
#8322=CARTESIAN_POINT('',(13.75,36.5,-2.5));
#8323=CARTESIAN_POINT('',(42.5,36.5,-2.5));
#8324=CARTESIAN_POINT('',(42.5,41.5,-2.5));
#8325=CARTESIAN_POINT('',(42.5,20.75,-2.5));
#8326=CARTESIAN_POINT('',(37.5,41.5,-2.5));
#8327=CARTESIAN_POINT('',(18.75,41.5,-2.5));
#8328=CARTESIAN_POINT('',(37.5,36.5,-2.5));
#8329=CARTESIAN_POINT('',(37.5,18.25,-2.5));
#8330=CARTESIAN_POINT('',(21.25,36.5,-2.5));
#8331=CARTESIAN_POINT('Ctrl Pts',(3.77885814484618,-43.4794940562531,-2.681351785948));
#8332=CARTESIAN_POINT('Ctrl Pts',(3.75835220109933,-39.700635911407,-2.681351785948));
#8333=CARTESIAN_POINT('Ctrl Pts',(-0.0205059437468517,-39.7211418551538,
-2.681351785948));
#8334=CARTESIAN_POINT('Ctrl Pts',(-3.79936408859303,-39.7416477989007,-2.681351785948));
#8335=CARTESIAN_POINT('Ctrl Pts',(-3.77885814484618,-43.5205059437468,-2.681351785948));
#8336=CARTESIAN_POINT('Ctrl Pts',(-3.75835220109933,-47.299364088593,-2.681351785948));
#8337=CARTESIAN_POINT('Ctrl Pts',(0.020505943746851,-47.2788581448462,-2.681351785948));
#8338=CARTESIAN_POINT('Ctrl Pts',(3.79936408859303,-47.2583522010993,-2.681351785948));
#8339=CARTESIAN_POINT('Ctrl Pts',(3.77885814484618,-43.4794940562531,-2.681351785948));
#8340=CARTESIAN_POINT('Ctrl Pts',(2.70474295250168,-43.4853227338239,-3.5));
#8341=CARTESIAN_POINT('Ctrl Pts',(2.69006568632556,-40.7805797813222,-3.5));
#8342=CARTESIAN_POINT('Ctrl Pts',(-0.0146772661761134,-40.7952570474983,
-3.5));
#8343=CARTESIAN_POINT('Ctrl Pts',(-2.71942021867779,-40.8099343136744,-3.5));
#8344=CARTESIAN_POINT('Ctrl Pts',(-2.70474295250168,-43.5146772661761,-3.5));
#8345=CARTESIAN_POINT('Ctrl Pts',(-2.69006568632557,-46.2194202186778,-3.5));
#8346=CARTESIAN_POINT('Ctrl Pts',(0.0146772661761126,-46.2047429525017,
-3.5));
#8347=CARTESIAN_POINT('Ctrl Pts',(2.71942021867779,-46.1900656863256,-3.5));
#8348=CARTESIAN_POINT('Ctrl Pts',(2.70474295250168,-43.4853227338239,-3.5));
#8349=CARTESIAN_POINT('Ctrl Pts',(1.35422875021967,-43.4926512884295,-3.5));
#8350=CARTESIAN_POINT('Ctrl Pts',(1.34688003864915,-42.1384225382098,-3.5));
#8351=CARTESIAN_POINT('Ctrl Pts',(-0.00734871157051879,-42.1457712497803,
-3.5));
#8352=CARTESIAN_POINT('Ctrl Pts',(-1.36157746179019,-42.1531199613508,-3.5));
#8353=CARTESIAN_POINT('Ctrl Pts',(-1.35422875021967,-43.5073487115705,-3.5));
#8354=CARTESIAN_POINT('Ctrl Pts',(-1.34688003864915,-44.8615774617902,-3.5));
#8355=CARTESIAN_POINT('Ctrl Pts',(0.00734871157051804,-44.8542287502197,
-3.5));
#8356=CARTESIAN_POINT('Ctrl Pts',(1.36157746179019,-44.8468800386491,-3.5));
#8357=CARTESIAN_POINT('Ctrl Pts',(1.35422875021967,-43.4926512884295,-3.5));
#8358=CARTESIAN_POINT('',(1.35422875021967,-43.4926512884295,-3.5));
#8359=CARTESIAN_POINT('Origin',(-3.73969860926349E-16,-43.5,-3.5));
#8360=CARTESIAN_POINT('Ctrl Pts',(1.35422875021967,-43.4926512884295,-3.5));
#8361=CARTESIAN_POINT('Ctrl Pts',(2.68754245277578,-43.4854160721992,-3.5));
#8362=CARTESIAN_POINT('Ctrl Pts',(3.75419341482066,-43.479627899215,-2.7));
#8363=CARTESIAN_POINT('Origin',(-6.03961325396085E-15,43.5,-3.5));
#8364=CARTESIAN_POINT('',(-3.75424868893542,43.5,-2.7));
#8365=CARTESIAN_POINT('',(3.7542486889354,43.5,-2.7));
#8366=CARTESIAN_POINT('Origin',(-6.03961325396085E-15,43.5,-2.7));
#8367=CARTESIAN_POINT('Origin',(-6.03961325396085E-15,43.5,-2.7));
#8368=CARTESIAN_POINT('Origin',(-4.35424868893542,43.5,-3.5));
#8369=CARTESIAN_POINT('Ctrl Pts',(3.7542486889354,43.5,-2.7));
#8370=CARTESIAN_POINT('Ctrl Pts',(3.7542486889354,47.2542486889354,-2.7));
#8371=CARTESIAN_POINT('Ctrl Pts',(-6.03961325396085E-15,47.2542486889354,
-2.7));
#8372=CARTESIAN_POINT('Ctrl Pts',(-3.75424868893541,47.2542486889354,-2.7));
#8373=CARTESIAN_POINT('Ctrl Pts',(-3.75424868893542,43.5,-2.7));
#8374=CARTESIAN_POINT('Ctrl Pts',(-3.75424868893541,39.7457513110646,-2.7));
#8375=CARTESIAN_POINT('Ctrl Pts',(-6.03961325396085E-15,39.7457513110646,
-2.7));
#8376=CARTESIAN_POINT('Ctrl Pts',(3.7542486889354,39.7457513110646,-2.7));
#8377=CARTESIAN_POINT('Ctrl Pts',(3.7542486889354,43.5,-2.7));
#8378=CARTESIAN_POINT('Ctrl Pts',(2.68758202226874,43.5,-3.5));
#8379=CARTESIAN_POINT('Ctrl Pts',(2.68758202226874,46.1875820222687,-3.5));
#8380=CARTESIAN_POINT('Ctrl Pts',(-6.03961325396085E-15,46.1875820222687,
-3.5));
#8381=CARTESIAN_POINT('Ctrl Pts',(-2.68758202226875,46.1875820222687,-3.5));
#8382=CARTESIAN_POINT('Ctrl Pts',(-2.68758202226875,43.5,-3.5));
#8383=CARTESIAN_POINT('Ctrl Pts',(-2.68758202226875,40.8124179777313,-3.5));
#8384=CARTESIAN_POINT('Ctrl Pts',(-6.03961325396085E-15,40.8124179777313,
-3.5));
#8385=CARTESIAN_POINT('Ctrl Pts',(2.68758202226874,40.8124179777313,-3.5));
#8386=CARTESIAN_POINT('Ctrl Pts',(2.68758202226874,43.5,-3.5));
#8387=CARTESIAN_POINT('Ctrl Pts',(1.3542486889354,43.5,-3.5));
#8388=CARTESIAN_POINT('Ctrl Pts',(1.3542486889354,44.8542486889354,-3.5));
#8389=CARTESIAN_POINT('Ctrl Pts',(-6.03961325396085E-15,44.8542486889354,
-3.5));
#8390=CARTESIAN_POINT('Ctrl Pts',(-1.35424868893542,44.8542486889354,-3.5));
#8391=CARTESIAN_POINT('Ctrl Pts',(-1.35424868893542,43.5,-3.5));
#8392=CARTESIAN_POINT('Ctrl Pts',(-1.35424868893542,42.1457513110646,-3.5));
#8393=CARTESIAN_POINT('Ctrl Pts',(-6.03961325396085E-15,42.1457513110646,
-3.5));
#8394=CARTESIAN_POINT('Ctrl Pts',(1.3542486889354,42.1457513110646,-3.5));
#8395=CARTESIAN_POINT('Ctrl Pts',(1.3542486889354,43.5,-3.5));
#8396=CARTESIAN_POINT('',(1.3542486889354,43.5,-3.5));
#8397=CARTESIAN_POINT('Origin',(-6.03961325396085E-15,43.5,-3.5));
#8398=CARTESIAN_POINT('Origin',(1.3542486889354,43.5,0.5));
#8399=CARTESIAN_POINT('Origin',(-3.33066907387547E-15,4.44089209850063E-15,
-3.5));
#8400=CARTESIAN_POINT('Origin',(-3.33066907387547E-15,4.44089209850063E-15,
-3.5));
#8401=CARTESIAN_POINT('Origin',(-45.,4.32402651696114E-15,50.));
#8402=CARTESIAN_POINT('',(-47.5,35.,50.));
#8403=CARTESIAN_POINT('',(-45.,35.2525512860841,52.5));
#8404=CARTESIAN_POINT('Ctrl Pts',(-47.5,35.,50.));
#8405=CARTESIAN_POINT('Ctrl Pts',(-47.5,35.,50.3139896862253));
#8406=CARTESIAN_POINT('Ctrl Pts',(-47.4372273107758,34.9995062129791,50.6488920050877));
#8407=CARTESIAN_POINT('Ctrl Pts',(-47.1820288454166,35.0033932726531,51.2648667475975));
#8408=CARTESIAN_POINT('Ctrl Pts',(-46.9896003132361,35.0084479890176,51.5459335926966));
#8409=CARTESIAN_POINT('Ctrl Pts',(-46.5440954935538,35.0345899481989,51.9914384123789));
#8410=CARTESIAN_POINT('Ctrl Pts',(-46.2609341463465,35.0576781503074,52.1843488334986));
#8411=CARTESIAN_POINT('Ctrl Pts',(-45.6439230702745,35.1346599052349,52.4385851898558));
#8412=CARTESIAN_POINT('Ctrl Pts',(-45.3101949426968,35.1892330085509,52.5));
#8413=CARTESIAN_POINT('Ctrl Pts',(-45.,35.2525512860841,52.5));
#8414=CARTESIAN_POINT('',(-45.,27.6568651670156,52.5));
#8415=CARTESIAN_POINT('',(-45.,4.32402651696114E-15,52.5));
#8416=CARTESIAN_POINT('',(-47.5,27.5,50.));
#8417=CARTESIAN_POINT('Ctrl Pts',(-45.,27.6568651670156,52.5));
#8418=CARTESIAN_POINT('Ctrl Pts',(-45.3124711585378,27.6174975014265,52.5));
#8419=CARTESIAN_POINT('Ctrl Pts',(-45.6468779420452,27.5836377904773,52.4377762679682));
#8420=CARTESIAN_POINT('Ctrl Pts',(-46.2632378720513,27.535883078528,52.18298747591));
#8421=CARTESIAN_POINT('Ctrl Pts',(-46.5451444957019,27.5215646697384,51.9903894102308));
#8422=CARTESIAN_POINT('Ctrl Pts',(-46.9896804620436,27.5052785547599,51.5458534438892));
#8423=CARTESIAN_POINT('Ctrl Pts',(-47.1820916183885,27.5021198048879,51.2647545127364));
#8424=CARTESIAN_POINT('Ctrl Pts',(-47.4372508505933,27.4996914880709,50.6487958927303));
#8425=CARTESIAN_POINT('Ctrl Pts',(-47.5,27.5,50.3139383842011));
#8426=CARTESIAN_POINT('Ctrl Pts',(-47.5,27.5,50.));
#8427=CARTESIAN_POINT('',(-47.5,4.09029535388216E-15,50.));
#8428=CARTESIAN_POINT('Origin',(-42.5,47.5,52.5));
#8429=CARTESIAN_POINT('',(-35.,47.5,52.5));
#8430=CARTESIAN_POINT('Origin',(-47.5,47.5,52.5));
#8431=CARTESIAN_POINT('',(-32.5,47.5,52.5));
#8432=CARTESIAN_POINT('',(-23.75,47.5,52.5));
#8433=CARTESIAN_POINT('',(-32.5,50.,52.5));
#8434=CARTESIAN_POINT('',(-32.5,47.5,52.5));
#8435=CARTESIAN_POINT('',(32.5,50.,52.5));
#8436=CARTESIAN_POINT('',(-46.25,50.,52.5));
#8437=CARTESIAN_POINT('',(32.5,47.5,52.5));
#8438=CARTESIAN_POINT('',(32.5,47.5,52.5));
#8439=CARTESIAN_POINT('',(35.,47.5,52.5));
#8440=CARTESIAN_POINT('',(-23.75,47.5,52.5));
#8441=CARTESIAN_POINT('',(45.,35.2525512860841,52.5));
#8442=CARTESIAN_POINT('Origin',(47.5,47.5,52.5));
#8443=CARTESIAN_POINT('',(45.,27.6568651670156,52.5));
#8444=CARTESIAN_POINT('',(45.,47.5,52.5));
#8445=CARTESIAN_POINT('',(41.,28.5857196806223,52.5));
#8446=CARTESIAN_POINT('Origin',(47.5,47.5,52.5));
#8447=CARTESIAN_POINT('',(41.,-28.5857196806223,52.5));
#8448=CARTESIAN_POINT('',(41.,14.2928598403111,52.5));
#8449=CARTESIAN_POINT('',(45.,-27.6568651670156,52.5));
#8450=CARTESIAN_POINT('Origin',(47.5,-47.5,52.5));
#8451=CARTESIAN_POINT('',(45.,-35.2525512860841,52.5));
#8452=CARTESIAN_POINT('',(45.,47.5,52.5));
#8453=CARTESIAN_POINT('',(35.2525512860841,-45.,52.5));
#8454=CARTESIAN_POINT('Origin',(47.5,-47.5,52.5));
#8455=CARTESIAN_POINT('',(27.6568651670156,-45.,52.5));
#8456=CARTESIAN_POINT('',(2.5,-45.,52.5));
#8457=CARTESIAN_POINT('',(28.4212159716611,-41.5,52.5));
#8458=CARTESIAN_POINT('Origin',(47.5,-47.5,52.5));
#8459=CARTESIAN_POINT('',(-28.4212159716611,-41.5,52.5));
#8460=CARTESIAN_POINT('',(14.2106079858305,-41.5,52.5));
#8461=CARTESIAN_POINT('',(-27.6568651670156,-45.,52.5));
#8462=CARTESIAN_POINT('Origin',(-47.5,-47.5,52.5));
#8463=CARTESIAN_POINT('',(-35.2525512860841,-45.,52.5));
#8464=CARTESIAN_POINT('',(2.5,-45.,52.5));
#8465=CARTESIAN_POINT('',(-45.,-35.2525512860841,52.5));
#8466=CARTESIAN_POINT('Origin',(-47.5,-47.5,52.5));
#8467=CARTESIAN_POINT('',(-45.,-27.6568651670156,52.5));
#8468=CARTESIAN_POINT('',(-45.,4.32402651696114E-15,52.5));
#8469=CARTESIAN_POINT('',(-41.,-28.5857196806223,52.5));
#8470=CARTESIAN_POINT('Origin',(-47.5,-47.5,52.5));
#8471=CARTESIAN_POINT('',(-41.,28.5857196806223,52.5));
#8472=CARTESIAN_POINT('',(-41.,-14.2928598403111,52.5));
#8473=CARTESIAN_POINT('Origin',(-47.5,47.5,52.5));
#8474=CARTESIAN_POINT('',(-27.5,47.5,52.5));
#8475=CARTESIAN_POINT('',(27.5,47.5,52.5));
#8476=CARTESIAN_POINT('',(-45.,47.5,52.5));
#8477=CARTESIAN_POINT('',(-28.4212159716611,41.5,52.5));
#8478=CARTESIAN_POINT('Origin',(-47.5,47.5,52.5));
#8479=CARTESIAN_POINT('',(28.4212159716611,41.5,52.5));
#8480=CARTESIAN_POINT('',(-14.2106079858305,41.5,52.5));
#8481=CARTESIAN_POINT('Origin',(47.5,47.5,52.5));
#8482=CARTESIAN_POINT('Origin',(45.,47.5,50.));
#8483=CARTESIAN_POINT('',(47.5,27.5,50.));
#8484=CARTESIAN_POINT('Ctrl Pts',(47.5,27.5,50.));
#8485=CARTESIAN_POINT('Ctrl Pts',(47.5,27.5,50.3139383842011));
#8486=CARTESIAN_POINT('Ctrl Pts',(47.4372508505933,27.4996914880709,50.6487958927303));
#8487=CARTESIAN_POINT('Ctrl Pts',(47.1820916183885,27.5021198048879,51.2647545127363));
#8488=CARTESIAN_POINT('Ctrl Pts',(46.9896804620436,27.5052785547599,51.5458534438892));
#8489=CARTESIAN_POINT('Ctrl Pts',(46.5451444957019,27.5215646697384,51.9903894102308));
#8490=CARTESIAN_POINT('Ctrl Pts',(46.2632378720513,27.535883078528,52.18298747591));
#8491=CARTESIAN_POINT('Ctrl Pts',(45.6468779420451,27.5836377904773,52.4377762679682));
#8492=CARTESIAN_POINT('Ctrl Pts',(45.3124711585378,27.6174975014265,52.5));
#8493=CARTESIAN_POINT('Ctrl Pts',(45.,27.6568651670156,52.5));
#8494=CARTESIAN_POINT('',(47.5,35.,50.));
#8495=CARTESIAN_POINT('Ctrl Pts',(45.,35.2525512860841,52.5));
#8496=CARTESIAN_POINT('Ctrl Pts',(45.3101949426968,35.1892330085509,52.5));
#8497=CARTESIAN_POINT('Ctrl Pts',(45.6439230702745,35.1346599052349,52.4385851898558));
#8498=CARTESIAN_POINT('Ctrl Pts',(46.2609341463465,35.0576781503074,52.1843488334986));
#8499=CARTESIAN_POINT('Ctrl Pts',(46.5440954935538,35.0345899481989,51.9914384123789));
#8500=CARTESIAN_POINT('Ctrl Pts',(46.9896003132361,35.0084479890176,51.5459335926966));
#8501=CARTESIAN_POINT('Ctrl Pts',(47.1820288454166,35.0033932726531,51.2648667475975));
#8502=CARTESIAN_POINT('Ctrl Pts',(47.4372273107758,34.9995062129791,50.6488920050877));
#8503=CARTESIAN_POINT('Ctrl Pts',(47.5,35.,50.3139896862252));
#8504=CARTESIAN_POINT('Ctrl Pts',(47.5,35.,50.));
#8505=CARTESIAN_POINT('',(47.5,47.5,50.));
#8506=CARTESIAN_POINT('Origin',(-45.,4.32402651696114E-15,50.));
#8507=CARTESIAN_POINT('',(-47.5,-27.5,50.));
#8508=CARTESIAN_POINT('Ctrl Pts',(-47.5,-27.5,50.));
#8509=CARTESIAN_POINT('Ctrl Pts',(-47.5,-27.5,50.3139383842011));
#8510=CARTESIAN_POINT('Ctrl Pts',(-47.4372508505933,-27.4996914880709,50.6487958927303));
#8511=CARTESIAN_POINT('Ctrl Pts',(-47.1820916183885,-27.5021198048879,51.2647545127364));
#8512=CARTESIAN_POINT('Ctrl Pts',(-46.9896804620436,-27.5052785547599,51.5458534438892));
#8513=CARTESIAN_POINT('Ctrl Pts',(-46.5451444957019,-27.5215646697384,51.9903894102308));
#8514=CARTESIAN_POINT('Ctrl Pts',(-46.2632378720512,-27.535883078528,52.18298747591));
#8515=CARTESIAN_POINT('Ctrl Pts',(-45.6468779420451,-27.5836377904773,52.4377762679682));
#8516=CARTESIAN_POINT('Ctrl Pts',(-45.3124711585378,-27.6174975014264,52.5));
#8517=CARTESIAN_POINT('Ctrl Pts',(-45.,-27.6568651670156,52.5));
#8518=CARTESIAN_POINT('',(-47.5,-35.,50.));
#8519=CARTESIAN_POINT('Ctrl Pts',(-45.,-35.2525512860841,52.5));
#8520=CARTESIAN_POINT('Ctrl Pts',(-45.3101949426968,-35.1892330085508,52.5));
#8521=CARTESIAN_POINT('Ctrl Pts',(-45.6439230702745,-35.1346599052349,52.4385851898558));
#8522=CARTESIAN_POINT('Ctrl Pts',(-46.2609341463465,-35.0576781503074,52.1843488334986));
#8523=CARTESIAN_POINT('Ctrl Pts',(-46.5440954935538,-35.0345899481989,51.9914384123789));
#8524=CARTESIAN_POINT('Ctrl Pts',(-46.9896003132361,-35.0084479890176,51.5459335926966));
#8525=CARTESIAN_POINT('Ctrl Pts',(-47.1820288454166,-35.0033932726531,51.2648667475975));
#8526=CARTESIAN_POINT('Ctrl Pts',(-47.4372273107758,-34.9995062129791,50.6488920050877));
#8527=CARTESIAN_POINT('Ctrl Pts',(-47.5,-35.,50.3139896862253));
#8528=CARTESIAN_POINT('Ctrl Pts',(-47.5,-35.,50.));
#8529=CARTESIAN_POINT('',(-47.5,4.09029535388216E-15,50.));
#8530=CARTESIAN_POINT('Origin',(2.5,-45.,50.));
#8531=CARTESIAN_POINT('',(-35.,-47.5,50.));
#8532=CARTESIAN_POINT('Ctrl Pts',(-35.,-47.5,50.));
#8533=CARTESIAN_POINT('Ctrl Pts',(-35.,-47.5,50.3139896862253));
#8534=CARTESIAN_POINT('Ctrl Pts',(-34.9995062129791,-47.4372273107758,50.6488920050877));
#8535=CARTESIAN_POINT('Ctrl Pts',(-35.0033932726531,-47.1820288454166,51.2648667475975));
#8536=CARTESIAN_POINT('Ctrl Pts',(-35.0084479890176,-46.9896003132361,51.5459335926966));
#8537=CARTESIAN_POINT('Ctrl Pts',(-35.0345899481989,-46.5440954935538,51.9914384123789));
#8538=CARTESIAN_POINT('Ctrl Pts',(-35.0576781503074,-46.2609341463465,52.1843488334986));
#8539=CARTESIAN_POINT('Ctrl Pts',(-35.1346599052349,-45.6439230702745,52.4385851898558));
#8540=CARTESIAN_POINT('Ctrl Pts',(-35.1892330085508,-45.3101949426968,52.5));
#8541=CARTESIAN_POINT('Ctrl Pts',(-35.2525512860841,-45.,52.5));
#8542=CARTESIAN_POINT('',(-27.5,-47.5,50.));
#8543=CARTESIAN_POINT('Ctrl Pts',(-27.6568651670156,-45.,52.5));
#8544=CARTESIAN_POINT('Ctrl Pts',(-27.6174975014264,-45.3124711585378,52.5));
#8545=CARTESIAN_POINT('Ctrl Pts',(-27.5836377904773,-45.6468779420452,52.4377762679682));
#8546=CARTESIAN_POINT('Ctrl Pts',(-27.535883078528,-46.2632378720513,52.18298747591));
#8547=CARTESIAN_POINT('Ctrl Pts',(-27.5215646697384,-46.5451444957019,51.9903894102308));
#8548=CARTESIAN_POINT('Ctrl Pts',(-27.5052785547599,-46.9896804620436,51.5458534438892));
#8549=CARTESIAN_POINT('Ctrl Pts',(-27.5021198048879,-47.1820916183885,51.2647545127364));
#8550=CARTESIAN_POINT('Ctrl Pts',(-27.4996914880709,-47.4372508505933,50.6487958927303));
#8551=CARTESIAN_POINT('Ctrl Pts',(-27.5,-47.5,50.3139383842011));
#8552=CARTESIAN_POINT('Ctrl Pts',(-27.5,-47.5,50.));
#8553=CARTESIAN_POINT('',(2.5,-47.5,50.));
#8554=CARTESIAN_POINT('Origin',(2.5,-45.,50.));
#8555=CARTESIAN_POINT('',(27.5,-47.5,50.));
#8556=CARTESIAN_POINT('Ctrl Pts',(27.5,-47.5,50.));
#8557=CARTESIAN_POINT('Ctrl Pts',(27.5,-47.5,50.3139383842011));
#8558=CARTESIAN_POINT('Ctrl Pts',(27.4996914880709,-47.4372508505933,50.6487958927303));
#8559=CARTESIAN_POINT('Ctrl Pts',(27.5021198048879,-47.1820916183885,51.2647545127364));
#8560=CARTESIAN_POINT('Ctrl Pts',(27.5052785547599,-46.9896804620436,51.5458534438892));
#8561=CARTESIAN_POINT('Ctrl Pts',(27.5215646697384,-46.5451444957019,51.9903894102308));
#8562=CARTESIAN_POINT('Ctrl Pts',(27.535883078528,-46.2632378720512,52.18298747591));
#8563=CARTESIAN_POINT('Ctrl Pts',(27.5836377904773,-45.6468779420451,52.4377762679682));
#8564=CARTESIAN_POINT('Ctrl Pts',(27.6174975014264,-45.3124711585378,52.5));
#8565=CARTESIAN_POINT('Ctrl Pts',(27.6568651670156,-45.,52.5));
#8566=CARTESIAN_POINT('',(35.,-47.5,50.));
#8567=CARTESIAN_POINT('Ctrl Pts',(35.2525512860841,-45.,52.5));
#8568=CARTESIAN_POINT('Ctrl Pts',(35.1892330085509,-45.3101949426968,52.5));
#8569=CARTESIAN_POINT('Ctrl Pts',(35.1346599052349,-45.6439230702745,52.4385851898558));
#8570=CARTESIAN_POINT('Ctrl Pts',(35.0576781503074,-46.2609341463465,52.1843488334986));
#8571=CARTESIAN_POINT('Ctrl Pts',(35.0345899481989,-46.5440954935538,51.9914384123789));
#8572=CARTESIAN_POINT('Ctrl Pts',(35.0084479890176,-46.9896003132362,51.5459335926966));
#8573=CARTESIAN_POINT('Ctrl Pts',(35.0033932726531,-47.1820288454165,51.2648667475976));
#8574=CARTESIAN_POINT('Ctrl Pts',(34.9995062129791,-47.4372273107758,50.6488920050877));
#8575=CARTESIAN_POINT('Ctrl Pts',(35.,-47.5,50.3139896862253));
#8576=CARTESIAN_POINT('Ctrl Pts',(35.,-47.5,50.));
#8577=CARTESIAN_POINT('',(2.5,-47.5,50.));
#8578=CARTESIAN_POINT('Origin',(45.,47.5,50.));
#8579=CARTESIAN_POINT('',(47.5,-35.,50.));
#8580=CARTESIAN_POINT('Ctrl Pts',(47.5,-35.,50.));
#8581=CARTESIAN_POINT('Ctrl Pts',(47.5,-35.,50.3139896862252));
#8582=CARTESIAN_POINT('Ctrl Pts',(47.4372273107758,-34.9995062129791,50.6488920050877));
#8583=CARTESIAN_POINT('Ctrl Pts',(47.1820288454166,-35.0033932726531,51.2648667475975));
#8584=CARTESIAN_POINT('Ctrl Pts',(46.9896003132361,-35.0084479890176,51.5459335926966));
#8585=CARTESIAN_POINT('Ctrl Pts',(46.5440954935538,-35.0345899481989,51.9914384123789));
#8586=CARTESIAN_POINT('Ctrl Pts',(46.2609341463465,-35.0576781503074,52.1843488334986));
#8587=CARTESIAN_POINT('Ctrl Pts',(45.6439230702745,-35.1346599052349,52.4385851898557));
#8588=CARTESIAN_POINT('Ctrl Pts',(45.3101949426968,-35.1892330085509,52.5));
#8589=CARTESIAN_POINT('Ctrl Pts',(45.,-35.2525512860841,52.5));
#8590=CARTESIAN_POINT('',(47.5,-27.5,50.));
#8591=CARTESIAN_POINT('Ctrl Pts',(45.,-27.6568651670156,52.5));
#8592=CARTESIAN_POINT('Ctrl Pts',(45.3124711585378,-27.6174975014265,52.5));
#8593=CARTESIAN_POINT('Ctrl Pts',(45.6468779420452,-27.5836377904773,52.4377762679682));
#8594=CARTESIAN_POINT('Ctrl Pts',(46.2632378720513,-27.535883078528,52.18298747591));
#8595=CARTESIAN_POINT('Ctrl Pts',(46.5451444957019,-27.5215646697384,51.9903894102308));
#8596=CARTESIAN_POINT('Ctrl Pts',(46.9896804620436,-27.5052785547599,51.5458534438892));
#8597=CARTESIAN_POINT('Ctrl Pts',(47.1820916183885,-27.5021198048879,51.2647545127364));
#8598=CARTESIAN_POINT('Ctrl Pts',(47.4372508505933,-27.4996914880709,50.6487958927303));
#8599=CARTESIAN_POINT('Ctrl Pts',(47.5,-27.5,50.3139383842011));
#8600=CARTESIAN_POINT('Ctrl Pts',(47.5,-27.5,50.));
#8601=CARTESIAN_POINT('',(47.5,47.5,50.));
#8602=CARTESIAN_POINT('Origin',(-20.,16.,2.5));
#8603=CARTESIAN_POINT('',(-20.,-32.,0.));
#8604=CARTESIAN_POINT('',(-17.5,-32.,2.5));
#8605=CARTESIAN_POINT('Origin',(-20.,-32.,2.5));
#8606=CARTESIAN_POINT('',(-17.5,32.,2.5));
#8607=CARTESIAN_POINT('',(-17.5,16.,2.5));
#8608=CARTESIAN_POINT('',(-20.,32.,0.));
#8609=CARTESIAN_POINT('Origin',(-20.,32.,2.5));
#8610=CARTESIAN_POINT('',(-20.,16.,0.));
#8611=CARTESIAN_POINT('Origin',(-17.5,32.,0.));
#8612=CARTESIAN_POINT('',(-17.5,-32.,23.));
#8613=CARTESIAN_POINT('',(-17.5,-32.,0.));
#8614=CARTESIAN_POINT('',(-17.5,-6.6625,23.));
#8615=CARTESIAN_POINT('',(-17.5,16.0000001192093,23.));
#8616=CARTESIAN_POINT('',(-17.5,-6.6625,18.));
#8617=CARTESIAN_POINT('',(-17.5,-6.6625,11.5));
#8618=CARTESIAN_POINT('',(-17.5,6.6625,18.));
#8619=CARTESIAN_POINT('',(-17.5,16.,18.));
#8620=CARTESIAN_POINT('',(-17.5,6.6625,23.));
#8621=CARTESIAN_POINT('',(-17.5,6.6625,11.5));
#8622=CARTESIAN_POINT('',(-17.5,32.,23.));
#8623=CARTESIAN_POINT('',(-17.5,16.0000001192093,23.));
#8624=CARTESIAN_POINT('',(-17.5,32.,0.));
#8625=CARTESIAN_POINT('Origin',(20.,-16.,2.5));
#8626=CARTESIAN_POINT('',(20.,32.,0.));
#8627=CARTESIAN_POINT('',(17.5,32.,2.5));
#8628=CARTESIAN_POINT('Origin',(20.,32.,2.5));
#8629=CARTESIAN_POINT('',(17.5,-32.,2.5));
#8630=CARTESIAN_POINT('',(17.5,-16.,2.5));
#8631=CARTESIAN_POINT('',(20.,-32.,0.));
#8632=CARTESIAN_POINT('Origin',(20.,-32.,2.5));
#8633=CARTESIAN_POINT('',(20.,-16.,0.));
#8634=CARTESIAN_POINT('Origin',(17.5,-32.,0.));
#8635=CARTESIAN_POINT('',(17.5,32.,23.));
#8636=CARTESIAN_POINT('',(17.5,32.,0.));
#8637=CARTESIAN_POINT('',(17.5,6.6625,23.));
#8638=CARTESIAN_POINT('',(17.5,-15.9999998807907,23.));
#8639=CARTESIAN_POINT('',(17.5,6.6625,18.));
#8640=CARTESIAN_POINT('',(17.5,6.6625,11.5));
#8641=CARTESIAN_POINT('',(17.5,-6.6625,18.));
#8642=CARTESIAN_POINT('',(17.5,-16.,18.));
#8643=CARTESIAN_POINT('',(17.5,-6.6625,23.));
#8644=CARTESIAN_POINT('',(17.5,-6.6625,11.5));
#8645=CARTESIAN_POINT('',(17.5,-32.,23.));
#8646=CARTESIAN_POINT('',(17.5,-15.9999998807907,23.));
#8647=CARTESIAN_POINT('',(17.5,-32.,0.));
#8648=CARTESIAN_POINT('Origin',(42.4999989382923,3.33125000000001,41.225));
#8649=CARTESIAN_POINT('',(39.9999989382923,6.66250000000001,41.225));
#8650=CARTESIAN_POINT('',(42.4999989382923,6.66250000000001,43.725));
#8651=CARTESIAN_POINT('Origin',(42.4999989382923,6.66250000000001,41.225));
#8652=CARTESIAN_POINT('',(42.4999989382923,-6.6625,43.725));
#8653=CARTESIAN_POINT('',(42.4999989382923,3.33125000000001,43.725));
#8654=CARTESIAN_POINT('',(39.9999989382923,-6.6625,41.225));
#8655=CARTESIAN_POINT('Origin',(42.4999989382923,-6.6625,41.225));
#8656=CARTESIAN_POINT('',(39.9999989382923,3.33125000000001,41.225));
#8657=CARTESIAN_POINT('Origin',(43.1874989382923,5.55111512312578E-15,43.725));
#8658=CARTESIAN_POINT('',(46.3749989382923,6.66250000000001,43.725));
#8659=CARTESIAN_POINT('',(30.3437494691461,6.66250000000001,43.725));
#8660=CARTESIAN_POINT('',(46.3749989382923,-6.6625,43.725));
#8661=CARTESIAN_POINT('',(46.3749989382923,-3.33125,43.725));
#8662=CARTESIAN_POINT('',(45.3437489382923,-6.6625,43.725));
#8663=CARTESIAN_POINT('Origin',(43.8749989382923,-3.33125,44.225));
#8664=CARTESIAN_POINT('',(46.3749989382923,6.66250000000001,44.225));
#8665=CARTESIAN_POINT('',(43.8749989382923,6.66250000000001,46.725));
#8666=CARTESIAN_POINT('Origin',(43.8749989382923,6.6625,44.225));
#8667=CARTESIAN_POINT('',(43.8749989382923,-6.6625,46.725));
#8668=CARTESIAN_POINT('',(43.8749989382923,-3.33125,46.725));
#8669=CARTESIAN_POINT('',(46.3749989382923,-6.6625,44.225));
#8670=CARTESIAN_POINT('Origin',(43.8749989382923,-6.6625,44.225));
#8671=CARTESIAN_POINT('',(46.3749989382923,-3.33125,44.225));
#8672=CARTESIAN_POINT('Origin',(41.6874989382923,5.55111512312578E-15,46.725));
#8673=CARTESIAN_POINT('',(39.4999989382923,6.66250000000001,46.725));
#8674=CARTESIAN_POINT('',(21.0000014528632,6.6625,46.725));
#8675=CARTESIAN_POINT('',(39.4999989382923,-6.6625,46.725));
#8676=CARTESIAN_POINT('',(39.4999989382923,3.33125000000001,46.725));
#8677=CARTESIAN_POINT('',(47.4999989382923,-6.6625,46.725));
#8678=CARTESIAN_POINT('Origin',(17.5,6.6625,23.));
#8679=CARTESIAN_POINT('',(46.3749989382923,6.66250000000001,36.725));
#8680=CARTESIAN_POINT('',(39.9999989382923,6.66250000000001,39.225));
#8681=CARTESIAN_POINT('',(39.9999989382923,6.66250000000001,29.8625));
#8682=CARTESIAN_POINT('',(42.4999989382923,6.66250000000001,36.725));
#8683=CARTESIAN_POINT('Origin',(42.4999989382923,6.66250000000001,39.225));
#8684=CARTESIAN_POINT('',(47.4999989382923,6.66250000000001,36.725));
#8685=CARTESIAN_POINT('',(23.7499994691461,6.6625,36.725));
#8686=CARTESIAN_POINT('',(47.5,6.66250000000001,18.));
#8687=CARTESIAN_POINT('',(47.5,6.66250000000001,11.5));
#8688=CARTESIAN_POINT('',(45.,6.66250000000001,20.5));
#8689=CARTESIAN_POINT('Origin',(45.,6.6625,18.));
#8690=CARTESIAN_POINT('',(20.,6.6625,20.5));
#8691=CARTESIAN_POINT('',(8.74999999999999,6.6625,20.5));
#8692=CARTESIAN_POINT('Origin',(20.,6.6625,18.));
#8693=CARTESIAN_POINT('',(21.0000014528632,6.6625,23.));
#8694=CARTESIAN_POINT('',(47.4999989382923,6.66250000000001,23.));
#8695=CARTESIAN_POINT('',(21.0000014528632,6.6625,36.725));
#8696=CARTESIAN_POINT('',(21.0000014528632,6.6625,23.));
#8697=CARTESIAN_POINT('',(33.8112079465553,6.66250000000001,36.725));
#8698=CARTESIAN_POINT('',(23.7499994691461,6.6625,36.725));
#8699=CARTESIAN_POINT('',(36.2892776982619,6.66250000000001,38.8945906997725));
#8700=CARTESIAN_POINT('Origin',(33.8112079465553,6.66250000000001,39.225));
#8701=CARTESIAN_POINT('',(36.9999989382923,6.66250000000001,44.225));
#8702=CARTESIAN_POINT('',(35.1894094279142,6.66250000000001,30.6455786721643));
#8703=CARTESIAN_POINT('Origin',(39.4999989382923,6.66250000000001,44.225));
#8704=CARTESIAN_POINT('Origin',(39.4999989382923,3.33125000000001,44.225));
#8705=CARTESIAN_POINT('',(36.9999989382923,-6.6625,44.225));
#8706=CARTESIAN_POINT('Origin',(39.4999989382923,-6.6625,44.225));
#8707=CARTESIAN_POINT('',(36.9999989382923,3.33125000000001,44.225));
#8708=CARTESIAN_POINT('Origin',(42.4999989382923,3.33125000000001,39.225));
#8709=CARTESIAN_POINT('',(39.9999989382923,-6.6625,39.225));
#8710=CARTESIAN_POINT('',(42.4999989382923,-6.6625,36.725));
#8711=CARTESIAN_POINT('Origin',(42.4999989382923,-6.6625,39.225));
#8712=CARTESIAN_POINT('',(42.4999989382923,3.33125000000001,36.725));
#8713=CARTESIAN_POINT('',(39.9999989382923,3.33125000000001,39.225));
#8714=CARTESIAN_POINT('Origin',(0.,2.22044604925031E-15,36.725));
#8715=CARTESIAN_POINT('',(47.4999989382923,-6.6625,36.725));
#8716=CARTESIAN_POINT('',(45.3437489382923,-6.6625,36.725));
#8717=CARTESIAN_POINT('',(47.5,23.75,36.725));
#8718=CARTESIAN_POINT('Origin',(33.8112079465553,1.66562500000001,39.225));
#8719=CARTESIAN_POINT('',(33.8112079465553,-6.6625,36.725));
#8720=CARTESIAN_POINT('',(33.8112079465553,1.66562500000001,36.725));
#8721=CARTESIAN_POINT('',(36.2892776982619,-6.6625,38.8945906997725));
#8722=CARTESIAN_POINT('Origin',(33.8112079465553,-6.6625,39.225));
#8723=CARTESIAN_POINT('',(36.2892776982619,1.66562500000001,38.8945906997725));
#8724=CARTESIAN_POINT('Origin',(0.,2.22044604925031E-15,36.725));
#8725=CARTESIAN_POINT('',(21.0000014528632,-6.6625,36.725));
#8726=CARTESIAN_POINT('',(21.0000014528632,3.33125,36.725));
#8727=CARTESIAN_POINT('',(10.5000007264316,-6.6625,36.725));
#8728=CARTESIAN_POINT('Origin',(-42.4999989382923,-3.33125,39.225));
#8729=CARTESIAN_POINT('',(-42.4999989382923,-6.66250000000001,36.725));
#8730=CARTESIAN_POINT('',(-39.9999989382923,-6.6625,39.225));
#8731=CARTESIAN_POINT('Origin',(-42.4999989382923,-6.6625,39.225));
#8732=CARTESIAN_POINT('',(-39.9999989382923,6.6625,39.225));
#8733=CARTESIAN_POINT('',(-39.9999989382923,-3.33125,39.225));
#8734=CARTESIAN_POINT('',(-42.4999989382923,6.6625,36.725));
#8735=CARTESIAN_POINT('Origin',(-42.4999989382923,6.6625,39.225));
#8736=CARTESIAN_POINT('',(-42.4999989382923,-3.33125,36.725));
#8737=CARTESIAN_POINT('Origin',(-39.9999989382923,-6.66250000000001,36.725));
#8738=CARTESIAN_POINT('',(-39.9999989382923,-6.6625,41.225));
#8739=CARTESIAN_POINT('',(-39.9999989382923,-6.6625,29.8625));
#8740=CARTESIAN_POINT('',(-39.9999989382923,6.6625,41.225));
#8741=CARTESIAN_POINT('',(-39.9999989382923,-3.33125,41.225));
#8742=CARTESIAN_POINT('',(-39.9999989382923,6.6625,29.8625));
#8743=CARTESIAN_POINT('Origin',(-42.4999989382923,-3.33125,41.225));
#8744=CARTESIAN_POINT('',(-42.4999989382923,-6.6625,43.725));
#8745=CARTESIAN_POINT('Origin',(-42.4999989382923,-6.6625,41.225));
#8746=CARTESIAN_POINT('',(-42.4999989382923,6.6625,43.725));
#8747=CARTESIAN_POINT('',(-42.4999989382923,-3.33125,43.725));
#8748=CARTESIAN_POINT('Origin',(-42.4999989382923,6.6625,41.225));
#8749=CARTESIAN_POINT('Origin',(-43.1874989382923,-2.22044604925031E-15,
43.725));
#8750=CARTESIAN_POINT('',(-46.3749989382923,-6.66250000000001,43.725));
#8751=CARTESIAN_POINT('',(-30.3437494691461,-6.6625,43.725));
#8752=CARTESIAN_POINT('',(-46.3749989382923,6.6625,43.725));
#8753=CARTESIAN_POINT('',(-46.3749989382923,3.33125,43.725));
#8754=CARTESIAN_POINT('',(-45.3437489382923,6.6625,43.725));
#8755=CARTESIAN_POINT('Origin',(-43.8749989382923,3.33125,44.225));
#8756=CARTESIAN_POINT('',(-46.3749989382923,-6.66250000000001,44.225));
#8757=CARTESIAN_POINT('',(-43.8749989382923,-6.6625,46.725));
#8758=CARTESIAN_POINT('Origin',(-43.8749989382923,-6.6625,44.225));
#8759=CARTESIAN_POINT('',(-43.8749989382923,6.6625,46.725));
#8760=CARTESIAN_POINT('',(-43.8749989382923,3.33125,46.725));
#8761=CARTESIAN_POINT('',(-46.3749989382923,6.6625,44.225));
#8762=CARTESIAN_POINT('Origin',(-43.8749989382923,6.6625,44.225));
#8763=CARTESIAN_POINT('',(-46.3749989382923,3.33125,44.225));
#8764=CARTESIAN_POINT('Origin',(-41.6874989382923,-2.22044604925031E-15,
46.725));
#8765=CARTESIAN_POINT('',(-39.4999989382923,-6.6625,46.725));
#8766=CARTESIAN_POINT('',(-21.0000014528632,-6.6625,46.725));
#8767=CARTESIAN_POINT('',(-39.4999989382923,6.6625,46.725));
#8768=CARTESIAN_POINT('',(-39.4999989382923,-3.33125,46.725));
#8769=CARTESIAN_POINT('',(-47.4999989382923,6.6625,46.725));
#8770=CARTESIAN_POINT('Origin',(-17.5,-6.6625,23.));
#8771=CARTESIAN_POINT('',(-46.3749989382923,-6.66250000000001,36.725));
#8772=CARTESIAN_POINT('',(-47.4999989382923,-6.66250000000001,36.725));
#8773=CARTESIAN_POINT('',(-23.7499994691461,-6.6625,36.725));
#8774=CARTESIAN_POINT('',(-47.5,-6.66250000000001,18.));
#8775=CARTESIAN_POINT('',(-47.5,-6.6625,11.5));
#8776=CARTESIAN_POINT('',(-45.,-6.66250000000001,20.5));
#8777=CARTESIAN_POINT('Origin',(-45.,-6.6625,18.));
#8778=CARTESIAN_POINT('',(-20.,-6.6625,20.5));
#8779=CARTESIAN_POINT('',(-8.75,-6.6625,20.5));
#8780=CARTESIAN_POINT('Origin',(-20.,-6.6625,18.));
#8781=CARTESIAN_POINT('',(-21.0000014528632,-6.6625,23.));
#8782=CARTESIAN_POINT('',(-47.4999989382923,-6.66250000000001,23.));
#8783=CARTESIAN_POINT('',(-21.0000014528632,-6.6625,36.725));
#8784=CARTESIAN_POINT('',(-21.0000014528632,-6.6625,23.));
#8785=CARTESIAN_POINT('',(-33.8112079465553,-6.6625,36.725));
#8786=CARTESIAN_POINT('',(-23.7499994691461,-6.6625,36.725));
#8787=CARTESIAN_POINT('',(-36.2892776982619,-6.6625,38.8945906997725));
#8788=CARTESIAN_POINT('Origin',(-33.8112079465553,-6.6625,39.225));
#8789=CARTESIAN_POINT('',(-36.9999989382923,-6.6625,44.225));
#8790=CARTESIAN_POINT('',(-35.1894094279142,-6.6625,30.6455786721643));
#8791=CARTESIAN_POINT('Origin',(-39.4999989382923,-6.6625,44.225));
#8792=CARTESIAN_POINT('Origin',(-33.8112079465553,-1.665625,39.225));
#8793=CARTESIAN_POINT('',(-33.8112079465553,6.6625,36.725));
#8794=CARTESIAN_POINT('',(-33.8112079465553,-1.665625,36.725));
#8795=CARTESIAN_POINT('',(-36.2892776982619,6.6625,38.8945906997725));
#8796=CARTESIAN_POINT('Origin',(-33.8112079465553,6.6625,39.225));
#8797=CARTESIAN_POINT('',(-36.2892776982619,-1.665625,38.8945906997725));
#8798=CARTESIAN_POINT('Origin',(0.,2.22044604925031E-15,36.725));
#8799=CARTESIAN_POINT('',(-21.0000014528632,6.6625,36.725));
#8800=CARTESIAN_POINT('',(-21.0000014528632,-3.33125,36.725));
#8801=CARTESIAN_POINT('',(-10.5000007264316,6.6625,36.725));
#8802=CARTESIAN_POINT('Origin',(-39.4999989382923,-3.33125,44.225));
#8803=CARTESIAN_POINT('',(-36.9999989382923,6.6625,44.225));
#8804=CARTESIAN_POINT('Origin',(-39.4999989382923,6.6625,44.225));
#8805=CARTESIAN_POINT('',(-36.9999989382923,-3.33125,44.225));
#8806=CARTESIAN_POINT('Origin',(-47.4999989382923,6.6625,23.));
#8807=CARTESIAN_POINT('',(-35.4514181522661,6.6625,32.6106441048035));
#8808=CARTESIAN_POINT('',(-21.0000014528632,6.6625,23.));
#8809=CARTESIAN_POINT('',(-21.0000014528632,6.6625,23.));
#8810=CARTESIAN_POINT('',(-47.4999989382923,6.6625,23.));
#8811=CARTESIAN_POINT('',(-20.,6.6625,20.5));
#8812=CARTESIAN_POINT('Origin',(-20.,6.66250000000001,18.));
#8813=CARTESIAN_POINT('',(-45.,6.6625,20.5));
#8814=CARTESIAN_POINT('',(-23.7499994691461,6.6625,20.5));
#8815=CARTESIAN_POINT('',(-47.5,6.6625,18.));
#8816=CARTESIAN_POINT('Origin',(-45.,6.6625,18.));
#8817=CARTESIAN_POINT('',(-47.4999989382923,6.6625,36.725));
#8818=CARTESIAN_POINT('',(-47.5,6.6625,11.5));
#8819=CARTESIAN_POINT('',(-45.3437489382923,6.6625,36.725));
#8820=CARTESIAN_POINT('',(-46.3749989382923,6.6625,36.725));
#8821=CARTESIAN_POINT('Origin',(20.,-16.,18.));
#8822=CARTESIAN_POINT('',(20.,-6.6625,20.5));
#8823=CARTESIAN_POINT('',(20.,-16.,20.5));
#8824=CARTESIAN_POINT('Origin',(20.,-6.6625,18.));
#8825=CARTESIAN_POINT('Origin',(0.,2.22044604925031E-15,20.5));
#8826=CARTESIAN_POINT('',(45.,-6.6625,20.5));
#8827=CARTESIAN_POINT('',(45.,23.75,20.5));
#8828=CARTESIAN_POINT('',(23.7499994691461,-6.6625,20.5));
#8829=CARTESIAN_POINT('Origin',(45.,23.75,18.));
#8830=CARTESIAN_POINT('',(47.5,-6.6625,18.));
#8831=CARTESIAN_POINT('Origin',(45.,-6.6625,18.));
#8832=CARTESIAN_POINT('',(47.5,23.75,18.));
#8833=CARTESIAN_POINT('Origin',(-20.,16.,18.));
#8834=CARTESIAN_POINT('',(-20.,16.,20.5));
#8835=CARTESIAN_POINT('Origin',(0.,2.22044604925031E-15,20.5));
#8836=CARTESIAN_POINT('',(-45.,-23.75,20.5));
#8837=CARTESIAN_POINT('Origin',(-45.,-23.75,18.));
#8838=CARTESIAN_POINT('',(-47.5,-23.75,18.));
#8839=CARTESIAN_POINT('Origin',(45.,-45.,2.5));
#8840=CARTESIAN_POINT('',(47.5,-45.,2.5));
#8841=CARTESIAN_POINT('',(45.,-47.5,2.5));
#8842=CARTESIAN_POINT('Origin',(45.,-45.,2.5));
#8843=CARTESIAN_POINT('',(45.,-45.,0.));
#8844=CARTESIAN_POINT('Origin',(45.,-45.,2.5));
#8845=CARTESIAN_POINT('Origin',(45.,-45.,2.5));
#8846=CARTESIAN_POINT('Origin',(45.,23.75,2.5));
#8847=CARTESIAN_POINT('',(45.,47.5,0.));
#8848=CARTESIAN_POINT('',(47.5,47.5,2.5));
#8849=CARTESIAN_POINT('Origin',(45.,47.5,2.5));
#8850=CARTESIAN_POINT('',(45.,23.75,0.));
#8851=CARTESIAN_POINT('',(47.5,23.75,2.5));
#8852=CARTESIAN_POINT('Origin',(-45.,-45.,2.5));
#8853=CARTESIAN_POINT('',(-45.,-45.,0.));
#8854=CARTESIAN_POINT('',(-45.,-47.5,2.5));
#8855=CARTESIAN_POINT('Origin',(-45.,-45.,2.5));
#8856=CARTESIAN_POINT('',(-47.5,-45.,2.5));
#8857=CARTESIAN_POINT('Origin',(-45.,-45.,2.5));
#8858=CARTESIAN_POINT('Origin',(-45.,-45.,2.5));
#8859=CARTESIAN_POINT('Origin',(-45.,-23.75,2.5));
#8860=CARTESIAN_POINT('',(-47.5,47.5,2.5));
#8861=CARTESIAN_POINT('',(-45.,47.5,0.));
#8862=CARTESIAN_POINT('Origin',(-45.,47.5,2.5));
#8863=CARTESIAN_POINT('',(-47.5,-23.75,2.5));
#8864=CARTESIAN_POINT('',(-45.,-23.75,0.));
#8865=CARTESIAN_POINT('Origin',(-45.,-45.,0.));
#8866=CARTESIAN_POINT('',(-47.5,-45.,90.));
#8867=CARTESIAN_POINT('',(-45.,-47.5,90.));
#8868=CARTESIAN_POINT('Origin',(-45.,-45.,90.));
#8869=CARTESIAN_POINT('',(-45.,-47.5,0.));
#8870=CARTESIAN_POINT('',(-47.5,-45.,0.));
#8871=CARTESIAN_POINT('Origin',(23.75,-45.,2.5));
#8872=CARTESIAN_POINT('',(23.75,-45.,0.));
#8873=CARTESIAN_POINT('',(23.75,-47.5,2.5));
#8874=CARTESIAN_POINT('Origin',(45.,-45.,0.));
#8875=CARTESIAN_POINT('',(45.,-47.5,90.));
#8876=CARTESIAN_POINT('',(47.5,-45.,90.));
#8877=CARTESIAN_POINT('Origin',(45.,-45.,90.));
#8878=CARTESIAN_POINT('',(47.5,-45.,0.));
#8879=CARTESIAN_POINT('',(45.,-47.5,0.));
#8880=CARTESIAN_POINT('Origin',(0.,0.,0.));
#8881=CARTESIAN_POINT('',(32.5,47.5,0.));
#8882=CARTESIAN_POINT('',(-23.75,47.5,0.));
#8883=CARTESIAN_POINT('',(32.5,50.,0.));
#8884=CARTESIAN_POINT('',(32.5,23.75,0.));
#8885=CARTESIAN_POINT('',(-32.5,50.,0.));
#8886=CARTESIAN_POINT('',(-3.75,50.,0.));
#8887=CARTESIAN_POINT('',(-32.5,47.5,0.));
#8888=CARTESIAN_POINT('',(-32.5,23.75,0.));
#8889=CARTESIAN_POINT('',(-23.75,47.5,0.));
#8890=CARTESIAN_POINT('',(-7.75,32.,0.));
#8891=CARTESIAN_POINT('',(-8.74999999999999,-32.,0.));
#8892=CARTESIAN_POINT('',(38.,31.,0.));
#8893=CARTESIAN_POINT('',(38.,36.5,0.));
#8894=CARTESIAN_POINT('',(38.,18.25,0.));
#8895=CARTESIAN_POINT('',(27.,31.,0.));
#8896=CARTESIAN_POINT('',(16.25,31.,0.));
#8897=CARTESIAN_POINT('',(27.,36.5,0.));
#8898=CARTESIAN_POINT('',(27.,20.75,0.));
#8899=CARTESIAN_POINT('',(22.5,36.5,0.));
#8900=CARTESIAN_POINT('',(13.75,36.5,0.));
#8901=CARTESIAN_POINT('',(22.5,41.5,0.));
#8902=CARTESIAN_POINT('',(22.5,18.25,0.));
#8903=CARTESIAN_POINT('',(27.5,41.5,0.));
#8904=CARTESIAN_POINT('',(11.25,41.5,0.));
#8905=CARTESIAN_POINT('',(37.5,41.5,0.));
#8906=CARTESIAN_POINT('',(16.25,41.5,0.));
#8907=CARTESIAN_POINT('',(42.5,41.5,0.));
#8908=CARTESIAN_POINT('',(18.75,41.5,0.));
#8909=CARTESIAN_POINT('',(42.5,36.5,0.));
#8910=CARTESIAN_POINT('',(42.5,20.75,0.));
#8911=CARTESIAN_POINT('',(21.25,36.5,0.));
#8912=CARTESIAN_POINT('Origin',(-47.5,47.5,0.));
#8913=CARTESIAN_POINT('',(-42.5,47.5,10.));
#8914=CARTESIAN_POINT('Origin',(-32.5,47.5,10.));
#8915=CARTESIAN_POINT('',(-42.5,47.5,42.5));
#8916=CARTESIAN_POINT('',(-42.5,47.5,0.));
#8917=CARTESIAN_POINT('Origin',(-32.5,47.5,42.5));
#8918=CARTESIAN_POINT('',(-35.,47.5,62.5));
#8919=CARTESIAN_POINT('',(-35.,47.5,55.));
#8920=CARTESIAN_POINT('',(-27.5,47.5,62.5));
#8921=CARTESIAN_POINT('',(-23.75,47.5,62.5));
#8922=CARTESIAN_POINT('',(-27.5,47.5,55.));
#8923=CARTESIAN_POINT('',(27.5,47.5,62.5));
#8924=CARTESIAN_POINT('',(27.5,47.5,55.));
#8925=CARTESIAN_POINT('',(35.,47.5,62.5));
#8926=CARTESIAN_POINT('',(-23.75,47.5,62.5));
#8927=CARTESIAN_POINT('',(35.,47.5,55.));
#8928=CARTESIAN_POINT('',(42.5,47.5,42.5));
#8929=CARTESIAN_POINT('Origin',(32.5,47.5,42.5));
#8930=CARTESIAN_POINT('',(42.5,47.5,10.));
#8931=CARTESIAN_POINT('',(42.5,47.5,26.25));
#8932=CARTESIAN_POINT('Origin',(32.5,47.5,10.));
#8933=CARTESIAN_POINT('',(47.5,47.5,90.));
#8934=CARTESIAN_POINT('',(47.5,47.5,0.));
#8935=CARTESIAN_POINT('',(-47.5,47.5,90.));
#8936=CARTESIAN_POINT('',(-23.75,47.5,90.));
#8937=CARTESIAN_POINT('',(-47.5,47.5,0.));
#8938=CARTESIAN_POINT('Origin',(47.5,47.5,0.));
#8939=CARTESIAN_POINT('',(47.5,23.75,90.));
#8940=CARTESIAN_POINT('',(47.5,35.,62.5));
#8941=CARTESIAN_POINT('',(47.5,35.,55.));
#8942=CARTESIAN_POINT('',(47.5,27.5,62.5));
#8943=CARTESIAN_POINT('',(47.5,23.75,62.5));
#8944=CARTESIAN_POINT('',(47.5,27.5,55.));
#8945=CARTESIAN_POINT('',(47.5,-27.5,62.5));
#8946=CARTESIAN_POINT('',(47.5,-27.5,55.));
#8947=CARTESIAN_POINT('',(47.5,-35.,62.5));
#8948=CARTESIAN_POINT('',(47.5,23.75,62.5));
#8949=CARTESIAN_POINT('',(47.5,-35.,55.));
#8950=CARTESIAN_POINT('',(47.5,-6.6625,11.5));
#8951=CARTESIAN_POINT('Origin',(47.5,25.,0.));
#8952=CARTESIAN_POINT('',(50.,50.,0.));
#8953=CARTESIAN_POINT('Origin',(47.5,50.,0.));
#8954=CARTESIAN_POINT('',(50.,-45.,0.));
#8955=CARTESIAN_POINT('',(50.,25.,0.));
#8956=CARTESIAN_POINT('Origin',(47.5,-45.,0.));
#8957=CARTESIAN_POINT('Ctrl Pts',(45.,-47.5,-2.5));
#8958=CARTESIAN_POINT('Ctrl Pts',(47.5,-47.5,-2.5));
#8959=CARTESIAN_POINT('Ctrl Pts',(47.5,-45.,-2.5));
#8960=CARTESIAN_POINT('Ctrl Pts',(45.,-50.,-2.5));
#8961=CARTESIAN_POINT('Ctrl Pts',(50.,-50.,-2.5));
#8962=CARTESIAN_POINT('Ctrl Pts',(50.,-45.,-2.5));
#8963=CARTESIAN_POINT('Ctrl Pts',(45.,-50.,0.));
#8964=CARTESIAN_POINT('Ctrl Pts',(50.,-50.,0.));
#8965=CARTESIAN_POINT('Ctrl Pts',(50.,-45.,0.));
#8966=CARTESIAN_POINT('Origin',(45.,-47.5,0.));
#8967=CARTESIAN_POINT('Origin',(45.,-45.,0.));
#8968=CARTESIAN_POINT('Origin',(25.,-47.5,0.));
#8969=CARTESIAN_POINT('Origin',(-45.,-47.5,0.));
#8970=CARTESIAN_POINT('Ctrl Pts',(-47.5,-45.,-2.5));
#8971=CARTESIAN_POINT('Ctrl Pts',(-47.5,-47.5,-2.5));
#8972=CARTESIAN_POINT('Ctrl Pts',(-45.,-47.5,-2.5));
#8973=CARTESIAN_POINT('Ctrl Pts',(-50.,-45.,-2.5));
#8974=CARTESIAN_POINT('Ctrl Pts',(-50.,-50.,-2.5));
#8975=CARTESIAN_POINT('Ctrl Pts',(-45.,-50.,-2.5));
#8976=CARTESIAN_POINT('Ctrl Pts',(-50.,-45.,0.));
#8977=CARTESIAN_POINT('Ctrl Pts',(-50.,-50.,0.));
#8978=CARTESIAN_POINT('Ctrl Pts',(-45.,-50.,0.));
#8979=CARTESIAN_POINT('',(-50.,-45.,0.));
#8980=CARTESIAN_POINT('Origin',(-47.5,-45.,0.));
#8981=CARTESIAN_POINT('Origin',(-45.,-45.,0.));
#8982=CARTESIAN_POINT('Origin',(-47.5,-25.,0.));
#8983=CARTESIAN_POINT('',(-50.,50.,0.));
#8984=CARTESIAN_POINT('Origin',(-47.5,50.,0.));
#8985=CARTESIAN_POINT('',(-50.,-25.,0.));
#8986=CARTESIAN_POINT('Origin',(-50.,-50.,0.));
#8987=CARTESIAN_POINT('',(-50.,-45.,90.));
#8988=CARTESIAN_POINT('',(-50.,-45.,0.));
#8989=CARTESIAN_POINT('',(-50.,50.,90.));
#8990=CARTESIAN_POINT('',(-50.,25.,90.));
#8991=CARTESIAN_POINT('',(-50.,50.,0.));
#8992=CARTESIAN_POINT('',(-50.,-1.16341445918998E-15,38.5625));
#8993=CARTESIAN_POINT('Origin',(-50.,0.,29.0625));
#8994=CARTESIAN_POINT('Origin',(-45.,-45.,0.));
#8995=CARTESIAN_POINT('Origin',(-45.,-45.,90.));
#8996=CARTESIAN_POINT('Origin',(50.,-50.,0.));
#8997=CARTESIAN_POINT('Origin',(45.,-45.,0.));
#8998=CARTESIAN_POINT('',(50.,-45.,90.));
#8999=CARTESIAN_POINT('',(50.,-45.,0.));
#9000=CARTESIAN_POINT('Origin',(45.,-45.,90.));
#9001=CARTESIAN_POINT('Origin',(-50.,50.,0.));
#9002=CARTESIAN_POINT('',(50.,50.,90.));
#9003=CARTESIAN_POINT('',(25.,50.,90.));
#9004=CARTESIAN_POINT('',(50.,50.,0.));
#9005=CARTESIAN_POINT('',(-42.5,50.,42.5));
#9006=CARTESIAN_POINT('Origin',(-32.5,50.,42.5));
#9007=CARTESIAN_POINT('',(-42.5,50.,10.));
#9008=CARTESIAN_POINT('',(-42.5,50.,0.));
#9009=CARTESIAN_POINT('Origin',(-32.5,50.,10.));
#9010=CARTESIAN_POINT('',(42.5,50.,10.));
#9011=CARTESIAN_POINT('Origin',(32.5,50.,10.));
#9012=CARTESIAN_POINT('',(42.5,50.,42.5));
#9013=CARTESIAN_POINT('',(42.5,50.,26.25));
#9014=CARTESIAN_POINT('Origin',(32.5,50.,42.5));
#9015=CARTESIAN_POINT('Origin',(50.,50.,0.));
#9016=CARTESIAN_POINT('',(50.,-25.,90.));
#9017=CARTESIAN_POINT('',(50.,-1.16341445918999E-15,19.5625));
#9018=CARTESIAN_POINT('Origin',(50.,0.,29.0625));
#9019=CARTESIAN_POINT('Origin',(-41.,-36.8229217479687,55.));
#9020=CARTESIAN_POINT('',(-41.,-28.5857196806223,62.5));
#9021=CARTESIAN_POINT('',(-41.,-36.8229217479687,62.5));
#9022=CARTESIAN_POINT('',(-41.,-18.4114608739843,62.5));
#9023=CARTESIAN_POINT('',(-41.,-36.8229217479687,55.));
#9024=CARTESIAN_POINT('',(-41.,-36.8229217479687,55.));
#9025=CARTESIAN_POINT('',(-41.,-28.5857196806223,55.));
#9026=CARTESIAN_POINT('',(-41.,-18.4114608739843,55.));
#9027=CARTESIAN_POINT('',(-41.,-28.5857196806223,55.));
#9028=CARTESIAN_POINT('Origin',(0.,0.,62.5));
#9029=CARTESIAN_POINT('',(-47.5,-35.,62.5));
#9030=CARTESIAN_POINT('Origin',(-47.5,-47.5,62.5));
#9031=CARTESIAN_POINT('',(-47.5,-27.5,62.5));
#9032=CARTESIAN_POINT('Origin',(-47.5,-47.5,62.5));
#9033=CARTESIAN_POINT('',(-47.5,-23.75,62.5));
#9034=CARTESIAN_POINT('Origin',(-47.5,-47.5,0.));
#9035=CARTESIAN_POINT('',(-47.5,-23.75,90.));
#9036=CARTESIAN_POINT('',(-47.5,27.5,62.5));
#9037=CARTESIAN_POINT('',(-47.5,27.5,55.));
#9038=CARTESIAN_POINT('',(-47.5,35.,62.5));
#9039=CARTESIAN_POINT('',(-47.5,-23.75,62.5));
#9040=CARTESIAN_POINT('',(-47.5,35.,55.));
#9041=CARTESIAN_POINT('',(-47.5,-35.,55.));
#9042=CARTESIAN_POINT('',(-47.5,-27.5,55.));
#9043=CARTESIAN_POINT('',(-47.5,-23.75,36.725));
#9044=CARTESIAN_POINT('Origin',(-41.,28.5857196806223,55.));
#9045=CARTESIAN_POINT('',(-41.,36.8229217479687,62.5));
#9046=CARTESIAN_POINT('',(-41.,28.5857196806223,62.5));
#9047=CARTESIAN_POINT('',(-41.,14.2928598403111,62.5));
#9048=CARTESIAN_POINT('',(-41.,28.5857196806223,55.));
#9049=CARTESIAN_POINT('',(-41.,28.5857196806223,55.));
#9050=CARTESIAN_POINT('',(-41.,36.8229217479687,55.));
#9051=CARTESIAN_POINT('',(-41.,14.2928598403111,55.));
#9052=CARTESIAN_POINT('',(-41.,36.8229217479687,55.));
#9053=CARTESIAN_POINT('Origin',(0.,0.,62.5));
#9054=CARTESIAN_POINT('Origin',(-47.5,47.5,62.5));
#9055=CARTESIAN_POINT('Origin',(-47.5,47.5,62.5));
#9056=CARTESIAN_POINT('Origin',(0.,0.,55.));
#9057=CARTESIAN_POINT('',(-36.5341439002693,-41.5,55.));
#9058=CARTESIAN_POINT('Origin',(-47.5,-47.5,55.));
#9059=CARTESIAN_POINT('',(-28.4212159716611,-41.5,55.));
#9060=CARTESIAN_POINT('',(-14.2106079858305,-41.5,55.));
#9061=CARTESIAN_POINT('',(28.4212159716611,-41.5,55.));
#9062=CARTESIAN_POINT('',(41.,-41.5,55.));
#9063=CARTESIAN_POINT('',(36.5341439002693,-41.5,55.));
#9064=CARTESIAN_POINT('',(18.2670719501347,-41.5,55.));
#9065=CARTESIAN_POINT('',(41.,-36.8229217479687,55.));
#9066=CARTESIAN_POINT('Origin',(47.5,-47.5,55.));
#9067=CARTESIAN_POINT('',(41.,-28.5857196806223,55.));
#9068=CARTESIAN_POINT('',(41.,-14.2928598403111,55.));
#9069=CARTESIAN_POINT('',(41.,28.5857196806223,55.));
#9070=CARTESIAN_POINT('',(41.,41.5,55.));
#9071=CARTESIAN_POINT('',(41.,36.8229217479687,55.));
#9072=CARTESIAN_POINT('',(41.,18.4114608739843,55.));
#9073=CARTESIAN_POINT('',(36.5341439002693,41.5,55.));
#9074=CARTESIAN_POINT('Origin',(47.5,47.5,55.));
#9075=CARTESIAN_POINT('',(28.4212159716611,41.5,55.));
#9076=CARTESIAN_POINT('',(14.2106079858305,41.5,55.));
#9077=CARTESIAN_POINT('',(-28.4212159716611,41.5,55.));
#9078=CARTESIAN_POINT('',(-41.,41.5,55.));
#9079=CARTESIAN_POINT('',(-36.5341439002693,41.5,55.));
#9080=CARTESIAN_POINT('',(-18.2670719501347,41.5,55.));
#9081=CARTESIAN_POINT('Origin',(-47.5,47.5,55.));
#9082=CARTESIAN_POINT('',(-41.,-41.5,55.));
#9083=CARTESIAN_POINT('Origin',(41.,36.8229217479687,55.));
#9084=CARTESIAN_POINT('',(41.,28.5857196806223,62.5));
#9085=CARTESIAN_POINT('',(41.,36.8229217479687,62.5));
#9086=CARTESIAN_POINT('',(41.,18.4114608739843,62.5));
#9087=CARTESIAN_POINT('',(41.,36.8229217479687,55.));
#9088=CARTESIAN_POINT('',(41.,28.5857196806223,55.));
#9089=CARTESIAN_POINT('Origin',(0.,0.,62.5));
#9090=CARTESIAN_POINT('Origin',(47.5,47.5,62.5));
#9091=CARTESIAN_POINT('Origin',(47.5,47.5,62.5));
#9092=CARTESIAN_POINT('Origin',(41.,-28.5857196806223,55.));
#9093=CARTESIAN_POINT('',(41.,-36.8229217479687,62.5));
#9094=CARTESIAN_POINT('',(41.,-28.5857196806223,62.5));
#9095=CARTESIAN_POINT('',(41.,-14.2928598403111,62.5));
#9096=CARTESIAN_POINT('',(41.,-28.5857196806223,55.));
#9097=CARTESIAN_POINT('',(41.,-36.8229217479687,55.));
#9098=CARTESIAN_POINT('Origin',(0.,0.,62.5));
#9099=CARTESIAN_POINT('Origin',(47.5,-47.5,62.5));
#9100=CARTESIAN_POINT('Origin',(47.5,-47.5,62.5));
#9101=CARTESIAN_POINT('Origin',(-28.4212159716611,-41.5,55.));
#9102=CARTESIAN_POINT('',(-36.5341439002693,-41.5,62.5));
#9103=CARTESIAN_POINT('',(-28.4212159716611,-41.5,62.5));
#9104=CARTESIAN_POINT('',(-14.2106079858305,-41.5,62.5));
#9105=CARTESIAN_POINT('',(-28.4212159716611,-41.5,55.));
#9106=CARTESIAN_POINT('',(-36.5341439002693,-41.5,55.));
#9107=CARTESIAN_POINT('Origin',(0.,0.,62.5));
#9108=CARTESIAN_POINT('',(-27.5,-47.5,62.5));
#9109=CARTESIAN_POINT('',(-35.,-47.5,62.5));
#9110=CARTESIAN_POINT('',(23.75,-47.5,62.5));
#9111=CARTESIAN_POINT('Origin',(-47.5,-47.5,62.5));
#9112=CARTESIAN_POINT('Origin',(-47.5,-47.5,62.5));
#9113=CARTESIAN_POINT('Origin',(47.5,-47.5,0.));
#9114=CARTESIAN_POINT('',(23.75,-47.5,90.));
#9115=CARTESIAN_POINT('',(-27.5,-47.5,55.));
#9116=CARTESIAN_POINT('',(-35.,-47.5,55.));
#9117=CARTESIAN_POINT('',(35.,-47.5,62.5));
#9118=CARTESIAN_POINT('',(35.,-47.5,55.));
#9119=CARTESIAN_POINT('',(27.5,-47.5,62.5));
#9120=CARTESIAN_POINT('',(23.75,-47.5,62.5));
#9121=CARTESIAN_POINT('',(27.5,-47.5,55.));
#9122=CARTESIAN_POINT('Origin',(-36.5341439002693,41.5,55.));
#9123=CARTESIAN_POINT('',(-28.4212159716611,41.5,62.5));
#9124=CARTESIAN_POINT('',(-36.5341439002693,41.5,62.5));
#9125=CARTESIAN_POINT('',(-18.2670719501347,41.5,62.5));
#9126=CARTESIAN_POINT('',(-36.5341439002693,41.5,55.));
#9127=CARTESIAN_POINT('',(-28.4212159716611,41.5,55.));
#9128=CARTESIAN_POINT('Origin',(0.,0.,62.5));
#9129=CARTESIAN_POINT('Origin',(-47.5,47.5,62.5));
#9130=CARTESIAN_POINT('Origin',(-47.5,47.5,62.5));
#9131=CARTESIAN_POINT('Origin',(28.4212159716611,41.5,55.));
#9132=CARTESIAN_POINT('',(36.5341439002693,41.5,62.5));
#9133=CARTESIAN_POINT('',(28.4212159716611,41.5,62.5));
#9134=CARTESIAN_POINT('',(14.2106079858305,41.5,62.5));
#9135=CARTESIAN_POINT('',(28.4212159716611,41.5,55.));
#9136=CARTESIAN_POINT('',(36.5341439002693,41.5,55.));
#9137=CARTESIAN_POINT('Origin',(0.,0.,62.5));
#9138=CARTESIAN_POINT('Origin',(47.5,47.5,62.5));
#9139=CARTESIAN_POINT('Origin',(47.5,47.5,62.5));
#9140=CARTESIAN_POINT('Origin',(36.5341439002693,-41.5,55.));
#9141=CARTESIAN_POINT('',(28.4212159716611,-41.5,62.5));
#9142=CARTESIAN_POINT('',(36.5341439002693,-41.5,62.5));
#9143=CARTESIAN_POINT('',(18.2670719501347,-41.5,62.5));
#9144=CARTESIAN_POINT('',(36.5341439002693,-41.5,55.));
#9145=CARTESIAN_POINT('',(28.4212159716611,-41.5,55.));
#9146=CARTESIAN_POINT('Origin',(0.,0.,62.5));
#9147=CARTESIAN_POINT('Origin',(47.5,-47.5,62.5));
#9148=CARTESIAN_POINT('Origin',(47.5,-47.5,62.5));
#9149=CARTESIAN_POINT('Origin',(41.,28.5857196806223,55.));
#9150=CARTESIAN_POINT('',(41.,28.5857196806223,55.));
#9151=CARTESIAN_POINT('',(41.,-28.5857196806223,55.));
#9152=CARTESIAN_POINT('Origin',(47.5,47.5,55.));
#9153=CARTESIAN_POINT('Origin',(47.5,47.5,55.));
#9154=CARTESIAN_POINT('Origin',(47.5,47.5,55.));
#9155=CARTESIAN_POINT('',(28.4212159716611,41.5,55.));
#9156=CARTESIAN_POINT('Origin',(-28.4212159716611,41.5,55.));
#9157=CARTESIAN_POINT('',(-28.4212159716611,41.5,55.));
#9158=CARTESIAN_POINT('Origin',(-47.5,47.5,55.));
#9159=CARTESIAN_POINT('Origin',(-47.5,47.5,55.));
#9160=CARTESIAN_POINT('Origin',(-47.5,47.5,55.));
#9161=CARTESIAN_POINT('',(-41.,28.5857196806223,55.));
#9162=CARTESIAN_POINT('Origin',(-41.,-28.5857196806223,55.));
#9163=CARTESIAN_POINT('',(-41.,-28.5857196806223,55.));
#9164=CARTESIAN_POINT('Origin',(-47.5,-47.5,55.));
#9165=CARTESIAN_POINT('Origin',(-47.5,-47.5,55.));
#9166=CARTESIAN_POINT('Origin',(-47.5,-47.5,55.));
#9167=CARTESIAN_POINT('',(-28.4212159716611,-41.5,55.));
#9168=CARTESIAN_POINT('Origin',(28.4212159716611,-41.5,55.));
#9169=CARTESIAN_POINT('',(28.4212159716611,-41.5,55.));
#9170=CARTESIAN_POINT('Origin',(47.5,-47.5,55.));
#9171=CARTESIAN_POINT('Origin',(47.5,-47.5,55.));
#9172=CARTESIAN_POINT('Origin',(47.5,-47.5,55.));
#9173=CARTESIAN_POINT('Origin',(38.,18.25,0.5));
#9174=CARTESIAN_POINT('',(37.5,36.5,0.5));
#9175=CARTESIAN_POINT('Origin',(38.,36.5,0.5));
#9176=CARTESIAN_POINT('',(37.5,31.5,0.5));
#9177=CARTESIAN_POINT('',(37.5,18.25,0.5));
#9178=CARTESIAN_POINT('Origin',(38.,31.,0.5));
#9179=CARTESIAN_POINT('Origin',(27.,20.75,0.5));
#9180=CARTESIAN_POINT('',(27.5,31.5,0.5));
#9181=CARTESIAN_POINT('',(27.5,36.5,0.5));
#9182=CARTESIAN_POINT('',(27.5,20.75,0.5));
#9183=CARTESIAN_POINT('Origin',(27.,36.5,0.5));
#9184=CARTESIAN_POINT('Origin',(27.,31.,0.5));
#9185=CARTESIAN_POINT('Origin',(16.25,31.,0.5));
#9186=CARTESIAN_POINT('',(16.25,31.5,0.5));
#9187=CARTESIAN_POINT('Origin',(28.,41.5,2.51316701949486));
#9188=CARTESIAN_POINT('',(28.2142857142857,32.,2.96492097094748));
#9189=CARTESIAN_POINT('',(28.2142857142857,41.5,2.96492097094748));
#9190=CARTESIAN_POINT('',(28.2142857142857,41.5,2.96492097094748));
#9191=CARTESIAN_POINT('',(27.5,41.5,2.51316701949486));
#9192=CARTESIAN_POINT('Origin',(28.,41.5,2.51316701949486));
#9193=CARTESIAN_POINT('',(27.5,31.5,2.51316701949486));
#9194=CARTESIAN_POINT('',(27.5,41.5,2.51316701949486));
#9195=CARTESIAN_POINT('',(27.5534761556884,31.5,2.73814803305206));
#9196=CARTESIAN_POINT('Origin',(28.,31.5,2.51316701949486));
#9197=CARTESIAN_POINT('Ctrl Pts',(27.5534761556884,31.5,2.73814803305206));
#9198=CARTESIAN_POINT('Ctrl Pts',(27.5744633543013,31.5,2.77980170176735));
#9199=CARTESIAN_POINT('Ctrl Pts',(27.6007896151584,31.5065178299617,2.81756498574627));
#9200=CARTESIAN_POINT('Ctrl Pts',(27.6656646586896,31.5328049327417,2.88843594783444));
#9201=CARTESIAN_POINT('Ctrl Pts',(27.7041235253389,31.5537150089948,2.91890419741759));
#9202=CARTESIAN_POINT('Ctrl Pts',(27.7974825076788,31.6131541047087,2.97452082765778));
#9203=CARTESIAN_POINT('Ctrl Pts',(27.8531723633088,31.654957287073,2.99428698631119));
#9204=CARTESIAN_POINT('Ctrl Pts',(27.9604277816515,31.7439571593301,3.01452155887972));
#9205=CARTESIAN_POINT('Ctrl Pts',(28.012851080316,31.7916838962609,3.01551315164821));
#9206=CARTESIAN_POINT('Ctrl Pts',(28.1148741278394,31.8914056893982,3.00263362638634));
#9207=CARTESIAN_POINT('Ctrl Pts',(28.1650350361991,31.9443016836892,2.98792224872921));
#9208=CARTESIAN_POINT('Ctrl Pts',(28.2124277139365,31.9978943261211,2.965798792631));
#9209=CARTESIAN_POINT('Ctrl Pts',(28.2133573940918,31.9989471645692,2.96536131187908));
#9210=CARTESIAN_POINT('Ctrl Pts',(28.2142857142857,32.,2.96492097094748));
#9211=CARTESIAN_POINT('Origin',(37.,41.5,2.51316701949486));
#9212=CARTESIAN_POINT('',(37.5,31.5,2.51316701949486));
#9213=CARTESIAN_POINT('',(37.5,41.5,2.51316701949486));
#9214=CARTESIAN_POINT('',(37.5,41.5,2.51316701949486));
#9215=CARTESIAN_POINT('',(36.7857142857143,41.5,2.96492097094748));
#9216=CARTESIAN_POINT('Origin',(37.,41.5,2.51316701949486));
#9217=CARTESIAN_POINT('',(36.7857142857143,32.,2.96492097094748));
#9218=CARTESIAN_POINT('',(36.7857142857143,41.5,2.96492097094748));
#9219=CARTESIAN_POINT('',(37.4465238443115,31.5,2.73814803305207));
#9220=CARTESIAN_POINT('Ctrl Pts',(36.7857142857143,32.,2.96492097094748));
#9221=CARTESIAN_POINT('Ctrl Pts',(36.7866426059082,31.9989471645691,2.96536131187912));
#9222=CARTESIAN_POINT('Ctrl Pts',(36.7875722860634,31.9978943261212,2.96579879263096));
#9223=CARTESIAN_POINT('Ctrl Pts',(36.8349649638009,31.9443016836891,2.98792224872922));
#9224=CARTESIAN_POINT('Ctrl Pts',(36.8851258721606,31.8914056893982,3.00263362638635));
#9225=CARTESIAN_POINT('Ctrl Pts',(36.987148919684,31.7916838962608,3.01551315164821));
#9226=CARTESIAN_POINT('Ctrl Pts',(37.0395722183485,31.7439571593301,3.01452155887972));
#9227=CARTESIAN_POINT('Ctrl Pts',(37.1468276366912,31.654957287073,2.99428698631119));
#9228=CARTESIAN_POINT('Ctrl Pts',(37.2025174923212,31.6131541047087,2.97452082765778));
#9229=CARTESIAN_POINT('Ctrl Pts',(37.2958764746611,31.5537150089948,2.91890419741759));
#9230=CARTESIAN_POINT('Ctrl Pts',(37.3343353413104,31.5328049327417,2.88843594783444));
#9231=CARTESIAN_POINT('Ctrl Pts',(37.3992103848416,31.5065178299617,2.81756498574628));
#9232=CARTESIAN_POINT('Ctrl Pts',(37.4255366456987,31.5,2.77980170176736));
#9233=CARTESIAN_POINT('Ctrl Pts',(37.4465238443115,31.5,2.73814803305207));
#9234=CARTESIAN_POINT('Origin',(37.,31.5,2.51316701949486));
#9235=CARTESIAN_POINT('Origin',(32.5,32.,12.));
#9236=CARTESIAN_POINT('Origin',(32.5,31.5,12.));
#9237=CARTESIAN_POINT('Origin',(32.5,32.,12.));
#9238=CARTESIAN_POINT('Origin',(32.5,41.5,12.));
#9239=CARTESIAN_POINT('Origin',(32.5,41.5,12.));
#9240=CARTESIAN_POINT('Origin',(37.5,36.5,0.));
#9241=CARTESIAN_POINT('',(37.5,36.5,0.));
#9242=CARTESIAN_POINT('',(37.5,41.5,0.));
#9243=CARTESIAN_POINT('',(37.5,41.5,2.));
#9244=CARTESIAN_POINT('',(37.5,31.5,2.));
#9245=CARTESIAN_POINT('Origin',(32.5,31.5,1.6698729810778));
#9246=CARTESIAN_POINT('',(27.5,31.5,2.));
#9247=CARTESIAN_POINT('Origin',(32.5,41.5,1.6698729810778));
#9248=CARTESIAN_POINT('',(27.5,41.5,2.));
#9249=CARTESIAN_POINT('Origin',(42.5,41.5,0.));
#9250=CARTESIAN_POINT('',(42.5,36.5,0.));
#9251=CARTESIAN_POINT('',(42.5,41.5,0.));
#9252=CARTESIAN_POINT('Origin',(37.5,41.5,0.));
#9253=CARTESIAN_POINT('Origin',(42.5,36.5,0.));
#9254=CARTESIAN_POINT('Origin',(27.5,41.5,0.));
#9255=CARTESIAN_POINT('',(27.5,41.5,0.));
#9256=CARTESIAN_POINT('',(27.5,36.5,0.));
#9257=CARTESIAN_POINT('Origin',(22.5,41.5,0.));
#9258=CARTESIAN_POINT('',(22.5,41.5,0.));
#9259=CARTESIAN_POINT('Origin',(22.5,36.5,0.));
#9260=CARTESIAN_POINT('',(22.5,36.5,0.));
#9261=CARTESIAN_POINT('Origin',(27.5,36.5,0.));
#9262=CARTESIAN_POINT('Origin',(-32.5,47.5,42.5));
#9263=CARTESIAN_POINT('',(-42.5,47.5,42.5));
#9264=CARTESIAN_POINT('Origin',(-42.5,47.5,0.));
#9265=CARTESIAN_POINT('',(-42.5,23.75,10.));
#9266=CARTESIAN_POINT('Origin',(32.5,47.5,42.5));
#9267=CARTESIAN_POINT('',(42.5,47.5,42.5));
#9268=CARTESIAN_POINT('Origin',(-32.5,23.75,10.));
#9269=CARTESIAN_POINT('Origin',(32.5,23.75,10.));
#9270=CARTESIAN_POINT('',(42.5,23.75,10.));
#9271=CARTESIAN_POINT('Origin',(42.5,47.5,52.5));
#9272=CARTESIAN_POINT('Origin',(-36.4999989382923,-3.33125,40.475));
#9273=CARTESIAN_POINT('Origin',(36.4999989382923,3.33125000000001,40.475));
#9274=CARTESIAN_POINT('',(35.4514181522661,-6.6625,32.6106441048035));
#9275=CARTESIAN_POINT('Origin',(39.9999989382923,6.66250000000001,36.725));
#9276=CARTESIAN_POINT('',(39.9999989382923,-6.6625,29.8625));
#9277=CARTESIAN_POINT('Origin',(46.3749989382923,-6.6625,36.725));
#9278=CARTESIAN_POINT('',(46.3749989382923,-6.6625,36.725));
#9279=CARTESIAN_POINT('Origin',(-46.3749989382923,6.6625,36.725));
#9280=CARTESIAN_POINT('Origin',(0.,2.22044604925031E-15,36.725));
#9281=CARTESIAN_POINT('Origin',(55.,0.,29.0625));
#9282=CARTESIAN_POINT('',(55.,-5.51091059616309E-16,24.5625));
#9283=CARTESIAN_POINT('Origin',(55.,0.,29.0625));
#9284=CARTESIAN_POINT('Origin',(55.,-1.16341445918999E-15,19.5625));
#9285=CARTESIAN_POINT('Origin',(-55.,0.,29.0625));
#9286=CARTESIAN_POINT('',(-55.,-5.51091059616309E-16,33.5625));
#9287=CARTESIAN_POINT('Origin',(-55.,0.,29.0625));
#9288=CARTESIAN_POINT('Origin',(-55.,-1.16341445918999E-15,38.5625));
#9289=CARTESIAN_POINT('Origin',(-47.5,0.,29.0625));
#9290=CARTESIAN_POINT('',(-47.5,3.25,29.0625));
#9291=CARTESIAN_POINT('Origin',(-47.5,0.,29.0625));
#9292=CARTESIAN_POINT('',(-47.5,-2.25,29.0625));
#9293=CARTESIAN_POINT('Origin',(-47.5,0.,29.0625));
#9294=CARTESIAN_POINT('Origin',(-50.,0.,29.0625));
#9295=CARTESIAN_POINT('',(-55.,3.25,29.0625));
#9296=CARTESIAN_POINT('Origin',(-55.,0.,29.0625));
#9297=CARTESIAN_POINT('',(-50.,3.25,29.0625));
#9298=CARTESIAN_POINT('Origin',(-55.,0.,29.0625));
#9299=CARTESIAN_POINT('Origin',(50.,0.,29.0625));
#9300=CARTESIAN_POINT('',(55.,-3.25,29.0625));
#9301=CARTESIAN_POINT('Origin',(55.,0.,29.0625));
#9302=CARTESIAN_POINT('',(50.,-3.25,29.0625));
#9303=CARTESIAN_POINT('',(50.,-3.25,29.0625));
#9304=CARTESIAN_POINT('Origin',(50.,0.,29.0625));
#9305=CARTESIAN_POINT('Origin',(55.,0.,29.0625));
#9306=CARTESIAN_POINT('Origin',(0.,0.,29.0625));
#9307=CARTESIAN_POINT('',(-45.5000014528632,-2.25,29.0625));
#9308=CARTESIAN_POINT('',(0.,-2.25,29.0625));
#9309=CARTESIAN_POINT('Origin',(-45.5000014528632,0.,29.0625));
#9310=CARTESIAN_POINT('Origin',(0.,0.,29.0625));
#9311=CARTESIAN_POINT('',(45.5000014528632,-2.25,29.0625));
#9312=CARTESIAN_POINT('Origin',(45.5000014528632,0.,29.0625));
#9313=CARTESIAN_POINT('',(50.,-2.25,29.0625));
#9314=CARTESIAN_POINT('',(0.,-2.25,29.0625));
#9315=CARTESIAN_POINT('Origin',(50.,0.,29.0625));
#9316=CARTESIAN_POINT('Origin',(0.,1.66533453693773E-15,22.0000003278255));
#9317=CARTESIAN_POINT('',(36.5000014528632,-5.8625,22.0000003278255));
#9318=CARTESIAN_POINT('',(44.5000014528632,-5.8625,22.0000003278255));
#9319=CARTESIAN_POINT('',(22.2500007264316,-5.8625,22.0000003278255));
#9320=CARTESIAN_POINT('',(44.5000014528632,5.86250000000001,22.0000003278255));
#9321=CARTESIAN_POINT('',(44.5000014528632,2.93125,22.0000003278255));
#9322=CARTESIAN_POINT('',(36.5000014528632,5.86250000000001,22.0000003278255));
#9323=CARTESIAN_POINT('',(18.2500007264316,5.8625,22.0000003278255));
#9324=CARTESIAN_POINT('',(36.5000014528632,-2.93125,22.0000003278255));
#9325=CARTESIAN_POINT('Origin',(0.,1.66533453693773E-15,36.125));
#9326=CARTESIAN_POINT('',(36.5000014528632,5.86250000000001,36.125));
#9327=CARTESIAN_POINT('',(44.5000014528632,5.86250000000001,36.125));
#9328=CARTESIAN_POINT('',(22.2500007264316,5.8625,36.125));
#9329=CARTESIAN_POINT('',(44.5000014528632,-5.8625,36.125));
#9330=CARTESIAN_POINT('',(44.5000014528632,-2.93125,36.125));
#9331=CARTESIAN_POINT('',(36.5000014528632,-5.8625,36.125));
#9332=CARTESIAN_POINT('',(18.2500007264316,-5.8625,36.125));
#9333=CARTESIAN_POINT('',(36.5000014528632,2.93125,36.125));
#9334=CARTESIAN_POINT('Origin',(0.,1.66533453693773E-15,22.0000003278255));
#9335=CARTESIAN_POINT('',(-36.5000014528632,5.8625,22.0000003278255));
#9336=CARTESIAN_POINT('',(-44.5000014528632,5.8625,22.0000003278255));
#9337=CARTESIAN_POINT('',(-22.2500007264316,5.8625,22.0000003278255));
#9338=CARTESIAN_POINT('',(-44.5000014528632,-5.86250000000001,22.0000003278255));
#9339=CARTESIAN_POINT('',(-44.5000014528632,-2.93125,22.0000003278255));
#9340=CARTESIAN_POINT('',(-36.5000014528632,-5.8625,22.0000003278255));
#9341=CARTESIAN_POINT('',(-18.2500007264316,-5.8625,22.0000003278255));
#9342=CARTESIAN_POINT('',(-36.5000014528632,2.93125,22.0000003278255));
#9343=CARTESIAN_POINT('Origin',(0.,1.66533453693773E-15,36.125));
#9344=CARTESIAN_POINT('',(-36.5000014528632,-5.8625,36.125));
#9345=CARTESIAN_POINT('',(-44.5000014528632,-5.86250000000001,36.125));
#9346=CARTESIAN_POINT('',(-22.2500007264316,-5.8625,36.125));
#9347=CARTESIAN_POINT('',(-44.5000014528632,5.8625,36.125));
#9348=CARTESIAN_POINT('',(-44.5000014528632,2.93125,36.125));
#9349=CARTESIAN_POINT('',(-36.5000014528632,5.8625,36.125));
#9350=CARTESIAN_POINT('',(-18.2500007264316,5.8625,36.125));
#9351=CARTESIAN_POINT('',(-36.5000014528632,-2.93125,36.125));
#9352=CARTESIAN_POINT('Origin',(0.,1.66533453693773E-15,35.125));
#9353=CARTESIAN_POINT('',(44.5000014528632,-5.06249999999999,35.125));
#9354=CARTESIAN_POINT('',(44.5000014528632,5.06250000000001,35.125));
#9355=CARTESIAN_POINT('',(44.5000014528632,-2.93125,35.125));
#9356=CARTESIAN_POINT('',(45.5000014528632,5.06250000000001,35.125));
#9357=CARTESIAN_POINT('',(22.7500007264316,5.06249999999999,35.125));
#9358=CARTESIAN_POINT('',(45.5000014528632,-5.06249999999999,35.125));
#9359=CARTESIAN_POINT('',(45.5000014528632,-2.53125,35.125));
#9360=CARTESIAN_POINT('',(22.2500007264316,-5.06249999999998,35.125));
#9361=CARTESIAN_POINT('Origin',(0.,1.66533453693773E-15,35.125));
#9362=CARTESIAN_POINT('',(36.5000014528632,5.0625,35.125));
#9363=CARTESIAN_POINT('',(36.5000014528632,-5.06249999999999,35.125));
#9364=CARTESIAN_POINT('',(36.5000014528632,2.93125,35.125));
#9365=CARTESIAN_POINT('',(21.0000014528632,-5.06249999999998,35.125));
#9366=CARTESIAN_POINT('',(10.5000007264316,-5.06249999999997,35.125));
#9367=CARTESIAN_POINT('',(21.0000014528632,5.06249999999999,35.125));
#9368=CARTESIAN_POINT('',(21.0000014528632,3.33125,35.125));
#9369=CARTESIAN_POINT('',(18.2500007264316,5.06249999999999,35.125));
#9370=CARTESIAN_POINT('Origin',(0.,1.66533453693773E-15,35.125));
#9371=CARTESIAN_POINT('',(-44.5000014528632,5.0625,35.125));
#9372=CARTESIAN_POINT('',(-44.5000014528632,-5.0625,35.125));
#9373=CARTESIAN_POINT('',(-44.5000014528632,2.93125,35.125));
#9374=CARTESIAN_POINT('',(-45.5000014528632,-5.0625,35.125));
#9375=CARTESIAN_POINT('',(-22.7500007264316,-5.06249999999999,35.125));
#9376=CARTESIAN_POINT('',(-45.5000014528632,5.0625,35.125));
#9377=CARTESIAN_POINT('',(-45.5000014528632,2.53125,35.125));
#9378=CARTESIAN_POINT('',(-22.2500007264316,5.06249999999999,35.125));
#9379=CARTESIAN_POINT('Origin',(0.,1.66533453693773E-15,35.125));
#9380=CARTESIAN_POINT('',(-36.5000014528632,-5.0625,35.125));
#9381=CARTESIAN_POINT('',(-36.5000014528632,5.06249999999999,35.125));
#9382=CARTESIAN_POINT('',(-36.5000014528632,-2.93125,35.125));
#9383=CARTESIAN_POINT('',(-21.0000014528632,5.06249999999998,35.125));
#9384=CARTESIAN_POINT('',(-10.5000007264316,5.06249999999998,35.125));
#9385=CARTESIAN_POINT('',(-21.0000014528632,-5.06249999999998,35.125));
#9386=CARTESIAN_POINT('',(-21.0000014528632,-3.33125,35.125));
#9387=CARTESIAN_POINT('',(-18.2500007264316,-5.06249999999998,35.125));
#9388=CARTESIAN_POINT('Origin',(-6.66133814775094E-15,2.38418582654276E-7,
23.));
#9389=CARTESIAN_POINT('',(-44.5000014528632,-5.0625,23.));
#9390=CARTESIAN_POINT('',(-44.5000014528632,5.0625,23.));
#9391=CARTESIAN_POINT('',(-44.5000014528632,2.93125011920929,23.));
#9392=CARTESIAN_POINT('',(-45.5000014528632,5.0625,23.));
#9393=CARTESIAN_POINT('',(-47.5000014528632,5.0625,23.));
#9394=CARTESIAN_POINT('',(-45.5000014528632,-5.0625,23.));
#9395=CARTESIAN_POINT('',(-45.5000014528632,5.0625,23.));
#9396=CARTESIAN_POINT('',(-47.5000014528632,-5.06250000000001,23.));
#9397=CARTESIAN_POINT('Origin',(-6.66133814775094E-15,2.38418582654276E-7,
23.));
#9398=CARTESIAN_POINT('',(44.5000014528632,5.06250000000001,23.));
#9399=CARTESIAN_POINT('',(44.5000014528632,-5.06249999999999,23.));
#9400=CARTESIAN_POINT('',(44.5000014528632,-2.93124988079071,23.));
#9401=CARTESIAN_POINT('',(45.5000014528632,-5.06249999999999,23.));
#9402=CARTESIAN_POINT('',(47.5000014528632,-5.0625,23.));
#9403=CARTESIAN_POINT('',(45.5000014528632,5.06250000000001,23.));
#9404=CARTESIAN_POINT('',(45.5000014528632,-5.06249999999999,23.));
#9405=CARTESIAN_POINT('',(47.5000014528632,5.06250000000001,23.));
#9406=CARTESIAN_POINT('Origin',(21.0000014528632,-5.06249999999998,23.));
#9407=CARTESIAN_POINT('',(36.5000014528632,-5.06249999999999,23.));
#9408=CARTESIAN_POINT('',(36.5000014528632,-5.06249999999999,23.));
#9409=CARTESIAN_POINT('',(21.0000014528632,-5.06249999999998,23.));
#9410=CARTESIAN_POINT('',(47.5000014528632,-5.0625,23.));
#9411=CARTESIAN_POINT('',(21.0000014528632,-5.06249999999998,23.));
#9412=CARTESIAN_POINT('Origin',(36.5000014528632,5.0625,23.));
#9413=CARTESIAN_POINT('',(21.0000014528632,5.06249999999999,23.));
#9414=CARTESIAN_POINT('',(21.0000014528632,5.06249999999999,23.));
#9415=CARTESIAN_POINT('',(36.5000014528632,5.0625,23.));
#9416=CARTESIAN_POINT('',(47.5000014528632,5.06250000000001,23.));
#9417=CARTESIAN_POINT('',(36.5000014528632,5.0625,23.));
#9418=CARTESIAN_POINT('Origin',(36.5000014528632,5.86250000000001,23.));
#9419=CARTESIAN_POINT('',(36.5000014528632,5.86250000000001,23.));
#9420=CARTESIAN_POINT('',(36.5000014528632,-5.8625,23.));
#9421=CARTESIAN_POINT('',(36.5000014528632,2.93125011920929,23.));
#9422=CARTESIAN_POINT('Origin',(44.5000014528632,5.86250000000001,23.));
#9423=CARTESIAN_POINT('',(44.5000014528632,5.86250000000001,23.));
#9424=CARTESIAN_POINT('Origin',(44.5000014528632,5.06250000000001,23.));
#9425=CARTESIAN_POINT('',(44.5000014528632,-5.8625,23.));
#9426=CARTESIAN_POINT('',(44.5000014528632,-5.06249999999999,23.));
#9427=CARTESIAN_POINT('',(44.5000014528632,5.06250000000001,23.));
#9428=CARTESIAN_POINT('Origin',(45.5000014528632,5.06250000000001,23.));
#9429=CARTESIAN_POINT('',(45.5000014528632,5.06250000000001,23.));
#9430=CARTESIAN_POINT('Origin',(45.5000014528632,-5.06249999999999,23.));
#9431=CARTESIAN_POINT('',(45.5000014528632,-5.06249999999999,23.));
#9432=CARTESIAN_POINT('Origin',(44.5000014528632,-5.06249999999999,23.));
#9433=CARTESIAN_POINT('Origin',(36.5000014528632,-5.8625,23.));
#9434=CARTESIAN_POINT('Origin',(-36.5000014528632,5.8625,23.));
#9435=CARTESIAN_POINT('',(-44.5000014528632,5.8625,23.));
#9436=CARTESIAN_POINT('',(-36.5000014528632,5.8625,23.));
#9437=CARTESIAN_POINT('Origin',(-21.0000014528632,5.06249999999998,23.));
#9438=CARTESIAN_POINT('',(-36.5000014528632,5.06249999999999,23.));
#9439=CARTESIAN_POINT('',(-36.5000014528632,5.06249999999999,23.));
#9440=CARTESIAN_POINT('',(-21.0000014528632,5.06249999999998,23.));
#9441=CARTESIAN_POINT('',(-47.5000014528632,5.0625,23.));
#9442=CARTESIAN_POINT('',(-21.0000014528632,5.06249999999998,23.));
#9443=CARTESIAN_POINT('Origin',(-36.5000014528632,-5.0625,23.));
#9444=CARTESIAN_POINT('',(-21.0000014528632,-5.06249999999998,23.));
#9445=CARTESIAN_POINT('',(-21.0000014528632,-5.06249999999998,23.));
#9446=CARTESIAN_POINT('',(-36.5000014528632,-5.0625,23.));
#9447=CARTESIAN_POINT('',(-47.5000014528632,-5.06250000000001,23.));
#9448=CARTESIAN_POINT('',(-36.5000014528632,-5.0625,23.));
#9449=CARTESIAN_POINT('Origin',(-36.5000014528632,-5.8625,23.));
#9450=CARTESIAN_POINT('',(-36.5000014528632,-5.8625,23.));
#9451=CARTESIAN_POINT('',(-36.5000014528632,-2.93124988079071,23.));
#9452=CARTESIAN_POINT('Origin',(-44.5000014528632,-5.86250000000001,23.));
#9453=CARTESIAN_POINT('',(-44.5000014528632,-5.86250000000001,23.));
#9454=CARTESIAN_POINT('Origin',(-44.5000014528632,-5.0625,23.));
#9455=CARTESIAN_POINT('',(-44.5000014528632,5.0625,23.));
#9456=CARTESIAN_POINT('',(-44.5000014528632,-5.0625,23.));
#9457=CARTESIAN_POINT('Origin',(-45.5000014528632,-5.0625,23.));
#9458=CARTESIAN_POINT('',(-45.5000014528632,-5.0625,23.));
#9459=CARTESIAN_POINT('Origin',(-45.5000014528632,5.0625,23.));
#9460=CARTESIAN_POINT('',(-45.5000014528632,5.0625,23.));
#9461=CARTESIAN_POINT('Origin',(-44.5000014528632,5.0625,23.));
#9462=CARTESIAN_POINT('Origin',(21.0000014528632,6.6625,23.));
#9463=CARTESIAN_POINT('',(21.0000014528632,-6.6625,23.));
#9464=CARTESIAN_POINT('',(21.0000014528632,3.33125011920929,23.));
#9465=CARTESIAN_POINT('',(21.0000014528632,-6.6625,23.));
#9466=CARTESIAN_POINT('',(21.0000014528632,3.33125011920929,23.));
#9467=CARTESIAN_POINT('Origin',(-21.0000014528632,-6.6625,23.));
#9468=CARTESIAN_POINT('',(-21.0000014528632,-3.33124988079071,23.));
#9469=CARTESIAN_POINT('',(-21.0000014528632,-3.33124988079071,23.));
#9470=CARTESIAN_POINT('Origin',(47.4999989382923,-6.6625,23.));
#9471=CARTESIAN_POINT('',(47.4999989382923,-6.6625,23.));
#9472=CARTESIAN_POINT('Origin',(14.5,16.0000002384186,-1.49011611383365E-8));
#9473=CARTESIAN_POINT('',(15.5,-30.,-1.49011611383365E-8));
#9474=CARTESIAN_POINT('',(14.5,-30.,-1.00000001490116));
#9475=CARTESIAN_POINT('Origin',(14.5,-30.,-1.49011611383365E-8));
#9476=CARTESIAN_POINT('',(15.5,30.,-1.49011611383365E-8));
#9477=CARTESIAN_POINT('',(15.5,16.0000002384186,-1.49011611383365E-8));
#9478=CARTESIAN_POINT('',(14.5,30.,-1.00000001490116));
#9479=CARTESIAN_POINT('Origin',(14.5,30.,-1.49011611383365E-8));
#9480=CARTESIAN_POINT('',(14.5,16.0000002384186,-1.00000001490116));
#9481=CARTESIAN_POINT('Origin',(15.5,-30.,0.));
#9482=CARTESIAN_POINT('',(-14.5,-30.,-1.00000001490116));
#9483=CARTESIAN_POINT('',(7.75,-30.,-1.00000001490116));
#9484=CARTESIAN_POINT('',(-15.5,-30.,-1.49011611383365E-8));
#9485=CARTESIAN_POINT('Origin',(-14.5,-30.,-1.49011611383365E-8));
#9486=CARTESIAN_POINT('',(-15.5,-30.,23.));
#9487=CARTESIAN_POINT('',(-15.5,-30.,0.));
#9488=CARTESIAN_POINT('',(15.5,-30.,23.));
#9489=CARTESIAN_POINT('',(7.74999999999999,-30.,23.));
#9490=CARTESIAN_POINT('',(15.5,-30.,0.));
#9491=CARTESIAN_POINT('Origin',(4.44089209850063E-15,0.,-1.00000001490116));
#9492=CARTESIAN_POINT('',(-14.5,30.,-1.00000001490116));
#9493=CARTESIAN_POINT('',(-7.74999999999999,30.,-1.00000001490116));
#9494=CARTESIAN_POINT('',(-14.5,-15.,-1.00000001490116));
#9495=CARTESIAN_POINT('Origin',(-14.5,-15.,-1.49011611383365E-8));
#9496=CARTESIAN_POINT('',(-15.5,30.,-1.49011611383365E-8));
#9497=CARTESIAN_POINT('Origin',(-14.5,30.,-1.49011611383365E-8));
#9498=CARTESIAN_POINT('',(-15.5,-15.,-1.49011611383365E-8));
#9499=CARTESIAN_POINT('Origin',(-15.5,30.,0.));
#9500=CARTESIAN_POINT('',(15.5,30.,4.));
#9501=CARTESIAN_POINT('',(15.5,30.,0.));
#9502=CARTESIAN_POINT('',(-15.5,30.,4.));
#9503=CARTESIAN_POINT('',(-7.75,30.,4.));
#9504=CARTESIAN_POINT('',(-15.5,30.,0.));
#9505=CARTESIAN_POINT('Origin',(-1.11022302462516E-15,31.0000002384186,
4.));
#9506=CARTESIAN_POINT('',(15.5,32.0000004768372,4.));
#9507=CARTESIAN_POINT('',(15.5,31.5000003576279,4.));
#9508=CARTESIAN_POINT('',(-15.5,32.,4.));
#9509=CARTESIAN_POINT('',(7.75,32.,4.));
#9510=CARTESIAN_POINT('',(-15.5,0.500000119209294,4.));
#9511=CARTESIAN_POINT('Origin',(15.5,32.0000004768372,0.));
#9512=CARTESIAN_POINT('',(15.5,32.0000004768372,23.));
#9513=CARTESIAN_POINT('',(15.5,16.0000003576279,23.));
#9514=CARTESIAN_POINT('',(15.5,32.0000004768372,0.));
#9515=CARTESIAN_POINT('Origin',(-15.5,-30.,0.));
#9516=CARTESIAN_POINT('',(-15.5,32.,23.));
#9517=CARTESIAN_POINT('',(-15.5,32.,0.));
#9518=CARTESIAN_POINT('',(-15.5,-14.9999998807907,23.));
#9519=CARTESIAN_POINT('Origin',(17.5,32.,0.));
#9520=CARTESIAN_POINT('',(8.74999999999999,32.,23.));
#9521=CARTESIAN_POINT('',(-7.75,32.,23.));
#9522=CARTESIAN_POINT('Origin',(-17.5,-32.,0.));
#9523=CARTESIAN_POINT('',(-8.75,-32.,23.));
#9524=CARTESIAN_POINT('Origin',(-6.66133814775094E-15,2.38418582654276E-7,
23.));
#9525=CARTESIAN_POINT('Origin',(0.,0.,90.));
#9526=CARTESIAN_POINT('Origin',(50.,50.,0.));
#9527=CARTESIAN_POINT('Origin',(22.5,-14.5,126.645895496989));
#9528=CARTESIAN_POINT('',(-30.,-47.5,126.645895496989));
#9529=CARTESIAN_POINT('',(-30.,-47.3362272769296,123.362272769296));
#9530=CARTESIAN_POINT('Origin',(-30.,-14.5,126.645895496989));
#9531=CARTESIAN_POINT('',(30.,-47.3362272769296,123.362272769296));
#9532=CARTESIAN_POINT('',(22.5,-47.3362272769296,123.362272769296));
#9533=CARTESIAN_POINT('',(30.,-47.5,126.645895496989));
#9534=CARTESIAN_POINT('Origin',(30.,-14.5,126.645895496989));
#9535=CARTESIAN_POINT('',(22.5,-47.5,126.645895496989));
#9536=CARTESIAN_POINT('Origin',(30.,-45.,130.));
#9537=CARTESIAN_POINT('',(30.,-47.,120.));
#9538=CARTESIAN_POINT('',(30.,-47.6101485148515,126.101485148515));
#9539=CARTESIAN_POINT('',(30.,-45.,120.));
#9540=CARTESIAN_POINT('',(30.,-45.,120.));
#9541=CARTESIAN_POINT('',(30.,-45.,127.5));
#9542=CARTESIAN_POINT('',(30.,-45.,130.));
#9543=CARTESIAN_POINT('',(30.,-42.5,130.));
#9544=CARTESIAN_POINT('Origin',(30.,-42.5,127.5));
#9545=CARTESIAN_POINT('',(30.,-47.5,130.));
#9546=CARTESIAN_POINT('',(30.,-22.5,130.));
#9547=CARTESIAN_POINT('',(30.,-47.5,130.));
#9548=CARTESIAN_POINT('Origin',(15.,-47.25,122.5));
#9549=CARTESIAN_POINT('',(-30.,-47.,120.));
#9550=CARTESIAN_POINT('',(-30.,-47.6225247524752,126.225247524752));
#9551=CARTESIAN_POINT('',(15.,-47.,120.));
#9552=CARTESIAN_POINT('Origin',(19.0625,14.5,126.645895496989));
#9553=CARTESIAN_POINT('',(15.,47.3362272769296,123.362272769296));
#9554=CARTESIAN_POINT('',(15.,47.5,126.645895496989));
#9555=CARTESIAN_POINT('Origin',(15.,14.5,126.645895496989));
#9556=CARTESIAN_POINT('',(45.,47.5,126.645895496989));
#9557=CARTESIAN_POINT('',(19.0625,47.5,126.645895496989));
#9558=CARTESIAN_POINT('',(45.,47.3362272769296,123.362272769296));
#9559=CARTESIAN_POINT('Origin',(45.,14.5,126.645895496989));
#9560=CARTESIAN_POINT('',(19.0625,47.3362272769297,123.362272769296));
#9561=CARTESIAN_POINT('Ctrl Pts',(45.,47.5,126.645895496989));
#9562=CARTESIAN_POINT('Ctrl Pts',(47.5,47.5,126.645895496989));
#9563=CARTESIAN_POINT('Ctrl Pts',(47.5,45.,126.645895496989));
#9564=CARTESIAN_POINT('Ctrl Pts',(45.,47.5,125.));
#9565=CARTESIAN_POINT('Ctrl Pts',(47.5,47.5,125.));
#9566=CARTESIAN_POINT('Ctrl Pts',(47.5,45.,125.));
#9567=CARTESIAN_POINT('Ctrl Pts',(45.,47.3362272769296,123.362272769296));
#9568=CARTESIAN_POINT('Ctrl Pts',(47.3362272769296,47.3362272769296,123.362272769296));
#9569=CARTESIAN_POINT('Ctrl Pts',(47.3362272769296,45.,123.362272769296));
#9570=CARTESIAN_POINT('',(47.5,45.,126.645895496989));
#9571=CARTESIAN_POINT('Origin',(45.,45.,126.645895496989));
#9572=CARTESIAN_POINT('',(47.3362272769296,45.,123.362272769296));
#9573=CARTESIAN_POINT('Origin',(14.5,45.,126.645895496989));
#9574=CARTESIAN_POINT('Origin',(45.,45.,123.362272769296));
#9575=CARTESIAN_POINT('Origin',(14.5,43.7937787871974,126.645895496989));
#9576=CARTESIAN_POINT('',(47.5,17.850230297579,126.645895496989));
#9577=CARTESIAN_POINT('',(47.3362272769296,17.850230297579,123.362272769296));
#9578=CARTESIAN_POINT('Origin',(14.5,17.850230297579,126.645895496989));
#9579=CARTESIAN_POINT('',(47.3362272769296,43.7937787871974,123.362272769296));
#9580=CARTESIAN_POINT('',(47.5,43.7937787871974,126.645895496989));
#9581=CARTESIAN_POINT('Origin',(47.5,17.850230297579,130.));
#9582=CARTESIAN_POINT('',(47.5,17.850230297579,130.));
#9583=CARTESIAN_POINT('',(47.5,17.850230297579,130.));
#9584=CARTESIAN_POINT('',(42.5,17.8502302975792,130.));
#9585=CARTESIAN_POINT('',(23.7500000000004,17.85023029758,130.));
#9586=CARTESIAN_POINT('',(45.,17.8502302975791,127.5));
#9587=CARTESIAN_POINT('Origin',(42.5,17.850230297579,127.5));
#9588=CARTESIAN_POINT('',(45.,17.8502302975791,120.));
#9589=CARTESIAN_POINT('',(45.,17.8502302975791,130.));
#9590=CARTESIAN_POINT('',(47.,17.850230297579,120.));
#9591=CARTESIAN_POINT('',(47.5,17.850230297579,120.));
#9592=CARTESIAN_POINT('',(47.6225247524752,17.850230297579,126.225247524752));
#9593=CARTESIAN_POINT('Origin',(47.5,47.5,130.));
#9594=CARTESIAN_POINT('',(47.5,45.,130.));
#9595=CARTESIAN_POINT('',(47.5,45.,130.));
#9596=CARTESIAN_POINT('',(47.5,23.75,130.));
#9597=CARTESIAN_POINT('Origin',(45.,45.,130.));
#9598=CARTESIAN_POINT('',(45.,47.5,130.));
#9599=CARTESIAN_POINT('',(45.,47.5,130.));
#9600=CARTESIAN_POINT('Origin',(45.,45.,130.));
#9601=CARTESIAN_POINT('Origin',(15.,47.5,130.));
#9602=CARTESIAN_POINT('',(15.,47.5,130.));
#9603=CARTESIAN_POINT('',(15.,47.5,130.));
#9604=CARTESIAN_POINT('',(7.5,47.5,130.));
#9605=CARTESIAN_POINT('Origin',(-14.5,21.5564515103816,126.645895496989));
#9606=CARTESIAN_POINT('',(-47.3362272769296,17.850230297579,123.362272769296));
#9607=CARTESIAN_POINT('',(-47.5,17.850230297579,126.645895496989));
#9608=CARTESIAN_POINT('Origin',(-14.5,17.8502302975789,126.645895496989));
#9609=CARTESIAN_POINT('',(-47.5,45.,126.645895496989));
#9610=CARTESIAN_POINT('',(-47.5,21.5564515103816,126.645895496989));
#9611=CARTESIAN_POINT('',(-47.3362272769296,45.,123.362272769296));
#9612=CARTESIAN_POINT('Origin',(-14.5,45.,126.645895496989));
#9613=CARTESIAN_POINT('',(-47.3362272769297,21.5564515103816,123.362272769296));
#9614=CARTESIAN_POINT('Ctrl Pts',(-47.5,45.,126.645895496989));
#9615=CARTESIAN_POINT('Ctrl Pts',(-47.5,47.5,126.645895496989));
#9616=CARTESIAN_POINT('Ctrl Pts',(-45.,47.5,126.645895496989));
#9617=CARTESIAN_POINT('Ctrl Pts',(-47.5,45.,125.));
#9618=CARTESIAN_POINT('Ctrl Pts',(-47.5,47.5,125.));
#9619=CARTESIAN_POINT('Ctrl Pts',(-45.,47.5,125.));
#9620=CARTESIAN_POINT('Ctrl Pts',(-47.3362272769296,45.,123.362272769296));
#9621=CARTESIAN_POINT('Ctrl Pts',(-47.3362272769296,47.3362272769296,123.362272769296));
#9622=CARTESIAN_POINT('Ctrl Pts',(-45.,47.3362272769296,123.362272769296));
#9623=CARTESIAN_POINT('',(-45.,47.5,126.645895496989));
#9624=CARTESIAN_POINT('Origin',(-45.,45.,126.645895496989));
#9625=CARTESIAN_POINT('',(-45.,47.3362272769296,123.362272769296));
#9626=CARTESIAN_POINT('Origin',(-45.,14.5,126.645895496989));
#9627=CARTESIAN_POINT('Origin',(-45.,45.,123.362272769296));
#9628=CARTESIAN_POINT('Origin',(-43.4375,14.5,126.645895496989));
#9629=CARTESIAN_POINT('',(-15.,47.5,126.645895496989));
#9630=CARTESIAN_POINT('',(-15.,47.3362272769296,123.362272769296));
#9631=CARTESIAN_POINT('Origin',(-15.,14.5,126.645895496989));
#9632=CARTESIAN_POINT('',(-43.4375,47.3362272769297,123.362272769296));
#9633=CARTESIAN_POINT('',(-43.4375,47.5,126.645895496989));
#9634=CARTESIAN_POINT('Origin',(-15.,47.5,130.));
#9635=CARTESIAN_POINT('',(-15.,47.5,130.));
#9636=CARTESIAN_POINT('',(-15.,47.5,130.));
#9637=CARTESIAN_POINT('',(-15.,42.5,130.));
#9638=CARTESIAN_POINT('',(-15.,23.75,130.));
#9639=CARTESIAN_POINT('',(-15.,45.,127.5));
#9640=CARTESIAN_POINT('Origin',(-15.,42.5,127.5));
#9641=CARTESIAN_POINT('',(-15.,45.,120.));
#9642=CARTESIAN_POINT('',(-15.,45.,130.));
#9643=CARTESIAN_POINT('',(-15.,47.,120.));
#9644=CARTESIAN_POINT('',(-15.,45.,120.));
#9645=CARTESIAN_POINT('',(-15.,47.6225247524752,126.225247524752));
#9646=CARTESIAN_POINT('Origin',(-47.5,47.5,130.));
#9647=CARTESIAN_POINT('',(-45.,47.5,130.));
#9648=CARTESIAN_POINT('',(-45.,47.5,130.));
#9649=CARTESIAN_POINT('',(-23.75,47.5,130.));
#9650=CARTESIAN_POINT('Origin',(-45.,45.,130.));
#9651=CARTESIAN_POINT('',(-47.5,45.,130.));
#9652=CARTESIAN_POINT('',(-47.5,45.,130.));
#9653=CARTESIAN_POINT('Origin',(-45.,45.,130.));
#9654=CARTESIAN_POINT('Origin',(-47.5,17.850230297579,130.));
#9655=CARTESIAN_POINT('',(-47.5,17.850230297579,130.));
#9656=CARTESIAN_POINT('',(-47.5,17.850230297579,130.));
#9657=CARTESIAN_POINT('',(-47.5,8.92511514878949,130.));
#9658=CARTESIAN_POINT('Origin',(-30.,-47.5,130.));
#9659=CARTESIAN_POINT('',(-30.,-47.5,130.));
#9660=CARTESIAN_POINT('',(-30.,-47.5,130.));
#9661=CARTESIAN_POINT('',(-30.,-42.5,130.));
#9662=CARTESIAN_POINT('',(-30.,-23.75,130.));
#9663=CARTESIAN_POINT('',(-30.,-45.,127.5));
#9664=CARTESIAN_POINT('Origin',(-30.,-42.5,127.5));
#9665=CARTESIAN_POINT('',(-30.,-45.,120.));
#9666=CARTESIAN_POINT('',(-30.,-45.,130.));
#9667=CARTESIAN_POINT('',(-30.,-45.,120.));
#9668=CARTESIAN_POINT('Origin',(30.,-47.5,130.));
#9669=CARTESIAN_POINT('',(15.,-47.5,130.));
#9670=CARTESIAN_POINT('Origin',(23.125,47.25,122.5));
#9671=CARTESIAN_POINT('',(45.,47.,120.));
#9672=CARTESIAN_POINT('',(45.,47.5,125.));
#9673=CARTESIAN_POINT('',(15.,47.,120.));
#9674=CARTESIAN_POINT('',(23.125,47.,120.));
#9675=CARTESIAN_POINT('',(15.,47.6101485148515,126.101485148515));
#9676=CARTESIAN_POINT('Origin',(45.,45.,122.5));
#9677=CARTESIAN_POINT('',(47.,45.,120.));
#9678=CARTESIAN_POINT('',(47.5,45.,125.));
#9679=CARTESIAN_POINT('Origin',(45.,45.,120.));
#9680=CARTESIAN_POINT('Origin',(47.25,40.0875575743947,122.5));
#9681=CARTESIAN_POINT('',(47.,40.0875575743947,120.));
#9682=CARTESIAN_POINT('Origin',(-39.375,47.25,122.5));
#9683=CARTESIAN_POINT('',(-45.,47.,120.));
#9684=CARTESIAN_POINT('',(-39.375,47.,120.));
#9685=CARTESIAN_POINT('',(-45.,47.,120.));
#9686=CARTESIAN_POINT('Origin',(-45.,45.,122.5));
#9687=CARTESIAN_POINT('',(-47.,45.,120.));
#9688=CARTESIAN_POINT('Origin',(-45.,45.,120.));
#9689=CARTESIAN_POINT('',(-47.,45.,120.));
#9690=CARTESIAN_POINT('Origin',(-47.25,25.2626727231842,122.5));
#9691=CARTESIAN_POINT('',(-47.,17.850230297579,120.));
#9692=CARTESIAN_POINT('',(-47.,25.2626727231842,120.));
#9693=CARTESIAN_POINT('',(-47.6101485148515,17.850230297579,126.101485148515));
#9694=CARTESIAN_POINT('Origin',(-31.25,32.6751151487894,120.));
#9695=CARTESIAN_POINT('',(-42.5,45.,120.));
#9696=CARTESIAN_POINT('',(-45.,45.,120.));
#9697=CARTESIAN_POINT('',(-45.,42.5,120.));
#9698=CARTESIAN_POINT('Origin',(-42.5,42.5,120.));
#9699=CARTESIAN_POINT('',(-45.,17.8502302975789,120.));
#9700=CARTESIAN_POINT('',(-45.,17.8502302975789,120.));
#9701=CARTESIAN_POINT('',(-47.5,17.850230297579,120.));
#9702=CARTESIAN_POINT('Origin',(49.,49.,132.5));
#9703=CARTESIAN_POINT('',(49.,-45.,132.5));
#9704=CARTESIAN_POINT('',(49.,49.,132.5));
#9705=CARTESIAN_POINT('',(49.,24.5,132.5));
#9706=CARTESIAN_POINT('',(49.,-45.,133.5));
#9707=CARTESIAN_POINT('',(49.,-45.,132.5));
#9708=CARTESIAN_POINT('',(49.,49.,133.5));
#9709=CARTESIAN_POINT('',(49.,-45.,133.5));
#9710=CARTESIAN_POINT('',(49.,49.,132.5));
#9711=CARTESIAN_POINT('Origin',(-49.,49.,132.5));
#9712=CARTESIAN_POINT('',(-49.,49.,132.5));
#9713=CARTESIAN_POINT('',(-24.5,49.,132.5));
#9714=CARTESIAN_POINT('',(-49.,49.,133.5));
#9715=CARTESIAN_POINT('',(49.,49.,133.5));
#9716=CARTESIAN_POINT('',(-49.,49.,132.5));
#9717=CARTESIAN_POINT('Origin',(-49.,-45.,132.5));
#9718=CARTESIAN_POINT('',(-49.,-45.,132.5));
#9719=CARTESIAN_POINT('',(-49.,-22.5,132.5));
#9720=CARTESIAN_POINT('',(-49.,-45.,133.5));
#9721=CARTESIAN_POINT('',(-49.,49.,133.5));
#9722=CARTESIAN_POINT('',(-49.,-45.,132.5));
#9723=CARTESIAN_POINT('Origin',(-45.,-45.,132.5));
#9724=CARTESIAN_POINT('',(-45.,-49.,132.5));
#9725=CARTESIAN_POINT('Origin',(-45.,-45.,132.5));
#9726=CARTESIAN_POINT('',(-45.,-49.,133.5));
#9727=CARTESIAN_POINT('Origin',(-45.,-45.,133.5));
#9728=CARTESIAN_POINT('',(-45.,-49.,132.5));
#9729=CARTESIAN_POINT('Origin',(45.,-49.,132.5));
#9730=CARTESIAN_POINT('',(45.,-49.,132.5));
#9731=CARTESIAN_POINT('',(22.5,-49.,132.5));
#9732=CARTESIAN_POINT('',(45.,-49.,133.5));
#9733=CARTESIAN_POINT('',(45.,-49.,133.5));
#9734=CARTESIAN_POINT('',(45.,-49.,132.5));
#9735=CARTESIAN_POINT('Origin',(45.,-45.,132.5));
#9736=CARTESIAN_POINT('Origin',(45.,-45.,132.5));
#9737=CARTESIAN_POINT('Origin',(45.,-45.,133.5));
#9738=CARTESIAN_POINT('Origin',(0.,0.,133.5));
#9739=CARTESIAN_POINT('',(50.,50.,133.5));
#9740=CARTESIAN_POINT('',(-50.,50.,133.5));
#9741=CARTESIAN_POINT('',(50.,50.,133.5));
#9742=CARTESIAN_POINT('',(-50.,-45.,133.5));
#9743=CARTESIAN_POINT('',(-50.,50.,133.5));
#9744=CARTESIAN_POINT('',(-45.,-50.,133.5));
#9745=CARTESIAN_POINT('Origin',(-45.,-45.,133.5));
#9746=CARTESIAN_POINT('',(45.,-50.,133.5));
#9747=CARTESIAN_POINT('',(-45.,-50.,133.5));
#9748=CARTESIAN_POINT('',(50.,-45.,133.5));
#9749=CARTESIAN_POINT('Origin',(45.,-45.,133.5));
#9750=CARTESIAN_POINT('',(50.,-45.,133.5));
#9751=CARTESIAN_POINT('Origin',(42.5,42.5,130.));
#9752=CARTESIAN_POINT('',(45.,42.5,127.5));
#9753=CARTESIAN_POINT('',(42.5,45.,127.5));
#9754=CARTESIAN_POINT('Origin',(42.5,42.5,127.5));
#9755=CARTESIAN_POINT('',(42.5,45.,120.));
#9756=CARTESIAN_POINT('',(42.5,45.,130.));
#9757=CARTESIAN_POINT('',(45.,42.5,120.));
#9758=CARTESIAN_POINT('Origin',(42.5,42.5,120.));
#9759=CARTESIAN_POINT('',(45.,42.5,130.));
#9760=CARTESIAN_POINT('Origin',(42.5,42.5,127.5));
#9761=CARTESIAN_POINT('',(42.5,42.5,130.));
#9762=CARTESIAN_POINT('Origin',(42.5,42.5,127.5));
#9763=CARTESIAN_POINT('Origin',(42.5,42.5,127.5));
#9764=CARTESIAN_POINT('Origin',(45.,17.8502302975791,130.));
#9765=CARTESIAN_POINT('',(45.,17.8502302975791,120.));
#9766=CARTESIAN_POINT('',(45.,8.92511514878955,127.5));
#9767=CARTESIAN_POINT('Origin',(-42.5,42.5,130.));
#9768=CARTESIAN_POINT('',(-42.5,45.,127.5));
#9769=CARTESIAN_POINT('',(-45.,42.5,127.5));
#9770=CARTESIAN_POINT('Origin',(-42.5,42.5,127.5));
#9771=CARTESIAN_POINT('',(-45.,42.5,130.));
#9772=CARTESIAN_POINT('',(-42.5,45.,130.));
#9773=CARTESIAN_POINT('Origin',(-42.5,42.5,127.5));
#9774=CARTESIAN_POINT('',(-42.5,42.5,130.));
#9775=CARTESIAN_POINT('Origin',(-42.5,42.5,127.5));
#9776=CARTESIAN_POINT('Origin',(-42.5,42.5,127.5));
#9777=CARTESIAN_POINT('Origin',(-15.,45.,130.));
#9778=CARTESIAN_POINT('',(-7.5,45.,127.5));
#9779=CARTESIAN_POINT('Origin',(-42.5,22.5,127.5));
#9780=CARTESIAN_POINT('',(-42.5,17.8502302975788,130.));
#9781=CARTESIAN_POINT('',(-42.5,22.5,130.));
#9782=CARTESIAN_POINT('',(-45.,17.8502302975789,127.5));
#9783=CARTESIAN_POINT('Origin',(-42.5,17.8502302975789,127.5));
#9784=CARTESIAN_POINT('',(-45.,22.5,127.5));
#9785=CARTESIAN_POINT('Origin',(-7.5,42.5,127.5));
#9786=CARTESIAN_POINT('',(-7.5,42.5,130.));
#9787=CARTESIAN_POINT('Origin',(0.,0.,130.));
#9788=CARTESIAN_POINT('',(45.,-50.,130.));
#9789=CARTESIAN_POINT('',(50.,-45.,130.));
#9790=CARTESIAN_POINT('Origin',(45.,-45.,130.));
#9791=CARTESIAN_POINT('',(-45.,-50.,130.));
#9792=CARTESIAN_POINT('',(45.,-50.,130.));
#9793=CARTESIAN_POINT('',(-50.,-45.,130.));
#9794=CARTESIAN_POINT('Origin',(-45.,-45.,130.));
#9795=CARTESIAN_POINT('',(-50.,50.,130.));
#9796=CARTESIAN_POINT('',(-50.,-45.,130.));
#9797=CARTESIAN_POINT('',(50.,50.,130.));
#9798=CARTESIAN_POINT('',(-50.,50.,130.));
#9799=CARTESIAN_POINT('',(50.,50.,130.));
#9800=CARTESIAN_POINT('',(-15.,-42.5,130.));
#9801=CARTESIAN_POINT('',(-22.4999999999996,17.8502302975779,130.));
#9802=CARTESIAN_POINT('',(15.,42.5,130.));
#9803=CARTESIAN_POINT('',(15.,22.5,130.));
#9804=CARTESIAN_POINT('',(22.5,42.5,130.));
#9805=CARTESIAN_POINT('',(42.5,8.92511514878955,130.));
#9806=CARTESIAN_POINT('Origin',(22.5,42.5,127.5));
#9807=CARTESIAN_POINT('',(15.,45.,127.5));
#9808=CARTESIAN_POINT('Origin',(15.,42.5,127.5));
#9809=CARTESIAN_POINT('',(22.5,45.,127.5));
#9810=CARTESIAN_POINT('Origin',(42.5,8.92511514878955,127.5));
#9811=CARTESIAN_POINT('Origin',(-15.,-42.5,127.5));
#9812=CARTESIAN_POINT('',(-15.,-45.,127.5));
#9813=CARTESIAN_POINT('Origin',(-30.,-45.,130.));
#9814=CARTESIAN_POINT('',(30.,-45.,120.));
#9815=CARTESIAN_POINT('Origin',(-45.,17.8502302975789,130.));
#9816=CARTESIAN_POINT('',(-45.,17.8502302975789,130.));
#9817=CARTESIAN_POINT('Origin',(-45.,45.,130.));
#9818=CARTESIAN_POINT('Origin',(15.,45.,130.));
#9819=CARTESIAN_POINT('',(15.,45.,120.));
#9820=CARTESIAN_POINT('',(15.,45.,120.));
#9821=CARTESIAN_POINT('',(15.,45.,130.));
#9822=CARTESIAN_POINT('Origin',(45.,45.,130.));
#9823=CARTESIAN_POINT('',(45.,45.,120.));
#9824=CARTESIAN_POINT('Origin',(31.25,32.6751151487895,120.));
#9825=CARTESIAN_POINT('Origin',(0.,-46.25,120.));
#9826=CARTESIAN_POINT('Origin',(-45.,-50.,130.));
#9827=CARTESIAN_POINT('',(45.,-50.,130.));
#9828=CARTESIAN_POINT('',(-45.,-50.,130.));
#9829=CARTESIAN_POINT('Origin',(-45.,-45.,130.));
#9830=CARTESIAN_POINT('',(-50.,-45.,130.));
#9831=CARTESIAN_POINT('Origin',(-50.,50.,130.));
#9832=CARTESIAN_POINT('',(-50.,50.,130.));
#9833=CARTESIAN_POINT('Origin',(50.,50.,130.));
#9834=CARTESIAN_POINT('',(50.,50.,130.));
#9835=CARTESIAN_POINT('Origin',(50.,-45.,130.));
#9836=CARTESIAN_POINT('',(50.,-45.,130.));
#9837=CARTESIAN_POINT('Origin',(45.,-45.,130.));
#9838=CARTESIAN_POINT('Origin',(0.,0.,132.5));
#9839=UNCERTAINTY_MEASURE_WITH_UNIT(LENGTH_MEASURE(0.01),#9843,
'DISTANCE_ACCURACY_VALUE',
'Maximum model space distance between geometric entities at asserted c
onnectivities');
#9840=UNCERTAINTY_MEASURE_WITH_UNIT(LENGTH_MEASURE(0.01),#9843,
'DISTANCE_ACCURACY_VALUE',
'Maximum model space distance between geometric entities at asserted c
onnectivities');
#9841=(
GEOMETRIC_REPRESENTATION_CONTEXT(3)
GLOBAL_UNCERTAINTY_ASSIGNED_CONTEXT((#9839))
GLOBAL_UNIT_ASSIGNED_CONTEXT((#9843,#9845,#9846))
REPRESENTATION_CONTEXT('','3D')
);
#9842=(
GEOMETRIC_REPRESENTATION_CONTEXT(3)
GLOBAL_UNCERTAINTY_ASSIGNED_CONTEXT((#9840))
GLOBAL_UNIT_ASSIGNED_CONTEXT((#9843,#9845,#9846))
REPRESENTATION_CONTEXT('','3D')
);
#9843=(
LENGTH_UNIT()
NAMED_UNIT(*)
SI_UNIT(.MILLI.,.METRE.)
);
#9844=(
LENGTH_UNIT()
NAMED_UNIT(*)
SI_UNIT($,.METRE.)
);
#9845=(
NAMED_UNIT(*)
PLANE_ANGLE_UNIT()
SI_UNIT($,.RADIAN.)
);
#9846=(
NAMED_UNIT(*)
SI_UNIT($,.STERADIAN.)
SOLID_ANGLE_UNIT()
);
#9847=SHAPE_DEFINITION_REPRESENTATION(#9848,#9849);
#9848=PRODUCT_DEFINITION_SHAPE('',$,#9851);
#9849=SHAPE_REPRESENTATION('',(#5626),#9841);
#9850=PRODUCT_DEFINITION_CONTEXT('part definition',#9855,'design');
#9851=PRODUCT_DEFINITION('(Unsaved)','(Unsaved)',#9852,#9850);
#9852=PRODUCT_DEFINITION_FORMATION('',$,#9857);
#9853=PRODUCT_RELATED_PRODUCT_CATEGORY('(Unsaved)','(Unsaved)',(#9857));
#9854=APPLICATION_PROTOCOL_DEFINITION('international standard',
'automotive_design',2009,#9855);
#9855=APPLICATION_CONTEXT(
'Core Data for Automotive Mechanical Design Process');
#9856=PRODUCT_CONTEXT('part definition',#9855,'mechanical');
#9857=PRODUCT('(Unsaved)','(Unsaved)',$,(#9856));
#9858=PRESENTATION_STYLE_ASSIGNMENT((#9859));
#9859=SURFACE_STYLE_USAGE(.BOTH.,#9860);
#9860=SURFACE_SIDE_STYLE('',(#9861));
#9861=SURFACE_STYLE_FILL_AREA(#9862);
#9862=FILL_AREA_STYLE('Steel - Satin',(#9863));
#9863=FILL_AREA_STYLE_COLOUR('Steel - Satin',#9864);
#9864=COLOUR_RGB('Steel - Satin',0.792156862745098,0.792156862745098,0.792156862745098);
ENDSEC;
END-ISO-10303-21;
