ISO-10303-21;
HEADER;
/* Generated by software containing ST-Developer
 * from STEP Tools, Inc. (www.steptools.com) 
 */

FILE_DESCRIPTION(
/* description */ (''),
/* implementation_level */ '2;1');

FILE_NAME(
/* name */ 'Chassis - 8.step',
/* time_stamp */ '2026-08-11T11:11:31-04:00',
/* author */ (''),
/* organization */ (''),
/* preprocessor_version */ 'ST-DEVELOPER v20.1',
/* originating_system */ 'Autodesk Translation Framework v15.8.0.0',
/* authorisation */ '');

FILE_SCHEMA (('AUTOMOTIVE_DESIGN { 1 0 10303 214 3 1 1 }'));
ENDSEC;

DATA;
#10=MECHANICAL_DESIGN_GEOMETRIC_PRESENTATION_REPRESENTATION('',(#15,#16),
#10064);
#11=SHAPE_REPRESENTATION_RELATIONSHIP('SRR','None',#10071,#12);
#12=ADVANCED_BREP_SHAPE_REPRESENTATION('',(#17,#18),#10063);
#13=CONICAL_SURFACE('',#6092,2.25,0.0996686524911618);
#14=CONICAL_SURFACE('',#6096,2.25,0.0996686524911618);
#15=STYLED_ITEM('',(#10080),#17);
#16=STYLED_ITEM('',(#10080),#18);
#17=MANIFOLD_SOLID_BREP('Chassis',#5678);
#18=MANIFOLD_SOLID_BREP('Roof',#5679);
#19=ELLIPSE('',#5947,0.707106781186548,0.5);
#20=ELLIPSE('',#5950,0.707106781186548,0.5);
#21=SPHERICAL_SURFACE('',#5841,2.5);
#22=SPHERICAL_SURFACE('',#5847,2.5);
#23=SPHERICAL_SURFACE('',#6117,2.5);
#24=SPHERICAL_SURFACE('',#6123,2.5);
#25=(
BOUNDED_CURVE()
B_SPLINE_CURVE(2,(#8582,#8583,#8584),.UNSPECIFIED.,.F.,.F.)
B_SPLINE_CURVE_WITH_KNOTS((3,3),(-1.5707963267949,-0.927428575437753),
 .UNSPECIFIED.)
CURVE()
GEOMETRIC_REPRESENTATION_ITEM()
RATIONAL_B_SPLINE_CURVE((1.,0.948088441479414,0.998746325407627))
REPRESENTATION_ITEM('')
);
#26=(
BOUNDED_SURFACE()
B_SPLINE_SURFACE(2,2,((#8553,#8554,#8555,#8556,#8557,#8558,#8559,#8560,
#8561),(#8562,#8563,#8564,#8565,#8566,#8567,#8568,#8569,#8570),(#8571,#8572,
#8573,#8574,#8575,#8576,#8577,#8578,#8579)),.UNSPECIFIED.,.F.,.T.,.F.)
B_SPLINE_SURFACE_WITH_KNOTS((3,3),(3,2,2,2,3),(0.919564890268252,1.5707963267949),
(-3.14159265358979,-1.5707963267949,0.,1.5707963267949,3.14159265358979),
 .UNSPECIFIED.)
GEOMETRIC_REPRESENTATION_ITEM()
RATIONAL_B_SPLINE_SURFACE(((1.,0.707106781186548,1.,0.707106781186548,1.,
0.707106781186548,1.,0.707106781186548,1.),(0.947453942544702,0.669951107635288,
0.947453942544702,0.669951107635288,0.947453942544702,0.669951107635288,
0.947453942544702,0.669951107635288,0.947453942544702),(1.,0.707106781186548,
1.,0.707106781186548,1.,0.707106781186548,1.,0.707106781186548,1.)))
REPRESENTATION_ITEM('')
SURFACE()
);
#27=(
BOUNDED_SURFACE()
B_SPLINE_SURFACE(2,2,((#8591,#8592,#8593,#8594,#8595,#8596,#8597,#8598,
#8599),(#8600,#8601,#8602,#8603,#8604,#8605,#8606,#8607,#8608),(#8609,#8610,
#8611,#8612,#8613,#8614,#8615,#8616,#8617)),.UNSPECIFIED.,.F.,.T.,.F.)
B_SPLINE_SURFACE_WITH_KNOTS((3,3),(3,2,2,2,3),(0.927295218001612,1.5707963267949),
(-3.14159265358979,-1.5707963267949,0.,1.5707963267949,3.14159265358979),
 .UNSPECIFIED.)
GEOMETRIC_REPRESENTATION_ITEM()
RATIONAL_B_SPLINE_SURFACE(((1.,0.707106781186548,1.,0.707106781186548,1.,
0.707106781186548,1.,0.707106781186548,1.),(0.948683298050514,0.670820393249937,
0.948683298050514,0.670820393249937,0.948683298050514,0.670820393249937,
0.948683298050514,0.670820393249937,0.948683298050514),(1.,0.707106781186548,
1.,0.707106781186548,1.,0.707106781186548,1.,0.707106781186548,1.)))
REPRESENTATION_ITEM('')
SURFACE()
);
#28=(
BOUNDED_SURFACE()
B_SPLINE_SURFACE(2,2,((#9179,#9180,#9181),(#9182,#9183,#9184),(#9185,#9186,
#9187)),.UNSPECIFIED.,.F.,.F.,.F.)
B_SPLINE_SURFACE_WITH_KNOTS((3,3),(3,3),(-1.5707963267949,0.),(-1.5707963267949,
0.),.UNSPECIFIED.)
GEOMETRIC_REPRESENTATION_ITEM()
RATIONAL_B_SPLINE_SURFACE(((1.,0.707106781186548,1.),(0.707106781186546,
0.499999999999999,0.707106781186546),(1.,0.707106781186548,1.)))
REPRESENTATION_ITEM('')
SURFACE()
);
#29=(
BOUNDED_SURFACE()
B_SPLINE_SURFACE(2,2,((#9192,#9193,#9194),(#9195,#9196,#9197),(#9198,#9199,
#9200)),.UNSPECIFIED.,.F.,.F.,.F.)
B_SPLINE_SURFACE_WITH_KNOTS((3,3),(3,3),(-1.5707963267949,0.),(-3.14159265358979,
-1.5707963267949),.UNSPECIFIED.)
GEOMETRIC_REPRESENTATION_ITEM()
RATIONAL_B_SPLINE_SURFACE(((1.,0.707106781186548,1.),(0.707106781186546,
0.499999999999999,0.707106781186546),(1.,0.707106781186548,1.)))
REPRESENTATION_ITEM('')
SURFACE()
);
#30=(
BOUNDED_SURFACE()
B_SPLINE_SURFACE(2,2,((#9783,#9784,#9785),(#9786,#9787,#9788),(#9789,#9790,
#9791)),.UNSPECIFIED.,.F.,.F.,.F.)
B_SPLINE_SURFACE_WITH_KNOTS((3,3),(3,3),(-3.22973970800046E-15,0.0996686524911617),
(1.5707963267949,3.14159265358979),.UNSPECIFIED.)
GEOMETRIC_REPRESENTATION_ITEM()
RATIONAL_B_SPLINE_SURFACE(((1.,0.707106781186548,1.),(0.998758526924834,
0.706228927156437,0.998758526924834),(1.,0.707106781186548,1.)))
REPRESENTATION_ITEM('')
SURFACE()
);
#31=(
BOUNDED_SURFACE()
B_SPLINE_SURFACE(2,2,((#9836,#9837,#9838),(#9839,#9840,#9841),(#9842,#9843,
#9844)),.UNSPECIFIED.,.F.,.F.,.F.)
B_SPLINE_SURFACE_WITH_KNOTS((3,3),(3,3),(-3.22973970800046E-15,0.0996686524911617),
(0.,1.5707963267949),.UNSPECIFIED.)
GEOMETRIC_REPRESENTATION_ITEM()
RATIONAL_B_SPLINE_SURFACE(((1.,0.707106781186548,1.),(0.998758526924834,
0.706228927156437,0.998758526924834),(1.,0.707106781186548,1.)))
REPRESENTATION_ITEM('')
SURFACE()
);
#32=TOROIDAL_SURFACE('',#5740,4.35424868893541,1.);
#33=TOROIDAL_SURFACE('',#5751,4.35424868893541,1.);
#34=TOROIDAL_SURFACE('',#5958,10.5,0.5);
#35=TOROIDAL_SURFACE('',#5985,9.5,5.);
#36=TOROIDAL_SURFACE('',#5988,9.5,5.);
#37=CYLINDRICAL_SURFACE('',#5698,1.);
#38=CYLINDRICAL_SURFACE('',#5702,1.);
#39=CYLINDRICAL_SURFACE('',#5706,1.);
#40=CYLINDRICAL_SURFACE('',#5710,1.);
#41=CYLINDRICAL_SURFACE('',#5714,2.6);
#42=CYLINDRICAL_SURFACE('',#5716,2.6);
#43=CYLINDRICAL_SURFACE('',#5719,2.6);
#44=CYLINDRICAL_SURFACE('',#5721,2.6);
#45=CYLINDRICAL_SURFACE('',#5726,5.);
#46=CYLINDRICAL_SURFACE('',#5730,5.);
#47=CYLINDRICAL_SURFACE('',#5734,5.);
#48=CYLINDRICAL_SURFACE('',#5737,5.);
#49=CYLINDRICAL_SURFACE('',#5759,2.5);
#50=CYLINDRICAL_SURFACE('',#5773,2.5);
#51=CYLINDRICAL_SURFACE('',#5774,2.5);
#52=CYLINDRICAL_SURFACE('',#5775,2.5);
#53=CYLINDRICAL_SURFACE('',#5776,2.5);
#54=CYLINDRICAL_SURFACE('',#5777,2.5);
#55=CYLINDRICAL_SURFACE('',#5778,2.5);
#56=CYLINDRICAL_SURFACE('',#5782,2.5);
#57=CYLINDRICAL_SURFACE('',#5786,2.5);
#58=CYLINDRICAL_SURFACE('',#5790,2.5);
#59=CYLINDRICAL_SURFACE('',#5800,2.5);
#60=CYLINDRICAL_SURFACE('',#5802,2.5);
#61=CYLINDRICAL_SURFACE('',#5805,2.5);
#62=CYLINDRICAL_SURFACE('',#5808,2.5);
#63=CYLINDRICAL_SURFACE('',#5812,2.5);
#64=CYLINDRICAL_SURFACE('',#5816,2.5);
#65=CYLINDRICAL_SURFACE('',#5825,2.5);
#66=CYLINDRICAL_SURFACE('',#5828,2.5);
#67=CYLINDRICAL_SURFACE('',#5833,2.5);
#68=CYLINDRICAL_SURFACE('',#5836,2.5);
#69=CYLINDRICAL_SURFACE('',#5838,2.5);
#70=CYLINDRICAL_SURFACE('',#5840,2.5);
#71=CYLINDRICAL_SURFACE('',#5845,2.5);
#72=CYLINDRICAL_SURFACE('',#5851,2.5);
#73=CYLINDRICAL_SURFACE('',#5853,2.5);
#74=CYLINDRICAL_SURFACE('',#5855,2.5);
#75=CYLINDRICAL_SURFACE('',#5856,2.5);
#76=CYLINDRICAL_SURFACE('',#5865,2.5);
#77=CYLINDRICAL_SURFACE('',#5870,2.5);
#78=CYLINDRICAL_SURFACE('',#5874,2.5);
#79=CYLINDRICAL_SURFACE('',#5878,5.);
#80=CYLINDRICAL_SURFACE('',#5881,5.);
#81=CYLINDRICAL_SURFACE('',#5930,20.);
#82=CYLINDRICAL_SURFACE('',#5931,12.5);
#83=CYLINDRICAL_SURFACE('',#5932,20.);
#84=CYLINDRICAL_SURFACE('',#5934,20.);
#85=CYLINDRICAL_SURFACE('',#5935,12.5);
#86=CYLINDRICAL_SURFACE('',#5936,20.);
#87=CYLINDRICAL_SURFACE('',#5938,20.);
#88=CYLINDRICAL_SURFACE('',#5939,12.5);
#89=CYLINDRICAL_SURFACE('',#5940,20.);
#90=CYLINDRICAL_SURFACE('',#5942,20.);
#91=CYLINDRICAL_SURFACE('',#5943,12.5);
#92=CYLINDRICAL_SURFACE('',#5944,20.);
#93=CYLINDRICAL_SURFACE('',#5945,0.5);
#94=CYLINDRICAL_SURFACE('',#5948,0.5);
#95=CYLINDRICAL_SURFACE('',#5951,0.5);
#96=CYLINDRICAL_SURFACE('',#5952,0.5);
#97=CYLINDRICAL_SURFACE('',#5955,0.5);
#98=CYLINDRICAL_SURFACE('',#5961,10.);
#99=CYLINDRICAL_SURFACE('',#5973,10.);
#100=CYLINDRICAL_SURFACE('',#5975,10.);
#101=CYLINDRICAL_SURFACE('',#5976,10.);
#102=CYLINDRICAL_SURFACE('',#5977,10.);
#103=CYLINDRICAL_SURFACE('',#5994,3.25);
#104=CYLINDRICAL_SURFACE('',#5997,3.25);
#105=CYLINDRICAL_SURFACE('',#6001,2.25);
#106=CYLINDRICAL_SURFACE('',#6003,2.25);
#107=CYLINDRICAL_SURFACE('',#6037,1.);
#108=CYLINDRICAL_SURFACE('',#6043,1.);
#109=CYLINDRICAL_SURFACE('',#6054,33.);
#110=CYLINDRICAL_SURFACE('',#6060,33.);
#111=CYLINDRICAL_SURFACE('',#6066,33.);
#112=CYLINDRICAL_SURFACE('',#6071,2.5);
#113=CYLINDRICAL_SURFACE('',#6074,33.);
#114=CYLINDRICAL_SURFACE('',#6080,33.);
#115=CYLINDRICAL_SURFACE('',#6085,2.5);
#116=CYLINDRICAL_SURFACE('',#6104,4.);
#117=CYLINDRICAL_SURFACE('',#6108,4.);
#118=CYLINDRICAL_SURFACE('',#6114,2.5);
#119=CYLINDRICAL_SURFACE('',#6121,2.5);
#120=CYLINDRICAL_SURFACE('',#6127,2.5);
#121=CYLINDRICAL_SURFACE('',#6129,2.5);
#122=CYLINDRICAL_SURFACE('',#6133,2.5);
#123=CYLINDRICAL_SURFACE('',#6135,2.5);
#124=CYLINDRICAL_SURFACE('',#6136,2.5);
#125=CYLINDRICAL_SURFACE('',#6145,5.);
#126=CYLINDRICAL_SURFACE('',#6149,5.);
#127=CIRCLE('',#5695,2.6);
#128=CIRCLE('',#5696,2.6);
#129=CIRCLE('',#5699,1.);
#130=CIRCLE('',#5700,1.);
#131=CIRCLE('',#5703,1.);
#132=CIRCLE('',#5704,1.);
#133=CIRCLE('',#5707,1.);
#134=CIRCLE('',#5708,1.);
#135=CIRCLE('',#5711,1.);
#136=CIRCLE('',#5712,1.);
#137=CIRCLE('',#5715,2.6);
#138=CIRCLE('',#5717,2.6);
#139=CIRCLE('',#5718,2.6);
#140=CIRCLE('',#5720,2.6);
#141=CIRCLE('',#5722,2.6);
#142=CIRCLE('',#5723,2.6);
#143=CIRCLE('',#5727,5.);
#144=CIRCLE('',#5728,5.);
#145=CIRCLE('',#5731,5.);
#146=CIRCLE('',#5732,5.);
#147=CIRCLE('',#5735,5.);
#148=CIRCLE('',#5736,5.);
#149=CIRCLE('',#5738,5.);
#150=CIRCLE('',#5739,5.);
#151=CIRCLE('',#5741,1.);
#152=CIRCLE('',#5742,3.75424868893541);
#153=CIRCLE('',#5743,3.75424868893541);
#154=CIRCLE('',#5744,1.);
#155=CIRCLE('',#5745,4.35424868893541);
#156=CIRCLE('',#5747,2.5);
#157=CIRCLE('',#5748,2.5);
#158=CIRCLE('',#5749,4.35424868893541);
#159=CIRCLE('',#5750,1.35424868893541);
#160=CIRCLE('',#5752,3.75424868893541);
#161=CIRCLE('',#5753,3.75424868893541);
#162=CIRCLE('',#5754,1.);
#163=CIRCLE('',#5755,1.35424868893541);
#164=CIRCLE('',#5756,4.);
#165=CIRCLE('',#5761,12.5);
#166=CIRCLE('',#5762,12.5);
#167=CIRCLE('',#5763,20.);
#168=CIRCLE('',#5764,20.);
#169=CIRCLE('',#5765,12.5);
#170=CIRCLE('',#5766,20.);
#171=CIRCLE('',#5767,20.);
#172=CIRCLE('',#5768,12.5);
#173=CIRCLE('',#5769,20.);
#174=CIRCLE('',#5770,20.);
#175=CIRCLE('',#5771,20.);
#176=CIRCLE('',#5772,20.);
#177=CIRCLE('',#5779,2.5);
#178=CIRCLE('',#5780,2.5);
#179=CIRCLE('',#5783,2.5);
#180=CIRCLE('',#5784,2.5);
#181=CIRCLE('',#5787,2.5);
#182=CIRCLE('',#5788,2.5);
#183=CIRCLE('',#5791,2.5);
#184=CIRCLE('',#5792,2.5);
#185=CIRCLE('',#5795,2.5);
#186=CIRCLE('',#5796,2.5);
#187=CIRCLE('',#5797,2.5);
#188=CIRCLE('',#5798,2.5);
#189=CIRCLE('',#5799,2.5);
#190=CIRCLE('',#5801,2.5);
#191=CIRCLE('',#5803,2.5);
#192=CIRCLE('',#5806,2.5);
#193=CIRCLE('',#5809,2.5);
#194=CIRCLE('',#5810,2.5);
#195=CIRCLE('',#5813,2.5);
#196=CIRCLE('',#5814,2.5);
#197=CIRCLE('',#5817,2.5);
#198=CIRCLE('',#5818,2.5);
#199=CIRCLE('',#5821,2.5);
#200=CIRCLE('',#5822,2.5);
#201=CIRCLE('',#5823,2.5);
#202=CIRCLE('',#5824,2.5);
#203=CIRCLE('',#5826,2.5);
#204=CIRCLE('',#5829,2.5);
#205=CIRCLE('',#5831,2.5);
#206=CIRCLE('',#5832,2.5);
#207=CIRCLE('',#5834,2.5);
#208=CIRCLE('',#5837,2.5);
#209=CIRCLE('',#5842,2.5);
#210=CIRCLE('',#5843,2.5);
#211=CIRCLE('',#5844,2.5);
#212=CIRCLE('',#5846,2.5);
#213=CIRCLE('',#5848,2.5);
#214=CIRCLE('',#5849,2.5);
#215=CIRCLE('',#5850,2.5);
#216=CIRCLE('',#5852,2.5);
#217=CIRCLE('',#5854,2.5);
#218=CIRCLE('',#5857,2.5);
#219=CIRCLE('',#5860,10.);
#220=CIRCLE('',#5861,10.);
#221=CIRCLE('',#5862,10.);
#222=CIRCLE('',#5863,10.);
#223=CIRCLE('',#5866,2.5);
#224=CIRCLE('',#5867,2.5);
#225=CIRCLE('',#5868,2.5);
#226=CIRCLE('',#5869,5.);
#227=CIRCLE('',#5871,2.5);
#228=CIRCLE('',#5872,2.5);
#229=CIRCLE('',#5873,5.);
#230=CIRCLE('',#5875,2.5);
#231=CIRCLE('',#5877,9.5);
#232=CIRCLE('',#5879,5.);
#233=CIRCLE('',#5882,5.);
#234=CIRCLE('',#5884,10.);
#235=CIRCLE('',#5885,10.);
#236=CIRCLE('',#5886,10.);
#237=CIRCLE('',#5887,10.);
#238=CIRCLE('',#5889,9.5);
#239=CIRCLE('',#5892,12.5);
#240=CIRCLE('',#5893,20.);
#241=CIRCLE('',#5897,12.5);
#242=CIRCLE('',#5898,20.);
#243=CIRCLE('',#5900,12.5);
#244=CIRCLE('',#5901,12.5);
#245=CIRCLE('',#5902,12.5);
#246=CIRCLE('',#5903,12.5);
#247=CIRCLE('',#5906,12.5);
#248=CIRCLE('',#5907,20.);
#249=CIRCLE('',#5910,12.5);
#250=CIRCLE('',#5911,20.);
#251=CIRCLE('',#5914,20.);
#252=CIRCLE('',#5915,12.5);
#253=CIRCLE('',#5919,12.5);
#254=CIRCLE('',#5920,20.);
#255=CIRCLE('',#5923,12.5);
#256=CIRCLE('',#5924,20.);
#257=CIRCLE('',#5927,12.5);
#258=CIRCLE('',#5928,20.);
#259=CIRCLE('',#5946,0.5);
#260=CIRCLE('',#5949,0.5);
#261=CIRCLE('',#5953,0.5);
#262=CIRCLE('',#5954,0.5);
#263=CIRCLE('',#5956,0.5);
#264=CIRCLE('',#5957,0.5);
#265=CIRCLE('',#5959,10.5);
#266=CIRCLE('',#5960,10.);
#267=CIRCLE('',#5962,10.);
#268=CIRCLE('',#5986,4.5);
#269=CIRCLE('',#5987,5.);
#270=CIRCLE('',#5989,4.5);
#271=CIRCLE('',#5990,5.);
#272=CIRCLE('',#5992,3.25);
#273=CIRCLE('',#5993,2.25);
#274=CIRCLE('',#5995,3.25);
#275=CIRCLE('',#5998,3.25);
#276=CIRCLE('',#5999,3.25);
#277=CIRCLE('',#6002,2.25);
#278=CIRCLE('',#6004,2.25);
#279=CIRCLE('',#6005,2.25);
#280=CIRCLE('',#6038,1.);
#281=CIRCLE('',#6039,1.);
#282=CIRCLE('',#6041,1.);
#283=CIRCLE('',#6044,1.);
#284=CIRCLE('',#6055,33.);
#285=CIRCLE('',#6056,33.);
#286=CIRCLE('',#6058,2.5);
#287=CIRCLE('',#6061,33.);
#288=CIRCLE('',#6062,33.);
#289=CIRCLE('',#6063,2.5);
#290=CIRCLE('',#6064,33.);
#291=CIRCLE('',#6065,2.33622727692964);
#292=CIRCLE('',#6067,33.);
#293=CIRCLE('',#6069,2.5);
#294=CIRCLE('',#6072,2.5);
#295=CIRCLE('',#6075,33.);
#296=CIRCLE('',#6076,33.);
#297=CIRCLE('',#6077,2.5);
#298=CIRCLE('',#6078,33.);
#299=CIRCLE('',#6079,2.33622727692964);
#300=CIRCLE('',#6081,33.);
#301=CIRCLE('',#6083,2.5);
#302=CIRCLE('',#6086,2.5);
#303=CIRCLE('',#6089,2.5);
#304=CIRCLE('',#6093,2.);
#305=CIRCLE('',#6097,2.);
#306=CIRCLE('',#6100,2.5);
#307=CIRCLE('',#6105,4.);
#308=CIRCLE('',#6106,4.);
#309=CIRCLE('',#6109,4.);
#310=CIRCLE('',#6110,4.);
#311=CIRCLE('',#6112,5.);
#312=CIRCLE('',#6113,5.);
#313=CIRCLE('',#6115,2.5);
#314=CIRCLE('',#6116,2.5);
#315=CIRCLE('',#6118,2.5);
#316=CIRCLE('',#6119,2.5);
#317=CIRCLE('',#6122,2.5);
#318=CIRCLE('',#6124,2.5);
#319=CIRCLE('',#6125,2.5);
#320=CIRCLE('',#6128,2.5);
#321=CIRCLE('',#6131,5.);
#322=CIRCLE('',#6132,5.);
#323=CIRCLE('',#6134,2.5);
#324=FACE_BOUND('',#862,.T.);
#325=FACE_BOUND('',#863,.T.);
#326=FACE_BOUND('',#865,.T.);
#327=FACE_BOUND('',#866,.T.);
#328=FACE_BOUND('',#867,.T.);
#329=FACE_BOUND('',#892,.T.);
#330=FACE_BOUND('',#893,.T.);
#331=FACE_BOUND('',#894,.T.);
#332=FACE_BOUND('',#902,.T.);
#333=FACE_BOUND('',#947,.T.);
#334=FACE_BOUND('',#948,.T.);
#335=FACE_BOUND('',#950,.T.);
#336=FACE_BOUND('',#951,.T.);
#337=FACE_BOUND('',#952,.T.);
#338=FACE_BOUND('',#954,.T.);
#339=FACE_BOUND('',#955,.T.);
#340=FACE_BOUND('',#956,.T.);
#341=FACE_BOUND('',#957,.T.);
#342=FACE_BOUND('',#964,.T.);
#343=FACE_BOUND('',#965,.T.);
#344=FACE_BOUND('',#970,.T.);
#345=FACE_BOUND('',#971,.T.);
#346=FACE_BOUND('',#972,.T.);
#347=FACE_BOUND('',#973,.T.);
#348=FACE_BOUND('',#975,.T.);
#349=FACE_BOUND('',#976,.T.);
#350=FACE_BOUND('',#980,.T.);
#351=FACE_BOUND('',#981,.T.);
#352=FACE_BOUND('',#982,.T.);
#353=FACE_BOUND('',#983,.T.);
#354=FACE_BOUND('',#994,.T.);
#355=FACE_BOUND('',#995,.T.);
#356=FACE_BOUND('',#996,.T.);
#357=FACE_BOUND('',#997,.T.);
#358=FACE_BOUND('',#1052,.T.);
#359=FACE_BOUND('',#1055,.T.);
#360=FACE_BOUND('',#1058,.T.);
#361=FACE_BOUND('',#1074,.T.);
#362=FACE_BOUND('',#1077,.T.);
#363=FACE_BOUND('',#1080,.T.);
#364=FACE_BOUND('',#1087,.T.);
#365=FACE_BOUND('',#1090,.T.);
#366=FACE_BOUND('',#1093,.T.);
#367=FACE_BOUND('',#1110,.T.);
#368=FACE_BOUND('',#1112,.T.);
#369=FACE_BOUND('',#1146,.T.);
#370=FACE_BOUND('',#1156,.T.);
#371=FACE_BOUND('',#1157,.T.);
#372=FACE_BOUND('',#1158,.T.);
#373=PLANE('',#5693);
#374=PLANE('',#5694);
#375=PLANE('',#5697);
#376=PLANE('',#5701);
#377=PLANE('',#5705);
#378=PLANE('',#5709);
#379=PLANE('',#5713);
#380=PLANE('',#5724);
#381=PLANE('',#5725);
#382=PLANE('',#5729);
#383=PLANE('',#5733);
#384=PLANE('',#5746);
#385=PLANE('',#5757);
#386=PLANE('',#5758);
#387=PLANE('',#5760);
#388=PLANE('',#5781);
#389=PLANE('',#5785);
#390=PLANE('',#5789);
#391=PLANE('',#5793);
#392=PLANE('',#5794);
#393=PLANE('',#5804);
#394=PLANE('',#5807);
#395=PLANE('',#5811);
#396=PLANE('',#5815);
#397=PLANE('',#5819);
#398=PLANE('',#5820);
#399=PLANE('',#5827);
#400=PLANE('',#5830);
#401=PLANE('',#5835);
#402=PLANE('',#5839);
#403=PLANE('',#5858);
#404=PLANE('',#5859);
#405=PLANE('',#5864);
#406=PLANE('',#5876);
#407=PLANE('',#5880);
#408=PLANE('',#5883);
#409=PLANE('',#5888);
#410=PLANE('',#5890);
#411=PLANE('',#5891);
#412=PLANE('',#5894);
#413=PLANE('',#5895);
#414=PLANE('',#5896);
#415=PLANE('',#5899);
#416=PLANE('',#5904);
#417=PLANE('',#5905);
#418=PLANE('',#5908);
#419=PLANE('',#5909);
#420=PLANE('',#5912);
#421=PLANE('',#5913);
#422=PLANE('',#5916);
#423=PLANE('',#5917);
#424=PLANE('',#5918);
#425=PLANE('',#5921);
#426=PLANE('',#5922);
#427=PLANE('',#5925);
#428=PLANE('',#5926);
#429=PLANE('',#5929);
#430=PLANE('',#5933);
#431=PLANE('',#5937);
#432=PLANE('',#5941);
#433=PLANE('',#5963);
#434=PLANE('',#5964);
#435=PLANE('',#5965);
#436=PLANE('',#5966);
#437=PLANE('',#5967);
#438=PLANE('',#5968);
#439=PLANE('',#5969);
#440=PLANE('',#5970);
#441=PLANE('',#5971);
#442=PLANE('',#5972);
#443=PLANE('',#5974);
#444=PLANE('',#5978);
#445=PLANE('',#5979);
#446=PLANE('',#5980);
#447=PLANE('',#5981);
#448=PLANE('',#5982);
#449=PLANE('',#5983);
#450=PLANE('',#5984);
#451=PLANE('',#5991);
#452=PLANE('',#5996);
#453=PLANE('',#6000);
#454=PLANE('',#6006);
#455=PLANE('',#6007);
#456=PLANE('',#6008);
#457=PLANE('',#6009);
#458=PLANE('',#6010);
#459=PLANE('',#6011);
#460=PLANE('',#6012);
#461=PLANE('',#6013);
#462=PLANE('',#6014);
#463=PLANE('',#6015);
#464=PLANE('',#6016);
#465=PLANE('',#6017);
#466=PLANE('',#6018);
#467=PLANE('',#6019);
#468=PLANE('',#6020);
#469=PLANE('',#6021);
#470=PLANE('',#6022);
#471=PLANE('',#6023);
#472=PLANE('',#6024);
#473=PLANE('',#6025);
#474=PLANE('',#6026);
#475=PLANE('',#6027);
#476=PLANE('',#6028);
#477=PLANE('',#6029);
#478=PLANE('',#6030);
#479=PLANE('',#6031);
#480=PLANE('',#6032);
#481=PLANE('',#6033);
#482=PLANE('',#6034);
#483=PLANE('',#6035);
#484=PLANE('',#6036);
#485=PLANE('',#6040);
#486=PLANE('',#6042);
#487=PLANE('',#6045);
#488=PLANE('',#6046);
#489=PLANE('',#6047);
#490=PLANE('',#6048);
#491=PLANE('',#6049);
#492=PLANE('',#6050);
#493=PLANE('',#6051);
#494=PLANE('',#6052);
#495=PLANE('',#6053);
#496=PLANE('',#6057);
#497=PLANE('',#6059);
#498=PLANE('',#6068);
#499=PLANE('',#6070);
#500=PLANE('',#6073);
#501=PLANE('',#6082);
#502=PLANE('',#6084);
#503=PLANE('',#6087);
#504=PLANE('',#6088);
#505=PLANE('',#6090);
#506=PLANE('',#6091);
#507=PLANE('',#6094);
#508=PLANE('',#6095);
#509=PLANE('',#6098);
#510=PLANE('',#6099);
#511=PLANE('',#6101);
#512=PLANE('',#6102);
#513=PLANE('',#6103);
#514=PLANE('',#6107);
#515=PLANE('',#6111);
#516=PLANE('',#6120);
#517=PLANE('',#6126);
#518=PLANE('',#6130);
#519=PLANE('',#6137);
#520=PLANE('',#6138);
#521=PLANE('',#6139);
#522=PLANE('',#6140);
#523=PLANE('',#6141);
#524=PLANE('',#6142);
#525=PLANE('',#6143);
#526=PLANE('',#6144);
#527=PLANE('',#6146);
#528=PLANE('',#6147);
#529=PLANE('',#6148);
#530=PLANE('',#6150);
#531=FACE_OUTER_BOUND('',#829,.T.);
#532=FACE_OUTER_BOUND('',#830,.T.);
#533=FACE_OUTER_BOUND('',#831,.T.);
#534=FACE_OUTER_BOUND('',#832,.T.);
#535=FACE_OUTER_BOUND('',#833,.T.);
#536=FACE_OUTER_BOUND('',#834,.T.);
#537=FACE_OUTER_BOUND('',#835,.T.);
#538=FACE_OUTER_BOUND('',#836,.T.);
#539=FACE_OUTER_BOUND('',#837,.T.);
#540=FACE_OUTER_BOUND('',#838,.T.);
#541=FACE_OUTER_BOUND('',#839,.T.);
#542=FACE_OUTER_BOUND('',#840,.T.);
#543=FACE_OUTER_BOUND('',#841,.T.);
#544=FACE_OUTER_BOUND('',#842,.T.);
#545=FACE_OUTER_BOUND('',#843,.T.);
#546=FACE_OUTER_BOUND('',#844,.T.);
#547=FACE_OUTER_BOUND('',#845,.T.);
#548=FACE_OUTER_BOUND('',#846,.T.);
#549=FACE_OUTER_BOUND('',#847,.T.);
#550=FACE_OUTER_BOUND('',#848,.T.);
#551=FACE_OUTER_BOUND('',#849,.T.);
#552=FACE_OUTER_BOUND('',#850,.T.);
#553=FACE_OUTER_BOUND('',#851,.T.);
#554=FACE_OUTER_BOUND('',#852,.T.);
#555=FACE_OUTER_BOUND('',#853,.T.);
#556=FACE_OUTER_BOUND('',#854,.T.);
#557=FACE_OUTER_BOUND('',#855,.T.);
#558=FACE_OUTER_BOUND('',#856,.T.);
#559=FACE_OUTER_BOUND('',#857,.T.);
#560=FACE_OUTER_BOUND('',#858,.T.);
#561=FACE_OUTER_BOUND('',#859,.T.);
#562=FACE_OUTER_BOUND('',#860,.T.);
#563=FACE_OUTER_BOUND('',#861,.T.);
#564=FACE_OUTER_BOUND('',#864,.T.);
#565=FACE_OUTER_BOUND('',#868,.T.);
#566=FACE_OUTER_BOUND('',#869,.T.);
#567=FACE_OUTER_BOUND('',#870,.T.);
#568=FACE_OUTER_BOUND('',#871,.T.);
#569=FACE_OUTER_BOUND('',#872,.T.);
#570=FACE_OUTER_BOUND('',#873,.T.);
#571=FACE_OUTER_BOUND('',#874,.T.);
#572=FACE_OUTER_BOUND('',#875,.T.);
#573=FACE_OUTER_BOUND('',#876,.T.);
#574=FACE_OUTER_BOUND('',#877,.T.);
#575=FACE_OUTER_BOUND('',#878,.T.);
#576=FACE_OUTER_BOUND('',#879,.T.);
#577=FACE_OUTER_BOUND('',#880,.T.);
#578=FACE_OUTER_BOUND('',#881,.T.);
#579=FACE_OUTER_BOUND('',#882,.T.);
#580=FACE_OUTER_BOUND('',#883,.T.);
#581=FACE_OUTER_BOUND('',#884,.T.);
#582=FACE_OUTER_BOUND('',#885,.T.);
#583=FACE_OUTER_BOUND('',#886,.T.);
#584=FACE_OUTER_BOUND('',#887,.T.);
#585=FACE_OUTER_BOUND('',#888,.T.);
#586=FACE_OUTER_BOUND('',#889,.T.);
#587=FACE_OUTER_BOUND('',#890,.T.);
#588=FACE_OUTER_BOUND('',#891,.T.);
#589=FACE_OUTER_BOUND('',#895,.T.);
#590=FACE_OUTER_BOUND('',#896,.T.);
#591=FACE_OUTER_BOUND('',#897,.T.);
#592=FACE_OUTER_BOUND('',#898,.T.);
#593=FACE_OUTER_BOUND('',#899,.T.);
#594=FACE_OUTER_BOUND('',#900,.T.);
#595=FACE_OUTER_BOUND('',#901,.T.);
#596=FACE_OUTER_BOUND('',#903,.T.);
#597=FACE_OUTER_BOUND('',#904,.T.);
#598=FACE_OUTER_BOUND('',#905,.T.);
#599=FACE_OUTER_BOUND('',#906,.T.);
#600=FACE_OUTER_BOUND('',#907,.T.);
#601=FACE_OUTER_BOUND('',#908,.T.);
#602=FACE_OUTER_BOUND('',#909,.T.);
#603=FACE_OUTER_BOUND('',#910,.T.);
#604=FACE_OUTER_BOUND('',#911,.T.);
#605=FACE_OUTER_BOUND('',#912,.T.);
#606=FACE_OUTER_BOUND('',#913,.T.);
#607=FACE_OUTER_BOUND('',#914,.T.);
#608=FACE_OUTER_BOUND('',#915,.T.);
#609=FACE_OUTER_BOUND('',#916,.T.);
#610=FACE_OUTER_BOUND('',#917,.T.);
#611=FACE_OUTER_BOUND('',#918,.T.);
#612=FACE_OUTER_BOUND('',#919,.T.);
#613=FACE_OUTER_BOUND('',#920,.T.);
#614=FACE_OUTER_BOUND('',#921,.T.);
#615=FACE_OUTER_BOUND('',#922,.T.);
#616=FACE_OUTER_BOUND('',#923,.T.);
#617=FACE_OUTER_BOUND('',#924,.T.);
#618=FACE_OUTER_BOUND('',#925,.T.);
#619=FACE_OUTER_BOUND('',#926,.T.);
#620=FACE_OUTER_BOUND('',#927,.T.);
#621=FACE_OUTER_BOUND('',#928,.T.);
#622=FACE_OUTER_BOUND('',#929,.T.);
#623=FACE_OUTER_BOUND('',#930,.T.);
#624=FACE_OUTER_BOUND('',#931,.T.);
#625=FACE_OUTER_BOUND('',#932,.T.);
#626=FACE_OUTER_BOUND('',#933,.T.);
#627=FACE_OUTER_BOUND('',#934,.T.);
#628=FACE_OUTER_BOUND('',#935,.T.);
#629=FACE_OUTER_BOUND('',#936,.T.);
#630=FACE_OUTER_BOUND('',#937,.T.);
#631=FACE_OUTER_BOUND('',#938,.T.);
#632=FACE_OUTER_BOUND('',#939,.T.);
#633=FACE_OUTER_BOUND('',#940,.T.);
#634=FACE_OUTER_BOUND('',#941,.T.);
#635=FACE_OUTER_BOUND('',#942,.T.);
#636=FACE_OUTER_BOUND('',#943,.T.);
#637=FACE_OUTER_BOUND('',#944,.T.);
#638=FACE_OUTER_BOUND('',#945,.T.);
#639=FACE_OUTER_BOUND('',#946,.T.);
#640=FACE_OUTER_BOUND('',#949,.T.);
#641=FACE_OUTER_BOUND('',#953,.T.);
#642=FACE_OUTER_BOUND('',#958,.T.);
#643=FACE_OUTER_BOUND('',#959,.T.);
#644=FACE_OUTER_BOUND('',#960,.T.);
#645=FACE_OUTER_BOUND('',#961,.T.);
#646=FACE_OUTER_BOUND('',#962,.T.);
#647=FACE_OUTER_BOUND('',#963,.T.);
#648=FACE_OUTER_BOUND('',#966,.T.);
#649=FACE_OUTER_BOUND('',#967,.T.);
#650=FACE_OUTER_BOUND('',#968,.T.);
#651=FACE_OUTER_BOUND('',#969,.T.);
#652=FACE_OUTER_BOUND('',#974,.T.);
#653=FACE_OUTER_BOUND('',#977,.T.);
#654=FACE_OUTER_BOUND('',#978,.T.);
#655=FACE_OUTER_BOUND('',#979,.T.);
#656=FACE_OUTER_BOUND('',#984,.T.);
#657=FACE_OUTER_BOUND('',#985,.T.);
#658=FACE_OUTER_BOUND('',#986,.T.);
#659=FACE_OUTER_BOUND('',#987,.T.);
#660=FACE_OUTER_BOUND('',#988,.T.);
#661=FACE_OUTER_BOUND('',#989,.T.);
#662=FACE_OUTER_BOUND('',#990,.T.);
#663=FACE_OUTER_BOUND('',#991,.T.);
#664=FACE_OUTER_BOUND('',#992,.T.);
#665=FACE_OUTER_BOUND('',#993,.T.);
#666=FACE_OUTER_BOUND('',#998,.T.);
#667=FACE_OUTER_BOUND('',#999,.T.);
#668=FACE_OUTER_BOUND('',#1000,.T.);
#669=FACE_OUTER_BOUND('',#1001,.T.);
#670=FACE_OUTER_BOUND('',#1002,.T.);
#671=FACE_OUTER_BOUND('',#1003,.T.);
#672=FACE_OUTER_BOUND('',#1004,.T.);
#673=FACE_OUTER_BOUND('',#1005,.T.);
#674=FACE_OUTER_BOUND('',#1006,.T.);
#675=FACE_OUTER_BOUND('',#1007,.T.);
#676=FACE_OUTER_BOUND('',#1008,.T.);
#677=FACE_OUTER_BOUND('',#1009,.T.);
#678=FACE_OUTER_BOUND('',#1010,.T.);
#679=FACE_OUTER_BOUND('',#1011,.T.);
#680=FACE_OUTER_BOUND('',#1012,.T.);
#681=FACE_OUTER_BOUND('',#1013,.T.);
#682=FACE_OUTER_BOUND('',#1014,.T.);
#683=FACE_OUTER_BOUND('',#1015,.T.);
#684=FACE_OUTER_BOUND('',#1016,.T.);
#685=FACE_OUTER_BOUND('',#1017,.T.);
#686=FACE_OUTER_BOUND('',#1018,.T.);
#687=FACE_OUTER_BOUND('',#1019,.T.);
#688=FACE_OUTER_BOUND('',#1020,.T.);
#689=FACE_OUTER_BOUND('',#1021,.T.);
#690=FACE_OUTER_BOUND('',#1022,.T.);
#691=FACE_OUTER_BOUND('',#1023,.T.);
#692=FACE_OUTER_BOUND('',#1024,.T.);
#693=FACE_OUTER_BOUND('',#1025,.T.);
#694=FACE_OUTER_BOUND('',#1026,.T.);
#695=FACE_OUTER_BOUND('',#1027,.T.);
#696=FACE_OUTER_BOUND('',#1028,.T.);
#697=FACE_OUTER_BOUND('',#1029,.T.);
#698=FACE_OUTER_BOUND('',#1030,.T.);
#699=FACE_OUTER_BOUND('',#1031,.T.);
#700=FACE_OUTER_BOUND('',#1032,.T.);
#701=FACE_OUTER_BOUND('',#1033,.T.);
#702=FACE_OUTER_BOUND('',#1034,.T.);
#703=FACE_OUTER_BOUND('',#1035,.T.);
#704=FACE_OUTER_BOUND('',#1036,.T.);
#705=FACE_OUTER_BOUND('',#1037,.T.);
#706=FACE_OUTER_BOUND('',#1038,.T.);
#707=FACE_OUTER_BOUND('',#1039,.T.);
#708=FACE_OUTER_BOUND('',#1040,.T.);
#709=FACE_OUTER_BOUND('',#1041,.T.);
#710=FACE_OUTER_BOUND('',#1042,.T.);
#711=FACE_OUTER_BOUND('',#1043,.T.);
#712=FACE_OUTER_BOUND('',#1044,.T.);
#713=FACE_OUTER_BOUND('',#1045,.T.);
#714=FACE_OUTER_BOUND('',#1046,.T.);
#715=FACE_OUTER_BOUND('',#1047,.T.);
#716=FACE_OUTER_BOUND('',#1048,.T.);
#717=FACE_OUTER_BOUND('',#1049,.T.);
#718=FACE_OUTER_BOUND('',#1050,.T.);
#719=FACE_OUTER_BOUND('',#1051,.T.);
#720=FACE_OUTER_BOUND('',#1053,.T.);
#721=FACE_OUTER_BOUND('',#1054,.T.);
#722=FACE_OUTER_BOUND('',#1056,.T.);
#723=FACE_OUTER_BOUND('',#1057,.T.);
#724=FACE_OUTER_BOUND('',#1059,.T.);
#725=FACE_OUTER_BOUND('',#1060,.T.);
#726=FACE_OUTER_BOUND('',#1061,.T.);
#727=FACE_OUTER_BOUND('',#1062,.T.);
#728=FACE_OUTER_BOUND('',#1063,.T.);
#729=FACE_OUTER_BOUND('',#1064,.T.);
#730=FACE_OUTER_BOUND('',#1065,.T.);
#731=FACE_OUTER_BOUND('',#1066,.T.);
#732=FACE_OUTER_BOUND('',#1067,.T.);
#733=FACE_OUTER_BOUND('',#1068,.T.);
#734=FACE_OUTER_BOUND('',#1069,.T.);
#735=FACE_OUTER_BOUND('',#1070,.T.);
#736=FACE_OUTER_BOUND('',#1071,.T.);
#737=FACE_OUTER_BOUND('',#1072,.T.);
#738=FACE_OUTER_BOUND('',#1073,.T.);
#739=FACE_OUTER_BOUND('',#1075,.T.);
#740=FACE_OUTER_BOUND('',#1076,.T.);
#741=FACE_OUTER_BOUND('',#1078,.T.);
#742=FACE_OUTER_BOUND('',#1079,.T.);
#743=FACE_OUTER_BOUND('',#1081,.T.);
#744=FACE_OUTER_BOUND('',#1082,.T.);
#745=FACE_OUTER_BOUND('',#1083,.T.);
#746=FACE_OUTER_BOUND('',#1084,.T.);
#747=FACE_OUTER_BOUND('',#1085,.T.);
#748=FACE_OUTER_BOUND('',#1086,.T.);
#749=FACE_OUTER_BOUND('',#1088,.T.);
#750=FACE_OUTER_BOUND('',#1089,.T.);
#751=FACE_OUTER_BOUND('',#1091,.T.);
#752=FACE_OUTER_BOUND('',#1092,.T.);
#753=FACE_OUTER_BOUND('',#1094,.T.);
#754=FACE_OUTER_BOUND('',#1095,.T.);
#755=FACE_OUTER_BOUND('',#1096,.T.);
#756=FACE_OUTER_BOUND('',#1097,.T.);
#757=FACE_OUTER_BOUND('',#1098,.T.);
#758=FACE_OUTER_BOUND('',#1099,.T.);
#759=FACE_OUTER_BOUND('',#1100,.T.);
#760=FACE_OUTER_BOUND('',#1101,.T.);
#761=FACE_OUTER_BOUND('',#1102,.T.);
#762=FACE_OUTER_BOUND('',#1103,.T.);
#763=FACE_OUTER_BOUND('',#1104,.T.);
#764=FACE_OUTER_BOUND('',#1105,.T.);
#765=FACE_OUTER_BOUND('',#1106,.T.);
#766=FACE_OUTER_BOUND('',#1107,.T.);
#767=FACE_OUTER_BOUND('',#1108,.T.);
#768=FACE_OUTER_BOUND('',#1109,.T.);
#769=FACE_OUTER_BOUND('',#1111,.T.);
#770=FACE_OUTER_BOUND('',#1113,.T.);
#771=FACE_OUTER_BOUND('',#1114,.T.);
#772=FACE_OUTER_BOUND('',#1115,.T.);
#773=FACE_OUTER_BOUND('',#1116,.T.);
#774=FACE_OUTER_BOUND('',#1117,.T.);
#775=FACE_OUTER_BOUND('',#1118,.T.);
#776=FACE_OUTER_BOUND('',#1119,.T.);
#777=FACE_OUTER_BOUND('',#1120,.T.);
#778=FACE_OUTER_BOUND('',#1121,.T.);
#779=FACE_OUTER_BOUND('',#1122,.T.);
#780=FACE_OUTER_BOUND('',#1123,.T.);
#781=FACE_OUTER_BOUND('',#1124,.T.);
#782=FACE_OUTER_BOUND('',#1125,.T.);
#783=FACE_OUTER_BOUND('',#1126,.T.);
#784=FACE_OUTER_BOUND('',#1127,.T.);
#785=FACE_OUTER_BOUND('',#1128,.T.);
#786=FACE_OUTER_BOUND('',#1129,.T.);
#787=FACE_OUTER_BOUND('',#1130,.T.);
#788=FACE_OUTER_BOUND('',#1131,.T.);
#789=FACE_OUTER_BOUND('',#1132,.T.);
#790=FACE_OUTER_BOUND('',#1133,.T.);
#791=FACE_OUTER_BOUND('',#1134,.T.);
#792=FACE_OUTER_BOUND('',#1135,.T.);
#793=FACE_OUTER_BOUND('',#1136,.T.);
#794=FACE_OUTER_BOUND('',#1137,.T.);
#795=FACE_OUTER_BOUND('',#1138,.T.);
#796=FACE_OUTER_BOUND('',#1139,.T.);
#797=FACE_OUTER_BOUND('',#1140,.T.);
#798=FACE_OUTER_BOUND('',#1141,.T.);
#799=FACE_OUTER_BOUND('',#1142,.T.);
#800=FACE_OUTER_BOUND('',#1143,.T.);
#801=FACE_OUTER_BOUND('',#1144,.T.);
#802=FACE_OUTER_BOUND('',#1145,.T.);
#803=FACE_OUTER_BOUND('',#1147,.T.);
#804=FACE_OUTER_BOUND('',#1148,.T.);
#805=FACE_OUTER_BOUND('',#1149,.T.);
#806=FACE_OUTER_BOUND('',#1150,.T.);
#807=FACE_OUTER_BOUND('',#1151,.T.);
#808=FACE_OUTER_BOUND('',#1152,.T.);
#809=FACE_OUTER_BOUND('',#1153,.T.);
#810=FACE_OUTER_BOUND('',#1154,.T.);
#811=FACE_OUTER_BOUND('',#1155,.T.);
#812=FACE_OUTER_BOUND('',#1159,.T.);
#813=FACE_OUTER_BOUND('',#1160,.T.);
#814=FACE_OUTER_BOUND('',#1161,.T.);
#815=FACE_OUTER_BOUND('',#1162,.T.);
#816=FACE_OUTER_BOUND('',#1163,.T.);
#817=FACE_OUTER_BOUND('',#1164,.T.);
#818=FACE_OUTER_BOUND('',#1165,.T.);
#819=FACE_OUTER_BOUND('',#1166,.T.);
#820=FACE_OUTER_BOUND('',#1167,.T.);
#821=FACE_OUTER_BOUND('',#1168,.T.);
#822=FACE_OUTER_BOUND('',#1169,.T.);
#823=FACE_OUTER_BOUND('',#1170,.T.);
#824=FACE_OUTER_BOUND('',#1171,.T.);
#825=FACE_OUTER_BOUND('',#1172,.T.);
#826=FACE_OUTER_BOUND('',#1173,.T.);
#827=FACE_OUTER_BOUND('',#1174,.T.);
#828=FACE_OUTER_BOUND('',#1175,.T.);
#829=EDGE_LOOP('',(#3701,#3702,#3703,#3704));
#830=EDGE_LOOP('',(#3705,#3706,#3707,#3708));
#831=EDGE_LOOP('',(#3709,#3710,#3711,#3712));
#832=EDGE_LOOP('',(#3713,#3714,#3715,#3716));
#833=EDGE_LOOP('',(#3717,#3718,#3719,#3720));
#834=EDGE_LOOP('',(#3721,#3722,#3723,#3724));
#835=EDGE_LOOP('',(#3725,#3726,#3727,#3728));
#836=EDGE_LOOP('',(#3729,#3730,#3731,#3732));
#837=EDGE_LOOP('',(#3733,#3734,#3735,#3736));
#838=EDGE_LOOP('',(#3737,#3738,#3739,#3740));
#839=EDGE_LOOP('',(#3741,#3742,#3743,#3744));
#840=EDGE_LOOP('',(#3745,#3746,#3747,#3748));
#841=EDGE_LOOP('',(#3749,#3750,#3751,#3752));
#842=EDGE_LOOP('',(#3753,#3754,#3755,#3756));
#843=EDGE_LOOP('',(#3757,#3758,#3759,#3760));
#844=EDGE_LOOP('',(#3761,#3762,#3763,#3764));
#845=EDGE_LOOP('',(#3765,#3766,#3767,#3768));
#846=EDGE_LOOP('',(#3769,#3770,#3771,#3772));
#847=EDGE_LOOP('',(#3773,#3774,#3775,#3776));
#848=EDGE_LOOP('',(#3777,#3778,#3779,#3780));
#849=EDGE_LOOP('',(#3781,#3782,#3783,#3784));
#850=EDGE_LOOP('',(#3785,#3786,#3787,#3788));
#851=EDGE_LOOP('',(#3789,#3790,#3791,#3792));
#852=EDGE_LOOP('',(#3793,#3794,#3795,#3796));
#853=EDGE_LOOP('',(#3797,#3798,#3799,#3800));
#854=EDGE_LOOP('',(#3801,#3802,#3803,#3804));
#855=EDGE_LOOP('',(#3805,#3806,#3807,#3808));
#856=EDGE_LOOP('',(#3809,#3810,#3811,#3812));
#857=EDGE_LOOP('',(#3813,#3814,#3815,#3816));
#858=EDGE_LOOP('',(#3817,#3818,#3819,#3820));
#859=EDGE_LOOP('',(#3821,#3822,#3823,#3824));
#860=EDGE_LOOP('',(#3825,#3826,#3827,#3828));
#861=EDGE_LOOP('',(#3829,#3830,#3831,#3832,#3833,#3834,#3835,#3836,#3837,
#3838,#3839,#3840,#3841,#3842,#3843,#3844));
#862=EDGE_LOOP('',(#3845,#3846,#3847,#3848,#3849,#3850,#3851,#3852));
#863=EDGE_LOOP('',(#3853,#3854,#3855,#3856,#3857,#3858,#3859,#3860));
#864=EDGE_LOOP('',(#3861,#3862,#3863,#3864));
#865=EDGE_LOOP('',(#3865,#3866,#3867,#3868,#3869,#3870,#3871,#3872,#3873,
#3874,#3875,#3876,#3877,#3878,#3879,#3880));
#866=EDGE_LOOP('',(#3881));
#867=EDGE_LOOP('',(#3882));
#868=EDGE_LOOP('',(#3883,#3884,#3885,#3886,#3887,#3888,#3889,#3890));
#869=EDGE_LOOP('',(#3891,#3892,#3893,#3894));
#870=EDGE_LOOP('',(#3895,#3896,#3897,#3898));
#871=EDGE_LOOP('',(#3899,#3900,#3901,#3902));
#872=EDGE_LOOP('',(#3903,#3904,#3905,#3906));
#873=EDGE_LOOP('',(#3907,#3908,#3909,#3910));
#874=EDGE_LOOP('',(#3911,#3912,#3913,#3914));
#875=EDGE_LOOP('',(#3915,#3916,#3917,#3918));
#876=EDGE_LOOP('',(#3919,#3920,#3921,#3922));
#877=EDGE_LOOP('',(#3923,#3924,#3925,#3926));
#878=EDGE_LOOP('',(#3927,#3928,#3929,#3930));
#879=EDGE_LOOP('',(#3931,#3932,#3933,#3934));
#880=EDGE_LOOP('',(#3935,#3936,#3937,#3938));
#881=EDGE_LOOP('',(#3939,#3940,#3941,#3942));
#882=EDGE_LOOP('',(#3943,#3944,#3945,#3946));
#883=EDGE_LOOP('',(#3947,#3948,#3949,#3950));
#884=EDGE_LOOP('',(#3951,#3952,#3953,#3954));
#885=EDGE_LOOP('',(#3955,#3956,#3957,#3958));
#886=EDGE_LOOP('',(#3959,#3960,#3961,#3962));
#887=EDGE_LOOP('',(#3963,#3964,#3965,#3966));
#888=EDGE_LOOP('',(#3967,#3968,#3969,#3970));
#889=EDGE_LOOP('',(#3971,#3972,#3973,#3974,#3975));
#890=EDGE_LOOP('',(#3976,#3977,#3978,#3979));
#891=EDGE_LOOP('',(#3980,#3981,#3982,#3983,#3984,#3985,#3986,#3987));
#892=EDGE_LOOP('',(#3988));
#893=EDGE_LOOP('',(#3989,#3990,#3991,#3992));
#894=EDGE_LOOP('',(#3993,#3994,#3995,#3996));
#895=EDGE_LOOP('',(#3997,#3998,#3999,#4000,#4001,#4002));
#896=EDGE_LOOP('',(#4003,#4004,#4005,#4006,#4007));
#897=EDGE_LOOP('',(#4008,#4009,#4010,#4011,#4012));
#898=EDGE_LOOP('',(#4013));
#899=EDGE_LOOP('',(#4014));
#900=EDGE_LOOP('',(#4015,#4016,#4017,#4018));
#901=EDGE_LOOP('',(#4019,#4020,#4021,#4022,#4023,#4024,#4025,#4026,#4027,
#4028,#4029,#4030,#4031,#4032,#4033,#4034,#4035,#4036,#4037,#4038,#4039,
#4040,#4041,#4042));
#902=EDGE_LOOP('',(#4043,#4044,#4045,#4046));
#903=EDGE_LOOP('',(#4047,#4048,#4049,#4050));
#904=EDGE_LOOP('',(#4051,#4052,#4053,#4054));
#905=EDGE_LOOP('',(#4055,#4056,#4057,#4058));
#906=EDGE_LOOP('',(#4059,#4060,#4061,#4062));
#907=EDGE_LOOP('',(#4063,#4064,#4065,#4066));
#908=EDGE_LOOP('',(#4067,#4068,#4069,#4070));
#909=EDGE_LOOP('',(#4071,#4072,#4073,#4074,#4075,#4076,#4077,#4078));
#910=EDGE_LOOP('',(#4079,#4080,#4081,#4082));
#911=EDGE_LOOP('',(#4083,#4084,#4085,#4086,#4087,#4088,#4089,#4090));
#912=EDGE_LOOP('',(#4091,#4092,#4093,#4094));
#913=EDGE_LOOP('',(#4095,#4096,#4097,#4098));
#914=EDGE_LOOP('',(#4099,#4100,#4101,#4102));
#915=EDGE_LOOP('',(#4103,#4104,#4105,#4106));
#916=EDGE_LOOP('',(#4107,#4108,#4109,#4110,#4111,#4112,#4113,#4114,#4115,
#4116,#4117,#4118,#4119,#4120,#4121,#4122,#4123,#4124,#4125));
#917=EDGE_LOOP('',(#4126,#4127,#4128,#4129));
#918=EDGE_LOOP('',(#4130,#4131,#4132,#4133));
#919=EDGE_LOOP('',(#4134,#4135,#4136,#4137));
#920=EDGE_LOOP('',(#4138,#4139,#4140,#4141));
#921=EDGE_LOOP('',(#4142,#4143,#4144,#4145));
#922=EDGE_LOOP('',(#4146,#4147,#4148,#4149));
#923=EDGE_LOOP('',(#4150,#4151,#4152,#4153));
#924=EDGE_LOOP('',(#4154,#4155,#4156,#4157));
#925=EDGE_LOOP('',(#4158,#4159,#4160,#4161));
#926=EDGE_LOOP('',(#4162,#4163,#4164,#4165));
#927=EDGE_LOOP('',(#4166,#4167,#4168,#4169));
#928=EDGE_LOOP('',(#4170,#4171,#4172,#4173,#4174,#4175,#4176,#4177,#4178,
#4179,#4180,#4181,#4182,#4183,#4184,#4185,#4186,#4187,#4188));
#929=EDGE_LOOP('',(#4189,#4190,#4191,#4192));
#930=EDGE_LOOP('',(#4193,#4194,#4195,#4196));
#931=EDGE_LOOP('',(#4197,#4198,#4199,#4200));
#932=EDGE_LOOP('',(#4201,#4202,#4203,#4204,#4205,#4206,#4207,#4208,#4209,
#4210,#4211,#4212,#4213,#4214,#4215,#4216,#4217,#4218,#4219));
#933=EDGE_LOOP('',(#4220,#4221,#4222,#4223));
#934=EDGE_LOOP('',(#4224,#4225,#4226,#4227));
#935=EDGE_LOOP('',(#4228,#4229,#4230,#4231));
#936=EDGE_LOOP('',(#4232,#4233,#4234,#4235));
#937=EDGE_LOOP('',(#4236,#4237,#4238,#4239));
#938=EDGE_LOOP('',(#4240,#4241,#4242,#4243));
#939=EDGE_LOOP('',(#4244,#4245,#4246));
#940=EDGE_LOOP('',(#4247,#4248,#4249,#4250));
#941=EDGE_LOOP('',(#4251,#4252,#4253));
#942=EDGE_LOOP('',(#4254,#4255,#4256,#4257));
#943=EDGE_LOOP('',(#4258,#4259,#4260,#4261));
#944=EDGE_LOOP('',(#4262,#4263,#4264,#4265));
#945=EDGE_LOOP('',(#4266,#4267,#4268,#4269));
#946=EDGE_LOOP('',(#4270,#4271,#4272,#4273,#4274,#4275,#4276,#4277));
#947=EDGE_LOOP('',(#4278,#4279,#4280,#4281));
#948=EDGE_LOOP('',(#4282,#4283,#4284,#4285,#4286,#4287,#4288,#4289,#4290,
#4291));
#949=EDGE_LOOP('',(#4292,#4293,#4294,#4295,#4296,#4297,#4298,#4299,#4300,
#4301,#4302,#4303,#4304,#4305,#4306,#4307,#4308,#4309,#4310,#4311,#4312,
#4313));
#950=EDGE_LOOP('',(#4314,#4315,#4316,#4317,#4318,#4319,#4320,#4321));
#951=EDGE_LOOP('',(#4322));
#952=EDGE_LOOP('',(#4323));
#953=EDGE_LOOP('',(#4324,#4325,#4326,#4327));
#954=EDGE_LOOP('',(#4328,#4329,#4330,#4331));
#955=EDGE_LOOP('',(#4332,#4333,#4334,#4335));
#956=EDGE_LOOP('',(#4336,#4337,#4338,#4339));
#957=EDGE_LOOP('',(#4340,#4341,#4342,#4343));
#958=EDGE_LOOP('',(#4344,#4345,#4346,#4347));
#959=EDGE_LOOP('',(#4348,#4349,#4350,#4351));
#960=EDGE_LOOP('',(#4352,#4353,#4354,#4355,#4356,#4357));
#961=EDGE_LOOP('',(#4358,#4359,#4360,#4361));
#962=EDGE_LOOP('',(#4362,#4363,#4364,#4365));
#963=EDGE_LOOP('',(#4366,#4367,#4368,#4369));
#964=EDGE_LOOP('',(#4370,#4371,#4372,#4373));
#965=EDGE_LOOP('',(#4374));
#966=EDGE_LOOP('',(#4375,#4376,#4377,#4378));
#967=EDGE_LOOP('',(#4379,#4380,#4381,#4382,#4383,#4384,#4385,#4386));
#968=EDGE_LOOP('',(#4387,#4388,#4389,#4390));
#969=EDGE_LOOP('',(#4391,#4392,#4393,#4394,#4395,#4396));
#970=EDGE_LOOP('',(#4397,#4398,#4399,#4400,#4401,#4402,#4403,#4404));
#971=EDGE_LOOP('',(#4405));
#972=EDGE_LOOP('',(#4406));
#973=EDGE_LOOP('',(#4407,#4408,#4409,#4410,#4411,#4412,#4413,#4414));
#974=EDGE_LOOP('',(#4415,#4416,#4417,#4418));
#975=EDGE_LOOP('',(#4419,#4420,#4421,#4422));
#976=EDGE_LOOP('',(#4423));
#977=EDGE_LOOP('',(#4424,#4425,#4426,#4427));
#978=EDGE_LOOP('',(#4428,#4429,#4430,#4431));
#979=EDGE_LOOP('',(#4432,#4433,#4434,#4435));
#980=EDGE_LOOP('',(#4436,#4437,#4438,#4439));
#981=EDGE_LOOP('',(#4440,#4441,#4442,#4443));
#982=EDGE_LOOP('',(#4444,#4445,#4446,#4447));
#983=EDGE_LOOP('',(#4448,#4449,#4450,#4451));
#984=EDGE_LOOP('',(#4452,#4453,#4454,#4455));
#985=EDGE_LOOP('',(#4456,#4457,#4458,#4459));
#986=EDGE_LOOP('',(#4460,#4461,#4462,#4463,#4464,#4465,#4466,#4467,#4468,
#4469,#4470,#4471,#4472,#4473,#4474,#4475));
#987=EDGE_LOOP('',(#4476,#4477,#4478,#4479));
#988=EDGE_LOOP('',(#4480,#4481,#4482,#4483));
#989=EDGE_LOOP('',(#4484,#4485,#4486,#4487));
#990=EDGE_LOOP('',(#4488,#4489,#4490,#4491));
#991=EDGE_LOOP('',(#4492,#4493,#4494,#4495));
#992=EDGE_LOOP('',(#4496,#4497,#4498,#4499));
#993=EDGE_LOOP('',(#4500,#4501,#4502,#4503));
#994=EDGE_LOOP('',(#4504));
#995=EDGE_LOOP('',(#4505));
#996=EDGE_LOOP('',(#4506,#4507,#4508,#4509));
#997=EDGE_LOOP('',(#4510,#4511,#4512,#4513));
#998=EDGE_LOOP('',(#4514,#4515,#4516,#4517));
#999=EDGE_LOOP('',(#4518,#4519,#4520,#4521));
#1000=EDGE_LOOP('',(#4522,#4523,#4524,#4525));
#1001=EDGE_LOOP('',(#4526,#4527,#4528,#4529));
#1002=EDGE_LOOP('',(#4530,#4531,#4532,#4533));
#1003=EDGE_LOOP('',(#4534,#4535,#4536,#4537));
#1004=EDGE_LOOP('',(#4538,#4539,#4540,#4541));
#1005=EDGE_LOOP('',(#4542,#4543,#4544,#4545,#4546,#4547));
#1006=EDGE_LOOP('',(#4548,#4549,#4550,#4551,#4552,#4553,#4554,#4555,#4556));
#1007=EDGE_LOOP('',(#4557,#4558,#4559,#4560,#4561));
#1008=EDGE_LOOP('',(#4562,#4563,#4564,#4565));
#1009=EDGE_LOOP('',(#4566,#4567,#4568,#4569,#4570));
#1010=EDGE_LOOP('',(#4571,#4572,#4573,#4574,#4575,#4576,#4577,#4578,#4579));
#1011=EDGE_LOOP('',(#4580,#4581,#4582,#4583,#4584,#4585));
#1012=EDGE_LOOP('',(#4586,#4587,#4588,#4589));
#1013=EDGE_LOOP('',(#4590,#4591,#4592,#4593,#4594,#4595));
#1014=EDGE_LOOP('',(#4596,#4597,#4598,#4599,#4600,#4601,#4602,#4603,#4604,
#4605));
#1015=EDGE_LOOP('',(#4606,#4607,#4608,#4609,#4610,#4611));
#1016=EDGE_LOOP('',(#4612,#4613,#4614,#4615));
#1017=EDGE_LOOP('',(#4616,#4617,#4618,#4619,#4620,#4621));
#1018=EDGE_LOOP('',(#4622,#4623,#4624,#4625,#4626,#4627,#4628,#4629,#4630,
#4631));
#1019=EDGE_LOOP('',(#4632,#4633,#4634,#4635,#4636,#4637));
#1020=EDGE_LOOP('',(#4638,#4639,#4640,#4641));
#1021=EDGE_LOOP('',(#4642,#4643,#4644,#4645));
#1022=EDGE_LOOP('',(#4646,#4647,#4648,#4649));
#1023=EDGE_LOOP('',(#4650,#4651,#4652,#4653,#4654));
#1024=EDGE_LOOP('',(#4655,#4656,#4657,#4658,#4659));
#1025=EDGE_LOOP('',(#4660,#4661,#4662,#4663));
#1026=EDGE_LOOP('',(#4664,#4665,#4666,#4667));
#1027=EDGE_LOOP('',(#4668,#4669,#4670,#4671,#4672,#4673,#4674));
#1028=EDGE_LOOP('',(#4675,#4676,#4677,#4678,#4679,#4680));
#1029=EDGE_LOOP('',(#4681,#4682,#4683,#4684,#4685,#4686));
#1030=EDGE_LOOP('',(#4687,#4688,#4689,#4690));
#1031=EDGE_LOOP('',(#4691,#4692,#4693,#4694));
#1032=EDGE_LOOP('',(#4695,#4696,#4697,#4698,#4699));
#1033=EDGE_LOOP('',(#4700,#4701,#4702,#4703,#4704,#4705,#4706));
#1034=EDGE_LOOP('',(#4707,#4708,#4709,#4710));
#1035=EDGE_LOOP('',(#4711,#4712,#4713,#4714));
#1036=EDGE_LOOP('',(#4715,#4716,#4717,#4718,#4719));
#1037=EDGE_LOOP('',(#4720,#4721,#4722,#4723));
#1038=EDGE_LOOP('',(#4724,#4725,#4726,#4727));
#1039=EDGE_LOOP('',(#4728,#4729,#4730,#4731));
#1040=EDGE_LOOP('',(#4732,#4733,#4734,#4735));
#1041=EDGE_LOOP('',(#4736,#4737,#4738,#4739));
#1042=EDGE_LOOP('',(#4740,#4741,#4742,#4743));
#1043=EDGE_LOOP('',(#4744,#4745,#4746,#4747));
#1044=EDGE_LOOP('',(#4748,#4749,#4750,#4751));
#1045=EDGE_LOOP('',(#4752,#4753,#4754,#4755));
#1046=EDGE_LOOP('',(#4756,#4757,#4758,#4759));
#1047=EDGE_LOOP('',(#4760,#4761,#4762,#4763));
#1048=EDGE_LOOP('',(#4764,#4765,#4766,#4767));
#1049=EDGE_LOOP('',(#4768,#4769,#4770,#4771));
#1050=EDGE_LOOP('',(#4772,#4773,#4774,#4775));
#1051=EDGE_LOOP('',(#4776));
#1052=EDGE_LOOP('',(#4777));
#1053=EDGE_LOOP('',(#4778,#4779,#4780,#4781));
#1054=EDGE_LOOP('',(#4782));
#1055=EDGE_LOOP('',(#4783));
#1056=EDGE_LOOP('',(#4784,#4785,#4786,#4787));
#1057=EDGE_LOOP('',(#4788));
#1058=EDGE_LOOP('',(#4789));
#1059=EDGE_LOOP('',(#4790,#4791,#4792,#4793));
#1060=EDGE_LOOP('',(#4794,#4795,#4796,#4797));
#1061=EDGE_LOOP('',(#4798,#4799,#4800,#4801));
#1062=EDGE_LOOP('',(#4802,#4803,#4804,#4805));
#1063=EDGE_LOOP('',(#4806,#4807,#4808,#4809));
#1064=EDGE_LOOP('',(#4810,#4811,#4812,#4813));
#1065=EDGE_LOOP('',(#4814,#4815,#4816,#4817));
#1066=EDGE_LOOP('',(#4818,#4819,#4820,#4821));
#1067=EDGE_LOOP('',(#4822,#4823,#4824,#4825));
#1068=EDGE_LOOP('',(#4826,#4827,#4828,#4829));
#1069=EDGE_LOOP('',(#4830,#4831,#4832,#4833));
#1070=EDGE_LOOP('',(#4834,#4835,#4836,#4837));
#1071=EDGE_LOOP('',(#4838,#4839,#4840,#4841));
#1072=EDGE_LOOP('',(#4842,#4843,#4844,#4845));
#1073=EDGE_LOOP('',(#4846,#4847,#4848,#4849));
#1074=EDGE_LOOP('',(#4850,#4851,#4852,#4853));
#1075=EDGE_LOOP('',(#4854,#4855,#4856,#4857));
#1076=EDGE_LOOP('',(#4858,#4859,#4860,#4861));
#1077=EDGE_LOOP('',(#4862,#4863,#4864,#4865));
#1078=EDGE_LOOP('',(#4866,#4867,#4868,#4869));
#1079=EDGE_LOOP('',(#4870,#4871,#4872,#4873));
#1080=EDGE_LOOP('',(#4874));
#1081=EDGE_LOOP('',(#4875,#4876,#4877,#4878));
#1082=EDGE_LOOP('',(#4879,#4880,#4881,#4882));
#1083=EDGE_LOOP('',(#4883,#4884,#4885,#4886));
#1084=EDGE_LOOP('',(#4887,#4888,#4889,#4890));
#1085=EDGE_LOOP('',(#4891,#4892,#4893,#4894));
#1086=EDGE_LOOP('',(#4895,#4896,#4897,#4898));
#1087=EDGE_LOOP('',(#4899,#4900,#4901,#4902));
#1088=EDGE_LOOP('',(#4903,#4904,#4905,#4906));
#1089=EDGE_LOOP('',(#4907,#4908,#4909,#4910));
#1090=EDGE_LOOP('',(#4911,#4912,#4913,#4914));
#1091=EDGE_LOOP('',(#4915,#4916,#4917,#4918));
#1092=EDGE_LOOP('',(#4919,#4920,#4921,#4922));
#1093=EDGE_LOOP('',(#4923));
#1094=EDGE_LOOP('',(#4924,#4925,#4926,#4927));
#1095=EDGE_LOOP('',(#4928,#4929,#4930,#4931,#4932,#4933,#4934,#4935));
#1096=EDGE_LOOP('',(#4936,#4937,#4938,#4939,#4940,#4941,#4942,#4943));
#1097=EDGE_LOOP('',(#4944,#4945,#4946,#4947,#4948,#4949,#4950,#4951,#4952,
#4953,#4954,#4955,#4956,#4957,#4958,#4959,#4960,#4961,#4962));
#1098=EDGE_LOOP('',(#4963,#4964,#4965,#4966));
#1099=EDGE_LOOP('',(#4967,#4968,#4969,#4970,#4971,#4972));
#1100=EDGE_LOOP('',(#4973,#4974,#4975,#4976));
#1101=EDGE_LOOP('',(#4977,#4978,#4979,#4980));
#1102=EDGE_LOOP('',(#4981,#4982,#4983,#4984,#4985,#4986));
#1103=EDGE_LOOP('',(#4987,#4988,#4989,#4990));
#1104=EDGE_LOOP('',(#4991,#4992,#4993,#4994,#4995,#4996));
#1105=EDGE_LOOP('',(#4997,#4998,#4999,#5000,#5001,#5002));
#1106=EDGE_LOOP('',(#5003,#5004,#5005,#5006,#5007,#5008,#5009,#5010,#5011,
#5012));
#1107=EDGE_LOOP('',(#5013,#5014,#5015,#5016,#5017,#5018));
#1108=EDGE_LOOP('',(#5019,#5020,#5021,#5022,#5023,#5024,#5025,#5026,#5027,
#5028,#5029,#5030,#5031,#5032,#5033,#5034,#5035,#5036,#5037,#5038,#5039,
#5040,#5041,#5042));
#1109=EDGE_LOOP('',(#5043,#5044,#5045,#5046,#5047,#5048));
#1110=EDGE_LOOP('',(#5049,#5050,#5051,#5052,#5053,#5054));
#1111=EDGE_LOOP('',(#5055));
#1112=EDGE_LOOP('',(#5056));
#1113=EDGE_LOOP('',(#5057,#5058,#5059,#5060));
#1114=EDGE_LOOP('',(#5061,#5062,#5063,#5064,#5065,#5066,#5067));
#1115=EDGE_LOOP('',(#5068,#5069,#5070,#5071));
#1116=EDGE_LOOP('',(#5072,#5073,#5074,#5075));
#1117=EDGE_LOOP('',(#5076,#5077,#5078,#5079));
#1118=EDGE_LOOP('',(#5080,#5081,#5082,#5083));
#1119=EDGE_LOOP('',(#5084,#5085,#5086,#5087,#5088,#5089,#5090));
#1120=EDGE_LOOP('',(#5091,#5092,#5093,#5094));
#1121=EDGE_LOOP('',(#5095,#5096,#5097,#5098));
#1122=EDGE_LOOP('',(#5099,#5100,#5101,#5102));
#1123=EDGE_LOOP('',(#5103,#5104,#5105,#5106));
#1124=EDGE_LOOP('',(#5107,#5108,#5109,#5110));
#1125=EDGE_LOOP('',(#5111,#5112,#5113,#5114));
#1126=EDGE_LOOP('',(#5115,#5116,#5117,#5118,#5119,#5120,#5121));
#1127=EDGE_LOOP('',(#5122,#5123,#5124,#5125));
#1128=EDGE_LOOP('',(#5126,#5127,#5128,#5129));
#1129=EDGE_LOOP('',(#5130,#5131,#5132,#5133));
#1130=EDGE_LOOP('',(#5134,#5135,#5136,#5137,#5138,#5139,#5140));
#1131=EDGE_LOOP('',(#5141,#5142,#5143,#5144));
#1132=EDGE_LOOP('',(#5145,#5146,#5147,#5148));
#1133=EDGE_LOOP('',(#5149,#5150,#5151,#5152));
#1134=EDGE_LOOP('',(#5153,#5154,#5155,#5156));
#1135=EDGE_LOOP('',(#5157,#5158,#5159,#5160));
#1136=EDGE_LOOP('',(#5161,#5162,#5163,#5164));
#1137=EDGE_LOOP('',(#5165,#5166,#5167,#5168));
#1138=EDGE_LOOP('',(#5169,#5170,#5171,#5172,#5173,#5174,#5175,#5176));
#1139=EDGE_LOOP('',(#5177,#5178,#5179,#5180));
#1140=EDGE_LOOP('',(#5181,#5182,#5183,#5184));
#1141=EDGE_LOOP('',(#5185,#5186,#5187,#5188));
#1142=EDGE_LOOP('',(#5189,#5190,#5191,#5192));
#1143=EDGE_LOOP('',(#5193,#5194,#5195,#5196));
#1144=EDGE_LOOP('',(#5197,#5198,#5199,#5200));
#1145=EDGE_LOOP('',(#5201,#5202,#5203,#5204,#5205,#5206));
#1146=EDGE_LOOP('',(#5207,#5208,#5209,#5210,#5211,#5212));
#1147=EDGE_LOOP('',(#5213,#5214,#5215,#5216));
#1148=EDGE_LOOP('',(#5217,#5218,#5219));
#1149=EDGE_LOOP('',(#5220,#5221,#5222,#5223));
#1150=EDGE_LOOP('',(#5224,#5225,#5226,#5227));
#1151=EDGE_LOOP('',(#5228,#5229,#5230));
#1152=EDGE_LOOP('',(#5231,#5232,#5233,#5234));
#1153=EDGE_LOOP('',(#5235,#5236,#5237,#5238));
#1154=EDGE_LOOP('',(#5239,#5240,#5241,#5242));
#1155=EDGE_LOOP('',(#5243,#5244,#5245,#5246,#5247,#5248));
#1156=EDGE_LOOP('',(#5249,#5250,#5251,#5252));
#1157=EDGE_LOOP('',(#5253,#5254,#5255,#5256,#5257,#5258,#5259));
#1158=EDGE_LOOP('',(#5260,#5261,#5262,#5263,#5264,#5265,#5266));
#1159=EDGE_LOOP('',(#5267,#5268,#5269,#5270));
#1160=EDGE_LOOP('',(#5271,#5272,#5273,#5274));
#1161=EDGE_LOOP('',(#5275,#5276,#5277,#5278));
#1162=EDGE_LOOP('',(#5279,#5280,#5281,#5282));
#1163=EDGE_LOOP('',(#5283,#5284,#5285,#5286,#5287,#5288,#5289));
#1164=EDGE_LOOP('',(#5290,#5291,#5292,#5293));
#1165=EDGE_LOOP('',(#5294,#5295,#5296,#5297,#5298,#5299,#5300));
#1166=EDGE_LOOP('',(#5301,#5302,#5303,#5304));
#1167=EDGE_LOOP('',(#5305,#5306,#5307,#5308,#5309,#5310,#5311,#5312));
#1168=EDGE_LOOP('',(#5313,#5314,#5315,#5316));
#1169=EDGE_LOOP('',(#5317,#5318,#5319,#5320));
#1170=EDGE_LOOP('',(#5321,#5322,#5323,#5324));
#1171=EDGE_LOOP('',(#5325,#5326,#5327,#5328));
#1172=EDGE_LOOP('',(#5329,#5330,#5331,#5332));
#1173=EDGE_LOOP('',(#5333,#5334,#5335,#5336));
#1174=EDGE_LOOP('',(#5337,#5338,#5339,#5340));
#1175=EDGE_LOOP('',(#5341,#5342,#5343,#5344,#5345,#5346));
#1176=LINE('',#7631,#1719);
#1177=LINE('',#7638,#1720);
#1178=LINE('',#7656,#1721);
#1179=LINE('',#7679,#1722);
#1180=LINE('',#7702,#1723);
#1181=LINE('',#7725,#1724);
#1182=LINE('',#7748,#1725);
#1183=LINE('',#7771,#1726);
#1184=LINE('',#7815,#1727);
#1185=LINE('',#7822,#1728);
#1186=LINE('',#7840,#1729);
#1187=LINE('',#7863,#1730);
#1188=LINE('',#7886,#1731);
#1189=LINE('',#7909,#1732);
#1190=LINE('',#7932,#1733);
#1191=LINE('',#7955,#1734);
#1192=LINE('',#7999,#1735);
#1193=LINE('',#8006,#1736);
#1194=LINE('',#8024,#1737);
#1195=LINE('',#8047,#1738);
#1196=LINE('',#8070,#1739);
#1197=LINE('',#8093,#1740);
#1198=LINE('',#8116,#1741);
#1199=LINE('',#8139,#1742);
#1200=LINE('',#8162,#1743);
#1201=LINE('',#8185,#1744);
#1202=LINE('',#8208,#1745);
#1203=LINE('',#8231,#1746);
#1204=LINE('',#8254,#1747);
#1205=LINE('',#8277,#1748);
#1206=LINE('',#8300,#1749);
#1207=LINE('',#8323,#1750);
#1208=LINE('',#8353,#1751);
#1209=LINE('',#8355,#1752);
#1210=LINE('',#8357,#1753);
#1211=LINE('',#8358,#1754);
#1212=LINE('',#8369,#1755);
#1213=LINE('',#8372,#1756);
#1214=LINE('',#8375,#1757);
#1215=LINE('',#8377,#1758);
#1216=LINE('',#8378,#1759);
#1217=LINE('',#8384,#1760);
#1218=LINE('',#8387,#1761);
#1219=LINE('',#8389,#1762);
#1220=LINE('',#8390,#1763);
#1221=LINE('',#8395,#1764);
#1222=LINE('',#8399,#1765);
#1223=LINE('',#8401,#1766);
#1224=LINE('',#8402,#1767);
#1225=LINE('',#8407,#1768);
#1226=LINE('',#8410,#1769);
#1227=LINE('',#8411,#1770);
#1228=LINE('',#8415,#1771);
#1229=LINE('',#8420,#1772);
#1230=LINE('',#8425,#1773);
#1231=LINE('',#8430,#1774);
#1232=LINE('',#8435,#1775);
#1233=LINE('',#8437,#1776);
#1234=LINE('',#8439,#1777);
#1235=LINE('',#8440,#1778);
#1236=LINE('',#8444,#1779);
#1237=LINE('',#8446,#1780);
#1238=LINE('',#8448,#1781);
#1239=LINE('',#8449,#1782);
#1240=LINE('',#8454,#1783);
#1241=LINE('',#8458,#1784);
#1242=LINE('',#8460,#1785);
#1243=LINE('',#8461,#1786);
#1244=LINE('',#8466,#1787);
#1245=LINE('',#8470,#1788);
#1246=LINE('',#8472,#1789);
#1247=LINE('',#8473,#1790);
#1248=LINE('',#8523,#1791);
#1249=LINE('',#8527,#1792);
#1250=LINE('',#8529,#1793);
#1251=LINE('',#8531,#1794);
#1252=LINE('',#8534,#1795);
#1253=LINE('',#8539,#1796);
#1254=LINE('',#8541,#1797);
#1255=LINE('',#8543,#1798);
#1256=LINE('',#8544,#1799);
#1257=LINE('',#8547,#1800);
#1258=LINE('',#8549,#1801);
#1259=LINE('',#8551,#1802);
#1260=LINE('',#8552,#1803);
#1261=LINE('',#8637,#1804);
#1262=LINE('',#8649,#1805);
#1263=LINE('',#8654,#1806);
#1264=LINE('',#8656,#1807);
#1265=LINE('',#8658,#1808);
#1266=LINE('',#8660,#1809);
#1267=LINE('',#8662,#1810);
#1268=LINE('',#8666,#1811);
#1269=LINE('',#8670,#1812);
#1270=LINE('',#8674,#1813);
#1271=LINE('',#8678,#1814);
#1272=LINE('',#8682,#1815);
#1273=LINE('',#8686,#1816);
#1274=LINE('',#8690,#1817);
#1275=LINE('',#8694,#1818);
#1276=LINE('',#8698,#1819);
#1277=LINE('',#8702,#1820);
#1278=LINE('',#8727,#1821);
#1279=LINE('',#8751,#1822);
#1280=LINE('',#8775,#1823);
#1281=LINE('',#8799,#1824);
#1282=LINE('',#8823,#1825);
#1283=LINE('',#8829,#1826);
#1284=LINE('',#8832,#1827);
#1285=LINE('',#8835,#1828);
#1286=LINE('',#8837,#1829);
#1287=LINE('',#8839,#1830);
#1288=LINE('',#8841,#1831);
#1289=LINE('',#8843,#1832);
#1290=LINE('',#8845,#1833);
#1291=LINE('',#8846,#1834);
#1292=LINE('',#8852,#1835);
#1293=LINE('',#8855,#1836);
#1294=LINE('',#8858,#1837);
#1295=LINE('',#8860,#1838);
#1296=LINE('',#8862,#1839);
#1297=LINE('',#8864,#1840);
#1298=LINE('',#8866,#1841);
#1299=LINE('',#8868,#1842);
#1300=LINE('',#8869,#1843);
#1301=LINE('',#8875,#1844);
#1302=LINE('',#8878,#1845);
#1303=LINE('',#8881,#1846);
#1304=LINE('',#8883,#1847);
#1305=LINE('',#8884,#1848);
#1306=LINE('',#8890,#1849);
#1307=LINE('',#8893,#1850);
#1308=LINE('',#8896,#1851);
#1309=LINE('',#8898,#1852);
#1310=LINE('',#8899,#1853);
#1311=LINE('',#8901,#1854);
#1312=LINE('',#8903,#1855);
#1313=LINE('',#8907,#1856);
#1314=LINE('',#8909,#1857);
#1315=LINE('',#8913,#1858);
#1316=LINE('',#8916,#1859);
#1317=LINE('',#8918,#1860);
#1318=LINE('',#8920,#1861);
#1319=LINE('',#8924,#1862);
#1320=LINE('',#8929,#1863);
#1321=LINE('',#8934,#1864);
#1322=LINE('',#8935,#1865);
#1323=LINE('',#8938,#1866);
#1324=LINE('',#8939,#1867);
#1325=LINE('',#8942,#1868);
#1326=LINE('',#8945,#1869);
#1327=LINE('',#8948,#1870);
#1328=LINE('',#8949,#1871);
#1329=LINE('',#8955,#1872);
#1330=LINE('',#8958,#1873);
#1331=LINE('',#8961,#1874);
#1332=LINE('',#8963,#1875);
#1333=LINE('',#8964,#1876);
#1334=LINE('',#8969,#1877);
#1335=LINE('',#8973,#1878);
#1336=LINE('',#8975,#1879);
#1337=LINE('',#8976,#1880);
#1338=LINE('',#8982,#1881);
#1339=LINE('',#8985,#1882);
#1340=LINE('',#8988,#1883);
#1341=LINE('',#8990,#1884);
#1342=LINE('',#8991,#1885);
#1343=LINE('',#8993,#1886);
#1344=LINE('',#8995,#1887);
#1345=LINE('',#8997,#1888);
#1346=LINE('',#9001,#1889);
#1347=LINE('',#9004,#1890);
#1348=LINE('',#9006,#1891);
#1349=LINE('',#9008,#1892);
#1350=LINE('',#9012,#1893);
#1351=LINE('',#9016,#1894);
#1352=LINE('',#9019,#1895);
#1353=LINE('',#9022,#1896);
#1354=LINE('',#9023,#1897);
#1355=LINE('',#9027,#1898);
#1356=LINE('',#9029,#1899);
#1357=LINE('',#9031,#1900);
#1358=LINE('',#9032,#1901);
#1359=LINE('',#9036,#1902);
#1360=LINE('',#9040,#1903);
#1361=LINE('',#9041,#1904);
#1362=LINE('',#9042,#1905);
#1363=LINE('',#9045,#1906);
#1364=LINE('',#9049,#1907);
#1365=LINE('',#9050,#1908);
#1366=LINE('',#9054,#1909);
#1367=LINE('',#9056,#1910);
#1368=LINE('',#9058,#1911);
#1369=LINE('',#9060,#1912);
#1370=LINE('',#9072,#1913);
#1371=LINE('',#9073,#1914);
#1372=LINE('',#9085,#1915);
#1373=LINE('',#9086,#1916);
#1374=LINE('',#9091,#1917);
#1375=LINE('',#9092,#1918);
#1376=LINE('',#9094,#1919);
#1377=LINE('',#9095,#1920);
#1378=LINE('',#9100,#1921);
#1379=LINE('',#9101,#1922);
#1380=LINE('',#9104,#1923);
#1381=LINE('',#9106,#1924);
#1382=LINE('',#9108,#1925);
#1383=LINE('',#9110,#1926);
#1384=LINE('',#9111,#1927);
#1385=LINE('',#9112,#1928);
#1386=LINE('',#9113,#1929);
#1387=LINE('',#9116,#1930);
#1388=LINE('',#9118,#1931);
#1389=LINE('',#9120,#1932);
#1390=LINE('',#9122,#1933);
#1391=LINE('',#9124,#1934);
#1392=LINE('',#9126,#1935);
#1393=LINE('',#9128,#1936);
#1394=LINE('',#9130,#1937);
#1395=LINE('',#9132,#1938);
#1396=LINE('',#9133,#1939);
#1397=LINE('',#9138,#1940);
#1398=LINE('',#9141,#1941);
#1399=LINE('',#9143,#1942);
#1400=LINE('',#9144,#1943);
#1401=LINE('',#9146,#1944);
#1402=LINE('',#9148,#1945);
#1403=LINE('',#9149,#1946);
#1404=LINE('',#9153,#1947);
#1405=LINE('',#9156,#1948);
#1406=LINE('',#9158,#1949);
#1407=LINE('',#9159,#1950);
#1408=LINE('',#9161,#1951);
#1409=LINE('',#9163,#1952);
#1410=LINE('',#9165,#1953);
#1411=LINE('',#9166,#1954);
#1412=LINE('',#9168,#1955);
#1413=LINE('',#9170,#1956);
#1414=LINE('',#9171,#1957);
#1415=LINE('',#9172,#1958);
#1416=LINE('',#9177,#1959);
#1417=LINE('',#9207,#1960);
#1418=LINE('',#9210,#1961);
#1419=LINE('',#9212,#1962);
#1420=LINE('',#9213,#1963);
#1421=LINE('',#9221,#1964);
#1422=LINE('',#9225,#1965);
#1423=LINE('',#9226,#1966);
#1424=LINE('',#9230,#1967);
#1425=LINE('',#9235,#1968);
#1426=LINE('',#9238,#1969);
#1427=LINE('',#9244,#1970);
#1428=LINE('',#9246,#1971);
#1429=LINE('',#9248,#1972);
#1430=LINE('',#9249,#1973);
#1431=LINE('',#9255,#1974);
#1432=LINE('',#9257,#1975);
#1433=LINE('',#9259,#1976);
#1434=LINE('',#9261,#1977);
#1435=LINE('',#9262,#1978);
#1436=LINE('',#9263,#1979);
#1437=LINE('',#9264,#1980);
#1438=LINE('',#9265,#1981);
#1439=LINE('',#9269,#1982);
#1440=LINE('',#9271,#1983);
#1441=LINE('',#9273,#1984);
#1442=LINE('',#9274,#1985);
#1443=LINE('',#9282,#1986);
#1444=LINE('',#9284,#1987);
#1445=LINE('',#9286,#1988);
#1446=LINE('',#9290,#1989);
#1447=LINE('',#9292,#1990);
#1448=LINE('',#9294,#1991);
#1449=LINE('',#9298,#1992);
#1450=LINE('',#9300,#1993);
#1451=LINE('',#9302,#1994);
#1452=LINE('',#9304,#1995);
#1453=LINE('',#9308,#1996);
#1454=LINE('',#9309,#1997);
#1455=LINE('',#9310,#1998);
#1456=LINE('',#9317,#1999);
#1457=LINE('',#9318,#2000);
#1458=LINE('',#9319,#2001);
#1459=LINE('',#9326,#2002);
#1460=LINE('',#9327,#2003);
#1461=LINE('',#9328,#2004);
#1462=LINE('',#9332,#2005);
#1463=LINE('',#9336,#2006);
#1464=LINE('',#9337,#2007);
#1465=LINE('',#9338,#2008);
#1466=LINE('',#9340,#2009);
#1467=LINE('',#9342,#2010);
#1468=LINE('',#9343,#2011);
#1469=LINE('',#9347,#2012);
#1470=LINE('',#9348,#2013);
#1471=LINE('',#9349,#2014);
#1472=LINE('',#9356,#2015);
#1473=LINE('',#9357,#2016);
#1474=LINE('',#9358,#2017);
#1475=LINE('',#9365,#2018);
#1476=LINE('',#9366,#2019);
#1477=LINE('',#9367,#2020);
#1478=LINE('',#9372,#2021);
#1479=LINE('',#9373,#2022);
#1480=LINE('',#9377,#2023);
#1481=LINE('',#9379,#2024);
#1482=LINE('',#9383,#2025);
#1483=LINE('',#9385,#2026);
#1484=LINE('',#9389,#2027);
#1485=LINE('',#9391,#2028);
#1486=LINE('',#9399,#2029);
#1487=LINE('',#9404,#2030);
#1488=LINE('',#9408,#2031);
#1489=LINE('',#9412,#2032);
#1490=LINE('',#9416,#2033);
#1491=LINE('',#9436,#2034);
#1492=LINE('',#9440,#2035);
#1493=LINE('',#9463,#2036);
#1494=LINE('',#9464,#2037);
#1495=LINE('',#9465,#2038);
#1496=LINE('',#9466,#2039);
#1497=LINE('',#9468,#2040);
#1498=LINE('',#9470,#2041);
#1499=LINE('',#9472,#2042);
#1500=LINE('',#9473,#2043);
#1501=LINE('',#9477,#2044);
#1502=LINE('',#9478,#2045);
#1503=LINE('',#9480,#2046);
#1504=LINE('',#9482,#2047);
#1505=LINE('',#9485,#2048);
#1506=LINE('',#9487,#2049);
#1507=LINE('',#9489,#2050);
#1508=LINE('',#9492,#2051);
#1509=LINE('',#9496,#2052);
#1510=LINE('',#9498,#2053);
#1511=LINE('',#9500,#2054);
#1512=LINE('',#9519,#2055);
#1513=LINE('',#9525,#2056);
#1514=LINE('',#9530,#2057);
#1515=LINE('',#9536,#2058);
#1516=LINE('',#9541,#2059);
#1517=LINE('',#9543,#2060);
#1518=LINE('',#9545,#2061);
#1519=LINE('',#9546,#2062);
#1520=LINE('',#9550,#2063);
#1521=LINE('',#9552,#2064);
#1522=LINE('',#9554,#2065);
#1523=LINE('',#9555,#2066);
#1524=LINE('',#9559,#2067);
#1525=LINE('',#9561,#2068);
#1526=LINE('',#9563,#2069);
#1527=LINE('',#9564,#2070);
#1528=LINE('',#9568,#2071);
#1529=LINE('',#9570,#2072);
#1530=LINE('',#9572,#2073);
#1531=LINE('',#9573,#2074);
#1532=LINE('',#9577,#2075);
#1533=LINE('',#9579,#2076);
#1534=LINE('',#9581,#2077);
#1535=LINE('',#9582,#2078);
#1536=LINE('',#9586,#2079);
#1537=LINE('',#9588,#2080);
#1538=LINE('',#9590,#2081);
#1539=LINE('',#9591,#2082);
#1540=LINE('',#9595,#2083);
#1541=LINE('',#9597,#2084);
#1542=LINE('',#9599,#2085);
#1543=LINE('',#9600,#2086);
#1544=LINE('',#9604,#2087);
#1545=LINE('',#9606,#2088);
#1546=LINE('',#9608,#2089);
#1547=LINE('',#9609,#2090);
#1548=LINE('',#9613,#2091);
#1549=LINE('',#9615,#2092);
#1550=LINE('',#9617,#2093);
#1551=LINE('',#9618,#2094);
#1552=LINE('',#9622,#2095);
#1553=LINE('',#9624,#2096);
#1554=LINE('',#9626,#2097);
#1555=LINE('',#9627,#2098);
#1556=LINE('',#9630,#2099);
#1557=LINE('',#9632,#2100);
#1558=LINE('',#9633,#2101);
#1559=LINE('',#9636,#2102);
#1560=LINE('',#9638,#2103);
#1561=LINE('',#9639,#2104);
#1562=LINE('',#9641,#2105);
#1563=LINE('',#9642,#2106);
#1564=LINE('',#9643,#2107);
#1565=LINE('',#9645,#2108);
#1566=LINE('',#9647,#2109);
#1567=LINE('',#9648,#2110);
#1568=LINE('',#9649,#2111);
#1569=LINE('',#9651,#2112);
#1570=LINE('',#9653,#2113);
#1571=LINE('',#9657,#2114);
#1572=LINE('',#9658,#2115);
#1573=LINE('',#9661,#2116);
#1574=LINE('',#9663,#2117);
#1575=LINE('',#9664,#2118);
#1576=LINE('',#9667,#2119);
#1577=LINE('',#9669,#2120);
#1578=LINE('',#9670,#2121);
#1579=LINE('',#9672,#2122);
#1580=LINE('',#9673,#2123);
#1581=LINE('',#9675,#2124);
#1582=LINE('',#9677,#2125);
#1583=LINE('',#9678,#2126);
#1584=LINE('',#9680,#2127);
#1585=LINE('',#9682,#2128);
#1586=LINE('',#9686,#2129);
#1587=LINE('',#9687,#2130);
#1588=LINE('',#9688,#2131);
#1589=LINE('',#9690,#2132);
#1590=LINE('',#9691,#2133);
#1591=LINE('',#9693,#2134);
#1592=LINE('',#9699,#2135);
#1593=LINE('',#9702,#2136);
#1594=LINE('',#9705,#2137);
#1595=LINE('',#9709,#2138);
#1596=LINE('',#9711,#2139);
#1597=LINE('',#9712,#2140);
#1598=LINE('',#9715,#2141);
#1599=LINE('',#9716,#2142);
#1600=LINE('',#9720,#2143);
#1601=LINE('',#9723,#2144);
#1602=LINE('',#9725,#2145);
#1603=LINE('',#9726,#2146);
#1604=LINE('',#9729,#2147);
#1605=LINE('',#9731,#2148);
#1606=LINE('',#9732,#2149);
#1607=LINE('',#9735,#2150);
#1608=LINE('',#9736,#2151);
#1609=LINE('',#9739,#2152);
#1610=LINE('',#9740,#2153);
#1611=LINE('',#9742,#2154);
#1612=LINE('',#9743,#2155);
#1613=LINE('',#9745,#2156);
#1614=LINE('',#9754,#2157);
#1615=LINE('',#9757,#2158);
#1616=LINE('',#9760,#2159);
#1617=LINE('',#9762,#2160);
#1618=LINE('',#9764,#2161);
#1619=LINE('',#9768,#2162);
#1620=LINE('',#9769,#2163);
#1621=LINE('',#9772,#2164);
#1622=LINE('',#9773,#2165);
#1623=LINE('',#9779,#2166);
#1624=LINE('',#9782,#2167);
#1625=LINE('',#9801,#2168);
#1626=LINE('',#9802,#2169);
#1627=LINE('',#9805,#2170);
#1628=LINE('',#9807,#2171);
#1629=LINE('',#9811,#2172);
#1630=LINE('',#9813,#2173);
#1631=LINE('',#9814,#2174);
#1632=LINE('',#9817,#2175);
#1633=LINE('',#9818,#2176);
#1634=LINE('',#9821,#2177);
#1635=LINE('',#9825,#2178);
#1636=LINE('',#9826,#2179);
#1637=LINE('',#9832,#2180);
#1638=LINE('',#9835,#2181);
#1639=LINE('',#9854,#2182);
#1640=LINE('',#9855,#2183);
#1641=LINE('',#9858,#2184);
#1642=LINE('',#9860,#2185);
#1643=LINE('',#9864,#2186);
#1644=LINE('',#9866,#2187);
#1645=LINE('',#9867,#2188);
#1646=LINE('',#9870,#2189);
#1647=LINE('',#9871,#2190);
#1648=LINE('',#9874,#2191);
#1649=LINE('',#9878,#2192);
#1650=LINE('',#9879,#2193);
#1651=LINE('',#9882,#2194);
#1652=LINE('',#9884,#2195);
#1653=LINE('',#9888,#2196);
#1654=LINE('',#9889,#2197);
#1655=LINE('',#9891,#2198);
#1656=LINE('',#9894,#2199);
#1657=LINE('',#9896,#2200);
#1658=LINE('',#9897,#2201);
#1659=LINE('',#9900,#2202);
#1660=LINE('',#9903,#2203);
#1661=LINE('',#9906,#2204);
#1662=LINE('',#9907,#2205);
#1663=LINE('',#9911,#2206);
#1664=LINE('',#9914,#2207);
#1665=LINE('',#9915,#2208);
#1666=LINE('',#9918,#2209);
#1667=LINE('',#9922,#2210);
#1668=LINE('',#9923,#2211);
#1669=LINE('',#9927,#2212);
#1670=LINE('',#9929,#2213);
#1671=LINE('',#9931,#2214);
#1672=LINE('',#9932,#2215);
#1673=LINE('',#9935,#2216);
#1674=LINE('',#9937,#2217);
#1675=LINE('',#9938,#2218);
#1676=LINE('',#9941,#2219);
#1677=LINE('',#9943,#2220);
#1678=LINE('',#9944,#2221);
#1679=LINE('',#9950,#2222);
#1680=LINE('',#9953,#2223);
#1681=LINE('',#9955,#2224);
#1682=LINE('',#9956,#2225);
#1683=LINE('',#9963,#2226);
#1684=LINE('',#9965,#2227);
#1685=LINE('',#9969,#2228);
#1686=LINE('',#9972,#2229);
#1687=LINE('',#9978,#2230);
#1688=LINE('',#9981,#2231);
#1689=LINE('',#9987,#2232);
#1690=LINE('',#9988,#2233);
#1691=LINE('',#9993,#2234);
#1692=LINE('',#9994,#2235);
#1693=LINE('',#10000,#2236);
#1694=LINE('',#10003,#2237);
#1695=LINE('',#10006,#2238);
#1696=LINE('',#10008,#2239);
#1697=LINE('',#10014,#2240);
#1698=LINE('',#10018,#2241);
#1699=LINE('',#10020,#2242);
#1700=LINE('',#10021,#2243);
#1701=LINE('',#10022,#2244);
#1702=LINE('',#10023,#2245);
#1703=LINE('',#10025,#2246);
#1704=LINE('',#10026,#2247);
#1705=LINE('',#10027,#2248);
#1706=LINE('',#10031,#2249);
#1707=LINE('',#10034,#2250);
#1708=LINE('',#10036,#2251);
#1709=LINE('',#10038,#2252);
#1710=LINE('',#10042,#2253);
#1711=LINE('',#10043,#2254);
#1712=LINE('',#10045,#2255);
#1713=LINE('',#10049,#2256);
#1714=LINE('',#10050,#2257);
#1715=LINE('',#10052,#2258);
#1716=LINE('',#10054,#2259);
#1717=LINE('',#10056,#2260);
#1718=LINE('',#10058,#2261);
#1719=VECTOR('',#6153,10.);
#1720=VECTOR('',#6154,10.);
#1721=VECTOR('',#6155,10.);
#1722=VECTOR('',#6156,10.);
#1723=VECTOR('',#6157,10.);
#1724=VECTOR('',#6158,10.);
#1725=VECTOR('',#6159,10.);
#1726=VECTOR('',#6160,10.);
#1727=VECTOR('',#6161,10.);
#1728=VECTOR('',#6162,10.);
#1729=VECTOR('',#6163,10.);
#1730=VECTOR('',#6164,10.);
#1731=VECTOR('',#6165,10.);
#1732=VECTOR('',#6166,10.);
#1733=VECTOR('',#6167,10.);
#1734=VECTOR('',#6168,10.);
#1735=VECTOR('',#6169,10.);
#1736=VECTOR('',#6170,10.);
#1737=VECTOR('',#6171,10.);
#1738=VECTOR('',#6172,10.);
#1739=VECTOR('',#6173,10.);
#1740=VECTOR('',#6174,10.);
#1741=VECTOR('',#6175,10.);
#1742=VECTOR('',#6176,10.);
#1743=VECTOR('',#6177,10.);
#1744=VECTOR('',#6178,10.);
#1745=VECTOR('',#6179,10.);
#1746=VECTOR('',#6180,10.);
#1747=VECTOR('',#6181,10.);
#1748=VECTOR('',#6182,10.);
#1749=VECTOR('',#6183,10.);
#1750=VECTOR('',#6184,10.);
#1751=VECTOR('',#6189,10.);
#1752=VECTOR('',#6190,10.);
#1753=VECTOR('',#6191,10.);
#1754=VECTOR('',#6192,10.);
#1755=VECTOR('',#6203,10.);
#1756=VECTOR('',#6206,10.);
#1757=VECTOR('',#6209,10.);
#1758=VECTOR('',#6210,10.);
#1759=VECTOR('',#6211,10.);
#1760=VECTOR('',#6216,10.);
#1761=VECTOR('',#6219,10.);
#1762=VECTOR('',#6222,10.);
#1763=VECTOR('',#6223,10.);
#1764=VECTOR('',#6228,10.);
#1765=VECTOR('',#6233,10.);
#1766=VECTOR('',#6234,10.);
#1767=VECTOR('',#6235,10.);
#1768=VECTOR('',#6240,10.);
#1769=VECTOR('',#6245,10.);
#1770=VECTOR('',#6246,10.);
#1771=VECTOR('',#6251,2.6);
#1772=VECTOR('',#6256,2.6);
#1773=VECTOR('',#6263,2.6);
#1774=VECTOR('',#6268,2.6);
#1775=VECTOR('',#6273,10.);
#1776=VECTOR('',#6274,10.);
#1777=VECTOR('',#6275,10.);
#1778=VECTOR('',#6276,10.);
#1779=VECTOR('',#6279,10.);
#1780=VECTOR('',#6280,10.);
#1781=VECTOR('',#6281,10.);
#1782=VECTOR('',#6282,10.);
#1783=VECTOR('',#6287,10.);
#1784=VECTOR('',#6292,10.);
#1785=VECTOR('',#6293,10.);
#1786=VECTOR('',#6294,10.);
#1787=VECTOR('',#6299,10.);
#1788=VECTOR('',#6304,10.);
#1789=VECTOR('',#6305,10.);
#1790=VECTOR('',#6306,10.);
#1791=VECTOR('',#6333,10.);
#1792=VECTOR('',#6336,10.);
#1793=VECTOR('',#6337,10.);
#1794=VECTOR('',#6338,10.);
#1795=VECTOR('',#6341,10.);
#1796=VECTOR('',#6344,10.);
#1797=VECTOR('',#6345,10.);
#1798=VECTOR('',#6346,10.);
#1799=VECTOR('',#6347,10.);
#1800=VECTOR('',#6348,10.);
#1801=VECTOR('',#6349,10.);
#1802=VECTOR('',#6350,10.);
#1803=VECTOR('',#6351,10.);
#1804=VECTOR('',#6372,10.);
#1805=VECTOR('',#6373,10.);
#1806=VECTOR('',#6378,10.);
#1807=VECTOR('',#6379,10.);
#1808=VECTOR('',#6380,10.);
#1809=VECTOR('',#6381,10.);
#1810=VECTOR('',#6382,10.);
#1811=VECTOR('',#6385,10.);
#1812=VECTOR('',#6388,10.);
#1813=VECTOR('',#6391,10.);
#1814=VECTOR('',#6394,10.);
#1815=VECTOR('',#6397,10.);
#1816=VECTOR('',#6400,10.);
#1817=VECTOR('',#6403,10.);
#1818=VECTOR('',#6406,10.);
#1819=VECTOR('',#6409,10.);
#1820=VECTOR('',#6412,10.);
#1821=VECTOR('',#6417,10.);
#1822=VECTOR('',#6420,10.);
#1823=VECTOR('',#6423,10.);
#1824=VECTOR('',#6426,10.);
#1825=VECTOR('',#6429,10.);
#1826=VECTOR('',#6434,10.);
#1827=VECTOR('',#6437,10.);
#1828=VECTOR('',#6440,10.);
#1829=VECTOR('',#6441,10.);
#1830=VECTOR('',#6442,10.);
#1831=VECTOR('',#6443,10.);
#1832=VECTOR('',#6444,10.);
#1833=VECTOR('',#6445,10.);
#1834=VECTOR('',#6446,10.);
#1835=VECTOR('',#6451,10.);
#1836=VECTOR('',#6454,10.);
#1837=VECTOR('',#6457,10.);
#1838=VECTOR('',#6458,10.);
#1839=VECTOR('',#6459,10.);
#1840=VECTOR('',#6460,10.);
#1841=VECTOR('',#6461,10.);
#1842=VECTOR('',#6462,10.);
#1843=VECTOR('',#6463,10.);
#1844=VECTOR('',#6468,10.);
#1845=VECTOR('',#6471,10.);
#1846=VECTOR('',#6474,10.);
#1847=VECTOR('',#6475,10.);
#1848=VECTOR('',#6476,10.);
#1849=VECTOR('',#6481,10.);
#1850=VECTOR('',#6484,10.);
#1851=VECTOR('',#6487,10.);
#1852=VECTOR('',#6488,10.);
#1853=VECTOR('',#6489,10.);
#1854=VECTOR('',#6492,10.);
#1855=VECTOR('',#6493,10.);
#1856=VECTOR('',#6496,10.);
#1857=VECTOR('',#6497,10.);
#1858=VECTOR('',#6500,10.);
#1859=VECTOR('',#6503,10.);
#1860=VECTOR('',#6504,10.);
#1861=VECTOR('',#6505,10.);
#1862=VECTOR('',#6508,10.);
#1863=VECTOR('',#6515,10.);
#1864=VECTOR('',#6520,10.);
#1865=VECTOR('',#6521,10.);
#1866=VECTOR('',#6524,10.);
#1867=VECTOR('',#6525,10.);
#1868=VECTOR('',#6528,10.);
#1869=VECTOR('',#6531,10.);
#1870=VECTOR('',#6534,10.);
#1871=VECTOR('',#6535,10.);
#1872=VECTOR('',#6540,10.);
#1873=VECTOR('',#6543,10.);
#1874=VECTOR('',#6546,10.);
#1875=VECTOR('',#6547,10.);
#1876=VECTOR('',#6548,10.);
#1877=VECTOR('',#6553,10.);
#1878=VECTOR('',#6558,10.);
#1879=VECTOR('',#6559,10.);
#1880=VECTOR('',#6560,10.);
#1881=VECTOR('',#6565,10.);
#1882=VECTOR('',#6568,10.);
#1883=VECTOR('',#6571,10.);
#1884=VECTOR('',#6572,10.);
#1885=VECTOR('',#6573,10.);
#1886=VECTOR('',#6576,10.);
#1887=VECTOR('',#6577,10.);
#1888=VECTOR('',#6578,10.);
#1889=VECTOR('',#6581,10.);
#1890=VECTOR('',#6584,10.);
#1891=VECTOR('',#6585,10.);
#1892=VECTOR('',#6586,10.);
#1893=VECTOR('',#6589,10.);
#1894=VECTOR('',#6594,10.);
#1895=VECTOR('',#6597,10.);
#1896=VECTOR('',#6600,10.);
#1897=VECTOR('',#6601,10.);
#1898=VECTOR('',#6606,10.);
#1899=VECTOR('',#6609,10.);
#1900=VECTOR('',#6610,10.);
#1901=VECTOR('',#6611,10.);
#1902=VECTOR('',#6614,10.);
#1903=VECTOR('',#6617,10.);
#1904=VECTOR('',#6618,10.);
#1905=VECTOR('',#6619,10.);
#1906=VECTOR('',#6622,10.);
#1907=VECTOR('',#6627,10.);
#1908=VECTOR('',#6628,10.);
#1909=VECTOR('',#6633,10.);
#1910=VECTOR('',#6636,10.);
#1911=VECTOR('',#6639,10.);
#1912=VECTOR('',#6642,10.);
#1913=VECTOR('',#6655,10.);
#1914=VECTOR('',#6656,10.);
#1915=VECTOR('',#6669,10.);
#1916=VECTOR('',#6670,10.);
#1917=VECTOR('',#6675,10.);
#1918=VECTOR('',#6676,10.);
#1919=VECTOR('',#6679,10.);
#1920=VECTOR('',#6680,10.);
#1921=VECTOR('',#6685,10.);
#1922=VECTOR('',#6686,10.);
#1923=VECTOR('',#6689,10.);
#1924=VECTOR('',#6690,10.);
#1925=VECTOR('',#6691,10.);
#1926=VECTOR('',#6692,10.);
#1927=VECTOR('',#6693,10.);
#1928=VECTOR('',#6694,10.);
#1929=VECTOR('',#6695,10.);
#1930=VECTOR('',#6696,10.);
#1931=VECTOR('',#6697,10.);
#1932=VECTOR('',#6698,10.);
#1933=VECTOR('',#6699,10.);
#1934=VECTOR('',#6700,10.);
#1935=VECTOR('',#6701,10.);
#1936=VECTOR('',#6702,10.);
#1937=VECTOR('',#6703,10.);
#1938=VECTOR('',#6704,10.);
#1939=VECTOR('',#6705,10.);
#1940=VECTOR('',#6710,10.);
#1941=VECTOR('',#6713,10.);
#1942=VECTOR('',#6714,10.);
#1943=VECTOR('',#6715,10.);
#1944=VECTOR('',#6716,10.);
#1945=VECTOR('',#6717,10.);
#1946=VECTOR('',#6718,10.);
#1947=VECTOR('',#6721,10.);
#1948=VECTOR('',#6724,10.);
#1949=VECTOR('',#6725,10.);
#1950=VECTOR('',#6726,10.);
#1951=VECTOR('',#6729,10.);
#1952=VECTOR('',#6730,10.);
#1953=VECTOR('',#6731,10.);
#1954=VECTOR('',#6732,10.);
#1955=VECTOR('',#6733,10.);
#1956=VECTOR('',#6734,10.);
#1957=VECTOR('',#6735,10.);
#1958=VECTOR('',#6736,10.);
#1959=VECTOR('',#6741,10.);
#1960=VECTOR('',#6760,10.);
#1961=VECTOR('',#6763,10.);
#1962=VECTOR('',#6764,10.);
#1963=VECTOR('',#6765,10.);
#1964=VECTOR('',#6776,10.);
#1965=VECTOR('',#6781,10.);
#1966=VECTOR('',#6782,10.);
#1967=VECTOR('',#6785,10.);
#1968=VECTOR('',#6790,10.);
#1969=VECTOR('',#6795,10.);
#1970=VECTOR('',#6800,10.);
#1971=VECTOR('',#6801,10.);
#1972=VECTOR('',#6802,10.);
#1973=VECTOR('',#6803,10.);
#1974=VECTOR('',#6810,10.);
#1975=VECTOR('',#6813,10.);
#1976=VECTOR('',#6814,10.);
#1977=VECTOR('',#6815,10.);
#1978=VECTOR('',#6816,10.);
#1979=VECTOR('',#6817,10.);
#1980=VECTOR('',#6818,10.);
#1981=VECTOR('',#6819,10.);
#1982=VECTOR('',#6822,10.);
#1983=VECTOR('',#6823,10.);
#1984=VECTOR('',#6824,10.);
#1985=VECTOR('',#6825,10.);
#1986=VECTOR('',#6836,10.);
#1987=VECTOR('',#6837,10.);
#1988=VECTOR('',#6838,10.);
#1989=VECTOR('',#6841,10.);
#1990=VECTOR('',#6842,10.);
#1991=VECTOR('',#6843,10.);
#1992=VECTOR('',#6846,10.);
#1993=VECTOR('',#6847,10.);
#1994=VECTOR('',#6848,10.);
#1995=VECTOR('',#6851,10.);
#1996=VECTOR('',#6854,10.);
#1997=VECTOR('',#6855,10.);
#1998=VECTOR('',#6856,10.);
#1999=VECTOR('',#6865,10.);
#2000=VECTOR('',#6866,10.);
#2001=VECTOR('',#6867,10.);
#2002=VECTOR('',#6876,10.);
#2003=VECTOR('',#6877,10.);
#2004=VECTOR('',#6878,10.);
#2005=VECTOR('',#6881,10.);
#2006=VECTOR('',#6888,10.);
#2007=VECTOR('',#6889,10.);
#2008=VECTOR('',#6890,10.);
#2009=VECTOR('',#6891,10.);
#2010=VECTOR('',#6892,10.);
#2011=VECTOR('',#6893,10.);
#2012=VECTOR('',#6896,10.);
#2013=VECTOR('',#6897,10.);
#2014=VECTOR('',#6898,10.);
#2015=VECTOR('',#6907,10.);
#2016=VECTOR('',#6908,10.);
#2017=VECTOR('',#6909,10.);
#2018=VECTOR('',#6918,10.);
#2019=VECTOR('',#6919,10.);
#2020=VECTOR('',#6920,10.);
#2021=VECTOR('',#6929,10.);
#2022=VECTOR('',#6930,10.);
#2023=VECTOR('',#6937,10.);
#2024=VECTOR('',#6940,10.);
#2025=VECTOR('',#6947,10.);
#2026=VECTOR('',#6950,10.);
#2027=VECTOR('',#6957,10.);
#2028=VECTOR('',#6960,10.);
#2029=VECTOR('',#6971,10.);
#2030=VECTOR('',#6976,10.);
#2031=VECTOR('',#6983,10.);
#2032=VECTOR('',#6986,10.);
#2033=VECTOR('',#6989,10.);
#2034=VECTOR('',#6994,10.);
#2035=VECTOR('',#6997,10.);
#2036=VECTOR('',#7012,10.);
#2037=VECTOR('',#7013,10.);
#2038=VECTOR('',#7014,10.);
#2039=VECTOR('',#7015,10.);
#2040=VECTOR('',#7018,10.);
#2041=VECTOR('',#7021,10.);
#2042=VECTOR('',#7024,10.);
#2043=VECTOR('',#7025,10.);
#2044=VECTOR('',#7032,10.);
#2045=VECTOR('',#7033,10.);
#2046=VECTOR('',#7036,10.);
#2047=VECTOR('',#7039,10.);
#2048=VECTOR('',#7044,10.);
#2049=VECTOR('',#7047,10.);
#2050=VECTOR('',#7050,10.);
#2051=VECTOR('',#7055,10.);
#2052=VECTOR('',#7062,10.);
#2053=VECTOR('',#7065,10.);
#2054=VECTOR('',#7068,10.);
#2055=VECTOR('',#7095,3.25);
#2056=VECTOR('',#7102,3.25);
#2057=VECTOR('',#7109,2.25);
#2058=VECTOR('',#7116,2.25);
#2059=VECTOR('',#7121,10.);
#2060=VECTOR('',#7122,10.);
#2061=VECTOR('',#7123,10.);
#2062=VECTOR('',#7124,10.);
#2063=VECTOR('',#7127,10.);
#2064=VECTOR('',#7128,10.);
#2065=VECTOR('',#7129,10.);
#2066=VECTOR('',#7130,10.);
#2067=VECTOR('',#7133,10.);
#2068=VECTOR('',#7134,10.);
#2069=VECTOR('',#7135,10.);
#2070=VECTOR('',#7136,10.);
#2071=VECTOR('',#7139,10.);
#2072=VECTOR('',#7140,10.);
#2073=VECTOR('',#7141,10.);
#2074=VECTOR('',#7142,10.);
#2075=VECTOR('',#7145,10.);
#2076=VECTOR('',#7146,10.);
#2077=VECTOR('',#7147,10.);
#2078=VECTOR('',#7148,10.);
#2079=VECTOR('',#7151,10.);
#2080=VECTOR('',#7152,10.);
#2081=VECTOR('',#7153,10.);
#2082=VECTOR('',#7154,10.);
#2083=VECTOR('',#7157,10.);
#2084=VECTOR('',#7158,10.);
#2085=VECTOR('',#7159,10.);
#2086=VECTOR('',#7160,10.);
#2087=VECTOR('',#7163,10.);
#2088=VECTOR('',#7164,10.);
#2089=VECTOR('',#7165,10.);
#2090=VECTOR('',#7166,10.);
#2091=VECTOR('',#7169,10.);
#2092=VECTOR('',#7170,10.);
#2093=VECTOR('',#7171,10.);
#2094=VECTOR('',#7172,10.);
#2095=VECTOR('',#7175,10.);
#2096=VECTOR('',#7176,10.);
#2097=VECTOR('',#7177,10.);
#2098=VECTOR('',#7178,10.);
#2099=VECTOR('',#7181,10.);
#2100=VECTOR('',#7182,10.);
#2101=VECTOR('',#7183,10.);
#2102=VECTOR('',#7186,10.);
#2103=VECTOR('',#7187,10.);
#2104=VECTOR('',#7188,10.);
#2105=VECTOR('',#7191,10.);
#2106=VECTOR('',#7192,10.);
#2107=VECTOR('',#7193,10.);
#2108=VECTOR('',#7196,10.);
#2109=VECTOR('',#7199,10.);
#2110=VECTOR('',#7200,10.);
#2111=VECTOR('',#7201,10.);
#2112=VECTOR('',#7204,10.);
#2113=VECTOR('',#7207,10.);
#2114=VECTOR('',#7214,10.);
#2115=VECTOR('',#7215,10.);
#2116=VECTOR('',#7218,10.);
#2117=VECTOR('',#7219,10.);
#2118=VECTOR('',#7220,10.);
#2119=VECTOR('',#7223,10.);
#2120=VECTOR('',#7224,10.);
#2121=VECTOR('',#7225,10.);
#2122=VECTOR('',#7228,10.);
#2123=VECTOR('',#7229,10.);
#2124=VECTOR('',#7232,10.);
#2125=VECTOR('',#7235,10.);
#2126=VECTOR('',#7236,10.);
#2127=VECTOR('',#7239,10.);
#2128=VECTOR('',#7242,10.);
#2129=VECTOR('',#7247,10.);
#2130=VECTOR('',#7248,10.);
#2131=VECTOR('',#7249,10.);
#2132=VECTOR('',#7252,10.);
#2133=VECTOR('',#7253,10.);
#2134=VECTOR('',#7256,10.);
#2135=VECTOR('',#7261,10.);
#2136=VECTOR('',#7264,10.);
#2137=VECTOR('',#7267,10.);
#2138=VECTOR('',#7270,10.);
#2139=VECTOR('',#7271,10.);
#2140=VECTOR('',#7272,10.);
#2141=VECTOR('',#7275,10.);
#2142=VECTOR('',#7276,10.);
#2143=VECTOR('',#7281,10.);
#2144=VECTOR('',#7284,10.);
#2145=VECTOR('',#7285,10.);
#2146=VECTOR('',#7286,10.);
#2147=VECTOR('',#7289,10.);
#2148=VECTOR('',#7290,10.);
#2149=VECTOR('',#7291,10.);
#2150=VECTOR('',#7294,10.);
#2151=VECTOR('',#7295,10.);
#2152=VECTOR('',#7298,10.);
#2153=VECTOR('',#7299,10.);
#2154=VECTOR('',#7302,10.);
#2155=VECTOR('',#7303,10.);
#2156=VECTOR('',#7306,10.);
#2157=VECTOR('',#7317,10.);
#2158=VECTOR('',#7320,10.);
#2159=VECTOR('',#7323,10.);
#2160=VECTOR('',#7324,10.);
#2161=VECTOR('',#7325,10.);
#2162=VECTOR('',#7328,10.);
#2163=VECTOR('',#7329,10.);
#2164=VECTOR('',#7332,10.);
#2165=VECTOR('',#7333,10.);
#2166=VECTOR('',#7338,10.);
#2167=VECTOR('',#7341,10.);
#2168=VECTOR('',#7352,10.);
#2169=VECTOR('',#7353,10.);
#2170=VECTOR('',#7356,10.);
#2171=VECTOR('',#7357,10.);
#2172=VECTOR('',#7360,10.);
#2173=VECTOR('',#7361,10.);
#2174=VECTOR('',#7362,10.);
#2175=VECTOR('',#7365,10.);
#2176=VECTOR('',#7366,10.);
#2177=VECTOR('',#7369,10.);
#2178=VECTOR('',#7374,10.);
#2179=VECTOR('',#7375,10.);
#2180=VECTOR('',#7380,10.);
#2181=VECTOR('',#7383,10.);
#2182=VECTOR('',#7394,10.);
#2183=VECTOR('',#7395,10.);
#2184=VECTOR('',#7398,10.);
#2185=VECTOR('',#7399,10.);
#2186=VECTOR('',#7402,10.);
#2187=VECTOR('',#7403,10.);
#2188=VECTOR('',#7404,10.);
#2189=VECTOR('',#7407,10.);
#2190=VECTOR('',#7408,10.);
#2191=VECTOR('',#7411,10.);
#2192=VECTOR('',#7416,10.);
#2193=VECTOR('',#7417,10.);
#2194=VECTOR('',#7420,10.);
#2195=VECTOR('',#7421,10.);
#2196=VECTOR('',#7424,10.);
#2197=VECTOR('',#7425,10.);
#2198=VECTOR('',#7428,10.);
#2199=VECTOR('',#7431,10.);
#2200=VECTOR('',#7432,10.);
#2201=VECTOR('',#7433,10.);
#2202=VECTOR('',#7436,10.);
#2203=VECTOR('',#7441,10.);
#2204=VECTOR('',#7444,10.);
#2205=VECTOR('',#7445,10.);
#2206=VECTOR('',#7450,10.);
#2207=VECTOR('',#7453,10.);
#2208=VECTOR('',#7454,10.);
#2209=VECTOR('',#7457,10.);
#2210=VECTOR('',#7460,10.);
#2211=VECTOR('',#7461,10.);
#2212=VECTOR('',#7464,10.);
#2213=VECTOR('',#7465,10.);
#2214=VECTOR('',#7466,10.);
#2215=VECTOR('',#7467,10.);
#2216=VECTOR('',#7470,10.);
#2217=VECTOR('',#7471,10.);
#2218=VECTOR('',#7472,10.);
#2219=VECTOR('',#7475,10.);
#2220=VECTOR('',#7476,10.);
#2221=VECTOR('',#7477,10.);
#2222=VECTOR('',#7484,10.);
#2223=VECTOR('',#7487,10.);
#2224=VECTOR('',#7488,10.);
#2225=VECTOR('',#7489,10.);
#2226=VECTOR('',#7498,10.);
#2227=VECTOR('',#7499,10.);
#2228=VECTOR('',#7502,10.);
#2229=VECTOR('',#7505,10.);
#2230=VECTOR('',#7510,10.);
#2231=VECTOR('',#7513,10.);
#2232=VECTOR('',#7522,10.);
#2233=VECTOR('',#7523,10.);
#2234=VECTOR('',#7528,10.);
#2235=VECTOR('',#7529,10.);
#2236=VECTOR('',#7538,10.);
#2237=VECTOR('',#7541,10.);
#2238=VECTOR('',#7544,10.);
#2239=VECTOR('',#7547,10.);
#2240=VECTOR('',#7552,10.);
#2241=VECTOR('',#7555,10.);
#2242=VECTOR('',#7556,10.);
#2243=VECTOR('',#7557,10.);
#2244=VECTOR('',#7558,10.);
#2245=VECTOR('',#7559,10.);
#2246=VECTOR('',#7560,10.);
#2247=VECTOR('',#7561,10.);
#2248=VECTOR('',#7562,10.);
#2249=VECTOR('',#7567,10.);
#2250=VECTOR('',#7572,10.);
#2251=VECTOR('',#7575,10.);
#2252=VECTOR('',#7578,10.);
#2253=VECTOR('',#7583,10.);
#2254=VECTOR('',#7584,10.);
#2255=VECTOR('',#7587,10.);
#2256=VECTOR('',#7594,10.);
#2257=VECTOR('',#7595,10.);
#2258=VECTOR('',#7598,10.);
#2259=VECTOR('',#7601,10.);
#2260=VECTOR('',#7604,10.);
#2261=VECTOR('',#7607,10.);
#2262=B_SPLINE_CURVE_WITH_KNOTS('',3,(#7625,#7626,#7627,#7628,#7629),
 .UNSPECIFIED.,.F.,.F.,(4,1,4),(0.,0.178927764265308,0.340974805238946),
 .UNSPECIFIED.);
#2263=B_SPLINE_CURVE_WITH_KNOTS('',3,(#7633,#7634,#7635,#7636,#7637),
 .UNSPECIFIED.,.F.,.F.,(4,1,4),(0.,0.178927764265308,0.340974805238946),
 .UNSPECIFIED.);
#2264=B_SPLINE_CURVE_WITH_KNOTS('',3,(#7650,#7651,#7652,#7653,#7654),
 .UNSPECIFIED.,.F.,.F.,(4,1,4),(0.,0.157712009274549,0.319311158381894),
 .UNSPECIFIED.);
#2265=B_SPLINE_CURVE_WITH_KNOTS('',3,(#7657,#7658,#7659,#7660,#7661),
 .UNSPECIFIED.,.F.,.F.,(4,1,4),(0.,0.157712009274549,0.319311158381894),
 .UNSPECIFIED.);
#2266=B_SPLINE_CURVE_WITH_KNOTS('',3,(#7673,#7674,#7675,#7676,#7677),
 .UNSPECIFIED.,.F.,.F.,(4,1,4),(0.,0.183593912327471,0.348937688732586),
 .UNSPECIFIED.);
#2267=B_SPLINE_CURVE_WITH_KNOTS('',3,(#7680,#7681,#7682,#7683,#7684),
 .UNSPECIFIED.,.F.,.F.,(4,1,4),(0.,0.183593912327471,0.348937688732586),
 .UNSPECIFIED.);
#2268=B_SPLINE_CURVE_WITH_KNOTS('',3,(#7696,#7697,#7698,#7699,#7700),
 .UNSPECIFIED.,.F.,.F.,(4,1,4),(0.,0.170948130331111,0.37621290890272),
 .UNSPECIFIED.);
#2269=B_SPLINE_CURVE_WITH_KNOTS('',3,(#7703,#7704,#7705,#7706,#7707),
 .UNSPECIFIED.,.F.,.F.,(4,1,4),(0.,0.170948130331111,0.37621290890272),
 .UNSPECIFIED.);
#2270=B_SPLINE_CURVE_WITH_KNOTS('',3,(#7719,#7720,#7721,#7722,#7723),
 .UNSPECIFIED.,.F.,.F.,(4,1,4),(0.,0.158243998204298,0.313974526588606),
 .UNSPECIFIED.);
#2271=B_SPLINE_CURVE_WITH_KNOTS('',3,(#7726,#7727,#7728,#7729,#7730),
 .UNSPECIFIED.,.F.,.F.,(4,1,4),(0.,0.158243998204298,0.313974526588606),
 .UNSPECIFIED.);
#2272=B_SPLINE_CURVE_WITH_KNOTS('',3,(#7742,#7743,#7744,#7745,#7746),
 .UNSPECIFIED.,.F.,.F.,(4,1,4),(0.,0.161636029155548,0.324188406778066),
 .UNSPECIFIED.);
#2273=B_SPLINE_CURVE_WITH_KNOTS('',3,(#7749,#7750,#7751,#7752,#7753),
 .UNSPECIFIED.,.F.,.F.,(4,1,4),(0.,0.161636029155548,0.324188406778066),
 .UNSPECIFIED.);
#2274=B_SPLINE_CURVE_WITH_KNOTS('',3,(#7765,#7766,#7767,#7768,#7769),
 .UNSPECIFIED.,.F.,.F.,(4,1,4),(0.,0.203742190018265,0.378832554576858),
 .UNSPECIFIED.);
#2275=B_SPLINE_CURVE_WITH_KNOTS('',3,(#7772,#7773,#7774,#7775,#7776),
 .UNSPECIFIED.,.F.,.F.,(4,1,4),(0.,0.203742190018265,0.378832554576858),
 .UNSPECIFIED.);
#2276=B_SPLINE_CURVE_WITH_KNOTS('',3,(#7787,#7788,#7789,#7790,#7791),
 .UNSPECIFIED.,.F.,.F.,(4,1,4),(0.,0.162362326476145,0.320546047134605),
 .UNSPECIFIED.);
#2277=B_SPLINE_CURVE_WITH_KNOTS('',3,(#7792,#7793,#7794,#7795,#7796),
 .UNSPECIFIED.,.F.,.F.,(4,1,4),(0.,0.162362326476145,0.320546047134605),
 .UNSPECIFIED.);
#2278=B_SPLINE_CURVE_WITH_KNOTS('',3,(#7809,#7810,#7811,#7812,#7813),
 .UNSPECIFIED.,.F.,.F.,(4,1,4),(0.,0.144009861131623,0.274446773941098),
 .UNSPECIFIED.);
#2279=B_SPLINE_CURVE_WITH_KNOTS('',3,(#7817,#7818,#7819,#7820,#7821),
 .UNSPECIFIED.,.F.,.F.,(4,1,4),(0.,0.144009861131623,0.274446773941098),
 .UNSPECIFIED.);
#2280=B_SPLINE_CURVE_WITH_KNOTS('',3,(#7834,#7835,#7836,#7837,#7838),
 .UNSPECIFIED.,.F.,.F.,(4,1,4),(0.,0.12819266044686,0.267586909140659),
 .UNSPECIFIED.);
#2281=B_SPLINE_CURVE_WITH_KNOTS('',3,(#7841,#7842,#7843,#7844,#7845),
 .UNSPECIFIED.,.F.,.F.,(4,1,4),(0.,0.12819266044686,0.267586909140659),
 .UNSPECIFIED.);
#2282=B_SPLINE_CURVE_WITH_KNOTS('',3,(#7857,#7858,#7859,#7860,#7861),
 .UNSPECIFIED.,.F.,.F.,(4,1,4),(0.,0.140838884248006,0.269441913778444),
 .UNSPECIFIED.);
#2283=B_SPLINE_CURVE_WITH_KNOTS('',3,(#7864,#7865,#7866,#7867,#7868),
 .UNSPECIFIED.,.F.,.F.,(4,1,4),(0.,0.140838884248006,0.269441913778444),
 .UNSPECIFIED.);
#2284=B_SPLINE_CURVE_WITH_KNOTS('',3,(#7880,#7881,#7882,#7883,#7884),
 .UNSPECIFIED.,.F.,.F.,(4,1,4),(0.,0.131054405519094,0.279160862354388),
 .UNSPECIFIED.);
#2285=B_SPLINE_CURVE_WITH_KNOTS('',3,(#7887,#7888,#7889,#7890,#7891),
 .UNSPECIFIED.,.F.,.F.,(4,1,4),(0.,0.131054405519094,0.279160862354388),
 .UNSPECIFIED.);
#2286=B_SPLINE_CURVE_WITH_KNOTS('',3,(#7903,#7904,#7905,#7906,#7907),
 .UNSPECIFIED.,.F.,.F.,(4,1,4),(0.,0.142524813783769,0.272156129047022),
 .UNSPECIFIED.);
#2287=B_SPLINE_CURVE_WITH_KNOTS('',3,(#7910,#7911,#7912,#7913,#7914),
 .UNSPECIFIED.,.F.,.F.,(4,1,4),(0.,0.142524813783769,0.272156129047022),
 .UNSPECIFIED.);
#2288=B_SPLINE_CURVE_WITH_KNOTS('',3,(#7926,#7927,#7928,#7929,#7930),
 .UNSPECIFIED.,.F.,.F.,(4,1,4),(0.,0.128208235709114,0.269007120784105),
 .UNSPECIFIED.);
#2289=B_SPLINE_CURVE_WITH_KNOTS('',3,(#7933,#7934,#7935,#7936,#7937),
 .UNSPECIFIED.,.F.,.F.,(4,1,4),(0.,0.128208235709114,0.269007120784105),
 .UNSPECIFIED.);
#2290=B_SPLINE_CURVE_WITH_KNOTS('',3,(#7949,#7950,#7951,#7952,#7953),
 .UNSPECIFIED.,.F.,.F.,(4,1,4),(0.,0.147826896434163,0.277870457746893),
 .UNSPECIFIED.);
#2291=B_SPLINE_CURVE_WITH_KNOTS('',3,(#7956,#7957,#7958,#7959,#7960),
 .UNSPECIFIED.,.F.,.F.,(4,1,4),(0.,0.147826896434163,0.277870457746893),
 .UNSPECIFIED.);
#2292=B_SPLINE_CURVE_WITH_KNOTS('',3,(#7971,#7972,#7973,#7974,#7975),
 .UNSPECIFIED.,.F.,.F.,(4,1,4),(0.,0.129615451148355,0.270735490454523),
 .UNSPECIFIED.);
#2293=B_SPLINE_CURVE_WITH_KNOTS('',3,(#7976,#7977,#7978,#7979,#7980),
 .UNSPECIFIED.,.F.,.F.,(4,1,4),(0.,0.129615451148355,0.270735490454523),
 .UNSPECIFIED.);
#2294=B_SPLINE_CURVE_WITH_KNOTS('',3,(#7993,#7994,#7995,#7996,#7997),
 .UNSPECIFIED.,.F.,.F.,(4,1,4),(0.,0.224754353049346,0.446175364062742),
 .UNSPECIFIED.);
#2295=B_SPLINE_CURVE_WITH_KNOTS('',3,(#8001,#8002,#8003,#8004,#8005),
 .UNSPECIFIED.,.F.,.F.,(4,1,4),(0.,0.224754353049346,0.446175364062742),
 .UNSPECIFIED.);
#2296=B_SPLINE_CURVE_WITH_KNOTS('',3,(#8018,#8019,#8020,#8021,#8022),
 .UNSPECIFIED.,.F.,.F.,(4,1,4),(0.,0.367862486833545,0.752531744772804),
 .UNSPECIFIED.);
#2297=B_SPLINE_CURVE_WITH_KNOTS('',3,(#8025,#8026,#8027,#8028,#8029),
 .UNSPECIFIED.,.F.,.F.,(4,1,4),(0.,0.367862486833545,0.752531744772804),
 .UNSPECIFIED.);
#2298=B_SPLINE_CURVE_WITH_KNOTS('',3,(#8041,#8042,#8043,#8044,#8045),
 .UNSPECIFIED.,.F.,.F.,(4,1,4),(0.,0.361563610975295,0.692020730903996),
 .UNSPECIFIED.);
#2299=B_SPLINE_CURVE_WITH_KNOTS('',3,(#8048,#8049,#8050,#8051,#8052),
 .UNSPECIFIED.,.F.,.F.,(4,1,4),(0.,0.361563610975295,0.692020730903996),
 .UNSPECIFIED.);
#2300=B_SPLINE_CURVE_WITH_KNOTS('',3,(#8064,#8065,#8066,#8067,#8068),
 .UNSPECIFIED.,.F.,.F.,(4,1,4),(0.,0.348488230070034,0.731712573687511),
 .UNSPECIFIED.);
#2301=B_SPLINE_CURVE_WITH_KNOTS('',3,(#8071,#8072,#8073,#8074,#8075),
 .UNSPECIFIED.,.F.,.F.,(4,1,4),(0.,0.348488230070034,0.731712573687511),
 .UNSPECIFIED.);
#2302=B_SPLINE_CURVE_WITH_KNOTS('',3,(#8087,#8088,#8089,#8090,#8091),
 .UNSPECIFIED.,.F.,.F.,(4,1,4),(0.,0.364895505317862,0.707385124868097),
 .UNSPECIFIED.);
#2303=B_SPLINE_CURVE_WITH_KNOTS('',3,(#8094,#8095,#8096,#8097,#8098),
 .UNSPECIFIED.,.F.,.F.,(4,1,4),(0.,0.364895505317862,0.707385124868097),
 .UNSPECIFIED.);
#2304=B_SPLINE_CURVE_WITH_KNOTS('',3,(#8110,#8111,#8112,#8113,#8114),
 .UNSPECIFIED.,.F.,.F.,(4,1,4),(0.,0.218538045377399,0.446728570375711),
 .UNSPECIFIED.);
#2305=B_SPLINE_CURVE_WITH_KNOTS('',3,(#8117,#8118,#8119,#8120,#8121),
 .UNSPECIFIED.,.F.,.F.,(4,1,4),(0.,0.218538045377399,0.446728570375711),
 .UNSPECIFIED.);
#2306=B_SPLINE_CURVE_WITH_KNOTS('',3,(#8133,#8134,#8135,#8136,#8137),
 .UNSPECIFIED.,.F.,.F.,(4,1,4),(0.,0.240476037027201,0.462747137961023),
 .UNSPECIFIED.);
#2307=B_SPLINE_CURVE_WITH_KNOTS('',3,(#8140,#8141,#8142,#8143,#8144),
 .UNSPECIFIED.,.F.,.F.,(4,1,4),(0.,0.240476037027201,0.462747137961023),
 .UNSPECIFIED.);
#2308=B_SPLINE_CURVE_WITH_KNOTS('',3,(#8156,#8157,#8158,#8159,#8160),
 .UNSPECIFIED.,.F.,.F.,(4,1,4),(0.,0.185099977078429,0.379501692597126),
 .UNSPECIFIED.);
#2309=B_SPLINE_CURVE_WITH_KNOTS('',3,(#8163,#8164,#8165,#8166,#8167),
 .UNSPECIFIED.,.F.,.F.,(4,1,4),(0.,0.185099977078429,0.379501692597126),
 .UNSPECIFIED.);
#2310=B_SPLINE_CURVE_WITH_KNOTS('',3,(#8179,#8180,#8181,#8182,#8183),
 .UNSPECIFIED.,.F.,.F.,(4,1,4),(0.,0.190003059011228,0.37349630075039),
 .UNSPECIFIED.);
#2311=B_SPLINE_CURVE_WITH_KNOTS('',3,(#8186,#8187,#8188,#8189,#8190),
 .UNSPECIFIED.,.F.,.F.,(4,1,4),(0.,0.190003059011228,0.37349630075039),
 .UNSPECIFIED.);
#2312=B_SPLINE_CURVE_WITH_KNOTS('',3,(#8202,#8203,#8204,#8205,#8206),
 .UNSPECIFIED.,.F.,.F.,(4,1,4),(0.,0.291044809810966,0.588912881362919),
 .UNSPECIFIED.);
#2313=B_SPLINE_CURVE_WITH_KNOTS('',3,(#8209,#8210,#8211,#8212,#8213),
 .UNSPECIFIED.,.F.,.F.,(4,1,4),(0.,0.291044809810966,0.588912881362919),
 .UNSPECIFIED.);
#2314=B_SPLINE_CURVE_WITH_KNOTS('',3,(#8225,#8226,#8227,#8228,#8229),
 .UNSPECIFIED.,.F.,.F.,(4,1,4),(0.,0.366294017268839,0.679564114075108),
 .UNSPECIFIED.);
#2315=B_SPLINE_CURVE_WITH_KNOTS('',3,(#8232,#8233,#8234,#8235,#8236),
 .UNSPECIFIED.,.F.,.F.,(4,1,4),(0.,0.366294017268839,0.679564114075108),
 .UNSPECIFIED.);
#2316=B_SPLINE_CURVE_WITH_KNOTS('',3,(#8248,#8249,#8250,#8251,#8252),
 .UNSPECIFIED.,.F.,.F.,(4,1,4),(0.,0.312847421165984,0.68155804686214),
 .UNSPECIFIED.);
#2317=B_SPLINE_CURVE_WITH_KNOTS('',3,(#8255,#8256,#8257,#8258,#8259),
 .UNSPECIFIED.,.F.,.F.,(4,1,4),(0.,0.312847421165984,0.68155804686214),
 .UNSPECIFIED.);
#2318=B_SPLINE_CURVE_WITH_KNOTS('',3,(#8271,#8272,#8273,#8274,#8275),
 .UNSPECIFIED.,.F.,.F.,(4,1,4),(0.,0.297776009404529,0.587971727600303),
 .UNSPECIFIED.);
#2319=B_SPLINE_CURVE_WITH_KNOTS('',3,(#8278,#8279,#8280,#8281,#8282),
 .UNSPECIFIED.,.F.,.F.,(4,1,4),(0.,0.297776009404529,0.587971727600303),
 .UNSPECIFIED.);
#2320=B_SPLINE_CURVE_WITH_KNOTS('',3,(#8294,#8295,#8296,#8297,#8298),
 .UNSPECIFIED.,.F.,.F.,(4,1,4),(0.,0.180041751787689,0.361589487718071),
 .UNSPECIFIED.);
#2321=B_SPLINE_CURVE_WITH_KNOTS('',3,(#8301,#8302,#8303,#8304,#8305),
 .UNSPECIFIED.,.F.,.F.,(4,1,4),(0.,0.180041751787689,0.361589487718071),
 .UNSPECIFIED.);
#2322=B_SPLINE_CURVE_WITH_KNOTS('',3,(#8317,#8318,#8319,#8320,#8321),
 .UNSPECIFIED.,.F.,.F.,(4,1,4),(0.,0.212553544871783,0.401008917810356),
 .UNSPECIFIED.);
#2323=B_SPLINE_CURVE_WITH_KNOTS('',3,(#8324,#8325,#8326,#8327,#8328),
 .UNSPECIFIED.,.F.,.F.,(4,1,4),(0.,0.212553544871783,0.401008917810356),
 .UNSPECIFIED.);
#2324=B_SPLINE_CURVE_WITH_KNOTS('',3,(#8339,#8340,#8341,#8342,#8343),
 .UNSPECIFIED.,.F.,.F.,(4,1,4),(0.,0.227285481225129,0.477208340913534),
 .UNSPECIFIED.);
#2325=B_SPLINE_CURVE_WITH_KNOTS('',3,(#8344,#8345,#8346,#8347,#8348),
 .UNSPECIFIED.,.F.,.F.,(4,1,4),(0.,0.227285481225129,0.477208340913534),
 .UNSPECIFIED.);
#2326=B_SPLINE_CURVE_WITH_KNOTS('',3,(#8511,#8512,#8513,#8514,#8515),
 .UNSPECIFIED.,.F.,.F.,(4,1,4),(-0.354935780803179,-0.152115334629934,-2.66729281423935E-16),
 .UNSPECIFIED.);
#2327=B_SPLINE_CURVE_WITH_KNOTS('',3,(#8516,#8517,#8518,#8519,#8520),
 .UNSPECIFIED.,.F.,.F.,(4,1,4),(2.66729281423935E-16,0.152115334629934,
0.354935780803179),.UNSPECIFIED.);
#2328=B_SPLINE_CURVE_WITH_KNOTS('',3,(#8626,#8627,#8628,#8629,#8630,#8631,
#8632,#8633,#8634,#8635),.UNSPECIFIED.,.F.,.F.,(4,2,2,2,4),(0.,0.0941969058675709,
0.188393811735142,0.283371228035031,0.378348644334921),.UNSPECIFIED.);
#2329=B_SPLINE_CURVE_WITH_KNOTS('',3,(#8639,#8640,#8641,#8642,#8643,#8644,
#8645,#8646,#8647,#8648),.UNSPECIFIED.,.F.,.F.,(4,2,2,2,4),(-0.377327825348371,
-0.282845427934501,-0.188363030520632,-0.094181515260316,0.),
 .UNSPECIFIED.);
#2330=B_SPLINE_CURVE_WITH_KNOTS('',3,(#8706,#8707,#8708,#8709,#8710,#8711,
#8712,#8713,#8714,#8715),.UNSPECIFIED.,.F.,.F.,(4,2,2,2,4),(0.,0.0941815152603159,
0.188363030520632,0.282845427934501,0.377327825348371),.UNSPECIFIED.);
#2331=B_SPLINE_CURVE_WITH_KNOTS('',3,(#8717,#8718,#8719,#8720,#8721,#8722,
#8723,#8724,#8725,#8726),.UNSPECIFIED.,.F.,.F.,(4,2,2,2,4),(-0.378348644334921,
-0.283371228035031,-0.188393811735142,-0.0941969058675709,0.),
 .UNSPECIFIED.);
#2332=B_SPLINE_CURVE_WITH_KNOTS('',3,(#8730,#8731,#8732,#8733,#8734,#8735,
#8736,#8737,#8738,#8739),.UNSPECIFIED.,.F.,.F.,(4,2,2,2,4),(0.,0.0941815152603159,
0.188363030520632,0.282845427934501,0.377327825348371),.UNSPECIFIED.);
#2333=B_SPLINE_CURVE_WITH_KNOTS('',3,(#8741,#8742,#8743,#8744,#8745,#8746,
#8747,#8748,#8749,#8750),.UNSPECIFIED.,.F.,.F.,(4,2,2,2,4),(-0.378348644334921,
-0.283371228035031,-0.188393811735142,-0.0941969058675709,0.),
 .UNSPECIFIED.);
#2334=B_SPLINE_CURVE_WITH_KNOTS('',3,(#8754,#8755,#8756,#8757,#8758,#8759,
#8760,#8761,#8762,#8763),.UNSPECIFIED.,.F.,.F.,(4,2,2,2,4),(0.,0.0941969058675708,
0.188393811735142,0.283371228035031,0.378348644334921),.UNSPECIFIED.);
#2335=B_SPLINE_CURVE_WITH_KNOTS('',3,(#8765,#8766,#8767,#8768,#8769,#8770,
#8771,#8772,#8773,#8774),.UNSPECIFIED.,.F.,.F.,(4,2,2,2,4),(-0.37732782534837,
-0.282845427934501,-0.188363030520632,-0.0941815152603158,0.),
 .UNSPECIFIED.);
#2336=B_SPLINE_CURVE_WITH_KNOTS('',3,(#8778,#8779,#8780,#8781,#8782,#8783,
#8784,#8785,#8786,#8787),.UNSPECIFIED.,.F.,.F.,(4,2,2,2,4),(0.,0.0941815152603159,
0.188363030520632,0.282845427934501,0.377327825348371),.UNSPECIFIED.);
#2337=B_SPLINE_CURVE_WITH_KNOTS('',3,(#8789,#8790,#8791,#8792,#8793,#8794,
#8795,#8796,#8797,#8798),.UNSPECIFIED.,.F.,.F.,(4,2,2,2,4),(-0.378348644334921,
-0.283371228035031,-0.188393811735142,-0.0941969058675709,0.),
 .UNSPECIFIED.);
#2338=B_SPLINE_CURVE_WITH_KNOTS('',3,(#8802,#8803,#8804,#8805,#8806,#8807,
#8808,#8809,#8810,#8811),.UNSPECIFIED.,.F.,.F.,(4,2,2,2,4),(0.,0.0941969058675709,
0.188393811735142,0.283371228035031,0.378348644334921),.UNSPECIFIED.);
#2339=B_SPLINE_CURVE_WITH_KNOTS('',3,(#8813,#8814,#8815,#8816,#8817,#8818,
#8819,#8820,#8821,#8822),.UNSPECIFIED.,.F.,.F.,(4,2,2,2,4),(-0.377327825348371,
-0.282845427934501,-0.188363030520632,-0.094181515260316,0.),
 .UNSPECIFIED.);
#2340=B_SPLINE_CURVE_WITH_KNOTS('',3,(#9419,#9420,#9421,#9422,#9423,#9424,
#9425,#9426,#9427,#9428,#9429,#9430,#9431,#9432),.UNSPECIFIED.,.F.,.F.,
(4,2,2,2,2,2,4),(-0.0945143703657128,-0.0803949180159113,-0.0643828823761424,
-0.0430035443571505,-0.0220240117925605,0.,0.000441330586580477),
 .UNSPECIFIED.);
#2341=B_SPLINE_CURVE_WITH_KNOTS('',3,(#9442,#9443,#9444,#9445,#9446,#9447,
#9448,#9449,#9450,#9451,#9452,#9453,#9454,#9455),.UNSPECIFIED.,.F.,.F.,
(4,2,2,2,2,2,4),(-0.0941029102031058,-0.0936655431767384,-0.0718393275494339,
-0.051048210752559,-0.0298608791271175,-0.0139926465000468,0.),
 .UNSPECIFIED.);
#2342=VERTEX_POINT('',#7623);
#2343=VERTEX_POINT('',#7624);
#2344=VERTEX_POINT('',#7630);
#2345=VERTEX_POINT('',#7632);
#2346=VERTEX_POINT('',#7649);
#2347=VERTEX_POINT('',#7655);
#2348=VERTEX_POINT('',#7672);
#2349=VERTEX_POINT('',#7678);
#2350=VERTEX_POINT('',#7695);
#2351=VERTEX_POINT('',#7701);
#2352=VERTEX_POINT('',#7718);
#2353=VERTEX_POINT('',#7724);
#2354=VERTEX_POINT('',#7741);
#2355=VERTEX_POINT('',#7747);
#2356=VERTEX_POINT('',#7764);
#2357=VERTEX_POINT('',#7770);
#2358=VERTEX_POINT('',#7807);
#2359=VERTEX_POINT('',#7808);
#2360=VERTEX_POINT('',#7814);
#2361=VERTEX_POINT('',#7816);
#2362=VERTEX_POINT('',#7833);
#2363=VERTEX_POINT('',#7839);
#2364=VERTEX_POINT('',#7856);
#2365=VERTEX_POINT('',#7862);
#2366=VERTEX_POINT('',#7879);
#2367=VERTEX_POINT('',#7885);
#2368=VERTEX_POINT('',#7902);
#2369=VERTEX_POINT('',#7908);
#2370=VERTEX_POINT('',#7925);
#2371=VERTEX_POINT('',#7931);
#2372=VERTEX_POINT('',#7948);
#2373=VERTEX_POINT('',#7954);
#2374=VERTEX_POINT('',#7991);
#2375=VERTEX_POINT('',#7992);
#2376=VERTEX_POINT('',#7998);
#2377=VERTEX_POINT('',#8000);
#2378=VERTEX_POINT('',#8017);
#2379=VERTEX_POINT('',#8023);
#2380=VERTEX_POINT('',#8040);
#2381=VERTEX_POINT('',#8046);
#2382=VERTEX_POINT('',#8063);
#2383=VERTEX_POINT('',#8069);
#2384=VERTEX_POINT('',#8086);
#2385=VERTEX_POINT('',#8092);
#2386=VERTEX_POINT('',#8109);
#2387=VERTEX_POINT('',#8115);
#2388=VERTEX_POINT('',#8132);
#2389=VERTEX_POINT('',#8138);
#2390=VERTEX_POINT('',#8155);
#2391=VERTEX_POINT('',#8161);
#2392=VERTEX_POINT('',#8178);
#2393=VERTEX_POINT('',#8184);
#2394=VERTEX_POINT('',#8201);
#2395=VERTEX_POINT('',#8207);
#2396=VERTEX_POINT('',#8224);
#2397=VERTEX_POINT('',#8230);
#2398=VERTEX_POINT('',#8247);
#2399=VERTEX_POINT('',#8253);
#2400=VERTEX_POINT('',#8270);
#2401=VERTEX_POINT('',#8276);
#2402=VERTEX_POINT('',#8293);
#2403=VERTEX_POINT('',#8299);
#2404=VERTEX_POINT('',#8316);
#2405=VERTEX_POINT('',#8322);
#2406=VERTEX_POINT('',#8351);
#2407=VERTEX_POINT('',#8352);
#2408=VERTEX_POINT('',#8354);
#2409=VERTEX_POINT('',#8356);
#2410=VERTEX_POINT('',#8359);
#2411=VERTEX_POINT('',#8361);
#2412=VERTEX_POINT('',#8365);
#2413=VERTEX_POINT('',#8366);
#2414=VERTEX_POINT('',#8368);
#2415=VERTEX_POINT('',#8370);
#2416=VERTEX_POINT('',#8374);
#2417=VERTEX_POINT('',#8376);
#2418=VERTEX_POINT('',#8380);
#2419=VERTEX_POINT('',#8381);
#2420=VERTEX_POINT('',#8383);
#2421=VERTEX_POINT('',#8385);
#2422=VERTEX_POINT('',#8392);
#2423=VERTEX_POINT('',#8394);
#2424=VERTEX_POINT('',#8398);
#2425=VERTEX_POINT('',#8400);
#2426=VERTEX_POINT('',#8404);
#2427=VERTEX_POINT('',#8406);
#2428=VERTEX_POINT('',#8413);
#2429=VERTEX_POINT('',#8417);
#2430=VERTEX_POINT('',#8419);
#2431=VERTEX_POINT('',#8423);
#2432=VERTEX_POINT('',#8427);
#2433=VERTEX_POINT('',#8429);
#2434=VERTEX_POINT('',#8433);
#2435=VERTEX_POINT('',#8434);
#2436=VERTEX_POINT('',#8436);
#2437=VERTEX_POINT('',#8438);
#2438=VERTEX_POINT('',#8442);
#2439=VERTEX_POINT('',#8443);
#2440=VERTEX_POINT('',#8445);
#2441=VERTEX_POINT('',#8447);
#2442=VERTEX_POINT('',#8451);
#2443=VERTEX_POINT('',#8453);
#2444=VERTEX_POINT('',#8457);
#2445=VERTEX_POINT('',#8459);
#2446=VERTEX_POINT('',#8463);
#2447=VERTEX_POINT('',#8465);
#2448=VERTEX_POINT('',#8469);
#2449=VERTEX_POINT('',#8471);
#2450=VERTEX_POINT('',#8481);
#2451=VERTEX_POINT('',#8482);
#2452=VERTEX_POINT('',#8484);
#2453=VERTEX_POINT('',#8486);
#2454=VERTEX_POINT('',#8488);
#2455=VERTEX_POINT('',#8522);
#2456=VERTEX_POINT('',#8524);
#2457=VERTEX_POINT('',#8526);
#2458=VERTEX_POINT('',#8528);
#2459=VERTEX_POINT('',#8530);
#2460=VERTEX_POINT('',#8532);
#2461=VERTEX_POINT('',#8535);
#2462=VERTEX_POINT('',#8537);
#2463=VERTEX_POINT('',#8538);
#2464=VERTEX_POINT('',#8540);
#2465=VERTEX_POINT('',#8542);
#2466=VERTEX_POINT('',#8545);
#2467=VERTEX_POINT('',#8546);
#2468=VERTEX_POINT('',#8548);
#2469=VERTEX_POINT('',#8550);
#2470=VERTEX_POINT('',#8580);
#2471=VERTEX_POINT('',#8586);
#2472=VERTEX_POINT('',#8587);
#2473=VERTEX_POINT('',#8618);
#2474=VERTEX_POINT('',#8624);
#2475=VERTEX_POINT('',#8625);
#2476=VERTEX_POINT('',#8636);
#2477=VERTEX_POINT('',#8638);
#2478=VERTEX_POINT('',#8651);
#2479=VERTEX_POINT('',#8653);
#2480=VERTEX_POINT('',#8655);
#2481=VERTEX_POINT('',#8657);
#2482=VERTEX_POINT('',#8659);
#2483=VERTEX_POINT('',#8661);
#2484=VERTEX_POINT('',#8663);
#2485=VERTEX_POINT('',#8665);
#2486=VERTEX_POINT('',#8667);
#2487=VERTEX_POINT('',#8669);
#2488=VERTEX_POINT('',#8671);
#2489=VERTEX_POINT('',#8673);
#2490=VERTEX_POINT('',#8675);
#2491=VERTEX_POINT('',#8677);
#2492=VERTEX_POINT('',#8679);
#2493=VERTEX_POINT('',#8681);
#2494=VERTEX_POINT('',#8683);
#2495=VERTEX_POINT('',#8685);
#2496=VERTEX_POINT('',#8687);
#2497=VERTEX_POINT('',#8689);
#2498=VERTEX_POINT('',#8691);
#2499=VERTEX_POINT('',#8693);
#2500=VERTEX_POINT('',#8696);
#2501=VERTEX_POINT('',#8697);
#2502=VERTEX_POINT('',#8699);
#2503=VERTEX_POINT('',#8701);
#2504=VERTEX_POINT('',#8705);
#2505=VERTEX_POINT('',#8716);
#2506=VERTEX_POINT('',#8729);
#2507=VERTEX_POINT('',#8740);
#2508=VERTEX_POINT('',#8753);
#2509=VERTEX_POINT('',#8764);
#2510=VERTEX_POINT('',#8777);
#2511=VERTEX_POINT('',#8788);
#2512=VERTEX_POINT('',#8801);
#2513=VERTEX_POINT('',#8812);
#2514=VERTEX_POINT('',#8825);
#2515=VERTEX_POINT('',#8826);
#2516=VERTEX_POINT('',#8828);
#2517=VERTEX_POINT('',#8830);
#2518=VERTEX_POINT('',#8834);
#2519=VERTEX_POINT('',#8836);
#2520=VERTEX_POINT('',#8838);
#2521=VERTEX_POINT('',#8840);
#2522=VERTEX_POINT('',#8842);
#2523=VERTEX_POINT('',#8844);
#2524=VERTEX_POINT('',#8848);
#2525=VERTEX_POINT('',#8849);
#2526=VERTEX_POINT('',#8851);
#2527=VERTEX_POINT('',#8853);
#2528=VERTEX_POINT('',#8857);
#2529=VERTEX_POINT('',#8859);
#2530=VERTEX_POINT('',#8861);
#2531=VERTEX_POINT('',#8863);
#2532=VERTEX_POINT('',#8865);
#2533=VERTEX_POINT('',#8867);
#2534=VERTEX_POINT('',#8871);
#2535=VERTEX_POINT('',#8872);
#2536=VERTEX_POINT('',#8874);
#2537=VERTEX_POINT('',#8876);
#2538=VERTEX_POINT('',#8880);
#2539=VERTEX_POINT('',#8882);
#2540=VERTEX_POINT('',#8886);
#2541=VERTEX_POINT('',#8887);
#2542=VERTEX_POINT('',#8889);
#2543=VERTEX_POINT('',#8891);
#2544=VERTEX_POINT('',#8895);
#2545=VERTEX_POINT('',#8897);
#2546=VERTEX_POINT('',#8902);
#2547=VERTEX_POINT('',#8904);
#2548=VERTEX_POINT('',#8906);
#2549=VERTEX_POINT('',#8908);
#2550=VERTEX_POINT('',#8910);
#2551=VERTEX_POINT('',#8912);
#2552=VERTEX_POINT('',#8915);
#2553=VERTEX_POINT('',#8917);
#2554=VERTEX_POINT('',#8919);
#2555=VERTEX_POINT('',#8921);
#2556=VERTEX_POINT('',#8923);
#2557=VERTEX_POINT('',#8927);
#2558=VERTEX_POINT('',#8931);
#2559=VERTEX_POINT('',#8932);
#2560=VERTEX_POINT('',#8937);
#2561=VERTEX_POINT('',#8941);
#2562=VERTEX_POINT('',#8943);
#2563=VERTEX_POINT('',#8947);
#2564=VERTEX_POINT('',#8951);
#2565=VERTEX_POINT('',#8952);
#2566=VERTEX_POINT('',#8954);
#2567=VERTEX_POINT('',#8956);
#2568=VERTEX_POINT('',#8960);
#2569=VERTEX_POINT('',#8962);
#2570=VERTEX_POINT('',#8966);
#2571=VERTEX_POINT('',#8968);
#2572=VERTEX_POINT('',#8972);
#2573=VERTEX_POINT('',#8974);
#2574=VERTEX_POINT('',#8978);
#2575=VERTEX_POINT('',#8979);
#2576=VERTEX_POINT('',#8981);
#2577=VERTEX_POINT('',#8983);
#2578=VERTEX_POINT('',#8987);
#2579=VERTEX_POINT('',#8989);
#2580=VERTEX_POINT('',#8994);
#2581=VERTEX_POINT('',#8996);
#2582=VERTEX_POINT('',#8998);
#2583=VERTEX_POINT('',#9000);
#2584=VERTEX_POINT('',#9003);
#2585=VERTEX_POINT('',#9005);
#2586=VERTEX_POINT('',#9007);
#2587=VERTEX_POINT('',#9009);
#2588=VERTEX_POINT('',#9011);
#2589=VERTEX_POINT('',#9015);
#2590=VERTEX_POINT('',#9017);
#2591=VERTEX_POINT('',#9021);
#2592=VERTEX_POINT('',#9025);
#2593=VERTEX_POINT('',#9030);
#2594=VERTEX_POINT('',#9033);
#2595=VERTEX_POINT('',#9035);
#2596=VERTEX_POINT('',#9037);
#2597=VERTEX_POINT('',#9039);
#2598=VERTEX_POINT('',#9044);
#2599=VERTEX_POINT('',#9048);
#2600=VERTEX_POINT('',#9052);
#2601=VERTEX_POINT('',#9062);
#2602=VERTEX_POINT('',#9063);
#2603=VERTEX_POINT('',#9065);
#2604=VERTEX_POINT('',#9069);
#2605=VERTEX_POINT('',#9070);
#2606=VERTEX_POINT('',#9075);
#2607=VERTEX_POINT('',#9076);
#2608=VERTEX_POINT('',#9078);
#2609=VERTEX_POINT('',#9082);
#2610=VERTEX_POINT('',#9083);
#2611=VERTEX_POINT('',#9088);
#2612=VERTEX_POINT('',#9089);
#2613=VERTEX_POINT('',#9097);
#2614=VERTEX_POINT('',#9098);
#2615=VERTEX_POINT('',#9103);
#2616=VERTEX_POINT('',#9105);
#2617=VERTEX_POINT('',#9107);
#2618=VERTEX_POINT('',#9109);
#2619=VERTEX_POINT('',#9114);
#2620=VERTEX_POINT('',#9115);
#2621=VERTEX_POINT('',#9117);
#2622=VERTEX_POINT('',#9119);
#2623=VERTEX_POINT('',#9121);
#2624=VERTEX_POINT('',#9123);
#2625=VERTEX_POINT('',#9125);
#2626=VERTEX_POINT('',#9127);
#2627=VERTEX_POINT('',#9129);
#2628=VERTEX_POINT('',#9131);
#2629=VERTEX_POINT('',#9135);
#2630=VERTEX_POINT('',#9137);
#2631=VERTEX_POINT('',#9140);
#2632=VERTEX_POINT('',#9142);
#2633=VERTEX_POINT('',#9145);
#2634=VERTEX_POINT('',#9147);
#2635=VERTEX_POINT('',#9150);
#2636=VERTEX_POINT('',#9152);
#2637=VERTEX_POINT('',#9155);
#2638=VERTEX_POINT('',#9157);
#2639=VERTEX_POINT('',#9162);
#2640=VERTEX_POINT('',#9164);
#2641=VERTEX_POINT('',#9167);
#2642=VERTEX_POINT('',#9169);
#2643=VERTEX_POINT('',#9174);
#2644=VERTEX_POINT('',#9176);
#2645=VERTEX_POINT('',#9201);
#2646=VERTEX_POINT('',#9205);
#2647=VERTEX_POINT('',#9209);
#2648=VERTEX_POINT('',#9211);
#2649=VERTEX_POINT('',#9214);
#2650=VERTEX_POINT('',#9220);
#2651=VERTEX_POINT('',#9224);
#2652=VERTEX_POINT('',#9227);
#2653=VERTEX_POINT('',#9229);
#2654=VERTEX_POINT('',#9232);
#2655=VERTEX_POINT('',#9234);
#2656=VERTEX_POINT('',#9239);
#2657=VERTEX_POINT('',#9242);
#2658=VERTEX_POINT('',#9243);
#2659=VERTEX_POINT('',#9245);
#2660=VERTEX_POINT('',#9247);
#2661=VERTEX_POINT('',#9251);
#2662=VERTEX_POINT('',#9253);
#2663=VERTEX_POINT('',#9258);
#2664=VERTEX_POINT('',#9260);
#2665=VERTEX_POINT('',#9267);
#2666=VERTEX_POINT('',#9268);
#2667=VERTEX_POINT('',#9270);
#2668=VERTEX_POINT('',#9272);
#2669=VERTEX_POINT('',#9279);
#2670=VERTEX_POINT('',#9281);
#2671=VERTEX_POINT('',#9283);
#2672=VERTEX_POINT('',#9285);
#2673=VERTEX_POINT('',#9287);
#2674=VERTEX_POINT('',#9289);
#2675=VERTEX_POINT('',#9291);
#2676=VERTEX_POINT('',#9293);
#2677=VERTEX_POINT('',#9295);
#2678=VERTEX_POINT('',#9297);
#2679=VERTEX_POINT('',#9299);
#2680=VERTEX_POINT('',#9301);
#2681=VERTEX_POINT('',#9306);
#2682=VERTEX_POINT('',#9307);
#2683=VERTEX_POINT('',#9315);
#2684=VERTEX_POINT('',#9316);
#2685=VERTEX_POINT('',#9324);
#2686=VERTEX_POINT('',#9325);
#2687=VERTEX_POINT('',#9330);
#2688=VERTEX_POINT('',#9331);
#2689=VERTEX_POINT('',#9339);
#2690=VERTEX_POINT('',#9341);
#2691=VERTEX_POINT('',#9345);
#2692=VERTEX_POINT('',#9346);
#2693=VERTEX_POINT('',#9354);
#2694=VERTEX_POINT('',#9355);
#2695=VERTEX_POINT('',#9363);
#2696=VERTEX_POINT('',#9364);
#2697=VERTEX_POINT('',#9396);
#2698=VERTEX_POINT('',#9398);
#2699=VERTEX_POINT('',#9402);
#2700=VERTEX_POINT('',#9403);
#2701=VERTEX_POINT('',#9410);
#2702=VERTEX_POINT('',#9411);
#2703=VERTEX_POINT('',#9413);
#2704=VERTEX_POINT('',#9415);
#2705=VERTEX_POINT('',#9417);
#2706=VERTEX_POINT('',#9434);
#2707=VERTEX_POINT('',#9435);
#2708=VERTEX_POINT('',#9437);
#2709=VERTEX_POINT('',#9439);
#2710=VERTEX_POINT('',#9441);
#2711=VERTEX_POINT('',#9504);
#2712=VERTEX_POINT('',#9508);
#2713=VERTEX_POINT('',#9512);
#2714=VERTEX_POINT('',#9514);
#2715=VERTEX_POINT('',#9517);
#2716=VERTEX_POINT('',#9522);
#2717=VERTEX_POINT('',#9524);
#2718=VERTEX_POINT('',#9529);
#2719=VERTEX_POINT('',#9533);
#2720=VERTEX_POINT('',#9535);
#2721=VERTEX_POINT('',#9539);
#2722=VERTEX_POINT('',#9540);
#2723=VERTEX_POINT('',#9542);
#2724=VERTEX_POINT('',#9544);
#2725=VERTEX_POINT('',#9548);
#2726=VERTEX_POINT('',#9549);
#2727=VERTEX_POINT('',#9551);
#2728=VERTEX_POINT('',#9553);
#2729=VERTEX_POINT('',#9557);
#2730=VERTEX_POINT('',#9558);
#2731=VERTEX_POINT('',#9560);
#2732=VERTEX_POINT('',#9562);
#2733=VERTEX_POINT('',#9566);
#2734=VERTEX_POINT('',#9567);
#2735=VERTEX_POINT('',#9569);
#2736=VERTEX_POINT('',#9571);
#2737=VERTEX_POINT('',#9575);
#2738=VERTEX_POINT('',#9576);
#2739=VERTEX_POINT('',#9578);
#2740=VERTEX_POINT('',#9580);
#2741=VERTEX_POINT('',#9584);
#2742=VERTEX_POINT('',#9585);
#2743=VERTEX_POINT('',#9587);
#2744=VERTEX_POINT('',#9589);
#2745=VERTEX_POINT('',#9593);
#2746=VERTEX_POINT('',#9594);
#2747=VERTEX_POINT('',#9596);
#2748=VERTEX_POINT('',#9598);
#2749=VERTEX_POINT('',#9602);
#2750=VERTEX_POINT('',#9603);
#2751=VERTEX_POINT('',#9605);
#2752=VERTEX_POINT('',#9607);
#2753=VERTEX_POINT('',#9611);
#2754=VERTEX_POINT('',#9612);
#2755=VERTEX_POINT('',#9614);
#2756=VERTEX_POINT('',#9616);
#2757=VERTEX_POINT('',#9620);
#2758=VERTEX_POINT('',#9621);
#2759=VERTEX_POINT('',#9623);
#2760=VERTEX_POINT('',#9625);
#2761=VERTEX_POINT('',#9629);
#2762=VERTEX_POINT('',#9631);
#2763=VERTEX_POINT('',#9635);
#2764=VERTEX_POINT('',#9637);
#2765=VERTEX_POINT('',#9660);
#2766=VERTEX_POINT('',#9662);
#2767=VERTEX_POINT('',#9666);
#2768=VERTEX_POINT('',#9668);
#2769=VERTEX_POINT('',#9685);
#2770=VERTEX_POINT('',#9695);
#2771=VERTEX_POINT('',#9696);
#2772=VERTEX_POINT('',#9698);
#2773=VERTEX_POINT('',#9700);
#2774=VERTEX_POINT('',#9704);
#2775=VERTEX_POINT('',#9706);
#2776=VERTEX_POINT('',#9708);
#2777=VERTEX_POINT('',#9710);
#2778=VERTEX_POINT('',#9714);
#2779=VERTEX_POINT('',#9718);
#2780=VERTEX_POINT('',#9722);
#2781=VERTEX_POINT('',#9724);
#2782=VERTEX_POINT('',#9728);
#2783=VERTEX_POINT('',#9730);
#2784=VERTEX_POINT('',#9734);
#2785=VERTEX_POINT('',#9738);
#2786=VERTEX_POINT('',#9750);
#2787=VERTEX_POINT('',#9751);
#2788=VERTEX_POINT('',#9753);
#2789=VERTEX_POINT('',#9755);
#2790=VERTEX_POINT('',#9759);
#2791=VERTEX_POINT('',#9761);
#2792=VERTEX_POINT('',#9763);
#2793=VERTEX_POINT('',#9765);
#2794=VERTEX_POINT('',#9767);
#2795=VERTEX_POINT('',#9771);
#2796=VERTEX_POINT('',#9775);
#2797=VERTEX_POINT('',#9776);
#2798=VERTEX_POINT('',#9778);
#2799=VERTEX_POINT('',#9780);
#2800=VERTEX_POINT('',#9792);
#2801=VERTEX_POINT('',#9794);
#2802=VERTEX_POINT('',#9798);
#2803=VERTEX_POINT('',#9799);
#2804=VERTEX_POINT('',#9804);
#2805=VERTEX_POINT('',#9806);
#2806=VERTEX_POINT('',#9808);
#2807=VERTEX_POINT('',#9810);
#2808=VERTEX_POINT('',#9812);
#2809=VERTEX_POINT('',#9816);
#2810=VERTEX_POINT('',#9820);
#2811=VERTEX_POINT('',#9824);
#2812=VERTEX_POINT('',#9828);
#2813=VERTEX_POINT('',#9829);
#2814=VERTEX_POINT('',#9831);
#2815=VERTEX_POINT('',#9833);
#2816=VERTEX_POINT('',#9845);
#2817=VERTEX_POINT('',#9847);
#2818=VERTEX_POINT('',#9851);
#2819=VERTEX_POINT('',#9852);
#2820=VERTEX_POINT('',#9857);
#2821=VERTEX_POINT('',#9859);
#2822=VERTEX_POINT('',#9861);
#2823=VERTEX_POINT('',#9863);
#2824=VERTEX_POINT('',#9865);
#2825=VERTEX_POINT('',#9869);
#2826=VERTEX_POINT('',#9873);
#2827=VERTEX_POINT('',#9877);
#2828=VERTEX_POINT('',#9881);
#2829=VERTEX_POINT('',#9883);
#2830=VERTEX_POINT('',#9885);
#2831=VERTEX_POINT('',#9887);
#2832=VERTEX_POINT('',#9893);
#2833=VERTEX_POINT('',#9895);
#2834=VERTEX_POINT('',#9899);
#2835=VERTEX_POINT('',#9905);
#2836=VERTEX_POINT('',#9909);
#2837=VERTEX_POINT('',#9913);
#2838=VERTEX_POINT('',#9917);
#2839=VERTEX_POINT('',#9919);
#2840=VERTEX_POINT('',#9921);
#2841=VERTEX_POINT('',#9925);
#2842=VERTEX_POINT('',#9926);
#2843=VERTEX_POINT('',#9928);
#2844=VERTEX_POINT('',#9930);
#2845=VERTEX_POINT('',#9934);
#2846=VERTEX_POINT('',#9936);
#2847=VERTEX_POINT('',#9940);
#2848=VERTEX_POINT('',#9942);
#2849=VERTEX_POINT('',#9946);
#2850=VERTEX_POINT('',#9948);
#2851=VERTEX_POINT('',#9952);
#2852=VERTEX_POINT('',#9954);
#2853=VERTEX_POINT('',#9961);
#2854=VERTEX_POINT('',#9962);
#2855=VERTEX_POINT('',#9964);
#2856=VERTEX_POINT('',#9966);
#2857=VERTEX_POINT('',#9968);
#2858=VERTEX_POINT('',#9970);
#2859=VERTEX_POINT('',#9974);
#2860=VERTEX_POINT('',#9975);
#2861=VERTEX_POINT('',#9977);
#2862=VERTEX_POINT('',#9979);
#2863=VERTEX_POINT('',#9983);
#2864=VERTEX_POINT('',#9990);
#2865=VERTEX_POINT('',#9991);
#2866=VERTEX_POINT('',#9996);
#2867=VERTEX_POINT('',#10002);
#2868=VERTEX_POINT('',#10004);
#2869=VERTEX_POINT('',#10010);
#2870=VERTEX_POINT('',#10011);
#2871=VERTEX_POINT('',#10013);
#2872=VERTEX_POINT('',#10015);
#2873=VERTEX_POINT('',#10017);
#2874=VERTEX_POINT('',#10019);
#2875=VERTEX_POINT('',#10024);
#2876=VERTEX_POINT('',#10029);
#2877=VERTEX_POINT('',#10041);
#2878=EDGE_CURVE('',#2342,#2343,#2262,.T.);
#2879=EDGE_CURVE('',#2342,#2344,#1176,.T.);
#2880=EDGE_CURVE('',#2344,#2345,#2263,.T.);
#2881=EDGE_CURVE('',#2343,#2345,#1177,.T.);
#2882=EDGE_CURVE('',#2346,#2342,#2264,.T.);
#2883=EDGE_CURVE('',#2346,#2347,#1178,.T.);
#2884=EDGE_CURVE('',#2347,#2344,#2265,.T.);
#2885=EDGE_CURVE('',#2348,#2346,#2266,.T.);
#2886=EDGE_CURVE('',#2348,#2349,#1179,.T.);
#2887=EDGE_CURVE('',#2349,#2347,#2267,.T.);
#2888=EDGE_CURVE('',#2350,#2348,#2268,.T.);
#2889=EDGE_CURVE('',#2350,#2351,#1180,.T.);
#2890=EDGE_CURVE('',#2351,#2349,#2269,.T.);
#2891=EDGE_CURVE('',#2352,#2350,#2270,.T.);
#2892=EDGE_CURVE('',#2352,#2353,#1181,.T.);
#2893=EDGE_CURVE('',#2353,#2351,#2271,.T.);
#2894=EDGE_CURVE('',#2354,#2352,#2272,.T.);
#2895=EDGE_CURVE('',#2354,#2355,#1182,.T.);
#2896=EDGE_CURVE('',#2355,#2353,#2273,.T.);
#2897=EDGE_CURVE('',#2356,#2354,#2274,.T.);
#2898=EDGE_CURVE('',#2356,#2357,#1183,.T.);
#2899=EDGE_CURVE('',#2357,#2355,#2275,.T.);
#2900=EDGE_CURVE('',#2343,#2356,#2276,.T.);
#2901=EDGE_CURVE('',#2345,#2357,#2277,.T.);
#2902=EDGE_CURVE('',#2358,#2359,#2278,.T.);
#2903=EDGE_CURVE('',#2358,#2360,#1184,.T.);
#2904=EDGE_CURVE('',#2360,#2361,#2279,.T.);
#2905=EDGE_CURVE('',#2359,#2361,#1185,.T.);
#2906=EDGE_CURVE('',#2362,#2358,#2280,.T.);
#2907=EDGE_CURVE('',#2362,#2363,#1186,.T.);
#2908=EDGE_CURVE('',#2363,#2360,#2281,.T.);
#2909=EDGE_CURVE('',#2364,#2362,#2282,.T.);
#2910=EDGE_CURVE('',#2364,#2365,#1187,.T.);
#2911=EDGE_CURVE('',#2365,#2363,#2283,.T.);
#2912=EDGE_CURVE('',#2366,#2364,#2284,.T.);
#2913=EDGE_CURVE('',#2366,#2367,#1188,.T.);
#2914=EDGE_CURVE('',#2367,#2365,#2285,.T.);
#2915=EDGE_CURVE('',#2368,#2366,#2286,.T.);
#2916=EDGE_CURVE('',#2368,#2369,#1189,.T.);
#2917=EDGE_CURVE('',#2369,#2367,#2287,.T.);
#2918=EDGE_CURVE('',#2370,#2368,#2288,.T.);
#2919=EDGE_CURVE('',#2370,#2371,#1190,.T.);
#2920=EDGE_CURVE('',#2371,#2369,#2289,.T.);
#2921=EDGE_CURVE('',#2372,#2370,#2290,.T.);
#2922=EDGE_CURVE('',#2372,#2373,#1191,.T.);
#2923=EDGE_CURVE('',#2373,#2371,#2291,.T.);
#2924=EDGE_CURVE('',#2359,#2372,#2292,.T.);
#2925=EDGE_CURVE('',#2361,#2373,#2293,.T.);
#2926=EDGE_CURVE('',#2374,#2375,#2294,.T.);
#2927=EDGE_CURVE('',#2374,#2376,#1192,.T.);
#2928=EDGE_CURVE('',#2376,#2377,#2295,.T.);
#2929=EDGE_CURVE('',#2375,#2377,#1193,.T.);
#2930=EDGE_CURVE('',#2378,#2374,#2296,.T.);
#2931=EDGE_CURVE('',#2378,#2379,#1194,.T.);
#2932=EDGE_CURVE('',#2379,#2376,#2297,.T.);
#2933=EDGE_CURVE('',#2380,#2378,#2298,.T.);
#2934=EDGE_CURVE('',#2380,#2381,#1195,.T.);
#2935=EDGE_CURVE('',#2381,#2379,#2299,.T.);
#2936=EDGE_CURVE('',#2382,#2380,#2300,.T.);
#2937=EDGE_CURVE('',#2382,#2383,#1196,.T.);
#2938=EDGE_CURVE('',#2383,#2381,#2301,.T.);
#2939=EDGE_CURVE('',#2384,#2382,#2302,.T.);
#2940=EDGE_CURVE('',#2384,#2385,#1197,.T.);
#2941=EDGE_CURVE('',#2385,#2383,#2303,.T.);
#2942=EDGE_CURVE('',#2386,#2384,#2304,.T.);
#2943=EDGE_CURVE('',#2386,#2387,#1198,.T.);
#2944=EDGE_CURVE('',#2387,#2385,#2305,.T.);
#2945=EDGE_CURVE('',#2388,#2386,#2306,.T.);
#2946=EDGE_CURVE('',#2388,#2389,#1199,.T.);
#2947=EDGE_CURVE('',#2389,#2387,#2307,.T.);
#2948=EDGE_CURVE('',#2390,#2388,#2308,.T.);
#2949=EDGE_CURVE('',#2390,#2391,#1200,.T.);
#2950=EDGE_CURVE('',#2391,#2389,#2309,.T.);
#2951=EDGE_CURVE('',#2392,#2390,#2310,.T.);
#2952=EDGE_CURVE('',#2392,#2393,#1201,.T.);
#2953=EDGE_CURVE('',#2393,#2391,#2311,.T.);
#2954=EDGE_CURVE('',#2394,#2392,#2312,.T.);
#2955=EDGE_CURVE('',#2394,#2395,#1202,.T.);
#2956=EDGE_CURVE('',#2395,#2393,#2313,.T.);
#2957=EDGE_CURVE('',#2396,#2394,#2314,.T.);
#2958=EDGE_CURVE('',#2396,#2397,#1203,.T.);
#2959=EDGE_CURVE('',#2397,#2395,#2315,.T.);
#2960=EDGE_CURVE('',#2398,#2396,#2316,.T.);
#2961=EDGE_CURVE('',#2398,#2399,#1204,.T.);
#2962=EDGE_CURVE('',#2399,#2397,#2317,.T.);
#2963=EDGE_CURVE('',#2400,#2398,#2318,.T.);
#2964=EDGE_CURVE('',#2400,#2401,#1205,.T.);
#2965=EDGE_CURVE('',#2401,#2399,#2319,.T.);
#2966=EDGE_CURVE('',#2402,#2400,#2320,.T.);
#2967=EDGE_CURVE('',#2402,#2403,#1206,.T.);
#2968=EDGE_CURVE('',#2403,#2401,#2321,.T.);
#2969=EDGE_CURVE('',#2404,#2402,#2322,.T.);
#2970=EDGE_CURVE('',#2404,#2405,#1207,.T.);
#2971=EDGE_CURVE('',#2405,#2403,#2323,.T.);
#2972=EDGE_CURVE('',#2375,#2404,#2324,.T.);
#2973=EDGE_CURVE('',#2377,#2405,#2325,.T.);
#2974=EDGE_CURVE('',#2406,#2407,#1208,.T.);
#2975=EDGE_CURVE('',#2408,#2406,#1209,.T.);
#2976=EDGE_CURVE('',#2408,#2409,#1210,.T.);
#2977=EDGE_CURVE('',#2407,#2409,#1211,.T.);
#2978=EDGE_CURVE('',#2410,#2410,#127,.T.);
#2979=EDGE_CURVE('',#2411,#2411,#128,.T.);
#2980=EDGE_CURVE('',#2412,#2413,#129,.T.);
#2981=EDGE_CURVE('',#2413,#2414,#1212,.T.);
#2982=EDGE_CURVE('',#2414,#2415,#130,.T.);
#2983=EDGE_CURVE('',#2415,#2412,#1213,.T.);
#2984=EDGE_CURVE('',#2416,#2413,#1214,.T.);
#2985=EDGE_CURVE('',#2417,#2416,#1215,.T.);
#2986=EDGE_CURVE('',#2414,#2417,#1216,.T.);
#2987=EDGE_CURVE('',#2418,#2419,#131,.T.);
#2988=EDGE_CURVE('',#2419,#2420,#1217,.T.);
#2989=EDGE_CURVE('',#2420,#2421,#132,.T.);
#2990=EDGE_CURVE('',#2421,#2418,#1218,.T.);
#2991=EDGE_CURVE('',#2420,#2415,#1219,.T.);
#2992=EDGE_CURVE('',#2412,#2419,#1220,.T.);
#2993=EDGE_CURVE('',#2416,#2422,#133,.T.);
#2994=EDGE_CURVE('',#2422,#2423,#1221,.T.);
#2995=EDGE_CURVE('',#2423,#2417,#134,.T.);
#2996=EDGE_CURVE('',#2424,#2422,#1222,.T.);
#2997=EDGE_CURVE('',#2425,#2424,#1223,.T.);
#2998=EDGE_CURVE('',#2423,#2425,#1224,.T.);
#2999=EDGE_CURVE('',#2424,#2426,#135,.T.);
#3000=EDGE_CURVE('',#2426,#2427,#1225,.T.);
#3001=EDGE_CURVE('',#2427,#2425,#136,.T.);
#3002=EDGE_CURVE('',#2427,#2421,#1226,.T.);
#3003=EDGE_CURVE('',#2418,#2426,#1227,.T.);
#3004=EDGE_CURVE('',#2428,#2428,#137,.T.);
#3005=EDGE_CURVE('',#2428,#2410,#1228,.T.);
#3006=EDGE_CURVE('',#2429,#2429,#138,.T.);
#3007=EDGE_CURVE('',#2429,#2430,#1229,.T.);
#3008=EDGE_CURVE('',#2430,#2430,#139,.T.);
#3009=EDGE_CURVE('',#2431,#2431,#140,.T.);
#3010=EDGE_CURVE('',#2431,#2411,#1230,.T.);
#3011=EDGE_CURVE('',#2432,#2432,#141,.T.);
#3012=EDGE_CURVE('',#2432,#2433,#1231,.T.);
#3013=EDGE_CURVE('',#2433,#2433,#142,.T.);
#3014=EDGE_CURVE('',#2434,#2435,#1232,.T.);
#3015=EDGE_CURVE('',#2436,#2434,#1233,.T.);
#3016=EDGE_CURVE('',#2437,#2436,#1234,.T.);
#3017=EDGE_CURVE('',#2435,#2437,#1235,.T.);
#3018=EDGE_CURVE('',#2438,#2439,#1236,.T.);
#3019=EDGE_CURVE('',#2440,#2438,#1237,.T.);
#3020=EDGE_CURVE('',#2441,#2440,#1238,.T.);
#3021=EDGE_CURVE('',#2439,#2441,#1239,.T.);
#3022=EDGE_CURVE('',#2440,#2442,#143,.T.);
#3023=EDGE_CURVE('',#2442,#2443,#1240,.T.);
#3024=EDGE_CURVE('',#2443,#2441,#144,.T.);
#3025=EDGE_CURVE('',#2444,#2442,#1241,.T.);
#3026=EDGE_CURVE('',#2445,#2444,#1242,.T.);
#3027=EDGE_CURVE('',#2443,#2445,#1243,.T.);
#3028=EDGE_CURVE('',#2436,#2446,#145,.T.);
#3029=EDGE_CURVE('',#2446,#2447,#1244,.T.);
#3030=EDGE_CURVE('',#2447,#2437,#146,.T.);
#3031=EDGE_CURVE('',#2448,#2446,#1245,.T.);
#3032=EDGE_CURVE('',#2449,#2448,#1246,.T.);
#3033=EDGE_CURVE('',#2447,#2449,#1247,.T.);
#3034=EDGE_CURVE('',#2448,#2434,#147,.T.);
#3035=EDGE_CURVE('',#2435,#2449,#148,.T.);
#3036=EDGE_CURVE('',#2444,#2438,#149,.T.);
#3037=EDGE_CURVE('',#2439,#2445,#150,.T.);
#3038=EDGE_CURVE('',#2450,#2451,#151,.T.);
#3039=EDGE_CURVE('',#2451,#2452,#152,.T.);
#3040=EDGE_CURVE('',#2452,#2453,#153,.T.);
#3041=EDGE_CURVE('',#2453,#2454,#154,.T.);
#3042=EDGE_CURVE('',#2454,#2450,#155,.T.);
#3043=EDGE_CURVE('',#2450,#2454,#2326,.T.);
#3044=EDGE_CURVE('',#2453,#2451,#2327,.T.);
#3045=EDGE_CURVE('',#2455,#2454,#1248,.T.);
#3046=EDGE_CURVE('',#2456,#2455,#156,.T.);
#3047=EDGE_CURVE('',#2457,#2456,#1249,.T.);
#3048=EDGE_CURVE('',#2457,#2458,#1250,.T.);
#3049=EDGE_CURVE('',#2459,#2458,#1251,.T.);
#3050=EDGE_CURVE('',#2460,#2459,#157,.T.);
#3051=EDGE_CURVE('',#2450,#2460,#1252,.T.);
#3052=EDGE_CURVE('',#2461,#2461,#158,.T.);
#3053=EDGE_CURVE('',#2462,#2463,#1253,.T.);
#3054=EDGE_CURVE('',#2463,#2464,#1254,.T.);
#3055=EDGE_CURVE('',#2464,#2465,#1255,.T.);
#3056=EDGE_CURVE('',#2465,#2462,#1256,.T.);
#3057=EDGE_CURVE('',#2466,#2467,#1257,.T.);
#3058=EDGE_CURVE('',#2467,#2468,#1258,.T.);
#3059=EDGE_CURVE('',#2468,#2469,#1259,.T.);
#3060=EDGE_CURVE('',#2469,#2466,#1260,.T.);
#3061=EDGE_CURVE('',#2470,#2470,#159,.T.);
#3062=EDGE_CURVE('',#2470,#2452,#25,.T.);
#3063=EDGE_CURVE('',#2471,#2472,#160,.T.);
#3064=EDGE_CURVE('',#2472,#2471,#161,.T.);
#3065=EDGE_CURVE('',#2471,#2461,#162,.T.);
#3066=EDGE_CURVE('',#2473,#2473,#163,.T.);
#3067=EDGE_CURVE('',#2473,#2472,#164,.T.);
#3068=EDGE_CURVE('',#2474,#2475,#2328,.T.);
#3069=EDGE_CURVE('',#2475,#2476,#1261,.T.);
#3070=EDGE_CURVE('',#2476,#2477,#2329,.T.);
#3071=EDGE_CURVE('',#2477,#2474,#1262,.T.);
#3072=EDGE_CURVE('',#2475,#2478,#165,.T.);
#3073=EDGE_CURVE('',#2479,#2478,#1263,.T.);
#3074=EDGE_CURVE('',#2480,#2479,#1264,.T.);
#3075=EDGE_CURVE('',#2481,#2480,#1265,.T.);
#3076=EDGE_CURVE('',#2482,#2481,#1266,.T.);
#3077=EDGE_CURVE('',#2483,#2482,#1267,.T.);
#3078=EDGE_CURVE('',#2483,#2484,#166,.T.);
#3079=EDGE_CURVE('',#2485,#2484,#1268,.T.);
#3080=EDGE_CURVE('',#2485,#2486,#167,.T.);
#3081=EDGE_CURVE('',#2486,#2487,#1269,.T.);
#3082=EDGE_CURVE('',#2487,#2488,#168,.T.);
#3083=EDGE_CURVE('',#2489,#2488,#1270,.T.);
#3084=EDGE_CURVE('',#2489,#2490,#169,.T.);
#3085=EDGE_CURVE('',#2491,#2490,#1271,.T.);
#3086=EDGE_CURVE('',#2491,#2492,#170,.T.);
#3087=EDGE_CURVE('',#2492,#2493,#1272,.T.);
#3088=EDGE_CURVE('',#2493,#2494,#171,.T.);
#3089=EDGE_CURVE('',#2495,#2494,#1273,.T.);
#3090=EDGE_CURVE('',#2495,#2496,#172,.T.);
#3091=EDGE_CURVE('',#2497,#2496,#1274,.T.);
#3092=EDGE_CURVE('',#2497,#2498,#173,.T.);
#3093=EDGE_CURVE('',#2498,#2499,#1275,.T.);
#3094=EDGE_CURVE('',#2499,#2476,#174,.T.);
#3095=EDGE_CURVE('',#2500,#2501,#1276,.T.);
#3096=EDGE_CURVE('',#2500,#2502,#175,.T.);
#3097=EDGE_CURVE('',#2502,#2503,#1277,.T.);
#3098=EDGE_CURVE('',#2503,#2501,#176,.T.);
#3099=EDGE_CURVE('',#2504,#2485,#2330,.T.);
#3100=EDGE_CURVE('',#2484,#2505,#2331,.T.);
#3101=EDGE_CURVE('',#2505,#2504,#1278,.T.);
#3102=EDGE_CURVE('',#2506,#2497,#2332,.T.);
#3103=EDGE_CURVE('',#2496,#2507,#2333,.T.);
#3104=EDGE_CURVE('',#2507,#2506,#1279,.T.);
#3105=EDGE_CURVE('',#2508,#2495,#2334,.T.);
#3106=EDGE_CURVE('',#2494,#2509,#2335,.T.);
#3107=EDGE_CURVE('',#2509,#2508,#1280,.T.);
#3108=EDGE_CURVE('',#2510,#2491,#2336,.T.);
#3109=EDGE_CURVE('',#2490,#2511,#2337,.T.);
#3110=EDGE_CURVE('',#2511,#2510,#1281,.T.);
#3111=EDGE_CURVE('',#2512,#2489,#2338,.T.);
#3112=EDGE_CURVE('',#2488,#2513,#2339,.T.);
#3113=EDGE_CURVE('',#2513,#2512,#1282,.T.);
#3114=EDGE_CURVE('',#2514,#2515,#177,.T.);
#3115=EDGE_CURVE('',#2515,#2516,#1283,.T.);
#3116=EDGE_CURVE('',#2516,#2517,#178,.T.);
#3117=EDGE_CURVE('',#2517,#2514,#1284,.T.);
#3118=EDGE_CURVE('',#2515,#2518,#1285,.T.);
#3119=EDGE_CURVE('',#2518,#2519,#1286,.T.);
#3120=EDGE_CURVE('',#2519,#2520,#1287,.T.);
#3121=EDGE_CURVE('',#2521,#2520,#1288,.T.);
#3122=EDGE_CURVE('',#2521,#2522,#1289,.T.);
#3123=EDGE_CURVE('',#2522,#2523,#1290,.T.);
#3124=EDGE_CURVE('',#2516,#2523,#1291,.T.);
#3125=EDGE_CURVE('',#2524,#2525,#179,.T.);
#3126=EDGE_CURVE('',#2525,#2526,#1292,.T.);
#3127=EDGE_CURVE('',#2526,#2527,#180,.T.);
#3128=EDGE_CURVE('',#2527,#2524,#1293,.T.);
#3129=EDGE_CURVE('',#2525,#2528,#1294,.T.);
#3130=EDGE_CURVE('',#2528,#2529,#1295,.T.);
#3131=EDGE_CURVE('',#2529,#2530,#1296,.T.);
#3132=EDGE_CURVE('',#2531,#2530,#1297,.T.);
#3133=EDGE_CURVE('',#2531,#2532,#1298,.T.);
#3134=EDGE_CURVE('',#2532,#2533,#1299,.T.);
#3135=EDGE_CURVE('',#2526,#2533,#1300,.T.);
#3136=EDGE_CURVE('',#2534,#2535,#181,.T.);
#3137=EDGE_CURVE('',#2535,#2536,#1301,.T.);
#3138=EDGE_CURVE('',#2536,#2537,#182,.T.);
#3139=EDGE_CURVE('',#2537,#2534,#1302,.T.);
#3140=EDGE_CURVE('',#2538,#2535,#1303,.T.);
#3141=EDGE_CURVE('',#2539,#2538,#1304,.T.);
#3142=EDGE_CURVE('',#2536,#2539,#1305,.T.);
#3143=EDGE_CURVE('',#2540,#2541,#183,.T.);
#3144=EDGE_CURVE('',#2541,#2542,#1306,.T.);
#3145=EDGE_CURVE('',#2542,#2543,#184,.T.);
#3146=EDGE_CURVE('',#2543,#2540,#1307,.T.);
#3147=EDGE_CURVE('',#2541,#2544,#1308,.T.);
#3148=EDGE_CURVE('',#2545,#2544,#1309,.T.);
#3149=EDGE_CURVE('',#2545,#2542,#1310,.T.);
#3150=EDGE_CURVE('',#2538,#2540,#1311,.T.);
#3151=EDGE_CURVE('',#2534,#2546,#1312,.T.);
#3152=EDGE_CURVE('',#2547,#2546,#185,.T.);
#3153=EDGE_CURVE('',#2547,#2548,#1313,.T.);
#3154=EDGE_CURVE('',#2549,#2548,#1314,.T.);
#3155=EDGE_CURVE('',#2550,#2549,#186,.T.);
#3156=EDGE_CURVE('',#2551,#2550,#1315,.T.);
#3157=EDGE_CURVE('',#2530,#2551,#187,.T.);
#3158=EDGE_CURVE('',#2552,#2529,#1316,.T.);
#3159=EDGE_CURVE('',#2552,#2553,#1317,.T.);
#3160=EDGE_CURVE('',#2553,#2554,#1318,.T.);
#3161=EDGE_CURVE('',#2555,#2554,#188,.T.);
#3162=EDGE_CURVE('',#2556,#2555,#1319,.T.);
#3163=EDGE_CURVE('',#2544,#2556,#189,.T.);
#3164=EDGE_CURVE('',#2557,#2545,#190,.T.);
#3165=EDGE_CURVE('',#2557,#2556,#1320,.T.);
#3166=EDGE_CURVE('',#2558,#2559,#191,.T.);
#3167=EDGE_CURVE('',#2559,#2547,#1321,.T.);
#3168=EDGE_CURVE('',#2546,#2558,#1322,.T.);
#3169=EDGE_CURVE('',#2560,#2559,#1323,.T.);
#3170=EDGE_CURVE('',#2548,#2560,#1324,.T.);
#3171=EDGE_CURVE('',#2554,#2561,#1325,.T.);
#3172=EDGE_CURVE('',#2561,#2562,#192,.T.);
#3173=EDGE_CURVE('',#2562,#2555,#1326,.T.);
#3174=EDGE_CURVE('',#2563,#2553,#1327,.T.);
#3175=EDGE_CURVE('',#2561,#2563,#1328,.T.);
#3176=EDGE_CURVE('',#2564,#2565,#193,.T.);
#3177=EDGE_CURVE('',#2565,#2566,#1329,.T.);
#3178=EDGE_CURVE('',#2566,#2567,#194,.T.);
#3179=EDGE_CURVE('',#2567,#2564,#1330,.T.);
#3180=EDGE_CURVE('',#2568,#2565,#1331,.T.);
#3181=EDGE_CURVE('',#2569,#2568,#1332,.T.);
#3182=EDGE_CURVE('',#2566,#2569,#1333,.T.);
#3183=EDGE_CURVE('',#2568,#2570,#195,.T.);
#3184=EDGE_CURVE('',#2570,#2571,#1334,.T.);
#3185=EDGE_CURVE('',#2571,#2569,#196,.T.);
#3186=EDGE_CURVE('',#2572,#2570,#1335,.T.);
#3187=EDGE_CURVE('',#2573,#2572,#1336,.T.);
#3188=EDGE_CURVE('',#2571,#2573,#1337,.T.);
#3189=EDGE_CURVE('',#2574,#2575,#197,.T.);
#3190=EDGE_CURVE('',#2575,#2576,#1338,.T.);
#3191=EDGE_CURVE('',#2576,#2577,#198,.T.);
#3192=EDGE_CURVE('',#2577,#2574,#1339,.T.);
#3193=EDGE_CURVE('',#2575,#2578,#1340,.T.);
#3194=EDGE_CURVE('',#2579,#2578,#1341,.T.);
#3195=EDGE_CURVE('',#2579,#2576,#1342,.T.);
#3196=EDGE_CURVE('',#2572,#2574,#1343,.T.);
#3197=EDGE_CURVE('',#2564,#2580,#1344,.T.);
#3198=EDGE_CURVE('',#2581,#2580,#1345,.T.);
#3199=EDGE_CURVE('',#2582,#2581,#199,.T.);
#3200=EDGE_CURVE('',#2583,#2582,#1346,.T.);
#3201=EDGE_CURVE('',#2520,#2583,#200,.T.);
#3202=EDGE_CURVE('',#2584,#2519,#1347,.T.);
#3203=EDGE_CURVE('',#2584,#2585,#1348,.T.);
#3204=EDGE_CURVE('',#2585,#2586,#1349,.T.);
#3205=EDGE_CURVE('',#2587,#2586,#201,.T.);
#3206=EDGE_CURVE('',#2588,#2587,#1350,.T.);
#3207=EDGE_CURVE('',#2578,#2588,#202,.T.);
#3208=EDGE_CURVE('',#2586,#2589,#1351,.T.);
#3209=EDGE_CURVE('',#2589,#2590,#203,.T.);
#3210=EDGE_CURVE('',#2590,#2587,#1352,.T.);
#3211=EDGE_CURVE('',#2591,#2585,#1353,.T.);
#3212=EDGE_CURVE('',#2589,#2591,#1354,.T.);
#3213=EDGE_CURVE('',#2592,#2579,#204,.T.);
#3214=EDGE_CURVE('',#2592,#2588,#1355,.T.);
#3215=EDGE_CURVE('',#2590,#2592,#1356,.T.);
#3216=EDGE_CURVE('',#2593,#2591,#1357,.T.);
#3217=EDGE_CURVE('',#2593,#2522,#1358,.T.);
#3218=EDGE_CURVE('',#2594,#2521,#205,.T.);
#3219=EDGE_CURVE('',#2595,#2594,#1359,.T.);
#3220=EDGE_CURVE('',#2596,#2595,#206,.T.);
#3221=EDGE_CURVE('',#2597,#2596,#1360,.T.);
#3222=EDGE_CURVE('',#2597,#2567,#1361,.T.);
#3223=EDGE_CURVE('',#2573,#2577,#1362,.T.);
#3224=EDGE_CURVE('',#2551,#2598,#1363,.T.);
#3225=EDGE_CURVE('',#2598,#2531,#207,.T.);
#3226=EDGE_CURVE('',#2599,#2550,#1364,.T.);
#3227=EDGE_CURVE('',#2599,#2598,#1365,.T.);
#3228=EDGE_CURVE('',#2600,#2599,#208,.T.);
#3229=EDGE_CURVE('',#2549,#2600,#1366,.T.);
#3230=EDGE_CURVE('',#2583,#2594,#1367,.T.);
#3231=EDGE_CURVE('',#2595,#2582,#1368,.T.);
#3232=EDGE_CURVE('',#2581,#2596,#1369,.T.);
#3233=EDGE_CURVE('',#2601,#2602,#209,.F.);
#3234=EDGE_CURVE('',#2603,#2601,#210,.F.);
#3235=EDGE_CURVE('',#2602,#2603,#211,.F.);
#3236=EDGE_CURVE('',#2604,#2605,#212,.T.);
#3237=EDGE_CURVE('',#2604,#2603,#1370,.T.);
#3238=EDGE_CURVE('',#2601,#2605,#1371,.T.);
#3239=EDGE_CURVE('',#2606,#2607,#213,.F.);
#3240=EDGE_CURVE('',#2608,#2606,#214,.F.);
#3241=EDGE_CURVE('',#2607,#2608,#215,.F.);
#3242=EDGE_CURVE('',#2609,#2610,#216,.T.);
#3243=EDGE_CURVE('',#2609,#2608,#1372,.T.);
#3244=EDGE_CURVE('',#2606,#2610,#1373,.T.);
#3245=EDGE_CURVE('',#2611,#2612,#217,.T.);
#3246=EDGE_CURVE('',#2612,#2607,#1374,.T.);
#3247=EDGE_CURVE('',#2608,#2611,#1375,.T.);
#3248=EDGE_CURVE('',#2603,#2606,#1376,.T.);
#3249=EDGE_CURVE('',#2607,#2602,#1377,.T.);
#3250=EDGE_CURVE('',#2613,#2614,#218,.T.);
#3251=EDGE_CURVE('',#2614,#2601,#1378,.T.);
#3252=EDGE_CURVE('',#2602,#2613,#1379,.T.);
#3253=EDGE_CURVE('',#2604,#2615,#1380,.T.);
#3254=EDGE_CURVE('',#2616,#2615,#1381,.T.);
#3255=EDGE_CURVE('',#2617,#2616,#1382,.T.);
#3256=EDGE_CURVE('',#2618,#2617,#1383,.T.);
#3257=EDGE_CURVE('',#2618,#2610,#1384,.T.);
#3258=EDGE_CURVE('',#2517,#2524,#1385,.T.);
#3259=EDGE_CURVE('',#2527,#2514,#1386,.T.);
#3260=EDGE_CURVE('',#2619,#2620,#1387,.T.);
#3261=EDGE_CURVE('',#2621,#2619,#1388,.T.);
#3262=EDGE_CURVE('',#2622,#2621,#1389,.T.);
#3263=EDGE_CURVE('',#2622,#2623,#1390,.T.);
#3264=EDGE_CURVE('',#2623,#2624,#1391,.T.);
#3265=EDGE_CURVE('',#2624,#2625,#1392,.T.);
#3266=EDGE_CURVE('',#2625,#2626,#1393,.T.);
#3267=EDGE_CURVE('',#2626,#2627,#1394,.T.);
#3268=EDGE_CURVE('',#2627,#2628,#1395,.T.);
#3269=EDGE_CURVE('',#2628,#2620,#1396,.T.);
#3270=EDGE_CURVE('',#2629,#2618,#219,.T.);
#3271=EDGE_CURVE('',#2629,#2630,#1397,.T.);
#3272=EDGE_CURVE('',#2479,#2630,#220,.T.);
#3273=EDGE_CURVE('',#2478,#2631,#1398,.T.);
#3274=EDGE_CURVE('',#2631,#2632,#1399,.T.);
#3275=EDGE_CURVE('',#2632,#2500,#1400,.T.);
#3276=EDGE_CURVE('',#2501,#2633,#1401,.T.);
#3277=EDGE_CURVE('',#2633,#2634,#1402,.T.);
#3278=EDGE_CURVE('',#2634,#2483,#1403,.T.);
#3279=EDGE_CURVE('',#2635,#2482,#221,.T.);
#3280=EDGE_CURVE('',#2635,#2636,#1404,.T.);
#3281=EDGE_CURVE('',#2615,#2636,#222,.T.);
#3282=EDGE_CURVE('',#2605,#2637,#1405,.T.);
#3283=EDGE_CURVE('',#2637,#2638,#1406,.T.);
#3284=EDGE_CURVE('',#2609,#2638,#1407,.T.);
#3285=EDGE_CURVE('',#2614,#2637,#1408,.T.);
#3286=EDGE_CURVE('',#2505,#2639,#1409,.T.);
#3287=EDGE_CURVE('',#2639,#2640,#1410,.T.);
#3288=EDGE_CURVE('',#2640,#2504,#1411,.T.);
#3289=EDGE_CURVE('',#2513,#2641,#1412,.T.);
#3290=EDGE_CURVE('',#2641,#2642,#1413,.T.);
#3291=EDGE_CURVE('',#2642,#2512,#1414,.T.);
#3292=EDGE_CURVE('',#2560,#2600,#1415,.T.);
#3293=EDGE_CURVE('',#2458,#2643,#223,.T.);
#3294=EDGE_CURVE('',#2643,#2644,#1416,.T.);
#3295=EDGE_CURVE('',#2644,#2459,#224,.T.);
#3296=EDGE_CURVE('',#2406,#2460,#225,.T.);
#3297=EDGE_CURVE('',#2644,#2406,#226,.T.);
#3298=EDGE_CURVE('',#2407,#2455,#227,.T.);
#3299=EDGE_CURVE('',#2645,#2456,#228,.T.);
#3300=EDGE_CURVE('',#2407,#2645,#229,.T.);
#3301=EDGE_CURVE('',#2646,#2457,#230,.T.);
#3302=EDGE_CURVE('',#2645,#2646,#1417,.T.);
#3303=EDGE_CURVE('',#2647,#2645,#1418,.T.);
#3304=EDGE_CURVE('',#2647,#2648,#1419,.T.);
#3305=EDGE_CURVE('',#2646,#2648,#1420,.T.);
#3306=EDGE_CURVE('',#2649,#2649,#231,.T.);
#3307=EDGE_CURVE('',#2409,#2647,#232,.T.);
#3308=EDGE_CURVE('',#2644,#2650,#1421,.T.);
#3309=EDGE_CURVE('',#2650,#2408,#233,.T.);
#3310=EDGE_CURVE('',#2648,#2651,#1422,.T.);
#3311=EDGE_CURVE('',#2643,#2651,#1423,.T.);
#3312=EDGE_CURVE('',#2652,#2480,#234,.T.);
#3313=EDGE_CURVE('',#2652,#2653,#1424,.T.);
#3314=EDGE_CURVE('',#2617,#2653,#235,.T.);
#3315=EDGE_CURVE('',#2654,#2616,#236,.T.);
#3316=EDGE_CURVE('',#2654,#2655,#1425,.T.);
#3317=EDGE_CURVE('',#2481,#2655,#237,.T.);
#3318=EDGE_CURVE('',#2651,#2650,#1426,.T.);
#3319=EDGE_CURVE('',#2656,#2656,#238,.T.);
#3320=EDGE_CURVE('',#2657,#2658,#1427,.T.);
#3321=EDGE_CURVE('',#2659,#2658,#1428,.T.);
#3322=EDGE_CURVE('',#2660,#2659,#1429,.T.);
#3323=EDGE_CURVE('',#2660,#2657,#1430,.T.);
#3324=EDGE_CURVE('',#2658,#2661,#239,.T.);
#3325=EDGE_CURVE('',#2662,#2657,#240,.T.);
#3326=EDGE_CURVE('',#2661,#2662,#1431,.T.);
#3327=EDGE_CURVE('',#2638,#2611,#1432,.T.);
#3328=EDGE_CURVE('',#2477,#2663,#1433,.T.);
#3329=EDGE_CURVE('',#2663,#2664,#1434,.T.);
#3330=EDGE_CURVE('',#2664,#2474,#1435,.T.);
#3331=EDGE_CURVE('',#2507,#2661,#1436,.T.);
#3332=EDGE_CURVE('',#2662,#2506,#1437,.T.);
#3333=EDGE_CURVE('',#2580,#2597,#1438,.T.);
#3334=EDGE_CURVE('',#2665,#2666,#1439,.T.);
#3335=EDGE_CURVE('',#2667,#2666,#1440,.T.);
#3336=EDGE_CURVE('',#2668,#2667,#1441,.T.);
#3337=EDGE_CURVE('',#2668,#2665,#1442,.T.);
#3338=EDGE_CURVE('',#2664,#2665,#241,.T.);
#3339=EDGE_CURVE('',#2666,#2663,#242,.T.);
#3340=EDGE_CURVE('',#2669,#2659,#243,.T.);
#3341=EDGE_CURVE('',#2669,#2670,#1443,.T.);
#3342=EDGE_CURVE('',#2671,#2670,#1444,.T.);
#3343=EDGE_CURVE('',#2671,#2672,#1445,.T.);
#3344=EDGE_CURVE('',#2673,#2672,#244,.T.);
#3345=EDGE_CURVE('',#2673,#2674,#1446,.T.);
#3346=EDGE_CURVE('',#2675,#2674,#1447,.T.);
#3347=EDGE_CURVE('',#2675,#2676,#1448,.T.);
#3348=EDGE_CURVE('',#2677,#2676,#245,.T.);
#3349=EDGE_CURVE('',#2677,#2678,#1449,.T.);
#3350=EDGE_CURVE('',#2679,#2678,#1450,.T.);
#3351=EDGE_CURVE('',#2679,#2680,#1451,.T.);
#3352=EDGE_CURVE('',#2668,#2680,#246,.T.);
#3353=EDGE_CURVE('',#2660,#2667,#1452,.T.);
#3354=EDGE_CURVE('',#2681,#2682,#1453,.T.);
#3355=EDGE_CURVE('',#2676,#2682,#1454,.T.);
#3356=EDGE_CURVE('',#2675,#2681,#1455,.T.);
#3357=EDGE_CURVE('',#2682,#2639,#247,.T.);
#3358=EDGE_CURVE('',#2640,#2681,#248,.T.);
#3359=EDGE_CURVE('',#2683,#2684,#1456,.T.);
#3360=EDGE_CURVE('',#2674,#2684,#1457,.T.);
#3361=EDGE_CURVE('',#2673,#2683,#1458,.T.);
#3362=EDGE_CURVE('',#2642,#2683,#249,.T.);
#3363=EDGE_CURVE('',#2684,#2641,#250,.T.);
#3364=EDGE_CURVE('',#2685,#2686,#1459,.T.);
#3365=EDGE_CURVE('',#2670,#2686,#1460,.T.);
#3366=EDGE_CURVE('',#2669,#2685,#1461,.T.);
#3367=EDGE_CURVE('',#2687,#2688,#1462,.T.);
#3368=EDGE_CURVE('',#2686,#2687,#251,.T.);
#3369=EDGE_CURVE('',#2688,#2685,#252,.T.);
#3370=EDGE_CURVE('',#2612,#2613,#1463,.T.);
#3371=EDGE_CURVE('',#2509,#2687,#1464,.T.);
#3372=EDGE_CURVE('',#2688,#2508,#1465,.T.);
#3373=EDGE_CURVE('',#2511,#2689,#1466,.T.);
#3374=EDGE_CURVE('',#2689,#2690,#1467,.T.);
#3375=EDGE_CURVE('',#2690,#2510,#1468,.T.);
#3376=EDGE_CURVE('',#2691,#2692,#1469,.T.);
#3377=EDGE_CURVE('',#2680,#2692,#1470,.T.);
#3378=EDGE_CURVE('',#2679,#2691,#1471,.T.);
#3379=EDGE_CURVE('',#2692,#2631,#253,.T.);
#3380=EDGE_CURVE('',#2632,#2691,#254,.T.);
#3381=EDGE_CURVE('',#2693,#2694,#1472,.T.);
#3382=EDGE_CURVE('',#2678,#2694,#1473,.T.);
#3383=EDGE_CURVE('',#2677,#2693,#1474,.T.);
#3384=EDGE_CURVE('',#2634,#2693,#255,.T.);
#3385=EDGE_CURVE('',#2694,#2633,#256,.T.);
#3386=EDGE_CURVE('',#2695,#2696,#1475,.T.);
#3387=EDGE_CURVE('',#2672,#2696,#1476,.T.);
#3388=EDGE_CURVE('',#2671,#2695,#1477,.T.);
#3389=EDGE_CURVE('',#2696,#2689,#257,.T.);
#3390=EDGE_CURVE('',#2690,#2695,#258,.T.);
#3391=EDGE_CURVE('',#2675,#2486,#1478,.T.);
#3392=EDGE_CURVE('',#2674,#2487,#1479,.T.);
#3393=EDGE_CURVE('',#2678,#2503,#1480,.T.);
#3394=EDGE_CURVE('',#2679,#2502,#1481,.T.);
#3395=EDGE_CURVE('',#2667,#2499,#1482,.T.);
#3396=EDGE_CURVE('',#2660,#2498,#1483,.T.);
#3397=EDGE_CURVE('',#2670,#2493,#1484,.T.);
#3398=EDGE_CURVE('',#2671,#2492,#1485,.T.);
#3399=EDGE_CURVE('',#2620,#2697,#259,.T.);
#3400=EDGE_CURVE('',#2697,#2698,#1486,.T.);
#3401=EDGE_CURVE('',#2698,#2619,#19,.T.);
#3402=EDGE_CURVE('',#2699,#2700,#1487,.T.);
#3403=EDGE_CURVE('',#2700,#2622,#260,.T.);
#3404=EDGE_CURVE('',#2621,#2699,#20,.T.);
#3405=EDGE_CURVE('',#2698,#2699,#1488,.T.);
#3406=EDGE_CURVE('',#2701,#2702,#1489,.T.);
#3407=EDGE_CURVE('',#2702,#2703,#261,.T.);
#3408=EDGE_CURVE('',#2703,#2704,#1490,.T.);
#3409=EDGE_CURVE('',#2704,#2705,#262,.T.);
#3410=EDGE_CURVE('',#2705,#2701,#2340,.T.);
#3411=EDGE_CURVE('',#2706,#2707,#1491,.T.);
#3412=EDGE_CURVE('',#2707,#2708,#263,.T.);
#3413=EDGE_CURVE('',#2708,#2709,#1492,.T.);
#3414=EDGE_CURVE('',#2709,#2710,#2341,.T.);
#3415=EDGE_CURVE('',#2710,#2706,#264,.T.);
#3416=EDGE_CURVE('',#2705,#2710,#265,.T.);
#3417=EDGE_CURVE('',#2709,#2701,#266,.T.);
#3418=EDGE_CURVE('',#2702,#2708,#267,.T.);
#3419=EDGE_CURVE('',#2697,#2469,#1493,.T.);
#3420=EDGE_CURVE('',#2626,#2468,#1494,.T.);
#3421=EDGE_CURVE('',#2626,#2707,#1495,.T.);
#3422=EDGE_CURVE('',#2698,#2706,#1496,.T.);
#3423=EDGE_CURVE('',#2704,#2699,#1497,.T.);
#3424=EDGE_CURVE('',#2625,#2703,#1498,.T.);
#3425=EDGE_CURVE('',#2628,#2466,#1499,.T.);
#3426=EDGE_CURVE('',#2627,#2467,#1500,.T.);
#3427=EDGE_CURVE('',#2625,#2463,#1501,.T.);
#3428=EDGE_CURVE('',#2700,#2462,#1502,.T.);
#3429=EDGE_CURVE('',#2624,#2464,#1503,.T.);
#3430=EDGE_CURVE('',#2623,#2465,#1504,.T.);
#3431=EDGE_CURVE('',#2630,#2652,#1505,.T.);
#3432=EDGE_CURVE('',#2653,#2629,#1506,.T.);
#3433=EDGE_CURVE('',#2655,#2635,#1507,.T.);
#3434=EDGE_CURVE('',#2636,#2654,#1508,.T.);
#3435=EDGE_CURVE('',#2562,#2557,#1509,.T.);
#3436=EDGE_CURVE('',#2558,#2537,#1510,.T.);
#3437=EDGE_CURVE('',#2539,#2543,#1511,.T.);
#3438=EDGE_CURVE('',#2711,#2711,#268,.T.);
#3439=EDGE_CURVE('',#2711,#2656,#269,.T.);
#3440=EDGE_CURVE('',#2712,#2712,#270,.T.);
#3441=EDGE_CURVE('',#2712,#2649,#271,.T.);
#3442=EDGE_CURVE('',#2713,#2713,#272,.T.);
#3443=EDGE_CURVE('',#2714,#2714,#273,.T.);
#3444=EDGE_CURVE('',#2715,#2715,#274,.T.);
#3445=EDGE_CURVE('',#2715,#2713,#1512,.T.);
#3446=EDGE_CURVE('',#2716,#2716,#275,.T.);
#3447=EDGE_CURVE('',#2716,#2717,#1513,.T.);
#3448=EDGE_CURVE('',#2717,#2717,#276,.T.);
#3449=EDGE_CURVE('',#2714,#2718,#1514,.T.);
#3450=EDGE_CURVE('',#2718,#2718,#277,.T.);
#3451=EDGE_CURVE('',#2719,#2719,#278,.T.);
#3452=EDGE_CURVE('',#2719,#2720,#1515,.T.);
#3453=EDGE_CURVE('',#2720,#2720,#279,.T.);
#3454=EDGE_CURVE('',#2721,#2722,#1516,.T.);
#3455=EDGE_CURVE('',#2722,#2723,#1517,.T.);
#3456=EDGE_CURVE('',#2723,#2724,#1518,.T.);
#3457=EDGE_CURVE('',#2724,#2721,#1519,.T.);
#3458=EDGE_CURVE('',#2725,#2726,#1520,.T.);
#3459=EDGE_CURVE('',#2726,#2727,#1521,.T.);
#3460=EDGE_CURVE('',#2727,#2728,#1522,.T.);
#3461=EDGE_CURVE('',#2728,#2725,#1523,.T.);
#3462=EDGE_CURVE('',#2729,#2730,#1524,.T.);
#3463=EDGE_CURVE('',#2730,#2731,#1525,.T.);
#3464=EDGE_CURVE('',#2731,#2732,#1526,.T.);
#3465=EDGE_CURVE('',#2732,#2729,#1527,.T.);
#3466=EDGE_CURVE('',#2733,#2734,#1528,.T.);
#3467=EDGE_CURVE('',#2734,#2735,#1529,.T.);
#3468=EDGE_CURVE('',#2735,#2736,#1530,.T.);
#3469=EDGE_CURVE('',#2736,#2733,#1531,.T.);
#3470=EDGE_CURVE('',#2737,#2738,#1532,.T.);
#3471=EDGE_CURVE('',#2738,#2739,#1533,.T.);
#3472=EDGE_CURVE('',#2739,#2740,#1534,.T.);
#3473=EDGE_CURVE('',#2740,#2737,#1535,.T.);
#3474=EDGE_CURVE('',#2741,#2742,#1536,.T.);
#3475=EDGE_CURVE('',#2742,#2743,#1537,.T.);
#3476=EDGE_CURVE('',#2744,#2743,#1538,.T.);
#3477=EDGE_CURVE('',#2744,#2741,#1539,.T.);
#3478=EDGE_CURVE('',#2745,#2746,#1540,.T.);
#3479=EDGE_CURVE('',#2746,#2747,#1541,.T.);
#3480=EDGE_CURVE('',#2747,#2748,#1542,.T.);
#3481=EDGE_CURVE('',#2748,#2745,#1543,.T.);
#3482=EDGE_CURVE('',#2749,#2750,#1544,.T.);
#3483=EDGE_CURVE('',#2750,#2751,#1545,.T.);
#3484=EDGE_CURVE('',#2752,#2751,#1546,.T.);
#3485=EDGE_CURVE('',#2752,#2749,#1547,.T.);
#3486=EDGE_CURVE('',#2753,#2754,#1548,.T.);
#3487=EDGE_CURVE('',#2755,#2754,#1549,.T.);
#3488=EDGE_CURVE('',#2755,#2756,#1550,.T.);
#3489=EDGE_CURVE('',#2756,#2753,#1551,.T.);
#3490=EDGE_CURVE('',#2757,#2758,#1552,.T.);
#3491=EDGE_CURVE('',#2759,#2758,#1553,.T.);
#3492=EDGE_CURVE('',#2759,#2760,#1554,.T.);
#3493=EDGE_CURVE('',#2760,#2757,#1555,.T.);
#3494=EDGE_CURVE('',#2761,#2742,#1556,.T.);
#3495=EDGE_CURVE('',#2761,#2762,#1557,.T.);
#3496=EDGE_CURVE('',#2743,#2762,#1558,.T.);
#3497=EDGE_CURVE('',#2763,#2744,#1559,.T.);
#3498=EDGE_CURVE('',#2764,#2763,#1560,.T.);
#3499=EDGE_CURVE('',#2764,#2741,#1561,.T.);
#3500=EDGE_CURVE('',#2725,#2724,#1562,.T.);
#3501=EDGE_CURVE('',#2721,#2728,#1563,.T.);
#3502=EDGE_CURVE('',#2761,#2764,#1564,.T.);
#3503=EDGE_CURVE('',#2723,#2726,#1565,.T.);
#3504=EDGE_CURVE('',#2722,#2727,#1566,.T.);
#3505=EDGE_CURVE('',#2758,#2737,#1567,.T.);
#3506=EDGE_CURVE('',#2757,#2738,#1568,.T.);
#3507=EDGE_CURVE('',#2760,#2739,#1569,.T.);
#3508=EDGE_CURVE('',#2759,#2740,#1570,.T.);
#3509=EDGE_CURVE('',#2730,#2735,#1571,.T.);
#3510=EDGE_CURVE('',#2729,#2736,#1572,.T.);
#3511=EDGE_CURVE('',#2765,#2750,#1573,.T.);
#3512=EDGE_CURVE('',#2765,#2766,#1574,.T.);
#3513=EDGE_CURVE('',#2751,#2766,#1575,.T.);
#3514=EDGE_CURVE('',#2767,#2752,#1576,.T.);
#3515=EDGE_CURVE('',#2768,#2767,#1577,.T.);
#3516=EDGE_CURVE('',#2768,#2749,#1578,.T.);
#3517=EDGE_CURVE('',#2732,#2733,#1579,.T.);
#3518=EDGE_CURVE('',#2765,#2768,#1580,.T.);
#3519=EDGE_CURVE('',#2731,#2734,#1581,.T.);
#3520=EDGE_CURVE('',#2754,#2745,#1582,.T.);
#3521=EDGE_CURVE('',#2753,#2746,#1583,.T.);
#3522=EDGE_CURVE('',#2756,#2747,#1584,.T.);
#3523=EDGE_CURVE('',#2755,#2748,#1585,.T.);
#3524=EDGE_CURVE('',#2769,#2762,#1586,.T.);
#3525=EDGE_CURVE('',#2769,#2563,#1587,.T.);
#3526=EDGE_CURVE('',#2763,#2552,#1588,.T.);
#3527=EDGE_CURVE('',#2593,#2766,#1589,.T.);
#3528=EDGE_CURVE('',#2767,#2584,#1590,.T.);
#3529=EDGE_CURVE('',#2769,#2532,#1591,.T.);
#3530=EDGE_CURVE('',#2770,#2771,#280,.T.);
#3531=EDGE_CURVE('',#2770,#2772,#1592,.T.);
#3532=EDGE_CURVE('',#2773,#2772,#281,.T.);
#3533=EDGE_CURVE('',#2773,#2771,#1593,.T.);
#3534=EDGE_CURVE('',#2771,#2774,#1594,.T.);
#3535=EDGE_CURVE('',#2774,#2775,#282,.T.);
#3536=EDGE_CURVE('',#2776,#2775,#1595,.T.);
#3537=EDGE_CURVE('',#2776,#2777,#1596,.T.);
#3538=EDGE_CURVE('',#2777,#2770,#1597,.T.);
#3539=EDGE_CURVE('',#2778,#2773,#1598,.T.);
#3540=EDGE_CURVE('',#2774,#2778,#1599,.T.);
#3541=EDGE_CURVE('',#2779,#2778,#283,.T.);
#3542=EDGE_CURVE('',#2779,#2775,#1600,.T.);
#3543=EDGE_CURVE('',#2780,#2772,#1601,.T.);
#3544=EDGE_CURVE('',#2780,#2781,#1602,.T.);
#3545=EDGE_CURVE('',#2779,#2781,#1603,.T.);
#3546=EDGE_CURVE('',#2782,#2780,#1604,.T.);
#3547=EDGE_CURVE('',#2783,#2782,#1605,.T.);
#3548=EDGE_CURVE('',#2781,#2783,#1606,.T.);
#3549=EDGE_CURVE('',#2777,#2784,#1607,.T.);
#3550=EDGE_CURVE('',#2782,#2784,#1608,.T.);
#3551=EDGE_CURVE('',#2783,#2785,#1609,.T.);
#3552=EDGE_CURVE('',#2785,#2776,#1610,.T.);
#3553=EDGE_CURVE('',#2784,#2528,#1611,.T.);
#3554=EDGE_CURVE('',#2523,#2785,#1612,.T.);
#3555=EDGE_CURVE('',#2533,#2518,#1613,.T.);
#3556=EDGE_CURVE('',#2786,#2787,#284,.T.);
#3557=EDGE_CURVE('',#2787,#2788,#1614,.T.);
#3558=EDGE_CURVE('',#2788,#2789,#285,.T.);
#3559=EDGE_CURVE('',#2789,#2786,#1615,.T.);
#3560=EDGE_CURVE('',#2790,#2788,#1616,.T.);
#3561=EDGE_CURVE('',#2791,#2790,#1617,.T.);
#3562=EDGE_CURVE('',#2792,#2791,#1618,.T.);
#3563=EDGE_CURVE('',#2793,#2792,#286,.T.);
#3564=EDGE_CURVE('',#2794,#2793,#1619,.T.);
#3565=EDGE_CURVE('',#2794,#2789,#1620,.T.);
#3566=EDGE_CURVE('',#2787,#2795,#1621,.T.);
#3567=EDGE_CURVE('',#2795,#2790,#1622,.T.);
#3568=EDGE_CURVE('',#2796,#2797,#287,.T.);
#3569=EDGE_CURVE('',#2797,#2798,#1623,.T.);
#3570=EDGE_CURVE('',#2798,#2799,#288,.T.);
#3571=EDGE_CURVE('',#2799,#2796,#1624,.T.);
#3572=EDGE_CURVE('',#2798,#2800,#289,.T.);
#3573=EDGE_CURVE('',#2800,#2801,#290,.T.);
#3574=EDGE_CURVE('',#2801,#2799,#291,.T.);
#3575=EDGE_CURVE('',#2802,#2803,#292,.T.);
#3576=EDGE_CURVE('',#2803,#2801,#1625,.T.);
#3577=EDGE_CURVE('',#2800,#2802,#1626,.T.);
#3578=EDGE_CURVE('',#2804,#2802,#1627,.T.);
#3579=EDGE_CURVE('',#2805,#2804,#1628,.T.);
#3580=EDGE_CURVE('',#2806,#2805,#293,.T.);
#3581=EDGE_CURVE('',#2806,#2807,#1629,.T.);
#3582=EDGE_CURVE('',#2808,#2807,#1630,.T.);
#3583=EDGE_CURVE('',#2803,#2808,#1631,.T.);
#3584=EDGE_CURVE('',#2809,#2800,#1632,.T.);
#3585=EDGE_CURVE('',#2804,#2809,#1633,.T.);
#3586=EDGE_CURVE('',#2798,#2810,#1634,.T.);
#3587=EDGE_CURVE('',#2810,#2809,#294,.F.);
#3588=EDGE_CURVE('',#2811,#2797,#1635,.T.);
#3589=EDGE_CURVE('',#2810,#2811,#1636,.T.);
#3590=EDGE_CURVE('',#2812,#2813,#295,.T.);
#3591=EDGE_CURVE('',#2813,#2814,#1637,.T.);
#3592=EDGE_CURVE('',#2814,#2815,#296,.T.);
#3593=EDGE_CURVE('',#2815,#2812,#1638,.T.);
#3594=EDGE_CURVE('',#2814,#2816,#297,.T.);
#3595=EDGE_CURVE('',#2816,#2817,#298,.T.);
#3596=EDGE_CURVE('',#2817,#2815,#299,.T.);
#3597=EDGE_CURVE('',#2818,#2819,#300,.T.);
#3598=EDGE_CURVE('',#2819,#2817,#1639,.T.);
#3599=EDGE_CURVE('',#2816,#2818,#1640,.T.);
#3600=EDGE_CURVE('',#2820,#2818,#1641,.T.);
#3601=EDGE_CURVE('',#2821,#2820,#1642,.T.);
#3602=EDGE_CURVE('',#2822,#2821,#301,.T.);
#3603=EDGE_CURVE('',#2822,#2823,#1643,.T.);
#3604=EDGE_CURVE('',#2824,#2823,#1644,.T.);
#3605=EDGE_CURVE('',#2819,#2824,#1645,.T.);
#3606=EDGE_CURVE('',#2825,#2816,#1646,.T.);
#3607=EDGE_CURVE('',#2820,#2825,#1647,.T.);
#3608=EDGE_CURVE('',#2814,#2826,#1648,.T.);
#3609=EDGE_CURVE('',#2826,#2825,#302,.F.);
#3610=EDGE_CURVE('',#2827,#2813,#1649,.T.);
#3611=EDGE_CURVE('',#2826,#2827,#1650,.T.);
#3612=EDGE_CURVE('',#2828,#2786,#1651,.T.);
#3613=EDGE_CURVE('',#2829,#2828,#1652,.T.);
#3614=EDGE_CURVE('',#2830,#2829,#303,.T.);
#3615=EDGE_CURVE('',#2830,#2831,#1653,.T.);
#3616=EDGE_CURVE('',#2795,#2831,#1654,.T.);
#3617=EDGE_CURVE('',#2828,#2794,#1655,.T.);
#3618=EDGE_CURVE('',#2799,#2832,#1656,.T.);
#3619=EDGE_CURVE('',#2832,#2833,#1657,.T.);
#3620=EDGE_CURVE('',#2833,#2796,#1658,.T.);
#3621=EDGE_CURVE('',#2801,#2834,#1659,.T.);
#3622=EDGE_CURVE('',#2834,#2832,#304,.T.);
#3623=EDGE_CURVE('',#2808,#2834,#1660,.T.);
#3624=EDGE_CURVE('',#2824,#2835,#1661,.T.);
#3625=EDGE_CURVE('',#2835,#2817,#1662,.T.);
#3626=EDGE_CURVE('',#2835,#2836,#305,.T.);
#3627=EDGE_CURVE('',#2836,#2815,#1663,.T.);
#3628=EDGE_CURVE('',#2836,#2837,#1664,.T.);
#3629=EDGE_CURVE('',#2837,#2812,#1665,.T.);
#3630=EDGE_CURVE('',#2823,#2838,#1666,.T.);
#3631=EDGE_CURVE('',#2839,#2838,#306,.T.);
#3632=EDGE_CURVE('',#2839,#2840,#1667,.T.);
#3633=EDGE_CURVE('',#2840,#2837,#1668,.T.);
#3634=EDGE_CURVE('',#2841,#2842,#1669,.T.);
#3635=EDGE_CURVE('',#2841,#2843,#1670,.T.);
#3636=EDGE_CURVE('',#2844,#2843,#1671,.T.);
#3637=EDGE_CURVE('',#2842,#2844,#1672,.T.);
#3638=EDGE_CURVE('',#2842,#2845,#1673,.T.);
#3639=EDGE_CURVE('',#2846,#2844,#1674,.T.);
#3640=EDGE_CURVE('',#2845,#2846,#1675,.T.);
#3641=EDGE_CURVE('',#2845,#2847,#1676,.T.);
#3642=EDGE_CURVE('',#2848,#2846,#1677,.T.);
#3643=EDGE_CURVE('',#2847,#2848,#1678,.T.);
#3644=EDGE_CURVE('',#2847,#2849,#307,.T.);
#3645=EDGE_CURVE('',#2850,#2848,#308,.T.);
#3646=EDGE_CURVE('',#2849,#2850,#1679,.T.);
#3647=EDGE_CURVE('',#2849,#2851,#1680,.T.);
#3648=EDGE_CURVE('',#2852,#2850,#1681,.T.);
#3649=EDGE_CURVE('',#2851,#2852,#1682,.T.);
#3650=EDGE_CURVE('',#2851,#2841,#309,.T.);
#3651=EDGE_CURVE('',#2843,#2852,#310,.T.);
#3652=EDGE_CURVE('',#2853,#2854,#1683,.T.);
#3653=EDGE_CURVE('',#2854,#2855,#1684,.T.);
#3654=EDGE_CURVE('',#2855,#2856,#311,.T.);
#3655=EDGE_CURVE('',#2856,#2857,#1685,.T.);
#3656=EDGE_CURVE('',#2857,#2858,#312,.T.);
#3657=EDGE_CURVE('',#2858,#2853,#1686,.T.);
#3658=EDGE_CURVE('',#2859,#2860,#313,.T.);
#3659=EDGE_CURVE('',#2860,#2861,#1687,.T.);
#3660=EDGE_CURVE('',#2861,#2862,#314,.T.);
#3661=EDGE_CURVE('',#2862,#2859,#1688,.T.);
#3662=EDGE_CURVE('',#2859,#2863,#315,.T.);
#3663=EDGE_CURVE('',#2863,#2860,#316,.T.);
#3664=EDGE_CURVE('',#2807,#2862,#1689,.T.);
#3665=EDGE_CURVE('',#2859,#2806,#1690,.T.);
#3666=EDGE_CURVE('',#2864,#2865,#317,.T.);
#3667=EDGE_CURVE('',#2865,#2839,#1691,.T.);
#3668=EDGE_CURVE('',#2838,#2864,#1692,.T.);
#3669=EDGE_CURVE('',#2864,#2866,#318,.T.);
#3670=EDGE_CURVE('',#2866,#2865,#319,.T.);
#3671=EDGE_CURVE('',#2864,#2822,#1693,.T.);
#3672=EDGE_CURVE('',#2866,#2867,#1694,.T.);
#3673=EDGE_CURVE('',#2867,#2868,#320,.T.);
#3674=EDGE_CURVE('',#2868,#2865,#1695,.T.);
#3675=EDGE_CURVE('',#2821,#2866,#1696,.T.);
#3676=EDGE_CURVE('',#2869,#2870,#321,.T.);
#3677=EDGE_CURVE('',#2869,#2871,#1697,.T.);
#3678=EDGE_CURVE('',#2872,#2871,#322,.T.);
#3679=EDGE_CURVE('',#2872,#2873,#1698,.T.);
#3680=EDGE_CURVE('',#2873,#2874,#1699,.T.);
#3681=EDGE_CURVE('',#2874,#2870,#1700,.T.);
#3682=EDGE_CURVE('',#2829,#2793,#1701,.T.);
#3683=EDGE_CURVE('',#2827,#2867,#1702,.T.);
#3684=EDGE_CURVE('',#2811,#2875,#1703,.T.);
#3685=EDGE_CURVE('',#2863,#2875,#1704,.T.);
#3686=EDGE_CURVE('',#2805,#2863,#1705,.T.);
#3687=EDGE_CURVE('',#2875,#2876,#323,.T.);
#3688=EDGE_CURVE('',#2876,#2860,#1706,.T.);
#3689=EDGE_CURVE('',#2792,#2830,#1707,.T.);
#3690=EDGE_CURVE('',#2831,#2791,#1708,.T.);
#3691=EDGE_CURVE('',#2868,#2840,#1709,.T.);
#3692=EDGE_CURVE('',#2877,#2833,#1710,.T.);
#3693=EDGE_CURVE('',#2876,#2877,#1711,.T.);
#3694=EDGE_CURVE('',#2861,#2877,#1712,.T.);
#3695=EDGE_CURVE('',#2869,#2857,#1713,.T.);
#3696=EDGE_CURVE('',#2871,#2856,#1714,.T.);
#3697=EDGE_CURVE('',#2872,#2855,#1715,.T.);
#3698=EDGE_CURVE('',#2873,#2854,#1716,.T.);
#3699=EDGE_CURVE('',#2874,#2853,#1717,.T.);
#3700=EDGE_CURVE('',#2870,#2858,#1718,.T.);
#3701=ORIENTED_EDGE('',*,*,#2878,.F.);
#3702=ORIENTED_EDGE('',*,*,#2879,.T.);
#3703=ORIENTED_EDGE('',*,*,#2880,.T.);
#3704=ORIENTED_EDGE('',*,*,#2881,.F.);
#3705=ORIENTED_EDGE('',*,*,#2882,.F.);
#3706=ORIENTED_EDGE('',*,*,#2883,.T.);
#3707=ORIENTED_EDGE('',*,*,#2884,.T.);
#3708=ORIENTED_EDGE('',*,*,#2879,.F.);
#3709=ORIENTED_EDGE('',*,*,#2885,.F.);
#3710=ORIENTED_EDGE('',*,*,#2886,.T.);
#3711=ORIENTED_EDGE('',*,*,#2887,.T.);
#3712=ORIENTED_EDGE('',*,*,#2883,.F.);
#3713=ORIENTED_EDGE('',*,*,#2888,.F.);
#3714=ORIENTED_EDGE('',*,*,#2889,.T.);
#3715=ORIENTED_EDGE('',*,*,#2890,.T.);
#3716=ORIENTED_EDGE('',*,*,#2886,.F.);
#3717=ORIENTED_EDGE('',*,*,#2891,.F.);
#3718=ORIENTED_EDGE('',*,*,#2892,.T.);
#3719=ORIENTED_EDGE('',*,*,#2893,.T.);
#3720=ORIENTED_EDGE('',*,*,#2889,.F.);
#3721=ORIENTED_EDGE('',*,*,#2894,.F.);
#3722=ORIENTED_EDGE('',*,*,#2895,.T.);
#3723=ORIENTED_EDGE('',*,*,#2896,.T.);
#3724=ORIENTED_EDGE('',*,*,#2892,.F.);
#3725=ORIENTED_EDGE('',*,*,#2897,.F.);
#3726=ORIENTED_EDGE('',*,*,#2898,.T.);
#3727=ORIENTED_EDGE('',*,*,#2899,.T.);
#3728=ORIENTED_EDGE('',*,*,#2895,.F.);
#3729=ORIENTED_EDGE('',*,*,#2900,.F.);
#3730=ORIENTED_EDGE('',*,*,#2881,.T.);
#3731=ORIENTED_EDGE('',*,*,#2901,.T.);
#3732=ORIENTED_EDGE('',*,*,#2898,.F.);
#3733=ORIENTED_EDGE('',*,*,#2902,.F.);
#3734=ORIENTED_EDGE('',*,*,#2903,.T.);
#3735=ORIENTED_EDGE('',*,*,#2904,.T.);
#3736=ORIENTED_EDGE('',*,*,#2905,.F.);
#3737=ORIENTED_EDGE('',*,*,#2906,.F.);
#3738=ORIENTED_EDGE('',*,*,#2907,.T.);
#3739=ORIENTED_EDGE('',*,*,#2908,.T.);
#3740=ORIENTED_EDGE('',*,*,#2903,.F.);
#3741=ORIENTED_EDGE('',*,*,#2909,.F.);
#3742=ORIENTED_EDGE('',*,*,#2910,.T.);
#3743=ORIENTED_EDGE('',*,*,#2911,.T.);
#3744=ORIENTED_EDGE('',*,*,#2907,.F.);
#3745=ORIENTED_EDGE('',*,*,#2912,.F.);
#3746=ORIENTED_EDGE('',*,*,#2913,.T.);
#3747=ORIENTED_EDGE('',*,*,#2914,.T.);
#3748=ORIENTED_EDGE('',*,*,#2910,.F.);
#3749=ORIENTED_EDGE('',*,*,#2915,.F.);
#3750=ORIENTED_EDGE('',*,*,#2916,.T.);
#3751=ORIENTED_EDGE('',*,*,#2917,.T.);
#3752=ORIENTED_EDGE('',*,*,#2913,.F.);
#3753=ORIENTED_EDGE('',*,*,#2918,.F.);
#3754=ORIENTED_EDGE('',*,*,#2919,.T.);
#3755=ORIENTED_EDGE('',*,*,#2920,.T.);
#3756=ORIENTED_EDGE('',*,*,#2916,.F.);
#3757=ORIENTED_EDGE('',*,*,#2921,.F.);
#3758=ORIENTED_EDGE('',*,*,#2922,.T.);
#3759=ORIENTED_EDGE('',*,*,#2923,.T.);
#3760=ORIENTED_EDGE('',*,*,#2919,.F.);
#3761=ORIENTED_EDGE('',*,*,#2924,.F.);
#3762=ORIENTED_EDGE('',*,*,#2905,.T.);
#3763=ORIENTED_EDGE('',*,*,#2925,.T.);
#3764=ORIENTED_EDGE('',*,*,#2922,.F.);
#3765=ORIENTED_EDGE('',*,*,#2926,.F.);
#3766=ORIENTED_EDGE('',*,*,#2927,.T.);
#3767=ORIENTED_EDGE('',*,*,#2928,.T.);
#3768=ORIENTED_EDGE('',*,*,#2929,.F.);
#3769=ORIENTED_EDGE('',*,*,#2930,.F.);
#3770=ORIENTED_EDGE('',*,*,#2931,.T.);
#3771=ORIENTED_EDGE('',*,*,#2932,.T.);
#3772=ORIENTED_EDGE('',*,*,#2927,.F.);
#3773=ORIENTED_EDGE('',*,*,#2933,.F.);
#3774=ORIENTED_EDGE('',*,*,#2934,.T.);
#3775=ORIENTED_EDGE('',*,*,#2935,.T.);
#3776=ORIENTED_EDGE('',*,*,#2931,.F.);
#3777=ORIENTED_EDGE('',*,*,#2936,.F.);
#3778=ORIENTED_EDGE('',*,*,#2937,.T.);
#3779=ORIENTED_EDGE('',*,*,#2938,.T.);
#3780=ORIENTED_EDGE('',*,*,#2934,.F.);
#3781=ORIENTED_EDGE('',*,*,#2939,.F.);
#3782=ORIENTED_EDGE('',*,*,#2940,.T.);
#3783=ORIENTED_EDGE('',*,*,#2941,.T.);
#3784=ORIENTED_EDGE('',*,*,#2937,.F.);
#3785=ORIENTED_EDGE('',*,*,#2942,.F.);
#3786=ORIENTED_EDGE('',*,*,#2943,.T.);
#3787=ORIENTED_EDGE('',*,*,#2944,.T.);
#3788=ORIENTED_EDGE('',*,*,#2940,.F.);
#3789=ORIENTED_EDGE('',*,*,#2945,.F.);
#3790=ORIENTED_EDGE('',*,*,#2946,.T.);
#3791=ORIENTED_EDGE('',*,*,#2947,.T.);
#3792=ORIENTED_EDGE('',*,*,#2943,.F.);
#3793=ORIENTED_EDGE('',*,*,#2948,.F.);
#3794=ORIENTED_EDGE('',*,*,#2949,.T.);
#3795=ORIENTED_EDGE('',*,*,#2950,.T.);
#3796=ORIENTED_EDGE('',*,*,#2946,.F.);
#3797=ORIENTED_EDGE('',*,*,#2951,.F.);
#3798=ORIENTED_EDGE('',*,*,#2952,.T.);
#3799=ORIENTED_EDGE('',*,*,#2953,.T.);
#3800=ORIENTED_EDGE('',*,*,#2949,.F.);
#3801=ORIENTED_EDGE('',*,*,#2954,.F.);
#3802=ORIENTED_EDGE('',*,*,#2955,.T.);
#3803=ORIENTED_EDGE('',*,*,#2956,.T.);
#3804=ORIENTED_EDGE('',*,*,#2952,.F.);
#3805=ORIENTED_EDGE('',*,*,#2957,.F.);
#3806=ORIENTED_EDGE('',*,*,#2958,.T.);
#3807=ORIENTED_EDGE('',*,*,#2959,.T.);
#3808=ORIENTED_EDGE('',*,*,#2955,.F.);
#3809=ORIENTED_EDGE('',*,*,#2960,.F.);
#3810=ORIENTED_EDGE('',*,*,#2961,.T.);
#3811=ORIENTED_EDGE('',*,*,#2962,.T.);
#3812=ORIENTED_EDGE('',*,*,#2958,.F.);
#3813=ORIENTED_EDGE('',*,*,#2963,.F.);
#3814=ORIENTED_EDGE('',*,*,#2964,.T.);
#3815=ORIENTED_EDGE('',*,*,#2965,.T.);
#3816=ORIENTED_EDGE('',*,*,#2961,.F.);
#3817=ORIENTED_EDGE('',*,*,#2966,.F.);
#3818=ORIENTED_EDGE('',*,*,#2967,.T.);
#3819=ORIENTED_EDGE('',*,*,#2968,.T.);
#3820=ORIENTED_EDGE('',*,*,#2964,.F.);
#3821=ORIENTED_EDGE('',*,*,#2969,.F.);
#3822=ORIENTED_EDGE('',*,*,#2970,.T.);
#3823=ORIENTED_EDGE('',*,*,#2971,.T.);
#3824=ORIENTED_EDGE('',*,*,#2967,.F.);
#3825=ORIENTED_EDGE('',*,*,#2972,.F.);
#3826=ORIENTED_EDGE('',*,*,#2929,.T.);
#3827=ORIENTED_EDGE('',*,*,#2973,.T.);
#3828=ORIENTED_EDGE('',*,*,#2970,.F.);
#3829=ORIENTED_EDGE('',*,*,#2973,.F.);
#3830=ORIENTED_EDGE('',*,*,#2928,.F.);
#3831=ORIENTED_EDGE('',*,*,#2932,.F.);
#3832=ORIENTED_EDGE('',*,*,#2935,.F.);
#3833=ORIENTED_EDGE('',*,*,#2938,.F.);
#3834=ORIENTED_EDGE('',*,*,#2941,.F.);
#3835=ORIENTED_EDGE('',*,*,#2944,.F.);
#3836=ORIENTED_EDGE('',*,*,#2947,.F.);
#3837=ORIENTED_EDGE('',*,*,#2950,.F.);
#3838=ORIENTED_EDGE('',*,*,#2953,.F.);
#3839=ORIENTED_EDGE('',*,*,#2956,.F.);
#3840=ORIENTED_EDGE('',*,*,#2959,.F.);
#3841=ORIENTED_EDGE('',*,*,#2962,.F.);
#3842=ORIENTED_EDGE('',*,*,#2965,.F.);
#3843=ORIENTED_EDGE('',*,*,#2968,.F.);
#3844=ORIENTED_EDGE('',*,*,#2971,.F.);
#3845=ORIENTED_EDGE('',*,*,#2925,.F.);
#3846=ORIENTED_EDGE('',*,*,#2904,.F.);
#3847=ORIENTED_EDGE('',*,*,#2908,.F.);
#3848=ORIENTED_EDGE('',*,*,#2911,.F.);
#3849=ORIENTED_EDGE('',*,*,#2914,.F.);
#3850=ORIENTED_EDGE('',*,*,#2917,.F.);
#3851=ORIENTED_EDGE('',*,*,#2920,.F.);
#3852=ORIENTED_EDGE('',*,*,#2923,.F.);
#3853=ORIENTED_EDGE('',*,*,#2901,.F.);
#3854=ORIENTED_EDGE('',*,*,#2880,.F.);
#3855=ORIENTED_EDGE('',*,*,#2884,.F.);
#3856=ORIENTED_EDGE('',*,*,#2887,.F.);
#3857=ORIENTED_EDGE('',*,*,#2890,.F.);
#3858=ORIENTED_EDGE('',*,*,#2893,.F.);
#3859=ORIENTED_EDGE('',*,*,#2896,.F.);
#3860=ORIENTED_EDGE('',*,*,#2899,.F.);
#3861=ORIENTED_EDGE('',*,*,#2974,.F.);
#3862=ORIENTED_EDGE('',*,*,#2975,.F.);
#3863=ORIENTED_EDGE('',*,*,#2976,.T.);
#3864=ORIENTED_EDGE('',*,*,#2977,.F.);
#3865=ORIENTED_EDGE('',*,*,#2926,.T.);
#3866=ORIENTED_EDGE('',*,*,#2972,.T.);
#3867=ORIENTED_EDGE('',*,*,#2969,.T.);
#3868=ORIENTED_EDGE('',*,*,#2966,.T.);
#3869=ORIENTED_EDGE('',*,*,#2963,.T.);
#3870=ORIENTED_EDGE('',*,*,#2960,.T.);
#3871=ORIENTED_EDGE('',*,*,#2957,.T.);
#3872=ORIENTED_EDGE('',*,*,#2954,.T.);
#3873=ORIENTED_EDGE('',*,*,#2951,.T.);
#3874=ORIENTED_EDGE('',*,*,#2948,.T.);
#3875=ORIENTED_EDGE('',*,*,#2945,.T.);
#3876=ORIENTED_EDGE('',*,*,#2942,.T.);
#3877=ORIENTED_EDGE('',*,*,#2939,.T.);
#3878=ORIENTED_EDGE('',*,*,#2936,.T.);
#3879=ORIENTED_EDGE('',*,*,#2933,.T.);
#3880=ORIENTED_EDGE('',*,*,#2930,.T.);
#3881=ORIENTED_EDGE('',*,*,#2978,.T.);
#3882=ORIENTED_EDGE('',*,*,#2979,.T.);
#3883=ORIENTED_EDGE('',*,*,#2902,.T.);
#3884=ORIENTED_EDGE('',*,*,#2924,.T.);
#3885=ORIENTED_EDGE('',*,*,#2921,.T.);
#3886=ORIENTED_EDGE('',*,*,#2918,.T.);
#3887=ORIENTED_EDGE('',*,*,#2915,.T.);
#3888=ORIENTED_EDGE('',*,*,#2912,.T.);
#3889=ORIENTED_EDGE('',*,*,#2909,.T.);
#3890=ORIENTED_EDGE('',*,*,#2906,.T.);
#3891=ORIENTED_EDGE('',*,*,#2980,.T.);
#3892=ORIENTED_EDGE('',*,*,#2981,.T.);
#3893=ORIENTED_EDGE('',*,*,#2982,.T.);
#3894=ORIENTED_EDGE('',*,*,#2983,.T.);
#3895=ORIENTED_EDGE('',*,*,#2981,.F.);
#3896=ORIENTED_EDGE('',*,*,#2984,.F.);
#3897=ORIENTED_EDGE('',*,*,#2985,.F.);
#3898=ORIENTED_EDGE('',*,*,#2986,.F.);
#3899=ORIENTED_EDGE('',*,*,#2987,.T.);
#3900=ORIENTED_EDGE('',*,*,#2988,.T.);
#3901=ORIENTED_EDGE('',*,*,#2989,.T.);
#3902=ORIENTED_EDGE('',*,*,#2990,.T.);
#3903=ORIENTED_EDGE('',*,*,#2983,.F.);
#3904=ORIENTED_EDGE('',*,*,#2991,.F.);
#3905=ORIENTED_EDGE('',*,*,#2988,.F.);
#3906=ORIENTED_EDGE('',*,*,#2992,.F.);
#3907=ORIENTED_EDGE('',*,*,#2993,.T.);
#3908=ORIENTED_EDGE('',*,*,#2994,.T.);
#3909=ORIENTED_EDGE('',*,*,#2995,.T.);
#3910=ORIENTED_EDGE('',*,*,#2985,.T.);
#3911=ORIENTED_EDGE('',*,*,#2994,.F.);
#3912=ORIENTED_EDGE('',*,*,#2996,.F.);
#3913=ORIENTED_EDGE('',*,*,#2997,.F.);
#3914=ORIENTED_EDGE('',*,*,#2998,.F.);
#3915=ORIENTED_EDGE('',*,*,#2999,.T.);
#3916=ORIENTED_EDGE('',*,*,#3000,.T.);
#3917=ORIENTED_EDGE('',*,*,#3001,.T.);
#3918=ORIENTED_EDGE('',*,*,#2997,.T.);
#3919=ORIENTED_EDGE('',*,*,#2990,.F.);
#3920=ORIENTED_EDGE('',*,*,#3002,.F.);
#3921=ORIENTED_EDGE('',*,*,#3000,.F.);
#3922=ORIENTED_EDGE('',*,*,#3003,.F.);
#3923=ORIENTED_EDGE('',*,*,#3004,.F.);
#3924=ORIENTED_EDGE('',*,*,#3005,.T.);
#3925=ORIENTED_EDGE('',*,*,#2978,.F.);
#3926=ORIENTED_EDGE('',*,*,#3005,.F.);
#3927=ORIENTED_EDGE('',*,*,#3006,.F.);
#3928=ORIENTED_EDGE('',*,*,#3007,.T.);
#3929=ORIENTED_EDGE('',*,*,#3008,.F.);
#3930=ORIENTED_EDGE('',*,*,#3007,.F.);
#3931=ORIENTED_EDGE('',*,*,#3009,.F.);
#3932=ORIENTED_EDGE('',*,*,#3010,.T.);
#3933=ORIENTED_EDGE('',*,*,#2979,.F.);
#3934=ORIENTED_EDGE('',*,*,#3010,.F.);
#3935=ORIENTED_EDGE('',*,*,#3011,.F.);
#3936=ORIENTED_EDGE('',*,*,#3012,.T.);
#3937=ORIENTED_EDGE('',*,*,#3013,.F.);
#3938=ORIENTED_EDGE('',*,*,#3012,.F.);
#3939=ORIENTED_EDGE('',*,*,#3014,.F.);
#3940=ORIENTED_EDGE('',*,*,#3015,.F.);
#3941=ORIENTED_EDGE('',*,*,#3016,.F.);
#3942=ORIENTED_EDGE('',*,*,#3017,.F.);
#3943=ORIENTED_EDGE('',*,*,#3018,.F.);
#3944=ORIENTED_EDGE('',*,*,#3019,.F.);
#3945=ORIENTED_EDGE('',*,*,#3020,.F.);
#3946=ORIENTED_EDGE('',*,*,#3021,.F.);
#3947=ORIENTED_EDGE('',*,*,#3022,.T.);
#3948=ORIENTED_EDGE('',*,*,#3023,.T.);
#3949=ORIENTED_EDGE('',*,*,#3024,.T.);
#3950=ORIENTED_EDGE('',*,*,#3020,.T.);
#3951=ORIENTED_EDGE('',*,*,#3023,.F.);
#3952=ORIENTED_EDGE('',*,*,#3025,.F.);
#3953=ORIENTED_EDGE('',*,*,#3026,.F.);
#3954=ORIENTED_EDGE('',*,*,#3027,.F.);
#3955=ORIENTED_EDGE('',*,*,#3028,.T.);
#3956=ORIENTED_EDGE('',*,*,#3029,.T.);
#3957=ORIENTED_EDGE('',*,*,#3030,.T.);
#3958=ORIENTED_EDGE('',*,*,#3016,.T.);
#3959=ORIENTED_EDGE('',*,*,#3029,.F.);
#3960=ORIENTED_EDGE('',*,*,#3031,.F.);
#3961=ORIENTED_EDGE('',*,*,#3032,.F.);
#3962=ORIENTED_EDGE('',*,*,#3033,.F.);
#3963=ORIENTED_EDGE('',*,*,#3034,.T.);
#3964=ORIENTED_EDGE('',*,*,#3014,.T.);
#3965=ORIENTED_EDGE('',*,*,#3035,.T.);
#3966=ORIENTED_EDGE('',*,*,#3032,.T.);
#3967=ORIENTED_EDGE('',*,*,#3036,.T.);
#3968=ORIENTED_EDGE('',*,*,#3018,.T.);
#3969=ORIENTED_EDGE('',*,*,#3037,.T.);
#3970=ORIENTED_EDGE('',*,*,#3026,.T.);
#3971=ORIENTED_EDGE('',*,*,#3038,.T.);
#3972=ORIENTED_EDGE('',*,*,#3039,.T.);
#3973=ORIENTED_EDGE('',*,*,#3040,.T.);
#3974=ORIENTED_EDGE('',*,*,#3041,.T.);
#3975=ORIENTED_EDGE('',*,*,#3042,.T.);
#3976=ORIENTED_EDGE('',*,*,#3038,.F.);
#3977=ORIENTED_EDGE('',*,*,#3043,.T.);
#3978=ORIENTED_EDGE('',*,*,#3041,.F.);
#3979=ORIENTED_EDGE('',*,*,#3044,.T.);
#3980=ORIENTED_EDGE('',*,*,#3042,.F.);
#3981=ORIENTED_EDGE('',*,*,#3045,.F.);
#3982=ORIENTED_EDGE('',*,*,#3046,.F.);
#3983=ORIENTED_EDGE('',*,*,#3047,.F.);
#3984=ORIENTED_EDGE('',*,*,#3048,.T.);
#3985=ORIENTED_EDGE('',*,*,#3049,.F.);
#3986=ORIENTED_EDGE('',*,*,#3050,.F.);
#3987=ORIENTED_EDGE('',*,*,#3051,.F.);
#3988=ORIENTED_EDGE('',*,*,#3052,.F.);
#3989=ORIENTED_EDGE('',*,*,#3053,.T.);
#3990=ORIENTED_EDGE('',*,*,#3054,.T.);
#3991=ORIENTED_EDGE('',*,*,#3055,.T.);
#3992=ORIENTED_EDGE('',*,*,#3056,.T.);
#3993=ORIENTED_EDGE('',*,*,#3057,.T.);
#3994=ORIENTED_EDGE('',*,*,#3058,.T.);
#3995=ORIENTED_EDGE('',*,*,#3059,.T.);
#3996=ORIENTED_EDGE('',*,*,#3060,.T.);
#3997=ORIENTED_EDGE('',*,*,#3061,.T.);
#3998=ORIENTED_EDGE('',*,*,#3062,.T.);
#3999=ORIENTED_EDGE('',*,*,#3039,.F.);
#4000=ORIENTED_EDGE('',*,*,#3044,.F.);
#4001=ORIENTED_EDGE('',*,*,#3040,.F.);
#4002=ORIENTED_EDGE('',*,*,#3062,.F.);
#4003=ORIENTED_EDGE('',*,*,#3063,.T.);
#4004=ORIENTED_EDGE('',*,*,#3064,.T.);
#4005=ORIENTED_EDGE('',*,*,#3065,.T.);
#4006=ORIENTED_EDGE('',*,*,#3052,.T.);
#4007=ORIENTED_EDGE('',*,*,#3065,.F.);
#4008=ORIENTED_EDGE('',*,*,#3066,.T.);
#4009=ORIENTED_EDGE('',*,*,#3067,.T.);
#4010=ORIENTED_EDGE('',*,*,#3063,.F.);
#4011=ORIENTED_EDGE('',*,*,#3064,.F.);
#4012=ORIENTED_EDGE('',*,*,#3067,.F.);
#4013=ORIENTED_EDGE('',*,*,#3061,.F.);
#4014=ORIENTED_EDGE('',*,*,#3066,.F.);
#4015=ORIENTED_EDGE('',*,*,#3068,.T.);
#4016=ORIENTED_EDGE('',*,*,#3069,.T.);
#4017=ORIENTED_EDGE('',*,*,#3070,.T.);
#4018=ORIENTED_EDGE('',*,*,#3071,.T.);
#4019=ORIENTED_EDGE('',*,*,#3069,.F.);
#4020=ORIENTED_EDGE('',*,*,#3072,.T.);
#4021=ORIENTED_EDGE('',*,*,#3073,.F.);
#4022=ORIENTED_EDGE('',*,*,#3074,.F.);
#4023=ORIENTED_EDGE('',*,*,#3075,.F.);
#4024=ORIENTED_EDGE('',*,*,#3076,.F.);
#4025=ORIENTED_EDGE('',*,*,#3077,.F.);
#4026=ORIENTED_EDGE('',*,*,#3078,.T.);
#4027=ORIENTED_EDGE('',*,*,#3079,.F.);
#4028=ORIENTED_EDGE('',*,*,#3080,.T.);
#4029=ORIENTED_EDGE('',*,*,#3081,.T.);
#4030=ORIENTED_EDGE('',*,*,#3082,.T.);
#4031=ORIENTED_EDGE('',*,*,#3083,.F.);
#4032=ORIENTED_EDGE('',*,*,#3084,.T.);
#4033=ORIENTED_EDGE('',*,*,#3085,.F.);
#4034=ORIENTED_EDGE('',*,*,#3086,.T.);
#4035=ORIENTED_EDGE('',*,*,#3087,.T.);
#4036=ORIENTED_EDGE('',*,*,#3088,.T.);
#4037=ORIENTED_EDGE('',*,*,#3089,.F.);
#4038=ORIENTED_EDGE('',*,*,#3090,.T.);
#4039=ORIENTED_EDGE('',*,*,#3091,.F.);
#4040=ORIENTED_EDGE('',*,*,#3092,.T.);
#4041=ORIENTED_EDGE('',*,*,#3093,.T.);
#4042=ORIENTED_EDGE('',*,*,#3094,.T.);
#4043=ORIENTED_EDGE('',*,*,#3095,.F.);
#4044=ORIENTED_EDGE('',*,*,#3096,.T.);
#4045=ORIENTED_EDGE('',*,*,#3097,.T.);
#4046=ORIENTED_EDGE('',*,*,#3098,.T.);
#4047=ORIENTED_EDGE('',*,*,#3099,.T.);
#4048=ORIENTED_EDGE('',*,*,#3079,.T.);
#4049=ORIENTED_EDGE('',*,*,#3100,.T.);
#4050=ORIENTED_EDGE('',*,*,#3101,.T.);
#4051=ORIENTED_EDGE('',*,*,#3102,.T.);
#4052=ORIENTED_EDGE('',*,*,#3091,.T.);
#4053=ORIENTED_EDGE('',*,*,#3103,.T.);
#4054=ORIENTED_EDGE('',*,*,#3104,.T.);
#4055=ORIENTED_EDGE('',*,*,#3105,.T.);
#4056=ORIENTED_EDGE('',*,*,#3089,.T.);
#4057=ORIENTED_EDGE('',*,*,#3106,.T.);
#4058=ORIENTED_EDGE('',*,*,#3107,.T.);
#4059=ORIENTED_EDGE('',*,*,#3108,.T.);
#4060=ORIENTED_EDGE('',*,*,#3085,.T.);
#4061=ORIENTED_EDGE('',*,*,#3109,.T.);
#4062=ORIENTED_EDGE('',*,*,#3110,.T.);
#4063=ORIENTED_EDGE('',*,*,#3111,.T.);
#4064=ORIENTED_EDGE('',*,*,#3083,.T.);
#4065=ORIENTED_EDGE('',*,*,#3112,.T.);
#4066=ORIENTED_EDGE('',*,*,#3113,.T.);
#4067=ORIENTED_EDGE('',*,*,#3114,.T.);
#4068=ORIENTED_EDGE('',*,*,#3115,.T.);
#4069=ORIENTED_EDGE('',*,*,#3116,.T.);
#4070=ORIENTED_EDGE('',*,*,#3117,.T.);
#4071=ORIENTED_EDGE('',*,*,#3115,.F.);
#4072=ORIENTED_EDGE('',*,*,#3118,.T.);
#4073=ORIENTED_EDGE('',*,*,#3119,.T.);
#4074=ORIENTED_EDGE('',*,*,#3120,.T.);
#4075=ORIENTED_EDGE('',*,*,#3121,.F.);
#4076=ORIENTED_EDGE('',*,*,#3122,.T.);
#4077=ORIENTED_EDGE('',*,*,#3123,.T.);
#4078=ORIENTED_EDGE('',*,*,#3124,.F.);
#4079=ORIENTED_EDGE('',*,*,#3125,.T.);
#4080=ORIENTED_EDGE('',*,*,#3126,.T.);
#4081=ORIENTED_EDGE('',*,*,#3127,.T.);
#4082=ORIENTED_EDGE('',*,*,#3128,.T.);
#4083=ORIENTED_EDGE('',*,*,#3126,.F.);
#4084=ORIENTED_EDGE('',*,*,#3129,.T.);
#4085=ORIENTED_EDGE('',*,*,#3130,.T.);
#4086=ORIENTED_EDGE('',*,*,#3131,.T.);
#4087=ORIENTED_EDGE('',*,*,#3132,.F.);
#4088=ORIENTED_EDGE('',*,*,#3133,.T.);
#4089=ORIENTED_EDGE('',*,*,#3134,.T.);
#4090=ORIENTED_EDGE('',*,*,#3135,.F.);
#4091=ORIENTED_EDGE('',*,*,#3136,.T.);
#4092=ORIENTED_EDGE('',*,*,#3137,.T.);
#4093=ORIENTED_EDGE('',*,*,#3138,.T.);
#4094=ORIENTED_EDGE('',*,*,#3139,.T.);
#4095=ORIENTED_EDGE('',*,*,#3137,.F.);
#4096=ORIENTED_EDGE('',*,*,#3140,.F.);
#4097=ORIENTED_EDGE('',*,*,#3141,.F.);
#4098=ORIENTED_EDGE('',*,*,#3142,.F.);
#4099=ORIENTED_EDGE('',*,*,#3143,.T.);
#4100=ORIENTED_EDGE('',*,*,#3144,.T.);
#4101=ORIENTED_EDGE('',*,*,#3145,.T.);
#4102=ORIENTED_EDGE('',*,*,#3146,.T.);
#4103=ORIENTED_EDGE('',*,*,#3144,.F.);
#4104=ORIENTED_EDGE('',*,*,#3147,.T.);
#4105=ORIENTED_EDGE('',*,*,#3148,.F.);
#4106=ORIENTED_EDGE('',*,*,#3149,.T.);
#4107=ORIENTED_EDGE('',*,*,#3143,.F.);
#4108=ORIENTED_EDGE('',*,*,#3150,.F.);
#4109=ORIENTED_EDGE('',*,*,#3140,.T.);
#4110=ORIENTED_EDGE('',*,*,#3136,.F.);
#4111=ORIENTED_EDGE('',*,*,#3151,.T.);
#4112=ORIENTED_EDGE('',*,*,#3152,.F.);
#4113=ORIENTED_EDGE('',*,*,#3153,.T.);
#4114=ORIENTED_EDGE('',*,*,#3154,.F.);
#4115=ORIENTED_EDGE('',*,*,#3155,.F.);
#4116=ORIENTED_EDGE('',*,*,#3156,.F.);
#4117=ORIENTED_EDGE('',*,*,#3157,.F.);
#4118=ORIENTED_EDGE('',*,*,#3131,.F.);
#4119=ORIENTED_EDGE('',*,*,#3158,.F.);
#4120=ORIENTED_EDGE('',*,*,#3159,.T.);
#4121=ORIENTED_EDGE('',*,*,#3160,.T.);
#4122=ORIENTED_EDGE('',*,*,#3161,.F.);
#4123=ORIENTED_EDGE('',*,*,#3162,.F.);
#4124=ORIENTED_EDGE('',*,*,#3163,.F.);
#4125=ORIENTED_EDGE('',*,*,#3147,.F.);
#4126=ORIENTED_EDGE('',*,*,#3164,.T.);
#4127=ORIENTED_EDGE('',*,*,#3148,.T.);
#4128=ORIENTED_EDGE('',*,*,#3163,.T.);
#4129=ORIENTED_EDGE('',*,*,#3165,.F.);
#4130=ORIENTED_EDGE('',*,*,#3166,.T.);
#4131=ORIENTED_EDGE('',*,*,#3167,.T.);
#4132=ORIENTED_EDGE('',*,*,#3152,.T.);
#4133=ORIENTED_EDGE('',*,*,#3168,.T.);
#4134=ORIENTED_EDGE('',*,*,#3167,.F.);
#4135=ORIENTED_EDGE('',*,*,#3169,.F.);
#4136=ORIENTED_EDGE('',*,*,#3170,.F.);
#4137=ORIENTED_EDGE('',*,*,#3153,.F.);
#4138=ORIENTED_EDGE('',*,*,#3161,.T.);
#4139=ORIENTED_EDGE('',*,*,#3171,.T.);
#4140=ORIENTED_EDGE('',*,*,#3172,.T.);
#4141=ORIENTED_EDGE('',*,*,#3173,.T.);
#4142=ORIENTED_EDGE('',*,*,#3171,.F.);
#4143=ORIENTED_EDGE('',*,*,#3160,.F.);
#4144=ORIENTED_EDGE('',*,*,#3174,.F.);
#4145=ORIENTED_EDGE('',*,*,#3175,.F.);
#4146=ORIENTED_EDGE('',*,*,#3176,.T.);
#4147=ORIENTED_EDGE('',*,*,#3177,.T.);
#4148=ORIENTED_EDGE('',*,*,#3178,.T.);
#4149=ORIENTED_EDGE('',*,*,#3179,.T.);
#4150=ORIENTED_EDGE('',*,*,#3177,.F.);
#4151=ORIENTED_EDGE('',*,*,#3180,.F.);
#4152=ORIENTED_EDGE('',*,*,#3181,.F.);
#4153=ORIENTED_EDGE('',*,*,#3182,.F.);
#4154=ORIENTED_EDGE('',*,*,#3183,.T.);
#4155=ORIENTED_EDGE('',*,*,#3184,.T.);
#4156=ORIENTED_EDGE('',*,*,#3185,.T.);
#4157=ORIENTED_EDGE('',*,*,#3181,.T.);
#4158=ORIENTED_EDGE('',*,*,#3184,.F.);
#4159=ORIENTED_EDGE('',*,*,#3186,.F.);
#4160=ORIENTED_EDGE('',*,*,#3187,.F.);
#4161=ORIENTED_EDGE('',*,*,#3188,.F.);
#4162=ORIENTED_EDGE('',*,*,#3189,.T.);
#4163=ORIENTED_EDGE('',*,*,#3190,.T.);
#4164=ORIENTED_EDGE('',*,*,#3191,.T.);
#4165=ORIENTED_EDGE('',*,*,#3192,.T.);
#4166=ORIENTED_EDGE('',*,*,#3190,.F.);
#4167=ORIENTED_EDGE('',*,*,#3193,.T.);
#4168=ORIENTED_EDGE('',*,*,#3194,.F.);
#4169=ORIENTED_EDGE('',*,*,#3195,.T.);
#4170=ORIENTED_EDGE('',*,*,#3189,.F.);
#4171=ORIENTED_EDGE('',*,*,#3196,.F.);
#4172=ORIENTED_EDGE('',*,*,#3186,.T.);
#4173=ORIENTED_EDGE('',*,*,#3183,.F.);
#4174=ORIENTED_EDGE('',*,*,#3180,.T.);
#4175=ORIENTED_EDGE('',*,*,#3176,.F.);
#4176=ORIENTED_EDGE('',*,*,#3197,.T.);
#4177=ORIENTED_EDGE('',*,*,#3198,.F.);
#4178=ORIENTED_EDGE('',*,*,#3199,.F.);
#4179=ORIENTED_EDGE('',*,*,#3200,.F.);
#4180=ORIENTED_EDGE('',*,*,#3201,.F.);
#4181=ORIENTED_EDGE('',*,*,#3120,.F.);
#4182=ORIENTED_EDGE('',*,*,#3202,.F.);
#4183=ORIENTED_EDGE('',*,*,#3203,.T.);
#4184=ORIENTED_EDGE('',*,*,#3204,.T.);
#4185=ORIENTED_EDGE('',*,*,#3205,.F.);
#4186=ORIENTED_EDGE('',*,*,#3206,.F.);
#4187=ORIENTED_EDGE('',*,*,#3207,.F.);
#4188=ORIENTED_EDGE('',*,*,#3193,.F.);
#4189=ORIENTED_EDGE('',*,*,#3205,.T.);
#4190=ORIENTED_EDGE('',*,*,#3208,.T.);
#4191=ORIENTED_EDGE('',*,*,#3209,.T.);
#4192=ORIENTED_EDGE('',*,*,#3210,.T.);
#4193=ORIENTED_EDGE('',*,*,#3208,.F.);
#4194=ORIENTED_EDGE('',*,*,#3204,.F.);
#4195=ORIENTED_EDGE('',*,*,#3211,.F.);
#4196=ORIENTED_EDGE('',*,*,#3212,.F.);
#4197=ORIENTED_EDGE('',*,*,#3213,.T.);
#4198=ORIENTED_EDGE('',*,*,#3194,.T.);
#4199=ORIENTED_EDGE('',*,*,#3207,.T.);
#4200=ORIENTED_EDGE('',*,*,#3214,.F.);
#4201=ORIENTED_EDGE('',*,*,#3191,.F.);
#4202=ORIENTED_EDGE('',*,*,#3195,.F.);
#4203=ORIENTED_EDGE('',*,*,#3213,.F.);
#4204=ORIENTED_EDGE('',*,*,#3215,.F.);
#4205=ORIENTED_EDGE('',*,*,#3209,.F.);
#4206=ORIENTED_EDGE('',*,*,#3212,.T.);
#4207=ORIENTED_EDGE('',*,*,#3216,.F.);
#4208=ORIENTED_EDGE('',*,*,#3217,.T.);
#4209=ORIENTED_EDGE('',*,*,#3122,.F.);
#4210=ORIENTED_EDGE('',*,*,#3218,.F.);
#4211=ORIENTED_EDGE('',*,*,#3219,.F.);
#4212=ORIENTED_EDGE('',*,*,#3220,.F.);
#4213=ORIENTED_EDGE('',*,*,#3221,.F.);
#4214=ORIENTED_EDGE('',*,*,#3222,.T.);
#4215=ORIENTED_EDGE('',*,*,#3178,.F.);
#4216=ORIENTED_EDGE('',*,*,#3182,.T.);
#4217=ORIENTED_EDGE('',*,*,#3185,.F.);
#4218=ORIENTED_EDGE('',*,*,#3188,.T.);
#4219=ORIENTED_EDGE('',*,*,#3223,.T.);
#4220=ORIENTED_EDGE('',*,*,#3157,.T.);
#4221=ORIENTED_EDGE('',*,*,#3224,.T.);
#4222=ORIENTED_EDGE('',*,*,#3225,.T.);
#4223=ORIENTED_EDGE('',*,*,#3132,.T.);
#4224=ORIENTED_EDGE('',*,*,#3224,.F.);
#4225=ORIENTED_EDGE('',*,*,#3156,.T.);
#4226=ORIENTED_EDGE('',*,*,#3226,.F.);
#4227=ORIENTED_EDGE('',*,*,#3227,.T.);
#4228=ORIENTED_EDGE('',*,*,#3228,.T.);
#4229=ORIENTED_EDGE('',*,*,#3226,.T.);
#4230=ORIENTED_EDGE('',*,*,#3155,.T.);
#4231=ORIENTED_EDGE('',*,*,#3229,.T.);
#4232=ORIENTED_EDGE('',*,*,#3201,.T.);
#4233=ORIENTED_EDGE('',*,*,#3230,.T.);
#4234=ORIENTED_EDGE('',*,*,#3218,.T.);
#4235=ORIENTED_EDGE('',*,*,#3121,.T.);
#4236=ORIENTED_EDGE('',*,*,#3230,.F.);
#4237=ORIENTED_EDGE('',*,*,#3200,.T.);
#4238=ORIENTED_EDGE('',*,*,#3231,.F.);
#4239=ORIENTED_EDGE('',*,*,#3219,.T.);
#4240=ORIENTED_EDGE('',*,*,#3220,.T.);
#4241=ORIENTED_EDGE('',*,*,#3231,.T.);
#4242=ORIENTED_EDGE('',*,*,#3199,.T.);
#4243=ORIENTED_EDGE('',*,*,#3232,.T.);
#4244=ORIENTED_EDGE('',*,*,#3233,.F.);
#4245=ORIENTED_EDGE('',*,*,#3234,.F.);
#4246=ORIENTED_EDGE('',*,*,#3235,.F.);
#4247=ORIENTED_EDGE('',*,*,#3236,.F.);
#4248=ORIENTED_EDGE('',*,*,#3237,.T.);
#4249=ORIENTED_EDGE('',*,*,#3234,.T.);
#4250=ORIENTED_EDGE('',*,*,#3238,.T.);
#4251=ORIENTED_EDGE('',*,*,#3239,.F.);
#4252=ORIENTED_EDGE('',*,*,#3240,.F.);
#4253=ORIENTED_EDGE('',*,*,#3241,.F.);
#4254=ORIENTED_EDGE('',*,*,#3242,.F.);
#4255=ORIENTED_EDGE('',*,*,#3243,.T.);
#4256=ORIENTED_EDGE('',*,*,#3240,.T.);
#4257=ORIENTED_EDGE('',*,*,#3244,.T.);
#4258=ORIENTED_EDGE('',*,*,#3245,.T.);
#4259=ORIENTED_EDGE('',*,*,#3246,.T.);
#4260=ORIENTED_EDGE('',*,*,#3241,.T.);
#4261=ORIENTED_EDGE('',*,*,#3247,.T.);
#4262=ORIENTED_EDGE('',*,*,#3235,.T.);
#4263=ORIENTED_EDGE('',*,*,#3248,.T.);
#4264=ORIENTED_EDGE('',*,*,#3239,.T.);
#4265=ORIENTED_EDGE('',*,*,#3249,.T.);
#4266=ORIENTED_EDGE('',*,*,#3250,.T.);
#4267=ORIENTED_EDGE('',*,*,#3251,.T.);
#4268=ORIENTED_EDGE('',*,*,#3233,.T.);
#4269=ORIENTED_EDGE('',*,*,#3252,.T.);
#4270=ORIENTED_EDGE('',*,*,#3244,.F.);
#4271=ORIENTED_EDGE('',*,*,#3248,.F.);
#4272=ORIENTED_EDGE('',*,*,#3237,.F.);
#4273=ORIENTED_EDGE('',*,*,#3253,.T.);
#4274=ORIENTED_EDGE('',*,*,#3254,.F.);
#4275=ORIENTED_EDGE('',*,*,#3255,.F.);
#4276=ORIENTED_EDGE('',*,*,#3256,.F.);
#4277=ORIENTED_EDGE('',*,*,#3257,.T.);
#4278=ORIENTED_EDGE('',*,*,#3258,.T.);
#4279=ORIENTED_EDGE('',*,*,#3128,.F.);
#4280=ORIENTED_EDGE('',*,*,#3259,.T.);
#4281=ORIENTED_EDGE('',*,*,#3117,.F.);
#4282=ORIENTED_EDGE('',*,*,#3260,.F.);
#4283=ORIENTED_EDGE('',*,*,#3261,.F.);
#4284=ORIENTED_EDGE('',*,*,#3262,.F.);
#4285=ORIENTED_EDGE('',*,*,#3263,.T.);
#4286=ORIENTED_EDGE('',*,*,#3264,.T.);
#4287=ORIENTED_EDGE('',*,*,#3265,.T.);
#4288=ORIENTED_EDGE('',*,*,#3266,.T.);
#4289=ORIENTED_EDGE('',*,*,#3267,.T.);
#4290=ORIENTED_EDGE('',*,*,#3268,.T.);
#4291=ORIENTED_EDGE('',*,*,#3269,.T.);
#4292=ORIENTED_EDGE('',*,*,#3242,.T.);
#4293=ORIENTED_EDGE('',*,*,#3257,.F.);
#4294=ORIENTED_EDGE('',*,*,#3270,.F.);
#4295=ORIENTED_EDGE('',*,*,#3271,.T.);
#4296=ORIENTED_EDGE('',*,*,#3272,.F.);
#4297=ORIENTED_EDGE('',*,*,#3073,.T.);
#4298=ORIENTED_EDGE('',*,*,#3273,.T.);
#4299=ORIENTED_EDGE('',*,*,#3274,.T.);
#4300=ORIENTED_EDGE('',*,*,#3275,.T.);
#4301=ORIENTED_EDGE('',*,*,#3095,.T.);
#4302=ORIENTED_EDGE('',*,*,#3276,.T.);
#4303=ORIENTED_EDGE('',*,*,#3277,.T.);
#4304=ORIENTED_EDGE('',*,*,#3278,.T.);
#4305=ORIENTED_EDGE('',*,*,#3077,.T.);
#4306=ORIENTED_EDGE('',*,*,#3279,.F.);
#4307=ORIENTED_EDGE('',*,*,#3280,.T.);
#4308=ORIENTED_EDGE('',*,*,#3281,.F.);
#4309=ORIENTED_EDGE('',*,*,#3253,.F.);
#4310=ORIENTED_EDGE('',*,*,#3236,.T.);
#4311=ORIENTED_EDGE('',*,*,#3282,.T.);
#4312=ORIENTED_EDGE('',*,*,#3283,.T.);
#4313=ORIENTED_EDGE('',*,*,#3284,.F.);
#4314=ORIENTED_EDGE('',*,*,#2986,.T.);
#4315=ORIENTED_EDGE('',*,*,#2995,.F.);
#4316=ORIENTED_EDGE('',*,*,#2998,.T.);
#4317=ORIENTED_EDGE('',*,*,#3001,.F.);
#4318=ORIENTED_EDGE('',*,*,#3002,.T.);
#4319=ORIENTED_EDGE('',*,*,#2989,.F.);
#4320=ORIENTED_EDGE('',*,*,#2991,.T.);
#4321=ORIENTED_EDGE('',*,*,#2982,.F.);
#4322=ORIENTED_EDGE('',*,*,#3008,.T.);
#4323=ORIENTED_EDGE('',*,*,#3013,.T.);
#4324=ORIENTED_EDGE('',*,*,#3238,.F.);
#4325=ORIENTED_EDGE('',*,*,#3251,.F.);
#4326=ORIENTED_EDGE('',*,*,#3285,.T.);
#4327=ORIENTED_EDGE('',*,*,#3282,.F.);
#4328=ORIENTED_EDGE('',*,*,#3021,.T.);
#4329=ORIENTED_EDGE('',*,*,#3024,.F.);
#4330=ORIENTED_EDGE('',*,*,#3027,.T.);
#4331=ORIENTED_EDGE('',*,*,#3037,.F.);
#4332=ORIENTED_EDGE('',*,*,#3286,.T.);
#4333=ORIENTED_EDGE('',*,*,#3287,.T.);
#4334=ORIENTED_EDGE('',*,*,#3288,.T.);
#4335=ORIENTED_EDGE('',*,*,#3101,.F.);
#4336=ORIENTED_EDGE('',*,*,#3289,.T.);
#4337=ORIENTED_EDGE('',*,*,#3290,.T.);
#4338=ORIENTED_EDGE('',*,*,#3291,.T.);
#4339=ORIENTED_EDGE('',*,*,#3113,.F.);
#4340=ORIENTED_EDGE('',*,*,#3154,.T.);
#4341=ORIENTED_EDGE('',*,*,#3170,.T.);
#4342=ORIENTED_EDGE('',*,*,#3292,.T.);
#4343=ORIENTED_EDGE('',*,*,#3229,.F.);
#4344=ORIENTED_EDGE('',*,*,#3293,.T.);
#4345=ORIENTED_EDGE('',*,*,#3294,.T.);
#4346=ORIENTED_EDGE('',*,*,#3295,.T.);
#4347=ORIENTED_EDGE('',*,*,#3049,.T.);
#4348=ORIENTED_EDGE('',*,*,#3296,.T.);
#4349=ORIENTED_EDGE('',*,*,#3050,.T.);
#4350=ORIENTED_EDGE('',*,*,#3295,.F.);
#4351=ORIENTED_EDGE('',*,*,#3297,.T.);
#4352=ORIENTED_EDGE('',*,*,#3043,.F.);
#4353=ORIENTED_EDGE('',*,*,#3051,.T.);
#4354=ORIENTED_EDGE('',*,*,#3296,.F.);
#4355=ORIENTED_EDGE('',*,*,#2974,.T.);
#4356=ORIENTED_EDGE('',*,*,#3298,.T.);
#4357=ORIENTED_EDGE('',*,*,#3045,.T.);
#4358=ORIENTED_EDGE('',*,*,#3299,.T.);
#4359=ORIENTED_EDGE('',*,*,#3046,.T.);
#4360=ORIENTED_EDGE('',*,*,#3298,.F.);
#4361=ORIENTED_EDGE('',*,*,#3300,.T.);
#4362=ORIENTED_EDGE('',*,*,#3301,.T.);
#4363=ORIENTED_EDGE('',*,*,#3047,.T.);
#4364=ORIENTED_EDGE('',*,*,#3299,.F.);
#4365=ORIENTED_EDGE('',*,*,#3302,.T.);
#4366=ORIENTED_EDGE('',*,*,#3302,.F.);
#4367=ORIENTED_EDGE('',*,*,#3303,.F.);
#4368=ORIENTED_EDGE('',*,*,#3304,.T.);
#4369=ORIENTED_EDGE('',*,*,#3305,.F.);
#4370=ORIENTED_EDGE('',*,*,#3017,.T.);
#4371=ORIENTED_EDGE('',*,*,#3030,.F.);
#4372=ORIENTED_EDGE('',*,*,#3033,.T.);
#4373=ORIENTED_EDGE('',*,*,#3035,.F.);
#4374=ORIENTED_EDGE('',*,*,#3306,.F.);
#4375=ORIENTED_EDGE('',*,*,#3300,.F.);
#4376=ORIENTED_EDGE('',*,*,#2977,.T.);
#4377=ORIENTED_EDGE('',*,*,#3307,.T.);
#4378=ORIENTED_EDGE('',*,*,#3303,.T.);
#4379=ORIENTED_EDGE('',*,*,#2878,.T.);
#4380=ORIENTED_EDGE('',*,*,#2900,.T.);
#4381=ORIENTED_EDGE('',*,*,#2897,.T.);
#4382=ORIENTED_EDGE('',*,*,#2894,.T.);
#4383=ORIENTED_EDGE('',*,*,#2891,.T.);
#4384=ORIENTED_EDGE('',*,*,#2888,.T.);
#4385=ORIENTED_EDGE('',*,*,#2885,.T.);
#4386=ORIENTED_EDGE('',*,*,#2882,.T.);
#4387=ORIENTED_EDGE('',*,*,#3297,.F.);
#4388=ORIENTED_EDGE('',*,*,#3308,.T.);
#4389=ORIENTED_EDGE('',*,*,#3309,.T.);
#4390=ORIENTED_EDGE('',*,*,#2975,.T.);
#4391=ORIENTED_EDGE('',*,*,#3301,.F.);
#4392=ORIENTED_EDGE('',*,*,#3305,.T.);
#4393=ORIENTED_EDGE('',*,*,#3310,.T.);
#4394=ORIENTED_EDGE('',*,*,#3311,.F.);
#4395=ORIENTED_EDGE('',*,*,#3293,.F.);
#4396=ORIENTED_EDGE('',*,*,#3048,.F.);
#4397=ORIENTED_EDGE('',*,*,#2984,.T.);
#4398=ORIENTED_EDGE('',*,*,#2980,.F.);
#4399=ORIENTED_EDGE('',*,*,#2992,.T.);
#4400=ORIENTED_EDGE('',*,*,#2987,.F.);
#4401=ORIENTED_EDGE('',*,*,#3003,.T.);
#4402=ORIENTED_EDGE('',*,*,#2999,.F.);
#4403=ORIENTED_EDGE('',*,*,#2996,.T.);
#4404=ORIENTED_EDGE('',*,*,#2993,.F.);
#4405=ORIENTED_EDGE('',*,*,#3006,.T.);
#4406=ORIENTED_EDGE('',*,*,#3011,.T.);
#4407=ORIENTED_EDGE('',*,*,#3075,.T.);
#4408=ORIENTED_EDGE('',*,*,#3312,.F.);
#4409=ORIENTED_EDGE('',*,*,#3313,.T.);
#4410=ORIENTED_EDGE('',*,*,#3314,.F.);
#4411=ORIENTED_EDGE('',*,*,#3255,.T.);
#4412=ORIENTED_EDGE('',*,*,#3315,.F.);
#4413=ORIENTED_EDGE('',*,*,#3316,.T.);
#4414=ORIENTED_EDGE('',*,*,#3317,.F.);
#4415=ORIENTED_EDGE('',*,*,#3294,.F.);
#4416=ORIENTED_EDGE('',*,*,#3311,.T.);
#4417=ORIENTED_EDGE('',*,*,#3318,.T.);
#4418=ORIENTED_EDGE('',*,*,#3308,.F.);
#4419=ORIENTED_EDGE('',*,*,#3036,.F.);
#4420=ORIENTED_EDGE('',*,*,#3025,.T.);
#4421=ORIENTED_EDGE('',*,*,#3022,.F.);
#4422=ORIENTED_EDGE('',*,*,#3019,.T.);
#4423=ORIENTED_EDGE('',*,*,#3319,.F.);
#4424=ORIENTED_EDGE('',*,*,#3320,.T.);
#4425=ORIENTED_EDGE('',*,*,#3321,.F.);
#4426=ORIENTED_EDGE('',*,*,#3322,.F.);
#4427=ORIENTED_EDGE('',*,*,#3323,.T.);
#4428=ORIENTED_EDGE('',*,*,#3324,.F.);
#4429=ORIENTED_EDGE('',*,*,#3320,.F.);
#4430=ORIENTED_EDGE('',*,*,#3325,.F.);
#4431=ORIENTED_EDGE('',*,*,#3326,.F.);
#4432=ORIENTED_EDGE('',*,*,#3243,.F.);
#4433=ORIENTED_EDGE('',*,*,#3284,.T.);
#4434=ORIENTED_EDGE('',*,*,#3327,.T.);
#4435=ORIENTED_EDGE('',*,*,#3247,.F.);
#4436=ORIENTED_EDGE('',*,*,#3034,.F.);
#4437=ORIENTED_EDGE('',*,*,#3031,.T.);
#4438=ORIENTED_EDGE('',*,*,#3028,.F.);
#4439=ORIENTED_EDGE('',*,*,#3015,.T.);
#4440=ORIENTED_EDGE('',*,*,#3328,.T.);
#4441=ORIENTED_EDGE('',*,*,#3329,.T.);
#4442=ORIENTED_EDGE('',*,*,#3330,.T.);
#4443=ORIENTED_EDGE('',*,*,#3071,.F.);
#4444=ORIENTED_EDGE('',*,*,#3331,.T.);
#4445=ORIENTED_EDGE('',*,*,#3326,.T.);
#4446=ORIENTED_EDGE('',*,*,#3332,.T.);
#4447=ORIENTED_EDGE('',*,*,#3104,.F.);
#4448=ORIENTED_EDGE('',*,*,#3198,.T.);
#4449=ORIENTED_EDGE('',*,*,#3333,.T.);
#4450=ORIENTED_EDGE('',*,*,#3221,.T.);
#4451=ORIENTED_EDGE('',*,*,#3232,.F.);
#4452=ORIENTED_EDGE('',*,*,#3334,.T.);
#4453=ORIENTED_EDGE('',*,*,#3335,.F.);
#4454=ORIENTED_EDGE('',*,*,#3336,.F.);
#4455=ORIENTED_EDGE('',*,*,#3337,.T.);
#4456=ORIENTED_EDGE('',*,*,#3338,.F.);
#4457=ORIENTED_EDGE('',*,*,#3329,.F.);
#4458=ORIENTED_EDGE('',*,*,#3339,.F.);
#4459=ORIENTED_EDGE('',*,*,#3334,.F.);
#4460=ORIENTED_EDGE('',*,*,#3322,.T.);
#4461=ORIENTED_EDGE('',*,*,#3340,.F.);
#4462=ORIENTED_EDGE('',*,*,#3341,.T.);
#4463=ORIENTED_EDGE('',*,*,#3342,.F.);
#4464=ORIENTED_EDGE('',*,*,#3343,.T.);
#4465=ORIENTED_EDGE('',*,*,#3344,.F.);
#4466=ORIENTED_EDGE('',*,*,#3345,.T.);
#4467=ORIENTED_EDGE('',*,*,#3346,.F.);
#4468=ORIENTED_EDGE('',*,*,#3347,.T.);
#4469=ORIENTED_EDGE('',*,*,#3348,.F.);
#4470=ORIENTED_EDGE('',*,*,#3349,.T.);
#4471=ORIENTED_EDGE('',*,*,#3350,.F.);
#4472=ORIENTED_EDGE('',*,*,#3351,.T.);
#4473=ORIENTED_EDGE('',*,*,#3352,.F.);
#4474=ORIENTED_EDGE('',*,*,#3336,.T.);
#4475=ORIENTED_EDGE('',*,*,#3353,.F.);
#4476=ORIENTED_EDGE('',*,*,#3354,.T.);
#4477=ORIENTED_EDGE('',*,*,#3355,.F.);
#4478=ORIENTED_EDGE('',*,*,#3347,.F.);
#4479=ORIENTED_EDGE('',*,*,#3356,.T.);
#4480=ORIENTED_EDGE('',*,*,#3357,.F.);
#4481=ORIENTED_EDGE('',*,*,#3354,.F.);
#4482=ORIENTED_EDGE('',*,*,#3358,.F.);
#4483=ORIENTED_EDGE('',*,*,#3287,.F.);
#4484=ORIENTED_EDGE('',*,*,#3359,.T.);
#4485=ORIENTED_EDGE('',*,*,#3360,.F.);
#4486=ORIENTED_EDGE('',*,*,#3345,.F.);
#4487=ORIENTED_EDGE('',*,*,#3361,.T.);
#4488=ORIENTED_EDGE('',*,*,#3362,.F.);
#4489=ORIENTED_EDGE('',*,*,#3290,.F.);
#4490=ORIENTED_EDGE('',*,*,#3363,.F.);
#4491=ORIENTED_EDGE('',*,*,#3359,.F.);
#4492=ORIENTED_EDGE('',*,*,#3364,.T.);
#4493=ORIENTED_EDGE('',*,*,#3365,.F.);
#4494=ORIENTED_EDGE('',*,*,#3341,.F.);
#4495=ORIENTED_EDGE('',*,*,#3366,.T.);
#4496=ORIENTED_EDGE('',*,*,#3367,.F.);
#4497=ORIENTED_EDGE('',*,*,#3368,.F.);
#4498=ORIENTED_EDGE('',*,*,#3364,.F.);
#4499=ORIENTED_EDGE('',*,*,#3369,.F.);
#4500=ORIENTED_EDGE('',*,*,#3246,.F.);
#4501=ORIENTED_EDGE('',*,*,#3370,.T.);
#4502=ORIENTED_EDGE('',*,*,#3252,.F.);
#4503=ORIENTED_EDGE('',*,*,#3249,.F.);
#4504=ORIENTED_EDGE('',*,*,#3004,.T.);
#4505=ORIENTED_EDGE('',*,*,#3009,.T.);
#4506=ORIENTED_EDGE('',*,*,#3371,.T.);
#4507=ORIENTED_EDGE('',*,*,#3367,.T.);
#4508=ORIENTED_EDGE('',*,*,#3372,.T.);
#4509=ORIENTED_EDGE('',*,*,#3107,.F.);
#4510=ORIENTED_EDGE('',*,*,#3373,.T.);
#4511=ORIENTED_EDGE('',*,*,#3374,.T.);
#4512=ORIENTED_EDGE('',*,*,#3375,.T.);
#4513=ORIENTED_EDGE('',*,*,#3110,.F.);
#4514=ORIENTED_EDGE('',*,*,#3376,.T.);
#4515=ORIENTED_EDGE('',*,*,#3377,.F.);
#4516=ORIENTED_EDGE('',*,*,#3351,.F.);
#4517=ORIENTED_EDGE('',*,*,#3378,.T.);
#4518=ORIENTED_EDGE('',*,*,#3379,.F.);
#4519=ORIENTED_EDGE('',*,*,#3376,.F.);
#4520=ORIENTED_EDGE('',*,*,#3380,.F.);
#4521=ORIENTED_EDGE('',*,*,#3274,.F.);
#4522=ORIENTED_EDGE('',*,*,#3381,.T.);
#4523=ORIENTED_EDGE('',*,*,#3382,.F.);
#4524=ORIENTED_EDGE('',*,*,#3349,.F.);
#4525=ORIENTED_EDGE('',*,*,#3383,.T.);
#4526=ORIENTED_EDGE('',*,*,#3384,.F.);
#4527=ORIENTED_EDGE('',*,*,#3277,.F.);
#4528=ORIENTED_EDGE('',*,*,#3385,.F.);
#4529=ORIENTED_EDGE('',*,*,#3381,.F.);
#4530=ORIENTED_EDGE('',*,*,#3386,.T.);
#4531=ORIENTED_EDGE('',*,*,#3387,.F.);
#4532=ORIENTED_EDGE('',*,*,#3343,.F.);
#4533=ORIENTED_EDGE('',*,*,#3388,.T.);
#4534=ORIENTED_EDGE('',*,*,#3389,.F.);
#4535=ORIENTED_EDGE('',*,*,#3386,.F.);
#4536=ORIENTED_EDGE('',*,*,#3390,.F.);
#4537=ORIENTED_EDGE('',*,*,#3374,.F.);
#4538=ORIENTED_EDGE('',*,*,#3081,.F.);
#4539=ORIENTED_EDGE('',*,*,#3391,.F.);
#4540=ORIENTED_EDGE('',*,*,#3346,.T.);
#4541=ORIENTED_EDGE('',*,*,#3392,.T.);
#4542=ORIENTED_EDGE('',*,*,#3288,.F.);
#4543=ORIENTED_EDGE('',*,*,#3358,.T.);
#4544=ORIENTED_EDGE('',*,*,#3356,.F.);
#4545=ORIENTED_EDGE('',*,*,#3391,.T.);
#4546=ORIENTED_EDGE('',*,*,#3080,.F.);
#4547=ORIENTED_EDGE('',*,*,#3099,.F.);
#4548=ORIENTED_EDGE('',*,*,#3078,.F.);
#4549=ORIENTED_EDGE('',*,*,#3278,.F.);
#4550=ORIENTED_EDGE('',*,*,#3384,.T.);
#4551=ORIENTED_EDGE('',*,*,#3383,.F.);
#4552=ORIENTED_EDGE('',*,*,#3348,.T.);
#4553=ORIENTED_EDGE('',*,*,#3355,.T.);
#4554=ORIENTED_EDGE('',*,*,#3357,.T.);
#4555=ORIENTED_EDGE('',*,*,#3286,.F.);
#4556=ORIENTED_EDGE('',*,*,#3100,.F.);
#4557=ORIENTED_EDGE('',*,*,#3098,.F.);
#4558=ORIENTED_EDGE('',*,*,#3393,.F.);
#4559=ORIENTED_EDGE('',*,*,#3382,.T.);
#4560=ORIENTED_EDGE('',*,*,#3385,.T.);
#4561=ORIENTED_EDGE('',*,*,#3276,.F.);
#4562=ORIENTED_EDGE('',*,*,#3097,.F.);
#4563=ORIENTED_EDGE('',*,*,#3394,.F.);
#4564=ORIENTED_EDGE('',*,*,#3350,.T.);
#4565=ORIENTED_EDGE('',*,*,#3393,.T.);
#4566=ORIENTED_EDGE('',*,*,#3096,.F.);
#4567=ORIENTED_EDGE('',*,*,#3275,.F.);
#4568=ORIENTED_EDGE('',*,*,#3380,.T.);
#4569=ORIENTED_EDGE('',*,*,#3378,.F.);
#4570=ORIENTED_EDGE('',*,*,#3394,.T.);
#4571=ORIENTED_EDGE('',*,*,#3330,.F.);
#4572=ORIENTED_EDGE('',*,*,#3338,.T.);
#4573=ORIENTED_EDGE('',*,*,#3337,.F.);
#4574=ORIENTED_EDGE('',*,*,#3352,.T.);
#4575=ORIENTED_EDGE('',*,*,#3377,.T.);
#4576=ORIENTED_EDGE('',*,*,#3379,.T.);
#4577=ORIENTED_EDGE('',*,*,#3273,.F.);
#4578=ORIENTED_EDGE('',*,*,#3072,.F.);
#4579=ORIENTED_EDGE('',*,*,#3068,.F.);
#4580=ORIENTED_EDGE('',*,*,#3094,.F.);
#4581=ORIENTED_EDGE('',*,*,#3395,.F.);
#4582=ORIENTED_EDGE('',*,*,#3335,.T.);
#4583=ORIENTED_EDGE('',*,*,#3339,.T.);
#4584=ORIENTED_EDGE('',*,*,#3328,.F.);
#4585=ORIENTED_EDGE('',*,*,#3070,.F.);
#4586=ORIENTED_EDGE('',*,*,#3093,.F.);
#4587=ORIENTED_EDGE('',*,*,#3396,.F.);
#4588=ORIENTED_EDGE('',*,*,#3353,.T.);
#4589=ORIENTED_EDGE('',*,*,#3395,.T.);
#4590=ORIENTED_EDGE('',*,*,#3332,.F.);
#4591=ORIENTED_EDGE('',*,*,#3325,.T.);
#4592=ORIENTED_EDGE('',*,*,#3323,.F.);
#4593=ORIENTED_EDGE('',*,*,#3396,.T.);
#4594=ORIENTED_EDGE('',*,*,#3092,.F.);
#4595=ORIENTED_EDGE('',*,*,#3102,.F.);
#4596=ORIENTED_EDGE('',*,*,#3372,.F.);
#4597=ORIENTED_EDGE('',*,*,#3369,.T.);
#4598=ORIENTED_EDGE('',*,*,#3366,.F.);
#4599=ORIENTED_EDGE('',*,*,#3340,.T.);
#4600=ORIENTED_EDGE('',*,*,#3321,.T.);
#4601=ORIENTED_EDGE('',*,*,#3324,.T.);
#4602=ORIENTED_EDGE('',*,*,#3331,.F.);
#4603=ORIENTED_EDGE('',*,*,#3103,.F.);
#4604=ORIENTED_EDGE('',*,*,#3090,.F.);
#4605=ORIENTED_EDGE('',*,*,#3105,.F.);
#4606=ORIENTED_EDGE('',*,*,#3088,.F.);
#4607=ORIENTED_EDGE('',*,*,#3397,.F.);
#4608=ORIENTED_EDGE('',*,*,#3365,.T.);
#4609=ORIENTED_EDGE('',*,*,#3368,.T.);
#4610=ORIENTED_EDGE('',*,*,#3371,.F.);
#4611=ORIENTED_EDGE('',*,*,#3106,.F.);
#4612=ORIENTED_EDGE('',*,*,#3087,.F.);
#4613=ORIENTED_EDGE('',*,*,#3398,.F.);
#4614=ORIENTED_EDGE('',*,*,#3342,.T.);
#4615=ORIENTED_EDGE('',*,*,#3397,.T.);
#4616=ORIENTED_EDGE('',*,*,#3375,.F.);
#4617=ORIENTED_EDGE('',*,*,#3390,.T.);
#4618=ORIENTED_EDGE('',*,*,#3388,.F.);
#4619=ORIENTED_EDGE('',*,*,#3398,.T.);
#4620=ORIENTED_EDGE('',*,*,#3086,.F.);
#4621=ORIENTED_EDGE('',*,*,#3108,.F.);
#4622=ORIENTED_EDGE('',*,*,#3291,.F.);
#4623=ORIENTED_EDGE('',*,*,#3362,.T.);
#4624=ORIENTED_EDGE('',*,*,#3361,.F.);
#4625=ORIENTED_EDGE('',*,*,#3344,.T.);
#4626=ORIENTED_EDGE('',*,*,#3387,.T.);
#4627=ORIENTED_EDGE('',*,*,#3389,.T.);
#4628=ORIENTED_EDGE('',*,*,#3373,.F.);
#4629=ORIENTED_EDGE('',*,*,#3109,.F.);
#4630=ORIENTED_EDGE('',*,*,#3084,.F.);
#4631=ORIENTED_EDGE('',*,*,#3111,.F.);
#4632=ORIENTED_EDGE('',*,*,#3082,.F.);
#4633=ORIENTED_EDGE('',*,*,#3392,.F.);
#4634=ORIENTED_EDGE('',*,*,#3360,.T.);
#4635=ORIENTED_EDGE('',*,*,#3363,.T.);
#4636=ORIENTED_EDGE('',*,*,#3289,.F.);
#4637=ORIENTED_EDGE('',*,*,#3112,.F.);
#4638=ORIENTED_EDGE('',*,*,#3260,.T.);
#4639=ORIENTED_EDGE('',*,*,#3399,.T.);
#4640=ORIENTED_EDGE('',*,*,#3400,.T.);
#4641=ORIENTED_EDGE('',*,*,#3401,.T.);
#4642=ORIENTED_EDGE('',*,*,#3402,.T.);
#4643=ORIENTED_EDGE('',*,*,#3403,.T.);
#4644=ORIENTED_EDGE('',*,*,#3262,.T.);
#4645=ORIENTED_EDGE('',*,*,#3404,.T.);
#4646=ORIENTED_EDGE('',*,*,#3405,.T.);
#4647=ORIENTED_EDGE('',*,*,#3404,.F.);
#4648=ORIENTED_EDGE('',*,*,#3261,.T.);
#4649=ORIENTED_EDGE('',*,*,#3401,.F.);
#4650=ORIENTED_EDGE('',*,*,#3406,.T.);
#4651=ORIENTED_EDGE('',*,*,#3407,.T.);
#4652=ORIENTED_EDGE('',*,*,#3408,.T.);
#4653=ORIENTED_EDGE('',*,*,#3409,.T.);
#4654=ORIENTED_EDGE('',*,*,#3410,.T.);
#4655=ORIENTED_EDGE('',*,*,#3411,.T.);
#4656=ORIENTED_EDGE('',*,*,#3412,.T.);
#4657=ORIENTED_EDGE('',*,*,#3413,.T.);
#4658=ORIENTED_EDGE('',*,*,#3414,.T.);
#4659=ORIENTED_EDGE('',*,*,#3415,.T.);
#4660=ORIENTED_EDGE('',*,*,#3416,.T.);
#4661=ORIENTED_EDGE('',*,*,#3414,.F.);
#4662=ORIENTED_EDGE('',*,*,#3417,.T.);
#4663=ORIENTED_EDGE('',*,*,#3410,.F.);
#4664=ORIENTED_EDGE('',*,*,#3406,.F.);
#4665=ORIENTED_EDGE('',*,*,#3417,.F.);
#4666=ORIENTED_EDGE('',*,*,#3413,.F.);
#4667=ORIENTED_EDGE('',*,*,#3418,.F.);
#4668=ORIENTED_EDGE('',*,*,#3419,.T.);
#4669=ORIENTED_EDGE('',*,*,#3059,.F.);
#4670=ORIENTED_EDGE('',*,*,#3420,.F.);
#4671=ORIENTED_EDGE('',*,*,#3421,.T.);
#4672=ORIENTED_EDGE('',*,*,#3411,.F.);
#4673=ORIENTED_EDGE('',*,*,#3422,.F.);
#4674=ORIENTED_EDGE('',*,*,#3400,.F.);
#4675=ORIENTED_EDGE('',*,*,#3405,.F.);
#4676=ORIENTED_EDGE('',*,*,#3422,.T.);
#4677=ORIENTED_EDGE('',*,*,#3415,.F.);
#4678=ORIENTED_EDGE('',*,*,#3416,.F.);
#4679=ORIENTED_EDGE('',*,*,#3409,.F.);
#4680=ORIENTED_EDGE('',*,*,#3423,.T.);
#4681=ORIENTED_EDGE('',*,*,#3407,.F.);
#4682=ORIENTED_EDGE('',*,*,#3418,.T.);
#4683=ORIENTED_EDGE('',*,*,#3412,.F.);
#4684=ORIENTED_EDGE('',*,*,#3421,.F.);
#4685=ORIENTED_EDGE('',*,*,#3266,.F.);
#4686=ORIENTED_EDGE('',*,*,#3424,.T.);
#4687=ORIENTED_EDGE('',*,*,#3057,.F.);
#4688=ORIENTED_EDGE('',*,*,#3425,.F.);
#4689=ORIENTED_EDGE('',*,*,#3268,.F.);
#4690=ORIENTED_EDGE('',*,*,#3426,.T.);
#4691=ORIENTED_EDGE('',*,*,#3058,.F.);
#4692=ORIENTED_EDGE('',*,*,#3426,.F.);
#4693=ORIENTED_EDGE('',*,*,#3267,.F.);
#4694=ORIENTED_EDGE('',*,*,#3420,.T.);
#4695=ORIENTED_EDGE('',*,*,#3060,.F.);
#4696=ORIENTED_EDGE('',*,*,#3419,.F.);
#4697=ORIENTED_EDGE('',*,*,#3399,.F.);
#4698=ORIENTED_EDGE('',*,*,#3269,.F.);
#4699=ORIENTED_EDGE('',*,*,#3425,.T.);
#4700=ORIENTED_EDGE('',*,*,#3402,.F.);
#4701=ORIENTED_EDGE('',*,*,#3423,.F.);
#4702=ORIENTED_EDGE('',*,*,#3408,.F.);
#4703=ORIENTED_EDGE('',*,*,#3424,.F.);
#4704=ORIENTED_EDGE('',*,*,#3427,.T.);
#4705=ORIENTED_EDGE('',*,*,#3053,.F.);
#4706=ORIENTED_EDGE('',*,*,#3428,.F.);
#4707=ORIENTED_EDGE('',*,*,#3054,.F.);
#4708=ORIENTED_EDGE('',*,*,#3427,.F.);
#4709=ORIENTED_EDGE('',*,*,#3265,.F.);
#4710=ORIENTED_EDGE('',*,*,#3429,.T.);
#4711=ORIENTED_EDGE('',*,*,#3055,.F.);
#4712=ORIENTED_EDGE('',*,*,#3429,.F.);
#4713=ORIENTED_EDGE('',*,*,#3264,.F.);
#4714=ORIENTED_EDGE('',*,*,#3430,.T.);
#4715=ORIENTED_EDGE('',*,*,#3056,.F.);
#4716=ORIENTED_EDGE('',*,*,#3430,.F.);
#4717=ORIENTED_EDGE('',*,*,#3263,.F.);
#4718=ORIENTED_EDGE('',*,*,#3403,.F.);
#4719=ORIENTED_EDGE('',*,*,#3428,.T.);
#4720=ORIENTED_EDGE('',*,*,#3272,.T.);
#4721=ORIENTED_EDGE('',*,*,#3431,.T.);
#4722=ORIENTED_EDGE('',*,*,#3312,.T.);
#4723=ORIENTED_EDGE('',*,*,#3074,.T.);
#4724=ORIENTED_EDGE('',*,*,#3431,.F.);
#4725=ORIENTED_EDGE('',*,*,#3271,.F.);
#4726=ORIENTED_EDGE('',*,*,#3432,.F.);
#4727=ORIENTED_EDGE('',*,*,#3313,.F.);
#4728=ORIENTED_EDGE('',*,*,#3279,.T.);
#4729=ORIENTED_EDGE('',*,*,#3076,.T.);
#4730=ORIENTED_EDGE('',*,*,#3317,.T.);
#4731=ORIENTED_EDGE('',*,*,#3433,.T.);
#4732=ORIENTED_EDGE('',*,*,#3270,.T.);
#4733=ORIENTED_EDGE('',*,*,#3256,.T.);
#4734=ORIENTED_EDGE('',*,*,#3314,.T.);
#4735=ORIENTED_EDGE('',*,*,#3432,.T.);
#4736=ORIENTED_EDGE('',*,*,#3281,.T.);
#4737=ORIENTED_EDGE('',*,*,#3434,.T.);
#4738=ORIENTED_EDGE('',*,*,#3315,.T.);
#4739=ORIENTED_EDGE('',*,*,#3254,.T.);
#4740=ORIENTED_EDGE('',*,*,#3433,.F.);
#4741=ORIENTED_EDGE('',*,*,#3316,.F.);
#4742=ORIENTED_EDGE('',*,*,#3434,.F.);
#4743=ORIENTED_EDGE('',*,*,#3280,.F.);
#4744=ORIENTED_EDGE('',*,*,#3210,.F.);
#4745=ORIENTED_EDGE('',*,*,#3215,.T.);
#4746=ORIENTED_EDGE('',*,*,#3214,.T.);
#4747=ORIENTED_EDGE('',*,*,#3206,.T.);
#4748=ORIENTED_EDGE('',*,*,#3173,.F.);
#4749=ORIENTED_EDGE('',*,*,#3435,.T.);
#4750=ORIENTED_EDGE('',*,*,#3165,.T.);
#4751=ORIENTED_EDGE('',*,*,#3162,.T.);
#4752=ORIENTED_EDGE('',*,*,#3139,.F.);
#4753=ORIENTED_EDGE('',*,*,#3436,.F.);
#4754=ORIENTED_EDGE('',*,*,#3168,.F.);
#4755=ORIENTED_EDGE('',*,*,#3151,.F.);
#4756=ORIENTED_EDGE('',*,*,#3146,.F.);
#4757=ORIENTED_EDGE('',*,*,#3437,.F.);
#4758=ORIENTED_EDGE('',*,*,#3141,.T.);
#4759=ORIENTED_EDGE('',*,*,#3150,.T.);
#4760=ORIENTED_EDGE('',*,*,#3192,.F.);
#4761=ORIENTED_EDGE('',*,*,#3223,.F.);
#4762=ORIENTED_EDGE('',*,*,#3187,.T.);
#4763=ORIENTED_EDGE('',*,*,#3196,.T.);
#4764=ORIENTED_EDGE('',*,*,#3179,.F.);
#4765=ORIENTED_EDGE('',*,*,#3222,.F.);
#4766=ORIENTED_EDGE('',*,*,#3333,.F.);
#4767=ORIENTED_EDGE('',*,*,#3197,.F.);
#4768=ORIENTED_EDGE('',*,*,#3438,.F.);
#4769=ORIENTED_EDGE('',*,*,#3439,.T.);
#4770=ORIENTED_EDGE('',*,*,#3319,.T.);
#4771=ORIENTED_EDGE('',*,*,#3439,.F.);
#4772=ORIENTED_EDGE('',*,*,#3440,.F.);
#4773=ORIENTED_EDGE('',*,*,#3441,.T.);
#4774=ORIENTED_EDGE('',*,*,#3306,.T.);
#4775=ORIENTED_EDGE('',*,*,#3441,.F.);
#4776=ORIENTED_EDGE('',*,*,#3442,.F.);
#4777=ORIENTED_EDGE('',*,*,#3443,.F.);
#4778=ORIENTED_EDGE('',*,*,#3444,.F.);
#4779=ORIENTED_EDGE('',*,*,#3445,.T.);
#4780=ORIENTED_EDGE('',*,*,#3442,.T.);
#4781=ORIENTED_EDGE('',*,*,#3445,.F.);
#4782=ORIENTED_EDGE('',*,*,#3440,.T.);
#4783=ORIENTED_EDGE('',*,*,#3444,.T.);
#4784=ORIENTED_EDGE('',*,*,#3446,.F.);
#4785=ORIENTED_EDGE('',*,*,#3447,.T.);
#4786=ORIENTED_EDGE('',*,*,#3448,.F.);
#4787=ORIENTED_EDGE('',*,*,#3447,.F.);
#4788=ORIENTED_EDGE('',*,*,#3438,.T.);
#4789=ORIENTED_EDGE('',*,*,#3446,.T.);
#4790=ORIENTED_EDGE('',*,*,#3443,.T.);
#4791=ORIENTED_EDGE('',*,*,#3449,.T.);
#4792=ORIENTED_EDGE('',*,*,#3450,.F.);
#4793=ORIENTED_EDGE('',*,*,#3449,.F.);
#4794=ORIENTED_EDGE('',*,*,#3451,.F.);
#4795=ORIENTED_EDGE('',*,*,#3452,.T.);
#4796=ORIENTED_EDGE('',*,*,#3453,.F.);
#4797=ORIENTED_EDGE('',*,*,#3452,.F.);
#4798=ORIENTED_EDGE('',*,*,#3454,.T.);
#4799=ORIENTED_EDGE('',*,*,#3455,.T.);
#4800=ORIENTED_EDGE('',*,*,#3456,.T.);
#4801=ORIENTED_EDGE('',*,*,#3457,.T.);
#4802=ORIENTED_EDGE('',*,*,#3458,.T.);
#4803=ORIENTED_EDGE('',*,*,#3459,.T.);
#4804=ORIENTED_EDGE('',*,*,#3460,.T.);
#4805=ORIENTED_EDGE('',*,*,#3461,.T.);
#4806=ORIENTED_EDGE('',*,*,#3462,.T.);
#4807=ORIENTED_EDGE('',*,*,#3463,.T.);
#4808=ORIENTED_EDGE('',*,*,#3464,.T.);
#4809=ORIENTED_EDGE('',*,*,#3465,.T.);
#4810=ORIENTED_EDGE('',*,*,#3466,.T.);
#4811=ORIENTED_EDGE('',*,*,#3467,.T.);
#4812=ORIENTED_EDGE('',*,*,#3468,.T.);
#4813=ORIENTED_EDGE('',*,*,#3469,.T.);
#4814=ORIENTED_EDGE('',*,*,#3470,.T.);
#4815=ORIENTED_EDGE('',*,*,#3471,.T.);
#4816=ORIENTED_EDGE('',*,*,#3472,.T.);
#4817=ORIENTED_EDGE('',*,*,#3473,.T.);
#4818=ORIENTED_EDGE('',*,*,#3474,.T.);
#4819=ORIENTED_EDGE('',*,*,#3475,.T.);
#4820=ORIENTED_EDGE('',*,*,#3476,.F.);
#4821=ORIENTED_EDGE('',*,*,#3477,.T.);
#4822=ORIENTED_EDGE('',*,*,#3478,.T.);
#4823=ORIENTED_EDGE('',*,*,#3479,.T.);
#4824=ORIENTED_EDGE('',*,*,#3480,.T.);
#4825=ORIENTED_EDGE('',*,*,#3481,.T.);
#4826=ORIENTED_EDGE('',*,*,#3482,.T.);
#4827=ORIENTED_EDGE('',*,*,#3483,.T.);
#4828=ORIENTED_EDGE('',*,*,#3484,.F.);
#4829=ORIENTED_EDGE('',*,*,#3485,.T.);
#4830=ORIENTED_EDGE('',*,*,#3486,.T.);
#4831=ORIENTED_EDGE('',*,*,#3487,.F.);
#4832=ORIENTED_EDGE('',*,*,#3488,.T.);
#4833=ORIENTED_EDGE('',*,*,#3489,.T.);
#4834=ORIENTED_EDGE('',*,*,#3490,.T.);
#4835=ORIENTED_EDGE('',*,*,#3491,.F.);
#4836=ORIENTED_EDGE('',*,*,#3492,.T.);
#4837=ORIENTED_EDGE('',*,*,#3493,.T.);
#4838=ORIENTED_EDGE('',*,*,#3475,.F.);
#4839=ORIENTED_EDGE('',*,*,#3494,.F.);
#4840=ORIENTED_EDGE('',*,*,#3495,.T.);
#4841=ORIENTED_EDGE('',*,*,#3496,.F.);
#4842=ORIENTED_EDGE('',*,*,#3477,.F.);
#4843=ORIENTED_EDGE('',*,*,#3497,.F.);
#4844=ORIENTED_EDGE('',*,*,#3498,.F.);
#4845=ORIENTED_EDGE('',*,*,#3499,.T.);
#4846=ORIENTED_EDGE('',*,*,#3500,.F.);
#4847=ORIENTED_EDGE('',*,*,#3461,.F.);
#4848=ORIENTED_EDGE('',*,*,#3501,.F.);
#4849=ORIENTED_EDGE('',*,*,#3457,.F.);
#4850=ORIENTED_EDGE('',*,*,#3499,.F.);
#4851=ORIENTED_EDGE('',*,*,#3502,.F.);
#4852=ORIENTED_EDGE('',*,*,#3494,.T.);
#4853=ORIENTED_EDGE('',*,*,#3474,.F.);
#4854=ORIENTED_EDGE('',*,*,#3500,.T.);
#4855=ORIENTED_EDGE('',*,*,#3456,.F.);
#4856=ORIENTED_EDGE('',*,*,#3503,.T.);
#4857=ORIENTED_EDGE('',*,*,#3458,.F.);
#4858=ORIENTED_EDGE('',*,*,#3503,.F.);
#4859=ORIENTED_EDGE('',*,*,#3455,.F.);
#4860=ORIENTED_EDGE('',*,*,#3504,.T.);
#4861=ORIENTED_EDGE('',*,*,#3459,.F.);
#4862=ORIENTED_EDGE('',*,*,#3470,.F.);
#4863=ORIENTED_EDGE('',*,*,#3505,.F.);
#4864=ORIENTED_EDGE('',*,*,#3490,.F.);
#4865=ORIENTED_EDGE('',*,*,#3506,.T.);
#4866=ORIENTED_EDGE('',*,*,#3471,.F.);
#4867=ORIENTED_EDGE('',*,*,#3506,.F.);
#4868=ORIENTED_EDGE('',*,*,#3493,.F.);
#4869=ORIENTED_EDGE('',*,*,#3507,.T.);
#4870=ORIENTED_EDGE('',*,*,#3472,.F.);
#4871=ORIENTED_EDGE('',*,*,#3507,.F.);
#4872=ORIENTED_EDGE('',*,*,#3492,.F.);
#4873=ORIENTED_EDGE('',*,*,#3508,.T.);
#4874=ORIENTED_EDGE('',*,*,#3451,.T.);
#4875=ORIENTED_EDGE('',*,*,#3473,.F.);
#4876=ORIENTED_EDGE('',*,*,#3508,.F.);
#4877=ORIENTED_EDGE('',*,*,#3491,.T.);
#4878=ORIENTED_EDGE('',*,*,#3505,.T.);
#4879=ORIENTED_EDGE('',*,*,#3504,.F.);
#4880=ORIENTED_EDGE('',*,*,#3454,.F.);
#4881=ORIENTED_EDGE('',*,*,#3501,.T.);
#4882=ORIENTED_EDGE('',*,*,#3460,.F.);
#4883=ORIENTED_EDGE('',*,*,#3509,.F.);
#4884=ORIENTED_EDGE('',*,*,#3462,.F.);
#4885=ORIENTED_EDGE('',*,*,#3510,.T.);
#4886=ORIENTED_EDGE('',*,*,#3468,.F.);
#4887=ORIENTED_EDGE('',*,*,#3483,.F.);
#4888=ORIENTED_EDGE('',*,*,#3511,.F.);
#4889=ORIENTED_EDGE('',*,*,#3512,.T.);
#4890=ORIENTED_EDGE('',*,*,#3513,.F.);
#4891=ORIENTED_EDGE('',*,*,#3485,.F.);
#4892=ORIENTED_EDGE('',*,*,#3514,.F.);
#4893=ORIENTED_EDGE('',*,*,#3515,.F.);
#4894=ORIENTED_EDGE('',*,*,#3516,.T.);
#4895=ORIENTED_EDGE('',*,*,#3517,.T.);
#4896=ORIENTED_EDGE('',*,*,#3469,.F.);
#4897=ORIENTED_EDGE('',*,*,#3510,.F.);
#4898=ORIENTED_EDGE('',*,*,#3465,.F.);
#4899=ORIENTED_EDGE('',*,*,#3516,.F.);
#4900=ORIENTED_EDGE('',*,*,#3518,.F.);
#4901=ORIENTED_EDGE('',*,*,#3511,.T.);
#4902=ORIENTED_EDGE('',*,*,#3482,.F.);
#4903=ORIENTED_EDGE('',*,*,#3517,.F.);
#4904=ORIENTED_EDGE('',*,*,#3464,.F.);
#4905=ORIENTED_EDGE('',*,*,#3519,.T.);
#4906=ORIENTED_EDGE('',*,*,#3466,.F.);
#4907=ORIENTED_EDGE('',*,*,#3519,.F.);
#4908=ORIENTED_EDGE('',*,*,#3463,.F.);
#4909=ORIENTED_EDGE('',*,*,#3509,.T.);
#4910=ORIENTED_EDGE('',*,*,#3467,.F.);
#4911=ORIENTED_EDGE('',*,*,#3478,.F.);
#4912=ORIENTED_EDGE('',*,*,#3520,.F.);
#4913=ORIENTED_EDGE('',*,*,#3486,.F.);
#4914=ORIENTED_EDGE('',*,*,#3521,.T.);
#4915=ORIENTED_EDGE('',*,*,#3479,.F.);
#4916=ORIENTED_EDGE('',*,*,#3521,.F.);
#4917=ORIENTED_EDGE('',*,*,#3489,.F.);
#4918=ORIENTED_EDGE('',*,*,#3522,.T.);
#4919=ORIENTED_EDGE('',*,*,#3480,.F.);
#4920=ORIENTED_EDGE('',*,*,#3522,.F.);
#4921=ORIENTED_EDGE('',*,*,#3488,.F.);
#4922=ORIENTED_EDGE('',*,*,#3523,.T.);
#4923=ORIENTED_EDGE('',*,*,#3450,.T.);
#4924=ORIENTED_EDGE('',*,*,#3481,.F.);
#4925=ORIENTED_EDGE('',*,*,#3523,.F.);
#4926=ORIENTED_EDGE('',*,*,#3487,.T.);
#4927=ORIENTED_EDGE('',*,*,#3520,.T.);
#4928=ORIENTED_EDGE('',*,*,#3497,.T.);
#4929=ORIENTED_EDGE('',*,*,#3476,.T.);
#4930=ORIENTED_EDGE('',*,*,#3496,.T.);
#4931=ORIENTED_EDGE('',*,*,#3524,.F.);
#4932=ORIENTED_EDGE('',*,*,#3525,.T.);
#4933=ORIENTED_EDGE('',*,*,#3174,.T.);
#4934=ORIENTED_EDGE('',*,*,#3159,.F.);
#4935=ORIENTED_EDGE('',*,*,#3526,.F.);
#4936=ORIENTED_EDGE('',*,*,#3514,.T.);
#4937=ORIENTED_EDGE('',*,*,#3484,.T.);
#4938=ORIENTED_EDGE('',*,*,#3513,.T.);
#4939=ORIENTED_EDGE('',*,*,#3527,.F.);
#4940=ORIENTED_EDGE('',*,*,#3216,.T.);
#4941=ORIENTED_EDGE('',*,*,#3211,.T.);
#4942=ORIENTED_EDGE('',*,*,#3203,.F.);
#4943=ORIENTED_EDGE('',*,*,#3528,.F.);
#4944=ORIENTED_EDGE('',*,*,#3145,.F.);
#4945=ORIENTED_EDGE('',*,*,#3149,.F.);
#4946=ORIENTED_EDGE('',*,*,#3164,.F.);
#4947=ORIENTED_EDGE('',*,*,#3435,.F.);
#4948=ORIENTED_EDGE('',*,*,#3172,.F.);
#4949=ORIENTED_EDGE('',*,*,#3175,.T.);
#4950=ORIENTED_EDGE('',*,*,#3525,.F.);
#4951=ORIENTED_EDGE('',*,*,#3529,.T.);
#4952=ORIENTED_EDGE('',*,*,#3133,.F.);
#4953=ORIENTED_EDGE('',*,*,#3225,.F.);
#4954=ORIENTED_EDGE('',*,*,#3227,.F.);
#4955=ORIENTED_EDGE('',*,*,#3228,.F.);
#4956=ORIENTED_EDGE('',*,*,#3292,.F.);
#4957=ORIENTED_EDGE('',*,*,#3169,.T.);
#4958=ORIENTED_EDGE('',*,*,#3166,.F.);
#4959=ORIENTED_EDGE('',*,*,#3436,.T.);
#4960=ORIENTED_EDGE('',*,*,#3138,.F.);
#4961=ORIENTED_EDGE('',*,*,#3142,.T.);
#4962=ORIENTED_EDGE('',*,*,#3437,.T.);
#4963=ORIENTED_EDGE('',*,*,#3530,.F.);
#4964=ORIENTED_EDGE('',*,*,#3531,.T.);
#4965=ORIENTED_EDGE('',*,*,#3532,.F.);
#4966=ORIENTED_EDGE('',*,*,#3533,.T.);
#4967=ORIENTED_EDGE('',*,*,#3530,.T.);
#4968=ORIENTED_EDGE('',*,*,#3534,.T.);
#4969=ORIENTED_EDGE('',*,*,#3535,.T.);
#4970=ORIENTED_EDGE('',*,*,#3536,.F.);
#4971=ORIENTED_EDGE('',*,*,#3537,.T.);
#4972=ORIENTED_EDGE('',*,*,#3538,.T.);
#4973=ORIENTED_EDGE('',*,*,#3533,.F.);
#4974=ORIENTED_EDGE('',*,*,#3539,.F.);
#4975=ORIENTED_EDGE('',*,*,#3540,.F.);
#4976=ORIENTED_EDGE('',*,*,#3534,.F.);
#4977=ORIENTED_EDGE('',*,*,#3541,.F.);
#4978=ORIENTED_EDGE('',*,*,#3542,.T.);
#4979=ORIENTED_EDGE('',*,*,#3535,.F.);
#4980=ORIENTED_EDGE('',*,*,#3540,.T.);
#4981=ORIENTED_EDGE('',*,*,#3532,.T.);
#4982=ORIENTED_EDGE('',*,*,#3543,.F.);
#4983=ORIENTED_EDGE('',*,*,#3544,.T.);
#4984=ORIENTED_EDGE('',*,*,#3545,.F.);
#4985=ORIENTED_EDGE('',*,*,#3541,.T.);
#4986=ORIENTED_EDGE('',*,*,#3539,.T.);
#4987=ORIENTED_EDGE('',*,*,#3544,.F.);
#4988=ORIENTED_EDGE('',*,*,#3546,.F.);
#4989=ORIENTED_EDGE('',*,*,#3547,.F.);
#4990=ORIENTED_EDGE('',*,*,#3548,.F.);
#4991=ORIENTED_EDGE('',*,*,#3531,.F.);
#4992=ORIENTED_EDGE('',*,*,#3538,.F.);
#4993=ORIENTED_EDGE('',*,*,#3549,.T.);
#4994=ORIENTED_EDGE('',*,*,#3550,.F.);
#4995=ORIENTED_EDGE('',*,*,#3546,.T.);
#4996=ORIENTED_EDGE('',*,*,#3543,.T.);
#4997=ORIENTED_EDGE('',*,*,#3542,.F.);
#4998=ORIENTED_EDGE('',*,*,#3545,.T.);
#4999=ORIENTED_EDGE('',*,*,#3548,.T.);
#5000=ORIENTED_EDGE('',*,*,#3551,.T.);
#5001=ORIENTED_EDGE('',*,*,#3552,.T.);
#5002=ORIENTED_EDGE('',*,*,#3536,.T.);
#5003=ORIENTED_EDGE('',*,*,#3553,.T.);
#5004=ORIENTED_EDGE('',*,*,#3129,.F.);
#5005=ORIENTED_EDGE('',*,*,#3125,.F.);
#5006=ORIENTED_EDGE('',*,*,#3258,.F.);
#5007=ORIENTED_EDGE('',*,*,#3116,.F.);
#5008=ORIENTED_EDGE('',*,*,#3124,.T.);
#5009=ORIENTED_EDGE('',*,*,#3554,.T.);
#5010=ORIENTED_EDGE('',*,*,#3551,.F.);
#5011=ORIENTED_EDGE('',*,*,#3547,.T.);
#5012=ORIENTED_EDGE('',*,*,#3550,.T.);
#5013=ORIENTED_EDGE('',*,*,#3555,.T.);
#5014=ORIENTED_EDGE('',*,*,#3118,.F.);
#5015=ORIENTED_EDGE('',*,*,#3114,.F.);
#5016=ORIENTED_EDGE('',*,*,#3259,.F.);
#5017=ORIENTED_EDGE('',*,*,#3127,.F.);
#5018=ORIENTED_EDGE('',*,*,#3135,.T.);
#5019=ORIENTED_EDGE('',*,*,#3502,.T.);
#5020=ORIENTED_EDGE('',*,*,#3498,.T.);
#5021=ORIENTED_EDGE('',*,*,#3526,.T.);
#5022=ORIENTED_EDGE('',*,*,#3158,.T.);
#5023=ORIENTED_EDGE('',*,*,#3130,.F.);
#5024=ORIENTED_EDGE('',*,*,#3553,.F.);
#5025=ORIENTED_EDGE('',*,*,#3549,.F.);
#5026=ORIENTED_EDGE('',*,*,#3537,.F.);
#5027=ORIENTED_EDGE('',*,*,#3552,.F.);
#5028=ORIENTED_EDGE('',*,*,#3554,.F.);
#5029=ORIENTED_EDGE('',*,*,#3123,.F.);
#5030=ORIENTED_EDGE('',*,*,#3217,.F.);
#5031=ORIENTED_EDGE('',*,*,#3527,.T.);
#5032=ORIENTED_EDGE('',*,*,#3512,.F.);
#5033=ORIENTED_EDGE('',*,*,#3518,.T.);
#5034=ORIENTED_EDGE('',*,*,#3515,.T.);
#5035=ORIENTED_EDGE('',*,*,#3528,.T.);
#5036=ORIENTED_EDGE('',*,*,#3202,.T.);
#5037=ORIENTED_EDGE('',*,*,#3119,.F.);
#5038=ORIENTED_EDGE('',*,*,#3555,.F.);
#5039=ORIENTED_EDGE('',*,*,#3134,.F.);
#5040=ORIENTED_EDGE('',*,*,#3529,.F.);
#5041=ORIENTED_EDGE('',*,*,#3524,.T.);
#5042=ORIENTED_EDGE('',*,*,#3495,.F.);
#5043=ORIENTED_EDGE('',*,*,#3309,.F.);
#5044=ORIENTED_EDGE('',*,*,#3318,.F.);
#5045=ORIENTED_EDGE('',*,*,#3310,.F.);
#5046=ORIENTED_EDGE('',*,*,#3304,.F.);
#5047=ORIENTED_EDGE('',*,*,#3307,.F.);
#5048=ORIENTED_EDGE('',*,*,#2976,.F.);
#5049=ORIENTED_EDGE('',*,*,#3327,.F.);
#5050=ORIENTED_EDGE('',*,*,#3283,.F.);
#5051=ORIENTED_EDGE('',*,*,#3285,.F.);
#5052=ORIENTED_EDGE('',*,*,#3250,.F.);
#5053=ORIENTED_EDGE('',*,*,#3370,.F.);
#5054=ORIENTED_EDGE('',*,*,#3245,.F.);
#5055=ORIENTED_EDGE('',*,*,#3448,.T.);
#5056=ORIENTED_EDGE('',*,*,#3453,.T.);
#5057=ORIENTED_EDGE('',*,*,#3556,.T.);
#5058=ORIENTED_EDGE('',*,*,#3557,.T.);
#5059=ORIENTED_EDGE('',*,*,#3558,.T.);
#5060=ORIENTED_EDGE('',*,*,#3559,.T.);
#5061=ORIENTED_EDGE('',*,*,#3558,.F.);
#5062=ORIENTED_EDGE('',*,*,#3560,.F.);
#5063=ORIENTED_EDGE('',*,*,#3561,.F.);
#5064=ORIENTED_EDGE('',*,*,#3562,.F.);
#5065=ORIENTED_EDGE('',*,*,#3563,.F.);
#5066=ORIENTED_EDGE('',*,*,#3564,.F.);
#5067=ORIENTED_EDGE('',*,*,#3565,.T.);
#5068=ORIENTED_EDGE('',*,*,#3557,.F.);
#5069=ORIENTED_EDGE('',*,*,#3566,.T.);
#5070=ORIENTED_EDGE('',*,*,#3567,.T.);
#5071=ORIENTED_EDGE('',*,*,#3560,.T.);
#5072=ORIENTED_EDGE('',*,*,#3568,.T.);
#5073=ORIENTED_EDGE('',*,*,#3569,.T.);
#5074=ORIENTED_EDGE('',*,*,#3570,.T.);
#5075=ORIENTED_EDGE('',*,*,#3571,.T.);
#5076=ORIENTED_EDGE('',*,*,#3570,.F.);
#5077=ORIENTED_EDGE('',*,*,#3572,.T.);
#5078=ORIENTED_EDGE('',*,*,#3573,.T.);
#5079=ORIENTED_EDGE('',*,*,#3574,.T.);
#5080=ORIENTED_EDGE('',*,*,#3575,.T.);
#5081=ORIENTED_EDGE('',*,*,#3576,.T.);
#5082=ORIENTED_EDGE('',*,*,#3573,.F.);
#5083=ORIENTED_EDGE('',*,*,#3577,.T.);
#5084=ORIENTED_EDGE('',*,*,#3575,.F.);
#5085=ORIENTED_EDGE('',*,*,#3578,.F.);
#5086=ORIENTED_EDGE('',*,*,#3579,.F.);
#5087=ORIENTED_EDGE('',*,*,#3580,.F.);
#5088=ORIENTED_EDGE('',*,*,#3581,.T.);
#5089=ORIENTED_EDGE('',*,*,#3582,.F.);
#5090=ORIENTED_EDGE('',*,*,#3583,.F.);
#5091=ORIENTED_EDGE('',*,*,#3577,.F.);
#5092=ORIENTED_EDGE('',*,*,#3584,.F.);
#5093=ORIENTED_EDGE('',*,*,#3585,.F.);
#5094=ORIENTED_EDGE('',*,*,#3578,.T.);
#5095=ORIENTED_EDGE('',*,*,#3572,.F.);
#5096=ORIENTED_EDGE('',*,*,#3586,.T.);
#5097=ORIENTED_EDGE('',*,*,#3587,.T.);
#5098=ORIENTED_EDGE('',*,*,#3584,.T.);
#5099=ORIENTED_EDGE('',*,*,#3569,.F.);
#5100=ORIENTED_EDGE('',*,*,#3588,.F.);
#5101=ORIENTED_EDGE('',*,*,#3589,.F.);
#5102=ORIENTED_EDGE('',*,*,#3586,.F.);
#5103=ORIENTED_EDGE('',*,*,#3590,.T.);
#5104=ORIENTED_EDGE('',*,*,#3591,.T.);
#5105=ORIENTED_EDGE('',*,*,#3592,.T.);
#5106=ORIENTED_EDGE('',*,*,#3593,.T.);
#5107=ORIENTED_EDGE('',*,*,#3592,.F.);
#5108=ORIENTED_EDGE('',*,*,#3594,.T.);
#5109=ORIENTED_EDGE('',*,*,#3595,.T.);
#5110=ORIENTED_EDGE('',*,*,#3596,.T.);
#5111=ORIENTED_EDGE('',*,*,#3597,.T.);
#5112=ORIENTED_EDGE('',*,*,#3598,.T.);
#5113=ORIENTED_EDGE('',*,*,#3595,.F.);
#5114=ORIENTED_EDGE('',*,*,#3599,.T.);
#5115=ORIENTED_EDGE('',*,*,#3597,.F.);
#5116=ORIENTED_EDGE('',*,*,#3600,.F.);
#5117=ORIENTED_EDGE('',*,*,#3601,.F.);
#5118=ORIENTED_EDGE('',*,*,#3602,.F.);
#5119=ORIENTED_EDGE('',*,*,#3603,.T.);
#5120=ORIENTED_EDGE('',*,*,#3604,.F.);
#5121=ORIENTED_EDGE('',*,*,#3605,.F.);
#5122=ORIENTED_EDGE('',*,*,#3599,.F.);
#5123=ORIENTED_EDGE('',*,*,#3606,.F.);
#5124=ORIENTED_EDGE('',*,*,#3607,.F.);
#5125=ORIENTED_EDGE('',*,*,#3600,.T.);
#5126=ORIENTED_EDGE('',*,*,#3594,.F.);
#5127=ORIENTED_EDGE('',*,*,#3608,.T.);
#5128=ORIENTED_EDGE('',*,*,#3609,.T.);
#5129=ORIENTED_EDGE('',*,*,#3606,.T.);
#5130=ORIENTED_EDGE('',*,*,#3591,.F.);
#5131=ORIENTED_EDGE('',*,*,#3610,.F.);
#5132=ORIENTED_EDGE('',*,*,#3611,.F.);
#5133=ORIENTED_EDGE('',*,*,#3608,.F.);
#5134=ORIENTED_EDGE('',*,*,#3556,.F.);
#5135=ORIENTED_EDGE('',*,*,#3612,.F.);
#5136=ORIENTED_EDGE('',*,*,#3613,.F.);
#5137=ORIENTED_EDGE('',*,*,#3614,.F.);
#5138=ORIENTED_EDGE('',*,*,#3615,.T.);
#5139=ORIENTED_EDGE('',*,*,#3616,.F.);
#5140=ORIENTED_EDGE('',*,*,#3566,.F.);
#5141=ORIENTED_EDGE('',*,*,#3559,.F.);
#5142=ORIENTED_EDGE('',*,*,#3565,.F.);
#5143=ORIENTED_EDGE('',*,*,#3617,.F.);
#5144=ORIENTED_EDGE('',*,*,#3612,.T.);
#5145=ORIENTED_EDGE('',*,*,#3571,.F.);
#5146=ORIENTED_EDGE('',*,*,#3618,.T.);
#5147=ORIENTED_EDGE('',*,*,#3619,.T.);
#5148=ORIENTED_EDGE('',*,*,#3620,.T.);
#5149=ORIENTED_EDGE('',*,*,#3574,.F.);
#5150=ORIENTED_EDGE('',*,*,#3621,.T.);
#5151=ORIENTED_EDGE('',*,*,#3622,.T.);
#5152=ORIENTED_EDGE('',*,*,#3618,.F.);
#5153=ORIENTED_EDGE('',*,*,#3576,.F.);
#5154=ORIENTED_EDGE('',*,*,#3583,.T.);
#5155=ORIENTED_EDGE('',*,*,#3623,.T.);
#5156=ORIENTED_EDGE('',*,*,#3621,.F.);
#5157=ORIENTED_EDGE('',*,*,#3598,.F.);
#5158=ORIENTED_EDGE('',*,*,#3605,.T.);
#5159=ORIENTED_EDGE('',*,*,#3624,.T.);
#5160=ORIENTED_EDGE('',*,*,#3625,.T.);
#5161=ORIENTED_EDGE('',*,*,#3596,.F.);
#5162=ORIENTED_EDGE('',*,*,#3625,.F.);
#5163=ORIENTED_EDGE('',*,*,#3626,.T.);
#5164=ORIENTED_EDGE('',*,*,#3627,.T.);
#5165=ORIENTED_EDGE('',*,*,#3593,.F.);
#5166=ORIENTED_EDGE('',*,*,#3627,.F.);
#5167=ORIENTED_EDGE('',*,*,#3628,.T.);
#5168=ORIENTED_EDGE('',*,*,#3629,.T.);
#5169=ORIENTED_EDGE('',*,*,#3628,.F.);
#5170=ORIENTED_EDGE('',*,*,#3626,.F.);
#5171=ORIENTED_EDGE('',*,*,#3624,.F.);
#5172=ORIENTED_EDGE('',*,*,#3604,.T.);
#5173=ORIENTED_EDGE('',*,*,#3630,.T.);
#5174=ORIENTED_EDGE('',*,*,#3631,.F.);
#5175=ORIENTED_EDGE('',*,*,#3632,.T.);
#5176=ORIENTED_EDGE('',*,*,#3633,.T.);
#5177=ORIENTED_EDGE('',*,*,#3634,.F.);
#5178=ORIENTED_EDGE('',*,*,#3635,.T.);
#5179=ORIENTED_EDGE('',*,*,#3636,.F.);
#5180=ORIENTED_EDGE('',*,*,#3637,.F.);
#5181=ORIENTED_EDGE('',*,*,#3638,.F.);
#5182=ORIENTED_EDGE('',*,*,#3637,.T.);
#5183=ORIENTED_EDGE('',*,*,#3639,.F.);
#5184=ORIENTED_EDGE('',*,*,#3640,.F.);
#5185=ORIENTED_EDGE('',*,*,#3641,.F.);
#5186=ORIENTED_EDGE('',*,*,#3640,.T.);
#5187=ORIENTED_EDGE('',*,*,#3642,.F.);
#5188=ORIENTED_EDGE('',*,*,#3643,.F.);
#5189=ORIENTED_EDGE('',*,*,#3644,.F.);
#5190=ORIENTED_EDGE('',*,*,#3643,.T.);
#5191=ORIENTED_EDGE('',*,*,#3645,.F.);
#5192=ORIENTED_EDGE('',*,*,#3646,.F.);
#5193=ORIENTED_EDGE('',*,*,#3647,.F.);
#5194=ORIENTED_EDGE('',*,*,#3646,.T.);
#5195=ORIENTED_EDGE('',*,*,#3648,.F.);
#5196=ORIENTED_EDGE('',*,*,#3649,.F.);
#5197=ORIENTED_EDGE('',*,*,#3650,.F.);
#5198=ORIENTED_EDGE('',*,*,#3649,.T.);
#5199=ORIENTED_EDGE('',*,*,#3651,.F.);
#5200=ORIENTED_EDGE('',*,*,#3635,.F.);
#5201=ORIENTED_EDGE('',*,*,#3652,.T.);
#5202=ORIENTED_EDGE('',*,*,#3653,.T.);
#5203=ORIENTED_EDGE('',*,*,#3654,.T.);
#5204=ORIENTED_EDGE('',*,*,#3655,.T.);
#5205=ORIENTED_EDGE('',*,*,#3656,.T.);
#5206=ORIENTED_EDGE('',*,*,#3657,.T.);
#5207=ORIENTED_EDGE('',*,*,#3651,.T.);
#5208=ORIENTED_EDGE('',*,*,#3648,.T.);
#5209=ORIENTED_EDGE('',*,*,#3645,.T.);
#5210=ORIENTED_EDGE('',*,*,#3642,.T.);
#5211=ORIENTED_EDGE('',*,*,#3639,.T.);
#5212=ORIENTED_EDGE('',*,*,#3636,.T.);
#5213=ORIENTED_EDGE('',*,*,#3658,.T.);
#5214=ORIENTED_EDGE('',*,*,#3659,.T.);
#5215=ORIENTED_EDGE('',*,*,#3660,.T.);
#5216=ORIENTED_EDGE('',*,*,#3661,.T.);
#5217=ORIENTED_EDGE('',*,*,#3658,.F.);
#5218=ORIENTED_EDGE('',*,*,#3662,.T.);
#5219=ORIENTED_EDGE('',*,*,#3663,.T.);
#5220=ORIENTED_EDGE('',*,*,#3661,.F.);
#5221=ORIENTED_EDGE('',*,*,#3664,.F.);
#5222=ORIENTED_EDGE('',*,*,#3581,.F.);
#5223=ORIENTED_EDGE('',*,*,#3665,.F.);
#5224=ORIENTED_EDGE('',*,*,#3666,.T.);
#5225=ORIENTED_EDGE('',*,*,#3667,.T.);
#5226=ORIENTED_EDGE('',*,*,#3631,.T.);
#5227=ORIENTED_EDGE('',*,*,#3668,.T.);
#5228=ORIENTED_EDGE('',*,*,#3666,.F.);
#5229=ORIENTED_EDGE('',*,*,#3669,.T.);
#5230=ORIENTED_EDGE('',*,*,#3670,.T.);
#5231=ORIENTED_EDGE('',*,*,#3668,.F.);
#5232=ORIENTED_EDGE('',*,*,#3630,.F.);
#5233=ORIENTED_EDGE('',*,*,#3603,.F.);
#5234=ORIENTED_EDGE('',*,*,#3671,.F.);
#5235=ORIENTED_EDGE('',*,*,#3670,.F.);
#5236=ORIENTED_EDGE('',*,*,#3672,.T.);
#5237=ORIENTED_EDGE('',*,*,#3673,.T.);
#5238=ORIENTED_EDGE('',*,*,#3674,.T.);
#5239=ORIENTED_EDGE('',*,*,#3669,.F.);
#5240=ORIENTED_EDGE('',*,*,#3671,.T.);
#5241=ORIENTED_EDGE('',*,*,#3602,.T.);
#5242=ORIENTED_EDGE('',*,*,#3675,.T.);
#5243=ORIENTED_EDGE('',*,*,#3676,.F.);
#5244=ORIENTED_EDGE('',*,*,#3677,.T.);
#5245=ORIENTED_EDGE('',*,*,#3678,.F.);
#5246=ORIENTED_EDGE('',*,*,#3679,.T.);
#5247=ORIENTED_EDGE('',*,*,#3680,.T.);
#5248=ORIENTED_EDGE('',*,*,#3681,.T.);
#5249=ORIENTED_EDGE('',*,*,#3613,.T.);
#5250=ORIENTED_EDGE('',*,*,#3617,.T.);
#5251=ORIENTED_EDGE('',*,*,#3564,.T.);
#5252=ORIENTED_EDGE('',*,*,#3682,.F.);
#5253=ORIENTED_EDGE('',*,*,#3683,.T.);
#5254=ORIENTED_EDGE('',*,*,#3672,.F.);
#5255=ORIENTED_EDGE('',*,*,#3675,.F.);
#5256=ORIENTED_EDGE('',*,*,#3601,.T.);
#5257=ORIENTED_EDGE('',*,*,#3607,.T.);
#5258=ORIENTED_EDGE('',*,*,#3609,.F.);
#5259=ORIENTED_EDGE('',*,*,#3611,.T.);
#5260=ORIENTED_EDGE('',*,*,#3684,.T.);
#5261=ORIENTED_EDGE('',*,*,#3685,.F.);
#5262=ORIENTED_EDGE('',*,*,#3686,.F.);
#5263=ORIENTED_EDGE('',*,*,#3579,.T.);
#5264=ORIENTED_EDGE('',*,*,#3585,.T.);
#5265=ORIENTED_EDGE('',*,*,#3587,.F.);
#5266=ORIENTED_EDGE('',*,*,#3589,.T.);
#5267=ORIENTED_EDGE('',*,*,#3663,.F.);
#5268=ORIENTED_EDGE('',*,*,#3685,.T.);
#5269=ORIENTED_EDGE('',*,*,#3687,.T.);
#5270=ORIENTED_EDGE('',*,*,#3688,.T.);
#5271=ORIENTED_EDGE('',*,*,#3662,.F.);
#5272=ORIENTED_EDGE('',*,*,#3665,.T.);
#5273=ORIENTED_EDGE('',*,*,#3580,.T.);
#5274=ORIENTED_EDGE('',*,*,#3686,.T.);
#5275=ORIENTED_EDGE('',*,*,#3563,.T.);
#5276=ORIENTED_EDGE('',*,*,#3689,.T.);
#5277=ORIENTED_EDGE('',*,*,#3614,.T.);
#5278=ORIENTED_EDGE('',*,*,#3682,.T.);
#5279=ORIENTED_EDGE('',*,*,#3689,.F.);
#5280=ORIENTED_EDGE('',*,*,#3562,.T.);
#5281=ORIENTED_EDGE('',*,*,#3690,.F.);
#5282=ORIENTED_EDGE('',*,*,#3615,.F.);
#5283=ORIENTED_EDGE('',*,*,#3590,.F.);
#5284=ORIENTED_EDGE('',*,*,#3629,.F.);
#5285=ORIENTED_EDGE('',*,*,#3633,.F.);
#5286=ORIENTED_EDGE('',*,*,#3691,.F.);
#5287=ORIENTED_EDGE('',*,*,#3673,.F.);
#5288=ORIENTED_EDGE('',*,*,#3683,.F.);
#5289=ORIENTED_EDGE('',*,*,#3610,.T.);
#5290=ORIENTED_EDGE('',*,*,#3667,.F.);
#5291=ORIENTED_EDGE('',*,*,#3674,.F.);
#5292=ORIENTED_EDGE('',*,*,#3691,.T.);
#5293=ORIENTED_EDGE('',*,*,#3632,.F.);
#5294=ORIENTED_EDGE('',*,*,#3568,.F.);
#5295=ORIENTED_EDGE('',*,*,#3620,.F.);
#5296=ORIENTED_EDGE('',*,*,#3692,.F.);
#5297=ORIENTED_EDGE('',*,*,#3693,.F.);
#5298=ORIENTED_EDGE('',*,*,#3687,.F.);
#5299=ORIENTED_EDGE('',*,*,#3684,.F.);
#5300=ORIENTED_EDGE('',*,*,#3588,.T.);
#5301=ORIENTED_EDGE('',*,*,#3659,.F.);
#5302=ORIENTED_EDGE('',*,*,#3688,.F.);
#5303=ORIENTED_EDGE('',*,*,#3693,.T.);
#5304=ORIENTED_EDGE('',*,*,#3694,.F.);
#5305=ORIENTED_EDGE('',*,*,#3623,.F.);
#5306=ORIENTED_EDGE('',*,*,#3582,.T.);
#5307=ORIENTED_EDGE('',*,*,#3664,.T.);
#5308=ORIENTED_EDGE('',*,*,#3660,.F.);
#5309=ORIENTED_EDGE('',*,*,#3694,.T.);
#5310=ORIENTED_EDGE('',*,*,#3692,.T.);
#5311=ORIENTED_EDGE('',*,*,#3619,.F.);
#5312=ORIENTED_EDGE('',*,*,#3622,.F.);
#5313=ORIENTED_EDGE('',*,*,#3567,.F.);
#5314=ORIENTED_EDGE('',*,*,#3616,.T.);
#5315=ORIENTED_EDGE('',*,*,#3690,.T.);
#5316=ORIENTED_EDGE('',*,*,#3561,.T.);
#5317=ORIENTED_EDGE('',*,*,#3677,.F.);
#5318=ORIENTED_EDGE('',*,*,#3695,.T.);
#5319=ORIENTED_EDGE('',*,*,#3655,.F.);
#5320=ORIENTED_EDGE('',*,*,#3696,.F.);
#5321=ORIENTED_EDGE('',*,*,#3678,.T.);
#5322=ORIENTED_EDGE('',*,*,#3696,.T.);
#5323=ORIENTED_EDGE('',*,*,#3654,.F.);
#5324=ORIENTED_EDGE('',*,*,#3697,.F.);
#5325=ORIENTED_EDGE('',*,*,#3679,.F.);
#5326=ORIENTED_EDGE('',*,*,#3697,.T.);
#5327=ORIENTED_EDGE('',*,*,#3653,.F.);
#5328=ORIENTED_EDGE('',*,*,#3698,.F.);
#5329=ORIENTED_EDGE('',*,*,#3680,.F.);
#5330=ORIENTED_EDGE('',*,*,#3698,.T.);
#5331=ORIENTED_EDGE('',*,*,#3652,.F.);
#5332=ORIENTED_EDGE('',*,*,#3699,.F.);
#5333=ORIENTED_EDGE('',*,*,#3681,.F.);
#5334=ORIENTED_EDGE('',*,*,#3699,.T.);
#5335=ORIENTED_EDGE('',*,*,#3657,.F.);
#5336=ORIENTED_EDGE('',*,*,#3700,.F.);
#5337=ORIENTED_EDGE('',*,*,#3676,.T.);
#5338=ORIENTED_EDGE('',*,*,#3700,.T.);
#5339=ORIENTED_EDGE('',*,*,#3656,.F.);
#5340=ORIENTED_EDGE('',*,*,#3695,.F.);
#5341=ORIENTED_EDGE('',*,*,#3634,.T.);
#5342=ORIENTED_EDGE('',*,*,#3638,.T.);
#5343=ORIENTED_EDGE('',*,*,#3641,.T.);
#5344=ORIENTED_EDGE('',*,*,#3644,.T.);
#5345=ORIENTED_EDGE('',*,*,#3647,.T.);
#5346=ORIENTED_EDGE('',*,*,#3650,.T.);
#5347=B_SPLINE_SURFACE_WITH_KNOTS('',3,1,((#7613,#7614),(#7615,#7616),(#7617,
#7618),(#7619,#7620),(#7621,#7622)),.UNSPECIFIED.,.F.,.F.,.F.,(4,1,4),(2,
2),(0.,0.178927764265308,0.340974805238946),(0.,0.0499999999999998),
 .UNSPECIFIED.);
#5348=B_SPLINE_SURFACE_WITH_KNOTS('',3,1,((#7639,#7640),(#7641,#7642),(#7643,
#7644),(#7645,#7646),(#7647,#7648)),.UNSPECIFIED.,.F.,.F.,.F.,(4,1,4),(2,
2),(0.,0.157712009274549,0.319311158381894),(0.,0.0499999999999998),
 .UNSPECIFIED.);
#5349=B_SPLINE_SURFACE_WITH_KNOTS('',3,1,((#7662,#7663),(#7664,#7665),(#7666,
#7667),(#7668,#7669),(#7670,#7671)),.UNSPECIFIED.,.F.,.F.,.F.,(4,1,4),(2,
2),(0.,0.183593912327471,0.348937688732586),(0.,0.0499999999999998),
 .UNSPECIFIED.);
#5350=B_SPLINE_SURFACE_WITH_KNOTS('',3,1,((#7685,#7686),(#7687,#7688),(#7689,
#7690),(#7691,#7692),(#7693,#7694)),.UNSPECIFIED.,.F.,.F.,.F.,(4,1,4),(2,
2),(0.,0.170948130331111,0.37621290890272),(0.,0.0499999999999998),
 .UNSPECIFIED.);
#5351=B_SPLINE_SURFACE_WITH_KNOTS('',3,1,((#7708,#7709),(#7710,#7711),(#7712,
#7713),(#7714,#7715),(#7716,#7717)),.UNSPECIFIED.,.F.,.F.,.F.,(4,1,4),(2,
2),(0.,0.158243998204298,0.313974526588606),(0.,0.0499999999999998),
 .UNSPECIFIED.);
#5352=B_SPLINE_SURFACE_WITH_KNOTS('',3,1,((#7731,#7732),(#7733,#7734),(#7735,
#7736),(#7737,#7738),(#7739,#7740)),.UNSPECIFIED.,.F.,.F.,.F.,(4,1,4),(2,
2),(0.,0.161636029155548,0.324188406778066),(0.,0.0499999999999998),
 .UNSPECIFIED.);
#5353=B_SPLINE_SURFACE_WITH_KNOTS('',3,1,((#7754,#7755),(#7756,#7757),(#7758,
#7759),(#7760,#7761),(#7762,#7763)),.UNSPECIFIED.,.F.,.F.,.F.,(4,1,4),(2,
2),(0.,0.203742190018265,0.378832554576858),(0.,0.0499999999999998),
 .UNSPECIFIED.);
#5354=B_SPLINE_SURFACE_WITH_KNOTS('',3,1,((#7777,#7778),(#7779,#7780),(#7781,
#7782),(#7783,#7784),(#7785,#7786)),.UNSPECIFIED.,.F.,.F.,.F.,(4,1,4),(2,
2),(0.,0.162362326476145,0.320546047134605),(0.,0.0499999999999998),
 .UNSPECIFIED.);
#5355=B_SPLINE_SURFACE_WITH_KNOTS('',3,1,((#7797,#7798),(#7799,#7800),(#7801,
#7802),(#7803,#7804),(#7805,#7806)),.UNSPECIFIED.,.F.,.F.,.F.,(4,1,4),(2,
2),(0.,0.144009861131623,0.274446773941098),(0.,0.0499999999999998),
 .UNSPECIFIED.);
#5356=B_SPLINE_SURFACE_WITH_KNOTS('',3,1,((#7823,#7824),(#7825,#7826),(#7827,
#7828),(#7829,#7830),(#7831,#7832)),.UNSPECIFIED.,.F.,.F.,.F.,(4,1,4),(2,
2),(0.,0.12819266044686,0.267586909140659),(0.,0.0499999999999998),
 .UNSPECIFIED.);
#5357=B_SPLINE_SURFACE_WITH_KNOTS('',3,1,((#7846,#7847),(#7848,#7849),(#7850,
#7851),(#7852,#7853),(#7854,#7855)),.UNSPECIFIED.,.F.,.F.,.F.,(4,1,4),(2,
2),(0.,0.140838884248006,0.269441913778444),(0.,0.0499999999999998),
 .UNSPECIFIED.);
#5358=B_SPLINE_SURFACE_WITH_KNOTS('',3,1,((#7869,#7870),(#7871,#7872),(#7873,
#7874),(#7875,#7876),(#7877,#7878)),.UNSPECIFIED.,.F.,.F.,.F.,(4,1,4),(2,
2),(0.,0.131054405519094,0.279160862354388),(0.,0.0499999999999998),
 .UNSPECIFIED.);
#5359=B_SPLINE_SURFACE_WITH_KNOTS('',3,1,((#7892,#7893),(#7894,#7895),(#7896,
#7897),(#7898,#7899),(#7900,#7901)),.UNSPECIFIED.,.F.,.F.,.F.,(4,1,4),(2,
2),(0.,0.142524813783769,0.272156129047022),(0.,0.0499999999999998),
 .UNSPECIFIED.);
#5360=B_SPLINE_SURFACE_WITH_KNOTS('',3,1,((#7915,#7916),(#7917,#7918),(#7919,
#7920),(#7921,#7922),(#7923,#7924)),.UNSPECIFIED.,.F.,.F.,.F.,(4,1,4),(2,
2),(0.,0.128208235709114,0.269007120784105),(0.,0.0499999999999998),
 .UNSPECIFIED.);
#5361=B_SPLINE_SURFACE_WITH_KNOTS('',3,1,((#7938,#7939),(#7940,#7941),(#7942,
#7943),(#7944,#7945),(#7946,#7947)),.UNSPECIFIED.,.F.,.F.,.F.,(4,1,4),(2,
2),(0.,0.147826896434163,0.277870457746893),(0.,0.0499999999999998),
 .UNSPECIFIED.);
#5362=B_SPLINE_SURFACE_WITH_KNOTS('',3,1,((#7961,#7962),(#7963,#7964),(#7965,
#7966),(#7967,#7968),(#7969,#7970)),.UNSPECIFIED.,.F.,.F.,.F.,(4,1,4),(2,
2),(0.,0.129615451148355,0.270735490454523),(0.,0.0499999999999998),
 .UNSPECIFIED.);
#5363=B_SPLINE_SURFACE_WITH_KNOTS('',3,1,((#7981,#7982),(#7983,#7984),(#7985,
#7986),(#7987,#7988),(#7989,#7990)),.UNSPECIFIED.,.F.,.F.,.F.,(4,1,4),(2,
2),(0.,0.224754353049346,0.446175364062742),(0.,0.0499999999999998),
 .UNSPECIFIED.);
#5364=B_SPLINE_SURFACE_WITH_KNOTS('',3,1,((#8007,#8008),(#8009,#8010),(#8011,
#8012),(#8013,#8014),(#8015,#8016)),.UNSPECIFIED.,.F.,.F.,.F.,(4,1,4),(2,
2),(0.,0.367862486833545,0.752531744772804),(0.,0.0499999999999998),
 .UNSPECIFIED.);
#5365=B_SPLINE_SURFACE_WITH_KNOTS('',3,1,((#8030,#8031),(#8032,#8033),(#8034,
#8035),(#8036,#8037),(#8038,#8039)),.UNSPECIFIED.,.F.,.F.,.F.,(4,1,4),(2,
2),(0.,0.361563610975295,0.692020730903996),(0.,0.0499999999999998),
 .UNSPECIFIED.);
#5366=B_SPLINE_SURFACE_WITH_KNOTS('',3,1,((#8053,#8054),(#8055,#8056),(#8057,
#8058),(#8059,#8060),(#8061,#8062)),.UNSPECIFIED.,.F.,.F.,.F.,(4,1,4),(2,
2),(0.,0.348488230070034,0.731712573687511),(0.,0.0499999999999998),
 .UNSPECIFIED.);
#5367=B_SPLINE_SURFACE_WITH_KNOTS('',3,1,((#8076,#8077),(#8078,#8079),(#8080,
#8081),(#8082,#8083),(#8084,#8085)),.UNSPECIFIED.,.F.,.F.,.F.,(4,1,4),(2,
2),(0.,0.364895505317862,0.707385124868097),(0.,0.0499999999999998),
 .UNSPECIFIED.);
#5368=B_SPLINE_SURFACE_WITH_KNOTS('',3,1,((#8099,#8100),(#8101,#8102),(#8103,
#8104),(#8105,#8106),(#8107,#8108)),.UNSPECIFIED.,.F.,.F.,.F.,(4,1,4),(2,
2),(0.,0.218538045377399,0.446728570375711),(0.,0.0499999999999998),
 .UNSPECIFIED.);
#5369=B_SPLINE_SURFACE_WITH_KNOTS('',3,1,((#8122,#8123),(#8124,#8125),(#8126,
#8127),(#8128,#8129),(#8130,#8131)),.UNSPECIFIED.,.F.,.F.,.F.,(4,1,4),(2,
2),(0.,0.240476037027201,0.462747137961023),(0.,0.0499999999999998),
 .UNSPECIFIED.);
#5370=B_SPLINE_SURFACE_WITH_KNOTS('',3,1,((#8145,#8146),(#8147,#8148),(#8149,
#8150),(#8151,#8152),(#8153,#8154)),.UNSPECIFIED.,.F.,.F.,.F.,(4,1,4),(2,
2),(0.,0.185099977078429,0.379501692597126),(0.,0.0499999999999998),
 .UNSPECIFIED.);
#5371=B_SPLINE_SURFACE_WITH_KNOTS('',3,1,((#8168,#8169),(#8170,#8171),(#8172,
#8173),(#8174,#8175),(#8176,#8177)),.UNSPECIFIED.,.F.,.F.,.F.,(4,1,4),(2,
2),(0.,0.190003059011228,0.37349630075039),(0.,0.0499999999999998),
 .UNSPECIFIED.);
#5372=B_SPLINE_SURFACE_WITH_KNOTS('',3,1,((#8191,#8192),(#8193,#8194),(#8195,
#8196),(#8197,#8198),(#8199,#8200)),.UNSPECIFIED.,.F.,.F.,.F.,(4,1,4),(2,
2),(0.,0.291044809810966,0.588912881362919),(0.,0.0499999999999998),
 .UNSPECIFIED.);
#5373=B_SPLINE_SURFACE_WITH_KNOTS('',3,1,((#8214,#8215),(#8216,#8217),(#8218,
#8219),(#8220,#8221),(#8222,#8223)),.UNSPECIFIED.,.F.,.F.,.F.,(4,1,4),(2,
2),(0.,0.366294017268839,0.679564114075108),(0.,0.0499999999999998),
 .UNSPECIFIED.);
#5374=B_SPLINE_SURFACE_WITH_KNOTS('',3,1,((#8237,#8238),(#8239,#8240),(#8241,
#8242),(#8243,#8244),(#8245,#8246)),.UNSPECIFIED.,.F.,.F.,.F.,(4,1,4),(2,
2),(0.,0.312847421165984,0.68155804686214),(0.,0.0499999999999998),
 .UNSPECIFIED.);
#5375=B_SPLINE_SURFACE_WITH_KNOTS('',3,1,((#8260,#8261),(#8262,#8263),(#8264,
#8265),(#8266,#8267),(#8268,#8269)),.UNSPECIFIED.,.F.,.F.,.F.,(4,1,4),(2,
2),(0.,0.297776009404529,0.587971727600303),(0.,0.0499999999999998),
 .UNSPECIFIED.);
#5376=B_SPLINE_SURFACE_WITH_KNOTS('',3,1,((#8283,#8284),(#8285,#8286),(#8287,
#8288),(#8289,#8290),(#8291,#8292)),.UNSPECIFIED.,.F.,.F.,.F.,(4,1,4),(2,
2),(0.,0.180041751787689,0.361589487718071),(0.,0.0499999999999998),
 .UNSPECIFIED.);
#5377=B_SPLINE_SURFACE_WITH_KNOTS('',3,1,((#8306,#8307),(#8308,#8309),(#8310,
#8311),(#8312,#8313),(#8314,#8315)),.UNSPECIFIED.,.F.,.F.,.F.,(4,1,4),(2,
2),(0.,0.212553544871783,0.401008917810356),(0.,0.0499999999999998),
 .UNSPECIFIED.);
#5378=B_SPLINE_SURFACE_WITH_KNOTS('',3,1,((#8329,#8330),(#8331,#8332),(#8333,
#8334),(#8335,#8336),(#8337,#8338)),.UNSPECIFIED.,.F.,.F.,.F.,(4,1,4),(2,
2),(0.,0.227285481225129,0.477208340913534),(0.,0.0499999999999998),
 .UNSPECIFIED.);
#5379=B_SPLINE_SURFACE_WITH_KNOTS('',3,3,((#8491,#8492,#8493,#8494,#8495),
(#8496,#8497,#8498,#8499,#8500),(#8501,#8502,#8503,#8504,#8505),(#8506,
#8507,#8508,#8509,#8510)),.UNSPECIFIED.,.F.,.F.,.F.,(4,4),(4,1,4),(0.,1.),
(2.66729281423935E-16,0.152115334629934,0.354935780803179),
 .UNSPECIFIED.);
#5380=ADVANCED_FACE('',(#531),#5347,.F.);
#5381=ADVANCED_FACE('',(#532),#5348,.F.);
#5382=ADVANCED_FACE('',(#533),#5349,.F.);
#5383=ADVANCED_FACE('',(#534),#5350,.F.);
#5384=ADVANCED_FACE('',(#535),#5351,.F.);
#5385=ADVANCED_FACE('',(#536),#5352,.F.);
#5386=ADVANCED_FACE('',(#537),#5353,.F.);
#5387=ADVANCED_FACE('',(#538),#5354,.F.);
#5388=ADVANCED_FACE('',(#539),#5355,.F.);
#5389=ADVANCED_FACE('',(#540),#5356,.F.);
#5390=ADVANCED_FACE('',(#541),#5357,.F.);
#5391=ADVANCED_FACE('',(#542),#5358,.F.);
#5392=ADVANCED_FACE('',(#543),#5359,.F.);
#5393=ADVANCED_FACE('',(#544),#5360,.F.);
#5394=ADVANCED_FACE('',(#545),#5361,.F.);
#5395=ADVANCED_FACE('',(#546),#5362,.F.);
#5396=ADVANCED_FACE('',(#547),#5363,.F.);
#5397=ADVANCED_FACE('',(#548),#5364,.F.);
#5398=ADVANCED_FACE('',(#549),#5365,.F.);
#5399=ADVANCED_FACE('',(#550),#5366,.F.);
#5400=ADVANCED_FACE('',(#551),#5367,.F.);
#5401=ADVANCED_FACE('',(#552),#5368,.F.);
#5402=ADVANCED_FACE('',(#553),#5369,.F.);
#5403=ADVANCED_FACE('',(#554),#5370,.F.);
#5404=ADVANCED_FACE('',(#555),#5371,.F.);
#5405=ADVANCED_FACE('',(#556),#5372,.F.);
#5406=ADVANCED_FACE('',(#557),#5373,.F.);
#5407=ADVANCED_FACE('',(#558),#5374,.F.);
#5408=ADVANCED_FACE('',(#559),#5375,.F.);
#5409=ADVANCED_FACE('',(#560),#5376,.F.);
#5410=ADVANCED_FACE('',(#561),#5377,.F.);
#5411=ADVANCED_FACE('',(#562),#5378,.F.);
#5412=ADVANCED_FACE('',(#563,#324,#325),#373,.T.);
#5413=ADVANCED_FACE('',(#564,#326,#327,#328),#374,.T.);
#5414=ADVANCED_FACE('',(#565),#375,.T.);
#5415=ADVANCED_FACE('',(#566),#37,.F.);
#5416=ADVANCED_FACE('',(#567),#376,.F.);
#5417=ADVANCED_FACE('',(#568),#38,.F.);
#5418=ADVANCED_FACE('',(#569),#377,.F.);
#5419=ADVANCED_FACE('',(#570),#39,.F.);
#5420=ADVANCED_FACE('',(#571),#378,.F.);
#5421=ADVANCED_FACE('',(#572),#40,.F.);
#5422=ADVANCED_FACE('',(#573),#379,.F.);
#5423=ADVANCED_FACE('',(#574),#41,.F.);
#5424=ADVANCED_FACE('',(#575),#42,.F.);
#5425=ADVANCED_FACE('',(#576),#43,.F.);
#5426=ADVANCED_FACE('',(#577),#44,.F.);
#5427=ADVANCED_FACE('',(#578),#380,.F.);
#5428=ADVANCED_FACE('',(#579),#381,.F.);
#5429=ADVANCED_FACE('',(#580),#45,.F.);
#5430=ADVANCED_FACE('',(#581),#382,.F.);
#5431=ADVANCED_FACE('',(#582),#46,.F.);
#5432=ADVANCED_FACE('',(#583),#383,.F.);
#5433=ADVANCED_FACE('',(#584),#47,.F.);
#5434=ADVANCED_FACE('',(#585),#48,.F.);
#5435=ADVANCED_FACE('',(#586),#32,.F.);
#5436=ADVANCED_FACE('',(#587),#5379,.T.);
#5437=ADVANCED_FACE('',(#588,#329,#330,#331),#384,.F.);
#5438=ADVANCED_FACE('',(#589),#26,.T.);
#5439=ADVANCED_FACE('',(#590),#33,.F.);
#5440=ADVANCED_FACE('',(#591),#27,.T.);
#5441=ADVANCED_FACE('',(#592),#385,.T.);
#5442=ADVANCED_FACE('',(#593),#386,.T.);
#5443=ADVANCED_FACE('',(#594),#49,.F.);
#5444=ADVANCED_FACE('',(#595,#332),#387,.F.);
#5445=ADVANCED_FACE('',(#596),#50,.F.);
#5446=ADVANCED_FACE('',(#597),#51,.F.);
#5447=ADVANCED_FACE('',(#598),#52,.F.);
#5448=ADVANCED_FACE('',(#599),#53,.F.);
#5449=ADVANCED_FACE('',(#600),#54,.F.);
#5450=ADVANCED_FACE('',(#601),#55,.F.);
#5451=ADVANCED_FACE('',(#602),#388,.T.);
#5452=ADVANCED_FACE('',(#603),#56,.F.);
#5453=ADVANCED_FACE('',(#604),#389,.T.);
#5454=ADVANCED_FACE('',(#605),#57,.F.);
#5455=ADVANCED_FACE('',(#606),#390,.F.);
#5456=ADVANCED_FACE('',(#607),#58,.T.);
#5457=ADVANCED_FACE('',(#608),#391,.T.);
#5458=ADVANCED_FACE('',(#609),#392,.T.);
#5459=ADVANCED_FACE('',(#610),#59,.T.);
#5460=ADVANCED_FACE('',(#611),#60,.F.);
#5461=ADVANCED_FACE('',(#612),#393,.T.);
#5462=ADVANCED_FACE('',(#613),#61,.F.);
#5463=ADVANCED_FACE('',(#614),#394,.T.);
#5464=ADVANCED_FACE('',(#615),#62,.F.);
#5465=ADVANCED_FACE('',(#616),#395,.F.);
#5466=ADVANCED_FACE('',(#617),#63,.F.);
#5467=ADVANCED_FACE('',(#618),#396,.F.);
#5468=ADVANCED_FACE('',(#619),#64,.T.);
#5469=ADVANCED_FACE('',(#620),#397,.T.);
#5470=ADVANCED_FACE('',(#621),#398,.T.);
#5471=ADVANCED_FACE('',(#622),#65,.F.);
#5472=ADVANCED_FACE('',(#623),#399,.T.);
#5473=ADVANCED_FACE('',(#624),#66,.T.);
#5474=ADVANCED_FACE('',(#625),#400,.T.);
#5475=ADVANCED_FACE('',(#626),#67,.F.);
#5476=ADVANCED_FACE('',(#627),#401,.F.);
#5477=ADVANCED_FACE('',(#628),#68,.F.);
#5478=ADVANCED_FACE('',(#629),#69,.F.);
#5479=ADVANCED_FACE('',(#630),#402,.F.);
#5480=ADVANCED_FACE('',(#631),#70,.F.);
#5481=ADVANCED_FACE('',(#632),#21,.F.);
#5482=ADVANCED_FACE('',(#633),#71,.F.);
#5483=ADVANCED_FACE('',(#634),#22,.F.);
#5484=ADVANCED_FACE('',(#635),#72,.F.);
#5485=ADVANCED_FACE('',(#636),#73,.F.);
#5486=ADVANCED_FACE('',(#637),#74,.F.);
#5487=ADVANCED_FACE('',(#638),#75,.F.);
#5488=ADVANCED_FACE('',(#639,#333,#334),#403,.T.);
#5489=ADVANCED_FACE('',(#640,#335,#336,#337),#404,.T.);
#5490=ADVANCED_FACE('',(#641,#338,#339,#340,#341),#405,.T.);
#5491=ADVANCED_FACE('',(#642),#76,.T.);
#5492=ADVANCED_FACE('',(#643),#28,.F.);
#5493=ADVANCED_FACE('',(#644),#77,.T.);
#5494=ADVANCED_FACE('',(#645),#29,.F.);
#5495=ADVANCED_FACE('',(#646),#78,.T.);
#5496=ADVANCED_FACE('',(#647,#342,#343),#406,.T.);
#5497=ADVANCED_FACE('',(#648),#79,.T.);
#5498=ADVANCED_FACE('',(#649),#407,.T.);
#5499=ADVANCED_FACE('',(#650),#80,.T.);
#5500=ADVANCED_FACE('',(#651,#344,#345,#346,#347),#408,.T.);
#5501=ADVANCED_FACE('',(#652,#348,#349),#409,.T.);
#5502=ADVANCED_FACE('',(#653),#410,.T.);
#5503=ADVANCED_FACE('',(#654),#411,.T.);
#5504=ADVANCED_FACE('',(#655,#350,#351,#352,#353),#412,.T.);
#5505=ADVANCED_FACE('',(#656),#413,.T.);
#5506=ADVANCED_FACE('',(#657),#414,.T.);
#5507=ADVANCED_FACE('',(#658),#415,.T.);
#5508=ADVANCED_FACE('',(#659),#416,.T.);
#5509=ADVANCED_FACE('',(#660),#417,.T.);
#5510=ADVANCED_FACE('',(#661),#418,.T.);
#5511=ADVANCED_FACE('',(#662),#419,.T.);
#5512=ADVANCED_FACE('',(#663),#420,.T.);
#5513=ADVANCED_FACE('',(#664),#421,.T.);
#5514=ADVANCED_FACE('',(#665,#354,#355,#356,#357),#422,.T.);
#5515=ADVANCED_FACE('',(#666),#423,.T.);
#5516=ADVANCED_FACE('',(#667),#424,.T.);
#5517=ADVANCED_FACE('',(#668),#425,.T.);
#5518=ADVANCED_FACE('',(#669),#426,.T.);
#5519=ADVANCED_FACE('',(#670),#427,.T.);
#5520=ADVANCED_FACE('',(#671),#428,.T.);
#5521=ADVANCED_FACE('',(#672),#429,.T.);
#5522=ADVANCED_FACE('',(#673),#81,.T.);
#5523=ADVANCED_FACE('',(#674),#82,.F.);
#5524=ADVANCED_FACE('',(#675),#83,.T.);
#5525=ADVANCED_FACE('',(#676),#430,.T.);
#5526=ADVANCED_FACE('',(#677),#84,.T.);
#5527=ADVANCED_FACE('',(#678),#85,.F.);
#5528=ADVANCED_FACE('',(#679),#86,.T.);
#5529=ADVANCED_FACE('',(#680),#431,.T.);
#5530=ADVANCED_FACE('',(#681),#87,.T.);
#5531=ADVANCED_FACE('',(#682),#88,.F.);
#5532=ADVANCED_FACE('',(#683),#89,.T.);
#5533=ADVANCED_FACE('',(#684),#432,.T.);
#5534=ADVANCED_FACE('',(#685),#90,.T.);
#5535=ADVANCED_FACE('',(#686),#91,.F.);
#5536=ADVANCED_FACE('',(#687),#92,.T.);
#5537=ADVANCED_FACE('',(#688),#93,.F.);
#5538=ADVANCED_FACE('',(#689),#94,.F.);
#5539=ADVANCED_FACE('',(#690),#95,.F.);
#5540=ADVANCED_FACE('',(#691),#96,.T.);
#5541=ADVANCED_FACE('',(#692),#97,.T.);
#5542=ADVANCED_FACE('',(#693),#34,.T.);
#5543=ADVANCED_FACE('',(#694),#98,.F.);
#5544=ADVANCED_FACE('',(#695),#433,.F.);
#5545=ADVANCED_FACE('',(#696),#434,.T.);
#5546=ADVANCED_FACE('',(#697),#435,.F.);
#5547=ADVANCED_FACE('',(#698),#436,.F.);
#5548=ADVANCED_FACE('',(#699),#437,.F.);
#5549=ADVANCED_FACE('',(#700),#438,.F.);
#5550=ADVANCED_FACE('',(#701),#439,.F.);
#5551=ADVANCED_FACE('',(#702),#440,.F.);
#5552=ADVANCED_FACE('',(#703),#441,.F.);
#5553=ADVANCED_FACE('',(#704),#442,.F.);
#5554=ADVANCED_FACE('',(#705),#99,.F.);
#5555=ADVANCED_FACE('',(#706),#443,.F.);
#5556=ADVANCED_FACE('',(#707),#100,.F.);
#5557=ADVANCED_FACE('',(#708),#101,.F.);
#5558=ADVANCED_FACE('',(#709),#102,.F.);
#5559=ADVANCED_FACE('',(#710),#444,.F.);
#5560=ADVANCED_FACE('',(#711),#445,.T.);
#5561=ADVANCED_FACE('',(#712),#446,.T.);
#5562=ADVANCED_FACE('',(#713),#447,.F.);
#5563=ADVANCED_FACE('',(#714),#448,.T.);
#5564=ADVANCED_FACE('',(#715),#449,.T.);
#5565=ADVANCED_FACE('',(#716),#450,.T.);
#5566=ADVANCED_FACE('',(#717),#35,.F.);
#5567=ADVANCED_FACE('',(#718),#36,.F.);
#5568=ADVANCED_FACE('',(#719,#358),#451,.T.);
#5569=ADVANCED_FACE('',(#720),#103,.F.);
#5570=ADVANCED_FACE('',(#721,#359),#452,.T.);
#5571=ADVANCED_FACE('',(#722),#104,.F.);
#5572=ADVANCED_FACE('',(#723,#360),#453,.T.);
#5573=ADVANCED_FACE('',(#724),#105,.F.);
#5574=ADVANCED_FACE('',(#725),#106,.F.);
#5575=ADVANCED_FACE('',(#726),#454,.F.);
#5576=ADVANCED_FACE('',(#727),#455,.F.);
#5577=ADVANCED_FACE('',(#728),#456,.F.);
#5578=ADVANCED_FACE('',(#729),#457,.F.);
#5579=ADVANCED_FACE('',(#730),#458,.F.);
#5580=ADVANCED_FACE('',(#731),#459,.F.);
#5581=ADVANCED_FACE('',(#732),#460,.F.);
#5582=ADVANCED_FACE('',(#733),#461,.F.);
#5583=ADVANCED_FACE('',(#734),#462,.T.);
#5584=ADVANCED_FACE('',(#735),#463,.T.);
#5585=ADVANCED_FACE('',(#736),#464,.F.);
#5586=ADVANCED_FACE('',(#737),#465,.F.);
#5587=ADVANCED_FACE('',(#738,#361),#466,.F.);
#5588=ADVANCED_FACE('',(#739),#467,.F.);
#5589=ADVANCED_FACE('',(#740,#362),#468,.F.);
#5590=ADVANCED_FACE('',(#741),#469,.F.);
#5591=ADVANCED_FACE('',(#742,#363),#470,.F.);
#5592=ADVANCED_FACE('',(#743),#471,.F.);
#5593=ADVANCED_FACE('',(#744),#472,.F.);
#5594=ADVANCED_FACE('',(#745),#473,.F.);
#5595=ADVANCED_FACE('',(#746),#474,.F.);
#5596=ADVANCED_FACE('',(#747),#475,.F.);
#5597=ADVANCED_FACE('',(#748,#364),#476,.F.);
#5598=ADVANCED_FACE('',(#749),#477,.F.);
#5599=ADVANCED_FACE('',(#750,#365),#478,.F.);
#5600=ADVANCED_FACE('',(#751),#479,.F.);
#5601=ADVANCED_FACE('',(#752,#366),#480,.F.);
#5602=ADVANCED_FACE('',(#753),#481,.F.);
#5603=ADVANCED_FACE('',(#754),#482,.T.);
#5604=ADVANCED_FACE('',(#755),#483,.T.);
#5605=ADVANCED_FACE('',(#756),#484,.T.);
#5606=ADVANCED_FACE('',(#757),#107,.F.);
#5607=ADVANCED_FACE('',(#758),#485,.T.);
#5608=ADVANCED_FACE('',(#759),#486,.T.);
#5609=ADVANCED_FACE('',(#760),#108,.F.);
#5610=ADVANCED_FACE('',(#761),#487,.T.);
#5611=ADVANCED_FACE('',(#762),#488,.T.);
#5612=ADVANCED_FACE('',(#763),#489,.T.);
#5613=ADVANCED_FACE('',(#764),#490,.T.);
#5614=ADVANCED_FACE('',(#765),#491,.T.);
#5615=ADVANCED_FACE('',(#766),#492,.T.);
#5616=ADVANCED_FACE('',(#767),#493,.T.);
#5617=ADVANCED_FACE('',(#768,#367),#494,.T.);
#5618=ADVANCED_FACE('',(#769,#368),#495,.T.);
#5619=ADVANCED_FACE('',(#770),#109,.T.);
#5620=ADVANCED_FACE('',(#771),#496,.T.);
#5621=ADVANCED_FACE('',(#772),#497,.T.);
#5622=ADVANCED_FACE('',(#773),#110,.T.);
#5623=ADVANCED_FACE('',(#774),#30,.F.);
#5624=ADVANCED_FACE('',(#775),#111,.T.);
#5625=ADVANCED_FACE('',(#776),#498,.T.);
#5626=ADVANCED_FACE('',(#777),#499,.T.);
#5627=ADVANCED_FACE('',(#778),#112,.T.);
#5628=ADVANCED_FACE('',(#779),#500,.T.);
#5629=ADVANCED_FACE('',(#780),#113,.T.);
#5630=ADVANCED_FACE('',(#781),#31,.F.);
#5631=ADVANCED_FACE('',(#782),#114,.T.);
#5632=ADVANCED_FACE('',(#783),#501,.T.);
#5633=ADVANCED_FACE('',(#784),#502,.T.);
#5634=ADVANCED_FACE('',(#785),#115,.T.);
#5635=ADVANCED_FACE('',(#786),#503,.T.);
#5636=ADVANCED_FACE('',(#787),#504,.T.);
#5637=ADVANCED_FACE('',(#788),#505,.T.);
#5638=ADVANCED_FACE('',(#789),#506,.T.);
#5639=ADVANCED_FACE('',(#790),#13,.T.);
#5640=ADVANCED_FACE('',(#791),#507,.T.);
#5641=ADVANCED_FACE('',(#792),#508,.T.);
#5642=ADVANCED_FACE('',(#793),#14,.T.);
#5643=ADVANCED_FACE('',(#794),#509,.T.);
#5644=ADVANCED_FACE('',(#795),#510,.T.);
#5645=ADVANCED_FACE('',(#796),#511,.T.);
#5646=ADVANCED_FACE('',(#797),#512,.T.);
#5647=ADVANCED_FACE('',(#798),#513,.T.);
#5648=ADVANCED_FACE('',(#799),#116,.F.);
#5649=ADVANCED_FACE('',(#800),#514,.T.);
#5650=ADVANCED_FACE('',(#801),#117,.F.);
#5651=ADVANCED_FACE('',(#802,#369),#515,.T.);
#5652=ADVANCED_FACE('',(#803),#118,.F.);
#5653=ADVANCED_FACE('',(#804),#23,.F.);
#5654=ADVANCED_FACE('',(#805),#516,.T.);
#5655=ADVANCED_FACE('',(#806),#119,.F.);
#5656=ADVANCED_FACE('',(#807),#24,.F.);
#5657=ADVANCED_FACE('',(#808),#517,.T.);
#5658=ADVANCED_FACE('',(#809),#120,.F.);
#5659=ADVANCED_FACE('',(#810),#121,.F.);
#5660=ADVANCED_FACE('',(#811,#370,#371,#372),#518,.F.);
#5661=ADVANCED_FACE('',(#812),#122,.F.);
#5662=ADVANCED_FACE('',(#813),#123,.F.);
#5663=ADVANCED_FACE('',(#814),#124,.F.);
#5664=ADVANCED_FACE('',(#815),#519,.T.);
#5665=ADVANCED_FACE('',(#816),#520,.T.);
#5666=ADVANCED_FACE('',(#817),#521,.T.);
#5667=ADVANCED_FACE('',(#818),#522,.T.);
#5668=ADVANCED_FACE('',(#819),#523,.T.);
#5669=ADVANCED_FACE('',(#820),#524,.T.);
#5670=ADVANCED_FACE('',(#821),#525,.T.);
#5671=ADVANCED_FACE('',(#822),#526,.T.);
#5672=ADVANCED_FACE('',(#823),#125,.T.);
#5673=ADVANCED_FACE('',(#824),#527,.T.);
#5674=ADVANCED_FACE('',(#825),#528,.T.);
#5675=ADVANCED_FACE('',(#826),#529,.T.);
#5676=ADVANCED_FACE('',(#827),#126,.T.);
#5677=ADVANCED_FACE('',(#828),#530,.T.);
#5678=CLOSED_SHELL('',(#5380,#5381,#5382,#5383,#5384,#5385,#5386,#5387,
#5388,#5389,#5390,#5391,#5392,#5393,#5394,#5395,#5396,#5397,#5398,#5399,
#5400,#5401,#5402,#5403,#5404,#5405,#5406,#5407,#5408,#5409,#5410,#5411,
#5412,#5413,#5414,#5415,#5416,#5417,#5418,#5419,#5420,#5421,#5422,#5423,
#5424,#5425,#5426,#5427,#5428,#5429,#5430,#5431,#5432,#5433,#5434,#5435,
#5436,#5437,#5438,#5439,#5440,#5441,#5442,#5443,#5444,#5445,#5446,#5447,
#5448,#5449,#5450,#5451,#5452,#5453,#5454,#5455,#5456,#5457,#5458,#5459,
#5460,#5461,#5462,#5463,#5464,#5465,#5466,#5467,#5468,#5469,#5470,#5471,
#5472,#5473,#5474,#5475,#5476,#5477,#5478,#5479,#5480,#5481,#5482,#5483,
#5484,#5485,#5486,#5487,#5488,#5489,#5490,#5491,#5492,#5493,#5494,#5495,
#5496,#5497,#5498,#5499,#5500,#5501,#5502,#5503,#5504,#5505,#5506,#5507,
#5508,#5509,#5510,#5511,#5512,#5513,#5514,#5515,#5516,#5517,#5518,#5519,
#5520,#5521,#5522,#5523,#5524,#5525,#5526,#5527,#5528,#5529,#5530,#5531,
#5532,#5533,#5534,#5535,#5536,#5537,#5538,#5539,#5540,#5541,#5542,#5543,
#5544,#5545,#5546,#5547,#5548,#5549,#5550,#5551,#5552,#5553,#5554,#5555,
#5556,#5557,#5558,#5559,#5560,#5561,#5562,#5563,#5564,#5565,#5566,#5567,
#5568,#5569,#5570,#5571,#5572,#5573,#5574,#5575,#5576,#5577,#5578,#5579,
#5580,#5581,#5582,#5583,#5584,#5585,#5586,#5587,#5588,#5589,#5590,#5591,
#5592,#5593,#5594,#5595,#5596,#5597,#5598,#5599,#5600,#5601,#5602,#5603,
#5604,#5605,#5606,#5607,#5608,#5609,#5610,#5611,#5612,#5613,#5614,#5615,
#5616,#5617,#5618));
#5679=CLOSED_SHELL('',(#5619,#5620,#5621,#5622,#5623,#5624,#5625,#5626,
#5627,#5628,#5629,#5630,#5631,#5632,#5633,#5634,#5635,#5636,#5637,#5638,
#5639,#5640,#5641,#5642,#5643,#5644,#5645,#5646,#5647,#5648,#5649,#5650,
#5651,#5652,#5653,#5654,#5655,#5656,#5657,#5658,#5659,#5660,#5661,#5662,
#5663,#5664,#5665,#5666,#5667,#5668,#5669,#5670,#5671,#5672,#5673,#5674,
#5675,#5676,#5677));
#5680=DERIVED_UNIT_ELEMENT(#5682,1.);
#5681=DERIVED_UNIT_ELEMENT(#10066,-3.);
#5682=(
MASS_UNIT()
NAMED_UNIT(*)
SI_UNIT(.KILO.,.GRAM.)
);
#5683=DERIVED_UNIT((#5680,#5681));
#5684=MEASURE_REPRESENTATION_ITEM('density measure',
POSITIVE_RATIO_MEASURE(7850.),#5683);
#5685=PROPERTY_DEFINITION_REPRESENTATION(#5690,#5687);
#5686=PROPERTY_DEFINITION_REPRESENTATION(#5691,#5688);
#5687=REPRESENTATION('material name',(#5689),#10063);
#5688=REPRESENTATION('density',(#5684),#10063);
#5689=DESCRIPTIVE_REPRESENTATION_ITEM('PETG','PETG');
#5690=PROPERTY_DEFINITION('material property','material name',#10073);
#5691=PROPERTY_DEFINITION('material property','density of part',#10073);
#5692=AXIS2_PLACEMENT_3D('',#7612,#6151,#6152);
#5693=AXIS2_PLACEMENT_3D('',#8349,#6185,#6186);
#5694=AXIS2_PLACEMENT_3D('',#8350,#6187,#6188);
#5695=AXIS2_PLACEMENT_3D('',#8360,#6193,#6194);
#5696=AXIS2_PLACEMENT_3D('',#8362,#6195,#6196);
#5697=AXIS2_PLACEMENT_3D('',#8363,#6197,#6198);
#5698=AXIS2_PLACEMENT_3D('',#8364,#6199,#6200);
#5699=AXIS2_PLACEMENT_3D('',#8367,#6201,#6202);
#5700=AXIS2_PLACEMENT_3D('',#8371,#6204,#6205);
#5701=AXIS2_PLACEMENT_3D('',#8373,#6207,#6208);
#5702=AXIS2_PLACEMENT_3D('',#8379,#6212,#6213);
#5703=AXIS2_PLACEMENT_3D('',#8382,#6214,#6215);
#5704=AXIS2_PLACEMENT_3D('',#8386,#6217,#6218);
#5705=AXIS2_PLACEMENT_3D('',#8388,#6220,#6221);
#5706=AXIS2_PLACEMENT_3D('',#8391,#6224,#6225);
#5707=AXIS2_PLACEMENT_3D('',#8393,#6226,#6227);
#5708=AXIS2_PLACEMENT_3D('',#8396,#6229,#6230);
#5709=AXIS2_PLACEMENT_3D('',#8397,#6231,#6232);
#5710=AXIS2_PLACEMENT_3D('',#8403,#6236,#6237);
#5711=AXIS2_PLACEMENT_3D('',#8405,#6238,#6239);
#5712=AXIS2_PLACEMENT_3D('',#8408,#6241,#6242);
#5713=AXIS2_PLACEMENT_3D('',#8409,#6243,#6244);
#5714=AXIS2_PLACEMENT_3D('',#8412,#6247,#6248);
#5715=AXIS2_PLACEMENT_3D('',#8414,#6249,#6250);
#5716=AXIS2_PLACEMENT_3D('',#8416,#6252,#6253);
#5717=AXIS2_PLACEMENT_3D('',#8418,#6254,#6255);
#5718=AXIS2_PLACEMENT_3D('',#8421,#6257,#6258);
#5719=AXIS2_PLACEMENT_3D('',#8422,#6259,#6260);
#5720=AXIS2_PLACEMENT_3D('',#8424,#6261,#6262);
#5721=AXIS2_PLACEMENT_3D('',#8426,#6264,#6265);
#5722=AXIS2_PLACEMENT_3D('',#8428,#6266,#6267);
#5723=AXIS2_PLACEMENT_3D('',#8431,#6269,#6270);
#5724=AXIS2_PLACEMENT_3D('',#8432,#6271,#6272);
#5725=AXIS2_PLACEMENT_3D('',#8441,#6277,#6278);
#5726=AXIS2_PLACEMENT_3D('',#8450,#6283,#6284);
#5727=AXIS2_PLACEMENT_3D('',#8452,#6285,#6286);
#5728=AXIS2_PLACEMENT_3D('',#8455,#6288,#6289);
#5729=AXIS2_PLACEMENT_3D('',#8456,#6290,#6291);
#5730=AXIS2_PLACEMENT_3D('',#8462,#6295,#6296);
#5731=AXIS2_PLACEMENT_3D('',#8464,#6297,#6298);
#5732=AXIS2_PLACEMENT_3D('',#8467,#6300,#6301);
#5733=AXIS2_PLACEMENT_3D('',#8468,#6302,#6303);
#5734=AXIS2_PLACEMENT_3D('',#8474,#6307,#6308);
#5735=AXIS2_PLACEMENT_3D('',#8475,#6309,#6310);
#5736=AXIS2_PLACEMENT_3D('',#8476,#6311,#6312);
#5737=AXIS2_PLACEMENT_3D('',#8477,#6313,#6314);
#5738=AXIS2_PLACEMENT_3D('',#8478,#6315,#6316);
#5739=AXIS2_PLACEMENT_3D('',#8479,#6317,#6318);
#5740=AXIS2_PLACEMENT_3D('',#8480,#6319,#6320);
#5741=AXIS2_PLACEMENT_3D('',#8483,#6321,#6322);
#5742=AXIS2_PLACEMENT_3D('',#8485,#6323,#6324);
#5743=AXIS2_PLACEMENT_3D('',#8487,#6325,#6326);
#5744=AXIS2_PLACEMENT_3D('',#8489,#6327,#6328);
#5745=AXIS2_PLACEMENT_3D('',#8490,#6329,#6330);
#5746=AXIS2_PLACEMENT_3D('',#8521,#6331,#6332);
#5747=AXIS2_PLACEMENT_3D('',#8525,#6334,#6335);
#5748=AXIS2_PLACEMENT_3D('',#8533,#6339,#6340);
#5749=AXIS2_PLACEMENT_3D('',#8536,#6342,#6343);
#5750=AXIS2_PLACEMENT_3D('',#8581,#6352,#6353);
#5751=AXIS2_PLACEMENT_3D('',#8585,#6354,#6355);
#5752=AXIS2_PLACEMENT_3D('',#8588,#6356,#6357);
#5753=AXIS2_PLACEMENT_3D('',#8589,#6358,#6359);
#5754=AXIS2_PLACEMENT_3D('',#8590,#6360,#6361);
#5755=AXIS2_PLACEMENT_3D('',#8619,#6362,#6363);
#5756=AXIS2_PLACEMENT_3D('',#8620,#6364,#6365);
#5757=AXIS2_PLACEMENT_3D('',#8621,#6366,#6367);
#5758=AXIS2_PLACEMENT_3D('',#8622,#6368,#6369);
#5759=AXIS2_PLACEMENT_3D('',#8623,#6370,#6371);
#5760=AXIS2_PLACEMENT_3D('',#8650,#6374,#6375);
#5761=AXIS2_PLACEMENT_3D('',#8652,#6376,#6377);
#5762=AXIS2_PLACEMENT_3D('',#8664,#6383,#6384);
#5763=AXIS2_PLACEMENT_3D('',#8668,#6386,#6387);
#5764=AXIS2_PLACEMENT_3D('',#8672,#6389,#6390);
#5765=AXIS2_PLACEMENT_3D('',#8676,#6392,#6393);
#5766=AXIS2_PLACEMENT_3D('',#8680,#6395,#6396);
#5767=AXIS2_PLACEMENT_3D('',#8684,#6398,#6399);
#5768=AXIS2_PLACEMENT_3D('',#8688,#6401,#6402);
#5769=AXIS2_PLACEMENT_3D('',#8692,#6404,#6405);
#5770=AXIS2_PLACEMENT_3D('',#8695,#6407,#6408);
#5771=AXIS2_PLACEMENT_3D('',#8700,#6410,#6411);
#5772=AXIS2_PLACEMENT_3D('',#8703,#6413,#6414);
#5773=AXIS2_PLACEMENT_3D('',#8704,#6415,#6416);
#5774=AXIS2_PLACEMENT_3D('',#8728,#6418,#6419);
#5775=AXIS2_PLACEMENT_3D('',#8752,#6421,#6422);
#5776=AXIS2_PLACEMENT_3D('',#8776,#6424,#6425);
#5777=AXIS2_PLACEMENT_3D('',#8800,#6427,#6428);
#5778=AXIS2_PLACEMENT_3D('',#8824,#6430,#6431);
#5779=AXIS2_PLACEMENT_3D('',#8827,#6432,#6433);
#5780=AXIS2_PLACEMENT_3D('',#8831,#6435,#6436);
#5781=AXIS2_PLACEMENT_3D('',#8833,#6438,#6439);
#5782=AXIS2_PLACEMENT_3D('',#8847,#6447,#6448);
#5783=AXIS2_PLACEMENT_3D('',#8850,#6449,#6450);
#5784=AXIS2_PLACEMENT_3D('',#8854,#6452,#6453);
#5785=AXIS2_PLACEMENT_3D('',#8856,#6455,#6456);
#5786=AXIS2_PLACEMENT_3D('',#8870,#6464,#6465);
#5787=AXIS2_PLACEMENT_3D('',#8873,#6466,#6467);
#5788=AXIS2_PLACEMENT_3D('',#8877,#6469,#6470);
#5789=AXIS2_PLACEMENT_3D('',#8879,#6472,#6473);
#5790=AXIS2_PLACEMENT_3D('',#8885,#6477,#6478);
#5791=AXIS2_PLACEMENT_3D('',#8888,#6479,#6480);
#5792=AXIS2_PLACEMENT_3D('',#8892,#6482,#6483);
#5793=AXIS2_PLACEMENT_3D('',#8894,#6485,#6486);
#5794=AXIS2_PLACEMENT_3D('',#8900,#6490,#6491);
#5795=AXIS2_PLACEMENT_3D('',#8905,#6494,#6495);
#5796=AXIS2_PLACEMENT_3D('',#8911,#6498,#6499);
#5797=AXIS2_PLACEMENT_3D('',#8914,#6501,#6502);
#5798=AXIS2_PLACEMENT_3D('',#8922,#6506,#6507);
#5799=AXIS2_PLACEMENT_3D('',#8925,#6509,#6510);
#5800=AXIS2_PLACEMENT_3D('',#8926,#6511,#6512);
#5801=AXIS2_PLACEMENT_3D('',#8928,#6513,#6514);
#5802=AXIS2_PLACEMENT_3D('',#8930,#6516,#6517);
#5803=AXIS2_PLACEMENT_3D('',#8933,#6518,#6519);
#5804=AXIS2_PLACEMENT_3D('',#8936,#6522,#6523);
#5805=AXIS2_PLACEMENT_3D('',#8940,#6526,#6527);
#5806=AXIS2_PLACEMENT_3D('',#8944,#6529,#6530);
#5807=AXIS2_PLACEMENT_3D('',#8946,#6532,#6533);
#5808=AXIS2_PLACEMENT_3D('',#8950,#6536,#6537);
#5809=AXIS2_PLACEMENT_3D('',#8953,#6538,#6539);
#5810=AXIS2_PLACEMENT_3D('',#8957,#6541,#6542);
#5811=AXIS2_PLACEMENT_3D('',#8959,#6544,#6545);
#5812=AXIS2_PLACEMENT_3D('',#8965,#6549,#6550);
#5813=AXIS2_PLACEMENT_3D('',#8967,#6551,#6552);
#5814=AXIS2_PLACEMENT_3D('',#8970,#6554,#6555);
#5815=AXIS2_PLACEMENT_3D('',#8971,#6556,#6557);
#5816=AXIS2_PLACEMENT_3D('',#8977,#6561,#6562);
#5817=AXIS2_PLACEMENT_3D('',#8980,#6563,#6564);
#5818=AXIS2_PLACEMENT_3D('',#8984,#6566,#6567);
#5819=AXIS2_PLACEMENT_3D('',#8986,#6569,#6570);
#5820=AXIS2_PLACEMENT_3D('',#8992,#6574,#6575);
#5821=AXIS2_PLACEMENT_3D('',#8999,#6579,#6580);
#5822=AXIS2_PLACEMENT_3D('',#9002,#6582,#6583);
#5823=AXIS2_PLACEMENT_3D('',#9010,#6587,#6588);
#5824=AXIS2_PLACEMENT_3D('',#9013,#6590,#6591);
#5825=AXIS2_PLACEMENT_3D('',#9014,#6592,#6593);
#5826=AXIS2_PLACEMENT_3D('',#9018,#6595,#6596);
#5827=AXIS2_PLACEMENT_3D('',#9020,#6598,#6599);
#5828=AXIS2_PLACEMENT_3D('',#9024,#6602,#6603);
#5829=AXIS2_PLACEMENT_3D('',#9026,#6604,#6605);
#5830=AXIS2_PLACEMENT_3D('',#9028,#6607,#6608);
#5831=AXIS2_PLACEMENT_3D('',#9034,#6612,#6613);
#5832=AXIS2_PLACEMENT_3D('',#9038,#6615,#6616);
#5833=AXIS2_PLACEMENT_3D('',#9043,#6620,#6621);
#5834=AXIS2_PLACEMENT_3D('',#9046,#6623,#6624);
#5835=AXIS2_PLACEMENT_3D('',#9047,#6625,#6626);
#5836=AXIS2_PLACEMENT_3D('',#9051,#6629,#6630);
#5837=AXIS2_PLACEMENT_3D('',#9053,#6631,#6632);
#5838=AXIS2_PLACEMENT_3D('',#9055,#6634,#6635);
#5839=AXIS2_PLACEMENT_3D('',#9057,#6637,#6638);
#5840=AXIS2_PLACEMENT_3D('',#9059,#6640,#6641);
#5841=AXIS2_PLACEMENT_3D('',#9061,#6643,#6644);
#5842=AXIS2_PLACEMENT_3D('',#9064,#6645,#6646);
#5843=AXIS2_PLACEMENT_3D('',#9066,#6647,#6648);
#5844=AXIS2_PLACEMENT_3D('',#9067,#6649,#6650);
#5845=AXIS2_PLACEMENT_3D('',#9068,#6651,#6652);
#5846=AXIS2_PLACEMENT_3D('',#9071,#6653,#6654);
#5847=AXIS2_PLACEMENT_3D('',#9074,#6657,#6658);
#5848=AXIS2_PLACEMENT_3D('',#9077,#6659,#6660);
#5849=AXIS2_PLACEMENT_3D('',#9079,#6661,#6662);
#5850=AXIS2_PLACEMENT_3D('',#9080,#6663,#6664);
#5851=AXIS2_PLACEMENT_3D('',#9081,#6665,#6666);
#5852=AXIS2_PLACEMENT_3D('',#9084,#6667,#6668);
#5853=AXIS2_PLACEMENT_3D('',#9087,#6671,#6672);
#5854=AXIS2_PLACEMENT_3D('',#9090,#6673,#6674);
#5855=AXIS2_PLACEMENT_3D('',#9093,#6677,#6678);
#5856=AXIS2_PLACEMENT_3D('',#9096,#6681,#6682);
#5857=AXIS2_PLACEMENT_3D('',#9099,#6683,#6684);
#5858=AXIS2_PLACEMENT_3D('',#9102,#6687,#6688);
#5859=AXIS2_PLACEMENT_3D('',#9134,#6706,#6707);
#5860=AXIS2_PLACEMENT_3D('',#9136,#6708,#6709);
#5861=AXIS2_PLACEMENT_3D('',#9139,#6711,#6712);
#5862=AXIS2_PLACEMENT_3D('',#9151,#6719,#6720);
#5863=AXIS2_PLACEMENT_3D('',#9154,#6722,#6723);
#5864=AXIS2_PLACEMENT_3D('',#9160,#6727,#6728);
#5865=AXIS2_PLACEMENT_3D('',#9173,#6737,#6738);
#5866=AXIS2_PLACEMENT_3D('',#9175,#6739,#6740);
#5867=AXIS2_PLACEMENT_3D('',#9178,#6742,#6743);
#5868=AXIS2_PLACEMENT_3D('',#9188,#6744,#6745);
#5869=AXIS2_PLACEMENT_3D('',#9189,#6746,#6747);
#5870=AXIS2_PLACEMENT_3D('',#9190,#6748,#6749);
#5871=AXIS2_PLACEMENT_3D('',#9191,#6750,#6751);
#5872=AXIS2_PLACEMENT_3D('',#9202,#6752,#6753);
#5873=AXIS2_PLACEMENT_3D('',#9203,#6754,#6755);
#5874=AXIS2_PLACEMENT_3D('',#9204,#6756,#6757);
#5875=AXIS2_PLACEMENT_3D('',#9206,#6758,#6759);
#5876=AXIS2_PLACEMENT_3D('',#9208,#6761,#6762);
#5877=AXIS2_PLACEMENT_3D('',#9215,#6766,#6767);
#5878=AXIS2_PLACEMENT_3D('',#9216,#6768,#6769);
#5879=AXIS2_PLACEMENT_3D('',#9217,#6770,#6771);
#5880=AXIS2_PLACEMENT_3D('',#9218,#6772,#6773);
#5881=AXIS2_PLACEMENT_3D('',#9219,#6774,#6775);
#5882=AXIS2_PLACEMENT_3D('',#9222,#6777,#6778);
#5883=AXIS2_PLACEMENT_3D('',#9223,#6779,#6780);
#5884=AXIS2_PLACEMENT_3D('',#9228,#6783,#6784);
#5885=AXIS2_PLACEMENT_3D('',#9231,#6786,#6787);
#5886=AXIS2_PLACEMENT_3D('',#9233,#6788,#6789);
#5887=AXIS2_PLACEMENT_3D('',#9236,#6791,#6792);
#5888=AXIS2_PLACEMENT_3D('',#9237,#6793,#6794);
#5889=AXIS2_PLACEMENT_3D('',#9240,#6796,#6797);
#5890=AXIS2_PLACEMENT_3D('',#9241,#6798,#6799);
#5891=AXIS2_PLACEMENT_3D('',#9250,#6804,#6805);
#5892=AXIS2_PLACEMENT_3D('',#9252,#6806,#6807);
#5893=AXIS2_PLACEMENT_3D('',#9254,#6808,#6809);
#5894=AXIS2_PLACEMENT_3D('',#9256,#6811,#6812);
#5895=AXIS2_PLACEMENT_3D('',#9266,#6820,#6821);
#5896=AXIS2_PLACEMENT_3D('',#9275,#6826,#6827);
#5897=AXIS2_PLACEMENT_3D('',#9276,#6828,#6829);
#5898=AXIS2_PLACEMENT_3D('',#9277,#6830,#6831);
#5899=AXIS2_PLACEMENT_3D('',#9278,#6832,#6833);
#5900=AXIS2_PLACEMENT_3D('',#9280,#6834,#6835);
#5901=AXIS2_PLACEMENT_3D('',#9288,#6839,#6840);
#5902=AXIS2_PLACEMENT_3D('',#9296,#6844,#6845);
#5903=AXIS2_PLACEMENT_3D('',#9303,#6849,#6850);
#5904=AXIS2_PLACEMENT_3D('',#9305,#6852,#6853);
#5905=AXIS2_PLACEMENT_3D('',#9311,#6857,#6858);
#5906=AXIS2_PLACEMENT_3D('',#9312,#6859,#6860);
#5907=AXIS2_PLACEMENT_3D('',#9313,#6861,#6862);
#5908=AXIS2_PLACEMENT_3D('',#9314,#6863,#6864);
#5909=AXIS2_PLACEMENT_3D('',#9320,#6868,#6869);
#5910=AXIS2_PLACEMENT_3D('',#9321,#6870,#6871);
#5911=AXIS2_PLACEMENT_3D('',#9322,#6872,#6873);
#5912=AXIS2_PLACEMENT_3D('',#9323,#6874,#6875);
#5913=AXIS2_PLACEMENT_3D('',#9329,#6879,#6880);
#5914=AXIS2_PLACEMENT_3D('',#9333,#6882,#6883);
#5915=AXIS2_PLACEMENT_3D('',#9334,#6884,#6885);
#5916=AXIS2_PLACEMENT_3D('',#9335,#6886,#6887);
#5917=AXIS2_PLACEMENT_3D('',#9344,#6894,#6895);
#5918=AXIS2_PLACEMENT_3D('',#9350,#6899,#6900);
#5919=AXIS2_PLACEMENT_3D('',#9351,#6901,#6902);
#5920=AXIS2_PLACEMENT_3D('',#9352,#6903,#6904);
#5921=AXIS2_PLACEMENT_3D('',#9353,#6905,#6906);
#5922=AXIS2_PLACEMENT_3D('',#9359,#6910,#6911);
#5923=AXIS2_PLACEMENT_3D('',#9360,#6912,#6913);
#5924=AXIS2_PLACEMENT_3D('',#9361,#6914,#6915);
#5925=AXIS2_PLACEMENT_3D('',#9362,#6916,#6917);
#5926=AXIS2_PLACEMENT_3D('',#9368,#6921,#6922);
#5927=AXIS2_PLACEMENT_3D('',#9369,#6923,#6924);
#5928=AXIS2_PLACEMENT_3D('',#9370,#6925,#6926);
#5929=AXIS2_PLACEMENT_3D('',#9371,#6927,#6928);
#5930=AXIS2_PLACEMENT_3D('',#9374,#6931,#6932);
#5931=AXIS2_PLACEMENT_3D('',#9375,#6933,#6934);
#5932=AXIS2_PLACEMENT_3D('',#9376,#6935,#6936);
#5933=AXIS2_PLACEMENT_3D('',#9378,#6938,#6939);
#5934=AXIS2_PLACEMENT_3D('',#9380,#6941,#6942);
#5935=AXIS2_PLACEMENT_3D('',#9381,#6943,#6944);
#5936=AXIS2_PLACEMENT_3D('',#9382,#6945,#6946);
#5937=AXIS2_PLACEMENT_3D('',#9384,#6948,#6949);
#5938=AXIS2_PLACEMENT_3D('',#9386,#6951,#6952);
#5939=AXIS2_PLACEMENT_3D('',#9387,#6953,#6954);
#5940=AXIS2_PLACEMENT_3D('',#9388,#6955,#6956);
#5941=AXIS2_PLACEMENT_3D('',#9390,#6958,#6959);
#5942=AXIS2_PLACEMENT_3D('',#9392,#6961,#6962);
#5943=AXIS2_PLACEMENT_3D('',#9393,#6963,#6964);
#5944=AXIS2_PLACEMENT_3D('',#9394,#6965,#6966);
#5945=AXIS2_PLACEMENT_3D('',#9395,#6967,#6968);
#5946=AXIS2_PLACEMENT_3D('',#9397,#6969,#6970);
#5947=AXIS2_PLACEMENT_3D('',#9400,#6972,#6973);
#5948=AXIS2_PLACEMENT_3D('',#9401,#6974,#6975);
#5949=AXIS2_PLACEMENT_3D('',#9405,#6977,#6978);
#5950=AXIS2_PLACEMENT_3D('',#9406,#6979,#6980);
#5951=AXIS2_PLACEMENT_3D('',#9407,#6981,#6982);
#5952=AXIS2_PLACEMENT_3D('',#9409,#6984,#6985);
#5953=AXIS2_PLACEMENT_3D('',#9414,#6987,#6988);
#5954=AXIS2_PLACEMENT_3D('',#9418,#6990,#6991);
#5955=AXIS2_PLACEMENT_3D('',#9433,#6992,#6993);
#5956=AXIS2_PLACEMENT_3D('',#9438,#6995,#6996);
#5957=AXIS2_PLACEMENT_3D('',#9456,#6998,#6999);
#5958=AXIS2_PLACEMENT_3D('',#9457,#7000,#7001);
#5959=AXIS2_PLACEMENT_3D('',#9458,#7002,#7003);
#5960=AXIS2_PLACEMENT_3D('',#9459,#7004,#7005);
#5961=AXIS2_PLACEMENT_3D('',#9460,#7006,#7007);
#5962=AXIS2_PLACEMENT_3D('',#9461,#7008,#7009);
#5963=AXIS2_PLACEMENT_3D('',#9462,#7010,#7011);
#5964=AXIS2_PLACEMENT_3D('',#9467,#7016,#7017);
#5965=AXIS2_PLACEMENT_3D('',#9469,#7019,#7020);
#5966=AXIS2_PLACEMENT_3D('',#9471,#7022,#7023);
#5967=AXIS2_PLACEMENT_3D('',#9474,#7026,#7027);
#5968=AXIS2_PLACEMENT_3D('',#9475,#7028,#7029);
#5969=AXIS2_PLACEMENT_3D('',#9476,#7030,#7031);
#5970=AXIS2_PLACEMENT_3D('',#9479,#7034,#7035);
#5971=AXIS2_PLACEMENT_3D('',#9481,#7037,#7038);
#5972=AXIS2_PLACEMENT_3D('',#9483,#7040,#7041);
#5973=AXIS2_PLACEMENT_3D('',#9484,#7042,#7043);
#5974=AXIS2_PLACEMENT_3D('',#9486,#7045,#7046);
#5975=AXIS2_PLACEMENT_3D('',#9488,#7048,#7049);
#5976=AXIS2_PLACEMENT_3D('',#9490,#7051,#7052);
#5977=AXIS2_PLACEMENT_3D('',#9491,#7053,#7054);
#5978=AXIS2_PLACEMENT_3D('',#9493,#7056,#7057);
#5979=AXIS2_PLACEMENT_3D('',#9494,#7058,#7059);
#5980=AXIS2_PLACEMENT_3D('',#9495,#7060,#7061);
#5981=AXIS2_PLACEMENT_3D('',#9497,#7063,#7064);
#5982=AXIS2_PLACEMENT_3D('',#9499,#7066,#7067);
#5983=AXIS2_PLACEMENT_3D('',#9501,#7069,#7070);
#5984=AXIS2_PLACEMENT_3D('',#9502,#7071,#7072);
#5985=AXIS2_PLACEMENT_3D('',#9503,#7073,#7074);
#5986=AXIS2_PLACEMENT_3D('',#9505,#7075,#7076);
#5987=AXIS2_PLACEMENT_3D('',#9506,#7077,#7078);
#5988=AXIS2_PLACEMENT_3D('',#9507,#7079,#7080);
#5989=AXIS2_PLACEMENT_3D('',#9509,#7081,#7082);
#5990=AXIS2_PLACEMENT_3D('',#9510,#7083,#7084);
#5991=AXIS2_PLACEMENT_3D('',#9511,#7085,#7086);
#5992=AXIS2_PLACEMENT_3D('',#9513,#7087,#7088);
#5993=AXIS2_PLACEMENT_3D('',#9515,#7089,#7090);
#5994=AXIS2_PLACEMENT_3D('',#9516,#7091,#7092);
#5995=AXIS2_PLACEMENT_3D('',#9518,#7093,#7094);
#5996=AXIS2_PLACEMENT_3D('',#9520,#7096,#7097);
#5997=AXIS2_PLACEMENT_3D('',#9521,#7098,#7099);
#5998=AXIS2_PLACEMENT_3D('',#9523,#7100,#7101);
#5999=AXIS2_PLACEMENT_3D('',#9526,#7103,#7104);
#6000=AXIS2_PLACEMENT_3D('',#9527,#7105,#7106);
#6001=AXIS2_PLACEMENT_3D('',#9528,#7107,#7108);
#6002=AXIS2_PLACEMENT_3D('',#9531,#7110,#7111);
#6003=AXIS2_PLACEMENT_3D('',#9532,#7112,#7113);
#6004=AXIS2_PLACEMENT_3D('',#9534,#7114,#7115);
#6005=AXIS2_PLACEMENT_3D('',#9537,#7117,#7118);
#6006=AXIS2_PLACEMENT_3D('',#9538,#7119,#7120);
#6007=AXIS2_PLACEMENT_3D('',#9547,#7125,#7126);
#6008=AXIS2_PLACEMENT_3D('',#9556,#7131,#7132);
#6009=AXIS2_PLACEMENT_3D('',#9565,#7137,#7138);
#6010=AXIS2_PLACEMENT_3D('',#9574,#7143,#7144);
#6011=AXIS2_PLACEMENT_3D('',#9583,#7149,#7150);
#6012=AXIS2_PLACEMENT_3D('',#9592,#7155,#7156);
#6013=AXIS2_PLACEMENT_3D('',#9601,#7161,#7162);
#6014=AXIS2_PLACEMENT_3D('',#9610,#7167,#7168);
#6015=AXIS2_PLACEMENT_3D('',#9619,#7173,#7174);
#6016=AXIS2_PLACEMENT_3D('',#9628,#7179,#7180);
#6017=AXIS2_PLACEMENT_3D('',#9634,#7184,#7185);
#6018=AXIS2_PLACEMENT_3D('',#9640,#7189,#7190);
#6019=AXIS2_PLACEMENT_3D('',#9644,#7194,#7195);
#6020=AXIS2_PLACEMENT_3D('',#9646,#7197,#7198);
#6021=AXIS2_PLACEMENT_3D('',#9650,#7202,#7203);
#6022=AXIS2_PLACEMENT_3D('',#9652,#7205,#7206);
#6023=AXIS2_PLACEMENT_3D('',#9654,#7208,#7209);
#6024=AXIS2_PLACEMENT_3D('',#9655,#7210,#7211);
#6025=AXIS2_PLACEMENT_3D('',#9656,#7212,#7213);
#6026=AXIS2_PLACEMENT_3D('',#9659,#7216,#7217);
#6027=AXIS2_PLACEMENT_3D('',#9665,#7221,#7222);
#6028=AXIS2_PLACEMENT_3D('',#9671,#7226,#7227);
#6029=AXIS2_PLACEMENT_3D('',#9674,#7230,#7231);
#6030=AXIS2_PLACEMENT_3D('',#9676,#7233,#7234);
#6031=AXIS2_PLACEMENT_3D('',#9679,#7237,#7238);
#6032=AXIS2_PLACEMENT_3D('',#9681,#7240,#7241);
#6033=AXIS2_PLACEMENT_3D('',#9683,#7243,#7244);
#6034=AXIS2_PLACEMENT_3D('',#9684,#7245,#7246);
#6035=AXIS2_PLACEMENT_3D('',#9689,#7250,#7251);
#6036=AXIS2_PLACEMENT_3D('',#9692,#7254,#7255);
#6037=AXIS2_PLACEMENT_3D('',#9694,#7257,#7258);
#6038=AXIS2_PLACEMENT_3D('',#9697,#7259,#7260);
#6039=AXIS2_PLACEMENT_3D('',#9701,#7262,#7263);
#6040=AXIS2_PLACEMENT_3D('',#9703,#7265,#7266);
#6041=AXIS2_PLACEMENT_3D('',#9707,#7268,#7269);
#6042=AXIS2_PLACEMENT_3D('',#9713,#7273,#7274);
#6043=AXIS2_PLACEMENT_3D('',#9717,#7277,#7278);
#6044=AXIS2_PLACEMENT_3D('',#9719,#7279,#7280);
#6045=AXIS2_PLACEMENT_3D('',#9721,#7282,#7283);
#6046=AXIS2_PLACEMENT_3D('',#9727,#7287,#7288);
#6047=AXIS2_PLACEMENT_3D('',#9733,#7292,#7293);
#6048=AXIS2_PLACEMENT_3D('',#9737,#7296,#7297);
#6049=AXIS2_PLACEMENT_3D('',#9741,#7300,#7301);
#6050=AXIS2_PLACEMENT_3D('',#9744,#7304,#7305);
#6051=AXIS2_PLACEMENT_3D('',#9746,#7307,#7308);
#6052=AXIS2_PLACEMENT_3D('',#9747,#7309,#7310);
#6053=AXIS2_PLACEMENT_3D('',#9748,#7311,#7312);
#6054=AXIS2_PLACEMENT_3D('',#9749,#7313,#7314);
#6055=AXIS2_PLACEMENT_3D('',#9752,#7315,#7316);
#6056=AXIS2_PLACEMENT_3D('',#9756,#7318,#7319);
#6057=AXIS2_PLACEMENT_3D('',#9758,#7321,#7322);
#6058=AXIS2_PLACEMENT_3D('',#9766,#7326,#7327);
#6059=AXIS2_PLACEMENT_3D('',#9770,#7330,#7331);
#6060=AXIS2_PLACEMENT_3D('',#9774,#7334,#7335);
#6061=AXIS2_PLACEMENT_3D('',#9777,#7336,#7337);
#6062=AXIS2_PLACEMENT_3D('',#9781,#7339,#7340);
#6063=AXIS2_PLACEMENT_3D('',#9793,#7342,#7343);
#6064=AXIS2_PLACEMENT_3D('',#9795,#7344,#7345);
#6065=AXIS2_PLACEMENT_3D('',#9796,#7346,#7347);
#6066=AXIS2_PLACEMENT_3D('',#9797,#7348,#7349);
#6067=AXIS2_PLACEMENT_3D('',#9800,#7350,#7351);
#6068=AXIS2_PLACEMENT_3D('',#9803,#7354,#7355);
#6069=AXIS2_PLACEMENT_3D('',#9809,#7358,#7359);
#6070=AXIS2_PLACEMENT_3D('',#9815,#7363,#7364);
#6071=AXIS2_PLACEMENT_3D('',#9819,#7367,#7368);
#6072=AXIS2_PLACEMENT_3D('',#9822,#7370,#7371);
#6073=AXIS2_PLACEMENT_3D('',#9823,#7372,#7373);
#6074=AXIS2_PLACEMENT_3D('',#9827,#7376,#7377);
#6075=AXIS2_PLACEMENT_3D('',#9830,#7378,#7379);
#6076=AXIS2_PLACEMENT_3D('',#9834,#7381,#7382);
#6077=AXIS2_PLACEMENT_3D('',#9846,#7384,#7385);
#6078=AXIS2_PLACEMENT_3D('',#9848,#7386,#7387);
#6079=AXIS2_PLACEMENT_3D('',#9849,#7388,#7389);
#6080=AXIS2_PLACEMENT_3D('',#9850,#7390,#7391);
#6081=AXIS2_PLACEMENT_3D('',#9853,#7392,#7393);
#6082=AXIS2_PLACEMENT_3D('',#9856,#7396,#7397);
#6083=AXIS2_PLACEMENT_3D('',#9862,#7400,#7401);
#6084=AXIS2_PLACEMENT_3D('',#9868,#7405,#7406);
#6085=AXIS2_PLACEMENT_3D('',#9872,#7409,#7410);
#6086=AXIS2_PLACEMENT_3D('',#9875,#7412,#7413);
#6087=AXIS2_PLACEMENT_3D('',#9876,#7414,#7415);
#6088=AXIS2_PLACEMENT_3D('',#9880,#7418,#7419);
#6089=AXIS2_PLACEMENT_3D('',#9886,#7422,#7423);
#6090=AXIS2_PLACEMENT_3D('',#9890,#7426,#7427);
#6091=AXIS2_PLACEMENT_3D('',#9892,#7429,#7430);
#6092=AXIS2_PLACEMENT_3D('',#9898,#7434,#7435);
#6093=AXIS2_PLACEMENT_3D('',#9901,#7437,#7438);
#6094=AXIS2_PLACEMENT_3D('',#9902,#7439,#7440);
#6095=AXIS2_PLACEMENT_3D('',#9904,#7442,#7443);
#6096=AXIS2_PLACEMENT_3D('',#9908,#7446,#7447);
#6097=AXIS2_PLACEMENT_3D('',#9910,#7448,#7449);
#6098=AXIS2_PLACEMENT_3D('',#9912,#7451,#7452);
#6099=AXIS2_PLACEMENT_3D('',#9916,#7455,#7456);
#6100=AXIS2_PLACEMENT_3D('',#9920,#7458,#7459);
#6101=AXIS2_PLACEMENT_3D('',#9924,#7462,#7463);
#6102=AXIS2_PLACEMENT_3D('',#9933,#7468,#7469);
#6103=AXIS2_PLACEMENT_3D('',#9939,#7473,#7474);
#6104=AXIS2_PLACEMENT_3D('',#9945,#7478,#7479);
#6105=AXIS2_PLACEMENT_3D('',#9947,#7480,#7481);
#6106=AXIS2_PLACEMENT_3D('',#9949,#7482,#7483);
#6107=AXIS2_PLACEMENT_3D('',#9951,#7485,#7486);
#6108=AXIS2_PLACEMENT_3D('',#9957,#7490,#7491);
#6109=AXIS2_PLACEMENT_3D('',#9958,#7492,#7493);
#6110=AXIS2_PLACEMENT_3D('',#9959,#7494,#7495);
#6111=AXIS2_PLACEMENT_3D('',#9960,#7496,#7497);
#6112=AXIS2_PLACEMENT_3D('',#9967,#7500,#7501);
#6113=AXIS2_PLACEMENT_3D('',#9971,#7503,#7504);
#6114=AXIS2_PLACEMENT_3D('',#9973,#7506,#7507);
#6115=AXIS2_PLACEMENT_3D('',#9976,#7508,#7509);
#6116=AXIS2_PLACEMENT_3D('',#9980,#7511,#7512);
#6117=AXIS2_PLACEMENT_3D('',#9982,#7514,#7515);
#6118=AXIS2_PLACEMENT_3D('',#9984,#7516,#7517);
#6119=AXIS2_PLACEMENT_3D('',#9985,#7518,#7519);
#6120=AXIS2_PLACEMENT_3D('',#9986,#7520,#7521);
#6121=AXIS2_PLACEMENT_3D('',#9989,#7524,#7525);
#6122=AXIS2_PLACEMENT_3D('',#9992,#7526,#7527);
#6123=AXIS2_PLACEMENT_3D('',#9995,#7530,#7531);
#6124=AXIS2_PLACEMENT_3D('',#9997,#7532,#7533);
#6125=AXIS2_PLACEMENT_3D('',#9998,#7534,#7535);
#6126=AXIS2_PLACEMENT_3D('',#9999,#7536,#7537);
#6127=AXIS2_PLACEMENT_3D('',#10001,#7539,#7540);
#6128=AXIS2_PLACEMENT_3D('',#10005,#7542,#7543);
#6129=AXIS2_PLACEMENT_3D('',#10007,#7545,#7546);
#6130=AXIS2_PLACEMENT_3D('',#10009,#7548,#7549);
#6131=AXIS2_PLACEMENT_3D('',#10012,#7550,#7551);
#6132=AXIS2_PLACEMENT_3D('',#10016,#7553,#7554);
#6133=AXIS2_PLACEMENT_3D('',#10028,#7563,#7564);
#6134=AXIS2_PLACEMENT_3D('',#10030,#7565,#7566);
#6135=AXIS2_PLACEMENT_3D('',#10032,#7568,#7569);
#6136=AXIS2_PLACEMENT_3D('',#10033,#7570,#7571);
#6137=AXIS2_PLACEMENT_3D('',#10035,#7573,#7574);
#6138=AXIS2_PLACEMENT_3D('',#10037,#7576,#7577);
#6139=AXIS2_PLACEMENT_3D('',#10039,#7579,#7580);
#6140=AXIS2_PLACEMENT_3D('',#10040,#7581,#7582);
#6141=AXIS2_PLACEMENT_3D('',#10044,#7585,#7586);
#6142=AXIS2_PLACEMENT_3D('',#10046,#7588,#7589);
#6143=AXIS2_PLACEMENT_3D('',#10047,#7590,#7591);
#6144=AXIS2_PLACEMENT_3D('',#10048,#7592,#7593);
#6145=AXIS2_PLACEMENT_3D('',#10051,#7596,#7597);
#6146=AXIS2_PLACEMENT_3D('',#10053,#7599,#7600);
#6147=AXIS2_PLACEMENT_3D('',#10055,#7602,#7603);
#6148=AXIS2_PLACEMENT_3D('',#10057,#7605,#7606);
#6149=AXIS2_PLACEMENT_3D('',#10059,#7608,#7609);
#6150=AXIS2_PLACEMENT_3D('',#10060,#7610,#7611);
#6151=DIRECTION('axis',(0.,0.,1.));
#6152=DIRECTION('refdir',(1.,0.,0.));
#6153=DIRECTION('',(0.,1.,0.));
#6154=DIRECTION('',(0.,1.,0.));
#6155=DIRECTION('',(0.,1.,0.));
#6156=DIRECTION('',(0.,1.,0.));
#6157=DIRECTION('',(0.,1.,0.));
#6158=DIRECTION('',(0.,1.,0.));
#6159=DIRECTION('',(0.,1.,0.));
#6160=DIRECTION('',(0.,1.,0.));
#6161=DIRECTION('',(0.,1.,0.));
#6162=DIRECTION('',(0.,1.,0.));
#6163=DIRECTION('',(0.,1.,0.));
#6164=DIRECTION('',(0.,1.,0.));
#6165=DIRECTION('',(0.,1.,0.));
#6166=DIRECTION('',(0.,1.,0.));
#6167=DIRECTION('',(0.,1.,0.));
#6168=DIRECTION('',(0.,1.,0.));
#6169=DIRECTION('',(0.,1.,0.));
#6170=DIRECTION('',(0.,1.,0.));
#6171=DIRECTION('',(0.,1.,0.));
#6172=DIRECTION('',(0.,1.,0.));
#6173=DIRECTION('',(0.,1.,0.));
#6174=DIRECTION('',(0.,1.,0.));
#6175=DIRECTION('',(0.,1.,0.));
#6176=DIRECTION('',(0.,1.,0.));
#6177=DIRECTION('',(0.,1.,0.));
#6178=DIRECTION('',(0.,1.,0.));
#6179=DIRECTION('',(0.,1.,0.));
#6180=DIRECTION('',(0.,1.,0.));
#6181=DIRECTION('',(0.,1.,0.));
#6182=DIRECTION('',(0.,1.,0.));
#6183=DIRECTION('',(0.,1.,0.));
#6184=DIRECTION('',(0.,1.,0.));
#6185=DIRECTION('center_axis',(0.,-1.,0.));
#6186=DIRECTION('ref_axis',(1.,0.,0.));
#6187=DIRECTION('center_axis',(0.,-1.,0.));
#6188=DIRECTION('ref_axis',(-1.,0.,0.));
#6189=DIRECTION('',(-1.,0.,0.));
#6190=DIRECTION('',(0.,0.,-1.));
#6191=DIRECTION('',(-1.,0.,0.));
#6192=DIRECTION('',(0.,0.,1.));
#6193=DIRECTION('center_axis',(0.,1.,0.));
#6194=DIRECTION('ref_axis',(-1.,0.,0.));
#6195=DIRECTION('center_axis',(0.,1.,0.));
#6196=DIRECTION('ref_axis',(-1.,0.,0.));
#6197=DIRECTION('center_axis',(0.,-1.,0.));
#6198=DIRECTION('ref_axis',(-1.,0.,0.));
#6199=DIRECTION('center_axis',(0.,-1.,0.));
#6200=DIRECTION('ref_axis',(-0.707106781186551,0.,0.707106781186544));
#6201=DIRECTION('center_axis',(0.,1.,0.));
#6202=DIRECTION('ref_axis',(-0.707106781186551,0.,0.707106781186544));
#6203=DIRECTION('',(0.,-1.,0.));
#6204=DIRECTION('center_axis',(0.,-1.,0.));
#6205=DIRECTION('ref_axis',(-0.707106781186551,0.,0.707106781186544));
#6206=DIRECTION('',(0.,1.,0.));
#6207=DIRECTION('center_axis',(0.,0.,1.));
#6208=DIRECTION('ref_axis',(-1.,0.,0.));
#6209=DIRECTION('',(-1.,0.,0.));
#6210=DIRECTION('',(0.,1.,0.));
#6211=DIRECTION('',(1.,0.,0.));
#6212=DIRECTION('center_axis',(0.,-1.,0.));
#6213=DIRECTION('ref_axis',(-0.707106781186551,0.,-0.707106781186544));
#6214=DIRECTION('center_axis',(0.,1.,0.));
#6215=DIRECTION('ref_axis',(-0.707106781186551,0.,-0.707106781186544));
#6216=DIRECTION('',(0.,-1.,0.));
#6217=DIRECTION('center_axis',(0.,-1.,0.));
#6218=DIRECTION('ref_axis',(-0.707106781186551,0.,-0.707106781186544));
#6219=DIRECTION('',(0.,1.,0.));
#6220=DIRECTION('center_axis',(-1.,0.,0.));
#6221=DIRECTION('ref_axis',(0.,0.,-1.));
#6222=DIRECTION('',(0.,0.,1.));
#6223=DIRECTION('',(0.,0.,-1.));
#6224=DIRECTION('center_axis',(0.,-1.,0.));
#6225=DIRECTION('ref_axis',(0.707106781186549,0.,0.707106781186546));
#6226=DIRECTION('center_axis',(0.,1.,0.));
#6227=DIRECTION('ref_axis',(0.707106781186549,0.,0.707106781186546));
#6228=DIRECTION('',(0.,-1.,0.));
#6229=DIRECTION('center_axis',(0.,-1.,0.));
#6230=DIRECTION('ref_axis',(0.707106781186549,0.,0.707106781186546));
#6231=DIRECTION('center_axis',(1.,0.,0.));
#6232=DIRECTION('ref_axis',(0.,0.,1.));
#6233=DIRECTION('',(0.,0.,1.));
#6234=DIRECTION('',(0.,1.,0.));
#6235=DIRECTION('',(0.,0.,-1.));
#6236=DIRECTION('center_axis',(0.,-1.,0.));
#6237=DIRECTION('ref_axis',(0.707106781186549,0.,-0.707106781186546));
#6238=DIRECTION('center_axis',(0.,1.,0.));
#6239=DIRECTION('ref_axis',(0.707106781186549,0.,-0.707106781186546));
#6240=DIRECTION('',(0.,-1.,0.));
#6241=DIRECTION('center_axis',(0.,-1.,0.));
#6242=DIRECTION('ref_axis',(0.707106781186549,0.,-0.707106781186546));
#6243=DIRECTION('center_axis',(0.,0.,-1.));
#6244=DIRECTION('ref_axis',(1.,0.,0.));
#6245=DIRECTION('',(-1.,0.,0.));
#6246=DIRECTION('',(1.,0.,0.));
#6247=DIRECTION('center_axis',(0.,-1.,0.));
#6248=DIRECTION('ref_axis',(-1.,0.,0.));
#6249=DIRECTION('center_axis',(0.,-1.,0.));
#6250=DIRECTION('ref_axis',(-1.,0.,0.));
#6251=DIRECTION('',(0.,-1.,0.));
#6252=DIRECTION('center_axis',(0.,-1.,0.));
#6253=DIRECTION('ref_axis',(-1.,0.,0.));
#6254=DIRECTION('center_axis',(0.,-1.,0.));
#6255=DIRECTION('ref_axis',(-1.,0.,0.));
#6256=DIRECTION('',(0.,-1.,0.));
#6257=DIRECTION('center_axis',(0.,1.,0.));
#6258=DIRECTION('ref_axis',(-1.,0.,0.));
#6259=DIRECTION('center_axis',(0.,-1.,0.));
#6260=DIRECTION('ref_axis',(-1.,0.,0.));
#6261=DIRECTION('center_axis',(0.,-1.,0.));
#6262=DIRECTION('ref_axis',(-1.,0.,0.));
#6263=DIRECTION('',(0.,-1.,0.));
#6264=DIRECTION('center_axis',(0.,-1.,0.));
#6265=DIRECTION('ref_axis',(-1.,0.,0.));
#6266=DIRECTION('center_axis',(0.,-1.,0.));
#6267=DIRECTION('ref_axis',(-1.,0.,0.));
#6268=DIRECTION('',(0.,-1.,0.));
#6269=DIRECTION('center_axis',(0.,1.,0.));
#6270=DIRECTION('ref_axis',(-1.,0.,0.));
#6271=DIRECTION('center_axis',(0.,0.,1.));
#6272=DIRECTION('ref_axis',(0.,1.,0.));
#6273=DIRECTION('',(-1.,0.,0.));
#6274=DIRECTION('',(-9.34924652315921E-17,1.,0.));
#6275=DIRECTION('',(1.,0.,0.));
#6276=DIRECTION('',(0.,-1.,0.));
#6277=DIRECTION('center_axis',(0.,0.,1.));
#6278=DIRECTION('ref_axis',(0.,1.,0.));
#6279=DIRECTION('',(-1.,0.,0.));
#6280=DIRECTION('',(0.,1.,0.));
#6281=DIRECTION('',(1.,0.,0.));
#6282=DIRECTION('',(0.,-1.,0.));
#6283=DIRECTION('center_axis',(-1.,0.,0.));
#6284=DIRECTION('ref_axis',(0.,-0.707106781186547,-0.707106781186547));
#6285=DIRECTION('center_axis',(1.,0.,0.));
#6286=DIRECTION('ref_axis',(0.,-0.707106781186547,0.707106781186547));
#6287=DIRECTION('',(-1.,0.,0.));
#6288=DIRECTION('center_axis',(-1.,0.,0.));
#6289=DIRECTION('ref_axis',(0.,-0.707106781186547,-0.707106781186547));
#6290=DIRECTION('center_axis',(0.,0.,-1.));
#6291=DIRECTION('ref_axis',(0.,-1.,0.));
#6292=DIRECTION('',(0.,-1.,0.));
#6293=DIRECTION('',(1.,0.,0.));
#6294=DIRECTION('',(0.,1.,0.));
#6295=DIRECTION('center_axis',(-1.,0.,0.));
#6296=DIRECTION('ref_axis',(0.,-0.707106781186547,-0.707106781186547));
#6297=DIRECTION('center_axis',(1.,9.34924652315921E-17,0.));
#6298=DIRECTION('ref_axis',(0.,-0.707106781186547,0.707106781186547));
#6299=DIRECTION('',(-1.,0.,0.));
#6300=DIRECTION('center_axis',(-1.,0.,0.));
#6301=DIRECTION('ref_axis',(0.,-0.707106781186547,-0.707106781186547));
#6302=DIRECTION('center_axis',(0.,0.,-1.));
#6303=DIRECTION('ref_axis',(0.,-1.,0.));
#6304=DIRECTION('',(9.34924652315921E-17,-1.,0.));
#6305=DIRECTION('',(1.,0.,0.));
#6306=DIRECTION('',(0.,1.,0.));
#6307=DIRECTION('center_axis',(-1.,0.,0.));
#6308=DIRECTION('ref_axis',(0.,0.707106781186547,-0.707106781186547));
#6309=DIRECTION('center_axis',(1.,9.34924652315921E-17,0.));
#6310=DIRECTION('ref_axis',(0.,0.707106781186547,-0.707106781186547));
#6311=DIRECTION('center_axis',(-1.,0.,0.));
#6312=DIRECTION('ref_axis',(0.,0.707106781186547,0.707106781186547));
#6313=DIRECTION('center_axis',(-1.,0.,0.));
#6314=DIRECTION('ref_axis',(0.,0.707106781186547,-0.707106781186547));
#6315=DIRECTION('center_axis',(1.,0.,0.));
#6316=DIRECTION('ref_axis',(0.,0.707106781186547,-0.707106781186547));
#6317=DIRECTION('center_axis',(-1.,0.,0.));
#6318=DIRECTION('ref_axis',(0.,0.707106781186547,0.707106781186547));
#6319=DIRECTION('center_axis',(0.,0.,1.));
#6320=DIRECTION('ref_axis',(2.83276944882399E-16,1.,0.));
#6321=DIRECTION('center_axis',(-0.918642982006156,-0.395088688285097,-5.09949295016774E-16));
#6322=DIRECTION('ref_axis',(-5.55111512312578E-16,0.,1.));
#6323=DIRECTION('center_axis',(0.,0.,1.));
#6324=DIRECTION('ref_axis',(-1.83697019872103E-16,1.,0.));
#6325=DIRECTION('center_axis',(0.,0.,1.));
#6326=DIRECTION('ref_axis',(-1.83697019872103E-16,1.,0.));
#6327=DIRECTION('center_axis',(0.918642982006155,-0.395088688285098,5.09949295016774E-16));
#6328=DIRECTION('ref_axis',(0.237053212971059,0.551185789203695,0.799999999999999));
#6329=DIRECTION('center_axis',(0.,0.,-1.));
#6330=DIRECTION('ref_axis',(-1.83697019872103E-16,1.,0.));
#6331=DIRECTION('center_axis',(0.,0.,1.));
#6332=DIRECTION('ref_axis',(1.,0.,0.));
#6333=DIRECTION('',(1.,0.,0.));
#6334=DIRECTION('center_axis',(0.,0.,1.));
#6335=DIRECTION('ref_axis',(-0.707106781186547,-0.707106781186547,0.));
#6336=DIRECTION('',(0.,-1.,0.));
#6337=DIRECTION('',(1.,0.,0.));
#6338=DIRECTION('',(0.,1.,0.));
#6339=DIRECTION('center_axis',(0.,0.,1.));
#6340=DIRECTION('ref_axis',(0.707106781186547,-0.707106781186547,0.));
#6341=DIRECTION('',(1.,0.,0.));
#6342=DIRECTION('center_axis',(0.,0.,-1.));
#6343=DIRECTION('ref_axis',(1.,0.,0.));
#6344=DIRECTION('',(0.,1.,0.));
#6345=DIRECTION('',(-1.,0.,0.));
#6346=DIRECTION('',(0.,-1.,0.));
#6347=DIRECTION('',(1.,0.,0.));
#6348=DIRECTION('',(0.,1.,0.));
#6349=DIRECTION('',(-1.,0.,0.));
#6350=DIRECTION('',(0.,-1.,0.));
#6351=DIRECTION('',(1.,0.,0.));
#6352=DIRECTION('center_axis',(0.,0.,1.));
#6353=DIRECTION('ref_axis',(-0.999985276917081,-0.00542641217271203,0.));
#6354=DIRECTION('center_axis',(0.,0.,1.));
#6355=DIRECTION('ref_axis',(1.,0.,0.));
#6356=DIRECTION('center_axis',(0.,0.,1.));
#6357=DIRECTION('ref_axis',(1.,0.,0.));
#6358=DIRECTION('center_axis',(0.,0.,1.));
#6359=DIRECTION('ref_axis',(1.,0.,0.));
#6360=DIRECTION('center_axis',(0.,-1.,0.));
#6361=DIRECTION('ref_axis',(-1.,0.,0.));
#6362=DIRECTION('center_axis',(0.,0.,1.));
#6363=DIRECTION('ref_axis',(-1.,0.,0.));
#6364=DIRECTION('center_axis',(0.,-1.,0.));
#6365=DIRECTION('ref_axis',(1.,0.,0.));
#6366=DIRECTION('center_axis',(0.,0.,-1.));
#6367=DIRECTION('ref_axis',(-1.,0.,0.));
#6368=DIRECTION('center_axis',(0.,0.,-1.));
#6369=DIRECTION('ref_axis',(-1.,0.,0.));
#6370=DIRECTION('center_axis',(9.34924652315921E-17,-1.,-9.62759304617558E-33));
#6371=DIRECTION('ref_axis',(-0.707106781186547,-6.61091561551062E-17,0.707106781186547));
#6372=DIRECTION('',(9.34924652315921E-17,-1.,-9.62759304617558E-33));
#6373=DIRECTION('',(-9.34924652315921E-17,1.,9.62759304617558E-33));
#6374=DIRECTION('center_axis',(1.02977208081174E-16,0.,1.));
#6375=DIRECTION('ref_axis',(1.,0.,-1.02977208081174E-16));
#6376=DIRECTION('center_axis',(0.,0.,1.));
#6377=DIRECTION('ref_axis',(1.,0.,0.));
#6378=DIRECTION('',(-1.,0.,0.));
#6379=DIRECTION('',(0.,-1.,0.));
#6380=DIRECTION('',(-1.,0.,1.02977208081174E-16));
#6381=DIRECTION('',(0.,1.,0.));
#6382=DIRECTION('',(-1.,0.,0.));
#6383=DIRECTION('center_axis',(0.,0.,1.));
#6384=DIRECTION('ref_axis',(1.,0.,0.));
#6385=DIRECTION('',(0.,1.,0.));
#6386=DIRECTION('center_axis',(0.,0.,-1.));
#6387=DIRECTION('ref_axis',(1.,0.,0.));
#6388=DIRECTION('',(1.07009448156642E-16,-1.,0.));
#6389=DIRECTION('center_axis',(0.,0.,-1.));
#6390=DIRECTION('ref_axis',(1.,0.,0.));
#6391=DIRECTION('',(0.,1.,0.));
#6392=DIRECTION('center_axis',(0.,0.,1.));
#6393=DIRECTION('ref_axis',(1.,0.,0.));
#6394=DIRECTION('',(1.,0.,-1.02977208081174E-16));
#6395=DIRECTION('center_axis',(0.,0.,-1.));
#6396=DIRECTION('ref_axis',(1.,0.,0.));
#6397=DIRECTION('',(-1.,0.,0.));
#6398=DIRECTION('center_axis',(0.,0.,-1.));
#6399=DIRECTION('ref_axis',(1.,0.,0.));
#6400=DIRECTION('',(1.,0.,-1.02977208081174E-16));
#6401=DIRECTION('center_axis',(0.,0.,1.));
#6402=DIRECTION('ref_axis',(1.,0.,0.));
#6403=DIRECTION('',(9.34924652315921E-17,-1.,-9.62759304617558E-33));
#6404=DIRECTION('center_axis',(0.,0.,-1.));
#6405=DIRECTION('ref_axis',(1.,0.,0.));
#6406=DIRECTION('',(0.,1.,0.));
#6407=DIRECTION('center_axis',(0.,0.,-1.));
#6408=DIRECTION('ref_axis',(1.,0.,0.));
#6409=DIRECTION('',(1.,0.,-1.02977208081174E-16));
#6410=DIRECTION('center_axis',(0.,0.,-1.));
#6411=DIRECTION('ref_axis',(1.,0.,0.));
#6412=DIRECTION('',(1.,-1.08314441426845E-16,0.));
#6413=DIRECTION('center_axis',(0.,0.,-1.));
#6414=DIRECTION('ref_axis',(1.,0.,0.));
#6415=DIRECTION('center_axis',(0.,1.,0.));
#6416=DIRECTION('ref_axis',(0.707106781186547,0.,0.707106781186547));
#6417=DIRECTION('',(0.,-1.,0.));
#6418=DIRECTION('center_axis',(9.34924652315921E-17,-1.,-9.62759304617558E-33));
#6419=DIRECTION('ref_axis',(-0.707106781186547,-6.61091561551062E-17,0.707106781186547));
#6420=DIRECTION('',(-9.34924652315921E-17,1.,9.62759304617558E-33));
#6421=DIRECTION('center_axis',(1.,0.,-1.02977208081174E-16));
#6422=DIRECTION('ref_axis',(1.57009245868377E-16,-0.707106781186547,0.707106781186547));
#6423=DIRECTION('',(-1.,0.,1.02977208081174E-16));
#6424=DIRECTION('center_axis',(1.,0.,-1.02977208081174E-16));
#6425=DIRECTION('ref_axis',(1.57009245868377E-16,-0.707106781186547,0.707106781186547));
#6426=DIRECTION('',(-1.,0.,1.02977208081174E-16));
#6427=DIRECTION('center_axis',(0.,1.,0.));
#6428=DIRECTION('ref_axis',(0.707106781186547,0.,0.707106781186547));
#6429=DIRECTION('',(0.,-1.,0.));
#6430=DIRECTION('center_axis',(-3.46944695195361E-16,1.,0.));
#6431=DIRECTION('ref_axis',(0.707106781186547,0.,-0.707106781186547));
#6432=DIRECTION('center_axis',(0.,-1.,0.));
#6433=DIRECTION('ref_axis',(0.707106781186547,0.,-0.707106781186547));
#6434=DIRECTION('',(-3.46944695195361E-16,1.,0.));
#6435=DIRECTION('center_axis',(0.,1.,0.));
#6436=DIRECTION('ref_axis',(0.707106781186547,0.,-0.707106781186547));
#6437=DIRECTION('',(3.46944695195361E-16,-1.,0.));
#6438=DIRECTION('center_axis',(-1.,-3.46944695195361E-16,0.));
#6439=DIRECTION('ref_axis',(3.46944695195361E-16,-1.,0.));
#6440=DIRECTION('',(0.,0.,1.));
#6441=DIRECTION('',(-3.46944695195361E-16,1.,0.));
#6442=DIRECTION('',(0.,0.,-1.));
#6443=DIRECTION('',(3.46944695195361E-16,-1.,0.));
#6444=DIRECTION('',(0.,0.,1.));
#6445=DIRECTION('',(-3.46944695195361E-16,1.,0.));
#6446=DIRECTION('',(0.,0.,1.));
#6447=DIRECTION('center_axis',(0.,-1.,0.));
#6448=DIRECTION('ref_axis',(-0.707106781186547,0.,-0.707106781186547));
#6449=DIRECTION('center_axis',(0.,1.,0.));
#6450=DIRECTION('ref_axis',(-0.707106781186547,0.,-0.707106781186547));
#6451=DIRECTION('',(0.,-1.,0.));
#6452=DIRECTION('center_axis',(0.,-1.,0.));
#6453=DIRECTION('ref_axis',(-0.707106781186547,0.,-0.707106781186547));
#6454=DIRECTION('',(0.,1.,0.));
#6455=DIRECTION('center_axis',(1.,0.,0.));
#6456=DIRECTION('ref_axis',(0.,1.,0.));
#6457=DIRECTION('',(0.,0.,1.));
#6458=DIRECTION('',(0.,-1.,0.));
#6459=DIRECTION('',(0.,0.,-1.));
#6460=DIRECTION('',(0.,1.,0.));
#6461=DIRECTION('',(0.,0.,1.));
#6462=DIRECTION('',(0.,-1.,0.));
#6463=DIRECTION('',(0.,0.,1.));
#6464=DIRECTION('center_axis',(3.33275204390291E-16,-1.,0.));
#6465=DIRECTION('ref_axis',(-0.707106781186547,-3.14018491736755E-16,0.707106781186547));
#6466=DIRECTION('center_axis',(-2.59052048247122E-16,1.,0.));
#6467=DIRECTION('ref_axis',(-0.707106781186547,-3.14018491736755E-16,0.707106781186547));
#6468=DIRECTION('',(3.33275204390291E-16,-1.,0.));
#6469=DIRECTION('center_axis',(3.70074354638746E-17,-1.,0.));
#6470=DIRECTION('ref_axis',(-0.707106781186547,-3.14018491736755E-16,0.707106781186547));
#6471=DIRECTION('',(-3.33275204390291E-16,1.,0.));
#6472=DIRECTION('center_axis',(0.,0.,1.));
#6473=DIRECTION('ref_axis',(1.,0.,0.));
#6474=DIRECTION('',(-1.,-2.59052048247122E-16,0.));
#6475=DIRECTION('',(0.,1.,0.));
#6476=DIRECTION('',(1.,3.70074354638746E-17,0.));
#6477=DIRECTION('center_axis',(0.,1.,0.));
#6478=DIRECTION('ref_axis',(0.707106781186547,0.,0.707106781186547));
#6479=DIRECTION('center_axis',(2.59052048247122E-16,-1.,0.));
#6480=DIRECTION('ref_axis',(0.707106781186547,0.,0.707106781186547));
#6481=DIRECTION('',(0.,-1.,0.));
#6482=DIRECTION('center_axis',(-3.70074354638746E-17,1.,0.));
#6483=DIRECTION('ref_axis',(0.707106781186547,0.,0.707106781186547));
#6484=DIRECTION('',(0.,1.,0.));
#6485=DIRECTION('center_axis',(0.,0.,1.));
#6486=DIRECTION('ref_axis',(1.,0.,0.));
#6487=DIRECTION('',(-1.,-2.51371274711013E-16,0.));
#6488=DIRECTION('',(-3.33275204390291E-16,1.,0.));
#6489=DIRECTION('',(1.,4.18952124518355E-17,0.));
#6490=DIRECTION('center_axis',(-2.59052048247122E-16,1.,0.));
#6491=DIRECTION('ref_axis',(1.,2.59052048247122E-16,0.));
#6492=DIRECTION('',(0.,0.,1.));
#6493=DIRECTION('',(0.,0.,-1.));
#6494=DIRECTION('center_axis',(-2.59052048247122E-16,1.,0.));
#6495=DIRECTION('ref_axis',(-0.707106781186547,-3.14018491736755E-16,-0.707106781186547));
#6496=DIRECTION('',(1.,2.59052048247122E-16,0.));
#6497=DIRECTION('',(0.,0.,1.));
#6498=DIRECTION('center_axis',(-2.59052048247122E-16,1.,0.));
#6499=DIRECTION('ref_axis',(0.707106781186547,0.,0.707106781186547));
#6500=DIRECTION('',(1.,2.59052048247122E-16,0.));
#6501=DIRECTION('center_axis',(-2.59052048247122E-16,1.,0.));
#6502=DIRECTION('ref_axis',(-0.707106781186547,0.,0.707106781186547));
#6503=DIRECTION('',(-1.,-2.59052048247122E-16,0.));
#6504=DIRECTION('',(0.,0.,1.));
#6505=DIRECTION('',(1.,2.59052048247122E-16,0.));
#6506=DIRECTION('center_axis',(-2.59052048247122E-16,1.,0.));
#6507=DIRECTION('ref_axis',(0.658724631355539,1.47560667353086E-16,-0.752384117353303));
#6508=DIRECTION('',(-0.132163720091018,-3.42372823935374E-17,-0.991227900682635));
#6509=DIRECTION('center_axis',(2.59052048247122E-16,-1.,0.));
#6510=DIRECTION('ref_axis',(-0.707106781186547,-3.14018491736755E-16,0.707106781186547));
#6511=DIRECTION('center_axis',(3.33275204390291E-16,-1.,0.));
#6512=DIRECTION('ref_axis',(-0.707106781186547,-3.14018491736755E-16,0.707106781186547));
#6513=DIRECTION('center_axis',(-3.70074354638746E-17,1.,0.));
#6514=DIRECTION('ref_axis',(-0.707106781186547,-3.14018491736755E-16,0.707106781186547));
#6515=DIRECTION('',(-3.33275204390291E-16,1.,0.));
#6516=DIRECTION('center_axis',(-3.33275204390291E-16,1.,0.));
#6517=DIRECTION('ref_axis',(-0.707106781186547,-3.14018491736755E-16,-0.707106781186547));
#6518=DIRECTION('center_axis',(3.70074354638746E-17,-1.,0.));
#6519=DIRECTION('ref_axis',(-0.707106781186547,-3.14018491736755E-16,-0.707106781186547));
#6520=DIRECTION('',(-3.33275204390291E-16,1.,0.));
#6521=DIRECTION('',(3.33275204390291E-16,-1.,0.));
#6522=DIRECTION('center_axis',(0.,0.,1.));
#6523=DIRECTION('ref_axis',(1.,0.,0.));
#6524=DIRECTION('',(-1.,-3.70074354638746E-17,0.));
#6525=DIRECTION('',(0.,-1.,0.));
#6526=DIRECTION('center_axis',(3.33275204390291E-16,-1.,0.));
#6527=DIRECTION('ref_axis',(0.658724631355539,1.47560667353086E-16,-0.752384117353303));
#6528=DIRECTION('',(3.33275204390291E-16,-1.,0.));
#6529=DIRECTION('center_axis',(3.70074354638746E-17,-1.,0.));
#6530=DIRECTION('ref_axis',(0.658724631355539,1.47560667353086E-16,-0.752384117353303));
#6531=DIRECTION('',(-3.33275204390291E-16,1.,0.));
#6532=DIRECTION('center_axis',(0.,0.,1.));
#6533=DIRECTION('ref_axis',(1.,0.,0.));
#6534=DIRECTION('',(0.,1.,0.));
#6535=DIRECTION('',(-1.,-3.70074354638746E-17,0.));
#6536=DIRECTION('center_axis',(0.,1.,0.));
#6537=DIRECTION('ref_axis',(0.707106781186547,0.,-0.707106781186547));
#6538=DIRECTION('center_axis',(1.48029741855498E-16,-1.,0.));
#6539=DIRECTION('ref_axis',(0.707106781186547,0.,-0.707106781186547));
#6540=DIRECTION('',(0.,1.,0.));
#6541=DIRECTION('center_axis',(7.40148709277491E-17,1.,0.));
#6542=DIRECTION('ref_axis',(0.707106781186547,0.,-0.707106781186547));
#6543=DIRECTION('',(0.,-1.,0.));
#6544=DIRECTION('center_axis',(1.,0.,0.));
#6545=DIRECTION('ref_axis',(0.,1.,0.));
#6546=DIRECTION('',(0.,0.,-1.));
#6547=DIRECTION('',(0.,-1.,0.));
#6548=DIRECTION('',(0.,0.,1.));
#6549=DIRECTION('center_axis',(0.,1.,0.));
#6550=DIRECTION('ref_axis',(0.707106781186547,0.,0.707106781186547));
#6551=DIRECTION('center_axis',(1.48029741855498E-16,-1.,0.));
#6552=DIRECTION('ref_axis',(0.707106781186547,0.,0.707106781186547));
#6553=DIRECTION('',(0.,1.,0.));
#6554=DIRECTION('center_axis',(7.40148709277491E-17,1.,0.));
#6555=DIRECTION('ref_axis',(0.707106781186547,0.,0.707106781186547));
#6556=DIRECTION('center_axis',(0.,0.,1.));
#6557=DIRECTION('ref_axis',(1.,0.,0.));
#6558=DIRECTION('',(1.,1.48029741855498E-16,0.));
#6559=DIRECTION('',(0.,-1.,0.));
#6560=DIRECTION('',(-1.,7.40148709277491E-17,0.));
#6561=DIRECTION('center_axis',(0.,-1.,0.));
#6562=DIRECTION('ref_axis',(-0.707106781186547,0.,0.707106781186547));
#6563=DIRECTION('center_axis',(-1.48029741855498E-16,1.,0.));
#6564=DIRECTION('ref_axis',(-0.707106781186547,0.,0.707106781186547));
#6565=DIRECTION('',(0.,1.,0.));
#6566=DIRECTION('center_axis',(-7.40148709277491E-17,-1.,0.));
#6567=DIRECTION('ref_axis',(-0.707106781186547,0.,0.707106781186547));
#6568=DIRECTION('',(0.,-1.,0.));
#6569=DIRECTION('center_axis',(0.,0.,1.));
#6570=DIRECTION('ref_axis',(1.,0.,0.));
#6571=DIRECTION('',(1.,1.67580849807342E-16,0.));
#6572=DIRECTION('',(0.,-1.,0.));
#6573=DIRECTION('',(-1.,8.3790424903671E-17,0.));
#6574=DIRECTION('center_axis',(1.48029741855498E-16,-1.,0.));
#6575=DIRECTION('ref_axis',(-1.,-1.48029741855498E-16,0.));
#6576=DIRECTION('',(0.,0.,1.));
#6577=DIRECTION('',(-1.,-1.48029741855498E-16,0.));
#6578=DIRECTION('',(0.,0.,1.));
#6579=DIRECTION('center_axis',(1.48029741855498E-16,-1.,0.));
#6580=DIRECTION('ref_axis',(-0.707106781186547,0.,0.707106781186547));
#6581=DIRECTION('',(-1.,-1.48029741855498E-16,0.));
#6582=DIRECTION('center_axis',(1.48029741855498E-16,-1.,0.));
#6583=DIRECTION('ref_axis',(0.707106781186547,0.,0.707106781186547));
#6584=DIRECTION('',(1.,1.48029741855498E-16,0.));
#6585=DIRECTION('',(0.,0.,1.));
#6586=DIRECTION('',(-1.,-1.48029741855498E-16,0.));
#6587=DIRECTION('center_axis',(1.48029741855498E-16,-1.,0.));
#6588=DIRECTION('ref_axis',(-0.658724631355539,0.,-0.752384117353303));
#6589=DIRECTION('',(0.132163720091018,1.95641613677357E-17,-0.991227900682635));
#6590=DIRECTION('center_axis',(-1.48029741855498E-16,1.,0.));
#6591=DIRECTION('ref_axis',(0.707106781186547,0.,0.707106781186547));
#6592=DIRECTION('center_axis',(0.,1.,0.));
#6593=DIRECTION('ref_axis',(-0.658724631355539,0.,-0.752384117353303));
#6594=DIRECTION('',(0.,1.,0.));
#6595=DIRECTION('center_axis',(7.40148709277491E-17,1.,0.));
#6596=DIRECTION('ref_axis',(-0.658724631355539,0.,-0.752384117353303));
#6597=DIRECTION('',(0.,-1.,0.));
#6598=DIRECTION('center_axis',(0.,0.,1.));
#6599=DIRECTION('ref_axis',(1.,0.,0.));
#6600=DIRECTION('',(0.,-1.,0.));
#6601=DIRECTION('',(1.,-7.40148709277491E-17,0.));
#6602=DIRECTION('center_axis',(0.,1.,0.));
#6603=DIRECTION('ref_axis',(0.707106781186547,0.,0.707106781186547));
#6604=DIRECTION('center_axis',(-7.40148709277491E-17,-1.,0.));
#6605=DIRECTION('ref_axis',(0.707106781186547,0.,0.707106781186547));
#6606=DIRECTION('',(0.,-1.,0.));
#6607=DIRECTION('center_axis',(7.40148709277491E-17,1.,0.));
#6608=DIRECTION('ref_axis',(1.,-7.40148709277491E-17,0.));
#6609=DIRECTION('',(-0.132163720091018,9.78208068386787E-18,0.991227900682635));
#6610=DIRECTION('',(0.,0.,1.));
#6611=DIRECTION('',(1.,-7.40148709277491E-17,0.));
#6612=DIRECTION('center_axis',(7.40148709277491E-17,1.,0.));
#6613=DIRECTION('ref_axis',(0.707106781186547,0.,0.707106781186547));
#6614=DIRECTION('',(1.,-7.40148709277491E-17,0.));
#6615=DIRECTION('center_axis',(7.40148709277491E-17,1.,0.));
#6616=DIRECTION('ref_axis',(-0.707106781186547,0.,0.707106781186547));
#6617=DIRECTION('',(0.,0.,-1.));
#6618=DIRECTION('',(1.,-7.40148709277491E-17,0.));
#6619=DIRECTION('',(0.,0.,1.));
#6620=DIRECTION('center_axis',(0.,-1.,0.));
#6621=DIRECTION('ref_axis',(-0.707106781186547,0.,0.707106781186547));
#6622=DIRECTION('',(0.,-1.,0.));
#6623=DIRECTION('center_axis',(3.70074354638746E-17,-1.,0.));
#6624=DIRECTION('ref_axis',(-0.707106781186547,0.,0.707106781186547));
#6625=DIRECTION('center_axis',(0.,0.,1.));
#6626=DIRECTION('ref_axis',(1.,0.,0.));
#6627=DIRECTION('',(0.,1.,0.));
#6628=DIRECTION('',(-1.,-3.70074354638746E-17,0.));
#6629=DIRECTION('center_axis',(0.,1.,0.));
#6630=DIRECTION('ref_axis',(0.707106781186547,0.,0.707106781186547));
#6631=DIRECTION('center_axis',(3.70074354638746E-17,-1.,0.));
#6632=DIRECTION('ref_axis',(0.707106781186547,0.,0.707106781186547));
#6633=DIRECTION('',(0.,-1.,0.));
#6634=DIRECTION('center_axis',(-3.46944695195361E-16,1.,0.));
#6635=DIRECTION('ref_axis',(0.707106781186547,0.,0.707106781186547));
#6636=DIRECTION('',(-3.46944695195361E-16,1.,0.));
#6637=DIRECTION('center_axis',(0.,0.,1.));
#6638=DIRECTION('ref_axis',(1.,0.,0.));
#6639=DIRECTION('',(9.34924652315921E-17,-1.,0.));
#6640=DIRECTION('center_axis',(9.34924652315921E-17,-1.,0.));
#6641=DIRECTION('ref_axis',(-0.707106781186547,0.,0.707106781186547));
#6642=DIRECTION('',(-9.34924652315921E-17,1.,0.));
#6643=DIRECTION('center_axis',(-0.816496580927727,-0.408248290463862,-0.408248290463862));
#6644=DIRECTION('ref_axis',(0.577350269189625,-0.577350269189628,-0.577350269189625));
#6645=DIRECTION('center_axis',(0.,0.,1.));
#6646=DIRECTION('ref_axis',(1.,0.,0.));
#6647=DIRECTION('center_axis',(3.5527136788005E-15,1.,0.));
#6648=DIRECTION('ref_axis',(0.,0.,-1.));
#6649=DIRECTION('center_axis',(-1.,0.,0.));
#6650=DIRECTION('ref_axis',(0.,-1.,0.));
#6651=DIRECTION('center_axis',(0.,1.,0.));
#6652=DIRECTION('ref_axis',(0.707106781186547,0.,-0.707106781186547));
#6653=DIRECTION('center_axis',(0.,-1.,0.));
#6654=DIRECTION('ref_axis',(0.707106781186547,0.,-0.707106781186547));
#6655=DIRECTION('',(0.,-1.,0.));
#6656=DIRECTION('',(0.,1.,0.));
#6657=DIRECTION('center_axis',(0.408248290463863,-0.816496580927725,0.408248290463865));
#6658=DIRECTION('ref_axis',(-0.577350269189626,-0.577350269189626,-0.577350269189627));
#6659=DIRECTION('center_axis',(1.,0.,0.));
#6660=DIRECTION('ref_axis',(0.,0.,-1.));
#6661=DIRECTION('center_axis',(0.,1.,0.));
#6662=DIRECTION('ref_axis',(-1.,0.,0.));
#6663=DIRECTION('center_axis',(0.,0.,1.));
#6664=DIRECTION('ref_axis',(0.,-1.,0.));
#6665=DIRECTION('center_axis',(9.34924652315921E-17,-1.,0.));
#6666=DIRECTION('ref_axis',(-0.707106781186547,0.,-0.707106781186547));
#6667=DIRECTION('center_axis',(0.,-1.,0.));
#6668=DIRECTION('ref_axis',(-0.707106781186547,0.,-0.707106781186547));
#6669=DIRECTION('',(9.34924652315921E-17,-1.,0.));
#6670=DIRECTION('',(-9.34924652315921E-17,1.,0.));
#6671=DIRECTION('center_axis',(0.,0.,1.));
#6672=DIRECTION('ref_axis',(-0.707106781186547,-0.707106781186547,0.));
#6673=DIRECTION('center_axis',(0.,0.,1.));
#6674=DIRECTION('ref_axis',(-0.707106781186547,-0.707106781186547,0.));
#6675=DIRECTION('',(0.,0.,-1.));
#6676=DIRECTION('',(0.,0.,1.));
#6677=DIRECTION('center_axis',(1.,0.,0.));
#6678=DIRECTION('ref_axis',(0.,-0.707106781186547,-0.707106781186547));
#6679=DIRECTION('',(-1.,0.,0.));
#6680=DIRECTION('',(1.,0.,0.));
#6681=DIRECTION('center_axis',(0.,0.,1.));
#6682=DIRECTION('ref_axis',(0.707106781186547,-0.707106781186547,0.));
#6683=DIRECTION('center_axis',(0.,0.,1.));
#6684=DIRECTION('ref_axis',(0.707106781186547,-0.707106781186547,0.));
#6685=DIRECTION('',(0.,0.,-1.));
#6686=DIRECTION('',(0.,0.,1.));
#6687=DIRECTION('center_axis',(0.,0.,1.));
#6688=DIRECTION('ref_axis',(1.,0.,0.));
#6689=DIRECTION('',(-1.,0.,0.));
#6690=DIRECTION('',(0.,-1.,0.));
#6691=DIRECTION('',(1.,0.,0.));
#6692=DIRECTION('',(0.,1.,0.));
#6693=DIRECTION('',(-1.,0.,0.));
#6694=DIRECTION('',(1.,0.,0.));
#6695=DIRECTION('',(-1.,0.,0.));
#6696=DIRECTION('',(0.,1.,0.));
#6697=DIRECTION('',(1.,0.,0.));
#6698=DIRECTION('',(0.,-1.,0.));
#6699=DIRECTION('',(-1.,0.,0.));
#6700=DIRECTION('',(0.,1.,0.));
#6701=DIRECTION('',(1.,0.,0.));
#6702=DIRECTION('',(1.,0.,0.));
#6703=DIRECTION('',(1.,0.,0.));
#6704=DIRECTION('',(0.,-1.,0.));
#6705=DIRECTION('',(-1.,0.,0.));
#6706=DIRECTION('center_axis',(0.,-1.,0.));
#6707=DIRECTION('ref_axis',(1.,0.,0.));
#6708=DIRECTION('center_axis',(0.,-1.,0.));
#6709=DIRECTION('ref_axis',(-0.707106781186547,0.,-0.707106781186547));
#6710=DIRECTION('',(0.,0.,1.));
#6711=DIRECTION('center_axis',(0.,-1.,0.));
#6712=DIRECTION('ref_axis',(-0.707106781186547,0.,0.707106781186547));
#6713=DIRECTION('',(0.,0.,1.));
#6714=DIRECTION('',(1.,0.,0.));
#6715=DIRECTION('',(0.,0.,-1.));
#6716=DIRECTION('',(0.,0.,1.));
#6717=DIRECTION('',(1.,0.,0.));
#6718=DIRECTION('',(0.,0.,-1.));
#6719=DIRECTION('center_axis',(0.,-1.,0.));
#6720=DIRECTION('ref_axis',(0.707106781186547,0.,0.707106781186547));
#6721=DIRECTION('',(0.,0.,-1.));
#6722=DIRECTION('center_axis',(0.,-1.,0.));
#6723=DIRECTION('ref_axis',(0.707106781186547,0.,-0.707106781186547));
#6724=DIRECTION('',(0.,0.,1.));
#6725=DIRECTION('',(-1.,0.,0.));
#6726=DIRECTION('',(0.,0.,1.));
#6727=DIRECTION('center_axis',(-1.,0.,0.));
#6728=DIRECTION('ref_axis',(0.,-1.,0.));
#6729=DIRECTION('',(0.,1.,0.));
#6730=DIRECTION('',(0.,0.,1.));
#6731=DIRECTION('',(0.,-1.,0.));
#6732=DIRECTION('',(0.,0.,-1.));
#6733=DIRECTION('',(0.,0.,1.));
#6734=DIRECTION('',(0.,-1.,0.));
#6735=DIRECTION('',(0.,0.,-1.));
#6736=DIRECTION('',(0.,0.,-1.));
#6737=DIRECTION('center_axis',(0.,-1.,0.));
#6738=DIRECTION('ref_axis',(0.707106781186547,0.,-0.707106781186547));
#6739=DIRECTION('center_axis',(0.,-1.,0.));
#6740=DIRECTION('ref_axis',(0.707106781186547,0.,-0.707106781186547));
#6741=DIRECTION('',(0.,-1.,0.));
#6742=DIRECTION('center_axis',(0.,1.,0.));
#6743=DIRECTION('ref_axis',(1.,0.,0.));
#6744=DIRECTION('center_axis',(1.,0.,0.));
#6745=DIRECTION('ref_axis',(0.,-1.,0.));
#6746=DIRECTION('center_axis',(0.,0.,-1.));
#6747=DIRECTION('ref_axis',(0.707106781186547,-0.707106781186547,0.));
#6748=DIRECTION('center_axis',(-1.,0.,0.));
#6749=DIRECTION('ref_axis',(0.,-0.707106781186547,-0.707106781186547));
#6750=DIRECTION('center_axis',(1.,0.,0.));
#6751=DIRECTION('ref_axis',(0.,-1.,0.));
#6752=DIRECTION('center_axis',(0.,-1.,0.));
#6753=DIRECTION('ref_axis',(-1.,0.,0.));
#6754=DIRECTION('center_axis',(0.,0.,-1.));
#6755=DIRECTION('ref_axis',(-0.707106781186547,-0.707106781186547,0.));
#6756=DIRECTION('center_axis',(0.,1.,0.));
#6757=DIRECTION('ref_axis',(-0.707106781186547,0.,-0.707106781186547));
#6758=DIRECTION('center_axis',(0.,-1.,0.));
#6759=DIRECTION('ref_axis',(-0.707106781186547,0.,-0.707106781186547));
#6760=DIRECTION('',(0.,1.,0.));
#6761=DIRECTION('center_axis',(-1.,0.,0.));
#6762=DIRECTION('ref_axis',(0.,1.,0.));
#6763=DIRECTION('',(0.,0.,-1.));
#6764=DIRECTION('',(0.,1.,0.));
#6765=DIRECTION('',(0.,0.,1.));
#6766=DIRECTION('center_axis',(-1.,0.,0.));
#6767=DIRECTION('ref_axis',(0.,-1.,0.));
#6768=DIRECTION('center_axis',(0.,0.,-1.));
#6769=DIRECTION('ref_axis',(-0.707106781186547,-0.707106781186547,0.));
#6770=DIRECTION('center_axis',(0.,0.,-1.));
#6771=DIRECTION('ref_axis',(-0.707106781186547,-0.707106781186547,0.));
#6772=DIRECTION('center_axis',(0.,-1.,0.));
#6773=DIRECTION('ref_axis',(-1.,0.,0.));
#6774=DIRECTION('center_axis',(0.,0.,1.));
#6775=DIRECTION('ref_axis',(0.707106781186547,-0.707106781186547,0.));
#6776=DIRECTION('',(0.,0.,1.));
#6777=DIRECTION('center_axis',(0.,0.,-1.));
#6778=DIRECTION('ref_axis',(0.707106781186547,-0.707106781186547,0.));
#6779=DIRECTION('center_axis',(0.,1.,0.));
#6780=DIRECTION('ref_axis',(1.,0.,0.));
#6781=DIRECTION('',(1.,0.,0.));
#6782=DIRECTION('',(0.,0.,1.));
#6783=DIRECTION('center_axis',(0.,1.,0.));
#6784=DIRECTION('ref_axis',(-0.707106781186547,0.,0.707106781186547));
#6785=DIRECTION('',(0.,0.,-1.));
#6786=DIRECTION('center_axis',(0.,1.,0.));
#6787=DIRECTION('ref_axis',(-0.707106781186547,0.,-0.707106781186547));
#6788=DIRECTION('center_axis',(0.,1.,0.));
#6789=DIRECTION('ref_axis',(0.707106781186547,0.,-0.707106781186547));
#6790=DIRECTION('',(0.,0.,1.));
#6791=DIRECTION('center_axis',(0.,1.,0.));
#6792=DIRECTION('ref_axis',(0.707106781186547,0.,0.707106781186547));
#6793=DIRECTION('center_axis',(1.,0.,0.));
#6794=DIRECTION('ref_axis',(0.,-1.,0.));
#6795=DIRECTION('',(0.,-1.,0.));
#6796=DIRECTION('center_axis',(1.,0.,0.));
#6797=DIRECTION('ref_axis',(0.,1.,0.));
#6798=DIRECTION('center_axis',(1.,0.,0.));
#6799=DIRECTION('ref_axis',(0.,1.,0.));
#6800=DIRECTION('',(0.,-1.,0.));
#6801=DIRECTION('',(0.,0.,1.));
#6802=DIRECTION('',(0.,-1.,0.));
#6803=DIRECTION('',(0.,0.,1.));
#6804=DIRECTION('center_axis',(0.,0.,1.));
#6805=DIRECTION('ref_axis',(1.,0.,0.));
#6806=DIRECTION('center_axis',(0.,0.,1.));
#6807=DIRECTION('ref_axis',(1.,0.,0.));
#6808=DIRECTION('center_axis',(0.,0.,-1.));
#6809=DIRECTION('ref_axis',(1.,0.,0.));
#6810=DIRECTION('',(-9.34924652315921E-17,1.,0.));
#6811=DIRECTION('center_axis',(1.,9.34924652315921E-17,0.));
#6812=DIRECTION('ref_axis',(-9.34924652315921E-17,1.,0.));
#6813=DIRECTION('',(9.34924652315921E-17,-1.,0.));
#6814=DIRECTION('',(0.,0.,1.));
#6815=DIRECTION('',(-9.34924652315921E-17,1.,0.));
#6816=DIRECTION('',(0.,0.,-1.));
#6817=DIRECTION('',(0.,0.,1.));
#6818=DIRECTION('',(0.,0.,-1.));
#6819=DIRECTION('',(-9.34924652315921E-17,1.,0.));
#6820=DIRECTION('center_axis',(1.,0.,0.));
#6821=DIRECTION('ref_axis',(0.,1.,0.));
#6822=DIRECTION('',(0.,-1.,0.));
#6823=DIRECTION('',(0.,0.,1.));
#6824=DIRECTION('',(0.,-1.,0.));
#6825=DIRECTION('',(0.,0.,1.));
#6826=DIRECTION('center_axis',(0.,0.,1.));
#6827=DIRECTION('ref_axis',(1.,0.,0.));
#6828=DIRECTION('center_axis',(0.,0.,1.));
#6829=DIRECTION('ref_axis',(1.,0.,0.));
#6830=DIRECTION('center_axis',(0.,0.,-1.));
#6831=DIRECTION('ref_axis',(1.,0.,0.));
#6832=DIRECTION('center_axis',(0.,0.,1.));
#6833=DIRECTION('ref_axis',(1.,0.,0.));
#6834=DIRECTION('center_axis',(0.,0.,1.));
#6835=DIRECTION('ref_axis',(1.,0.,0.));
#6836=DIRECTION('',(1.,0.,0.));
#6837=DIRECTION('',(-1.,0.,0.));
#6838=DIRECTION('',(1.,0.,0.));
#6839=DIRECTION('center_axis',(0.,0.,1.));
#6840=DIRECTION('ref_axis',(1.,0.,0.));
#6841=DIRECTION('',(-1.07009448156642E-16,1.,0.));
#6842=DIRECTION('',(1.07009448156642E-16,-1.,0.));
#6843=DIRECTION('',(-1.07009448156642E-16,1.,0.));
#6844=DIRECTION('center_axis',(0.,0.,1.));
#6845=DIRECTION('ref_axis',(1.,0.,0.));
#6846=DIRECTION('',(-1.,1.08314441426845E-16,0.));
#6847=DIRECTION('',(1.,-1.08314441426845E-16,0.));
#6848=DIRECTION('',(-1.,1.08314441426845E-16,0.));
#6849=DIRECTION('center_axis',(0.,0.,1.));
#6850=DIRECTION('ref_axis',(1.,0.,0.));
#6851=DIRECTION('',(0.,1.,0.));
#6852=DIRECTION('center_axis',(-1.,-1.07009448156642E-16,0.));
#6853=DIRECTION('ref_axis',(1.07009448156642E-16,-1.,0.));
#6854=DIRECTION('',(-1.07009448156642E-16,1.,0.));
#6855=DIRECTION('',(0.,0.,1.));
#6856=DIRECTION('',(0.,0.,1.));
#6857=DIRECTION('center_axis',(0.,0.,1.));
#6858=DIRECTION('ref_axis',(1.,0.,0.));
#6859=DIRECTION('center_axis',(0.,0.,1.));
#6860=DIRECTION('ref_axis',(1.,0.,0.));
#6861=DIRECTION('center_axis',(0.,0.,-1.));
#6862=DIRECTION('ref_axis',(1.,0.,0.));
#6863=DIRECTION('center_axis',(-1.,-1.07009448156642E-16,0.));
#6864=DIRECTION('ref_axis',(1.07009448156642E-16,-1.,0.));
#6865=DIRECTION('',(-1.07009448156642E-16,1.,0.));
#6866=DIRECTION('',(0.,0.,1.));
#6867=DIRECTION('',(0.,0.,1.));
#6868=DIRECTION('center_axis',(0.,0.,1.));
#6869=DIRECTION('ref_axis',(1.,0.,0.));
#6870=DIRECTION('center_axis',(0.,0.,1.));
#6871=DIRECTION('ref_axis',(1.,0.,0.));
#6872=DIRECTION('center_axis',(0.,0.,-1.));
#6873=DIRECTION('ref_axis',(1.,0.,0.));
#6874=DIRECTION('center_axis',(0.,1.,0.));
#6875=DIRECTION('ref_axis',(-1.,0.,0.));
#6876=DIRECTION('',(1.,0.,0.));
#6877=DIRECTION('',(0.,0.,1.));
#6878=DIRECTION('',(0.,0.,1.));
#6879=DIRECTION('center_axis',(0.,0.,1.));
#6880=DIRECTION('ref_axis',(1.,0.,0.));
#6881=DIRECTION('',(-1.,0.,0.));
#6882=DIRECTION('center_axis',(0.,0.,-1.));
#6883=DIRECTION('ref_axis',(1.,0.,0.));
#6884=DIRECTION('center_axis',(0.,0.,1.));
#6885=DIRECTION('ref_axis',(1.,0.,0.));
#6886=DIRECTION('center_axis',(0.,1.,0.));
#6887=DIRECTION('ref_axis',(-1.,0.,0.));
#6888=DIRECTION('',(1.,0.,0.));
#6889=DIRECTION('',(0.,0.,1.));
#6890=DIRECTION('',(0.,0.,-1.));
#6891=DIRECTION('',(0.,0.,1.));
#6892=DIRECTION('',(-1.,0.,0.));
#6893=DIRECTION('',(0.,0.,-1.));
#6894=DIRECTION('center_axis',(-1.08314441426845E-16,-1.,0.));
#6895=DIRECTION('ref_axis',(1.,-1.08314441426845E-16,0.));
#6896=DIRECTION('',(-1.,1.08314441426845E-16,0.));
#6897=DIRECTION('',(0.,0.,1.));
#6898=DIRECTION('',(0.,0.,1.));
#6899=DIRECTION('center_axis',(0.,0.,1.));
#6900=DIRECTION('ref_axis',(1.,0.,0.));
#6901=DIRECTION('center_axis',(0.,0.,1.));
#6902=DIRECTION('ref_axis',(1.,0.,0.));
#6903=DIRECTION('center_axis',(0.,0.,-1.));
#6904=DIRECTION('ref_axis',(1.,0.,0.));
#6905=DIRECTION('center_axis',(-1.08314441426845E-16,-1.,0.));
#6906=DIRECTION('ref_axis',(1.,-1.08314441426845E-16,0.));
#6907=DIRECTION('',(-1.,1.08314441426845E-16,0.));
#6908=DIRECTION('',(0.,0.,1.));
#6909=DIRECTION('',(0.,0.,1.));
#6910=DIRECTION('center_axis',(0.,0.,1.));
#6911=DIRECTION('ref_axis',(1.,0.,0.));
#6912=DIRECTION('center_axis',(0.,0.,1.));
#6913=DIRECTION('ref_axis',(1.,0.,0.));
#6914=DIRECTION('center_axis',(0.,0.,-1.));
#6915=DIRECTION('ref_axis',(1.,0.,0.));
#6916=DIRECTION('center_axis',(0.,1.,0.));
#6917=DIRECTION('ref_axis',(-1.,0.,0.));
#6918=DIRECTION('',(1.,0.,0.));
#6919=DIRECTION('',(0.,0.,1.));
#6920=DIRECTION('',(0.,0.,1.));
#6921=DIRECTION('center_axis',(0.,0.,1.));
#6922=DIRECTION('ref_axis',(1.,0.,0.));
#6923=DIRECTION('center_axis',(0.,0.,1.));
#6924=DIRECTION('ref_axis',(1.,0.,0.));
#6925=DIRECTION('center_axis',(0.,0.,-1.));
#6926=DIRECTION('ref_axis',(1.,0.,0.));
#6927=DIRECTION('center_axis',(1.,1.07009448156642E-16,0.));
#6928=DIRECTION('ref_axis',(1.07009448156642E-16,-1.,0.));
#6929=DIRECTION('',(0.,0.,-1.));
#6930=DIRECTION('',(0.,0.,-1.));
#6931=DIRECTION('center_axis',(0.,0.,-1.));
#6932=DIRECTION('ref_axis',(1.,0.,0.));
#6933=DIRECTION('center_axis',(0.,0.,-1.));
#6934=DIRECTION('ref_axis',(1.,0.,0.));
#6935=DIRECTION('center_axis',(0.,0.,-1.));
#6936=DIRECTION('ref_axis',(1.,0.,0.));
#6937=DIRECTION('',(0.,0.,-1.));
#6938=DIRECTION('center_axis',(1.08314441426845E-16,1.,0.));
#6939=DIRECTION('ref_axis',(1.,-1.08314441426845E-16,0.));
#6940=DIRECTION('',(0.,0.,-1.));
#6941=DIRECTION('center_axis',(0.,0.,-1.));
#6942=DIRECTION('ref_axis',(1.,0.,0.));
#6943=DIRECTION('center_axis',(0.,0.,-1.));
#6944=DIRECTION('ref_axis',(1.,0.,0.));
#6945=DIRECTION('center_axis',(0.,0.,-1.));
#6946=DIRECTION('ref_axis',(1.,0.,0.));
#6947=DIRECTION('',(0.,0.,-1.));
#6948=DIRECTION('center_axis',(-1.,0.,0.));
#6949=DIRECTION('ref_axis',(0.,1.,0.));
#6950=DIRECTION('',(0.,0.,-1.));
#6951=DIRECTION('center_axis',(0.,0.,-1.));
#6952=DIRECTION('ref_axis',(1.,0.,0.));
#6953=DIRECTION('center_axis',(0.,0.,-1.));
#6954=DIRECTION('ref_axis',(1.,0.,0.));
#6955=DIRECTION('center_axis',(0.,0.,-1.));
#6956=DIRECTION('ref_axis',(1.,0.,0.));
#6957=DIRECTION('',(0.,0.,-1.));
#6958=DIRECTION('center_axis',(0.,-1.,0.));
#6959=DIRECTION('ref_axis',(-1.,0.,0.));
#6960=DIRECTION('',(0.,0.,-1.));
#6961=DIRECTION('center_axis',(0.,0.,-1.));
#6962=DIRECTION('ref_axis',(1.,0.,0.));
#6963=DIRECTION('center_axis',(0.,0.,-1.));
#6964=DIRECTION('ref_axis',(1.,0.,0.));
#6965=DIRECTION('center_axis',(0.,0.,-1.));
#6966=DIRECTION('ref_axis',(1.,0.,0.));
#6967=DIRECTION('center_axis',(0.,-1.,0.));
#6968=DIRECTION('ref_axis',(-0.707106781186546,0.,-0.707106781186549));
#6969=DIRECTION('center_axis',(0.,1.,0.));
#6970=DIRECTION('ref_axis',(-0.707106781186546,0.,-0.707106781186549));
#6971=DIRECTION('',(0.,-1.,0.));
#6972=DIRECTION('center_axis',(-0.707106781186548,-0.707106781186548,0.));
#6973=DIRECTION('ref_axis',(-0.707106781186547,0.707106781186547,0.));
#6974=DIRECTION('center_axis',(0.,1.,0.));
#6975=DIRECTION('ref_axis',(0.707106781186546,0.,-0.707106781186549));
#6976=DIRECTION('',(0.,1.,0.));
#6977=DIRECTION('center_axis',(0.,1.,0.));
#6978=DIRECTION('ref_axis',(0.707106781186546,0.,-0.707106781186549));
#6979=DIRECTION('center_axis',(0.707106781186548,-0.707106781186548,0.));
#6980=DIRECTION('ref_axis',(-0.707106781186547,-0.707106781186547,0.));
#6981=DIRECTION('center_axis',(-1.,0.,0.));
#6982=DIRECTION('ref_axis',(0.,0.707106781186546,-0.707106781186549));
#6983=DIRECTION('',(-1.,0.,0.));
#6984=DIRECTION('center_axis',(0.,-1.,0.));
#6985=DIRECTION('ref_axis',(-0.534522483824847,0.,0.845154254728518));
#6986=DIRECTION('',(0.,1.,0.));
#6987=DIRECTION('center_axis',(0.,-1.,0.));
#6988=DIRECTION('ref_axis',(-0.534522483824847,0.,0.845154254728518));
#6989=DIRECTION('',(0.,-1.,0.));
#6990=DIRECTION('center_axis',(0.,1.,0.));
#6991=DIRECTION('ref_axis',(-0.534522483824847,0.,0.845154254728518));
#6992=DIRECTION('center_axis',(0.,-1.,0.));
#6993=DIRECTION('ref_axis',(0.534522483824847,0.,0.845154254728518));
#6994=DIRECTION('',(0.,1.,0.));
#6995=DIRECTION('center_axis',(0.,-1.,0.));
#6996=DIRECTION('ref_axis',(0.534522483824847,0.,0.845154254728518));
#6997=DIRECTION('',(0.,-1.,0.));
#6998=DIRECTION('center_axis',(0.,1.,0.));
#6999=DIRECTION('ref_axis',(0.534522483824847,0.,0.845154254728518));
#7000=DIRECTION('center_axis',(0.,1.,0.));
#7001=DIRECTION('ref_axis',(0.,0.,-1.));
#7002=DIRECTION('center_axis',(0.,-1.,0.));
#7003=DIRECTION('ref_axis',(0.,0.,-1.));
#7004=DIRECTION('center_axis',(0.,1.,0.));
#7005=DIRECTION('ref_axis',(0.,0.,-1.));
#7006=DIRECTION('center_axis',(0.,-1.,0.));
#7007=DIRECTION('ref_axis',(1.,0.,0.));
#7008=DIRECTION('center_axis',(0.,-1.,0.));
#7009=DIRECTION('ref_axis',(1.,0.,0.));
#7010=DIRECTION('center_axis',(-1.,0.,0.));
#7011=DIRECTION('ref_axis',(0.,1.,0.));
#7012=DIRECTION('',(0.,0.,-1.));
#7013=DIRECTION('',(0.,0.,-1.));
#7014=DIRECTION('',(0.,0.,1.));
#7015=DIRECTION('',(0.,0.,1.));
#7016=DIRECTION('center_axis',(0.,-1.,0.));
#7017=DIRECTION('ref_axis',(1.,0.,0.));
#7018=DIRECTION('',(0.,0.,-1.));
#7019=DIRECTION('center_axis',(0.,-1.,0.));
#7020=DIRECTION('ref_axis',(1.,0.,0.));
#7021=DIRECTION('',(0.,0.,1.));
#7022=DIRECTION('center_axis',(1.,0.,0.));
#7023=DIRECTION('ref_axis',(0.,-1.,0.));
#7024=DIRECTION('',(0.,0.,-1.));
#7025=DIRECTION('',(0.,0.,-1.));
#7026=DIRECTION('center_axis',(0.,1.,0.));
#7027=DIRECTION('ref_axis',(1.,0.,0.));
#7028=DIRECTION('center_axis',(0.,-1.,0.));
#7029=DIRECTION('ref_axis',(-1.,0.,0.));
#7030=DIRECTION('center_axis',(1.,0.,0.));
#7031=DIRECTION('ref_axis',(0.,-1.,0.));
#7032=DIRECTION('',(0.,0.,-1.));
#7033=DIRECTION('',(0.,0.,-1.));
#7034=DIRECTION('center_axis',(0.,1.,0.));
#7035=DIRECTION('ref_axis',(1.,0.,0.));
#7036=DIRECTION('',(0.,0.,-1.));
#7037=DIRECTION('center_axis',(-1.,0.,0.));
#7038=DIRECTION('ref_axis',(0.,1.,0.));
#7039=DIRECTION('',(0.,0.,-1.));
#7040=DIRECTION('center_axis',(0.,-1.,0.));
#7041=DIRECTION('ref_axis',(-1.,0.,0.));
#7042=DIRECTION('center_axis',(0.,1.,0.));
#7043=DIRECTION('ref_axis',(-0.707106781186547,0.,0.707106781186547));
#7044=DIRECTION('',(0.,1.,0.));
#7045=DIRECTION('center_axis',(-1.,0.,0.));
#7046=DIRECTION('ref_axis',(0.,0.,1.));
#7047=DIRECTION('',(0.,-1.,0.));
#7048=DIRECTION('center_axis',(0.,1.,0.));
#7049=DIRECTION('ref_axis',(0.707106781186547,0.,0.707106781186547));
#7050=DIRECTION('',(0.,-1.,0.));
#7051=DIRECTION('center_axis',(0.,1.,0.));
#7052=DIRECTION('ref_axis',(-0.707106781186547,0.,-0.707106781186547));
#7053=DIRECTION('center_axis',(0.,1.,0.));
#7054=DIRECTION('ref_axis',(0.707106781186547,0.,-0.707106781186547));
#7055=DIRECTION('',(0.,1.,0.));
#7056=DIRECTION('center_axis',(1.,0.,0.));
#7057=DIRECTION('ref_axis',(0.,0.,-1.));
#7058=DIRECTION('center_axis',(0.991227900682635,0.,0.132163720091018));
#7059=DIRECTION('ref_axis',(0.132163720091018,0.,-0.991227900682635));
#7060=DIRECTION('center_axis',(-0.991227900682635,-3.30351681197364E-16,
0.132163720091018));
#7061=DIRECTION('ref_axis',(0.132163720091018,0.,0.991227900682635));
#7062=DIRECTION('',(0.132163720091018,4.89104034193391E-18,0.991227900682635));
#7063=DIRECTION('center_axis',(-1.,-3.33275204390291E-16,0.));
#7064=DIRECTION('ref_axis',(3.33275204390291E-16,-1.,0.));
#7065=DIRECTION('',(0.,0.,1.));
#7066=DIRECTION('center_axis',(1.,0.,0.));
#7067=DIRECTION('ref_axis',(0.,1.,0.));
#7068=DIRECTION('',(0.,0.,1.));
#7069=DIRECTION('center_axis',(-1.,0.,0.));
#7070=DIRECTION('ref_axis',(0.,-1.,0.));
#7071=DIRECTION('center_axis',(0.,0.,1.));
#7072=DIRECTION('ref_axis',(1.,0.,0.));
#7073=DIRECTION('center_axis',(-1.,0.,0.));
#7074=DIRECTION('ref_axis',(0.,0.,1.));
#7075=DIRECTION('center_axis',(1.,0.,0.));
#7076=DIRECTION('ref_axis',(0.,1.,0.));
#7077=DIRECTION('center_axis',(0.,-1.,1.22464679914735E-16));
#7078=DIRECTION('ref_axis',(0.,-1.22464679914735E-16,-1.));
#7079=DIRECTION('center_axis',(1.,0.,0.));
#7080=DIRECTION('ref_axis',(0.,0.,-1.));
#7081=DIRECTION('center_axis',(-1.,0.,0.));
#7082=DIRECTION('ref_axis',(0.,-1.,0.));
#7083=DIRECTION('center_axis',(0.,-1.,-1.22464679914735E-16));
#7084=DIRECTION('ref_axis',(0.,-1.22464679914735E-16,1.));
#7085=DIRECTION('center_axis',(-1.,0.,0.));
#7086=DIRECTION('ref_axis',(0.,-1.,0.));
#7087=DIRECTION('center_axis',(1.,0.,0.));
#7088=DIRECTION('ref_axis',(0.,-1.,0.));
#7089=DIRECTION('center_axis',(-1.,0.,0.));
#7090=DIRECTION('ref_axis',(0.,1.,0.));
#7091=DIRECTION('center_axis',(-1.,0.,0.));
#7092=DIRECTION('ref_axis',(0.,-1.,0.));
#7093=DIRECTION('center_axis',(1.,0.,0.));
#7094=DIRECTION('ref_axis',(0.,-1.,0.));
#7095=DIRECTION('',(1.,0.,0.));
#7096=DIRECTION('center_axis',(-1.,0.,0.));
#7097=DIRECTION('ref_axis',(0.,-1.,0.));
#7098=DIRECTION('center_axis',(1.,0.,0.));
#7099=DIRECTION('ref_axis',(0.,1.,0.));
#7100=DIRECTION('center_axis',(-1.,0.,0.));
#7101=DIRECTION('ref_axis',(0.,1.,0.));
#7102=DIRECTION('',(-1.,0.,0.));
#7103=DIRECTION('center_axis',(1.,0.,0.));
#7104=DIRECTION('ref_axis',(0.,1.,0.));
#7105=DIRECTION('center_axis',(1.,0.,0.));
#7106=DIRECTION('ref_axis',(0.,1.,0.));
#7107=DIRECTION('center_axis',(1.,0.,0.));
#7108=DIRECTION('ref_axis',(0.,1.,0.));
#7109=DIRECTION('',(1.,0.,0.));
#7110=DIRECTION('center_axis',(-1.,0.,0.));
#7111=DIRECTION('ref_axis',(0.,1.,0.));
#7112=DIRECTION('center_axis',(1.,0.,0.));
#7113=DIRECTION('ref_axis',(0.,1.,0.));
#7114=DIRECTION('center_axis',(1.,0.,0.));
#7115=DIRECTION('ref_axis',(0.,1.,0.));
#7116=DIRECTION('',(1.,0.,0.));
#7117=DIRECTION('center_axis',(-1.,0.,0.));
#7118=DIRECTION('ref_axis',(0.,1.,0.));
#7119=DIRECTION('center_axis',(0.,0.,-1.));
#7120=DIRECTION('ref_axis',(-1.,0.,0.));
#7121=DIRECTION('',(1.,0.,0.));
#7122=DIRECTION('',(0.,1.,0.));
#7123=DIRECTION('',(-1.,-2.77555756156289E-16,0.));
#7124=DIRECTION('',(0.,-1.,0.));
#7125=DIRECTION('center_axis',(0.,0.,1.));
#7126=DIRECTION('ref_axis',(1.,0.,0.));
#7127=DIRECTION('',(1.,2.77555756156289E-16,0.));
#7128=DIRECTION('',(0.,-1.,0.));
#7129=DIRECTION('',(-1.,0.,0.));
#7130=DIRECTION('',(0.,1.,0.));
#7131=DIRECTION('center_axis',(0.,0.,-1.));
#7132=DIRECTION('ref_axis',(-1.,0.,0.));
#7133=DIRECTION('',(-1.,1.38777878078145E-16,0.));
#7134=DIRECTION('',(0.,-1.,0.));
#7135=DIRECTION('',(1.,1.38777878078145E-16,0.));
#7136=DIRECTION('',(0.,1.,0.));
#7137=DIRECTION('center_axis',(0.,0.,1.));
#7138=DIRECTION('ref_axis',(1.,0.,0.));
#7139=DIRECTION('',(-1.,-1.38777878078145E-16,0.));
#7140=DIRECTION('',(0.,1.,0.));
#7141=DIRECTION('',(1.,-1.38777878078145E-16,0.));
#7142=DIRECTION('',(0.,-1.,0.));
#7143=DIRECTION('center_axis',(0.,0.,1.));
#7144=DIRECTION('ref_axis',(1.,0.,0.));
#7145=DIRECTION('',(0.,1.,0.));
#7146=DIRECTION('',(1.,8.3790416952842E-16,0.));
#7147=DIRECTION('',(0.,-1.,0.));
#7148=DIRECTION('',(-1.,5.86532918669894E-16,0.));
#7149=DIRECTION('center_axis',(0.,0.,1.));
#7150=DIRECTION('ref_axis',(1.,0.,0.));
#7151=DIRECTION('',(0.,-1.,0.));
#7152=DIRECTION('',(-1.,5.86532918669894E-16,0.));
#7153=DIRECTION('',(0.,-1.,0.));
#7154=DIRECTION('',(1.,8.3790416952842E-16,0.));
#7155=DIRECTION('center_axis',(0.,0.,1.));
#7156=DIRECTION('ref_axis',(1.,0.,0.));
#7157=DIRECTION('',(0.,-1.,0.));
#7158=DIRECTION('',(-1.,-7.96008961051999E-16,0.));
#7159=DIRECTION('',(0.,1.,0.));
#7160=DIRECTION('',(1.,-6.28428127146315E-16,0.));
#7161=DIRECTION('center_axis',(0.,0.,1.));
#7162=DIRECTION('ref_axis',(1.,0.,0.));
#7163=DIRECTION('',(0.,1.,0.));
#7164=DIRECTION('',(1.,-6.28428127146315E-16,0.));
#7165=DIRECTION('',(0.,1.,0.));
#7166=DIRECTION('',(-1.,-7.96008961051999E-16,0.));
#7167=DIRECTION('center_axis',(0.,0.,1.));
#7168=DIRECTION('ref_axis',(1.,0.,0.));
#7169=DIRECTION('',(0.,1.,0.));
#7170=DIRECTION('',(1.,-6.28428127146315E-16,0.));
#7171=DIRECTION('',(0.,-1.,0.));
#7172=DIRECTION('',(1.,7.96008961051999E-16,0.));
#7173=DIRECTION('center_axis',(0.,0.,1.));
#7174=DIRECTION('ref_axis',(1.,0.,0.));
#7175=DIRECTION('',(0.,-1.,0.));
#7176=DIRECTION('',(-1.,5.86532918669894E-16,0.));
#7177=DIRECTION('',(0.,1.,0.));
#7178=DIRECTION('',(-1.,-8.3790416952842E-16,0.));
#7179=DIRECTION('center_axis',(-5.86532918669894E-16,-1.,0.));
#7180=DIRECTION('ref_axis',(1.,-5.86532918669894E-16,0.));
#7181=DIRECTION('',(0.,0.,1.));
#7182=DIRECTION('',(-1.,5.86532918669894E-16,0.));
#7183=DIRECTION('',(0.,0.,-1.));
#7184=DIRECTION('center_axis',(-8.3790416952842E-16,1.,0.));
#7185=DIRECTION('ref_axis',(-1.,-8.3790416952842E-16,0.));
#7186=DIRECTION('',(0.,0.,1.));
#7187=DIRECTION('',(-1.,-8.3790416952842E-16,0.));
#7188=DIRECTION('',(0.,0.,1.));
#7189=DIRECTION('center_axis',(-1.,0.,0.));
#7190=DIRECTION('ref_axis',(0.,-1.,0.));
#7191=DIRECTION('',(0.,0.,-1.));
#7192=DIRECTION('',(0.,0.,1.));
#7193=DIRECTION('',(0.,1.,0.));
#7194=DIRECTION('center_axis',(-2.77555756156289E-16,1.,0.));
#7195=DIRECTION('ref_axis',(-1.,-2.77555756156289E-16,0.));
#7196=DIRECTION('',(0.,0.,1.));
#7197=DIRECTION('center_axis',(1.,0.,0.));
#7198=DIRECTION('ref_axis',(0.,1.,0.));
#7199=DIRECTION('',(0.,0.,1.));
#7200=DIRECTION('',(0.,0.,1.));
#7201=DIRECTION('',(0.,0.,1.));
#7202=DIRECTION('center_axis',(-8.3790416952842E-16,1.,0.));
#7203=DIRECTION('ref_axis',(-1.,-8.3790416952842E-16,0.));
#7204=DIRECTION('',(0.,0.,1.));
#7205=DIRECTION('center_axis',(1.,0.,0.));
#7206=DIRECTION('ref_axis',(0.,1.,0.));
#7207=DIRECTION('',(0.,0.,1.));
#7208=DIRECTION('center_axis',(-5.86532918669894E-16,-1.,0.));
#7209=DIRECTION('ref_axis',(1.,-5.86532918669894E-16,0.));
#7210=DIRECTION('center_axis',(0.,-1.,0.));
#7211=DIRECTION('ref_axis',(1.,0.,0.));
#7212=DIRECTION('center_axis',(1.38777878078145E-16,1.,0.));
#7213=DIRECTION('ref_axis',(-1.,1.38777878078145E-16,0.));
#7214=DIRECTION('',(0.,0.,1.));
#7215=DIRECTION('',(0.,0.,1.));
#7216=DIRECTION('center_axis',(6.28428127146315E-16,1.,0.));
#7217=DIRECTION('ref_axis',(-1.,6.28428127146315E-16,0.));
#7218=DIRECTION('',(0.,0.,1.));
#7219=DIRECTION('',(1.,-6.28428127146315E-16,0.));
#7220=DIRECTION('',(0.,0.,-1.));
#7221=DIRECTION('center_axis',(7.96008961051999E-16,-1.,0.));
#7222=DIRECTION('ref_axis',(1.,7.96008961051999E-16,0.));
#7223=DIRECTION('',(0.,0.,1.));
#7224=DIRECTION('',(1.,7.96008961051999E-16,0.));
#7225=DIRECTION('',(0.,0.,1.));
#7226=DIRECTION('center_axis',(1.,0.,0.));
#7227=DIRECTION('ref_axis',(0.,1.,0.));
#7228=DIRECTION('',(0.,0.,1.));
#7229=DIRECTION('',(0.,-1.,0.));
#7230=DIRECTION('center_axis',(1.38777878078145E-16,-1.,0.));
#7231=DIRECTION('ref_axis',(1.,1.38777878078145E-16,0.));
#7232=DIRECTION('',(0.,0.,1.));
#7233=DIRECTION('center_axis',(-1.,0.,0.));
#7234=DIRECTION('ref_axis',(0.,-1.,0.));
#7235=DIRECTION('',(0.,0.,1.));
#7236=DIRECTION('',(0.,0.,1.));
#7237=DIRECTION('center_axis',(7.96008961051999E-16,-1.,0.));
#7238=DIRECTION('ref_axis',(1.,7.96008961051999E-16,0.));
#7239=DIRECTION('',(0.,0.,1.));
#7240=DIRECTION('center_axis',(-1.,0.,0.));
#7241=DIRECTION('ref_axis',(0.,-1.,0.));
#7242=DIRECTION('',(0.,0.,1.));
#7243=DIRECTION('center_axis',(6.28428127146315E-16,1.,0.));
#7244=DIRECTION('ref_axis',(-1.,6.28428127146315E-16,0.));
#7245=DIRECTION('center_axis',(-1.,0.,0.));
#7246=DIRECTION('ref_axis',(0.,-1.,0.));
#7247=DIRECTION('',(0.,1.,0.));
#7248=DIRECTION('',(0.,0.,1.));
#7249=DIRECTION('',(0.,1.,0.));
#7250=DIRECTION('center_axis',(1.,0.,0.));
#7251=DIRECTION('ref_axis',(0.,1.,0.));
#7252=DIRECTION('',(0.,-1.,0.));
#7253=DIRECTION('',(0.,-1.,0.));
#7254=DIRECTION('center_axis',(3.70074354638746E-17,-1.,0.));
#7255=DIRECTION('ref_axis',(-1.,-3.70074354638746E-17,0.));
#7256=DIRECTION('',(-1.,-3.70074354638746E-17,0.));
#7257=DIRECTION('center_axis',(1.48029736616688E-16,-1.,0.));
#7258=DIRECTION('ref_axis',(0.707106781186548,0.,-0.707106781186547));
#7259=DIRECTION('center_axis',(4.29763751467803E-16,1.,0.));
#7260=DIRECTION('ref_axis',(0.707106781186548,0.,-0.707106781186547));
#7261=DIRECTION('',(-1.48029736616688E-16,1.,0.));
#7262=DIRECTION('center_axis',(0.,-1.,0.));
#7263=DIRECTION('ref_axis',(0.707106781186548,0.,-0.707106781186547));
#7264=DIRECTION('',(1.48029736616688E-16,-1.,0.));
#7265=DIRECTION('center_axis',(4.29763751467803E-16,1.,0.));
#7266=DIRECTION('ref_axis',(-1.,4.29763751467803E-16,0.));
#7267=DIRECTION('',(-1.,4.29763751467803E-16,0.));
#7268=DIRECTION('center_axis',(4.29763751467803E-16,1.,0.));
#7269=DIRECTION('ref_axis',(-0.707106781186548,0.,-0.707106781186547));
#7270=DIRECTION('',(0.,0.,-1.));
#7271=DIRECTION('',(1.,-4.29763751467803E-16,0.));
#7272=DIRECTION('',(0.,0.,-1.));
#7273=DIRECTION('center_axis',(0.,0.,1.));
#7274=DIRECTION('ref_axis',(1.,0.,0.));
#7275=DIRECTION('',(1.,0.,0.));
#7276=DIRECTION('',(0.,1.,0.));
#7277=DIRECTION('center_axis',(0.,1.,0.));
#7278=DIRECTION('ref_axis',(-0.707106781186548,0.,-0.707106781186547));
#7279=DIRECTION('center_axis',(0.,-1.,0.));
#7280=DIRECTION('ref_axis',(-0.707106781186548,0.,-0.707106781186547));
#7281=DIRECTION('',(0.,-1.,0.));
#7282=DIRECTION('center_axis',(0.,-1.,0.));
#7283=DIRECTION('ref_axis',(1.,0.,0.));
#7284=DIRECTION('',(0.,0.,-1.));
#7285=DIRECTION('',(-1.,0.,0.));
#7286=DIRECTION('',(0.,0.,1.));
#7287=DIRECTION('center_axis',(0.,0.,1.));
#7288=DIRECTION('ref_axis',(1.,0.,0.));
#7289=DIRECTION('',(1.48029736616688E-16,-1.,0.));
#7290=DIRECTION('',(1.,0.,0.));
#7291=DIRECTION('',(0.,1.,0.));
#7292=DIRECTION('center_axis',(-1.,-1.48029736616688E-16,0.));
#7293=DIRECTION('ref_axis',(1.48029736616688E-16,-1.,0.));
#7294=DIRECTION('',(-1.48029736616688E-16,1.,0.));
#7295=DIRECTION('',(0.,0.,1.));
#7296=DIRECTION('center_axis',(1.,0.,0.));
#7297=DIRECTION('ref_axis',(0.,1.,0.));
#7298=DIRECTION('',(0.,0.,1.));
#7299=DIRECTION('',(0.,-1.,0.));
#7300=DIRECTION('center_axis',(0.,1.,0.));
#7301=DIRECTION('ref_axis',(-1.,0.,0.));
#7302=DIRECTION('',(1.,0.,0.));
#7303=DIRECTION('',(1.,0.,0.));
#7304=DIRECTION('center_axis',(0.,-1.,0.));
#7305=DIRECTION('ref_axis',(1.,0.,0.));
#7306=DIRECTION('',(-1.,0.,0.));
#7307=DIRECTION('center_axis',(0.,0.,1.));
#7308=DIRECTION('ref_axis',(1.,0.,0.));
#7309=DIRECTION('center_axis',(0.,0.,1.));
#7310=DIRECTION('ref_axis',(1.,0.,0.));
#7311=DIRECTION('center_axis',(1.,0.,0.));
#7312=DIRECTION('ref_axis',(0.,-1.,0.));
#7313=DIRECTION('center_axis',(-1.,0.,0.));
#7314=DIRECTION('ref_axis',(0.,-0.998758526924799,-0.0498137018801593));
#7315=DIRECTION('center_axis',(1.,0.,0.));
#7316=DIRECTION('ref_axis',(0.,-0.998758526924799,-0.0498137018801593));
#7317=DIRECTION('',(1.,0.,0.));
#7318=DIRECTION('center_axis',(-1.,0.,0.));
#7319=DIRECTION('ref_axis',(0.,-0.998758526924799,-0.0498137018801593));
#7320=DIRECTION('',(-1.,0.,0.));
#7321=DIRECTION('center_axis',(1.,0.,0.));
#7322=DIRECTION('ref_axis',(0.,-1.,0.));
#7323=DIRECTION('',(0.,-0.0995037190209986,0.995037190209989));
#7324=DIRECTION('',(0.,-1.,0.));
#7325=DIRECTION('',(0.,0.,-1.));
#7326=DIRECTION('center_axis',(1.,0.,0.));
#7327=DIRECTION('ref_axis',(0.,-0.707106781186547,0.707106781186547));
#7328=DIRECTION('',(0.,1.,0.));
#7329=DIRECTION('',(0.,0.,-1.));
#7330=DIRECTION('center_axis',(0.,-0.995037190209989,-0.0995037190209986));
#7331=DIRECTION('ref_axis',(0.,0.0995037190209986,-0.995037190209989));
#7332=DIRECTION('',(0.,0.0995037190209986,-0.995037190209989));
#7333=DIRECTION('',(1.,0.,0.));
#7334=DIRECTION('center_axis',(1.,0.,0.));
#7335=DIRECTION('ref_axis',(0.,0.998758526924799,-0.0498137018801599));
#7336=DIRECTION('center_axis',(1.,-1.77635683940025E-15,0.));
#7337=DIRECTION('ref_axis',(0.,0.998758526924799,-0.0498137018801599));
#7338=DIRECTION('',(1.,0.,0.));
#7339=DIRECTION('center_axis',(-1.,0.,0.));
#7340=DIRECTION('ref_axis',(0.,1.,0.));
#7341=DIRECTION('',(-1.,0.,0.));
#7342=DIRECTION('center_axis',(0.,0.,-1.));
#7343=DIRECTION('ref_axis',(0.707106781186547,0.707106781186547,0.));
#7344=DIRECTION('center_axis',(0.,1.,0.));
#7345=DIRECTION('ref_axis',(1.,0.,0.));
#7346=DIRECTION('center_axis',(0.,0.,1.));
#7347=DIRECTION('ref_axis',(0.707106781186548,0.707106781186548,0.));
#7348=DIRECTION('center_axis',(0.,-1.,0.));
#7349=DIRECTION('ref_axis',(0.998758526924799,0.,-0.0498137018801593));
#7350=DIRECTION('center_axis',(4.35207425653061E-14,1.,0.));
#7351=DIRECTION('ref_axis',(0.998758526924799,0.,-0.0498137018801593));
#7352=DIRECTION('',(0.,1.,0.));
#7353=DIRECTION('',(0.,-1.,0.));
#7354=DIRECTION('center_axis',(-4.35207425653061E-14,-1.,0.));
#7355=DIRECTION('ref_axis',(-1.,4.35207425653061E-14,0.));
#7356=DIRECTION('',(0.,0.,-1.));
#7357=DIRECTION('',(1.,-4.35207425653061E-14,0.));
#7358=DIRECTION('center_axis',(-4.35207425653061E-14,-1.,0.));
#7359=DIRECTION('ref_axis',(0.707106781186547,0.,0.707106781186547));
#7360=DIRECTION('',(0.,0.,-1.));
#7361=DIRECTION('',(-1.,4.35207425653061E-14,0.));
#7362=DIRECTION('',(-0.0995037190209986,4.33047573980343E-15,-0.995037190209989));
#7363=DIRECTION('center_axis',(1.,0.,0.));
#7364=DIRECTION('ref_axis',(0.,-1.,0.));
#7365=DIRECTION('',(0.,0.,-1.));
#7366=DIRECTION('',(0.,1.,0.));
#7367=DIRECTION('center_axis',(0.,0.,-1.));
#7368=DIRECTION('ref_axis',(0.707106781186547,0.707106781186547,0.));
#7369=DIRECTION('',(0.,0.,1.));
#7370=DIRECTION('center_axis',(0.,0.,1.));
#7371=DIRECTION('ref_axis',(0.707106781186547,0.707106781186547,0.));
#7372=DIRECTION('center_axis',(0.,1.,0.));
#7373=DIRECTION('ref_axis',(1.,0.,0.));
#7374=DIRECTION('',(0.,0.,-1.));
#7375=DIRECTION('',(-1.,0.,0.));
#7376=DIRECTION('center_axis',(-9.60192886162298E-17,1.,0.));
#7377=DIRECTION('ref_axis',(-0.998758526924799,-1.34739763622048E-16,-0.0498137018801599));
#7378=DIRECTION('center_axis',(4.35207425653061E-14,1.,0.));
#7379=DIRECTION('ref_axis',(-0.998758526924799,-1.34739763622048E-16,-0.0498137018801599));
#7380=DIRECTION('',(-9.60192886162298E-17,1.,0.));
#7381=DIRECTION('center_axis',(0.,-1.,0.));
#7382=DIRECTION('ref_axis',(-1.,0.,0.));
#7383=DIRECTION('',(9.60192886162298E-17,-1.,0.));
#7384=DIRECTION('center_axis',(0.,0.,-1.));
#7385=DIRECTION('ref_axis',(-0.707106781186547,0.707106781186547,0.));
#7386=DIRECTION('center_axis',(-1.,0.,0.));
#7387=DIRECTION('ref_axis',(0.,1.,0.));
#7388=DIRECTION('center_axis',(0.,0.,1.));
#7389=DIRECTION('ref_axis',(-0.707106781186548,0.707106781186548,0.));
#7390=DIRECTION('center_axis',(1.,0.,0.));
#7391=DIRECTION('ref_axis',(0.,0.998758526924799,-0.0498137018801599));
#7392=DIRECTION('center_axis',(-1.,1.77635683940025E-15,0.));
#7393=DIRECTION('ref_axis',(0.,0.998758526924799,-0.0498137018801599));
#7394=DIRECTION('',(-1.,0.,0.));
#7395=DIRECTION('',(1.,0.,0.));
#7396=DIRECTION('center_axis',(1.,-1.77635683940025E-15,0.));
#7397=DIRECTION('ref_axis',(-1.77635683940025E-15,-1.,0.));
#7398=DIRECTION('',(0.,0.,-1.));
#7399=DIRECTION('',(1.77635683940025E-15,1.,0.));
#7400=DIRECTION('center_axis',(1.,-1.77635683940025E-15,0.));
#7401=DIRECTION('ref_axis',(0.,0.707106781186547,0.707106781186547));
#7402=DIRECTION('',(0.,0.,-1.));
#7403=DIRECTION('',(-1.77635683940025E-15,-1.,0.));
#7404=DIRECTION('',(-1.76754111828712E-16,-0.0995037190209986,-0.995037190209989));
#7405=DIRECTION('center_axis',(0.,1.,0.));
#7406=DIRECTION('ref_axis',(1.,0.,0.));
#7407=DIRECTION('',(0.,0.,-1.));
#7408=DIRECTION('',(-1.,0.,0.));
#7409=DIRECTION('center_axis',(0.,0.,-1.));
#7410=DIRECTION('ref_axis',(-0.707106781186547,0.707106781186547,0.));
#7411=DIRECTION('',(0.,0.,1.));
#7412=DIRECTION('center_axis',(0.,0.,1.));
#7413=DIRECTION('ref_axis',(-0.707106781186547,0.707106781186547,0.));
#7414=DIRECTION('center_axis',(-1.,-9.60192886162298E-17,0.));
#7415=DIRECTION('ref_axis',(-9.60192886162298E-17,1.,0.));
#7416=DIRECTION('',(0.,0.,-1.));
#7417=DIRECTION('',(9.60192886162298E-17,-1.,0.));
#7418=DIRECTION('center_axis',(-1.,0.,0.));
#7419=DIRECTION('ref_axis',(0.,1.,0.));
#7420=DIRECTION('',(0.,0.,-1.));
#7421=DIRECTION('',(0.,-1.,0.));
#7422=DIRECTION('center_axis',(-1.,0.,0.));
#7423=DIRECTION('ref_axis',(0.,-0.707106781186547,0.707106781186547));
#7424=DIRECTION('',(0.,0.,-1.));
#7425=DIRECTION('',(0.,1.,0.));
#7426=DIRECTION('center_axis',(0.,-1.,0.));
#7427=DIRECTION('ref_axis',(-1.,0.,0.));
#7428=DIRECTION('',(1.,0.,0.));
#7429=DIRECTION('center_axis',(0.,0.995037190209989,-0.0995037190209986));
#7430=DIRECTION('ref_axis',(0.,0.0995037190209986,0.995037190209989));
#7431=DIRECTION('',(0.,-0.0995037190209986,-0.995037190209989));
#7432=DIRECTION('',(-1.,0.,0.));
#7433=DIRECTION('',(1.76754111828712E-16,0.0995037190209986,0.995037190209989));
#7434=DIRECTION('center_axis',(0.,0.,1.));
#7435=DIRECTION('ref_axis',(0.707106781186548,0.707106781186548,0.));
#7436=DIRECTION('',(-0.0995037190210003,0.,-0.995037190209989));
#7437=DIRECTION('center_axis',(0.,0.,1.));
#7438=DIRECTION('ref_axis',(0.707106781186548,0.707106781186548,0.));
#7439=DIRECTION('center_axis',(0.995037190209989,0.,-0.0995037190209986));
#7440=DIRECTION('ref_axis',(-0.0995037190209986,0.,-0.995037190209989));
#7441=DIRECTION('',(0.,1.,0.));
#7442=DIRECTION('center_axis',(0.,0.995037190209989,-0.0995037190209986));
#7443=DIRECTION('ref_axis',(0.,0.0995037190209986,0.995037190209989));
#7444=DIRECTION('',(-1.,0.,0.));
#7445=DIRECTION('',(0.,0.0995037190209986,0.995037190209989));
#7446=DIRECTION('center_axis',(0.,0.,1.));
#7447=DIRECTION('ref_axis',(-0.707106781186548,0.707106781186548,0.));
#7448=DIRECTION('center_axis',(0.,0.,1.));
#7449=DIRECTION('ref_axis',(-0.707106781186548,0.707106781186548,0.));
#7450=DIRECTION('',(-0.0995037190210003,0.,0.995037190209989));
#7451=DIRECTION('center_axis',(-0.995037190209989,-9.55427631506553E-17,
-0.0995037190209986));
#7452=DIRECTION('ref_axis',(-0.0995037190209986,0.,0.995037190209989));
#7453=DIRECTION('',(9.60192886162298E-17,-1.,0.));
#7454=DIRECTION('',(-0.0995037190209986,4.33047573980343E-15,0.995037190209989));
#7455=DIRECTION('center_axis',(0.,0.,-1.));
#7456=DIRECTION('ref_axis',(-1.,0.,0.));
#7457=DIRECTION('',(-1.,0.,0.));
#7458=DIRECTION('center_axis',(0.,0.,-1.));
#7459=DIRECTION('ref_axis',(-0.707106781186547,0.707106781186547,0.));
#7460=DIRECTION('',(3.27140314424443E-16,-1.,0.));
#7461=DIRECTION('',(-1.,4.35207425653061E-14,0.));
#7462=DIRECTION('center_axis',(-1.,0.,0.));
#7463=DIRECTION('ref_axis',(0.,-1.,0.));
#7464=DIRECTION('',(0.,1.,0.));
#7465=DIRECTION('',(0.,0.,1.));
#7466=DIRECTION('',(0.,-1.,0.));
#7467=DIRECTION('',(0.,0.,1.));
#7468=DIRECTION('center_axis',(0.,-1.,0.));
#7469=DIRECTION('ref_axis',(1.,0.,0.));
#7470=DIRECTION('',(-1.,0.,0.));
#7471=DIRECTION('',(1.,0.,0.));
#7472=DIRECTION('',(0.,0.,1.));
#7473=DIRECTION('center_axis',(1.,0.,0.));
#7474=DIRECTION('ref_axis',(0.,1.,0.));
#7475=DIRECTION('',(0.,-1.,0.));
#7476=DIRECTION('',(0.,1.,0.));
#7477=DIRECTION('',(0.,0.,1.));
#7478=DIRECTION('center_axis',(0.,0.,1.));
#7479=DIRECTION('ref_axis',(-1.,0.,0.));
#7480=DIRECTION('center_axis',(0.,0.,1.));
#7481=DIRECTION('ref_axis',(-1.,0.,0.));
#7482=DIRECTION('center_axis',(0.,0.,-1.));
#7483=DIRECTION('ref_axis',(-1.,0.,0.));
#7484=DIRECTION('',(0.,0.,1.));
#7485=DIRECTION('center_axis',(0.,1.,0.));
#7486=DIRECTION('ref_axis',(-1.,0.,0.));
#7487=DIRECTION('',(1.,0.,0.));
#7488=DIRECTION('',(-1.,0.,0.));
#7489=DIRECTION('',(0.,0.,1.));
#7490=DIRECTION('center_axis',(0.,0.,1.));
#7491=DIRECTION('ref_axis',(0.,-1.,0.));
#7492=DIRECTION('center_axis',(0.,0.,1.));
#7493=DIRECTION('ref_axis',(0.,-1.,0.));
#7494=DIRECTION('center_axis',(0.,0.,-1.));
#7495=DIRECTION('ref_axis',(0.,-1.,0.));
#7496=DIRECTION('center_axis',(0.,0.,1.));
#7497=DIRECTION('ref_axis',(-1.,0.,0.));
#7498=DIRECTION('',(-1.,0.,0.));
#7499=DIRECTION('',(0.,-1.,0.));
#7500=DIRECTION('center_axis',(0.,0.,1.));
#7501=DIRECTION('ref_axis',(-1.,0.,0.));
#7502=DIRECTION('',(1.,0.,0.));
#7503=DIRECTION('center_axis',(0.,0.,1.));
#7504=DIRECTION('ref_axis',(0.,-1.,0.));
#7505=DIRECTION('',(0.,1.,0.));
#7506=DIRECTION('center_axis',(0.,0.,-1.));
#7507=DIRECTION('ref_axis',(0.707106781186547,0.707106781186547,0.));
#7508=DIRECTION('center_axis',(0.,0.,1.));
#7509=DIRECTION('ref_axis',(1.,0.,0.));
#7510=DIRECTION('',(0.,0.,-1.));
#7511=DIRECTION('center_axis',(0.,0.,-1.));
#7512=DIRECTION('ref_axis',(0.707106781186547,0.707106781186547,0.));
#7513=DIRECTION('',(0.,0.,1.));
#7514=DIRECTION('center_axis',(0.408248290463864,-0.816496580927727,0.408248290463861));
#7515=DIRECTION('ref_axis',(0.577350269189625,0.577350269189625,0.577350269189628));
#7516=DIRECTION('center_axis',(0.,-1.,0.));
#7517=DIRECTION('ref_axis',(0.707106781186547,0.,0.707106781186547));
#7518=DIRECTION('center_axis',(-1.,0.,0.));
#7519=DIRECTION('ref_axis',(0.,0.707106781186547,0.707106781186547));
#7520=DIRECTION('center_axis',(-1.,0.,0.));
#7521=DIRECTION('ref_axis',(0.,1.,0.));
#7522=DIRECTION('',(0.,1.,0.));
#7523=DIRECTION('',(0.,-1.,0.));
#7524=DIRECTION('center_axis',(0.,0.,-1.));
#7525=DIRECTION('ref_axis',(-0.707106781186547,0.707106781186547,0.));
#7526=DIRECTION('center_axis',(0.,0.,1.));
#7527=DIRECTION('ref_axis',(0.,1.,0.));
#7528=DIRECTION('',(0.,0.,-1.));
#7529=DIRECTION('',(0.,0.,1.));
#7530=DIRECTION('center_axis',(-0.408248290463864,-0.816496580927727,0.408248290463861));
#7531=DIRECTION('ref_axis',(-0.577350269189625,0.577350269189625,0.577350269189628));
#7532=DIRECTION('center_axis',(1.,0.,0.));
#7533=DIRECTION('ref_axis',(0.,0.707106781186547,0.707106781186547));
#7534=DIRECTION('center_axis',(3.27140314424443E-16,-1.,0.));
#7535=DIRECTION('ref_axis',(-0.707106781186547,0.,0.707106781186547));
#7536=DIRECTION('center_axis',(0.,-1.,0.));
#7537=DIRECTION('ref_axis',(-1.,0.,0.));
#7538=DIRECTION('',(1.,0.,0.));
#7539=DIRECTION('center_axis',(-3.27140314424443E-16,1.,0.));
#7540=DIRECTION('ref_axis',(-0.707106781186547,0.,0.707106781186547));
#7541=DIRECTION('',(3.27140314424443E-16,-1.,0.));
#7542=DIRECTION('center_axis',(-4.35207425653061E-14,-1.,0.));
#7543=DIRECTION('ref_axis',(-0.707106781186547,0.,0.707106781186547));
#7544=DIRECTION('',(-3.27140314424443E-16,1.,0.));
#7545=DIRECTION('center_axis',(1.,0.,0.));
#7546=DIRECTION('ref_axis',(0.,0.707106781186547,0.707106781186547));
#7547=DIRECTION('',(-1.,0.,0.));
#7548=DIRECTION('center_axis',(0.,0.,1.));
#7549=DIRECTION('ref_axis',(1.,0.,0.));
#7550=DIRECTION('center_axis',(0.,0.,1.));
#7551=DIRECTION('ref_axis',(0.,-1.,0.));
#7552=DIRECTION('',(-1.,0.,0.));
#7553=DIRECTION('center_axis',(0.,0.,1.));
#7554=DIRECTION('ref_axis',(-1.,0.,0.));
#7555=DIRECTION('',(0.,1.,0.));
#7556=DIRECTION('',(1.,0.,0.));
#7557=DIRECTION('',(0.,-1.,0.));
#7558=DIRECTION('',(1.,0.,0.));
#7559=DIRECTION('',(1.,-4.35207425653061E-14,0.));
#7560=DIRECTION('',(-1.77635683940025E-15,-1.,0.));
#7561=DIRECTION('',(-1.,0.,0.));
#7562=DIRECTION('',(0.,1.,0.));
#7563=DIRECTION('center_axis',(1.,0.,0.));
#7564=DIRECTION('ref_axis',(0.,0.707106781186547,0.707106781186547));
#7565=DIRECTION('center_axis',(-1.,1.77635683940025E-15,0.));
#7566=DIRECTION('ref_axis',(0.,0.707106781186547,0.707106781186547));
#7567=DIRECTION('',(1.,0.,0.));
#7568=DIRECTION('center_axis',(0.,-1.,0.));
#7569=DIRECTION('ref_axis',(0.707106781186547,0.,0.707106781186547));
#7570=DIRECTION('center_axis',(-1.,0.,0.));
#7571=DIRECTION('ref_axis',(0.,-0.707106781186547,0.707106781186547));
#7572=DIRECTION('',(-1.,0.,0.));
#7573=DIRECTION('center_axis',(0.,1.,0.));
#7574=DIRECTION('ref_axis',(1.,0.,0.));
#7575=DIRECTION('',(1.,0.,0.));
#7576=DIRECTION('center_axis',(-4.35207425653061E-14,-1.,0.));
#7577=DIRECTION('ref_axis',(-1.,4.35207425653061E-14,0.));
#7578=DIRECTION('',(0.,0.,-1.));
#7579=DIRECTION('center_axis',(1.,3.27140314424443E-16,0.));
#7580=DIRECTION('ref_axis',(3.27140314424443E-16,-1.,0.));
#7581=DIRECTION('center_axis',(-1.,1.77635683940025E-15,0.));
#7582=DIRECTION('ref_axis',(1.77635683940025E-15,1.,0.));
#7583=DIRECTION('',(1.77635683940025E-15,1.,0.));
#7584=DIRECTION('',(0.,0.,-1.));
#7585=DIRECTION('center_axis',(0.,-1.,0.));
#7586=DIRECTION('ref_axis',(-1.,0.,0.));
#7587=DIRECTION('',(-1.,0.,0.));
#7588=DIRECTION('center_axis',(0.,0.,-1.));
#7589=DIRECTION('ref_axis',(-1.,0.,0.));
#7590=DIRECTION('center_axis',(0.,0.,-1.));
#7591=DIRECTION('ref_axis',(-1.,0.,0.));
#7592=DIRECTION('center_axis',(0.,-1.,0.));
#7593=DIRECTION('ref_axis',(1.,0.,0.));
#7594=DIRECTION('',(0.,0.,1.));
#7595=DIRECTION('',(0.,0.,1.));
#7596=DIRECTION('center_axis',(0.,0.,1.));
#7597=DIRECTION('ref_axis',(-1.,0.,0.));
#7598=DIRECTION('',(0.,0.,1.));
#7599=DIRECTION('center_axis',(-1.,0.,0.));
#7600=DIRECTION('ref_axis',(0.,-1.,0.));
#7601=DIRECTION('',(0.,0.,1.));
#7602=DIRECTION('center_axis',(0.,1.,0.));
#7603=DIRECTION('ref_axis',(-1.,0.,0.));
#7604=DIRECTION('',(0.,0.,1.));
#7605=DIRECTION('center_axis',(1.,0.,0.));
#7606=DIRECTION('ref_axis',(0.,1.,0.));
#7607=DIRECTION('',(0.,0.,1.));
#7608=DIRECTION('center_axis',(0.,0.,1.));
#7609=DIRECTION('ref_axis',(0.,-1.,0.));
#7610=DIRECTION('center_axis',(0.,0.,1.));
#7611=DIRECTION('ref_axis',(1.,0.,0.));
#7612=CARTESIAN_POINT('',(0.,0.,0.));
#7613=CARTESIAN_POINT('Ctrl Pts',(0.369201776809236,-50.,42.6381311991517));
#7614=CARTESIAN_POINT('Ctrl Pts',(0.369201776809236,-49.5,42.6381311991517));
#7615=CARTESIAN_POINT('Ctrl Pts',(-0.249439999529422,-50.,42.5926873134172));
#7616=CARTESIAN_POINT('Ctrl Pts',(-0.249439999529422,-49.5,42.5926873134172));
#7617=CARTESIAN_POINT('Ctrl Pts',(-1.428358542808,-50.,42.5060868903289));
#7618=CARTESIAN_POINT('Ctrl Pts',(-1.428358542808,-49.5,42.5060868903289));
#7619=CARTESIAN_POINT('Ctrl Pts',(-2.24211180719529,-50.,41.6556022117015));
#7620=CARTESIAN_POINT('Ctrl Pts',(-2.24211180719529,-49.5,41.6556022117015));
#7621=CARTESIAN_POINT('Ctrl Pts',(-2.62884509819076,-50.,41.2514124491517));
#7622=CARTESIAN_POINT('Ctrl Pts',(-2.62884509819076,-49.5,41.2514124491517));
#7623=CARTESIAN_POINT('',(0.369201776809236,-50.,42.6381311991517));
#7624=CARTESIAN_POINT('',(-2.62884509819076,-50.,41.2514124491517));
#7625=CARTESIAN_POINT('Ctrl Pts',(0.369201776809236,-50.,42.6381311991517));
#7626=CARTESIAN_POINT('Ctrl Pts',(-0.249439999529422,-50.,42.5926873134172));
#7627=CARTESIAN_POINT('Ctrl Pts',(-1.428358542808,-50.,42.5060868903289));
#7628=CARTESIAN_POINT('Ctrl Pts',(-2.24211180719529,-50.,41.6556022117015));
#7629=CARTESIAN_POINT('Ctrl Pts',(-2.62884509819076,-50.,41.2514124491517));
#7630=CARTESIAN_POINT('',(0.369201776809236,-49.5,42.6381311991517));
#7631=CARTESIAN_POINT('',(0.369201776809236,-50.,42.6381311991517));
#7632=CARTESIAN_POINT('',(-2.62884509819076,-49.5,41.2514124491517));
#7633=CARTESIAN_POINT('Ctrl Pts',(0.369201776809236,-49.5,42.6381311991517));
#7634=CARTESIAN_POINT('Ctrl Pts',(-0.249439999529422,-49.5,42.5926873134172));
#7635=CARTESIAN_POINT('Ctrl Pts',(-1.428358542808,-49.5,42.5060868903289));
#7636=CARTESIAN_POINT('Ctrl Pts',(-2.24211180719529,-49.5,41.6556022117015));
#7637=CARTESIAN_POINT('Ctrl Pts',(-2.62884509819076,-49.5,41.2514124491517));
#7638=CARTESIAN_POINT('',(-2.62884509819076,-50.,41.2514124491517));
#7639=CARTESIAN_POINT('Ctrl Pts',(3.24029552680924,-50.,41.4174280741517));
#7640=CARTESIAN_POINT('Ctrl Pts',(3.24029552680924,-49.5,41.4174280741517));
#7641=CARTESIAN_POINT('Ctrl Pts',(2.83401411066033,-50.,41.7734515917943));
#7642=CARTESIAN_POINT('Ctrl Pts',(2.83401411066033,-49.5,41.7734515917943));
#7643=CARTESIAN_POINT('Ctrl Pts',(2.01143762953957,-50.,42.4942735656729));
#7644=CARTESIAN_POINT('Ctrl Pts',(2.01143762953957,-49.5,42.4942735656729));
#7645=CARTESIAN_POINT('Ctrl Pts',(0.921038392290257,-50.,42.5897910600431));
#7646=CARTESIAN_POINT('Ctrl Pts',(0.921038392290257,-49.5,42.5897910600431));
#7647=CARTESIAN_POINT('Ctrl Pts',(0.369201776809236,-50.,42.6381311991517));
#7648=CARTESIAN_POINT('Ctrl Pts',(0.369201776809236,-49.5,42.6381311991517));
#7649=CARTESIAN_POINT('',(3.24029552680924,-50.,41.4174280741517));
#7650=CARTESIAN_POINT('Ctrl Pts',(3.24029552680924,-50.,41.4174280741517));
#7651=CARTESIAN_POINT('Ctrl Pts',(2.83401411066033,-50.,41.7734515917943));
#7652=CARTESIAN_POINT('Ctrl Pts',(2.01143762953957,-50.,42.4942735656729));
#7653=CARTESIAN_POINT('Ctrl Pts',(0.921038392290257,-50.,42.5897910600431));
#7654=CARTESIAN_POINT('Ctrl Pts',(0.369201776809236,-50.,42.6381311991517));
#7655=CARTESIAN_POINT('',(3.24029552680924,-49.5,41.4174280741517));
#7656=CARTESIAN_POINT('',(3.24029552680924,-50.,41.4174280741517));
#7657=CARTESIAN_POINT('Ctrl Pts',(3.24029552680924,-49.5,41.4174280741517));
#7658=CARTESIAN_POINT('Ctrl Pts',(2.83401411066033,-49.5,41.7734515917943));
#7659=CARTESIAN_POINT('Ctrl Pts',(2.01143762953957,-49.5,42.4942735656729));
#7660=CARTESIAN_POINT('Ctrl Pts',(0.921038392290257,-49.5,42.5897910600431));
#7661=CARTESIAN_POINT('Ctrl Pts',(0.369201776809236,-49.5,42.6381311991517));
#7662=CARTESIAN_POINT('Ctrl Pts',(4.37310802680924,-50.,38.1850061991517));
#7663=CARTESIAN_POINT('Ctrl Pts',(4.37310802680924,-49.5,38.1850061991517));
#7664=CARTESIAN_POINT('Ctrl Pts',(4.33659968712701,-50.,38.8106144879965));
#7665=CARTESIAN_POINT('Ctrl Pts',(4.33659968712701,-49.5,38.8106144879965));
#7666=CARTESIAN_POINT('Ctrl Pts',(4.26721211590156,-50.,39.9996425314322));
#7667=CARTESIAN_POINT('Ctrl Pts',(4.26721211590156,-49.5,39.9996425314322));
#7668=CARTESIAN_POINT('Ctrl Pts',(3.5704537736131,-50.,40.9616037218137));
#7669=CARTESIAN_POINT('Ctrl Pts',(3.5704537736131,-49.5,40.9616037218137));
#7670=CARTESIAN_POINT('Ctrl Pts',(3.24029552680924,-50.,41.4174280741517));
#7671=CARTESIAN_POINT('Ctrl Pts',(3.24029552680924,-49.5,41.4174280741517));
#7672=CARTESIAN_POINT('',(4.37310802680924,-50.,38.1850061991517));
#7673=CARTESIAN_POINT('Ctrl Pts',(4.37310802680924,-50.,38.1850061991517));
#7674=CARTESIAN_POINT('Ctrl Pts',(4.33659968712701,-50.,38.8106144879965));
#7675=CARTESIAN_POINT('Ctrl Pts',(4.26721211590156,-50.,39.9996425314322));
#7676=CARTESIAN_POINT('Ctrl Pts',(3.5704537736131,-50.,40.9616037218137));
#7677=CARTESIAN_POINT('Ctrl Pts',(3.24029552680924,-50.,41.4174280741517));
#7678=CARTESIAN_POINT('',(4.37310802680924,-49.5,38.1850061991517));
#7679=CARTESIAN_POINT('',(4.37310802680924,-50.,38.1850061991517));
#7680=CARTESIAN_POINT('Ctrl Pts',(4.37310802680924,-49.5,38.1850061991517));
#7681=CARTESIAN_POINT('Ctrl Pts',(4.33659968712701,-49.5,38.8106144879965));
#7682=CARTESIAN_POINT('Ctrl Pts',(4.26721211590156,-49.5,39.9996425314322));
#7683=CARTESIAN_POINT('Ctrl Pts',(3.5704537736131,-49.5,40.9616037218137));
#7684=CARTESIAN_POINT('Ctrl Pts',(3.24029552680924,-49.5,41.4174280741517));
#7685=CARTESIAN_POINT('Ctrl Pts',(3.25982677680924,-50.,34.6596155741517));
#7686=CARTESIAN_POINT('Ctrl Pts',(3.25982677680924,-49.5,34.6596155741517));
#7687=CARTESIAN_POINT('Ctrl Pts',(3.58382642402959,-50.,35.1415511715463));
#7688=CARTESIAN_POINT('Ctrl Pts',(3.58382642402959,-49.5,35.1415511715463));
#7689=CARTESIAN_POINT('Ctrl Pts',(4.29686639427161,-50.,36.2021675857089));
#7690=CARTESIAN_POINT('Ctrl Pts',(4.29686639427161,-49.5,36.2021675857089));
#7691=CARTESIAN_POINT('Ctrl Pts',(4.3461943168632,-50.,37.4850534104223));
#7692=CARTESIAN_POINT('Ctrl Pts',(4.3461943168632,-49.5,37.4850534104223));
#7693=CARTESIAN_POINT('Ctrl Pts',(4.37310802680924,-50.,38.1850061991517));
#7694=CARTESIAN_POINT('Ctrl Pts',(4.37310802680924,-49.5,38.1850061991517));
#7695=CARTESIAN_POINT('',(3.25982677680924,-50.,34.6596155741517));
#7696=CARTESIAN_POINT('Ctrl Pts',(3.25982677680924,-50.,34.6596155741517));
#7697=CARTESIAN_POINT('Ctrl Pts',(3.58382642402959,-50.,35.1415511715463));
#7698=CARTESIAN_POINT('Ctrl Pts',(4.29686639427161,-50.,36.2021675857089));
#7699=CARTESIAN_POINT('Ctrl Pts',(4.3461943168632,-50.,37.4850534104223));
#7700=CARTESIAN_POINT('Ctrl Pts',(4.37310802680924,-50.,38.1850061991517));
#7701=CARTESIAN_POINT('',(3.25982677680924,-49.5,34.6596155741517));
#7702=CARTESIAN_POINT('',(3.25982677680924,-50.,34.6596155741517));
#7703=CARTESIAN_POINT('Ctrl Pts',(3.25982677680924,-49.5,34.6596155741517));
#7704=CARTESIAN_POINT('Ctrl Pts',(3.58382642402959,-49.5,35.1415511715463));
#7705=CARTESIAN_POINT('Ctrl Pts',(4.29686639427161,-49.5,36.2021675857089));
#7706=CARTESIAN_POINT('Ctrl Pts',(4.3461943168632,-49.5,37.4850534104223));
#7707=CARTESIAN_POINT('Ctrl Pts',(4.37310802680924,-49.5,38.1850061991517));
#7708=CARTESIAN_POINT('Ctrl Pts',(0.44732677680924,-50.,33.4389124491517));
#7709=CARTESIAN_POINT('Ctrl Pts',(0.44732677680924,-49.5,33.4389124491517));
#7710=CARTESIAN_POINT('Ctrl Pts',(0.987806472277621,-50.,33.4881266756104));
#7711=CARTESIAN_POINT('Ctrl Pts',(0.987806472277621,-49.5,33.4881266756104));
#7712=CARTESIAN_POINT('Ctrl Pts',(2.06018114961833,-50.,33.5857734339655));
#7713=CARTESIAN_POINT('Ctrl Pts',(2.06018114961833,-49.5,33.5857734339655));
#7714=CARTESIAN_POINT('Ctrl Pts',(2.86208473546131,-50.,34.3035836300157));
#7715=CARTESIAN_POINT('Ctrl Pts',(2.86208473546131,-49.5,34.3035836300157));
#7716=CARTESIAN_POINT('Ctrl Pts',(3.25982677680924,-50.,34.6596155741517));
#7717=CARTESIAN_POINT('Ctrl Pts',(3.25982677680924,-49.5,34.6596155741517));
#7718=CARTESIAN_POINT('',(0.44732677680924,-50.,33.4389124491517));
#7719=CARTESIAN_POINT('Ctrl Pts',(0.44732677680924,-50.,33.4389124491517));
#7720=CARTESIAN_POINT('Ctrl Pts',(0.987806472277621,-50.,33.4881266756104));
#7721=CARTESIAN_POINT('Ctrl Pts',(2.06018114961833,-50.,33.5857734339655));
#7722=CARTESIAN_POINT('Ctrl Pts',(2.86208473546131,-50.,34.3035836300157));
#7723=CARTESIAN_POINT('Ctrl Pts',(3.25982677680924,-50.,34.6596155741517));
#7724=CARTESIAN_POINT('',(0.44732677680924,-49.5,33.4389124491517));
#7725=CARTESIAN_POINT('',(0.44732677680924,-50.,33.4389124491517));
#7726=CARTESIAN_POINT('Ctrl Pts',(0.44732677680924,-49.5,33.4389124491517));
#7727=CARTESIAN_POINT('Ctrl Pts',(0.987806472277621,-49.5,33.4881266756104));
#7728=CARTESIAN_POINT('Ctrl Pts',(2.06018114961833,-49.5,33.5857734339655));
#7729=CARTESIAN_POINT('Ctrl Pts',(2.86208473546131,-49.5,34.3035836300157));
#7730=CARTESIAN_POINT('Ctrl Pts',(3.25982677680924,-49.5,34.6596155741517));
#7731=CARTESIAN_POINT('Ctrl Pts',(-2.45306384819076,-50.,34.7084436991517));
#7732=CARTESIAN_POINT('Ctrl Pts',(-2.45306384819076,-49.5,34.7084436991517));
#7733=CARTESIAN_POINT('Ctrl Pts',(-2.04087222680939,-50.,34.3381645941091));
#7734=CARTESIAN_POINT('Ctrl Pts',(-2.04087222680939,-49.5,34.3381645941091));
#7735=CARTESIAN_POINT('Ctrl Pts',(-1.2141521835058,-50.,33.595507194307));
#7736=CARTESIAN_POINT('Ctrl Pts',(-1.2141521835058,-49.5,33.595507194307));
#7737=CARTESIAN_POINT('Ctrl Pts',(-0.107542188407219,-50.,33.4912089670602));
#7738=CARTESIAN_POINT('Ctrl Pts',(-0.107542188407219,-49.5,33.4912089670602));
#7739=CARTESIAN_POINT('Ctrl Pts',(0.44732677680924,-50.,33.4389124491517));
#7740=CARTESIAN_POINT('Ctrl Pts',(0.44732677680924,-49.5,33.4389124491517));
#7741=CARTESIAN_POINT('',(-2.45306384819076,-50.,34.7084436991517));
#7742=CARTESIAN_POINT('Ctrl Pts',(-2.45306384819076,-50.,34.7084436991517));
#7743=CARTESIAN_POINT('Ctrl Pts',(-2.04087222680939,-50.,34.3381645941091));
#7744=CARTESIAN_POINT('Ctrl Pts',(-1.2141521835058,-50.,33.595507194307));
#7745=CARTESIAN_POINT('Ctrl Pts',(-0.107542188407219,-50.,33.4912089670602));
#7746=CARTESIAN_POINT('Ctrl Pts',(0.44732677680924,-50.,33.4389124491517));
#7747=CARTESIAN_POINT('',(-2.45306384819076,-49.5,34.7084436991517));
#7748=CARTESIAN_POINT('',(-2.45306384819076,-50.,34.7084436991517));
#7749=CARTESIAN_POINT('Ctrl Pts',(-2.45306384819076,-49.5,34.7084436991517));
#7750=CARTESIAN_POINT('Ctrl Pts',(-2.04087222680939,-49.5,34.3381645941091));
#7751=CARTESIAN_POINT('Ctrl Pts',(-1.2141521835058,-49.5,33.595507194307));
#7752=CARTESIAN_POINT('Ctrl Pts',(-0.107542188407219,-49.5,33.4912089670602));
#7753=CARTESIAN_POINT('Ctrl Pts',(0.44732677680924,-49.5,33.4389124491517));
#7754=CARTESIAN_POINT('Ctrl Pts',(-3.61517322319076,-50.,38.2435999491517));
#7755=CARTESIAN_POINT('Ctrl Pts',(-3.61517322319076,-49.5,38.2435999491517));
#7756=CARTESIAN_POINT('Ctrl Pts',(-3.58319859996542,-50.,37.5490307437999));
#7757=CARTESIAN_POINT('Ctrl Pts',(-3.58319859996542,-49.5,37.5490307437999));
#7758=CARTESIAN_POINT('Ctrl Pts',(-3.52374587592726,-50.,36.2575681048134));
#7759=CARTESIAN_POINT('Ctrl Pts',(-3.52374587592726,-49.5,36.2575681048134));
#7760=CARTESIAN_POINT('Ctrl Pts',(-2.79149741012987,-50.,35.1981088629569));
#7761=CARTESIAN_POINT('Ctrl Pts',(-2.79149741012987,-49.5,35.1981088629569));
#7762=CARTESIAN_POINT('Ctrl Pts',(-2.45306384819076,-50.,34.7084436991517));
#7763=CARTESIAN_POINT('Ctrl Pts',(-2.45306384819076,-49.5,34.7084436991517));
#7764=CARTESIAN_POINT('',(-3.61517322319076,-50.,38.2435999491517));
#7765=CARTESIAN_POINT('Ctrl Pts',(-3.61517322319076,-50.,38.2435999491517));
#7766=CARTESIAN_POINT('Ctrl Pts',(-3.58319859996542,-50.,37.5490307437999));
#7767=CARTESIAN_POINT('Ctrl Pts',(-3.52374587592726,-50.,36.2575681048134));
#7768=CARTESIAN_POINT('Ctrl Pts',(-2.79149741012987,-50.,35.1981088629569));
#7769=CARTESIAN_POINT('Ctrl Pts',(-2.45306384819076,-50.,34.7084436991517));
#7770=CARTESIAN_POINT('',(-3.61517322319076,-49.5,38.2435999491517));
#7771=CARTESIAN_POINT('',(-3.61517322319076,-50.,38.2435999491517));
#7772=CARTESIAN_POINT('Ctrl Pts',(-3.61517322319076,-49.5,38.2435999491517));
#7773=CARTESIAN_POINT('Ctrl Pts',(-3.58319859996542,-49.5,37.5490307437999));
#7774=CARTESIAN_POINT('Ctrl Pts',(-3.52374587592726,-49.5,36.2575681048134));
#7775=CARTESIAN_POINT('Ctrl Pts',(-2.79149741012987,-49.5,35.1981088629569));
#7776=CARTESIAN_POINT('Ctrl Pts',(-2.45306384819076,-49.5,34.7084436991517));
#7777=CARTESIAN_POINT('Ctrl Pts',(-2.62884509819076,-50.,41.2514124491517));
#7778=CARTESIAN_POINT('Ctrl Pts',(-2.62884509819076,-49.5,41.2514124491517));
#7779=CARTESIAN_POINT('Ctrl Pts',(-2.91650998255288,-50.,40.783018986468));
#7780=CARTESIAN_POINT('Ctrl Pts',(-2.91650998255288,-49.5,40.783018986468));
#7781=CARTESIAN_POINT('Ctrl Pts',(-3.48443632102684,-50.,39.858286776567));
#7782=CARTESIAN_POINT('Ctrl Pts',(-3.48443632102684,-49.5,39.858286776567));
#7783=CARTESIAN_POINT('Ctrl Pts',(-3.57197463600663,-50.,38.777130945639));
#7784=CARTESIAN_POINT('Ctrl Pts',(-3.57197463600663,-49.5,38.777130945639));
#7785=CARTESIAN_POINT('Ctrl Pts',(-3.61517322319076,-50.,38.2435999491517));
#7786=CARTESIAN_POINT('Ctrl Pts',(-3.61517322319076,-49.5,38.2435999491517));
#7787=CARTESIAN_POINT('Ctrl Pts',(-2.62884509819076,-50.,41.2514124491517));
#7788=CARTESIAN_POINT('Ctrl Pts',(-2.91650998255288,-50.,40.783018986468));
#7789=CARTESIAN_POINT('Ctrl Pts',(-3.48443632102684,-50.,39.858286776567));
#7790=CARTESIAN_POINT('Ctrl Pts',(-3.57197463600663,-50.,38.777130945639));
#7791=CARTESIAN_POINT('Ctrl Pts',(-3.61517322319076,-50.,38.2435999491517));
#7792=CARTESIAN_POINT('Ctrl Pts',(-2.62884509819076,-49.5,41.2514124491517));
#7793=CARTESIAN_POINT('Ctrl Pts',(-2.91650998255288,-49.5,40.783018986468));
#7794=CARTESIAN_POINT('Ctrl Pts',(-3.48443632102684,-49.5,39.858286776567));
#7795=CARTESIAN_POINT('Ctrl Pts',(-3.57197463600663,-49.5,38.777130945639));
#7796=CARTESIAN_POINT('Ctrl Pts',(-3.61517322319076,-49.5,38.2435999491517));
#7797=CARTESIAN_POINT('Ctrl Pts',(0.349670526809231,-50.,53.9271936991517));
#7798=CARTESIAN_POINT('Ctrl Pts',(0.349670526809231,-49.5,53.9271936991517));
#7799=CARTESIAN_POINT('Ctrl Pts',(-0.142148002371361,-50.,53.8964617217574));
#7800=CARTESIAN_POINT('Ctrl Pts',(-0.142148002371361,-49.5,53.8964617217574));
#7801=CARTESIAN_POINT('Ctrl Pts',(-1.07943109977467,-50.,53.8378942598736));
#7802=CARTESIAN_POINT('Ctrl Pts',(-1.07943109977467,-49.5,53.8378942598736));
#7803=CARTESIAN_POINT('Ctrl Pts',(-1.81856903530902,-50.,53.2629491209045));
#7804=CARTESIAN_POINT('Ctrl Pts',(-1.81856903530902,-49.5,53.2629491209045));
#7805=CARTESIAN_POINT('Ctrl Pts',(-2.16986072319077,-50.,52.9896936991517));
#7806=CARTESIAN_POINT('Ctrl Pts',(-2.16986072319077,-49.5,52.9896936991517));
#7807=CARTESIAN_POINT('',(0.349670526809231,-50.,53.9271936991517));
#7808=CARTESIAN_POINT('',(-2.16986072319077,-50.,52.9896936991517));
#7809=CARTESIAN_POINT('Ctrl Pts',(0.349670526809231,-50.,53.9271936991517));
#7810=CARTESIAN_POINT('Ctrl Pts',(-0.142148002371361,-50.,53.8964617217574));
#7811=CARTESIAN_POINT('Ctrl Pts',(-1.07943109977467,-50.,53.8378942598736));
#7812=CARTESIAN_POINT('Ctrl Pts',(-1.81856903530902,-50.,53.2629491209045));
#7813=CARTESIAN_POINT('Ctrl Pts',(-2.16986072319077,-50.,52.9896936991517));
#7814=CARTESIAN_POINT('',(0.349670526809231,-49.5,53.9271936991517));
#7815=CARTESIAN_POINT('',(0.349670526809231,-50.,53.9271936991517));
#7816=CARTESIAN_POINT('',(-2.16986072319077,-49.5,52.9896936991517));
#7817=CARTESIAN_POINT('Ctrl Pts',(0.349670526809231,-49.5,53.9271936991517));
#7818=CARTESIAN_POINT('Ctrl Pts',(-0.142148002371361,-49.5,53.8964617217574));
#7819=CARTESIAN_POINT('Ctrl Pts',(-1.07943109977467,-49.5,53.8378942598736));
#7820=CARTESIAN_POINT('Ctrl Pts',(-1.81856903530902,-49.5,53.2629491209045));
#7821=CARTESIAN_POINT('Ctrl Pts',(-2.16986072319077,-49.5,52.9896936991517));
#7822=CARTESIAN_POINT('',(-2.16986072319077,-50.,52.9896936991517));
#7823=CARTESIAN_POINT('Ctrl Pts',(2.80084240180923,-50.,52.9994593241517));
#7824=CARTESIAN_POINT('Ctrl Pts',(2.80084240180923,-49.5,52.9994593241517));
#7825=CARTESIAN_POINT('Ctrl Pts',(2.4569183825838,-50.,53.2699184813703));
#7826=CARTESIAN_POINT('Ctrl Pts',(2.4569183825838,-49.5,53.2699184813703));
#7827=CARTESIAN_POINT('Ctrl Pts',(1.73901795862065,-50.,53.8344697565887));
#7828=CARTESIAN_POINT('Ctrl Pts',(1.73901795862065,-49.5,53.8344697565887));
#7829=CARTESIAN_POINT('Ctrl Pts',(0.825532953616683,-50.,53.8954350192701));
#7830=CARTESIAN_POINT('Ctrl Pts',(0.825532953616683,-49.5,53.8954350192701));
#7831=CARTESIAN_POINT('Ctrl Pts',(0.349670526809231,-50.,53.9271936991517));
#7832=CARTESIAN_POINT('Ctrl Pts',(0.349670526809231,-49.5,53.9271936991517));
#7833=CARTESIAN_POINT('',(2.80084240180923,-50.,52.9994593241517));
#7834=CARTESIAN_POINT('Ctrl Pts',(2.80084240180923,-50.,52.9994593241517));
#7835=CARTESIAN_POINT('Ctrl Pts',(2.4569183825838,-50.,53.2699184813703));
#7836=CARTESIAN_POINT('Ctrl Pts',(1.73901795862065,-50.,53.8344697565887));
#7837=CARTESIAN_POINT('Ctrl Pts',(0.825532953616683,-50.,53.8954350192701));
#7838=CARTESIAN_POINT('Ctrl Pts',(0.349670526809231,-50.,53.9271936991517));
#7839=CARTESIAN_POINT('',(2.80084240180923,-49.5,52.9994593241517));
#7840=CARTESIAN_POINT('',(2.80084240180923,-50.,52.9994593241517));
#7841=CARTESIAN_POINT('Ctrl Pts',(2.80084240180923,-49.5,52.9994593241517));
#7842=CARTESIAN_POINT('Ctrl Pts',(2.4569183825838,-49.5,53.2699184813703));
#7843=CARTESIAN_POINT('Ctrl Pts',(1.73901795862065,-49.5,53.8344697565887));
#7844=CARTESIAN_POINT('Ctrl Pts',(0.825532953616683,-49.5,53.8954350192701));
#7845=CARTESIAN_POINT('Ctrl Pts',(0.349670526809231,-49.5,53.9271936991517));
#7846=CARTESIAN_POINT('Ctrl Pts',(3.72857677680923,-50.,50.5287561991517));
#7847=CARTESIAN_POINT('Ctrl Pts',(3.72857677680923,-49.5,50.5287561991517));
#7848=CARTESIAN_POINT('Ctrl Pts',(3.69744392190437,-50.,51.0096438279407));
#7849=CARTESIAN_POINT('Ctrl Pts',(3.69744392190437,-49.5,51.0096438279407));
#7850=CARTESIAN_POINT('Ctrl Pts',(3.63788298422908,-50.,51.9296403452741));
#7851=CARTESIAN_POINT('Ctrl Pts',(3.63788298422908,-49.5,51.9296403452741));
#7852=CARTESIAN_POINT('Ctrl Pts',(3.07127908628077,-50.,52.6538150343659));
#7853=CARTESIAN_POINT('Ctrl Pts',(3.07127908628077,-49.5,52.6538150343659));
#7854=CARTESIAN_POINT('Ctrl Pts',(2.80084240180923,-50.,52.9994593241517));
#7855=CARTESIAN_POINT('Ctrl Pts',(2.80084240180923,-49.5,52.9994593241517));
#7856=CARTESIAN_POINT('',(3.72857677680923,-50.,50.5287561991517));
#7857=CARTESIAN_POINT('Ctrl Pts',(3.72857677680923,-50.,50.5287561991517));
#7858=CARTESIAN_POINT('Ctrl Pts',(3.69744392190437,-50.,51.0096438279407));
#7859=CARTESIAN_POINT('Ctrl Pts',(3.63788298422908,-50.,51.9296403452741));
#7860=CARTESIAN_POINT('Ctrl Pts',(3.07127908628077,-50.,52.6538150343659));
#7861=CARTESIAN_POINT('Ctrl Pts',(2.80084240180923,-50.,52.9994593241517));
#7862=CARTESIAN_POINT('',(3.72857677680923,-49.5,50.5287561991517));
#7863=CARTESIAN_POINT('',(3.72857677680923,-50.,50.5287561991517));
#7864=CARTESIAN_POINT('Ctrl Pts',(3.72857677680923,-49.5,50.5287561991517));
#7865=CARTESIAN_POINT('Ctrl Pts',(3.69744392190437,-49.5,51.0096438279407));
#7866=CARTESIAN_POINT('Ctrl Pts',(3.63788298422908,-49.5,51.9296403452741));
#7867=CARTESIAN_POINT('Ctrl Pts',(3.07127908628077,-49.5,52.6538150343659));
#7868=CARTESIAN_POINT('Ctrl Pts',(2.80084240180923,-49.5,52.9994593241517));
#7869=CARTESIAN_POINT('Ctrl Pts',(2.79107677680924,-50.,47.9603968241517));
#7870=CARTESIAN_POINT('Ctrl Pts',(2.79107677680924,-49.5,47.9603968241517));
#7871=CARTESIAN_POINT('Ctrl Pts',(3.06423956029142,-50.,48.314333725026));
#7872=CARTESIAN_POINT('Ctrl Pts',(3.06423956029142,-49.5,48.314333725026));
#7873=CARTESIAN_POINT('Ctrl Pts',(3.64610750969736,-50.,49.0682597763919));
#7874=CARTESIAN_POINT('Ctrl Pts',(3.64610750969736,-49.5,49.0682597763919));
#7875=CARTESIAN_POINT('Ctrl Pts',(3.6999899170117,-50.,50.0224948010045));
#7876=CARTESIAN_POINT('Ctrl Pts',(3.6999899170117,-49.5,50.0224948010045));
#7877=CARTESIAN_POINT('Ctrl Pts',(3.72857677680923,-50.,50.5287561991517));
#7878=CARTESIAN_POINT('Ctrl Pts',(3.72857677680923,-49.5,50.5287561991517));
#7879=CARTESIAN_POINT('',(2.79107677680924,-50.,47.9603968241517));
#7880=CARTESIAN_POINT('Ctrl Pts',(2.79107677680924,-50.,47.9603968241517));
#7881=CARTESIAN_POINT('Ctrl Pts',(3.06423956029142,-50.,48.314333725026));
#7882=CARTESIAN_POINT('Ctrl Pts',(3.64610750969736,-50.,49.0682597763919));
#7883=CARTESIAN_POINT('Ctrl Pts',(3.6999899170117,-50.,50.0224948010045));
#7884=CARTESIAN_POINT('Ctrl Pts',(3.72857677680923,-50.,50.5287561991517));
#7885=CARTESIAN_POINT('',(2.79107677680924,-49.5,47.9603968241517));
#7886=CARTESIAN_POINT('',(2.79107677680924,-50.,47.9603968241517));
#7887=CARTESIAN_POINT('Ctrl Pts',(2.79107677680924,-49.5,47.9603968241517));
#7888=CARTESIAN_POINT('Ctrl Pts',(3.06423956029142,-49.5,48.314333725026));
#7889=CARTESIAN_POINT('Ctrl Pts',(3.64610750969736,-49.5,49.0682597763919));
#7890=CARTESIAN_POINT('Ctrl Pts',(3.6999899170117,-49.5,50.0224948010045));
#7891=CARTESIAN_POINT('Ctrl Pts',(3.72857677680923,-49.5,50.5287561991517));
#7892=CARTESIAN_POINT('Ctrl Pts',(0.291076776809236,-50.,47.0326624491517));
#7893=CARTESIAN_POINT('Ctrl Pts',(0.291076776809236,-49.5,47.0326624491517));
#7894=CARTESIAN_POINT('Ctrl Pts',(0.777607066625943,-50.,47.0634463083194));
#7895=CARTESIAN_POINT('Ctrl Pts',(0.777607066625943,-49.5,47.0634463083194));
#7896=CARTESIAN_POINT('Ctrl Pts',(1.70665371348935,-50.,47.1222291667269));
#7897=CARTESIAN_POINT('Ctrl Pts',(1.70665371348935,-49.5,47.1222291667269));
#7898=CARTESIAN_POINT('Ctrl Pts',(2.44120225984597,-50.,47.689973302009));
#7899=CARTESIAN_POINT('Ctrl Pts',(2.44120225984597,-49.5,47.689973302009));
#7900=CARTESIAN_POINT('Ctrl Pts',(2.79107677680924,-50.,47.9603968241517));
#7901=CARTESIAN_POINT('Ctrl Pts',(2.79107677680924,-49.5,47.9603968241517));
#7902=CARTESIAN_POINT('',(0.291076776809236,-50.,47.0326624491517));
#7903=CARTESIAN_POINT('Ctrl Pts',(0.291076776809236,-50.,47.0326624491517));
#7904=CARTESIAN_POINT('Ctrl Pts',(0.777607066625943,-50.,47.0634463083194));
#7905=CARTESIAN_POINT('Ctrl Pts',(1.70665371348935,-50.,47.1222291667269));
#7906=CARTESIAN_POINT('Ctrl Pts',(2.44120225984597,-50.,47.689973302009));
#7907=CARTESIAN_POINT('Ctrl Pts',(2.79107677680924,-50.,47.9603968241517));
#7908=CARTESIAN_POINT('',(0.291076776809236,-49.5,47.0326624491517));
#7909=CARTESIAN_POINT('',(0.291076776809236,-50.,47.0326624491517));
#7910=CARTESIAN_POINT('Ctrl Pts',(0.291076776809236,-49.5,47.0326624491517));
#7911=CARTESIAN_POINT('Ctrl Pts',(0.777607066625943,-49.5,47.0634463083194));
#7912=CARTESIAN_POINT('Ctrl Pts',(1.70665371348935,-49.5,47.1222291667269));
#7913=CARTESIAN_POINT('Ctrl Pts',(2.44120225984597,-49.5,47.689973302009));
#7914=CARTESIAN_POINT('Ctrl Pts',(2.79107677680924,-49.5,47.9603968241517));
#7915=CARTESIAN_POINT('Ctrl Pts',(-2.17962634819077,-50.,47.9506311991517));
#7916=CARTESIAN_POINT('Ctrl Pts',(-2.17962634819077,-49.5,47.9506311991517));
#7917=CARTESIAN_POINT('Ctrl Pts',(-1.8336795912411,-50.,47.6830503984704));
#7918=CARTESIAN_POINT('Ctrl Pts',(-1.8336795912411,-49.5,47.6830503984704));
#7919=CARTESIAN_POINT('Ctrl Pts',(-1.10781248514681,-50.,47.1216111089406));
#7920=CARTESIAN_POINT('Ctrl Pts',(-1.10781248514681,-49.5,47.1216111089406));
#7921=CARTESIAN_POINT('Ctrl Pts',(-0.189545872958643,-50.,47.0632229386227));
#7922=CARTESIAN_POINT('Ctrl Pts',(-0.189545872958643,-49.5,47.0632229386227));
#7923=CARTESIAN_POINT('Ctrl Pts',(0.291076776809236,-50.,47.0326624491517));
#7924=CARTESIAN_POINT('Ctrl Pts',(0.291076776809236,-49.5,47.0326624491517));
#7925=CARTESIAN_POINT('',(-2.17962634819077,-50.,47.9506311991517));
#7926=CARTESIAN_POINT('Ctrl Pts',(-2.17962634819077,-50.,47.9506311991517));
#7927=CARTESIAN_POINT('Ctrl Pts',(-1.8336795912411,-50.,47.6830503984704));
#7928=CARTESIAN_POINT('Ctrl Pts',(-1.10781248514681,-50.,47.1216111089406));
#7929=CARTESIAN_POINT('Ctrl Pts',(-0.189545872958643,-50.,47.0632229386227));
#7930=CARTESIAN_POINT('Ctrl Pts',(0.291076776809236,-50.,47.0326624491517));
#7931=CARTESIAN_POINT('',(-2.17962634819077,-49.5,47.9506311991517));
#7932=CARTESIAN_POINT('',(-2.17962634819077,-50.,47.9506311991517));
#7933=CARTESIAN_POINT('Ctrl Pts',(-2.17962634819077,-49.5,47.9506311991517));
#7934=CARTESIAN_POINT('Ctrl Pts',(-1.8336795912411,-49.5,47.6830503984704));
#7935=CARTESIAN_POINT('Ctrl Pts',(-1.10781248514681,-49.5,47.1216111089406));
#7936=CARTESIAN_POINT('Ctrl Pts',(-0.189545872958643,-49.5,47.0632229386227));
#7937=CARTESIAN_POINT('Ctrl Pts',(0.291076776809236,-49.5,47.0326624491517));
#7938=CARTESIAN_POINT('Ctrl Pts',(-3.10736072319077,-50.,50.5092249491517));
#7939=CARTESIAN_POINT('Ctrl Pts',(-3.10736072319077,-49.5,50.5092249491517));
#7940=CARTESIAN_POINT('Ctrl Pts',(-3.0796156624499,-50.,50.0038545812432));
#7941=CARTESIAN_POINT('Ctrl Pts',(-3.0796156624499,-49.5,50.0038545812432));
#7942=CARTESIAN_POINT('Ctrl Pts',(-3.02746322663308,-50.,49.0539090784302));
#7943=CARTESIAN_POINT('Ctrl Pts',(-3.02746322663308,-49.5,49.0539090784302));
#7944=CARTESIAN_POINT('Ctrl Pts',(-2.44991793399869,-50.,48.3023577342428));
#7945=CARTESIAN_POINT('Ctrl Pts',(-2.44991793399869,-49.5,48.3023577342428));
#7946=CARTESIAN_POINT('Ctrl Pts',(-2.17962634819077,-50.,47.9506311991517));
#7947=CARTESIAN_POINT('Ctrl Pts',(-2.17962634819077,-49.5,47.9506311991517));
#7948=CARTESIAN_POINT('',(-3.10736072319077,-50.,50.5092249491517));
#7949=CARTESIAN_POINT('Ctrl Pts',(-3.10736072319077,-50.,50.5092249491517));
#7950=CARTESIAN_POINT('Ctrl Pts',(-3.0796156624499,-50.,50.0038545812432));
#7951=CARTESIAN_POINT('Ctrl Pts',(-3.02746322663308,-50.,49.0539090784302));
#7952=CARTESIAN_POINT('Ctrl Pts',(-2.44991793399869,-50.,48.3023577342428));
#7953=CARTESIAN_POINT('Ctrl Pts',(-2.17962634819077,-50.,47.9506311991517));
#7954=CARTESIAN_POINT('',(-3.10736072319077,-49.5,50.5092249491517));
#7955=CARTESIAN_POINT('',(-3.10736072319077,-50.,50.5092249491517));
#7956=CARTESIAN_POINT('Ctrl Pts',(-3.10736072319077,-49.5,50.5092249491517));
#7957=CARTESIAN_POINT('Ctrl Pts',(-3.0796156624499,-49.5,50.0038545812432));
#7958=CARTESIAN_POINT('Ctrl Pts',(-3.02746322663308,-49.5,49.0539090784302));
#7959=CARTESIAN_POINT('Ctrl Pts',(-2.44991793399869,-49.5,48.3023577342428));
#7960=CARTESIAN_POINT('Ctrl Pts',(-2.17962634819077,-49.5,47.9506311991517));
#7961=CARTESIAN_POINT('Ctrl Pts',(-2.16986072319077,-50.,52.9896936991517));
#7962=CARTESIAN_POINT('Ctrl Pts',(-2.16986072319077,-49.5,52.9896936991517));
#7963=CARTESIAN_POINT('Ctrl Pts',(-2.4431629012219,-50.,52.6418415332267));
#7964=CARTESIAN_POINT('Ctrl Pts',(-2.4431629012219,-49.5,52.6418415332267));
#7965=CARTESIAN_POINT('Ctrl Pts',(-3.01402539142654,-50.,51.9152620559113));
#7966=CARTESIAN_POINT('Ctrl Pts',(-3.01402539142654,-49.5,51.9152620559113));
#7967=CARTESIAN_POINT('Ctrl Pts',(-3.07537988346555,-50.,50.9909958552924));
#7968=CARTESIAN_POINT('Ctrl Pts',(-3.07537988346555,-49.5,50.9909958552924));
#7969=CARTESIAN_POINT('Ctrl Pts',(-3.10736072319077,-50.,50.5092249491517));
#7970=CARTESIAN_POINT('Ctrl Pts',(-3.10736072319077,-49.5,50.5092249491517));
#7971=CARTESIAN_POINT('Ctrl Pts',(-2.16986072319077,-50.,52.9896936991517));
#7972=CARTESIAN_POINT('Ctrl Pts',(-2.4431629012219,-50.,52.6418415332267));
#7973=CARTESIAN_POINT('Ctrl Pts',(-3.01402539142654,-50.,51.9152620559113));
#7974=CARTESIAN_POINT('Ctrl Pts',(-3.07537988346555,-50.,50.9909958552924));
#7975=CARTESIAN_POINT('Ctrl Pts',(-3.10736072319077,-50.,50.5092249491517));
#7976=CARTESIAN_POINT('Ctrl Pts',(-2.16986072319077,-49.5,52.9896936991517));
#7977=CARTESIAN_POINT('Ctrl Pts',(-2.4431629012219,-49.5,52.6418415332267));
#7978=CARTESIAN_POINT('Ctrl Pts',(-3.01402539142654,-49.5,51.9152620559113));
#7979=CARTESIAN_POINT('Ctrl Pts',(-3.07537988346555,-49.5,50.9909958552924));
#7980=CARTESIAN_POINT('Ctrl Pts',(-3.10736072319077,-49.5,50.5092249491517));
#7981=CARTESIAN_POINT('Ctrl Pts',(-9.02532947319076,-50.,37.7162561991517));
#7982=CARTESIAN_POINT('Ctrl Pts',(-9.02532947319076,-49.5,37.7162561991517));
#7983=CARTESIAN_POINT('Ctrl Pts',(-8.97876619608008,-50.,38.4726686473511));
#7984=CARTESIAN_POINT('Ctrl Pts',(-8.97876619608008,-49.5,38.4726686473511));
#7985=CARTESIAN_POINT('Ctrl Pts',(-8.88633022394006,-50.,39.9742751563153));
#7986=CARTESIAN_POINT('Ctrl Pts',(-8.88633022394006,-49.5,39.9742751563153));
#7987=CARTESIAN_POINT('Ctrl Pts',(-8.20908066354329,-50.,41.3173258779624));
#7988=CARTESIAN_POINT('Ctrl Pts',(-8.20908066354329,-49.5,41.3173258779624));
#7989=CARTESIAN_POINT('Ctrl Pts',(-7.87298572319076,-50.,41.9838343241517));
#7990=CARTESIAN_POINT('Ctrl Pts',(-7.87298572319076,-49.5,41.9838343241517));
#7991=CARTESIAN_POINT('',(-9.02532947319076,-50.,37.7162561991517));
#7992=CARTESIAN_POINT('',(-7.87298572319076,-50.,41.9838343241517));
#7993=CARTESIAN_POINT('Ctrl Pts',(-9.02532947319076,-50.,37.7162561991517));
#7994=CARTESIAN_POINT('Ctrl Pts',(-8.97876619608008,-50.,38.4726686473511));
#7995=CARTESIAN_POINT('Ctrl Pts',(-8.88633022394006,-50.,39.9742751563153));
#7996=CARTESIAN_POINT('Ctrl Pts',(-8.20908066354329,-50.,41.3173258779624));
#7997=CARTESIAN_POINT('Ctrl Pts',(-7.87298572319076,-50.,41.9838343241517));
#7998=CARTESIAN_POINT('',(-9.02532947319076,-49.5,37.7162561991517));
#7999=CARTESIAN_POINT('',(-9.02532947319076,-50.,37.7162561991517));
#8000=CARTESIAN_POINT('',(-7.87298572319076,-49.5,41.9838343241517));
#8001=CARTESIAN_POINT('Ctrl Pts',(-9.02532947319076,-49.5,37.7162561991517));
#8002=CARTESIAN_POINT('Ctrl Pts',(-8.97876619608008,-49.5,38.4726686473511));
#8003=CARTESIAN_POINT('Ctrl Pts',(-8.88633022394006,-49.5,39.9742751563153));
#8004=CARTESIAN_POINT('Ctrl Pts',(-8.20908066354329,-49.5,41.3173258779624));
#8005=CARTESIAN_POINT('Ctrl Pts',(-7.87298572319076,-49.5,41.9838343241517));
#8006=CARTESIAN_POINT('',(-7.87298572319076,-50.,41.9838343241517));
#8007=CARTESIAN_POINT('Ctrl Pts',(-5.95892322319076,-50.,31.0756311991517));
#8008=CARTESIAN_POINT('Ctrl Pts',(-5.95892322319076,-49.5,31.0756311991517));
#8009=CARTESIAN_POINT('Ctrl Pts',(-6.85316703911214,-50.,31.9728829512559));
#8010=CARTESIAN_POINT('Ctrl Pts',(-6.85316703911214,-49.5,31.9728829512559));
#8011=CARTESIAN_POINT('Ctrl Pts',(-8.68251056592876,-50.,33.8083797759619));
#8012=CARTESIAN_POINT('Ctrl Pts',(-8.68251056592876,-49.5,33.8083797759619));
#8013=CARTESIAN_POINT('Ctrl Pts',(-8.90936765610695,-50.,36.3943791341107));
#8014=CARTESIAN_POINT('Ctrl Pts',(-8.90936765610695,-49.5,36.3943791341107));
#8015=CARTESIAN_POINT('Ctrl Pts',(-9.02532947319076,-50.,37.7162561991517));
#8016=CARTESIAN_POINT('Ctrl Pts',(-9.02532947319076,-49.5,37.7162561991517));
#8017=CARTESIAN_POINT('',(-5.95892322319076,-50.,31.0756311991517));
#8018=CARTESIAN_POINT('Ctrl Pts',(-5.95892322319076,-50.,31.0756311991517));
#8019=CARTESIAN_POINT('Ctrl Pts',(-6.85316703911214,-50.,31.9728829512559));
#8020=CARTESIAN_POINT('Ctrl Pts',(-8.68251056592876,-50.,33.8083797759619));
#8021=CARTESIAN_POINT('Ctrl Pts',(-8.90936765610695,-50.,36.3943791341107));
#8022=CARTESIAN_POINT('Ctrl Pts',(-9.02532947319076,-50.,37.7162561991517));
#8023=CARTESIAN_POINT('',(-5.95892322319076,-49.5,31.0756311991517));
#8024=CARTESIAN_POINT('',(-5.95892322319076,-50.,31.0756311991517));
#8025=CARTESIAN_POINT('Ctrl Pts',(-5.95892322319076,-49.5,31.0756311991517));
#8026=CARTESIAN_POINT('Ctrl Pts',(-6.85316703911214,-49.5,31.9728829512559));
#8027=CARTESIAN_POINT('Ctrl Pts',(-8.68251056592876,-49.5,33.8083797759619));
#8028=CARTESIAN_POINT('Ctrl Pts',(-8.90936765610695,-49.5,36.3943791341107));
#8029=CARTESIAN_POINT('Ctrl Pts',(-9.02532947319076,-49.5,37.7162561991517));
#8030=CARTESIAN_POINT('Ctrl Pts',(0.54498302680924,-50.,29.0248499491517));
#8031=CARTESIAN_POINT('Ctrl Pts',(0.54498302680924,-49.5,29.0248499491517));
#8032=CARTESIAN_POINT('Ctrl Pts',(-0.681052100040005,-50.,29.0938506508643));
#8033=CARTESIAN_POINT('Ctrl Pts',(-0.681052100040005,-49.5,29.0938506508643));
#8034=CARTESIAN_POINT('Ctrl Pts',(-3.02764257220498,-50.,29.2259156999529));
#8035=CARTESIAN_POINT('Ctrl Pts',(-3.02764257220498,-49.5,29.2259156999529));
#8036=CARTESIAN_POINT('Ctrl Pts',(-5.01155545298564,-50.,30.4778171183333));
#8037=CARTESIAN_POINT('Ctrl Pts',(-5.01155545298564,-49.5,30.4778171183333));
#8038=CARTESIAN_POINT('Ctrl Pts',(-5.95892322319076,-50.,31.0756311991517));
#8039=CARTESIAN_POINT('Ctrl Pts',(-5.95892322319076,-49.5,31.0756311991517));
#8040=CARTESIAN_POINT('',(0.54498302680924,-50.,29.0248499491517));
#8041=CARTESIAN_POINT('Ctrl Pts',(0.54498302680924,-50.,29.0248499491517));
#8042=CARTESIAN_POINT('Ctrl Pts',(-0.681052100040005,-50.,29.0938506508643));
#8043=CARTESIAN_POINT('Ctrl Pts',(-3.02764257220498,-50.,29.2259156999529));
#8044=CARTESIAN_POINT('Ctrl Pts',(-5.01155545298564,-50.,30.4778171183333));
#8045=CARTESIAN_POINT('Ctrl Pts',(-5.95892322319076,-50.,31.0756311991517));
#8046=CARTESIAN_POINT('',(0.54498302680924,-49.5,29.0248499491517));
#8047=CARTESIAN_POINT('',(0.54498302680924,-50.,29.0248499491517));
#8048=CARTESIAN_POINT('Ctrl Pts',(0.54498302680924,-49.5,29.0248499491517));
#8049=CARTESIAN_POINT('Ctrl Pts',(-0.681052100040005,-49.5,29.0938506508643));
#8050=CARTESIAN_POINT('Ctrl Pts',(-3.02764257220498,-49.5,29.2259156999529));
#8051=CARTESIAN_POINT('Ctrl Pts',(-5.01155545298564,-49.5,30.4778171183333));
#8052=CARTESIAN_POINT('Ctrl Pts',(-5.95892322319076,-49.5,31.0756311991517));
#8053=CARTESIAN_POINT('Ctrl Pts',(7.27349865180924,-50.,31.5053186991517));
#8054=CARTESIAN_POINT('Ctrl Pts',(7.27349865180924,-49.5,31.5053186991517));
#8055=CARTESIAN_POINT('Ctrl Pts',(6.33030727443127,-50.,30.782293371883));
#8056=CARTESIAN_POINT('Ctrl Pts',(6.33030727443127,-49.5,30.782293371883));
#8057=CARTESIAN_POINT('Ctrl Pts',(4.34991043267164,-50.,29.2641740283669));
#8058=CARTESIAN_POINT('Ctrl Pts',(4.34991043267164,-49.5,29.2641740283669));
#8059=CARTESIAN_POINT('Ctrl Pts',(1.85280662202068,-50.,29.107110040952));
#8060=CARTESIAN_POINT('Ctrl Pts',(1.85280662202068,-49.5,29.107110040952));
#8061=CARTESIAN_POINT('Ctrl Pts',(0.54498302680924,-50.,29.0248499491517));
#8062=CARTESIAN_POINT('Ctrl Pts',(0.54498302680924,-49.5,29.0248499491517));
#8063=CARTESIAN_POINT('',(7.27349865180924,-50.,31.5053186991517));
#8064=CARTESIAN_POINT('Ctrl Pts',(7.27349865180924,-50.,31.5053186991517));
#8065=CARTESIAN_POINT('Ctrl Pts',(6.33030727443127,-50.,30.782293371883));
#8066=CARTESIAN_POINT('Ctrl Pts',(4.34991043267164,-50.,29.2641740283669));
#8067=CARTESIAN_POINT('Ctrl Pts',(1.85280662202068,-50.,29.107110040952));
#8068=CARTESIAN_POINT('Ctrl Pts',(0.54498302680924,-50.,29.0248499491517));
#8069=CARTESIAN_POINT('',(7.27349865180924,-49.5,31.5053186991517));
#8070=CARTESIAN_POINT('',(7.27349865180924,-50.,31.5053186991517));
#8071=CARTESIAN_POINT('Ctrl Pts',(7.27349865180924,-49.5,31.5053186991517));
#8072=CARTESIAN_POINT('Ctrl Pts',(6.33030727443127,-49.5,30.782293371883));
#8073=CARTESIAN_POINT('Ctrl Pts',(4.34991043267164,-49.5,29.2641740283669));
#8074=CARTESIAN_POINT('Ctrl Pts',(1.85280662202068,-49.5,29.107110040952));
#8075=CARTESIAN_POINT('Ctrl Pts',(0.54498302680924,-49.5,29.0248499491517));
#8076=CARTESIAN_POINT('Ctrl Pts',(9.80279552680924,-50.,37.9506311991517));
#8077=CARTESIAN_POINT('Ctrl Pts',(9.80279552680924,-49.5,37.9506311991517));
#8078=CARTESIAN_POINT('Ctrl Pts',(9.71141555099985,-50.,36.7049448778504));
#8079=CARTESIAN_POINT('Ctrl Pts',(9.71141555099985,-49.5,36.7049448778504));
#8080=CARTESIAN_POINT('Ctrl Pts',(9.5342666558879,-50.,34.2900618192811));
#8081=CARTESIAN_POINT('Ctrl Pts',(9.5342666558879,-49.5,34.2900618192811));
#8082=CARTESIAN_POINT('Ctrl Pts',(8.01100527126529,-50.,32.4137562216551));
#8083=CARTESIAN_POINT('Ctrl Pts',(8.01100527126529,-49.5,32.4137562216551));
#8084=CARTESIAN_POINT('Ctrl Pts',(7.27349865180924,-50.,31.5053186991517));
#8085=CARTESIAN_POINT('Ctrl Pts',(7.27349865180924,-49.5,31.5053186991517));
#8086=CARTESIAN_POINT('',(9.80279552680924,-50.,37.9506311991517));
#8087=CARTESIAN_POINT('Ctrl Pts',(9.80279552680924,-50.,37.9506311991517));
#8088=CARTESIAN_POINT('Ctrl Pts',(9.71141555099985,-50.,36.7049448778504));
#8089=CARTESIAN_POINT('Ctrl Pts',(9.5342666558879,-50.,34.2900618192811));
#8090=CARTESIAN_POINT('Ctrl Pts',(8.01100527126529,-50.,32.4137562216551));
#8091=CARTESIAN_POINT('Ctrl Pts',(7.27349865180924,-50.,31.5053186991517));
#8092=CARTESIAN_POINT('',(9.80279552680924,-49.5,37.9506311991517));
#8093=CARTESIAN_POINT('',(9.80279552680924,-50.,37.9506311991517));
#8094=CARTESIAN_POINT('Ctrl Pts',(9.80279552680924,-49.5,37.9506311991517));
#8095=CARTESIAN_POINT('Ctrl Pts',(9.71141555099985,-49.5,36.7049448778504));
#8096=CARTESIAN_POINT('Ctrl Pts',(9.5342666558879,-49.5,34.2900618192811));
#8097=CARTESIAN_POINT('Ctrl Pts',(8.01100527126529,-49.5,32.4137562216551));
#8098=CARTESIAN_POINT('Ctrl Pts',(7.27349865180924,-49.5,31.5053186991517));
#8099=CARTESIAN_POINT('Ctrl Pts',(8.56256115180924,-50.,42.1889124491517));
#8100=CARTESIAN_POINT('Ctrl Pts',(8.56256115180924,-49.5,42.1889124491517));
#8101=CARTESIAN_POINT('Ctrl Pts',(8.92424894665161,-50.,41.5450261466964));
#8102=CARTESIAN_POINT('Ctrl Pts',(8.92424894665161,-49.5,41.5450261466964));
#8103=CARTESIAN_POINT('Ctrl Pts',(9.6635997138521,-50.,40.2288141027769));
#8104=CARTESIAN_POINT('Ctrl Pts',(9.6635997138521,-49.5,40.2288141027769));
#8105=CARTESIAN_POINT('Ctrl Pts',(9.75573334431365,-50.,38.7208861176799));
#8106=CARTESIAN_POINT('Ctrl Pts',(9.75573334431365,-49.5,38.7208861176799));
#8107=CARTESIAN_POINT('Ctrl Pts',(9.80279552680924,-50.,37.9506311991517));
#8108=CARTESIAN_POINT('Ctrl Pts',(9.80279552680924,-49.5,37.9506311991517));
#8109=CARTESIAN_POINT('',(8.56256115180924,-50.,42.1889124491517));
#8110=CARTESIAN_POINT('Ctrl Pts',(8.56256115180924,-50.,42.1889124491517));
#8111=CARTESIAN_POINT('Ctrl Pts',(8.92424894665161,-50.,41.5450261466964));
#8112=CARTESIAN_POINT('Ctrl Pts',(9.6635997138521,-50.,40.2288141027769));
#8113=CARTESIAN_POINT('Ctrl Pts',(9.75573334431365,-50.,38.7208861176799));
#8114=CARTESIAN_POINT('Ctrl Pts',(9.80279552680924,-50.,37.9506311991517));
#8115=CARTESIAN_POINT('',(8.56256115180924,-49.5,42.1889124491517));
#8116=CARTESIAN_POINT('',(8.56256115180924,-50.,42.1889124491517));
#8117=CARTESIAN_POINT('Ctrl Pts',(8.56256115180924,-49.5,42.1889124491517));
#8118=CARTESIAN_POINT('Ctrl Pts',(8.92424894665161,-49.5,41.5450261466964));
#8119=CARTESIAN_POINT('Ctrl Pts',(9.6635997138521,-49.5,40.2288141027769));
#8120=CARTESIAN_POINT('Ctrl Pts',(9.75573334431365,-49.5,38.7208861176799));
#8121=CARTESIAN_POINT('Ctrl Pts',(9.80279552680924,-49.5,37.9506311991517));
#8122=CARTESIAN_POINT('Ctrl Pts',(4.93951427680924,-50.,44.9818811991517));
#8123=CARTESIAN_POINT('Ctrl Pts',(4.93951427680924,-49.5,44.9818811991517));
#8124=CARTESIAN_POINT('Ctrl Pts',(5.67722623165361,-50.,44.6391555828665));
#8125=CARTESIAN_POINT('Ctrl Pts',(5.67722623165361,-49.5,44.6391555828665));
#8126=CARTESIAN_POINT('Ctrl Pts',(7.09680258513971,-50.,43.9796499622547));
#8127=CARTESIAN_POINT('Ctrl Pts',(7.09680258513971,-49.5,43.9796499622547));
#8128=CARTESIAN_POINT('Ctrl Pts',(8.08695955200011,-50.,42.7699615014559));
#8129=CARTESIAN_POINT('Ctrl Pts',(8.08695955200011,-49.5,42.7699615014559));
#8130=CARTESIAN_POINT('Ctrl Pts',(8.56256115180924,-50.,42.1889124491517));
#8131=CARTESIAN_POINT('Ctrl Pts',(8.56256115180924,-49.5,42.1889124491517));
#8132=CARTESIAN_POINT('',(4.93951427680924,-50.,44.9818811991517));
#8133=CARTESIAN_POINT('Ctrl Pts',(4.93951427680924,-50.,44.9818811991517));
#8134=CARTESIAN_POINT('Ctrl Pts',(5.67722623165361,-50.,44.6391555828665));
#8135=CARTESIAN_POINT('Ctrl Pts',(7.09680258513971,-50.,43.9796499622547));
#8136=CARTESIAN_POINT('Ctrl Pts',(8.08695955200011,-50.,42.7699615014559));
#8137=CARTESIAN_POINT('Ctrl Pts',(8.56256115180924,-50.,42.1889124491517));
#8138=CARTESIAN_POINT('',(4.93951427680924,-49.5,44.9818811991517));
#8139=CARTESIAN_POINT('',(4.93951427680924,-50.,44.9818811991517));
#8140=CARTESIAN_POINT('Ctrl Pts',(4.93951427680924,-49.5,44.9818811991517));
#8141=CARTESIAN_POINT('Ctrl Pts',(5.67722623165361,-49.5,44.6391555828665));
#8142=CARTESIAN_POINT('Ctrl Pts',(7.09680258513971,-49.5,43.9796499622547));
#8143=CARTESIAN_POINT('Ctrl Pts',(8.08695955200011,-49.5,42.7699615014559));
#8144=CARTESIAN_POINT('Ctrl Pts',(8.56256115180924,-49.5,42.1889124491517));
#8145=CARTESIAN_POINT('Ctrl Pts',(7.84967052680924,-50.,47.3549280741517));
#8146=CARTESIAN_POINT('Ctrl Pts',(7.84967052680924,-49.5,47.3549280741517));
#8147=CARTESIAN_POINT('Ctrl Pts',(7.4622909062661,-50.,46.864712626437));
#8148=CARTESIAN_POINT('Ctrl Pts',(7.4622909062661,-49.5,46.864712626437));
#8149=CARTESIAN_POINT('Ctrl Pts',(6.66806486694323,-50.,45.8596471743426));
#8150=CARTESIAN_POINT('Ctrl Pts',(6.66806486694323,-49.5,45.8596471743426));
#8151=CARTESIAN_POINT('Ctrl Pts',(5.52503650116077,-50.,45.2792120896604));
#8152=CARTESIAN_POINT('Ctrl Pts',(5.52503650116077,-49.5,45.2792120896604));
#8153=CARTESIAN_POINT('Ctrl Pts',(4.93951427680924,-50.,44.9818811991517));
#8154=CARTESIAN_POINT('Ctrl Pts',(4.93951427680924,-49.5,44.9818811991517));
#8155=CARTESIAN_POINT('',(7.84967052680924,-50.,47.3549280741517));
#8156=CARTESIAN_POINT('Ctrl Pts',(7.84967052680924,-50.,47.3549280741517));
#8157=CARTESIAN_POINT('Ctrl Pts',(7.4622909062661,-50.,46.864712626437));
#8158=CARTESIAN_POINT('Ctrl Pts',(6.66806486694323,-50.,45.8596471743426));
#8159=CARTESIAN_POINT('Ctrl Pts',(5.52503650116077,-50.,45.2792120896604));
#8160=CARTESIAN_POINT('Ctrl Pts',(4.93951427680924,-50.,44.9818811991517));
#8161=CARTESIAN_POINT('',(7.84967052680924,-49.5,47.3549280741517));
#8162=CARTESIAN_POINT('',(7.84967052680924,-50.,47.3549280741517));
#8163=CARTESIAN_POINT('Ctrl Pts',(7.84967052680924,-49.5,47.3549280741517));
#8164=CARTESIAN_POINT('Ctrl Pts',(7.4622909062661,-49.5,46.864712626437));
#8165=CARTESIAN_POINT('Ctrl Pts',(6.66806486694323,-49.5,45.8596471743426));
#8166=CARTESIAN_POINT('Ctrl Pts',(5.52503650116077,-49.5,45.2792120896604));
#8167=CARTESIAN_POINT('Ctrl Pts',(4.93951427680924,-49.5,44.9818811991517));
#8168=CARTESIAN_POINT('Ctrl Pts',(8.88482677680923,-50.,50.8998499491517));
#8169=CARTESIAN_POINT('Ctrl Pts',(8.88482677680923,-49.5,50.8998499491517));
#8170=CARTESIAN_POINT('Ctrl Pts',(8.84478230270347,-50.,50.258779878002));
#8171=CARTESIAN_POINT('Ctrl Pts',(8.84478230270347,-49.5,50.258779878002));
#8172=CARTESIAN_POINT('Ctrl Pts',(8.76606534403013,-50.,48.9986038506148));
#8173=CARTESIAN_POINT('Ctrl Pts',(8.76606534403013,-49.5,48.9986038506148));
#8174=CARTESIAN_POINT('Ctrl Pts',(8.15156534331378,-50.,47.8964165107986));
#8175=CARTESIAN_POINT('Ctrl Pts',(8.15156534331378,-49.5,47.8964165107986));
#8176=CARTESIAN_POINT('Ctrl Pts',(7.84967052680924,-50.,47.3549280741517));
#8177=CARTESIAN_POINT('Ctrl Pts',(7.84967052680924,-49.5,47.3549280741517));
#8178=CARTESIAN_POINT('',(8.88482677680923,-50.,50.8998499491517));
#8179=CARTESIAN_POINT('Ctrl Pts',(8.88482677680923,-50.,50.8998499491517));
#8180=CARTESIAN_POINT('Ctrl Pts',(8.84478230270347,-50.,50.258779878002));
#8181=CARTESIAN_POINT('Ctrl Pts',(8.76606534403013,-50.,48.9986038506148));
#8182=CARTESIAN_POINT('Ctrl Pts',(8.15156534331378,-50.,47.8964165107986));
#8183=CARTESIAN_POINT('Ctrl Pts',(7.84967052680924,-50.,47.3549280741517));
#8184=CARTESIAN_POINT('',(8.88482677680923,-49.5,50.8998499491517));
#8185=CARTESIAN_POINT('',(8.88482677680923,-50.,50.8998499491517));
#8186=CARTESIAN_POINT('Ctrl Pts',(8.88482677680923,-49.5,50.8998499491517));
#8187=CARTESIAN_POINT('Ctrl Pts',(8.84478230270347,-49.5,50.258779878002));
#8188=CARTESIAN_POINT('Ctrl Pts',(8.76606534403013,-49.5,48.9986038506148));
#8189=CARTESIAN_POINT('Ctrl Pts',(8.15156534331378,-49.5,47.8964165107986));
#8190=CARTESIAN_POINT('Ctrl Pts',(7.84967052680924,-49.5,47.3549280741517));
#8191=CARTESIAN_POINT('Ctrl Pts',(6.62896740180923,-50.,56.1928186991517));
#8192=CARTESIAN_POINT('Ctrl Pts',(6.62896740180923,-49.5,56.1928186991517));
#8193=CARTESIAN_POINT('Ctrl Pts',(7.28690143967195,-50.,55.443761432828));
#8194=CARTESIAN_POINT('Ctrl Pts',(7.28690143967195,-49.5,55.443761432828));
#8195=CARTESIAN_POINT('Ctrl Pts',(8.61819413730203,-50.,53.9280859830475));
#8196=CARTESIAN_POINT('Ctrl Pts',(8.61819413730203,-49.5,53.9280859830475));
#8197=CARTESIAN_POINT('Ctrl Pts',(8.7952653694721,-50.,51.9170287965951));
#8198=CARTESIAN_POINT('Ctrl Pts',(8.7952653694721,-49.5,51.9170287965951));
#8199=CARTESIAN_POINT('Ctrl Pts',(8.88482677680923,-50.,50.8998499491517));
#8200=CARTESIAN_POINT('Ctrl Pts',(8.88482677680923,-49.5,50.8998499491517));
#8201=CARTESIAN_POINT('',(6.62896740180923,-50.,56.1928186991517));
#8202=CARTESIAN_POINT('Ctrl Pts',(6.62896740180923,-50.,56.1928186991517));
#8203=CARTESIAN_POINT('Ctrl Pts',(7.28690143967195,-50.,55.443761432828));
#8204=CARTESIAN_POINT('Ctrl Pts',(8.61819413730203,-50.,53.9280859830475));
#8205=CARTESIAN_POINT('Ctrl Pts',(8.7952653694721,-50.,51.9170287965951));
#8206=CARTESIAN_POINT('Ctrl Pts',(8.88482677680923,-50.,50.8998499491517));
#8207=CARTESIAN_POINT('',(6.62896740180923,-49.5,56.1928186991517));
#8208=CARTESIAN_POINT('',(6.62896740180923,-50.,56.1928186991517));
#8209=CARTESIAN_POINT('Ctrl Pts',(6.62896740180923,-49.5,56.1928186991517));
#8210=CARTESIAN_POINT('Ctrl Pts',(7.28690143967195,-49.5,55.443761432828));
#8211=CARTESIAN_POINT('Ctrl Pts',(8.61819413730203,-49.5,53.9280859830475));
#8212=CARTESIAN_POINT('Ctrl Pts',(8.7952653694721,-49.5,51.9170287965951));
#8213=CARTESIAN_POINT('Ctrl Pts',(8.88482677680923,-49.5,50.8998499491517));
#8214=CARTESIAN_POINT('Ctrl Pts',(0.291076776809231,-50.,58.2826624491517));
#8215=CARTESIAN_POINT('Ctrl Pts',(0.291076776809231,-49.5,58.2826624491517));
#8216=CARTESIAN_POINT('Ctrl Pts',(1.54035696554599,-50.,58.2262127718419));
#8217=CARTESIAN_POINT('Ctrl Pts',(1.54035696554599,-49.5,58.2262127718419));
#8218=CARTESIAN_POINT('Ctrl Pts',(3.85807427641156,-50.,58.1214849489937));
#8219=CARTESIAN_POINT('Ctrl Pts',(3.85807427641156,-49.5,58.1214849489937));
#8220=CARTESIAN_POINT('Ctrl Pts',(5.75466437304619,-50.,56.8013729332555));
#8221=CARTESIAN_POINT('Ctrl Pts',(5.75466437304619,-49.5,56.8013729332555));
#8222=CARTESIAN_POINT('Ctrl Pts',(6.62896740180923,-50.,56.1928186991517));
#8223=CARTESIAN_POINT('Ctrl Pts',(6.62896740180923,-49.5,56.1928186991517));
#8224=CARTESIAN_POINT('',(0.291076776809231,-50.,58.2826624491517));
#8225=CARTESIAN_POINT('Ctrl Pts',(0.291076776809231,-50.,58.2826624491517));
#8226=CARTESIAN_POINT('Ctrl Pts',(1.54035696554599,-50.,58.2262127718419));
#8227=CARTESIAN_POINT('Ctrl Pts',(3.85807427641156,-50.,58.1214849489937));
#8228=CARTESIAN_POINT('Ctrl Pts',(5.75466437304619,-50.,56.8013729332555));
#8229=CARTESIAN_POINT('Ctrl Pts',(6.62896740180923,-50.,56.1928186991517));
#8230=CARTESIAN_POINT('',(0.291076776809231,-49.5,58.2826624491517));
#8231=CARTESIAN_POINT('',(0.291076776809231,-50.,58.2826624491517));
#8232=CARTESIAN_POINT('Ctrl Pts',(0.291076776809231,-49.5,58.2826624491517));
#8233=CARTESIAN_POINT('Ctrl Pts',(1.54035696554599,-49.5,58.2262127718419));
#8234=CARTESIAN_POINT('Ctrl Pts',(3.85807427641156,-49.5,58.1214849489937));
#8235=CARTESIAN_POINT('Ctrl Pts',(5.75466437304619,-49.5,56.8013729332555));
#8236=CARTESIAN_POINT('Ctrl Pts',(6.62896740180923,-49.5,56.1928186991517));
#8237=CARTESIAN_POINT('Ctrl Pts',(-6.06634509819077,-50.,56.1928186991517));
#8238=CARTESIAN_POINT('Ctrl Pts',(-6.06634509819077,-49.5,56.1928186991517));
#8239=CARTESIAN_POINT('Ctrl Pts',(-5.1936279019577,-50.,56.8012751108706));
#8240=CARTESIAN_POINT('Ctrl Pts',(-5.1936279019577,-49.5,56.8012751108706));
#8241=CARTESIAN_POINT('Ctrl Pts',(-3.29235786587826,-50.,58.1268361847841));
#8242=CARTESIAN_POINT('Ctrl Pts',(-3.29235786587826,-49.5,58.1268361847841));
#8243=CARTESIAN_POINT('Ctrl Pts',(-0.966935066987098,-50.,58.2279575903512));
#8244=CARTESIAN_POINT('Ctrl Pts',(-0.966935066987098,-49.5,58.2279575903512));
#8245=CARTESIAN_POINT('Ctrl Pts',(0.291076776809231,-50.,58.2826624491517));
#8246=CARTESIAN_POINT('Ctrl Pts',(0.291076776809231,-49.5,58.2826624491517));
#8247=CARTESIAN_POINT('',(-6.06634509819077,-50.,56.1928186991517));
#8248=CARTESIAN_POINT('Ctrl Pts',(-6.06634509819077,-50.,56.1928186991517));
#8249=CARTESIAN_POINT('Ctrl Pts',(-5.1936279019577,-50.,56.8012751108706));
#8250=CARTESIAN_POINT('Ctrl Pts',(-3.29235786587826,-50.,58.1268361847841));
#8251=CARTESIAN_POINT('Ctrl Pts',(-0.966935066987098,-50.,58.2279575903512));
#8252=CARTESIAN_POINT('Ctrl Pts',(0.291076776809231,-50.,58.2826624491517));
#8253=CARTESIAN_POINT('',(-6.06634509819077,-49.5,56.1928186991517));
#8254=CARTESIAN_POINT('',(-6.06634509819077,-50.,56.1928186991517));
#8255=CARTESIAN_POINT('Ctrl Pts',(-6.06634509819077,-49.5,56.1928186991517));
#8256=CARTESIAN_POINT('Ctrl Pts',(-5.1936279019577,-49.5,56.8012751108706));
#8257=CARTESIAN_POINT('Ctrl Pts',(-3.29235786587826,-49.5,58.1268361847841));
#8258=CARTESIAN_POINT('Ctrl Pts',(-0.966935066987098,-49.5,58.2279575903512));
#8259=CARTESIAN_POINT('Ctrl Pts',(0.291076776809231,-49.5,58.2826624491517));
#8260=CARTESIAN_POINT('Ctrl Pts',(-8.30267322319077,-50.,50.8998499491517));
#8261=CARTESIAN_POINT('Ctrl Pts',(-8.30267322319077,-49.5,50.8998499491517));
#8262=CARTESIAN_POINT('Ctrl Pts',(-8.21439224864409,-50.,51.9165481731998));
#8263=CARTESIAN_POINT('Ctrl Pts',(-8.21439224864409,-49.5,51.9165481731998));
#8264=CARTESIAN_POINT('Ctrl Pts',(-8.04007761120151,-50.,53.9240631924156));
#8265=CARTESIAN_POINT('Ctrl Pts',(-8.04007761120151,-49.5,53.9240631924156));
#8266=CARTESIAN_POINT('Ctrl Pts',(-6.71857688710692,-50.,55.4430947862013));
#8267=CARTESIAN_POINT('Ctrl Pts',(-6.71857688710692,-49.5,55.4430947862013));
#8268=CARTESIAN_POINT('Ctrl Pts',(-6.06634509819077,-50.,56.1928186991517));
#8269=CARTESIAN_POINT('Ctrl Pts',(-6.06634509819077,-49.5,56.1928186991517));
#8270=CARTESIAN_POINT('',(-8.30267322319077,-50.,50.8998499491517));
#8271=CARTESIAN_POINT('Ctrl Pts',(-8.30267322319077,-50.,50.8998499491517));
#8272=CARTESIAN_POINT('Ctrl Pts',(-8.21439224864409,-50.,51.9165481731998));
#8273=CARTESIAN_POINT('Ctrl Pts',(-8.04007761120151,-50.,53.9240631924156));
#8274=CARTESIAN_POINT('Ctrl Pts',(-6.71857688710692,-50.,55.4430947862013));
#8275=CARTESIAN_POINT('Ctrl Pts',(-6.06634509819077,-50.,56.1928186991517));
#8276=CARTESIAN_POINT('',(-8.30267322319077,-49.5,50.8998499491517));
#8277=CARTESIAN_POINT('',(-8.30267322319077,-50.,50.8998499491517));
#8278=CARTESIAN_POINT('Ctrl Pts',(-8.30267322319077,-49.5,50.8998499491517));
#8279=CARTESIAN_POINT('Ctrl Pts',(-8.21439224864409,-49.5,51.9165481731998));
#8280=CARTESIAN_POINT('Ctrl Pts',(-8.04007761120151,-49.5,53.9240631924156));
#8281=CARTESIAN_POINT('Ctrl Pts',(-6.71857688710692,-49.5,55.4430947862013));
#8282=CARTESIAN_POINT('Ctrl Pts',(-6.06634509819077,-49.5,56.1928186991517));
#8283=CARTESIAN_POINT('Ctrl Pts',(-7.33587634819077,-50.,47.4525843241517));
#8284=CARTESIAN_POINT('Ctrl Pts',(-7.33587634819077,-49.5,47.4525843241517));
#8285=CARTESIAN_POINT('Ctrl Pts',(-7.6178573783256,-50.,47.9905779687014));
#8286=CARTESIAN_POINT('Ctrl Pts',(-7.6178573783256,-49.5,47.9905779687014));
#8287=CARTESIAN_POINT('Ctrl Pts',(-8.18417810793562,-50.,49.0710653800754));
#8288=CARTESIAN_POINT('Ctrl Pts',(-8.18417810793562,-49.5,49.0710653800754));
#8289=CARTESIAN_POINT('Ctrl Pts',(-8.26306533229926,-50.,50.2885648381995));
#8290=CARTESIAN_POINT('Ctrl Pts',(-8.26306533229926,-49.5,50.2885648381995));
#8291=CARTESIAN_POINT('Ctrl Pts',(-8.30267322319077,-50.,50.8998499491517));
#8292=CARTESIAN_POINT('Ctrl Pts',(-8.30267322319077,-49.5,50.8998499491517));
#8293=CARTESIAN_POINT('',(-7.33587634819077,-50.,47.4525843241517));
#8294=CARTESIAN_POINT('Ctrl Pts',(-7.33587634819077,-50.,47.4525843241517));
#8295=CARTESIAN_POINT('Ctrl Pts',(-7.6178573783256,-50.,47.9905779687014));
#8296=CARTESIAN_POINT('Ctrl Pts',(-8.18417810793562,-50.,49.0710653800754));
#8297=CARTESIAN_POINT('Ctrl Pts',(-8.26306533229926,-50.,50.2885648381995));
#8298=CARTESIAN_POINT('Ctrl Pts',(-8.30267322319077,-50.,50.8998499491517));
#8299=CARTESIAN_POINT('',(-7.33587634819077,-49.5,47.4525843241517));
#8300=CARTESIAN_POINT('',(-7.33587634819077,-50.,47.4525843241517));
#8301=CARTESIAN_POINT('Ctrl Pts',(-7.33587634819077,-49.5,47.4525843241517));
#8302=CARTESIAN_POINT('Ctrl Pts',(-7.6178573783256,-49.5,47.9905779687014));
#8303=CARTESIAN_POINT('Ctrl Pts',(-8.18417810793562,-49.5,49.0710653800754));
#8304=CARTESIAN_POINT('Ctrl Pts',(-8.26306533229926,-49.5,50.2885648381995));
#8305=CARTESIAN_POINT('Ctrl Pts',(-8.30267322319077,-49.5,50.8998499491517));
#8306=CARTESIAN_POINT('Ctrl Pts',(-4.24017322319076,-50.,44.9818811991517));
#8307=CARTESIAN_POINT('Ctrl Pts',(-4.24017322319076,-49.5,44.9818811991517));
#8308=CARTESIAN_POINT('Ctrl Pts',(-4.89009404294238,-50.,45.2918914005929));
#8309=CARTESIAN_POINT('Ctrl Pts',(-4.89009404294238,-49.5,45.2918914005929));
#8310=CARTESIAN_POINT('Ctrl Pts',(-6.11625117312918,-50.,45.8767645226342));
#8311=CARTESIAN_POINT('Ctrl Pts',(-6.11625117312918,-49.5,45.8767645226342));
#8312=CARTESIAN_POINT('Ctrl Pts',(-6.94595465010202,-50.,46.9487850049399));
#8313=CARTESIAN_POINT('Ctrl Pts',(-6.94595465010202,-49.5,46.9487850049399));
#8314=CARTESIAN_POINT('Ctrl Pts',(-7.33587634819077,-50.,47.4525843241517));
#8315=CARTESIAN_POINT('Ctrl Pts',(-7.33587634819077,-49.5,47.4525843241517));
#8316=CARTESIAN_POINT('',(-4.24017322319076,-50.,44.9818811991517));
#8317=CARTESIAN_POINT('Ctrl Pts',(-4.24017322319076,-50.,44.9818811991517));
#8318=CARTESIAN_POINT('Ctrl Pts',(-4.89009404294238,-50.,45.2918914005929));
#8319=CARTESIAN_POINT('Ctrl Pts',(-6.11625117312918,-50.,45.8767645226342));
#8320=CARTESIAN_POINT('Ctrl Pts',(-6.94595465010202,-50.,46.9487850049399));
#8321=CARTESIAN_POINT('Ctrl Pts',(-7.33587634819077,-50.,47.4525843241517));
#8322=CARTESIAN_POINT('',(-4.24017322319076,-49.5,44.9818811991517));
#8323=CARTESIAN_POINT('',(-4.24017322319076,-50.,44.9818811991517));
#8324=CARTESIAN_POINT('Ctrl Pts',(-4.24017322319076,-49.5,44.9818811991517));
#8325=CARTESIAN_POINT('Ctrl Pts',(-4.89009404294238,-49.5,45.2918914005929));
#8326=CARTESIAN_POINT('Ctrl Pts',(-6.11625117312918,-49.5,45.8767645226342));
#8327=CARTESIAN_POINT('Ctrl Pts',(-6.94595465010202,-49.5,46.9487850049399));
#8328=CARTESIAN_POINT('Ctrl Pts',(-7.33587634819077,-49.5,47.4525843241517));
#8329=CARTESIAN_POINT('Ctrl Pts',(-7.87298572319076,-50.,41.9838343241517));
#8330=CARTESIAN_POINT('Ctrl Pts',(-7.87298572319076,-49.5,41.9838343241517));
#8331=CARTESIAN_POINT('Ctrl Pts',(-7.41546010197144,-50.,42.6020169556694));
#8332=CARTESIAN_POINT('Ctrl Pts',(-7.41546010197144,-49.5,42.6020169556694));
#8333=CARTESIAN_POINT('Ctrl Pts',(-6.45483982191386,-50.,43.8999525139726));
#8334=CARTESIAN_POINT('Ctrl Pts',(-6.45483982191386,-49.5,43.8999525139726));
#8335=CARTESIAN_POINT('Ctrl Pts',(-5.00137809124081,-50.,44.6100106058461));
#8336=CARTESIAN_POINT('Ctrl Pts',(-5.00137809124081,-49.5,44.6100106058461));
#8337=CARTESIAN_POINT('Ctrl Pts',(-4.24017322319076,-50.,44.9818811991517));
#8338=CARTESIAN_POINT('Ctrl Pts',(-4.24017322319076,-49.5,44.9818811991517));
#8339=CARTESIAN_POINT('Ctrl Pts',(-7.87298572319076,-50.,41.9838343241517));
#8340=CARTESIAN_POINT('Ctrl Pts',(-7.41546010197144,-50.,42.6020169556694));
#8341=CARTESIAN_POINT('Ctrl Pts',(-6.45483982191386,-50.,43.8999525139726));
#8342=CARTESIAN_POINT('Ctrl Pts',(-5.00137809124081,-50.,44.6100106058461));
#8343=CARTESIAN_POINT('Ctrl Pts',(-4.24017322319076,-50.,44.9818811991517));
#8344=CARTESIAN_POINT('Ctrl Pts',(-7.87298572319076,-49.5,41.9838343241517));
#8345=CARTESIAN_POINT('Ctrl Pts',(-7.41546010197144,-49.5,42.6020169556694));
#8346=CARTESIAN_POINT('Ctrl Pts',(-6.45483982191386,-49.5,43.8999525139726));
#8347=CARTESIAN_POINT('Ctrl Pts',(-5.00137809124081,-49.5,44.6100106058461));
#8348=CARTESIAN_POINT('Ctrl Pts',(-4.24017322319076,-49.5,44.9818811991517));
#8349=CARTESIAN_POINT('Origin',(0.388733026809237,-49.5,43.6537561991517));
#8350=CARTESIAN_POINT('Origin',(50.,-50.,0.));
#8351=CARTESIAN_POINT('',(45.,-50.,0.));
#8352=CARTESIAN_POINT('',(-45.,-50.,0.));
#8353=CARTESIAN_POINT('',(25.,-50.,0.));
#8354=CARTESIAN_POINT('',(45.,-50.,90.));
#8355=CARTESIAN_POINT('',(45.,-50.,0.));
#8356=CARTESIAN_POINT('',(-45.,-50.,90.));
#8357=CARTESIAN_POINT('',(-25.,-50.,90.));
#8358=CARTESIAN_POINT('',(-45.,-50.,0.));
#8359=CARTESIAN_POINT('',(42.6,-50.,75.));
#8360=CARTESIAN_POINT('Origin',(40.,-50.,75.));
#8361=CARTESIAN_POINT('',(-37.4,-50.,75.));
#8362=CARTESIAN_POINT('Origin',(-40.,-50.,75.));
#8363=CARTESIAN_POINT('Origin',(50.,-50.,0.));
#8364=CARTESIAN_POINT('Origin',(-35.,50.,74.));
#8365=CARTESIAN_POINT('',(-36.,50.,74.));
#8366=CARTESIAN_POINT('',(-35.,50.,75.));
#8367=CARTESIAN_POINT('Origin',(-35.,50.,74.));
#8368=CARTESIAN_POINT('',(-35.,47.5,75.));
#8369=CARTESIAN_POINT('',(-35.,50.,75.));
#8370=CARTESIAN_POINT('',(-36.,47.5,74.));
#8371=CARTESIAN_POINT('Origin',(-35.,47.5,74.));
#8372=CARTESIAN_POINT('',(-36.,50.,74.));
#8373=CARTESIAN_POINT('Origin',(-10.,50.,75.));
#8374=CARTESIAN_POINT('',(-11.,50.,75.));
#8375=CARTESIAN_POINT('',(-30.,50.,75.));
#8376=CARTESIAN_POINT('',(-11.,47.5,75.));
#8377=CARTESIAN_POINT('',(-11.,50.,75.));
#8378=CARTESIAN_POINT('',(-28.75,47.5,75.));
#8379=CARTESIAN_POINT('Origin',(-35.,50.,67.));
#8380=CARTESIAN_POINT('',(-35.,50.,66.));
#8381=CARTESIAN_POINT('',(-36.,50.,67.));
#8382=CARTESIAN_POINT('Origin',(-35.,50.,67.));
#8383=CARTESIAN_POINT('',(-36.,47.5,67.));
#8384=CARTESIAN_POINT('',(-36.,50.,67.));
#8385=CARTESIAN_POINT('',(-35.,47.5,66.));
#8386=CARTESIAN_POINT('Origin',(-35.,47.5,67.));
#8387=CARTESIAN_POINT('',(-35.,50.,66.));
#8388=CARTESIAN_POINT('Origin',(-36.,50.,75.));
#8389=CARTESIAN_POINT('',(-36.,47.5,37.5));
#8390=CARTESIAN_POINT('',(-36.,50.,37.5));
#8391=CARTESIAN_POINT('Origin',(-11.,50.,74.));
#8392=CARTESIAN_POINT('',(-10.,50.,74.));
#8393=CARTESIAN_POINT('Origin',(-11.,50.,74.));
#8394=CARTESIAN_POINT('',(-10.,47.5,74.));
#8395=CARTESIAN_POINT('',(-10.,50.,74.));
#8396=CARTESIAN_POINT('Origin',(-11.,47.5,74.));
#8397=CARTESIAN_POINT('Origin',(-10.,50.,66.));
#8398=CARTESIAN_POINT('',(-10.,50.,67.));
#8399=CARTESIAN_POINT('',(-10.,50.,33.));
#8400=CARTESIAN_POINT('',(-10.,47.5,67.));
#8401=CARTESIAN_POINT('',(-10.,50.,67.));
#8402=CARTESIAN_POINT('',(-10.,47.5,33.));
#8403=CARTESIAN_POINT('Origin',(-11.,50.,67.));
#8404=CARTESIAN_POINT('',(-11.,50.,66.));
#8405=CARTESIAN_POINT('Origin',(-11.,50.,67.));
#8406=CARTESIAN_POINT('',(-11.,47.5,66.));
#8407=CARTESIAN_POINT('',(-11.,50.,66.));
#8408=CARTESIAN_POINT('Origin',(-11.,47.5,67.));
#8409=CARTESIAN_POINT('Origin',(-36.,50.,66.));
#8410=CARTESIAN_POINT('',(-41.75,47.5,66.));
#8411=CARTESIAN_POINT('',(-43.,50.,66.));
#8412=CARTESIAN_POINT('Origin',(40.,50.,75.));
#8413=CARTESIAN_POINT('',(42.6,-47.5,75.));
#8414=CARTESIAN_POINT('Origin',(40.,-47.5,75.));
#8415=CARTESIAN_POINT('',(42.6,50.,75.));
#8416=CARTESIAN_POINT('Origin',(40.,50.,75.));
#8417=CARTESIAN_POINT('',(42.6,50.,75.));
#8418=CARTESIAN_POINT('Origin',(40.,50.,75.));
#8419=CARTESIAN_POINT('',(42.6,47.5,75.));
#8420=CARTESIAN_POINT('',(42.6,50.,75.));
#8421=CARTESIAN_POINT('Origin',(40.,47.5,75.));
#8422=CARTESIAN_POINT('Origin',(-40.,50.,75.));
#8423=CARTESIAN_POINT('',(-37.4,-47.5,75.));
#8424=CARTESIAN_POINT('Origin',(-40.,-47.5,75.));
#8425=CARTESIAN_POINT('',(-37.4,50.,75.));
#8426=CARTESIAN_POINT('Origin',(-40.,50.,75.));
#8427=CARTESIAN_POINT('',(-37.4,50.,75.));
#8428=CARTESIAN_POINT('Origin',(-40.,50.,75.));
#8429=CARTESIAN_POINT('',(-37.4,47.5,75.));
#8430=CARTESIAN_POINT('',(-37.4,50.,75.));
#8431=CARTESIAN_POINT('Origin',(-40.,47.5,75.));
#8432=CARTESIAN_POINT('Origin',(50.,-40.,80.));
#8433=CARTESIAN_POINT('',(-47.5,35.,80.));
#8434=CARTESIAN_POINT('',(-50.,35.,80.));
#8435=CARTESIAN_POINT('',(50.,35.,80.));
#8436=CARTESIAN_POINT('',(-47.5,-35.,80.));
#8437=CARTESIAN_POINT('',(-47.5,-43.75,80.));
#8438=CARTESIAN_POINT('',(-50.,-35.,80.));
#8439=CARTESIAN_POINT('',(50.,-35.,80.));
#8440=CARTESIAN_POINT('',(-50.,-45.,80.));
#8441=CARTESIAN_POINT('Origin',(50.,-40.,80.));
#8442=CARTESIAN_POINT('',(50.,35.,80.));
#8443=CARTESIAN_POINT('',(47.5,35.,80.));
#8444=CARTESIAN_POINT('',(50.,35.,80.));
#8445=CARTESIAN_POINT('',(50.,-35.,80.));
#8446=CARTESIAN_POINT('',(50.,5.,80.));
#8447=CARTESIAN_POINT('',(47.5,-35.,80.));
#8448=CARTESIAN_POINT('',(50.,-35.,80.));
#8449=CARTESIAN_POINT('',(47.5,3.75,80.));
#8450=CARTESIAN_POINT('Origin',(50.,-35.,75.));
#8451=CARTESIAN_POINT('',(50.,-35.,70.));
#8452=CARTESIAN_POINT('Origin',(50.,-35.,75.));
#8453=CARTESIAN_POINT('',(47.5,-35.,70.));
#8454=CARTESIAN_POINT('',(50.,-35.,70.));
#8455=CARTESIAN_POINT('Origin',(47.5,-35.,75.));
#8456=CARTESIAN_POINT('Origin',(50.,40.,70.));
#8457=CARTESIAN_POINT('',(50.,35.,70.));
#8458=CARTESIAN_POINT('',(50.,45.,70.));
#8459=CARTESIAN_POINT('',(47.5,35.,70.));
#8460=CARTESIAN_POINT('',(50.,35.,70.));
#8461=CARTESIAN_POINT('',(47.5,43.75,70.));
#8462=CARTESIAN_POINT('Origin',(50.,-35.,75.));
#8463=CARTESIAN_POINT('',(-47.5,-35.,70.));
#8464=CARTESIAN_POINT('Origin',(-47.5,-35.,75.));
#8465=CARTESIAN_POINT('',(-50.,-35.,70.));
#8466=CARTESIAN_POINT('',(50.,-35.,70.));
#8467=CARTESIAN_POINT('Origin',(-50.,-35.,75.));
#8468=CARTESIAN_POINT('Origin',(50.,40.,70.));
#8469=CARTESIAN_POINT('',(-47.5,35.,70.));
#8470=CARTESIAN_POINT('',(-47.5,-3.75,70.));
#8471=CARTESIAN_POINT('',(-50.,35.,70.));
#8472=CARTESIAN_POINT('',(50.,35.,70.));
#8473=CARTESIAN_POINT('',(-50.,-5.,70.));
#8474=CARTESIAN_POINT('Origin',(50.,35.,75.));
#8475=CARTESIAN_POINT('Origin',(-47.5,35.,75.));
#8476=CARTESIAN_POINT('Origin',(-50.,35.,75.));
#8477=CARTESIAN_POINT('Origin',(50.,35.,75.));
#8478=CARTESIAN_POINT('Origin',(50.,35.,75.));
#8479=CARTESIAN_POINT('Origin',(47.5,35.,75.));
#8480=CARTESIAN_POINT('Origin',(-3.73969860926349E-16,-43.5,-3.5));
#8481=CARTESIAN_POINT('',(1.7203144029786,-47.5,-2.5));
#8482=CARTESIAN_POINT('',(1.48326119000754,-46.9488142107963,-2.7));
#8483=CARTESIAN_POINT('Origin',(1.7203144029786,-47.5,-3.5));
#8484=CARTESIAN_POINT('',(3.75419341482066,-43.479627899215,-2.7));
#8485=CARTESIAN_POINT('Origin',(-3.73969860926349E-16,-43.5,-2.7));
#8486=CARTESIAN_POINT('',(-1.48326119000754,-46.9488142107963,-2.7));
#8487=CARTESIAN_POINT('Origin',(-3.73969860926349E-16,-43.5,-2.7));
#8488=CARTESIAN_POINT('',(-1.7203144029786,-47.5,-2.5));
#8489=CARTESIAN_POINT('Origin',(-1.7203144029786,-47.5,-3.5));
#8490=CARTESIAN_POINT('Origin',(-3.73969860926349E-16,-43.5,-2.5));
#8491=CARTESIAN_POINT('Ctrl Pts',(-1.72031440297861,-47.5,-2.5));
#8492=CARTESIAN_POINT('Ctrl Pts',(-1.25451545426758,-47.6430929714928,-2.5));
#8493=CARTESIAN_POINT('Ctrl Pts',(-0.0911190461565559,-47.8782310415806,
-2.47048211946887));
#8494=CARTESIAN_POINT('Ctrl Pts',(1.09924913803058,-47.6907906286571,-2.5));
#8495=CARTESIAN_POINT('Ctrl Pts',(1.72031440297861,-47.5,-2.5));
#8496=CARTESIAN_POINT('Ctrl Pts',(-1.63556773331756,-47.3029507408313,-2.5));
#8497=CARTESIAN_POINT('Ctrl Pts',(-1.19373097030286,-47.4548491525617,-2.511442175148));
#8498=CARTESIAN_POINT('Ctrl Pts',(-0.0869643506537236,-47.7064370861322,
-2.49698890779007));
#8499=CARTESIAN_POINT('Ctrl Pts',(1.04645204929798,-47.5054819564718,-2.51525623353067));
#8500=CARTESIAN_POINT('Ctrl Pts',(1.63556773331756,-47.3029507408313,-2.5));
#8501=CARTESIAN_POINT('Ctrl Pts',(-1.55105852573638,-47.1064536181313,-2.57129977824134));
#8502=CARTESIAN_POINT('Ctrl Pts',(-1.13301908834793,-47.2710343757803,-2.5819741510125));
#8503=CARTESIAN_POINT('Ctrl Pts',(-0.0827848058063596,-47.5410071802574,
-2.56520289659385));
#8504=CARTESIAN_POINT('Ctrl Pts',(0.993672609218477,-47.32589462833,-2.58553227526956));
#8505=CARTESIAN_POINT('Ctrl Pts',(1.55105852573639,-47.1064536181313,-2.57129977824134));
#8506=CARTESIAN_POINT('Ctrl Pts',(-1.48326119000754,-46.9488142107963,-2.7));
#8507=CARTESIAN_POINT('Ctrl Pts',(-1.08164768158538,-47.1215395865387,-2.7));
#8508=CARTESIAN_POINT('Ctrl Pts',(-0.0785113328190732,-47.4019516283068,
-2.66693997380513));
#8509=CARTESIAN_POINT('Ctrl Pts',(0.947776512111363,-47.1791147117861,-2.7));
#8510=CARTESIAN_POINT('Ctrl Pts',(1.48326119000755,-46.9488142107963,-2.7));
#8511=CARTESIAN_POINT('Ctrl Pts',(1.72031440297861,-47.5,-2.5));
#8512=CARTESIAN_POINT('Ctrl Pts',(1.09924913803058,-47.6907906286571,-2.5));
#8513=CARTESIAN_POINT('Ctrl Pts',(-0.0911190461565559,-47.8782310415806,
-2.47048211946887));
#8514=CARTESIAN_POINT('Ctrl Pts',(-1.25451545426758,-47.6430929714928,-2.5));
#8515=CARTESIAN_POINT('Ctrl Pts',(-1.72031440297861,-47.5,-2.5));
#8516=CARTESIAN_POINT('Ctrl Pts',(-1.48326119000754,-46.9488142107963,-2.7));
#8517=CARTESIAN_POINT('Ctrl Pts',(-1.08164768158538,-47.1215395865387,-2.7));
#8518=CARTESIAN_POINT('Ctrl Pts',(-0.0785113328190732,-47.4019516283068,
-2.66693997380513));
#8519=CARTESIAN_POINT('Ctrl Pts',(0.947776512111363,-47.1791147117861,-2.7));
#8520=CARTESIAN_POINT('Ctrl Pts',(1.48326119000755,-46.9488142107963,-2.7));
#8521=CARTESIAN_POINT('Origin',(0.,0.,-2.5));
#8522=CARTESIAN_POINT('',(-45.,-47.5,-2.5));
#8523=CARTESIAN_POINT('',(25.,-47.5,-2.5));
#8524=CARTESIAN_POINT('',(-47.5,-45.,-2.5));
#8525=CARTESIAN_POINT('Origin',(-45.,-45.,-2.5));
#8526=CARTESIAN_POINT('',(-47.5,50.,-2.5));
#8527=CARTESIAN_POINT('',(-47.5,-25.,-2.5));
#8528=CARTESIAN_POINT('',(47.5,50.,-2.5));
#8529=CARTESIAN_POINT('',(-25.,50.,-2.5));
#8530=CARTESIAN_POINT('',(47.5,-45.,-2.5));
#8531=CARTESIAN_POINT('',(47.5,25.,-2.5));
#8532=CARTESIAN_POINT('',(45.,-47.5,-2.5));
#8533=CARTESIAN_POINT('Origin',(45.,-45.,-2.5));
#8534=CARTESIAN_POINT('',(25.,-47.5,-2.5));
#8535=CARTESIAN_POINT('',(-4.35424868893542,43.5,-2.5));
#8536=CARTESIAN_POINT('Origin',(-6.03961325396085E-15,43.5,-2.5));
#8537=CARTESIAN_POINT('',(27.5,36.5,-2.5));
#8538=CARTESIAN_POINT('',(27.5,41.5,-2.5));
#8539=CARTESIAN_POINT('',(27.5,20.75,-2.5));
#8540=CARTESIAN_POINT('',(22.5,41.5,-2.5));
#8541=CARTESIAN_POINT('',(11.25,41.5,-2.5));
#8542=CARTESIAN_POINT('',(22.5,36.5,-2.5));
#8543=CARTESIAN_POINT('',(22.5,18.25,-2.5));
#8544=CARTESIAN_POINT('',(13.75,36.5,-2.5));
#8545=CARTESIAN_POINT('',(42.5,36.5,-2.5));
#8546=CARTESIAN_POINT('',(42.5,41.5,-2.5));
#8547=CARTESIAN_POINT('',(42.5,20.75,-2.5));
#8548=CARTESIAN_POINT('',(37.5,41.5,-2.5));
#8549=CARTESIAN_POINT('',(18.75,41.5,-2.5));
#8550=CARTESIAN_POINT('',(37.5,36.5,-2.5));
#8551=CARTESIAN_POINT('',(37.5,18.25,-2.5));
#8552=CARTESIAN_POINT('',(21.25,36.5,-2.5));
#8553=CARTESIAN_POINT('Ctrl Pts',(3.77885814484618,-43.4794940562531,-2.681351785948));
#8554=CARTESIAN_POINT('Ctrl Pts',(3.75835220109933,-39.700635911407,-2.681351785948));
#8555=CARTESIAN_POINT('Ctrl Pts',(-0.0205059437468517,-39.7211418551538,
-2.681351785948));
#8556=CARTESIAN_POINT('Ctrl Pts',(-3.79936408859303,-39.7416477989007,-2.681351785948));
#8557=CARTESIAN_POINT('Ctrl Pts',(-3.77885814484618,-43.5205059437468,-2.681351785948));
#8558=CARTESIAN_POINT('Ctrl Pts',(-3.75835220109933,-47.299364088593,-2.681351785948));
#8559=CARTESIAN_POINT('Ctrl Pts',(0.020505943746851,-47.2788581448462,-2.681351785948));
#8560=CARTESIAN_POINT('Ctrl Pts',(3.79936408859303,-47.2583522010993,-2.681351785948));
#8561=CARTESIAN_POINT('Ctrl Pts',(3.77885814484618,-43.4794940562531,-2.681351785948));
#8562=CARTESIAN_POINT('Ctrl Pts',(2.70474295250168,-43.4853227338239,-3.5));
#8563=CARTESIAN_POINT('Ctrl Pts',(2.69006568632556,-40.7805797813222,-3.5));
#8564=CARTESIAN_POINT('Ctrl Pts',(-0.0146772661761134,-40.7952570474983,
-3.5));
#8565=CARTESIAN_POINT('Ctrl Pts',(-2.71942021867779,-40.8099343136744,-3.5));
#8566=CARTESIAN_POINT('Ctrl Pts',(-2.70474295250168,-43.5146772661761,-3.5));
#8567=CARTESIAN_POINT('Ctrl Pts',(-2.69006568632557,-46.2194202186778,-3.5));
#8568=CARTESIAN_POINT('Ctrl Pts',(0.0146772661761126,-46.2047429525017,
-3.5));
#8569=CARTESIAN_POINT('Ctrl Pts',(2.71942021867779,-46.1900656863256,-3.5));
#8570=CARTESIAN_POINT('Ctrl Pts',(2.70474295250168,-43.4853227338239,-3.5));
#8571=CARTESIAN_POINT('Ctrl Pts',(1.35422875021967,-43.4926512884295,-3.5));
#8572=CARTESIAN_POINT('Ctrl Pts',(1.34688003864915,-42.1384225382098,-3.5));
#8573=CARTESIAN_POINT('Ctrl Pts',(-0.00734871157051879,-42.1457712497803,
-3.5));
#8574=CARTESIAN_POINT('Ctrl Pts',(-1.36157746179019,-42.1531199613508,-3.5));
#8575=CARTESIAN_POINT('Ctrl Pts',(-1.35422875021967,-43.5073487115705,-3.5));
#8576=CARTESIAN_POINT('Ctrl Pts',(-1.34688003864915,-44.8615774617902,-3.5));
#8577=CARTESIAN_POINT('Ctrl Pts',(0.00734871157051804,-44.8542287502197,
-3.5));
#8578=CARTESIAN_POINT('Ctrl Pts',(1.36157746179019,-44.8468800386491,-3.5));
#8579=CARTESIAN_POINT('Ctrl Pts',(1.35422875021967,-43.4926512884295,-3.5));
#8580=CARTESIAN_POINT('',(1.35422875021967,-43.4926512884295,-3.5));
#8581=CARTESIAN_POINT('Origin',(-3.73969860926349E-16,-43.5,-3.5));
#8582=CARTESIAN_POINT('Ctrl Pts',(1.35422875021967,-43.4926512884295,-3.5));
#8583=CARTESIAN_POINT('Ctrl Pts',(2.68754245277578,-43.4854160721992,-3.5));
#8584=CARTESIAN_POINT('Ctrl Pts',(3.75419341482066,-43.479627899215,-2.7));
#8585=CARTESIAN_POINT('Origin',(-6.03961325396085E-15,43.5,-3.5));
#8586=CARTESIAN_POINT('',(-3.75424868893542,43.5,-2.7));
#8587=CARTESIAN_POINT('',(3.7542486889354,43.5,-2.7));
#8588=CARTESIAN_POINT('Origin',(-6.03961325396085E-15,43.5,-2.7));
#8589=CARTESIAN_POINT('Origin',(-6.03961325396085E-15,43.5,-2.7));
#8590=CARTESIAN_POINT('Origin',(-4.35424868893542,43.5,-3.5));
#8591=CARTESIAN_POINT('Ctrl Pts',(3.7542486889354,43.5,-2.7));
#8592=CARTESIAN_POINT('Ctrl Pts',(3.7542486889354,47.2542486889354,-2.7));
#8593=CARTESIAN_POINT('Ctrl Pts',(-6.03961325396085E-15,47.2542486889354,
-2.7));
#8594=CARTESIAN_POINT('Ctrl Pts',(-3.75424868893541,47.2542486889354,-2.7));
#8595=CARTESIAN_POINT('Ctrl Pts',(-3.75424868893542,43.5,-2.7));
#8596=CARTESIAN_POINT('Ctrl Pts',(-3.75424868893541,39.7457513110646,-2.7));
#8597=CARTESIAN_POINT('Ctrl Pts',(-6.03961325396085E-15,39.7457513110646,
-2.7));
#8598=CARTESIAN_POINT('Ctrl Pts',(3.7542486889354,39.7457513110646,-2.7));
#8599=CARTESIAN_POINT('Ctrl Pts',(3.7542486889354,43.5,-2.7));
#8600=CARTESIAN_POINT('Ctrl Pts',(2.68758202226874,43.5,-3.5));
#8601=CARTESIAN_POINT('Ctrl Pts',(2.68758202226874,46.1875820222687,-3.5));
#8602=CARTESIAN_POINT('Ctrl Pts',(-6.03961325396085E-15,46.1875820222687,
-3.5));
#8603=CARTESIAN_POINT('Ctrl Pts',(-2.68758202226875,46.1875820222687,-3.5));
#8604=CARTESIAN_POINT('Ctrl Pts',(-2.68758202226875,43.5,-3.5));
#8605=CARTESIAN_POINT('Ctrl Pts',(-2.68758202226875,40.8124179777313,-3.5));
#8606=CARTESIAN_POINT('Ctrl Pts',(-6.03961325396085E-15,40.8124179777313,
-3.5));
#8607=CARTESIAN_POINT('Ctrl Pts',(2.68758202226874,40.8124179777313,-3.5));
#8608=CARTESIAN_POINT('Ctrl Pts',(2.68758202226874,43.5,-3.5));
#8609=CARTESIAN_POINT('Ctrl Pts',(1.3542486889354,43.5,-3.5));
#8610=CARTESIAN_POINT('Ctrl Pts',(1.3542486889354,44.8542486889354,-3.5));
#8611=CARTESIAN_POINT('Ctrl Pts',(-6.03961325396085E-15,44.8542486889354,
-3.5));
#8612=CARTESIAN_POINT('Ctrl Pts',(-1.35424868893542,44.8542486889354,-3.5));
#8613=CARTESIAN_POINT('Ctrl Pts',(-1.35424868893542,43.5,-3.5));
#8614=CARTESIAN_POINT('Ctrl Pts',(-1.35424868893542,42.1457513110646,-3.5));
#8615=CARTESIAN_POINT('Ctrl Pts',(-6.03961325396085E-15,42.1457513110646,
-3.5));
#8616=CARTESIAN_POINT('Ctrl Pts',(1.3542486889354,42.1457513110646,-3.5));
#8617=CARTESIAN_POINT('Ctrl Pts',(1.3542486889354,43.5,-3.5));
#8618=CARTESIAN_POINT('',(1.3542486889354,43.5,-3.5));
#8619=CARTESIAN_POINT('Origin',(-6.03961325396085E-15,43.5,-3.5));
#8620=CARTESIAN_POINT('Origin',(1.3542486889354,43.5,0.5));
#8621=CARTESIAN_POINT('Origin',(-3.33066907387547E-15,4.44089209850063E-15,
-3.5));
#8622=CARTESIAN_POINT('Origin',(-3.33066907387547E-15,4.44089209850063E-15,
-3.5));
#8623=CARTESIAN_POINT('Origin',(-45.,4.32402651696114E-15,50.));
#8624=CARTESIAN_POINT('',(-47.5,35.,50.));
#8625=CARTESIAN_POINT('',(-45.,35.2525512860841,52.5));
#8626=CARTESIAN_POINT('Ctrl Pts',(-47.5,35.,50.));
#8627=CARTESIAN_POINT('Ctrl Pts',(-47.5,35.,50.3139896862253));
#8628=CARTESIAN_POINT('Ctrl Pts',(-47.4372273107758,34.9995062129791,50.6488920050877));
#8629=CARTESIAN_POINT('Ctrl Pts',(-47.1820288454166,35.0033932726531,51.2648667475975));
#8630=CARTESIAN_POINT('Ctrl Pts',(-46.9896003132361,35.0084479890176,51.5459335926966));
#8631=CARTESIAN_POINT('Ctrl Pts',(-46.5440954935538,35.0345899481989,51.9914384123789));
#8632=CARTESIAN_POINT('Ctrl Pts',(-46.2609341463465,35.0576781503074,52.1843488334986));
#8633=CARTESIAN_POINT('Ctrl Pts',(-45.6439230702745,35.1346599052349,52.4385851898558));
#8634=CARTESIAN_POINT('Ctrl Pts',(-45.3101949426968,35.1892330085509,52.5));
#8635=CARTESIAN_POINT('Ctrl Pts',(-45.,35.2525512860841,52.5));
#8636=CARTESIAN_POINT('',(-45.,27.6568651670156,52.5));
#8637=CARTESIAN_POINT('',(-45.,4.32402651696114E-15,52.5));
#8638=CARTESIAN_POINT('',(-47.5,27.5,50.));
#8639=CARTESIAN_POINT('Ctrl Pts',(-45.,27.6568651670156,52.5));
#8640=CARTESIAN_POINT('Ctrl Pts',(-45.3124711585378,27.6174975014265,52.5));
#8641=CARTESIAN_POINT('Ctrl Pts',(-45.6468779420452,27.5836377904773,52.4377762679682));
#8642=CARTESIAN_POINT('Ctrl Pts',(-46.2632378720513,27.535883078528,52.18298747591));
#8643=CARTESIAN_POINT('Ctrl Pts',(-46.5451444957019,27.5215646697384,51.9903894102308));
#8644=CARTESIAN_POINT('Ctrl Pts',(-46.9896804620436,27.5052785547599,51.5458534438892));
#8645=CARTESIAN_POINT('Ctrl Pts',(-47.1820916183885,27.5021198048879,51.2647545127364));
#8646=CARTESIAN_POINT('Ctrl Pts',(-47.4372508505933,27.4996914880709,50.6487958927303));
#8647=CARTESIAN_POINT('Ctrl Pts',(-47.5,27.5,50.3139383842011));
#8648=CARTESIAN_POINT('Ctrl Pts',(-47.5,27.5,50.));
#8649=CARTESIAN_POINT('',(-47.5,4.09029535388216E-15,50.));
#8650=CARTESIAN_POINT('Origin',(-42.5,47.5,52.5));
#8651=CARTESIAN_POINT('',(-35.,47.5,52.5));
#8652=CARTESIAN_POINT('Origin',(-47.5,47.5,52.5));
#8653=CARTESIAN_POINT('',(-32.5,47.5,52.5));
#8654=CARTESIAN_POINT('',(-23.75,47.5,52.5));
#8655=CARTESIAN_POINT('',(-32.5,50.,52.5));
#8656=CARTESIAN_POINT('',(-32.5,47.5,52.5));
#8657=CARTESIAN_POINT('',(32.5,50.,52.5));
#8658=CARTESIAN_POINT('',(-46.25,50.,52.5));
#8659=CARTESIAN_POINT('',(32.5,47.5,52.5));
#8660=CARTESIAN_POINT('',(32.5,47.5,52.5));
#8661=CARTESIAN_POINT('',(35.,47.5,52.5));
#8662=CARTESIAN_POINT('',(-23.75,47.5,52.5));
#8663=CARTESIAN_POINT('',(45.,35.2525512860841,52.5));
#8664=CARTESIAN_POINT('Origin',(47.5,47.5,52.5));
#8665=CARTESIAN_POINT('',(45.,27.6568651670156,52.5));
#8666=CARTESIAN_POINT('',(45.,47.5,52.5));
#8667=CARTESIAN_POINT('',(41.,28.5857196806223,52.5));
#8668=CARTESIAN_POINT('Origin',(47.5,47.5,52.5));
#8669=CARTESIAN_POINT('',(41.,-28.5857196806223,52.5));
#8670=CARTESIAN_POINT('',(41.,14.2928598403111,52.5));
#8671=CARTESIAN_POINT('',(45.,-27.6568651670156,52.5));
#8672=CARTESIAN_POINT('Origin',(47.5,-47.5,52.5));
#8673=CARTESIAN_POINT('',(45.,-35.2525512860841,52.5));
#8674=CARTESIAN_POINT('',(45.,47.5,52.5));
#8675=CARTESIAN_POINT('',(35.2525512860841,-45.,52.5));
#8676=CARTESIAN_POINT('Origin',(47.5,-47.5,52.5));
#8677=CARTESIAN_POINT('',(27.6568651670156,-45.,52.5));
#8678=CARTESIAN_POINT('',(2.5,-45.,52.5));
#8679=CARTESIAN_POINT('',(28.4212159716611,-41.5,52.5));
#8680=CARTESIAN_POINT('Origin',(47.5,-47.5,52.5));
#8681=CARTESIAN_POINT('',(-28.4212159716611,-41.5,52.5));
#8682=CARTESIAN_POINT('',(14.2106079858305,-41.5,52.5));
#8683=CARTESIAN_POINT('',(-27.6568651670156,-45.,52.5));
#8684=CARTESIAN_POINT('Origin',(-47.5,-47.5,52.5));
#8685=CARTESIAN_POINT('',(-35.2525512860841,-45.,52.5));
#8686=CARTESIAN_POINT('',(2.5,-45.,52.5));
#8687=CARTESIAN_POINT('',(-45.,-35.2525512860841,52.5));
#8688=CARTESIAN_POINT('Origin',(-47.5,-47.5,52.5));
#8689=CARTESIAN_POINT('',(-45.,-27.6568651670156,52.5));
#8690=CARTESIAN_POINT('',(-45.,4.32402651696114E-15,52.5));
#8691=CARTESIAN_POINT('',(-41.,-28.5857196806223,52.5));
#8692=CARTESIAN_POINT('Origin',(-47.5,-47.5,52.5));
#8693=CARTESIAN_POINT('',(-41.,28.5857196806223,52.5));
#8694=CARTESIAN_POINT('',(-41.,-14.2928598403111,52.5));
#8695=CARTESIAN_POINT('Origin',(-47.5,47.5,52.5));
#8696=CARTESIAN_POINT('',(-27.5,47.5,52.5));
#8697=CARTESIAN_POINT('',(27.5,47.5,52.5));
#8698=CARTESIAN_POINT('',(-45.,47.5,52.5));
#8699=CARTESIAN_POINT('',(-28.4212159716611,41.5,52.5));
#8700=CARTESIAN_POINT('Origin',(-47.5,47.5,52.5));
#8701=CARTESIAN_POINT('',(28.4212159716611,41.5,52.5));
#8702=CARTESIAN_POINT('',(-14.2106079858305,41.5,52.5));
#8703=CARTESIAN_POINT('Origin',(47.5,47.5,52.5));
#8704=CARTESIAN_POINT('Origin',(45.,47.5,50.));
#8705=CARTESIAN_POINT('',(47.5,27.5,50.));
#8706=CARTESIAN_POINT('Ctrl Pts',(47.5,27.5,50.));
#8707=CARTESIAN_POINT('Ctrl Pts',(47.5,27.5,50.3139383842011));
#8708=CARTESIAN_POINT('Ctrl Pts',(47.4372508505933,27.4996914880709,50.6487958927303));
#8709=CARTESIAN_POINT('Ctrl Pts',(47.1820916183885,27.5021198048879,51.2647545127363));
#8710=CARTESIAN_POINT('Ctrl Pts',(46.9896804620436,27.5052785547599,51.5458534438892));
#8711=CARTESIAN_POINT('Ctrl Pts',(46.5451444957019,27.5215646697384,51.9903894102308));
#8712=CARTESIAN_POINT('Ctrl Pts',(46.2632378720513,27.535883078528,52.18298747591));
#8713=CARTESIAN_POINT('Ctrl Pts',(45.6468779420451,27.5836377904773,52.4377762679682));
#8714=CARTESIAN_POINT('Ctrl Pts',(45.3124711585378,27.6174975014265,52.5));
#8715=CARTESIAN_POINT('Ctrl Pts',(45.,27.6568651670156,52.5));
#8716=CARTESIAN_POINT('',(47.5,35.,50.));
#8717=CARTESIAN_POINT('Ctrl Pts',(45.,35.2525512860841,52.5));
#8718=CARTESIAN_POINT('Ctrl Pts',(45.3101949426968,35.1892330085509,52.5));
#8719=CARTESIAN_POINT('Ctrl Pts',(45.6439230702745,35.1346599052349,52.4385851898558));
#8720=CARTESIAN_POINT('Ctrl Pts',(46.2609341463465,35.0576781503074,52.1843488334986));
#8721=CARTESIAN_POINT('Ctrl Pts',(46.5440954935538,35.0345899481989,51.9914384123789));
#8722=CARTESIAN_POINT('Ctrl Pts',(46.9896003132361,35.0084479890176,51.5459335926966));
#8723=CARTESIAN_POINT('Ctrl Pts',(47.1820288454166,35.0033932726531,51.2648667475975));
#8724=CARTESIAN_POINT('Ctrl Pts',(47.4372273107758,34.9995062129791,50.6488920050877));
#8725=CARTESIAN_POINT('Ctrl Pts',(47.5,35.,50.3139896862252));
#8726=CARTESIAN_POINT('Ctrl Pts',(47.5,35.,50.));
#8727=CARTESIAN_POINT('',(47.5,47.5,50.));
#8728=CARTESIAN_POINT('Origin',(-45.,4.32402651696114E-15,50.));
#8729=CARTESIAN_POINT('',(-47.5,-27.5,50.));
#8730=CARTESIAN_POINT('Ctrl Pts',(-47.5,-27.5,50.));
#8731=CARTESIAN_POINT('Ctrl Pts',(-47.5,-27.5,50.3139383842011));
#8732=CARTESIAN_POINT('Ctrl Pts',(-47.4372508505933,-27.4996914880709,50.6487958927303));
#8733=CARTESIAN_POINT('Ctrl Pts',(-47.1820916183885,-27.5021198048879,51.2647545127364));
#8734=CARTESIAN_POINT('Ctrl Pts',(-46.9896804620436,-27.5052785547599,51.5458534438892));
#8735=CARTESIAN_POINT('Ctrl Pts',(-46.5451444957019,-27.5215646697384,51.9903894102308));
#8736=CARTESIAN_POINT('Ctrl Pts',(-46.2632378720512,-27.535883078528,52.18298747591));
#8737=CARTESIAN_POINT('Ctrl Pts',(-45.6468779420451,-27.5836377904773,52.4377762679682));
#8738=CARTESIAN_POINT('Ctrl Pts',(-45.3124711585378,-27.6174975014264,52.5));
#8739=CARTESIAN_POINT('Ctrl Pts',(-45.,-27.6568651670156,52.5));
#8740=CARTESIAN_POINT('',(-47.5,-35.,50.));
#8741=CARTESIAN_POINT('Ctrl Pts',(-45.,-35.2525512860841,52.5));
#8742=CARTESIAN_POINT('Ctrl Pts',(-45.3101949426968,-35.1892330085508,52.5));
#8743=CARTESIAN_POINT('Ctrl Pts',(-45.6439230702745,-35.1346599052349,52.4385851898558));
#8744=CARTESIAN_POINT('Ctrl Pts',(-46.2609341463465,-35.0576781503074,52.1843488334986));
#8745=CARTESIAN_POINT('Ctrl Pts',(-46.5440954935538,-35.0345899481989,51.9914384123789));
#8746=CARTESIAN_POINT('Ctrl Pts',(-46.9896003132361,-35.0084479890176,51.5459335926966));
#8747=CARTESIAN_POINT('Ctrl Pts',(-47.1820288454166,-35.0033932726531,51.2648667475975));
#8748=CARTESIAN_POINT('Ctrl Pts',(-47.4372273107758,-34.9995062129791,50.6488920050877));
#8749=CARTESIAN_POINT('Ctrl Pts',(-47.5,-35.,50.3139896862253));
#8750=CARTESIAN_POINT('Ctrl Pts',(-47.5,-35.,50.));
#8751=CARTESIAN_POINT('',(-47.5,4.09029535388216E-15,50.));
#8752=CARTESIAN_POINT('Origin',(2.5,-45.,50.));
#8753=CARTESIAN_POINT('',(-35.,-47.5,50.));
#8754=CARTESIAN_POINT('Ctrl Pts',(-35.,-47.5,50.));
#8755=CARTESIAN_POINT('Ctrl Pts',(-35.,-47.5,50.3139896862253));
#8756=CARTESIAN_POINT('Ctrl Pts',(-34.9995062129791,-47.4372273107758,50.6488920050877));
#8757=CARTESIAN_POINT('Ctrl Pts',(-35.0033932726531,-47.1820288454166,51.2648667475975));
#8758=CARTESIAN_POINT('Ctrl Pts',(-35.0084479890176,-46.9896003132361,51.5459335926966));
#8759=CARTESIAN_POINT('Ctrl Pts',(-35.0345899481989,-46.5440954935538,51.9914384123789));
#8760=CARTESIAN_POINT('Ctrl Pts',(-35.0576781503074,-46.2609341463465,52.1843488334986));
#8761=CARTESIAN_POINT('Ctrl Pts',(-35.1346599052349,-45.6439230702745,52.4385851898558));
#8762=CARTESIAN_POINT('Ctrl Pts',(-35.1892330085508,-45.3101949426968,52.5));
#8763=CARTESIAN_POINT('Ctrl Pts',(-35.2525512860841,-45.,52.5));
#8764=CARTESIAN_POINT('',(-27.5,-47.5,50.));
#8765=CARTESIAN_POINT('Ctrl Pts',(-27.6568651670156,-45.,52.5));
#8766=CARTESIAN_POINT('Ctrl Pts',(-27.6174975014264,-45.3124711585378,52.5));
#8767=CARTESIAN_POINT('Ctrl Pts',(-27.5836377904773,-45.6468779420452,52.4377762679682));
#8768=CARTESIAN_POINT('Ctrl Pts',(-27.535883078528,-46.2632378720513,52.18298747591));
#8769=CARTESIAN_POINT('Ctrl Pts',(-27.5215646697384,-46.5451444957019,51.9903894102308));
#8770=CARTESIAN_POINT('Ctrl Pts',(-27.5052785547599,-46.9896804620436,51.5458534438892));
#8771=CARTESIAN_POINT('Ctrl Pts',(-27.5021198048879,-47.1820916183885,51.2647545127364));
#8772=CARTESIAN_POINT('Ctrl Pts',(-27.4996914880709,-47.4372508505933,50.6487958927303));
#8773=CARTESIAN_POINT('Ctrl Pts',(-27.5,-47.5,50.3139383842011));
#8774=CARTESIAN_POINT('Ctrl Pts',(-27.5,-47.5,50.));
#8775=CARTESIAN_POINT('',(2.5,-47.5,50.));
#8776=CARTESIAN_POINT('Origin',(2.5,-45.,50.));
#8777=CARTESIAN_POINT('',(27.5,-47.5,50.));
#8778=CARTESIAN_POINT('Ctrl Pts',(27.5,-47.5,50.));
#8779=CARTESIAN_POINT('Ctrl Pts',(27.5,-47.5,50.3139383842011));
#8780=CARTESIAN_POINT('Ctrl Pts',(27.4996914880709,-47.4372508505933,50.6487958927303));
#8781=CARTESIAN_POINT('Ctrl Pts',(27.5021198048879,-47.1820916183885,51.2647545127364));
#8782=CARTESIAN_POINT('Ctrl Pts',(27.5052785547599,-46.9896804620436,51.5458534438892));
#8783=CARTESIAN_POINT('Ctrl Pts',(27.5215646697384,-46.5451444957019,51.9903894102308));
#8784=CARTESIAN_POINT('Ctrl Pts',(27.535883078528,-46.2632378720512,52.18298747591));
#8785=CARTESIAN_POINT('Ctrl Pts',(27.5836377904773,-45.6468779420451,52.4377762679682));
#8786=CARTESIAN_POINT('Ctrl Pts',(27.6174975014264,-45.3124711585378,52.5));
#8787=CARTESIAN_POINT('Ctrl Pts',(27.6568651670156,-45.,52.5));
#8788=CARTESIAN_POINT('',(35.,-47.5,50.));
#8789=CARTESIAN_POINT('Ctrl Pts',(35.2525512860841,-45.,52.5));
#8790=CARTESIAN_POINT('Ctrl Pts',(35.1892330085509,-45.3101949426968,52.5));
#8791=CARTESIAN_POINT('Ctrl Pts',(35.1346599052349,-45.6439230702745,52.4385851898558));
#8792=CARTESIAN_POINT('Ctrl Pts',(35.0576781503074,-46.2609341463465,52.1843488334986));
#8793=CARTESIAN_POINT('Ctrl Pts',(35.0345899481989,-46.5440954935538,51.9914384123789));
#8794=CARTESIAN_POINT('Ctrl Pts',(35.0084479890176,-46.9896003132362,51.5459335926966));
#8795=CARTESIAN_POINT('Ctrl Pts',(35.0033932726531,-47.1820288454165,51.2648667475976));
#8796=CARTESIAN_POINT('Ctrl Pts',(34.9995062129791,-47.4372273107758,50.6488920050877));
#8797=CARTESIAN_POINT('Ctrl Pts',(35.,-47.5,50.3139896862253));
#8798=CARTESIAN_POINT('Ctrl Pts',(35.,-47.5,50.));
#8799=CARTESIAN_POINT('',(2.5,-47.5,50.));
#8800=CARTESIAN_POINT('Origin',(45.,47.5,50.));
#8801=CARTESIAN_POINT('',(47.5,-35.,50.));
#8802=CARTESIAN_POINT('Ctrl Pts',(47.5,-35.,50.));
#8803=CARTESIAN_POINT('Ctrl Pts',(47.5,-35.,50.3139896862252));
#8804=CARTESIAN_POINT('Ctrl Pts',(47.4372273107758,-34.9995062129791,50.6488920050877));
#8805=CARTESIAN_POINT('Ctrl Pts',(47.1820288454166,-35.0033932726531,51.2648667475975));
#8806=CARTESIAN_POINT('Ctrl Pts',(46.9896003132361,-35.0084479890176,51.5459335926966));
#8807=CARTESIAN_POINT('Ctrl Pts',(46.5440954935538,-35.0345899481989,51.9914384123789));
#8808=CARTESIAN_POINT('Ctrl Pts',(46.2609341463465,-35.0576781503074,52.1843488334986));
#8809=CARTESIAN_POINT('Ctrl Pts',(45.6439230702745,-35.1346599052349,52.4385851898557));
#8810=CARTESIAN_POINT('Ctrl Pts',(45.3101949426968,-35.1892330085509,52.5));
#8811=CARTESIAN_POINT('Ctrl Pts',(45.,-35.2525512860841,52.5));
#8812=CARTESIAN_POINT('',(47.5,-27.5,50.));
#8813=CARTESIAN_POINT('Ctrl Pts',(45.,-27.6568651670156,52.5));
#8814=CARTESIAN_POINT('Ctrl Pts',(45.3124711585378,-27.6174975014265,52.5));
#8815=CARTESIAN_POINT('Ctrl Pts',(45.6468779420452,-27.5836377904773,52.4377762679682));
#8816=CARTESIAN_POINT('Ctrl Pts',(46.2632378720513,-27.535883078528,52.18298747591));
#8817=CARTESIAN_POINT('Ctrl Pts',(46.5451444957019,-27.5215646697384,51.9903894102308));
#8818=CARTESIAN_POINT('Ctrl Pts',(46.9896804620436,-27.5052785547599,51.5458534438892));
#8819=CARTESIAN_POINT('Ctrl Pts',(47.1820916183885,-27.5021198048879,51.2647545127364));
#8820=CARTESIAN_POINT('Ctrl Pts',(47.4372508505933,-27.4996914880709,50.6487958927303));
#8821=CARTESIAN_POINT('Ctrl Pts',(47.5,-27.5,50.3139383842011));
#8822=CARTESIAN_POINT('Ctrl Pts',(47.5,-27.5,50.));
#8823=CARTESIAN_POINT('',(47.5,47.5,50.));
#8824=CARTESIAN_POINT('Origin',(-20.,16.,2.5));
#8825=CARTESIAN_POINT('',(-20.,-32.,0.));
#8826=CARTESIAN_POINT('',(-17.5,-32.,2.5));
#8827=CARTESIAN_POINT('Origin',(-20.,-32.,2.5));
#8828=CARTESIAN_POINT('',(-17.5,32.,2.5));
#8829=CARTESIAN_POINT('',(-17.5,16.,2.5));
#8830=CARTESIAN_POINT('',(-20.,32.,0.));
#8831=CARTESIAN_POINT('Origin',(-20.,32.,2.5));
#8832=CARTESIAN_POINT('',(-20.,16.,0.));
#8833=CARTESIAN_POINT('Origin',(-17.5,32.,0.));
#8834=CARTESIAN_POINT('',(-17.5,-32.,23.));
#8835=CARTESIAN_POINT('',(-17.5,-32.,0.));
#8836=CARTESIAN_POINT('',(-17.5,-6.6625,23.));
#8837=CARTESIAN_POINT('',(-17.5,16.0000001192093,23.));
#8838=CARTESIAN_POINT('',(-17.5,-6.6625,18.));
#8839=CARTESIAN_POINT('',(-17.5,-6.6625,11.5));
#8840=CARTESIAN_POINT('',(-17.5,6.6625,18.));
#8841=CARTESIAN_POINT('',(-17.5,16.,18.));
#8842=CARTESIAN_POINT('',(-17.5,6.6625,23.));
#8843=CARTESIAN_POINT('',(-17.5,6.6625,11.5));
#8844=CARTESIAN_POINT('',(-17.5,32.,23.));
#8845=CARTESIAN_POINT('',(-17.5,16.0000001192093,23.));
#8846=CARTESIAN_POINT('',(-17.5,32.,0.));
#8847=CARTESIAN_POINT('Origin',(20.,-16.,2.5));
#8848=CARTESIAN_POINT('',(20.,32.,0.));
#8849=CARTESIAN_POINT('',(17.5,32.,2.5));
#8850=CARTESIAN_POINT('Origin',(20.,32.,2.5));
#8851=CARTESIAN_POINT('',(17.5,-32.,2.5));
#8852=CARTESIAN_POINT('',(17.5,-16.,2.5));
#8853=CARTESIAN_POINT('',(20.,-32.,0.));
#8854=CARTESIAN_POINT('Origin',(20.,-32.,2.5));
#8855=CARTESIAN_POINT('',(20.,-16.,0.));
#8856=CARTESIAN_POINT('Origin',(17.5,-32.,0.));
#8857=CARTESIAN_POINT('',(17.5,32.,23.));
#8858=CARTESIAN_POINT('',(17.5,32.,0.));
#8859=CARTESIAN_POINT('',(17.5,6.6625,23.));
#8860=CARTESIAN_POINT('',(17.5,-15.9999998807907,23.));
#8861=CARTESIAN_POINT('',(17.5,6.6625,18.));
#8862=CARTESIAN_POINT('',(17.5,6.6625,11.5));
#8863=CARTESIAN_POINT('',(17.5,-6.6625,18.));
#8864=CARTESIAN_POINT('',(17.5,-16.,18.));
#8865=CARTESIAN_POINT('',(17.5,-6.6625,23.));
#8866=CARTESIAN_POINT('',(17.5,-6.6625,11.5));
#8867=CARTESIAN_POINT('',(17.5,-32.,23.));
#8868=CARTESIAN_POINT('',(17.5,-15.9999998807907,23.));
#8869=CARTESIAN_POINT('',(17.5,-32.,0.));
#8870=CARTESIAN_POINT('Origin',(42.4999989382923,3.33125000000001,41.225));
#8871=CARTESIAN_POINT('',(39.9999989382923,6.66250000000001,41.225));
#8872=CARTESIAN_POINT('',(42.4999989382923,6.66250000000001,43.725));
#8873=CARTESIAN_POINT('Origin',(42.4999989382923,6.66250000000001,41.225));
#8874=CARTESIAN_POINT('',(42.4999989382923,-6.6625,43.725));
#8875=CARTESIAN_POINT('',(42.4999989382923,3.33125000000001,43.725));
#8876=CARTESIAN_POINT('',(39.9999989382923,-6.6625,41.225));
#8877=CARTESIAN_POINT('Origin',(42.4999989382923,-6.6625,41.225));
#8878=CARTESIAN_POINT('',(39.9999989382923,3.33125000000001,41.225));
#8879=CARTESIAN_POINT('Origin',(43.1874989382923,5.55111512312578E-15,43.725));
#8880=CARTESIAN_POINT('',(46.3749989382923,6.66250000000001,43.725));
#8881=CARTESIAN_POINT('',(30.3437494691461,6.66250000000001,43.725));
#8882=CARTESIAN_POINT('',(46.3749989382923,-6.6625,43.725));
#8883=CARTESIAN_POINT('',(46.3749989382923,-3.33125,43.725));
#8884=CARTESIAN_POINT('',(45.3437489382923,-6.6625,43.725));
#8885=CARTESIAN_POINT('Origin',(43.8749989382923,-3.33125,44.225));
#8886=CARTESIAN_POINT('',(46.3749989382923,6.66250000000001,44.225));
#8887=CARTESIAN_POINT('',(43.8749989382923,6.66250000000001,46.725));
#8888=CARTESIAN_POINT('Origin',(43.8749989382923,6.6625,44.225));
#8889=CARTESIAN_POINT('',(43.8749989382923,-6.6625,46.725));
#8890=CARTESIAN_POINT('',(43.8749989382923,-3.33125,46.725));
#8891=CARTESIAN_POINT('',(46.3749989382923,-6.6625,44.225));
#8892=CARTESIAN_POINT('Origin',(43.8749989382923,-6.6625,44.225));
#8893=CARTESIAN_POINT('',(46.3749989382923,-3.33125,44.225));
#8894=CARTESIAN_POINT('Origin',(41.6874989382923,5.55111512312578E-15,46.725));
#8895=CARTESIAN_POINT('',(39.4999989382923,6.66250000000001,46.725));
#8896=CARTESIAN_POINT('',(21.0000014528632,6.6625,46.725));
#8897=CARTESIAN_POINT('',(39.4999989382923,-6.6625,46.725));
#8898=CARTESIAN_POINT('',(39.4999989382923,3.33125000000001,46.725));
#8899=CARTESIAN_POINT('',(47.4999989382923,-6.6625,46.725));
#8900=CARTESIAN_POINT('Origin',(17.5,6.6625,23.));
#8901=CARTESIAN_POINT('',(46.3749989382923,6.66250000000001,36.725));
#8902=CARTESIAN_POINT('',(39.9999989382923,6.66250000000001,39.225));
#8903=CARTESIAN_POINT('',(39.9999989382923,6.66250000000001,29.8625));
#8904=CARTESIAN_POINT('',(42.4999989382923,6.66250000000001,36.725));
#8905=CARTESIAN_POINT('Origin',(42.4999989382923,6.66250000000001,39.225));
#8906=CARTESIAN_POINT('',(47.4999989382923,6.66250000000001,36.725));
#8907=CARTESIAN_POINT('',(23.7499994691461,6.6625,36.725));
#8908=CARTESIAN_POINT('',(47.5,6.66250000000001,18.));
#8909=CARTESIAN_POINT('',(47.5,6.66250000000001,11.5));
#8910=CARTESIAN_POINT('',(45.,6.66250000000001,20.5));
#8911=CARTESIAN_POINT('Origin',(45.,6.6625,18.));
#8912=CARTESIAN_POINT('',(20.,6.6625,20.5));
#8913=CARTESIAN_POINT('',(8.74999999999999,6.6625,20.5));
#8914=CARTESIAN_POINT('Origin',(20.,6.6625,18.));
#8915=CARTESIAN_POINT('',(21.0000014528632,6.6625,23.));
#8916=CARTESIAN_POINT('',(47.4999989382923,6.66250000000001,23.));
#8917=CARTESIAN_POINT('',(21.0000014528632,6.6625,36.725));
#8918=CARTESIAN_POINT('',(21.0000014528632,6.6625,23.));
#8919=CARTESIAN_POINT('',(33.8112079465553,6.66250000000001,36.725));
#8920=CARTESIAN_POINT('',(23.7499994691461,6.6625,36.725));
#8921=CARTESIAN_POINT('',(36.2892776982619,6.66250000000001,38.8945906997725));
#8922=CARTESIAN_POINT('Origin',(33.8112079465553,6.66250000000001,39.225));
#8923=CARTESIAN_POINT('',(36.9999989382923,6.66250000000001,44.225));
#8924=CARTESIAN_POINT('',(35.1894094279142,6.66250000000001,30.6455786721643));
#8925=CARTESIAN_POINT('Origin',(39.4999989382923,6.66250000000001,44.225));
#8926=CARTESIAN_POINT('Origin',(39.4999989382923,3.33125000000001,44.225));
#8927=CARTESIAN_POINT('',(36.9999989382923,-6.6625,44.225));
#8928=CARTESIAN_POINT('Origin',(39.4999989382923,-6.6625,44.225));
#8929=CARTESIAN_POINT('',(36.9999989382923,3.33125000000001,44.225));
#8930=CARTESIAN_POINT('Origin',(42.4999989382923,3.33125000000001,39.225));
#8931=CARTESIAN_POINT('',(39.9999989382923,-6.6625,39.225));
#8932=CARTESIAN_POINT('',(42.4999989382923,-6.6625,36.725));
#8933=CARTESIAN_POINT('Origin',(42.4999989382923,-6.6625,39.225));
#8934=CARTESIAN_POINT('',(42.4999989382923,3.33125000000001,36.725));
#8935=CARTESIAN_POINT('',(39.9999989382923,3.33125000000001,39.225));
#8936=CARTESIAN_POINT('Origin',(0.,2.22044604925031E-15,36.725));
#8937=CARTESIAN_POINT('',(47.4999989382923,-6.6625,36.725));
#8938=CARTESIAN_POINT('',(45.3437489382923,-6.6625,36.725));
#8939=CARTESIAN_POINT('',(47.5,23.75,36.725));
#8940=CARTESIAN_POINT('Origin',(33.8112079465553,1.66562500000001,39.225));
#8941=CARTESIAN_POINT('',(33.8112079465553,-6.6625,36.725));
#8942=CARTESIAN_POINT('',(33.8112079465553,1.66562500000001,36.725));
#8943=CARTESIAN_POINT('',(36.2892776982619,-6.6625,38.8945906997725));
#8944=CARTESIAN_POINT('Origin',(33.8112079465553,-6.6625,39.225));
#8945=CARTESIAN_POINT('',(36.2892776982619,1.66562500000001,38.8945906997725));
#8946=CARTESIAN_POINT('Origin',(0.,2.22044604925031E-15,36.725));
#8947=CARTESIAN_POINT('',(21.0000014528632,-6.6625,36.725));
#8948=CARTESIAN_POINT('',(21.0000014528632,3.33125,36.725));
#8949=CARTESIAN_POINT('',(10.5000007264316,-6.6625,36.725));
#8950=CARTESIAN_POINT('Origin',(-42.4999989382923,-3.33125,39.225));
#8951=CARTESIAN_POINT('',(-42.4999989382923,-6.66250000000001,36.725));
#8952=CARTESIAN_POINT('',(-39.9999989382923,-6.6625,39.225));
#8953=CARTESIAN_POINT('Origin',(-42.4999989382923,-6.6625,39.225));
#8954=CARTESIAN_POINT('',(-39.9999989382923,6.6625,39.225));
#8955=CARTESIAN_POINT('',(-39.9999989382923,-3.33125,39.225));
#8956=CARTESIAN_POINT('',(-42.4999989382923,6.6625,36.725));
#8957=CARTESIAN_POINT('Origin',(-42.4999989382923,6.6625,39.225));
#8958=CARTESIAN_POINT('',(-42.4999989382923,-3.33125,36.725));
#8959=CARTESIAN_POINT('Origin',(-39.9999989382923,-6.66250000000001,36.725));
#8960=CARTESIAN_POINT('',(-39.9999989382923,-6.6625,41.225));
#8961=CARTESIAN_POINT('',(-39.9999989382923,-6.6625,29.8625));
#8962=CARTESIAN_POINT('',(-39.9999989382923,6.6625,41.225));
#8963=CARTESIAN_POINT('',(-39.9999989382923,-3.33125,41.225));
#8964=CARTESIAN_POINT('',(-39.9999989382923,6.6625,29.8625));
#8965=CARTESIAN_POINT('Origin',(-42.4999989382923,-3.33125,41.225));
#8966=CARTESIAN_POINT('',(-42.4999989382923,-6.6625,43.725));
#8967=CARTESIAN_POINT('Origin',(-42.4999989382923,-6.6625,41.225));
#8968=CARTESIAN_POINT('',(-42.4999989382923,6.6625,43.725));
#8969=CARTESIAN_POINT('',(-42.4999989382923,-3.33125,43.725));
#8970=CARTESIAN_POINT('Origin',(-42.4999989382923,6.6625,41.225));
#8971=CARTESIAN_POINT('Origin',(-43.1874989382923,-2.22044604925031E-15,
43.725));
#8972=CARTESIAN_POINT('',(-46.3749989382923,-6.66250000000001,43.725));
#8973=CARTESIAN_POINT('',(-30.3437494691461,-6.6625,43.725));
#8974=CARTESIAN_POINT('',(-46.3749989382923,6.6625,43.725));
#8975=CARTESIAN_POINT('',(-46.3749989382923,3.33125,43.725));
#8976=CARTESIAN_POINT('',(-45.3437489382923,6.6625,43.725));
#8977=CARTESIAN_POINT('Origin',(-43.8749989382923,3.33125,44.225));
#8978=CARTESIAN_POINT('',(-46.3749989382923,-6.66250000000001,44.225));
#8979=CARTESIAN_POINT('',(-43.8749989382923,-6.6625,46.725));
#8980=CARTESIAN_POINT('Origin',(-43.8749989382923,-6.6625,44.225));
#8981=CARTESIAN_POINT('',(-43.8749989382923,6.6625,46.725));
#8982=CARTESIAN_POINT('',(-43.8749989382923,3.33125,46.725));
#8983=CARTESIAN_POINT('',(-46.3749989382923,6.6625,44.225));
#8984=CARTESIAN_POINT('Origin',(-43.8749989382923,6.6625,44.225));
#8985=CARTESIAN_POINT('',(-46.3749989382923,3.33125,44.225));
#8986=CARTESIAN_POINT('Origin',(-41.6874989382923,-2.22044604925031E-15,
46.725));
#8987=CARTESIAN_POINT('',(-39.4999989382923,-6.6625,46.725));
#8988=CARTESIAN_POINT('',(-21.0000014528632,-6.6625,46.725));
#8989=CARTESIAN_POINT('',(-39.4999989382923,6.6625,46.725));
#8990=CARTESIAN_POINT('',(-39.4999989382923,-3.33125,46.725));
#8991=CARTESIAN_POINT('',(-47.4999989382923,6.6625,46.725));
#8992=CARTESIAN_POINT('Origin',(-17.5,-6.6625,23.));
#8993=CARTESIAN_POINT('',(-46.3749989382923,-6.66250000000001,36.725));
#8994=CARTESIAN_POINT('',(-47.4999989382923,-6.66250000000001,36.725));
#8995=CARTESIAN_POINT('',(-23.7499994691461,-6.6625,36.725));
#8996=CARTESIAN_POINT('',(-47.5,-6.66250000000001,18.));
#8997=CARTESIAN_POINT('',(-47.5,-6.6625,11.5));
#8998=CARTESIAN_POINT('',(-45.,-6.66250000000001,20.5));
#8999=CARTESIAN_POINT('Origin',(-45.,-6.6625,18.));
#9000=CARTESIAN_POINT('',(-20.,-6.6625,20.5));
#9001=CARTESIAN_POINT('',(-8.75,-6.6625,20.5));
#9002=CARTESIAN_POINT('Origin',(-20.,-6.6625,18.));
#9003=CARTESIAN_POINT('',(-21.0000014528632,-6.6625,23.));
#9004=CARTESIAN_POINT('',(-47.4999989382923,-6.66250000000001,23.));
#9005=CARTESIAN_POINT('',(-21.0000014528632,-6.6625,36.725));
#9006=CARTESIAN_POINT('',(-21.0000014528632,-6.6625,23.));
#9007=CARTESIAN_POINT('',(-33.8112079465553,-6.6625,36.725));
#9008=CARTESIAN_POINT('',(-23.7499994691461,-6.6625,36.725));
#9009=CARTESIAN_POINT('',(-36.2892776982619,-6.6625,38.8945906997725));
#9010=CARTESIAN_POINT('Origin',(-33.8112079465553,-6.6625,39.225));
#9011=CARTESIAN_POINT('',(-36.9999989382923,-6.6625,44.225));
#9012=CARTESIAN_POINT('',(-35.1894094279142,-6.6625,30.6455786721643));
#9013=CARTESIAN_POINT('Origin',(-39.4999989382923,-6.6625,44.225));
#9014=CARTESIAN_POINT('Origin',(-33.8112079465553,-1.665625,39.225));
#9015=CARTESIAN_POINT('',(-33.8112079465553,6.6625,36.725));
#9016=CARTESIAN_POINT('',(-33.8112079465553,-1.665625,36.725));
#9017=CARTESIAN_POINT('',(-36.2892776982619,6.6625,38.8945906997725));
#9018=CARTESIAN_POINT('Origin',(-33.8112079465553,6.6625,39.225));
#9019=CARTESIAN_POINT('',(-36.2892776982619,-1.665625,38.8945906997725));
#9020=CARTESIAN_POINT('Origin',(0.,2.22044604925031E-15,36.725));
#9021=CARTESIAN_POINT('',(-21.0000014528632,6.6625,36.725));
#9022=CARTESIAN_POINT('',(-21.0000014528632,-3.33125,36.725));
#9023=CARTESIAN_POINT('',(-10.5000007264316,6.6625,36.725));
#9024=CARTESIAN_POINT('Origin',(-39.4999989382923,-3.33125,44.225));
#9025=CARTESIAN_POINT('',(-36.9999989382923,6.6625,44.225));
#9026=CARTESIAN_POINT('Origin',(-39.4999989382923,6.6625,44.225));
#9027=CARTESIAN_POINT('',(-36.9999989382923,-3.33125,44.225));
#9028=CARTESIAN_POINT('Origin',(-47.4999989382923,6.6625,23.));
#9029=CARTESIAN_POINT('',(-35.4514181522661,6.6625,32.6106441048035));
#9030=CARTESIAN_POINT('',(-21.0000014528632,6.6625,23.));
#9031=CARTESIAN_POINT('',(-21.0000014528632,6.6625,23.));
#9032=CARTESIAN_POINT('',(-47.4999989382923,6.6625,23.));
#9033=CARTESIAN_POINT('',(-20.,6.6625,20.5));
#9034=CARTESIAN_POINT('Origin',(-20.,6.66250000000001,18.));
#9035=CARTESIAN_POINT('',(-45.,6.6625,20.5));
#9036=CARTESIAN_POINT('',(-23.7499994691461,6.6625,20.5));
#9037=CARTESIAN_POINT('',(-47.5,6.6625,18.));
#9038=CARTESIAN_POINT('Origin',(-45.,6.6625,18.));
#9039=CARTESIAN_POINT('',(-47.4999989382923,6.6625,36.725));
#9040=CARTESIAN_POINT('',(-47.5,6.6625,11.5));
#9041=CARTESIAN_POINT('',(-45.3437489382923,6.6625,36.725));
#9042=CARTESIAN_POINT('',(-46.3749989382923,6.6625,36.725));
#9043=CARTESIAN_POINT('Origin',(20.,-16.,18.));
#9044=CARTESIAN_POINT('',(20.,-6.6625,20.5));
#9045=CARTESIAN_POINT('',(20.,-16.,20.5));
#9046=CARTESIAN_POINT('Origin',(20.,-6.6625,18.));
#9047=CARTESIAN_POINT('Origin',(0.,2.22044604925031E-15,20.5));
#9048=CARTESIAN_POINT('',(45.,-6.6625,20.5));
#9049=CARTESIAN_POINT('',(45.,23.75,20.5));
#9050=CARTESIAN_POINT('',(23.7499994691461,-6.6625,20.5));
#9051=CARTESIAN_POINT('Origin',(45.,23.75,18.));
#9052=CARTESIAN_POINT('',(47.5,-6.6625,18.));
#9053=CARTESIAN_POINT('Origin',(45.,-6.6625,18.));
#9054=CARTESIAN_POINT('',(47.5,23.75,18.));
#9055=CARTESIAN_POINT('Origin',(-20.,16.,18.));
#9056=CARTESIAN_POINT('',(-20.,16.,20.5));
#9057=CARTESIAN_POINT('Origin',(0.,2.22044604925031E-15,20.5));
#9058=CARTESIAN_POINT('',(-45.,-23.75,20.5));
#9059=CARTESIAN_POINT('Origin',(-45.,-23.75,18.));
#9060=CARTESIAN_POINT('',(-47.5,-23.75,18.));
#9061=CARTESIAN_POINT('Origin',(45.,-45.,2.5));
#9062=CARTESIAN_POINT('',(47.5,-45.,2.5));
#9063=CARTESIAN_POINT('',(45.,-47.5,2.5));
#9064=CARTESIAN_POINT('Origin',(45.,-45.,2.5));
#9065=CARTESIAN_POINT('',(45.,-45.,0.));
#9066=CARTESIAN_POINT('Origin',(45.,-45.,2.5));
#9067=CARTESIAN_POINT('Origin',(45.,-45.,2.5));
#9068=CARTESIAN_POINT('Origin',(45.,23.75,2.5));
#9069=CARTESIAN_POINT('',(45.,47.5,0.));
#9070=CARTESIAN_POINT('',(47.5,47.5,2.5));
#9071=CARTESIAN_POINT('Origin',(45.,47.5,2.5));
#9072=CARTESIAN_POINT('',(45.,23.75,0.));
#9073=CARTESIAN_POINT('',(47.5,23.75,2.5));
#9074=CARTESIAN_POINT('Origin',(-45.,-45.,2.5));
#9075=CARTESIAN_POINT('',(-45.,-45.,0.));
#9076=CARTESIAN_POINT('',(-45.,-47.5,2.5));
#9077=CARTESIAN_POINT('Origin',(-45.,-45.,2.5));
#9078=CARTESIAN_POINT('',(-47.5,-45.,2.5));
#9079=CARTESIAN_POINT('Origin',(-45.,-45.,2.5));
#9080=CARTESIAN_POINT('Origin',(-45.,-45.,2.5));
#9081=CARTESIAN_POINT('Origin',(-45.,-23.75,2.5));
#9082=CARTESIAN_POINT('',(-47.5,47.5,2.5));
#9083=CARTESIAN_POINT('',(-45.,47.5,0.));
#9084=CARTESIAN_POINT('Origin',(-45.,47.5,2.5));
#9085=CARTESIAN_POINT('',(-47.5,-23.75,2.5));
#9086=CARTESIAN_POINT('',(-45.,-23.75,0.));
#9087=CARTESIAN_POINT('Origin',(-45.,-45.,0.));
#9088=CARTESIAN_POINT('',(-47.5,-45.,90.));
#9089=CARTESIAN_POINT('',(-45.,-47.5,90.));
#9090=CARTESIAN_POINT('Origin',(-45.,-45.,90.));
#9091=CARTESIAN_POINT('',(-45.,-47.5,0.));
#9092=CARTESIAN_POINT('',(-47.5,-45.,0.));
#9093=CARTESIAN_POINT('Origin',(23.75,-45.,2.5));
#9094=CARTESIAN_POINT('',(23.75,-45.,0.));
#9095=CARTESIAN_POINT('',(23.75,-47.5,2.5));
#9096=CARTESIAN_POINT('Origin',(45.,-45.,0.));
#9097=CARTESIAN_POINT('',(45.,-47.5,90.));
#9098=CARTESIAN_POINT('',(47.5,-45.,90.));
#9099=CARTESIAN_POINT('Origin',(45.,-45.,90.));
#9100=CARTESIAN_POINT('',(47.5,-45.,0.));
#9101=CARTESIAN_POINT('',(45.,-47.5,0.));
#9102=CARTESIAN_POINT('Origin',(0.,0.,0.));
#9103=CARTESIAN_POINT('',(32.5,47.5,0.));
#9104=CARTESIAN_POINT('',(-23.75,47.5,0.));
#9105=CARTESIAN_POINT('',(32.5,50.,0.));
#9106=CARTESIAN_POINT('',(32.5,23.75,0.));
#9107=CARTESIAN_POINT('',(-32.5,50.,0.));
#9108=CARTESIAN_POINT('',(-3.75,50.,0.));
#9109=CARTESIAN_POINT('',(-32.5,47.5,0.));
#9110=CARTESIAN_POINT('',(-32.5,23.75,0.));
#9111=CARTESIAN_POINT('',(-23.75,47.5,0.));
#9112=CARTESIAN_POINT('',(-7.75,32.,0.));
#9113=CARTESIAN_POINT('',(-8.74999999999999,-32.,0.));
#9114=CARTESIAN_POINT('',(38.,31.,0.));
#9115=CARTESIAN_POINT('',(38.,36.5,0.));
#9116=CARTESIAN_POINT('',(38.,18.25,0.));
#9117=CARTESIAN_POINT('',(27.,31.,0.));
#9118=CARTESIAN_POINT('',(16.25,31.,0.));
#9119=CARTESIAN_POINT('',(27.,36.5,0.));
#9120=CARTESIAN_POINT('',(27.,20.75,0.));
#9121=CARTESIAN_POINT('',(22.5,36.5,0.));
#9122=CARTESIAN_POINT('',(13.75,36.5,0.));
#9123=CARTESIAN_POINT('',(22.5,41.5,0.));
#9124=CARTESIAN_POINT('',(22.5,18.25,0.));
#9125=CARTESIAN_POINT('',(27.5,41.5,0.));
#9126=CARTESIAN_POINT('',(11.25,41.5,0.));
#9127=CARTESIAN_POINT('',(37.5,41.5,0.));
#9128=CARTESIAN_POINT('',(16.25,41.5,0.));
#9129=CARTESIAN_POINT('',(42.5,41.5,0.));
#9130=CARTESIAN_POINT('',(18.75,41.5,0.));
#9131=CARTESIAN_POINT('',(42.5,36.5,0.));
#9132=CARTESIAN_POINT('',(42.5,20.75,0.));
#9133=CARTESIAN_POINT('',(21.25,36.5,0.));
#9134=CARTESIAN_POINT('Origin',(-47.5,47.5,0.));
#9135=CARTESIAN_POINT('',(-42.5,47.5,10.));
#9136=CARTESIAN_POINT('Origin',(-32.5,47.5,10.));
#9137=CARTESIAN_POINT('',(-42.5,47.5,42.5));
#9138=CARTESIAN_POINT('',(-42.5,47.5,0.));
#9139=CARTESIAN_POINT('Origin',(-32.5,47.5,42.5));
#9140=CARTESIAN_POINT('',(-35.,47.5,62.5));
#9141=CARTESIAN_POINT('',(-35.,47.5,55.));
#9142=CARTESIAN_POINT('',(-27.5,47.5,62.5));
#9143=CARTESIAN_POINT('',(-23.75,47.5,62.5));
#9144=CARTESIAN_POINT('',(-27.5,47.5,55.));
#9145=CARTESIAN_POINT('',(27.5,47.5,62.5));
#9146=CARTESIAN_POINT('',(27.5,47.5,55.));
#9147=CARTESIAN_POINT('',(35.,47.5,62.5));
#9148=CARTESIAN_POINT('',(-23.75,47.5,62.5));
#9149=CARTESIAN_POINT('',(35.,47.5,55.));
#9150=CARTESIAN_POINT('',(42.5,47.5,42.5));
#9151=CARTESIAN_POINT('Origin',(32.5,47.5,42.5));
#9152=CARTESIAN_POINT('',(42.5,47.5,10.));
#9153=CARTESIAN_POINT('',(42.5,47.5,26.25));
#9154=CARTESIAN_POINT('Origin',(32.5,47.5,10.));
#9155=CARTESIAN_POINT('',(47.5,47.5,90.));
#9156=CARTESIAN_POINT('',(47.5,47.5,0.));
#9157=CARTESIAN_POINT('',(-47.5,47.5,90.));
#9158=CARTESIAN_POINT('',(-23.75,47.5,90.));
#9159=CARTESIAN_POINT('',(-47.5,47.5,0.));
#9160=CARTESIAN_POINT('Origin',(47.5,47.5,0.));
#9161=CARTESIAN_POINT('',(47.5,23.75,90.));
#9162=CARTESIAN_POINT('',(47.5,35.,62.5));
#9163=CARTESIAN_POINT('',(47.5,35.,55.));
#9164=CARTESIAN_POINT('',(47.5,27.5,62.5));
#9165=CARTESIAN_POINT('',(47.5,23.75,62.5));
#9166=CARTESIAN_POINT('',(47.5,27.5,55.));
#9167=CARTESIAN_POINT('',(47.5,-27.5,62.5));
#9168=CARTESIAN_POINT('',(47.5,-27.5,55.));
#9169=CARTESIAN_POINT('',(47.5,-35.,62.5));
#9170=CARTESIAN_POINT('',(47.5,23.75,62.5));
#9171=CARTESIAN_POINT('',(47.5,-35.,55.));
#9172=CARTESIAN_POINT('',(47.5,-6.6625,11.5));
#9173=CARTESIAN_POINT('Origin',(47.5,25.,0.));
#9174=CARTESIAN_POINT('',(50.,50.,0.));
#9175=CARTESIAN_POINT('Origin',(47.5,50.,0.));
#9176=CARTESIAN_POINT('',(50.,-45.,0.));
#9177=CARTESIAN_POINT('',(50.,25.,0.));
#9178=CARTESIAN_POINT('Origin',(47.5,-45.,0.));
#9179=CARTESIAN_POINT('Ctrl Pts',(45.,-47.5,-2.5));
#9180=CARTESIAN_POINT('Ctrl Pts',(47.5,-47.5,-2.5));
#9181=CARTESIAN_POINT('Ctrl Pts',(47.5,-45.,-2.5));
#9182=CARTESIAN_POINT('Ctrl Pts',(45.,-50.,-2.5));
#9183=CARTESIAN_POINT('Ctrl Pts',(50.,-50.,-2.5));
#9184=CARTESIAN_POINT('Ctrl Pts',(50.,-45.,-2.5));
#9185=CARTESIAN_POINT('Ctrl Pts',(45.,-50.,0.));
#9186=CARTESIAN_POINT('Ctrl Pts',(50.,-50.,0.));
#9187=CARTESIAN_POINT('Ctrl Pts',(50.,-45.,0.));
#9188=CARTESIAN_POINT('Origin',(45.,-47.5,0.));
#9189=CARTESIAN_POINT('Origin',(45.,-45.,0.));
#9190=CARTESIAN_POINT('Origin',(25.,-47.5,0.));
#9191=CARTESIAN_POINT('Origin',(-45.,-47.5,0.));
#9192=CARTESIAN_POINT('Ctrl Pts',(-47.5,-45.,-2.5));
#9193=CARTESIAN_POINT('Ctrl Pts',(-47.5,-47.5,-2.5));
#9194=CARTESIAN_POINT('Ctrl Pts',(-45.,-47.5,-2.5));
#9195=CARTESIAN_POINT('Ctrl Pts',(-50.,-45.,-2.5));
#9196=CARTESIAN_POINT('Ctrl Pts',(-50.,-50.,-2.5));
#9197=CARTESIAN_POINT('Ctrl Pts',(-45.,-50.,-2.5));
#9198=CARTESIAN_POINT('Ctrl Pts',(-50.,-45.,0.));
#9199=CARTESIAN_POINT('Ctrl Pts',(-50.,-50.,0.));
#9200=CARTESIAN_POINT('Ctrl Pts',(-45.,-50.,0.));
#9201=CARTESIAN_POINT('',(-50.,-45.,0.));
#9202=CARTESIAN_POINT('Origin',(-47.5,-45.,0.));
#9203=CARTESIAN_POINT('Origin',(-45.,-45.,0.));
#9204=CARTESIAN_POINT('Origin',(-47.5,-25.,0.));
#9205=CARTESIAN_POINT('',(-50.,50.,0.));
#9206=CARTESIAN_POINT('Origin',(-47.5,50.,0.));
#9207=CARTESIAN_POINT('',(-50.,-25.,0.));
#9208=CARTESIAN_POINT('Origin',(-50.,-50.,0.));
#9209=CARTESIAN_POINT('',(-50.,-45.,90.));
#9210=CARTESIAN_POINT('',(-50.,-45.,0.));
#9211=CARTESIAN_POINT('',(-50.,50.,90.));
#9212=CARTESIAN_POINT('',(-50.,25.,90.));
#9213=CARTESIAN_POINT('',(-50.,50.,0.));
#9214=CARTESIAN_POINT('',(-50.,-1.16341445918998E-15,38.5625));
#9215=CARTESIAN_POINT('Origin',(-50.,0.,29.0625));
#9216=CARTESIAN_POINT('Origin',(-45.,-45.,0.));
#9217=CARTESIAN_POINT('Origin',(-45.,-45.,90.));
#9218=CARTESIAN_POINT('Origin',(50.,-50.,0.));
#9219=CARTESIAN_POINT('Origin',(45.,-45.,0.));
#9220=CARTESIAN_POINT('',(50.,-45.,90.));
#9221=CARTESIAN_POINT('',(50.,-45.,0.));
#9222=CARTESIAN_POINT('Origin',(45.,-45.,90.));
#9223=CARTESIAN_POINT('Origin',(-50.,50.,0.));
#9224=CARTESIAN_POINT('',(50.,50.,90.));
#9225=CARTESIAN_POINT('',(25.,50.,90.));
#9226=CARTESIAN_POINT('',(50.,50.,0.));
#9227=CARTESIAN_POINT('',(-42.5,50.,42.5));
#9228=CARTESIAN_POINT('Origin',(-32.5,50.,42.5));
#9229=CARTESIAN_POINT('',(-42.5,50.,10.));
#9230=CARTESIAN_POINT('',(-42.5,50.,0.));
#9231=CARTESIAN_POINT('Origin',(-32.5,50.,10.));
#9232=CARTESIAN_POINT('',(42.5,50.,10.));
#9233=CARTESIAN_POINT('Origin',(32.5,50.,10.));
#9234=CARTESIAN_POINT('',(42.5,50.,42.5));
#9235=CARTESIAN_POINT('',(42.5,50.,26.25));
#9236=CARTESIAN_POINT('Origin',(32.5,50.,42.5));
#9237=CARTESIAN_POINT('Origin',(50.,50.,0.));
#9238=CARTESIAN_POINT('',(50.,-25.,90.));
#9239=CARTESIAN_POINT('',(50.,-1.16341445918999E-15,19.5625));
#9240=CARTESIAN_POINT('Origin',(50.,0.,29.0625));
#9241=CARTESIAN_POINT('Origin',(-41.,-36.8229217479687,55.));
#9242=CARTESIAN_POINT('',(-41.,-28.5857196806223,62.5));
#9243=CARTESIAN_POINT('',(-41.,-36.8229217479687,62.5));
#9244=CARTESIAN_POINT('',(-41.,-18.4114608739843,62.5));
#9245=CARTESIAN_POINT('',(-41.,-36.8229217479687,55.));
#9246=CARTESIAN_POINT('',(-41.,-36.8229217479687,55.));
#9247=CARTESIAN_POINT('',(-41.,-28.5857196806223,55.));
#9248=CARTESIAN_POINT('',(-41.,-18.4114608739843,55.));
#9249=CARTESIAN_POINT('',(-41.,-28.5857196806223,55.));
#9250=CARTESIAN_POINT('Origin',(0.,0.,62.5));
#9251=CARTESIAN_POINT('',(-47.5,-35.,62.5));
#9252=CARTESIAN_POINT('Origin',(-47.5,-47.5,62.5));
#9253=CARTESIAN_POINT('',(-47.5,-27.5,62.5));
#9254=CARTESIAN_POINT('Origin',(-47.5,-47.5,62.5));
#9255=CARTESIAN_POINT('',(-47.5,-23.75,62.5));
#9256=CARTESIAN_POINT('Origin',(-47.5,-47.5,0.));
#9257=CARTESIAN_POINT('',(-47.5,-23.75,90.));
#9258=CARTESIAN_POINT('',(-47.5,27.5,62.5));
#9259=CARTESIAN_POINT('',(-47.5,27.5,55.));
#9260=CARTESIAN_POINT('',(-47.5,35.,62.5));
#9261=CARTESIAN_POINT('',(-47.5,-23.75,62.5));
#9262=CARTESIAN_POINT('',(-47.5,35.,55.));
#9263=CARTESIAN_POINT('',(-47.5,-35.,55.));
#9264=CARTESIAN_POINT('',(-47.5,-27.5,55.));
#9265=CARTESIAN_POINT('',(-47.5,-23.75,36.725));
#9266=CARTESIAN_POINT('Origin',(-41.,28.5857196806223,55.));
#9267=CARTESIAN_POINT('',(-41.,36.8229217479687,62.5));
#9268=CARTESIAN_POINT('',(-41.,28.5857196806223,62.5));
#9269=CARTESIAN_POINT('',(-41.,14.2928598403111,62.5));
#9270=CARTESIAN_POINT('',(-41.,28.5857196806223,55.));
#9271=CARTESIAN_POINT('',(-41.,28.5857196806223,55.));
#9272=CARTESIAN_POINT('',(-41.,36.8229217479687,55.));
#9273=CARTESIAN_POINT('',(-41.,14.2928598403111,55.));
#9274=CARTESIAN_POINT('',(-41.,36.8229217479687,55.));
#9275=CARTESIAN_POINT('Origin',(0.,0.,62.5));
#9276=CARTESIAN_POINT('Origin',(-47.5,47.5,62.5));
#9277=CARTESIAN_POINT('Origin',(-47.5,47.5,62.5));
#9278=CARTESIAN_POINT('Origin',(0.,0.,55.));
#9279=CARTESIAN_POINT('',(-36.5341439002693,-41.5,55.));
#9280=CARTESIAN_POINT('Origin',(-47.5,-47.5,55.));
#9281=CARTESIAN_POINT('',(-28.4212159716611,-41.5,55.));
#9282=CARTESIAN_POINT('',(-14.2106079858305,-41.5,55.));
#9283=CARTESIAN_POINT('',(28.4212159716611,-41.5,55.));
#9284=CARTESIAN_POINT('',(41.,-41.5,55.));
#9285=CARTESIAN_POINT('',(36.5341439002693,-41.5,55.));
#9286=CARTESIAN_POINT('',(18.2670719501347,-41.5,55.));
#9287=CARTESIAN_POINT('',(41.,-36.8229217479687,55.));
#9288=CARTESIAN_POINT('Origin',(47.5,-47.5,55.));
#9289=CARTESIAN_POINT('',(41.,-28.5857196806223,55.));
#9290=CARTESIAN_POINT('',(41.,-14.2928598403111,55.));
#9291=CARTESIAN_POINT('',(41.,28.5857196806223,55.));
#9292=CARTESIAN_POINT('',(41.,41.5,55.));
#9293=CARTESIAN_POINT('',(41.,36.8229217479687,55.));
#9294=CARTESIAN_POINT('',(41.,18.4114608739843,55.));
#9295=CARTESIAN_POINT('',(36.5341439002693,41.5,55.));
#9296=CARTESIAN_POINT('Origin',(47.5,47.5,55.));
#9297=CARTESIAN_POINT('',(28.4212159716611,41.5,55.));
#9298=CARTESIAN_POINT('',(14.2106079858305,41.5,55.));
#9299=CARTESIAN_POINT('',(-28.4212159716611,41.5,55.));
#9300=CARTESIAN_POINT('',(-41.,41.5,55.));
#9301=CARTESIAN_POINT('',(-36.5341439002693,41.5,55.));
#9302=CARTESIAN_POINT('',(-18.2670719501347,41.5,55.));
#9303=CARTESIAN_POINT('Origin',(-47.5,47.5,55.));
#9304=CARTESIAN_POINT('',(-41.,-41.5,55.));
#9305=CARTESIAN_POINT('Origin',(41.,36.8229217479687,55.));
#9306=CARTESIAN_POINT('',(41.,28.5857196806223,62.5));
#9307=CARTESIAN_POINT('',(41.,36.8229217479687,62.5));
#9308=CARTESIAN_POINT('',(41.,18.4114608739843,62.5));
#9309=CARTESIAN_POINT('',(41.,36.8229217479687,55.));
#9310=CARTESIAN_POINT('',(41.,28.5857196806223,55.));
#9311=CARTESIAN_POINT('Origin',(0.,0.,62.5));
#9312=CARTESIAN_POINT('Origin',(47.5,47.5,62.5));
#9313=CARTESIAN_POINT('Origin',(47.5,47.5,62.5));
#9314=CARTESIAN_POINT('Origin',(41.,-28.5857196806223,55.));
#9315=CARTESIAN_POINT('',(41.,-36.8229217479687,62.5));
#9316=CARTESIAN_POINT('',(41.,-28.5857196806223,62.5));
#9317=CARTESIAN_POINT('',(41.,-14.2928598403111,62.5));
#9318=CARTESIAN_POINT('',(41.,-28.5857196806223,55.));
#9319=CARTESIAN_POINT('',(41.,-36.8229217479687,55.));
#9320=CARTESIAN_POINT('Origin',(0.,0.,62.5));
#9321=CARTESIAN_POINT('Origin',(47.5,-47.5,62.5));
#9322=CARTESIAN_POINT('Origin',(47.5,-47.5,62.5));
#9323=CARTESIAN_POINT('Origin',(-28.4212159716611,-41.5,55.));
#9324=CARTESIAN_POINT('',(-36.5341439002693,-41.5,62.5));
#9325=CARTESIAN_POINT('',(-28.4212159716611,-41.5,62.5));
#9326=CARTESIAN_POINT('',(-14.2106079858305,-41.5,62.5));
#9327=CARTESIAN_POINT('',(-28.4212159716611,-41.5,55.));
#9328=CARTESIAN_POINT('',(-36.5341439002693,-41.5,55.));
#9329=CARTESIAN_POINT('Origin',(0.,0.,62.5));
#9330=CARTESIAN_POINT('',(-27.5,-47.5,62.5));
#9331=CARTESIAN_POINT('',(-35.,-47.5,62.5));
#9332=CARTESIAN_POINT('',(23.75,-47.5,62.5));
#9333=CARTESIAN_POINT('Origin',(-47.5,-47.5,62.5));
#9334=CARTESIAN_POINT('Origin',(-47.5,-47.5,62.5));
#9335=CARTESIAN_POINT('Origin',(47.5,-47.5,0.));
#9336=CARTESIAN_POINT('',(23.75,-47.5,90.));
#9337=CARTESIAN_POINT('',(-27.5,-47.5,55.));
#9338=CARTESIAN_POINT('',(-35.,-47.5,55.));
#9339=CARTESIAN_POINT('',(35.,-47.5,62.5));
#9340=CARTESIAN_POINT('',(35.,-47.5,55.));
#9341=CARTESIAN_POINT('',(27.5,-47.5,62.5));
#9342=CARTESIAN_POINT('',(23.75,-47.5,62.5));
#9343=CARTESIAN_POINT('',(27.5,-47.5,55.));
#9344=CARTESIAN_POINT('Origin',(-36.5341439002693,41.5,55.));
#9345=CARTESIAN_POINT('',(-28.4212159716611,41.5,62.5));
#9346=CARTESIAN_POINT('',(-36.5341439002693,41.5,62.5));
#9347=CARTESIAN_POINT('',(-18.2670719501347,41.5,62.5));
#9348=CARTESIAN_POINT('',(-36.5341439002693,41.5,55.));
#9349=CARTESIAN_POINT('',(-28.4212159716611,41.5,55.));
#9350=CARTESIAN_POINT('Origin',(0.,0.,62.5));
#9351=CARTESIAN_POINT('Origin',(-47.5,47.5,62.5));
#9352=CARTESIAN_POINT('Origin',(-47.5,47.5,62.5));
#9353=CARTESIAN_POINT('Origin',(28.4212159716611,41.5,55.));
#9354=CARTESIAN_POINT('',(36.5341439002693,41.5,62.5));
#9355=CARTESIAN_POINT('',(28.4212159716611,41.5,62.5));
#9356=CARTESIAN_POINT('',(14.2106079858305,41.5,62.5));
#9357=CARTESIAN_POINT('',(28.4212159716611,41.5,55.));
#9358=CARTESIAN_POINT('',(36.5341439002693,41.5,55.));
#9359=CARTESIAN_POINT('Origin',(0.,0.,62.5));
#9360=CARTESIAN_POINT('Origin',(47.5,47.5,62.5));
#9361=CARTESIAN_POINT('Origin',(47.5,47.5,62.5));
#9362=CARTESIAN_POINT('Origin',(36.5341439002693,-41.5,55.));
#9363=CARTESIAN_POINT('',(28.4212159716611,-41.5,62.5));
#9364=CARTESIAN_POINT('',(36.5341439002693,-41.5,62.5));
#9365=CARTESIAN_POINT('',(18.2670719501347,-41.5,62.5));
#9366=CARTESIAN_POINT('',(36.5341439002693,-41.5,55.));
#9367=CARTESIAN_POINT('',(28.4212159716611,-41.5,55.));
#9368=CARTESIAN_POINT('Origin',(0.,0.,62.5));
#9369=CARTESIAN_POINT('Origin',(47.5,-47.5,62.5));
#9370=CARTESIAN_POINT('Origin',(47.5,-47.5,62.5));
#9371=CARTESIAN_POINT('Origin',(41.,28.5857196806223,55.));
#9372=CARTESIAN_POINT('',(41.,28.5857196806223,55.));
#9373=CARTESIAN_POINT('',(41.,-28.5857196806223,55.));
#9374=CARTESIAN_POINT('Origin',(47.5,47.5,55.));
#9375=CARTESIAN_POINT('Origin',(47.5,47.5,55.));
#9376=CARTESIAN_POINT('Origin',(47.5,47.5,55.));
#9377=CARTESIAN_POINT('',(28.4212159716611,41.5,55.));
#9378=CARTESIAN_POINT('Origin',(-28.4212159716611,41.5,55.));
#9379=CARTESIAN_POINT('',(-28.4212159716611,41.5,55.));
#9380=CARTESIAN_POINT('Origin',(-47.5,47.5,55.));
#9381=CARTESIAN_POINT('Origin',(-47.5,47.5,55.));
#9382=CARTESIAN_POINT('Origin',(-47.5,47.5,55.));
#9383=CARTESIAN_POINT('',(-41.,28.5857196806223,55.));
#9384=CARTESIAN_POINT('Origin',(-41.,-28.5857196806223,55.));
#9385=CARTESIAN_POINT('',(-41.,-28.5857196806223,55.));
#9386=CARTESIAN_POINT('Origin',(-47.5,-47.5,55.));
#9387=CARTESIAN_POINT('Origin',(-47.5,-47.5,55.));
#9388=CARTESIAN_POINT('Origin',(-47.5,-47.5,55.));
#9389=CARTESIAN_POINT('',(-28.4212159716611,-41.5,55.));
#9390=CARTESIAN_POINT('Origin',(28.4212159716611,-41.5,55.));
#9391=CARTESIAN_POINT('',(28.4212159716611,-41.5,55.));
#9392=CARTESIAN_POINT('Origin',(47.5,-47.5,55.));
#9393=CARTESIAN_POINT('Origin',(47.5,-47.5,55.));
#9394=CARTESIAN_POINT('Origin',(47.5,-47.5,55.));
#9395=CARTESIAN_POINT('Origin',(38.,18.25,0.5));
#9396=CARTESIAN_POINT('',(37.5,36.5,0.5));
#9397=CARTESIAN_POINT('Origin',(38.,36.5,0.5));
#9398=CARTESIAN_POINT('',(37.5,31.5,0.5));
#9399=CARTESIAN_POINT('',(37.5,18.25,0.5));
#9400=CARTESIAN_POINT('Origin',(38.,31.,0.5));
#9401=CARTESIAN_POINT('Origin',(27.,20.75,0.5));
#9402=CARTESIAN_POINT('',(27.5,31.5,0.5));
#9403=CARTESIAN_POINT('',(27.5,36.5,0.5));
#9404=CARTESIAN_POINT('',(27.5,20.75,0.5));
#9405=CARTESIAN_POINT('Origin',(27.,36.5,0.5));
#9406=CARTESIAN_POINT('Origin',(27.,31.,0.5));
#9407=CARTESIAN_POINT('Origin',(16.25,31.,0.5));
#9408=CARTESIAN_POINT('',(16.25,31.5,0.5));
#9409=CARTESIAN_POINT('Origin',(28.,41.5,2.51316701949486));
#9410=CARTESIAN_POINT('',(28.2142857142857,32.,2.96492097094748));
#9411=CARTESIAN_POINT('',(28.2142857142857,41.5,2.96492097094748));
#9412=CARTESIAN_POINT('',(28.2142857142857,41.5,2.96492097094748));
#9413=CARTESIAN_POINT('',(27.5,41.5,2.51316701949486));
#9414=CARTESIAN_POINT('Origin',(28.,41.5,2.51316701949486));
#9415=CARTESIAN_POINT('',(27.5,31.5,2.51316701949486));
#9416=CARTESIAN_POINT('',(27.5,41.5,2.51316701949486));
#9417=CARTESIAN_POINT('',(27.5534761556884,31.5,2.73814803305206));
#9418=CARTESIAN_POINT('Origin',(28.,31.5,2.51316701949486));
#9419=CARTESIAN_POINT('Ctrl Pts',(27.5534761556884,31.5,2.73814803305206));
#9420=CARTESIAN_POINT('Ctrl Pts',(27.5744633543013,31.5,2.77980170176735));
#9421=CARTESIAN_POINT('Ctrl Pts',(27.6007896151584,31.5065178299617,2.81756498574627));
#9422=CARTESIAN_POINT('Ctrl Pts',(27.6656646586896,31.5328049327417,2.88843594783444));
#9423=CARTESIAN_POINT('Ctrl Pts',(27.7041235253389,31.5537150089948,2.91890419741759));
#9424=CARTESIAN_POINT('Ctrl Pts',(27.7974825076788,31.6131541047087,2.97452082765778));
#9425=CARTESIAN_POINT('Ctrl Pts',(27.8531723633088,31.654957287073,2.99428698631119));
#9426=CARTESIAN_POINT('Ctrl Pts',(27.9604277816515,31.7439571593301,3.01452155887972));
#9427=CARTESIAN_POINT('Ctrl Pts',(28.012851080316,31.7916838962609,3.01551315164821));
#9428=CARTESIAN_POINT('Ctrl Pts',(28.1148741278394,31.8914056893982,3.00263362638634));
#9429=CARTESIAN_POINT('Ctrl Pts',(28.1650350361991,31.9443016836892,2.98792224872921));
#9430=CARTESIAN_POINT('Ctrl Pts',(28.2124277139365,31.9978943261211,2.965798792631));
#9431=CARTESIAN_POINT('Ctrl Pts',(28.2133573940918,31.9989471645692,2.96536131187908));
#9432=CARTESIAN_POINT('Ctrl Pts',(28.2142857142857,32.,2.96492097094748));
#9433=CARTESIAN_POINT('Origin',(37.,41.5,2.51316701949486));
#9434=CARTESIAN_POINT('',(37.5,31.5,2.51316701949486));
#9435=CARTESIAN_POINT('',(37.5,41.5,2.51316701949486));
#9436=CARTESIAN_POINT('',(37.5,41.5,2.51316701949486));
#9437=CARTESIAN_POINT('',(36.7857142857143,41.5,2.96492097094748));
#9438=CARTESIAN_POINT('Origin',(37.,41.5,2.51316701949486));
#9439=CARTESIAN_POINT('',(36.7857142857143,32.,2.96492097094748));
#9440=CARTESIAN_POINT('',(36.7857142857143,41.5,2.96492097094748));
#9441=CARTESIAN_POINT('',(37.4465238443115,31.5,2.73814803305207));
#9442=CARTESIAN_POINT('Ctrl Pts',(36.7857142857143,32.,2.96492097094748));
#9443=CARTESIAN_POINT('Ctrl Pts',(36.7866426059082,31.9989471645691,2.96536131187912));
#9444=CARTESIAN_POINT('Ctrl Pts',(36.7875722860634,31.9978943261212,2.96579879263096));
#9445=CARTESIAN_POINT('Ctrl Pts',(36.8349649638009,31.9443016836891,2.98792224872922));
#9446=CARTESIAN_POINT('Ctrl Pts',(36.8851258721606,31.8914056893982,3.00263362638635));
#9447=CARTESIAN_POINT('Ctrl Pts',(36.987148919684,31.7916838962608,3.01551315164821));
#9448=CARTESIAN_POINT('Ctrl Pts',(37.0395722183485,31.7439571593301,3.01452155887972));
#9449=CARTESIAN_POINT('Ctrl Pts',(37.1468276366912,31.654957287073,2.99428698631119));
#9450=CARTESIAN_POINT('Ctrl Pts',(37.2025174923212,31.6131541047087,2.97452082765778));
#9451=CARTESIAN_POINT('Ctrl Pts',(37.2958764746611,31.5537150089948,2.91890419741759));
#9452=CARTESIAN_POINT('Ctrl Pts',(37.3343353413104,31.5328049327417,2.88843594783444));
#9453=CARTESIAN_POINT('Ctrl Pts',(37.3992103848416,31.5065178299617,2.81756498574628));
#9454=CARTESIAN_POINT('Ctrl Pts',(37.4255366456987,31.5,2.77980170176736));
#9455=CARTESIAN_POINT('Ctrl Pts',(37.4465238443115,31.5,2.73814803305207));
#9456=CARTESIAN_POINT('Origin',(37.,31.5,2.51316701949486));
#9457=CARTESIAN_POINT('Origin',(32.5,32.,12.));
#9458=CARTESIAN_POINT('Origin',(32.5,31.5,12.));
#9459=CARTESIAN_POINT('Origin',(32.5,32.,12.));
#9460=CARTESIAN_POINT('Origin',(32.5,41.5,12.));
#9461=CARTESIAN_POINT('Origin',(32.5,41.5,12.));
#9462=CARTESIAN_POINT('Origin',(37.5,36.5,0.));
#9463=CARTESIAN_POINT('',(37.5,36.5,0.));
#9464=CARTESIAN_POINT('',(37.5,41.5,0.));
#9465=CARTESIAN_POINT('',(37.5,41.5,2.));
#9466=CARTESIAN_POINT('',(37.5,31.5,2.));
#9467=CARTESIAN_POINT('Origin',(32.5,31.5,1.6698729810778));
#9468=CARTESIAN_POINT('',(27.5,31.5,2.));
#9469=CARTESIAN_POINT('Origin',(32.5,41.5,1.6698729810778));
#9470=CARTESIAN_POINT('',(27.5,41.5,2.));
#9471=CARTESIAN_POINT('Origin',(42.5,41.5,0.));
#9472=CARTESIAN_POINT('',(42.5,36.5,0.));
#9473=CARTESIAN_POINT('',(42.5,41.5,0.));
#9474=CARTESIAN_POINT('Origin',(37.5,41.5,0.));
#9475=CARTESIAN_POINT('Origin',(42.5,36.5,0.));
#9476=CARTESIAN_POINT('Origin',(27.5,41.5,0.));
#9477=CARTESIAN_POINT('',(27.5,41.5,0.));
#9478=CARTESIAN_POINT('',(27.5,36.5,0.));
#9479=CARTESIAN_POINT('Origin',(22.5,41.5,0.));
#9480=CARTESIAN_POINT('',(22.5,41.5,0.));
#9481=CARTESIAN_POINT('Origin',(22.5,36.5,0.));
#9482=CARTESIAN_POINT('',(22.5,36.5,0.));
#9483=CARTESIAN_POINT('Origin',(27.5,36.5,0.));
#9484=CARTESIAN_POINT('Origin',(-32.5,47.5,42.5));
#9485=CARTESIAN_POINT('',(-42.5,47.5,42.5));
#9486=CARTESIAN_POINT('Origin',(-42.5,47.5,0.));
#9487=CARTESIAN_POINT('',(-42.5,23.75,10.));
#9488=CARTESIAN_POINT('Origin',(32.5,47.5,42.5));
#9489=CARTESIAN_POINT('',(42.5,47.5,42.5));
#9490=CARTESIAN_POINT('Origin',(-32.5,23.75,10.));
#9491=CARTESIAN_POINT('Origin',(32.5,23.75,10.));
#9492=CARTESIAN_POINT('',(42.5,23.75,10.));
#9493=CARTESIAN_POINT('Origin',(42.5,47.5,52.5));
#9494=CARTESIAN_POINT('Origin',(-36.4999989382923,-3.33125,40.475));
#9495=CARTESIAN_POINT('Origin',(36.4999989382923,3.33125000000001,40.475));
#9496=CARTESIAN_POINT('',(35.4514181522661,-6.6625,32.6106441048035));
#9497=CARTESIAN_POINT('Origin',(39.9999989382923,6.66250000000001,36.725));
#9498=CARTESIAN_POINT('',(39.9999989382923,-6.6625,29.8625));
#9499=CARTESIAN_POINT('Origin',(46.3749989382923,-6.6625,36.725));
#9500=CARTESIAN_POINT('',(46.3749989382923,-6.6625,36.725));
#9501=CARTESIAN_POINT('Origin',(-46.3749989382923,6.6625,36.725));
#9502=CARTESIAN_POINT('Origin',(0.,2.22044604925031E-15,36.725));
#9503=CARTESIAN_POINT('Origin',(55.,0.,29.0625));
#9504=CARTESIAN_POINT('',(55.,-5.51091059616309E-16,24.5625));
#9505=CARTESIAN_POINT('Origin',(55.,0.,29.0625));
#9506=CARTESIAN_POINT('Origin',(55.,-1.16341445918999E-15,19.5625));
#9507=CARTESIAN_POINT('Origin',(-55.,0.,29.0625));
#9508=CARTESIAN_POINT('',(-55.,-5.51091059616309E-16,33.5625));
#9509=CARTESIAN_POINT('Origin',(-55.,0.,29.0625));
#9510=CARTESIAN_POINT('Origin',(-55.,-1.16341445918999E-15,38.5625));
#9511=CARTESIAN_POINT('Origin',(-47.5,0.,29.0625));
#9512=CARTESIAN_POINT('',(-47.5,3.25,29.0625));
#9513=CARTESIAN_POINT('Origin',(-47.5,0.,29.0625));
#9514=CARTESIAN_POINT('',(-47.5,-2.25,29.0625));
#9515=CARTESIAN_POINT('Origin',(-47.5,0.,29.0625));
#9516=CARTESIAN_POINT('Origin',(-50.,0.,29.0625));
#9517=CARTESIAN_POINT('',(-55.,3.25,29.0625));
#9518=CARTESIAN_POINT('Origin',(-55.,0.,29.0625));
#9519=CARTESIAN_POINT('',(-50.,3.25,29.0625));
#9520=CARTESIAN_POINT('Origin',(-55.,0.,29.0625));
#9521=CARTESIAN_POINT('Origin',(50.,0.,29.0625));
#9522=CARTESIAN_POINT('',(55.,-3.25,29.0625));
#9523=CARTESIAN_POINT('Origin',(55.,0.,29.0625));
#9524=CARTESIAN_POINT('',(50.,-3.25,29.0625));
#9525=CARTESIAN_POINT('',(50.,-3.25,29.0625));
#9526=CARTESIAN_POINT('Origin',(50.,0.,29.0625));
#9527=CARTESIAN_POINT('Origin',(55.,0.,29.0625));
#9528=CARTESIAN_POINT('Origin',(0.,0.,29.0625));
#9529=CARTESIAN_POINT('',(-45.5000014528632,-2.25,29.0625));
#9530=CARTESIAN_POINT('',(0.,-2.25,29.0625));
#9531=CARTESIAN_POINT('Origin',(-45.5000014528632,0.,29.0625));
#9532=CARTESIAN_POINT('Origin',(0.,0.,29.0625));
#9533=CARTESIAN_POINT('',(45.5000014528632,-2.25,29.0625));
#9534=CARTESIAN_POINT('Origin',(45.5000014528632,0.,29.0625));
#9535=CARTESIAN_POINT('',(50.,-2.25,29.0625));
#9536=CARTESIAN_POINT('',(0.,-2.25,29.0625));
#9537=CARTESIAN_POINT('Origin',(50.,0.,29.0625));
#9538=CARTESIAN_POINT('Origin',(0.,1.66533453693773E-15,22.0000003278255));
#9539=CARTESIAN_POINT('',(36.5000014528632,-5.8625,22.0000003278255));
#9540=CARTESIAN_POINT('',(44.5000014528632,-5.8625,22.0000003278255));
#9541=CARTESIAN_POINT('',(22.2500007264316,-5.8625,22.0000003278255));
#9542=CARTESIAN_POINT('',(44.5000014528632,5.86250000000001,22.0000003278255));
#9543=CARTESIAN_POINT('',(44.5000014528632,2.93125,22.0000003278255));
#9544=CARTESIAN_POINT('',(36.5000014528632,5.86250000000001,22.0000003278255));
#9545=CARTESIAN_POINT('',(18.2500007264316,5.8625,22.0000003278255));
#9546=CARTESIAN_POINT('',(36.5000014528632,-2.93125,22.0000003278255));
#9547=CARTESIAN_POINT('Origin',(0.,1.66533453693773E-15,36.125));
#9548=CARTESIAN_POINT('',(36.5000014528632,5.86250000000001,36.125));
#9549=CARTESIAN_POINT('',(44.5000014528632,5.86250000000001,36.125));
#9550=CARTESIAN_POINT('',(22.2500007264316,5.8625,36.125));
#9551=CARTESIAN_POINT('',(44.5000014528632,-5.8625,36.125));
#9552=CARTESIAN_POINT('',(44.5000014528632,-2.93125,36.125));
#9553=CARTESIAN_POINT('',(36.5000014528632,-5.8625,36.125));
#9554=CARTESIAN_POINT('',(18.2500007264316,-5.8625,36.125));
#9555=CARTESIAN_POINT('',(36.5000014528632,2.93125,36.125));
#9556=CARTESIAN_POINT('Origin',(0.,1.66533453693773E-15,22.0000003278255));
#9557=CARTESIAN_POINT('',(-36.5000014528632,5.8625,22.0000003278255));
#9558=CARTESIAN_POINT('',(-44.5000014528632,5.8625,22.0000003278255));
#9559=CARTESIAN_POINT('',(-22.2500007264316,5.8625,22.0000003278255));
#9560=CARTESIAN_POINT('',(-44.5000014528632,-5.86250000000001,22.0000003278255));
#9561=CARTESIAN_POINT('',(-44.5000014528632,-2.93125,22.0000003278255));
#9562=CARTESIAN_POINT('',(-36.5000014528632,-5.8625,22.0000003278255));
#9563=CARTESIAN_POINT('',(-18.2500007264316,-5.8625,22.0000003278255));
#9564=CARTESIAN_POINT('',(-36.5000014528632,2.93125,22.0000003278255));
#9565=CARTESIAN_POINT('Origin',(0.,1.66533453693773E-15,36.125));
#9566=CARTESIAN_POINT('',(-36.5000014528632,-5.8625,36.125));
#9567=CARTESIAN_POINT('',(-44.5000014528632,-5.86250000000001,36.125));
#9568=CARTESIAN_POINT('',(-22.2500007264316,-5.8625,36.125));
#9569=CARTESIAN_POINT('',(-44.5000014528632,5.8625,36.125));
#9570=CARTESIAN_POINT('',(-44.5000014528632,2.93125,36.125));
#9571=CARTESIAN_POINT('',(-36.5000014528632,5.8625,36.125));
#9572=CARTESIAN_POINT('',(-18.2500007264316,5.8625,36.125));
#9573=CARTESIAN_POINT('',(-36.5000014528632,-2.93125,36.125));
#9574=CARTESIAN_POINT('Origin',(0.,1.66533453693773E-15,35.125));
#9575=CARTESIAN_POINT('',(44.5000014528632,-5.06249999999999,35.125));
#9576=CARTESIAN_POINT('',(44.5000014528632,5.06250000000001,35.125));
#9577=CARTESIAN_POINT('',(44.5000014528632,-2.93125,35.125));
#9578=CARTESIAN_POINT('',(45.5000014528632,5.06250000000001,35.125));
#9579=CARTESIAN_POINT('',(22.7500007264316,5.06249999999999,35.125));
#9580=CARTESIAN_POINT('',(45.5000014528632,-5.06249999999999,35.125));
#9581=CARTESIAN_POINT('',(45.5000014528632,-2.53125,35.125));
#9582=CARTESIAN_POINT('',(22.2500007264316,-5.06249999999998,35.125));
#9583=CARTESIAN_POINT('Origin',(0.,1.66533453693773E-15,35.125));
#9584=CARTESIAN_POINT('',(36.5000014528632,5.0625,35.125));
#9585=CARTESIAN_POINT('',(36.5000014528632,-5.06249999999999,35.125));
#9586=CARTESIAN_POINT('',(36.5000014528632,2.93125,35.125));
#9587=CARTESIAN_POINT('',(21.0000014528632,-5.06249999999998,35.125));
#9588=CARTESIAN_POINT('',(10.5000007264316,-5.06249999999997,35.125));
#9589=CARTESIAN_POINT('',(21.0000014528632,5.06249999999999,35.125));
#9590=CARTESIAN_POINT('',(21.0000014528632,3.33125,35.125));
#9591=CARTESIAN_POINT('',(18.2500007264316,5.06249999999999,35.125));
#9592=CARTESIAN_POINT('Origin',(0.,1.66533453693773E-15,35.125));
#9593=CARTESIAN_POINT('',(-44.5000014528632,5.0625,35.125));
#9594=CARTESIAN_POINT('',(-44.5000014528632,-5.0625,35.125));
#9595=CARTESIAN_POINT('',(-44.5000014528632,2.93125,35.125));
#9596=CARTESIAN_POINT('',(-45.5000014528632,-5.0625,35.125));
#9597=CARTESIAN_POINT('',(-22.7500007264316,-5.06249999999999,35.125));
#9598=CARTESIAN_POINT('',(-45.5000014528632,5.0625,35.125));
#9599=CARTESIAN_POINT('',(-45.5000014528632,2.53125,35.125));
#9600=CARTESIAN_POINT('',(-22.2500007264316,5.06249999999999,35.125));
#9601=CARTESIAN_POINT('Origin',(0.,1.66533453693773E-15,35.125));
#9602=CARTESIAN_POINT('',(-36.5000014528632,-5.0625,35.125));
#9603=CARTESIAN_POINT('',(-36.5000014528632,5.06249999999999,35.125));
#9604=CARTESIAN_POINT('',(-36.5000014528632,-2.93125,35.125));
#9605=CARTESIAN_POINT('',(-21.0000014528632,5.06249999999998,35.125));
#9606=CARTESIAN_POINT('',(-10.5000007264316,5.06249999999998,35.125));
#9607=CARTESIAN_POINT('',(-21.0000014528632,-5.06249999999998,35.125));
#9608=CARTESIAN_POINT('',(-21.0000014528632,-3.33125,35.125));
#9609=CARTESIAN_POINT('',(-18.2500007264316,-5.06249999999998,35.125));
#9610=CARTESIAN_POINT('Origin',(-6.66133814775094E-15,2.38418582654276E-7,
23.));
#9611=CARTESIAN_POINT('',(-44.5000014528632,-5.0625,23.));
#9612=CARTESIAN_POINT('',(-44.5000014528632,5.0625,23.));
#9613=CARTESIAN_POINT('',(-44.5000014528632,2.93125011920929,23.));
#9614=CARTESIAN_POINT('',(-45.5000014528632,5.0625,23.));
#9615=CARTESIAN_POINT('',(-47.5000014528632,5.0625,23.));
#9616=CARTESIAN_POINT('',(-45.5000014528632,-5.0625,23.));
#9617=CARTESIAN_POINT('',(-45.5000014528632,5.0625,23.));
#9618=CARTESIAN_POINT('',(-47.5000014528632,-5.06250000000001,23.));
#9619=CARTESIAN_POINT('Origin',(-6.66133814775094E-15,2.38418582654276E-7,
23.));
#9620=CARTESIAN_POINT('',(44.5000014528632,5.06250000000001,23.));
#9621=CARTESIAN_POINT('',(44.5000014528632,-5.06249999999999,23.));
#9622=CARTESIAN_POINT('',(44.5000014528632,-2.93124988079071,23.));
#9623=CARTESIAN_POINT('',(45.5000014528632,-5.06249999999999,23.));
#9624=CARTESIAN_POINT('',(47.5000014528632,-5.0625,23.));
#9625=CARTESIAN_POINT('',(45.5000014528632,5.06250000000001,23.));
#9626=CARTESIAN_POINT('',(45.5000014528632,-5.06249999999999,23.));
#9627=CARTESIAN_POINT('',(47.5000014528632,5.06250000000001,23.));
#9628=CARTESIAN_POINT('Origin',(21.0000014528632,-5.06249999999998,23.));
#9629=CARTESIAN_POINT('',(36.5000014528632,-5.06249999999999,23.));
#9630=CARTESIAN_POINT('',(36.5000014528632,-5.06249999999999,23.));
#9631=CARTESIAN_POINT('',(21.0000014528632,-5.06249999999998,23.));
#9632=CARTESIAN_POINT('',(47.5000014528632,-5.0625,23.));
#9633=CARTESIAN_POINT('',(21.0000014528632,-5.06249999999998,23.));
#9634=CARTESIAN_POINT('Origin',(36.5000014528632,5.0625,23.));
#9635=CARTESIAN_POINT('',(21.0000014528632,5.06249999999999,23.));
#9636=CARTESIAN_POINT('',(21.0000014528632,5.06249999999999,23.));
#9637=CARTESIAN_POINT('',(36.5000014528632,5.0625,23.));
#9638=CARTESIAN_POINT('',(47.5000014528632,5.06250000000001,23.));
#9639=CARTESIAN_POINT('',(36.5000014528632,5.0625,23.));
#9640=CARTESIAN_POINT('Origin',(36.5000014528632,5.86250000000001,23.));
#9641=CARTESIAN_POINT('',(36.5000014528632,5.86250000000001,23.));
#9642=CARTESIAN_POINT('',(36.5000014528632,-5.8625,23.));
#9643=CARTESIAN_POINT('',(36.5000014528632,2.93125011920929,23.));
#9644=CARTESIAN_POINT('Origin',(44.5000014528632,5.86250000000001,23.));
#9645=CARTESIAN_POINT('',(44.5000014528632,5.86250000000001,23.));
#9646=CARTESIAN_POINT('Origin',(44.5000014528632,5.06250000000001,23.));
#9647=CARTESIAN_POINT('',(44.5000014528632,-5.8625,23.));
#9648=CARTESIAN_POINT('',(44.5000014528632,-5.06249999999999,23.));
#9649=CARTESIAN_POINT('',(44.5000014528632,5.06250000000001,23.));
#9650=CARTESIAN_POINT('Origin',(45.5000014528632,5.06250000000001,23.));
#9651=CARTESIAN_POINT('',(45.5000014528632,5.06250000000001,23.));
#9652=CARTESIAN_POINT('Origin',(45.5000014528632,-5.06249999999999,23.));
#9653=CARTESIAN_POINT('',(45.5000014528632,-5.06249999999999,23.));
#9654=CARTESIAN_POINT('Origin',(44.5000014528632,-5.06249999999999,23.));
#9655=CARTESIAN_POINT('Origin',(36.5000014528632,-5.8625,23.));
#9656=CARTESIAN_POINT('Origin',(-36.5000014528632,5.8625,23.));
#9657=CARTESIAN_POINT('',(-44.5000014528632,5.8625,23.));
#9658=CARTESIAN_POINT('',(-36.5000014528632,5.8625,23.));
#9659=CARTESIAN_POINT('Origin',(-21.0000014528632,5.06249999999998,23.));
#9660=CARTESIAN_POINT('',(-36.5000014528632,5.06249999999999,23.));
#9661=CARTESIAN_POINT('',(-36.5000014528632,5.06249999999999,23.));
#9662=CARTESIAN_POINT('',(-21.0000014528632,5.06249999999998,23.));
#9663=CARTESIAN_POINT('',(-47.5000014528632,5.0625,23.));
#9664=CARTESIAN_POINT('',(-21.0000014528632,5.06249999999998,23.));
#9665=CARTESIAN_POINT('Origin',(-36.5000014528632,-5.0625,23.));
#9666=CARTESIAN_POINT('',(-21.0000014528632,-5.06249999999998,23.));
#9667=CARTESIAN_POINT('',(-21.0000014528632,-5.06249999999998,23.));
#9668=CARTESIAN_POINT('',(-36.5000014528632,-5.0625,23.));
#9669=CARTESIAN_POINT('',(-47.5000014528632,-5.06250000000001,23.));
#9670=CARTESIAN_POINT('',(-36.5000014528632,-5.0625,23.));
#9671=CARTESIAN_POINT('Origin',(-36.5000014528632,-5.8625,23.));
#9672=CARTESIAN_POINT('',(-36.5000014528632,-5.8625,23.));
#9673=CARTESIAN_POINT('',(-36.5000014528632,-2.93124988079071,23.));
#9674=CARTESIAN_POINT('Origin',(-44.5000014528632,-5.86250000000001,23.));
#9675=CARTESIAN_POINT('',(-44.5000014528632,-5.86250000000001,23.));
#9676=CARTESIAN_POINT('Origin',(-44.5000014528632,-5.0625,23.));
#9677=CARTESIAN_POINT('',(-44.5000014528632,5.0625,23.));
#9678=CARTESIAN_POINT('',(-44.5000014528632,-5.0625,23.));
#9679=CARTESIAN_POINT('Origin',(-45.5000014528632,-5.0625,23.));
#9680=CARTESIAN_POINT('',(-45.5000014528632,-5.0625,23.));
#9681=CARTESIAN_POINT('Origin',(-45.5000014528632,5.0625,23.));
#9682=CARTESIAN_POINT('',(-45.5000014528632,5.0625,23.));
#9683=CARTESIAN_POINT('Origin',(-44.5000014528632,5.0625,23.));
#9684=CARTESIAN_POINT('Origin',(21.0000014528632,6.6625,23.));
#9685=CARTESIAN_POINT('',(21.0000014528632,-6.6625,23.));
#9686=CARTESIAN_POINT('',(21.0000014528632,3.33125011920929,23.));
#9687=CARTESIAN_POINT('',(21.0000014528632,-6.6625,23.));
#9688=CARTESIAN_POINT('',(21.0000014528632,3.33125011920929,23.));
#9689=CARTESIAN_POINT('Origin',(-21.0000014528632,-6.6625,23.));
#9690=CARTESIAN_POINT('',(-21.0000014528632,-3.33124988079071,23.));
#9691=CARTESIAN_POINT('',(-21.0000014528632,-3.33124988079071,23.));
#9692=CARTESIAN_POINT('Origin',(47.4999989382923,-6.6625,23.));
#9693=CARTESIAN_POINT('',(47.4999989382923,-6.6625,23.));
#9694=CARTESIAN_POINT('Origin',(14.5,16.0000002384186,-1.49011611383365E-8));
#9695=CARTESIAN_POINT('',(15.5,-30.,-1.49011611383365E-8));
#9696=CARTESIAN_POINT('',(14.5,-30.,-1.00000001490116));
#9697=CARTESIAN_POINT('Origin',(14.5,-30.,-1.49011611383365E-8));
#9698=CARTESIAN_POINT('',(15.5,30.,-1.49011611383365E-8));
#9699=CARTESIAN_POINT('',(15.5,16.0000002384186,-1.49011611383365E-8));
#9700=CARTESIAN_POINT('',(14.5,30.,-1.00000001490116));
#9701=CARTESIAN_POINT('Origin',(14.5,30.,-1.49011611383365E-8));
#9702=CARTESIAN_POINT('',(14.5,16.0000002384186,-1.00000001490116));
#9703=CARTESIAN_POINT('Origin',(15.5,-30.,0.));
#9704=CARTESIAN_POINT('',(-14.5,-30.,-1.00000001490116));
#9705=CARTESIAN_POINT('',(7.75,-30.,-1.00000001490116));
#9706=CARTESIAN_POINT('',(-15.5,-30.,-1.49011611383365E-8));
#9707=CARTESIAN_POINT('Origin',(-14.5,-30.,-1.49011611383365E-8));
#9708=CARTESIAN_POINT('',(-15.5,-30.,23.));
#9709=CARTESIAN_POINT('',(-15.5,-30.,0.));
#9710=CARTESIAN_POINT('',(15.5,-30.,23.));
#9711=CARTESIAN_POINT('',(7.74999999999999,-30.,23.));
#9712=CARTESIAN_POINT('',(15.5,-30.,0.));
#9713=CARTESIAN_POINT('Origin',(4.44089209850063E-15,0.,-1.00000001490116));
#9714=CARTESIAN_POINT('',(-14.5,30.,-1.00000001490116));
#9715=CARTESIAN_POINT('',(-7.74999999999999,30.,-1.00000001490116));
#9716=CARTESIAN_POINT('',(-14.5,-15.,-1.00000001490116));
#9717=CARTESIAN_POINT('Origin',(-14.5,-15.,-1.49011611383365E-8));
#9718=CARTESIAN_POINT('',(-15.5,30.,-1.49011611383365E-8));
#9719=CARTESIAN_POINT('Origin',(-14.5,30.,-1.49011611383365E-8));
#9720=CARTESIAN_POINT('',(-15.5,-15.,-1.49011611383365E-8));
#9721=CARTESIAN_POINT('Origin',(-15.5,30.,0.));
#9722=CARTESIAN_POINT('',(15.5,30.,4.));
#9723=CARTESIAN_POINT('',(15.5,30.,0.));
#9724=CARTESIAN_POINT('',(-15.5,30.,4.));
#9725=CARTESIAN_POINT('',(-7.75,30.,4.));
#9726=CARTESIAN_POINT('',(-15.5,30.,0.));
#9727=CARTESIAN_POINT('Origin',(-1.11022302462516E-15,31.0000002384186,
4.));
#9728=CARTESIAN_POINT('',(15.5,32.0000004768372,4.));
#9729=CARTESIAN_POINT('',(15.5,31.5000003576279,4.));
#9730=CARTESIAN_POINT('',(-15.5,32.,4.));
#9731=CARTESIAN_POINT('',(7.75,32.,4.));
#9732=CARTESIAN_POINT('',(-15.5,0.500000119209294,4.));
#9733=CARTESIAN_POINT('Origin',(15.5,32.0000004768372,0.));
#9734=CARTESIAN_POINT('',(15.5,32.0000004768372,23.));
#9735=CARTESIAN_POINT('',(15.5,16.0000003576279,23.));
#9736=CARTESIAN_POINT('',(15.5,32.0000004768372,0.));
#9737=CARTESIAN_POINT('Origin',(-15.5,-30.,0.));
#9738=CARTESIAN_POINT('',(-15.5,32.,23.));
#9739=CARTESIAN_POINT('',(-15.5,32.,0.));
#9740=CARTESIAN_POINT('',(-15.5,-14.9999998807907,23.));
#9741=CARTESIAN_POINT('Origin',(17.5,32.,0.));
#9742=CARTESIAN_POINT('',(8.74999999999999,32.,23.));
#9743=CARTESIAN_POINT('',(-7.75,32.,23.));
#9744=CARTESIAN_POINT('Origin',(-17.5,-32.,0.));
#9745=CARTESIAN_POINT('',(-8.75,-32.,23.));
#9746=CARTESIAN_POINT('Origin',(-6.66133814775094E-15,2.38418582654276E-7,
23.));
#9747=CARTESIAN_POINT('Origin',(0.,0.,90.));
#9748=CARTESIAN_POINT('Origin',(50.,50.,0.));
#9749=CARTESIAN_POINT('Origin',(22.5,-14.5,126.645895496989));
#9750=CARTESIAN_POINT('',(-30.,-47.5,126.645895496989));
#9751=CARTESIAN_POINT('',(-30.,-47.3362272769296,123.362272769296));
#9752=CARTESIAN_POINT('Origin',(-30.,-14.5,126.645895496989));
#9753=CARTESIAN_POINT('',(30.,-47.3362272769296,123.362272769296));
#9754=CARTESIAN_POINT('',(22.5,-47.3362272769296,123.362272769296));
#9755=CARTESIAN_POINT('',(30.,-47.5,126.645895496989));
#9756=CARTESIAN_POINT('Origin',(30.,-14.5,126.645895496989));
#9757=CARTESIAN_POINT('',(22.5,-47.5,126.645895496989));
#9758=CARTESIAN_POINT('Origin',(30.,-45.,130.));
#9759=CARTESIAN_POINT('',(30.,-47.,120.));
#9760=CARTESIAN_POINT('',(30.,-47.6101485148515,126.101485148515));
#9761=CARTESIAN_POINT('',(30.,-45.,120.));
#9762=CARTESIAN_POINT('',(30.,-45.,120.));
#9763=CARTESIAN_POINT('',(30.,-45.,127.5));
#9764=CARTESIAN_POINT('',(30.,-45.,130.));
#9765=CARTESIAN_POINT('',(30.,-42.5,130.));
#9766=CARTESIAN_POINT('Origin',(30.,-42.5,127.5));
#9767=CARTESIAN_POINT('',(30.,-47.5,130.));
#9768=CARTESIAN_POINT('',(30.,-22.5,130.));
#9769=CARTESIAN_POINT('',(30.,-47.5,130.));
#9770=CARTESIAN_POINT('Origin',(15.,-47.25,122.5));
#9771=CARTESIAN_POINT('',(-30.,-47.,120.));
#9772=CARTESIAN_POINT('',(-30.,-47.6225247524752,126.225247524752));
#9773=CARTESIAN_POINT('',(15.,-47.,120.));
#9774=CARTESIAN_POINT('Origin',(19.0625,14.5,126.645895496989));
#9775=CARTESIAN_POINT('',(15.,47.3362272769296,123.362272769296));
#9776=CARTESIAN_POINT('',(15.,47.5,126.645895496989));
#9777=CARTESIAN_POINT('Origin',(15.,14.5,126.645895496989));
#9778=CARTESIAN_POINT('',(45.,47.5,126.645895496989));
#9779=CARTESIAN_POINT('',(19.0625,47.5,126.645895496989));
#9780=CARTESIAN_POINT('',(45.,47.3362272769296,123.362272769296));
#9781=CARTESIAN_POINT('Origin',(45.,14.5,126.645895496989));
#9782=CARTESIAN_POINT('',(19.0625,47.3362272769297,123.362272769296));
#9783=CARTESIAN_POINT('Ctrl Pts',(45.,47.5,126.645895496989));
#9784=CARTESIAN_POINT('Ctrl Pts',(47.5,47.5,126.645895496989));
#9785=CARTESIAN_POINT('Ctrl Pts',(47.5,45.,126.645895496989));
#9786=CARTESIAN_POINT('Ctrl Pts',(45.,47.5,125.));
#9787=CARTESIAN_POINT('Ctrl Pts',(47.5,47.5,125.));
#9788=CARTESIAN_POINT('Ctrl Pts',(47.5,45.,125.));
#9789=CARTESIAN_POINT('Ctrl Pts',(45.,47.3362272769296,123.362272769296));
#9790=CARTESIAN_POINT('Ctrl Pts',(47.3362272769296,47.3362272769296,123.362272769296));
#9791=CARTESIAN_POINT('Ctrl Pts',(47.3362272769296,45.,123.362272769296));
#9792=CARTESIAN_POINT('',(47.5,45.,126.645895496989));
#9793=CARTESIAN_POINT('Origin',(45.,45.,126.645895496989));
#9794=CARTESIAN_POINT('',(47.3362272769296,45.,123.362272769296));
#9795=CARTESIAN_POINT('Origin',(14.5,45.,126.645895496989));
#9796=CARTESIAN_POINT('Origin',(45.,45.,123.362272769296));
#9797=CARTESIAN_POINT('Origin',(14.5,43.7937787871974,126.645895496989));
#9798=CARTESIAN_POINT('',(47.5,17.850230297579,126.645895496989));
#9799=CARTESIAN_POINT('',(47.3362272769296,17.850230297579,123.362272769296));
#9800=CARTESIAN_POINT('Origin',(14.5,17.850230297579,126.645895496989));
#9801=CARTESIAN_POINT('',(47.3362272769296,43.7937787871974,123.362272769296));
#9802=CARTESIAN_POINT('',(47.5,43.7937787871974,126.645895496989));
#9803=CARTESIAN_POINT('Origin',(47.5,17.850230297579,130.));
#9804=CARTESIAN_POINT('',(47.5,17.850230297579,130.));
#9805=CARTESIAN_POINT('',(47.5,17.850230297579,130.));
#9806=CARTESIAN_POINT('',(42.5,17.8502302975792,130.));
#9807=CARTESIAN_POINT('',(23.7500000000004,17.85023029758,130.));
#9808=CARTESIAN_POINT('',(45.,17.8502302975791,127.5));
#9809=CARTESIAN_POINT('Origin',(42.5,17.850230297579,127.5));
#9810=CARTESIAN_POINT('',(45.,17.8502302975791,120.));
#9811=CARTESIAN_POINT('',(45.,17.8502302975791,130.));
#9812=CARTESIAN_POINT('',(47.,17.850230297579,120.));
#9813=CARTESIAN_POINT('',(47.5,17.850230297579,120.));
#9814=CARTESIAN_POINT('',(47.6225247524752,17.850230297579,126.225247524752));
#9815=CARTESIAN_POINT('Origin',(47.5,47.5,130.));
#9816=CARTESIAN_POINT('',(47.5,45.,130.));
#9817=CARTESIAN_POINT('',(47.5,45.,130.));
#9818=CARTESIAN_POINT('',(47.5,23.75,130.));
#9819=CARTESIAN_POINT('Origin',(45.,45.,130.));
#9820=CARTESIAN_POINT('',(45.,47.5,130.));
#9821=CARTESIAN_POINT('',(45.,47.5,130.));
#9822=CARTESIAN_POINT('Origin',(45.,45.,130.));
#9823=CARTESIAN_POINT('Origin',(15.,47.5,130.));
#9824=CARTESIAN_POINT('',(15.,47.5,130.));
#9825=CARTESIAN_POINT('',(15.,47.5,130.));
#9826=CARTESIAN_POINT('',(7.5,47.5,130.));
#9827=CARTESIAN_POINT('Origin',(-14.5,21.5564515103816,126.645895496989));
#9828=CARTESIAN_POINT('',(-47.3362272769296,17.850230297579,123.362272769296));
#9829=CARTESIAN_POINT('',(-47.5,17.850230297579,126.645895496989));
#9830=CARTESIAN_POINT('Origin',(-14.5,17.8502302975789,126.645895496989));
#9831=CARTESIAN_POINT('',(-47.5,45.,126.645895496989));
#9832=CARTESIAN_POINT('',(-47.5,21.5564515103816,126.645895496989));
#9833=CARTESIAN_POINT('',(-47.3362272769296,45.,123.362272769296));
#9834=CARTESIAN_POINT('Origin',(-14.5,45.,126.645895496989));
#9835=CARTESIAN_POINT('',(-47.3362272769297,21.5564515103816,123.362272769296));
#9836=CARTESIAN_POINT('Ctrl Pts',(-47.5,45.,126.645895496989));
#9837=CARTESIAN_POINT('Ctrl Pts',(-47.5,47.5,126.645895496989));
#9838=CARTESIAN_POINT('Ctrl Pts',(-45.,47.5,126.645895496989));
#9839=CARTESIAN_POINT('Ctrl Pts',(-47.5,45.,125.));
#9840=CARTESIAN_POINT('Ctrl Pts',(-47.5,47.5,125.));
#9841=CARTESIAN_POINT('Ctrl Pts',(-45.,47.5,125.));
#9842=CARTESIAN_POINT('Ctrl Pts',(-47.3362272769296,45.,123.362272769296));
#9843=CARTESIAN_POINT('Ctrl Pts',(-47.3362272769296,47.3362272769296,123.362272769296));
#9844=CARTESIAN_POINT('Ctrl Pts',(-45.,47.3362272769296,123.362272769296));
#9845=CARTESIAN_POINT('',(-45.,47.5,126.645895496989));
#9846=CARTESIAN_POINT('Origin',(-45.,45.,126.645895496989));
#9847=CARTESIAN_POINT('',(-45.,47.3362272769296,123.362272769296));
#9848=CARTESIAN_POINT('Origin',(-45.,14.5,126.645895496989));
#9849=CARTESIAN_POINT('Origin',(-45.,45.,123.362272769296));
#9850=CARTESIAN_POINT('Origin',(-43.4375,14.5,126.645895496989));
#9851=CARTESIAN_POINT('',(-15.,47.5,126.645895496989));
#9852=CARTESIAN_POINT('',(-15.,47.3362272769296,123.362272769296));
#9853=CARTESIAN_POINT('Origin',(-15.,14.5,126.645895496989));
#9854=CARTESIAN_POINT('',(-43.4375,47.3362272769297,123.362272769296));
#9855=CARTESIAN_POINT('',(-43.4375,47.5,126.645895496989));
#9856=CARTESIAN_POINT('Origin',(-15.,47.5,130.));
#9857=CARTESIAN_POINT('',(-15.,47.5,130.));
#9858=CARTESIAN_POINT('',(-15.,47.5,130.));
#9859=CARTESIAN_POINT('',(-15.,42.5,130.));
#9860=CARTESIAN_POINT('',(-15.,23.75,130.));
#9861=CARTESIAN_POINT('',(-15.,45.,127.5));
#9862=CARTESIAN_POINT('Origin',(-15.,42.5,127.5));
#9863=CARTESIAN_POINT('',(-15.,45.,120.));
#9864=CARTESIAN_POINT('',(-15.,45.,130.));
#9865=CARTESIAN_POINT('',(-15.,47.,120.));
#9866=CARTESIAN_POINT('',(-15.,45.,120.));
#9867=CARTESIAN_POINT('',(-15.,47.6225247524752,126.225247524752));
#9868=CARTESIAN_POINT('Origin',(-47.5,47.5,130.));
#9869=CARTESIAN_POINT('',(-45.,47.5,130.));
#9870=CARTESIAN_POINT('',(-45.,47.5,130.));
#9871=CARTESIAN_POINT('',(-23.75,47.5,130.));
#9872=CARTESIAN_POINT('Origin',(-45.,45.,130.));
#9873=CARTESIAN_POINT('',(-47.5,45.,130.));
#9874=CARTESIAN_POINT('',(-47.5,45.,130.));
#9875=CARTESIAN_POINT('Origin',(-45.,45.,130.));
#9876=CARTESIAN_POINT('Origin',(-47.5,17.850230297579,130.));
#9877=CARTESIAN_POINT('',(-47.5,17.850230297579,130.));
#9878=CARTESIAN_POINT('',(-47.5,17.850230297579,130.));
#9879=CARTESIAN_POINT('',(-47.5,8.92511514878949,130.));
#9880=CARTESIAN_POINT('Origin',(-30.,-47.5,130.));
#9881=CARTESIAN_POINT('',(-30.,-47.5,130.));
#9882=CARTESIAN_POINT('',(-30.,-47.5,130.));
#9883=CARTESIAN_POINT('',(-30.,-42.5,130.));
#9884=CARTESIAN_POINT('',(-30.,-23.75,130.));
#9885=CARTESIAN_POINT('',(-30.,-45.,127.5));
#9886=CARTESIAN_POINT('Origin',(-30.,-42.5,127.5));
#9887=CARTESIAN_POINT('',(-30.,-45.,120.));
#9888=CARTESIAN_POINT('',(-30.,-45.,130.));
#9889=CARTESIAN_POINT('',(-30.,-45.,120.));
#9890=CARTESIAN_POINT('Origin',(30.,-47.5,130.));
#9891=CARTESIAN_POINT('',(15.,-47.5,130.));
#9892=CARTESIAN_POINT('Origin',(23.125,47.25,122.5));
#9893=CARTESIAN_POINT('',(45.,47.,120.));
#9894=CARTESIAN_POINT('',(45.,47.5,125.));
#9895=CARTESIAN_POINT('',(15.,47.,120.));
#9896=CARTESIAN_POINT('',(23.125,47.,120.));
#9897=CARTESIAN_POINT('',(15.,47.6101485148515,126.101485148515));
#9898=CARTESIAN_POINT('Origin',(45.,45.,122.5));
#9899=CARTESIAN_POINT('',(47.,45.,120.));
#9900=CARTESIAN_POINT('',(47.5,45.,125.));
#9901=CARTESIAN_POINT('Origin',(45.,45.,120.));
#9902=CARTESIAN_POINT('Origin',(47.25,40.0875575743947,122.5));
#9903=CARTESIAN_POINT('',(47.,40.0875575743947,120.));
#9904=CARTESIAN_POINT('Origin',(-39.375,47.25,122.5));
#9905=CARTESIAN_POINT('',(-45.,47.,120.));
#9906=CARTESIAN_POINT('',(-39.375,47.,120.));
#9907=CARTESIAN_POINT('',(-45.,47.,120.));
#9908=CARTESIAN_POINT('Origin',(-45.,45.,122.5));
#9909=CARTESIAN_POINT('',(-47.,45.,120.));
#9910=CARTESIAN_POINT('Origin',(-45.,45.,120.));
#9911=CARTESIAN_POINT('',(-47.,45.,120.));
#9912=CARTESIAN_POINT('Origin',(-47.25,25.2626727231842,122.5));
#9913=CARTESIAN_POINT('',(-47.,17.850230297579,120.));
#9914=CARTESIAN_POINT('',(-47.,25.2626727231842,120.));
#9915=CARTESIAN_POINT('',(-47.6101485148515,17.850230297579,126.101485148515));
#9916=CARTESIAN_POINT('Origin',(-31.25,32.6751151487894,120.));
#9917=CARTESIAN_POINT('',(-42.5,45.,120.));
#9918=CARTESIAN_POINT('',(-45.,45.,120.));
#9919=CARTESIAN_POINT('',(-45.,42.5,120.));
#9920=CARTESIAN_POINT('Origin',(-42.5,42.5,120.));
#9921=CARTESIAN_POINT('',(-45.,17.8502302975789,120.));
#9922=CARTESIAN_POINT('',(-45.,17.8502302975789,120.));
#9923=CARTESIAN_POINT('',(-47.5,17.850230297579,120.));
#9924=CARTESIAN_POINT('Origin',(49.,49.,132.5));
#9925=CARTESIAN_POINT('',(49.,-45.,132.5));
#9926=CARTESIAN_POINT('',(49.,49.,132.5));
#9927=CARTESIAN_POINT('',(49.,24.5,132.5));
#9928=CARTESIAN_POINT('',(49.,-45.,133.5));
#9929=CARTESIAN_POINT('',(49.,-45.,132.5));
#9930=CARTESIAN_POINT('',(49.,49.,133.5));
#9931=CARTESIAN_POINT('',(49.,-45.,133.5));
#9932=CARTESIAN_POINT('',(49.,49.,132.5));
#9933=CARTESIAN_POINT('Origin',(-49.,49.,132.5));
#9934=CARTESIAN_POINT('',(-49.,49.,132.5));
#9935=CARTESIAN_POINT('',(-24.5,49.,132.5));
#9936=CARTESIAN_POINT('',(-49.,49.,133.5));
#9937=CARTESIAN_POINT('',(49.,49.,133.5));
#9938=CARTESIAN_POINT('',(-49.,49.,132.5));
#9939=CARTESIAN_POINT('Origin',(-49.,-45.,132.5));
#9940=CARTESIAN_POINT('',(-49.,-45.,132.5));
#9941=CARTESIAN_POINT('',(-49.,-22.5,132.5));
#9942=CARTESIAN_POINT('',(-49.,-45.,133.5));
#9943=CARTESIAN_POINT('',(-49.,49.,133.5));
#9944=CARTESIAN_POINT('',(-49.,-45.,132.5));
#9945=CARTESIAN_POINT('Origin',(-45.,-45.,132.5));
#9946=CARTESIAN_POINT('',(-45.,-49.,132.5));
#9947=CARTESIAN_POINT('Origin',(-45.,-45.,132.5));
#9948=CARTESIAN_POINT('',(-45.,-49.,133.5));
#9949=CARTESIAN_POINT('Origin',(-45.,-45.,133.5));
#9950=CARTESIAN_POINT('',(-45.,-49.,132.5));
#9951=CARTESIAN_POINT('Origin',(45.,-49.,132.5));
#9952=CARTESIAN_POINT('',(45.,-49.,132.5));
#9953=CARTESIAN_POINT('',(22.5,-49.,132.5));
#9954=CARTESIAN_POINT('',(45.,-49.,133.5));
#9955=CARTESIAN_POINT('',(45.,-49.,133.5));
#9956=CARTESIAN_POINT('',(45.,-49.,132.5));
#9957=CARTESIAN_POINT('Origin',(45.,-45.,132.5));
#9958=CARTESIAN_POINT('Origin',(45.,-45.,132.5));
#9959=CARTESIAN_POINT('Origin',(45.,-45.,133.5));
#9960=CARTESIAN_POINT('Origin',(0.,0.,133.5));
#9961=CARTESIAN_POINT('',(50.,50.,133.5));
#9962=CARTESIAN_POINT('',(-50.,50.,133.5));
#9963=CARTESIAN_POINT('',(50.,50.,133.5));
#9964=CARTESIAN_POINT('',(-50.,-45.,133.5));
#9965=CARTESIAN_POINT('',(-50.,50.,133.5));
#9966=CARTESIAN_POINT('',(-45.,-50.,133.5));
#9967=CARTESIAN_POINT('Origin',(-45.,-45.,133.5));
#9968=CARTESIAN_POINT('',(45.,-50.,133.5));
#9969=CARTESIAN_POINT('',(-45.,-50.,133.5));
#9970=CARTESIAN_POINT('',(50.,-45.,133.5));
#9971=CARTESIAN_POINT('Origin',(45.,-45.,133.5));
#9972=CARTESIAN_POINT('',(50.,-45.,133.5));
#9973=CARTESIAN_POINT('Origin',(42.5,42.5,130.));
#9974=CARTESIAN_POINT('',(45.,42.5,127.5));
#9975=CARTESIAN_POINT('',(42.5,45.,127.5));
#9976=CARTESIAN_POINT('Origin',(42.5,42.5,127.5));
#9977=CARTESIAN_POINT('',(42.5,45.,120.));
#9978=CARTESIAN_POINT('',(42.5,45.,130.));
#9979=CARTESIAN_POINT('',(45.,42.5,120.));
#9980=CARTESIAN_POINT('Origin',(42.5,42.5,120.));
#9981=CARTESIAN_POINT('',(45.,42.5,130.));
#9982=CARTESIAN_POINT('Origin',(42.5,42.5,127.5));
#9983=CARTESIAN_POINT('',(42.5,42.5,130.));
#9984=CARTESIAN_POINT('Origin',(42.5,42.5,127.5));
#9985=CARTESIAN_POINT('Origin',(42.5,42.5,127.5));
#9986=CARTESIAN_POINT('Origin',(45.,17.8502302975791,130.));
#9987=CARTESIAN_POINT('',(45.,17.8502302975791,120.));
#9988=CARTESIAN_POINT('',(45.,8.92511514878955,127.5));
#9989=CARTESIAN_POINT('Origin',(-42.5,42.5,130.));
#9990=CARTESIAN_POINT('',(-42.5,45.,127.5));
#9991=CARTESIAN_POINT('',(-45.,42.5,127.5));
#9992=CARTESIAN_POINT('Origin',(-42.5,42.5,127.5));
#9993=CARTESIAN_POINT('',(-45.,42.5,130.));
#9994=CARTESIAN_POINT('',(-42.5,45.,130.));
#9995=CARTESIAN_POINT('Origin',(-42.5,42.5,127.5));
#9996=CARTESIAN_POINT('',(-42.5,42.5,130.));
#9997=CARTESIAN_POINT('Origin',(-42.5,42.5,127.5));
#9998=CARTESIAN_POINT('Origin',(-42.5,42.5,127.5));
#9999=CARTESIAN_POINT('Origin',(-15.,45.,130.));
#10000=CARTESIAN_POINT('',(-7.5,45.,127.5));
#10001=CARTESIAN_POINT('Origin',(-42.5,22.5,127.5));
#10002=CARTESIAN_POINT('',(-42.5,17.8502302975788,130.));
#10003=CARTESIAN_POINT('',(-42.5,22.5,130.));
#10004=CARTESIAN_POINT('',(-45.,17.8502302975789,127.5));
#10005=CARTESIAN_POINT('Origin',(-42.5,17.8502302975789,127.5));
#10006=CARTESIAN_POINT('',(-45.,22.5,127.5));
#10007=CARTESIAN_POINT('Origin',(-7.5,42.5,127.5));
#10008=CARTESIAN_POINT('',(-7.5,42.5,130.));
#10009=CARTESIAN_POINT('Origin',(0.,0.,130.));
#10010=CARTESIAN_POINT('',(45.,-50.,130.));
#10011=CARTESIAN_POINT('',(50.,-45.,130.));
#10012=CARTESIAN_POINT('Origin',(45.,-45.,130.));
#10013=CARTESIAN_POINT('',(-45.,-50.,130.));
#10014=CARTESIAN_POINT('',(45.,-50.,130.));
#10015=CARTESIAN_POINT('',(-50.,-45.,130.));
#10016=CARTESIAN_POINT('Origin',(-45.,-45.,130.));
#10017=CARTESIAN_POINT('',(-50.,50.,130.));
#10018=CARTESIAN_POINT('',(-50.,-45.,130.));
#10019=CARTESIAN_POINT('',(50.,50.,130.));
#10020=CARTESIAN_POINT('',(-50.,50.,130.));
#10021=CARTESIAN_POINT('',(50.,50.,130.));
#10022=CARTESIAN_POINT('',(-15.,-42.5,130.));
#10023=CARTESIAN_POINT('',(-22.4999999999996,17.8502302975779,130.));
#10024=CARTESIAN_POINT('',(15.,42.5,130.));
#10025=CARTESIAN_POINT('',(15.,22.5,130.));
#10026=CARTESIAN_POINT('',(22.5,42.5,130.));
#10027=CARTESIAN_POINT('',(42.5,8.92511514878955,130.));
#10028=CARTESIAN_POINT('Origin',(22.5,42.5,127.5));
#10029=CARTESIAN_POINT('',(15.,45.,127.5));
#10030=CARTESIAN_POINT('Origin',(15.,42.5,127.5));
#10031=CARTESIAN_POINT('',(22.5,45.,127.5));
#10032=CARTESIAN_POINT('Origin',(42.5,8.92511514878955,127.5));
#10033=CARTESIAN_POINT('Origin',(-15.,-42.5,127.5));
#10034=CARTESIAN_POINT('',(-15.,-45.,127.5));
#10035=CARTESIAN_POINT('Origin',(-30.,-45.,130.));
#10036=CARTESIAN_POINT('',(30.,-45.,120.));
#10037=CARTESIAN_POINT('Origin',(-45.,17.8502302975789,130.));
#10038=CARTESIAN_POINT('',(-45.,17.8502302975789,130.));
#10039=CARTESIAN_POINT('Origin',(-45.,45.,130.));
#10040=CARTESIAN_POINT('Origin',(15.,45.,130.));
#10041=CARTESIAN_POINT('',(15.,45.,120.));
#10042=CARTESIAN_POINT('',(15.,45.,120.));
#10043=CARTESIAN_POINT('',(15.,45.,130.));
#10044=CARTESIAN_POINT('Origin',(45.,45.,130.));
#10045=CARTESIAN_POINT('',(45.,45.,120.));
#10046=CARTESIAN_POINT('Origin',(31.25,32.6751151487895,120.));
#10047=CARTESIAN_POINT('Origin',(0.,-46.25,120.));
#10048=CARTESIAN_POINT('Origin',(-45.,-50.,130.));
#10049=CARTESIAN_POINT('',(45.,-50.,130.));
#10050=CARTESIAN_POINT('',(-45.,-50.,130.));
#10051=CARTESIAN_POINT('Origin',(-45.,-45.,130.));
#10052=CARTESIAN_POINT('',(-50.,-45.,130.));
#10053=CARTESIAN_POINT('Origin',(-50.,50.,130.));
#10054=CARTESIAN_POINT('',(-50.,50.,130.));
#10055=CARTESIAN_POINT('Origin',(50.,50.,130.));
#10056=CARTESIAN_POINT('',(50.,50.,130.));
#10057=CARTESIAN_POINT('Origin',(50.,-45.,130.));
#10058=CARTESIAN_POINT('',(50.,-45.,130.));
#10059=CARTESIAN_POINT('Origin',(45.,-45.,130.));
#10060=CARTESIAN_POINT('Origin',(0.,0.,132.5));
#10061=UNCERTAINTY_MEASURE_WITH_UNIT(LENGTH_MEASURE(0.01),#10065,
'DISTANCE_ACCURACY_VALUE',
'Maximum model space distance between geometric entities at asserted c
onnectivities');
#10062=UNCERTAINTY_MEASURE_WITH_UNIT(LENGTH_MEASURE(0.01),#10065,
'DISTANCE_ACCURACY_VALUE',
'Maximum model space distance between geometric entities at asserted c
onnectivities');
#10063=(
GEOMETRIC_REPRESENTATION_CONTEXT(3)
GLOBAL_UNCERTAINTY_ASSIGNED_CONTEXT((#10061))
GLOBAL_UNIT_ASSIGNED_CONTEXT((#10065,#10067,#10068))
REPRESENTATION_CONTEXT('','3D')
);
#10064=(
GEOMETRIC_REPRESENTATION_CONTEXT(3)
GLOBAL_UNCERTAINTY_ASSIGNED_CONTEXT((#10062))
GLOBAL_UNIT_ASSIGNED_CONTEXT((#10065,#10067,#10068))
REPRESENTATION_CONTEXT('','3D')
);
#10065=(
LENGTH_UNIT()
NAMED_UNIT(*)
SI_UNIT(.MILLI.,.METRE.)
);
#10066=(
LENGTH_UNIT()
NAMED_UNIT(*)
SI_UNIT($,.METRE.)
);
#10067=(
NAMED_UNIT(*)
PLANE_ANGLE_UNIT()
SI_UNIT($,.RADIAN.)
);
#10068=(
NAMED_UNIT(*)
SI_UNIT($,.STERADIAN.)
SOLID_ANGLE_UNIT()
);
#10069=SHAPE_DEFINITION_REPRESENTATION(#10070,#10071);
#10070=PRODUCT_DEFINITION_SHAPE('',$,#10073);
#10071=SHAPE_REPRESENTATION('',(#5692),#10063);
#10072=PRODUCT_DEFINITION_CONTEXT('part definition',#10077,'design');
#10073=PRODUCT_DEFINITION('(Unsaved)','(Unsaved)',#10074,#10072);
#10074=PRODUCT_DEFINITION_FORMATION('',$,#10079);
#10075=PRODUCT_RELATED_PRODUCT_CATEGORY('(Unsaved)','(Unsaved)',(#10079));
#10076=APPLICATION_PROTOCOL_DEFINITION('international standard',
'automotive_design',2009,#10077);
#10077=APPLICATION_CONTEXT(
'Core Data for Automotive Mechanical Design Process');
#10078=PRODUCT_CONTEXT('part definition',#10077,'mechanical');
#10079=PRODUCT('(Unsaved)','(Unsaved)',$,(#10078));
#10080=PRESENTATION_STYLE_ASSIGNMENT((#10081));
#10081=SURFACE_STYLE_USAGE(.BOTH.,#10082);
#10082=SURFACE_SIDE_STYLE('',(#10083));
#10083=SURFACE_STYLE_FILL_AREA(#10084);
#10084=FILL_AREA_STYLE('Steel - Satin',(#10085));
#10085=FILL_AREA_STYLE_COLOUR('Steel - Satin',#10086);
#10086=COLOUR_RGB('Steel - Satin',0.792156862745098,0.792156862745098,0.792156862745098);
ENDSEC;
END-ISO-10303-21;
