ISO-10303-21;
HEADER;
FILE_DESCRIPTION(('STEP AP214'),'1');
FILE_NAME('Chassis - Blank.stp','2026-07-27T15:36:04',(' '),(' '),'Spatial InterOp 3D',' ',' ');
FILE_SCHEMA(('AUTOMOTIVE_DESIGN { 1 0 10303 214 1 1 1 1 }'));
ENDSEC;
DATA;
#1=PRODUCT_DEFINITION_CONTEXT('',#11,'design');
#2=APPLICATION_PROTOCOL_DEFINITION('INTERNATIONAL STANDARD','automotive_design',1994,#11);
#3=PRODUCT_CATEGORY_RELATIONSHIP('NONE','NONE',#12,#13);
#4=SHAPE_DEFINITION_REPRESENTATION(#14,#15);
#5=SHAPE_DEFINITION_REPRESENTATION(#14,#16);
#6=SHAPE_DEFINITION_REPRESENTATION(#14,#17);
#7= (GEOMETRIC_REPRESENTATION_CONTEXT(3)GLOBAL_UNCERTAINTY_ASSIGNED_CONTEXT((#20))GLOBAL_UNIT_ASSIGNED_CONTEXT((#22,#23,#24))REPRESENTATION_CONTEXT('NONE','WORKSPACE'));
#11=APPLICATION_CONTEXT(' ');
#12=PRODUCT_CATEGORY('part','NONE');
#13=PRODUCT_RELATED_PRODUCT_CATEGORY('detail',' ',(#26));
#14=PRODUCT_DEFINITION_SHAPE('NONE','NONE',#27);
#15=ADVANCED_BREP_SHAPE_REPRESENTATION('1',(#28,#29),#7);
#16=ADVANCED_BREP_SHAPE_REPRESENTATION('2',(#30,#31),#7);
#17=ADVANCED_BREP_SHAPE_REPRESENTATION('3',(#32,#33),#7);
#20=UNCERTAINTY_MEASURE_WITH_UNIT(LENGTH_MEASURE(0.001),#22,'','');
#22= (CONVERSION_BASED_UNIT('MILLIMETRE',#36)LENGTH_UNIT()NAMED_UNIT(#39));
#23= (NAMED_UNIT(#41)PLANE_ANGLE_UNIT()SI_UNIT($,.RADIAN.));
#24= (NAMED_UNIT(#41)SOLID_ANGLE_UNIT()SI_UNIT($,.STERADIAN.));
#26=PRODUCT('1','','PART--DESC',(#47));
#27=PRODUCT_DEFINITION('','NONE',#48,#1);
#28=MANIFOLD_SOLID_BREP('1',#49);
#29=AXIS2_PLACEMENT_3D('',#50,#51,#52);
#30=MANIFOLD_SOLID_BREP('2',#53);
#31=AXIS2_PLACEMENT_3D('',#54,#55,#56);
#32=MANIFOLD_SOLID_BREP('3',#57);
#33=AXIS2_PLACEMENT_3D('',#58,#59,#60);
#36=LENGTH_MEASURE_WITH_UNIT(LENGTH_MEASURE(1.0),#61);
#39=DIMENSIONAL_EXPONENTS(1.0,0.0,0.0,0.0,0.0,0.0,0.0);
#41=DIMENSIONAL_EXPONENTS(0.0,0.0,0.0,0.0,0.0,0.0,0.0);
#47=PRODUCT_CONTEXT('',#11,'mechanical');
#48=PRODUCT_DEFINITION_FORMATION_WITH_SPECIFIED_SOURCE(' ','NONE',#26,.NOT_KNOWN.);
#49=CLOSED_SHELL('',(#62,#63,#64,#65,#66,#67,#68,#69,#70,#71,#72,#73,#74,#75,#76,#77,#78,#79,#80,#81,#82,#83,#84,#85,#86,#87,#88,#89,#90,#91,#92,#93,#94,#95,#96,#97,#98,#99,#100,#101,#102,#103,#104,#105,#106,#107,#108,#109,#110,#111,#112,#113,#114,#115,#116,#117,#118,#119,#120,#121,#122,#123,#124,#125,#126,#127,#128,#129,#130,#131,#132,#133,#134,#135,#136,#137,#138,#139,#140,#141,#142,#143,#144,#145,#146,#147,#148,#149,#150,#151,#152,#153,#154,#155,#156,#157,#158,#159,#160,#161,#162,#163,#164,#165,#166,#167,#168,#169,#170,#171,#172,#173,#174,#175,#176,#177,#178,#179,#180,#181,#182,#183,#184,#185,#186,#187,#188,#189,#190,#191,#192,#193,#194,#195,#196,#197,#198,#199,#200,#201,#202,#203,#204,#205,#206,#207,#208,#209,#210,#211,#212,#213,#214,#215,#216,#217,#218,#219,#220,#221,#222,#223,#224,#225,#226,#227,#228,#229,#230,#231,#232,#233,#234,#235,#236,#237,#238,#239,#240,#241,#242,#243,#244,#245,#246,#247,#248,#249,#250,#251,#252,#253,#254,#255,#256,#257,#258,#259,#260,#261,#262,#263));
#50=CARTESIAN_POINT('',(0.0,0.0,0.0));
#51=DIRECTION('',(0.0,0.0,1.0));
#52=DIRECTION('',(1.0,0.0,0.0));
#53=CLOSED_SHELL('',(#264,#265,#266,#267));
#54=CARTESIAN_POINT('',(0.0,0.0,0.0));
#55=DIRECTION('',(0.0,0.0,1.0));
#56=DIRECTION('',(1.0,0.0,0.0));
#57=CLOSED_SHELL('',(#268,#269,#270,#271));
#58=CARTESIAN_POINT('',(0.0,0.0,0.0));
#59=DIRECTION('',(0.0,0.0,1.0));
#60=DIRECTION('',(1.0,0.0,0.0));
#61= (NAMED_UNIT(#39)LENGTH_UNIT()SI_UNIT(.MILLI.,.METRE.));
#62=ADVANCED_FACE('',(#273),#274,.T.);
#63=ADVANCED_FACE('',(#275),#276,.T.);
#64=ADVANCED_FACE('',(#277),#278,.T.);
#65=ADVANCED_FACE('',(#279),#280,.T.);
#66=ADVANCED_FACE('',(#281),#282,.F.);
#67=ADVANCED_FACE('',(#283),#284,.T.);
#68=ADVANCED_FACE('',(#285),#286,.F.);
#69=ADVANCED_FACE('',(#287),#288,.F.);
#70=ADVANCED_FACE('',(#289),#290,.F.);
#71=ADVANCED_FACE('',(#291),#292,.F.);
#72=ADVANCED_FACE('',(#293),#294,.F.);
#73=ADVANCED_FACE('',(#295),#296,.F.);
#74=ADVANCED_FACE('',(#297),#298,.F.);
#75=ADVANCED_FACE('',(#299),#300,.F.);
#76=ADVANCED_FACE('',(#301),#302,.F.);
#77=ADVANCED_FACE('',(#303),#304,.F.);
#78=ADVANCED_FACE('',(#305),#306,.T.);
#79=ADVANCED_FACE('',(#307),#308,.T.);
#80=ADVANCED_FACE('',(#309,#310,#311,#312),#313,.F.);
#81=ADVANCED_FACE('',(#314,#315,#316,#317),#318,.F.);
#82=ADVANCED_FACE('',(#319,#320,#321,#322,#323,#324),#325,.F.);
#83=ADVANCED_FACE('',(#326,#327,#328,#329),#330,.F.);
#84=ADVANCED_FACE('',(#331,#332,#333),#334,.T.);
#85=ADVANCED_FACE('',(#335,#336),#337,.F.);
#86=ADVANCED_FACE('',(#338,#339,#340),#341,.F.);
#87=ADVANCED_FACE('',(#342,#343),#344,.F.);
#88=ADVANCED_FACE('',(#345,#346,#347,#348,#349),#350,.F.);
#89=ADVANCED_FACE('',(#351),#352,.T.);
#90=ADVANCED_FACE('',(#353),#354,.T.);
#91=ADVANCED_FACE('',(#355),#356,.F.);
#92=ADVANCED_FACE('',(#357),#358,.F.);
#93=ADVANCED_FACE('',(#359,#360),#361,.F.);
#94=ADVANCED_FACE('',(#362,#363),#364,.F.);
#95=ADVANCED_FACE('',(#365,#366),#367,.F.);
#96=ADVANCED_FACE('',(#368,#369),#370,.F.);
#97=ADVANCED_FACE('',(#371),#372,.T.);
#98=ADVANCED_FACE('',(#373),#374,.F.);
#99=ADVANCED_FACE('',(#375),#376,.F.);
#100=ADVANCED_FACE('',(#377),#378,.F.);
#101=ADVANCED_FACE('',(#379),#380,.F.);
#102=ADVANCED_FACE('',(#381),#382,.F.);
#103=ADVANCED_FACE('',(#383),#384,.T.);
#104=ADVANCED_FACE('',(#385),#386,.T.);
#105=ADVANCED_FACE('',(#387),#388,.T.);
#106=ADVANCED_FACE('',(#389),#390,.T.);
#107=ADVANCED_FACE('',(#391),#392,.T.);
#108=ADVANCED_FACE('',(#393),#394,.T.);
#109=ADVANCED_FACE('',(#395),#396,.T.);
#110=ADVANCED_FACE('',(#397),#398,.F.);
#111=ADVANCED_FACE('',(#399),#400,.F.);
#112=ADVANCED_FACE('',(#401),#402,.F.);
#113=ADVANCED_FACE('',(#403),#404,.F.);
#114=ADVANCED_FACE('',(#405),#406,.F.);
#115=ADVANCED_FACE('',(#407),#408,.F.);
#116=ADVANCED_FACE('',(#409),#410,.T.);
#117=ADVANCED_FACE('',(#411),#412,.T.);
#118=ADVANCED_FACE('',(#413),#414,.T.);
#119=ADVANCED_FACE('',(#415,#416),#417,.T.);
#120=ADVANCED_FACE('',(#418,#419),#420,.T.);
#121=ADVANCED_FACE('',(#421,#422),#423,.F.);
#122=ADVANCED_FACE('',(#424,#425),#426,.T.);
#123=ADVANCED_FACE('',(#427,#428),#429,.T.);
#124=ADVANCED_FACE('',(#430,#431),#432,.F.);
#125=ADVANCED_FACE('',(#433,#434),#435,.F.);
#126=ADVANCED_FACE('',(#436),#437,.F.);
#127=ADVANCED_FACE('',(#438),#439,.T.);
#128=ADVANCED_FACE('',(#440),#441,.F.);
#129=ADVANCED_FACE('',(#442),#443,.T.);
#130=ADVANCED_FACE('',(#444),#445,.F.);
#131=ADVANCED_FACE('',(#446,#447),#448,.F.);
#132=ADVANCED_FACE('',(#449),#450,.F.);
#133=ADVANCED_FACE('',(#451),#452,.F.);
#134=ADVANCED_FACE('',(#453),#454,.F.);
#135=ADVANCED_FACE('',(#455,#456),#457,.F.);
#136=ADVANCED_FACE('',(#458,#459),#460,.T.);
#137=ADVANCED_FACE('',(#461),#462,.T.);
#138=ADVANCED_FACE('',(#463),#464,.F.);
#139=ADVANCED_FACE('',(#465),#466,.T.);
#140=ADVANCED_FACE('',(#467),#468,.T.);
#141=ADVANCED_FACE('',(#469,#470),#471,.T.);
#142=ADVANCED_FACE('',(#472),#473,.T.);
#143=ADVANCED_FACE('',(#474,#475),#476,.T.);
#144=ADVANCED_FACE('',(#477,#478),#479,.F.);
#145=ADVANCED_FACE('',(#480),#481,.T.);
#146=ADVANCED_FACE('',(#482),#483,.F.);
#147=ADVANCED_FACE('',(#484),#485,.T.);
#148=ADVANCED_FACE('',(#486),#487,.F.);
#149=ADVANCED_FACE('',(#488),#489,.T.);
#150=ADVANCED_FACE('',(#490),#491,.T.);
#151=ADVANCED_FACE('',(#492),#493,.F.);
#152=ADVANCED_FACE('',(#494),#495,.T.);
#153=ADVANCED_FACE('',(#496),#497,.T.);
#154=ADVANCED_FACE('',(#498),#499,.F.);
#155=ADVANCED_FACE('',(#500),#501,.F.);
#156=ADVANCED_FACE('',(#502),#503,.T.);
#157=ADVANCED_FACE('',(#504),#505,.T.);
#158=ADVANCED_FACE('',(#506),#507,.T.);
#159=ADVANCED_FACE('',(#508),#509,.F.);
#160=ADVANCED_FACE('',(#510),#511,.T.);
#161=ADVANCED_FACE('',(#512),#513,.T.);
#162=ADVANCED_FACE('',(#514),#515,.T.);
#163=ADVANCED_FACE('',(#516),#517,.T.);
#164=ADVANCED_FACE('',(#518),#519,.T.);
#165=ADVANCED_FACE('',(#520),#521,.T.);
#166=ADVANCED_FACE('',(#522),#523,.T.);
#167=ADVANCED_FACE('',(#524),#525,.T.);
#168=ADVANCED_FACE('',(#526,#527),#528,.T.);
#169=ADVANCED_FACE('',(#529,#530),#531,.F.);
#170=ADVANCED_FACE('',(#532),#533,.T.);
#171=ADVANCED_FACE('',(#534),#535,.T.);
#172=ADVANCED_FACE('',(#536),#537,.T.);
#173=ADVANCED_FACE('',(#538),#539,.F.);
#174=ADVANCED_FACE('',(#540),#541,.T.);
#175=ADVANCED_FACE('',(#542),#543,.F.);
#176=ADVANCED_FACE('',(#544),#545,.T.);
#177=ADVANCED_FACE('',(#546),#547,.F.);
#178=ADVANCED_FACE('',(#548),#549,.T.);
#179=ADVANCED_FACE('',(#550),#551,.F.);
#180=ADVANCED_FACE('',(#552),#553,.T.);
#181=ADVANCED_FACE('',(#554),#555,.F.);
#182=ADVANCED_FACE('',(#556),#557,.T.);
#183=ADVANCED_FACE('',(#558),#559,.F.);
#184=ADVANCED_FACE('',(#560),#561,.T.);
#185=ADVANCED_FACE('',(#562),#563,.F.);
#186=ADVANCED_FACE('',(#564),#565,.T.);
#187=ADVANCED_FACE('',(#566),#567,.F.);
#188=ADVANCED_FACE('',(#568),#569,.F.);
#189=ADVANCED_FACE('',(#570),#571,.T.);
#190=ADVANCED_FACE('',(#572,#573,#574,#575,#576),#577,.F.);
#191=ADVANCED_FACE('',(#578),#579,.T.);
#192=ADVANCED_FACE('',(#580),#581,.T.);
#193=ADVANCED_FACE('',(#582),#583,.F.);
#194=ADVANCED_FACE('',(#584),#585,.F.);
#195=ADVANCED_FACE('',(#586),#587,.F.);
#196=ADVANCED_FACE('',(#588),#589,.F.);
#197=ADVANCED_FACE('',(#590),#591,.F.);
#198=ADVANCED_FACE('',(#592),#593,.F.);
#199=ADVANCED_FACE('',(#594),#595,.F.);
#200=ADVANCED_FACE('',(#596),#597,.F.);
#201=ADVANCED_FACE('',(#598),#599,.F.);
#202=ADVANCED_FACE('',(#600),#601,.F.);
#203=ADVANCED_FACE('',(#602),#603,.F.);
#204=ADVANCED_FACE('',(#604),#605,.F.);
#205=ADVANCED_FACE('',(#606),#607,.F.);
#206=ADVANCED_FACE('',(#608),#609,.F.);
#207=ADVANCED_FACE('',(#610),#611,.F.);
#208=ADVANCED_FACE('',(#612,#613),#614,.F.);
#209=ADVANCED_FACE('',(#615,#616),#617,.F.);
#210=ADVANCED_FACE('',(#618),#619,.F.);
#211=ADVANCED_FACE('',(#620),#621,.T.);
#212=ADVANCED_FACE('',(#622),#623,.T.);
#213=ADVANCED_FACE('',(#624,#625),#626,.F.);
#214=ADVANCED_FACE('',(#627),#628,.F.);
#215=ADVANCED_FACE('',(#629),#630,.T.);
#216=ADVANCED_FACE('',(#631,#632),#633,.F.);
#217=ADVANCED_FACE('',(#634,#635),#636,.F.);
#218=ADVANCED_FACE('',(#637),#638,.F.);
#219=ADVANCED_FACE('',(#639),#640,.F.);
#220=ADVANCED_FACE('',(#641),#642,.F.);
#221=ADVANCED_FACE('',(#643),#644,.T.);
#222=ADVANCED_FACE('',(#645),#646,.T.);
#223=ADVANCED_FACE('',(#647),#648,.F.);
#224=ADVANCED_FACE('',(#649),#650,.F.);
#225=ADVANCED_FACE('',(#651),#652,.F.);
#226=ADVANCED_FACE('',(#653),#654,.F.);
#227=ADVANCED_FACE('',(#655),#656,.T.);
#228=ADVANCED_FACE('',(#657),#658,.T.);
#229=ADVANCED_FACE('',(#659),#660,.F.);
#230=ADVANCED_FACE('',(#661),#662,.T.);
#231=ADVANCED_FACE('',(#663),#664,.T.);
#232=ADVANCED_FACE('',(#665),#666,.F.);
#233=ADVANCED_FACE('',(#667),#668,.F.);
#234=ADVANCED_FACE('',(#669),#670,.F.);
#235=ADVANCED_FACE('',(#671),#672,.F.);
#236=ADVANCED_FACE('',(#673),#674,.F.);
#237=ADVANCED_FACE('',(#675),#676,.F.);
#238=ADVANCED_FACE('',(#677),#678,.F.);
#239=ADVANCED_FACE('',(#679),#680,.F.);
#240=ADVANCED_FACE('',(#681),#682,.F.);
#241=ADVANCED_FACE('',(#683),#684,.F.);
#242=ADVANCED_FACE('',(#685),#686,.F.);
#243=ADVANCED_FACE('',(#687),#688,.F.);
#244=ADVANCED_FACE('',(#689),#690,.F.);
#245=ADVANCED_FACE('',(#691),#692,.F.);
#246=ADVANCED_FACE('',(#693),#694,.F.);
#247=ADVANCED_FACE('',(#695),#696,.T.);
#248=ADVANCED_FACE('',(#697),#698,.F.);
#249=ADVANCED_FACE('',(#699),#700,.F.);
#250=ADVANCED_FACE('',(#701),#702,.T.);
#251=ADVANCED_FACE('',(#703),#704,.T.);
#252=ADVANCED_FACE('',(#705),#706,.T.);
#253=ADVANCED_FACE('',(#707),#708,.F.);
#254=ADVANCED_FACE('',(#709),#710,.T.);
#255=ADVANCED_FACE('',(#711),#712,.T.);
#256=ADVANCED_FACE('',(#713),#714,.T.);
#257=ADVANCED_FACE('',(#715),#716,.T.);
#258=ADVANCED_FACE('',(#717),#718,.T.);
#259=ADVANCED_FACE('',(#719),#720,.F.);
#260=ADVANCED_FACE('',(#721),#722,.T.);
#261=ADVANCED_FACE('',(#723),#724,.F.);
#262=ADVANCED_FACE('',(#725),#726,.T.);
#263=ADVANCED_FACE('',(#727,#728),#729,.F.);
#264=ADVANCED_FACE('',(#730,#731),#732,.T.);
#265=ADVANCED_FACE('',(#733),#734,.F.);
#266=ADVANCED_FACE('',(#735),#736,.T.);
#267=ADVANCED_FACE('',(#737,#738),#739,.T.);
#268=ADVANCED_FACE('',(#740,#741),#742,.T.);
#269=ADVANCED_FACE('',(#743),#744,.F.);
#270=ADVANCED_FACE('',(#745),#746,.T.);
#271=ADVANCED_FACE('',(#747,#748),#749,.T.);
#273=FACE_OUTER_BOUND('',#750,.T.);
#274=CYLINDRICAL_SURFACE('',#751,0.5);
#275=FACE_OUTER_BOUND('',#752,.T.);
#276=CYLINDRICAL_SURFACE('',#753,0.5);
#277=FACE_OUTER_BOUND('',#754,.T.);
#278=CYLINDRICAL_SURFACE('',#755,2.5);
#279=FACE_OUTER_BOUND('',#756,.T.);
#280=CYLINDRICAL_SURFACE('',#757,2.5);
#281=FACE_OUTER_BOUND('',#758,.T.);
#282=CYLINDRICAL_SURFACE('',#759,2.5);
#283=FACE_OUTER_BOUND('',#760,.T.);
#284=CYLINDRICAL_SURFACE('',#761,20.0);
#285=FACE_OUTER_BOUND('',#762,.T.);
#286=CYLINDRICAL_SURFACE('',#763,12.5);
#287=FACE_OUTER_BOUND('',#764,.T.);
#288=CYLINDRICAL_SURFACE('',#765,2.5);
#289=FACE_OUTER_BOUND('',#766,.T.);
#290=CYLINDRICAL_SURFACE('',#767,2.5);
#291=FACE_OUTER_BOUND('',#768,.T.);
#292=CYLINDRICAL_SURFACE('',#769,12.5);
#293=FACE_OUTER_BOUND('',#770,.T.);
#294=CYLINDRICAL_SURFACE('',#771,2.5);
#295=FACE_OUTER_BOUND('',#772,.T.);
#296=CYLINDRICAL_SURFACE('',#773,2.5);
#297=FACE_OUTER_BOUND('',#774,.T.);
#298=CYLINDRICAL_SURFACE('',#775,12.5);
#299=FACE_OUTER_BOUND('',#776,.T.);
#300=PLANE('',#777);
#301=FACE_OUTER_BOUND('',#778,.T.);
#302=PLANE('',#779);
#303=FACE_OUTER_BOUND('',#780,.T.);
#304=PLANE('',#781);
#305=FACE_OUTER_BOUND('',#782,.T.);
#306=CYLINDRICAL_SURFACE('',#783,20.0);
#307=FACE_OUTER_BOUND('',#784,.T.);
#308=CYLINDRICAL_SURFACE('',#785,20.0);
#309=FACE_BOUND('',#786,.T.);
#310=FACE_BOUND('',#787,.T.);
#311=FACE_BOUND('',#788,.T.);
#312=FACE_OUTER_BOUND('',#789,.T.);
#313=PLANE('',#790);
#314=FACE_BOUND('',#791,.T.);
#315=FACE_BOUND('',#792,.T.);
#316=FACE_BOUND('',#793,.T.);
#317=FACE_OUTER_BOUND('',#794,.T.);
#318=PLANE('',#795);
#319=FACE_BOUND('',#796,.T.);
#320=FACE_BOUND('',#797,.T.);
#321=FACE_BOUND('',#798,.T.);
#322=FACE_BOUND('',#799,.T.);
#323=FACE_OUTER_BOUND('',#800,.T.);
#324=FACE_BOUND('',#801,.T.);
#325=PLANE('',#802);
#326=FACE_BOUND('',#803,.T.);
#327=FACE_BOUND('',#804,.T.);
#328=FACE_OUTER_BOUND('',#805,.T.);
#329=FACE_BOUND('',#806,.T.);
#330=PLANE('',#807);
#331=FACE_BOUND('',#808,.T.);
#332=FACE_OUTER_BOUND('',#809,.T.);
#333=FACE_BOUND('',#810,.T.);
#334=PLANE('',#811);
#335=FACE_BOUND('',#812,.T.);
#336=FACE_OUTER_BOUND('',#813,.T.);
#337=PLANE('',#814);
#338=FACE_BOUND('',#815,.T.);
#339=FACE_BOUND('',#816,.T.);
#340=FACE_OUTER_BOUND('',#817,.T.);
#341=PLANE('',#818);
#342=FACE_BOUND('',#819,.T.);
#343=FACE_OUTER_BOUND('',#820,.T.);
#344=PLANE('',#821);
#345=FACE_BOUND('',#822,.T.);
#346=FACE_BOUND('',#823,.T.);
#347=FACE_BOUND('',#824,.T.);
#348=FACE_OUTER_BOUND('',#825,.T.);
#349=FACE_BOUND('',#826,.T.);
#350=PLANE('',#827);
#351=FACE_OUTER_BOUND('',#828,.T.);
#352=CYLINDRICAL_SURFACE('',#829,5.0);
#353=FACE_OUTER_BOUND('',#830,.T.);
#354=CYLINDRICAL_SURFACE('',#831,5.0);
#355=FACE_OUTER_BOUND('',#832,.T.);
#356=CYLINDRICAL_SURFACE('',#833,1.0);
#357=FACE_OUTER_BOUND('',#834,.T.);
#358=CYLINDRICAL_SURFACE('',#835,1.0);
#359=FACE_OUTER_BOUND('',#836,.T.);
#360=FACE_OUTER_BOUND('',#837,.T.);
#361=TOROIDAL_SURFACE('',#838,8.96514277487294,5.0);
#362=FACE_OUTER_BOUND('',#839,.T.);
#363=FACE_OUTER_BOUND('',#840,.T.);
#364=TOROIDAL_SURFACE('',#841,8.96514277487295,5.0);
#365=FACE_OUTER_BOUND('',#842,.T.);
#366=FACE_OUTER_BOUND('',#843,.T.);
#367=TOROIDAL_SURFACE('',#844,2.75,0.5);
#368=FACE_OUTER_BOUND('',#845,.T.);
#369=FACE_OUTER_BOUND('',#846,.T.);
#370=TOROIDAL_SURFACE('',#847,2.75,0.5);
#371=FACE_OUTER_BOUND('',#848,.T.);
#372=PLANE('',#849);
#373=FACE_OUTER_BOUND('',#850,.T.);
#374=PLANE('',#851);
#375=FACE_OUTER_BOUND('',#852,.T.);
#376=CYLINDRICAL_SURFACE('',#853,0.5);
#377=FACE_OUTER_BOUND('',#854,.T.);
#378=CYLINDRICAL_SURFACE('',#855,0.5);
#379=FACE_OUTER_BOUND('',#856,.T.);
#380=CYLINDRICAL_SURFACE('',#857,0.5);
#381=FACE_OUTER_BOUND('',#858,.T.);
#382=PLANE('',#859);
#383=FACE_OUTER_BOUND('',#860,.T.);
#384=PLANE('',#861);
#385=FACE_OUTER_BOUND('',#862,.T.);
#386=PLANE('',#863);
#387=FACE_OUTER_BOUND('',#864,.T.);
#388=PLANE('',#865);
#389=FACE_OUTER_BOUND('',#866,.T.);
#390=PLANE('',#867);
#391=FACE_OUTER_BOUND('',#868,.T.);
#392=PLANE('',#869);
#393=FACE_OUTER_BOUND('',#870,.T.);
#394=PLANE('',#871);
#395=FACE_OUTER_BOUND('',#872,.T.);
#396=PLANE('',#873);
#397=FACE_OUTER_BOUND('',#874,.T.);
#398=CYLINDRICAL_SURFACE('',#875,42.5);
#399=FACE_OUTER_BOUND('',#876,.T.);
#400=CYLINDRICAL_SURFACE('',#877,10.0);
#401=FACE_OUTER_BOUND('',#878,.T.);
#402=CYLINDRICAL_SURFACE('',#879,10.0);
#403=FACE_OUTER_BOUND('',#880,.T.);
#404=PLANE('',#881);
#405=FACE_OUTER_BOUND('',#882,.T.);
#406=PLANE('',#883);
#407=FACE_OUTER_BOUND('',#884,.T.);
#408=PLANE('',#885);
#409=FACE_OUTER_BOUND('',#886,.T.);
#410=PLANE('',#887);
#411=FACE_OUTER_BOUND('',#888,.T.);
#412=PLANE('',#889);
#413=FACE_OUTER_BOUND('',#890,.T.);
#414=PLANE('',#891);
#415=FACE_OUTER_BOUND('',#892,.T.);
#416=FACE_BOUND('',#893,.T.);
#417=PLANE('',#894);
#418=FACE_BOUND('',#895,.T.);
#419=FACE_OUTER_BOUND('',#896,.T.);
#420=PLANE('',#897);
#421=FACE_OUTER_BOUND('',#898,.T.);
#422=FACE_OUTER_BOUND('',#899,.T.);
#423=CYLINDRICAL_SURFACE('',#900,3.25);
#424=FACE_OUTER_BOUND('',#901,.T.);
#425=FACE_BOUND('',#902,.T.);
#426=PLANE('',#903);
#427=FACE_BOUND('',#904,.T.);
#428=FACE_OUTER_BOUND('',#905,.T.);
#429=PLANE('',#906);
#430=FACE_OUTER_BOUND('',#907,.T.);
#431=FACE_OUTER_BOUND('',#908,.T.);
#432=CYLINDRICAL_SURFACE('',#909,3.25);
#433=FACE_OUTER_BOUND('',#910,.T.);
#434=FACE_OUTER_BOUND('',#911,.T.);
#435=CYLINDRICAL_SURFACE('',#912,2.5);
#436=FACE_OUTER_BOUND('',#913,.T.);
#437=PLANE('',#914);
#438=FACE_OUTER_BOUND('',#915,.T.);
#439=PLANE('',#916);
#440=FACE_OUTER_BOUND('',#917,.T.);
#441=PLANE('',#918);
#442=FACE_OUTER_BOUND('',#919,.T.);
#443=PLANE('',#920);
#444=FACE_OUTER_BOUND('',#921,.T.);
#445=PLANE('',#922);
#446=FACE_BOUND('',#923,.T.);
#447=FACE_OUTER_BOUND('',#924,.T.);
#448=PLANE('',#925);
#449=FACE_OUTER_BOUND('',#926,.T.);
#450=PLANE('',#927);
#451=FACE_OUTER_BOUND('',#928,.T.);
#452=PLANE('',#929);
#453=FACE_OUTER_BOUND('',#930,.T.);
#454=PLANE('',#931);
#455=FACE_OUTER_BOUND('',#932,.T.);
#456=FACE_BOUND('',#933,.T.);
#457=PLANE('',#934);
#458=FACE_BOUND('',#935,.T.);
#459=FACE_OUTER_BOUND('',#936,.T.);
#460=PLANE('',#937);
#461=FACE_OUTER_BOUND('',#938,.T.);
#462=PLANE('',#939);
#463=FACE_OUTER_BOUND('',#940,.T.);
#464=PLANE('',#941);
#465=FACE_OUTER_BOUND('',#942,.T.);
#466=PLANE('',#943);
#467=FACE_OUTER_BOUND('',#944,.T.);
#468=PLANE('',#945);
#469=FACE_BOUND('',#946,.T.);
#470=FACE_OUTER_BOUND('',#947,.T.);
#471=PLANE('',#948);
#472=FACE_OUTER_BOUND('',#949,.T.);
#473=PLANE('',#950);
#474=FACE_OUTER_BOUND('',#951,.T.);
#475=FACE_BOUND('',#952,.T.);
#476=PLANE('',#953);
#477=FACE_BOUND('',#954,.T.);
#478=FACE_OUTER_BOUND('',#955,.T.);
#479=PLANE('',#956);
#480=FACE_OUTER_BOUND('',#957,.T.);
#481=PLANE('',#958);
#482=FACE_OUTER_BOUND('',#959,.T.);
#483=PLANE('',#960);
#484=FACE_OUTER_BOUND('',#961,.T.);
#485=PLANE('',#962);
#486=FACE_OUTER_BOUND('',#963,.T.);
#487=PLANE('',#964);
#488=FACE_OUTER_BOUND('',#965,.T.);
#489=PLANE('',#966);
#490=FACE_OUTER_BOUND('',#967,.T.);
#491=PLANE('',#968);
#492=FACE_OUTER_BOUND('',#969,.T.);
#493=PLANE('',#970);
#494=FACE_OUTER_BOUND('',#971,.T.);
#495=PLANE('',#972);
#496=FACE_OUTER_BOUND('',#973,.T.);
#497=PLANE('',#974);
#498=FACE_OUTER_BOUND('',#975,.T.);
#499=PLANE('',#976);
#500=FACE_OUTER_BOUND('',#977,.T.);
#501=PLANE('',#978);
#502=FACE_OUTER_BOUND('',#979,.T.);
#503=PLANE('',#980);
#504=FACE_OUTER_BOUND('',#981,.T.);
#505=PLANE('',#982);
#506=FACE_OUTER_BOUND('',#983,.T.);
#507=PLANE('',#984);
#508=FACE_OUTER_BOUND('',#985,.T.);
#509=PLANE('',#986);
#510=FACE_OUTER_BOUND('',#987,.T.);
#511=PLANE('',#988);
#512=FACE_OUTER_BOUND('',#989,.T.);
#513=PLANE('',#990);
#514=FACE_OUTER_BOUND('',#991,.T.);
#515=PLANE('',#992);
#516=FACE_OUTER_BOUND('',#993,.T.);
#517=PLANE('',#994);
#518=FACE_OUTER_BOUND('',#995,.T.);
#519=PLANE('',#996);
#520=FACE_OUTER_BOUND('',#997,.T.);
#521=PLANE('',#998);
#522=FACE_OUTER_BOUND('',#999,.T.);
#523=PLANE('',#1000);
#524=FACE_OUTER_BOUND('',#1001,.T.);
#525=PLANE('',#1002);
#526=FACE_OUTER_BOUND('',#1003,.T.);
#527=FACE_BOUND('',#1004,.T.);
#528=PLANE('',#1005);
#529=FACE_OUTER_BOUND('',#1006,.T.);
#530=FACE_OUTER_BOUND('',#1007,.T.);
#531=CYLINDRICAL_SURFACE('',#1008,6.0);
#532=FACE_OUTER_BOUND('',#1009,.T.);
#533=PLANE('',#1010);
#534=FACE_OUTER_BOUND('',#1011,.T.);
#535=CYLINDRICAL_SURFACE('',#1012,2.5);
#536=FACE_OUTER_BOUND('',#1013,.T.);
#537=PLANE('',#1014);
#538=FACE_OUTER_BOUND('',#1015,.T.);
#539=PLANE('',#1016);
#540=FACE_OUTER_BOUND('',#1017,.T.);
#541=PLANE('',#1018);
#542=FACE_OUTER_BOUND('',#1019,.T.);
#543=PLANE('',#1020);
#544=FACE_OUTER_BOUND('',#1021,.T.);
#545=PLANE('',#1022);
#546=FACE_OUTER_BOUND('',#1023,.T.);
#547=PLANE('',#1024);
#548=FACE_OUTER_BOUND('',#1025,.T.);
#549=PLANE('',#1026);
#550=FACE_OUTER_BOUND('',#1027,.T.);
#551=PLANE('',#1028);
#552=FACE_OUTER_BOUND('',#1029,.T.);
#553=PLANE('',#1030);
#554=FACE_OUTER_BOUND('',#1031,.T.);
#555=PLANE('',#1032);
#556=FACE_OUTER_BOUND('',#1033,.T.);
#557=PLANE('',#1034);
#558=FACE_OUTER_BOUND('',#1035,.T.);
#559=PLANE('',#1036);
#560=FACE_OUTER_BOUND('',#1037,.T.);
#561=PLANE('',#1038);
#562=FACE_OUTER_BOUND('',#1039,.T.);
#563=PLANE('',#1040);
#564=FACE_OUTER_BOUND('',#1041,.T.);
#565=PLANE('',#1042);
#566=FACE_OUTER_BOUND('',#1043,.T.);
#567=PLANE('',#1044);
#568=FACE_OUTER_BOUND('',#1045,.T.);
#569=PLANE('',#1046);
#570=FACE_OUTER_BOUND('',#1047,.T.);
#571=PLANE('',#1048);
#572=FACE_BOUND('',#1049,.T.);
#573=FACE_BOUND('',#1050,.T.);
#574=FACE_BOUND('',#1051,.T.);
#575=FACE_OUTER_BOUND('',#1052,.T.);
#576=FACE_BOUND('',#1053,.T.);
#577=PLANE('',#1054);
#578=FACE_OUTER_BOUND('',#1055,.T.);
#579=CYLINDRICAL_SURFACE('',#1056,2.5);
#580=FACE_OUTER_BOUND('',#1057,.T.);
#581=TOROIDAL_SURFACE('',#1058,2.5,2.5);
#582=FACE_OUTER_BOUND('',#1059,.T.);
#583=CYLINDRICAL_SURFACE('',#1060,2.5);
#584=FACE_OUTER_BOUND('',#1061,.T.);
#585=CYLINDRICAL_SURFACE('',#1062,5.0);
#586=FACE_OUTER_BOUND('',#1063,.T.);
#587=CYLINDRICAL_SURFACE('',#1064,5.0);
#588=FACE_OUTER_BOUND('',#1065,.T.);
#589=CYLINDRICAL_SURFACE('',#1066,5.0);
#590=FACE_OUTER_BOUND('',#1067,.T.);
#591=CYLINDRICAL_SURFACE('',#1068,5.0);
#592=FACE_OUTER_BOUND('',#1069,.T.);
#593=CYLINDRICAL_SURFACE('',#1070,5.0);
#594=FACE_OUTER_BOUND('',#1071,.T.);
#595=CYLINDRICAL_SURFACE('',#1072,5.0);
#596=FACE_OUTER_BOUND('',#1073,.T.);
#597=CYLINDRICAL_SURFACE('',#1074,5.0);
#598=FACE_OUTER_BOUND('',#1075,.T.);
#599=CYLINDRICAL_SURFACE('',#1076,5.0);
#600=FACE_OUTER_BOUND('',#1077,.T.);
#601=CYLINDRICAL_SURFACE('',#1078,1.0);
#602=FACE_OUTER_BOUND('',#1079,.T.);
#603=CYLINDRICAL_SURFACE('',#1080,1.0);
#604=FACE_OUTER_BOUND('',#1081,.T.);
#605=CYLINDRICAL_SURFACE('',#1082,1.0);
#606=FACE_OUTER_BOUND('',#1083,.T.);
#607=CYLINDRICAL_SURFACE('',#1084,1.0);
#608=FACE_OUTER_BOUND('',#1085,.T.);
#609=PLANE('',#1086);
#610=FACE_OUTER_BOUND('',#1087,.T.);
#611=PLANE('',#1088);
#612=FACE_OUTER_BOUND('',#1089,.T.);
#613=FACE_OUTER_BOUND('',#1090,.T.);
#614=CYLINDRICAL_SURFACE('',#1091,2.6);
#615=FACE_OUTER_BOUND('',#1092,.T.);
#616=FACE_OUTER_BOUND('',#1093,.T.);
#617=CYLINDRICAL_SURFACE('',#1094,2.6);
#618=FACE_OUTER_BOUND('',#1095,.T.);
#619=PLANE('',#1096);
#620=FACE_OUTER_BOUND('',#1097,.T.);
#621=PLANE('',#1098);
#622=FACE_OUTER_BOUND('',#1099,.T.);
#623=PLANE('',#1100);
#624=FACE_OUTER_BOUND('',#1101,.T.);
#625=FACE_OUTER_BOUND('',#1102,.T.);
#626=CYLINDRICAL_SURFACE('',#1103,6.0);
#627=FACE_OUTER_BOUND('',#1104,.T.);
#628=PLANE('',#1105);
#629=FACE_OUTER_BOUND('',#1106,.T.);
#630=PLANE('',#1107);
#631=FACE_OUTER_BOUND('',#1108,.T.);
#632=FACE_OUTER_BOUND('',#1109,.T.);
#633=CYLINDRICAL_SURFACE('',#1110,2.6);
#634=FACE_OUTER_BOUND('',#1111,.T.);
#635=FACE_OUTER_BOUND('',#1112,.T.);
#636=CYLINDRICAL_SURFACE('',#1113,2.6);
#637=FACE_OUTER_BOUND('',#1114,.T.);
#638=CYLINDRICAL_SURFACE('',#1115,2.5);
#639=FACE_OUTER_BOUND('',#1116,.T.);
#640=CYLINDRICAL_SURFACE('',#1117,2.5);
#641=FACE_OUTER_BOUND('',#1118,.T.);
#642=CYLINDRICAL_SURFACE('',#1119,2.5);
#643=FACE_OUTER_BOUND('',#1120,.T.);
#644=TOROIDAL_SURFACE('',#1121,2.5,2.5);
#645=FACE_OUTER_BOUND('',#1122,.T.);
#646=CYLINDRICAL_SURFACE('',#1123,2.5);
#647=FACE_OUTER_BOUND('',#1124,.T.);
#648=CYLINDRICAL_SURFACE('',#1125,2.5);
#649=FACE_OUTER_BOUND('',#1126,.T.);
#650=CYLINDRICAL_SURFACE('',#1127,2.5);
#651=FACE_OUTER_BOUND('',#1128,.T.);
#652=CYLINDRICAL_SURFACE('',#1129,2.5);
#653=FACE_OUTER_BOUND('',#1130,.T.);
#654=CYLINDRICAL_SURFACE('',#1131,2.5);
#655=FACE_OUTER_BOUND('',#1132,.T.);
#656=CYLINDRICAL_SURFACE('',#1133,2.5);
#657=FACE_OUTER_BOUND('',#1134,.T.);
#658=CYLINDRICAL_SURFACE('',#1135,2.5);
#659=FACE_OUTER_BOUND('',#1136,.T.);
#660=CYLINDRICAL_SURFACE('',#1137,2.5);
#661=FACE_OUTER_BOUND('',#1138,.T.);
#662=PLANE('',#1139);
#663=FACE_OUTER_BOUND('',#1140,.T.);
#664=PLANE('',#1141);
#665=FACE_OUTER_BOUND('',#1142,.T.);
#666=CYLINDRICAL_SURFACE('',#1143,2.5);
#667=FACE_OUTER_BOUND('',#1144,.T.);
#668=CYLINDRICAL_SURFACE('',#1145,2.5);
#669=FACE_OUTER_BOUND('',#1146,.T.);
#670=CYLINDRICAL_SURFACE('',#1147,2.5);
#671=FACE_OUTER_BOUND('',#1148,.T.);
#672=CYLINDRICAL_SURFACE('',#1149,2.5);
#673=FACE_OUTER_BOUND('',#1150,.T.);
#674=CYLINDRICAL_SURFACE('',#1151,2.5);
#675=FACE_OUTER_BOUND('',#1152,.T.);
#676=SPHERICAL_SURFACE('',#1153,2.5);
#677=FACE_OUTER_BOUND('',#1154,.T.);
#678=CYLINDRICAL_SURFACE('',#1155,2.5);
#679=FACE_OUTER_BOUND('',#1156,.T.);
#680=CYLINDRICAL_SURFACE('',#1157,2.5);
#681=FACE_OUTER_BOUND('',#1158,.T.);
#682=SPHERICAL_SURFACE('',#1159,2.5);
#683=FACE_OUTER_BOUND('',#1160,.T.);
#684=CYLINDRICAL_SURFACE('',#1161,2.5);
#685=FACE_OUTER_BOUND('',#1162,.T.);
#686=CYLINDRICAL_SURFACE('',#1163,2.5);
#687=FACE_OUTER_BOUND('',#1164,.T.);
#688=PLANE('',#1165);
#689=FACE_OUTER_BOUND('',#1166,.T.);
#690=PLANE('',#1167);
#691=FACE_OUTER_BOUND('',#1168,.T.);
#692=PLANE('',#1169);
#693=FACE_OUTER_BOUND('',#1170,.T.);
#694=PLANE('',#1171);
#695=FACE_OUTER_BOUND('',#1172,.T.);
#696=PLANE('',#1173);
#697=FACE_OUTER_BOUND('',#1174,.T.);
#698=PLANE('',#1175);
#699=FACE_OUTER_BOUND('',#1176,.T.);
#700=PLANE('',#1177);
#701=FACE_OUTER_BOUND('',#1178,.T.);
#702=PLANE('',#1179);
#703=FACE_OUTER_BOUND('',#1180,.T.);
#704=PLANE('',#1181);
#705=FACE_OUTER_BOUND('',#1182,.T.);
#706=CYLINDRICAL_SURFACE('',#1183,20.0);
#707=FACE_OUTER_BOUND('',#1184,.T.);
#708=CYLINDRICAL_SURFACE('',#1185,12.5);
#709=FACE_OUTER_BOUND('',#1186,.T.);
#710=CYLINDRICAL_SURFACE('',#1187,20.0);
#711=FACE_OUTER_BOUND('',#1188,.T.);
#712=TOROIDAL_SURFACE('',#1189,10.5,0.5);
#713=FACE_OUTER_BOUND('',#1190,.T.);
#714=CYLINDRICAL_SURFACE('',#1191,20.0);
#715=FACE_OUTER_BOUND('',#1192,.T.);
#716=CYLINDRICAL_SURFACE('',#1193,20.0);
#717=FACE_OUTER_BOUND('',#1194,.T.);
#718=CYLINDRICAL_SURFACE('',#1195,20.0);
#719=FACE_OUTER_BOUND('',#1196,.T.);
#720=PLANE('',#1197);
#721=FACE_OUTER_BOUND('',#1198,.T.);
#722=PLANE('',#1199);
#723=FACE_OUTER_BOUND('',#1200,.T.);
#724=CYLINDRICAL_SURFACE('',#1201,10.0);
#725=FACE_OUTER_BOUND('',#1202,.T.);
#726=PLANE('',#1203);
#727=FACE_OUTER_BOUND('',#1204,.T.);
#728=FACE_OUTER_BOUND('',#1205,.T.);
#729=CYLINDRICAL_SURFACE('',#1206,2.5);
#730=FACE_OUTER_BOUND('',#1207,.T.);
#731=FACE_OUTER_BOUND('',#1208,.T.);
#732=CYLINDRICAL_SURFACE('',#1209,6.0);
#733=FACE_OUTER_BOUND('',#1210,.T.);
#734=PLANE('',#1211);
#735=FACE_OUTER_BOUND('',#1212,.T.);
#736=PLANE('',#1213);
#737=FACE_OUTER_BOUND('',#1214,.T.);
#738=FACE_OUTER_BOUND('',#1215,.T.);
#739=(B_SPLINE_SURFACE(3,3,((#1217,#1218,#1219,#1220,#1221,#1222,#1223),(#1224,#1225,#1226,#1227,#1228,#1229,#1230),(#1231,#1232,#1233,#1234,#1235,#1236,#1237),(#1238,#1239,#1240,#1241,#1242,#1243,#1244)),.UNSPECIFIED.,.F.,.T.,.F.)B_SPLINE_SURFACE_WITH_KNOTS((4,4),(4,3,4),(0.0,6.28318530717959),(-1.5707963267949,-0.785398163397448,0.0),.UNSPECIFIED.)RATIONAL_B_SPLINE_SURFACE(((1.0,0.333333333333333,0.333333333333333,1.0,0.333333333333333,0.333333333333333,1.0),(0.804737854124365,0.268245951374788,0.268245951374788,0.804737854124365,0.268245951374788,0.268245951374788,0.804737854124365),(0.804737854124365,0.268245951374788,0.268245951374788,0.804737854124365,0.268245951374788,0.268245951374788,0.804737854124365),(1.0,0.333333333333333,0.333333333333333,1.0,0.333333333333333,0.333333333333333,1.0)))BOUNDED_SURFACE()REPRESENTATION_ITEM('')GEOMETRIC_REPRESENTATION_ITEM()SURFACE());
#740=FACE_OUTER_BOUND('',#1251,.T.);
#741=FACE_OUTER_BOUND('',#1252,.T.);
#742=CYLINDRICAL_SURFACE('',#1253,6.0);
#743=FACE_OUTER_BOUND('',#1254,.T.);
#744=PLANE('',#1255);
#745=FACE_OUTER_BOUND('',#1256,.T.);
#746=PLANE('',#1257);
#747=FACE_OUTER_BOUND('',#1258,.T.);
#748=FACE_OUTER_BOUND('',#1259,.T.);
#749=(B_SPLINE_SURFACE(3,3,((#1261,#1262,#1263,#1264,#1265,#1266,#1267),(#1268,#1269,#1270,#1271,#1272,#1273,#1274),(#1275,#1276,#1277,#1278,#1279,#1280,#1281),(#1282,#1283,#1284,#1285,#1286,#1287,#1288)),.UNSPECIFIED.,.F.,.T.,.F.)B_SPLINE_SURFACE_WITH_KNOTS((4,4),(4,3,4),(0.0,6.28318530717959),(-1.5707963267949,-0.785398163397448,0.0),.UNSPECIFIED.)RATIONAL_B_SPLINE_SURFACE(((1.0,0.333333333333333,0.333333333333333,1.0,0.333333333333333,0.333333333333333,1.0),(0.804737854124365,0.268245951374788,0.268245951374788,0.804737854124365,0.268245951374788,0.268245951374788,0.804737854124365),(0.804737854124365,0.268245951374788,0.268245951374788,0.804737854124365,0.268245951374788,0.268245951374788,0.804737854124365),(1.0,0.333333333333333,0.333333333333333,1.0,0.333333333333333,0.333333333333333,1.0)))BOUNDED_SURFACE()REPRESENTATION_ITEM('')GEOMETRIC_REPRESENTATION_ITEM()SURFACE());
#750=EDGE_LOOP('',(#1295,#1296,#1297,#1298,#1299));
#751=AXIS2_PLACEMENT_3D('',#1300,#1301,#1302);
#752=EDGE_LOOP('',(#1303,#1304,#1305,#1306,#1307));
#753=AXIS2_PLACEMENT_3D('',#1308,#1309,#1310);
#754=EDGE_LOOP('',(#1311,#1312,#1313,#1314));
#755=AXIS2_PLACEMENT_3D('',#1315,#1316,#1317);
#756=EDGE_LOOP('',(#1318,#1319,#1320,#1321));
#757=AXIS2_PLACEMENT_3D('',#1322,#1323,#1324);
#758=EDGE_LOOP('',(#1325,#1326,#1327,#1328));
#759=AXIS2_PLACEMENT_3D('',#1329,#1330,#1331);
#760=EDGE_LOOP('',(#1332,#1333,#1334,#1335,#1336,#1337));
#761=AXIS2_PLACEMENT_3D('',#1338,#1339,#1340);
#762=EDGE_LOOP('',(#1341,#1342,#1343,#1344,#1345,#1346,#1347,#1348,#1349,#1350));
#763=AXIS2_PLACEMENT_3D('',#1351,#1352,#1353);
#764=EDGE_LOOP('',(#1354,#1355,#1356,#1357));
#765=AXIS2_PLACEMENT_3D('',#1358,#1359,#1360);
#766=EDGE_LOOP('',(#1361,#1362,#1363,#1364));
#767=AXIS2_PLACEMENT_3D('',#1365,#1366,#1367);
#768=EDGE_LOOP('',(#1368,#1369,#1370,#1371,#1372,#1373,#1374,#1375,#1376,#1377));
#769=AXIS2_PLACEMENT_3D('',#1378,#1379,#1380);
#770=EDGE_LOOP('',(#1381,#1382,#1383,#1384));
#771=AXIS2_PLACEMENT_3D('',#1385,#1386,#1387);
#772=EDGE_LOOP('',(#1388,#1389,#1390,#1391));
#773=AXIS2_PLACEMENT_3D('',#1392,#1393,#1394);
#774=EDGE_LOOP('',(#1395,#1396,#1397,#1398,#1399,#1400,#1401,#1402,#1403,#1404));
#775=AXIS2_PLACEMENT_3D('',#1405,#1406,#1407);
#776=EDGE_LOOP('',(#1408,#1409,#1410,#1411));
#777=AXIS2_PLACEMENT_3D('',#1412,#1413,#1414);
#778=EDGE_LOOP('',(#1415,#1416,#1417,#1418));
#779=AXIS2_PLACEMENT_3D('',#1419,#1420,#1421);
#780=EDGE_LOOP('',(#1422,#1423,#1424,#1425));
#781=AXIS2_PLACEMENT_3D('',#1426,#1427,#1428);
#782=EDGE_LOOP('',(#1429,#1430,#1431,#1432,#1433,#1434));
#783=AXIS2_PLACEMENT_3D('',#1435,#1436,#1437);
#784=EDGE_LOOP('',(#1438,#1439,#1440,#1441,#1442,#1443));
#785=AXIS2_PLACEMENT_3D('',#1444,#1445,#1446);
#786=EDGE_LOOP('',(#1447,#1448,#1449,#1450));
#787=EDGE_LOOP('',(#1451,#1452,#1453,#1454));
#788=EDGE_LOOP('',(#1455,#1456,#1457,#1458));
#789=EDGE_LOOP('',(#1459,#1460,#1461,#1462,#1463,#1464,#1465,#1466,#1467,#1468,#1469));
#790=AXIS2_PLACEMENT_3D('',#1470,#1471,#1472);
#791=EDGE_LOOP('',(#1473,#1474,#1475,#1476));
#792=EDGE_LOOP('',(#1477,#1478,#1479,#1480));
#793=EDGE_LOOP('',(#1481,#1482,#1483,#1484));
#794=EDGE_LOOP('',(#1485,#1486,#1487,#1488,#1489,#1490,#1491,#1492,#1493,#1494,#1495));
#795=AXIS2_PLACEMENT_3D('',#1496,#1497,#1498);
#796=EDGE_LOOP('',(#1499,#1500,#1501,#1502,#1503,#1504,#1505,#1506));
#797=EDGE_LOOP('',(#1507));
#798=EDGE_LOOP('',(#1508));
#799=EDGE_LOOP('',(#1509,#1510,#1511,#1512));
#800=EDGE_LOOP('',(#1513,#1514,#1515,#1516,#1517,#1518,#1519,#1520,#1521,#1522));
#801=EDGE_LOOP('',(#1523,#1524,#1525,#1526));
#802=AXIS2_PLACEMENT_3D('',#1527,#1528,#1529);
#803=EDGE_LOOP('',(#1530));
#804=EDGE_LOOP('',(#1531,#1532,#1533,#1534));
#805=EDGE_LOOP('',(#1535,#1536,#1537,#1538,#1539,#1540,#1541,#1542));
#806=EDGE_LOOP('',(#1543,#1544,#1545,#1546));
#807=AXIS2_PLACEMENT_3D('',#1547,#1548,#1549);
#808=EDGE_LOOP('',(#1550,#1551,#1552,#1553,#1554,#1555,#1556,#1557,#1558,#1559));
#809=EDGE_LOOP('',(#1560,#1561,#1562,#1563,#1564,#1565,#1566,#1567));
#810=EDGE_LOOP('',(#1568,#1569,#1570,#1571));
#811=AXIS2_PLACEMENT_3D('',#1572,#1573,#1574);
#812=EDGE_LOOP('',(#1575));
#813=EDGE_LOOP('',(#1576,#1577,#1578,#1579,#1580,#1581,#1582,#1583,#1584,#1585,#1586));
#814=AXIS2_PLACEMENT_3D('',#1587,#1588,#1589);
#815=EDGE_LOOP('',(#1590));
#816=EDGE_LOOP('',(#1591));
#817=EDGE_LOOP('',(#1592,#1593,#1594,#1595));
#818=AXIS2_PLACEMENT_3D('',#1596,#1597,#1598);
#819=EDGE_LOOP('',(#1599));
#820=EDGE_LOOP('',(#1600,#1601,#1602,#1603,#1604,#1605,#1606,#1607,#1608,#1609,#1610));
#821=AXIS2_PLACEMENT_3D('',#1611,#1612,#1613);
#822=EDGE_LOOP('',(#1614,#1615,#1616,#1617,#1618,#1619,#1620,#1621));
#823=EDGE_LOOP('',(#1622));
#824=EDGE_LOOP('',(#1623));
#825=EDGE_LOOP('',(#1624,#1625,#1626,#1627,#1628,#1629));
#826=EDGE_LOOP('',(#1630,#1631,#1632,#1633));
#827=AXIS2_PLACEMENT_3D('',#1634,#1635,#1636);
#828=EDGE_LOOP('',(#1637,#1638,#1639,#1640,#1641));
#829=AXIS2_PLACEMENT_3D('',#1642,#1643,#1644);
#830=EDGE_LOOP('',(#1645,#1646,#1647,#1648,#1649));
#831=AXIS2_PLACEMENT_3D('',#1650,#1651,#1652);
#832=EDGE_LOOP('',(#1653,#1654,#1655,#1656));
#833=AXIS2_PLACEMENT_3D('',#1657,#1658,#1659);
#834=EDGE_LOOP('',(#1660,#1661,#1662,#1663));
#835=AXIS2_PLACEMENT_3D('',#1664,#1665,#1666);
#836=EDGE_LOOP('',(#1667));
#837=EDGE_LOOP('',(#1668));
#838=AXIS2_PLACEMENT_3D('',#1669,#1670,#1671);
#839=EDGE_LOOP('',(#1672));
#840=EDGE_LOOP('',(#1673));
#841=AXIS2_PLACEMENT_3D('',#1674,#1675,#1676);
#842=EDGE_LOOP('',(#1677));
#843=EDGE_LOOP('',(#1678));
#844=AXIS2_PLACEMENT_3D('',#1679,#1680,#1681);
#845=EDGE_LOOP('',(#1682));
#846=EDGE_LOOP('',(#1683));
#847=AXIS2_PLACEMENT_3D('',#1684,#1685,#1686);
#848=EDGE_LOOP('',(#1687,#1688,#1689,#1690));
#849=AXIS2_PLACEMENT_3D('',#1691,#1692,#1693);
#850=EDGE_LOOP('',(#1694,#1695,#1696,#1697));
#851=AXIS2_PLACEMENT_3D('',#1698,#1699,#1700);
#852=EDGE_LOOP('',(#1701,#1702,#1703,#1704));
#853=AXIS2_PLACEMENT_3D('',#1705,#1706,#1707);
#854=EDGE_LOOP('',(#1708,#1709,#1710,#1711));
#855=AXIS2_PLACEMENT_3D('',#1712,#1713,#1714);
#856=EDGE_LOOP('',(#1715,#1716,#1717,#1718));
#857=AXIS2_PLACEMENT_3D('',#1719,#1720,#1721);
#858=EDGE_LOOP('',(#1722,#1723,#1724,#1725,#1726,#1727));
#859=AXIS2_PLACEMENT_3D('',#1728,#1729,#1730);
#860=EDGE_LOOP('',(#1731,#1732,#1733,#1734));
#861=AXIS2_PLACEMENT_3D('',#1735,#1736,#1737);
#862=EDGE_LOOP('',(#1738,#1739,#1740,#1741,#1742));
#863=AXIS2_PLACEMENT_3D('',#1743,#1744,#1745);
#864=EDGE_LOOP('',(#1746,#1747,#1748,#1749));
#865=AXIS2_PLACEMENT_3D('',#1750,#1751,#1752);
#866=EDGE_LOOP('',(#1753,#1754,#1755,#1756));
#867=AXIS2_PLACEMENT_3D('',#1757,#1758,#1759);
#868=EDGE_LOOP('',(#1760,#1761,#1762,#1763,#1764));
#869=AXIS2_PLACEMENT_3D('',#1765,#1766,#1767);
#870=EDGE_LOOP('',(#1768,#1769,#1770,#1771,#1772,#1773,#1774));
#871=AXIS2_PLACEMENT_3D('',#1775,#1776,#1777);
#872=EDGE_LOOP('',(#1778,#1779,#1780,#1781));
#873=AXIS2_PLACEMENT_3D('',#1782,#1783,#1784);
#874=EDGE_LOOP('',(#1785,#1786,#1787,#1788));
#875=AXIS2_PLACEMENT_3D('',#1789,#1790,#1791);
#876=EDGE_LOOP('',(#1792,#1793,#1794,#1795));
#877=AXIS2_PLACEMENT_3D('',#1796,#1797,#1798);
#878=EDGE_LOOP('',(#1799,#1800,#1801,#1802));
#879=AXIS2_PLACEMENT_3D('',#1803,#1804,#1805);
#880=EDGE_LOOP('',(#1806,#1807,#1808,#1809));
#881=AXIS2_PLACEMENT_3D('',#1810,#1811,#1812);
#882=EDGE_LOOP('',(#1813,#1814,#1815,#1816));
#883=AXIS2_PLACEMENT_3D('',#1817,#1818,#1819);
#884=EDGE_LOOP('',(#1820,#1821,#1822,#1823));
#885=AXIS2_PLACEMENT_3D('',#1824,#1825,#1826);
#886=EDGE_LOOP('',(#1827,#1828,#1829,#1830));
#887=AXIS2_PLACEMENT_3D('',#1831,#1832,#1833);
#888=EDGE_LOOP('',(#1834,#1835,#1836,#1837));
#889=AXIS2_PLACEMENT_3D('',#1838,#1839,#1840);
#890=EDGE_LOOP('',(#1841,#1842,#1843,#1844));
#891=AXIS2_PLACEMENT_3D('',#1845,#1846,#1847);
#892=EDGE_LOOP('',(#1848));
#893=EDGE_LOOP('',(#1849));
#894=AXIS2_PLACEMENT_3D('',#1850,#1851,#1852);
#895=EDGE_LOOP('',(#1853));
#896=EDGE_LOOP('',(#1854));
#897=AXIS2_PLACEMENT_3D('',#1855,#1856,#1857);
#898=EDGE_LOOP('',(#1858));
#899=EDGE_LOOP('',(#1859));
#900=AXIS2_PLACEMENT_3D('',#1860,#1861,#1862);
#901=EDGE_LOOP('',(#1863));
#902=EDGE_LOOP('',(#1864));
#903=AXIS2_PLACEMENT_3D('',#1865,#1866,#1867);
#904=EDGE_LOOP('',(#1868));
#905=EDGE_LOOP('',(#1869));
#906=AXIS2_PLACEMENT_3D('',#1870,#1871,#1872);
#907=EDGE_LOOP('',(#1873));
#908=EDGE_LOOP('',(#1874));
#909=AXIS2_PLACEMENT_3D('',#1875,#1876,#1877);
#910=EDGE_LOOP('',(#1878));
#911=EDGE_LOOP('',(#1879));
#912=AXIS2_PLACEMENT_3D('',#1880,#1881,#1882);
#913=EDGE_LOOP('',(#1883,#1884,#1885,#1886));
#914=AXIS2_PLACEMENT_3D('',#1887,#1888,#1889);
#915=EDGE_LOOP('',(#1890,#1891,#1892,#1893));
#916=AXIS2_PLACEMENT_3D('',#1894,#1895,#1896);
#917=EDGE_LOOP('',(#1897,#1898,#1899,#1900));
#918=AXIS2_PLACEMENT_3D('',#1901,#1902,#1903);
#919=EDGE_LOOP('',(#1904,#1905,#1906,#1907));
#920=AXIS2_PLACEMENT_3D('',#1908,#1909,#1910);
#921=EDGE_LOOP('',(#1911,#1912,#1913,#1914));
#922=AXIS2_PLACEMENT_3D('',#1915,#1916,#1917);
#923=EDGE_LOOP('',(#1918));
#924=EDGE_LOOP('',(#1919,#1920,#1921,#1922));
#925=AXIS2_PLACEMENT_3D('',#1923,#1924,#1925);
#926=EDGE_LOOP('',(#1926,#1927,#1928,#1929));
#927=AXIS2_PLACEMENT_3D('',#1930,#1931,#1932);
#928=EDGE_LOOP('',(#1933,#1934,#1935,#1936));
#929=AXIS2_PLACEMENT_3D('',#1937,#1938,#1939);
#930=EDGE_LOOP('',(#1940,#1941,#1942,#1943));
#931=AXIS2_PLACEMENT_3D('',#1944,#1945,#1946);
#932=EDGE_LOOP('',(#1947,#1948,#1949,#1950));
#933=EDGE_LOOP('',(#1951,#1952,#1953,#1954));
#934=AXIS2_PLACEMENT_3D('',#1955,#1956,#1957);
#935=EDGE_LOOP('',(#1958,#1959,#1960,#1961));
#936=EDGE_LOOP('',(#1962,#1963,#1964,#1965));
#937=AXIS2_PLACEMENT_3D('',#1966,#1967,#1968);
#938=EDGE_LOOP('',(#1969,#1970,#1971,#1972));
#939=AXIS2_PLACEMENT_3D('',#1973,#1974,#1975);
#940=EDGE_LOOP('',(#1976,#1977,#1978,#1979));
#941=AXIS2_PLACEMENT_3D('',#1980,#1981,#1982);
#942=EDGE_LOOP('',(#1983,#1984,#1985,#1986));
#943=AXIS2_PLACEMENT_3D('',#1987,#1988,#1989);
#944=EDGE_LOOP('',(#1990,#1991,#1992,#1993));
#945=AXIS2_PLACEMENT_3D('',#1994,#1995,#1996);
#946=EDGE_LOOP('',(#1997,#1998,#1999,#2000));
#947=EDGE_LOOP('',(#2001,#2002,#2003,#2004));
#948=AXIS2_PLACEMENT_3D('',#2005,#2006,#2007);
#949=EDGE_LOOP('',(#2008,#2009,#2010,#2011));
#950=AXIS2_PLACEMENT_3D('',#2012,#2013,#2014);
#951=EDGE_LOOP('',(#2015,#2016,#2017,#2018));
#952=EDGE_LOOP('',(#2019,#2020,#2021,#2022));
#953=AXIS2_PLACEMENT_3D('',#2023,#2024,#2025);
#954=EDGE_LOOP('',(#2026));
#955=EDGE_LOOP('',(#2027,#2028,#2029,#2030));
#956=AXIS2_PLACEMENT_3D('',#2031,#2032,#2033);
#957=EDGE_LOOP('',(#2034,#2035,#2036,#2037));
#958=AXIS2_PLACEMENT_3D('',#2038,#2039,#2040);
#959=EDGE_LOOP('',(#2041,#2042,#2043,#2044));
#960=AXIS2_PLACEMENT_3D('',#2045,#2046,#2047);
#961=EDGE_LOOP('',(#2048,#2049,#2050,#2051));
#962=AXIS2_PLACEMENT_3D('',#2052,#2053,#2054);
#963=EDGE_LOOP('',(#2055,#2056,#2057,#2058,#2059,#2060,#2061,#2062));
#964=AXIS2_PLACEMENT_3D('',#2063,#2064,#2065);
#965=EDGE_LOOP('',(#2066,#2067,#2068,#2069));
#966=AXIS2_PLACEMENT_3D('',#2070,#2071,#2072);
#967=EDGE_LOOP('',(#2073,#2074,#2075,#2076,#2077,#2078,#2079,#2080));
#968=AXIS2_PLACEMENT_3D('',#2081,#2082,#2083);
#969=EDGE_LOOP('',(#2084,#2085,#2086,#2087));
#970=AXIS2_PLACEMENT_3D('',#2088,#2089,#2090);
#971=EDGE_LOOP('',(#2091,#2092,#2093,#2094,#2095,#2096,#2097,#2098,#2099,#2100,#2101,#2102,#2103,#2104,#2105,#2106,#2107));
#972=AXIS2_PLACEMENT_3D('',#2108,#2109,#2110);
#973=EDGE_LOOP('',(#2111,#2112,#2113,#2114,#2115,#2116,#2117,#2118,#2119,#2120,#2121,#2122,#2123,#2124,#2125,#2126,#2127));
#974=AXIS2_PLACEMENT_3D('',#2128,#2129,#2130);
#975=EDGE_LOOP('',(#2131,#2132,#2133,#2134));
#976=AXIS2_PLACEMENT_3D('',#2135,#2136,#2137);
#977=EDGE_LOOP('',(#2138,#2139,#2140,#2141,#2142,#2143,#2144,#2145,#2146,#2147,#2148,#2149,#2150,#2151,#2152,#2153,#2154));
#978=AXIS2_PLACEMENT_3D('',#2155,#2156,#2157);
#979=EDGE_LOOP('',(#2158,#2159,#2160,#2161,#2162,#2163,#2164,#2165,#2166,#2167,#2168,#2169,#2170,#2171,#2172,#2173,#2174));
#980=AXIS2_PLACEMENT_3D('',#2175,#2176,#2177);
#981=EDGE_LOOP('',(#2178,#2179,#2180,#2181));
#982=AXIS2_PLACEMENT_3D('',#2182,#2183,#2184);
#983=EDGE_LOOP('',(#2185,#2186,#2187,#2188));
#984=AXIS2_PLACEMENT_3D('',#2189,#2190,#2191);
#985=EDGE_LOOP('',(#2192,#2193,#2194,#2195,#2196,#2197));
#986=AXIS2_PLACEMENT_3D('',#2198,#2199,#2200);
#987=EDGE_LOOP('',(#2201,#2202,#2203,#2204));
#988=AXIS2_PLACEMENT_3D('',#2205,#2206,#2207);
#989=EDGE_LOOP('',(#2208,#2209,#2210,#2211,#2212,#2213));
#990=AXIS2_PLACEMENT_3D('',#2214,#2215,#2216);
#991=EDGE_LOOP('',(#2217,#2218,#2219,#2220,#2221,#2222,#2223,#2224));
#992=AXIS2_PLACEMENT_3D('',#2225,#2226,#2227);
#993=EDGE_LOOP('',(#2228,#2229,#2230,#2231,#2232,#2233,#2234,#2235,#2236,#2237));
#994=AXIS2_PLACEMENT_3D('',#2238,#2239,#2240);
#995=EDGE_LOOP('',(#2241,#2242,#2243,#2244,#2245,#2246));
#996=AXIS2_PLACEMENT_3D('',#2247,#2248,#2249);
#997=EDGE_LOOP('',(#2250,#2251,#2252,#2253,#2254,#2255));
#998=AXIS2_PLACEMENT_3D('',#2256,#2257,#2258);
#999=EDGE_LOOP('',(#2259,#2260,#2261,#2262,#2263,#2264));
#1000=AXIS2_PLACEMENT_3D('',#2265,#2266,#2267);
#1001=EDGE_LOOP('',(#2268,#2269,#2270,#2271,#2272,#2273,#2274,#2275));
#1002=AXIS2_PLACEMENT_3D('',#2276,#2277,#2278);
#1003=EDGE_LOOP('',(#2279,#2280,#2281,#2282,#2283,#2284));
#1004=EDGE_LOOP('',(#2285,#2286,#2287,#2288,#2289,#2290));
#1005=AXIS2_PLACEMENT_3D('',#2291,#2292,#2293);
#1006=EDGE_LOOP('',(#2294));
#1007=EDGE_LOOP('',(#2295));
#1008=AXIS2_PLACEMENT_3D('',#2296,#2297,#2298);
#1009=EDGE_LOOP('',(#2299));
#1010=AXIS2_PLACEMENT_3D('',#2300,#2301,#2302);
#1011=EDGE_LOOP('',(#2303,#2304,#2305,#2306));
#1012=AXIS2_PLACEMENT_3D('',#2307,#2308,#2309);
#1013=EDGE_LOOP('',(#2310,#2311,#2312,#2313));
#1014=AXIS2_PLACEMENT_3D('',#2314,#2315,#2316);
#1015=EDGE_LOOP('',(#2317,#2318,#2319,#2320));
#1016=AXIS2_PLACEMENT_3D('',#2321,#2322,#2323);
#1017=EDGE_LOOP('',(#2324,#2325,#2326,#2327));
#1018=AXIS2_PLACEMENT_3D('',#2328,#2329,#2330);
#1019=EDGE_LOOP('',(#2331,#2332,#2333,#2334));
#1020=AXIS2_PLACEMENT_3D('',#2335,#2336,#2337);
#1021=EDGE_LOOP('',(#2338,#2339,#2340,#2341));
#1022=AXIS2_PLACEMENT_3D('',#2342,#2343,#2344);
#1023=EDGE_LOOP('',(#2345,#2346,#2347,#2348));
#1024=AXIS2_PLACEMENT_3D('',#2349,#2350,#2351);
#1025=EDGE_LOOP('',(#2352,#2353,#2354,#2355));
#1026=AXIS2_PLACEMENT_3D('',#2356,#2357,#2358);
#1027=EDGE_LOOP('',(#2359,#2360,#2361,#2362));
#1028=AXIS2_PLACEMENT_3D('',#2363,#2364,#2365);
#1029=EDGE_LOOP('',(#2366,#2367,#2368,#2369));
#1030=AXIS2_PLACEMENT_3D('',#2370,#2371,#2372);
#1031=EDGE_LOOP('',(#2373,#2374,#2375,#2376));
#1032=AXIS2_PLACEMENT_3D('',#2377,#2378,#2379);
#1033=EDGE_LOOP('',(#2380,#2381,#2382,#2383));
#1034=AXIS2_PLACEMENT_3D('',#2384,#2385,#2386);
#1035=EDGE_LOOP('',(#2387,#2388,#2389,#2390));
#1036=AXIS2_PLACEMENT_3D('',#2391,#2392,#2393);
#1037=EDGE_LOOP('',(#2394,#2395,#2396,#2397));
#1038=AXIS2_PLACEMENT_3D('',#2398,#2399,#2400);
#1039=EDGE_LOOP('',(#2401,#2402,#2403,#2404));
#1040=AXIS2_PLACEMENT_3D('',#2405,#2406,#2407);
#1041=EDGE_LOOP('',(#2408,#2409,#2410,#2411));
#1042=AXIS2_PLACEMENT_3D('',#2412,#2413,#2414);
#1043=EDGE_LOOP('',(#2415,#2416,#2417,#2418));
#1044=AXIS2_PLACEMENT_3D('',#2419,#2420,#2421);
#1045=EDGE_LOOP('',(#2422,#2423,#2424,#2425,#2426,#2427,#2428,#2429,#2430,#2431,#2432,#2433,#2434,#2435,#2436,#2437,#2438,#2439,#2440,#2441,#2442,#2443,#2444,#2445));
#1046=AXIS2_PLACEMENT_3D('',#2446,#2447,#2448);
#1047=EDGE_LOOP('',(#2449,#2450,#2451,#2452,#2453,#2454,#2455,#2456,#2457,#2458,#2459,#2460,#2461,#2462,#2463,#2464));
#1048=AXIS2_PLACEMENT_3D('',#2465,#2466,#2467);
#1049=EDGE_LOOP('',(#2468));
#1050=EDGE_LOOP('',(#2469));
#1051=EDGE_LOOP('',(#2470,#2471,#2472,#2473));
#1052=EDGE_LOOP('',(#2474,#2475,#2476,#2477));
#1053=EDGE_LOOP('',(#2478,#2479,#2480,#2481));
#1054=AXIS2_PLACEMENT_3D('',#2482,#2483,#2484);
#1055=EDGE_LOOP('',(#2485,#2486,#2487,#2488));
#1056=AXIS2_PLACEMENT_3D('',#2489,#2490,#2491);
#1057=EDGE_LOOP('',(#2492,#2493,#2494,#2495));
#1058=AXIS2_PLACEMENT_3D('',#2496,#2497,#2498);
#1059=EDGE_LOOP('',(#2499,#2500,#2501,#2502));
#1060=AXIS2_PLACEMENT_3D('',#2503,#2504,#2505);
#1061=EDGE_LOOP('',(#2506,#2507,#2508,#2509));
#1062=AXIS2_PLACEMENT_3D('',#2510,#2511,#2512);
#1063=EDGE_LOOP('',(#2513,#2514,#2515,#2516));
#1064=AXIS2_PLACEMENT_3D('',#2517,#2518,#2519);
#1065=EDGE_LOOP('',(#2520,#2521,#2522,#2523));
#1066=AXIS2_PLACEMENT_3D('',#2524,#2525,#2526);
#1067=EDGE_LOOP('',(#2527,#2528,#2529,#2530));
#1068=AXIS2_PLACEMENT_3D('',#2531,#2532,#2533);
#1069=EDGE_LOOP('',(#2534,#2535,#2536,#2537));
#1070=AXIS2_PLACEMENT_3D('',#2538,#2539,#2540);
#1071=EDGE_LOOP('',(#2541,#2542,#2543,#2544));
#1072=AXIS2_PLACEMENT_3D('',#2545,#2546,#2547);
#1073=EDGE_LOOP('',(#2548,#2549,#2550,#2551));
#1074=AXIS2_PLACEMENT_3D('',#2552,#2553,#2554);
#1075=EDGE_LOOP('',(#2555,#2556,#2557,#2558));
#1076=AXIS2_PLACEMENT_3D('',#2559,#2560,#2561);
#1077=EDGE_LOOP('',(#2562,#2563,#2564,#2565));
#1078=AXIS2_PLACEMENT_3D('',#2566,#2567,#2568);
#1079=EDGE_LOOP('',(#2569,#2570,#2571,#2572));
#1080=AXIS2_PLACEMENT_3D('',#2573,#2574,#2575);
#1081=EDGE_LOOP('',(#2576,#2577,#2578,#2579));
#1082=AXIS2_PLACEMENT_3D('',#2580,#2581,#2582);
#1083=EDGE_LOOP('',(#2583,#2584,#2585,#2586));
#1084=AXIS2_PLACEMENT_3D('',#2587,#2588,#2589);
#1085=EDGE_LOOP('',(#2590,#2591,#2592,#2593));
#1086=AXIS2_PLACEMENT_3D('',#2594,#2595,#2596);
#1087=EDGE_LOOP('',(#2597,#2598,#2599,#2600));
#1088=AXIS2_PLACEMENT_3D('',#2601,#2602,#2603);
#1089=EDGE_LOOP('',(#2604));
#1090=EDGE_LOOP('',(#2605));
#1091=AXIS2_PLACEMENT_3D('',#2606,#2607,#2608);
#1092=EDGE_LOOP('',(#2609));
#1093=EDGE_LOOP('',(#2610));
#1094=AXIS2_PLACEMENT_3D('',#2611,#2612,#2613);
#1095=EDGE_LOOP('',(#2614,#2615,#2616,#2617));
#1096=AXIS2_PLACEMENT_3D('',#2618,#2619,#2620);
#1097=EDGE_LOOP('',(#2621,#2622,#2623,#2624));
#1098=AXIS2_PLACEMENT_3D('',#2625,#2626,#2627);
#1099=EDGE_LOOP('',(#2628));
#1100=AXIS2_PLACEMENT_3D('',#2629,#2630,#2631);
#1101=EDGE_LOOP('',(#2632));
#1102=EDGE_LOOP('',(#2633));
#1103=AXIS2_PLACEMENT_3D('',#2634,#2635,#2636);
#1104=EDGE_LOOP('',(#2637,#2638,#2639,#2640));
#1105=AXIS2_PLACEMENT_3D('',#2641,#2642,#2643);
#1106=EDGE_LOOP('',(#2644,#2645,#2646,#2647));
#1107=AXIS2_PLACEMENT_3D('',#2648,#2649,#2650);
#1108=EDGE_LOOP('',(#2651));
#1109=EDGE_LOOP('',(#2652));
#1110=AXIS2_PLACEMENT_3D('',#2653,#2654,#2655);
#1111=EDGE_LOOP('',(#2656));
#1112=EDGE_LOOP('',(#2657));
#1113=AXIS2_PLACEMENT_3D('',#2658,#2659,#2660);
#1114=EDGE_LOOP('',(#2661,#2662,#2663,#2664));
#1115=AXIS2_PLACEMENT_3D('',#2665,#2666,#2667);
#1116=EDGE_LOOP('',(#2668,#2669,#2670,#2671));
#1117=AXIS2_PLACEMENT_3D('',#2672,#2673,#2674);
#1118=EDGE_LOOP('',(#2675,#2676,#2677,#2678));
#1119=AXIS2_PLACEMENT_3D('',#2679,#2680,#2681);
#1120=EDGE_LOOP('',(#2682,#2683,#2684,#2685));
#1121=AXIS2_PLACEMENT_3D('',#2686,#2687,#2688);
#1122=EDGE_LOOP('',(#2689,#2690,#2691,#2692,#2693));
#1123=AXIS2_PLACEMENT_3D('',#2694,#2695,#2696);
#1124=EDGE_LOOP('',(#2697,#2698,#2699,#2700));
#1125=AXIS2_PLACEMENT_3D('',#2701,#2702,#2703);
#1126=EDGE_LOOP('',(#2704,#2705,#2706,#2707));
#1127=AXIS2_PLACEMENT_3D('',#2708,#2709,#2710);
#1128=EDGE_LOOP('',(#2711,#2712,#2713,#2714));
#1129=AXIS2_PLACEMENT_3D('',#2715,#2716,#2717);
#1130=EDGE_LOOP('',(#2718,#2719,#2720,#2721));
#1131=AXIS2_PLACEMENT_3D('',#2722,#2723,#2724);
#1132=EDGE_LOOP('',(#2725,#2726,#2727,#2728));
#1133=AXIS2_PLACEMENT_3D('',#2729,#2730,#2731);
#1134=EDGE_LOOP('',(#2732,#2733,#2734,#2735));
#1135=AXIS2_PLACEMENT_3D('',#2736,#2737,#2738);
#1136=EDGE_LOOP('',(#2739,#2740,#2741,#2742));
#1137=AXIS2_PLACEMENT_3D('',#2743,#2744,#2745);
#1138=EDGE_LOOP('',(#2746,#2747,#2748,#2749));
#1139=AXIS2_PLACEMENT_3D('',#2750,#2751,#2752);
#1140=EDGE_LOOP('',(#2753,#2754,#2755,#2756));
#1141=AXIS2_PLACEMENT_3D('',#2757,#2758,#2759);
#1142=EDGE_LOOP('',(#2760,#2761,#2762,#2763));
#1143=AXIS2_PLACEMENT_3D('',#2764,#2765,#2766);
#1144=EDGE_LOOP('',(#2767,#2768,#2769,#2770));
#1145=AXIS2_PLACEMENT_3D('',#2771,#2772,#2773);
#1146=EDGE_LOOP('',(#2774,#2775,#2776,#2777));
#1147=AXIS2_PLACEMENT_3D('',#2778,#2779,#2780);
#1148=EDGE_LOOP('',(#2781,#2782,#2783,#2784));
#1149=AXIS2_PLACEMENT_3D('',#2785,#2786,#2787);
#1150=EDGE_LOOP('',(#2788,#2789,#2790,#2791,#2792));
#1151=AXIS2_PLACEMENT_3D('',#2793,#2794,#2795);
#1152=EDGE_LOOP('',(#2796,#2797,#2798));
#1153=AXIS2_PLACEMENT_3D('',#2799,#2800,#2801);
#1154=EDGE_LOOP('',(#2802,#2803,#2804,#2805));
#1155=AXIS2_PLACEMENT_3D('',#2806,#2807,#2808);
#1156=EDGE_LOOP('',(#2809,#2810,#2811,#2812,#2813));
#1157=AXIS2_PLACEMENT_3D('',#2814,#2815,#2816);
#1158=EDGE_LOOP('',(#2817,#2818,#2819));
#1159=AXIS2_PLACEMENT_3D('',#2820,#2821,#2822);
#1160=EDGE_LOOP('',(#2823,#2824,#2825,#2826));
#1161=AXIS2_PLACEMENT_3D('',#2827,#2828,#2829);
#1162=EDGE_LOOP('',(#2830,#2831,#2832,#2833));
#1163=AXIS2_PLACEMENT_3D('',#2834,#2835,#2836);
#1164=EDGE_LOOP('',(#2837,#2838,#2839,#2840));
#1165=AXIS2_PLACEMENT_3D('',#2841,#2842,#2843);
#1166=EDGE_LOOP('',(#2844,#2845,#2846,#2847));
#1167=AXIS2_PLACEMENT_3D('',#2848,#2849,#2850);
#1168=EDGE_LOOP('',(#2851,#2852,#2853,#2854));
#1169=AXIS2_PLACEMENT_3D('',#2855,#2856,#2857);
#1170=EDGE_LOOP('',(#2858,#2859,#2860,#2861));
#1171=AXIS2_PLACEMENT_3D('',#2862,#2863,#2864);
#1172=EDGE_LOOP('',(#2865,#2866,#2867,#2868));
#1173=AXIS2_PLACEMENT_3D('',#2869,#2870,#2871);
#1174=EDGE_LOOP('',(#2872,#2873,#2874,#2875));
#1175=AXIS2_PLACEMENT_3D('',#2876,#2877,#2878);
#1176=EDGE_LOOP('',(#2879,#2880,#2881,#2882));
#1177=AXIS2_PLACEMENT_3D('',#2883,#2884,#2885);
#1178=EDGE_LOOP('',(#2886,#2887,#2888,#2889,#2890,#2891,#2892,#2893,#2894,#2895,#2896,#2897,#2898,#2899,#2900,#2901,#2902,#2903,#2904,#2905,#2906,#2907,#2908,#2909));
#1179=AXIS2_PLACEMENT_3D('',#2910,#2911,#2912);
#1180=EDGE_LOOP('',(#2913,#2914,#2915,#2916));
#1181=AXIS2_PLACEMENT_3D('',#2917,#2918,#2919);
#1182=EDGE_LOOP('',(#2920,#2921,#2922,#2923,#2924,#2925));
#1183=AXIS2_PLACEMENT_3D('',#2926,#2927,#2928);
#1184=EDGE_LOOP('',(#2929,#2930,#2931,#2932,#2933,#2934,#2935,#2936,#2937,#2938));
#1185=AXIS2_PLACEMENT_3D('',#2939,#2940,#2941);
#1186=EDGE_LOOP('',(#2942,#2943,#2944,#2945,#2946,#2947));
#1187=AXIS2_PLACEMENT_3D('',#2948,#2949,#2950);
#1188=EDGE_LOOP('',(#2951,#2952,#2953,#2954));
#1189=AXIS2_PLACEMENT_3D('',#2955,#2956,#2957);
#1190=EDGE_LOOP('',(#2958,#2959,#2960,#2961,#2962,#2963));
#1191=AXIS2_PLACEMENT_3D('',#2964,#2965,#2966);
#1192=EDGE_LOOP('',(#2967,#2968,#2969,#2970,#2971,#2972));
#1193=AXIS2_PLACEMENT_3D('',#2973,#2974,#2975);
#1194=EDGE_LOOP('',(#2976,#2977,#2978,#2979,#2980,#2981));
#1195=AXIS2_PLACEMENT_3D('',#2982,#2983,#2984);
#1196=EDGE_LOOP('',(#2985,#2986,#2987,#2988));
#1197=AXIS2_PLACEMENT_3D('',#2989,#2990,#2991);
#1198=EDGE_LOOP('',(#2992,#2993,#2994,#2995,#2996,#2997));
#1199=AXIS2_PLACEMENT_3D('',#2998,#2999,#3000);
#1200=EDGE_LOOP('',(#3001,#3002,#3003,#3004));
#1201=AXIS2_PLACEMENT_3D('',#3005,#3006,#3007);
#1202=EDGE_LOOP('',(#3008,#3009,#3010,#3011,#3012,#3013,#3014));
#1203=AXIS2_PLACEMENT_3D('',#3015,#3016,#3017);
#1204=EDGE_LOOP('',(#3018));
#1205=EDGE_LOOP('',(#3019));
#1206=AXIS2_PLACEMENT_3D('',#3020,#3021,#3022);
#1207=EDGE_LOOP('',(#3023));
#1208=EDGE_LOOP('',(#3024));
#1209=AXIS2_PLACEMENT_3D('',#3025,#3026,#3027);
#1210=EDGE_LOOP('',(#3028));
#1211=AXIS2_PLACEMENT_3D('',#3029,#3030,#3031);
#1212=EDGE_LOOP('',(#3032));
#1213=AXIS2_PLACEMENT_3D('',#3033,#3034,#3035);
#1214=EDGE_LOOP('',(#3036));
#1215=EDGE_LOOP('',(#3037));
#1217=CARTESIAN_POINT('',(26.25,-2.00000000000001,-121.0));
#1218=CARTESIAN_POINT('',(38.25,-2.00000000000001,-121.0));
#1219=CARTESIAN_POINT('',(38.25,-2.00000000000001,-109.0));
#1220=CARTESIAN_POINT('',(26.25,-2.00000000000001,-109.0));
#1221=CARTESIAN_POINT('',(14.25,-2.00000000000001,-109.0));
#1222=CARTESIAN_POINT('',(14.25,-2.00000000000001,-121.0));
#1223=CARTESIAN_POINT('',(26.25,-2.00000000000001,-121.0));
#1224=CARTESIAN_POINT('',(26.25,0.928932188134519,-121.0));
#1225=CARTESIAN_POINT('',(38.25,0.928932188134519,-121.0));
#1226=CARTESIAN_POINT('',(38.25,0.928932188134519,-109.0));
#1227=CARTESIAN_POINT('',(26.25,0.928932188134519,-109.0));
#1228=CARTESIAN_POINT('',(14.25,0.928932188134519,-109.0));
#1229=CARTESIAN_POINT('',(14.25,0.928932188134519,-121.0));
#1230=CARTESIAN_POINT('',(26.25,0.928932188134519,-121.0));
#1231=CARTESIAN_POINT('',(26.25,2.99999999999999,-118.928932188135));
#1232=CARTESIAN_POINT('',(34.107864376269,2.99999999999999,-118.928932188135));
#1233=CARTESIAN_POINT('',(34.107864376269,2.99999999999999,-111.071067811865));
#1234=CARTESIAN_POINT('',(26.25,2.99999999999999,-111.071067811865));
#1235=CARTESIAN_POINT('',(18.3921356237309,2.99999999999999,-111.071067811865));
#1236=CARTESIAN_POINT('',(18.3921356237309,2.99999999999999,-118.928932188135));
#1237=CARTESIAN_POINT('',(26.25,2.99999999999999,-118.928932188135));
#1238=CARTESIAN_POINT('',(26.25,2.99999999999999,-116.0));
#1239=CARTESIAN_POINT('',(28.25,2.99999999999999,-116.0));
#1240=CARTESIAN_POINT('',(28.25,2.99999999999999,-114.0));
#1241=CARTESIAN_POINT('',(26.25,2.99999999999999,-114.0));
#1242=CARTESIAN_POINT('',(24.25,2.99999999999999,-114.0));
#1243=CARTESIAN_POINT('',(24.25,2.99999999999999,-116.0));
#1244=CARTESIAN_POINT('',(26.25,2.99999999999999,-116.0));
#1251=EDGE_LOOP('',(#3038));
#1252=EDGE_LOOP('',(#3039));
#1253=AXIS2_PLACEMENT_3D('',#3040,#3041,#3042);
#1254=EDGE_LOOP('',(#3043));
#1255=AXIS2_PLACEMENT_3D('',#3044,#3045,#3046);
#1256=EDGE_LOOP('',(#3047));
#1257=AXIS2_PLACEMENT_3D('',#3048,#3049,#3050);
#1258=EDGE_LOOP('',(#3051));
#1259=EDGE_LOOP('',(#3052));
#1261=CARTESIAN_POINT('',(73.75,-2.00000000000001,-121.0));
#1262=CARTESIAN_POINT('',(85.75,-2.00000000000001,-121.0));
#1263=CARTESIAN_POINT('',(85.75,-2.00000000000001,-109.0));
#1264=CARTESIAN_POINT('',(73.75,-2.00000000000001,-109.0));
#1265=CARTESIAN_POINT('',(61.75,-2.00000000000001,-109.0));
#1266=CARTESIAN_POINT('',(61.75,-2.00000000000001,-121.0));
#1267=CARTESIAN_POINT('',(73.75,-2.00000000000001,-121.0));
#1268=CARTESIAN_POINT('',(73.75,0.928932188134519,-121.0));
#1269=CARTESIAN_POINT('',(85.75,0.928932188134519,-121.0));
#1270=CARTESIAN_POINT('',(85.75,0.928932188134519,-109.0));
#1271=CARTESIAN_POINT('',(73.75,0.928932188134519,-109.0));
#1272=CARTESIAN_POINT('',(61.75,0.928932188134519,-109.0));
#1273=CARTESIAN_POINT('',(61.75,0.928932188134519,-121.0));
#1274=CARTESIAN_POINT('',(73.75,0.928932188134519,-121.0));
#1275=CARTESIAN_POINT('',(73.75,2.99999999999999,-118.928932188135));
#1276=CARTESIAN_POINT('',(81.607864376269,2.99999999999999,-118.928932188135));
#1277=CARTESIAN_POINT('',(81.607864376269,2.99999999999999,-111.071067811865));
#1278=CARTESIAN_POINT('',(73.75,2.99999999999999,-111.071067811865));
#1279=CARTESIAN_POINT('',(65.8921356237309,2.99999999999999,-111.071067811865));
#1280=CARTESIAN_POINT('',(65.8921356237309,2.99999999999999,-118.928932188135));
#1281=CARTESIAN_POINT('',(73.75,2.99999999999999,-118.928932188135));
#1282=CARTESIAN_POINT('',(73.75,2.99999999999999,-116.0));
#1283=CARTESIAN_POINT('',(75.75,2.99999999999999,-116.0));
#1284=CARTESIAN_POINT('',(75.75,2.99999999999999,-114.0));
#1285=CARTESIAN_POINT('',(73.75,2.99999999999999,-114.0));
#1286=CARTESIAN_POINT('',(71.75,2.99999999999999,-114.0));
#1287=CARTESIAN_POINT('',(71.75,2.99999999999999,-116.0));
#1288=CARTESIAN_POINT('',(73.75,2.99999999999999,-116.0));
#1295=ORIENTED_EDGE('',*,*,#3053,.F.);
#1296=ORIENTED_EDGE('',*,*,#3054,.F.);
#1297=ORIENTED_EDGE('',*,*,#3055,.F.);
#1298=ORIENTED_EDGE('',*,*,#3056,.F.);
#1299=ORIENTED_EDGE('',*,*,#3057,.F.);
#1300=CARTESIAN_POINT('',(13.0,2.51316701949486,-17.5));
#1301=DIRECTION('',(1.77635683940025E-16,-0.0,1.0));
#1302=DIRECTION('',(1.0,0.0,-1.77635683940025E-16));
#1303=ORIENTED_EDGE('',*,*,#3058,.F.);
#1304=ORIENTED_EDGE('',*,*,#3059,.F.);
#1305=ORIENTED_EDGE('',*,*,#3060,.F.);
#1306=ORIENTED_EDGE('',*,*,#3061,.F.);
#1307=ORIENTED_EDGE('',*,*,#3062,.F.);
#1308=CARTESIAN_POINT('',(22.0,2.51316701949486,-17.5));
#1309=DIRECTION('',(1.77635683940025E-16,-0.0,1.0));
#1310=DIRECTION('',(1.0,0.0,-1.77635683940025E-16));
#1311=ORIENTED_EDGE('',*,*,#3063,.F.);
#1312=ORIENTED_EDGE('',*,*,#3064,.T.);
#1313=ORIENTED_EDGE('',*,*,#3065,.F.);
#1314=ORIENTED_EDGE('',*,*,#3066,.F.);
#1315=CARTESIAN_POINT('',(6.25000000000005,40.15,-9.60012369083522E-15));
#1316=DIRECTION('',(-1.92937634241975E-15,6.12323399573677E-17,-1.0));
#1317=DIRECTION('',(-1.0,0.0,1.92937634241975E-15));
#1318=ORIENTED_EDGE('',*,*,#3067,.F.);
#1319=ORIENTED_EDGE('',*,*,#3068,.F.);
#1320=ORIENTED_EDGE('',*,*,#3069,.F.);
#1321=ORIENTED_EDGE('',*,*,#3070,.F.);
#1322=CARTESIAN_POINT('',(93.75,40.15,-56.675));
#1323=DIRECTION('',(-2.12896699853214E-15,-6.12323399573677E-17,1.0));
#1324=DIRECTION('',(1.0,0.0,2.12896699853214E-15));
#1325=ORIENTED_EDGE('',*,*,#3071,.F.);
#1326=ORIENTED_EDGE('',*,*,#3072,.F.);
#1327=ORIENTED_EDGE('',*,*,#3073,.F.);
#1328=ORIENTED_EDGE('',*,*,#3074,.F.);
#1329=CARTESIAN_POINT('',(3.73969860926368E-16,50.0,-4.99999999999999));
#1330=DIRECTION('',(1.0,-4.57980993161058E-33,7.47939721852737E-17));
#1331=DIRECTION('',(7.47939721852737E-17,0.0,-1.0));
#1332=ORIENTED_EDGE('',*,*,#3075,.T.);
#1333=ORIENTED_EDGE('',*,*,#3076,.F.);
#1334=ORIENTED_EDGE('',*,*,#3077,.T.);
#1335=ORIENTED_EDGE('',*,*,#3078,.F.);
#1336=ORIENTED_EDGE('',*,*,#3071,.T.);
#1337=ORIENTED_EDGE('',*,*,#3079,.F.);
#1338=CARTESIAN_POINT('',(2.49999999999999,52.5,-2.49999999999999));
#1339=DIRECTION('',(0.0,1.0,6.12323399573677E-17));
#1340=DIRECTION('',(0.0,-6.12323399573677E-17,1.0));
#1341=ORIENTED_EDGE('',*,*,#3080,.T.);
#1342=ORIENTED_EDGE('',*,*,#3081,.T.);
#1343=ORIENTED_EDGE('',*,*,#3082,.T.);
#1344=ORIENTED_EDGE('',*,*,#3083,.T.);
#1345=ORIENTED_EDGE('',*,*,#3084,.F.);
#1346=ORIENTED_EDGE('',*,*,#3085,.T.);
#1347=ORIENTED_EDGE('',*,*,#3086,.F.);
#1348=ORIENTED_EDGE('',*,*,#3087,.T.);
#1349=ORIENTED_EDGE('',*,*,#3088,.F.);
#1350=ORIENTED_EDGE('',*,*,#3089,.T.);
#1351=CARTESIAN_POINT('',(97.5,52.5,-2.49999999999998));
#1352=DIRECTION('',(0.0,1.0,6.12323399573677E-17));
#1353=DIRECTION('',(0.0,-6.12323399573677E-17,1.0));
#1354=ORIENTED_EDGE('',*,*,#3090,.F.);
#1355=ORIENTED_EDGE('',*,*,#3091,.F.);
#1356=ORIENTED_EDGE('',*,*,#3089,.F.);
#1357=ORIENTED_EDGE('',*,*,#3092,.F.);
#1358=CARTESIAN_POINT('',(95.0,50.0,3.06161699786838E-15));
#1359=DIRECTION('',(0.0,6.12323399573677E-17,-1.0));
#1360=DIRECTION('',(0.0,1.0,6.12323399573677E-17));
#1361=ORIENTED_EDGE('',*,*,#3093,.F.);
#1362=ORIENTED_EDGE('',*,*,#3094,.F.);
#1363=ORIENTED_EDGE('',*,*,#3095,.F.);
#1364=ORIENTED_EDGE('',*,*,#3096,.F.);
#1365=CARTESIAN_POINT('',(95.0,50.0,3.06161699786838E-15));
#1366=DIRECTION('',(0.0,6.12323399573677E-17,-1.0));
#1367=DIRECTION('',(0.0,1.0,6.12323399573677E-17));
#1368=ORIENTED_EDGE('',*,*,#3097,.T.);
#1369=ORIENTED_EDGE('',*,*,#3098,.T.);
#1370=ORIENTED_EDGE('',*,*,#3099,.T.);
#1371=ORIENTED_EDGE('',*,*,#3100,.T.);
#1372=ORIENTED_EDGE('',*,*,#3101,.F.);
#1373=ORIENTED_EDGE('',*,*,#3102,.T.);
#1374=ORIENTED_EDGE('',*,*,#3103,.F.);
#1375=ORIENTED_EDGE('',*,*,#3093,.T.);
#1376=ORIENTED_EDGE('',*,*,#3104,.F.);
#1377=ORIENTED_EDGE('',*,*,#3105,.T.);
#1378=CARTESIAN_POINT('',(97.5,52.5,-97.5));
#1379=DIRECTION('',(0.0,1.0,6.12323399573677E-17));
#1380=DIRECTION('',(0.0,-6.12323399573677E-17,1.0));
#1381=ORIENTED_EDGE('',*,*,#3106,.F.);
#1382=ORIENTED_EDGE('',*,*,#3107,.F.);
#1383=ORIENTED_EDGE('',*,*,#3105,.F.);
#1384=ORIENTED_EDGE('',*,*,#3108,.F.);
#1385=CARTESIAN_POINT('',(0.0,50.0,-95.0));
#1386=DIRECTION('',(-1.0,0.0,0.0));
#1387=DIRECTION('',(0.0,0.0,1.0));
#1388=ORIENTED_EDGE('',*,*,#3109,.F.);
#1389=ORIENTED_EDGE('',*,*,#3110,.F.);
#1390=ORIENTED_EDGE('',*,*,#3111,.F.);
#1391=ORIENTED_EDGE('',*,*,#3112,.F.);
#1392=CARTESIAN_POINT('',(0.0,50.0,-95.0));
#1393=DIRECTION('',(-1.0,0.0,0.0));
#1394=DIRECTION('',(0.0,0.0,1.0));
#1395=ORIENTED_EDGE('',*,*,#3113,.F.);
#1396=ORIENTED_EDGE('',*,*,#3114,.F.);
#1397=ORIENTED_EDGE('',*,*,#3115,.F.);
#1398=ORIENTED_EDGE('',*,*,#3116,.F.);
#1399=ORIENTED_EDGE('',*,*,#3109,.T.);
#1400=ORIENTED_EDGE('',*,*,#3117,.T.);
#1401=ORIENTED_EDGE('',*,*,#3118,.T.);
#1402=ORIENTED_EDGE('',*,*,#3119,.T.);
#1403=ORIENTED_EDGE('',*,*,#3120,.F.);
#1404=ORIENTED_EDGE('',*,*,#3121,.T.);
#1405=CARTESIAN_POINT('',(2.49999999999998,52.5,-97.5));
#1406=DIRECTION('',(0.0,1.0,6.12323399573677E-17));
#1407=DIRECTION('',(0.0,-6.12323399573677E-17,1.0));
#1408=ORIENTED_EDGE('',*,*,#3122,.T.);
#1409=ORIENTED_EDGE('',*,*,#3123,.F.);
#1410=ORIENTED_EDGE('',*,*,#3124,.F.);
#1411=ORIENTED_EDGE('',*,*,#3125,.T.);
#1412=CARTESIAN_POINT('',(8.99999999999996,52.5,-8.49999999999999));
#1413=DIRECTION('',(1.0,1.04839022530845E-32,-1.71215117050627E-16));
#1414=DIRECTION('',(-1.71215117050627E-16,0.0,-1.0));
#1415=ORIENTED_EDGE('',*,*,#3126,.T.);
#1416=ORIENTED_EDGE('',*,*,#3127,.F.);
#1417=ORIENTED_EDGE('',*,*,#3128,.F.);
#1418=ORIENTED_EDGE('',*,*,#3129,.T.);
#1419=CARTESIAN_POINT('',(50.0,52.5,-91.5));
#1420=DIRECTION('',(3.46606212565903E-16,-6.12323399573677E-17,1.0));
#1421=DIRECTION('',(1.0,0.0,-3.46606212565903E-16));
#1422=ORIENTED_EDGE('',*,*,#3130,.T.);
#1423=ORIENTED_EDGE('',*,*,#3131,.F.);
#1424=ORIENTED_EDGE('',*,*,#3132,.F.);
#1425=ORIENTED_EDGE('',*,*,#3133,.T.);
#1426=CARTESIAN_POINT('',(91.0,52.5,-50.0));
#1427=DIRECTION('',(-1.0,0.0,0.0));
#1428=DIRECTION('',(0.0,0.0,1.0));
#1429=ORIENTED_EDGE('',*,*,#3134,.T.);
#1430=ORIENTED_EDGE('',*,*,#3135,.F.);
#1431=ORIENTED_EDGE('',*,*,#3136,.T.);
#1432=ORIENTED_EDGE('',*,*,#3133,.F.);
#1433=ORIENTED_EDGE('',*,*,#3137,.T.);
#1434=ORIENTED_EDGE('',*,*,#3095,.T.);
#1435=CARTESIAN_POINT('',(97.5,52.5,-97.5));
#1436=DIRECTION('',(0.0,1.0,6.12323399573677E-17));
#1437=DIRECTION('',(0.0,-6.12323399573677E-17,1.0));
#1438=ORIENTED_EDGE('',*,*,#3131,.T.);
#1439=ORIENTED_EDGE('',*,*,#3138,.F.);
#1440=ORIENTED_EDGE('',*,*,#3139,.T.);
#1441=ORIENTED_EDGE('',*,*,#3140,.F.);
#1442=ORIENTED_EDGE('',*,*,#3090,.T.);
#1443=ORIENTED_EDGE('',*,*,#3141,.F.);
#1444=CARTESIAN_POINT('',(97.5,52.5,-2.49999999999998));
#1445=DIRECTION('',(0.0,1.0,6.12323399573677E-17));
#1446=DIRECTION('',(0.0,-6.12323399573677E-17,1.0));
#1447=ORIENTED_EDGE('',*,*,#3142,.F.);
#1448=ORIENTED_EDGE('',*,*,#3143,.T.);
#1449=ORIENTED_EDGE('',*,*,#3144,.T.);
#1450=ORIENTED_EDGE('',*,*,#3145,.T.);
#1451=ORIENTED_EDGE('',*,*,#3146,.F.);
#1452=ORIENTED_EDGE('',*,*,#3147,.T.);
#1453=ORIENTED_EDGE('',*,*,#3148,.T.);
#1454=ORIENTED_EDGE('',*,*,#3149,.T.);
#1455=ORIENTED_EDGE('',*,*,#3119,.F.);
#1456=ORIENTED_EDGE('',*,*,#3150,.T.);
#1457=ORIENTED_EDGE('',*,*,#3151,.T.);
#1458=ORIENTED_EDGE('',*,*,#3152,.T.);
#1459=ORIENTED_EDGE('',*,*,#3153,.F.);
#1460=ORIENTED_EDGE('',*,*,#3154,.T.);
#1461=ORIENTED_EDGE('',*,*,#3155,.T.);
#1462=ORIENTED_EDGE('',*,*,#3156,.F.);
#1463=ORIENTED_EDGE('',*,*,#3157,.T.);
#1464=ORIENTED_EDGE('',*,*,#3158,.T.);
#1465=ORIENTED_EDGE('',*,*,#3159,.T.);
#1466=ORIENTED_EDGE('',*,*,#3160,.T.);
#1467=ORIENTED_EDGE('',*,*,#3161,.T.);
#1468=ORIENTED_EDGE('',*,*,#3162,.T.);
#1469=ORIENTED_EDGE('',*,*,#3163,.T.);
#1470=CARTESIAN_POINT('',(2.49999999999999,90.0,-2.49999999999999));
#1471=DIRECTION('',(-1.0,0.0,3.27223628310573E-16));
#1472=DIRECTION('',(3.27223628310573E-16,0.0,1.0));
#1473=ORIENTED_EDGE('',*,*,#3080,.F.);
#1474=ORIENTED_EDGE('',*,*,#3091,.T.);
#1475=ORIENTED_EDGE('',*,*,#3140,.T.);
#1476=ORIENTED_EDGE('',*,*,#3164,.T.);
#1477=ORIENTED_EDGE('',*,*,#3165,.F.);
#1478=ORIENTED_EDGE('',*,*,#3166,.T.);
#1479=ORIENTED_EDGE('',*,*,#3167,.T.);
#1480=ORIENTED_EDGE('',*,*,#3168,.T.);
#1481=ORIENTED_EDGE('',*,*,#3134,.F.);
#1482=ORIENTED_EDGE('',*,*,#3094,.T.);
#1483=ORIENTED_EDGE('',*,*,#3103,.T.);
#1484=ORIENTED_EDGE('',*,*,#3169,.T.);
#1485=ORIENTED_EDGE('',*,*,#3170,.T.);
#1486=ORIENTED_EDGE('',*,*,#3171,.T.);
#1487=ORIENTED_EDGE('',*,*,#3172,.T.);
#1488=ORIENTED_EDGE('',*,*,#3173,.T.);
#1489=ORIENTED_EDGE('',*,*,#3174,.T.);
#1490=ORIENTED_EDGE('',*,*,#3175,.T.);
#1491=ORIENTED_EDGE('',*,*,#3176,.F.);
#1492=ORIENTED_EDGE('',*,*,#3177,.F.);
#1493=ORIENTED_EDGE('',*,*,#3178,.T.);
#1494=ORIENTED_EDGE('',*,*,#3179,.T.);
#1495=ORIENTED_EDGE('',*,*,#3180,.F.);
#1496=CARTESIAN_POINT('',(97.5,90.0,-97.5));
#1497=DIRECTION('',(1.0,0.0,0.0));
#1498=DIRECTION('',(0.0,0.0,-1.0));
#1499=ORIENTED_EDGE('',*,*,#3181,.T.);
#1500=ORIENTED_EDGE('',*,*,#3182,.T.);
#1501=ORIENTED_EDGE('',*,*,#3183,.T.);
#1502=ORIENTED_EDGE('',*,*,#3184,.T.);
#1503=ORIENTED_EDGE('',*,*,#3185,.T.);
#1504=ORIENTED_EDGE('',*,*,#3186,.T.);
#1505=ORIENTED_EDGE('',*,*,#3187,.T.);
#1506=ORIENTED_EDGE('',*,*,#3188,.T.);
#1507=ORIENTED_EDGE('',*,*,#3189,.T.);
#1508=ORIENTED_EDGE('',*,*,#3190,.T.);
#1509=ORIENTED_EDGE('',*,*,#3191,.F.);
#1510=ORIENTED_EDGE('',*,*,#3192,.T.);
#1511=ORIENTED_EDGE('',*,*,#3086,.T.);
#1512=ORIENTED_EDGE('',*,*,#3193,.T.);
#1513=ORIENTED_EDGE('',*,*,#3176,.T.);
#1514=ORIENTED_EDGE('',*,*,#3194,.T.);
#1515=ORIENTED_EDGE('',*,*,#3195,.T.);
#1516=ORIENTED_EDGE('',*,*,#3196,.T.);
#1517=ORIENTED_EDGE('',*,*,#3197,.F.);
#1518=ORIENTED_EDGE('',*,*,#3198,.T.);
#1519=ORIENTED_EDGE('',*,*,#3199,.T.);
#1520=ORIENTED_EDGE('',*,*,#3200,.T.);
#1521=ORIENTED_EDGE('',*,*,#3157,.F.);
#1522=ORIENTED_EDGE('',*,*,#3201,.F.);
#1523=ORIENTED_EDGE('',*,*,#3202,.F.);
#1524=ORIENTED_EDGE('',*,*,#3072,.T.);
#1525=ORIENTED_EDGE('',*,*,#3078,.T.);
#1526=ORIENTED_EDGE('',*,*,#3203,.T.);
#1527=CARTESIAN_POINT('',(97.5,90.0,-2.49999999999999));
#1528=DIRECTION('',(-7.47939721852737E-17,0.0,1.0));
#1529=DIRECTION('',(1.0,0.0,7.47939721852737E-17));
#1530=ORIENTED_EDGE('',*,*,#3204,.F.);
#1531=ORIENTED_EDGE('',*,*,#3205,.F.);
#1532=ORIENTED_EDGE('',*,*,#3206,.F.);
#1533=ORIENTED_EDGE('',*,*,#3207,.F.);
#1534=ORIENTED_EDGE('',*,*,#3208,.F.);
#1535=ORIENTED_EDGE('',*,*,#3209,.T.);
#1536=ORIENTED_EDGE('',*,*,#3210,.F.);
#1537=ORIENTED_EDGE('',*,*,#3211,.T.);
#1538=ORIENTED_EDGE('',*,*,#3212,.T.);
#1539=ORIENTED_EDGE('',*,*,#3213,.T.);
#1540=ORIENTED_EDGE('',*,*,#3214,.T.);
#1541=ORIENTED_EDGE('',*,*,#3215,.T.);
#1542=ORIENTED_EDGE('',*,*,#3216,.T.);
#1543=ORIENTED_EDGE('',*,*,#3217,.F.);
#1544=ORIENTED_EDGE('',*,*,#3218,.F.);
#1545=ORIENTED_EDGE('',*,*,#3219,.F.);
#1546=ORIENTED_EDGE('',*,*,#3220,.F.);
#1547=CARTESIAN_POINT('',(0.0,-2.50000000000001,0.0));
#1548=DIRECTION('',(-0.0,1.0,0.0));
#1549=DIRECTION('',(1.0,0.0,0.0));
#1550=ORIENTED_EDGE('',*,*,#3221,.T.);
#1551=ORIENTED_EDGE('',*,*,#3222,.T.);
#1552=ORIENTED_EDGE('',*,*,#3223,.T.);
#1553=ORIENTED_EDGE('',*,*,#3224,.T.);
#1554=ORIENTED_EDGE('',*,*,#3225,.T.);
#1555=ORIENTED_EDGE('',*,*,#3226,.T.);
#1556=ORIENTED_EDGE('',*,*,#3227,.T.);
#1557=ORIENTED_EDGE('',*,*,#3228,.T.);
#1558=ORIENTED_EDGE('',*,*,#3229,.T.);
#1559=ORIENTED_EDGE('',*,*,#3230,.T.);
#1560=ORIENTED_EDGE('',*,*,#3195,.F.);
#1561=ORIENTED_EDGE('',*,*,#3231,.T.);
#1562=ORIENTED_EDGE('',*,*,#3232,.T.);
#1563=ORIENTED_EDGE('',*,*,#3233,.T.);
#1564=ORIENTED_EDGE('',*,*,#3199,.F.);
#1565=ORIENTED_EDGE('',*,*,#3234,.F.);
#1566=ORIENTED_EDGE('',*,*,#3235,.F.);
#1567=ORIENTED_EDGE('',*,*,#3236,.T.);
#1568=ORIENTED_EDGE('',*,*,#3237,.T.);
#1569=ORIENTED_EDGE('',*,*,#3238,.T.);
#1570=ORIENTED_EDGE('',*,*,#3239,.T.);
#1571=ORIENTED_EDGE('',*,*,#3240,.T.);
#1572=CARTESIAN_POINT('',(0.0,0.0,0.0));
#1573=DIRECTION('',(-0.0,1.0,0.0));
#1574=DIRECTION('',(1.0,0.0,0.0));
#1575=ORIENTED_EDGE('',*,*,#3241,.T.);
#1576=ORIENTED_EDGE('',*,*,#3242,.F.);
#1577=ORIENTED_EDGE('',*,*,#3243,.T.);
#1578=ORIENTED_EDGE('',*,*,#3244,.T.);
#1579=ORIENTED_EDGE('',*,*,#3245,.T.);
#1580=ORIENTED_EDGE('',*,*,#3246,.T.);
#1581=ORIENTED_EDGE('',*,*,#3247,.T.);
#1582=ORIENTED_EDGE('',*,*,#3248,.T.);
#1583=ORIENTED_EDGE('',*,*,#3249,.T.);
#1584=ORIENTED_EDGE('',*,*,#3250,.T.);
#1585=ORIENTED_EDGE('',*,*,#3251,.T.);
#1586=ORIENTED_EDGE('',*,*,#3252,.T.);
#1587=CARTESIAN_POINT('',(1.4210854715202E-14,-2.50000000000001,0.0));
#1588=DIRECTION('',(1.0,0.0,-3.25805567024123E-16));
#1589=DIRECTION('',(-3.25805567024123E-16,0.0,-1.0));
#1590=ORIENTED_EDGE('',*,*,#3253,.T.);
#1591=ORIENTED_EDGE('',*,*,#3254,.T.);
#1592=ORIENTED_EDGE('',*,*,#3255,.T.);
#1593=ORIENTED_EDGE('',*,*,#3256,.T.);
#1594=ORIENTED_EDGE('',*,*,#3257,.T.);
#1595=ORIENTED_EDGE('',*,*,#3258,.T.);
#1596=CARTESIAN_POINT('',(-1.83697019872103E-14,-2.50000000000001,-100.0));
#1597=DIRECTION('',(0.0,0.0,1.0));
#1598=DIRECTION('',(1.0,0.0,-0.0));
#1599=ORIENTED_EDGE('',*,*,#3259,.T.);
#1600=ORIENTED_EDGE('',*,*,#3260,.F.);
#1601=ORIENTED_EDGE('',*,*,#3261,.T.);
#1602=ORIENTED_EDGE('',*,*,#3262,.T.);
#1603=ORIENTED_EDGE('',*,*,#3263,.T.);
#1604=ORIENTED_EDGE('',*,*,#3264,.T.);
#1605=ORIENTED_EDGE('',*,*,#3265,.T.);
#1606=ORIENTED_EDGE('',*,*,#3266,.T.);
#1607=ORIENTED_EDGE('',*,*,#3267,.F.);
#1608=ORIENTED_EDGE('',*,*,#3268,.T.);
#1609=ORIENTED_EDGE('',*,*,#3269,.T.);
#1610=ORIENTED_EDGE('',*,*,#3270,.T.);
#1611=CARTESIAN_POINT('',(100.0,-2.50000000000001,-100.0));
#1612=DIRECTION('',(-1.0,0.0,0.0));
#1613=DIRECTION('',(0.0,0.0,1.0));
#1614=ORIENTED_EDGE('',*,*,#3271,.F.);
#1615=ORIENTED_EDGE('',*,*,#3272,.T.);
#1616=ORIENTED_EDGE('',*,*,#3273,.F.);
#1617=ORIENTED_EDGE('',*,*,#3274,.T.);
#1618=ORIENTED_EDGE('',*,*,#3275,.F.);
#1619=ORIENTED_EDGE('',*,*,#3276,.T.);
#1620=ORIENTED_EDGE('',*,*,#3277,.F.);
#1621=ORIENTED_EDGE('',*,*,#3278,.T.);
#1622=ORIENTED_EDGE('',*,*,#3279,.F.);
#1623=ORIENTED_EDGE('',*,*,#3280,.F.);
#1624=ORIENTED_EDGE('',*,*,#3214,.F.);
#1625=ORIENTED_EDGE('',*,*,#3281,.T.);
#1626=ORIENTED_EDGE('',*,*,#3267,.T.);
#1627=ORIENTED_EDGE('',*,*,#3282,.T.);
#1628=ORIENTED_EDGE('',*,*,#3249,.F.);
#1629=ORIENTED_EDGE('',*,*,#3283,.T.);
#1630=ORIENTED_EDGE('',*,*,#3284,.F.);
#1631=ORIENTED_EDGE('',*,*,#3235,.T.);
#1632=ORIENTED_EDGE('',*,*,#3285,.F.);
#1633=ORIENTED_EDGE('',*,*,#3286,.T.);
#1634=CARTESIAN_POINT('',(100.0,-2.50000000000001,-6.12323399573673E-16));
#1635=DIRECTION('',(-6.12323399573673E-18,0.0,-1.0));
#1636=DIRECTION('',(-1.0,0.0,6.12323399573673E-18));
#1637=ORIENTED_EDGE('',*,*,#3269,.F.);
#1638=ORIENTED_EDGE('',*,*,#3287,.T.);
#1639=ORIENTED_EDGE('',*,*,#3255,.F.);
#1640=ORIENTED_EDGE('',*,*,#3288,.F.);
#1641=ORIENTED_EDGE('',*,*,#3265,.F.);
#1642=CARTESIAN_POINT('',(95.0,-2.50000000000001,-95.0));
#1643=DIRECTION('',(0.0,1.0,-0.0));
#1644=DIRECTION('',(0.0,0.0,1.0));
#1645=ORIENTED_EDGE('',*,*,#3257,.F.);
#1646=ORIENTED_EDGE('',*,*,#3289,.T.);
#1647=ORIENTED_EDGE('',*,*,#3247,.F.);
#1648=ORIENTED_EDGE('',*,*,#3251,.F.);
#1649=ORIENTED_EDGE('',*,*,#3290,.F.);
#1650=CARTESIAN_POINT('',(4.99999999999998,-2.50000000000001,-95.0));
#1651=DIRECTION('',(-0.0,1.0,0.0));
#1652=DIRECTION('',(0.0,-0.0,1.0));
#1653=ORIENTED_EDGE('',*,*,#3291,.F.);
#1654=ORIENTED_EDGE('',*,*,#3292,.F.);
#1655=ORIENTED_EDGE('',*,*,#3293,.F.);
#1656=ORIENTED_EDGE('',*,*,#3294,.F.);
#1657=CARTESIAN_POINT('',(64.5,0.0,-1.4879872226145E-14));
#1658=DIRECTION('',(2.30695693428604E-16,-0.0,1.0));
#1659=DIRECTION('',(1.0,0.0,-2.30695693428604E-16));
#1660=ORIENTED_EDGE('',*,*,#3295,.F.);
#1661=ORIENTED_EDGE('',*,*,#3296,.F.);
#1662=ORIENTED_EDGE('',*,*,#3297,.F.);
#1663=ORIENTED_EDGE('',*,*,#3298,.F.);
#1664=CARTESIAN_POINT('',(35.5,0.0,0.0));
#1665=DIRECTION('',(0.0,0.0,-1.0));
#1666=DIRECTION('',(-1.0,0.0,0.0));
#1667=ORIENTED_EDGE('',*,*,#3259,.F.);
#1668=ORIENTED_EDGE('',*,*,#3299,.F.);
#1669=CARTESIAN_POINT('',(105.0,24.975,-49.9999999999994));
#1670=DIRECTION('',(-1.0,0.0,0.0));
#1671=DIRECTION('',(0.0,0.0,1.0));
#1672=ORIENTED_EDGE('',*,*,#3241,.F.);
#1673=ORIENTED_EDGE('',*,*,#3300,.F.);
#1674=CARTESIAN_POINT('',(-5.0,24.975,-49.9999999999994));
#1675=DIRECTION('',(1.0,0.0,-3.25805567024123E-16));
#1676=DIRECTION('',(-3.25805567024123E-16,0.0,-1.0));
#1677=ORIENTED_EDGE('',*,*,#3301,.F.);
#1678=ORIENTED_EDGE('',*,*,#3302,.F.);
#1679=CARTESIAN_POINT('',(0.499999999999984,24.975,-49.9999999999994));
#1680=DIRECTION('',(-1.0,0.0,3.25805567024123E-16));
#1681=DIRECTION('',(3.25805567024123E-16,0.0,1.0));
#1682=ORIENTED_EDGE('',*,*,#3303,.F.);
#1683=ORIENTED_EDGE('',*,*,#3304,.F.);
#1684=CARTESIAN_POINT('',(99.5,24.975,-49.9999999999994));
#1685=DIRECTION('',(1.0,0.0,0.0));
#1686=DIRECTION('',(0.0,0.0,-1.0));
#1687=ORIENTED_EDGE('',*,*,#3305,.F.);
#1688=ORIENTED_EDGE('',*,*,#3306,.F.);
#1689=ORIENTED_EDGE('',*,*,#3307,.F.);
#1690=ORIENTED_EDGE('',*,*,#3308,.F.);
#1691=CARTESIAN_POINT('',(14.0,32.65,-1.29035330901165E-14));
#1692=DIRECTION('',(0.991227900682635,0.132163720091019,-1.04705305045014E-15));
#1693=DIRECTION('',(-1.06448349926604E-15,6.12323399573677E-17,-1.0));
#1694=ORIENTED_EDGE('',*,*,#3309,.F.);
#1695=ORIENTED_EDGE('',*,*,#3310,.F.);
#1696=ORIENTED_EDGE('',*,*,#3311,.F.);
#1697=ORIENTED_EDGE('',*,*,#3312,.F.);
#1698=CARTESIAN_POINT('',(87.0,40.15,-56.6749999999999));
#1699=DIRECTION('',(0.991227900682635,-0.132163720091019,2.10219879473892E-15));
#1700=DIRECTION('',(-2.12896699853208E-15,-6.12323399573677E-17,1.0));
#1701=ORIENTED_EDGE('',*,*,#3313,.T.);
#1702=ORIENTED_EDGE('',*,*,#3222,.F.);
#1703=ORIENTED_EDGE('',*,*,#3314,.F.);
#1704=ORIENTED_EDGE('',*,*,#3315,.F.);
#1705=CARTESIAN_POINT('',(12.0,0.5,-12.5));
#1706=DIRECTION('',(0.0,0.0,-1.0));
#1707=DIRECTION('',(-1.0,0.0,0.0));
#1708=ORIENTED_EDGE('',*,*,#3316,.T.);
#1709=ORIENTED_EDGE('',*,*,#3223,.F.);
#1710=ORIENTED_EDGE('',*,*,#3313,.F.);
#1711=ORIENTED_EDGE('',*,*,#3317,.F.);
#1712=CARTESIAN_POINT('',(-3.19744231092045E-15,0.5,-18.0));
#1713=DIRECTION('',(1.0,0.0,-1.77635683940025E-16));
#1714=DIRECTION('',(-1.77635683940025E-16,0.0,-1.0));
#1715=ORIENTED_EDGE('',*,*,#3318,.F.);
#1716=ORIENTED_EDGE('',*,*,#3224,.F.);
#1717=ORIENTED_EDGE('',*,*,#3316,.F.);
#1718=ORIENTED_EDGE('',*,*,#3319,.F.);
#1719=CARTESIAN_POINT('',(23.0,0.5,0.0));
#1720=DIRECTION('',(0.0,0.0,-1.0));
#1721=DIRECTION('',(-1.0,0.0,0.0));
#1722=ORIENTED_EDGE('',*,*,#3320,.T.);
#1723=ORIENTED_EDGE('',*,*,#3053,.T.);
#1724=ORIENTED_EDGE('',*,*,#3321,.F.);
#1725=ORIENTED_EDGE('',*,*,#3228,.F.);
#1726=ORIENTED_EDGE('',*,*,#3322,.T.);
#1727=ORIENTED_EDGE('',*,*,#3062,.T.);
#1728=CARTESIAN_POINT('',(-1.33226762955019E-15,0.0,-7.49999999999999));
#1729=DIRECTION('',(-1.77635683940025E-16,0.0,-1.0));
#1730=DIRECTION('',(1.0,0.0,-1.77635683940025E-16));
#1731=ORIENTED_EDGE('',*,*,#3226,.F.);
#1732=ORIENTED_EDGE('',*,*,#3323,.F.);
#1733=ORIENTED_EDGE('',*,*,#3218,.T.);
#1734=ORIENTED_EDGE('',*,*,#3324,.T.);
#1735=CARTESIAN_POINT('',(27.5,-2.50000000000001,-12.5));
#1736=DIRECTION('',(-1.0,0.0,0.0));
#1737=DIRECTION('',(0.0,0.0,1.0));
#1738=ORIENTED_EDGE('',*,*,#3225,.F.);
#1739=ORIENTED_EDGE('',*,*,#3318,.T.);
#1740=ORIENTED_EDGE('',*,*,#3325,.F.);
#1741=ORIENTED_EDGE('',*,*,#3219,.T.);
#1742=ORIENTED_EDGE('',*,*,#3323,.T.);
#1743=CARTESIAN_POINT('',(22.5,-2.50000000000001,-12.5));
#1744=DIRECTION('',(0.0,0.0,1.0));
#1745=DIRECTION('',(1.0,0.0,-0.0));
#1746=ORIENTED_EDGE('',*,*,#3227,.F.);
#1747=ORIENTED_EDGE('',*,*,#3324,.F.);
#1748=ORIENTED_EDGE('',*,*,#3217,.T.);
#1749=ORIENTED_EDGE('',*,*,#3326,.T.);
#1750=CARTESIAN_POINT('',(27.5,-2.50000000000001,-7.49999999999999));
#1751=DIRECTION('',(-1.77635683940025E-16,0.0,-1.0));
#1752=DIRECTION('',(-1.0,0.0,1.77635683940025E-16));
#1753=ORIENTED_EDGE('',*,*,#3230,.F.);
#1754=ORIENTED_EDGE('',*,*,#3327,.F.);
#1755=ORIENTED_EDGE('',*,*,#3208,.T.);
#1756=ORIENTED_EDGE('',*,*,#3328,.T.);
#1757=CARTESIAN_POINT('',(7.49999999999999,-2.50000000000001,-7.49999999999999));
#1758=DIRECTION('',(1.0,0.0,-1.77635683940025E-16));
#1759=DIRECTION('',(-1.77635683940025E-16,0.0,-1.0));
#1760=ORIENTED_EDGE('',*,*,#3221,.F.);
#1761=ORIENTED_EDGE('',*,*,#3328,.F.);
#1762=ORIENTED_EDGE('',*,*,#3207,.T.);
#1763=ORIENTED_EDGE('',*,*,#3329,.T.);
#1764=ORIENTED_EDGE('',*,*,#3314,.T.);
#1765=CARTESIAN_POINT('',(7.49999999999999,-2.50000000000001,-12.5));
#1766=DIRECTION('',(0.0,0.0,1.0));
#1767=DIRECTION('',(1.0,0.0,-0.0));
#1768=ORIENTED_EDGE('',*,*,#3330,.F.);
#1769=ORIENTED_EDGE('',*,*,#3315,.T.);
#1770=ORIENTED_EDGE('',*,*,#3329,.F.);
#1771=ORIENTED_EDGE('',*,*,#3206,.T.);
#1772=ORIENTED_EDGE('',*,*,#3331,.T.);
#1773=ORIENTED_EDGE('',*,*,#3321,.T.);
#1774=ORIENTED_EDGE('',*,*,#3057,.T.);
#1775=CARTESIAN_POINT('',(12.5,-2.50000000000001,-12.5));
#1776=DIRECTION('',(-1.0,0.0,0.0));
#1777=DIRECTION('',(0.0,0.0,1.0));
#1778=ORIENTED_EDGE('',*,*,#3229,.F.);
#1779=ORIENTED_EDGE('',*,*,#3331,.F.);
#1780=ORIENTED_EDGE('',*,*,#3205,.T.);
#1781=ORIENTED_EDGE('',*,*,#3327,.T.);
#1782=CARTESIAN_POINT('',(12.5,-2.50000000000001,-7.49999999999999));
#1783=DIRECTION('',(0.0,0.0,-1.0));
#1784=DIRECTION('',(-1.0,0.0,0.0));
#1785=ORIENTED_EDGE('',*,*,#3197,.T.);
#1786=ORIENTED_EDGE('',*,*,#3332,.F.);
#1787=ORIENTED_EDGE('',*,*,#3286,.F.);
#1788=ORIENTED_EDGE('',*,*,#3333,.T.);
#1789=CARTESIAN_POINT('',(50.0,8.49999999999999,3.46944695195361E-15));
#1790=DIRECTION('',(7.47939721852737E-17,0.0,-1.0));
#1791=DIRECTION('',(-1.0,0.0,-7.47939721852737E-17));
#1792=ORIENTED_EDGE('',*,*,#3198,.F.);
#1793=ORIENTED_EDGE('',*,*,#3333,.F.);
#1794=ORIENTED_EDGE('',*,*,#3285,.T.);
#1795=ORIENTED_EDGE('',*,*,#3234,.T.);
#1796=CARTESIAN_POINT('',(17.3868599666426,10.0,8.67361737988404E-16));
#1797=DIRECTION('',(7.47939721852737E-17,0.0,-1.0));
#1798=DIRECTION('',(-1.0,0.0,-7.47939721852737E-17));
#1799=ORIENTED_EDGE('',*,*,#3196,.F.);
#1800=ORIENTED_EDGE('',*,*,#3236,.F.);
#1801=ORIENTED_EDGE('',*,*,#3284,.T.);
#1802=ORIENTED_EDGE('',*,*,#3332,.T.);
#1803=CARTESIAN_POINT('',(82.6131400333574,10.0,5.63785129692462E-15));
#1804=DIRECTION('',(7.47939721852737E-17,0.0,-1.0));
#1805=DIRECTION('',(-1.0,0.0,-7.47939721852737E-17));
#1806=ORIENTED_EDGE('',*,*,#3334,.T.);
#1807=ORIENTED_EDGE('',*,*,#3335,.T.);
#1808=ORIENTED_EDGE('',*,*,#3336,.F.);
#1809=ORIENTED_EDGE('',*,*,#3064,.F.);
#1810=CARTESIAN_POINT('',(0.0,40.15,2.45847844928831E-15));
#1811=DIRECTION('',(-0.0,1.0,6.12323399573677E-17));
#1812=DIRECTION('',(1.0,0.0,0.0));
#1813=ORIENTED_EDGE('',*,*,#3337,.F.);
#1814=ORIENTED_EDGE('',*,*,#3338,.T.);
#1815=ORIENTED_EDGE('',*,*,#3339,.T.);
#1816=ORIENTED_EDGE('',*,*,#3340,.T.);
#1817=CARTESIAN_POINT('',(9.99999999999994,40.15,-56.6749999999999));
#1818=DIRECTION('',(1.0,1.22214029073878E-31,-1.99590656112388E-15));
#1819=DIRECTION('',(-1.99590656112388E-15,0.0,-1.0));
#1820=ORIENTED_EDGE('',*,*,#3341,.T.);
#1821=ORIENTED_EDGE('',*,*,#3342,.T.);
#1822=ORIENTED_EDGE('',*,*,#3343,.F.);
#1823=ORIENTED_EDGE('',*,*,#3070,.T.);
#1824=CARTESIAN_POINT('',(0.0,40.15,2.45847844928831E-15));
#1825=DIRECTION('',(-0.0,1.0,6.12323399573677E-17));
#1826=DIRECTION('',(1.0,0.0,0.0));
#1827=ORIENTED_EDGE('',*,*,#3344,.F.);
#1828=ORIENTED_EDGE('',*,*,#3345,.T.);
#1829=ORIENTED_EDGE('',*,*,#3346,.T.);
#1830=ORIENTED_EDGE('',*,*,#3347,.T.);
#1831=CARTESIAN_POINT('',(90.0,40.15,-56.675));
#1832=DIRECTION('',(1.0,-1.30361631012137E-31,2.12896699853214E-15));
#1833=DIRECTION('',(2.12896699853214E-15,0.0,-1.0));
#1834=ORIENTED_EDGE('',*,*,#3348,.F.);
#1835=ORIENTED_EDGE('',*,*,#3068,.T.);
#1836=ORIENTED_EDGE('',*,*,#3349,.T.);
#1837=ORIENTED_EDGE('',*,*,#3350,.T.);
#1838=CARTESIAN_POINT('',(0.0,42.65,2.61155929918173E-15));
#1839=DIRECTION('',(-0.0,1.0,6.12323399573677E-17));
#1840=DIRECTION('',(1.0,0.0,0.0));
#1841=ORIENTED_EDGE('',*,*,#3351,.F.);
#1842=ORIENTED_EDGE('',*,*,#3066,.T.);
#1843=ORIENTED_EDGE('',*,*,#3352,.T.);
#1844=ORIENTED_EDGE('',*,*,#3353,.T.);
#1845=CARTESIAN_POINT('',(0.0,42.65,2.61155929918173E-15));
#1846=DIRECTION('',(-0.0,1.0,6.12323399573677E-17));
#1847=DIRECTION('',(1.0,0.0,0.0));
#1848=ORIENTED_EDGE('',*,*,#3304,.T.);
#1849=ORIENTED_EDGE('',*,*,#3354,.F.);
#1850=CARTESIAN_POINT('',(99.0,0.0,0.0));
#1851=DIRECTION('',(1.0,0.0,0.0));
#1852=DIRECTION('',(0.0,0.0,-1.0));
#1853=ORIENTED_EDGE('',*,*,#3355,.F.);
#1854=ORIENTED_EDGE('',*,*,#3299,.T.);
#1855=CARTESIAN_POINT('',(102.75,0.0,0.0));
#1856=DIRECTION('',(1.0,0.0,0.0));
#1857=DIRECTION('',(0.0,0.0,-1.0));
#1858=ORIENTED_EDGE('',*,*,#3303,.T.);
#1859=ORIENTED_EDGE('',*,*,#3355,.T.);
#1860=CARTESIAN_POINT('',(102.75,24.975,-49.9999999999994));
#1861=DIRECTION('',(-1.0,0.0,0.0));
#1862=DIRECTION('',(0.0,0.0,1.0));
#1863=ORIENTED_EDGE('',*,*,#3302,.T.);
#1864=ORIENTED_EDGE('',*,*,#3356,.F.);
#1865=CARTESIAN_POINT('',(1.0,0.0,-3.25805567024123E-16));
#1866=DIRECTION('',(-1.0,0.0,3.25805567024123E-16));
#1867=DIRECTION('',(3.25805567024123E-16,0.0,1.0));
#1868=ORIENTED_EDGE('',*,*,#3357,.F.);
#1869=ORIENTED_EDGE('',*,*,#3300,.T.);
#1870=CARTESIAN_POINT('',(-2.75,0.0,8.95965309316338E-16));
#1871=DIRECTION('',(-1.0,0.0,3.25805567024123E-16));
#1872=DIRECTION('',(3.25805567024123E-16,0.0,1.0));
#1873=ORIENTED_EDGE('',*,*,#3301,.T.);
#1874=ORIENTED_EDGE('',*,*,#3357,.T.);
#1875=CARTESIAN_POINT('',(-2.75000000000002,24.975,-49.9999999999994));
#1876=DIRECTION('',(1.0,0.0,-3.25805567024123E-16));
#1877=DIRECTION('',(-3.25805567024123E-16,0.0,-1.0));
#1878=ORIENTED_EDGE('',*,*,#3358,.T.);
#1879=ORIENTED_EDGE('',*,*,#3354,.T.);
#1880=CARTESIAN_POINT('',(100.0,24.975,-49.9999999999994));
#1881=DIRECTION('',(-1.0,0.0,0.0));
#1882=DIRECTION('',(0.0,0.0,1.0));
#1883=ORIENTED_EDGE('',*,*,#3359,.T.);
#1884=ORIENTED_EDGE('',*,*,#3360,.F.);
#1885=ORIENTED_EDGE('',*,*,#3361,.T.);
#1886=ORIENTED_EDGE('',*,*,#3362,.T.);
#1887=CARTESIAN_POINT('',(0.0,32.05,1.96249649563363E-15));
#1888=DIRECTION('',(-0.0,1.0,6.12323399573677E-17));
#1889=DIRECTION('',(1.0,0.0,0.0));
#1890=ORIENTED_EDGE('',*,*,#3363,.F.);
#1891=ORIENTED_EDGE('',*,*,#3364,.F.);
#1892=ORIENTED_EDGE('',*,*,#3365,.F.);
#1893=ORIENTED_EDGE('',*,*,#3366,.T.);
#1894=CARTESIAN_POINT('',(0.0,17.9,1.09605888523688E-15));
#1895=DIRECTION('',(-0.0,1.0,6.12323399573677E-17));
#1896=DIRECTION('',(1.0,0.0,0.0));
#1897=ORIENTED_EDGE('',*,*,#3367,.F.);
#1898=ORIENTED_EDGE('',*,*,#3368,.F.);
#1899=ORIENTED_EDGE('',*,*,#3369,.F.);
#1900=ORIENTED_EDGE('',*,*,#3370,.T.);
#1901=CARTESIAN_POINT('',(0.0,32.05,1.96249649563363E-15));
#1902=DIRECTION('',(-0.0,1.0,6.12323399573677E-17));
#1903=DIRECTION('',(1.0,0.0,0.0));
#1904=ORIENTED_EDGE('',*,*,#3371,.T.);
#1905=ORIENTED_EDGE('',*,*,#3372,.F.);
#1906=ORIENTED_EDGE('',*,*,#3373,.T.);
#1907=ORIENTED_EDGE('',*,*,#3374,.T.);
#1908=CARTESIAN_POINT('',(0.0,17.9,1.09605888523688E-15));
#1909=DIRECTION('',(-0.0,1.0,6.12323399573677E-17));
#1910=DIRECTION('',(1.0,0.0,0.0));
#1911=ORIENTED_EDGE('',*,*,#3375,.T.);
#1912=ORIENTED_EDGE('',*,*,#3376,.T.);
#1913=ORIENTED_EDGE('',*,*,#3377,.T.);
#1914=ORIENTED_EDGE('',*,*,#3378,.T.);
#1915=CARTESIAN_POINT('',(0.0,31.05,1.90126415567627E-15));
#1916=DIRECTION('',(-0.0,1.0,6.12323399573677E-17));
#1917=DIRECTION('',(1.0,0.0,0.0));
#1918=ORIENTED_EDGE('',*,*,#3379,.F.);
#1919=ORIENTED_EDGE('',*,*,#3380,.T.);
#1920=ORIENTED_EDGE('',*,*,#3381,.F.);
#1921=ORIENTED_EDGE('',*,*,#3382,.F.);
#1922=ORIENTED_EDGE('',*,*,#3383,.T.);
#1923=CARTESIAN_POINT('',(2.49999999999999,31.05,-2.5));
#1924=DIRECTION('',(-1.0,-5.6675147903681E-32,9.25575405792763E-16));
#1925=DIRECTION('',(9.25575405792763E-16,0.0,1.0));
#1926=ORIENTED_EDGE('',*,*,#3384,.T.);
#1927=ORIENTED_EDGE('',*,*,#3385,.F.);
#1928=ORIENTED_EDGE('',*,*,#3386,.F.);
#1929=ORIENTED_EDGE('',*,*,#3381,.T.);
#1930=CARTESIAN_POINT('',(2.49999999999999,31.05,-55.075));
#1931=DIRECTION('',(-8.70052329502165E-16,6.12323399573677E-17,-1.0));
#1932=DIRECTION('',(-1.0,0.0,8.70052329502165E-16));
#1933=ORIENTED_EDGE('',*,*,#3387,.T.);
#1934=ORIENTED_EDGE('',*,*,#3388,.F.);
#1935=ORIENTED_EDGE('',*,*,#3375,.F.);
#1936=ORIENTED_EDGE('',*,*,#3389,.T.);
#1937=CARTESIAN_POINT('',(26.9999999999999,31.05,-44.9249999999991));
#1938=DIRECTION('',(-3.45120757369192E-14,-6.12323399573677E-17,1.0));
#1939=DIRECTION('',(1.0,0.0,3.45120757369192E-14));
#1940=ORIENTED_EDGE('',*,*,#3390,.T.);
#1941=ORIENTED_EDGE('',*,*,#3364,.T.);
#1942=ORIENTED_EDGE('',*,*,#3391,.F.);
#1943=ORIENTED_EDGE('',*,*,#3362,.F.);
#1944=CARTESIAN_POINT('',(12.5,31.05,-44.1249999999999));
#1945=DIRECTION('',(9.78041177458016E-14,-6.12323399573677E-17,1.0));
#1946=DIRECTION('',(1.0,0.0,-9.78041177458016E-14));
#1947=ORIENTED_EDGE('',*,*,#3365,.T.);
#1948=ORIENTED_EDGE('',*,*,#3390,.F.);
#1949=ORIENTED_EDGE('',*,*,#3361,.F.);
#1950=ORIENTED_EDGE('',*,*,#3392,.T.);
#1951=ORIENTED_EDGE('',*,*,#3388,.T.);
#1952=ORIENTED_EDGE('',*,*,#3393,.T.);
#1953=ORIENTED_EDGE('',*,*,#3394,.F.);
#1954=ORIENTED_EDGE('',*,*,#3376,.F.);
#1955=CARTESIAN_POINT('',(12.4999999999999,31.05,-56.675));
#1956=DIRECTION('',(1.0,9.51741751412299E-31,-1.55431223447436E-14));
#1957=DIRECTION('',(-1.55431223447436E-14,0.0,-1.0));
#1958=ORIENTED_EDGE('',*,*,#3385,.T.);
#1959=ORIENTED_EDGE('',*,*,#3395,.T.);
#1960=ORIENTED_EDGE('',*,*,#3396,.F.);
#1961=ORIENTED_EDGE('',*,*,#3397,.F.);
#1962=ORIENTED_EDGE('',*,*,#3363,.T.);
#1963=ORIENTED_EDGE('',*,*,#3398,.F.);
#1964=ORIENTED_EDGE('',*,*,#3359,.F.);
#1965=ORIENTED_EDGE('',*,*,#3391,.T.);
#1966=CARTESIAN_POINT('',(3.99999999999999,31.05,-55.8750000000004));
#1967=DIRECTION('',(1.0,-4.85995787955447E-31,7.93691353774519E-15));
#1968=DIRECTION('',(7.93691353774519E-15,0.0,-1.0));
#1969=ORIENTED_EDGE('',*,*,#3398,.T.);
#1970=ORIENTED_EDGE('',*,*,#3366,.F.);
#1971=ORIENTED_EDGE('',*,*,#3392,.F.);
#1972=ORIENTED_EDGE('',*,*,#3360,.T.);
#1973=CARTESIAN_POINT('',(12.4999999999999,31.05,-55.8750000000004));
#1974=DIRECTION('',(8.35932630306006E-16,-6.12323399573677E-17,1.0));
#1975=DIRECTION('',(1.0,0.0,-8.35932630306006E-16));
#1976=ORIENTED_EDGE('',*,*,#3399,.F.);
#1977=ORIENTED_EDGE('',*,*,#3400,.F.);
#1978=ORIENTED_EDGE('',*,*,#3401,.T.);
#1979=ORIENTED_EDGE('',*,*,#3402,.F.);
#1980=CARTESIAN_POINT('',(0.0,31.05,1.90126415567627E-15));
#1981=DIRECTION('',(-0.0,1.0,6.12323399573677E-17));
#1982=DIRECTION('',(1.0,0.0,0.0));
#1983=ORIENTED_EDGE('',*,*,#3403,.F.);
#1984=ORIENTED_EDGE('',*,*,#3404,.F.);
#1985=ORIENTED_EDGE('',*,*,#3405,.T.);
#1986=ORIENTED_EDGE('',*,*,#3406,.T.);
#1987=CARTESIAN_POINT('',(73.0000000000001,31.05,-44.9249999999991));
#1988=DIRECTION('',(-3.39320408505844E-14,6.12323399573677E-17,-1.0));
#1989=DIRECTION('',(-1.0,0.0,3.39320408505844E-14));
#1990=ORIENTED_EDGE('',*,*,#3407,.F.);
#1991=ORIENTED_EDGE('',*,*,#3408,.F.);
#1992=ORIENTED_EDGE('',*,*,#3400,.T.);
#1993=ORIENTED_EDGE('',*,*,#3409,.T.);
#1994=CARTESIAN_POINT('',(97.5,31.05,-55.075));
#1995=DIRECTION('',(3.53821280664214E-14,-6.12323399573677E-17,1.0));
#1996=DIRECTION('',(1.0,0.0,-3.53821280664214E-14));
#1997=ORIENTED_EDGE('',*,*,#3410,.F.);
#1998=ORIENTED_EDGE('',*,*,#3409,.F.);
#1999=ORIENTED_EDGE('',*,*,#3399,.T.);
#2000=ORIENTED_EDGE('',*,*,#3411,.T.);
#2001=ORIENTED_EDGE('',*,*,#3412,.T.);
#2002=ORIENTED_EDGE('',*,*,#3371,.F.);
#2003=ORIENTED_EDGE('',*,*,#3413,.F.);
#2004=ORIENTED_EDGE('',*,*,#3367,.T.);
#2005=CARTESIAN_POINT('',(96.0000000000001,31.05,-44.1249999999991));
#2006=DIRECTION('',(-1.0,0.0,0.0));
#2007=DIRECTION('',(0.0,0.0,1.0));
#2008=ORIENTED_EDGE('',*,*,#3413,.T.);
#2009=ORIENTED_EDGE('',*,*,#3374,.F.);
#2010=ORIENTED_EDGE('',*,*,#3414,.F.);
#2011=ORIENTED_EDGE('',*,*,#3368,.T.);
#2012=CARTESIAN_POINT('',(87.5,31.05,-44.1249999999999));
#2013=DIRECTION('',(9.78041177458015E-14,6.12323399573677E-17,-1.0));
#2014=DIRECTION('',(-1.0,0.0,-9.78041177458015E-14));
#2015=ORIENTED_EDGE('',*,*,#3414,.T.);
#2016=ORIENTED_EDGE('',*,*,#3373,.F.);
#2017=ORIENTED_EDGE('',*,*,#3415,.F.);
#2018=ORIENTED_EDGE('',*,*,#3369,.T.);
#2019=ORIENTED_EDGE('',*,*,#3416,.F.);
#2020=ORIENTED_EDGE('',*,*,#3406,.F.);
#2021=ORIENTED_EDGE('',*,*,#3417,.T.);
#2022=ORIENTED_EDGE('',*,*,#3418,.T.);
#2023=CARTESIAN_POINT('',(87.5,31.05,-44.925));
#2024=DIRECTION('',(1.0,0.0,-0.0));
#2025=DIRECTION('',(-0.0,0.0,-1.0));
#2026=ORIENTED_EDGE('',*,*,#3358,.F.);
#2027=ORIENTED_EDGE('',*,*,#3419,.T.);
#2028=ORIENTED_EDGE('',*,*,#3420,.F.);
#2029=ORIENTED_EDGE('',*,*,#3401,.F.);
#2030=ORIENTED_EDGE('',*,*,#3408,.T.);
#2031=CARTESIAN_POINT('',(97.5,31.05,-97.5));
#2032=DIRECTION('',(1.0,-9.15961986322115E-33,1.49587944370547E-16));
#2033=DIRECTION('',(1.49587944370547E-16,0.0,-1.0));
#2034=ORIENTED_EDGE('',*,*,#3421,.F.);
#2035=ORIENTED_EDGE('',*,*,#3411,.F.);
#2036=ORIENTED_EDGE('',*,*,#3402,.T.);
#2037=ORIENTED_EDGE('',*,*,#3420,.T.);
#2038=CARTESIAN_POINT('',(73.0000000000001,31.05,-44.9249999999991));
#2039=DIRECTION('',(-3.39320408505844E-14,6.12323399573677E-17,-1.0));
#2040=DIRECTION('',(-1.0,0.0,3.39320408505844E-14));
#2041=ORIENTED_EDGE('',*,*,#3415,.T.);
#2042=ORIENTED_EDGE('',*,*,#3372,.T.);
#2043=ORIENTED_EDGE('',*,*,#3412,.F.);
#2044=ORIENTED_EDGE('',*,*,#3370,.F.);
#2045=CARTESIAN_POINT('',(87.5,31.05,-55.8749999999999));
#2046=DIRECTION('',(4.76481599274418E-14,6.12323399573677E-17,-1.0));
#2047=DIRECTION('',(-1.0,0.0,-4.76481599274418E-14));
#2048=ORIENTED_EDGE('',*,*,#3422,.F.);
#2049=ORIENTED_EDGE('',*,*,#3310,.T.);
#2050=ORIENTED_EDGE('',*,*,#3423,.T.);
#2051=ORIENTED_EDGE('',*,*,#3424,.T.);
#2052=CARTESIAN_POINT('',(0.0,32.65,1.99923589960805E-15));
#2053=DIRECTION('',(-0.0,1.0,6.12323399573677E-17));
#2054=DIRECTION('',(1.0,0.0,0.0));
#2055=ORIENTED_EDGE('',*,*,#3404,.T.);
#2056=ORIENTED_EDGE('',*,*,#3425,.T.);
#2057=ORIENTED_EDGE('',*,*,#3426,.F.);
#2058=ORIENTED_EDGE('',*,*,#3424,.F.);
#2059=ORIENTED_EDGE('',*,*,#3427,.T.);
#2060=ORIENTED_EDGE('',*,*,#3428,.T.);
#2061=ORIENTED_EDGE('',*,*,#3429,.F.);
#2062=ORIENTED_EDGE('',*,*,#3430,.T.);
#2063=CARTESIAN_POINT('',(73.0000000000001,32.65,-55.0749999999991));
#2064=DIRECTION('',(1.0,-3.42921728869421E-31,5.60033683357807E-15));
#2065=DIRECTION('',(5.60033683357807E-15,0.0,-1.0));
#2066=ORIENTED_EDGE('',*,*,#3431,.T.);
#2067=ORIENTED_EDGE('',*,*,#3432,.T.);
#2068=ORIENTED_EDGE('',*,*,#3433,.F.);
#2069=ORIENTED_EDGE('',*,*,#3149,.F.);
#2070=CARTESIAN_POINT('',(0.0,32.65,1.99923589960805E-15));
#2071=DIRECTION('',(-0.0,1.0,6.12323399573677E-17));
#2072=DIRECTION('',(1.0,0.0,0.0));
#2073=ORIENTED_EDGE('',*,*,#3389,.F.);
#2074=ORIENTED_EDGE('',*,*,#3378,.F.);
#2075=ORIENTED_EDGE('',*,*,#3434,.T.);
#2076=ORIENTED_EDGE('',*,*,#3435,.F.);
#2077=ORIENTED_EDGE('',*,*,#3436,.F.);
#2078=ORIENTED_EDGE('',*,*,#3437,.T.);
#2079=ORIENTED_EDGE('',*,*,#3438,.T.);
#2080=ORIENTED_EDGE('',*,*,#3439,.F.);
#2081=CARTESIAN_POINT('',(27.0,32.65,-56.675));
#2082=DIRECTION('',(1.0,-2.03944661016921E-30,3.33066907387363E-14));
#2083=DIRECTION('',(3.33066907387363E-14,0.0,-1.0));
#2084=ORIENTED_EDGE('',*,*,#3440,.F.);
#2085=ORIENTED_EDGE('',*,*,#3441,.T.);
#2086=ORIENTED_EDGE('',*,*,#3442,.F.);
#2087=ORIENTED_EDGE('',*,*,#3443,.T.);
#2088=CARTESIAN_POINT('',(0.0,16.4,1.00421037530083E-15));
#2089=DIRECTION('',(-0.0,1.0,6.12323399573677E-17));
#2090=DIRECTION('',(1.0,0.0,0.0));
#2091=ORIENTED_EDGE('',*,*,#3349,.F.);
#2092=ORIENTED_EDGE('',*,*,#3067,.T.);
#2093=ORIENTED_EDGE('',*,*,#3343,.T.);
#2094=ORIENTED_EDGE('',*,*,#3444,.T.);
#2095=ORIENTED_EDGE('',*,*,#3344,.T.);
#2096=ORIENTED_EDGE('',*,*,#3445,.T.);
#2097=ORIENTED_EDGE('',*,*,#3446,.F.);
#2098=ORIENTED_EDGE('',*,*,#3167,.F.);
#2099=ORIENTED_EDGE('',*,*,#3447,.T.);
#2100=ORIENTED_EDGE('',*,*,#3440,.T.);
#2101=ORIENTED_EDGE('',*,*,#3448,.T.);
#2102=ORIENTED_EDGE('',*,*,#3449,.T.);
#2103=ORIENTED_EDGE('',*,*,#3450,.F.);
#2104=ORIENTED_EDGE('',*,*,#3427,.F.);
#2105=ORIENTED_EDGE('',*,*,#3423,.F.);
#2106=ORIENTED_EDGE('',*,*,#3309,.T.);
#2107=ORIENTED_EDGE('',*,*,#3451,.T.);
#2108=CARTESIAN_POINT('',(73.0,16.4,-56.675));
#2109=DIRECTION('',(-7.5791225147744E-15,6.12323399573677E-17,-1.0));
#2110=DIRECTION('',(-1.0,0.0,7.5791225147744E-15));
#2111=ORIENTED_EDGE('',*,*,#3341,.F.);
#2112=ORIENTED_EDGE('',*,*,#3069,.T.);
#2113=ORIENTED_EDGE('',*,*,#3348,.T.);
#2114=ORIENTED_EDGE('',*,*,#3452,.T.);
#2115=ORIENTED_EDGE('',*,*,#3311,.T.);
#2116=ORIENTED_EDGE('',*,*,#3422,.T.);
#2117=ORIENTED_EDGE('',*,*,#3426,.T.);
#2118=ORIENTED_EDGE('',*,*,#3453,.F.);
#2119=ORIENTED_EDGE('',*,*,#3454,.T.);
#2120=ORIENTED_EDGE('',*,*,#3455,.T.);
#2121=ORIENTED_EDGE('',*,*,#3442,.T.);
#2122=ORIENTED_EDGE('',*,*,#3456,.T.);
#2123=ORIENTED_EDGE('',*,*,#3165,.T.);
#2124=ORIENTED_EDGE('',*,*,#3457,.T.);
#2125=ORIENTED_EDGE('',*,*,#3458,.T.);
#2126=ORIENTED_EDGE('',*,*,#3346,.F.);
#2127=ORIENTED_EDGE('',*,*,#3459,.T.);
#2128=CARTESIAN_POINT('',(65.5,16.4,-43.325));
#2129=DIRECTION('',(-1.10844666778575E-13,-6.12323399573677E-17,1.0));
#2130=DIRECTION('',(1.0,0.0,1.10844666778575E-13));
#2131=ORIENTED_EDGE('',*,*,#3460,.F.);
#2132=ORIENTED_EDGE('',*,*,#3461,.T.);
#2133=ORIENTED_EDGE('',*,*,#3462,.T.);
#2134=ORIENTED_EDGE('',*,*,#3463,.T.);
#2135=CARTESIAN_POINT('',(0.0,16.4,1.00421037530083E-15));
#2136=DIRECTION('',(-0.0,1.0,6.12323399573677E-17));
#2137=DIRECTION('',(1.0,0.0,0.0));
#2138=ORIENTED_EDGE('',*,*,#3334,.F.);
#2139=ORIENTED_EDGE('',*,*,#3063,.T.);
#2140=ORIENTED_EDGE('',*,*,#3351,.T.);
#2141=ORIENTED_EDGE('',*,*,#3464,.T.);
#2142=ORIENTED_EDGE('',*,*,#3305,.T.);
#2143=ORIENTED_EDGE('',*,*,#3465,.T.);
#2144=ORIENTED_EDGE('',*,*,#3436,.T.);
#2145=ORIENTED_EDGE('',*,*,#3466,.T.);
#2146=ORIENTED_EDGE('',*,*,#3467,.F.);
#2147=ORIENTED_EDGE('',*,*,#3468,.T.);
#2148=ORIENTED_EDGE('',*,*,#3462,.F.);
#2149=ORIENTED_EDGE('',*,*,#3469,.T.);
#2150=ORIENTED_EDGE('',*,*,#3146,.T.);
#2151=ORIENTED_EDGE('',*,*,#3433,.T.);
#2152=ORIENTED_EDGE('',*,*,#3470,.T.);
#2153=ORIENTED_EDGE('',*,*,#3339,.F.);
#2154=ORIENTED_EDGE('',*,*,#3471,.T.);
#2155=CARTESIAN_POINT('',(2.49999999999994,16.4,-56.6749999999999));
#2156=DIRECTION('',(3.77022676117603E-15,-6.12323399573677E-17,1.0));
#2157=DIRECTION('',(1.0,0.0,-3.77022676117603E-15));
#2158=ORIENTED_EDGE('',*,*,#3352,.F.);
#2159=ORIENTED_EDGE('',*,*,#3065,.T.);
#2160=ORIENTED_EDGE('',*,*,#3336,.T.);
#2161=ORIENTED_EDGE('',*,*,#3472,.T.);
#2162=ORIENTED_EDGE('',*,*,#3337,.T.);
#2163=ORIENTED_EDGE('',*,*,#3473,.T.);
#2164=ORIENTED_EDGE('',*,*,#3431,.F.);
#2165=ORIENTED_EDGE('',*,*,#3148,.F.);
#2166=ORIENTED_EDGE('',*,*,#3474,.T.);
#2167=ORIENTED_EDGE('',*,*,#3460,.T.);
#2168=ORIENTED_EDGE('',*,*,#3475,.T.);
#2169=ORIENTED_EDGE('',*,*,#3476,.T.);
#2170=ORIENTED_EDGE('',*,*,#3477,.F.);
#2171=ORIENTED_EDGE('',*,*,#3438,.F.);
#2172=ORIENTED_EDGE('',*,*,#3478,.F.);
#2173=ORIENTED_EDGE('',*,*,#3307,.T.);
#2174=ORIENTED_EDGE('',*,*,#3479,.T.);
#2175=CARTESIAN_POINT('',(2.49999999999995,16.4,-43.3249999999999));
#2176=DIRECTION('',(-3.21919361915801E-14,-6.12323399573677E-17,1.0));
#2177=DIRECTION('',(1.0,0.0,3.21919361915801E-14));
#2178=ORIENTED_EDGE('',*,*,#3480,.T.);
#2179=ORIENTED_EDGE('',*,*,#3294,.T.);
#2180=ORIENTED_EDGE('',*,*,#3481,.T.);
#2181=ORIENTED_EDGE('',*,*,#3298,.T.);
#2182=CARTESIAN_POINT('',(0.0,-1.0,0.0));
#2183=DIRECTION('',(-0.0,1.0,0.0));
#2184=DIRECTION('',(1.0,0.0,0.0));
#2185=ORIENTED_EDGE('',*,*,#3482,.F.);
#2186=ORIENTED_EDGE('',*,*,#3483,.T.);
#2187=ORIENTED_EDGE('',*,*,#3484,.T.);
#2188=ORIENTED_EDGE('',*,*,#3485,.T.);
#2189=CARTESIAN_POINT('',(0.0,3.0,0.0));
#2190=DIRECTION('',(-0.0,1.0,0.0));
#2191=DIRECTION('',(1.0,0.0,0.0));
#2192=ORIENTED_EDGE('',*,*,#3486,.T.);
#2193=ORIENTED_EDGE('',*,*,#3291,.T.);
#2194=ORIENTED_EDGE('',*,*,#3480,.F.);
#2195=ORIENTED_EDGE('',*,*,#3297,.T.);
#2196=ORIENTED_EDGE('',*,*,#3487,.F.);
#2197=ORIENTED_EDGE('',*,*,#3484,.F.);
#2198=CARTESIAN_POINT('',(65.5,3.0,-19.8));
#2199=DIRECTION('',(2.29207334116161E-16,-0.0,1.0));
#2200=DIRECTION('',(1.0,0.0,-2.29207334116161E-16));
#2201=ORIENTED_EDGE('',*,*,#3395,.F.);
#2202=ORIENTED_EDGE('',*,*,#3384,.F.);
#2203=ORIENTED_EDGE('',*,*,#3380,.F.);
#2204=ORIENTED_EDGE('',*,*,#3488,.F.);
#2205=CARTESIAN_POINT('',(0.0,18.9,1.15729122519425E-15));
#2206=DIRECTION('',(-0.0,1.0,6.12323399573677E-17));
#2207=DIRECTION('',(1.0,0.0,0.0));
#2208=ORIENTED_EDGE('',*,*,#3489,.F.);
#2209=ORIENTED_EDGE('',*,*,#3490,.T.);
#2210=ORIENTED_EDGE('',*,*,#3491,.T.);
#2211=ORIENTED_EDGE('',*,*,#3492,.T.);
#2212=ORIENTED_EDGE('',*,*,#3238,.F.);
#2213=ORIENTED_EDGE('',*,*,#3493,.T.);
#2214=CARTESIAN_POINT('',(32.4999999999999,18.902,-81.8));
#2215=DIRECTION('',(-4.06024420434342E-16,0.0,-1.0));
#2216=DIRECTION('',(-1.0,0.0,4.06024420434342E-16));
#2217=ORIENTED_EDGE('',*,*,#3494,.T.);
#2218=ORIENTED_EDGE('',*,*,#3467,.T.);
#2219=ORIENTED_EDGE('',*,*,#3495,.T.);
#2220=ORIENTED_EDGE('',*,*,#3489,.T.);
#2221=ORIENTED_EDGE('',*,*,#3496,.T.);
#2222=ORIENTED_EDGE('',*,*,#3497,.F.);
#2223=ORIENTED_EDGE('',*,*,#3498,.T.);
#2224=ORIENTED_EDGE('',*,*,#3476,.F.);
#2225=CARTESIAN_POINT('',(32.5,18.902,-18.2));
#2226=DIRECTION('',(-1.0,0.0,3.35161667811368E-16));
#2227=DIRECTION('',(3.35161667811368E-16,0.0,1.0));
#2228=ORIENTED_EDGE('',*,*,#3499,.F.);
#2229=ORIENTED_EDGE('',*,*,#3500,.T.);
#2230=ORIENTED_EDGE('',*,*,#3497,.T.);
#2231=ORIENTED_EDGE('',*,*,#3501,.T.);
#2232=ORIENTED_EDGE('',*,*,#3240,.F.);
#2233=ORIENTED_EDGE('',*,*,#3502,.T.);
#2234=ORIENTED_EDGE('',*,*,#3503,.F.);
#2235=ORIENTED_EDGE('',*,*,#3504,.T.);
#2236=ORIENTED_EDGE('',*,*,#3505,.T.);
#2237=ORIENTED_EDGE('',*,*,#3482,.T.);
#2238=CARTESIAN_POINT('',(67.5,18.902,-18.2));
#2239=DIRECTION('',(3.04518315325757E-16,-0.0,1.0));
#2240=DIRECTION('',(1.0,0.0,-3.04518315325757E-16));
#2241=ORIENTED_EDGE('',*,*,#3506,.T.);
#2242=ORIENTED_EDGE('',*,*,#3499,.T.);
#2243=ORIENTED_EDGE('',*,*,#3485,.F.);
#2244=ORIENTED_EDGE('',*,*,#3487,.T.);
#2245=ORIENTED_EDGE('',*,*,#3296,.T.);
#2246=ORIENTED_EDGE('',*,*,#3507,.F.);
#2247=CARTESIAN_POINT('',(34.5,18.902,-50.0));
#2248=DIRECTION('',(1.0,0.0,0.0));
#2249=DIRECTION('',(0.0,0.0,-1.0));
#2250=ORIENTED_EDGE('',*,*,#3481,.F.);
#2251=ORIENTED_EDGE('',*,*,#3293,.T.);
#2252=ORIENTED_EDGE('',*,*,#3508,.F.);
#2253=ORIENTED_EDGE('',*,*,#3509,.T.);
#2254=ORIENTED_EDGE('',*,*,#3507,.T.);
#2255=ORIENTED_EDGE('',*,*,#3295,.T.);
#2256=CARTESIAN_POINT('',(50.0,18.902,-79.8));
#2257=DIRECTION('',(9.16829336464645E-16,-0.0,1.0));
#2258=DIRECTION('',(1.0,0.0,-9.16829336464645E-16));
#2259=ORIENTED_EDGE('',*,*,#3510,.T.);
#2260=ORIENTED_EDGE('',*,*,#3508,.T.);
#2261=ORIENTED_EDGE('',*,*,#3292,.T.);
#2262=ORIENTED_EDGE('',*,*,#3486,.F.);
#2263=ORIENTED_EDGE('',*,*,#3483,.F.);
#2264=ORIENTED_EDGE('',*,*,#3505,.F.);
#2265=CARTESIAN_POINT('',(65.5,18.902,-18.2));
#2266=DIRECTION('',(-1.0,0.0,2.30695693428604E-16));
#2267=DIRECTION('',(2.30695693428604E-16,0.0,1.0));
#2268=ORIENTED_EDGE('',*,*,#3511,.T.);
#2269=ORIENTED_EDGE('',*,*,#3454,.F.);
#2270=ORIENTED_EDGE('',*,*,#3512,.T.);
#2271=ORIENTED_EDGE('',*,*,#3503,.T.);
#2272=ORIENTED_EDGE('',*,*,#3513,.T.);
#2273=ORIENTED_EDGE('',*,*,#3491,.F.);
#2274=ORIENTED_EDGE('',*,*,#3514,.T.);
#2275=ORIENTED_EDGE('',*,*,#3449,.F.);
#2276=CARTESIAN_POINT('',(67.5,18.902,-81.8));
#2277=DIRECTION('',(1.0,0.0,-2.23441111874245E-16));
#2278=DIRECTION('',(-2.23441111874245E-16,0.0,-1.0));
#2279=ORIENTED_EDGE('',*,*,#3266,.F.);
#2280=ORIENTED_EDGE('',*,*,#3288,.T.);
#2281=ORIENTED_EDGE('',*,*,#3258,.F.);
#2282=ORIENTED_EDGE('',*,*,#3290,.T.);
#2283=ORIENTED_EDGE('',*,*,#3250,.F.);
#2284=ORIENTED_EDGE('',*,*,#3282,.F.);
#2285=ORIENTED_EDGE('',*,*,#3515,.T.);
#2286=ORIENTED_EDGE('',*,*,#3516,.T.);
#2287=ORIENTED_EDGE('',*,*,#3177,.T.);
#2288=ORIENTED_EDGE('',*,*,#3201,.T.);
#2289=ORIENTED_EDGE('',*,*,#3156,.T.);
#2290=ORIENTED_EDGE('',*,*,#3517,.T.);
#2291=CARTESIAN_POINT('',(0.0,90.0,0.0));
#2292=DIRECTION('',(-0.0,1.0,0.0));
#2293=DIRECTION('',(1.0,0.0,0.0));
#2294=ORIENTED_EDGE('',*,*,#3518,.F.);
#2295=ORIENTED_EDGE('',*,*,#3204,.T.);
#2296=CARTESIAN_POINT('',(50.0,-1.50000000000001,-8.49999999999999));
#2297=DIRECTION('',(0.0,-1.0,0.0));
#2298=DIRECTION('',(0.0,0.0,-1.0));
#2299=ORIENTED_EDGE('',*,*,#3518,.T.);
#2300=CARTESIAN_POINT('',(0.0,-1.50000000000001,0.0));
#2301=DIRECTION('',(0.0,-1.0,0.0));
#2302=DIRECTION('',(1.0,0.0,0.0));
#2303=ORIENTED_EDGE('',*,*,#3519,.T.);
#2304=ORIENTED_EDGE('',*,*,#3268,.F.);
#2305=ORIENTED_EDGE('',*,*,#3281,.F.);
#2306=ORIENTED_EDGE('',*,*,#3213,.F.);
#2307=CARTESIAN_POINT('',(97.5,-6.07153216591882E-15,0.0));
#2308=DIRECTION('',(0.0,-0.0,1.0));
#2309=DIRECTION('',(1.0,0.0,-0.0));
#2310=ORIENTED_EDGE('',*,*,#3520,.T.);
#2311=ORIENTED_EDGE('',*,*,#3521,.T.);
#2312=ORIENTED_EDGE('',*,*,#3203,.F.);
#2313=ORIENTED_EDGE('',*,*,#3077,.F.);
#2314=CARTESIAN_POINT('',(0.0,62.5,3.82702124733548E-15));
#2315=DIRECTION('',(-0.0,1.0,6.12323399573677E-17));
#2316=DIRECTION('',(1.0,0.0,0.0));
#2317=ORIENTED_EDGE('',*,*,#3522,.T.);
#2318=ORIENTED_EDGE('',*,*,#3523,.F.);
#2319=ORIENTED_EDGE('',*,*,#3520,.F.);
#2320=ORIENTED_EDGE('',*,*,#3076,.T.);
#2321=CARTESIAN_POINT('',(91.0,62.5,-8.5));
#2322=DIRECTION('',(1.08314441426845E-16,-6.12323399573677E-17,1.0));
#2323=DIRECTION('',(1.0,0.0,-1.08314441426845E-16));
#2324=ORIENTED_EDGE('',*,*,#3145,.F.);
#2325=ORIENTED_EDGE('',*,*,#3524,.T.);
#2326=ORIENTED_EDGE('',*,*,#3525,.T.);
#2327=ORIENTED_EDGE('',*,*,#3526,.F.);
#2328=CARTESIAN_POINT('',(0.0,62.5,3.82702124733548E-15));
#2329=DIRECTION('',(-0.0,1.0,6.12323399573677E-17));
#2330=DIRECTION('',(1.0,0.0,0.0));
#2331=ORIENTED_EDGE('',*,*,#3527,.T.);
#2332=ORIENTED_EDGE('',*,*,#3528,.F.);
#2333=ORIENTED_EDGE('',*,*,#3525,.F.);
#2334=ORIENTED_EDGE('',*,*,#3529,.T.);
#2335=CARTESIAN_POINT('',(8.99999999999996,62.5,-8.49999999999999));
#2336=DIRECTION('',(-1.0,-1.04839022530845E-32,1.71215117050627E-16));
#2337=DIRECTION('',(1.71215117050627E-16,0.0,1.0));
#2338=ORIENTED_EDGE('',*,*,#3081,.F.);
#2339=ORIENTED_EDGE('',*,*,#3164,.F.);
#2340=ORIENTED_EDGE('',*,*,#3139,.F.);
#2341=ORIENTED_EDGE('',*,*,#3530,.T.);
#2342=CARTESIAN_POINT('',(0.0,62.5,3.82702124733548E-15));
#2343=DIRECTION('',(-0.0,1.0,6.12323399573677E-17));
#2344=DIRECTION('',(1.0,0.0,0.0));
#2345=ORIENTED_EDGE('',*,*,#3531,.T.);
#2346=ORIENTED_EDGE('',*,*,#3082,.F.);
#2347=ORIENTED_EDGE('',*,*,#3530,.F.);
#2348=ORIENTED_EDGE('',*,*,#3138,.T.);
#2349=CARTESIAN_POINT('',(91.0,62.5,-50.0));
#2350=DIRECTION('',(1.0,0.0,-0.0));
#2351=DIRECTION('',(-0.0,0.0,-1.0));
#2352=ORIENTED_EDGE('',*,*,#3098,.F.);
#2353=ORIENTED_EDGE('',*,*,#3532,.F.);
#2354=ORIENTED_EDGE('',*,*,#3533,.T.);
#2355=ORIENTED_EDGE('',*,*,#3534,.T.);
#2356=CARTESIAN_POINT('',(0.0,62.5,3.82702124733548E-15));
#2357=DIRECTION('',(-0.0,1.0,6.12323399573677E-17));
#2358=DIRECTION('',(1.0,0.0,0.0));
#2359=ORIENTED_EDGE('',*,*,#3535,.T.);
#2360=ORIENTED_EDGE('',*,*,#3099,.F.);
#2361=ORIENTED_EDGE('',*,*,#3534,.F.);
#2362=ORIENTED_EDGE('',*,*,#3536,.T.);
#2363=CARTESIAN_POINT('',(50.0,62.5,-91.5));
#2364=DIRECTION('',(-3.46606212565903E-16,6.12323399573677E-17,-1.0));
#2365=DIRECTION('',(-1.0,0.0,3.46606212565903E-16));
#2366=ORIENTED_EDGE('',*,*,#3537,.F.);
#2367=ORIENTED_EDGE('',*,*,#3115,.T.);
#2368=ORIENTED_EDGE('',*,*,#3538,.T.);
#2369=ORIENTED_EDGE('',*,*,#3539,.T.);
#2370=CARTESIAN_POINT('',(0.0,62.5,3.82702124733548E-15));
#2371=DIRECTION('',(-0.0,1.0,6.12323399573677E-17));
#2372=DIRECTION('',(1.0,0.0,0.0));
#2373=ORIENTED_EDGE('',*,*,#3540,.T.);
#2374=ORIENTED_EDGE('',*,*,#3541,.F.);
#2375=ORIENTED_EDGE('',*,*,#3538,.F.);
#2376=ORIENTED_EDGE('',*,*,#3114,.T.);
#2377=CARTESIAN_POINT('',(8.99999999999995,62.5,-91.5));
#2378=DIRECTION('',(0.0,6.12323399573677E-17,-1.0));
#2379=DIRECTION('',(0.0,1.0,6.12323399573677E-17));
#2380=ORIENTED_EDGE('',*,*,#3542,.T.);
#2381=ORIENTED_EDGE('',*,*,#3120,.T.);
#2382=ORIENTED_EDGE('',*,*,#3152,.F.);
#2383=ORIENTED_EDGE('',*,*,#3543,.T.);
#2384=CARTESIAN_POINT('',(0.0,62.5,3.82702124733548E-15));
#2385=DIRECTION('',(-0.0,1.0,6.12323399573677E-17));
#2386=DIRECTION('',(1.0,0.0,0.0));
#2387=ORIENTED_EDGE('',*,*,#3544,.T.);
#2388=ORIENTED_EDGE('',*,*,#3121,.F.);
#2389=ORIENTED_EDGE('',*,*,#3542,.F.);
#2390=ORIENTED_EDGE('',*,*,#3545,.T.);
#2391=CARTESIAN_POINT('',(8.99999999999996,62.5,-8.49999999999999));
#2392=DIRECTION('',(-1.0,-1.04839022530845E-32,1.71215117050627E-16));
#2393=DIRECTION('',(1.71215117050627E-16,0.0,1.0));
#2394=ORIENTED_EDGE('',*,*,#3102,.F.);
#2395=ORIENTED_EDGE('',*,*,#3546,.T.);
#2396=ORIENTED_EDGE('',*,*,#3135,.T.);
#2397=ORIENTED_EDGE('',*,*,#3169,.F.);
#2398=CARTESIAN_POINT('',(0.0,62.5,3.82702124733548E-15));
#2399=DIRECTION('',(-0.0,1.0,6.12323399573677E-17));
#2400=DIRECTION('',(1.0,0.0,0.0));
#2401=ORIENTED_EDGE('',*,*,#3547,.T.);
#2402=ORIENTED_EDGE('',*,*,#3136,.F.);
#2403=ORIENTED_EDGE('',*,*,#3546,.F.);
#2404=ORIENTED_EDGE('',*,*,#3101,.T.);
#2405=CARTESIAN_POINT('',(91.0,62.5,-91.5));
#2406=DIRECTION('',(1.0,2.09678045061689E-32,-3.42430234101253E-16));
#2407=DIRECTION('',(-3.42430234101253E-16,0.0,-1.0));
#2408=ORIENTED_EDGE('',*,*,#3085,.F.);
#2409=ORIENTED_EDGE('',*,*,#3548,.T.);
#2410=ORIENTED_EDGE('',*,*,#3549,.F.);
#2411=ORIENTED_EDGE('',*,*,#3193,.F.);
#2412=CARTESIAN_POINT('',(0.0,62.5,3.82702124733548E-15));
#2413=DIRECTION('',(-0.0,1.0,6.12323399573677E-17));
#2414=DIRECTION('',(1.0,0.0,0.0));
#2415=ORIENTED_EDGE('',*,*,#3550,.T.);
#2416=ORIENTED_EDGE('',*,*,#3551,.F.);
#2417=ORIENTED_EDGE('',*,*,#3548,.F.);
#2418=ORIENTED_EDGE('',*,*,#3084,.T.);
#2419=CARTESIAN_POINT('',(91.0,62.5,-8.5));
#2420=DIRECTION('',(1.08314441426845E-16,-6.12323399573677E-17,1.0));
#2421=DIRECTION('',(1.0,0.0,-1.08314441426845E-16));
#2422=ORIENTED_EDGE('',*,*,#3079,.T.);
#2423=ORIENTED_EDGE('',*,*,#3074,.T.);
#2424=ORIENTED_EDGE('',*,*,#3552,.F.);
#2425=ORIENTED_EDGE('',*,*,#3553,.T.);
#2426=ORIENTED_EDGE('',*,*,#3554,.T.);
#2427=ORIENTED_EDGE('',*,*,#3124,.T.);
#2428=ORIENTED_EDGE('',*,*,#3555,.F.);
#2429=ORIENTED_EDGE('',*,*,#3556,.T.);
#2430=ORIENTED_EDGE('',*,*,#3117,.F.);
#2431=ORIENTED_EDGE('',*,*,#3112,.T.);
#2432=ORIENTED_EDGE('',*,*,#3557,.F.);
#2433=ORIENTED_EDGE('',*,*,#3128,.T.);
#2434=ORIENTED_EDGE('',*,*,#3558,.F.);
#2435=ORIENTED_EDGE('',*,*,#3108,.T.);
#2436=ORIENTED_EDGE('',*,*,#3104,.T.);
#2437=ORIENTED_EDGE('',*,*,#3096,.T.);
#2438=ORIENTED_EDGE('',*,*,#3137,.F.);
#2439=ORIENTED_EDGE('',*,*,#3132,.T.);
#2440=ORIENTED_EDGE('',*,*,#3141,.T.);
#2441=ORIENTED_EDGE('',*,*,#3092,.T.);
#2442=ORIENTED_EDGE('',*,*,#3088,.T.);
#2443=ORIENTED_EDGE('',*,*,#3559,.T.);
#2444=ORIENTED_EDGE('',*,*,#3560,.T.);
#2445=ORIENTED_EDGE('',*,*,#3561,.T.);
#2446=CARTESIAN_POINT('',(0.0,52.5,3.2146978477618E-15));
#2447=DIRECTION('',(-0.0,1.0,6.12323399573677E-17));
#2448=DIRECTION('',(1.0,0.0,0.0));
#2449=ORIENTED_EDGE('',*,*,#3522,.F.);
#2450=ORIENTED_EDGE('',*,*,#3562,.F.);
#2451=ORIENTED_EDGE('',*,*,#3550,.F.);
#2452=ORIENTED_EDGE('',*,*,#3083,.F.);
#2453=ORIENTED_EDGE('',*,*,#3531,.F.);
#2454=ORIENTED_EDGE('',*,*,#3130,.F.);
#2455=ORIENTED_EDGE('',*,*,#3547,.F.);
#2456=ORIENTED_EDGE('',*,*,#3100,.F.);
#2457=ORIENTED_EDGE('',*,*,#3535,.F.);
#2458=ORIENTED_EDGE('',*,*,#3126,.F.);
#2459=ORIENTED_EDGE('',*,*,#3540,.F.);
#2460=ORIENTED_EDGE('',*,*,#3113,.T.);
#2461=ORIENTED_EDGE('',*,*,#3544,.F.);
#2462=ORIENTED_EDGE('',*,*,#3122,.F.);
#2463=ORIENTED_EDGE('',*,*,#3527,.F.);
#2464=ORIENTED_EDGE('',*,*,#3563,.T.);
#2465=CARTESIAN_POINT('',(0.0,55.0,3.36777869765522E-15));
#2466=DIRECTION('',(-0.0,1.0,6.12323399573677E-17));
#2467=DIRECTION('',(1.0,0.0,0.0));
#2468=ORIENTED_EDGE('',*,*,#3564,.T.);
#2469=ORIENTED_EDGE('',*,*,#3565,.T.);
#2470=ORIENTED_EDGE('',*,*,#3566,.F.);
#2471=ORIENTED_EDGE('',*,*,#3110,.T.);
#2472=ORIENTED_EDGE('',*,*,#3116,.T.);
#2473=ORIENTED_EDGE('',*,*,#3537,.T.);
#2474=ORIENTED_EDGE('',*,*,#3567,.T.);
#2475=ORIENTED_EDGE('',*,*,#3568,.T.);
#2476=ORIENTED_EDGE('',*,*,#3515,.F.);
#2477=ORIENTED_EDGE('',*,*,#3569,.T.);
#2478=ORIENTED_EDGE('',*,*,#3097,.F.);
#2479=ORIENTED_EDGE('',*,*,#3107,.T.);
#2480=ORIENTED_EDGE('',*,*,#3570,.T.);
#2481=ORIENTED_EDGE('',*,*,#3532,.T.);
#2482=CARTESIAN_POINT('',(2.49999999999996,90.0,-97.5));
#2483=DIRECTION('',(0.0,0.0,-1.0));
#2484=DIRECTION('',(-1.0,0.0,0.0));
#2485=ORIENTED_EDGE('',*,*,#3283,.F.);
#2486=ORIENTED_EDGE('',*,*,#3248,.F.);
#2487=ORIENTED_EDGE('',*,*,#3571,.F.);
#2488=ORIENTED_EDGE('',*,*,#3215,.F.);
#2489=CARTESIAN_POINT('',(2.50000000000001,-6.07153216591882E-15,-8.14513917560312E-16));
#2490=DIRECTION('',(-3.25805567024123E-16,0.0,-1.0));
#2491=DIRECTION('',(-1.0,0.0,3.25805567024123E-16));
#2492=ORIENTED_EDGE('',*,*,#3571,.T.);
#2493=ORIENTED_EDGE('',*,*,#3289,.F.);
#2494=ORIENTED_EDGE('',*,*,#3572,.F.);
#2495=ORIENTED_EDGE('',*,*,#3216,.F.);
#2496=CARTESIAN_POINT('',(4.99999999999998,-6.07153216591882E-15,-95.0));
#2497=DIRECTION('',(0.0,1.0,0.0));
#2498=DIRECTION('',(0.0,-0.0,1.0));
#2499=ORIENTED_EDGE('',*,*,#3492,.F.);
#2500=ORIENTED_EDGE('',*,*,#3513,.F.);
#2501=ORIENTED_EDGE('',*,*,#3502,.F.);
#2502=ORIENTED_EDGE('',*,*,#3239,.F.);
#2503=CARTESIAN_POINT('',(70.0,2.5,-1.56408778311972E-14));
#2504=DIRECTION('',(-2.23441111874245E-16,0.0,-1.0));
#2505=DIRECTION('',(-1.0,0.0,2.23441111874245E-16));
#2506=ORIENTED_EDGE('',*,*,#3244,.F.);
#2507=ORIENTED_EDGE('',*,*,#3573,.T.);
#2508=ORIENTED_EDGE('',*,*,#3162,.F.);
#2509=ORIENTED_EDGE('',*,*,#3574,.F.);
#2510=CARTESIAN_POINT('',(-2.75,75.0,-9.99999999999998));
#2511=DIRECTION('',(-1.0,0.0,0.0));
#2512=DIRECTION('',(0.0,0.0,1.0));
#2513=ORIENTED_EDGE('',*,*,#3573,.F.);
#2514=ORIENTED_EDGE('',*,*,#3243,.F.);
#2515=ORIENTED_EDGE('',*,*,#3575,.F.);
#2516=ORIENTED_EDGE('',*,*,#3163,.F.);
#2517=CARTESIAN_POINT('',(-2.75,75.0,-9.99999999999998));
#2518=DIRECTION('',(1.0,0.0,0.0));
#2519=DIRECTION('',(0.0,0.0,-1.0));
#2520=ORIENTED_EDGE('',*,*,#3246,.F.);
#2521=ORIENTED_EDGE('',*,*,#3576,.F.);
#2522=ORIENTED_EDGE('',*,*,#3160,.F.);
#2523=ORIENTED_EDGE('',*,*,#3577,.T.);
#2524=CARTESIAN_POINT('',(-2.75,75.0000000000001,-90.0));
#2525=DIRECTION('',(1.0,0.0,0.0));
#2526=DIRECTION('',(0.0,0.0,-1.0));
#2527=ORIENTED_EDGE('',*,*,#3578,.F.);
#2528=ORIENTED_EDGE('',*,*,#3252,.F.);
#2529=ORIENTED_EDGE('',*,*,#3577,.F.);
#2530=ORIENTED_EDGE('',*,*,#3154,.F.);
#2531=CARTESIAN_POINT('',(-2.75,75.0000000000001,-90.0));
#2532=DIRECTION('',(-1.0,0.0,0.0));
#2533=DIRECTION('',(0.0,0.0,1.0));
#2534=ORIENTED_EDGE('',*,*,#3179,.F.);
#2535=ORIENTED_EDGE('',*,*,#3579,.T.);
#2536=ORIENTED_EDGE('',*,*,#3264,.F.);
#2537=ORIENTED_EDGE('',*,*,#3580,.F.);
#2538=CARTESIAN_POINT('',(-2.75,75.0000000000001,-90.0));
#2539=DIRECTION('',(-1.0,0.0,0.0));
#2540=DIRECTION('',(0.0,0.0,1.0));
#2541=ORIENTED_EDGE('',*,*,#3579,.F.);
#2542=ORIENTED_EDGE('',*,*,#3173,.F.);
#2543=ORIENTED_EDGE('',*,*,#3581,.F.);
#2544=ORIENTED_EDGE('',*,*,#3270,.F.);
#2545=CARTESIAN_POINT('',(-2.75,75.0000000000001,-90.0));
#2546=DIRECTION('',(1.0,0.0,0.0));
#2547=DIRECTION('',(0.0,0.0,-1.0));
#2548=ORIENTED_EDGE('',*,*,#3170,.F.);
#2549=ORIENTED_EDGE('',*,*,#3582,.F.);
#2550=ORIENTED_EDGE('',*,*,#3262,.F.);
#2551=ORIENTED_EDGE('',*,*,#3583,.T.);
#2552=CARTESIAN_POINT('',(-2.75,75.0,-9.99999999999998));
#2553=DIRECTION('',(1.0,0.0,0.0));
#2554=DIRECTION('',(0.0,0.0,-1.0));
#2555=ORIENTED_EDGE('',*,*,#3584,.F.);
#2556=ORIENTED_EDGE('',*,*,#3171,.F.);
#2557=ORIENTED_EDGE('',*,*,#3583,.F.);
#2558=ORIENTED_EDGE('',*,*,#3261,.F.);
#2559=CARTESIAN_POINT('',(-2.75,75.0,-9.99999999999998));
#2560=DIRECTION('',(-1.0,0.0,0.0));
#2561=DIRECTION('',(0.0,0.0,1.0));
#2562=ORIENTED_EDGE('',*,*,#3188,.F.);
#2563=ORIENTED_EDGE('',*,*,#3585,.F.);
#2564=ORIENTED_EDGE('',*,*,#3278,.F.);
#2565=ORIENTED_EDGE('',*,*,#3586,.F.);
#2566=CARTESIAN_POINT('',(61.0,67.0,-7.50199999999999));
#2567=DIRECTION('',(0.0,0.0,-1.0));
#2568=DIRECTION('',(-1.0,0.0,0.0));
#2569=ORIENTED_EDGE('',*,*,#3182,.F.);
#2570=ORIENTED_EDGE('',*,*,#3587,.F.);
#2571=ORIENTED_EDGE('',*,*,#3276,.F.);
#2572=ORIENTED_EDGE('',*,*,#3588,.F.);
#2573=CARTESIAN_POINT('',(85.0,67.0,-7.50199999999999));
#2574=DIRECTION('',(0.0,0.0,-1.0));
#2575=DIRECTION('',(-1.0,0.0,0.0));
#2576=ORIENTED_EDGE('',*,*,#3184,.F.);
#2577=ORIENTED_EDGE('',*,*,#3589,.F.);
#2578=ORIENTED_EDGE('',*,*,#3274,.F.);
#2579=ORIENTED_EDGE('',*,*,#3590,.F.);
#2580=CARTESIAN_POINT('',(85.0,74.0,-7.50199999999999));
#2581=DIRECTION('',(0.0,0.0,-1.0));
#2582=DIRECTION('',(-1.0,0.0,0.0));
#2583=ORIENTED_EDGE('',*,*,#3186,.F.);
#2584=ORIENTED_EDGE('',*,*,#3591,.F.);
#2585=ORIENTED_EDGE('',*,*,#3272,.F.);
#2586=ORIENTED_EDGE('',*,*,#3592,.F.);
#2587=CARTESIAN_POINT('',(61.0,74.0,-7.50199999999999));
#2588=DIRECTION('',(0.0,0.0,-1.0));
#2589=DIRECTION('',(-1.0,0.0,0.0));
#2590=ORIENTED_EDGE('',*,*,#3181,.F.);
#2591=ORIENTED_EDGE('',*,*,#3586,.T.);
#2592=ORIENTED_EDGE('',*,*,#3277,.T.);
#2593=ORIENTED_EDGE('',*,*,#3587,.T.);
#2594=CARTESIAN_POINT('',(60.0,66.0,-7.50199999999999));
#2595=DIRECTION('',(0.0,-1.0,0.0));
#2596=DIRECTION('',(0.0,0.0,-1.0));
#2597=ORIENTED_EDGE('',*,*,#3271,.T.);
#2598=ORIENTED_EDGE('',*,*,#3585,.T.);
#2599=ORIENTED_EDGE('',*,*,#3187,.F.);
#2600=ORIENTED_EDGE('',*,*,#3592,.T.);
#2601=CARTESIAN_POINT('',(60.0,75.0,-7.50199999999999));
#2602=DIRECTION('',(-1.0,0.0,0.0));
#2603=DIRECTION('',(0.0,0.0,1.0));
#2604=ORIENTED_EDGE('',*,*,#3279,.T.);
#2605=ORIENTED_EDGE('',*,*,#3189,.F.);
#2606=CARTESIAN_POINT('',(10.0,75.0,-121.0));
#2607=DIRECTION('',(0.0,0.0,1.0));
#2608=DIRECTION('',(1.0,0.0,-0.0));
#2609=ORIENTED_EDGE('',*,*,#3280,.T.);
#2610=ORIENTED_EDGE('',*,*,#3190,.F.);
#2611=CARTESIAN_POINT('',(90.0,75.0,-121.0));
#2612=DIRECTION('',(0.0,0.0,1.0));
#2613=DIRECTION('',(1.0,0.0,-0.0));
#2614=ORIENTED_EDGE('',*,*,#3245,.F.);
#2615=ORIENTED_EDGE('',*,*,#3574,.T.);
#2616=ORIENTED_EDGE('',*,*,#3161,.F.);
#2617=ORIENTED_EDGE('',*,*,#3576,.T.);
#2618=CARTESIAN_POINT('',(-2.75,70.0,1.28587913910472E-14));
#2619=DIRECTION('',(0.0,-1.0,-2.8421709430404E-16));
#2620=DIRECTION('',(0.0,2.8421709430404E-16,-1.0));
#2621=ORIENTED_EDGE('',*,*,#3153,.T.);
#2622=ORIENTED_EDGE('',*,*,#3575,.T.);
#2623=ORIENTED_EDGE('',*,*,#3242,.T.);
#2624=ORIENTED_EDGE('',*,*,#3578,.T.);
#2625=CARTESIAN_POINT('',(-2.75,80.0,1.46957615897682E-14));
#2626=DIRECTION('',(0.0,-1.0,-2.8421709430404E-16));
#2627=DIRECTION('',(0.0,2.8421709430404E-16,-1.0));
#2628=ORIENTED_EDGE('',*,*,#3593,.T.);
#2629=CARTESIAN_POINT('',(0.0,-1.50000000000001,0.0));
#2630=DIRECTION('',(0.0,-1.0,0.0));
#2631=DIRECTION('',(1.0,0.0,0.0));
#2632=ORIENTED_EDGE('',*,*,#3593,.F.);
#2633=ORIENTED_EDGE('',*,*,#3210,.T.);
#2634=CARTESIAN_POINT('',(50.0,-1.50000000000001,-91.5));
#2635=DIRECTION('',(0.0,-1.0,0.0));
#2636=DIRECTION('',(0.0,0.0,-1.0));
#2637=ORIENTED_EDGE('',*,*,#3260,.T.);
#2638=ORIENTED_EDGE('',*,*,#3581,.T.);
#2639=ORIENTED_EDGE('',*,*,#3172,.F.);
#2640=ORIENTED_EDGE('',*,*,#3584,.T.);
#2641=CARTESIAN_POINT('',(-2.75,70.0,1.28587913910472E-14));
#2642=DIRECTION('',(0.0,-1.0,-2.8421709430404E-16));
#2643=DIRECTION('',(0.0,2.8421709430404E-16,-1.0));
#2644=ORIENTED_EDGE('',*,*,#3180,.T.);
#2645=ORIENTED_EDGE('',*,*,#3580,.T.);
#2646=ORIENTED_EDGE('',*,*,#3263,.F.);
#2647=ORIENTED_EDGE('',*,*,#3582,.T.);
#2648=CARTESIAN_POINT('',(-2.75,80.0,1.46957615897682E-14));
#2649=DIRECTION('',(0.0,-1.0,-2.8421709430404E-16));
#2650=DIRECTION('',(0.0,2.8421709430404E-16,-1.0));
#2651=ORIENTED_EDGE('',*,*,#3253,.F.);
#2652=ORIENTED_EDGE('',*,*,#3564,.F.);
#2653=CARTESIAN_POINT('',(10.0,75.0,-121.0));
#2654=DIRECTION('',(0.0,0.0,1.0));
#2655=DIRECTION('',(1.0,0.0,-0.0));
#2656=ORIENTED_EDGE('',*,*,#3254,.F.);
#2657=ORIENTED_EDGE('',*,*,#3565,.F.);
#2658=CARTESIAN_POINT('',(90.0,75.0,-121.0));
#2659=DIRECTION('',(0.0,0.0,1.0));
#2660=DIRECTION('',(1.0,0.0,-0.0));
#2661=ORIENTED_EDGE('',*,*,#3475,.F.);
#2662=ORIENTED_EDGE('',*,*,#3463,.F.);
#2663=ORIENTED_EDGE('',*,*,#3468,.F.);
#2664=ORIENTED_EDGE('',*,*,#3494,.F.);
#2665=CARTESIAN_POINT('',(30.0,13.9,-18.2));
#2666=DIRECTION('',(-3.35161667811368E-16,6.12323399573677E-17,-1.0));
#2667=DIRECTION('',(-1.0,0.0,3.35161667811368E-16));
#2668=ORIENTED_EDGE('',*,*,#3501,.F.);
#2669=ORIENTED_EDGE('',*,*,#3496,.F.);
#2670=ORIENTED_EDGE('',*,*,#3493,.F.);
#2671=ORIENTED_EDGE('',*,*,#3237,.F.);
#2672=CARTESIAN_POINT('',(30.0,2.5,-1.0054850034341E-14));
#2673=DIRECTION('',(3.35161667811368E-16,-0.0,1.0));
#2674=DIRECTION('',(1.0,0.0,-3.35161667811368E-16));
#2675=ORIENTED_EDGE('',*,*,#3448,.F.);
#2676=ORIENTED_EDGE('',*,*,#3443,.F.);
#2677=ORIENTED_EDGE('',*,*,#3455,.F.);
#2678=ORIENTED_EDGE('',*,*,#3511,.F.);
#2679=CARTESIAN_POINT('',(70.0,13.9,-81.8));
#2680=DIRECTION('',(2.23441111874245E-16,-6.12323399573677E-17,1.0));
#2681=DIRECTION('',(1.0,0.0,-2.23441111874245E-16));
#2682=ORIENTED_EDGE('',*,*,#3594,.T.);
#2683=ORIENTED_EDGE('',*,*,#3287,.F.);
#2684=ORIENTED_EDGE('',*,*,#3519,.F.);
#2685=ORIENTED_EDGE('',*,*,#3212,.F.);
#2686=CARTESIAN_POINT('',(95.0,-6.07153216591882E-15,-95.0));
#2687=DIRECTION('',(0.0,1.0,0.0));
#2688=DIRECTION('',(0.0,-0.0,1.0));
#2689=ORIENTED_EDGE('',*,*,#3572,.T.);
#2690=ORIENTED_EDGE('',*,*,#3256,.F.);
#2691=ORIENTED_EDGE('',*,*,#3594,.F.);
#2692=ORIENTED_EDGE('',*,*,#3211,.F.);
#2693=ORIENTED_EDGE('',*,*,#3209,.F.);
#2694=CARTESIAN_POINT('',(0.0,-6.07153216591882E-15,-97.5));
#2695=DIRECTION('',(1.0,0.0,0.0));
#2696=DIRECTION('',(0.0,0.0,-1.0));
#2697=ORIENTED_EDGE('',*,*,#3470,.F.);
#2698=ORIENTED_EDGE('',*,*,#3432,.F.);
#2699=ORIENTED_EDGE('',*,*,#3473,.F.);
#2700=ORIENTED_EDGE('',*,*,#3340,.F.);
#2701=CARTESIAN_POINT('',(7.49999999999994,35.15,-56.6749999999999));
#2702=DIRECTION('',(1.99590656112388E-15,-6.12323399573677E-17,1.0));
#2703=DIRECTION('',(1.0,0.0,-1.99590656112388E-15));
#2704=ORIENTED_EDGE('',*,*,#3445,.F.);
#2705=ORIENTED_EDGE('',*,*,#3347,.F.);
#2706=ORIENTED_EDGE('',*,*,#3458,.F.);
#2707=ORIENTED_EDGE('',*,*,#3595,.F.);
#2708=CARTESIAN_POINT('',(92.4999999999999,35.15,1.99081764113724E-13));
#2709=DIRECTION('',(2.12896699853214E-15,6.12323399573677E-17,-1.0));
#2710=DIRECTION('',(-1.0,0.0,-2.12896699853214E-15));
#2711=ORIENTED_EDGE('',*,*,#3471,.F.);
#2712=ORIENTED_EDGE('',*,*,#3338,.F.);
#2713=ORIENTED_EDGE('',*,*,#3472,.F.);
#2714=ORIENTED_EDGE('',*,*,#3335,.F.);
#2715=CARTESIAN_POINT('',(7.50000000000005,37.65,-1.26639016090343E-14));
#2716=DIRECTION('',(-1.99590656112388E-15,6.12323399573677E-17,-1.0));
#2717=DIRECTION('',(-1.0,0.0,1.99590656112388E-15));
#2718=ORIENTED_EDGE('',*,*,#3444,.F.);
#2719=ORIENTED_EDGE('',*,*,#3342,.F.);
#2720=ORIENTED_EDGE('',*,*,#3459,.F.);
#2721=ORIENTED_EDGE('',*,*,#3345,.F.);
#2722=CARTESIAN_POINT('',(92.5,37.65,-56.675));
#2723=DIRECTION('',(-2.12896699853214E-15,-6.12323399573677E-17,1.0));
#2724=DIRECTION('',(1.0,0.0,2.12896699853214E-15));
#2725=ORIENTED_EDGE('',*,*,#3451,.F.);
#2726=ORIENTED_EDGE('',*,*,#3312,.T.);
#2727=ORIENTED_EDGE('',*,*,#3452,.F.);
#2728=ORIENTED_EDGE('',*,*,#3350,.F.);
#2729=CARTESIAN_POINT('',(89.4999999999999,40.15,1.93001024817909E-13));
#2730=DIRECTION('',(2.12896699853208E-15,6.12323399573677E-17,-1.0));
#2731=DIRECTION('',(-1.0,0.0,-2.12896699853208E-15));
#2732=ORIENTED_EDGE('',*,*,#3464,.F.);
#2733=ORIENTED_EDGE('',*,*,#3353,.F.);
#2734=ORIENTED_EDGE('',*,*,#3479,.F.);
#2735=ORIENTED_EDGE('',*,*,#3306,.T.);
#2736=CARTESIAN_POINT('',(10.4999999999999,40.15,-56.6749999999999));
#2737=DIRECTION('',(1.06448349926604E-15,-6.12323399573677E-17,1.0));
#2738=DIRECTION('',(1.0,0.0,-1.06448349926604E-15));
#2739=ORIENTED_EDGE('',*,*,#3596,.F.);
#2740=ORIENTED_EDGE('',*,*,#3150,.F.);
#2741=ORIENTED_EDGE('',*,*,#3118,.F.);
#2742=ORIENTED_EDGE('',*,*,#3556,.F.);
#2743=CARTESIAN_POINT('',(4.99999999999999,50.0,1.42549885631552E-15));
#2744=DIRECTION('',(3.27223628310573E-16,-6.12323399573677E-17,1.0));
#2745=DIRECTION('',(1.0,0.0,-3.27223628310573E-16));
#2746=ORIENTED_EDGE('',*,*,#3446,.T.);
#2747=ORIENTED_EDGE('',*,*,#3595,.T.);
#2748=ORIENTED_EDGE('',*,*,#3457,.F.);
#2749=ORIENTED_EDGE('',*,*,#3168,.F.);
#2750=CARTESIAN_POINT('',(0.0,32.65,1.99923589960805E-15));
#2751=DIRECTION('',(-0.0,1.0,6.12323399573677E-17));
#2752=DIRECTION('',(1.0,0.0,0.0));
#2753=ORIENTED_EDGE('',*,*,#3465,.F.);
#2754=ORIENTED_EDGE('',*,*,#3308,.T.);
#2755=ORIENTED_EDGE('',*,*,#3478,.T.);
#2756=ORIENTED_EDGE('',*,*,#3437,.F.);
#2757=CARTESIAN_POINT('',(0.0,32.65,1.99923589960805E-15));
#2758=DIRECTION('',(-0.0,1.0,6.12323399573677E-17));
#2759=DIRECTION('',(1.0,0.0,0.0));
#2760=ORIENTED_EDGE('',*,*,#3447,.F.);
#2761=ORIENTED_EDGE('',*,*,#3166,.F.);
#2762=ORIENTED_EDGE('',*,*,#3456,.F.);
#2763=ORIENTED_EDGE('',*,*,#3441,.F.);
#2764=CARTESIAN_POINT('',(95.0,13.9,8.5112952540741E-16));
#2765=DIRECTION('',(0.0,6.12323399573677E-17,-1.0));
#2766=DIRECTION('',(0.0,1.0,6.12323399573677E-17));
#2767=ORIENTED_EDGE('',*,*,#3474,.F.);
#2768=ORIENTED_EDGE('',*,*,#3147,.F.);
#2769=ORIENTED_EDGE('',*,*,#3469,.F.);
#2770=ORIENTED_EDGE('',*,*,#3461,.F.);
#2771=CARTESIAN_POINT('',(4.99999999999999,13.9,-7.8498861614545E-16));
#2772=DIRECTION('',(3.27223628310573E-16,-6.12323399573677E-17,1.0));
#2773=DIRECTION('',(1.0,0.0,-3.27223628310573E-16));
#2774=ORIENTED_EDGE('',*,*,#3597,.T.);
#2775=ORIENTED_EDGE('',*,*,#3231,.F.);
#2776=ORIENTED_EDGE('',*,*,#3194,.F.);
#2777=ORIENTED_EDGE('',*,*,#3175,.F.);
#2778=CARTESIAN_POINT('',(95.0,2.5,-97.5));
#2779=DIRECTION('',(0.0,0.0,1.0));
#2780=DIRECTION('',(1.0,0.0,-0.0));
#2781=ORIENTED_EDGE('',*,*,#3200,.F.);
#2782=ORIENTED_EDGE('',*,*,#3233,.F.);
#2783=ORIENTED_EDGE('',*,*,#3598,.F.);
#2784=ORIENTED_EDGE('',*,*,#3158,.F.);
#2785=CARTESIAN_POINT('',(4.99999999999999,2.5,-2.49999999999999));
#2786=DIRECTION('',(-3.27223628310573E-16,0.0,-1.0));
#2787=DIRECTION('',(-1.0,0.0,3.27223628310573E-16));
#2788=ORIENTED_EDGE('',*,*,#3517,.F.);
#2789=ORIENTED_EDGE('',*,*,#3155,.F.);
#2790=ORIENTED_EDGE('',*,*,#3159,.F.);
#2791=ORIENTED_EDGE('',*,*,#3599,.F.);
#2792=ORIENTED_EDGE('',*,*,#3569,.F.);
#2793=CARTESIAN_POINT('',(4.99999999999996,90.0,-95.0));
#2794=DIRECTION('',(0.0,1.0,0.0));
#2795=DIRECTION('',(0.0,-0.0,1.0));
#2796=ORIENTED_EDGE('',*,*,#3599,.T.);
#2797=ORIENTED_EDGE('',*,*,#3598,.T.);
#2798=ORIENTED_EDGE('',*,*,#3600,.F.);
#2799=CARTESIAN_POINT('',(4.99999999999996,2.5,-95.0));
#2800=DIRECTION('',(-1.0,8.67361737988404E-16,0.0));
#2801=DIRECTION('',(-8.67361737988404E-16,-1.0,0.0));
#2802=ORIENTED_EDGE('',*,*,#3600,.T.);
#2803=ORIENTED_EDGE('',*,*,#3232,.F.);
#2804=ORIENTED_EDGE('',*,*,#3601,.F.);
#2805=ORIENTED_EDGE('',*,*,#3567,.F.);
#2806=CARTESIAN_POINT('',(2.49999999999996,2.5,-95.0));
#2807=DIRECTION('',(1.0,-0.0,0.0));
#2808=DIRECTION('',(0.0,0.0,-1.0));
#2809=ORIENTED_EDGE('',*,*,#3516,.F.);
#2810=ORIENTED_EDGE('',*,*,#3568,.F.);
#2811=ORIENTED_EDGE('',*,*,#3602,.F.);
#2812=ORIENTED_EDGE('',*,*,#3174,.F.);
#2813=ORIENTED_EDGE('',*,*,#3178,.F.);
#2814=CARTESIAN_POINT('',(95.0,90.0,-95.0));
#2815=DIRECTION('',(-0.0,1.0,0.0));
#2816=DIRECTION('',(0.0,-0.0,1.0));
#2817=ORIENTED_EDGE('',*,*,#3602,.T.);
#2818=ORIENTED_EDGE('',*,*,#3601,.T.);
#2819=ORIENTED_EDGE('',*,*,#3597,.F.);
#2820=CARTESIAN_POINT('',(95.0,2.5,-95.0));
#2821=DIRECTION('',(0.0,8.67361737988403E-16,-1.0));
#2822=DIRECTION('',(0.0,1.0,8.67361737988403E-16));
#2823=ORIENTED_EDGE('',*,*,#3087,.F.);
#2824=ORIENTED_EDGE('',*,*,#3192,.F.);
#2825=ORIENTED_EDGE('',*,*,#3603,.F.);
#2826=ORIENTED_EDGE('',*,*,#3559,.F.);
#2827=CARTESIAN_POINT('',(3.73969860926368E-16,50.0,-4.99999999999999));
#2828=DIRECTION('',(1.0,-4.57980993161058E-33,7.47939721852737E-17));
#2829=DIRECTION('',(7.47939721852737E-17,0.0,-1.0));
#2830=ORIENTED_EDGE('',*,*,#3604,.F.);
#2831=ORIENTED_EDGE('',*,*,#3143,.F.);
#2832=ORIENTED_EDGE('',*,*,#3605,.F.);
#2833=ORIENTED_EDGE('',*,*,#3553,.F.);
#2834=CARTESIAN_POINT('',(4.99999999999999,50.0,1.42549885631552E-15));
#2835=DIRECTION('',(3.27223628310573E-16,-6.12323399573677E-17,1.0));
#2836=DIRECTION('',(1.0,0.0,-3.27223628310573E-16));
#2837=ORIENTED_EDGE('',*,*,#3606,.T.);
#2838=ORIENTED_EDGE('',*,*,#3434,.F.);
#2839=ORIENTED_EDGE('',*,*,#3377,.F.);
#2840=ORIENTED_EDGE('',*,*,#3394,.T.);
#2841=CARTESIAN_POINT('',(2.49999999999999,31.05,-55.075));
#2842=DIRECTION('',(-8.70052329502165E-16,6.12323399573677E-17,-1.0));
#2843=DIRECTION('',(-1.0,0.0,8.70052329502165E-16));
#2844=ORIENTED_EDGE('',*,*,#3417,.F.);
#2845=ORIENTED_EDGE('',*,*,#3405,.F.);
#2846=ORIENTED_EDGE('',*,*,#3430,.F.);
#2847=ORIENTED_EDGE('',*,*,#3607,.F.);
#2848=CARTESIAN_POINT('',(0.0,31.05,1.90126415567627E-15));
#2849=DIRECTION('',(-0.0,1.0,6.12323399573677E-17));
#2850=DIRECTION('',(1.0,0.0,0.0));
#2851=ORIENTED_EDGE('',*,*,#3386,.T.);
#2852=ORIENTED_EDGE('',*,*,#3397,.T.);
#2853=ORIENTED_EDGE('',*,*,#3608,.T.);
#2854=ORIENTED_EDGE('',*,*,#3382,.T.);
#2855=CARTESIAN_POINT('',(0.0,31.05,1.90126415567627E-15));
#2856=DIRECTION('',(-0.0,1.0,6.12323399573677E-17));
#2857=DIRECTION('',(1.0,0.0,0.0));
#2858=ORIENTED_EDGE('',*,*,#3488,.T.);
#2859=ORIENTED_EDGE('',*,*,#3383,.F.);
#2860=ORIENTED_EDGE('',*,*,#3608,.F.);
#2861=ORIENTED_EDGE('',*,*,#3396,.T.);
#2862=CARTESIAN_POINT('',(26.9999999999999,31.05,-44.9249999999991));
#2863=DIRECTION('',(-3.45120757369192E-14,-6.12323399573677E-17,1.0));
#2864=DIRECTION('',(1.0,0.0,3.45120757369192E-14));
#2865=ORIENTED_EDGE('',*,*,#3609,.F.);
#2866=ORIENTED_EDGE('',*,*,#3418,.F.);
#2867=ORIENTED_EDGE('',*,*,#3607,.T.);
#2868=ORIENTED_EDGE('',*,*,#3429,.T.);
#2869=CARTESIAN_POINT('',(97.5,31.05,-55.075));
#2870=DIRECTION('',(3.53821280664214E-14,-6.12323399573677E-17,1.0));
#2871=DIRECTION('',(1.0,0.0,-3.53821280664214E-14));
#2872=ORIENTED_EDGE('',*,*,#3185,.F.);
#2873=ORIENTED_EDGE('',*,*,#3590,.T.);
#2874=ORIENTED_EDGE('',*,*,#3273,.T.);
#2875=ORIENTED_EDGE('',*,*,#3591,.T.);
#2876=CARTESIAN_POINT('',(86.0,75.0,-7.50199999999999));
#2877=DIRECTION('',(0.0,1.0,-0.0));
#2878=DIRECTION('',(0.0,0.0,1.0));
#2879=ORIENTED_EDGE('',*,*,#3183,.F.);
#2880=ORIENTED_EDGE('',*,*,#3588,.T.);
#2881=ORIENTED_EDGE('',*,*,#3275,.T.);
#2882=ORIENTED_EDGE('',*,*,#3589,.T.);
#2883=CARTESIAN_POINT('',(86.0,66.0,-7.50199999999999));
#2884=DIRECTION('',(1.0,0.0,0.0));
#2885=DIRECTION('',(0.0,0.0,-1.0));
#2886=ORIENTED_EDGE('',*,*,#3393,.F.);
#2887=ORIENTED_EDGE('',*,*,#3387,.F.);
#2888=ORIENTED_EDGE('',*,*,#3439,.T.);
#2889=ORIENTED_EDGE('',*,*,#3477,.T.);
#2890=ORIENTED_EDGE('',*,*,#3498,.F.);
#2891=ORIENTED_EDGE('',*,*,#3500,.F.);
#2892=ORIENTED_EDGE('',*,*,#3506,.F.);
#2893=ORIENTED_EDGE('',*,*,#3509,.F.);
#2894=ORIENTED_EDGE('',*,*,#3510,.F.);
#2895=ORIENTED_EDGE('',*,*,#3504,.F.);
#2896=ORIENTED_EDGE('',*,*,#3512,.F.);
#2897=ORIENTED_EDGE('',*,*,#3453,.T.);
#2898=ORIENTED_EDGE('',*,*,#3425,.F.);
#2899=ORIENTED_EDGE('',*,*,#3403,.T.);
#2900=ORIENTED_EDGE('',*,*,#3416,.T.);
#2901=ORIENTED_EDGE('',*,*,#3609,.T.);
#2902=ORIENTED_EDGE('',*,*,#3428,.F.);
#2903=ORIENTED_EDGE('',*,*,#3450,.T.);
#2904=ORIENTED_EDGE('',*,*,#3514,.F.);
#2905=ORIENTED_EDGE('',*,*,#3490,.F.);
#2906=ORIENTED_EDGE('',*,*,#3495,.F.);
#2907=ORIENTED_EDGE('',*,*,#3466,.F.);
#2908=ORIENTED_EDGE('',*,*,#3435,.T.);
#2909=ORIENTED_EDGE('',*,*,#3606,.F.);
#2910=CARTESIAN_POINT('',(0.0,18.9,1.15729122519425E-15));
#2911=DIRECTION('',(-0.0,1.0,6.12323399573677E-17));
#2912=DIRECTION('',(1.0,0.0,0.0));
#2913=ORIENTED_EDGE('',*,*,#3407,.T.);
#2914=ORIENTED_EDGE('',*,*,#3410,.T.);
#2915=ORIENTED_EDGE('',*,*,#3421,.T.);
#2916=ORIENTED_EDGE('',*,*,#3419,.F.);
#2917=CARTESIAN_POINT('',(0.0,18.9,1.15729122519425E-15));
#2918=DIRECTION('',(-0.0,1.0,6.12323399573677E-17));
#2919=DIRECTION('',(1.0,0.0,0.0));
#2920=ORIENTED_EDGE('',*,*,#3142,.T.);
#2921=ORIENTED_EDGE('',*,*,#3526,.T.);
#2922=ORIENTED_EDGE('',*,*,#3528,.T.);
#2923=ORIENTED_EDGE('',*,*,#3125,.F.);
#2924=ORIENTED_EDGE('',*,*,#3554,.F.);
#2925=ORIENTED_EDGE('',*,*,#3605,.T.);
#2926=CARTESIAN_POINT('',(2.49999999999999,52.5,-2.49999999999999));
#2927=DIRECTION('',(0.0,1.0,6.12323399573677E-17));
#2928=DIRECTION('',(0.0,-6.12323399573677E-17,1.0));
#2929=ORIENTED_EDGE('',*,*,#3563,.F.);
#2930=ORIENTED_EDGE('',*,*,#3529,.F.);
#2931=ORIENTED_EDGE('',*,*,#3524,.F.);
#2932=ORIENTED_EDGE('',*,*,#3144,.F.);
#2933=ORIENTED_EDGE('',*,*,#3604,.T.);
#2934=ORIENTED_EDGE('',*,*,#3552,.T.);
#2935=ORIENTED_EDGE('',*,*,#3073,.T.);
#2936=ORIENTED_EDGE('',*,*,#3202,.T.);
#2937=ORIENTED_EDGE('',*,*,#3521,.F.);
#2938=ORIENTED_EDGE('',*,*,#3523,.T.);
#2939=CARTESIAN_POINT('',(2.49999999999999,52.5,-2.49999999999999));
#2940=DIRECTION('',(0.0,1.0,6.12323399573677E-17));
#2941=DIRECTION('',(0.0,-6.12323399573677E-17,1.0));
#2942=ORIENTED_EDGE('',*,*,#3123,.T.);
#2943=ORIENTED_EDGE('',*,*,#3545,.F.);
#2944=ORIENTED_EDGE('',*,*,#3543,.F.);
#2945=ORIENTED_EDGE('',*,*,#3151,.F.);
#2946=ORIENTED_EDGE('',*,*,#3596,.T.);
#2947=ORIENTED_EDGE('',*,*,#3555,.T.);
#2948=CARTESIAN_POINT('',(2.49999999999996,52.5,-97.5));
#2949=DIRECTION('',(0.0,1.0,6.12323399573677E-17));
#2950=DIRECTION('',(0.0,-6.12323399573677E-17,1.0));
#2951=ORIENTED_EDGE('',*,*,#3060,.T.);
#2952=ORIENTED_EDGE('',*,*,#3610,.F.);
#2953=ORIENTED_EDGE('',*,*,#3055,.T.);
#2954=ORIENTED_EDGE('',*,*,#3611,.F.);
#2955=CARTESIAN_POINT('',(17.5,12.0,-17.0));
#2956=DIRECTION('',(-1.77635683940025E-16,0.0,-1.0));
#2957=DIRECTION('',(-1.0,0.0,1.77635683940025E-16));
#2958=ORIENTED_EDGE('',*,*,#3566,.T.);
#2959=ORIENTED_EDGE('',*,*,#3539,.F.);
#2960=ORIENTED_EDGE('',*,*,#3541,.T.);
#2961=ORIENTED_EDGE('',*,*,#3129,.F.);
#2962=ORIENTED_EDGE('',*,*,#3557,.T.);
#2963=ORIENTED_EDGE('',*,*,#3111,.T.);
#2964=CARTESIAN_POINT('',(2.49999999999996,52.5,-97.5));
#2965=DIRECTION('',(0.0,1.0,6.12323399573677E-17));
#2966=DIRECTION('',(0.0,-6.12323399573677E-17,1.0));
#2967=ORIENTED_EDGE('',*,*,#3127,.T.);
#2968=ORIENTED_EDGE('',*,*,#3536,.F.);
#2969=ORIENTED_EDGE('',*,*,#3533,.F.);
#2970=ORIENTED_EDGE('',*,*,#3570,.F.);
#2971=ORIENTED_EDGE('',*,*,#3106,.T.);
#2972=ORIENTED_EDGE('',*,*,#3558,.T.);
#2973=CARTESIAN_POINT('',(97.5,52.5,-97.5));
#2974=DIRECTION('',(0.0,1.0,6.12323399573677E-17));
#2975=DIRECTION('',(0.0,-6.12323399573677E-17,1.0));
#2976=ORIENTED_EDGE('',*,*,#3191,.T.);
#2977=ORIENTED_EDGE('',*,*,#3549,.T.);
#2978=ORIENTED_EDGE('',*,*,#3551,.T.);
#2979=ORIENTED_EDGE('',*,*,#3612,.F.);
#2980=ORIENTED_EDGE('',*,*,#3560,.F.);
#2981=ORIENTED_EDGE('',*,*,#3603,.T.);
#2982=CARTESIAN_POINT('',(97.5,52.5,-2.49999999999998));
#2983=DIRECTION('',(0.0,1.0,6.12323399573677E-17));
#2984=DIRECTION('',(0.0,-6.12323399573677E-17,1.0));
#2985=ORIENTED_EDGE('',*,*,#3562,.T.);
#2986=ORIENTED_EDGE('',*,*,#3075,.F.);
#2987=ORIENTED_EDGE('',*,*,#3561,.F.);
#2988=ORIENTED_EDGE('',*,*,#3612,.T.);
#2989=CARTESIAN_POINT('',(91.0,52.5,-8.5));
#2990=DIRECTION('',(-1.08314441426845E-16,6.12323399573677E-17,-1.0));
#2991=DIRECTION('',(-1.0,0.0,1.08314441426845E-16));
#2992=ORIENTED_EDGE('',*,*,#3613,.F.);
#2993=ORIENTED_EDGE('',*,*,#3317,.T.);
#2994=ORIENTED_EDGE('',*,*,#3330,.T.);
#2995=ORIENTED_EDGE('',*,*,#3056,.T.);
#2996=ORIENTED_EDGE('',*,*,#3610,.T.);
#2997=ORIENTED_EDGE('',*,*,#3059,.T.);
#2998=CARTESIAN_POINT('',(-3.10862446895044E-15,0.0,-17.5));
#2999=DIRECTION('',(-1.77635683940025E-16,0.0,-1.0));
#3000=DIRECTION('',(1.0,0.0,-1.77635683940025E-16));
#3001=ORIENTED_EDGE('',*,*,#3611,.T.);
#3002=ORIENTED_EDGE('',*,*,#3054,.T.);
#3003=ORIENTED_EDGE('',*,*,#3320,.F.);
#3004=ORIENTED_EDGE('',*,*,#3061,.T.);
#3005=CARTESIAN_POINT('',(17.5,12.0,-17.5));
#3006=DIRECTION('',(1.77635683940025E-16,-0.0,1.0));
#3007=DIRECTION('',(1.0,0.0,-1.77635683940025E-16));
#3008=ORIENTED_EDGE('',*,*,#3325,.T.);
#3009=ORIENTED_EDGE('',*,*,#3319,.T.);
#3010=ORIENTED_EDGE('',*,*,#3613,.T.);
#3011=ORIENTED_EDGE('',*,*,#3058,.T.);
#3012=ORIENTED_EDGE('',*,*,#3322,.F.);
#3013=ORIENTED_EDGE('',*,*,#3326,.F.);
#3014=ORIENTED_EDGE('',*,*,#3220,.T.);
#3015=CARTESIAN_POINT('',(22.5,-2.50000000000001,-7.49999999999999));
#3016=DIRECTION('',(1.0,-0.0,0.0));
#3017=DIRECTION('',(0.0,0.0,-1.0));
#3018=ORIENTED_EDGE('',*,*,#3379,.T.);
#3019=ORIENTED_EDGE('',*,*,#3356,.T.);
#3020=CARTESIAN_POINT('',(100.0,24.975,-49.9999999999994));
#3021=DIRECTION('',(-1.0,0.0,0.0));
#3022=DIRECTION('',(0.0,0.0,1.0));
#3023=ORIENTED_EDGE('',*,*,#3614,.T.);
#3024=ORIENTED_EDGE('',*,*,#3615,.F.);
#3025=CARTESIAN_POINT('',(26.25,2.99999999999999,-115.0));
#3026=DIRECTION('',(0.0,-1.0,0.0));
#3027=DIRECTION('',(0.0,0.0,-1.0));
#3028=ORIENTED_EDGE('',*,*,#3616,.T.);
#3029=CARTESIAN_POINT('',(0.0,2.99999999999999,0.0));
#3030=DIRECTION('',(0.0,-1.0,0.0));
#3031=DIRECTION('',(1.0,0.0,0.0));
#3032=ORIENTED_EDGE('',*,*,#3615,.T.);
#3033=CARTESIAN_POINT('',(0.0,-2.50000000000001,0.0));
#3034=DIRECTION('',(0.0,-1.0,0.0));
#3035=DIRECTION('',(1.0,0.0,0.0));
#3036=ORIENTED_EDGE('',*,*,#3616,.F.);
#3037=ORIENTED_EDGE('',*,*,#3614,.F.);
#3038=ORIENTED_EDGE('',*,*,#3617,.T.);
#3039=ORIENTED_EDGE('',*,*,#3618,.F.);
#3040=CARTESIAN_POINT('',(73.75,2.99999999999999,-115.0));
#3041=DIRECTION('',(0.0,-1.0,0.0));
#3042=DIRECTION('',(0.0,0.0,-1.0));
#3043=ORIENTED_EDGE('',*,*,#3619,.T.);
#3044=CARTESIAN_POINT('',(0.0,2.99999999999999,0.0));
#3045=DIRECTION('',(0.0,-1.0,0.0));
#3046=DIRECTION('',(1.0,0.0,0.0));
#3047=ORIENTED_EDGE('',*,*,#3618,.T.);
#3048=CARTESIAN_POINT('',(0.0,-2.50000000000001,0.0));
#3049=DIRECTION('',(0.0,-1.0,0.0));
#3050=DIRECTION('',(1.0,0.0,0.0));
#3051=ORIENTED_EDGE('',*,*,#3619,.F.);
#3052=ORIENTED_EDGE('',*,*,#3617,.F.);
#3053=EDGE_CURVE('',#3620,#3621,#3622,.F.);
#3054=EDGE_CURVE('',#3623,#3620,#3624,.T.);
#3055=EDGE_CURVE('',#3625,#3623,#3626,.T.);
#3056=EDGE_CURVE('',#3627,#3625,#3628,.T.);
#3057=EDGE_CURVE('',#3621,#3627,#3629,.F.);
#3058=EDGE_CURVE('',#3630,#3631,#3632,.T.);
#3059=EDGE_CURVE('',#3633,#3630,#3634,.T.);
#3060=EDGE_CURVE('',#3635,#3633,#3636,.F.);
#3061=EDGE_CURVE('',#3637,#3635,#3638,.F.);
#3062=EDGE_CURVE('',#3631,#3637,#3639,.F.);
#3063=EDGE_CURVE('',#3640,#3641,#3642,.F.);
#3064=EDGE_CURVE('',#3640,#3643,#3644,.T.);
#3065=EDGE_CURVE('',#3645,#3643,#3646,.T.);
#3066=EDGE_CURVE('',#3641,#3645,#3647,.T.);
#3067=EDGE_CURVE('',#3648,#3649,#3650,.T.);
#3068=EDGE_CURVE('',#3651,#3648,#3652,.F.);
#3069=EDGE_CURVE('',#3653,#3651,#3654,.T.);
#3070=EDGE_CURVE('',#3649,#3653,#3655,.T.);
#3071=EDGE_CURVE('',#3656,#3657,#3658,.T.);
#3072=EDGE_CURVE('',#3659,#3656,#3660,.F.);
#3073=EDGE_CURVE('',#3661,#3659,#3662,.T.);
#3074=EDGE_CURVE('',#3657,#3661,#3663,.T.);
#3075=EDGE_CURVE('',#3664,#3665,#3666,.T.);
#3076=EDGE_CURVE('',#3667,#3665,#3668,.T.);
#3077=EDGE_CURVE('',#3667,#3669,#3670,.T.);
#3078=EDGE_CURVE('',#3656,#3669,#3671,.T.);
#3079=EDGE_CURVE('',#3664,#3657,#3672,.T.);
#3080=EDGE_CURVE('',#3673,#3674,#3675,.T.);
#3081=EDGE_CURVE('',#3674,#3676,#3677,.T.);
#3082=EDGE_CURVE('',#3676,#3678,#3679,.T.);
#3083=EDGE_CURVE('',#3678,#3680,#3681,.T.);
#3084=EDGE_CURVE('',#3682,#3680,#3683,.T.);
#3085=EDGE_CURVE('',#3682,#3684,#3685,.T.);
#3086=EDGE_CURVE('',#3686,#3684,#3687,.T.);
#3087=EDGE_CURVE('',#3686,#3688,#3689,.T.);
#3088=EDGE_CURVE('',#3690,#3688,#3691,.T.);
#3089=EDGE_CURVE('',#3690,#3673,#3692,.T.);
#3090=EDGE_CURVE('',#3693,#3694,#3695,.T.);
#3091=EDGE_CURVE('',#3673,#3693,#3696,.F.);
#3092=EDGE_CURVE('',#3694,#3690,#3697,.T.);
#3093=EDGE_CURVE('',#3698,#3699,#3700,.T.);
#3094=EDGE_CURVE('',#3701,#3698,#3702,.F.);
#3095=EDGE_CURVE('',#3703,#3701,#3704,.T.);
#3096=EDGE_CURVE('',#3699,#3703,#3705,.T.);
#3097=EDGE_CURVE('',#3706,#3707,#3708,.T.);
#3098=EDGE_CURVE('',#3707,#3709,#3710,.T.);
#3099=EDGE_CURVE('',#3709,#3711,#3712,.T.);
#3100=EDGE_CURVE('',#3711,#3713,#3714,.T.);
#3101=EDGE_CURVE('',#3715,#3713,#3716,.T.);
#3102=EDGE_CURVE('',#3715,#3717,#3718,.T.);
#3103=EDGE_CURVE('',#3698,#3717,#3719,.T.);
#3104=EDGE_CURVE('',#3720,#3699,#3721,.T.);
#3105=EDGE_CURVE('',#3720,#3706,#3722,.T.);
#3106=EDGE_CURVE('',#3723,#3724,#3725,.T.);
#3107=EDGE_CURVE('',#3706,#3723,#3726,.F.);
#3108=EDGE_CURVE('',#3724,#3720,#3727,.T.);
#3109=EDGE_CURVE('',#3728,#3729,#3730,.T.);
#3110=EDGE_CURVE('',#3731,#3728,#3732,.F.);
#3111=EDGE_CURVE('',#3733,#3731,#3734,.T.);
#3112=EDGE_CURVE('',#3729,#3733,#3735,.T.);
#3113=EDGE_CURVE('',#3736,#3737,#3738,.T.);
#3114=EDGE_CURVE('',#3739,#3736,#3740,.T.);
#3115=EDGE_CURVE('',#3741,#3739,#3742,.T.);
#3116=EDGE_CURVE('',#3728,#3741,#3743,.T.);
#3117=EDGE_CURVE('',#3729,#3744,#3745,.T.);
#3118=EDGE_CURVE('',#3744,#3746,#3747,.T.);
#3119=EDGE_CURVE('',#3746,#3748,#3749,.T.);
#3120=EDGE_CURVE('',#3750,#3748,#3751,.T.);
#3121=EDGE_CURVE('',#3750,#3737,#3752,.T.);
#3122=EDGE_CURVE('',#3753,#3754,#3755,.T.);
#3123=EDGE_CURVE('',#3756,#3754,#3757,.T.);
#3124=EDGE_CURVE('',#3758,#3756,#3759,.T.);
#3125=EDGE_CURVE('',#3758,#3753,#3760,.T.);
#3126=EDGE_CURVE('',#3761,#3762,#3763,.T.);
#3127=EDGE_CURVE('',#3764,#3762,#3765,.T.);
#3128=EDGE_CURVE('',#3766,#3764,#3767,.T.);
#3129=EDGE_CURVE('',#3766,#3761,#3768,.T.);
#3130=EDGE_CURVE('',#3769,#3770,#3771,.T.);
#3131=EDGE_CURVE('',#3772,#3770,#3773,.T.);
#3132=EDGE_CURVE('',#3774,#3772,#3775,.T.);
#3133=EDGE_CURVE('',#3774,#3769,#3776,.T.);
#3134=EDGE_CURVE('',#3701,#3777,#3778,.T.);
#3135=EDGE_CURVE('',#3779,#3777,#3780,.T.);
#3136=EDGE_CURVE('',#3779,#3769,#3781,.T.);
#3137=EDGE_CURVE('',#3774,#3703,#3782,.T.);
#3138=EDGE_CURVE('',#3783,#3770,#3784,.T.);
#3139=EDGE_CURVE('',#3783,#3785,#3786,.T.);
#3140=EDGE_CURVE('',#3693,#3785,#3787,.T.);
#3141=EDGE_CURVE('',#3772,#3694,#3788,.T.);
#3142=EDGE_CURVE('',#3789,#3790,#3791,.T.);
#3143=EDGE_CURVE('',#3789,#3792,#3793,.F.);
#3144=EDGE_CURVE('',#3792,#3794,#3795,.T.);
#3145=EDGE_CURVE('',#3794,#3790,#3796,.T.);
#3146=EDGE_CURVE('',#3797,#3798,#3799,.T.);
#3147=EDGE_CURVE('',#3797,#3800,#3801,.F.);
#3148=EDGE_CURVE('',#3800,#3802,#3803,.T.);
#3149=EDGE_CURVE('',#3802,#3798,#3804,.T.);
#3150=EDGE_CURVE('',#3746,#3805,#3806,.F.);
#3151=EDGE_CURVE('',#3805,#3807,#3808,.T.);
#3152=EDGE_CURVE('',#3807,#3748,#3809,.T.);
#3153=EDGE_CURVE('',#3810,#3811,#3812,.T.);
#3154=EDGE_CURVE('',#3810,#3813,#3814,.T.);
#3155=EDGE_CURVE('',#3813,#3815,#3816,.F.);
#3156=EDGE_CURVE('',#3817,#3815,#3818,.T.);
#3157=EDGE_CURVE('',#3817,#3819,#3820,.T.);
#3158=EDGE_CURVE('',#3819,#3821,#3822,.T.);
#3159=EDGE_CURVE('',#3821,#3813,#3823,.F.);
#3160=EDGE_CURVE('',#3813,#3824,#3825,.T.);
#3161=EDGE_CURVE('',#3824,#3826,#3827,.T.);
#3162=EDGE_CURVE('',#3826,#3828,#3829,.T.);
#3163=EDGE_CURVE('',#3828,#3811,#3830,.T.);
#3164=EDGE_CURVE('',#3785,#3674,#3831,.T.);
#3165=EDGE_CURVE('',#3832,#3833,#3834,.T.);
#3166=EDGE_CURVE('',#3832,#3835,#3836,.F.);
#3167=EDGE_CURVE('',#3835,#3837,#3838,.T.);
#3168=EDGE_CURVE('',#3837,#3833,#3839,.T.);
#3169=EDGE_CURVE('',#3717,#3777,#3840,.T.);
#3170=EDGE_CURVE('',#3841,#3842,#3843,.T.);
#3171=EDGE_CURVE('',#3842,#3844,#3845,.T.);
#3172=EDGE_CURVE('',#3844,#3846,#3847,.T.);
#3173=EDGE_CURVE('',#3846,#3848,#3849,.T.);
#3174=EDGE_CURVE('',#3848,#3850,#3851,.T.);
#3175=EDGE_CURVE('',#3850,#3852,#3853,.T.);
#3176=EDGE_CURVE('',#3854,#3852,#3855,.T.);
#3177=EDGE_CURVE('',#3856,#3854,#3857,.T.);
#3178=EDGE_CURVE('',#3856,#3848,#3858,.T.);
#3179=EDGE_CURVE('',#3848,#3859,#3860,.T.);
#3180=EDGE_CURVE('',#3841,#3859,#3861,.T.);
#3181=EDGE_CURVE('',#3862,#3863,#3864,.T.);
#3182=EDGE_CURVE('',#3863,#3865,#3866,.T.);
#3183=EDGE_CURVE('',#3865,#3867,#3868,.T.);
#3184=EDGE_CURVE('',#3867,#3869,#3870,.T.);
#3185=EDGE_CURVE('',#3869,#3871,#3872,.T.);
#3186=EDGE_CURVE('',#3871,#3873,#3874,.T.);
#3187=EDGE_CURVE('',#3873,#3875,#3876,.T.);
#3188=EDGE_CURVE('',#3875,#3862,#3877,.T.);
#3189=EDGE_CURVE('',#3878,#3878,#3879,.T.);
#3190=EDGE_CURVE('',#3880,#3880,#3881,.T.);
#3191=EDGE_CURVE('',#3882,#3883,#3884,.T.);
#3192=EDGE_CURVE('',#3882,#3686,#3885,.F.);
#3193=EDGE_CURVE('',#3684,#3883,#3886,.T.);
#3194=EDGE_CURVE('',#3852,#3887,#3888,.F.);
#3195=EDGE_CURVE('',#3887,#3889,#3890,.T.);
#3196=EDGE_CURVE('',#3889,#3891,#3892,.T.);
#3197=EDGE_CURVE('',#3893,#3891,#3894,.T.);
#3198=EDGE_CURVE('',#3893,#3895,#3896,.T.);
#3199=EDGE_CURVE('',#3895,#3897,#3898,.T.);
#3200=EDGE_CURVE('',#3897,#3819,#3899,.F.);
#3201=EDGE_CURVE('',#3854,#3817,#3900,.T.);
#3202=EDGE_CURVE('',#3659,#3901,#3902,.T.);
#3203=EDGE_CURVE('',#3669,#3901,#3903,.T.);
#3204=EDGE_CURVE('',#3904,#3904,#3905,.T.);
#3205=EDGE_CURVE('',#3906,#3907,#3908,.T.);
#3206=EDGE_CURVE('',#3909,#3906,#3910,.T.);
#3207=EDGE_CURVE('',#3911,#3909,#3912,.T.);
#3208=EDGE_CURVE('',#3907,#3911,#3913,.T.);
#3209=EDGE_CURVE('',#3914,#3915,#3916,.T.);
#3210=EDGE_CURVE('',#3915,#3915,#3917,.T.);
#3211=EDGE_CURVE('',#3915,#3918,#3919,.T.);
#3212=EDGE_CURVE('',#3918,#3920,#3921,.F.);
#3213=EDGE_CURVE('',#3920,#3922,#3923,.T.);
#3214=EDGE_CURVE('',#3922,#3924,#3925,.T.);
#3215=EDGE_CURVE('',#3924,#3926,#3927,.T.);
#3216=EDGE_CURVE('',#3926,#3914,#3928,.F.);
#3217=EDGE_CURVE('',#3929,#3930,#3931,.T.);
#3218=EDGE_CURVE('',#3932,#3929,#3933,.T.);
#3219=EDGE_CURVE('',#3934,#3932,#3935,.T.);
#3220=EDGE_CURVE('',#3930,#3934,#3936,.T.);
#3221=EDGE_CURVE('',#3937,#3938,#3939,.T.);
#3222=EDGE_CURVE('',#3938,#3940,#3941,.F.);
#3223=EDGE_CURVE('',#3940,#3942,#3943,.F.);
#3224=EDGE_CURVE('',#3942,#3944,#3945,.T.);
#3225=EDGE_CURVE('',#3944,#3946,#3947,.T.);
#3226=EDGE_CURVE('',#3946,#3948,#3949,.T.);
#3227=EDGE_CURVE('',#3948,#3950,#3951,.T.);
#3228=EDGE_CURVE('',#3950,#3952,#3953,.T.);
#3229=EDGE_CURVE('',#3952,#3954,#3955,.T.);
#3230=EDGE_CURVE('',#3954,#3937,#3956,.T.);
#3231=EDGE_CURVE('',#3887,#3957,#3958,.F.);
#3232=EDGE_CURVE('',#3957,#3959,#3960,.F.);
#3233=EDGE_CURVE('',#3959,#3897,#3961,.F.);
#3234=EDGE_CURVE('',#3962,#3895,#3963,.T.);
#3235=EDGE_CURVE('',#3964,#3962,#3965,.T.);
#3236=EDGE_CURVE('',#3964,#3889,#3966,.T.);
#3237=EDGE_CURVE('',#3967,#3968,#3969,.T.);
#3238=EDGE_CURVE('',#3968,#3970,#3971,.T.);
#3239=EDGE_CURVE('',#3970,#3972,#3973,.T.);
#3240=EDGE_CURVE('',#3972,#3967,#3974,.T.);
#3241=EDGE_CURVE('',#3975,#3975,#3976,.T.);
#3242=EDGE_CURVE('',#3977,#3978,#3979,.T.);
#3243=EDGE_CURVE('',#3977,#3980,#3981,.T.);
#3244=EDGE_CURVE('',#3980,#3982,#3983,.T.);
#3245=EDGE_CURVE('',#3982,#3984,#3985,.T.);
#3246=EDGE_CURVE('',#3984,#3986,#3987,.T.);
#3247=EDGE_CURVE('',#3986,#3988,#3989,.F.);
#3248=EDGE_CURVE('',#3988,#3990,#3991,.F.);
#3249=EDGE_CURVE('',#3990,#3992,#3993,.T.);
#3250=EDGE_CURVE('',#3992,#3994,#3995,.T.);
#3251=EDGE_CURVE('',#3994,#3986,#3996,.F.);
#3252=EDGE_CURVE('',#3986,#3978,#3997,.T.);
#3253=EDGE_CURVE('',#3998,#3998,#3999,.T.);
#3254=EDGE_CURVE('',#4000,#4000,#4001,.T.);
#3255=EDGE_CURVE('',#4002,#4003,#4004,.F.);
#3256=EDGE_CURVE('',#4003,#4005,#4006,.F.);
#3257=EDGE_CURVE('',#4005,#4007,#4008,.T.);
#3258=EDGE_CURVE('',#4007,#4002,#4009,.T.);
#3259=EDGE_CURVE('',#4010,#4010,#4011,.T.);
#3260=EDGE_CURVE('',#4012,#4013,#4014,.T.);
#3261=EDGE_CURVE('',#4012,#4015,#4016,.T.);
#3262=EDGE_CURVE('',#4015,#4017,#4018,.T.);
#3263=EDGE_CURVE('',#4017,#4019,#4020,.T.);
#3264=EDGE_CURVE('',#4019,#4021,#4022,.T.);
#3265=EDGE_CURVE('',#4021,#4023,#4024,.T.);
#3266=EDGE_CURVE('',#4023,#4025,#4026,.T.);
#3267=EDGE_CURVE('',#4027,#4025,#4028,.T.);
#3268=EDGE_CURVE('',#4027,#4029,#4030,.F.);
#3269=EDGE_CURVE('',#4029,#4021,#4031,.T.);
#3270=EDGE_CURVE('',#4021,#4013,#4032,.T.);
#3271=EDGE_CURVE('',#4033,#4034,#4035,.T.);
#3272=EDGE_CURVE('',#4033,#4036,#4037,.T.);
#3273=EDGE_CURVE('',#4038,#4036,#4039,.T.);
#3274=EDGE_CURVE('',#4038,#4040,#4041,.T.);
#3275=EDGE_CURVE('',#4042,#4040,#4043,.T.);
#3276=EDGE_CURVE('',#4042,#4044,#4045,.T.);
#3277=EDGE_CURVE('',#4046,#4044,#4047,.T.);
#3278=EDGE_CURVE('',#4046,#4034,#4048,.T.);
#3279=EDGE_CURVE('',#4049,#4049,#4050,.T.);
#3280=EDGE_CURVE('',#4051,#4051,#4052,.T.);
#3281=EDGE_CURVE('',#3922,#4027,#4053,.F.);
#3282=EDGE_CURVE('',#4025,#3992,#4054,.T.);
#3283=EDGE_CURVE('',#3990,#3924,#4055,.F.);
#3284=EDGE_CURVE('',#3964,#4056,#4057,.T.);
#3285=EDGE_CURVE('',#4058,#3962,#4059,.T.);
#3286=EDGE_CURVE('',#4058,#4056,#4060,.T.);
#3287=EDGE_CURVE('',#4029,#4003,#4061,.T.);
#3288=EDGE_CURVE('',#4023,#4002,#4062,.T.);
#3289=EDGE_CURVE('',#4005,#3988,#4063,.T.);
#3290=EDGE_CURVE('',#4007,#3994,#4064,.T.);
#3291=EDGE_CURVE('',#4065,#4066,#4067,.F.);
#3292=EDGE_CURVE('',#4068,#4065,#4069,.F.);
#3293=EDGE_CURVE('',#4070,#4068,#4071,.T.);
#3294=EDGE_CURVE('',#4066,#4070,#4072,.T.);
#3295=EDGE_CURVE('',#4073,#4074,#4075,.T.);
#3296=EDGE_CURVE('',#4076,#4073,#4077,.F.);
#3297=EDGE_CURVE('',#4078,#4076,#4079,.F.);
#3298=EDGE_CURVE('',#4074,#4078,#4080,.T.);
#3299=EDGE_CURVE('',#4081,#4081,#4082,.T.);
#3300=EDGE_CURVE('',#4083,#4083,#4084,.T.);
#3301=EDGE_CURVE('',#4085,#4085,#4086,.F.);
#3302=EDGE_CURVE('',#4087,#4087,#4088,.T.);
#3303=EDGE_CURVE('',#4089,#4089,#4090,.F.);
#3304=EDGE_CURVE('',#4091,#4091,#4092,.T.);
#3305=EDGE_CURVE('',#4093,#4094,#4095,.F.);
#3306=EDGE_CURVE('',#4096,#4093,#4097,.T.);
#3307=EDGE_CURVE('',#4098,#4096,#4099,.F.);
#3308=EDGE_CURVE('',#4094,#4098,#4100,.T.);
#3309=EDGE_CURVE('',#4101,#4102,#4103,.T.);
#3310=EDGE_CURVE('',#4104,#4101,#4105,.T.);
#3311=EDGE_CURVE('',#4106,#4104,#4107,.T.);
#3312=EDGE_CURVE('',#4102,#4106,#4108,.T.);
#3313=EDGE_CURVE('',#4109,#3940,#4110,.T.);
#3314=EDGE_CURVE('',#4111,#3938,#4112,.F.);
#3315=EDGE_CURVE('',#4109,#4111,#4113,.T.);
#3316=EDGE_CURVE('',#4114,#3942,#4115,.T.);
#3317=EDGE_CURVE('',#4114,#4109,#4116,.T.);
#3318=EDGE_CURVE('',#3944,#4117,#4118,.F.);
#3319=EDGE_CURVE('',#4117,#4114,#4119,.F.);
#3320=EDGE_CURVE('',#3637,#3620,#4120,.T.);
#3321=EDGE_CURVE('',#3952,#3621,#4121,.T.);
#3322=EDGE_CURVE('',#3950,#3631,#4122,.T.);
#3323=EDGE_CURVE('',#3932,#3946,#4123,.T.);
#3324=EDGE_CURVE('',#3929,#3948,#4124,.T.);
#3325=EDGE_CURVE('',#3934,#4117,#4125,.T.);
#3326=EDGE_CURVE('',#3930,#3950,#4126,.T.);
#3327=EDGE_CURVE('',#3907,#3954,#4127,.T.);
#3328=EDGE_CURVE('',#3911,#3937,#4128,.T.);
#3329=EDGE_CURVE('',#3909,#4111,#4129,.T.);
#3330=EDGE_CURVE('',#4109,#3627,#4130,.T.);
#3331=EDGE_CURVE('',#3906,#3952,#4131,.T.);
#3332=EDGE_CURVE('',#4056,#3891,#4132,.T.);
#3333=EDGE_CURVE('',#4058,#3893,#4133,.T.);
#3334=EDGE_CURVE('',#3640,#4134,#4135,.T.);
#3335=EDGE_CURVE('',#4134,#4136,#4137,.T.);
#3336=EDGE_CURVE('',#3643,#4136,#4138,.T.);
#3337=EDGE_CURVE('',#4139,#4140,#4141,.T.);
#3338=EDGE_CURVE('',#4139,#4142,#4143,.F.);
#3339=EDGE_CURVE('',#4142,#4144,#4145,.T.);
#3340=EDGE_CURVE('',#4144,#4140,#4146,.T.);
#3341=EDGE_CURVE('',#3653,#4147,#4148,.T.);
#3342=EDGE_CURVE('',#4147,#4149,#4150,.F.);
#3343=EDGE_CURVE('',#3649,#4149,#4151,.T.);
#3344=EDGE_CURVE('',#4152,#4153,#4154,.T.);
#3345=EDGE_CURVE('',#4152,#4155,#4156,.T.);
#3346=EDGE_CURVE('',#4155,#4157,#4158,.T.);
#3347=EDGE_CURVE('',#4157,#4153,#4159,.F.);
#3348=EDGE_CURVE('',#3651,#4160,#4161,.T.);
#3349=EDGE_CURVE('',#3648,#4162,#4163,.T.);
#3350=EDGE_CURVE('',#4162,#4160,#4164,.T.);
#3351=EDGE_CURVE('',#3641,#4165,#4166,.T.);
#3352=EDGE_CURVE('',#3645,#4167,#4168,.T.);
#3353=EDGE_CURVE('',#4167,#4165,#4169,.F.);
#3354=EDGE_CURVE('',#4170,#4170,#4171,.T.);
#3355=EDGE_CURVE('',#4172,#4172,#4173,.T.);
#3356=EDGE_CURVE('',#4174,#4174,#4175,.T.);
#3357=EDGE_CURVE('',#4176,#4176,#4177,.T.);
#3358=EDGE_CURVE('',#4178,#4178,#4179,.F.);
#3359=EDGE_CURVE('',#4180,#4181,#4182,.T.);
#3360=EDGE_CURVE('',#4183,#4181,#4184,.T.);
#3361=EDGE_CURVE('',#4183,#4185,#4186,.T.);
#3362=EDGE_CURVE('',#4185,#4180,#4187,.T.);
#3363=EDGE_CURVE('',#4188,#4189,#4190,.T.);
#3364=EDGE_CURVE('',#4191,#4188,#4192,.T.);
#3365=EDGE_CURVE('',#4193,#4191,#4194,.T.);
#3366=EDGE_CURVE('',#4193,#4189,#4195,.T.);
#3367=EDGE_CURVE('',#4196,#4197,#4198,.T.);
#3368=EDGE_CURVE('',#4199,#4196,#4200,.T.);
#3369=EDGE_CURVE('',#4201,#4199,#4202,.T.);
#3370=EDGE_CURVE('',#4201,#4197,#4203,.T.);
#3371=EDGE_CURVE('',#4204,#4205,#4206,.T.);
#3372=EDGE_CURVE('',#4207,#4205,#4208,.T.);
#3373=EDGE_CURVE('',#4207,#4209,#4210,.T.);
#3374=EDGE_CURVE('',#4209,#4204,#4211,.T.);
#3375=EDGE_CURVE('',#4212,#4213,#4214,.T.);
#3376=EDGE_CURVE('',#4213,#4215,#4216,.T.);
#3377=EDGE_CURVE('',#4215,#4217,#4218,.T.);
#3378=EDGE_CURVE('',#4217,#4212,#4219,.T.);
#3379=EDGE_CURVE('',#4220,#4220,#4221,.F.);
#3380=EDGE_CURVE('',#4222,#4223,#4224,.T.);
#3381=EDGE_CURVE('',#4225,#4223,#4226,.T.);
#3382=EDGE_CURVE('',#4227,#4225,#4228,.T.);
#3383=EDGE_CURVE('',#4227,#4222,#4229,.T.);
#3384=EDGE_CURVE('',#4223,#4230,#4231,.T.);
#3385=EDGE_CURVE('',#4232,#4230,#4233,.T.);
#3386=EDGE_CURVE('',#4225,#4232,#4234,.T.);
#3387=EDGE_CURVE('',#4235,#4236,#4237,.T.);
#3388=EDGE_CURVE('',#4213,#4236,#4238,.T.);
#3389=EDGE_CURVE('',#4212,#4235,#4239,.T.);
#3390=EDGE_CURVE('',#4185,#4191,#4240,.T.);
#3391=EDGE_CURVE('',#4180,#4188,#4241,.T.);
#3392=EDGE_CURVE('',#4183,#4193,#4242,.T.);
#3393=EDGE_CURVE('',#4236,#4243,#4244,.T.);
#3394=EDGE_CURVE('',#4215,#4243,#4245,.T.);
#3395=EDGE_CURVE('',#4230,#4246,#4247,.T.);
#3396=EDGE_CURVE('',#4248,#4246,#4249,.T.);
#3397=EDGE_CURVE('',#4232,#4248,#4250,.T.);
#3398=EDGE_CURVE('',#4181,#4189,#4251,.T.);
#3399=EDGE_CURVE('',#4252,#4253,#4254,.T.);
#3400=EDGE_CURVE('',#4255,#4252,#4256,.T.);
#3401=EDGE_CURVE('',#4255,#4257,#4258,.T.);
#3402=EDGE_CURVE('',#4253,#4257,#4259,.T.);
#3403=EDGE_CURVE('',#4260,#4261,#4262,.T.);
#3404=EDGE_CURVE('',#4263,#4260,#4264,.T.);
#3405=EDGE_CURVE('',#4263,#4265,#4266,.T.);
#3406=EDGE_CURVE('',#4265,#4261,#4267,.T.);
#3407=EDGE_CURVE('',#4268,#4269,#4270,.T.);
#3408=EDGE_CURVE('',#4255,#4268,#4271,.T.);
#3409=EDGE_CURVE('',#4252,#4269,#4272,.T.);
#3410=EDGE_CURVE('',#4269,#4273,#4274,.T.);
#3411=EDGE_CURVE('',#4253,#4273,#4275,.T.);
#3412=EDGE_CURVE('',#4197,#4205,#4276,.T.);
#3413=EDGE_CURVE('',#4196,#4204,#4277,.T.);
#3414=EDGE_CURVE('',#4199,#4209,#4278,.T.);
#3415=EDGE_CURVE('',#4201,#4207,#4279,.T.);
#3416=EDGE_CURVE('',#4261,#4280,#4281,.T.);
#3417=EDGE_CURVE('',#4265,#4282,#4283,.T.);
#3418=EDGE_CURVE('',#4282,#4280,#4284,.T.);
#3419=EDGE_CURVE('',#4268,#4285,#4286,.T.);
#3420=EDGE_CURVE('',#4257,#4285,#4287,.T.);
#3421=EDGE_CURVE('',#4273,#4285,#4288,.T.);
#3422=EDGE_CURVE('',#4104,#4289,#4290,.T.);
#3423=EDGE_CURVE('',#4101,#4291,#4292,.T.);
#3424=EDGE_CURVE('',#4291,#4289,#4293,.T.);
#3425=EDGE_CURVE('',#4260,#4294,#4295,.T.);
#3426=EDGE_CURVE('',#4289,#4294,#4296,.T.);
#3427=EDGE_CURVE('',#4291,#4297,#4298,.T.);
#3428=EDGE_CURVE('',#4297,#4299,#4300,.T.);
#3429=EDGE_CURVE('',#4301,#4299,#4302,.T.);
#3430=EDGE_CURVE('',#4301,#4263,#4303,.T.);
#3431=EDGE_CURVE('',#3802,#4304,#4305,.T.);
#3432=EDGE_CURVE('',#4304,#4306,#4307,.F.);
#3433=EDGE_CURVE('',#3798,#4306,#4308,.T.);
#3434=EDGE_CURVE('',#4217,#4309,#4310,.T.);
#3435=EDGE_CURVE('',#4311,#4309,#4312,.T.);
#3436=EDGE_CURVE('',#4313,#4311,#4314,.T.);
#3437=EDGE_CURVE('',#4313,#4315,#4316,.T.);
#3438=EDGE_CURVE('',#4315,#4317,#4318,.T.);
#3439=EDGE_CURVE('',#4235,#4317,#4319,.T.);
#3440=EDGE_CURVE('',#4320,#4321,#4322,.T.);
#3441=EDGE_CURVE('',#4320,#4323,#4324,.T.);
#3442=EDGE_CURVE('',#4325,#4323,#4326,.T.);
#3443=EDGE_CURVE('',#4325,#4321,#4327,.F.);
#3444=EDGE_CURVE('',#4149,#4152,#4328,.F.);
#3445=EDGE_CURVE('',#4153,#4329,#4330,.F.);
#3446=EDGE_CURVE('',#3837,#4329,#4331,.T.);
#3447=EDGE_CURVE('',#3835,#4320,#4332,.F.);
#3448=EDGE_CURVE('',#4321,#4333,#4334,.F.);
#3449=EDGE_CURVE('',#4333,#4335,#4336,.T.);
#3450=EDGE_CURVE('',#4297,#4335,#4337,.T.);
#3451=EDGE_CURVE('',#4102,#4162,#4338,.T.);
#3452=EDGE_CURVE('',#4160,#4106,#4339,.T.);
#3453=EDGE_CURVE('',#4340,#4294,#4341,.T.);
#3454=EDGE_CURVE('',#4340,#4342,#4343,.T.);
#3455=EDGE_CURVE('',#4342,#4325,#4344,.F.);
#3456=EDGE_CURVE('',#4323,#3832,#4345,.F.);
#3457=EDGE_CURVE('',#3833,#4346,#4347,.T.);
#3458=EDGE_CURVE('',#4346,#4157,#4348,.F.);
#3459=EDGE_CURVE('',#4155,#4147,#4349,.F.);
#3460=EDGE_CURVE('',#4350,#4351,#4352,.T.);
#3461=EDGE_CURVE('',#4350,#4353,#4354,.T.);
#3462=EDGE_CURVE('',#4353,#4355,#4356,.T.);
#3463=EDGE_CURVE('',#4355,#4351,#4357,.F.);
#3464=EDGE_CURVE('',#4165,#4093,#4358,.F.);
#3465=EDGE_CURVE('',#4094,#4313,#4359,.T.);
#3466=EDGE_CURVE('',#4311,#4360,#4361,.T.);
#3467=EDGE_CURVE('',#4362,#4360,#4363,.T.);
#3468=EDGE_CURVE('',#4362,#4355,#4364,.T.);
#3469=EDGE_CURVE('',#4353,#3797,#4365,.T.);
#3470=EDGE_CURVE('',#4306,#4144,#4366,.T.);
#3471=EDGE_CURVE('',#4142,#4134,#4367,.T.);
#3472=EDGE_CURVE('',#4136,#4139,#4368,.F.);
#3473=EDGE_CURVE('',#4140,#4304,#4369,.F.);
#3474=EDGE_CURVE('',#3800,#4350,#4370,.F.);
#3475=EDGE_CURVE('',#4351,#4371,#4372,.F.);
#3476=EDGE_CURVE('',#4371,#4373,#4374,.T.);
#3477=EDGE_CURVE('',#4317,#4373,#4375,.T.);
#3478=EDGE_CURVE('',#4098,#4315,#4376,.T.);
#3479=EDGE_CURVE('',#4096,#4167,#4377,.T.);
#3480=EDGE_CURVE('',#4078,#4066,#4378,.T.);
#3481=EDGE_CURVE('',#4070,#4074,#4379,.T.);
#3482=EDGE_CURVE('',#4380,#4381,#4382,.T.);
#3483=EDGE_CURVE('',#4380,#4383,#4384,.T.);
#3484=EDGE_CURVE('',#4383,#4385,#4386,.T.);
#3485=EDGE_CURVE('',#4385,#4381,#4387,.T.);
#3486=EDGE_CURVE('',#4383,#4065,#4388,.T.);
#3487=EDGE_CURVE('',#4385,#4076,#4389,.T.);
#3488=EDGE_CURVE('',#4246,#4222,#4390,.T.);
#3489=EDGE_CURVE('',#4391,#4392,#4393,.T.);
#3490=EDGE_CURVE('',#4391,#4394,#4395,.T.);
#3491=EDGE_CURVE('',#4394,#4396,#4397,.T.);
#3492=EDGE_CURVE('',#4396,#3970,#4398,.F.);
#3493=EDGE_CURVE('',#3968,#4392,#4399,.F.);
#3494=EDGE_CURVE('',#4371,#4362,#4400,.T.);
#3495=EDGE_CURVE('',#4360,#4391,#4401,.T.);
#3496=EDGE_CURVE('',#4392,#4402,#4403,.F.);
#3497=EDGE_CURVE('',#4404,#4402,#4405,.T.);
#3498=EDGE_CURVE('',#4404,#4373,#4406,.T.);
#3499=EDGE_CURVE('',#4407,#4381,#4408,.T.);
#3500=EDGE_CURVE('',#4407,#4404,#4409,.T.);
#3501=EDGE_CURVE('',#4402,#3967,#4410,.F.);
#3502=EDGE_CURVE('',#3972,#4411,#4412,.F.);
#3503=EDGE_CURVE('',#4413,#4411,#4414,.T.);
#3504=EDGE_CURVE('',#4413,#4415,#4416,.T.);
#3505=EDGE_CURVE('',#4415,#4380,#4417,.T.);
#3506=EDGE_CURVE('',#4418,#4407,#4419,.T.);
#3507=EDGE_CURVE('',#4418,#4073,#4420,.T.);
#3508=EDGE_CURVE('',#4421,#4068,#4422,.T.);
#3509=EDGE_CURVE('',#4421,#4418,#4423,.T.);
#3510=EDGE_CURVE('',#4415,#4421,#4424,.T.);
#3511=EDGE_CURVE('',#4333,#4342,#4425,.T.);
#3512=EDGE_CURVE('',#4340,#4413,#4426,.T.);
#3513=EDGE_CURVE('',#4411,#4396,#4427,.F.);
#3514=EDGE_CURVE('',#4394,#4335,#4428,.T.);
#3515=EDGE_CURVE('',#4429,#4430,#4431,.T.);
#3516=EDGE_CURVE('',#4430,#3856,#4432,.F.);
#3517=EDGE_CURVE('',#3815,#4429,#4433,.F.);
#3518=EDGE_CURVE('',#4434,#4434,#4435,.T.);
#3519=EDGE_CURVE('',#3920,#4029,#4436,.T.);
#3520=EDGE_CURVE('',#3667,#4437,#4438,.T.);
#3521=EDGE_CURVE('',#4437,#3901,#4439,.T.);
#3522=EDGE_CURVE('',#3665,#4440,#4441,.T.);
#3523=EDGE_CURVE('',#4437,#4440,#4442,.T.);
#3524=EDGE_CURVE('',#3794,#4443,#4444,.T.);
#3525=EDGE_CURVE('',#4443,#4445,#4446,.T.);
#3526=EDGE_CURVE('',#3790,#4445,#4447,.T.);
#3527=EDGE_CURVE('',#4448,#3753,#4449,.T.);
#3528=EDGE_CURVE('',#4445,#3753,#4450,.T.);
#3529=EDGE_CURVE('',#4443,#4448,#4451,.T.);
#3530=EDGE_CURVE('',#3783,#3676,#4452,.T.);
#3531=EDGE_CURVE('',#3770,#3678,#4453,.T.);
#3532=EDGE_CURVE('',#4454,#3707,#4455,.T.);
#3533=EDGE_CURVE('',#4454,#4456,#4457,.T.);
#3534=EDGE_CURVE('',#4456,#3709,#4458,.T.);
#3535=EDGE_CURVE('',#3762,#3711,#4459,.T.);
#3536=EDGE_CURVE('',#4456,#3762,#4460,.T.);
#3537=EDGE_CURVE('',#3741,#4461,#4462,.T.);
#3538=EDGE_CURVE('',#3739,#4463,#4464,.T.);
#3539=EDGE_CURVE('',#4463,#4461,#4465,.T.);
#3540=EDGE_CURVE('',#3736,#3761,#4466,.T.);
#3541=EDGE_CURVE('',#4463,#3761,#4467,.T.);
#3542=EDGE_CURVE('',#4468,#3750,#4469,.T.);
#3543=EDGE_CURVE('',#3807,#4468,#4470,.T.);
#3544=EDGE_CURVE('',#3754,#3737,#4471,.T.);
#3545=EDGE_CURVE('',#4468,#3754,#4472,.T.);
#3546=EDGE_CURVE('',#3715,#3779,#4473,.T.);
#3547=EDGE_CURVE('',#3713,#3769,#4474,.T.);
#3548=EDGE_CURVE('',#3682,#4475,#4476,.T.);
#3549=EDGE_CURVE('',#3883,#4475,#4477,.T.);
#3550=EDGE_CURVE('',#3680,#4478,#4479,.T.);
#3551=EDGE_CURVE('',#4475,#4478,#4480,.T.);
#3552=EDGE_CURVE('',#4481,#3661,#4482,.T.);
#3553=EDGE_CURVE('',#4481,#4483,#4484,.T.);
#3554=EDGE_CURVE('',#4483,#3758,#4485,.T.);
#3555=EDGE_CURVE('',#4486,#3756,#4487,.T.);
#3556=EDGE_CURVE('',#4486,#3744,#4488,.T.);
#3557=EDGE_CURVE('',#3766,#3733,#4489,.T.);
#3558=EDGE_CURVE('',#3724,#3764,#4490,.T.);
#3559=EDGE_CURVE('',#3688,#4491,#4492,.T.);
#3560=EDGE_CURVE('',#4491,#4493,#4494,.T.);
#3561=EDGE_CURVE('',#4493,#3664,#4495,.T.);
#3562=EDGE_CURVE('',#4478,#3665,#4496,.T.);
#3563=EDGE_CURVE('',#4448,#4440,#4497,.T.);
#3564=EDGE_CURVE('',#4498,#4498,#4499,.T.);
#3565=EDGE_CURVE('',#4500,#4500,#4501,.T.);
#3566=EDGE_CURVE('',#3731,#4461,#4502,.T.);
#3567=EDGE_CURVE('',#4503,#4504,#4505,.T.);
#3568=EDGE_CURVE('',#4504,#4430,#4506,.F.);
#3569=EDGE_CURVE('',#4429,#4503,#4507,.T.);
#3570=EDGE_CURVE('',#3723,#4454,#4508,.T.);
#3571=EDGE_CURVE('',#3926,#3988,#4509,.T.);
#3572=EDGE_CURVE('',#3914,#4005,#4510,.T.);
#3573=EDGE_CURVE('',#3980,#3828,#4511,.T.);
#3574=EDGE_CURVE('',#3982,#3826,#4512,.T.);
#3575=EDGE_CURVE('',#3811,#3977,#4513,.F.);
#3576=EDGE_CURVE('',#3824,#3984,#4514,.F.);
#3577=EDGE_CURVE('',#3813,#3986,#4515,.F.);
#3578=EDGE_CURVE('',#3978,#3810,#4516,.T.);
#3579=EDGE_CURVE('',#3848,#4021,#4517,.T.);
#3580=EDGE_CURVE('',#3859,#4019,#4518,.T.);
#3581=EDGE_CURVE('',#4013,#3846,#4519,.F.);
#3582=EDGE_CURVE('',#4017,#3841,#4520,.F.);
#3583=EDGE_CURVE('',#4015,#3842,#4521,.F.);
#3584=EDGE_CURVE('',#3844,#4012,#4522,.T.);
#3585=EDGE_CURVE('',#4034,#3875,#4523,.F.);
#3586=EDGE_CURVE('',#3862,#4046,#4524,.T.);
#3587=EDGE_CURVE('',#4044,#3863,#4525,.F.);
#3588=EDGE_CURVE('',#3865,#4042,#4526,.T.);
#3589=EDGE_CURVE('',#4040,#3867,#4527,.F.);
#3590=EDGE_CURVE('',#3869,#4038,#4528,.T.);
#3591=EDGE_CURVE('',#4036,#3871,#4529,.F.);
#3592=EDGE_CURVE('',#3873,#4033,#4530,.T.);
#3593=EDGE_CURVE('',#4531,#4531,#4532,.T.);
#3594=EDGE_CURVE('',#3918,#4003,#4533,.T.);
#3595=EDGE_CURVE('',#4329,#4346,#4534,.T.);
#3596=EDGE_CURVE('',#3805,#4486,#4535,.T.);
#3597=EDGE_CURVE('',#3850,#3957,#4536,.F.);
#3598=EDGE_CURVE('',#3821,#3959,#4537,.T.);
#3599=EDGE_CURVE('',#4503,#3821,#4538,.T.);
#3600=EDGE_CURVE('',#4503,#3959,#4539,.F.);
#3601=EDGE_CURVE('',#4504,#3957,#4540,.T.);
#3602=EDGE_CURVE('',#3850,#4504,#4541,.T.);
#3603=EDGE_CURVE('',#4491,#3882,#4542,.T.);
#3604=EDGE_CURVE('',#3792,#4481,#4543,.T.);
#3605=EDGE_CURVE('',#4483,#3789,#4544,.T.);
#3606=EDGE_CURVE('',#4243,#4309,#4545,.T.);
#3607=EDGE_CURVE('',#4282,#4301,#4546,.T.);
#3608=EDGE_CURVE('',#4248,#4227,#4547,.T.);
#3609=EDGE_CURVE('',#4280,#4299,#4548,.T.);
#3610=EDGE_CURVE('',#3625,#3633,#4549,.F.);
#3611=EDGE_CURVE('',#3635,#3623,#4550,.T.);
#3612=EDGE_CURVE('',#4493,#4478,#4551,.T.);
#3613=EDGE_CURVE('',#4114,#3630,#4552,.T.);
#3614=EDGE_CURVE('',#4553,#4553,#4554,.T.);
#3615=EDGE_CURVE('',#4555,#4555,#4556,.T.);
#3616=EDGE_CURVE('',#4557,#4557,#4558,.F.);
#3617=EDGE_CURVE('',#4559,#4559,#4560,.T.);
#3618=EDGE_CURVE('',#4561,#4561,#4562,.T.);
#3619=EDGE_CURVE('',#4563,#4563,#4564,.F.);
#3620=VERTEX_POINT('',#4565);
#3621=VERTEX_POINT('',#4566);
#3622=CIRCLE('',#4567,0.5);
#3623=VERTEX_POINT('',#4568);
#3624=LINE('',#4569,#4570);
#3625=VERTEX_POINT('',#4571);
#3626=B_SPLINE_CURVE_WITH_KNOTS('',3,(#4572,#4573,#4574,#4575,#4576,#4577,#4578,#4579),.UNSPECIFIED.,.F.,.F.,(4,2,2,4),(4.33680868994202E-19,0.000235511753865906,0.000471023507731812,0.00094204701546363),.UNSPECIFIED.);
#3627=VERTEX_POINT('',#4580);
#3628=CIRCLE('',#4581,0.5);
#3629=LINE('',#4582,#4583);
#3630=VERTEX_POINT('',#4584);
#3631=VERTEX_POINT('',#4585);
#3632=LINE('',#4586,#4587);
#3633=VERTEX_POINT('',#4588);
#3634=CIRCLE('',#4589,0.5);
#3635=VERTEX_POINT('',#4590);
#3636=B_SPLINE_CURVE_WITH_KNOTS('',3,(#4591,#4592,#4593,#4594,#4595,#4596,#4597,#4598),.UNSPECIFIED.,.F.,.F.,(4,2,2,4),(4.33680868994202E-19,0.000235511753865912,0.000471023507731823,0.000942047015463632),.UNSPECIFIED.);
#3637=VERTEX_POINT('',#4599);
#3638=LINE('',#4600,#4601);
#3639=CIRCLE('',#4602,0.5);
#3640=VERTEX_POINT('',#4603);
#3641=VERTEX_POINT('',#4604);
#3642=CIRCLE('',#4605,2.5);
#3643=VERTEX_POINT('',#4606);
#3644=LINE('',#4607,#4608);
#3645=VERTEX_POINT('',#4609);
#3646=CIRCLE('',#4610,2.5);
#3647=LINE('',#4611,#4612);
#3648=VERTEX_POINT('',#4613);
#3649=VERTEX_POINT('',#4614);
#3650=CIRCLE('',#4615,2.5);
#3651=VERTEX_POINT('',#4616);
#3652=LINE('',#4617,#4618);
#3653=VERTEX_POINT('',#4619);
#3654=CIRCLE('',#4620,2.5);
#3655=LINE('',#4621,#4622);
#3656=VERTEX_POINT('',#4623);
#3657=VERTEX_POINT('',#4624);
#3658=B_SPLINE_CURVE_WITH_KNOTS('',3,(#4625,#4626,#4627,#4628,#4629,#4630,#4631,#4632,#4633,#4634,#4635,#4636,#4637,#4638,#4639,#4640),.UNSPECIFIED.,.F.,.F.,(4,2,2,2,2,2,2,4),(0.0,0.00048894966315486,0.00097789932630972,0.00146684898946458,0.00195579865261944,0.0024447483157743,0.00293369797892916,0.00391159730523888),.UNSPECIFIED.);
#3659=VERTEX_POINT('',#4641);
#3660=LINE('',#4642,#4643);
#3661=VERTEX_POINT('',#4644);
#3662=B_SPLINE_CURVE_WITH_KNOTS('',3,(#4645,#4646,#4647,#4648,#4649,#4650,#4651,#4652,#4653,#4654,#4655,#4656,#4657,#4658,#4659,#4660),.UNSPECIFIED.,.F.,.F.,(4,2,2,2,2,2,2,4),(0.0,0.000490208860003842,0.000980417720007683,0.00147062658001153,0.00196083544001537,0.00294125316002304,0.00343146202002688,0.00392167088003072),.UNSPECIFIED.);
#3663=LINE('',#4661,#4662);
#3664=VERTEX_POINT('',#4663);
#3665=VERTEX_POINT('',#4664);
#3666=LINE('',#4665,#4666);
#3667=VERTEX_POINT('',#4667);
#3668=LINE('',#4668,#4669);
#3669=VERTEX_POINT('',#4670);
#3670=CIRCLE('',#4671,20.0);
#3671=LINE('',#4672,#4673);
#3672=CIRCLE('',#4674,20.0);
#3673=VERTEX_POINT('',#4675);
#3674=VERTEX_POINT('',#4676);
#3675=LINE('',#4677,#4678);
#3676=VERTEX_POINT('',#4679);
#3677=CIRCLE('',#4680,12.5);
#3678=VERTEX_POINT('',#4681);
#3679=LINE('',#4682,#4683);
#3680=VERTEX_POINT('',#4684);
#3681=CIRCLE('',#4685,12.5);
#3682=VERTEX_POINT('',#4686);
#3683=LINE('',#4687,#4688);
#3684=VERTEX_POINT('',#4689);
#3685=CIRCLE('',#4690,12.5);
#3686=VERTEX_POINT('',#4691);
#3687=LINE('',#4692,#4693);
#3688=VERTEX_POINT('',#4694);
#3689=B_SPLINE_CURVE_WITH_KNOTS('',3,(#4695,#4696,#4697,#4698,#4699,#4700,#4701,#4702,#4703,#4704,#4705,#4706,#4707,#4708,#4709,#4710),.UNSPECIFIED.,.F.,.F.,(4,2,2,2,2,2,2,4),(4.33680868994202E-19,0.000490182797148838,0.000980365594297675,0.00147054839144651,0.00196073118859535,0.00245091398574419,0.00294109678289302,0.00392146237719071),.UNSPECIFIED.);
#3690=VERTEX_POINT('',#4711);
#3691=CIRCLE('',#4712,12.5);
#3692=B_SPLINE_CURVE_WITH_KNOTS('',3,(#4713,#4714,#4715,#4716,#4717,#4718,#4719,#4720,#4721,#4722,#4723,#4724,#4725,#4726,#4727,#4728),.UNSPECIFIED.,.F.,.F.,(4,2,2,2,2,2,2,4),(0.0,0.000490208860003833,0.000980417720007665,0.0014706265800115,0.00196083544001533,0.00294125316002304,0.00343146202002689,0.00392167088003073),.UNSPECIFIED.);
#3693=VERTEX_POINT('',#4729);
#3694=VERTEX_POINT('',#4730);
#3695=B_SPLINE_CURVE_WITH_KNOTS('',3,(#4731,#4732,#4733,#4734,#4735,#4736,#4737,#4738,#4739,#4740,#4741,#4742,#4743,#4744,#4745,#4746),.UNSPECIFIED.,.F.,.F.,(4,2,2,2,2,2,2,4),(0.0,0.000488949663154856,0.000977899326309712,0.00146684898946457,0.00195579865261942,0.00244474831577428,0.00293369797892913,0.00391159730523889),.UNSPECIFIED.);
#3696=LINE('',#4747,#4748);
#3697=LINE('',#4749,#4750);
#3698=VERTEX_POINT('',#4751);
#3699=VERTEX_POINT('',#4752);
#3700=B_SPLINE_CURVE_WITH_KNOTS('',3,(#4753,#4754,#4755,#4756,#4757,#4758,#4759,#4760,#4761,#4762,#4763,#4764,#4765,#4766,#4767,#4768),.UNSPECIFIED.,.F.,.F.,(4,2,2,2,2,2,2,4),(0.0,0.000490182797148833,0.000980365594297666,0.0014705483914465,0.00196073118859533,0.00245091398574417,0.002941096782893,0.00392146237719071),.UNSPECIFIED.);
#3701=VERTEX_POINT('',#4769);
#3702=LINE('',#4770,#4771);
#3703=VERTEX_POINT('',#4772);
#3704=B_SPLINE_CURVE_WITH_KNOTS('',3,(#4773,#4774,#4775,#4776,#4777,#4778,#4779,#4780,#4781,#4782,#4783,#4784,#4785,#4786,#4787,#4788),.UNSPECIFIED.,.F.,.F.,(4,2,2,2,2,2,2,4),(0.0,0.00048895935480024,0.00097791870960048,0.00146687806440072,0.00195583741920096,0.0024447967740012,0.00293375612880144,0.00391167483840192),.UNSPECIFIED.);
#3705=LINE('',#4789,#4790);
#3706=VERTEX_POINT('',#4791);
#3707=VERTEX_POINT('',#4792);
#3708=LINE('',#4793,#4794);
#3709=VERTEX_POINT('',#4795);
#3710=CIRCLE('',#4796,12.5);
#3711=VERTEX_POINT('',#4797);
#3712=LINE('',#4798,#4799);
#3713=VERTEX_POINT('',#4800);
#3714=CIRCLE('',#4801,12.5);
#3715=VERTEX_POINT('',#4802);
#3716=LINE('',#4803,#4804);
#3717=VERTEX_POINT('',#4805);
#3718=CIRCLE('',#4806,12.5);
#3719=LINE('',#4807,#4808);
#3720=VERTEX_POINT('',#4809);
#3721=CIRCLE('',#4810,12.5);
#3722=B_SPLINE_CURVE_WITH_KNOTS('',3,(#4811,#4812,#4813,#4814,#4815,#4816,#4817,#4818,#4819,#4820,#4821,#4822,#4823,#4824,#4825,#4826),.UNSPECIFIED.,.F.,.F.,(4,2,2,2,2,2,2,4),(0.0,0.000490208860003842,0.000980417720007683,0.00147062658001153,0.00196083544001537,0.00294125316002307,0.0034314620200269,0.00392167088003073),.UNSPECIFIED.);
#3723=VERTEX_POINT('',#4827);
#3724=VERTEX_POINT('',#4828);
#3725=B_SPLINE_CURVE_WITH_KNOTS('',3,(#4829,#4830,#4831,#4832,#4833,#4834,#4835,#4836,#4837,#4838,#4839,#4840,#4841,#4842,#4843,#4844),.UNSPECIFIED.,.F.,.F.,(4,2,2,2,2,2,2,4),(6.93889390390723E-18,0.000488949663154871,0.000977899326309735,0.0014668489894646,0.00195579865261946,0.00244474831577433,0.00293369797892919,0.00391159730523889),.UNSPECIFIED.);
#3726=LINE('',#4845,#4846);
#3727=LINE('',#4847,#4848);
#3728=VERTEX_POINT('',#4849);
#3729=VERTEX_POINT('',#4850);
#3730=B_SPLINE_CURVE_WITH_KNOTS('',3,(#4851,#4852,#4853,#4854,#4855,#4856,#4857,#4858,#4859,#4860,#4861,#4862,#4863,#4864,#4865,#4866),.UNSPECIFIED.,.F.,.F.,(4,2,2,2,2,2,2,4),(0.0,0.000490182797148842,0.000980365594297685,0.00147054839144653,0.00196073118859537,0.00245091398574421,0.00294109678289305,0.00392146237719071),.UNSPECIFIED.);
#3731=VERTEX_POINT('',#4867);
#3732=LINE('',#4868,#4869);
#3733=VERTEX_POINT('',#4870);
#3734=B_SPLINE_CURVE_WITH_KNOTS('',3,(#4871,#4872,#4873,#4874,#4875,#4876,#4877,#4878,#4879,#4880,#4881,#4882,#4883,#4884,#4885,#4886),.UNSPECIFIED.,.F.,.F.,(4,2,2,2,2,2,2,4),(0.0,0.00048895935480024,0.000977918709600479,0.00146687806440072,0.00195583741920096,0.0024447967740012,0.00293375612880144,0.00391167483840192),.UNSPECIFIED.);
#3735=LINE('',#4887,#4888);
#3736=VERTEX_POINT('',#4889);
#3737=VERTEX_POINT('',#4890);
#3738=CIRCLE('',#4891,12.5);
#3739=VERTEX_POINT('',#4892);
#3740=LINE('',#4893,#4894);
#3741=VERTEX_POINT('',#4895);
#3742=CIRCLE('',#4896,12.5);
#3743=LINE('',#4897,#4898);
#3744=VERTEX_POINT('',#4899);
#3745=CIRCLE('',#4900,12.5);
#3746=VERTEX_POINT('',#4901);
#3747=B_SPLINE_CURVE_WITH_KNOTS('',3,(#4902,#4903,#4904,#4905,#4906,#4907,#4908,#4909,#4910,#4911,#4912,#4913,#4914,#4915,#4916,#4917),.UNSPECIFIED.,.F.,.F.,(4,2,2,2,2,2,2,4),(0.0,0.000490208860003841,0.000980417720007683,0.00147062658001152,0.00196083544001536,0.00294125316002305,0.00343146202002689,0.00392167088003072),.UNSPECIFIED.);
#3748=VERTEX_POINT('',#4918);
#3749=LINE('',#4919,#4920);
#3750=VERTEX_POINT('',#4921);
#3751=CIRCLE('',#4922,12.5);
#3752=LINE('',#4923,#4924);
#3753=VERTEX_POINT('',#4925);
#3754=VERTEX_POINT('',#4926);
#3755=LINE('',#4927,#4928);
#3756=VERTEX_POINT('',#4929);
#3757=LINE('',#4930,#4931);
#3758=VERTEX_POINT('',#4932);
#3759=LINE('',#4933,#4934);
#3760=LINE('',#4935,#4936);
#3761=VERTEX_POINT('',#4937);
#3762=VERTEX_POINT('',#4938);
#3763=LINE('',#4939,#4940);
#3764=VERTEX_POINT('',#4941);
#3765=LINE('',#4942,#4943);
#3766=VERTEX_POINT('',#4944);
#3767=LINE('',#4945,#4946);
#3768=LINE('',#4947,#4948);
#3769=VERTEX_POINT('',#4949);
#3770=VERTEX_POINT('',#4950);
#3771=LINE('',#4951,#4952);
#3772=VERTEX_POINT('',#4953);
#3773=LINE('',#4954,#4955);
#3774=VERTEX_POINT('',#4956);
#3775=LINE('',#4957,#4958);
#3776=LINE('',#4959,#4960);
#3777=VERTEX_POINT('',#4961);
#3778=LINE('',#4962,#4963);
#3779=VERTEX_POINT('',#4964);
#3780=CIRCLE('',#4965,20.0);
#3781=LINE('',#4966,#4967);
#3782=CIRCLE('',#4968,20.0);
#3783=VERTEX_POINT('',#4969);
#3784=LINE('',#4970,#4971);
#3785=VERTEX_POINT('',#4972);
#3786=CIRCLE('',#4973,20.0);
#3787=LINE('',#4974,#4975);
#3788=CIRCLE('',#4976,20.0);
#3789=VERTEX_POINT('',#4977);
#3790=VERTEX_POINT('',#4978);
#3791=LINE('',#4979,#4980);
#3792=VERTEX_POINT('',#4981);
#3793=LINE('',#4982,#4983);
#3794=VERTEX_POINT('',#4984);
#3795=LINE('',#4985,#4986);
#3796=LINE('',#4987,#4988);
#3797=VERTEX_POINT('',#4989);
#3798=VERTEX_POINT('',#4990);
#3799=LINE('',#4991,#4992);
#3800=VERTEX_POINT('',#4993);
#3801=LINE('',#4994,#4995);
#3802=VERTEX_POINT('',#4996);
#3803=LINE('',#4997,#4998);
#3804=LINE('',#4999,#5000);
#3805=VERTEX_POINT('',#5001);
#3806=LINE('',#5002,#5003);
#3807=VERTEX_POINT('',#5004);
#3808=LINE('',#5005,#5006);
#3809=LINE('',#5007,#5008);
#3810=VERTEX_POINT('',#5009);
#3811=VERTEX_POINT('',#5010);
#3812=LINE('',#5011,#5012);
#3813=VERTEX_POINT('',#5013);
#3814=CIRCLE('',#5014,5.0);
#3815=VERTEX_POINT('',#5015);
#3816=LINE('',#5016,#5017);
#3817=VERTEX_POINT('',#5018);
#3818=LINE('',#5019,#5020);
#3819=VERTEX_POINT('',#5021);
#3820=LINE('',#5022,#5023);
#3821=VERTEX_POINT('',#5024);
#3822=LINE('',#5025,#5026);
#3823=LINE('',#5027,#5028);
#3824=VERTEX_POINT('',#5029);
#3825=CIRCLE('',#5030,5.0);
#3826=VERTEX_POINT('',#5031);
#3827=LINE('',#5032,#5033);
#3828=VERTEX_POINT('',#5034);
#3829=CIRCLE('',#5035,5.0);
#3830=CIRCLE('',#5036,5.0);
#3831=LINE('',#5037,#5038);
#3832=VERTEX_POINT('',#5039);
#3833=VERTEX_POINT('',#5040);
#3834=LINE('',#5041,#5042);
#3835=VERTEX_POINT('',#5043);
#3836=LINE('',#5044,#5045);
#3837=VERTEX_POINT('',#5046);
#3838=LINE('',#5047,#5048);
#3839=LINE('',#5049,#5050);
#3840=LINE('',#5051,#5052);
#3841=VERTEX_POINT('',#5053);
#3842=VERTEX_POINT('',#5054);
#3843=CIRCLE('',#5055,5.0);
#3844=VERTEX_POINT('',#5056);
#3845=CIRCLE('',#5057,5.0);
#3846=VERTEX_POINT('',#5058);
#3847=LINE('',#5059,#5060);
#3848=VERTEX_POINT('',#5061);
#3849=CIRCLE('',#5062,5.0);
#3850=VERTEX_POINT('',#5063);
#3851=LINE('',#5064,#5065);
#3852=VERTEX_POINT('',#5066);
#3853=LINE('',#5067,#5068);
#3854=VERTEX_POINT('',#5069);
#3855=LINE('',#5070,#5071);
#3856=VERTEX_POINT('',#5072);
#3857=LINE('',#5073,#5074);
#3858=LINE('',#5075,#5076);
#3859=VERTEX_POINT('',#5077);
#3860=CIRCLE('',#5078,5.0);
#3861=LINE('',#5079,#5080);
#3862=VERTEX_POINT('',#5081);
#3863=VERTEX_POINT('',#5082);
#3864=LINE('',#5083,#5084);
#3865=VERTEX_POINT('',#5085);
#3866=CIRCLE('',#5086,1.0);
#3867=VERTEX_POINT('',#5087);
#3868=LINE('',#5088,#5089);
#3869=VERTEX_POINT('',#5090);
#3870=CIRCLE('',#5091,1.0);
#3871=VERTEX_POINT('',#5092);
#3872=LINE('',#5093,#5094);
#3873=VERTEX_POINT('',#5095);
#3874=CIRCLE('',#5096,1.0);
#3875=VERTEX_POINT('',#5097);
#3876=LINE('',#5098,#5099);
#3877=CIRCLE('',#5100,1.0);
#3878=VERTEX_POINT('',#5101);
#3879=CIRCLE('',#5102,2.6);
#3880=VERTEX_POINT('',#5103);
#3881=CIRCLE('',#5104,2.6);
#3882=VERTEX_POINT('',#5105);
#3883=VERTEX_POINT('',#5106);
#3884=LINE('',#5107,#5108);
#3885=LINE('',#5109,#5110);
#3886=LINE('',#5111,#5112);
#3887=VERTEX_POINT('',#5113);
#3888=CIRCLE('',#5114,2.5);
#3889=VERTEX_POINT('',#5115);
#3890=LINE('',#5116,#5117);
#3891=VERTEX_POINT('',#5118);
#3892=CIRCLE('',#5119,10.0);
#3893=VERTEX_POINT('',#5120);
#3894=CIRCLE('',#5121,42.5);
#3895=VERTEX_POINT('',#5122);
#3896=CIRCLE('',#5123,10.0);
#3897=VERTEX_POINT('',#5124);
#3898=LINE('',#5125,#5126);
#3899=CIRCLE('',#5127,2.5);
#3900=LINE('',#5128,#5129);
#3901=VERTEX_POINT('',#5130);
#3902=LINE('',#5131,#5132);
#3903=LINE('',#5133,#5134);
#3904=VERTEX_POINT('',#5135);
#3905=CIRCLE('',#5136,6.0);
#3906=VERTEX_POINT('',#5137);
#3907=VERTEX_POINT('',#5138);
#3908=LINE('',#5139,#5140);
#3909=VERTEX_POINT('',#5141);
#3910=LINE('',#5142,#5143);
#3911=VERTEX_POINT('',#5144);
#3912=LINE('',#5145,#5146);
#3913=LINE('',#5147,#5148);
#3914=VERTEX_POINT('',#5149);
#3915=VERTEX_POINT('',#5150);
#3916=LINE('',#5151,#5152);
#3917=CIRCLE('',#5153,6.0);
#3918=VERTEX_POINT('',#5154);
#3919=LINE('',#5155,#5156);
#3920=VERTEX_POINT('',#5157);
#3921=CIRCLE('',#5158,2.5);
#3922=VERTEX_POINT('',#5159);
#3923=LINE('',#5160,#5161);
#3924=VERTEX_POINT('',#5162);
#3925=LINE('',#5163,#5164);
#3926=VERTEX_POINT('',#5165);
#3927=LINE('',#5166,#5167);
#3928=CIRCLE('',#5168,2.5);
#3929=VERTEX_POINT('',#5169);
#3930=VERTEX_POINT('',#5170);
#3931=LINE('',#5171,#5172);
#3932=VERTEX_POINT('',#5173);
#3933=LINE('',#5174,#5175);
#3934=VERTEX_POINT('',#5176);
#3935=LINE('',#5177,#5178);
#3936=LINE('',#5179,#5180);
#3937=VERTEX_POINT('',#5181);
#3938=VERTEX_POINT('',#5182);
#3939=LINE('',#5183,#5184);
#3940=VERTEX_POINT('',#5185);
#3941=LINE('',#5186,#5187);
#3942=VERTEX_POINT('',#5188);
#3943=LINE('',#5189,#5190);
#3944=VERTEX_POINT('',#5191);
#3945=LINE('',#5192,#5193);
#3946=VERTEX_POINT('',#5194);
#3947=LINE('',#5195,#5196);
#3948=VERTEX_POINT('',#5197);
#3949=LINE('',#5198,#5199);
#3950=VERTEX_POINT('',#5200);
#3951=LINE('',#5201,#5202);
#3952=VERTEX_POINT('',#5203);
#3953=LINE('',#5204,#5205);
#3954=VERTEX_POINT('',#5206);
#3955=LINE('',#5207,#5208);
#3956=LINE('',#5209,#5210);
#3957=VERTEX_POINT('',#5211);
#3958=LINE('',#5212,#5213);
#3959=VERTEX_POINT('',#5214);
#3960=LINE('',#5215,#5216);
#3961=LINE('',#5217,#5218);
#3962=VERTEX_POINT('',#5219);
#3963=LINE('',#5220,#5221);
#3964=VERTEX_POINT('',#5222);
#3965=LINE('',#5223,#5224);
#3966=LINE('',#5225,#5226);
#3967=VERTEX_POINT('',#5227);
#3968=VERTEX_POINT('',#5228);
#3969=LINE('',#5229,#5230);
#3970=VERTEX_POINT('',#5231);
#3971=LINE('',#5232,#5233);
#3972=VERTEX_POINT('',#5234);
#3973=LINE('',#5235,#5236);
#3974=LINE('',#5237,#5238);
#3975=VERTEX_POINT('',#5239);
#3976=CIRCLE('',#5240,8.96514277487295);
#3977=VERTEX_POINT('',#5241);
#3978=VERTEX_POINT('',#5242);
#3979=LINE('',#5243,#5244);
#3980=VERTEX_POINT('',#5245);
#3981=CIRCLE('',#5246,5.0);
#3982=VERTEX_POINT('',#5247);
#3983=CIRCLE('',#5248,5.0);
#3984=VERTEX_POINT('',#5249);
#3985=LINE('',#5250,#5251);
#3986=VERTEX_POINT('',#5252);
#3987=CIRCLE('',#5253,5.0);
#3988=VERTEX_POINT('',#5254);
#3989=LINE('',#5255,#5256);
#3990=VERTEX_POINT('',#5257);
#3991=LINE('',#5258,#5259);
#3992=VERTEX_POINT('',#5260);
#3993=LINE('',#5261,#5262);
#3994=VERTEX_POINT('',#5263);
#3995=LINE('',#5264,#5265);
#3996=LINE('',#5266,#5267);
#3997=CIRCLE('',#5268,5.0);
#3998=VERTEX_POINT('',#5269);
#3999=CIRCLE('',#5270,2.6);
#4000=VERTEX_POINT('',#5271);
#4001=CIRCLE('',#5272,2.6);
#4002=VERTEX_POINT('',#5273);
#4003=VERTEX_POINT('',#5274);
#4004=LINE('',#5275,#5276);
#4005=VERTEX_POINT('',#5277);
#4006=LINE('',#5278,#5279);
#4007=VERTEX_POINT('',#5280);
#4008=LINE('',#5281,#5282);
#4009=LINE('',#5283,#5284);
#4010=VERTEX_POINT('',#5285);
#4011=CIRCLE('',#5286,8.96514277487294);
#4012=VERTEX_POINT('',#5287);
#4013=VERTEX_POINT('',#5288);
#4014=LINE('',#5289,#5290);
#4015=VERTEX_POINT('',#5291);
#4016=CIRCLE('',#5292,5.0);
#4017=VERTEX_POINT('',#5293);
#4018=CIRCLE('',#5294,5.0);
#4019=VERTEX_POINT('',#5295);
#4020=LINE('',#5296,#5297);
#4021=VERTEX_POINT('',#5298);
#4022=CIRCLE('',#5299,5.0);
#4023=VERTEX_POINT('',#5300);
#4024=LINE('',#5301,#5302);
#4025=VERTEX_POINT('',#5303);
#4026=LINE('',#5304,#5305);
#4027=VERTEX_POINT('',#5306);
#4028=LINE('',#5307,#5308);
#4029=VERTEX_POINT('',#5309);
#4030=LINE('',#5310,#5311);
#4031=LINE('',#5312,#5313);
#4032=CIRCLE('',#5314,5.0);
#4033=VERTEX_POINT('',#5315);
#4034=VERTEX_POINT('',#5316);
#4035=LINE('',#5317,#5318);
#4036=VERTEX_POINT('',#5319);
#4037=CIRCLE('',#5320,1.0);
#4038=VERTEX_POINT('',#5321);
#4039=LINE('',#5322,#5323);
#4040=VERTEX_POINT('',#5324);
#4041=CIRCLE('',#5325,1.0);
#4042=VERTEX_POINT('',#5326);
#4043=LINE('',#5327,#5328);
#4044=VERTEX_POINT('',#5329);
#4045=CIRCLE('',#5330,1.0);
#4046=VERTEX_POINT('',#5331);
#4047=LINE('',#5332,#5333);
#4048=CIRCLE('',#5334,1.0);
#4049=VERTEX_POINT('',#5335);
#4050=CIRCLE('',#5336,2.6);
#4051=VERTEX_POINT('',#5337);
#4052=CIRCLE('',#5338,2.6);
#4053=CIRCLE('',#5339,2.5);
#4054=LINE('',#5340,#5341);
#4055=CIRCLE('',#5342,2.5);
#4056=VERTEX_POINT('',#5343);
#4057=CIRCLE('',#5344,10.0);
#4058=VERTEX_POINT('',#5345);
#4059=CIRCLE('',#5346,10.0);
#4060=CIRCLE('',#5347,42.5);
#4061=CIRCLE('',#5348,5.0);
#4062=CIRCLE('',#5349,5.0);
#4063=CIRCLE('',#5350,5.0);
#4064=CIRCLE('',#5351,5.0);
#4065=VERTEX_POINT('',#5352);
#4066=VERTEX_POINT('',#5353);
#4067=CIRCLE('',#5354,1.0);
#4068=VERTEX_POINT('',#5355);
#4069=LINE('',#5356,#5357);
#4070=VERTEX_POINT('',#5358);
#4071=CIRCLE('',#5359,1.0);
#4072=LINE('',#5360,#5361);
#4073=VERTEX_POINT('',#5362);
#4074=VERTEX_POINT('',#5363);
#4075=CIRCLE('',#5364,1.0);
#4076=VERTEX_POINT('',#5365);
#4077=LINE('',#5366,#5367);
#4078=VERTEX_POINT('',#5368);
#4079=CIRCLE('',#5369,1.0);
#4080=LINE('',#5370,#5371);
#4081=VERTEX_POINT('',#5372);
#4082=CIRCLE('',#5373,4.5);
#4083=VERTEX_POINT('',#5374);
#4084=CIRCLE('',#5375,4.5);
#4085=VERTEX_POINT('',#5376);
#4086=CIRCLE('',#5377,3.25);
#4087=VERTEX_POINT('',#5378);
#4088=CIRCLE('',#5379,2.75);
#4089=VERTEX_POINT('',#5380);
#4090=CIRCLE('',#5381,3.25);
#4091=VERTEX_POINT('',#5382);
#4092=CIRCLE('',#5383,2.75);
#4093=VERTEX_POINT('',#5384);
#4094=VERTEX_POINT('',#5385);
#4095=LINE('',#5386,#5387);
#4096=VERTEX_POINT('',#5388);
#4097=LINE('',#5389,#5390);
#4098=VERTEX_POINT('',#5391);
#4099=LINE('',#5392,#5393);
#4100=LINE('',#5394,#5395);
#4101=VERTEX_POINT('',#5396);
#4102=VERTEX_POINT('',#5397);
#4103=LINE('',#5398,#5399);
#4104=VERTEX_POINT('',#5400);
#4105=LINE('',#5401,#5402);
#4106=VERTEX_POINT('',#5403);
#4107=LINE('',#5404,#5405);
#4108=LINE('',#5406,#5407);
#4109=VERTEX_POINT('',#5408);
#4110=ELLIPSE('',#5409,0.707106781186547,0.5);
#4111=VERTEX_POINT('',#5410);
#4112=CIRCLE('',#5411,0.5);
#4113=LINE('',#5412,#5413);
#4114=VERTEX_POINT('',#5414);
#4115=ELLIPSE('',#5415,0.707106781186548,0.5);
#4116=LINE('',#5416,#5417);
#4117=VERTEX_POINT('',#5418);
#4118=CIRCLE('',#5419,0.5);
#4119=LINE('',#5420,#5421);
#4120=CIRCLE('',#5422,10.0);
#4121=LINE('',#5423,#5424);
#4122=LINE('',#5425,#5426);
#4123=LINE('',#5427,#5428);
#4124=LINE('',#5429,#5430);
#4125=LINE('',#5431,#5432);
#4126=LINE('',#5433,#5434);
#4127=LINE('',#5435,#5436);
#4128=LINE('',#5437,#5438);
#4129=LINE('',#5439,#5440);
#4130=LINE('',#5441,#5442);
#4131=LINE('',#5443,#5444);
#4132=LINE('',#5445,#5446);
#4133=LINE('',#5447,#5448);
#4134=VERTEX_POINT('',#5449);
#4135=LINE('',#5450,#5451);
#4136=VERTEX_POINT('',#5452);
#4137=LINE('',#5453,#5454);
#4138=LINE('',#5455,#5456);
#4139=VERTEX_POINT('',#5457);
#4140=VERTEX_POINT('',#5458);
#4141=LINE('',#5459,#5460);
#4142=VERTEX_POINT('',#5461);
#4143=LINE('',#5462,#5463);
#4144=VERTEX_POINT('',#5464);
#4145=LINE('',#5465,#5466);
#4146=LINE('',#5467,#5468);
#4147=VERTEX_POINT('',#5469);
#4148=LINE('',#5470,#5471);
#4149=VERTEX_POINT('',#5472);
#4150=LINE('',#5473,#5474);
#4151=LINE('',#5475,#5476);
#4152=VERTEX_POINT('',#5477);
#4153=VERTEX_POINT('',#5478);
#4154=LINE('',#5479,#5480);
#4155=VERTEX_POINT('',#5481);
#4156=LINE('',#5482,#5483);
#4157=VERTEX_POINT('',#5484);
#4158=LINE('',#5485,#5486);
#4159=LINE('',#5487,#5488);
#4160=VERTEX_POINT('',#5489);
#4161=LINE('',#5490,#5491);
#4162=VERTEX_POINT('',#5492);
#4163=LINE('',#5493,#5494);
#4164=LINE('',#5495,#5496);
#4165=VERTEX_POINT('',#5497);
#4166=LINE('',#5498,#5499);
#4167=VERTEX_POINT('',#5500);
#4168=LINE('',#5501,#5502);
#4169=LINE('',#5503,#5504);
#4170=VERTEX_POINT('',#5505);
#4171=CIRCLE('',#5506,2.5);
#4172=VERTEX_POINT('',#5507);
#4173=CIRCLE('',#5508,3.25);
#4174=VERTEX_POINT('',#5509);
#4175=CIRCLE('',#5510,2.5);
#4176=VERTEX_POINT('',#5511);
#4177=CIRCLE('',#5512,3.25);
#4178=VERTEX_POINT('',#5513);
#4179=CIRCLE('',#5514,2.5);
#4180=VERTEX_POINT('',#5515);
#4181=VERTEX_POINT('',#5516);
#4182=LINE('',#5517,#5518);
#4183=VERTEX_POINT('',#5519);
#4184=LINE('',#5520,#5521);
#4185=VERTEX_POINT('',#5522);
#4186=LINE('',#5523,#5524);
#4187=LINE('',#5525,#5526);
#4188=VERTEX_POINT('',#5527);
#4189=VERTEX_POINT('',#5528);
#4190=LINE('',#5529,#5530);
#4191=VERTEX_POINT('',#5531);
#4192=LINE('',#5532,#5533);
#4193=VERTEX_POINT('',#5534);
#4194=LINE('',#5535,#5536);
#4195=LINE('',#5537,#5538);
#4196=VERTEX_POINT('',#5539);
#4197=VERTEX_POINT('',#5540);
#4198=LINE('',#5541,#5542);
#4199=VERTEX_POINT('',#5543);
#4200=LINE('',#5544,#5545);
#4201=VERTEX_POINT('',#5546);
#4202=LINE('',#5547,#5548);
#4203=LINE('',#5549,#5550);
#4204=VERTEX_POINT('',#5551);
#4205=VERTEX_POINT('',#5552);
#4206=LINE('',#5553,#5554);
#4207=VERTEX_POINT('',#5555);
#4208=LINE('',#5556,#5557);
#4209=VERTEX_POINT('',#5558);
#4210=LINE('',#5559,#5560);
#4211=LINE('',#5561,#5562);
#4212=VERTEX_POINT('',#5563);
#4213=VERTEX_POINT('',#5564);
#4214=LINE('',#5565,#5566);
#4215=VERTEX_POINT('',#5567);
#4216=LINE('',#5568,#5569);
#4217=VERTEX_POINT('',#5570);
#4218=LINE('',#5571,#5572);
#4219=LINE('',#5573,#5574);
#4220=VERTEX_POINT('',#5575);
#4221=CIRCLE('',#5576,2.5);
#4222=VERTEX_POINT('',#5577);
#4223=VERTEX_POINT('',#5578);
#4224=LINE('',#5579,#5580);
#4225=VERTEX_POINT('',#5581);
#4226=LINE('',#5582,#5583);
#4227=VERTEX_POINT('',#5584);
#4228=LINE('',#5585,#5586);
#4229=LINE('',#5587,#5588);
#4230=VERTEX_POINT('',#5589);
#4231=LINE('',#5590,#5591);
#4232=VERTEX_POINT('',#5592);
#4233=LINE('',#5593,#5594);
#4234=LINE('',#5595,#5596);
#4235=VERTEX_POINT('',#5597);
#4236=VERTEX_POINT('',#5598);
#4237=LINE('',#5599,#5600);
#4238=LINE('',#5601,#5602);
#4239=LINE('',#5603,#5604);
#4240=LINE('',#5605,#5606);
#4241=LINE('',#5607,#5608);
#4242=LINE('',#5609,#5610);
#4243=VERTEX_POINT('',#5611);
#4244=LINE('',#5612,#5613);
#4245=LINE('',#5614,#5615);
#4246=VERTEX_POINT('',#5616);
#4247=LINE('',#5617,#5618);
#4248=VERTEX_POINT('',#5619);
#4249=LINE('',#5620,#5621);
#4250=LINE('',#5622,#5623);
#4251=LINE('',#5624,#5625);
#4252=VERTEX_POINT('',#5626);
#4253=VERTEX_POINT('',#5627);
#4254=LINE('',#5628,#5629);
#4255=VERTEX_POINT('',#5630);
#4256=LINE('',#5631,#5632);
#4257=VERTEX_POINT('',#5633);
#4258=LINE('',#5634,#5635);
#4259=LINE('',#5636,#5637);
#4260=VERTEX_POINT('',#5638);
#4261=VERTEX_POINT('',#5639);
#4262=LINE('',#5640,#5641);
#4263=VERTEX_POINT('',#5642);
#4264=LINE('',#5643,#5644);
#4265=VERTEX_POINT('',#5645);
#4266=LINE('',#5646,#5647);
#4267=LINE('',#5648,#5649);
#4268=VERTEX_POINT('',#5650);
#4269=VERTEX_POINT('',#5651);
#4270=LINE('',#5652,#5653);
#4271=LINE('',#5654,#5655);
#4272=LINE('',#5656,#5657);
#4273=VERTEX_POINT('',#5658);
#4274=LINE('',#5659,#5660);
#4275=LINE('',#5661,#5662);
#4276=LINE('',#5663,#5664);
#4277=LINE('',#5665,#5666);
#4278=LINE('',#5667,#5668);
#4279=LINE('',#5669,#5670);
#4280=VERTEX_POINT('',#5671);
#4281=LINE('',#5672,#5673);
#4282=VERTEX_POINT('',#5674);
#4283=LINE('',#5675,#5676);
#4284=LINE('',#5677,#5678);
#4285=VERTEX_POINT('',#5679);
#4286=LINE('',#5680,#5681);
#4287=LINE('',#5682,#5683);
#4288=LINE('',#5684,#5685);
#4289=VERTEX_POINT('',#5686);
#4290=LINE('',#5687,#5688);
#4291=VERTEX_POINT('',#5689);
#4292=LINE('',#5690,#5691);
#4293=LINE('',#5692,#5693);
#4294=VERTEX_POINT('',#5694);
#4295=LINE('',#5695,#5696);
#4296=LINE('',#5697,#5698);
#4297=VERTEX_POINT('',#5699);
#4298=LINE('',#5700,#5701);
#4299=VERTEX_POINT('',#5702);
#4300=LINE('',#5703,#5704);
#4301=VERTEX_POINT('',#5705);
#4302=LINE('',#5706,#5707);
#4303=LINE('',#5708,#5709);
#4304=VERTEX_POINT('',#5710);
#4305=LINE('',#5711,#5712);
#4306=VERTEX_POINT('',#5713);
#4307=LINE('',#5714,#5715);
#4308=LINE('',#5716,#5717);
#4309=VERTEX_POINT('',#5718);
#4310=LINE('',#5719,#5720);
#4311=VERTEX_POINT('',#5721);
#4312=LINE('',#5722,#5723);
#4313=VERTEX_POINT('',#5724);
#4314=LINE('',#5725,#5726);
#4315=VERTEX_POINT('',#5727);
#4316=LINE('',#5728,#5729);
#4317=VERTEX_POINT('',#5730);
#4318=LINE('',#5731,#5732);
#4319=LINE('',#5733,#5734);
#4320=VERTEX_POINT('',#5735);
#4321=VERTEX_POINT('',#5736);
#4322=LINE('',#5737,#5738);
#4323=VERTEX_POINT('',#5739);
#4324=LINE('',#5740,#5741);
#4325=VERTEX_POINT('',#5742);
#4326=LINE('',#5743,#5744);
#4327=LINE('',#5745,#5746);
#4328=CIRCLE('',#5747,2.5);
#4329=VERTEX_POINT('',#5748);
#4330=CIRCLE('',#5749,2.5);
#4331=LINE('',#5750,#5751);
#4332=CIRCLE('',#5752,2.5);
#4333=VERTEX_POINT('',#5753);
#4334=CIRCLE('',#5754,2.5);
#4335=VERTEX_POINT('',#5755);
#4336=LINE('',#5756,#5757);
#4337=LINE('',#5758,#5759);
#4338=CIRCLE('',#5760,2.5);
#4339=CIRCLE('',#5761,2.5);
#4340=VERTEX_POINT('',#5762);
#4341=LINE('',#5763,#5764);
#4342=VERTEX_POINT('',#5765);
#4343=LINE('',#5766,#5767);
#4344=CIRCLE('',#5768,2.5);
#4345=CIRCLE('',#5769,2.5);
#4346=VERTEX_POINT('',#5770);
#4347=LINE('',#5771,#5772);
#4348=CIRCLE('',#5773,2.5);
#4349=CIRCLE('',#5774,2.5);
#4350=VERTEX_POINT('',#5775);
#4351=VERTEX_POINT('',#5776);
#4352=LINE('',#5777,#5778);
#4353=VERTEX_POINT('',#5779);
#4354=LINE('',#5780,#5781);
#4355=VERTEX_POINT('',#5782);
#4356=LINE('',#5783,#5784);
#4357=LINE('',#5785,#5786);
#4358=CIRCLE('',#5787,2.5);
#4359=LINE('',#5788,#5789);
#4360=VERTEX_POINT('',#5790);
#4361=LINE('',#5791,#5792);
#4362=VERTEX_POINT('',#5793);
#4363=LINE('',#5794,#5795);
#4364=CIRCLE('',#5796,2.5);
#4365=CIRCLE('',#5797,2.5);
#4366=CIRCLE('',#5798,2.5);
#4367=CIRCLE('',#5799,2.5);
#4368=CIRCLE('',#5800,2.5);
#4369=CIRCLE('',#5801,2.5);
#4370=CIRCLE('',#5802,2.5);
#4371=VERTEX_POINT('',#5803);
#4372=CIRCLE('',#5804,2.5);
#4373=VERTEX_POINT('',#5805);
#4374=LINE('',#5806,#5807);
#4375=LINE('',#5808,#5809);
#4376=LINE('',#5810,#5811);
#4377=CIRCLE('',#5812,2.5);
#4378=LINE('',#5813,#5814);
#4379=LINE('',#5815,#5816);
#4380=VERTEX_POINT('',#5817);
#4381=VERTEX_POINT('',#5818);
#4382=LINE('',#5819,#5820);
#4383=VERTEX_POINT('',#5821);
#4384=LINE('',#5822,#5823);
#4385=VERTEX_POINT('',#5824);
#4386=LINE('',#5825,#5826);
#4387=LINE('',#5827,#5828);
#4388=LINE('',#5829,#5830);
#4389=LINE('',#5831,#5832);
#4390=LINE('',#5833,#5834);
#4391=VERTEX_POINT('',#5835);
#4392=VERTEX_POINT('',#5836);
#4393=LINE('',#5837,#5838);
#4394=VERTEX_POINT('',#5839);
#4395=LINE('',#5840,#5841);
#4396=VERTEX_POINT('',#5842);
#4397=LINE('',#5843,#5844);
#4398=CIRCLE('',#5845,2.5);
#4399=CIRCLE('',#5846,2.5);
#4400=LINE('',#5847,#5848);
#4401=LINE('',#5849,#5850);
#4402=VERTEX_POINT('',#5851);
#4403=LINE('',#5852,#5853);
#4404=VERTEX_POINT('',#5854);
#4405=LINE('',#5855,#5856);
#4406=LINE('',#5857,#5858);
#4407=VERTEX_POINT('',#5859);
#4408=LINE('',#5860,#5861);
#4409=LINE('',#5862,#5863);
#4410=CIRCLE('',#5864,2.5);
#4411=VERTEX_POINT('',#5865);
#4412=CIRCLE('',#5866,2.5);
#4413=VERTEX_POINT('',#5867);
#4414=LINE('',#5868,#5869);
#4415=VERTEX_POINT('',#5870);
#4416=LINE('',#5871,#5872);
#4417=LINE('',#5873,#5874);
#4418=VERTEX_POINT('',#5875);
#4419=LINE('',#5876,#5877);
#4420=LINE('',#5878,#5879);
#4421=VERTEX_POINT('',#5880);
#4422=LINE('',#5881,#5882);
#4423=LINE('',#5883,#5884);
#4424=LINE('',#5885,#5886);
#4425=LINE('',#5887,#5888);
#4426=LINE('',#5889,#5890);
#4427=LINE('',#5891,#5892);
#4428=LINE('',#5893,#5894);
#4429=VERTEX_POINT('',#5895);
#4430=VERTEX_POINT('',#5896);
#4431=LINE('',#5897,#5898);
#4432=CIRCLE('',#5899,2.5);
#4433=CIRCLE('',#5900,2.5);
#4434=VERTEX_POINT('',#5901);
#4435=CIRCLE('',#5902,6.0);
#4436=CIRCLE('',#5903,2.5);
#4437=VERTEX_POINT('',#5904);
#4438=LINE('',#5905,#5906);
#4439=CIRCLE('',#5907,12.5);
#4440=VERTEX_POINT('',#5908);
#4441=LINE('',#5909,#5910);
#4442=LINE('',#5911,#5912);
#4443=VERTEX_POINT('',#5913);
#4444=CIRCLE('',#5914,12.5);
#4445=VERTEX_POINT('',#5915);
#4446=LINE('',#5916,#5917);
#4447=CIRCLE('',#5918,20.0);
#4448=VERTEX_POINT('',#5919);
#4449=LINE('',#5920,#5921);
#4450=LINE('',#5922,#5923);
#4451=LINE('',#5924,#5925);
#4452=LINE('',#5926,#5927);
#4453=LINE('',#5928,#5929);
#4454=VERTEX_POINT('',#5930);
#4455=LINE('',#5931,#5932);
#4456=VERTEX_POINT('',#5933);
#4457=CIRCLE('',#5934,20.0);
#4458=LINE('',#5935,#5936);
#4459=LINE('',#5937,#5938);
#4460=LINE('',#5939,#5940);
#4461=VERTEX_POINT('',#5941);
#4462=LINE('',#5942,#5943);
#4463=VERTEX_POINT('',#5944);
#4464=LINE('',#5945,#5946);
#4465=CIRCLE('',#5947,20.0);
#4466=LINE('',#5948,#5949);
#4467=LINE('',#5950,#5951);
#4468=VERTEX_POINT('',#5952);
#4469=LINE('',#5953,#5954);
#4470=CIRCLE('',#5955,20.0);
#4471=LINE('',#5956,#5957);
#4472=LINE('',#5958,#5959);
#4473=LINE('',#5960,#5961);
#4474=LINE('',#5962,#5963);
#4475=VERTEX_POINT('',#5964);
#4476=LINE('',#5965,#5966);
#4477=CIRCLE('',#5967,20.0);
#4478=VERTEX_POINT('',#5968);
#4479=LINE('',#5969,#5970);
#4480=LINE('',#5971,#5972);
#4481=VERTEX_POINT('',#5973);
#4482=CIRCLE('',#5974,12.5);
#4483=VERTEX_POINT('',#5975);
#4484=LINE('',#5976,#5977);
#4485=CIRCLE('',#5978,20.0);
#4486=VERTEX_POINT('',#5979);
#4487=CIRCLE('',#5980,20.0);
#4488=LINE('',#5981,#5982);
#4489=CIRCLE('',#5983,20.0);
#4490=CIRCLE('',#5984,20.0);
#4491=VERTEX_POINT('',#5985);
#4492=LINE('',#5986,#5987);
#4493=VERTEX_POINT('',#5988);
#4494=CIRCLE('',#5989,20.0);
#4495=LINE('',#5990,#5991);
#4496=LINE('',#5992,#5993);
#4497=CIRCLE('',#5994,12.5);
#4498=VERTEX_POINT('',#5995);
#4499=CIRCLE('',#5996,2.6);
#4500=VERTEX_POINT('',#5997);
#4501=CIRCLE('',#5998,2.6);
#4502=LINE('',#5999,#6000);
#4503=VERTEX_POINT('',#6001);
#4504=VERTEX_POINT('',#6002);
#4505=LINE('',#6003,#6004);
#4506=LINE('',#6005,#6006);
#4507=LINE('',#6007,#6008);
#4508=LINE('',#6009,#6010);
#4509=CIRCLE('',#6011,2.5);
#4510=CIRCLE('',#6012,2.5);
#4511=LINE('',#6013,#6014);
#4512=LINE('',#6015,#6016);
#4513=LINE('',#6017,#6018);
#4514=LINE('',#6019,#6020);
#4515=LINE('',#6021,#6022);
#4516=LINE('',#6023,#6024);
#4517=LINE('',#6025,#6026);
#4518=LINE('',#6027,#6028);
#4519=LINE('',#6029,#6030);
#4520=LINE('',#6031,#6032);
#4521=LINE('',#6033,#6034);
#4522=LINE('',#6035,#6036);
#4523=LINE('',#6037,#6038);
#4524=LINE('',#6039,#6040);
#4525=LINE('',#6041,#6042);
#4526=LINE('',#6043,#6044);
#4527=LINE('',#6045,#6046);
#4528=LINE('',#6047,#6048);
#4529=LINE('',#6049,#6050);
#4530=LINE('',#6051,#6052);
#4531=VERTEX_POINT('',#6053);
#4532=CIRCLE('',#6054,6.0);
#4533=CIRCLE('',#6055,2.5);
#4534=LINE('',#6056,#6057);
#4535=B_SPLINE_CURVE_WITH_KNOTS('',3,(#6058,#6059,#6060,#6061,#6062,#6063,#6064,#6065,#6066,#6067,#6068,#6069,#6070,#6071,#6072,#6073),.UNSPECIFIED.,.F.,.F.,(4,2,2,2,2,2,2,4),(6.95243322195995E-18,0.000488949663154866,0.000977899326309725,0.00146684898946458,0.00195579865261944,0.0024447483157743,0.00293369797892916,0.00391159730523888),.UNSPECIFIED.);
#4536=CIRCLE('',#6074,2.5);
#4537=CIRCLE('',#6075,2.5);
#4538=CIRCLE('',#6076,2.5);
#4539=CIRCLE('',#6077,2.5);
#4540=CIRCLE('',#6078,2.5);
#4541=CIRCLE('',#6079,2.5);
#4542=B_SPLINE_CURVE_WITH_KNOTS('',3,(#6080,#6081,#6082,#6083,#6084,#6085,#6086,#6087,#6088,#6089,#6090,#6091,#6092,#6093,#6094,#6095),.UNSPECIFIED.,.F.,.F.,(4,2,2,2,2,2,2,4),(0.0,0.00048895935480024,0.00097791870960048,0.00146687806440072,0.00195583741920096,0.0024447967740012,0.00293375612880144,0.00391167483840192),.UNSPECIFIED.);
#4543=B_SPLINE_CURVE_WITH_KNOTS('',3,(#6096,#6097,#6098,#6099,#6100,#6101,#6102,#6103,#6104,#6105,#6106,#6107,#6108,#6109,#6110,#6111),.UNSPECIFIED.,.F.,.F.,(4,2,2,2,2,2,2,4),(0.0,0.000490182797148838,0.000980365594297676,0.00147054839144651,0.00196073118859535,0.00245091398574419,0.00294109678289303,0.00392146237719071),.UNSPECIFIED.);
#4544=B_SPLINE_CURVE_WITH_KNOTS('',3,(#6112,#6113,#6114,#6115,#6116,#6117,#6118,#6119,#6120,#6121,#6122,#6123,#6124,#6125,#6126,#6127),.UNSPECIFIED.,.F.,.F.,(4,2,2,2,2,2,2,4),(0.0,0.00048895935480024,0.00097791870960048,0.00146687806440072,0.00195583741920096,0.0024447967740012,0.00293375612880144,0.00391167483840192),.UNSPECIFIED.);
#4545=LINE('',#6128,#6129);
#4546=LINE('',#6130,#6131);
#4547=LINE('',#6132,#6133);
#4548=LINE('',#6134,#6135);
#4549=CIRCLE('',#6136,10.5);
#4550=CIRCLE('',#6137,10.0);
#4551=LINE('',#6138,#6139);
#4552=LINE('',#6140,#6141);
#4553=VERTEX_POINT('',#6142);
#4554=CIRCLE('',#6143,6.0);
#4555=VERTEX_POINT('',#6144);
#4556=CIRCLE('',#6145,6.0);
#4557=VERTEX_POINT('',#6146);
#4558=CIRCLE('',#6147,1.0);
#4559=VERTEX_POINT('',#6148);
#4560=CIRCLE('',#6149,6.0);
#4561=VERTEX_POINT('',#6150);
#4562=CIRCLE('',#6151,6.0);
#4563=VERTEX_POINT('',#6152);
#4564=CIRCLE('',#6153,1.0);
#4565=CARTESIAN_POINT('',(13.2142857142857,2.96492097094748,-7.49999999999999));
#4566=CARTESIAN_POINT('',(12.5,2.51316701949486,-7.49999999999999));
#4567=AXIS2_PLACEMENT_3D('',#6154,#6155,#6156);
#4568=CARTESIAN_POINT('',(13.2142857142857,2.96492097094748,-17.0));
#4569=CARTESIAN_POINT('',(13.2142857142857,2.96492097094748,-17.5));
#4570=VECTOR('',#6157,1.0);
#4571=CARTESIAN_POINT('',(12.5534761556884,2.73814803305207,-17.5));
#4572=CARTESIAN_POINT('',(12.5534761556884,2.73814803305207,-17.5));
#4573=CARTESIAN_POINT('',(12.589417719567,2.80948189816306,-17.5));
#4574=CARTESIAN_POINT('',(12.6415787758501,2.86916830615135,-17.4802392091021));
#4575=CARTESIAN_POINT('',(12.7568117546756,2.95595609722628,-17.4153998992295));
#4576=CARTESIAN_POINT('',(12.8185322274859,2.98323352538982,-17.3716420242812));
#4577=CARTESIAN_POINT('',(13.0001588516365,3.0285040591769,-17.2261538887709));
#4578=CARTESIAN_POINT('',(13.1152076535795,3.01191782164507,-17.1123673073853));
#4579=CARTESIAN_POINT('',(13.2142857142857,2.96492097094748,-17.0));
#4580=CARTESIAN_POINT('',(12.5,2.51316701949486,-17.5));
#4581=AXIS2_PLACEMENT_3D('',#6158,#6159,#6160);
#4582=CARTESIAN_POINT('',(12.5,2.51316701949486,-12.5));
#4583=VECTOR('',#6161,1.0);
#4584=CARTESIAN_POINT('',(22.5,2.51316701949486,-17.5));
#4585=CARTESIAN_POINT('',(22.5,2.51316701949486,-7.49999999999999));
#4586=CARTESIAN_POINT('',(22.5,2.51316701949486,-7.49999999999999));
#4587=VECTOR('',#6162,1.0);
#4588=CARTESIAN_POINT('',(22.4465238443115,2.73814803305207,-17.5));
#4589=AXIS2_PLACEMENT_3D('',#6163,#6164,#6165);
#4590=CARTESIAN_POINT('',(21.7857142857143,2.96492097094749,-17.0));
#4591=CARTESIAN_POINT('',(22.4465238443115,2.73814803305207,-17.5));
#4592=CARTESIAN_POINT('',(22.410582280433,2.80948189816306,-17.5));
#4593=CARTESIAN_POINT('',(22.3584212241499,2.86916830615136,-17.4802392091021));
#4594=CARTESIAN_POINT('',(22.2431882453243,2.95595609722629,-17.4153998992295));
#4595=CARTESIAN_POINT('',(22.1814677725141,2.98323352538983,-17.3716420242812));
#4596=CARTESIAN_POINT('',(21.9998411483635,3.02850405917691,-17.2261538887709));
#4597=CARTESIAN_POINT('',(21.8847923464282,3.01191782164876,-17.1123673073769));
#4598=CARTESIAN_POINT('',(21.7857142857143,2.96492097094749,-17.0));
#4599=CARTESIAN_POINT('',(21.7857142857143,2.96492097094749,-7.49999999999999));
#4600=CARTESIAN_POINT('',(21.7857142857143,2.96492097094749,-17.5));
#4601=VECTOR('',#6166,1.0);
#4602=AXIS2_PLACEMENT_3D('',#6167,#6168,#6169);
#4603=CARTESIAN_POINT('',(3.74999999999994,40.15,-56.6749999999999));
#4604=CARTESIAN_POINT('',(6.24999999999994,42.65,-56.6749999999999));
#4605=AXIS2_PLACEMENT_3D('',#6170,#6171,#6172);
#4606=CARTESIAN_POINT('',(3.74999999999996,40.15,-43.3249999999999));
#4607=CARTESIAN_POINT('',(3.74999999999994,40.15,-56.6749999999999));
#4608=VECTOR('',#6173,1.0);
#4609=CARTESIAN_POINT('',(6.24999999999996,42.65,-43.3249999999998));
#4610=AXIS2_PLACEMENT_3D('',#6174,#6175,#6176);
#4611=CARTESIAN_POINT('',(6.24999999999996,42.65,-43.3249999999999));
#4612=VECTOR('',#6177,1.0);
#4613=CARTESIAN_POINT('',(93.75,42.65,-56.6749999999999));
#4614=CARTESIAN_POINT('',(96.25,40.15,-56.675));
#4615=AXIS2_PLACEMENT_3D('',#6178,#6179,#6180);
#4616=CARTESIAN_POINT('',(93.75,42.65,-43.3249999999998));
#4617=CARTESIAN_POINT('',(93.7499999999999,42.65,2.0220221541157E-13));
#4618=VECTOR('',#6181,1.0);
#4619=CARTESIAN_POINT('',(96.25,40.15,-43.325));
#4620=AXIS2_PLACEMENT_3D('',#6182,#6183,#6184);
#4621=CARTESIAN_POINT('',(96.25,40.15,-56.675));
#4622=VECTOR('',#6185,1.0);
#4623=CARTESIAN_POINT('',(22.5,50.0,-2.49999999999999));
#4624=CARTESIAN_POINT('',(22.3431348329844,52.5,-4.99999999999999));
#4625=CARTESIAN_POINT('',(22.5,50.0,-2.49999999999999));
#4626=CARTESIAN_POINT('',(22.5,50.1653291946864,-2.49999999999999));
#4627=CARTESIAN_POINT('',(22.500018710732,50.3278932914961,-2.51623875183922));
#4628=CARTESIAN_POINT('',(22.4998658364895,50.6477171656772,-2.57986644547034));
#4629=CARTESIAN_POINT('',(22.4996890003649,50.8066376853143,-2.62803065223837));
#4630=CARTESIAN_POINT('',(22.4984889627374,51.1096316976818,-2.7537541457824));
#4631=CARTESIAN_POINT('',(22.497472546059,51.2533274796217,-2.83068802297258));
#4632=CARTESIAN_POINT('',(22.4936404976314,51.5252472992623,-3.01244750989));
#4633=CARTESIAN_POINT('',(22.490776599316,51.6539543512067,-3.11822826220415));
#4634=CARTESIAN_POINT('',(22.4822974316556,51.884541559566,-3.34920232029744));
#4635=CARTESIAN_POINT('',(22.4766798147215,51.9879679242134,-3.47520119190623));
#4636=CARTESIAN_POINT('',(22.4614524970212,52.170528117788,-3.74866648620087));
#4637=CARTESIAN_POINT('',(22.4519211616528,52.2479853439308,-3.89411067670987));
#4638=CARTESIAN_POINT('',(22.4170175252295,52.4344214009014,-4.34478274563944));
#4639=CARTESIAN_POINT('',(22.3844660493232,52.5,-4.67194364055107));
#4640=CARTESIAN_POINT('',(22.3431348329844,52.5,-4.99999999999999));
#4641=CARTESIAN_POINT('',(15.0,50.0,-2.49999999999999));
#4642=CARTESIAN_POINT('',(22.5,50.0,-2.49999999999999));
#4643=VECTOR('',#6186,1.0);
#4644=CARTESIAN_POINT('',(14.7474487139159,52.5,-4.99999999999999));
#4645=CARTESIAN_POINT('',(14.7474487139159,52.5,-4.99999999999999));
#4646=CARTESIAN_POINT('',(14.7805906633406,52.5,-4.83763826965638));
#4647=CARTESIAN_POINT('',(14.8099667009745,52.4843290516808,-4.67726355293894));
#4648=CARTESIAN_POINT('',(14.8618080637145,52.4222073983908,-4.36049943669468));
#4649=CARTESIAN_POINT('',(14.8844652776368,52.374977749002,-4.20241123631985));
#4650=CARTESIAN_POINT('',(14.9222589448369,52.2510422176384,-3.90023817186934));
#4651=CARTESIAN_POINT('',(14.9374438029196,52.1749441262336,-3.75647593439799));
#4652=CARTESIAN_POINT('',(14.9619782041292,51.994451315559,-3.48378827209576));
#4653=CARTESIAN_POINT('',(14.97130422119,51.889149598513,-3.3544462386806));
#4654=CARTESIAN_POINT('',(14.9919012489283,51.5435218366981,-3.00639174172748));
#4655=CARTESIAN_POINT('',(14.9965743481483,51.2641405703846,-2.81853899480398));
#4656=CARTESIAN_POINT('',(14.9994845411392,50.8116730033845,-2.62979055560534));
#4657=CARTESIAN_POINT('',(14.9997781094664,50.6533784326614,-2.5812470584378));
#4658=CARTESIAN_POINT('',(15.0000315000192,50.3295555536964,-2.51632081266304));
#4659=CARTESIAN_POINT('',(15.0,50.1657402197705,-2.49999999999999));
#4660=CARTESIAN_POINT('',(15.0,50.0,-2.49999999999999));
#4661=CARTESIAN_POINT('',(15.0,52.5,-4.99999999999999));
#4662=VECTOR('',#6187,1.0);
#4663=CARTESIAN_POINT('',(21.5787840283389,52.5,-8.49999999999999));
#4664=CARTESIAN_POINT('',(21.5787840283389,55.0,-8.49999999999999));
#4665=CARTESIAN_POINT('',(21.5787840283389,52.5,-8.49999999999999));
#4666=VECTOR('',#6188,1.0);
#4667=CARTESIAN_POINT('',(21.5787840283389,62.5,-8.49999999999999));
#4668=CARTESIAN_POINT('',(21.5787840283389,62.5,-8.49999999999999));
#4669=VECTOR('',#6189,1.0);
#4670=CARTESIAN_POINT('',(22.5,62.5,-2.49999999999999));
#4671=AXIS2_PLACEMENT_3D('',#6190,#6191,#6192);
#4672=CARTESIAN_POINT('',(22.5,52.5,-2.49999999999999));
#4673=VECTOR('',#6193,1.0);
#4674=AXIS2_PLACEMENT_3D('',#6194,#6195,#6196);
#4675=CARTESIAN_POINT('',(97.5,50.0,-15.0));
#4676=CARTESIAN_POINT('',(97.5,62.5,-15.0));
#4677=CARTESIAN_POINT('',(97.5,52.5,-15.0));
#4678=VECTOR('',#6197,1.0);
#4679=CARTESIAN_POINT('',(91.0,62.5,-13.1770782520313));
#4680=AXIS2_PLACEMENT_3D('',#6198,#6199,#6200);
#4681=CARTESIAN_POINT('',(91.0,55.0,-13.1770782520313));
#4682=CARTESIAN_POINT('',(91.0,62.5,-13.1770782520313));
#4683=VECTOR('',#6201,1.0);
#4684=CARTESIAN_POINT('',(86.5341439002693,55.0,-8.5));
#4685=AXIS2_PLACEMENT_3D('',#6202,#6203,#6204);
#4686=CARTESIAN_POINT('',(86.5341439002693,62.5,-8.5));
#4687=CARTESIAN_POINT('',(86.5341439002693,62.5,-8.5));
#4688=VECTOR('',#6205,1.0);
#4689=CARTESIAN_POINT('',(85.0,62.5,-2.49999999999998));
#4690=AXIS2_PLACEMENT_3D('',#6206,#6207,#6208);
#4691=CARTESIAN_POINT('',(85.0,50.0,-2.49999999999998));
#4692=CARTESIAN_POINT('',(85.0,52.5,-2.49999999999998));
#4693=VECTOR('',#6209,1.0);
#4694=CARTESIAN_POINT('',(85.2525512860841,52.5,-4.99999999999999));
#4695=CARTESIAN_POINT('',(85.0,50.0,-2.49999999999999));
#4696=CARTESIAN_POINT('',(85.0,50.165745154668,-2.49999999999999));
#4697=CARTESIAN_POINT('',(84.9999697604652,50.3287120525765,-2.51631979154637));
#4698=CARTESIAN_POINT('',(85.0002168201858,50.6493157440955,-2.58026694533404));
#4699=CARTESIAN_POINT('',(85.0005027533211,50.8086281885818,-2.62868148351999));
#4700=CARTESIAN_POINT('',(85.0024417255376,51.1122177137055,-2.75500494181173));
#4701=CARTESIAN_POINT('',(85.004083782496,51.256171777644,-2.83230255575666));
#4702=CARTESIAN_POINT('',(85.0102761498158,51.5285114746349,-3.01492256658893));
#4703=CARTESIAN_POINT('',(85.0149036542326,51.6573240487466,-3.12116992439814));
#4704=CARTESIAN_POINT('',(85.02859755991,51.8878842207783,-3.35299707818223));
#4705=CARTESIAN_POINT('',(85.0376690348304,51.9912108986836,-3.47941620817305));
#4706=CARTESIAN_POINT('',(85.0622604011327,52.1733965245635,-3.75362788140207));
#4707=CARTESIAN_POINT('',(85.0776266511877,52.2504238457067,-3.89911772034055));
#4708=CARTESIAN_POINT('',(85.1338807985254,52.4356208385513,-4.34950153974853));
#4709=CARTESIAN_POINT('',(85.1862577277113,52.5,-4.67522921750627));
#4710=CARTESIAN_POINT('',(85.2525512860841,52.5,-4.99999999999998));
#4711=CARTESIAN_POINT('',(95.0,52.5,-14.7474487139159));
#4712=AXIS2_PLACEMENT_3D('',#6210,#6211,#6212);
#4713=CARTESIAN_POINT('',(95.0,52.5,-14.7474487139159));
#4714=CARTESIAN_POINT('',(95.1623617303436,52.5,-14.7805906633406));
#4715=CARTESIAN_POINT('',(95.322736447061,52.4843290516808,-14.8099667009745));
#4716=CARTESIAN_POINT('',(95.6395005633053,52.4222073983908,-14.8618080637145));
#4717=CARTESIAN_POINT('',(95.7975887636801,52.374977749002,-14.8844652776368));
#4718=CARTESIAN_POINT('',(96.0997618281306,52.2510422176384,-14.9222589448369));
#4719=CARTESIAN_POINT('',(96.243524065602,52.1749441262336,-14.9374438029195));
#4720=CARTESIAN_POINT('',(96.5162117279042,51.994451315559,-14.9619782041292));
#4721=CARTESIAN_POINT('',(96.6455537613193,51.889149598513,-14.97130422119));
#4722=CARTESIAN_POINT('',(96.9936082582725,51.5435218366981,-14.9919012489283));
#4723=CARTESIAN_POINT('',(97.181461005196,51.2641405703846,-14.9965743481483));
#4724=CARTESIAN_POINT('',(97.3702094443946,50.8116730033845,-14.9994845411392));
#4725=CARTESIAN_POINT('',(97.4187529415622,50.6533784326614,-14.9997781094663));
#4726=CARTESIAN_POINT('',(97.4836791873369,50.3295555536964,-15.0000315000192));
#4727=CARTESIAN_POINT('',(97.5,50.1657402197705,-15.0));
#4728=CARTESIAN_POINT('',(97.5,50.0,-15.0));
#4729=CARTESIAN_POINT('',(97.5,50.0,-22.5));
#4730=CARTESIAN_POINT('',(95.0,52.5,-22.3431348329844));
#4731=CARTESIAN_POINT('',(97.5,50.0,-22.5));
#4732=CARTESIAN_POINT('',(97.4999999999999,50.1653291946864,-22.5));
#4733=CARTESIAN_POINT('',(97.4837612481607,50.3278932914961,-22.500018710732));
#4734=CARTESIAN_POINT('',(97.4201335545296,50.6477171656772,-22.4998658364895));
#4735=CARTESIAN_POINT('',(97.3719693477616,50.8066376853143,-22.4996890003649));
#4736=CARTESIAN_POINT('',(97.2462458542175,51.1096316976818,-22.4984889627373));
#4737=CARTESIAN_POINT('',(97.1693119770274,51.2533274796217,-22.497472546059));
#4738=CARTESIAN_POINT('',(96.98755249011,51.5252472992623,-22.4936404976314));
#4739=CARTESIAN_POINT('',(96.8817717377958,51.6539543512067,-22.490776599316));
#4740=CARTESIAN_POINT('',(96.6507976797025,51.884541559566,-22.4822974316556));
#4741=CARTESIAN_POINT('',(96.5247988080937,51.9879679242134,-22.4766798147215));
#4742=CARTESIAN_POINT('',(96.2513335137991,52.1705281177881,-22.4614524970212));
#4743=CARTESIAN_POINT('',(96.1058893232901,52.2479853439308,-22.4519211616528));
#4744=CARTESIAN_POINT('',(95.6552172543605,52.4344214009014,-22.4170175252295));
#4745=CARTESIAN_POINT('',(95.3280563594489,52.5,-22.3844660493232));
#4746=CARTESIAN_POINT('',(95.0,52.5,-22.3431348329844));
#4747=CARTESIAN_POINT('',(97.5,50.0,-22.5));
#4748=VECTOR('',#6213,1.0);
#4749=CARTESIAN_POINT('',(95.0,52.5,-15.0));
#4750=VECTOR('',#6214,1.0);
#4751=CARTESIAN_POINT('',(97.5,50.0,-85.0));
#4752=CARTESIAN_POINT('',(95.0,52.5,-85.2525512860841));
#4753=CARTESIAN_POINT('',(97.5,50.0,-85.0));
#4754=CARTESIAN_POINT('',(97.5,50.165745154668,-85.0));
#4755=CARTESIAN_POINT('',(97.4836802084536,50.3287120525765,-84.9999697604653));
#4756=CARTESIAN_POINT('',(97.4197330546659,50.6493157440955,-85.0002168201858));
#4757=CARTESIAN_POINT('',(97.37131851648,50.8086281885818,-85.0005027533212));
#4758=CARTESIAN_POINT('',(97.2449950581883,51.1122177137055,-85.0024417255376));
#4759=CARTESIAN_POINT('',(97.1676974442433,51.256171777644,-85.004083782496));
#4760=CARTESIAN_POINT('',(96.985077433411,51.5285114746349,-85.0102761498158));
#4761=CARTESIAN_POINT('',(96.8788300756019,51.6573240487466,-85.0149036542326));
#4762=CARTESIAN_POINT('',(96.6470029218177,51.8878842207783,-85.02859755991));
#4763=CARTESIAN_POINT('',(96.5205837918269,51.9912108986836,-85.0376690348304));
#4764=CARTESIAN_POINT('',(96.2463721185979,52.1733965245635,-85.0622604011328));
#4765=CARTESIAN_POINT('',(96.1008822796594,52.2504238457068,-85.0776266511877));
#4766=CARTESIAN_POINT('',(95.6504984602514,52.4356208385513,-85.1338807985254));
#4767=CARTESIAN_POINT('',(95.3247707824937,52.5,-85.1862577277113));
#4768=CARTESIAN_POINT('',(95.0,52.5,-85.2525512860841));
#4769=CARTESIAN_POINT('',(97.5,50.0,-77.5));
#4770=CARTESIAN_POINT('',(97.5,50.0,-85.0));
#4771=VECTOR('',#6215,1.0);
#4772=CARTESIAN_POINT('',(95.0,52.5,-77.6568651670155));
#4773=CARTESIAN_POINT('',(95.0,52.5,-77.6568651670155));
#4774=CARTESIAN_POINT('',(95.1640183440822,52.5,-77.6362007980206));
#4775=CARTESIAN_POINT('',(95.3255800858015,52.4840134104632,-77.6179102413269));
#4776=CARTESIAN_POINT('',(95.6439211976298,52.4210928331798,-77.5856693154254));
#4777=CARTESIAN_POINT('',(95.8023705357733,52.3733866661411,-77.5716016538601));
#4778=CARTESIAN_POINT('',(96.1048198577357,52.2485852942787,-77.5481459806144));
#4779=CARTESIAN_POINT('',(96.248442436876,52.1721140982717,-77.5387333861796));
#4780=CARTESIAN_POINT('',(96.5204969732716,51.9911748111041,-77.5235354734011));
#4781=CARTESIAN_POINT('',(96.6494082971425,51.8857584957182,-77.5177611339871));
#4782=CARTESIAN_POINT('',(96.8805643232862,51.655327961716,-77.5092602491608));
#4783=CARTESIAN_POINT('',(96.9843625916116,51.529509182614,-77.5064377519764));
#4784=CARTESIAN_POINT('',(97.1677694881638,51.2561324296721,-77.5025492577297));
#4785=CARTESIAN_POINT('',(97.2456459315718,51.1106936791016,-77.5015194735954));
#4786=CARTESIAN_POINT('',(97.4334516063661,50.6592250561077,-77.4997187834837));
#4787=CARTESIAN_POINT('',(97.5,50.3306540953229,-77.5));
#4788=CARTESIAN_POINT('',(97.5,50.0,-77.5));
#4789=CARTESIAN_POINT('',(95.0,52.5,-77.5));
#4790=VECTOR('',#6216,1.0);
#4791=CARTESIAN_POINT('',(85.0,50.0,-97.5));
#4792=CARTESIAN_POINT('',(85.0,62.5,-97.5));
#4793=CARTESIAN_POINT('',(85.0,52.5,-97.5));
#4794=VECTOR('',#6217,1.0);
#4795=CARTESIAN_POINT('',(86.5341439002693,62.5,-91.5));
#4796=AXIS2_PLACEMENT_3D('',#6218,#6219,#6220);
#4797=CARTESIAN_POINT('',(86.5341439002693,55.0,-91.5));
#4798=CARTESIAN_POINT('',(86.5341439002693,62.5,-91.5));
#4799=VECTOR('',#6221,1.0);
#4800=CARTESIAN_POINT('',(91.0,55.0,-86.8229217479687));
#4801=AXIS2_PLACEMENT_3D('',#6222,#6223,#6224);
#4802=CARTESIAN_POINT('',(91.0,62.5,-86.8229217479687));
#4803=CARTESIAN_POINT('',(91.0,62.5,-86.8229217479687));
#4804=VECTOR('',#6225,1.0);
#4805=CARTESIAN_POINT('',(97.5,62.5,-85.0));
#4806=AXIS2_PLACEMENT_3D('',#6226,#6227,#6228);
#4807=CARTESIAN_POINT('',(97.5,52.5,-85.0));
#4808=VECTOR('',#6229,1.0);
#4809=CARTESIAN_POINT('',(85.2525512860841,52.5,-95.0));
#4810=AXIS2_PLACEMENT_3D('',#6230,#6231,#6232);
#4811=CARTESIAN_POINT('',(85.2525512860841,52.5,-95.0));
#4812=CARTESIAN_POINT('',(85.2194093366593,52.5,-95.1623617303436));
#4813=CARTESIAN_POINT('',(85.1900332990255,52.4843290516808,-95.322736447061));
#4814=CARTESIAN_POINT('',(85.1381919362855,52.4222073983908,-95.6395005633053));
#4815=CARTESIAN_POINT('',(85.1155347223632,52.374977749002,-95.7975887636801));
#4816=CARTESIAN_POINT('',(85.0777410551631,52.2510422176383,-96.0997618281307));
#4817=CARTESIAN_POINT('',(85.0625561970804,52.1749441262336,-96.243524065602));
#4818=CARTESIAN_POINT('',(85.0380217958708,51.994451315559,-96.5162117279042));
#4819=CARTESIAN_POINT('',(85.02869577881,51.889149598513,-96.6455537613194));
#4820=CARTESIAN_POINT('',(85.0080987510716,51.5435218366981,-96.9936082582725));
#4821=CARTESIAN_POINT('',(85.0034256518516,51.2641405703846,-97.181461005196));
#4822=CARTESIAN_POINT('',(85.0005154588608,50.8116730033845,-97.3702094443946));
#4823=CARTESIAN_POINT('',(85.0002218905336,50.6533784326615,-97.4187529415622));
#4824=CARTESIAN_POINT('',(84.9999684999808,50.3295555536964,-97.483679187337));
#4825=CARTESIAN_POINT('',(85.0,50.1657402197705,-97.5));
#4826=CARTESIAN_POINT('',(85.0,50.0,-97.5));
#4827=CARTESIAN_POINT('',(77.5,50.0,-97.5));
#4828=CARTESIAN_POINT('',(77.6568651670155,52.5,-95.0));
#4829=CARTESIAN_POINT('',(77.5,50.0,-97.5));
#4830=CARTESIAN_POINT('',(77.5,50.1653291946864,-97.5));
#4831=CARTESIAN_POINT('',(77.499981289268,50.3278932914961,-97.4837612481607));
#4832=CARTESIAN_POINT('',(77.5001341635105,50.6477171656772,-97.4201335545296));
#4833=CARTESIAN_POINT('',(77.5003109996351,50.8066376853143,-97.3719693477616));
#4834=CARTESIAN_POINT('',(77.5015110372626,51.1096316976818,-97.2462458542175));
#4835=CARTESIAN_POINT('',(77.502527453941,51.2533274796217,-97.1693119770274));
#4836=CARTESIAN_POINT('',(77.5063595023685,51.5252472992623,-96.98755249011));
#4837=CARTESIAN_POINT('',(77.5092234006839,51.6539543512067,-96.8817717377958));
#4838=CARTESIAN_POINT('',(77.5177025683444,51.884541559566,-96.6507976797025));
#4839=CARTESIAN_POINT('',(77.5233201852785,51.9879679242134,-96.5247988080937));
#4840=CARTESIAN_POINT('',(77.5385475029788,52.1705281177881,-96.2513335137991));
#4841=CARTESIAN_POINT('',(77.5480788383471,52.2479853439308,-96.1058893232901));
#4842=CARTESIAN_POINT('',(77.5829824747704,52.4344214009015,-95.6552172543605));
#4843=CARTESIAN_POINT('',(77.6155339506767,52.5,-95.3280563594489));
#4844=CARTESIAN_POINT('',(77.6568651670155,52.5,-95.0));
#4845=CARTESIAN_POINT('',(77.5,50.0,-97.5));
#4846=VECTOR('',#6233,1.0);
#4847=CARTESIAN_POINT('',(85.0,52.5,-95.0));
#4848=VECTOR('',#6234,1.0);
#4849=CARTESIAN_POINT('',(15.0,50.0,-97.5));
#4850=CARTESIAN_POINT('',(14.7474487139159,52.5,-95.0));
#4851=CARTESIAN_POINT('',(15.0,50.0,-97.5));
#4852=CARTESIAN_POINT('',(15.0,50.165745154668,-97.5));
#4853=CARTESIAN_POINT('',(15.0000302395347,50.3287120525765,-97.4836802084536));
#4854=CARTESIAN_POINT('',(14.9997831798142,50.6493157440955,-97.4197330546659));
#4855=CARTESIAN_POINT('',(14.9994972466788,50.8086281885818,-97.37131851648));
#4856=CARTESIAN_POINT('',(14.9975582744624,51.1122177137054,-97.2449950581882));
#4857=CARTESIAN_POINT('',(14.995916217504,51.256171777644,-97.1676974442433));
#4858=CARTESIAN_POINT('',(14.9897238501842,51.5285114746349,-96.985077433411));
#4859=CARTESIAN_POINT('',(14.9850963457674,51.6573240487466,-96.8788300756018));
#4860=CARTESIAN_POINT('',(14.97140244009,51.8878842207783,-96.6470029218177));
#4861=CARTESIAN_POINT('',(14.9623309651696,51.9912108986836,-96.5205837918269));
#4862=CARTESIAN_POINT('',(14.9377395988672,52.1733965245635,-96.2463721185979));
#4863=CARTESIAN_POINT('',(14.9223733488123,52.2504238457068,-96.1008822796594));
#4864=CARTESIAN_POINT('',(14.8661192014746,52.4356208385513,-95.6504984602514));
#4865=CARTESIAN_POINT('',(14.8137422722887,52.5,-95.3247707824937));
#4866=CARTESIAN_POINT('',(14.7474487139159,52.5,-95.0));
#4867=CARTESIAN_POINT('',(22.5,50.0,-97.5));
#4868=CARTESIAN_POINT('',(15.0,50.0,-97.5));
#4869=VECTOR('',#6235,1.0);
#4870=CARTESIAN_POINT('',(22.3431348329844,52.5,-95.0));
#4871=CARTESIAN_POINT('',(22.3431348329844,52.5,-95.0));
#4872=CARTESIAN_POINT('',(22.3637992019794,52.5,-95.1640183440822));
#4873=CARTESIAN_POINT('',(22.382089758673,52.4840134104632,-95.3255800858015));
#4874=CARTESIAN_POINT('',(22.4143306845745,52.4210928331798,-95.6439211976298));
#4875=CARTESIAN_POINT('',(22.4283983461398,52.3733866661411,-95.8023705357733));
#4876=CARTESIAN_POINT('',(22.4518540193855,52.2485852942787,-96.1048198577357));
#4877=CARTESIAN_POINT('',(22.4612666138203,52.1721140982717,-96.248442436876));
#4878=CARTESIAN_POINT('',(22.4764645265988,51.9911748111042,-96.5204969732716));
#4879=CARTESIAN_POINT('',(22.4822388660128,51.8857584957182,-96.6494082971425));
#4880=CARTESIAN_POINT('',(22.4907397508391,51.655327961716,-96.8805643232862));
#4881=CARTESIAN_POINT('',(22.4935622480235,51.529509182614,-96.9843625916116));
#4882=CARTESIAN_POINT('',(22.4974507422703,51.2561324296721,-97.1677694881638));
#4883=CARTESIAN_POINT('',(22.4984805264045,51.1106936791016,-97.2456459315718));
#4884=CARTESIAN_POINT('',(22.5002812165163,50.6592250561077,-97.4334516063661));
#4885=CARTESIAN_POINT('',(22.5,50.3306540953229,-97.5));
#4886=CARTESIAN_POINT('',(22.5,50.0,-97.5));
#4887=CARTESIAN_POINT('',(22.5,52.5,-95.0));
#4888=VECTOR('',#6236,1.0);
#4889=CARTESIAN_POINT('',(13.4658560997306,55.0,-91.5));
#4890=CARTESIAN_POINT('',(8.99999999999995,55.0,-86.8229217479686));
#4891=AXIS2_PLACEMENT_3D('',#6237,#6238,#6239);
#4892=CARTESIAN_POINT('',(13.4658560997306,62.5,-91.5));
#4893=CARTESIAN_POINT('',(13.4658560997306,62.5,-91.5));
#4894=VECTOR('',#6240,1.0);
#4895=CARTESIAN_POINT('',(15.0,62.5,-97.5));
#4896=AXIS2_PLACEMENT_3D('',#6241,#6242,#6243);
#4897=CARTESIAN_POINT('',(15.0,52.5,-97.5));
#4898=VECTOR('',#6244,1.0);
#4899=CARTESIAN_POINT('',(4.99999999999996,52.5,-85.2525512860841));
#4900=AXIS2_PLACEMENT_3D('',#6245,#6246,#6247);
#4901=CARTESIAN_POINT('',(2.49999999999996,50.0,-85.0));
#4902=CARTESIAN_POINT('',(4.99999999999996,52.5,-85.2525512860841));
#4903=CARTESIAN_POINT('',(4.83763826965635,52.5,-85.2194093366593));
#4904=CARTESIAN_POINT('',(4.67726355293891,52.4843290516808,-85.1900332990255));
#4905=CARTESIAN_POINT('',(4.36049943669465,52.4222073983908,-85.1381919362855));
#4906=CARTESIAN_POINT('',(4.20241123631983,52.374977749002,-85.1155347223632));
#4907=CARTESIAN_POINT('',(3.90023817186931,52.2510422176384,-85.0777410551631));
#4908=CARTESIAN_POINT('',(3.75647593439796,52.1749441262336,-85.0625561970804));
#4909=CARTESIAN_POINT('',(3.48378827209573,51.994451315559,-85.0380217958708));
#4910=CARTESIAN_POINT('',(3.35444623868058,51.889149598513,-85.02869577881));
#4911=CARTESIAN_POINT('',(3.00639174172746,51.5435218366981,-85.0080987510717));
#4912=CARTESIAN_POINT('',(2.81853899480395,51.2641405703846,-85.0034256518516));
#4913=CARTESIAN_POINT('',(2.62979055560531,50.8116730033845,-85.0005154588608));
#4914=CARTESIAN_POINT('',(2.58124705843777,50.6533784326614,-85.0002218905336));
#4915=CARTESIAN_POINT('',(2.51632081266301,50.3295555536965,-84.9999684999807));
#4916=CARTESIAN_POINT('',(2.49999999999996,50.1657402197705,-85.0));
#4917=CARTESIAN_POINT('',(2.49999999999996,50.0,-85.0));
#4918=CARTESIAN_POINT('',(2.49999999999996,62.5,-85.0));
#4919=CARTESIAN_POINT('',(2.49999999999998,52.5,-85.0));
#4920=VECTOR('',#6248,1.0);
#4921=CARTESIAN_POINT('',(8.99999999999995,62.5,-86.8229217479686));
#4922=AXIS2_PLACEMENT_3D('',#6249,#6250,#6251);
#4923=CARTESIAN_POINT('',(8.99999999999995,62.5,-86.8229217479686));
#4924=VECTOR('',#6252,1.0);
#4925=CARTESIAN_POINT('',(8.99999999999996,55.0,-21.4142803193777));
#4926=CARTESIAN_POINT('',(8.99999999999995,55.0,-78.5857196806222));
#4927=CARTESIAN_POINT('',(8.99999999999996,55.0,-8.49999999999999));
#4928=VECTOR('',#6253,1.0);
#4929=CARTESIAN_POINT('',(8.99999999999995,52.5,-78.5857196806222));
#4930=CARTESIAN_POINT('',(8.99999999999995,52.5,-78.5857196806222));
#4931=VECTOR('',#6254,1.0);
#4932=CARTESIAN_POINT('',(8.99999999999996,52.5,-21.4142803193777));
#4933=CARTESIAN_POINT('',(8.99999999999996,52.5,-8.49999999999999));
#4934=VECTOR('',#6255,1.0);
#4935=CARTESIAN_POINT('',(8.99999999999996,52.5,-21.4142803193777));
#4936=VECTOR('',#6256,1.0);
#4937=CARTESIAN_POINT('',(21.5787840283389,55.0,-91.5));
#4938=CARTESIAN_POINT('',(78.4212159716611,55.0,-91.5));
#4939=CARTESIAN_POINT('',(50.0,55.0,-91.5));
#4940=VECTOR('',#6257,1.0);
#4941=CARTESIAN_POINT('',(78.4212159716611,52.5,-91.5));
#4942=CARTESIAN_POINT('',(78.4212159716611,52.5,-91.5));
#4943=VECTOR('',#6258,1.0);
#4944=CARTESIAN_POINT('',(21.5787840283389,52.5,-91.5));
#4945=CARTESIAN_POINT('',(50.0,52.5,-91.5));
#4946=VECTOR('',#6259,1.0);
#4947=CARTESIAN_POINT('',(21.5787840283389,52.5,-91.5));
#4948=VECTOR('',#6260,1.0);
#4949=CARTESIAN_POINT('',(91.0,55.0,-78.5857196806222));
#4950=CARTESIAN_POINT('',(91.0,55.0,-21.4142803193777));
#4951=CARTESIAN_POINT('',(91.0,55.0,-50.0));
#4952=VECTOR('',#6261,1.0);
#4953=CARTESIAN_POINT('',(91.0,52.5,-21.4142803193777));
#4954=CARTESIAN_POINT('',(91.0,52.5,-21.4142803193777));
#4955=VECTOR('',#6262,1.0);
#4956=CARTESIAN_POINT('',(91.0,52.5,-78.5857196806222));
#4957=CARTESIAN_POINT('',(91.0,52.5,-50.0));
#4958=VECTOR('',#6263,1.0);
#4959=CARTESIAN_POINT('',(91.0,52.5,-78.5857196806222));
#4960=VECTOR('',#6264,1.0);
#4961=CARTESIAN_POINT('',(97.5,62.5,-77.5));
#4962=CARTESIAN_POINT('',(97.5,52.5,-77.5));
#4963=VECTOR('',#6265,1.0);
#4964=CARTESIAN_POINT('',(91.0,62.5,-78.5857196806222));
#4965=AXIS2_PLACEMENT_3D('',#6266,#6267,#6268);
#4966=CARTESIAN_POINT('',(91.0,62.5,-78.5857196806222));
#4967=VECTOR('',#6269,1.0);
#4968=AXIS2_PLACEMENT_3D('',#6270,#6271,#6272);
#4969=CARTESIAN_POINT('',(91.0,62.5,-21.4142803193777));
#4970=CARTESIAN_POINT('',(91.0,62.5,-21.4142803193777));
#4971=VECTOR('',#6273,1.0);
#4972=CARTESIAN_POINT('',(97.5,62.5,-22.5));
#4973=AXIS2_PLACEMENT_3D('',#6274,#6275,#6276);
#4974=CARTESIAN_POINT('',(97.5,52.5,-22.5));
#4975=VECTOR('',#6277,1.0);
#4976=AXIS2_PLACEMENT_3D('',#6278,#6279,#6280);
#4977=CARTESIAN_POINT('',(2.49999999999998,50.0,-22.5));
#4978=CARTESIAN_POINT('',(2.49999999999998,62.5,-22.5));
#4979=CARTESIAN_POINT('',(2.49999999999999,52.5,-22.5));
#4980=VECTOR('',#6281,1.0);
#4981=CARTESIAN_POINT('',(2.49999999999999,50.0,-15.0));
#4982=CARTESIAN_POINT('',(2.49999999999998,50.0,-15.0));
#4983=VECTOR('',#6282,1.0);
#4984=CARTESIAN_POINT('',(2.49999999999999,62.5,-15.0));
#4985=CARTESIAN_POINT('',(2.49999999999999,52.5,-15.0));
#4986=VECTOR('',#6283,1.0);
#4987=CARTESIAN_POINT('',(2.49999999999999,62.5,-2.49999999999999));
#4988=VECTOR('',#6284,1.0);
#4989=CARTESIAN_POINT('',(2.49999999999997,13.9,-56.6749999999999));
#4990=CARTESIAN_POINT('',(2.49999999999997,32.65,-56.675));
#4991=CARTESIAN_POINT('',(2.49999999999994,16.4,-56.6749999999999));
#4992=VECTOR('',#6285,1.0);
#4993=CARTESIAN_POINT('',(2.49999999999995,13.9,-43.3249999999995));
#4994=CARTESIAN_POINT('',(2.49999999999997,13.9,-43.3249999999995));
#4995=VECTOR('',#6286,1.0);
#4996=CARTESIAN_POINT('',(2.49999999999995,32.65,-43.3249999999995));
#4997=CARTESIAN_POINT('',(2.49999999999995,16.4,-43.3249999999995));
#4998=VECTOR('',#6287,1.0);
#4999=CARTESIAN_POINT('',(2.49999999999999,32.65,-2.5));
#5000=VECTOR('',#6288,1.0);
#5001=CARTESIAN_POINT('',(2.49999999999999,50.0,-77.5));
#5002=CARTESIAN_POINT('',(2.49999999999996,50.0,-77.5));
#5003=VECTOR('',#6289,1.0);
#5004=CARTESIAN_POINT('',(2.49999999999999,62.5,-77.5));
#5005=CARTESIAN_POINT('',(2.49999999999999,52.5,-77.5));
#5006=VECTOR('',#6290,1.0);
#5007=CARTESIAN_POINT('',(2.49999999999999,62.5,-2.49999999999999));
#5008=VECTOR('',#6291,1.0);
#5009=CARTESIAN_POINT('',(2.49999999999996,80.0000000000001,-90.0));
#5010=CARTESIAN_POINT('',(2.49999999999999,80.0,-9.99999999999997));
#5011=CARTESIAN_POINT('',(2.49999999999999,80.0,-2.5));
#5012=VECTOR('',#6292,1.0);
#5013=CARTESIAN_POINT('',(2.49999999999996,75.0000000000001,-95.0));
#5014=AXIS2_PLACEMENT_3D('',#6293,#6294,#6295);
#5015=CARTESIAN_POINT('',(2.49999999999996,90.0,-95.0));
#5016=CARTESIAN_POINT('',(2.49999999999996,90.0,-95.0));
#5017=VECTOR('',#6296,1.0);
#5018=CARTESIAN_POINT('',(2.49999999999999,90.0,-2.49999999999999));
#5019=CARTESIAN_POINT('',(2.49999999999999,90.0,-2.49999999999999));
#5020=VECTOR('',#6297,1.0);
#5021=CARTESIAN_POINT('',(2.49999999999999,2.50000000000003,-2.49999999999999));
#5022=CARTESIAN_POINT('',(2.49999999999999,90.0,-2.49999999999999));
#5023=VECTOR('',#6298,1.0);
#5024=CARTESIAN_POINT('',(2.49999999999996,2.5,-95.0));
#5025=CARTESIAN_POINT('',(2.49999999999999,2.5,-2.49999999999999));
#5026=VECTOR('',#6299,1.0);
#5027=CARTESIAN_POINT('',(2.49999999999996,90.0,-95.0));
#5028=VECTOR('',#6300,1.0);
#5029=CARTESIAN_POINT('',(2.49999999999996,70.0000000000001,-90.0));
#5030=AXIS2_PLACEMENT_3D('',#6301,#6302,#6303);
#5031=CARTESIAN_POINT('',(2.49999999999999,70.0,-9.99999999999998));
#5032=CARTESIAN_POINT('',(2.49999999999999,70.0,-2.5));
#5033=VECTOR('',#6304,1.0);
#5034=CARTESIAN_POINT('',(2.49999999999999,75.0,-4.99999999999998));
#5035=AXIS2_PLACEMENT_3D('',#6305,#6306,#6307);
#5036=AXIS2_PLACEMENT_3D('',#6308,#6309,#6310);
#5037=CARTESIAN_POINT('',(97.5,62.5,-97.5));
#5038=VECTOR('',#6311,1.0);
#5039=CARTESIAN_POINT('',(97.5,13.9,-43.3249999999995));
#5040=CARTESIAN_POINT('',(97.5,32.65,-43.3249999999991));
#5041=CARTESIAN_POINT('',(97.5,16.4,-43.3249999999995));
#5042=VECTOR('',#6312,1.0);
#5043=CARTESIAN_POINT('',(97.5,13.9,-56.6749999999999));
#5044=CARTESIAN_POINT('',(97.5,13.9,-56.6749999999999));
#5045=VECTOR('',#6313,1.0);
#5046=CARTESIAN_POINT('',(97.5,32.65,-56.6749999999999));
#5047=CARTESIAN_POINT('',(97.5,16.4,-56.6749999999999));
#5048=VECTOR('',#6314,1.0);
#5049=CARTESIAN_POINT('',(97.5,32.65,-97.5));
#5050=VECTOR('',#6315,1.0);
#5051=CARTESIAN_POINT('',(97.5,62.5,-97.5));
#5052=VECTOR('',#6316,1.0);
#5053=CARTESIAN_POINT('',(97.5,80.0,-9.99999999999998));
#5054=CARTESIAN_POINT('',(97.5,75.0,-4.99999999999998));
#5055=AXIS2_PLACEMENT_3D('',#6317,#6318,#6319);
#5056=CARTESIAN_POINT('',(97.5,70.0,-9.99999999999998));
#5057=AXIS2_PLACEMENT_3D('',#6320,#6321,#6322);
#5058=CARTESIAN_POINT('',(97.5,70.0000000000001,-90.0));
#5059=CARTESIAN_POINT('',(97.5,70.0000000000001,-97.5));
#5060=VECTOR('',#6323,1.0);
#5061=CARTESIAN_POINT('',(97.5,75.0000000000001,-95.0));
#5062=AXIS2_PLACEMENT_3D('',#6324,#6325,#6326);
#5063=CARTESIAN_POINT('',(97.5,2.5,-95.0));
#5064=CARTESIAN_POINT('',(97.5,0.0,-95.0));
#5065=VECTOR('',#6327,1.0);
#5066=CARTESIAN_POINT('',(97.5,2.50000000000003,-2.49999999999999));
#5067=CARTESIAN_POINT('',(97.5,2.5,-97.5));
#5068=VECTOR('',#6328,1.0);
#5069=CARTESIAN_POINT('',(97.5,90.0,-2.49999999999999));
#5070=CARTESIAN_POINT('',(97.5,90.0,-2.49999999999999));
#5071=VECTOR('',#6329,1.0);
#5072=CARTESIAN_POINT('',(97.5,90.0,-95.0));
#5073=CARTESIAN_POINT('',(97.5,90.0,-97.5));
#5074=VECTOR('',#6330,1.0);
#5075=CARTESIAN_POINT('',(97.5,0.0,-95.0));
#5076=VECTOR('',#6331,1.0);
#5077=CARTESIAN_POINT('',(97.5,80.0000000000001,-90.0));
#5078=AXIS2_PLACEMENT_3D('',#6332,#6333,#6334);
#5079=CARTESIAN_POINT('',(97.5,80.0000000000001,-97.5));
#5080=VECTOR('',#6335,1.0);
#5081=CARTESIAN_POINT('',(61.0,66.0,-2.49999999999999));
#5082=CARTESIAN_POINT('',(85.0,66.0,-2.49999999999999));
#5083=CARTESIAN_POINT('',(97.5,66.0,-2.49999999999999));
#5084=VECTOR('',#6336,1.0);
#5085=CARTESIAN_POINT('',(86.0,67.0,-2.49999999999999));
#5086=AXIS2_PLACEMENT_3D('',#6337,#6338,#6339);
#5087=CARTESIAN_POINT('',(86.0,74.0,-2.49999999999999));
#5088=CARTESIAN_POINT('',(86.0,90.0,-2.49999999999999));
#5089=VECTOR('',#6340,1.0);
#5090=CARTESIAN_POINT('',(85.0,75.0,-2.49999999999999));
#5091=AXIS2_PLACEMENT_3D('',#6341,#6342,#6343);
#5092=CARTESIAN_POINT('',(61.0,75.0,-2.49999999999999));
#5093=CARTESIAN_POINT('',(97.5,75.0,-2.49999999999999));
#5094=VECTOR('',#6344,1.0);
#5095=CARTESIAN_POINT('',(60.0,74.0,-2.49999999999999));
#5096=AXIS2_PLACEMENT_3D('',#6345,#6346,#6347);
#5097=CARTESIAN_POINT('',(60.0,67.0,-2.49999999999999));
#5098=CARTESIAN_POINT('',(60.0,90.0,-2.49999999999999));
#5099=VECTOR('',#6348,1.0);
#5100=AXIS2_PLACEMENT_3D('',#6349,#6350,#6351);
#5101=CARTESIAN_POINT('',(12.6,75.0,-2.49999999999999));
#5102=AXIS2_PLACEMENT_3D('',#6352,#6353,#6354);
#5103=CARTESIAN_POINT('',(92.6,75.0,-2.49999999999999));
#5104=AXIS2_PLACEMENT_3D('',#6355,#6356,#6357);
#5105=CARTESIAN_POINT('',(77.5,50.0,-2.49999999999999));
#5106=CARTESIAN_POINT('',(77.5,62.5,-2.49999999999999));
#5107=CARTESIAN_POINT('',(77.5,52.5,-2.49999999999998));
#5108=VECTOR('',#6358,1.0);
#5109=CARTESIAN_POINT('',(85.0,50.0,-2.49999999999999));
#5110=VECTOR('',#6359,1.0);
#5111=CARTESIAN_POINT('',(97.5,62.5,-2.49999999999998));
#5112=VECTOR('',#6360,1.0);
#5113=CARTESIAN_POINT('',(95.0,0.0,-2.49999999999999));
#5114=AXIS2_PLACEMENT_3D('',#6361,#6362,#6363);
#5115=CARTESIAN_POINT('',(82.6131400333574,0.0,-2.49999999999999));
#5116=CARTESIAN_POINT('',(97.5,0.0,-2.49999999999999));
#5117=VECTOR('',#6364,1.0);
#5118=CARTESIAN_POINT('',(92.5,8.49999999999999,-2.49999999999999));
#5119=AXIS2_PLACEMENT_3D('',#6365,#6366,#6367);
#5120=CARTESIAN_POINT('',(7.49999999999998,8.49999999999999,-2.49999999999999));
#5121=AXIS2_PLACEMENT_3D('',#6368,#6369,#6370);
#5122=CARTESIAN_POINT('',(17.3868599666426,0.0,-2.49999999999999));
#5123=AXIS2_PLACEMENT_3D('',#6371,#6372,#6373);
#5124=CARTESIAN_POINT('',(4.99999999999999,0.0,-2.49999999999999));
#5125=CARTESIAN_POINT('',(97.5,0.0,-2.49999999999999));
#5126=VECTOR('',#6374,1.0);
#5127=AXIS2_PLACEMENT_3D('',#6375,#6376,#6377);
#5128=CARTESIAN_POINT('',(97.5,90.0,-2.49999999999999));
#5129=VECTOR('',#6378,1.0);
#5130=CARTESIAN_POINT('',(15.0,62.5,-2.49999999999999));
#5131=CARTESIAN_POINT('',(15.0,52.5,-2.49999999999999));
#5132=VECTOR('',#6379,1.0);
#5133=CARTESIAN_POINT('',(97.5,62.5,-2.49999999999998));
#5134=VECTOR('',#6380,1.0);
#5135=CARTESIAN_POINT('',(56.0,-2.50000000000001,-8.49999999999999));
#5136=AXIS2_PLACEMENT_3D('',#6381,#6382,#6383);
#5137=CARTESIAN_POINT('',(12.5,-2.50000000000001,-7.49999999999999));
#5138=CARTESIAN_POINT('',(7.49999999999999,-2.50000000000001,-7.49999999999999));
#5139=CARTESIAN_POINT('',(12.5,-2.50000000000001,-7.49999999999999));
#5140=VECTOR('',#6384,1.0);
#5141=CARTESIAN_POINT('',(12.5,-2.50000000000001,-12.5));
#5142=CARTESIAN_POINT('',(12.5,-2.50000000000001,-12.5));
#5143=VECTOR('',#6385,1.0);
#5144=CARTESIAN_POINT('',(7.49999999999999,-2.50000000000001,-12.5));
#5145=CARTESIAN_POINT('',(7.49999999999999,-2.50000000000001,-12.5));
#5146=VECTOR('',#6386,1.0);
#5147=CARTESIAN_POINT('',(7.49999999999999,-2.50000000000001,-7.49999999999999));
#5148=VECTOR('',#6387,1.0);
#5149=CARTESIAN_POINT('',(4.99999999999998,-2.50000000000001,-97.5));
#5150=CARTESIAN_POINT('',(50.0,-2.50000000000001,-97.5));
#5151=CARTESIAN_POINT('',(0.0,-2.50000000000001,-97.5));
#5152=VECTOR('',#6388,1.0);
#5153=AXIS2_PLACEMENT_3D('',#6389,#6390,#6391);
#5154=CARTESIAN_POINT('',(95.0,-2.50000000000001,-97.5));
#5155=CARTESIAN_POINT('',(0.0,-2.50000000000001,-97.5));
#5156=VECTOR('',#6392,1.0);
#5157=CARTESIAN_POINT('',(97.5,-2.50000000000001,-95.0));
#5158=AXIS2_PLACEMENT_3D('',#6393,#6394,#6395);
#5159=CARTESIAN_POINT('',(97.5,-2.50000000000001,-5.97015314584331E-16));
#5160=CARTESIAN_POINT('',(97.5,-2.50000000000001,0.0));
#5161=VECTOR('',#6396,1.0);
#5162=CARTESIAN_POINT('',(2.50000000000002,-2.50000000000001,-1.53080849893418E-17));
#5163=CARTESIAN_POINT('',(100.0,-2.50000000000001,-6.12323399573673E-16));
#5164=VECTOR('',#6397,1.0);
#5165=CARTESIAN_POINT('',(2.49999999999998,-2.50000000000001,-95.0));
#5166=CARTESIAN_POINT('',(2.50000000000001,-2.50000000000001,-8.14513917560312E-16));
#5167=VECTOR('',#6398,1.0);
#5168=AXIS2_PLACEMENT_3D('',#6399,#6400,#6401);
#5169=CARTESIAN_POINT('',(27.5,-2.50000000000001,-7.49999999999999));
#5170=CARTESIAN_POINT('',(22.5,-2.50000000000001,-7.49999999999999));
#5171=CARTESIAN_POINT('',(27.5,-2.50000000000001,-7.49999999999999));
#5172=VECTOR('',#6402,1.0);
#5173=CARTESIAN_POINT('',(27.5,-2.50000000000001,-12.5));
#5174=CARTESIAN_POINT('',(27.5,-2.50000000000001,-12.5));
#5175=VECTOR('',#6403,1.0);
#5176=CARTESIAN_POINT('',(22.5,-2.50000000000001,-12.5));
#5177=CARTESIAN_POINT('',(22.5,-2.50000000000001,-12.5));
#5178=VECTOR('',#6404,1.0);
#5179=CARTESIAN_POINT('',(22.5,-2.50000000000001,-7.49999999999999));
#5180=VECTOR('',#6405,1.0);
#5181=CARTESIAN_POINT('',(7.49999999999999,0.0,-12.5));
#5182=CARTESIAN_POINT('',(12.0,0.0,-12.5));
#5183=CARTESIAN_POINT('',(7.49999999999999,0.0,-12.5));
#5184=VECTOR('',#6406,1.0);
#5185=CARTESIAN_POINT('',(12.0,0.0,-18.0));
#5186=CARTESIAN_POINT('',(12.0,0.0,-17.5));
#5187=VECTOR('',#6407,1.0);
#5188=CARTESIAN_POINT('',(23.0,0.0,-18.0));
#5189=CARTESIAN_POINT('',(22.5,0.0,-18.0));
#5190=VECTOR('',#6408,1.0);
#5191=CARTESIAN_POINT('',(23.0,0.0,-12.5));
#5192=CARTESIAN_POINT('',(23.0,0.0,-12.5));
#5193=VECTOR('',#6409,1.0);
#5194=CARTESIAN_POINT('',(27.5,0.0,-12.5));
#5195=CARTESIAN_POINT('',(22.5,0.0,-12.5));
#5196=VECTOR('',#6410,1.0);
#5197=CARTESIAN_POINT('',(27.5,0.0,-7.49999999999999));
#5198=CARTESIAN_POINT('',(27.5,0.0,-12.5));
#5199=VECTOR('',#6411,1.0);
#5200=CARTESIAN_POINT('',(22.5,0.0,-7.49999999999999));
#5201=CARTESIAN_POINT('',(27.5,0.0,-7.49999999999999));
#5202=VECTOR('',#6412,1.0);
#5203=CARTESIAN_POINT('',(12.5,0.0,-7.49999999999999));
#5204=CARTESIAN_POINT('',(27.5,0.0,-7.49999999999999));
#5205=VECTOR('',#6413,1.0);
#5206=CARTESIAN_POINT('',(7.49999999999999,0.0,-7.49999999999999));
#5207=CARTESIAN_POINT('',(12.5,0.0,-7.49999999999999));
#5208=VECTOR('',#6414,1.0);
#5209=CARTESIAN_POINT('',(7.49999999999999,0.0,-7.49999999999999));
#5210=VECTOR('',#6415,1.0);
#5211=CARTESIAN_POINT('',(95.0,0.0,-95.0));
#5212=CARTESIAN_POINT('',(95.0,0.0,0.0));
#5213=VECTOR('',#6416,1.0);
#5214=CARTESIAN_POINT('',(4.99999999999996,0.0,-95.0));
#5215=CARTESIAN_POINT('',(0.0,0.0,-95.0));
#5216=VECTOR('',#6417,1.0);
#5217=CARTESIAN_POINT('',(4.99999999999999,0.0,-1.63611814155286E-15));
#5218=VECTOR('',#6418,1.0);
#5219=CARTESIAN_POINT('',(17.3868599666426,0.0,8.67361737988404E-16));
#5220=CARTESIAN_POINT('',(17.3868599666426,0.0,8.67361737988404E-16));
#5221=VECTOR('',#6419,1.0);
#5222=CARTESIAN_POINT('',(82.6131400333574,0.0,-5.05859587546812E-16));
#5223=CARTESIAN_POINT('',(97.5,0.0,6.93889390390723E-15));
#5224=VECTOR('',#6420,1.0);
#5225=CARTESIAN_POINT('',(82.6131400333574,0.0,5.63785129692462E-15));
#5226=VECTOR('',#6421,1.0);
#5227=CARTESIAN_POINT('',(30.0,0.0,-18.2));
#5228=CARTESIAN_POINT('',(29.9999999999999,0.0,-81.8));
#5229=CARTESIAN_POINT('',(29.9999999999999,0.0,-81.8));
#5230=VECTOR('',#6422,1.0);
#5231=CARTESIAN_POINT('',(70.0,0.0,-81.8));
#5232=CARTESIAN_POINT('',(32.4999999999999,0.0,-81.8));
#5233=VECTOR('',#6423,1.0);
#5234=CARTESIAN_POINT('',(70.0,0.0,-18.2));
#5235=CARTESIAN_POINT('',(70.0,0.0,-18.2));
#5236=VECTOR('',#6424,1.0);
#5237=CARTESIAN_POINT('',(67.5,0.0,-18.2));
#5238=VECTOR('',#6425,1.0);
#5239=CARTESIAN_POINT('',(-5.52297863918491E-15,24.975,-58.9651427748723));
#5240=AXIS2_PLACEMENT_3D('',#6426,#6427,#6428);
#5241=CARTESIAN_POINT('',(1.09527990449608E-14,80.0,-9.99999999999997));
#5242=CARTESIAN_POINT('',(-1.51116463169691E-14,80.0000000000001,-90.0));
#5243=CARTESIAN_POINT('',(1.4210854715202E-14,80.0,2.34479102800833E-14));
#5244=VECTOR('',#6429,1.0);
#5245=CARTESIAN_POINT('',(1.25818268800814E-14,75.0,-4.99999999999998));
#5246=AXIS2_PLACEMENT_3D('',#6430,#6431,#6432);
#5247=CARTESIAN_POINT('',(1.09527990449608E-14,70.0,-9.99999999999998));
#5248=AXIS2_PLACEMENT_3D('',#6433,#6434,#6435);
#5249=CARTESIAN_POINT('',(-1.5111646316969E-14,70.0000000000001,-90.0));
#5250=CARTESIAN_POINT('',(1.4210854715202E-14,70.0,2.06057393370429E-14));
#5251=VECTOR('',#6436,1.0);
#5252=CARTESIAN_POINT('',(-1.67406741520897E-14,75.0000000000001,-95.0));
#5253=AXIS2_PLACEMENT_3D('',#6437,#6438,#6439);
#5254=CARTESIAN_POINT('',(-1.67406741520897E-14,-6.07153216591882E-15,-95.0));
#5255=CARTESIAN_POINT('',(-1.67406741520897E-14,-2.50000000000001,-95.0));
#5256=VECTOR('',#6440,1.0);
#5257=CARTESIAN_POINT('',(1.4210854715202E-14,-6.07153216591882E-15,0.0));
#5258=CARTESIAN_POINT('',(1.4210854715202E-14,-6.07153216591882E-15,0.0));
#5259=VECTOR('',#6441,1.0);
#5260=CARTESIAN_POINT('',(1.4210854715202E-14,90.0,0.0));
#5261=CARTESIAN_POINT('',(1.4210854715202E-14,-2.50000000000001,0.0));
#5262=VECTOR('',#6442,1.0);
#5263=CARTESIAN_POINT('',(-1.67406741520897E-14,90.0,-95.0));
#5264=CARTESIAN_POINT('',(1.4210854715202E-14,90.0,0.0));
#5265=VECTOR('',#6443,1.0);
#5266=CARTESIAN_POINT('',(-1.67406741520897E-14,-2.50000000000001,-95.0));
#5267=VECTOR('',#6444,1.0);
#5268=AXIS2_PLACEMENT_3D('',#6445,#6446,#6447);
#5269=CARTESIAN_POINT('',(12.6,75.0,-100.0));
#5270=AXIS2_PLACEMENT_3D('',#6448,#6449,#6450);
#5271=CARTESIAN_POINT('',(92.6,75.0,-100.0));
#5272=AXIS2_PLACEMENT_3D('',#6451,#6452,#6453);
#5273=CARTESIAN_POINT('',(95.0,90.0,-100.0));
#5274=CARTESIAN_POINT('',(95.0,-6.07153216591882E-15,-100.0));
#5275=CARTESIAN_POINT('',(95.0,-2.50000000000001,-100.0));
#5276=VECTOR('',#6454,1.0);
#5277=CARTESIAN_POINT('',(4.99999999999998,-6.07153216591882E-15,-100.0));
#5278=CARTESIAN_POINT('',(-1.83697019872103E-14,-6.07153216591882E-15,-100.0));
#5279=VECTOR('',#6455,1.0);
#5280=CARTESIAN_POINT('',(4.99999999999998,90.0,-100.0));
#5281=CARTESIAN_POINT('',(4.99999999999998,-2.50000000000001,-100.0));
#5282=VECTOR('',#6456,1.0);
#5283=CARTESIAN_POINT('',(-1.83697019872103E-14,90.0,-100.0));
#5284=VECTOR('',#6457,1.0);
#5285=CARTESIAN_POINT('',(100.0,24.975,-41.0348572251264));
#5286=AXIS2_PLACEMENT_3D('',#6458,#6459,#6460);
#5287=CARTESIAN_POINT('',(100.0,70.0,-9.99999999999998));
#5288=CARTESIAN_POINT('',(100.0,70.0000000000001,-90.0));
#5289=CARTESIAN_POINT('',(100.0,70.0,1.28587913910472E-14));
#5290=VECTOR('',#6461,1.0);
#5291=CARTESIAN_POINT('',(100.0,75.0,-4.99999999999998));
#5292=AXIS2_PLACEMENT_3D('',#6462,#6463,#6464);
#5293=CARTESIAN_POINT('',(100.0,80.0,-9.99999999999997));
#5294=AXIS2_PLACEMENT_3D('',#6465,#6466,#6467);
#5295=CARTESIAN_POINT('',(100.0,80.0000000000001,-90.0));
#5296=CARTESIAN_POINT('',(100.0,80.0,1.46957615897682E-14));
#5297=VECTOR('',#6468,1.0);
#5298=CARTESIAN_POINT('',(100.0,75.0000000000001,-95.0));
#5299=AXIS2_PLACEMENT_3D('',#6469,#6470,#6471);
#5300=CARTESIAN_POINT('',(100.0,90.0,-95.0));
#5301=CARTESIAN_POINT('',(100.0,-2.50000000000001,-95.0));
#5302=VECTOR('',#6472,1.0);
#5303=CARTESIAN_POINT('',(100.0,90.0,0.0));
#5304=CARTESIAN_POINT('',(100.0,90.0,-100.0));
#5305=VECTOR('',#6473,1.0);
#5306=CARTESIAN_POINT('',(100.0,-6.07153216591882E-15,0.0));
#5307=CARTESIAN_POINT('',(100.0,-2.50000000000001,0.0));
#5308=VECTOR('',#6474,1.0);
#5309=CARTESIAN_POINT('',(100.0,-6.07153216591882E-15,-95.0));
#5310=CARTESIAN_POINT('',(100.0,-6.07153216591882E-15,-100.0));
#5311=VECTOR('',#6475,1.0);
#5312=CARTESIAN_POINT('',(100.0,-2.50000000000001,-95.0));
#5313=VECTOR('',#6476,1.0);
#5314=AXIS2_PLACEMENT_3D('',#6477,#6478,#6479);
#5315=CARTESIAN_POINT('',(60.0,74.0,0.0));
#5316=CARTESIAN_POINT('',(60.0,67.0,0.0));
#5317=CARTESIAN_POINT('',(60.0,75.0,0.0));
#5318=VECTOR('',#6480,1.0);
#5319=CARTESIAN_POINT('',(61.0,75.0,0.0));
#5320=AXIS2_PLACEMENT_3D('',#6481,#6482,#6483);
#5321=CARTESIAN_POINT('',(85.0,75.0,0.0));
#5322=CARTESIAN_POINT('',(86.0,75.0,0.0));
#5323=VECTOR('',#6484,1.0);
#5324=CARTESIAN_POINT('',(86.0,74.0,0.0));
#5325=AXIS2_PLACEMENT_3D('',#6485,#6486,#6487);
#5326=CARTESIAN_POINT('',(86.0,67.0,0.0));
#5327=CARTESIAN_POINT('',(86.0,66.0,0.0));
#5328=VECTOR('',#6488,1.0);
#5329=CARTESIAN_POINT('',(85.0,66.0,0.0));
#5330=AXIS2_PLACEMENT_3D('',#6489,#6490,#6491);
#5331=CARTESIAN_POINT('',(61.0,66.0,0.0));
#5332=CARTESIAN_POINT('',(60.0,66.0,0.0));
#5333=VECTOR('',#6492,1.0);
#5334=AXIS2_PLACEMENT_3D('',#6493,#6494,#6495);
#5335=CARTESIAN_POINT('',(12.6,75.0,0.0));
#5336=AXIS2_PLACEMENT_3D('',#6496,#6497,#6498);
#5337=CARTESIAN_POINT('',(92.6,75.0,0.0));
#5338=AXIS2_PLACEMENT_3D('',#6499,#6500,#6501);
#5339=AXIS2_PLACEMENT_3D('',#6502,#6503,#6504);
#5340=CARTESIAN_POINT('',(100.0,90.0,-6.12323399573673E-16));
#5341=VECTOR('',#6505,1.0);
#5342=AXIS2_PLACEMENT_3D('',#6506,#6507,#6508);
#5343=CARTESIAN_POINT('',(92.5,8.5,6.50521303491303E-15));
#5344=AXIS2_PLACEMENT_3D('',#6509,#6510,#6511);
#5345=CARTESIAN_POINT('',(7.49999999999998,8.49999999999999,0.0));
#5346=AXIS2_PLACEMENT_3D('',#6512,#6513,#6514);
#5347=AXIS2_PLACEMENT_3D('',#6515,#6516,#6517);
#5348=AXIS2_PLACEMENT_3D('',#6518,#6519,#6520);
#5349=AXIS2_PLACEMENT_3D('',#6521,#6522,#6523);
#5350=AXIS2_PLACEMENT_3D('',#6524,#6525,#6526);
#5351=AXIS2_PLACEMENT_3D('',#6527,#6528,#6529);
#5352=CARTESIAN_POINT('',(65.5,0.0,-19.8));
#5353=CARTESIAN_POINT('',(64.5,-1.0,-19.8));
#5354=AXIS2_PLACEMENT_3D('',#6530,#6531,#6532);
#5355=CARTESIAN_POINT('',(65.5,0.0,-79.8));
#5356=CARTESIAN_POINT('',(65.5,0.0,-19.8));
#5357=VECTOR('',#6533,1.0);
#5358=CARTESIAN_POINT('',(64.5,-1.0,-79.8));
#5359=AXIS2_PLACEMENT_3D('',#6534,#6535,#6536);
#5360=CARTESIAN_POINT('',(64.5,-1.0,-79.8));
#5361=VECTOR('',#6537,1.0);
#5362=CARTESIAN_POINT('',(34.5,0.0,-79.8));
#5363=CARTESIAN_POINT('',(35.5,-1.0,-79.8));
#5364=AXIS2_PLACEMENT_3D('',#6538,#6539,#6540);
#5365=CARTESIAN_POINT('',(34.5,0.0,-19.8));
#5366=CARTESIAN_POINT('',(34.5,0.0,-79.8));
#5367=VECTOR('',#6541,1.0);
#5368=CARTESIAN_POINT('',(35.5,-1.0,-19.8));
#5369=AXIS2_PLACEMENT_3D('',#6542,#6543,#6544);
#5370=CARTESIAN_POINT('',(35.5,-1.0,-19.8));
#5371=VECTOR('',#6545,1.0);
#5372=CARTESIAN_POINT('',(102.75,24.975,-54.4999999999994));
#5373=AXIS2_PLACEMENT_3D('',#6546,#6547,#6548);
#5374=CARTESIAN_POINT('',(-2.75000000000002,24.975,-45.4999999999994));
#5375=AXIS2_PLACEMENT_3D('',#6549,#6550,#6551);
#5376=CARTESIAN_POINT('',(0.499999999999985,24.975,-46.7499999999994));
#5377=AXIS2_PLACEMENT_3D('',#6552,#6553,#6554);
#5378=CARTESIAN_POINT('',(0.999999999999985,24.975,-47.2499999999994));
#5379=AXIS2_PLACEMENT_3D('',#6555,#6556,#6557);
#5380=CARTESIAN_POINT('',(99.5,24.975,-53.2499999999994));
#5381=AXIS2_PLACEMENT_3D('',#6558,#6559,#6560);
#5382=CARTESIAN_POINT('',(99.0,24.975,-52.7499999999994));
#5383=AXIS2_PLACEMENT_3D('',#6561,#6562,#6563);
#5384=CARTESIAN_POINT('',(12.9999999999999,40.15,-56.6749999999999));
#5385=CARTESIAN_POINT('',(13.9999999999999,32.65,-56.6749999999999));
#5386=CARTESIAN_POINT('',(15.9279475982532,18.1903930131004,-56.6749999999999));
#5387=VECTOR('',#6564,1.0);
#5388=CARTESIAN_POINT('',(13.0,40.15,-43.3249999999996));
#5389=CARTESIAN_POINT('',(12.9999999999999,40.15,-56.6749999999999));
#5390=VECTOR('',#6565,1.0);
#5391=CARTESIAN_POINT('',(14.0,32.65,-43.3249999999996));
#5392=CARTESIAN_POINT('',(14.0,32.6499999999998,-43.3249999999996));
#5393=VECTOR('',#6566,1.0);
#5394=CARTESIAN_POINT('',(14.0,32.65,-43.3249999999996));
#5395=VECTOR('',#6567,1.0);
#5396=CARTESIAN_POINT('',(86.0,32.65,-56.6749999999999));
#5397=CARTESIAN_POINT('',(87.0,40.15,-56.6749999999999));
#5398=CARTESIAN_POINT('',(87.0,40.15,-56.6750000000001));
#5399=VECTOR('',#6568,1.0);
#5400=CARTESIAN_POINT('',(86.0,32.65,-43.3249999999995));
#5401=CARTESIAN_POINT('',(85.9999999999999,32.65,1.85090397773367E-13));
#5402=VECTOR('',#6569,1.0);
#5403=CARTESIAN_POINT('',(87.0,40.15,-43.3249999999996));
#5404=CARTESIAN_POINT('',(87.0,40.1499999999998,-43.3249999999976));
#5405=VECTOR('',#6570,1.0);
#5406=CARTESIAN_POINT('',(87.0,40.15,-56.6749999999999));
#5407=VECTOR('',#6571,1.0);
#5408=CARTESIAN_POINT('',(12.5,0.5,-17.5));
#5409=AXIS2_PLACEMENT_3D('',#6572,#6573,#6574);
#5410=CARTESIAN_POINT('',(12.5,0.5,-12.5));
#5411=AXIS2_PLACEMENT_3D('',#6575,#6576,#6577);
#5412=CARTESIAN_POINT('',(12.5,0.5,-12.5));
#5413=VECTOR('',#6578,1.0);
#5414=CARTESIAN_POINT('',(22.5,0.5,-17.5));
#5415=AXIS2_PLACEMENT_3D('',#6579,#6580,#6581);
#5416=CARTESIAN_POINT('',(12.5,0.5,-17.5));
#5417=VECTOR('',#6582,1.0);
#5418=CARTESIAN_POINT('',(22.5,0.5,-12.5));
#5419=AXIS2_PLACEMENT_3D('',#6583,#6584,#6585);
#5420=CARTESIAN_POINT('',(22.5,0.5,-17.5));
#5421=VECTOR('',#6586,1.0);
#5422=AXIS2_PLACEMENT_3D('',#6587,#6588,#6589);
#5423=CARTESIAN_POINT('',(12.5,2.0,-7.49999999999999));
#5424=VECTOR('',#6590,1.0);
#5425=CARTESIAN_POINT('',(22.5,0.0,-7.49999999999999));
#5426=VECTOR('',#6591,1.0);
#5427=CARTESIAN_POINT('',(27.5,-2.50000000000001,-12.5));
#5428=VECTOR('',#6592,1.0);
#5429=CARTESIAN_POINT('',(27.5,-2.50000000000001,-7.49999999999999));
#5430=VECTOR('',#6593,1.0);
#5431=CARTESIAN_POINT('',(22.5,-2.50000000000001,-12.5));
#5432=VECTOR('',#6594,1.0);
#5433=CARTESIAN_POINT('',(22.5,-2.50000000000001,-7.49999999999999));
#5434=VECTOR('',#6595,1.0);
#5435=CARTESIAN_POINT('',(7.49999999999999,-2.50000000000001,-7.49999999999999));
#5436=VECTOR('',#6596,1.0);
#5437=CARTESIAN_POINT('',(7.49999999999999,-2.50000000000001,-12.5));
#5438=VECTOR('',#6597,1.0);
#5439=CARTESIAN_POINT('',(12.5,-2.50000000000001,-12.5));
#5440=VECTOR('',#6598,1.0);
#5441=CARTESIAN_POINT('',(12.5,2.0,-17.5));
#5442=VECTOR('',#6599,1.0);
#5443=CARTESIAN_POINT('',(12.5,-2.50000000000001,-7.49999999999999));
#5444=VECTOR('',#6600,1.0);
#5445=CARTESIAN_POINT('',(92.5,8.5,6.50521303491303E-15));
#5446=VECTOR('',#6601,1.0);
#5447=CARTESIAN_POINT('',(7.49999999999998,8.49999999999999,0.0));
#5448=VECTOR('',#6602,1.0);
#5449=CARTESIAN_POINT('',(7.49999999999994,40.15,-56.6749999999999));
#5450=CARTESIAN_POINT('',(2.49999999999994,40.15,-56.6749999999999));
#5451=VECTOR('',#6603,1.0);
#5452=CARTESIAN_POINT('',(7.49999999999996,40.15,-43.3249999999998));
#5453=CARTESIAN_POINT('',(7.49999999999996,40.15,-43.3249999999999));
#5454=VECTOR('',#6604,1.0);
#5455=CARTESIAN_POINT('',(2.49999999999995,40.15,-43.3249999999999));
#5456=VECTOR('',#6605,1.0);
#5457=CARTESIAN_POINT('',(9.99999999999996,37.65,-43.3249999999999));
#5458=CARTESIAN_POINT('',(9.99999999999996,35.15,-43.3249999999999));
#5459=CARTESIAN_POINT('',(9.99999999999996,40.15,-43.3249999999999));
#5460=VECTOR('',#6606,1.0);
#5461=CARTESIAN_POINT('',(9.99999999999994,37.65,-56.6749999999999));
#5462=CARTESIAN_POINT('',(9.99999999999994,37.65,-56.6749999999999));
#5463=VECTOR('',#6607,1.0);
#5464=CARTESIAN_POINT('',(9.99999999999994,35.15,-56.6749999999999));
#5465=CARTESIAN_POINT('',(9.99999999999994,40.15,-56.6749999999999));
#5466=VECTOR('',#6608,1.0);
#5467=CARTESIAN_POINT('',(9.99999999999994,35.15,-56.6749999999999));
#5468=VECTOR('',#6609,1.0);
#5469=CARTESIAN_POINT('',(92.5,40.15,-43.3249999999997));
#5470=CARTESIAN_POINT('',(97.5,40.15,-43.3249999999999));
#5471=VECTOR('',#6610,1.0);
#5472=CARTESIAN_POINT('',(92.5,40.15,-56.6749999999999));
#5473=CARTESIAN_POINT('',(92.4999999999999,40.15,1.99387925813511E-13));
#5474=VECTOR('',#6611,1.0);
#5475=CARTESIAN_POINT('',(97.5000000000001,40.15,-56.6749999999999));
#5476=VECTOR('',#6612,1.0);
#5477=CARTESIAN_POINT('',(90.0,37.65,-56.675));
#5478=CARTESIAN_POINT('',(90.0,35.15,-56.675));
#5479=CARTESIAN_POINT('',(90.0,40.15,-56.675));
#5480=VECTOR('',#6613,1.0);
#5481=CARTESIAN_POINT('',(90.0,37.65,-43.3250000000001));
#5482=CARTESIAN_POINT('',(90.0,37.65,-56.675));
#5483=VECTOR('',#6614,1.0);
#5484=CARTESIAN_POINT('',(90.0,35.15,-43.3250000000001));
#5485=CARTESIAN_POINT('',(90.0,40.15,-43.3250000000001));
#5486=VECTOR('',#6615,1.0);
#5487=CARTESIAN_POINT('',(90.0,35.15,-56.675));
#5488=VECTOR('',#6616,1.0);
#5489=CARTESIAN_POINT('',(89.5,42.65,-43.3249999999997));
#5490=CARTESIAN_POINT('',(97.5,42.65,-43.3249999999999));
#5491=VECTOR('',#6617,1.0);
#5492=CARTESIAN_POINT('',(89.5,42.65,-56.6749999999999));
#5493=CARTESIAN_POINT('',(97.5000000000001,42.65,-56.6749999999999));
#5494=VECTOR('',#6618,1.0);
#5495=CARTESIAN_POINT('',(89.5,42.65,-43.3249999999996));
#5496=VECTOR('',#6619,1.0);
#5497=CARTESIAN_POINT('',(10.4999999999999,42.65,-56.6749999999999));
#5498=CARTESIAN_POINT('',(2.49999999999994,42.65,-56.6749999999999));
#5499=VECTOR('',#6620,1.0);
#5500=CARTESIAN_POINT('',(10.5,42.65,-43.3249999999997));
#5501=CARTESIAN_POINT('',(2.49999999999995,42.65,-43.3249999999999));
#5502=VECTOR('',#6621,1.0);
#5503=CARTESIAN_POINT('',(10.5,42.65,-8.56551744311169E-15));
#5504=VECTOR('',#6622,1.0);
#5505=CARTESIAN_POINT('',(99.0,24.975,-52.4999999999994));
#5506=AXIS2_PLACEMENT_3D('',#6623,#6624,#6625);
#5507=CARTESIAN_POINT('',(102.75,24.975,-53.2499999999994));
#5508=AXIS2_PLACEMENT_3D('',#6626,#6627,#6628);
#5509=CARTESIAN_POINT('',(0.999999999999988,24.975,-47.4999999999994));
#5510=AXIS2_PLACEMENT_3D('',#6629,#6630,#6631);
#5511=CARTESIAN_POINT('',(-2.75000000000002,24.975,-46.7499999999994));
#5512=AXIS2_PLACEMENT_3D('',#6632,#6633,#6634);
#5513=CARTESIAN_POINT('',(97.5,24.975,-52.4999999999994));
#5514=AXIS2_PLACEMENT_3D('',#6635,#6636,#6637);
#5515=CARTESIAN_POINT('',(3.99999999999994,32.05,-44.1249999999991));
#5516=CARTESIAN_POINT('',(3.99999999999999,32.05,-55.8750000000004));
#5517=CARTESIAN_POINT('',(3.99999999999994,32.05,-44.1249999999991));
#5518=VECTOR('',#6638,1.0);
#5519=CARTESIAN_POINT('',(12.4999999999999,32.05,-55.8750000000004));
#5520=CARTESIAN_POINT('',(12.4999999999999,32.05,-55.8750000000004));
#5521=VECTOR('',#6639,1.0);
#5522=CARTESIAN_POINT('',(12.5,32.05,-44.1249999999995));
#5523=CARTESIAN_POINT('',(12.4999999999999,32.05,-55.075));
#5524=VECTOR('',#6640,1.0);
#5525=CARTESIAN_POINT('',(12.5,32.05,-44.1249999999999));
#5526=VECTOR('',#6641,1.0);
#5527=CARTESIAN_POINT('',(3.99999999999994,17.9,-44.1249999999991));
#5528=CARTESIAN_POINT('',(3.99999999999999,17.9,-55.8750000000004));
#5529=CARTESIAN_POINT('',(3.99999999999994,17.9,-44.1249999999991));
#5530=VECTOR('',#6642,1.0);
#5531=CARTESIAN_POINT('',(12.5,17.9,-44.1249999999995));
#5532=CARTESIAN_POINT('',(12.5,17.9,-44.1249999999999));
#5533=VECTOR('',#6643,1.0);
#5534=CARTESIAN_POINT('',(12.4999999999999,17.9,-55.8750000000004));
#5535=CARTESIAN_POINT('',(12.4999999999999,17.9,-55.075));
#5536=VECTOR('',#6644,1.0);
#5537=CARTESIAN_POINT('',(12.4999999999999,17.9,-55.8750000000004));
#5538=VECTOR('',#6645,1.0);
#5539=CARTESIAN_POINT('',(96.0000000000001,32.05,-44.1249999999991));
#5540=CARTESIAN_POINT('',(96.0000000000001,32.05,-55.8749999999995));
#5541=CARTESIAN_POINT('',(96.0000000000001,32.05,-44.1249999999991));
#5542=VECTOR('',#6646,1.0);
#5543=CARTESIAN_POINT('',(87.5,32.05,-44.1249999999999));
#5544=CARTESIAN_POINT('',(87.5,32.05,-44.1249999999999));
#5545=VECTOR('',#6647,1.0);
#5546=CARTESIAN_POINT('',(87.5,32.05,-55.8749999999999));
#5547=CARTESIAN_POINT('',(87.5,32.05,-55.075));
#5548=VECTOR('',#6648,1.0);
#5549=CARTESIAN_POINT('',(87.5,32.05,-55.8749999999999));
#5550=VECTOR('',#6649,1.0);
#5551=CARTESIAN_POINT('',(96.0000000000001,17.9,-44.1249999999991));
#5552=CARTESIAN_POINT('',(96.0000000000001,17.9,-55.8749999999995));
#5553=CARTESIAN_POINT('',(96.0000000000001,17.9,-44.1249999999991));
#5554=VECTOR('',#6650,1.0);
#5555=CARTESIAN_POINT('',(87.5,17.9,-55.8749999999999));
#5556=CARTESIAN_POINT('',(87.5,17.9,-55.8749999999999));
#5557=VECTOR('',#6651,1.0);
#5558=CARTESIAN_POINT('',(87.5,17.9,-44.1249999999999));
#5559=CARTESIAN_POINT('',(87.5,17.9,-55.075));
#5560=VECTOR('',#6652,1.0);
#5561=CARTESIAN_POINT('',(87.5,17.9,-44.1249999999999));
#5562=VECTOR('',#6653,1.0);
#5563=CARTESIAN_POINT('',(27.0,31.05,-44.9249999999991));
#5564=CARTESIAN_POINT('',(12.5,31.05,-44.9249999999994));
#5565=CARTESIAN_POINT('',(26.9999999999999,31.05,-44.9249999999991));
#5566=VECTOR('',#6654,1.0);
#5567=CARTESIAN_POINT('',(12.4999999999999,31.05,-55.075));
#5568=CARTESIAN_POINT('',(12.5000000000002,31.05,-6.81029462640393E-14));
#5569=VECTOR('',#6655,1.0);
#5570=CARTESIAN_POINT('',(26.9999999999999,31.05,-55.075));
#5571=CARTESIAN_POINT('',(2.49999999999999,31.05,-55.075));
#5572=VECTOR('',#6656,1.0);
#5573=CARTESIAN_POINT('',(26.9999999999999,31.05,-50.0));
#5574=VECTOR('',#6657,1.0);
#5575=CARTESIAN_POINT('',(2.49999999999995,24.975,-47.4999999999994));
#5576=AXIS2_PLACEMENT_3D('',#6658,#6659,#6660);
#5577=CARTESIAN_POINT('',(2.49999999999995,18.9,-44.9249999999996));
#5578=CARTESIAN_POINT('',(2.49999999999994,18.9,-55.075));
#5579=CARTESIAN_POINT('',(2.49999999999999,18.9,-2.50000000000001));
#5580=VECTOR('',#6661,1.0);
#5581=CARTESIAN_POINT('',(2.49999999999994,31.05,-55.075));
#5582=CARTESIAN_POINT('',(2.49999999999994,31.05,-55.075));
#5583=VECTOR('',#6662,1.0);
#5584=CARTESIAN_POINT('',(2.49999999999995,31.05,-44.9249999999996));
#5585=CARTESIAN_POINT('',(2.49999999999999,31.05,-2.5));
#5586=VECTOR('',#6663,1.0);
#5587=CARTESIAN_POINT('',(2.49999999999995,31.05,-44.9249999999996));
#5588=VECTOR('',#6664,1.0);
#5589=CARTESIAN_POINT('',(3.99999999999994,18.9,-55.075));
#5590=CARTESIAN_POINT('',(2.49999999999999,18.9,-55.075));
#5591=VECTOR('',#6665,1.0);
#5592=CARTESIAN_POINT('',(3.99999999999994,31.05,-55.075));
#5593=CARTESIAN_POINT('',(3.99999999999996,31.05,-55.075));
#5594=VECTOR('',#6666,1.0);
#5595=CARTESIAN_POINT('',(2.49999999999999,31.05,-55.075));
#5596=VECTOR('',#6667,1.0);
#5597=CARTESIAN_POINT('',(26.9999999999996,18.9,-44.9249999999994));
#5598=CARTESIAN_POINT('',(12.5,18.9,-44.9249999999996));
#5599=CARTESIAN_POINT('',(26.9999999999999,18.9,-44.9249999999991));
#5600=VECTOR('',#6668,1.0);
#5601=CARTESIAN_POINT('',(12.5,31.05,-44.9249999999996));
#5602=VECTOR('',#6669,1.0);
#5603=CARTESIAN_POINT('',(27.0,31.05,-44.9249999999991));
#5604=VECTOR('',#6670,1.0);
#5605=CARTESIAN_POINT('',(12.5,31.05,-44.1249999999995));
#5606=VECTOR('',#6671,1.0);
#5607=CARTESIAN_POINT('',(3.99999999999994,31.05,-44.1249999999991));
#5608=VECTOR('',#6672,1.0);
#5609=CARTESIAN_POINT('',(12.4999999999999,31.05,-55.8750000000004));
#5610=VECTOR('',#6673,1.0);
#5611=CARTESIAN_POINT('',(12.4999999999999,18.9,-55.075));
#5612=CARTESIAN_POINT('',(12.5000000000002,18.9,-6.88469191945213E-14));
#5613=VECTOR('',#6674,1.0);
#5614=CARTESIAN_POINT('',(12.4999999999999,31.05,-55.075));
#5615=VECTOR('',#6675,1.0);
#5616=CARTESIAN_POINT('',(3.99999999999994,18.9,-44.9249999999999));
#5617=CARTESIAN_POINT('',(3.99999999999994,18.9,1.15729122519425E-15));
#5618=VECTOR('',#6676,1.0);
#5619=CARTESIAN_POINT('',(3.99999999999994,31.05,-44.9249999999999));
#5620=CARTESIAN_POINT('',(3.99999999999994,31.05,-44.9249999999999));
#5621=VECTOR('',#6677,1.0);
#5622=CARTESIAN_POINT('',(3.99999999999994,31.05,1.90126415567627E-15));
#5623=VECTOR('',#6678,1.0);
#5624=CARTESIAN_POINT('',(3.99999999999999,31.05,-55.8750000000004));
#5625=VECTOR('',#6679,1.0);
#5626=CARTESIAN_POINT('',(96.0000000000001,31.05,-55.0749999999997));
#5627=CARTESIAN_POINT('',(96.0000000000001,31.05,-44.9249999999997));
#5628=CARTESIAN_POINT('',(96.0000000000001,31.05,1.90126415567627E-15));
#5629=VECTOR('',#6680,1.0);
#5630=CARTESIAN_POINT('',(97.5,31.05,-55.0749999999995));
#5631=CARTESIAN_POINT('',(97.5,31.05,-55.075));
#5632=VECTOR('',#6681,1.0);
#5633=CARTESIAN_POINT('',(97.5,31.05,-44.9249999999995));
#5634=CARTESIAN_POINT('',(97.5,31.05,-97.5));
#5635=VECTOR('',#6682,1.0);
#5636=CARTESIAN_POINT('',(73.0000000000001,31.05,-44.9249999999991));
#5637=VECTOR('',#6683,1.0);
#5638=CARTESIAN_POINT('',(73.0000000000001,18.9,-44.9249999999991));
#5639=CARTESIAN_POINT('',(87.5,18.9,-44.9249999999996));
#5640=CARTESIAN_POINT('',(73.0000000000001,18.9,-44.9249999999991));
#5641=VECTOR('',#6684,1.0);
#5642=CARTESIAN_POINT('',(73.0000000000001,31.05,-44.9249999999991));
#5643=CARTESIAN_POINT('',(73.0000000000001,31.05,-44.9249999999991));
#5644=VECTOR('',#6685,1.0);
#5645=CARTESIAN_POINT('',(87.5,31.05,-44.9249999999994));
#5646=CARTESIAN_POINT('',(73.0000000000001,31.05,-44.9249999999991));
#5647=VECTOR('',#6686,1.0);
#5648=CARTESIAN_POINT('',(87.5,31.05,-44.9249999999996));
#5649=VECTOR('',#6687,1.0);
#5650=CARTESIAN_POINT('',(97.5,18.9,-55.0749999999995));
#5651=CARTESIAN_POINT('',(96.0000000000001,18.9,-55.0749999999999));
#5652=CARTESIAN_POINT('',(97.5,18.9,-55.075));
#5653=VECTOR('',#6688,1.0);
#5654=CARTESIAN_POINT('',(97.5,31.05,-55.0749999999995));
#5655=VECTOR('',#6689,1.0);
#5656=CARTESIAN_POINT('',(96.0000000000001,31.05,-55.0749999999999));
#5657=VECTOR('',#6690,1.0);
#5658=CARTESIAN_POINT('',(96.0000000000001,18.9,-44.9249999999997));
#5659=CARTESIAN_POINT('',(96.0000000000001,18.9,1.15729122519425E-15));
#5660=VECTOR('',#6691,1.0);
#5661=CARTESIAN_POINT('',(96.0000000000001,31.05,-44.9249999999999));
#5662=VECTOR('',#6692,1.0);
#5663=CARTESIAN_POINT('',(96.0000000000001,31.05,-55.8749999999995));
#5664=VECTOR('',#6693,1.0);
#5665=CARTESIAN_POINT('',(96.0000000000001,31.05,-44.1249999999991));
#5666=VECTOR('',#6694,1.0);
#5667=CARTESIAN_POINT('',(87.5,31.05,-44.1249999999999));
#5668=VECTOR('',#6695,1.0);
#5669=CARTESIAN_POINT('',(87.5,31.05,-55.8749999999999));
#5670=VECTOR('',#6696,1.0);
#5671=CARTESIAN_POINT('',(87.5,18.9,-55.0749999999996));
#5672=CARTESIAN_POINT('',(87.4999999999999,18.9,2.46172027694194E-13));
#5673=VECTOR('',#6697,1.0);
#5674=CARTESIAN_POINT('',(87.5,31.05,-55.0749999999993));
#5675=CARTESIAN_POINT('',(87.4999999999999,31.05,2.46916000624676E-13));
#5676=VECTOR('',#6698,1.0);
#5677=CARTESIAN_POINT('',(87.5,31.05,-55.0749999999996));
#5678=VECTOR('',#6699,1.0);
#5679=CARTESIAN_POINT('',(97.5,18.9,-44.9249999999995));
#5680=CARTESIAN_POINT('',(97.5,18.9,-97.5));
#5681=VECTOR('',#6700,1.0);
#5682=CARTESIAN_POINT('',(97.5,31.05,-44.9249999999995));
#5683=VECTOR('',#6701,1.0);
#5684=CARTESIAN_POINT('',(73.0000000000001,18.9,-44.9249999999991));
#5685=VECTOR('',#6702,1.0);
#5686=CARTESIAN_POINT('',(73.0000000000001,32.65,-43.3249999999991));
#5687=CARTESIAN_POINT('',(97.5,32.65,-43.3249999999999));
#5688=VECTOR('',#6703,1.0);
#5689=CARTESIAN_POINT('',(73.0,32.65,-56.675));
#5690=CARTESIAN_POINT('',(97.5000000000001,32.65,-56.6749999999999));
#5691=VECTOR('',#6704,1.0);
#5692=CARTESIAN_POINT('',(73.0000000000001,32.65,-55.0749999999991));
#5693=VECTOR('',#6705,1.0);
#5694=CARTESIAN_POINT('',(73.0000000000001,18.9,-43.3249999999991));
#5695=CARTESIAN_POINT('',(73.0000000000001,18.9,-55.0749999999991));
#5696=VECTOR('',#6706,1.0);
#5697=CARTESIAN_POINT('',(73.0000000000001,32.65,-43.3249999999991));
#5698=VECTOR('',#6707,1.0);
#5699=CARTESIAN_POINT('',(73.0,18.9,-56.675));
#5700=CARTESIAN_POINT('',(73.0,32.65,-56.675));
#5701=VECTOR('',#6708,1.0);
#5702=CARTESIAN_POINT('',(73.0000000000001,18.9,-55.0749999999991));
#5703=CARTESIAN_POINT('',(73.0000000000001,18.9,-55.0749999999991));
#5704=VECTOR('',#6709,1.0);
#5705=CARTESIAN_POINT('',(73.0000000000001,31.05,-55.0749999999991));
#5706=CARTESIAN_POINT('',(73.0000000000001,31.05,-55.0749999999991));
#5707=VECTOR('',#6710,1.0);
#5708=CARTESIAN_POINT('',(73.0000000000001,31.05,-55.0749999999991));
#5709=VECTOR('',#6711,1.0);
#5710=CARTESIAN_POINT('',(7.49999999999996,32.65,-43.3249999999998));
#5711=CARTESIAN_POINT('',(2.49999999999995,32.65,-43.3249999999999));
#5712=VECTOR('',#6712,1.0);
#5713=CARTESIAN_POINT('',(7.49999999999994,32.65,-56.6749999999999));
#5714=CARTESIAN_POINT('',(7.50000000000005,32.65,-1.29700633088212E-14));
#5715=VECTOR('',#6713,1.0);
#5716=CARTESIAN_POINT('',(2.49999999999994,32.65,-56.6749999999999));
#5717=VECTOR('',#6714,1.0);
#5718=CARTESIAN_POINT('',(26.9999999999999,18.9,-55.075));
#5719=CARTESIAN_POINT('',(26.9999999999999,31.05,-55.075));
#5720=VECTOR('',#6715,1.0);
#5721=CARTESIAN_POINT('',(27.0,18.9,-56.675));
#5722=CARTESIAN_POINT('',(27.0,18.9,-56.675));
#5723=VECTOR('',#6716,1.0);
#5724=CARTESIAN_POINT('',(27.0,32.65,-56.675));
#5725=CARTESIAN_POINT('',(27.0,32.65,-56.675));
#5726=VECTOR('',#6717,1.0);
#5727=CARTESIAN_POINT('',(26.9999999999999,32.65,-43.3249999999991));
#5728=CARTESIAN_POINT('',(27.0,32.65,-56.675));
#5729=VECTOR('',#6718,1.0);
#5730=CARTESIAN_POINT('',(26.9999999999999,18.9,-43.3249999999991));
#5731=CARTESIAN_POINT('',(26.9999999999999,32.65,-43.3249999999991));
#5732=VECTOR('',#6719,1.0);
#5733=CARTESIAN_POINT('',(27.0,18.9,-56.675));
#5734=VECTOR('',#6720,1.0);
#5735=CARTESIAN_POINT('',(95.0,16.4,-56.6750000000001));
#5736=CARTESIAN_POINT('',(70.0,16.4,-56.675));
#5737=CARTESIAN_POINT('',(73.0,16.4,-56.675));
#5738=VECTOR('',#6721,1.0);
#5739=CARTESIAN_POINT('',(95.0,16.4,-43.3249999999967));
#5740=CARTESIAN_POINT('',(95.0,16.4,-43.3249999999995));
#5741=VECTOR('',#6722,1.0);
#5742=CARTESIAN_POINT('',(70.0,16.4,-43.3249999999995));
#5743=CARTESIAN_POINT('',(65.5,16.4,-43.325));
#5744=VECTOR('',#6723,1.0);
#5745=CARTESIAN_POINT('',(70.0,16.4,-1.46366674558963E-14));
#5746=VECTOR('',#6724,1.0);
#5747=AXIS2_PLACEMENT_3D('',#6725,#6726,#6727);
#5748=CARTESIAN_POINT('',(92.5,32.65,-56.6749999999999));
#5749=AXIS2_PLACEMENT_3D('',#6728,#6729,#6730);
#5750=CARTESIAN_POINT('',(97.5000000000001,32.65,-56.6749999999999));
#5751=VECTOR('',#6731,1.0);
#5752=AXIS2_PLACEMENT_3D('',#6732,#6733,#6734);
#5753=CARTESIAN_POINT('',(67.5,13.9,-56.6749999999999));
#5754=AXIS2_PLACEMENT_3D('',#6735,#6736,#6737);
#5755=CARTESIAN_POINT('',(67.5,18.9,-56.6749999999999));
#5756=CARTESIAN_POINT('',(67.5,18.902,-56.6749999999999));
#5757=VECTOR('',#6738,1.0);
#5758=CARTESIAN_POINT('',(73.0,18.9,-56.675));
#5759=VECTOR('',#6739,1.0);
#5760=AXIS2_PLACEMENT_3D('',#6740,#6741,#6742);
#5761=AXIS2_PLACEMENT_3D('',#6743,#6744,#6745);
#5762=CARTESIAN_POINT('',(67.5,18.9,-43.3249999999997));
#5763=CARTESIAN_POINT('',(65.5,18.9,-43.325));
#5764=VECTOR('',#6746,1.0);
#5765=CARTESIAN_POINT('',(67.5,13.9,-43.3249999999997));
#5766=CARTESIAN_POINT('',(67.5,18.902,-43.3249999999997));
#5767=VECTOR('',#6747,1.0);
#5768=AXIS2_PLACEMENT_3D('',#6748,#6749,#6750);
#5769=AXIS2_PLACEMENT_3D('',#6751,#6752,#6753);
#5770=CARTESIAN_POINT('',(92.5,32.65,-43.3249999999997));
#5771=CARTESIAN_POINT('',(97.5,32.65,-43.3249999999999));
#5772=VECTOR('',#6754,1.0);
#5773=AXIS2_PLACEMENT_3D('',#6755,#6756,#6757);
#5774=AXIS2_PLACEMENT_3D('',#6758,#6759,#6760);
#5775=CARTESIAN_POINT('',(4.99999999999998,16.4,-43.3249999999998));
#5776=CARTESIAN_POINT('',(30.0,16.4,-43.324999999999));
#5777=CARTESIAN_POINT('',(2.49999999999995,16.4,-43.3249999999999));
#5778=VECTOR('',#6761,1.0);
#5779=CARTESIAN_POINT('',(4.99999999999997,16.4,-56.6749999999999));
#5780=CARTESIAN_POINT('',(4.99999999999997,16.4,-56.6749999999999));
#5781=VECTOR('',#6762,1.0);
#5782=CARTESIAN_POINT('',(30.0,16.4,-56.675));
#5783=CARTESIAN_POINT('',(2.49999999999994,16.4,-56.6749999999999));
#5784=VECTOR('',#6763,1.0);
#5785=CARTESIAN_POINT('',(30.0,16.4,-9.0506396590402E-15));
#5786=VECTOR('',#6764,1.0);
#5787=AXIS2_PLACEMENT_3D('',#6765,#6766,#6767);
#5788=CARTESIAN_POINT('',(2.49999999999994,32.65,-56.6749999999999));
#5789=VECTOR('',#6768,1.0);
#5790=CARTESIAN_POINT('',(32.5,18.9,-56.675));
#5791=CARTESIAN_POINT('',(2.49999999999994,18.9,-56.6749999999999));
#5792=VECTOR('',#6769,1.0);
#5793=CARTESIAN_POINT('',(32.5,13.9,-56.675));
#5794=CARTESIAN_POINT('',(32.5,18.902,-56.675));
#5795=VECTOR('',#6770,1.0);
#5796=AXIS2_PLACEMENT_3D('',#6771,#6772,#6773);
#5797=AXIS2_PLACEMENT_3D('',#6774,#6775,#6776);
#5798=AXIS2_PLACEMENT_3D('',#6777,#6778,#6779);
#5799=AXIS2_PLACEMENT_3D('',#6780,#6781,#6782);
#5800=AXIS2_PLACEMENT_3D('',#6783,#6784,#6785);
#5801=AXIS2_PLACEMENT_3D('',#6786,#6787,#6788);
#5802=AXIS2_PLACEMENT_3D('',#6789,#6790,#6791);
#5803=CARTESIAN_POINT('',(32.5,13.9,-43.324999999999));
#5804=AXIS2_PLACEMENT_3D('',#6792,#6793,#6794);
#5805=CARTESIAN_POINT('',(32.5,18.9,-43.324999999999));
#5806=CARTESIAN_POINT('',(32.5,18.902,-43.324999999999));
#5807=VECTOR('',#6795,1.0);
#5808=CARTESIAN_POINT('',(2.49999999999995,18.9,-43.3249999999999));
#5809=VECTOR('',#6796,1.0);
#5810=CARTESIAN_POINT('',(2.49999999999995,32.65,-43.3249999999999));
#5811=VECTOR('',#6797,1.0);
#5812=AXIS2_PLACEMENT_3D('',#6798,#6799,#6800);
#5813=CARTESIAN_POINT('',(34.5,-1.0,-19.8));
#5814=VECTOR('',#6801,1.0);
#5815=CARTESIAN_POINT('',(65.5,-1.0,-79.8));
#5816=VECTOR('',#6802,1.0);
#5817=CARTESIAN_POINT('',(65.5,3.0,-18.2));
#5818=CARTESIAN_POINT('',(34.5,3.0,-18.2));
#5819=CARTESIAN_POINT('',(67.5,3.0,-18.2));
#5820=VECTOR('',#6803,1.0);
#5821=CARTESIAN_POINT('',(65.5,3.0,-19.8));
#5822=CARTESIAN_POINT('',(65.5,3.0,-18.2));
#5823=VECTOR('',#6804,1.0);
#5824=CARTESIAN_POINT('',(34.5,3.0,-19.8));
#5825=CARTESIAN_POINT('',(65.5,3.0,-19.8));
#5826=VECTOR('',#6805,1.0);
#5827=CARTESIAN_POINT('',(34.5,3.0,-50.0));
#5828=VECTOR('',#6806,1.0);
#5829=CARTESIAN_POINT('',(65.5,3.0,-19.8));
#5830=VECTOR('',#6807,1.0);
#5831=CARTESIAN_POINT('',(34.5,3.0,-19.8));
#5832=VECTOR('',#6808,1.0);
#5833=CARTESIAN_POINT('',(26.9999999999999,18.9,-44.9249999999991));
#5834=VECTOR('',#6809,1.0);
#5835=CARTESIAN_POINT('',(32.4999999999999,18.9,-81.8));
#5836=CARTESIAN_POINT('',(32.4999999999999,2.5,-81.8));
#5837=CARTESIAN_POINT('',(32.4999999999999,18.902,-81.8));
#5838=VECTOR('',#6810,1.0);
#5839=CARTESIAN_POINT('',(67.5,18.9,-81.8));
#5840=CARTESIAN_POINT('',(32.4999999999999,18.9,-81.8));
#5841=VECTOR('',#6811,1.0);
#5842=CARTESIAN_POINT('',(67.5,2.5,-81.8));
#5843=CARTESIAN_POINT('',(67.5,18.902,-81.8));
#5844=VECTOR('',#6812,1.0);
#5845=AXIS2_PLACEMENT_3D('',#6813,#6814,#6815);
#5846=AXIS2_PLACEMENT_3D('',#6816,#6817,#6818);
#5847=CARTESIAN_POINT('',(32.5,13.9,-18.2));
#5848=VECTOR('',#6819,1.0);
#5849=CARTESIAN_POINT('',(32.5,18.9,-18.2));
#5850=VECTOR('',#6820,1.0);
#5851=CARTESIAN_POINT('',(32.5,2.5,-18.2));
#5852=CARTESIAN_POINT('',(32.5,2.5,-18.2));
#5853=VECTOR('',#6821,1.0);
#5854=CARTESIAN_POINT('',(32.5,18.9,-18.2));
#5855=CARTESIAN_POINT('',(32.5,18.902,-18.2));
#5856=VECTOR('',#6822,1.0);
#5857=CARTESIAN_POINT('',(32.5,18.9,-18.2));
#5858=VECTOR('',#6823,1.0);
#5859=CARTESIAN_POINT('',(34.5,18.9,-18.2));
#5860=CARTESIAN_POINT('',(34.5,18.902,-18.2));
#5861=VECTOR('',#6824,1.0);
#5862=CARTESIAN_POINT('',(67.5,18.9,-18.2));
#5863=VECTOR('',#6825,1.0);
#5864=AXIS2_PLACEMENT_3D('',#6826,#6827,#6828);
#5865=CARTESIAN_POINT('',(67.5,2.5,-18.2));
#5866=AXIS2_PLACEMENT_3D('',#6829,#6830,#6831);
#5867=CARTESIAN_POINT('',(67.5,18.9,-18.2));
#5868=CARTESIAN_POINT('',(67.5,18.902,-18.2));
#5869=VECTOR('',#6832,1.0);
#5870=CARTESIAN_POINT('',(65.5,18.9,-18.2));
#5871=CARTESIAN_POINT('',(67.5,18.9,-18.2));
#5872=VECTOR('',#6833,1.0);
#5873=CARTESIAN_POINT('',(65.5,18.902,-18.2));
#5874=VECTOR('',#6834,1.0);
#5875=CARTESIAN_POINT('',(34.5,18.9,-79.8));
#5876=CARTESIAN_POINT('',(34.5,18.9,-50.0));
#5877=VECTOR('',#6835,1.0);
#5878=CARTESIAN_POINT('',(34.5,18.902,-79.8));
#5879=VECTOR('',#6836,1.0);
#5880=CARTESIAN_POINT('',(65.5,18.9,-79.8));
#5881=CARTESIAN_POINT('',(65.5,18.902,-79.8));
#5882=VECTOR('',#6837,1.0);
#5883=CARTESIAN_POINT('',(50.0,18.9,-79.8));
#5884=VECTOR('',#6838,1.0);
#5885=CARTESIAN_POINT('',(65.5,18.9,-18.2));
#5886=VECTOR('',#6839,1.0);
#5887=CARTESIAN_POINT('',(67.5,13.9,-81.8));
#5888=VECTOR('',#6840,1.0);
#5889=CARTESIAN_POINT('',(67.5,18.9,-81.8));
#5890=VECTOR('',#6841,1.0);
#5891=CARTESIAN_POINT('',(67.5,2.5,-81.8));
#5892=VECTOR('',#6842,1.0);
#5893=CARTESIAN_POINT('',(67.5,18.9,-81.8));
#5894=VECTOR('',#6843,1.0);
#5895=CARTESIAN_POINT('',(4.99999999999996,90.0,-97.5));
#5896=CARTESIAN_POINT('',(95.0,90.0,-97.5));
#5897=CARTESIAN_POINT('',(2.49999999999996,90.0,-97.5));
#5898=VECTOR('',#6844,1.0);
#5899=AXIS2_PLACEMENT_3D('',#6845,#6846,#6847);
#5900=AXIS2_PLACEMENT_3D('',#6848,#6849,#6850);
#5901=CARTESIAN_POINT('',(56.0,-1.50000000000001,-8.49999999999999));
#5902=AXIS2_PLACEMENT_3D('',#6851,#6852,#6853);
#5903=AXIS2_PLACEMENT_3D('',#6854,#6855,#6856);
#5904=CARTESIAN_POINT('',(13.4658560997306,62.5,-8.49999999999999));
#5905=CARTESIAN_POINT('',(91.0,62.5,-8.5));
#5906=VECTOR('',#6857,1.0);
#5907=AXIS2_PLACEMENT_3D('',#6858,#6859,#6860);
#5908=CARTESIAN_POINT('',(13.4658560997306,55.0,-8.49999999999999));
#5909=CARTESIAN_POINT('',(91.0,55.0,-8.5));
#5910=VECTOR('',#6861,1.0);
#5911=CARTESIAN_POINT('',(13.4658560997306,62.5,-8.49999999999999));
#5912=VECTOR('',#6862,1.0);
#5913=CARTESIAN_POINT('',(8.99999999999996,62.5,-13.1770782520313));
#5914=AXIS2_PLACEMENT_3D('',#6863,#6864,#6865);
#5915=CARTESIAN_POINT('',(8.99999999999996,62.5,-21.4142803193777));
#5916=CARTESIAN_POINT('',(8.99999999999996,62.5,-8.49999999999999));
#5917=VECTOR('',#6866,1.0);
#5918=AXIS2_PLACEMENT_3D('',#6867,#6868,#6869);
#5919=CARTESIAN_POINT('',(8.99999999999996,55.0,-13.1770782520313));
#5920=CARTESIAN_POINT('',(8.99999999999996,55.0,-8.49999999999999));
#5921=VECTOR('',#6870,1.0);
#5922=CARTESIAN_POINT('',(8.99999999999996,62.5,-21.4142803193777));
#5923=VECTOR('',#6871,1.0);
#5924=CARTESIAN_POINT('',(8.99999999999996,62.5,-13.1770782520313));
#5925=VECTOR('',#6872,1.0);
#5926=CARTESIAN_POINT('',(91.0,62.5,-50.0));
#5927=VECTOR('',#6873,1.0);
#5928=CARTESIAN_POINT('',(91.0,55.0,-50.0));
#5929=VECTOR('',#6874,1.0);
#5930=CARTESIAN_POINT('',(77.5,62.5,-97.5));
#5931=CARTESIAN_POINT('',(2.49999999999998,62.5,-97.5));
#5932=VECTOR('',#6875,1.0);
#5933=CARTESIAN_POINT('',(78.4212159716611,62.5,-91.5));
#5934=AXIS2_PLACEMENT_3D('',#6876,#6877,#6878);
#5935=CARTESIAN_POINT('',(50.0,62.5,-91.5));
#5936=VECTOR('',#6879,1.0);
#5937=CARTESIAN_POINT('',(50.0,55.0,-91.5));
#5938=VECTOR('',#6880,1.0);
#5939=CARTESIAN_POINT('',(78.4212159716611,62.5,-91.5));
#5940=VECTOR('',#6881,1.0);
#5941=CARTESIAN_POINT('',(22.5,62.5,-97.5));
#5942=CARTESIAN_POINT('',(2.49999999999998,62.5,-97.5));
#5943=VECTOR('',#6882,1.0);
#5944=CARTESIAN_POINT('',(21.5787840283389,62.5,-91.5));
#5945=CARTESIAN_POINT('',(8.99999999999995,62.5,-91.5));
#5946=VECTOR('',#6883,1.0);
#5947=AXIS2_PLACEMENT_3D('',#6884,#6885,#6886);
#5948=CARTESIAN_POINT('',(8.99999999999995,55.0,-91.5));
#5949=VECTOR('',#6887,1.0);
#5950=CARTESIAN_POINT('',(21.5787840283389,62.5,-91.5));
#5951=VECTOR('',#6888,1.0);
#5952=CARTESIAN_POINT('',(8.99999999999995,62.5,-78.5857196806222));
#5953=CARTESIAN_POINT('',(8.99999999999996,62.5,-8.49999999999999));
#5954=VECTOR('',#6889,1.0);
#5955=AXIS2_PLACEMENT_3D('',#6890,#6891,#6892);
#5956=CARTESIAN_POINT('',(8.99999999999996,55.0,-8.49999999999999));
#5957=VECTOR('',#6893,1.0);
#5958=CARTESIAN_POINT('',(8.99999999999995,62.5,-78.5857196806222));
#5959=VECTOR('',#6894,1.0);
#5960=CARTESIAN_POINT('',(91.0,62.5,-91.5));
#5961=VECTOR('',#6895,1.0);
#5962=CARTESIAN_POINT('',(91.0,55.0,-91.5));
#5963=VECTOR('',#6896,1.0);
#5964=CARTESIAN_POINT('',(78.4212159716611,62.5,-8.5));
#5965=CARTESIAN_POINT('',(91.0,62.5,-8.5));
#5966=VECTOR('',#6897,1.0);
#5967=AXIS2_PLACEMENT_3D('',#6898,#6899,#6900);
#5968=CARTESIAN_POINT('',(78.4212159716611,55.0,-8.5));
#5969=CARTESIAN_POINT('',(91.0,55.0,-8.5));
#5970=VECTOR('',#6901,1.0);
#5971=CARTESIAN_POINT('',(78.4212159716611,62.5,-8.5));
#5972=VECTOR('',#6902,1.0);
#5973=CARTESIAN_POINT('',(4.99999999999998,52.5,-14.7474487139159));
#5974=AXIS2_PLACEMENT_3D('',#6903,#6904,#6905);
#5975=CARTESIAN_POINT('',(4.99999999999998,52.5,-22.3431348329844));
#5976=CARTESIAN_POINT('',(4.99999999999998,52.5,-22.5));
#5977=VECTOR('',#6906,1.0);
#5978=AXIS2_PLACEMENT_3D('',#6907,#6908,#6909);
#5979=CARTESIAN_POINT('',(4.99999999999996,52.5,-77.6568651670155));
#5980=AXIS2_PLACEMENT_3D('',#6910,#6911,#6912);
#5981=CARTESIAN_POINT('',(4.99999999999996,52.5,-85.0));
#5982=VECTOR('',#6913,1.0);
#5983=AXIS2_PLACEMENT_3D('',#6914,#6915,#6916);
#5984=AXIS2_PLACEMENT_3D('',#6917,#6918,#6919);
#5985=CARTESIAN_POINT('',(77.6568651670155,52.5,-4.99999999999999));
#5986=CARTESIAN_POINT('',(77.5,52.5,-4.99999999999999));
#5987=VECTOR('',#6920,1.0);
#5988=CARTESIAN_POINT('',(78.4212159716611,52.5,-8.5));
#5989=AXIS2_PLACEMENT_3D('',#6921,#6922,#6923);
#5990=CARTESIAN_POINT('',(91.0,52.5,-8.5));
#5991=VECTOR('',#6924,1.0);
#5992=CARTESIAN_POINT('',(91.0,55.0,-8.5));
#5993=VECTOR('',#6925,1.0);
#5994=AXIS2_PLACEMENT_3D('',#6926,#6927,#6928);
#5995=CARTESIAN_POINT('',(7.40000000000001,75.0,-97.5));
#5996=AXIS2_PLACEMENT_3D('',#6929,#6930,#6931);
#5997=CARTESIAN_POINT('',(87.4,75.0,-97.5));
#5998=AXIS2_PLACEMENT_3D('',#6932,#6933,#6934);
#5999=CARTESIAN_POINT('',(22.5,52.5,-97.5));
#6000=VECTOR('',#6935,1.0);
#6001=CARTESIAN_POINT('',(4.99999999999996,2.5,-97.5));
#6002=CARTESIAN_POINT('',(95.0,2.5,-97.5));
#6003=CARTESIAN_POINT('',(2.49999999999996,2.5,-97.5));
#6004=VECTOR('',#6936,1.0);
#6005=CARTESIAN_POINT('',(95.0,90.0,-97.5));
#6006=VECTOR('',#6937,1.0);
#6007=CARTESIAN_POINT('',(4.99999999999996,0.0,-97.5));
#6008=VECTOR('',#6938,1.0);
#6009=CARTESIAN_POINT('',(77.5,52.5,-97.5));
#6010=VECTOR('',#6939,1.0);
#6011=AXIS2_PLACEMENT_3D('',#6940,#6941,#6942);
#6012=AXIS2_PLACEMENT_3D('',#6943,#6944,#6945);
#6013=CARTESIAN_POINT('',(-2.75,75.0,-4.99999999999998));
#6014=VECTOR('',#6946,1.0);
#6015=CARTESIAN_POINT('',(2.49999999999997,70.0,-9.99999999999998));
#6016=VECTOR('',#6947,1.0);
#6017=CARTESIAN_POINT('',(-2.75,80.0,-9.99999999999997));
#6018=VECTOR('',#6948,1.0);
#6019=CARTESIAN_POINT('',(-2.75,70.0000000000001,-90.0));
#6020=VECTOR('',#6949,1.0);
#6021=CARTESIAN_POINT('',(-1.69135538907739E-14,75.0000000000001,-95.0));
#6022=VECTOR('',#6950,1.0);
#6023=CARTESIAN_POINT('',(2.49999999999996,80.0000000000001,-90.0));
#6024=VECTOR('',#6951,1.0);
#6025=CARTESIAN_POINT('',(-2.75,75.0000000000001,-95.0));
#6026=VECTOR('',#6952,1.0);
#6027=CARTESIAN_POINT('',(100.0,80.0000000000001,-90.0));
#6028=VECTOR('',#6953,1.0);
#6029=CARTESIAN_POINT('',(-2.75,70.0000000000001,-90.0));
#6030=VECTOR('',#6954,1.0);
#6031=CARTESIAN_POINT('',(-2.75,80.0,-9.99999999999997));
#6032=VECTOR('',#6955,1.0);
#6033=CARTESIAN_POINT('',(97.5,75.0,-4.99999999999998));
#6034=VECTOR('',#6956,1.0);
#6035=CARTESIAN_POINT('',(100.0,70.0,-9.99999999999998));
#6036=VECTOR('',#6957,1.0);
#6037=CARTESIAN_POINT('',(60.0,67.0,-2.49999999999999));
#6038=VECTOR('',#6958,1.0);
#6039=CARTESIAN_POINT('',(61.0,66.0,0.0));
#6040=VECTOR('',#6959,1.0);
#6041=CARTESIAN_POINT('',(85.0,66.0,-2.49999999999999));
#6042=VECTOR('',#6960,1.0);
#6043=CARTESIAN_POINT('',(86.0,67.0,0.0));
#6044=VECTOR('',#6961,1.0);
#6045=CARTESIAN_POINT('',(86.0,74.0,-2.49999999999999));
#6046=VECTOR('',#6962,1.0);
#6047=CARTESIAN_POINT('',(85.0,75.0,0.0));
#6048=VECTOR('',#6963,1.0);
#6049=CARTESIAN_POINT('',(61.0,75.0,-2.49999999999999));
#6050=VECTOR('',#6964,1.0);
#6051=CARTESIAN_POINT('',(60.0,74.0,0.0));
#6052=VECTOR('',#6965,1.0);
#6053=CARTESIAN_POINT('',(56.0,-1.50000000000001,-91.5));
#6054=AXIS2_PLACEMENT_3D('',#6966,#6967,#6968);
#6055=AXIS2_PLACEMENT_3D('',#6969,#6970,#6971);
#6056=CARTESIAN_POINT('',(92.5,32.65,-43.325));
#6057=VECTOR('',#6972,1.0);
#6058=CARTESIAN_POINT('',(2.49999999999996,50.0,-77.5));
#6059=CARTESIAN_POINT('',(2.49999999999996,50.1653291946864,-77.5));
#6060=CARTESIAN_POINT('',(2.5162387518392,50.3278932914961,-77.499981289268));
#6061=CARTESIAN_POINT('',(2.57986644547031,50.6477171656772,-77.5001341635105));
#6062=CARTESIAN_POINT('',(2.62803065223834,50.8066376853143,-77.5003109996351));
#6063=CARTESIAN_POINT('',(2.75375414578238,51.1096316976818,-77.5015110372626));
#6064=CARTESIAN_POINT('',(2.83068802297256,51.2533274796217,-77.502527453941));
#6065=CARTESIAN_POINT('',(3.01244750988998,51.5252472992623,-77.5063595023686));
#6066=CARTESIAN_POINT('',(3.11822826220413,51.6539543512067,-77.5092234006839));
#6067=CARTESIAN_POINT('',(3.34920232029742,51.884541559566,-77.5177025683444));
#6068=CARTESIAN_POINT('',(3.47520119190621,51.9879679242134,-77.5233201852785));
#6069=CARTESIAN_POINT('',(3.74866648620084,52.1705281177881,-77.5385475029787));
#6070=CARTESIAN_POINT('',(3.89411067670985,52.2479853439308,-77.5480788383471));
#6071=CARTESIAN_POINT('',(4.34478274563942,52.4344214009015,-77.5829824747704));
#6072=CARTESIAN_POINT('',(4.67194364055104,52.5,-77.6155339506767));
#6073=CARTESIAN_POINT('',(4.99999999999997,52.5,-77.6568651670155));
#6074=AXIS2_PLACEMENT_3D('',#6973,#6974,#6975);
#6075=AXIS2_PLACEMENT_3D('',#6976,#6977,#6978);
#6076=AXIS2_PLACEMENT_3D('',#6979,#6980,#6981);
#6077=AXIS2_PLACEMENT_3D('',#6982,#6983,#6984);
#6078=AXIS2_PLACEMENT_3D('',#6985,#6986,#6987);
#6079=AXIS2_PLACEMENT_3D('',#6988,#6989,#6990);
#6080=CARTESIAN_POINT('',(77.6568651670155,52.5,-4.99999999999999));
#6081=CARTESIAN_POINT('',(77.6362007980206,52.5,-4.83598165591772));
#6082=CARTESIAN_POINT('',(77.6179102413269,52.4840134104632,-4.67441991419852));
#6083=CARTESIAN_POINT('',(77.5856693154254,52.4210928331798,-4.35607880237017));
#6084=CARTESIAN_POINT('',(77.5716016538601,52.3733866661411,-4.19762946422672));
#6085=CARTESIAN_POINT('',(77.5481459806144,52.2485852942787,-3.89518014226429));
#6086=CARTESIAN_POINT('',(77.5387333861796,52.1721140982717,-3.75155756312398));
#6087=CARTESIAN_POINT('',(77.5235354734011,51.9911748111041,-3.47950302672841));
#6088=CARTESIAN_POINT('',(77.5177611339871,51.8857584957182,-3.35059170285752));
#6089=CARTESIAN_POINT('',(77.5092602491608,51.655327961716,-3.11943567671378));
#6090=CARTESIAN_POINT('',(77.5064377519764,51.529509182614,-3.0156374083884));
#6091=CARTESIAN_POINT('',(77.5025492577297,51.2561324296721,-2.83223051183615));
#6092=CARTESIAN_POINT('',(77.5015194735954,51.1106936791016,-2.75435406842816));
#6093=CARTESIAN_POINT('',(77.4997187834836,50.6592250561077,-2.56654839363391));
#6094=CARTESIAN_POINT('',(77.5,50.3306540953229,-2.49999999999999));
#6095=CARTESIAN_POINT('',(77.5,50.0,-2.49999999999999));
#6096=CARTESIAN_POINT('',(2.49999999999998,50.0,-15.0));
#6097=CARTESIAN_POINT('',(2.49999999999998,50.165745154668,-15.0));
#6098=CARTESIAN_POINT('',(2.51631979154637,50.3287120525765,-15.0000302395347));
#6099=CARTESIAN_POINT('',(2.58026694533404,50.6493157440955,-14.9997831798142));
#6100=CARTESIAN_POINT('',(2.62868148351999,50.8086281885818,-14.9994972466788));
#6101=CARTESIAN_POINT('',(2.75500494181173,51.1122177137055,-14.9975582744624));
#6102=CARTESIAN_POINT('',(2.83230255575666,51.256171777644,-14.995916217504));
#6103=CARTESIAN_POINT('',(3.01492256658892,51.5285114746349,-14.9897238501842));
#6104=CARTESIAN_POINT('',(3.12116992439814,51.6573240487465,-14.9850963457674));
#6105=CARTESIAN_POINT('',(3.35299707818223,51.8878842207782,-14.97140244009));
#6106=CARTESIAN_POINT('',(3.47941620817305,51.9912108986836,-14.9623309651696));
#6107=CARTESIAN_POINT('',(3.75362788140207,52.1733965245635,-14.9377395988672));
#6108=CARTESIAN_POINT('',(3.89911772034055,52.2504238457067,-14.9223733488123));
#6109=CARTESIAN_POINT('',(4.34950153974853,52.4356208385513,-14.8661192014746));
#6110=CARTESIAN_POINT('',(4.67522921750627,52.5,-14.8137422722887));
#6111=CARTESIAN_POINT('',(4.99999999999999,52.5,-14.7474487139159));
#6112=CARTESIAN_POINT('',(4.99999999999998,52.5,-22.3431348329844));
#6113=CARTESIAN_POINT('',(4.83598165591772,52.5,-22.3637992019794));
#6114=CARTESIAN_POINT('',(4.67441991419852,52.4840134104632,-22.3820897586731));
#6115=CARTESIAN_POINT('',(4.35607880237017,52.4210928331797,-22.4143306845746));
#6116=CARTESIAN_POINT('',(4.19762946422672,52.3733866661411,-22.4283983461399));
#6117=CARTESIAN_POINT('',(3.89518014226428,52.2485852942787,-22.4518540193856));
#6118=CARTESIAN_POINT('',(3.75155756312398,52.1721140982717,-22.4612666138203));
#6119=CARTESIAN_POINT('',(3.4795030267284,51.9911748111041,-22.4764645265988));
#6120=CARTESIAN_POINT('',(3.35059170285751,51.8857584957182,-22.4822388660129));
#6121=CARTESIAN_POINT('',(3.11943567671377,51.655327961716,-22.4907397508391));
#6122=CARTESIAN_POINT('',(3.0156374083884,51.529509182614,-22.4935622480236));
#6123=CARTESIAN_POINT('',(2.83223051183614,51.2561324296721,-22.4974507422703));
#6124=CARTESIAN_POINT('',(2.75435406842815,51.1106936791016,-22.4984805264045));
#6125=CARTESIAN_POINT('',(2.56654839363391,50.6592250561077,-22.5002812165163));
#6126=CARTESIAN_POINT('',(2.49999999999998,50.3306540953229,-22.5));
#6127=CARTESIAN_POINT('',(2.49999999999998,50.0,-22.5));
#6128=CARTESIAN_POINT('',(2.49999999999999,18.9,-55.075));
#6129=VECTOR('',#6991,1.0);
#6130=CARTESIAN_POINT('',(97.5,31.05,-55.075));
#6131=VECTOR('',#6992,1.0);
#6132=CARTESIAN_POINT('',(26.9999999999999,31.05,-44.9249999999991));
#6133=VECTOR('',#6993,1.0);
#6134=CARTESIAN_POINT('',(97.5,18.9,-55.075));
#6135=VECTOR('',#6994,1.0);
#6136=AXIS2_PLACEMENT_3D('',#6995,#6996,#6997);
#6137=AXIS2_PLACEMENT_3D('',#6998,#6999,#7000);
#6138=CARTESIAN_POINT('',(78.4212159716611,52.5,-8.5));
#6139=VECTOR('',#7001,1.0);
#6140=CARTESIAN_POINT('',(22.5,0.0,-17.5));
#6141=VECTOR('',#7002,1.0);
#6142=CARTESIAN_POINT('',(26.25,-2.00000000000001,-121.0));
#6143=AXIS2_PLACEMENT_3D('',#7003,#7004,#7005);
#6144=CARTESIAN_POINT('',(32.25,-2.50000000000001,-115.0));
#6145=AXIS2_PLACEMENT_3D('',#7006,#7007,#7008);
#6146=CARTESIAN_POINT('',(26.25,2.99999999999999,-116.0));
#6147=AXIS2_PLACEMENT_3D('',#7009,#7010,#7011);
#6148=CARTESIAN_POINT('',(73.75,-2.00000000000001,-121.0));
#6149=AXIS2_PLACEMENT_3D('',#7012,#7013,#7014);
#6150=CARTESIAN_POINT('',(79.75,-2.50000000000001,-115.0));
#6151=AXIS2_PLACEMENT_3D('',#7015,#7016,#7017);
#6152=CARTESIAN_POINT('',(73.75,2.99999999999999,-116.0));
#6153=AXIS2_PLACEMENT_3D('',#7018,#7019,#7020);
#6154=CARTESIAN_POINT('',(13.0,2.51316701949486,-7.49999999999999));
#6155=DIRECTION('',(-1.77635683940025E-16,0.0,-1.0));
#6156=DIRECTION('',(-1.0,0.0,1.77635683940025E-16));
#6157=DIRECTION('',(1.77635683940025E-16,-0.0,1.0));
#6158=CARTESIAN_POINT('',(13.0,2.51316701949486,-17.5));
#6159=DIRECTION('',(-1.77635683940025E-16,0.0,-1.0));
#6160=DIRECTION('',(-1.0,0.0,1.77635683940025E-16));
#6161=DIRECTION('',(0.0,0.0,1.0));
#6162=DIRECTION('',(-0.0,0.0,1.0));
#6163=CARTESIAN_POINT('',(22.0,2.51316701949486,-17.5));
#6164=DIRECTION('',(-1.77635683940025E-16,0.0,-1.0));
#6165=DIRECTION('',(-1.0,0.0,1.77635683940025E-16));
#6166=DIRECTION('',(1.77635683940025E-16,-0.0,1.0));
#6167=CARTESIAN_POINT('',(22.0,2.51316701949486,-7.49999999999999));
#6168=DIRECTION('',(-1.77635683940025E-16,0.0,-1.0));
#6169=DIRECTION('',(-1.0,0.0,1.77635683940025E-16));
#6170=CARTESIAN_POINT('',(6.24999999999994,40.15,-56.6749999999999));
#6171=DIRECTION('',(3.77022676117603E-15,-6.12323399573677E-17,1.0));
#6172=DIRECTION('',(1.0,0.0,-3.77022676117603E-15));
#6173=DIRECTION('',(1.92937634241975E-15,-6.12323399573677E-17,1.0));
#6174=CARTESIAN_POINT('',(6.24999999999996,40.15,-43.3249999999998));
#6175=DIRECTION('',(-3.21919361915801E-14,-6.12323399573677E-17,1.0));
#6176=DIRECTION('',(1.0,0.0,3.21919361915801E-14));
#6177=DIRECTION('',(1.92937634241975E-15,-6.12323399573677E-17,1.0));
#6178=CARTESIAN_POINT('',(93.75,40.15,-56.6750000000001));
#6179=DIRECTION('',(-7.5791225147744E-15,6.12323399573677E-17,-1.0));
#6180=DIRECTION('',(-1.0,0.0,7.5791225147744E-15));
#6181=DIRECTION('',(-2.12896699853214E-15,-6.12323399573677E-17,1.0));
#6182=CARTESIAN_POINT('',(93.75,40.15,-43.3249999999968));
#6183=DIRECTION('',(-1.10844666778575E-13,-6.12323399573677E-17,1.0));
#6184=DIRECTION('',(1.0,0.0,1.10844666778575E-13));
#6185=DIRECTION('',(-2.12896699853214E-15,-6.12323399573677E-17,1.0));
#6186=DIRECTION('',(-1.0,4.57980993161058E-33,-7.47939721852737E-17));
#6187=DIRECTION('',(-1.0,4.57980993161058E-33,-7.47939721852737E-17));
#6188=DIRECTION('',(0.0,1.0,6.12323399573677E-17));
#6189=DIRECTION('',(-0.0,-1.0,-6.12323399573677E-17));
#6190=CARTESIAN_POINT('',(2.49999999999999,62.5,-2.49999999999999));
#6191=DIRECTION('',(0.0,-1.0,-6.12323399573677E-17));
#6192=DIRECTION('',(-1.11022302462516E-16,6.12323399573677E-17,-1.0));
#6193=DIRECTION('',(0.0,1.0,6.12323399573677E-17));
#6194=CARTESIAN_POINT('',(2.49999999999999,52.5,-2.49999999999999));
#6195=DIRECTION('',(0.0,-1.0,-6.12323399573677E-17));
#6196=DIRECTION('',(-1.11022302462516E-16,6.12323399573677E-17,-1.0));
#6197=DIRECTION('',(0.0,1.0,6.12323399573677E-17));
#6198=CARTESIAN_POINT('',(97.5,62.5,-2.49999999999998));
#6199=DIRECTION('',(0.0,1.0,6.12323399573677E-17));
#6200=DIRECTION('',(0.0,6.12323399573677E-17,-1.0));
#6201=DIRECTION('',(-0.0,-1.0,-6.12323399573677E-17));
#6202=CARTESIAN_POINT('',(97.5,55.0,-2.49999999999998));
#6203=DIRECTION('',(0.0,1.0,6.12323399573677E-17));
#6204=DIRECTION('',(0.0,6.12323399573677E-17,-1.0));
#6205=DIRECTION('',(-0.0,-1.0,-6.12323399573677E-17));
#6206=CARTESIAN_POINT('',(97.5,62.5,-2.49999999999998));
#6207=DIRECTION('',(0.0,1.0,6.12323399573677E-17));
#6208=DIRECTION('',(0.0,6.12323399573677E-17,-1.0));
#6209=DIRECTION('',(0.0,1.0,6.12323399573677E-17));
#6210=CARTESIAN_POINT('',(97.5,52.5,-2.49999999999998));
#6211=DIRECTION('',(0.0,1.0,6.12323399573677E-17));
#6212=DIRECTION('',(0.0,6.12323399573677E-17,-1.0));
#6213=DIRECTION('',(0.0,-6.12323399573677E-17,1.0));
#6214=DIRECTION('',(-0.0,-6.12323399573677E-17,1.0));
#6215=DIRECTION('',(0.0,-6.12323399573677E-17,1.0));
#6216=DIRECTION('',(-0.0,-6.12323399573677E-17,1.0));
#6217=DIRECTION('',(0.0,1.0,6.12323399573677E-17));
#6218=CARTESIAN_POINT('',(97.5,62.5,-97.5));
#6219=DIRECTION('',(0.0,1.0,6.12323399573677E-17));
#6220=DIRECTION('',(-1.0,0.0,0.0));
#6221=DIRECTION('',(-0.0,-1.0,-6.12323399573677E-17));
#6222=CARTESIAN_POINT('',(97.5,55.0,-97.5));
#6223=DIRECTION('',(0.0,1.0,6.12323399573677E-17));
#6224=DIRECTION('',(-1.0,0.0,0.0));
#6225=DIRECTION('',(-0.0,-1.0,-6.12323399573677E-17));
#6226=CARTESIAN_POINT('',(97.5,62.5,-97.5));
#6227=DIRECTION('',(0.0,1.0,6.12323399573677E-17));
#6228=DIRECTION('',(-1.0,0.0,0.0));
#6229=DIRECTION('',(0.0,1.0,6.12323399573677E-17));
#6230=CARTESIAN_POINT('',(97.5,52.5,-97.5));
#6231=DIRECTION('',(0.0,1.0,6.12323399573677E-17));
#6232=DIRECTION('',(-1.0,0.0,0.0));
#6233=DIRECTION('',(1.0,0.0,0.0));
#6234=DIRECTION('',(1.0,-0.0,0.0));
#6235=DIRECTION('',(1.0,0.0,0.0));
#6236=DIRECTION('',(1.0,-0.0,0.0));
#6237=CARTESIAN_POINT('',(2.49999999999998,55.0,-97.5));
#6238=DIRECTION('',(0.0,-1.0,-6.12323399573677E-17));
#6239=DIRECTION('',(1.0,0.0,0.0));
#6240=DIRECTION('',(-0.0,-1.0,-6.12323399573677E-17));
#6241=CARTESIAN_POINT('',(2.49999999999998,62.5,-97.5));
#6242=DIRECTION('',(0.0,-1.0,-6.12323399573677E-17));
#6243=DIRECTION('',(1.0,0.0,0.0));
#6244=DIRECTION('',(0.0,1.0,6.12323399573677E-17));
#6245=CARTESIAN_POINT('',(2.49999999999998,52.5,-97.5));
#6246=DIRECTION('',(0.0,-1.0,-6.12323399573677E-17));
#6247=DIRECTION('',(1.0,0.0,0.0));
#6248=DIRECTION('',(0.0,1.0,6.12323399573677E-17));
#6249=CARTESIAN_POINT('',(2.49999999999998,62.5,-97.5));
#6250=DIRECTION('',(0.0,-1.0,-6.12323399573677E-17));
#6251=DIRECTION('',(1.0,0.0,0.0));
#6252=DIRECTION('',(-0.0,-1.0,-6.12323399573677E-17));
#6253=DIRECTION('',(-1.71215117050627E-16,6.12323399573677E-17,-1.0));
#6254=DIRECTION('',(0.0,1.0,6.12323399573677E-17));
#6255=DIRECTION('',(-1.71215117050627E-16,6.12323399573677E-17,-1.0));
#6256=DIRECTION('',(0.0,1.0,6.12323399573677E-17));
#6257=DIRECTION('',(1.0,2.1223509439171E-32,-3.46606212565903E-16));
#6258=DIRECTION('',(0.0,1.0,6.12323399573677E-17));
#6259=DIRECTION('',(1.0,2.1223509439171E-32,-3.46606212565903E-16));
#6260=DIRECTION('',(0.0,1.0,6.12323399573677E-17));
#6261=DIRECTION('',(0.0,-6.12323399573677E-17,1.0));
#6262=DIRECTION('',(0.0,1.0,6.12323399573677E-17));
#6263=DIRECTION('',(0.0,-6.12323399573677E-17,1.0));
#6264=DIRECTION('',(0.0,1.0,6.12323399573677E-17));
#6265=DIRECTION('',(0.0,1.0,6.12323399573677E-17));
#6266=CARTESIAN_POINT('',(97.5,62.5,-97.5));
#6267=DIRECTION('',(0.0,1.0,6.12323399573677E-17));
#6268=DIRECTION('',(-1.0,1.30524583050902E-31,-2.1316282072803E-15));
#6269=DIRECTION('',(-0.0,-1.0,-6.12323399573677E-17));
#6270=CARTESIAN_POINT('',(97.5,52.5,-97.5));
#6271=DIRECTION('',(0.0,1.0,6.12323399573677E-17));
#6272=DIRECTION('',(-1.0,1.30524583050902E-31,-2.1316282072803E-15));
#6273=DIRECTION('',(-0.0,-1.0,-6.12323399573677E-17));
#6274=CARTESIAN_POINT('',(97.5,62.5,-2.49999999999998));
#6275=DIRECTION('',(0.0,-1.0,-6.12323399573677E-17));
#6276=DIRECTION('',(-1.0,5.43852429378756E-33,-8.88178419700125E-17));
#6277=DIRECTION('',(0.0,1.0,6.12323399573677E-17));
#6278=CARTESIAN_POINT('',(97.5,52.5,-2.49999999999998));
#6279=DIRECTION('',(0.0,-1.0,-6.12323399573677E-17));
#6280=DIRECTION('',(-1.0,5.43852429378756E-33,-8.88178419700125E-17));
#6281=DIRECTION('',(0.0,1.0,6.12323399573677E-17));
#6282=DIRECTION('',(-3.27223628310573E-16,6.12323399573677E-17,-1.0));
#6283=DIRECTION('',(0.0,1.0,6.12323399573677E-17));
#6284=DIRECTION('',(-4.67462326157961E-17,6.12323399573677E-17,-1.0));
#6285=DIRECTION('',(0.0,1.0,6.12323399573677E-17));
#6286=DIRECTION('',(-3.27223628310573E-16,6.12323399573677E-17,-1.0));
#6287=DIRECTION('',(0.0,1.0,6.12323399573677E-17));
#6288=DIRECTION('',(-9.25575405792763E-16,6.12323399573677E-17,-1.0));
#6289=DIRECTION('',(-3.27223628310573E-16,6.12323399573677E-17,-1.0));
#6290=DIRECTION('',(0.0,1.0,6.12323399573677E-17));
#6291=DIRECTION('',(-4.67462326157961E-17,6.12323399573677E-17,-1.0));
#6292=DIRECTION('',(3.27223628310573E-16,-2.8421709430404E-16,1.0));
#6293=CARTESIAN_POINT('',(2.49999999999996,75.0000000000001,-90.0));
#6294=DIRECTION('',(-1.0,0.0,3.27223628310573E-16));
#6295=DIRECTION('',(3.27223628310573E-16,0.0,1.0));
#6296=DIRECTION('',(0.0,-1.0,0.0));
#6297=DIRECTION('',(-3.27223628310573E-16,0.0,-1.0));
#6298=DIRECTION('',(-0.0,-1.0,-0.0));
#6299=DIRECTION('',(-3.27223628310573E-16,0.0,-1.0));
#6300=DIRECTION('',(0.0,-1.0,0.0));
#6301=CARTESIAN_POINT('',(2.49999999999996,75.0000000000001,-90.0));
#6302=DIRECTION('',(-1.0,0.0,3.27223628310573E-16));
#6303=DIRECTION('',(3.27223628310573E-16,0.0,1.0));
#6304=DIRECTION('',(3.27223628310573E-16,-2.8421709430404E-16,1.0));
#6305=CARTESIAN_POINT('',(2.49999999999999,75.0,-9.99999999999998));
#6306=DIRECTION('',(-1.0,0.0,3.27223628310573E-16));
#6307=DIRECTION('',(3.27223628310573E-16,0.0,1.0));
#6308=CARTESIAN_POINT('',(2.49999999999999,75.0,-9.99999999999998));
#6309=DIRECTION('',(-1.0,0.0,3.27223628310573E-16));
#6310=DIRECTION('',(3.27223628310573E-16,0.0,1.0));
#6311=DIRECTION('',(0.0,-6.12323399573677E-17,1.0));
#6312=DIRECTION('',(0.0,1.0,6.12323399573677E-17));
#6313=DIRECTION('',(0.0,-6.12323399573677E-17,1.0));
#6314=DIRECTION('',(0.0,1.0,6.12323399573677E-17));
#6315=DIRECTION('',(-1.49587944370547E-16,-6.12323399573677E-17,1.0));
#6316=DIRECTION('',(0.0,-6.12323399573677E-17,1.0));
#6317=CARTESIAN_POINT('',(97.5,75.0,-9.99999999999998));
#6318=DIRECTION('',(1.0,0.0,0.0));
#6319=DIRECTION('',(0.0,0.0,-1.0));
#6320=CARTESIAN_POINT('',(97.5,75.0,-9.99999999999998));
#6321=DIRECTION('',(1.0,0.0,0.0));
#6322=DIRECTION('',(0.0,0.0,-1.0));
#6323=DIRECTION('',(0.0,2.8421709430404E-16,-1.0));
#6324=CARTESIAN_POINT('',(97.5,75.0000000000001,-90.0));
#6325=DIRECTION('',(1.0,0.0,0.0));
#6326=DIRECTION('',(0.0,0.0,-1.0));
#6327=DIRECTION('',(0.0,-1.0,0.0));
#6328=DIRECTION('',(0.0,0.0,1.0));
#6329=DIRECTION('',(-0.0,-1.0,-0.0));
#6330=DIRECTION('',(0.0,0.0,1.0));
#6331=DIRECTION('',(0.0,-1.0,0.0));
#6332=CARTESIAN_POINT('',(97.5,75.0000000000001,-90.0));
#6333=DIRECTION('',(1.0,0.0,0.0));
#6334=DIRECTION('',(0.0,0.0,-1.0));
#6335=DIRECTION('',(0.0,2.8421709430404E-16,-1.0));
#6336=DIRECTION('',(1.0,0.0,7.47939721852737E-17));
#6337=CARTESIAN_POINT('',(85.0,67.0,-2.49999999999999));
#6338=DIRECTION('',(-7.47939721852737E-17,0.0,1.0));
#6339=DIRECTION('',(1.0,0.0,7.47939721852737E-17));
#6340=DIRECTION('',(0.0,1.0,-0.0));
#6341=CARTESIAN_POINT('',(85.0,74.0,-2.49999999999999));
#6342=DIRECTION('',(-7.47939721852737E-17,0.0,1.0));
#6343=DIRECTION('',(1.0,0.0,7.47939721852737E-17));
#6344=DIRECTION('',(-1.0,0.0,-7.47939721852737E-17));
#6345=CARTESIAN_POINT('',(61.0,74.0,-2.49999999999999));
#6346=DIRECTION('',(-7.47939721852737E-17,0.0,1.0));
#6347=DIRECTION('',(1.0,0.0,7.47939721852737E-17));
#6348=DIRECTION('',(0.0,-1.0,0.0));
#6349=CARTESIAN_POINT('',(61.0,67.0,-2.49999999999999));
#6350=DIRECTION('',(-7.47939721852737E-17,0.0,1.0));
#6351=DIRECTION('',(1.0,0.0,7.47939721852737E-17));
#6352=CARTESIAN_POINT('',(10.0,75.0,-2.49999999999999));
#6353=DIRECTION('',(-7.47939721852737E-17,0.0,1.0));
#6354=DIRECTION('',(1.0,0.0,7.47939721852737E-17));
#6355=CARTESIAN_POINT('',(90.0,75.0,-2.49999999999999));
#6356=DIRECTION('',(-7.47939721852737E-17,0.0,1.0));
#6357=DIRECTION('',(1.0,0.0,7.47939721852737E-17));
#6358=DIRECTION('',(0.0,1.0,6.12323399573677E-17));
#6359=DIRECTION('',(-1.0,4.57980993161058E-33,-7.47939721852737E-17));
#6360=DIRECTION('',(-1.0,8.58714362176984E-33,-1.40238697847388E-16));
#6361=CARTESIAN_POINT('',(95.0,2.5,-2.49999999999999));
#6362=DIRECTION('',(-7.47939721852737E-17,0.0,1.0));
#6363=DIRECTION('',(1.0,0.0,7.47939721852737E-17));
#6364=DIRECTION('',(-1.0,0.0,-7.47939721852737E-17));
#6365=CARTESIAN_POINT('',(82.6131400333574,10.0,-2.49999999999999));
#6366=DIRECTION('',(-7.47939721852737E-17,-3.76158192263132E-33,1.0));
#6367=DIRECTION('',(0.970742855781353,0.240121444168285,7.26057141543637E-17));
#6368=CARTESIAN_POINT('',(50.0,8.49999999999999,-2.49999999999999));
#6369=DIRECTION('',(7.47939721852737E-17,0.0,-1.0));
#6370=DIRECTION('',(-1.0,4.17966315153E-17,-7.47939721852737E-17));
#6371=CARTESIAN_POINT('',(17.3868599666426,10.0,-2.49999999999999));
#6372=DIRECTION('',(-7.47939721852737E-17,-1.88079096131566E-33,1.0));
#6373=DIRECTION('',(-0.988685996664259,-0.150000000000001,-7.39477529344762E-17));
#6374=DIRECTION('',(-1.0,0.0,-7.47939721852737E-17));
#6375=CARTESIAN_POINT('',(4.99999999999999,2.5,-2.49999999999999));
#6376=DIRECTION('',(-7.47939721852737E-17,0.0,1.0));
#6377=DIRECTION('',(1.0,0.0,7.47939721852737E-17));
#6378=DIRECTION('',(-1.0,0.0,-7.47939721852737E-17));
#6379=DIRECTION('',(0.0,1.0,6.12323399573677E-17));
#6380=DIRECTION('',(-1.0,8.58714362176984E-33,-1.40238697847388E-16));
#6381=CARTESIAN_POINT('',(50.0,-2.50000000000001,-8.49999999999999));
#6382=DIRECTION('',(0.0,-1.0,0.0));
#6383=DIRECTION('',(1.0,0.0,0.0));
#6384=DIRECTION('',(-1.0,0.0,0.0));
#6385=DIRECTION('',(0.0,0.0,1.0));
#6386=DIRECTION('',(1.0,0.0,0.0));
#6387=DIRECTION('',(-1.77635683940025E-16,0.0,-1.0));
#6388=DIRECTION('',(1.0,0.0,0.0));
#6389=CARTESIAN_POINT('',(50.0,-2.50000000000001,-91.5));
#6390=DIRECTION('',(0.0,-1.0,0.0));
#6391=DIRECTION('',(1.0,0.0,0.0));
#6392=DIRECTION('',(1.0,0.0,0.0));
#6393=CARTESIAN_POINT('',(95.0,-2.50000000000001,-95.0));
#6394=DIRECTION('',(0.0,1.0,0.0));
#6395=DIRECTION('',(0.0,-0.0,1.0));
#6396=DIRECTION('',(0.0,-0.0,1.0));
#6397=DIRECTION('',(-1.0,0.0,6.12323399573673E-18));
#6398=DIRECTION('',(-3.25805567024123E-16,0.0,-1.0));
#6399=CARTESIAN_POINT('',(4.99999999999998,-2.50000000000001,-95.0));
#6400=DIRECTION('',(0.0,1.0,0.0));
#6401=DIRECTION('',(0.0,-0.0,1.0));
#6402=DIRECTION('',(-1.0,0.0,1.77635683940025E-16));
#6403=DIRECTION('',(0.0,0.0,1.0));
#6404=DIRECTION('',(1.0,0.0,0.0));
#6405=DIRECTION('',(0.0,0.0,-1.0));
#6406=DIRECTION('',(1.0,0.0,0.0));
#6407=DIRECTION('',(-0.0,0.0,1.0));
#6408=DIRECTION('',(-1.0,0.0,1.77635683940025E-16));
#6409=DIRECTION('',(-0.0,0.0,1.0));
#6410=DIRECTION('',(1.0,0.0,0.0));
#6411=DIRECTION('',(0.0,0.0,1.0));
#6412=DIRECTION('',(-1.0,0.0,1.77635683940025E-16));
#6413=DIRECTION('',(-1.0,0.0,1.77635683940025E-16));
#6414=DIRECTION('',(-1.0,0.0,0.0));
#6415=DIRECTION('',(-1.77635683940025E-16,0.0,-1.0));
#6416=DIRECTION('',(0.0,-0.0,1.0));
#6417=DIRECTION('',(1.0,-0.0,0.0));
#6418=DIRECTION('',(-3.27223628310573E-16,0.0,-1.0));
#6419=DIRECTION('',(7.47939721852737E-17,0.0,-1.0));
#6420=DIRECTION('',(-1.0,0.0,-7.47939721852737E-17));
#6421=DIRECTION('',(7.47939721852737E-17,0.0,-1.0));
#6422=DIRECTION('',(-3.35161667811368E-16,0.0,-1.0));
#6423=DIRECTION('',(1.0,0.0,-4.06024420434342E-16));
#6424=DIRECTION('',(2.23441111874245E-16,-0.0,1.0));
#6425=DIRECTION('',(-1.0,0.0,3.04518315325757E-16));
#6426=CARTESIAN_POINT('',(-2.60208521396521E-15,24.975,-49.9999999999994));
#6427=DIRECTION('',(1.0,0.0,-3.25805567024123E-16));
#6428=DIRECTION('',(-3.25805567024123E-16,0.0,-1.0));
#6429=DIRECTION('',(-3.25805567024123E-16,2.8421709430404E-16,-1.0));
#6430=CARTESIAN_POINT('',(1.0842021724855E-14,75.0,-9.99999999999998));
#6431=DIRECTION('',(1.0,0.0,-3.25805567024123E-16));
#6432=DIRECTION('',(-3.25805567024123E-16,0.0,-1.0));
#6433=CARTESIAN_POINT('',(1.0842021724855E-14,75.0,-9.99999999999998));
#6434=DIRECTION('',(1.0,0.0,-3.25805567024123E-16));
#6435=DIRECTION('',(-3.25805567024123E-16,0.0,-1.0));
#6436=DIRECTION('',(-3.25805567024123E-16,2.8421709430404E-16,-1.0));
#6437=CARTESIAN_POINT('',(-1.51788304147971E-14,75.0000000000001,-90.0));
#6438=DIRECTION('',(1.0,0.0,-3.25805567024123E-16));
#6439=DIRECTION('',(-3.25805567024123E-16,0.0,-1.0));
#6440=DIRECTION('',(0.0,1.0,0.0));
#6441=DIRECTION('',(-3.25805567024123E-16,0.0,-1.0));
#6442=DIRECTION('',(0.0,1.0,0.0));
#6443=DIRECTION('',(-3.25805567024123E-16,0.0,-1.0));
#6444=DIRECTION('',(0.0,1.0,0.0));
#6445=CARTESIAN_POINT('',(-1.51788304147971E-14,75.0000000000001,-90.0));
#6446=DIRECTION('',(1.0,0.0,-3.25805567024123E-16));
#6447=DIRECTION('',(-3.25805567024123E-16,0.0,-1.0));
#6448=CARTESIAN_POINT('',(10.0,75.0,-100.0));
#6449=DIRECTION('',(0.0,0.0,1.0));
#6450=DIRECTION('',(1.0,0.0,-0.0));
#6451=CARTESIAN_POINT('',(90.0,75.0,-100.0));
#6452=DIRECTION('',(0.0,0.0,1.0));
#6453=DIRECTION('',(1.0,0.0,-0.0));
#6454=DIRECTION('',(0.0,1.0,-0.0));
#6455=DIRECTION('',(1.0,0.0,-0.0));
#6456=DIRECTION('',(-0.0,1.0,0.0));
#6457=DIRECTION('',(1.0,0.0,0.0));
#6458=CARTESIAN_POINT('',(100.0,24.975,-49.9999999999994));
#6459=DIRECTION('',(-1.0,0.0,0.0));
#6460=DIRECTION('',(0.0,0.0,1.0));
#6461=DIRECTION('',(0.0,2.8421709430404E-16,-1.0));
#6462=CARTESIAN_POINT('',(100.0,75.0,-9.99999999999998));
#6463=DIRECTION('',(-1.0,0.0,0.0));
#6464=DIRECTION('',(0.0,0.0,1.0));
#6465=CARTESIAN_POINT('',(100.0,75.0,-9.99999999999998));
#6466=DIRECTION('',(-1.0,0.0,0.0));
#6467=DIRECTION('',(0.0,0.0,1.0));
#6468=DIRECTION('',(0.0,2.8421709430404E-16,-1.0));
#6469=CARTESIAN_POINT('',(100.0,75.0000000000001,-90.0));
#6470=DIRECTION('',(-1.0,0.0,0.0));
#6471=DIRECTION('',(0.0,0.0,1.0));
#6472=DIRECTION('',(0.0,1.0,-0.0));
#6473=DIRECTION('',(0.0,0.0,1.0));
#6474=DIRECTION('',(0.0,1.0,0.0));
#6475=DIRECTION('',(0.0,0.0,1.0));
#6476=DIRECTION('',(0.0,1.0,-0.0));
#6477=CARTESIAN_POINT('',(100.0,75.0000000000001,-90.0));
#6478=DIRECTION('',(-1.0,0.0,0.0));
#6479=DIRECTION('',(0.0,0.0,1.0));
#6480=DIRECTION('',(0.0,-1.0,0.0));
#6481=CARTESIAN_POINT('',(61.0,74.0,-8.67361737988404E-16));
#6482=DIRECTION('',(-6.12323399573673E-18,0.0,-1.0));
#6483=DIRECTION('',(-1.0,0.0,6.12323399573673E-18));
#6484=DIRECTION('',(-1.0,0.0,0.0));
#6485=CARTESIAN_POINT('',(85.0,74.0,-8.67361737988404E-16));
#6486=DIRECTION('',(-6.12323399573673E-18,0.0,-1.0));
#6487=DIRECTION('',(-1.0,0.0,6.12323399573673E-18));
#6488=DIRECTION('',(0.0,1.0,0.0));
#6489=CARTESIAN_POINT('',(85.0,67.0,-8.67361737988404E-16));
#6490=DIRECTION('',(-6.12323399573673E-18,0.0,-1.0));
#6491=DIRECTION('',(-1.0,0.0,6.12323399573673E-18));
#6492=DIRECTION('',(1.0,0.0,0.0));
#6493=CARTESIAN_POINT('',(61.0,67.0,-8.67361737988404E-16));
#6494=DIRECTION('',(-6.12323399573673E-18,0.0,-1.0));
#6495=DIRECTION('',(-1.0,0.0,6.12323399573673E-18));
#6496=CARTESIAN_POINT('',(10.0,75.0,0.0));
#6497=DIRECTION('',(0.0,0.0,1.0));
#6498=DIRECTION('',(1.0,0.0,0.0));
#6499=CARTESIAN_POINT('',(90.0,75.0,0.0));
#6500=DIRECTION('',(0.0,0.0,1.0));
#6501=DIRECTION('',(1.0,0.0,0.0));
#6502=CARTESIAN_POINT('',(97.5,-6.07153216591882E-15,-5.97015314584331E-16));
#6503=DIRECTION('',(-6.12323399573673E-18,0.0,-1.0));
#6504=DIRECTION('',(-1.0,0.0,6.12323399573673E-18));
#6505=DIRECTION('',(-1.0,0.0,6.12323399573673E-18));
#6506=CARTESIAN_POINT('',(2.50000000000001,-6.07153216591882E-15,-1.53080849893417E-17));
#6507=DIRECTION('',(-6.12323399573673E-18,0.0,-1.0));
#6508=DIRECTION('',(-1.0,0.0,6.12323399573673E-18));
#6509=CARTESIAN_POINT('',(82.6131400333574,10.0,5.63785129692462E-15));
#6510=DIRECTION('',(-7.47939721852737E-17,-3.76158192263132E-33,1.0));
#6511=DIRECTION('',(0.970742855781353,0.240121444168285,7.26057141543637E-17));
#6512=CARTESIAN_POINT('',(17.3868599666426,10.0,8.67361737988404E-16));
#6513=DIRECTION('',(-7.47939721852737E-17,-1.88079096131566E-33,1.0));
#6514=DIRECTION('',(-0.988685996664259,-0.150000000000001,-7.39477529344762E-17));
#6515=CARTESIAN_POINT('',(50.0,8.49999999999999,3.46944695195361E-15));
#6516=DIRECTION('',(7.47939721852737E-17,0.0,-1.0));
#6517=DIRECTION('',(-1.0,4.17966315153E-17,-7.47939721852737E-17));
#6518=CARTESIAN_POINT('',(95.0,-6.07153216591882E-15,-95.0));
#6519=DIRECTION('',(0.0,1.0,0.0));
#6520=DIRECTION('',(0.0,-0.0,1.0));
#6521=CARTESIAN_POINT('',(95.0,90.0,-95.0));
#6522=DIRECTION('',(0.0,1.0,0.0));
#6523=DIRECTION('',(0.0,-0.0,1.0));
#6524=CARTESIAN_POINT('',(4.99999999999998,-6.07153216591882E-15,-95.0));
#6525=DIRECTION('',(0.0,1.0,0.0));
#6526=DIRECTION('',(0.0,-0.0,1.0));
#6527=CARTESIAN_POINT('',(4.99999999999998,90.0,-95.0));
#6528=DIRECTION('',(0.0,1.0,0.0));
#6529=DIRECTION('',(0.0,-0.0,1.0));
#6530=CARTESIAN_POINT('',(64.5,0.0,-19.8));
#6531=DIRECTION('',(2.29207334116161E-16,-0.0,1.0));
#6532=DIRECTION('',(1.0,0.0,-2.29207334116161E-16));
#6533=DIRECTION('',(-2.30695693428604E-16,0.0,-1.0));
#6534=CARTESIAN_POINT('',(64.5,0.0,-79.8));
#6535=DIRECTION('',(9.16829336464646E-16,-0.0,1.0));
#6536=DIRECTION('',(1.0,0.0,-9.16829336464645E-16));
#6537=DIRECTION('',(-2.30695693428604E-16,0.0,-1.0));
#6538=CARTESIAN_POINT('',(35.5,0.0,-79.8));
#6539=DIRECTION('',(9.16829336464646E-16,-0.0,1.0));
#6540=DIRECTION('',(1.0,0.0,-9.16829336464645E-16));
#6541=DIRECTION('',(-0.0,0.0,1.0));
#6542=CARTESIAN_POINT('',(35.5,0.0,-19.8));
#6543=DIRECTION('',(2.29207334116161E-16,-0.0,1.0));
#6544=DIRECTION('',(1.0,0.0,-2.29207334116161E-16));
#6545=DIRECTION('',(-0.0,0.0,1.0));
#6546=CARTESIAN_POINT('',(102.75,24.975,-49.9999999999994));
#6547=DIRECTION('',(1.0,0.0,0.0));
#6548=DIRECTION('',(0.0,0.0,-1.0));
#6549=CARTESIAN_POINT('',(-2.75000000000002,24.975,-49.9999999999994));
#6550=DIRECTION('',(-1.0,0.0,3.25805567024123E-16));
#6551=DIRECTION('',(3.25805567024123E-16,0.0,1.0));
#6552=CARTESIAN_POINT('',(0.499999999999984,24.975,-49.9999999999994));
#6553=DIRECTION('',(-1.0,0.0,3.25805567024123E-16));
#6554=DIRECTION('',(3.25805567024123E-16,0.0,1.0));
#6555=CARTESIAN_POINT('',(0.999999999999984,24.975,-49.9999999999994));
#6556=DIRECTION('',(-1.0,0.0,3.25805567024123E-16));
#6557=DIRECTION('',(3.25805567024123E-16,0.0,1.0));
#6558=CARTESIAN_POINT('',(99.5,24.975,-49.9999999999994));
#6559=DIRECTION('',(1.0,0.0,0.0));
#6560=DIRECTION('',(0.0,0.0,-1.0));
#6561=CARTESIAN_POINT('',(99.0,24.975,-49.9999999999994));
#6562=DIRECTION('',(1.0,0.0,0.0));
#6563=DIRECTION('',(0.0,0.0,-1.0));
#6564=DIRECTION('',(-0.132163720091019,0.991227900682635,5.58982398133564E-16));
#6565=DIRECTION('',(-1.06448349926604E-15,6.12323399573677E-17,-1.0));
#6566=DIRECTION('',(0.132163720091019,-0.991227900682635,4.19391084022209E-15));
#6567=DIRECTION('',(1.06448349926604E-15,-6.12323399573677E-17,1.0));
#6568=DIRECTION('',(0.132163720091019,0.991227900682635,-9.40989822788355E-16));
#6569=DIRECTION('',(2.12896699853208E-15,6.12323399573677E-17,-1.0));
#6570=DIRECTION('',(-0.132163720091019,-0.991227900682635,-1.47103387174957E-14));
#6571=DIRECTION('',(-2.12896699853208E-15,-6.12323399573677E-17,1.0));
#6572=CARTESIAN_POINT('',(12.0,0.5,-18.0));
#6573=DIRECTION('',(0.707106781186547,0.0,-0.707106781186548));
#6574=DIRECTION('',(0.707106781186548,0.0,0.707106781186547));
#6575=CARTESIAN_POINT('',(12.0,0.5,-12.5));
#6576=DIRECTION('',(0.0,0.0,1.0));
#6577=DIRECTION('',(1.0,0.0,-0.0));
#6578=DIRECTION('',(0.0,-0.0,1.0));
#6579=CARTESIAN_POINT('',(23.0,0.5,-18.0));
#6580=DIRECTION('',(0.707106781186548,0.0,0.707106781186547));
#6581=DIRECTION('',(0.707106781186547,0.0,-0.707106781186548));
#6582=DIRECTION('',(-1.0,0.0,1.77635683940025E-16));
#6583=CARTESIAN_POINT('',(23.0,0.5,-12.5));
#6584=DIRECTION('',(0.0,0.0,1.0));
#6585=DIRECTION('',(1.0,0.0,-0.0));
#6586=DIRECTION('',(-0.0,0.0,1.0));
#6587=CARTESIAN_POINT('',(17.5,12.0,-7.49999999999999));
#6588=DIRECTION('',(-1.77635683940025E-16,1.50463276905253E-32,-1.0));
#6589=DIRECTION('',(0.5,-0.866025403784439,-8.88178419700125E-17));
#6590=DIRECTION('',(0.0,1.0,-0.0));
#6591=DIRECTION('',(0.0,1.0,-0.0));
#6592=DIRECTION('',(0.0,1.0,0.0));
#6593=DIRECTION('',(0.0,1.0,0.0));
#6594=DIRECTION('',(0.0,1.0,0.0));
#6595=DIRECTION('',(0.0,1.0,0.0));
#6596=DIRECTION('',(0.0,1.0,0.0));
#6597=DIRECTION('',(0.0,1.0,0.0));
#6598=DIRECTION('',(0.0,1.0,0.0));
#6599=DIRECTION('',(0.0,1.0,-0.0));
#6600=DIRECTION('',(0.0,1.0,0.0));
#6601=DIRECTION('',(7.47939721852737E-17,0.0,-1.0));
#6602=DIRECTION('',(7.47939721852737E-17,0.0,-1.0));
#6603=DIRECTION('',(1.0,2.30859806756696E-31,-3.77022676117603E-15));
#6604=DIRECTION('',(1.99590656112388E-15,-6.12323399573677E-17,1.0));
#6605=DIRECTION('',(1.0,-1.98894602744231E-30,3.24819536347474E-14));
#6606=DIRECTION('',(-0.0,-1.0,-6.12323399573677E-17));
#6607=DIRECTION('',(1.99590656112388E-15,-6.12323399573677E-17,1.0));
#6608=DIRECTION('',(-0.0,-1.0,-6.12323399573677E-17));
#6609=DIRECTION('',(1.99590656112388E-15,-6.12323399573677E-17,1.0));
#6610=DIRECTION('',(-1.0,-1.93567068742153E-30,3.16119013052453E-14));
#6611=DIRECTION('',(-2.12896699853214E-15,-6.12323399573677E-17,1.0));
#6612=DIRECTION('',(-1.0,2.6637670010388E-31,-4.35026164751081E-15));
#6613=DIRECTION('',(-0.0,-1.0,-6.12323399573677E-17));
#6614=DIRECTION('',(-2.12896699853214E-15,-6.12323399573677E-17,1.0));
#6615=DIRECTION('',(-0.0,-1.0,-6.12323399573677E-17));
#6616=DIRECTION('',(-2.12896699853214E-15,-6.12323399573677E-17,1.0));
#6617=DIRECTION('',(-1.0,-1.93567068742153E-30,3.16119013052453E-14));
#6618=DIRECTION('',(-1.0,2.6637670010388E-31,-4.35026164751081E-15));
#6619=DIRECTION('',(-2.12896699853208E-15,-6.12323399573677E-17,1.0));
#6620=DIRECTION('',(1.0,2.30859806756696E-31,-3.77022676117603E-15));
#6621=DIRECTION('',(1.0,-1.98894602744231E-30,3.24819536347474E-14));
#6622=DIRECTION('',(1.06448349926604E-15,-6.12323399573677E-17,1.0));
#6623=CARTESIAN_POINT('',(99.0,24.975,-49.9999999999994));
#6624=DIRECTION('',(1.0,0.0,0.0));
#6625=DIRECTION('',(0.0,0.0,-1.0));
#6626=CARTESIAN_POINT('',(102.75,24.975,-49.9999999999994));
#6627=DIRECTION('',(1.0,0.0,0.0));
#6628=DIRECTION('',(0.0,0.0,-1.0));
#6629=CARTESIAN_POINT('',(0.999999999999987,24.975,-49.9999999999994));
#6630=DIRECTION('',(-1.0,0.0,3.25805567024123E-16));
#6631=DIRECTION('',(3.25805567024123E-16,0.0,1.0));
#6632=CARTESIAN_POINT('',(-2.75000000000002,24.975,-49.9999999999994));
#6633=DIRECTION('',(-1.0,0.0,3.25805567024123E-16));
#6634=DIRECTION('',(3.25805567024123E-16,0.0,1.0));
#6635=CARTESIAN_POINT('',(97.5,24.975,-49.9999999999994));
#6636=DIRECTION('',(1.0,-9.15961986322115E-33,1.49587944370547E-16));
#6637=DIRECTION('',(1.49587944370547E-16,0.0,-1.0));
#6638=DIRECTION('',(0.0,6.12323399573677E-17,-1.0));
#6639=DIRECTION('',(-1.0,-5.11861110003539E-32,8.35932630306006E-16));
#6640=DIRECTION('',(5.60033683357714E-15,-6.12323399573677E-17,1.0));
#6641=DIRECTION('',(-1.0,-5.98877498704134E-30,9.78041177458016E-14));
#6642=DIRECTION('',(0.0,6.12323399573677E-17,-1.0));
#6643=DIRECTION('',(-1.0,-5.98877498704134E-30,9.78041177458016E-14));
#6644=DIRECTION('',(5.60033683357714E-15,-6.12323399573677E-17,1.0));
#6645=DIRECTION('',(-1.0,-5.11861110003539E-32,8.35932630306006E-16));
#6646=DIRECTION('',(0.0,6.12323399573677E-17,-1.0));
#6647=DIRECTION('',(1.0,-5.98877498704133E-30,9.78041177458015E-14));
#6648=DIRECTION('',(-2.80016841678857E-15,-6.12323399573677E-17,1.0));
#6649=DIRECTION('',(1.0,-2.91760832702014E-30,4.76481599274418E-14));
#6650=DIRECTION('',(0.0,6.12323399573677E-17,-1.0));
#6651=DIRECTION('',(1.0,-2.91760832702014E-30,4.76481599274418E-14));
#6652=DIRECTION('',(-2.80016841678857E-15,-6.12323399573677E-17,1.0));
#6653=DIRECTION('',(1.0,-5.98877498704133E-30,9.78041177458015E-14));
#6654=DIRECTION('',(-1.0,2.11325515415746E-30,-3.45120757369192E-14));
#6655=DIRECTION('',(-5.60033683357714E-15,6.12323399573677E-17,-1.0));
#6656=DIRECTION('',(1.0,5.32753400207763E-32,-8.70052329502165E-16));
#6657=DIRECTION('',(2.10012631259109E-14,-6.12323399573677E-17,1.0));
#6658=CARTESIAN_POINT('',(2.49999999999995,24.975,-49.9999999999994));
#6659=DIRECTION('',(-1.0,-5.6675147903681E-32,9.25575405792763E-16));
#6660=DIRECTION('',(9.25575405792763E-16,0.0,1.0));
#6661=DIRECTION('',(-9.25575405792763E-16,6.12323399573677E-17,-1.0));
#6662=DIRECTION('',(-0.0,-1.0,-6.12323399573677E-17));
#6663=DIRECTION('',(-9.25575405792763E-16,6.12323399573677E-17,-1.0));
#6664=DIRECTION('',(-0.0,-1.0,-6.12323399573677E-17));
#6665=DIRECTION('',(1.0,5.32753400207763E-32,-8.70052329502165E-16));
#6666=DIRECTION('',(-0.0,-1.0,-6.12323399573677E-17));
#6667=DIRECTION('',(1.0,5.32753400207763E-32,-8.70052329502165E-16));
#6668=DIRECTION('',(-1.0,2.11325515415746E-30,-3.45120757369192E-14));
#6669=DIRECTION('',(-0.0,-1.0,-6.12323399573677E-17));
#6670=DIRECTION('',(-0.0,-1.0,-6.12323399573677E-17));
#6671=DIRECTION('',(-0.0,-1.0,-6.12323399573677E-17));
#6672=DIRECTION('',(-0.0,-1.0,-6.12323399573677E-17));
#6673=DIRECTION('',(-0.0,-1.0,-6.12323399573677E-17));
#6674=DIRECTION('',(-5.60033683357714E-15,6.12323399573677E-17,-1.0));
#6675=DIRECTION('',(-0.0,-1.0,-6.12323399573677E-17));
#6676=DIRECTION('',(0.0,-6.12323399573677E-17,1.0));
#6677=DIRECTION('',(-0.0,-1.0,-6.12323399573677E-17));
#6678=DIRECTION('',(0.0,-6.12323399573677E-17,1.0));
#6679=DIRECTION('',(-0.0,-1.0,-6.12323399573677E-17));
#6680=DIRECTION('',(0.0,-6.12323399573677E-17,1.0));
#6681=DIRECTION('',(-1.0,-2.16653049417823E-30,3.53821280664214E-14));
#6682=DIRECTION('',(-1.49587944370547E-16,-6.12323399573677E-17,1.0));
#6683=DIRECTION('',(1.0,2.07773826081027E-30,-3.39320408505844E-14));
#6684=DIRECTION('',(1.0,2.07773826081027E-30,-3.39320408505844E-14));
#6685=DIRECTION('',(-0.0,-1.0,-6.12323399573677E-17));
#6686=DIRECTION('',(1.0,2.07773826081027E-30,-3.39320408505844E-14));
#6687=DIRECTION('',(-0.0,-1.0,-6.12323399573677E-17));
#6688=DIRECTION('',(-1.0,-2.16653049417823E-30,3.53821280664214E-14));
#6689=DIRECTION('',(-0.0,-1.0,-6.12323399573677E-17));
#6690=DIRECTION('',(-0.0,-1.0,-6.12323399573677E-17));
#6691=DIRECTION('',(0.0,-6.12323399573677E-17,1.0));
#6692=DIRECTION('',(-0.0,-1.0,-6.12323399573677E-17));
#6693=DIRECTION('',(-0.0,-1.0,-6.12323399573677E-17));
#6694=DIRECTION('',(-0.0,-1.0,-6.12323399573677E-17));
#6695=DIRECTION('',(-0.0,-1.0,-6.12323399573677E-17));
#6696=DIRECTION('',(-0.0,-1.0,-6.12323399573677E-17));
#6697=DIRECTION('',(2.80016841678857E-15,6.12323399573677E-17,-1.0));
#6698=DIRECTION('',(2.80016841678857E-15,6.12323399573677E-17,-1.0));
#6699=DIRECTION('',(-0.0,-1.0,-6.12323399573677E-17));
#6700=DIRECTION('',(-1.49587944370547E-16,-6.12323399573677E-17,1.0));
#6701=DIRECTION('',(-0.0,-1.0,-6.12323399573677E-17));
#6702=DIRECTION('',(1.0,2.07773826081027E-30,-3.39320408505844E-14));
#6703=DIRECTION('',(-1.0,-1.93567068742153E-30,3.16119013052453E-14));
#6704=DIRECTION('',(-1.0,2.6637670010388E-31,-4.35026164751081E-15));
#6705=DIRECTION('',(-5.60033683357807E-15,-6.12323399573677E-17,1.0));
#6706=DIRECTION('',(-5.60033683357807E-15,-6.12323399573677E-17,1.0));
#6707=DIRECTION('',(-0.0,-1.0,-6.12323399573677E-17));
#6708=DIRECTION('',(-0.0,-1.0,-6.12323399573677E-17));
#6709=DIRECTION('',(-5.60033683357807E-15,-6.12323399573677E-17,1.0));
#6710=DIRECTION('',(-0.0,-1.0,-6.12323399573677E-17));
#6711=DIRECTION('',(-5.60033683357807E-15,-6.12323399573677E-17,1.0));
#6712=DIRECTION('',(1.0,-1.97118758076872E-30,3.21919361915801E-14));
#6713=DIRECTION('',(1.99590656112388E-15,-6.12323399573677E-17,1.0));
#6714=DIRECTION('',(1.0,2.30859806756696E-31,-3.77022676117603E-15));
#6715=DIRECTION('',(-0.0,-1.0,-6.12323399573677E-17));
#6716=DIRECTION('',(-3.33066907387363E-14,-6.12323399573677E-17,1.0));
#6717=DIRECTION('',(-0.0,-1.0,-6.12323399573677E-17));
#6718=DIRECTION('',(-3.33066907387363E-14,-6.12323399573677E-17,1.0));
#6719=DIRECTION('',(-0.0,-1.0,-6.12323399573677E-17));
#6720=DIRECTION('',(-3.33066907387363E-14,-6.12323399573677E-17,1.0));
#6721=DIRECTION('',(-1.0,-4.64087406403205E-31,7.5791225147744E-15));
#6722=DIRECTION('',(-0.0,-6.12323399573677E-17,1.0));
#6723=DIRECTION('',(1.0,-6.78727831864685E-30,1.10844666778575E-13));
#6724=DIRECTION('',(2.23441111874245E-16,-6.12323399573677E-17,1.0));
#6725=CARTESIAN_POINT('',(92.5,37.65,-56.6750000000001));
#6726=DIRECTION('',(-7.5791225147744E-15,6.12323399573677E-17,-1.0));
#6727=DIRECTION('',(-1.0,0.0,7.5791225147744E-15));
#6728=CARTESIAN_POINT('',(92.5,35.15,-56.6750000000001));
#6729=DIRECTION('',(-7.5791225147744E-15,6.12323399573677E-17,-1.0));
#6730=DIRECTION('',(-1.0,0.0,7.5791225147744E-15));
#6731=DIRECTION('',(-1.0,2.6637670010388E-31,-4.35026164751081E-15));
#6732=CARTESIAN_POINT('',(95.0,13.9,-56.6750000000001));
#6733=DIRECTION('',(-7.5791225147744E-15,6.12323399573677E-17,-1.0));
#6734=DIRECTION('',(-1.0,0.0,7.5791225147744E-15));
#6735=CARTESIAN_POINT('',(70.0,13.9,-56.6749999999999));
#6736=DIRECTION('',(-7.5791225147744E-15,6.12323399573677E-17,-1.0));
#6737=DIRECTION('',(-1.0,0.0,7.5791225147744E-15));
#6738=DIRECTION('',(1.3681822122736E-32,1.0,6.12323399573677E-17));
#6739=DIRECTION('',(-1.0,-4.64087406403205E-31,7.5791225147744E-15));
#6740=CARTESIAN_POINT('',(89.5,40.15,-56.6750000000001));
#6741=DIRECTION('',(-7.5791225147744E-15,6.12323399573677E-17,-1.0));
#6742=DIRECTION('',(-1.0,0.0,7.5791225147744E-15));
#6743=CARTESIAN_POINT('',(89.5,40.15,-43.3249999999973));
#6744=DIRECTION('',(-1.10844666778575E-13,-6.12323399573677E-17,1.0));
#6745=DIRECTION('',(1.0,0.0,1.10844666778575E-13));
#6746=DIRECTION('',(1.0,-6.78727831864685E-30,1.10844666778575E-13));
#6747=DIRECTION('',(-1.3681822122736E-32,-1.0,-6.12323399573677E-17));
#6748=CARTESIAN_POINT('',(70.0,13.9,-43.3249999999995));
#6749=DIRECTION('',(-1.10844666778575E-13,-6.12323399573677E-17,1.0));
#6750=DIRECTION('',(1.0,0.0,1.10844666778575E-13));
#6751=CARTESIAN_POINT('',(95.0,13.9,-43.3249999999967));
#6752=DIRECTION('',(-1.10844666778575E-13,-6.12323399573677E-17,1.0));
#6753=DIRECTION('',(1.0,0.0,1.10844666778575E-13));
#6754=DIRECTION('',(-1.0,-1.93567068742153E-30,3.16119013052453E-14));
#6755=CARTESIAN_POINT('',(92.5,35.15,-43.324999999997));
#6756=DIRECTION('',(-1.10844666778575E-13,-6.12323399573677E-17,1.0));
#6757=DIRECTION('',(1.0,0.0,1.10844666778575E-13));
#6758=CARTESIAN_POINT('',(92.5,37.65,-43.324999999997));
#6759=DIRECTION('',(-1.10844666778575E-13,-6.12323399573677E-17,1.0));
#6760=DIRECTION('',(1.0,0.0,1.10844666778575E-13));
#6761=DIRECTION('',(1.0,-1.97118758076872E-30,3.21919361915801E-14));
#6762=DIRECTION('',(-3.27223628310573E-16,6.12323399573677E-17,-1.0));
#6763=DIRECTION('',(1.0,2.30859806756696E-31,-3.77022676117603E-15));
#6764=DIRECTION('',(-3.35161667811368E-16,6.12323399573677E-17,-1.0));
#6765=CARTESIAN_POINT('',(10.4999999999999,40.15,-56.6749999999999));
#6766=DIRECTION('',(3.77022676117603E-15,-6.12323399573677E-17,1.0));
#6767=DIRECTION('',(1.0,0.0,-3.77022676117603E-15));
#6768=DIRECTION('',(1.0,2.30859806756696E-31,-3.77022676117603E-15));
#6769=DIRECTION('',(1.0,2.30859806756696E-31,-3.77022676117603E-15));
#6770=DIRECTION('',(2.0522733184104E-32,1.0,6.12323399573677E-17));
#6771=CARTESIAN_POINT('',(30.0,13.9,-56.675));
#6772=DIRECTION('',(3.77022676117603E-15,-6.12323399573677E-17,1.0));
#6773=DIRECTION('',(1.0,0.0,-3.77022676117603E-15));
#6774=CARTESIAN_POINT('',(4.99999999999997,13.9,-56.6749999999999));
#6775=DIRECTION('',(3.77022676117603E-15,-6.12323399573677E-17,1.0));
#6776=DIRECTION('',(1.0,0.0,-3.77022676117603E-15));
#6777=CARTESIAN_POINT('',(7.49999999999994,35.15,-56.6749999999999));
#6778=DIRECTION('',(3.77022676117603E-15,-6.12323399573677E-17,1.0));
#6779=DIRECTION('',(1.0,0.0,-3.77022676117603E-15));
#6780=CARTESIAN_POINT('',(7.49999999999994,37.65,-56.6749999999999));
#6781=DIRECTION('',(3.77022676117603E-15,-6.12323399573677E-17,1.0));
#6782=DIRECTION('',(1.0,0.0,-3.77022676117603E-15));
#6783=CARTESIAN_POINT('',(7.49999999999996,37.65,-43.3249999999998));
#6784=DIRECTION('',(-3.21919361915801E-14,-6.12323399573677E-17,1.0));
#6785=DIRECTION('',(1.0,0.0,3.21919361915801E-14));
#6786=CARTESIAN_POINT('',(7.49999999999996,35.15,-43.3249999999998));
#6787=DIRECTION('',(-3.21919361915801E-14,-6.12323399573677E-17,1.0));
#6788=DIRECTION('',(1.0,0.0,3.21919361915801E-14));
#6789=CARTESIAN_POINT('',(4.99999999999998,13.9,-43.3249999999998));
#6790=DIRECTION('',(-3.21919361915801E-14,-6.12323399573677E-17,1.0));
#6791=DIRECTION('',(1.0,0.0,3.21919361915801E-14));
#6792=CARTESIAN_POINT('',(30.0,13.9,-43.324999999999));
#6793=DIRECTION('',(-3.21919361915801E-14,-6.12323399573677E-17,1.0));
#6794=DIRECTION('',(1.0,0.0,3.21919361915801E-14));
#6795=DIRECTION('',(2.0522733184104E-32,1.0,6.12323399573677E-17));
#6796=DIRECTION('',(1.0,-1.97118758076872E-30,3.21919361915801E-14));
#6797=DIRECTION('',(1.0,-1.97118758076872E-30,3.21919361915801E-14));
#6798=CARTESIAN_POINT('',(10.5,40.15,-43.3249999999997));
#6799=DIRECTION('',(-3.21919361915801E-14,-6.12323399573677E-17,1.0));
#6800=DIRECTION('',(1.0,0.0,3.21919361915801E-14));
#6801=DIRECTION('',(1.0,0.0,0.0));
#6802=DIRECTION('',(-1.0,0.0,0.0));
#6803=DIRECTION('',(-1.0,0.0,3.04518315325757E-16));
#6804=DIRECTION('',(-2.30695693428604E-16,0.0,-1.0));
#6805=DIRECTION('',(-1.0,0.0,2.29207334116161E-16));
#6806=DIRECTION('',(0.0,0.0,1.0));
#6807=DIRECTION('',(-0.0,-1.0,-0.0));
#6808=DIRECTION('',(-0.0,-1.0,-0.0));
#6809=DIRECTION('',(-1.0,2.11325515415746E-30,-3.45120757369192E-14));
#6810=DIRECTION('',(-0.0,-1.0,-0.0));
#6811=DIRECTION('',(1.0,2.48618253430288E-32,-4.06024420434342E-16));
#6812=DIRECTION('',(-0.0,-1.0,-0.0));
#6813=CARTESIAN_POINT('',(70.0,2.5,-81.8));
#6814=DIRECTION('',(-4.06024420434342E-16,0.0,-1.0));
#6815=DIRECTION('',(-1.0,0.0,4.06024420434342E-16));
#6816=CARTESIAN_POINT('',(29.9999999999999,2.5,-81.8));
#6817=DIRECTION('',(-4.06024420434342E-16,0.0,-1.0));
#6818=DIRECTION('',(-1.0,0.0,4.06024420434342E-16));
#6819=DIRECTION('',(-3.35161667811368E-16,6.12323399573677E-17,-1.0));
#6820=DIRECTION('',(-3.35161667811368E-16,6.12323399573677E-17,-1.0));
#6821=DIRECTION('',(-3.35161667811368E-16,0.0,-1.0));
#6822=DIRECTION('',(-0.0,-1.0,-0.0));
#6823=DIRECTION('',(-3.35161667811368E-16,6.12323399573677E-17,-1.0));
#6824=DIRECTION('',(-0.0,-1.0,-0.0));
#6825=DIRECTION('',(-1.0,-1.86463690072716E-32,3.04518315325757E-16));
#6826=CARTESIAN_POINT('',(30.0,2.5,-18.2));
#6827=DIRECTION('',(3.04518315325757E-16,-0.0,1.0));
#6828=DIRECTION('',(1.0,0.0,-3.04518315325757E-16));
#6829=CARTESIAN_POINT('',(70.0,2.5,-18.2));
#6830=DIRECTION('',(3.04518315325757E-16,-0.0,1.0));
#6831=DIRECTION('',(1.0,0.0,-3.04518315325757E-16));
#6832=DIRECTION('',(-0.0,-1.0,-0.0));
#6833=DIRECTION('',(-1.0,-1.86463690072716E-32,3.04518315325757E-16));
#6834=DIRECTION('',(-0.0,-1.0,-0.0));
#6835=DIRECTION('',(0.0,-6.12323399573677E-17,1.0));
#6836=DIRECTION('',(-0.0,-1.0,-0.0));
#6837=DIRECTION('',(-0.0,-1.0,-0.0));
#6838=DIRECTION('',(-1.0,-5.6139605613291E-32,9.16829336464645E-16));
#6839=DIRECTION('',(-2.30695693428604E-16,6.12323399573677E-17,-1.0));
#6840=DIRECTION('',(2.23441111874245E-16,-6.12323399573677E-17,1.0));
#6841=DIRECTION('',(2.23441111874245E-16,-6.12323399573677E-17,1.0));
#6842=DIRECTION('',(2.23441111874245E-16,0.0,1.0));
#6843=DIRECTION('',(2.23441111874245E-16,-6.12323399573677E-17,1.0));
#6844=DIRECTION('',(1.0,0.0,0.0));
#6845=CARTESIAN_POINT('',(95.0,90.0,-95.0));
#6846=DIRECTION('',(0.0,1.0,0.0));
#6847=DIRECTION('',(0.0,-0.0,1.0));
#6848=CARTESIAN_POINT('',(4.99999999999996,90.0,-95.0));
#6849=DIRECTION('',(0.0,1.0,0.0));
#6850=DIRECTION('',(0.0,-0.0,1.0));
#6851=CARTESIAN_POINT('',(50.0,-1.50000000000001,-8.49999999999999));
#6852=DIRECTION('',(0.0,-1.0,0.0));
#6853=DIRECTION('',(1.0,0.0,0.0));
#6854=CARTESIAN_POINT('',(97.5,-6.07153216591882E-15,-95.0));
#6855=DIRECTION('',(-0.0,0.0,1.0));
#6856=DIRECTION('',(1.0,0.0,0.0));
#6857=DIRECTION('',(-1.0,-6.63234669974093E-33,1.08314441426845E-16));
#6858=CARTESIAN_POINT('',(2.49999999999999,62.5,-2.49999999999999));
#6859=DIRECTION('',(0.0,-1.0,-6.12323399573677E-17));
#6860=DIRECTION('',(-1.06581410364015E-16,6.12323399573677E-17,-1.0));
#6861=DIRECTION('',(-1.0,-6.63234669974093E-33,1.08314441426845E-16));
#6862=DIRECTION('',(-0.0,-1.0,-6.12323399573677E-17));
#6863=CARTESIAN_POINT('',(2.49999999999999,62.5,-2.49999999999999));
#6864=DIRECTION('',(0.0,-1.0,-6.12323399573677E-17));
#6865=DIRECTION('',(-1.06581410364015E-16,6.12323399573677E-17,-1.0));
#6866=DIRECTION('',(-1.71215117050627E-16,6.12323399573677E-17,-1.0));
#6867=CARTESIAN_POINT('',(2.49999999999999,62.5,-2.49999999999999));
#6868=DIRECTION('',(0.0,-1.0,-6.12323399573677E-17));
#6869=DIRECTION('',(-1.11022302462516E-16,6.12323399573677E-17,-1.0));
#6870=DIRECTION('',(-1.71215117050627E-16,6.12323399573677E-17,-1.0));
#6871=DIRECTION('',(-0.0,-1.0,-6.12323399573677E-17));
#6872=DIRECTION('',(-0.0,-1.0,-6.12323399573677E-17));
#6873=DIRECTION('',(0.0,-6.12323399573677E-17,1.0));
#6874=DIRECTION('',(0.0,-6.12323399573677E-17,1.0));
#6875=DIRECTION('',(1.0,1.83192397264423E-32,-2.99175888741095E-16));
#6876=CARTESIAN_POINT('',(97.5,62.5,-97.5));
#6877=DIRECTION('',(0.0,1.0,6.12323399573677E-17));
#6878=DIRECTION('',(-1.0,1.30524583050902E-31,-2.1316282072803E-15));
#6879=DIRECTION('',(1.0,2.1223509439171E-32,-3.46606212565903E-16));
#6880=DIRECTION('',(1.0,2.1223509439171E-32,-3.46606212565903E-16));
#6881=DIRECTION('',(-0.0,-1.0,-6.12323399573677E-17));
#6882=DIRECTION('',(1.0,1.83192397264423E-32,-2.99175888741095E-16));
#6883=DIRECTION('',(1.0,0.0,0.0));
#6884=CARTESIAN_POINT('',(2.49999999999996,62.5,-97.5));
#6885=DIRECTION('',(-2.6727647100922E-47,1.0,6.12323399573677E-17));
#6886=DIRECTION('',(1.90958360235527E-15,-6.12323399573677E-17,1.0));
#6887=DIRECTION('',(1.0,0.0,0.0));
#6888=DIRECTION('',(-0.0,-1.0,-6.12323399573677E-17));
#6889=DIRECTION('',(-1.71215117050627E-16,6.12323399573677E-17,-1.0));
#6890=CARTESIAN_POINT('',(2.49999999999996,62.5,-97.5));
#6891=DIRECTION('',(-2.6727647100922E-47,1.0,6.12323399573677E-17));
#6892=DIRECTION('',(1.90958360235527E-15,-6.12323399573677E-17,1.0));
#6893=DIRECTION('',(-1.71215117050627E-16,6.12323399573677E-17,-1.0));
#6894=DIRECTION('',(-0.0,-1.0,-6.12323399573677E-17));
#6895=DIRECTION('',(3.42430234101253E-16,-6.12323399573677E-17,1.0));
#6896=DIRECTION('',(3.42430234101253E-16,-6.12323399573677E-17,1.0));
#6897=DIRECTION('',(-1.0,-6.63234669974093E-33,1.08314441426845E-16));
#6898=CARTESIAN_POINT('',(97.5,62.5,-2.49999999999998));
#6899=DIRECTION('',(0.0,-1.0,-6.12323399573677E-17));
#6900=DIRECTION('',(-1.0,5.43852429378756E-33,-8.88178419700125E-17));
#6901=DIRECTION('',(-1.0,-6.63234669974093E-33,1.08314441426845E-16));
#6902=DIRECTION('',(-0.0,-1.0,-6.12323399573677E-17));
#6903=CARTESIAN_POINT('',(2.49999999999999,52.5,-2.49999999999999));
#6904=DIRECTION('',(0.0,-1.0,-6.12323399573677E-17));
#6905=DIRECTION('',(-1.06581410364015E-16,6.12323399573677E-17,-1.0));
#6906=DIRECTION('',(-3.27223628310573E-16,6.12323399573677E-17,-1.0));
#6907=CARTESIAN_POINT('',(2.49999999999999,52.5,-2.49999999999999));
#6908=DIRECTION('',(0.0,-1.0,-6.12323399573677E-17));
#6909=DIRECTION('',(-1.11022302462516E-16,6.12323399573677E-17,-1.0));
#6910=CARTESIAN_POINT('',(2.49999999999996,52.5,-97.5));
#6911=DIRECTION('',(-2.6727647100922E-47,1.0,6.12323399573677E-17));
#6912=DIRECTION('',(1.90958360235527E-15,-6.12323399573677E-17,1.0));
#6913=DIRECTION('',(-3.27223628310573E-16,6.12323399573677E-17,-1.0));
#6914=CARTESIAN_POINT('',(2.49999999999996,52.5,-97.5));
#6915=DIRECTION('',(-2.6727647100922E-47,1.0,6.12323399573677E-17));
#6916=DIRECTION('',(1.90958360235527E-15,-6.12323399573677E-17,1.0));
#6917=CARTESIAN_POINT('',(97.5,52.5,-97.5));
#6918=DIRECTION('',(0.0,1.0,6.12323399573677E-17));
#6919=DIRECTION('',(-1.0,1.30524583050902E-31,-2.1316282072803E-15));
#6920=DIRECTION('',(-1.0,4.57980993161058E-33,-7.47939721852737E-17));
#6921=CARTESIAN_POINT('',(97.5,52.5,-2.49999999999998));
#6922=DIRECTION('',(0.0,-1.0,-6.12323399573677E-17));
#6923=DIRECTION('',(-1.0,5.43852429378756E-33,-8.88178419700125E-17));
#6924=DIRECTION('',(-1.0,-6.63234669974093E-33,1.08314441426845E-16));
#6925=DIRECTION('',(-1.0,-6.63234669974093E-33,1.08314441426845E-16));
#6926=CARTESIAN_POINT('',(2.49999999999999,55.0,-2.49999999999999));
#6927=DIRECTION('',(0.0,-1.0,-6.12323399573677E-17));
#6928=DIRECTION('',(-1.06581410364015E-16,6.12323399573677E-17,-1.0));
#6929=CARTESIAN_POINT('',(10.0,75.0,-97.5));
#6930=DIRECTION('',(0.0,0.0,-1.0));
#6931=DIRECTION('',(-1.0,0.0,0.0));
#6932=CARTESIAN_POINT('',(90.0,75.0,-97.5));
#6933=DIRECTION('',(0.0,0.0,-1.0));
#6934=DIRECTION('',(-1.0,0.0,0.0));
#6935=DIRECTION('',(0.0,1.0,6.12323399573677E-17));
#6936=DIRECTION('',(1.0,-0.0,0.0));
#6937=DIRECTION('',(0.0,-1.0,0.0));
#6938=DIRECTION('',(0.0,-1.0,0.0));
#6939=DIRECTION('',(0.0,1.0,6.12323399573677E-17));
#6940=CARTESIAN_POINT('',(2.49999999999998,-6.07153216591882E-15,-95.0));
#6941=DIRECTION('',(-0.0,0.0,-1.0));
#6942=DIRECTION('',(-1.0,0.0,0.0));
#6943=CARTESIAN_POINT('',(4.99999999999998,-6.07153216591882E-15,-97.5));
#6944=DIRECTION('',(1.0,0.0,0.0));
#6945=DIRECTION('',(0.0,0.0,-1.0));
#6946=DIRECTION('',(1.0,0.0,0.0));
#6947=DIRECTION('',(1.0,0.0,0.0));
#6948=DIRECTION('',(1.0,0.0,0.0));
#6949=DIRECTION('',(1.0,0.0,0.0));
#6950=DIRECTION('',(1.0,0.0,-0.0));
#6951=DIRECTION('',(1.0,0.0,0.0));
#6952=DIRECTION('',(1.0,0.0,0.0));
#6953=DIRECTION('',(1.0,0.0,0.0));
#6954=DIRECTION('',(1.0,0.0,0.0));
#6955=DIRECTION('',(1.0,0.0,0.0));
#6956=DIRECTION('',(1.0,0.0,-0.0));
#6957=DIRECTION('',(1.0,0.0,0.0));
#6958=DIRECTION('',(0.0,-0.0,1.0));
#6959=DIRECTION('',(0.0,0.0,1.0));
#6960=DIRECTION('',(0.0,0.0,1.0));
#6961=DIRECTION('',(-0.0,0.0,1.0));
#6962=DIRECTION('',(-0.0,0.0,1.0));
#6963=DIRECTION('',(-0.0,0.0,1.0));
#6964=DIRECTION('',(-0.0,0.0,1.0));
#6965=DIRECTION('',(0.0,-0.0,1.0));
#6966=CARTESIAN_POINT('',(50.0,-1.50000000000001,-91.5));
#6967=DIRECTION('',(0.0,-1.0,0.0));
#6968=DIRECTION('',(1.0,0.0,0.0));
#6969=CARTESIAN_POINT('',(95.0,-6.07153216591882E-15,-97.5));
#6970=DIRECTION('',(1.0,0.0,0.0));
#6971=DIRECTION('',(0.0,0.0,-1.0));
#6972=DIRECTION('',(-2.12896699853214E-15,-6.12323399573677E-17,1.0));
#6973=CARTESIAN_POINT('',(95.0,2.5,-95.0));
#6974=DIRECTION('',(-0.0,0.0,1.0));
#6975=DIRECTION('',(1.0,0.0,0.0));
#6976=CARTESIAN_POINT('',(4.99999999999996,2.5,-95.0));
#6977=DIRECTION('',(0.0,0.0,1.0));
#6978=DIRECTION('',(1.0,0.0,-0.0));
#6979=CARTESIAN_POINT('',(4.99999999999996,2.5,-95.0));
#6980=DIRECTION('',(0.0,1.0,0.0));
#6981=DIRECTION('',(0.0,-0.0,1.0));
#6982=CARTESIAN_POINT('',(4.99999999999996,2.5,-95.0));
#6983=DIRECTION('',(1.0,0.0,0.0));
#6984=DIRECTION('',(0.0,0.0,-1.0));
#6985=CARTESIAN_POINT('',(95.0,2.5,-95.0));
#6986=DIRECTION('',(-1.0,0.0,0.0));
#6987=DIRECTION('',(0.0,0.0,1.0));
#6988=CARTESIAN_POINT('',(95.0,2.5,-95.0));
#6989=DIRECTION('',(-0.0,1.0,0.0));
#6990=DIRECTION('',(0.0,-0.0,1.0));
#6991=DIRECTION('',(1.0,5.32753400207763E-32,-8.70052329502165E-16));
#6992=DIRECTION('',(-1.0,-2.16653049417823E-30,3.53821280664214E-14));
#6993=DIRECTION('',(-1.0,2.11325515415746E-30,-3.45120757369192E-14));
#6994=DIRECTION('',(-1.0,-2.16653049417823E-30,3.53821280664214E-14));
#6995=CARTESIAN_POINT('',(17.5,12.0,-17.5));
#6996=DIRECTION('',(-1.77635683940025E-16,0.0,-1.0));
#6997=DIRECTION('',(-1.0,0.0,1.77635683940025E-16));
#6998=CARTESIAN_POINT('',(17.5,12.0,-17.0));
#6999=DIRECTION('',(-1.77635683940025E-16,0.0,-1.0));
#7000=DIRECTION('',(-1.0,0.0,1.77635683940025E-16));
#7001=DIRECTION('',(0.0,1.0,6.12323399573677E-17));
#7002=DIRECTION('',(0.0,1.0,-0.0));
#7003=CARTESIAN_POINT('',(26.25,-2.00000000000001,-115.0));
#7004=DIRECTION('',(0.0,-1.0,0.0));
#7005=DIRECTION('',(0.0,0.0,-1.0));
#7006=CARTESIAN_POINT('',(26.25,-2.50000000000001,-115.0));
#7007=DIRECTION('',(0.0,-1.0,0.0));
#7008=DIRECTION('',(1.0,0.0,0.0));
#7009=CARTESIAN_POINT('',(26.25,2.99999999999999,-115.0));
#7010=DIRECTION('',(0.0,-1.0,0.0));
#7011=DIRECTION('',(0.0,0.0,-1.0));
#7012=CARTESIAN_POINT('',(73.75,-2.00000000000001,-115.0));
#7013=DIRECTION('',(0.0,-1.0,0.0));
#7014=DIRECTION('',(0.0,0.0,-1.0));
#7015=CARTESIAN_POINT('',(73.75,-2.50000000000001,-115.0));
#7016=DIRECTION('',(0.0,-1.0,0.0));
#7017=DIRECTION('',(1.0,0.0,0.0));
#7018=CARTESIAN_POINT('',(73.75,2.99999999999999,-115.0));
#7019=DIRECTION('',(0.0,-1.0,0.0));
#7020=DIRECTION('',(0.0,0.0,-1.0));
ENDSEC;
END-ISO-10303-21;
